{
  "type": "FeatureCollection",
  "crs": {
    "type": "name",
    "properties": {
      "name": "EPSG:4326"
    }
  },
  "features": [
    {
      "type": "Feature",
      "id": 1,
      "geometry": {
        "type": "Point",
        "coordinates": [
          -4.08292000000006,
          52.415303,
          0
        ]
      },
      "properties": {
        "OBJECTID": 1,
        "Name": "Aberystwyth",
        "descriptio": " ",
        "F1875DATS": 4,
        "F1875TimberImports": null,
        "FirstYear": null,
        "LastYear": null,
        "Imports": "timber, hemp, coal, culm, limestone, bricks, etc.",
        "Sources": "'Annual Statement of Trade 1875', DPCGB1877",
        "GlobalID": "1687101c-ee3f-48ea-9a25-f836276b8649",
        "CreationDate": "Wed, 26 Jun 2019 20:21:13 GMT",
        "Creator": "jim.clifford_siastgis8",
        "EditDate": "Wed, 26 Jun 2019 22:01:42 GMT",
        "Editor": ""
      }
    },
    {
      "type": "Feature",
      "id": 2,
      "geometry": {
        "type": "Point",
        "coordinates": [
          -4.06095583599865,
          51.0784564808267,
          0
        ]
      },
      "properties": {
        "OBJECTID": 2,
        "Name": "Barnstaple",
        "descriptio": " ",
        "F1875DATS": 9580,
        "F1875TimberImports": null,
        "FirstYear": null,
        "LastYear": null,
        "Imports": "timber",
        "Sources": "'Annual Statement of Trade 1875'; Timber Trades Journal 1889",
        "GlobalID": "5456dd19-a01c-44a1-a828-454ca4ddbd16",
        "CreationDate": "Wed, 26 Jun 2019 20:21:13 GMT",
        "Creator": "jim.clifford_siastgis8",
        "EditDate": "Wed, 03 Jul 2019 20:22:58 GMT",
        "Editor": "jim.clifford_siastgis8"
      }
    },
    {
      "type": "Feature",
      "id": 3,
      "geometry": {
        "type": "Point",
        "coordinates": [
          -3.21889399999998,
          54.1089670000001,
          0
        ]
      },
      "properties": {
        "OBJECTID": 3,
        "Name": "Barrow-in-Furness",
        "descriptio": " ",
        "F1875DATS": 2635,
        "F1875TimberImports": null,
        "FirstYear": null,
        "LastYear": null,
        "Imports": "no list; timber, grain,",
        "Sources": "'Annual Statement of Trade 1875', DPCGB1877",
        "GlobalID": "d8cb7aac-cb9e-4da7-b55e-ba99cdd4620d",
        "CreationDate": "Wed, 26 Jun 2019 20:21:13 GMT",
        "Creator": "jim.clifford_siastgis8",
        "EditDate": "Wed, 26 Jun 2019 21:10:38 GMT",
        "Editor": ""
      }
    },
    {
      "type": "Feature",
      "id": 4,
      "geometry": {
        "type": "Point",
        "coordinates": [
          -2.35901669999993,
          51.3810641,
          0
        ]
      },
      "properties": {
        "OBJECTID": 4,
        "Name": "Bath",
        "descriptio": " ",
        "F1875DATS": 6366,
        "F1875TimberImports": null,
        "FirstYear": null,
        "LastYear": null,
        "Imports": null,
        "Sources": "'Annual Statement of Trade 1875'",
        "GlobalID": "d07ad62e-8034-498c-8af0-416e54a2adde",
        "CreationDate": "Wed, 26 Jun 2019 20:21:13 GMT",
        "Creator": "jim.clifford_siastgis8",
        "EditDate": "Wed, 26 Jun 2019 20:21:13 GMT",
        "Editor": "jim.clifford_siastgis8"
      }
    },
    {
      "type": "Feature",
      "id": 5,
      "geometry": {
        "type": "Point",
        "coordinates": [
          -4.09199000000001,
          53.2658650000001,
          0
        ]
      },
      "properties": {
        "OBJECTID": 5,
        "Name": "Beaumaris",
        "descriptio": " ",
        "F1875DATS": 7,
        "F1875TimberImports": null,
        "FirstYear": null,
        "LastYear": null,
        "Imports": "Timber",
        "Sources": "'Annual Statement of Trade 1875', Timber Trades Journal 1889",
        "GlobalID": "519bc9f0-1c2f-4d49-868c-8a55bdc290b5",
        "CreationDate": "Wed, 26 Jun 2019 20:21:13 GMT",
        "Creator": "jim.clifford_siastgis8",
        "EditDate": "Thu, 11 Jul 2019 19:24:02 GMT",
        "Editor": "jim.clifford_siastgis8"
      }
    },
    {
      "type": "Feature",
      "id": 6,
      "geometry": {
        "type": "Point",
        "coordinates": [
          -2.00539499999996,
          55.7702420000001,
          0
        ]
      },
      "properties": {
        "OBJECTID": 6,
        "Name": "Berwick-upon-Tweed",
        "descriptio": " ",
        "F1875DATS": 6852,
        "F1875TimberImports": null,
        "FirstYear": null,
        "LastYear": null,
        "Imports": "timber, guano, bones, phosphates, etc.",
        "Sources": "'Annual Statement of Trade 1875', DPCGB1877",
        "GlobalID": "4a5b85fa-9f4e-4d78-bb75-88b3d29ac076",
        "CreationDate": "Wed, 26 Jun 2019 20:21:13 GMT",
        "Creator": "jim.clifford_siastgis8",
        "EditDate": "Wed, 03 Jul 2019 17:36:06 GMT",
        "Editor": ""
      }
    },
    {
      "type": "Feature",
      "id": 7,
      "geometry": {
        "type": "Point",
        "coordinates": [
          -4.20666599999998,
          51.0166840000001,
          0
        ]
      },
      "properties": {
        "OBJECTID": 7,
        "Name": "Bideford",
        "descriptio": " ",
        "F1875DATS": 2860,
        "F1875TimberImports": null,
        "FirstYear": null,
        "LastYear": null,
        "Imports": null,
        "Sources": "'Annual Statement of Trade 1875'",
        "GlobalID": "12c966c2-4033-4540-a519-3f6d0278636f",
        "CreationDate": "Wed, 26 Jun 2019 20:21:13 GMT",
        "Creator": "jim.clifford_siastgis8",
        "EditDate": "Wed, 26 Jun 2019 20:21:13 GMT",
        "Editor": "jim.clifford_siastgis8"
      }
    },
    {
      "type": "Feature",
      "id": 8,
      "geometry": {
        "type": "Point",
        "coordinates": [
          -1.89040099999994,
          52.4862430000001,
          0
        ]
      },
      "properties": {
        "OBJECTID": 8,
        "Name": "Birmingham",
        "descriptio": " ",
        "F1875DATS": 30273,
        "F1875TimberImports": null,
        "FirstYear": null,
        "LastYear": null,
        "Imports": null,
        "Sources": "'Annual Statement of Trade 1875'",
        "GlobalID": "92c6155c-5128-42fc-822b-b7fe6a3519bf",
        "CreationDate": "Wed, 26 Jun 2019 20:21:13 GMT",
        "Creator": "jim.clifford_siastgis8",
        "EditDate": "Wed, 26 Jun 2019 20:21:13 GMT",
        "Editor": "jim.clifford_siastgis8"
      }
    },
    {
      "type": "Feature",
      "id": 9,
      "geometry": {
        "type": "Point",
        "coordinates": [
          -2.42821920000006,
          53.5768647,
          0
        ]
      },
      "properties": {
        "OBJECTID": 9,
        "Name": "Bolton",
        "descriptio": " ",
        "F1875DATS": 5462,
        "F1875TimberImports": null,
        "FirstYear": null,
        "LastYear": null,
        "Imports": null,
        "Sources": "'Annual Statement of Trade 1875',",
        "GlobalID": "c6dc9b68-3df6-4816-b221-f0845ff22c22",
        "CreationDate": "Wed, 26 Jun 2019 20:21:13 GMT",
        "Creator": "jim.clifford_siastgis8",
        "EditDate": "Fri, 05 Jul 2019 20:19:09 GMT",
        "Editor": ""
      }
    },
    {
      "type": "Feature",
      "id": 10,
      "geometry": {
        "type": "Point",
        "coordinates": [
          -0.0265769999999748,
          52.9789400000001,
          0
        ]
      },
      "properties": {
        "OBJECTID": 10,
        "Name": "Boston",
        "descriptio": " ",
        "F1875DATS": 37677,
        "F1875TimberImports": null,
        "FirstYear": null,
        "LastYear": null,
        "Imports": "Timber, hemp, tar, iron, linseed, cotton seed, cake",
        "Sources": "'Annual Statement of Trade 1875'. DPCGB1877",
        "GlobalID": "d6ccb1d7-2899-4109-8c35-eae093a9391e",
        "CreationDate": "Wed, 26 Jun 2019 20:21:13 GMT",
        "Creator": "jim.clifford_siastgis8",
        "EditDate": "Wed, 26 Jun 2019 21:24:52 GMT",
        "Editor": ""
      }
    },
    {
      "type": "Feature",
      "id": 11,
      "geometry": {
        "type": "Point",
        "coordinates": [
          -1.75939800000003,
          53.795984,
          0
        ]
      },
      "properties": {
        "OBJECTID": 11,
        "Name": "Bradford",
        "descriptio": " ",
        "F1875DATS": 69407,
        "F1875TimberImports": null,
        "FirstYear": null,
        "LastYear": null,
        "Imports": null,
        "Sources": "'Annual Statement of Trade 1875'",
        "GlobalID": "25d291f0-ac3a-48ca-bd11-ca8609890573",
        "CreationDate": "Wed, 26 Jun 2019 20:21:13 GMT",
        "Creator": "jim.clifford_siastgis8",
        "EditDate": "Wed, 26 Jun 2019 20:21:13 GMT",
        "Editor": "jim.clifford_siastgis8"
      }
    },
    {
      "type": "Feature",
      "id": 12,
      "geometry": {
        "type": "Point",
        "coordinates": [
          -3.00590651324461,
          51.1326558933295,
          0
        ]
      },
      "properties": {
        "OBJECTID": 12,
        "Name": "Bridgwater",
        "descriptio": " ",
        "F1875DATS": 7327,
        "F1875TimberImports": null,
        "FirstYear": null,
        "LastYear": null,
        "Imports": "wines, hemp, tallow, coal, timber",
        "Sources": "'Annual Statement of Trade 1875', DPCG; Timber Trades Journal 1889B1877",
        "GlobalID": "3a16ae4e-e1ea-4f6c-a20b-128983b61f0f",
        "CreationDate": "Wed, 26 Jun 2019 20:21:13 GMT",
        "Creator": "jim.clifford_siastgis8",
        "EditDate": "Wed, 03 Jul 2019 20:20:38 GMT",
        "Editor": "jim.clifford_siastgis8"
      }
    },
    {
      "type": "Feature",
      "id": 13,
      "geometry": {
        "type": "Point",
        "coordinates": [
          -2.7583009999999,
          50.7335769,
          0
        ]
      },
      "properties": {
        "OBJECTID": 13,
        "Name": "Bridport",
        "descriptio": " ",
        "F1875DATS": 2868,
        "F1875TimberImports": null,
        "FirstYear": null,
        "LastYear": null,
        "Imports": null,
        "Sources": "'Annual Statement of Trade 1875'",
        "GlobalID": "e73de113-11dd-43ff-b587-c298ba9d1e8f",
        "CreationDate": "Wed, 26 Jun 2019 20:21:13 GMT",
        "Creator": "jim.clifford_siastgis8",
        "EditDate": "Wed, 26 Jun 2019 20:21:13 GMT",
        "Editor": "jim.clifford_siastgis8"
      }
    },
    {
      "type": "Feature",
      "id": 14,
      "geometry": {
        "type": "Point",
        "coordinates": [
          -0.137162999999987,
          50.82253,
          0
        ]
      },
      "properties": {
        "OBJECTID": 14,
        "Name": "Brighton",
        "descriptio": " ",
        "F1875DATS": 3530,
        "F1875TimberImports": null,
        "FirstYear": null,
        "LastYear": null,
        "Imports": null,
        "Sources": "'Annual Statement of Trade 1875'",
        "GlobalID": "52794e26-1a6a-4633-9179-d97f2639c7fe",
        "CreationDate": "Wed, 26 Jun 2019 20:21:13 GMT",
        "Creator": "jim.clifford_siastgis8",
        "EditDate": "Wed, 26 Jun 2019 20:21:13 GMT",
        "Editor": "jim.clifford_siastgis8"
      }
    },
    {
      "type": "Feature",
      "id": 15,
      "geometry": {
        "type": "Point",
        "coordinates": [
          -2.58790999999997,
          51.4545130000001,
          0
        ]
      },
      "properties": {
        "OBJECTID": 15,
        "Name": "Bristol",
        "descriptio": " ",
        "F1875DATS": 704716,
        "F1875TimberImports": null,
        "FirstYear": null,
        "LastYear": null,
        "Imports": "chiefly sugar, molasses, rum, tobacco, timber, grain, wine, tallow, hemp, dry stuffs, oils, saltpetre, hides, live stock, etc",
        "Sources": "'Annual Statement of Trade 1875', DPCGB1877",
        "GlobalID": "6619e7d6-1d64-45c9-8833-a875ddb272fc",
        "CreationDate": "Wed, 26 Jun 2019 20:21:13 GMT",
        "Creator": "jim.clifford_siastgis8",
        "EditDate": "Wed, 26 Jun 2019 21:34:45 GMT",
        "Editor": ""
      }
    },
    {
      "type": "Feature",
      "id": 16,
      "geometry": {
        "type": "Point",
        "coordinates": [
          0.121817000000021,
          52.2053370000001,
          0
        ]
      },
      "properties": {
        "OBJECTID": 16,
        "Name": "Cambridge",
        "descriptio": " ",
        "F1875DATS": 6418,
        "F1875TimberImports": null,
        "FirstYear": null,
        "LastYear": null,
        "Imports": null,
        "Sources": "'Annual Statement of Trade 1875'",
        "GlobalID": "aa9e7d12-98a5-440d-9d87-86d103ba89ff",
        "CreationDate": "Wed, 26 Jun 2019 20:21:13 GMT",
        "Creator": "jim.clifford_siastgis8",
        "EditDate": "Wed, 26 Jun 2019 20:21:13 GMT",
        "Editor": "jim.clifford_siastgis8"
      }
    },
    {
      "type": "Feature",
      "id": 17,
      "geometry": {
        "type": "Point",
        "coordinates": [
          1.07890889999999,
          51.280233,
          0
        ]
      },
      "properties": {
        "OBJECTID": 17,
        "Name": "Canterbury",
        "descriptio": " ",
        "F1875DATS": 1662,
        "F1875TimberImports": null,
        "FirstYear": null,
        "LastYear": null,
        "Imports": null,
        "Sources": "'Annual Statement of Trade 1875'",
        "GlobalID": "d6a494eb-ca9c-48ba-913c-bbb8782aed77",
        "CreationDate": "Wed, 26 Jun 2019 20:21:13 GMT",
        "Creator": "jim.clifford_siastgis8",
        "EditDate": "Wed, 26 Jun 2019 20:21:13 GMT",
        "Editor": "jim.clifford_siastgis8"
      }
    },
    {
      "type": "Feature",
      "id": 18,
      "geometry": {
        "type": "Point",
        "coordinates": [
          -3.17908999999992,
          51.4815810000001,
          0
        ]
      },
      "properties": {
        "OBJECTID": 18,
        "Name": "Cardiff",
        "descriptio": " ",
        "F1875DATS": 24497,
        "F1875TimberImports": null,
        "FirstYear": null,
        "LastYear": null,
        "Imports": "no list: grain, timber",
        "Sources": "'Annual Statement of Trade 1875', DPCGB1877",
        "GlobalID": "8f8726ed-889a-44f6-8aa5-1879372716ce",
        "CreationDate": "Wed, 26 Jun 2019 20:21:13 GMT",
        "Creator": "jim.clifford_siastgis8",
        "EditDate": "Fri, 28 Jun 2019 15:46:36 GMT",
        "Editor": ""
      }
    },
    {
      "type": "Feature",
      "id": 19,
      "geometry": {
        "type": "Point",
        "coordinates": [
          -4.66086399999989,
          52.083703,
          0
        ]
      },
      "properties": {
        "OBJECTID": 19,
        "Name": "Cardigan",
        "descriptio": " ",
        "F1875DATS": 0,
        "F1875TimberImports": null,
        "FirstYear": null,
        "LastYear": null,
        "Imports": "no list: coal, limestone, patent manures, free goods",
        "Sources": "'Annual Statement of Trade 1875', DPCGB1877",
        "GlobalID": "fc7a1565-e0b0-464d-8c61-ddb9ed92f3f5",
        "CreationDate": "Wed, 26 Jun 2019 20:21:13 GMT",
        "Creator": "jim.clifford_siastgis8",
        "EditDate": "Wed, 03 Jul 2019 17:45:04 GMT",
        "Editor": ""
      }
    },
    {
      "type": "Feature",
      "id": 20,
      "geometry": {
        "type": "Point",
        "coordinates": [
          -2.932931,
          54.892473,
          0
        ]
      },
      "properties": {
        "OBJECTID": 20,
        "Name": "Carlisle",
        "descriptio": " ",
        "F1875DATS": 17583,
        "F1875TimberImports": null,
        "FirstYear": null,
        "LastYear": null,
        "Imports": null,
        "Sources": "'Annual Statement of Trade 1875'",
        "GlobalID": "80637fb4-ddf8-48b2-9f2d-6af6e7ce082f",
        "CreationDate": "Wed, 26 Jun 2019 20:21:13 GMT",
        "Creator": "jim.clifford_siastgis8",
        "EditDate": "Wed, 26 Jun 2019 20:21:13 GMT",
        "Editor": "jim.clifford_siastgis8"
      }
    },
    {
      "type": "Feature",
      "id": 21,
      "geometry": {
        "type": "Point",
        "coordinates": [
          -4.31213100000002,
          51.8576200000001,
          0
        ]
      },
      "properties": {
        "OBJECTID": 21,
        "Name": "Carmarthen",
        "descriptio": " ",
        "F1875DATS": 359,
        "F1875TimberImports": null,
        "FirstYear": null,
        "LastYear": null,
        "Imports": null,
        "Sources": "'Annual Statement of Trade 1875'",
        "GlobalID": "a3c5ca13-e239-4ff6-834b-2ad728a6806d",
        "CreationDate": "Wed, 26 Jun 2019 20:21:13 GMT",
        "Creator": "jim.clifford_siastgis8",
        "EditDate": "Wed, 26 Jun 2019 20:21:13 GMT",
        "Editor": "jim.clifford_siastgis8"
      }
    },
    {
      "type": "Feature",
      "id": 22,
      "geometry": {
        "type": "Point",
        "coordinates": [
          -4.27657175134273,
          53.1432579104494,
          0
        ]
      },
      "properties": {
        "OBJECTID": 22,
        "Name": "Caernarfon (Carnarvon)",
        "descriptio": " ",
        "F1875DATS": 8847,
        "F1875TimberImports": null,
        "FirstYear": null,
        "LastYear": null,
        "Imports": "timber",
        "Sources": "'Annual Statement of Trade 1875'; Timber Trades Journal 1889",
        "GlobalID": "1272e4c3-7b01-4190-8287-5b91ef658305",
        "CreationDate": "Wed, 26 Jun 2019 20:21:13 GMT",
        "Creator": "jim.clifford_siastgis8",
        "EditDate": "Wed, 03 Jul 2019 20:32:05 GMT",
        "Editor": "jim.clifford_siastgis8"
      }
    },
    {
      "type": "Feature",
      "id": 23,
      "geometry": {
        "type": "Point",
        "coordinates": [
          -2.67380400000002,
          51.6418560000001,
          0
        ]
      },
      "properties": {
        "OBJECTID": 23,
        "Name": "Chepstow",
        "descriptio": " ",
        "F1875DATS": 1531,
        "F1875TimberImports": null,
        "FirstYear": null,
        "LastYear": null,
        "Imports": null,
        "Sources": "'Annual Statement of Trade 1875'",
        "GlobalID": "d09efea7-17ba-4f30-a37c-cf2352ca0423",
        "CreationDate": "Wed, 26 Jun 2019 20:21:13 GMT",
        "Creator": "jim.clifford_siastgis8",
        "EditDate": "Wed, 26 Jun 2019 20:21:13 GMT",
        "Editor": "jim.clifford_siastgis8"
      }
    },
    {
      "type": "Feature",
      "id": 24,
      "geometry": {
        "type": "Point",
        "coordinates": [
          -2.8930749999999,
          53.1933920000001,
          0
        ]
      },
      "properties": {
        "OBJECTID": 24,
        "Name": "Chester",
        "descriptio": " ",
        "F1875DATS": 103034,
        "F1875TimberImports": null,
        "FirstYear": null,
        "LastYear": null,
        "Imports": "wines, etc; timber",
        "Sources": "'Annual Statement of Trade 1875', DPCGB1877; Timber Trades Journal 1889",
        "GlobalID": "f875ffab-9a77-44e2-af4b-ee21bc92f0fd",
        "CreationDate": "Wed, 26 Jun 2019 20:21:13 GMT",
        "Creator": "jim.clifford_siastgis8",
        "EditDate": "Wed, 03 Jul 2019 20:33:23 GMT",
        "Editor": "jim.clifford_siastgis8"
      }
    },
    {
      "type": "Feature",
      "id": 25,
      "geometry": {
        "type": "Point",
        "coordinates": [
          0.891874000000087,
          51.895927,
          0
        ]
      },
      "properties": {
        "OBJECTID": 25,
        "Name": "Colchester",
        "descriptio": " ",
        "F1875DATS": 11587,
        "F1875TimberImports": null,
        "FirstYear": null,
        "LastYear": null,
        "Imports": "timber",
        "Sources": "'Annual Statement of Trade 1875', 'Timber Trades Journal 1889'",
        "GlobalID": "8ccf02dc-330b-477c-890c-73131d93a70a",
        "CreationDate": "Wed, 26 Jun 2019 20:21:13 GMT",
        "Creator": "jim.clifford_siastgis8",
        "EditDate": "Fri, 05 Jul 2019 20:20:21 GMT",
        "Editor": ""
      }
    },
    {
      "type": "Feature",
      "id": 26,
      "geometry": {
        "type": "Point",
        "coordinates": [
          -1.30053299999997,
          50.7627850000001,
          0
        ]
      },
      "properties": {
        "OBJECTID": 26,
        "Name": "Cowes",
        "descriptio": " ",
        "F1875DATS": 4930,
        "F1875TimberImports": null,
        "FirstYear": null,
        "LastYear": null,
        "Imports": "timber, grain, coal, etc",
        "Sources": "'Annual Statement of Trade 1875', DPCGB1877",
        "GlobalID": "1fe72a0f-20b6-4dc9-97dd-d9dee26824c1",
        "CreationDate": "Wed, 26 Jun 2019 20:21:13 GMT",
        "Creator": "jim.clifford_siastgis8",
        "EditDate": "Wed, 03 Jul 2019 17:48:50 GMT",
        "Editor": ""
      }
    },
    {
      "type": "Feature",
      "id": 27,
      "geometry": {
        "type": "Point",
        "coordinates": [
          -3.57880699999998,
          50.352517,
          0
        ]
      },
      "properties": {
        "OBJECTID": 27,
        "Name": "Dartmouth",
        "descriptio": " ",
        "F1875DATS": 3824,
        "F1875TimberImports": null,
        "FirstYear": null,
        "LastYear": null,
        "Imports": null,
        "Sources": "'Annual Statement of Trade 1875'",
        "GlobalID": "3cfbd04b-5bbc-4fe0-bb87-073dde2b4a46",
        "CreationDate": "Wed, 26 Jun 2019 20:21:13 GMT",
        "Creator": "jim.clifford_siastgis8",
        "EditDate": "Wed, 26 Jun 2019 20:21:13 GMT",
        "Editor": "jim.clifford_siastgis8"
      }
    },
    {
      "type": "Feature",
      "id": 28,
      "geometry": {
        "type": "Point",
        "coordinates": [
          1.4016610000001,
          51.2224910000001,
          0
        ]
      },
      "properties": {
        "OBJECTID": 28,
        "Name": "Deal",
        "descriptio": " ",
        "F1875DATS": 2606,
        "F1875TimberImports": null,
        "FirstYear": null,
        "LastYear": null,
        "Imports": null,
        "Sources": "'Annual Statement of Trade 1875'",
        "GlobalID": "a1b998c6-0d93-4ed3-bd24-6a109eaf3722",
        "CreationDate": "Wed, 26 Jun 2019 20:21:13 GMT",
        "Creator": "jim.clifford_siastgis8",
        "EditDate": "Wed, 26 Jun 2019 20:21:13 GMT",
        "Editor": "jim.clifford_siastgis8"
      }
    },
    {
      "type": "Feature",
      "id": 29,
      "geometry": {
        "type": "Point",
        "coordinates": [
          -1.47461859999993,
          52.9225301000001,
          0
        ]
      },
      "properties": {
        "OBJECTID": 29,
        "Name": "Derby",
        "descriptio": " ",
        "F1875DATS": 9702,
        "F1875TimberImports": null,
        "FirstYear": null,
        "LastYear": null,
        "Imports": null,
        "Sources": "'Annual Statement of Trade 1875'",
        "GlobalID": "af8b8a07-3a17-4399-86ef-b51a0e268708",
        "CreationDate": "Wed, 26 Jun 2019 20:21:13 GMT",
        "Creator": "jim.clifford_siastgis8",
        "EditDate": "Wed, 26 Jun 2019 20:21:13 GMT",
        "Editor": "jim.clifford_siastgis8"
      }
    },
    {
      "type": "Feature",
      "id": 30,
      "geometry": {
        "type": "Point",
        "coordinates": [
          1.31340270000004,
          51.1278758,
          0
        ]
      },
      "properties": {
        "OBJECTID": 30,
        "Name": "Dover",
        "descriptio": " ",
        "F1875DATS": 28602,
        "F1875TimberImports": null,
        "FirstYear": null,
        "LastYear": null,
        "Imports": "coal, timber, seed, etc.",
        "Sources": "'Annual Statement of Trade 1875', DPCGB1877",
        "GlobalID": "8c6c9d55-12bf-4b7e-b6cd-acd3cd548b11",
        "CreationDate": "Wed, 26 Jun 2019 20:21:13 GMT",
        "Creator": "jim.clifford_siastgis8",
        "EditDate": "Fri, 28 Jun 2019 16:20:38 GMT",
        "Editor": ""
      }
    },
    {
      "type": "Feature",
      "id": 31,
      "geometry": {
        "type": "Point",
        "coordinates": [
          -5.06627000000003,
          50.152571,
          0
        ]
      },
      "properties": {
        "OBJECTID": 31,
        "Name": "Falmouth",
        "descriptio": " ",
        "F1875DATS": 4773,
        "F1875TimberImports": null,
        "FirstYear": null,
        "LastYear": null,
        "Imports": "guano, nitrate of soda, manure, coal, timber, grain, flour, bricks, slates, etc.",
        "Sources": "'Annual Statement of Trade 1875'; DPCGB1877",
        "GlobalID": "30c138c3-675c-4484-9d94-d001093ca378",
        "CreationDate": "Wed, 26 Jun 2019 20:21:13 GMT",
        "Creator": "jim.clifford_siastgis8",
        "EditDate": "Wed, 03 Jul 2019 21:38:35 GMT",
        "Editor": "jim.clifford_siastgis8"
      }
    },
    {
      "type": "Feature",
      "id": 32,
      "geometry": {
        "type": "Point",
        "coordinates": [
          0.889358000000129,
          51.315994,
          0
        ]
      },
      "properties": {
        "OBJECTID": 32,
        "Name": "Delete",
        "descriptio": " ",
        "F1875DATS": null,
        "F1875TimberImports": null,
        "FirstYear": null,
        "LastYear": null,
        "Imports": null,
        "Sources": null,
        "GlobalID": "03ac89fa-8322-4756-a8cf-053467cb9020",
        "CreationDate": "Wed, 26 Jun 2019 20:21:13 GMT",
        "Creator": "jim.clifford_siastgis8",
        "EditDate": "Wed, 03 Jul 2019 20:36:56 GMT",
        "Editor": "jim.clifford_siastgis8"
      }
    },
    {
      "type": "Feature",
      "id": 33,
      "geometry": {
        "type": "Point",
        "coordinates": [
          -3.01331410565124,
          53.9154477593217,
          0
        ]
      },
      "properties": {
        "OBJECTID": 33,
        "Name": "Fleetwood",
        "descriptio": " ",
        "F1875DATS": 786,
        "F1875TimberImports": null,
        "FirstYear": null,
        "LastYear": null,
        "Imports": "wheat, corn; timber",
        "Sources": "'Annual Statement of Trade 1875'; City of Montreal 1880-1882; Timber Trades Journal 1889",
        "GlobalID": "c56bb67a-677c-440d-b101-b5b32050708b",
        "CreationDate": "Wed, 26 Jun 2019 20:21:13 GMT",
        "Creator": "jim.clifford_siastgis8",
        "EditDate": "Wed, 03 Jul 2019 20:45:44 GMT",
        "Editor": "jim.clifford_siastgis8"
      }
    },
    {
      "type": "Feature",
      "id": 34,
      "geometry": {
        "type": "Point",
        "coordinates": [
          1.16945599999991,
          51.081397,
          0
        ]
      },
      "properties": {
        "OBJECTID": 34,
        "Name": "Folkestone",
        "descriptio": " ",
        "F1875DATS": 23943,
        "F1875TimberImports": null,
        "FirstYear": null,
        "LastYear": null,
        "Imports": "timber",
        "Sources": "'Annual Statement of Trade 1875', 'Timber Trades Journal 1889'",
        "GlobalID": "9975c36d-3074-4282-b0cb-c3b809790a47",
        "CreationDate": "Wed, 26 Jun 2019 20:21:13 GMT",
        "Creator": "jim.clifford_siastgis8",
        "EditDate": "Fri, 05 Jul 2019 20:21:13 GMT",
        "Editor": ""
      }
    },
    {
      "type": "Feature",
      "id": 35,
      "geometry": {
        "type": "Point",
        "coordinates": [
          -4.63652499999995,
          50.3349900000001,
          0
        ]
      },
      "properties": {
        "OBJECTID": 35,
        "Name": "Fowey",
        "descriptio": " ",
        "F1875DATS": 74,
        "F1875TimberImports": null,
        "FirstYear": null,
        "LastYear": null,
        "Imports": "timber, coal, limestone",
        "Sources": "'Annual Statement of Trade 1875', DPCGB1877",
        "GlobalID": "63960365-d661-43d4-8d6b-8b6b052d1da9",
        "CreationDate": "Wed, 26 Jun 2019 20:21:13 GMT",
        "Creator": "jim.clifford_siastgis8",
        "EditDate": "Wed, 03 Jul 2019 17:15:38 GMT",
        "Editor": ""
      }
    },
    {
      "type": "Feature",
      "id": 36,
      "geometry": {
        "type": "Point",
        "coordinates": [
          -0.774464999999964,
          53.4005750000001,
          0
        ]
      },
      "properties": {
        "OBJECTID": 36,
        "Name": "Gainsborough",
        "descriptio": " ",
        "F1875DATS": 6612,
        "F1875TimberImports": null,
        "FirstYear": null,
        "LastYear": null,
        "Imports": "linseed, bones, timber",
        "Sources": "'Annual Statement of Trade 1875', DPCGB1877",
        "GlobalID": "45ac4fc4-9601-4c7b-b672-7a3f62c87b40",
        "CreationDate": "Wed, 26 Jun 2019 20:21:13 GMT",
        "Creator": "jim.clifford_siastgis8",
        "EditDate": "Fri, 28 Jun 2019 16:47:15 GMT",
        "Editor": ""
      }
    },
    {
      "type": "Feature",
      "id": 37,
      "geometry": {
        "type": "Point",
        "coordinates": [
          -2.23815599999989,
          51.8642449,
          0
        ]
      },
      "properties": {
        "OBJECTID": 37,
        "Name": "Gloucester",
        "descriptio": " ",
        "F1875DATS": 22722,
        "F1875TimberImports": null,
        "FirstYear": null,
        "LastYear": null,
        "Imports": "timber, grain, seed, marble, oilcake, bones, guano, clay",
        "Sources": "'Annual Statement of Trade 1875', DPCGB1877",
        "GlobalID": "e3c18080-0dc7-434c-adef-87b5198a7f83",
        "CreationDate": "Wed, 26 Jun 2019 20:21:13 GMT",
        "Creator": "jim.clifford_siastgis8",
        "EditDate": "Fri, 28 Jun 2019 16:53:15 GMT",
        "Editor": ""
      }
    },
    {
      "type": "Feature",
      "id": 38,
      "geometry": {
        "type": "Point",
        "coordinates": [
          -0.876380999999981,
          53.7029410000001,
          0
        ]
      },
      "properties": {
        "OBJECTID": 38,
        "Name": "Goole",
        "descriptio": " ",
        "F1875DATS": 19823,
        "F1875TimberImports": null,
        "FirstYear": null,
        "LastYear": null,
        "Imports": "timber, grain, seed, olive oil, hemp, flax, iron, fruit, sugar, etc.",
        "Sources": "'Annual Statement of Trade 1875', DPCGB1877",
        "GlobalID": "199d8b39-8932-4f94-83b0-a0b358a72168",
        "CreationDate": "Wed, 26 Jun 2019 20:21:13 GMT",
        "Creator": "jim.clifford_siastgis8",
        "EditDate": "Fri, 28 Jun 2019 16:55:02 GMT",
        "Editor": ""
      }
    },
    {
      "type": "Feature",
      "id": 39,
      "geometry": {
        "type": "Point",
        "coordinates": [
          -0.0807839999998805,
          53.5674710000001,
          0
        ]
      },
      "properties": {
        "OBJECTID": 39,
        "Name": "Grimsby",
        "descriptio": " ",
        "F1875DATS": 75796,
        "F1875TimberImports": null,
        "FirstYear": null,
        "LastYear": null,
        "Imports": "timber, grain, seed, cotton, tar, oil, hemp, iron, guano, general goods",
        "Sources": "'Annual Statement of Trade 1875', DPCGB1877",
        "GlobalID": "1b23fe1a-aeb1-4370-b3d6-05eaca335375",
        "CreationDate": "Wed, 26 Jun 2019 20:21:13 GMT",
        "Creator": "jim.clifford_siastgis8",
        "EditDate": "Fri, 28 Jun 2019 17:06:04 GMT",
        "Editor": ""
      }
    },
    {
      "type": "Feature",
      "id": 40,
      "geometry": {
        "type": "Point",
        "coordinates": [
          -1.85753999999997,
          53.7270200000001,
          0
        ]
      },
      "properties": {
        "OBJECTID": 40,
        "Name": "Halifax",
        "descriptio": " ",
        "F1875DATS": 21609,
        "F1875TimberImports": null,
        "FirstYear": null,
        "LastYear": null,
        "Imports": null,
        "Sources": "'Annual Statement of Trade 1875'",
        "GlobalID": "be7f93eb-dfd4-4708-80ce-ccf94e5adac2",
        "CreationDate": "Wed, 26 Jun 2019 20:21:13 GMT",
        "Creator": "jim.clifford_siastgis8",
        "EditDate": "Wed, 26 Jun 2019 20:21:13 GMT",
        "Editor": "jim.clifford_siastgis8"
      }
    },
    {
      "type": "Feature",
      "id": 41,
      "geometry": {
        "type": "Point",
        "coordinates": [
          -1.21292600000004,
          54.6917449999999,
          0
        ]
      },
      "properties": {
        "OBJECTID": 41,
        "Name": "Hartlepool",
        "descriptio": "Major timber port regularly discussed in the Timber Trades Journal",
        "F1875DATS": 10238,
        "F1875TimberImports": null,
        "FirstYear": null,
        "LastYear": null,
        "Imports": "no list: timber",
        "Sources": "'Annual Statement of Trade 1875', DPCGB1877",
        "GlobalID": "eeef418b-d2f9-4cc6-9407-dc070431d1fe",
        "CreationDate": "Wed, 26 Jun 2019 20:21:13 GMT",
        "Creator": "jim.clifford_siastgis8",
        "EditDate": "Tue, 02 Jul 2019 22:31:21 GMT",
        "Editor": "jim.clifford_siastgis8"
      }
    },
    {
      "type": "Feature",
      "id": 42,
      "geometry": {
        "type": "Point",
        "coordinates": [
          1.26029700000004,
          51.9347310000001,
          0
        ]
      },
      "properties": {
        "OBJECTID": 42,
        "Name": "Harwich",
        "descriptio": " ",
        "F1875DATS": 15337,
        "F1875TimberImports": null,
        "FirstYear": null,
        "LastYear": null,
        "Imports": "coal, timber, grain, etc.",
        "Sources": "'Annual Statement of Trade 1875', DPCGB1877",
        "GlobalID": "e2627884-d805-4629-a786-fd4f1bc43983",
        "CreationDate": "Wed, 26 Jun 2019 20:21:13 GMT",
        "Creator": "jim.clifford_siastgis8",
        "EditDate": "Wed, 03 Jul 2019 17:29:52 GMT",
        "Editor": ""
      }
    },
    {
      "type": "Feature",
      "id": 43,
      "geometry": {
        "type": "Point",
        "coordinates": [
          -5.42090999999999,
          50.1854670000001,
          0
        ]
      },
      "properties": {
        "OBJECTID": 43,
        "Name": "Hayle",
        "descriptio": " ",
        "F1875DATS": 3042,
        "F1875TimberImports": null,
        "FirstYear": null,
        "LastYear": null,
        "Imports": "grain, hemp, coal, timber",
        "Sources": "'Annual Statement of Trade 1875'; DPCGB1877",
        "GlobalID": "58f4562d-554c-4fef-8f32-9d1a725695d2",
        "CreationDate": "Wed, 26 Jun 2019 20:21:13 GMT",
        "Creator": "jim.clifford_siastgis8",
        "EditDate": "Wed, 03 Jul 2019 21:57:29 GMT",
        "Editor": "jim.clifford_siastgis8"
      }
    },
    {
      "type": "Feature",
      "id": 44,
      "geometry": {
        "type": "Point",
        "coordinates": [
          -2.71597399999996,
          52.0563980000001,
          0
        ]
      },
      "properties": {
        "OBJECTID": 44,
        "Name": "Hereford",
        "descriptio": " ",
        "F1875DATS": 3789,
        "F1875TimberImports": null,
        "FirstYear": null,
        "LastYear": null,
        "Imports": null,
        "Sources": "'Annual Statement of Trade 1875'",
        "GlobalID": "5eb66473-c10e-42b1-bcce-bb945a1bfe01",
        "CreationDate": "Wed, 26 Jun 2019 20:21:13 GMT",
        "Creator": "jim.clifford_siastgis8",
        "EditDate": "Wed, 26 Jun 2019 20:21:13 GMT",
        "Editor": "jim.clifford_siastgis8"
      }
    },
    {
      "type": "Feature",
      "id": 45,
      "geometry": {
        "type": "Point",
        "coordinates": [
          1.14822000000004,
          52.056736,
          0
        ]
      },
      "properties": {
        "OBJECTID": 45,
        "Name": "Ipswich",
        "descriptio": " ",
        "F1875DATS": 29868,
        "F1875TimberImports": null,
        "FirstYear": null,
        "LastYear": null,
        "Imports": "chiefly grain, cheese, timber, seeds, coals, wines, spirits, etc.",
        "Sources": "'Annual Statement of Trade 1875', DPCGB1877",
        "GlobalID": "5bb0a963-2dda-40fe-9462-b709e816f79d",
        "CreationDate": "Wed, 26 Jun 2019 20:21:13 GMT",
        "Creator": "jim.clifford_siastgis8",
        "EditDate": "Fri, 28 Jun 2019 17:25:52 GMT",
        "Editor": ""
      }
    },
    {
      "type": "Feature",
      "id": 46,
      "geometry": {
        "type": "Point",
        "coordinates": [
          -2.8007399,
          54.046575,
          0
        ]
      },
      "properties": {
        "OBJECTID": 46,
        "Name": "Lancaster",
        "descriptio": " ",
        "F1875DATS": 11691,
        "F1875TimberImports": null,
        "FirstYear": null,
        "LastYear": null,
        "Imports": null,
        "Sources": "'Annual Statement of Trade 1875'",
        "GlobalID": "768075bb-4229-42f9-a328-adb7b2c0c256",
        "CreationDate": "Wed, 26 Jun 2019 20:21:13 GMT",
        "Creator": "jim.clifford_siastgis8",
        "EditDate": "Wed, 26 Jun 2019 20:21:13 GMT",
        "Editor": "jim.clifford_siastgis8"
      }
    },
    {
      "type": "Feature",
      "id": 47,
      "geometry": {
        "type": "Point",
        "coordinates": [
          -1.54907739999993,
          53.8007554000001,
          0
        ]
      },
      "properties": {
        "OBJECTID": 47,
        "Name": "Leeds",
        "descriptio": " ",
        "F1875DATS": 140610,
        "F1875TimberImports": null,
        "FirstYear": null,
        "LastYear": null,
        "Imports": null,
        "Sources": "'Annual Statement of Trade 1875'",
        "GlobalID": "a7e7b0d2-bb80-48d9-956d-295e16713723",
        "CreationDate": "Wed, 26 Jun 2019 20:21:13 GMT",
        "Creator": "jim.clifford_siastgis8",
        "EditDate": "Wed, 26 Jun 2019 20:21:13 GMT",
        "Editor": "jim.clifford_siastgis8"
      }
    },
    {
      "type": "Feature",
      "id": 48,
      "geometry": {
        "type": "Point",
        "coordinates": [
          -1.1397591999999,
          52.6368778000001,
          0
        ]
      },
      "properties": {
        "OBJECTID": 48,
        "Name": "Leicester",
        "descriptio": " ",
        "F1875DATS": 13589,
        "F1875TimberImports": null,
        "FirstYear": null,
        "LastYear": null,
        "Imports": null,
        "Sources": "'Annual Statement of Trade 1875'",
        "GlobalID": "cdd35703-ec08-47c7-acfc-abdb4911ef36",
        "CreationDate": "Wed, 26 Jun 2019 20:21:13 GMT",
        "Creator": "jim.clifford_siastgis8",
        "EditDate": "Wed, 26 Jun 2019 20:21:13 GMT",
        "Editor": "jim.clifford_siastgis8"
      }
    },
    {
      "type": "Feature",
      "id": 49,
      "geometry": {
        "type": "Point",
        "coordinates": [
          -1.83167199999997,
          52.6816020000001,
          0
        ]
      },
      "properties": {
        "OBJECTID": 49,
        "Name": "Lichfield",
        "descriptio": " ",
        "F1875DATS": 4280,
        "F1875TimberImports": null,
        "FirstYear": null,
        "LastYear": null,
        "Imports": null,
        "Sources": "'Annual Statement of Trade 1875'",
        "GlobalID": "8431516f-f86b-489c-ad97-ee9ad3afb51e",
        "CreationDate": "Wed, 26 Jun 2019 20:21:13 GMT",
        "Creator": "jim.clifford_siastgis8",
        "EditDate": "Wed, 26 Jun 2019 20:21:13 GMT",
        "Editor": "jim.clifford_siastgis8"
      }
    },
    {
      "type": "Feature",
      "id": 50,
      "geometry": {
        "type": "Point",
        "coordinates": [
          -0.54057899999998,
          53.2306880000001,
          0
        ]
      },
      "properties": {
        "OBJECTID": 50,
        "Name": "Lincoln",
        "descriptio": " ",
        "F1875DATS": 2268,
        "F1875TimberImports": null,
        "FirstYear": null,
        "LastYear": null,
        "Imports": null,
        "Sources": "'Annual Statement of Trade 1875'",
        "GlobalID": "7425bc4c-4f1b-4803-8d8f-f1ce121587fa",
        "CreationDate": "Wed, 26 Jun 2019 20:21:13 GMT",
        "Creator": "jim.clifford_siastgis8",
        "EditDate": "Wed, 26 Jun 2019 20:21:13 GMT",
        "Editor": "jim.clifford_siastgis8"
      }
    },
    {
      "type": "Feature",
      "id": 51,
      "geometry": {
        "type": "Point",
        "coordinates": [
          -0.538660899999968,
          50.811057,
          0
        ]
      },
      "properties": {
        "OBJECTID": 51,
        "Name": "Littlehampton",
        "descriptio": " ",
        "F1875DATS": 4215,
        "F1875TimberImports": null,
        "FirstYear": null,
        "LastYear": null,
        "Imports": null,
        "Sources": "'Annual Statement of Trade 1875'",
        "GlobalID": "f82423f6-09b2-4f2a-a550-078ba1c3f752",
        "CreationDate": "Wed, 26 Jun 2019 20:21:13 GMT",
        "Creator": "jim.clifford_siastgis8",
        "EditDate": "Wed, 26 Jun 2019 20:21:13 GMT",
        "Editor": "jim.clifford_siastgis8"
      }
    },
    {
      "type": "Feature",
      "id": 52,
      "geometry": {
        "type": "Point",
        "coordinates": [
          -2.99157259999998,
          53.4083714,
          0
        ]
      },
      "properties": {
        "OBJECTID": 52,
        "Name": "Liverpool",
        "descriptio": " ",
        "F1875DATS": 2919419,
        "F1875TimberImports": null,
        "FirstYear": null,
        "LastYear": null,
        "Imports": "no list: grain, cheese,",
        "Sources": "'Annual Statement of Trade 1875', DPCGB1877",
        "GlobalID": "4621d695-f3e2-4304-815f-9f9066548036",
        "CreationDate": "Wed, 26 Jun 2019 20:21:13 GMT",
        "Creator": "jim.clifford_siastgis8",
        "EditDate": "Fri, 28 Jun 2019 17:43:09 GMT",
        "Editor": ""
      }
    },
    {
      "type": "Feature",
      "id": 53,
      "geometry": {
        "type": "Point",
        "coordinates": [
          -4.16024800000002,
          51.680886,
          0
        ]
      },
      "properties": {
        "OBJECTID": 53,
        "Name": "Llanelli",
        "descriptio": " ",
        "F1875DATS": 2993,
        "F1875TimberImports": null,
        "FirstYear": null,
        "LastYear": null,
        "Imports": "no list: grain, timber",
        "Sources": "'Annual Statement of Trade 1875', DPCGB1877",
        "GlobalID": "9c05a1d8-5599-4363-a48c-737b5f135698",
        "CreationDate": "Wed, 26 Jun 2019 20:21:13 GMT",
        "Creator": "jim.clifford_siastgis8",
        "EditDate": "Tue, 02 Jul 2019 15:28:20 GMT",
        "Editor": ""
      }
    },
    {
      "type": "Feature",
      "id": 54,
      "geometry": {
        "type": "Point",
        "coordinates": [
          -0.127758299999982,
          51.5073509000001,
          0
        ]
      },
      "properties": {
        "OBJECTID": 54,
        "Name": "London",
        "descriptio": " ",
        "F1875DATS": 10258445,
        "F1875TimberImports": null,
        "FirstYear": null,
        "LastYear": null,
        "Imports": "no list: timber,",
        "Sources": "'Annual Statement of Trade 1875', DPCGB1877",
        "GlobalID": "e2359076-fc1d-4f58-858e-60d7a44c1cb2",
        "CreationDate": "Wed, 26 Jun 2019 20:21:13 GMT",
        "Creator": "jim.clifford_siastgis8",
        "EditDate": "Fri, 28 Jun 2019 17:47:22 GMT",
        "Editor": ""
      }
    },
    {
      "type": "Feature",
      "id": 55,
      "geometry": {
        "type": "Point",
        "coordinates": [
          1.75344900000016,
          52.481138,
          0
        ]
      },
      "properties": {
        "OBJECTID": 55,
        "Name": "Lowestoft",
        "descriptio": " ",
        "F1875DATS": 3374,
        "F1875TimberImports": null,
        "FirstYear": null,
        "LastYear": null,
        "Imports": "coal, timber, grain, seed, oilcake, cattle, stones, bark, etc.",
        "Sources": "'Annual Statement of Trade 1875', DPCGB1877",
        "GlobalID": "39265a35-bf1d-4a0b-b0cb-f2f8713cb9e0",
        "CreationDate": "Wed, 26 Jun 2019 20:21:13 GMT",
        "Creator": "jim.clifford_siastgis8",
        "EditDate": "Fri, 28 Jun 2019 17:54:14 GMT",
        "Editor": ""
      }
    },
    {
      "type": "Feature",
      "id": 56,
      "geometry": {
        "type": "Point",
        "coordinates": [
          -2.93663900000001,
          50.7251560000001,
          0
        ]
      },
      "properties": {
        "OBJECTID": 56,
        "Name": "Lyme Regis",
        "descriptio": " ",
        "F1875DATS": 339,
        "F1875TimberImports": null,
        "FirstYear": null,
        "LastYear": null,
        "Imports": "coal, culm, grain, timber",
        "Sources": "'Annual Statement of Trade 1875', DPCGB1877",
        "GlobalID": "f291bc68-0ef3-4806-89a4-88d2ee3bc890",
        "CreationDate": "Wed, 26 Jun 2019 20:21:13 GMT",
        "Creator": "jim.clifford_siastgis8",
        "EditDate": "Fri, 28 Jun 2019 17:56:08 GMT",
        "Editor": ""
      }
    },
    {
      "type": "Feature",
      "id": 57,
      "geometry": {
        "type": "Point",
        "coordinates": [
          0.402296300000103,
          52.7516798,
          0
        ]
      },
      "properties": {
        "OBJECTID": 57,
        "Name": "Lynn (King's Lynn)",
        "descriptio": " ",
        "F1875DATS": 11739,
        "F1875TimberImports": null,
        "FirstYear": null,
        "LastYear": null,
        "Imports": "timber, deals, sulphur ore, coal, oilcake, grain, linseed, cotton seed, etc.",
        "Sources": "'Annual Statement of Trade 1875', DPCGB1877",
        "GlobalID": "07a301e2-7db4-4009-a12b-8f99a8e819fd",
        "CreationDate": "Wed, 26 Jun 2019 20:21:13 GMT",
        "Creator": "jim.clifford_siastgis8",
        "EditDate": "Fri, 28 Jun 2019 17:57:52 GMT",
        "Editor": ""
      }
    },
    {
      "type": "Feature",
      "id": 58,
      "geometry": {
        "type": "Point",
        "coordinates": [
          0.671448000000169,
          51.7318050000001,
          0
        ]
      },
      "properties": {
        "OBJECTID": 58,
        "Name": "Maldon",
        "descriptio": " ",
        "F1875DATS": 12,
        "F1875TimberImports": null,
        "FirstYear": null,
        "LastYear": null,
        "Imports": null,
        "Sources": "'Annual Statement of Trade 1875'",
        "GlobalID": "14619a0a-8925-4e04-9b06-89987f003ec7",
        "CreationDate": "Wed, 26 Jun 2019 20:21:13 GMT",
        "Creator": "jim.clifford_siastgis8",
        "EditDate": "Wed, 26 Jun 2019 20:21:13 GMT",
        "Editor": "jim.clifford_siastgis8"
      }
    },
    {
      "type": "Feature",
      "id": 59,
      "geometry": {
        "type": "Point",
        "coordinates": [
          -2.24263050000002,
          53.4807593,
          0
        ]
      },
      "properties": {
        "OBJECTID": 59,
        "Name": "Manchester",
        "descriptio": " ",
        "F1875DATS": 192446,
        "F1875TimberImports": null,
        "FirstYear": null,
        "LastYear": null,
        "Imports": null,
        "Sources": "'Annual Statement of Trade 1875'",
        "GlobalID": "4448e4e0-6833-42e5-8a39-9120f60303d9",
        "CreationDate": "Wed, 26 Jun 2019 20:21:13 GMT",
        "Creator": "jim.clifford_siastgis8",
        "EditDate": "Wed, 26 Jun 2019 20:21:13 GMT",
        "Editor": "jim.clifford_siastgis8"
      }
    },
    {
      "type": "Feature",
      "id": 60,
      "geometry": {
        "type": "Point",
        "coordinates": [
          -3.49494000000004,
          54.714441,
          0
        ]
      },
      "properties": {
        "OBJECTID": 60,
        "Name": "Maryport",
        "descriptio": " ",
        "F1875DATS": 5624,
        "F1875TimberImports": null,
        "FirstYear": null,
        "LastYear": null,
        "Imports": null,
        "Sources": "'Annual Statement of Trade 1875'",
        "GlobalID": "54212e50-a82c-4864-a51b-1012401ba707",
        "CreationDate": "Wed, 26 Jun 2019 20:21:13 GMT",
        "Creator": "jim.clifford_siastgis8",
        "EditDate": "Wed, 26 Jun 2019 20:21:13 GMT",
        "Editor": "jim.clifford_siastgis8"
      }
    },
    {
      "type": "Feature",
      "id": 61,
      "geometry": {
        "type": "Point",
        "coordinates": [
          -1.23495600000001,
          54.5742270000001,
          0
        ]
      },
      "properties": {
        "OBJECTID": 61,
        "Name": "Middlesbrough",
        "descriptio": " ",
        "F1875DATS": 19564,
        "F1875TimberImports": null,
        "FirstYear": null,
        "LastYear": null,
        "Imports": "timber, grain, flour, slates, iron, etc.",
        "Sources": "'Annual Statement of Trade 1875', DPCGB1877",
        "GlobalID": "b6f09e06-3dca-45bf-9ac2-ad1ada21e75e",
        "CreationDate": "Wed, 26 Jun 2019 20:21:13 GMT",
        "Creator": "jim.clifford_siastgis8",
        "EditDate": "Fri, 28 Jun 2019 19:06:42 GMT",
        "Editor": ""
      }
    },
    {
      "type": "Feature",
      "id": 62,
      "geometry": {
        "type": "Point",
        "coordinates": [
          -5.04269709999988,
          51.7143060000001,
          0
        ]
      },
      "properties": {
        "OBJECTID": 62,
        "Name": "Milford Haven",
        "descriptio": " ",
        "F1875DATS": 5,
        "F1875TimberImports": null,
        "FirstYear": null,
        "LastYear": null,
        "Imports": "no list: coal, timber",
        "Sources": "'Annual Statement of Trade 1875'; DPCGB1877",
        "GlobalID": "896181b8-3df7-4f0c-b026-b655e207ae14",
        "CreationDate": "Wed, 26 Jun 2019 20:21:13 GMT",
        "Creator": "jim.clifford_siastgis8",
        "EditDate": "Wed, 03 Jul 2019 21:15:50 GMT",
        "Editor": "jim.clifford_siastgis8"
      }
    },
    {
      "type": "Feature",
      "id": 63,
      "geometry": {
        "type": "Point",
        "coordinates": [
          -1.61777999999998,
          54.978252,
          0
        ]
      },
      "properties": {
        "OBJECTID": 63,
        "Name": "Newcastle upon Tyne",
        "descriptio": " ",
        "F1875DATS": 372657,
        "F1875TimberImports": null,
        "FirstYear": null,
        "LastYear": null,
        "Imports": "timber, deals, pit wood, grain, Esparto fibre, (of which article nearly one half of the total quantity imported into the United Kingdom, in 1876, was discharged at the Tyne Dock), hemp, tallow, guano, fruit, cattle, iron, copper and other ores, &c.",
        "Sources": "'Annual Statement of Trade 1875'",
        "GlobalID": "927d40ea-0811-4e58-8b7d-817c4deec0bb",
        "CreationDate": "Wed, 26 Jun 2019 20:21:13 GMT",
        "Creator": "jim.clifford_siastgis8",
        "EditDate": "Wed, 26 Jun 2019 20:35:06 GMT",
        "Editor": "jim.clifford_siastgis8"
      }
    },
    {
      "type": "Feature",
      "id": 64,
      "geometry": {
        "type": "Point",
        "coordinates": [
          0.0455740000000446,
          50.79307,
          0
        ]
      },
      "properties": {
        "OBJECTID": 64,
        "Name": "Newhaven",
        "descriptio": " ",
        "F1875DATS": 11055,
        "F1875TimberImports": null,
        "FirstYear": null,
        "LastYear": null,
        "Imports": "silks, wines, spirits, coal, timber",
        "Sources": "'Annual Statement of Trade 1875', DPCGB1877",
        "GlobalID": "52928e79-2420-4d2f-b193-816026d50d53",
        "CreationDate": "Wed, 26 Jun 2019 20:21:13 GMT",
        "Creator": "jim.clifford_siastgis8",
        "EditDate": "Fri, 28 Jun 2019 19:28:04 GMT",
        "Editor": ""
      }
    },
    {
      "type": "Feature",
      "id": 65,
      "geometry": {
        "type": "Point",
        "coordinates": [
          -2.99766399999993,
          51.584151,
          0
        ]
      },
      "properties": {
        "OBJECTID": 65,
        "Name": "Newport",
        "descriptio": " ",
        "F1875DATS": 52220,
        "F1875TimberImports": null,
        "FirstYear": null,
        "LastYear": null,
        "Imports": "Timber ",
        "Sources": "'Annual Statement of Trade 1875'; Timber Trades Journal 1881;",
        "GlobalID": "1969b08b-488d-4fe0-acef-100e98a0823b",
        "CreationDate": "Wed, 26 Jun 2019 20:21:13 GMT",
        "Creator": "jim.clifford_siastgis8",
        "EditDate": "Fri, 28 Jun 2019 22:30:23 GMT",
        "Editor": "jim.clifford_siastgis8"
      }
    },
    {
      "type": "Feature",
      "id": 66,
      "geometry": {
        "type": "Point",
        "coordinates": [
          -1.15810859999999,
          52.9547832000001,
          0
        ]
      },
      "properties": {
        "OBJECTID": 66,
        "Name": "Nottingham",
        "descriptio": " ",
        "F1875DATS": 4749,
        "F1875TimberImports": null,
        "FirstYear": null,
        "LastYear": null,
        "Imports": null,
        "Sources": "'Annual Statement of Trade 1875'",
        "GlobalID": "022ce47f-6586-4d5b-b7b1-5e8a6a718c41",
        "CreationDate": "Wed, 26 Jun 2019 20:21:13 GMT",
        "Creator": "jim.clifford_siastgis8",
        "EditDate": "Wed, 26 Jun 2019 20:21:13 GMT",
        "Editor": "jim.clifford_siastgis8"
      }
    },
    {
      "type": "Feature",
      "id": 67,
      "geometry": {
        "type": "Point",
        "coordinates": [
          -1.2577263,
          51.7520208999999,
          0
        ]
      },
      "properties": {
        "OBJECTID": 67,
        "Name": "Oxford",
        "descriptio": " ",
        "F1875DATS": 1824,
        "F1875TimberImports": null,
        "FirstYear": null,
        "LastYear": null,
        "Imports": null,
        "Sources": "'Annual Statement of Trade 1875'",
        "GlobalID": "ba781782-c74d-475e-ab53-57d6e7392da2",
        "CreationDate": "Wed, 26 Jun 2019 20:21:13 GMT",
        "Creator": "jim.clifford_siastgis8",
        "EditDate": "Wed, 26 Jun 2019 20:21:13 GMT",
        "Editor": "jim.clifford_siastgis8"
      }
    },
    {
      "type": "Feature",
      "id": 68,
      "geometry": {
        "type": "Point",
        "coordinates": [
          -4.93901699999998,
          50.5420619999999,
          0
        ]
      },
      "properties": {
        "OBJECTID": 68,
        "Name": "Padstow",
        "descriptio": " ",
        "F1875DATS": 0,
        "F1875TimberImports": null,
        "FirstYear": null,
        "LastYear": null,
        "Imports": "iron, coal",
        "Sources": "'Annual Statement of Trade 1875', DPCGB1877",
        "GlobalID": "090bca91-5a12-4b1e-a2f3-bb07eb396eb5",
        "CreationDate": "Wed, 26 Jun 2019 20:21:13 GMT",
        "Creator": "jim.clifford_siastgis8",
        "EditDate": "Fri, 28 Jun 2019 19:40:41 GMT",
        "Editor": ""
      }
    },
    {
      "type": "Feature",
      "id": 69,
      "geometry": {
        "type": "Point",
        "coordinates": [
          -5.53759199999996,
          50.118798,
          0
        ]
      },
      "properties": {
        "OBJECTID": 69,
        "Name": "Penzance",
        "descriptio": " ",
        "F1875DATS": 4953,
        "F1875TimberImports": null,
        "FirstYear": null,
        "LastYear": null,
        "Imports": "American and Baltic timber, coal, hides, tallow, grain, hemp, fruit",
        "Sources": "'Annual Statement of Trade 1875', DPCGB1877",
        "GlobalID": "dda41de3-dc64-4ecb-9d6f-89b372e2d307",
        "CreationDate": "Wed, 26 Jun 2019 20:21:13 GMT",
        "Creator": "jim.clifford_siastgis8",
        "EditDate": "Fri, 28 Jun 2019 19:45:31 GMT",
        "Editor": ""
      }
    },
    {
      "type": "Feature",
      "id": 70,
      "geometry": {
        "type": "Point",
        "coordinates": [
          -4.14265649999993,
          50.3754565,
          0
        ]
      },
      "properties": {
        "OBJECTID": 70,
        "Name": "Plymouth",
        "descriptio": " ",
        "F1875DATS": 59346,
        "F1875TimberImports": null,
        "FirstYear": null,
        "LastYear": null,
        "Imports": "no list: timber,",
        "Sources": "'Annual Statement of Trade 1875', DPCGB1877",
        "GlobalID": "2979a525-537a-41d9-a029-57c4b83c93fb",
        "CreationDate": "Wed, 26 Jun 2019 20:21:13 GMT",
        "Creator": "jim.clifford_siastgis8",
        "EditDate": "Fri, 28 Jun 2019 19:55:20 GMT",
        "Editor": ""
      }
    },
    {
      "type": "Feature",
      "id": 71,
      "geometry": {
        "type": "Point",
        "coordinates": [
          -1.98724800000002,
          50.7150500000001,
          0
        ]
      },
      "properties": {
        "OBJECTID": 71,
        "Name": "Poole",
        "descriptio": " ",
        "F1875DATS": 3475,
        "F1875TimberImports": null,
        "FirstYear": null,
        "LastYear": null,
        "Imports": "Timber",
        "Sources": "'Annual Statement of Trade 1875'; Timber Trades Journal 1889",
        "GlobalID": "f9cfbcd2-dad5-4af7-ba86-73be6032d41e",
        "CreationDate": "Wed, 26 Jun 2019 20:21:13 GMT",
        "Creator": "jim.clifford_siastgis8",
        "EditDate": "Wed, 03 Jul 2019 21:23:39 GMT",
        "Editor": "jim.clifford_siastgis8"
      }
    },
    {
      "type": "Feature",
      "id": 72,
      "geometry": {
        "type": "Point",
        "coordinates": [
          -1.0879769,
          50.8197675000001,
          0
        ]
      },
      "properties": {
        "OBJECTID": 72,
        "Name": "Portsmouth",
        "descriptio": " ",
        "F1875DATS": 26318,
        "F1875TimberImports": null,
        "FirstYear": null,
        "LastYear": null,
        "Imports": "Timber",
        "Sources": "'Annual Statement of Trade 1875'; Timber Trades Journal 1889",
        "GlobalID": "9c2ff6cb-f630-4834-9860-0474a4cb1806",
        "CreationDate": "Wed, 26 Jun 2019 20:21:13 GMT",
        "Creator": "jim.clifford_siastgis8",
        "EditDate": "Wed, 03 Jul 2019 21:24:23 GMT",
        "Editor": "jim.clifford_siastgis8"
      }
    },
    {
      "type": "Feature",
      "id": 73,
      "geometry": {
        "type": "Point",
        "coordinates": [
          -2.70308999999992,
          53.763201,
          0
        ]
      },
      "properties": {
        "OBJECTID": 73,
        "Name": "Preston",
        "descriptio": " ",
        "F1875DATS": 49305,
        "F1875TimberImports": null,
        "FirstYear": null,
        "LastYear": null,
        "Imports": null,
        "Sources": "'Annual Statement of Trade 1875'",
        "GlobalID": "21c76a85-fec3-4c85-9eea-589e2c744c5d",
        "CreationDate": "Wed, 26 Jun 2019 20:21:13 GMT",
        "Creator": "jim.clifford_siastgis8",
        "EditDate": "Wed, 26 Jun 2019 20:21:13 GMT",
        "Editor": "jim.clifford_siastgis8"
      }
    },
    {
      "type": "Feature",
      "id": 74,
      "geometry": {
        "type": "Point",
        "coordinates": [
          1.41989499999994,
          51.3355450000001,
          0
        ]
      },
      "properties": {
        "OBJECTID": 74,
        "Name": "Ramsgate",
        "descriptio": " ",
        "F1875DATS": 5348,
        "F1875TimberImports": null,
        "FirstYear": null,
        "LastYear": null,
        "Imports": null,
        "Sources": "'Annual Statement of Trade 1875'",
        "GlobalID": "cc6d634d-8869-4761-aaa2-2cfe4414d2b9",
        "CreationDate": "Wed, 26 Jun 2019 20:21:13 GMT",
        "Creator": "jim.clifford_siastgis8",
        "EditDate": "Wed, 26 Jun 2019 20:21:13 GMT",
        "Editor": "jim.clifford_siastgis8"
      }
    },
    {
      "type": "Feature",
      "id": 75,
      "geometry": {
        "type": "Point",
        "coordinates": [
          -0.978130299999975,
          51.4542645000001,
          0
        ]
      },
      "properties": {
        "OBJECTID": 75,
        "Name": "Reading",
        "descriptio": " ",
        "F1875DATS": 3871,
        "F1875TimberImports": null,
        "FirstYear": null,
        "LastYear": null,
        "Imports": null,
        "Sources": "'Annual Statement of Trade 1875'",
        "GlobalID": "e2c22e6e-37b0-4ae0-9462-87ca2bea83cf",
        "CreationDate": "Wed, 26 Jun 2019 20:21:13 GMT",
        "Creator": "jim.clifford_siastgis8",
        "EditDate": "Wed, 26 Jun 2019 20:21:13 GMT",
        "Editor": "jim.clifford_siastgis8"
      }
    },
    {
      "type": "Feature",
      "id": 76,
      "geometry": {
        "type": "Point",
        "coordinates": [
          -1.52377559999996,
          54.1361346000001,
          0
        ]
      },
      "properties": {
        "OBJECTID": 76,
        "Name": "Ripon",
        "descriptio": " ",
        "F1875DATS": 1751,
        "F1875TimberImports": null,
        "FirstYear": null,
        "LastYear": null,
        "Imports": null,
        "Sources": "'Annual Statement of Trade 1875'",
        "GlobalID": "8abe73ac-7d12-4d65-8ee2-62bc8daaf164",
        "CreationDate": "Wed, 26 Jun 2019 20:21:13 GMT",
        "Creator": "jim.clifford_siastgis8",
        "EditDate": "Wed, 26 Jun 2019 20:21:13 GMT",
        "Editor": "jim.clifford_siastgis8"
      }
    },
    {
      "type": "Feature",
      "id": 77,
      "geometry": {
        "type": "Point",
        "coordinates": [
          0.506721000000084,
          51.3880000000001,
          0
        ]
      },
      "properties": {
        "OBJECTID": 77,
        "Name": "Rochester",
        "descriptio": " ",
        "F1875DATS": 7206,
        "F1875TimberImports": null,
        "FirstYear": null,
        "LastYear": null,
        "Imports": "timber",
        "Sources": "'Annual Statement of Trade 1875'; Timber Trades Journal 1889",
        "GlobalID": "dfd2f0cf-8482-4ed7-a410-d14228e1c304",
        "CreationDate": "Wed, 26 Jun 2019 20:21:13 GMT",
        "Creator": "jim.clifford_siastgis8",
        "EditDate": "Wed, 03 Jul 2019 21:27:25 GMT",
        "Editor": "jim.clifford_siastgis8"
      }
    },
    {
      "type": "Feature",
      "id": 78,
      "geometry": {
        "type": "Point",
        "coordinates": [
          -2.72967299999999,
          53.3420780000001,
          0
        ]
      },
      "properties": {
        "OBJECTID": 78,
        "Name": "Runcorn",
        "descriptio": " ",
        "F1875DATS": 1263,
        "F1875TimberImports": null,
        "FirstYear": null,
        "LastYear": null,
        "Imports": null,
        "Sources": "'Annual Statement of Trade 1875'",
        "GlobalID": "8acb3f82-e9a7-4f53-a1ed-7ec42b2bfb5a",
        "CreationDate": "Wed, 26 Jun 2019 20:21:13 GMT",
        "Creator": "jim.clifford_siastgis8",
        "EditDate": "Wed, 26 Jun 2019 20:21:13 GMT",
        "Editor": "jim.clifford_siastgis8"
      }
    },
    {
      "type": "Feature",
      "id": 79,
      "geometry": {
        "type": "Point",
        "coordinates": [
          0.737260000000049,
          50.949708,
          0
        ]
      },
      "properties": {
        "OBJECTID": 79,
        "Name": "Rye",
        "descriptio": " ",
        "F1875DATS": 244,
        "F1875TimberImports": null,
        "FirstYear": null,
        "LastYear": null,
        "Imports": null,
        "Sources": "'Annual Statement of Trade 1875'",
        "GlobalID": "de6377e0-4c9c-48d1-996e-2468e5e68a93",
        "CreationDate": "Wed, 26 Jun 2019 20:21:13 GMT",
        "Creator": "jim.clifford_siastgis8",
        "EditDate": "Wed, 26 Jun 2019 20:21:13 GMT",
        "Editor": "jim.clifford_siastgis8"
      }
    },
    {
      "type": "Feature",
      "id": 80,
      "geometry": {
        "type": "Point",
        "coordinates": [
          -1.79447200000004,
          51.068785,
          0
        ]
      },
      "properties": {
        "OBJECTID": 80,
        "Name": "Salisbury",
        "descriptio": " ",
        "F1875DATS": 2068,
        "F1875TimberImports": null,
        "FirstYear": null,
        "LastYear": null,
        "Imports": null,
        "Sources": "'Annual Statement of Trade 1875'",
        "GlobalID": "9d19ee41-4a15-4704-9823-10665c8a83fe",
        "CreationDate": "Wed, 26 Jun 2019 20:21:13 GMT",
        "Creator": "jim.clifford_siastgis8",
        "EditDate": "Wed, 26 Jun 2019 20:21:13 GMT",
        "Editor": "jim.clifford_siastgis8"
      }
    },
    {
      "type": "Feature",
      "id": 81,
      "geometry": {
        "type": "Point",
        "coordinates": [
          -0.399751999999978,
          54.283113,
          0
        ]
      },
      "properties": {
        "OBJECTID": 81,
        "Name": "Scarborough",
        "descriptio": " ",
        "F1875DATS": 4019,
        "F1875TimberImports": null,
        "FirstYear": null,
        "LastYear": null,
        "Imports": "timber, hemp, flax, iron, etc.",
        "Sources": "'Annual Statement of Trade 1875', DPCGB1877",
        "GlobalID": "a6b61e0a-c924-4774-9610-9ae4922c6b2f",
        "CreationDate": "Wed, 26 Jun 2019 20:21:13 GMT",
        "Creator": "jim.clifford_siastgis8",
        "EditDate": "Fri, 28 Jun 2019 20:27:57 GMT",
        "Editor": ""
      }
    },
    {
      "type": "Feature",
      "id": 82,
      "geometry": {
        "type": "Point",
        "coordinates": [
          -6.32749660000002,
          49.9277261,
          0
        ]
      },
      "properties": {
        "OBJECTID": 82,
        "Name": "Scilly (Isles of Scilly)",
        "descriptio": " ",
        "F1875DATS": 1,
        "F1875TimberImports": null,
        "FirstYear": null,
        "LastYear": null,
        "Imports": null,
        "Sources": "'Annual Statement of Trade 1875'",
        "GlobalID": "57e7a94a-b2df-48df-8d99-d0434c26e74e",
        "CreationDate": "Wed, 26 Jun 2019 20:21:13 GMT",
        "Creator": "jim.clifford_siastgis8",
        "EditDate": "Wed, 26 Jun 2019 20:21:13 GMT",
        "Editor": "jim.clifford_siastgis8"
      }
    },
    {
      "type": "Feature",
      "id": 84,
      "geometry": {
        "type": "Point",
        "coordinates": [
          -1.44913799999995,
          55.0107620000001,
          0
        ]
      },
      "properties": {
        "OBJECTID": 84,
        "Name": "Shields (North Shields)",
        "descriptio": " ",
        "F1875DATS": 31497,
        "F1875TimberImports": null,
        "FirstYear": null,
        "LastYear": null,
        "Imports": null,
        "Sources": "'Annual Statement of Trade 1875'",
        "GlobalID": "7f3c8002-0fb7-4aa0-84eb-aec7d7d1555b",
        "CreationDate": "Wed, 26 Jun 2019 20:21:13 GMT",
        "Creator": "jim.clifford_siastgis8",
        "EditDate": "Wed, 26 Jun 2019 20:21:13 GMT",
        "Editor": "jim.clifford_siastgis8"
      }
    },
    {
      "type": "Feature",
      "id": 85,
      "geometry": {
        "type": "Point",
        "coordinates": [
          -0.271555799999987,
          50.8342086000001,
          0
        ]
      },
      "properties": {
        "OBJECTID": 85,
        "Name": "Shoreham-by-Sea",
        "descriptio": " ",
        "F1875DATS": 2949,
        "F1875TimberImports": null,
        "FirstYear": null,
        "LastYear": null,
        "Imports": null,
        "Sources": "'Annual Statement of Trade 1875'",
        "GlobalID": "ab0b608f-92a0-47fc-ac4c-1676f2f8768b",
        "CreationDate": "Wed, 26 Jun 2019 20:21:13 GMT",
        "Creator": "jim.clifford_siastgis8",
        "EditDate": "Wed, 26 Jun 2019 20:21:13 GMT",
        "Editor": "jim.clifford_siastgis8"
      }
    },
    {
      "type": "Feature",
      "id": 86,
      "geometry": {
        "type": "Point",
        "coordinates": [
          -1.40435090000005,
          50.9097004,
          0
        ]
      },
      "properties": {
        "OBJECTID": 86,
        "Name": "Southampton",
        "descriptio": " ",
        "F1875DATS": 69833,
        "F1875TimberImports": null,
        "FirstYear": null,
        "LastYear": null,
        "Imports": "wine, fruit, coal, timber, cattle, general merchandise",
        "Sources": "'Annual Statement of Trade 1875', DPCGB1877",
        "GlobalID": "b1d4a0e3-2147-49d0-9b64-b9c55116af4d",
        "CreationDate": "Wed, 26 Jun 2019 20:21:13 GMT",
        "Creator": "jim.clifford_siastgis8",
        "EditDate": "Fri, 28 Jun 2019 20:33:23 GMT",
        "Editor": ""
      }
    },
    {
      "type": "Feature",
      "id": 87,
      "geometry": {
        "type": "Point",
        "coordinates": [
          -1.32898209999991,
          54.5704551000001,
          0
        ]
      },
      "properties": {
        "OBJECTID": 87,
        "Name": "Stockton-on-Tees",
        "descriptio": " ",
        "F1875DATS": 64997,
        "F1875TimberImports": null,
        "FirstYear": null,
        "LastYear": null,
        "Imports": null,
        "Sources": "'Annual Statement of Trade 1875'",
        "GlobalID": "f5936197-ab3e-451f-8d1c-f455bf444a9a",
        "CreationDate": "Wed, 26 Jun 2019 20:21:13 GMT",
        "Creator": "jim.clifford_siastgis8",
        "EditDate": "Wed, 26 Jun 2019 20:21:13 GMT",
        "Editor": "jim.clifford_siastgis8"
      }
    },
    {
      "type": "Feature",
      "id": 88,
      "geometry": {
        "type": "Point",
        "coordinates": [
          -1.38380099999989,
          54.9068690000001,
          0
        ]
      },
      "properties": {
        "OBJECTID": 88,
        "Name": "Sunderland",
        "descriptio": " ",
        "F1875DATS": 125964,
        "F1875TimberImports": null,
        "FirstYear": null,
        "LastYear": null,
        "Imports": "grain, flour, timber, iron, hemp, tar, ores, esparto, sheep, cattle, etc.",
        "Sources": "'Annual Statement of Trade 1875', DPCGB1877",
        "GlobalID": "5cd09717-a870-45a3-9e09-9a9be0817765",
        "CreationDate": "Wed, 26 Jun 2019 20:21:13 GMT",
        "Creator": "jim.clifford_siastgis8",
        "EditDate": "Fri, 28 Jun 2019 20:44:00 GMT",
        "Editor": ""
      }
    },
    {
      "type": "Feature",
      "id": 89,
      "geometry": {
        "type": "Point",
        "coordinates": [
          -3.94364599999994,
          51.62144,
          0
        ]
      },
      "properties": {
        "OBJECTID": 89,
        "Name": "Swansea",
        "descriptio": " ",
        "F1875DATS": 12400,
        "F1875TimberImports": null,
        "FirstYear": null,
        "LastYear": null,
        "Imports": "Timber",
        "Sources": "'Annual Statement of Trade 1875'; Timber Trades Journal 1889",
        "GlobalID": "4faa36fa-0cfe-4252-9bb2-e7f7b56b5076",
        "CreationDate": "Wed, 26 Jun 2019 20:21:13 GMT",
        "Creator": "jim.clifford_siastgis8",
        "EditDate": "Wed, 03 Jul 2019 21:35:31 GMT",
        "Editor": "jim.clifford_siastgis8"
      }
    },
    {
      "type": "Feature",
      "id": 90,
      "geometry": {
        "type": "Point",
        "coordinates": [
          -3.10684900000001,
          51.015344,
          0
        ]
      },
      "properties": {
        "OBJECTID": 90,
        "Name": "Taunton",
        "descriptio": " ",
        "F1875DATS": 8458,
        "F1875TimberImports": null,
        "FirstYear": null,
        "LastYear": null,
        "Imports": null,
        "Sources": "'Annual Statement of Trade 1875'",
        "GlobalID": "754ed5ad-3c03-4597-a339-eafea29fb98a",
        "CreationDate": "Wed, 26 Jun 2019 20:21:13 GMT",
        "Creator": "jim.clifford_siastgis8",
        "EditDate": "Wed, 26 Jun 2019 20:21:13 GMT",
        "Editor": "jim.clifford_siastgis8"
      }
    },
    {
      "type": "Feature",
      "id": 91,
      "geometry": {
        "type": "Point",
        "coordinates": [
          -3.49668799999984,
          50.5470330000001,
          0
        ]
      },
      "properties": {
        "OBJECTID": 91,
        "Name": "Teignmouth",
        "descriptio": " ",
        "F1875DATS": 1715,
        "F1875TimberImports": null,
        "FirstYear": null,
        "LastYear": null,
        "Imports": "coal, general goods",
        "Sources": "'Annual Statement of Trade 1875', DPCGB1877",
        "GlobalID": "6262d81a-d164-418d-9430-b7707dc8f960",
        "CreationDate": "Wed, 26 Jun 2019 20:21:13 GMT",
        "Creator": "jim.clifford_siastgis8",
        "EditDate": "Fri, 28 Jun 2019 20:48:09 GMT",
        "Editor": ""
      }
    },
    {
      "type": "Feature",
      "id": 92,
      "geometry": {
        "type": "Point",
        "coordinates": [
          -5.05104099999994,
          50.2631950000001,
          0
        ]
      },
      "properties": {
        "OBJECTID": 92,
        "Name": "Truro",
        "descriptio": " ",
        "F1875DATS": 9625,
        "F1875TimberImports": null,
        "FirstYear": null,
        "LastYear": null,
        "Imports": "timber",
        "Sources": "'Annual Statement of Trade 1875'; Timber Trades Journal 1889",
        "GlobalID": "48e8e998-b1f3-4a9b-bfe4-87d79bbcd582",
        "CreationDate": "Wed, 26 Jun 2019 20:21:13 GMT",
        "Creator": "jim.clifford_siastgis8",
        "EditDate": "Wed, 03 Jul 2019 21:37:21 GMT",
        "Editor": "jim.clifford_siastgis8"
      }
    },
    {
      "type": "Feature",
      "id": 93,
      "geometry": {
        "type": "Point",
        "coordinates": [
          -0.0281770000000279,
          51.810437,
          0
        ]
      },
      "properties": {
        "OBJECTID": 93,
        "Name": "Ware",
        "descriptio": " ",
        "F1875DATS": 2255,
        "F1875TimberImports": null,
        "FirstYear": null,
        "LastYear": null,
        "Imports": null,
        "Sources": "'Annual Statement of Trade 1875'",
        "GlobalID": "435eb27f-1ac6-4bc9-b762-28a713eb1d9f",
        "CreationDate": "Wed, 26 Jun 2019 20:21:13 GMT",
        "Creator": "jim.clifford_siastgis8",
        "EditDate": "Wed, 26 Jun 2019 20:21:13 GMT",
        "Editor": "jim.clifford_siastgis8"
      }
    },
    {
      "type": "Feature",
      "id": 94,
      "geometry": {
        "type": "Point",
        "coordinates": [
          -2.5969500999999,
          53.3900441000001,
          0
        ]
      },
      "properties": {
        "OBJECTID": 94,
        "Name": "Warrington",
        "descriptio": " ",
        "F1875DATS": 6681,
        "F1875TimberImports": null,
        "FirstYear": null,
        "LastYear": null,
        "Imports": null,
        "Sources": "'Annual Statement of Trade 1875'",
        "GlobalID": "fa50f8ad-194e-4c7e-b0ab-3dcf3841c795",
        "CreationDate": "Wed, 26 Jun 2019 20:21:13 GMT",
        "Creator": "jim.clifford_siastgis8",
        "EditDate": "Wed, 26 Jun 2019 20:21:13 GMT",
        "Editor": "jim.clifford_siastgis8"
      }
    },
    {
      "type": "Feature",
      "id": 95,
      "geometry": {
        "type": "Point",
        "coordinates": [
          -2.64459790000001,
          51.209347,
          0
        ]
      },
      "properties": {
        "OBJECTID": 95,
        "Name": "Wells",
        "descriptio": " ",
        "F1875DATS": 0,
        "F1875TimberImports": null,
        "FirstYear": null,
        "LastYear": null,
        "Imports": "coal, timber, bark, tar, etc",
        "Sources": "'Annual Statement of Trade 1875'; DPCGB1877",
        "GlobalID": "36e5ca8a-0139-4865-ac8a-854744bb2877",
        "CreationDate": "Wed, 26 Jun 2019 20:21:13 GMT",
        "Creator": "jim.clifford_siastgis8",
        "EditDate": "Wed, 03 Jul 2019 21:41:18 GMT",
        "Editor": "jim.clifford_siastgis8"
      }
    },
    {
      "type": "Feature",
      "id": 96,
      "geometry": {
        "type": "Point",
        "coordinates": [
          -2.45762099999996,
          50.6144279,
          0
        ]
      },
      "properties": {
        "OBJECTID": 96,
        "Name": "Weymouth",
        "descriptio": " ",
        "F1875DATS": 11032,
        "F1875TimberImports": null,
        "FirstYear": null,
        "LastYear": null,
        "Imports": null,
        "Sources": "'Annual Statement of Trade 1875'",
        "GlobalID": "128f29f8-02f9-47b2-8948-41e1e083196e",
        "CreationDate": "Wed, 26 Jun 2019 20:21:13 GMT",
        "Creator": "jim.clifford_siastgis8",
        "EditDate": "Wed, 26 Jun 2019 20:21:13 GMT",
        "Editor": "jim.clifford_siastgis8"
      }
    },
    {
      "type": "Feature",
      "id": 97,
      "geometry": {
        "type": "Point",
        "coordinates": [
          -0.613346999999919,
          54.4863350000001,
          0
        ]
      },
      "properties": {
        "OBJECTID": 97,
        "Name": "Whitby",
        "descriptio": " ",
        "F1875DATS": 4291,
        "F1875TimberImports": null,
        "FirstYear": null,
        "LastYear": null,
        "Imports": "timber, etc.",
        "Sources": "'Annual Statement of Trade 1875', DPCGB1877",
        "GlobalID": "8e19ac0f-634f-4ebe-8508-fbc96de1dd50",
        "CreationDate": "Wed, 26 Jun 2019 20:21:13 GMT",
        "Creator": "jim.clifford_siastgis8",
        "EditDate": "Fri, 28 Jun 2019 20:58:14 GMT",
        "Editor": ""
      }
    },
    {
      "type": "Feature",
      "id": 98,
      "geometry": {
        "type": "Point",
        "coordinates": [
          -3.58923300000004,
          54.5496990000001,
          0
        ]
      },
      "properties": {
        "OBJECTID": 98,
        "Name": "Whitehaven",
        "descriptio": " ",
        "F1875DATS": 85641,
        "F1875TimberImports": null,
        "FirstYear": null,
        "LastYear": null,
        "Imports": "no list: timber,",
        "Sources": "'Annual Statement of Trade 1875', DPCGB1877",
        "GlobalID": "da6a13d3-bfb0-4f46-b362-4b59b9b8f76e",
        "CreationDate": "Wed, 26 Jun 2019 20:21:13 GMT",
        "Creator": "jim.clifford_siastgis8",
        "EditDate": "Fri, 28 Jun 2019 20:59:40 GMT",
        "Editor": ""
      }
    },
    {
      "type": "Feature",
      "id": 99,
      "geometry": {
        "type": "Point",
        "coordinates": [
          0.158797000000163,
          52.666317,
          0
        ]
      },
      "properties": {
        "OBJECTID": 99,
        "Name": "Wisbech",
        "descriptio": "See Timber Trades Journal 1873 for brief discussion.",
        "F1875DATS": 0,
        "F1875TimberImports": null,
        "FirstYear": null,
        "LastYear": null,
        "Imports": "timber",
        "Sources": "'Annual Statement of Trade 1875'; Timber Trades Journal 1889",
        "GlobalID": "11b4ba3c-28db-4146-8dc9-79b14b9a3e00",
        "CreationDate": "Wed, 26 Jun 2019 20:21:13 GMT",
        "Creator": "jim.clifford_siastgis8",
        "EditDate": "Wed, 03 Jul 2019 21:54:39 GMT",
        "Editor": "jim.clifford_siastgis8"
      }
    },
    {
      "type": "Feature",
      "id": 100,
      "geometry": {
        "type": "Point",
        "coordinates": [
          1.31257099999993,
          52.095481,
          0
        ]
      },
      "properties": {
        "OBJECTID": 100,
        "Name": "Woodbridge",
        "descriptio": " ",
        "F1875DATS": 1823,
        "F1875TimberImports": null,
        "FirstYear": null,
        "LastYear": null,
        "Imports": "timber, grain, oilcake, salt, coal, slates",
        "Sources": "'Annual Statement of Trade 1875', DPCGB1877",
        "GlobalID": "1620512f-ea19-45e8-8310-955ccb62fc97",
        "CreationDate": "Wed, 26 Jun 2019 20:21:13 GMT",
        "Creator": "jim.clifford_siastgis8",
        "EditDate": "Fri, 28 Jun 2019 21:03:35 GMT",
        "Editor": ""
      }
    },
    {
      "type": "Feature",
      "id": 101,
      "geometry": {
        "type": "Point",
        "coordinates": [
          -2.22157500000003,
          52.193636,
          0
        ]
      },
      "properties": {
        "OBJECTID": 101,
        "Name": "Worcester",
        "descriptio": " ",
        "F1875DATS": 12547,
        "F1875TimberImports": null,
        "FirstYear": null,
        "LastYear": null,
        "Imports": null,
        "Sources": "'Annual Statement of Trade 1875'",
        "GlobalID": "d09f2620-6c31-4386-a20b-d6fd321d3b7a",
        "CreationDate": "Wed, 26 Jun 2019 20:21:13 GMT",
        "Creator": "jim.clifford_siastgis8",
        "EditDate": "Wed, 26 Jun 2019 20:21:13 GMT",
        "Editor": "jim.clifford_siastgis8"
      }
    },
    {
      "type": "Feature",
      "id": 102,
      "geometry": {
        "type": "Point",
        "coordinates": [
          -3.54275200000001,
          54.643569,
          0
        ]
      },
      "properties": {
        "OBJECTID": 102,
        "Name": "Workington",
        "descriptio": " ",
        "F1875DATS": 3355,
        "F1875TimberImports": null,
        "FirstYear": null,
        "LastYear": null,
        "Imports": null,
        "Sources": "'Annual Statement of Trade 1875'",
        "GlobalID": "c4259f4f-86cb-4bef-b639-c951b7ee4113",
        "CreationDate": "Wed, 26 Jun 2019 20:21:13 GMT",
        "Creator": "jim.clifford_siastgis8",
        "EditDate": "Wed, 26 Jun 2019 20:21:13 GMT",
        "Editor": "jim.clifford_siastgis8"
      }
    },
    {
      "type": "Feature",
      "id": 103,
      "geometry": {
        "type": "Point",
        "coordinates": [
          1.72804700000017,
          52.5982330000001,
          0
        ]
      },
      "properties": {
        "OBJECTID": 103,
        "Name": "Yarmouth (Great Yarmouth)",
        "descriptio": " ",
        "F1875DATS": 35046,
        "F1875TimberImports": null,
        "FirstYear": null,
        "LastYear": null,
        "Imports": "timber",
        "Sources": "'Annual Statement of Trade 1875'; Timber Trades Journal 1889",
        "GlobalID": "53278004-1303-4a8f-9df2-884ec2563949",
        "CreationDate": "Wed, 26 Jun 2019 20:21:13 GMT",
        "Creator": "jim.clifford_siastgis8",
        "EditDate": "Wed, 03 Jul 2019 22:17:43 GMT",
        "Editor": "jim.clifford_siastgis8"
      }
    },
    {
      "type": "Feature",
      "id": 104,
      "geometry": {
        "type": "Point",
        "coordinates": [
          -1.08729790000007,
          53.9599651,
          0
        ]
      },
      "properties": {
        "OBJECTID": 104,
        "Name": "York",
        "descriptio": " ",
        "F1875DATS": 11374,
        "F1875TimberImports": null,
        "FirstYear": null,
        "LastYear": null,
        "Imports": null,
        "Sources": "'Annual Statement of Trade 1875'",
        "GlobalID": "3ab3c444-3565-4337-88ae-1ee552db4210",
        "CreationDate": "Wed, 26 Jun 2019 20:21:13 GMT",
        "Creator": "jim.clifford_siastgis8",
        "EditDate": "Wed, 26 Jun 2019 20:21:13 GMT",
        "Editor": "jim.clifford_siastgis8"
      }
    },
    {
      "type": "Feature",
      "id": 105,
      "geometry": {
        "type": "Point",
        "coordinates": [
          -3.53389899999991,
          50.7184120000001,
          0
        ]
      },
      "properties": {
        "OBJECTID": 105,
        "Name": "Exeter",
        "descriptio": " ",
        "F1875DATS": 130607,
        "F1875TimberImports": null,
        "FirstYear": null,
        "LastYear": null,
        "Imports": null,
        "Sources": "'Annual Statement of Trade 1875'",
        "GlobalID": "cbb40a8e-81b1-46ae-8567-d658cac2698e",
        "CreationDate": "Wed, 26 Jun 2019 20:21:13 GMT",
        "Creator": "jim.clifford_siastgis8",
        "EditDate": "Wed, 26 Jun 2019 20:21:13 GMT",
        "Editor": "jim.clifford_siastgis8"
      }
    },
    {
      "type": "Feature",
      "id": 106,
      "geometry": {
        "type": "Point",
        "coordinates": [
          -0.336741299999971,
          53.7456708999999,
          0
        ]
      },
      "properties": {
        "OBJECTID": 106,
        "Name": "Hull",
        "descriptio": " ",
        "F1875DATS": 161461,
        "F1875TimberImports": null,
        "FirstYear": null,
        "LastYear": null,
        "Imports": "timber, iron, hemp, flax, grain, seeds, wool, etc.",
        "Sources": "'Annual Statement of Trade 1875', DPCGB1877",
        "GlobalID": "d1f3f1a6-ad27-4c3d-9961-670e5ace7806",
        "CreationDate": "Wed, 26 Jun 2019 20:21:13 GMT",
        "Creator": "jim.clifford_siastgis8",
        "EditDate": "Fri, 28 Jun 2019 17:19:51 GMT",
        "Editor": ""
      }
    },
    {
      "type": "Feature",
      "id": 107,
      "geometry": {
        "type": "Point",
        "coordinates": [
          0.522699000000102,
          51.270363,
          0
        ]
      },
      "properties": {
        "OBJECTID": 107,
        "Name": "Maidstone",
        "descriptio": " ",
        "F1875DATS": 16610,
        "F1875TimberImports": null,
        "FirstYear": null,
        "LastYear": null,
        "Imports": "coals, stones, cheese, refined sugar, etc.",
        "Sources": "'Annual Statement of Trade 1875', DPCGB1877",
        "GlobalID": "72ef15a5-2bef-42e5-9195-b9479ddf01e9",
        "CreationDate": "Wed, 26 Jun 2019 20:21:13 GMT",
        "Creator": "jim.clifford_siastgis8",
        "EditDate": "Fri, 28 Jun 2019 17:59:30 GMT",
        "Editor": ""
      }
    },
    {
      "type": "Feature",
      "id": 108,
      "geometry": {
        "type": "Point",
        "coordinates": [
          -2.10306332275388,
          57.1453346208669,
          0
        ]
      },
      "properties": {
        "OBJECTID": 108,
        "Name": "Aberdeen",
        "descriptio": null,
        "F1875DATS": null,
        "F1875TimberImports": null,
        "FirstYear": null,
        "LastYear": null,
        "Imports": "Coal, Lime, Iron, Timber, Bones, Esparto-Fibre, Slates, &c.",
        "Sources": "Dock and Port Charges 1877, DPCGB1877",
        "GlobalID": "7917e616-060f-4d1e-9f0b-1d3a34d83f4a",
        "CreationDate": "Wed, 26 Jun 2019 20:28:52 GMT",
        "Creator": "jim.clifford_siastgis8",
        "EditDate": "Wed, 26 Jun 2019 21:53:38 GMT",
        "Editor": ""
      }
    },
    {
      "type": "Feature",
      "id": 111,
      "geometry": {
        "type": "Point",
        "coordinates": [
          -1.52226629597336,
          55.1354889326177,
          0
        ]
      },
      "properties": {
        "OBJECTID": 111,
        "Name": "Blyth",
        "descriptio": null,
        "F1875DATS": null,
        "F1875TimberImports": null,
        "FirstYear": null,
        "LastYear": null,
        "Imports": "no list: timber, grain, apples",
        "Sources": "DPCGB1877",
        "GlobalID": "ab84bb0f-e8bb-4bdd-b68f-a456f30ff6a5",
        "CreationDate": "Wed, 26 Jun 2019 21:19:06 GMT",
        "Creator": "",
        "EditDate": "Wed, 26 Jun 2019 21:21:22 GMT",
        "Editor": ""
      }
    },
    {
      "type": "Feature",
      "id": 112,
      "geometry": {
        "type": "Point",
        "coordinates": [
          -4.25959321138729,
          52.242167152458,
          0
        ]
      },
      "properties": {
        "OBJECTID": 112,
        "Name": "Aberayron",
        "descriptio": null,
        "F1875DATS": null,
        "F1875TimberImports": null,
        "FirstYear": null,
        "LastYear": null,
        "Imports": "timber, coal, limestone, grain, flour, etc.",
        "Sources": "DPCGB1877",
        "GlobalID": "aa85f202-af2d-4da9-87a1-748b1ae6b4d1",
        "CreationDate": "Wed, 26 Jun 2019 21:45:09 GMT",
        "Creator": "",
        "EditDate": "Wed, 26 Jun 2019 21:46:20 GMT",
        "Editor": ""
      }
    },
    {
      "type": "Feature",
      "id": 114,
      "geometry": {
        "type": "Point",
        "coordinates": [
          -4.04408999999999,
          52.5441056124551,
          0
        ]
      },
      "properties": {
        "OBJECTID": 114,
        "Name": "Aberdovey",
        "descriptio": null,
        "F1875DATS": null,
        "F1875TimberImports": null,
        "FirstYear": null,
        "LastYear": null,
        "Imports": "timber, coal, limestone",
        "Sources": "DPCGB1877",
        "GlobalID": "bd05bdf1-3ee8-414a-9cd4-3ccabd7b8955",
        "CreationDate": "Wed, 26 Jun 2019 21:50:10 GMT",
        "Creator": "",
        "EditDate": "Wed, 26 Jun 2019 21:51:07 GMT",
        "Editor": ""
      }
    },
    {
      "type": "Feature",
      "id": 115,
      "geometry": {
        "type": "Point",
        "coordinates": [
          -2.86339283058687,
          56.0084871981303,
          0
        ]
      },
      "properties": {
        "OBJECTID": 115,
        "Name": "Aberlady",
        "descriptio": null,
        "F1875DATS": null,
        "F1875TimberImports": null,
        "FirstYear": null,
        "LastYear": null,
        "Imports": "no list: timber, corn, carrots",
        "Sources": "DPCGB1877",
        "GlobalID": "69119d81-034f-4e80-84da-33ef402b96f5",
        "CreationDate": "Wed, 26 Jun 2019 21:54:55 GMT",
        "Creator": "",
        "EditDate": "Wed, 26 Jun 2019 21:56:21 GMT",
        "Editor": ""
      }
    },
    {
      "type": "Feature",
      "id": 116,
      "geometry": {
        "type": "Point",
        "coordinates": [
          1.59070437301652,
          52.1578087074993,
          0
        ]
      },
      "properties": {
        "OBJECTID": 116,
        "Name": "Aldeburgh",
        "descriptio": null,
        "F1875DATS": null,
        "F1875TimberImports": null,
        "FirstYear": null,
        "LastYear": null,
        "Imports": "timber, grain, slates, coal, salt, etc.",
        "Sources": "DPCGB1877",
        "GlobalID": "15265f46-dc40-4a91-8108-92a94bab503f",
        "CreationDate": "Wed, 26 Jun 2019 22:02:28 GMT",
        "Creator": "",
        "EditDate": "Wed, 26 Jun 2019 22:03:16 GMT",
        "Editor": ""
      }
    },
    {
      "type": "Feature",
      "id": 117,
      "geometry": {
        "type": "Point",
        "coordinates": [
          -3.79518671321335,
          56.1163031824617,
          0
        ]
      },
      "properties": {
        "OBJECTID": 117,
        "Name": "Alloa",
        "descriptio": null,
        "F1875DATS": null,
        "F1875TimberImports": null,
        "FirstYear": null,
        "LastYear": null,
        "Imports": "grain, timber, iron, hemp, etc.",
        "Sources": "DPCGB1877",
        "GlobalID": "a05bd375-e6bf-459c-be8d-623529cd1605",
        "CreationDate": "Wed, 26 Jun 2019 22:05:35 GMT",
        "Creator": "",
        "EditDate": "Wed, 26 Jun 2019 22:06:17 GMT",
        "Editor": ""
      }
    },
    {
      "type": "Feature",
      "id": 118,
      "geometry": {
        "type": "Point",
        "coordinates": [
          -4.34627140548823,
          53.4090367421,
          0
        ]
      },
      "properties": {
        "OBJECTID": 118,
        "Name": "Amlwch",
        "descriptio": null,
        "F1875DATS": null,
        "F1875TimberImports": null,
        "FirstYear": null,
        "LastYear": null,
        "Imports": "timber, coal, iron, copper ore, etc.",
        "Sources": "DPCGB1877",
        "GlobalID": "9a7cf8c6-67fa-4e2e-87de-493669ce4843",
        "CreationDate": "Wed, 26 Jun 2019 22:07:45 GMT",
        "Creator": "",
        "EditDate": "Wed, 26 Jun 2019 22:08:40 GMT",
        "Editor": ""
      }
    },
    {
      "type": "Feature",
      "id": 119,
      "geometry": {
        "type": "Point",
        "coordinates": [
          -2.70109882201402,
          56.2228292684613,
          0
        ]
      },
      "properties": {
        "OBJECTID": 119,
        "Name": "Anstruther",
        "descriptio": null,
        "F1875DATS": null,
        "F1875TimberImports": null,
        "FirstYear": null,
        "LastYear": null,
        "Imports": "general goods",
        "Sources": "DPCGB1877",
        "GlobalID": "9e403e0b-2ebd-4119-a547-d85e8acb92d9",
        "CreationDate": "Wed, 26 Jun 2019 22:09:30 GMT",
        "Creator": "",
        "EditDate": "Wed, 26 Jun 2019 22:09:59 GMT",
        "Editor": ""
      }
    },
    {
      "type": "Feature",
      "id": 120,
      "geometry": {
        "type": "Point",
        "coordinates": [
          -2.59099889825813,
          56.5628888704369,
          0
        ]
      },
      "properties": {
        "OBJECTID": 120,
        "Name": "Arbroath",
        "descriptio": null,
        "F1875DATS": null,
        "F1875TimberImports": null,
        "FirstYear": null,
        "LastYear": null,
        "Imports": "flax, hemp, jute, coal, iron, bones, guano, linseed cake, bleaching powders, salt, lime, timber, grain, slates, etc.",
        "Sources": "DPCGB1877",
        "GlobalID": "eef62aff-6a9d-42d2-bc0a-c847eca0f529",
        "CreationDate": "Wed, 26 Jun 2019 22:11:08 GMT",
        "Creator": "",
        "EditDate": "Wed, 26 Jun 2019 22:12:41 GMT",
        "Editor": ""
      }
    },
    {
      "type": "Feature",
      "id": 121,
      "geometry": {
        "type": "Point",
        "coordinates": [
          -4.80960840777251,
          55.6481390173549,
          0
        ]
      },
      "properties": {
        "OBJECTID": 121,
        "Name": "Ardrossan",
        "descriptio": null,
        "F1875DATS": null,
        "F1875TimberImports": null,
        "FirstYear": null,
        "LastYear": null,
        "Imports": "no list: timber, grain",
        "Sources": "DPCGB1877",
        "GlobalID": "5488835b-3295-4df5-8a3e-b8b0a928c62d",
        "CreationDate": "Wed, 26 Jun 2019 22:14:44 GMT",
        "Creator": "",
        "EditDate": "Wed, 26 Jun 2019 22:15:38 GMT",
        "Editor": ""
      }
    },
    {
      "type": "Feature",
      "id": 122,
      "geometry": {
        "type": "Point",
        "coordinates": [
          -3.17101999999994,
          53.2689892899059,
          0
        ]
      },
      "properties": {
        "OBJECTID": 122,
        "Name": "Bagilt",
        "descriptio": null,
        "F1875DATS": null,
        "F1875TimberImports": null,
        "FirstYear": null,
        "LastYear": null,
        "Imports": "no list: timber",
        "Sources": "DPCGB1877",
        "GlobalID": "dae73c21-243b-4097-9e2e-de26aa13b036",
        "CreationDate": "Wed, 26 Jun 2019 22:18:01 GMT",
        "Creator": "",
        "EditDate": "Tue, 02 Jul 2019 15:18:09 GMT",
        "Editor": ""
      }
    },
    {
      "type": "Feature",
      "id": 123,
      "geometry": {
        "type": "Point",
        "coordinates": [
          1.02850715777626,
          51.8100825385778,
          0
        ]
      },
      "properties": {
        "OBJECTID": 123,
        "Name": "Brightlingsea",
        "descriptio": null,
        "F1875DATS": null,
        "F1875TimberImports": null,
        "FirstYear": null,
        "LastYear": null,
        "Imports": "coal, etc.",
        "Sources": "DPCGB1877",
        "GlobalID": "80b4401e-61c7-4122-be89-4073f0ac4236",
        "CreationDate": "Fri, 28 Jun 2019 15:06:45 GMT",
        "Creator": "",
        "EditDate": "Fri, 28 Jun 2019 15:06:45 GMT",
        "Editor": ""
      }
    },
    {
      "type": "Feature",
      "id": 124,
      "geometry": {
        "type": "Point",
        "coordinates": [
          -0.66103127471454,
          51.5364542199465,
          0
        ]
      },
      "properties": {
        "OBJECTID": 124,
        "Name": "Burnham",
        "descriptio": null,
        "F1875DATS": null,
        "F1875TimberImports": null,
        "FirstYear": null,
        "LastYear": null,
        "Imports": "coal, culm, grain",
        "Sources": "DPCGB1877",
        "GlobalID": "d2e27085-fe0c-4f8f-84d0-fbc2ffa44b03",
        "CreationDate": "Fri, 28 Jun 2019 15:17:11 GMT",
        "Creator": "",
        "EditDate": "Fri, 28 Jun 2019 15:17:42 GMT",
        "Editor": ""
      }
    },
    {
      "type": "Feature",
      "id": 125,
      "geometry": {
        "type": "Point",
        "coordinates": [
          -2.98915238294218,
          51.2404233328371,
          0
        ]
      },
      "properties": {
        "OBJECTID": 125,
        "Name": "Burnham Wells",
        "descriptio": null,
        "F1875DATS": null,
        "F1875TimberImports": null,
        "FirstYear": null,
        "LastYear": null,
        "Imports": "coal",
        "Sources": "DPCGB1877",
        "GlobalID": "db6ae368-f95e-46f9-a1c0-1a3bc869ce5c",
        "CreationDate": "Fri, 28 Jun 2019 15:20:39 GMT",
        "Creator": "",
        "EditDate": "Fri, 28 Jun 2019 15:21:05 GMT",
        "Editor": ""
      }
    },
    {
      "type": "Feature",
      "id": 126,
      "geometry": {
        "type": "Point",
        "coordinates": [
          -3.23438833862298,
          56.059044618928,
          0
        ]
      },
      "properties": {
        "OBJECTID": 126,
        "Name": "Burntisland",
        "descriptio": null,
        "F1875DATS": null,
        "F1875TimberImports": null,
        "FirstYear": null,
        "LastYear": null,
        "Imports": "no list: grain, timber",
        "Sources": "DPCGB1877",
        "GlobalID": "ed1fd949-119f-45a2-a99a-18cce78247a3",
        "CreationDate": "Fri, 28 Jun 2019 15:23:06 GMT",
        "Creator": "",
        "EditDate": "Fri, 28 Jun 2019 15:25:08 GMT",
        "Editor": ""
      }
    },
    {
      "type": "Feature",
      "id": 127,
      "geometry": {
        "type": "Point",
        "coordinates": [
          -4.24937562131073,
          51.6827160162001,
          0
        ]
      },
      "properties": {
        "OBJECTID": 127,
        "Name": "Burry Port",
        "descriptio": null,
        "F1875DATS": null,
        "F1875TimberImports": null,
        "FirstYear": null,
        "LastYear": null,
        "Imports": "no list: grain, timber,",
        "Sources": "DPCGB1877",
        "GlobalID": "4a09b56c-8b31-4f54-a6bf-2321129af593",
        "CreationDate": "Fri, 28 Jun 2019 15:26:58 GMT",
        "Creator": "",
        "EditDate": "Fri, 28 Jun 2019 15:29:00 GMT",
        "Editor": ""
      }
    },
    {
      "type": "Feature",
      "id": 128,
      "geometry": {
        "type": "Point",
        "coordinates": [
          -4.2654495239257,
          56.8284698991511,
          0
        ]
      },
      "properties": {
        "OBJECTID": 128,
        "Name": "Caledonian Canal",
        "descriptio": null,
        "F1875DATS": null,
        "F1875TimberImports": null,
        "FirstYear": null,
        "LastYear": null,
        "Imports": "no list: timber, grain, vegetables",
        "Sources": "DPCGB1877",
        "GlobalID": "d621bf95-b4e6-419e-a8a5-cc0caea47139",
        "CreationDate": "Fri, 28 Jun 2019 15:40:02 GMT",
        "Creator": "",
        "EditDate": "Fri, 28 Jun 2019 15:41:04 GMT",
        "Editor": ""
      }
    },
    {
      "type": "Feature",
      "id": 129,
      "geometry": {
        "type": "Point",
        "coordinates": [
          -4.20658874603265,
          50.4963485804049,
          0
        ]
      },
      "properties": {
        "OBJECTID": 129,
        "Name": "Calstock",
        "descriptio": null,
        "F1875DATS": null,
        "F1875TimberImports": null,
        "FirstYear": null,
        "LastYear": null,
        "Imports": "chiefly coal, culm",
        "Sources": "DPCGB1877",
        "GlobalID": "8aae1053-0060-43f6-8762-7c24dbf2fe83",
        "CreationDate": "Fri, 28 Jun 2019 15:41:35 GMT",
        "Creator": "",
        "EditDate": "Fri, 28 Jun 2019 15:42:07 GMT",
        "Editor": ""
      }
    },
    {
      "type": "Feature",
      "id": 132,
      "geometry": {
        "type": "Point",
        "coordinates": [
          -6.17798858370251,
          54.0420367492814,
          0
        ]
      },
      "properties": {
        "OBJECTID": 132,
        "Name": "Carlingford Lough",
        "descriptio": null,
        "F1875DATS": null,
        "F1875TimberImports": null,
        "FirstYear": null,
        "LastYear": null,
        "Imports": "coal, grain, timber",
        "Sources": "DPCGB1877",
        "GlobalID": "1c908dd0-0ebf-479b-8ed4-e233faeec3c5",
        "CreationDate": "Fri, 28 Jun 2019 15:54:25 GMT",
        "Creator": "",
        "EditDate": "Fri, 28 Jun 2019 15:54:48 GMT",
        "Editor": ""
      }
    },
    {
      "type": "Feature",
      "id": 133,
      "geometry": {
        "type": "Point",
        "coordinates": [
          -4.45166996470088,
          53.4122994205878,
          0
        ]
      },
      "properties": {
        "OBJECTID": 133,
        "Name": "Cemaes",
        "descriptio": null,
        "F1875DATS": null,
        "F1875TimberImports": null,
        "FirstYear": null,
        "LastYear": null,
        "Imports": "coal, culm",
        "Sources": "DPCGB1877",
        "GlobalID": "c0c7596a-256f-4435-bdba-0f4d02861a72",
        "CreationDate": "Fri, 28 Jun 2019 15:57:18 GMT",
        "Creator": "",
        "EditDate": "Fri, 28 Jun 2019 15:57:35 GMT",
        "Editor": ""
      }
    },
    {
      "type": "Feature",
      "id": 134,
      "geometry": {
        "type": "Point",
        "coordinates": [
          -4.76100880085048,
          50.3351678796083,
          0
        ]
      },
      "properties": {
        "OBJECTID": 134,
        "Name": "Charlestown",
        "descriptio": null,
        "F1875DATS": null,
        "F1875TimberImports": null,
        "FirstYear": null,
        "LastYear": null,
        "Imports": "timber, coal, etc.",
        "Sources": "DPCGB1877",
        "GlobalID": "f38e5c16-849c-43b1-83a2-9f5c6f298afc",
        "CreationDate": "Fri, 28 Jun 2019 15:59:39 GMT",
        "Creator": "",
        "EditDate": "Fri, 28 Jun 2019 16:00:09 GMT",
        "Editor": ""
      }
    },
    {
      "type": "Feature",
      "id": 135,
      "geometry": {
        "type": "Point",
        "coordinates": [
          -2.96208749206539,
          55.9694835299034,
          0
        ]
      },
      "properties": {
        "OBJECTID": 135,
        "Name": "Cockenzie",
        "descriptio": null,
        "F1875DATS": null,
        "F1875TimberImports": null,
        "FirstYear": null,
        "LastYear": null,
        "Imports": "no list: timber",
        "Sources": "DPCGB1877",
        "GlobalID": "dacce7d0-0237-4093-9fc8-590c9751cf25",
        "CreationDate": "Fri, 28 Jun 2019 16:04:09 GMT",
        "Creator": "",
        "EditDate": "Fri, 28 Jun 2019 16:04:33 GMT",
        "Editor": ""
      }
    },
    {
      "type": "Feature",
      "id": 137,
      "geometry": {
        "type": "Point",
        "coordinates": [
          -5.50174987304685,
          56.0633533888453,
          0
        ]
      },
      "properties": {
        "OBJECTID": 137,
        "Name": "Crinan Canal",
        "descriptio": null,
        "F1875DATS": null,
        "F1875TimberImports": null,
        "FirstYear": null,
        "LastYear": null,
        "Imports": "no list: grain",
        "Sources": "DPCGB1877",
        "GlobalID": "56a7c838-0432-499f-a26f-a13049197e02",
        "CreationDate": "Fri, 28 Jun 2019 16:10:00 GMT",
        "Creator": "",
        "EditDate": "Fri, 28 Jun 2019 16:10:55 GMT",
        "Editor": ""
      }
    },
    {
      "type": "Feature",
      "id": 138,
      "geometry": {
        "type": "Point",
        "coordinates": [
          -5.63526416931148,
          55.4422969238827,
          0
        ]
      },
      "properties": {
        "OBJECTID": 138,
        "Name": "Drumore",
        "descriptio": null,
        "F1875DATS": null,
        "F1875TimberImports": null,
        "FirstYear": null,
        "LastYear": null,
        "Imports": "coal, lime, etc.",
        "Sources": "DPCGB1877",
        "GlobalID": "9333611f-c995-40d8-a32b-0b785cf4cc3c",
        "CreationDate": "Fri, 28 Jun 2019 16:21:49 GMT",
        "Creator": "",
        "EditDate": "Fri, 28 Jun 2019 16:22:10 GMT",
        "Editor": ""
      }
    },
    {
      "type": "Feature",
      "id": 139,
      "geometry": {
        "type": "Point",
        "coordinates": [
          -2.96765932817017,
          56.4612028818325,
          0
        ]
      },
      "properties": {
        "OBJECTID": 139,
        "Name": "Dundee",
        "descriptio": null,
        "F1875DATS": null,
        "F1875TimberImports": null,
        "FirstYear": null,
        "LastYear": null,
        "Imports": "timber, iron, flax, hemp, jute, lime, guano, grain, coal, blubber, etc.",
        "Sources": "DPCGB1877",
        "GlobalID": "a3c55113-bdfe-4a7f-99ec-3cca4002abb4",
        "CreationDate": "Fri, 28 Jun 2019 16:23:20 GMT",
        "Creator": "",
        "EditDate": "Fri, 28 Jun 2019 16:24:26 GMT",
        "Editor": ""
      }
    },
    {
      "type": "Feature",
      "id": 140,
      "geometry": {
        "type": "Point",
        "coordinates": [
          -3.12555166137691,
          56.1254756201017,
          0
        ]
      },
      "properties": {
        "OBJECTID": 140,
        "Name": "Dysart",
        "descriptio": null,
        "F1875DATS": null,
        "F1875TimberImports": null,
        "FirstYear": null,
        "LastYear": null,
        "Imports": "flax, coal, etc.",
        "Sources": "DPCGB1877",
        "GlobalID": "c40da0e4-e8cb-43aa-bb22-0bab2888d135",
        "CreationDate": "Fri, 28 Jun 2019 16:26:37 GMT",
        "Creator": "",
        "EditDate": "Fri, 28 Jun 2019 16:27:09 GMT",
        "Editor": ""
      }
    },
    {
      "type": "Feature",
      "id": 141,
      "geometry": {
        "type": "Point",
        "coordinates": [
          -2.81741833862298,
          56.1906457854752,
          0
        ]
      },
      "properties": {
        "OBJECTID": 141,
        "Name": "Elie",
        "descriptio": null,
        "F1875DATS": null,
        "F1875TimberImports": null,
        "FirstYear": null,
        "LastYear": null,
        "Imports": "coal, paving stones, slates, etc.",
        "Sources": "DPCGB1877",
        "GlobalID": "2d149185-d4e1-4253-9864-d6db1afd91d3",
        "CreationDate": "Fri, 28 Jun 2019 16:28:56 GMT",
        "Creator": "",
        "EditDate": "Fri, 28 Jun 2019 16:29:28 GMT",
        "Editor": ""
      }
    },
    {
      "type": "Feature",
      "id": 142,
      "geometry": {
        "type": "Point",
        "coordinates": [
          -2.09493833862302,
          55.8732747892587,
          0
        ]
      },
      "properties": {
        "OBJECTID": 142,
        "Name": "Eyemouth",
        "descriptio": null,
        "F1875DATS": null,
        "F1875TimberImports": null,
        "FirstYear": null,
        "LastYear": null,
        "Imports": "no list: grain, timber",
        "Sources": "DPCGB1877",
        "GlobalID": "c9083b99-bec9-4beb-82de-179a3e180370",
        "CreationDate": "Fri, 28 Jun 2019 16:30:31 GMT",
        "Creator": "",
        "EditDate": "Fri, 28 Jun 2019 16:30:52 GMT",
        "Editor": ""
      }
    },
    {
      "type": "Feature",
      "id": 144,
      "geometry": {
        "type": "Point",
        "coordinates": [
          0.888274418029924,
          51.3174325831495,
          0
        ]
      },
      "properties": {
        "OBJECTID": 144,
        "Name": "Faversham",
        "descriptio": null,
        "F1875DATS": 1254,
        "F1875TimberImports": null,
        "FirstYear": null,
        "LastYear": null,
        "Imports": "timber, coal, iron, etc.",
        "Sources": "'Annual Statement of Trade 1875'; DPCGB1877",
        "GlobalID": "4d4dfad3-895a-48c1-adb1-5c97e5b4219a",
        "CreationDate": "Fri, 28 Jun 2019 16:35:32 GMT",
        "Creator": "",
        "EditDate": "Wed, 03 Jul 2019 20:37:16 GMT",
        "Editor": "jim.clifford_siastgis8"
      }
    },
    {
      "type": "Feature",
      "id": 145,
      "geometry": {
        "type": "Point",
        "coordinates": [
          -3.61197833862298,
          57.6602345299169,
          0
        ]
      },
      "properties": {
        "OBJECTID": 145,
        "Name": "Findhorn",
        "descriptio": null,
        "F1875DATS": null,
        "F1875TimberImports": null,
        "FirstYear": null,
        "LastYear": null,
        "Imports": "coal, grain, salt, timber",
        "Sources": "DPCGB1877",
        "GlobalID": "db583d56-ec95-49ba-a27c-a38c01b64a7f",
        "CreationDate": "Fri, 28 Jun 2019 16:37:11 GMT",
        "Creator": "",
        "EditDate": "Fri, 28 Jun 2019 16:37:34 GMT",
        "Editor": ""
      }
    },
    {
      "type": "Feature",
      "id": 146,
      "geometry": {
        "type": "Point",
        "coordinates": [
          -5.10828833862303,
          56.818626919256,
          0
        ]
      },
      "properties": {
        "OBJECTID": 146,
        "Name": "Fort William",
        "descriptio": null,
        "F1875DATS": null,
        "F1875TimberImports": null,
        "FirstYear": null,
        "LastYear": null,
        "Imports": "timber, grain, artificial manures",
        "Sources": "DPCGB1877",
        "GlobalID": "e9c8b868-a242-474f-8ddd-079a05a43543",
        "CreationDate": "Fri, 28 Jun 2019 16:38:24 GMT",
        "Creator": "",
        "EditDate": "Fri, 28 Jun 2019 16:38:55 GMT",
        "Editor": ""
      }
    },
    {
      "type": "Feature",
      "id": 147,
      "geometry": {
        "type": "Point",
        "coordinates": [
          -4.48322342177961,
          55.9336026232134,
          0
        ]
      },
      "properties": {
        "OBJECTID": 147,
        "Name": "Forth and Clyde Canal",
        "descriptio": null,
        "F1875DATS": null,
        "F1875TimberImports": null,
        "FirstYear": null,
        "LastYear": null,
        "Imports": "no list: timber,",
        "Sources": "DPCGB1877",
        "GlobalID": "9f6abbd1-1241-4c32-ada2-6134129307c2",
        "CreationDate": "Fri, 28 Jun 2019 16:40:04 GMT",
        "Creator": "",
        "EditDate": "Fri, 28 Jun 2019 16:41:18 GMT",
        "Editor": ""
      }
    },
    {
      "type": "Feature",
      "id": 148,
      "geometry": {
        "type": "Point",
        "coordinates": [
          -0.0425866772460404,
          52.8724611527175,
          0
        ]
      },
      "properties": {
        "OBJECTID": 148,
        "Name": "Fosdyke Bridge",
        "descriptio": null,
        "F1875DATS": null,
        "F1875TimberImports": null,
        "FirstYear": null,
        "LastYear": null,
        "Imports": "no list: timber",
        "Sources": "DPCGB1877",
        "GlobalID": "e613b3f5-9af6-46eb-8db4-42947c77c4f3",
        "CreationDate": "Fri, 28 Jun 2019 16:41:50 GMT",
        "Creator": "",
        "EditDate": "Fri, 28 Jun 2019 16:42:10 GMT",
        "Editor": ""
      }
    },
    {
      "type": "Feature",
      "id": 150,
      "geometry": {
        "type": "Point",
        "coordinates": [
          -4.85856999999993,
          55.2424278559238,
          0
        ]
      },
      "properties": {
        "OBJECTID": 150,
        "Name": "Girvan",
        "descriptio": null,
        "F1875DATS": null,
        "F1875TimberImports": null,
        "FirstYear": null,
        "LastYear": null,
        "Imports": "general goods",
        "Sources": "DPCGB1877",
        "GlobalID": "71969894-9bf4-41e9-9995-f845c4a3035c",
        "CreationDate": "Fri, 28 Jun 2019 16:48:11 GMT",
        "Creator": "",
        "EditDate": "Fri, 28 Jun 2019 16:48:25 GMT",
        "Editor": ""
      }
    },
    {
      "type": "Feature",
      "id": 151,
      "geometry": {
        "type": "Point",
        "coordinates": [
          -4.24254728271348,
          55.8582389117887,
          0
        ]
      },
      "properties": {
        "OBJECTID": 151,
        "Name": "Glasgow",
        "descriptio": null,
        "F1875DATS": null,
        "F1875TimberImports": null,
        "FirstYear": null,
        "LastYear": null,
        "Imports": "grain, flour, timber, sugar, sulphur, hides, ores, oil, seeds, beef, pork, cheese, iron, etc.",
        "Sources": "DPCGB1877",
        "GlobalID": "31786650-4885-46da-a095-691b99863926",
        "CreationDate": "Fri, 28 Jun 2019 16:49:16 GMT",
        "Creator": "",
        "EditDate": "Sun, 18 Apr 2021 15:37:56 GMT",
        "Editor": "jim.clifford_siastgis8"
      }
    },
    {
      "type": "Feature",
      "id": 152,
      "geometry": {
        "type": "Point",
        "coordinates": [
          -2.85038542327873,
          53.9983577834251,
          0
        ]
      },
      "properties": {
        "OBJECTID": 152,
        "Name": "Glasson Dock",
        "descriptio": null,
        "F1875DATS": null,
        "F1875TimberImports": null,
        "FirstYear": null,
        "LastYear": null,
        "Imports": "flour, timber, grain",
        "Sources": "DPCGB1877",
        "GlobalID": "13a7ac56-2043-4481-9234-3ceba0d4623f",
        "CreationDate": "Fri, 28 Jun 2019 16:51:25 GMT",
        "Creator": "",
        "EditDate": "Fri, 28 Jun 2019 16:51:55 GMT",
        "Editor": ""
      }
    },
    {
      "type": "Feature",
      "id": 153,
      "geometry": {
        "type": "Point",
        "coordinates": [
          -2.28637667724593,
          56.8335335130119,
          0
        ]
      },
      "properties": {
        "OBJECTID": 153,
        "Name": "Gourdon",
        "descriptio": null,
        "F1875DATS": null,
        "F1875TimberImports": null,
        "FirstYear": null,
        "LastYear": null,
        "Imports": "coal, lime, guano, linseed cake, general goods",
        "Sources": "DPCGB1877",
        "GlobalID": "b9c98183-0e62-4131-88b1-768ed21ad166",
        "CreationDate": "Fri, 28 Jun 2019 16:56:48 GMT",
        "Creator": "",
        "EditDate": "Fri, 28 Jun 2019 16:57:33 GMT",
        "Editor": ""
      }
    },
    {
      "type": "Feature",
      "id": 154,
      "geometry": {
        "type": "Point",
        "coordinates": [
          -3.71710520629876,
          56.0086943296901,
          0
        ]
      },
      "properties": {
        "OBJECTID": 154,
        "Name": "Grangemouth",
        "descriptio": null,
        "F1875DATS": null,
        "F1875TimberImports": null,
        "FirstYear": null,
        "LastYear": null,
        "Imports": "no list: timber",
        "Sources": "DPCGB1877",
        "GlobalID": "0df74483-24d2-42f8-9520-f3c26d00ae44",
        "CreationDate": "Fri, 28 Jun 2019 16:58:12 GMT",
        "Creator": "",
        "EditDate": "Fri, 28 Jun 2019 16:59:04 GMT",
        "Editor": ""
      }
    },
    {
      "type": "Feature",
      "id": 156,
      "geometry": {
        "type": "Point",
        "coordinates": [
          -3.22823169311514,
          55.9840543311144,
          0
        ]
      },
      "properties": {
        "OBJECTID": 156,
        "Name": "Granton Harbour",
        "descriptio": null,
        "F1875DATS": null,
        "F1875TimberImports": null,
        "FirstYear": null,
        "LastYear": null,
        "Imports": "timber, iron ore, grain, tobacco, esparto, etc.",
        "Sources": "DPCGB1877",
        "GlobalID": "b578a65d-c93e-4432-8537-e4931e576f94",
        "CreationDate": "Fri, 28 Jun 2019 17:01:27 GMT",
        "Creator": "",
        "EditDate": "Fri, 28 Jun 2019 17:01:27 GMT",
        "Editor": ""
      }
    },
    {
      "type": "Feature",
      "id": 157,
      "geometry": {
        "type": "Point",
        "coordinates": [
          -4.75971798437838,
          55.9505077629267,
          0
        ]
      },
      "properties": {
        "OBJECTID": 157,
        "Name": "Greenock",
        "descriptio": null,
        "F1875DATS": null,
        "F1875TimberImports": null,
        "FirstYear": null,
        "LastYear": null,
        "Imports": "sugar, timber, grain, cotton, hemp, iron, oil, fish",
        "Sources": "DPCGB1877",
        "GlobalID": "7b4c344e-b6c5-4d66-ae2c-491ec46af54d",
        "CreationDate": "Fri, 28 Jun 2019 17:02:37 GMT",
        "Creator": "",
        "EditDate": "Fri, 28 Jun 2019 17:03:21 GMT",
        "Editor": ""
      }
    },
    {
      "type": "Feature",
      "id": 162,
      "geometry": {
        "type": "Point",
        "coordinates": [
          -3.42799910760928,
          57.7062801150496,
          0
        ]
      },
      "properties": {
        "OBJECTID": 162,
        "Name": "Hopeman",
        "descriptio": null,
        "F1875DATS": null,
        "F1875TimberImports": null,
        "FirstYear": null,
        "LastYear": null,
        "Imports": "grain, guano, manure, etc.",
        "Sources": "DPCGB1877",
        "GlobalID": "2b21bd15-fc23-4019-b636-d22fac821006",
        "CreationDate": "Fri, 28 Jun 2019 17:17:31 GMT",
        "Creator": "",
        "EditDate": "Fri, 28 Jun 2019 17:17:31 GMT",
        "Editor": ""
      }
    },
    {
      "type": "Feature",
      "id": 164,
      "geometry": {
        "type": "Point",
        "coordinates": [
          -4.16644392846346,
          57.6878475545925,
          0
        ]
      },
      "properties": {
        "OBJECTID": 164,
        "Name": "Invergordon",
        "descriptio": null,
        "F1875DATS": null,
        "F1875TimberImports": null,
        "FirstYear": null,
        "LastYear": null,
        "Imports": "coal, wood, grain, etc.",
        "Sources": "DPCGB1877",
        "GlobalID": "ffcb3354-73bd-4537-b9d2-d251aae26435",
        "CreationDate": "Fri, 28 Jun 2019 17:22:59 GMT",
        "Creator": "",
        "EditDate": "Fri, 28 Jun 2019 17:22:59 GMT",
        "Editor": ""
      }
    },
    {
      "type": "Feature",
      "id": 166,
      "geometry": {
        "type": "Point",
        "coordinates": [
          -4.22737025390621,
          57.4827277738256,
          0
        ]
      },
      "properties": {
        "OBJECTID": 166,
        "Name": "Inverness",
        "descriptio": null,
        "F1875DATS": null,
        "F1875TimberImports": null,
        "FirstYear": null,
        "LastYear": null,
        "Imports": "grain, guano, timber, tar, bones, coal, lime, iron, slates",
        "Sources": "DPCGB1877",
        "GlobalID": "fb883d73-7243-4672-9b10-00f5a116d176",
        "CreationDate": "Fri, 28 Jun 2019 17:24:51 GMT",
        "Creator": "",
        "EditDate": "Fri, 28 Jun 2019 17:24:51 GMT",
        "Editor": ""
      }
    },
    {
      "type": "Feature",
      "id": 170,
      "geometry": {
        "type": "Point",
        "coordinates": [
          -2.11656614288325,
          49.2123139663416,
          0
        ]
      },
      "properties": {
        "OBJECTID": 170,
        "Name": "Jersey",
        "descriptio": null,
        "F1875DATS": null,
        "F1875TimberImports": null,
        "FirstYear": null,
        "LastYear": null,
        "Imports": "coals, grain, potatoes, cement, etc.",
        "Sources": "DPCGB1877",
        "GlobalID": "687d092d-d3e4-4579-a3b5-8f4980c2b71e",
        "CreationDate": "Fri, 28 Jun 2019 17:29:20 GMT",
        "Creator": "",
        "EditDate": "Fri, 28 Jun 2019 17:29:28 GMT",
        "Editor": ""
      }
    },
    {
      "type": "Feature",
      "id": 172,
      "geometry": {
        "type": "Point",
        "coordinates": [
          -2.32760674072262,
          56.8017969438479,
          0
        ]
      },
      "properties": {
        "OBJECTID": 172,
        "Name": "Johnshaven",
        "descriptio": null,
        "F1875DATS": null,
        "F1875TimberImports": null,
        "FirstYear": null,
        "LastYear": null,
        "Imports": "coal, lime, flax, hemp, etc.",
        "Sources": "DPCGB1877",
        "GlobalID": "65d73cb7-5e1e-4ae0-ad70-837c8f67e654",
        "CreationDate": "Fri, 28 Jun 2019 17:30:33 GMT",
        "Creator": "",
        "EditDate": "Fri, 28 Jun 2019 17:30:33 GMT",
        "Editor": ""
      }
    },
    {
      "type": "Feature",
      "id": 174,
      "geometry": {
        "type": "Point",
        "coordinates": [
          -3.7297891093874,
          56.1010824323914,
          0
        ]
      },
      "properties": {
        "OBJECTID": 174,
        "Name": "Kennetpans",
        "descriptio": null,
        "F1875DATS": null,
        "F1875TimberImports": null,
        "FirstYear": null,
        "LastYear": null,
        "Imports": "general goods",
        "Sources": "DPCGB1877",
        "GlobalID": "bb465d32-b81c-433f-80cc-711d7daeae7e",
        "CreationDate": "Fri, 28 Jun 2019 17:34:00 GMT",
        "Creator": "",
        "EditDate": "Fri, 28 Jun 2019 17:34:00 GMT",
        "Editor": ""
      }
    },
    {
      "type": "Feature",
      "id": 176,
      "geometry": {
        "type": "Point",
        "coordinates": [
          -3.16149504760739,
          56.109236880424,
          0
        ]
      },
      "properties": {
        "OBJECTID": 176,
        "Name": "Kirkcaldy",
        "descriptio": null,
        "F1875DATS": null,
        "F1875TimberImports": null,
        "FirstYear": null,
        "LastYear": null,
        "Imports": "chiefly flax, timber, guano, corn, etc.",
        "Sources": "DPCGB1877",
        "GlobalID": "6de68f48-2cdb-46b2-a5e6-eed1da7ad829",
        "CreationDate": "Fri, 28 Jun 2019 17:35:36 GMT",
        "Creator": "",
        "EditDate": "Fri, 28 Jun 2019 17:35:36 GMT",
        "Editor": ""
      }
    },
    {
      "type": "Feature",
      "id": 178,
      "geometry": {
        "type": "Point",
        "coordinates": [
          -4.04873996826166,
          54.8366749408944,
          0
        ]
      },
      "properties": {
        "OBJECTID": 178,
        "Name": "Kirkcudbright",
        "descriptio": null,
        "F1875DATS": null,
        "F1875TimberImports": null,
        "FirstYear": null,
        "LastYear": null,
        "Imports": "coal, lime, slates, manure, general goods",
        "Sources": "DPCGB1877",
        "GlobalID": "bef16990-7eb4-4320-9f63-23e924a54412",
        "CreationDate": "Fri, 28 Jun 2019 17:37:10 GMT",
        "Creator": "",
        "EditDate": "Fri, 28 Jun 2019 17:37:10 GMT",
        "Editor": ""
      }
    },
    {
      "type": "Feature",
      "id": 180,
      "geometry": {
        "type": "Point",
        "coordinates": [
          -3.16607291534422,
          55.9765554947196,
          0
        ]
      },
      "properties": {
        "OBJECTID": 180,
        "Name": "Leith",
        "descriptio": null,
        "F1875DATS": null,
        "F1875TimberImports": null,
        "FirstYear": null,
        "LastYear": null,
        "Imports": "grain, hemp, provisions, cattle, esparto fibre, ores, timber, manure, wine, etc.",
        "Sources": "DPCGB1877",
        "GlobalID": "27e3b06f-29fa-41e7-8fea-fe52b3f8f7a1",
        "CreationDate": "Fri, 28 Jun 2019 17:38:40 GMT",
        "Creator": "",
        "EditDate": "Thu, 11 Jul 2019 19:11:53 GMT",
        "Editor": ""
      }
    },
    {
      "type": "Feature",
      "id": 182,
      "geometry": {
        "type": "Point",
        "coordinates": [
          -4.45492833862304,
          50.3570286798092,
          0
        ]
      },
      "properties": {
        "OBJECTID": 182,
        "Name": "Looe",
        "descriptio": null,
        "F1875DATS": null,
        "F1875TimberImports": null,
        "FirstYear": null,
        "LastYear": null,
        "Imports": "timber, coal, general goods",
        "Sources": "DPCGB1877",
        "GlobalID": "d67cd3e0-7d6d-4bde-9efa-a82744c2ae74",
        "CreationDate": "Fri, 28 Jun 2019 17:49:56 GMT",
        "Creator": "",
        "EditDate": "Fri, 28 Jun 2019 17:50:47 GMT",
        "Editor": ""
      }
    },
    {
      "type": "Feature",
      "id": 183,
      "geometry": {
        "type": "Point",
        "coordinates": [
          -3.28365663223264,
          57.7174756883998,
          0
        ]
      },
      "properties": {
        "OBJECTID": 183,
        "Name": "Lossiemouth",
        "descriptio": null,
        "F1875DATS": null,
        "F1875TimberImports": null,
        "FirstYear": null,
        "LastYear": null,
        "Imports": "timber, grain, bones, bark, staves, coals, manure, etc.",
        "Sources": "DPCGB1877",
        "GlobalID": "0ce3c6a8-aeea-4559-ba2e-7f536e333ec8",
        "CreationDate": "Fri, 28 Jun 2019 17:51:59 GMT",
        "Creator": "",
        "EditDate": "Fri, 28 Jun 2019 17:51:59 GMT",
        "Editor": ""
      }
    },
    {
      "type": "Feature",
      "id": 186,
      "geometry": {
        "type": "Point",
        "coordinates": [
          -3.47868003173824,
          51.2060458687048,
          0
        ]
      },
      "properties": {
        "OBJECTID": 186,
        "Name": "Minehead",
        "descriptio": null,
        "F1875DATS": null,
        "F1875TimberImports": null,
        "FirstYear": null,
        "LastYear": null,
        "Imports": "no list: timber, grain",
        "Sources": "DPCGB1877",
        "GlobalID": "40ca8f15-87d1-4c3c-a767-89f7b8626c2d",
        "CreationDate": "Fri, 28 Jun 2019 19:08:52 GMT",
        "Creator": "",
        "EditDate": "Fri, 28 Jun 2019 19:09:27 GMT",
        "Editor": ""
      }
    },
    {
      "type": "Feature",
      "id": 187,
      "geometry": {
        "type": "Point",
        "coordinates": [
          -2.8725901177695,
          51.7636426897445,
          0
        ]
      },
      "properties": {
        "OBJECTID": 187,
        "Name": "Monmouthshire Canals",
        "descriptio": null,
        "F1875DATS": null,
        "F1875TimberImports": null,
        "FirstYear": null,
        "LastYear": null,
        "Imports": "no list: timber",
        "Sources": "DPCGB1877",
        "GlobalID": "d6865a82-216a-4cda-bf26-9ce98a67bb8b",
        "CreationDate": "Fri, 28 Jun 2019 19:11:15 GMT",
        "Creator": "",
        "EditDate": "Fri, 28 Jun 2019 19:11:15 GMT",
        "Editor": ""
      }
    },
    {
      "type": "Feature",
      "id": 188,
      "geometry": {
        "type": "Point",
        "coordinates": [
          -2.46576667724605,
          56.7213304436428,
          0
        ]
      },
      "properties": {
        "OBJECTID": 188,
        "Name": "Montrose",
        "descriptio": null,
        "F1875DATS": null,
        "F1875TimberImports": null,
        "FirstYear": null,
        "LastYear": null,
        "Imports": "flax, hemp, timber",
        "Sources": "DPCGB1877",
        "GlobalID": "307d8d25-02fb-4e30-91df-a0fcca905852",
        "CreationDate": "Fri, 28 Jun 2019 19:12:07 GMT",
        "Creator": "",
        "EditDate": "Fri, 28 Jun 2019 19:12:28 GMT",
        "Editor": ""
      }
    },
    {
      "type": "Feature",
      "id": 189,
      "geometry": {
        "type": "Point",
        "coordinates": [
          -3.00096144328231,
          55.9502110196638,
          0
        ]
      },
      "properties": {
        "OBJECTID": 189,
        "Name": "Morrison's Haven",
        "descriptio": null,
        "F1875DATS": null,
        "F1875TimberImports": null,
        "FirstYear": null,
        "LastYear": null,
        "Imports": "rock salt, machinery, pipeclay, wood, seed, esparto grass",
        "Sources": "DPCGB1877",
        "GlobalID": "11e8838f-668f-4cee-825e-79dd647f7118",
        "CreationDate": "Fri, 28 Jun 2019 19:14:13 GMT",
        "Creator": "",
        "EditDate": "Fri, 28 Jun 2019 19:14:13 GMT",
        "Editor": ""
      }
    },
    {
      "type": "Feature",
      "id": 190,
      "geometry": {
        "type": "Point",
        "coordinates": [
          -3.87617501586908,
          57.5833913155818,
          0
        ]
      },
      "properties": {
        "OBJECTID": 190,
        "Name": "Nairn",
        "descriptio": null,
        "F1875DATS": null,
        "F1875TimberImports": null,
        "FirstYear": null,
        "LastYear": null,
        "Imports": "grain, timber, artificial manure, etc.",
        "Sources": "DPCGB1877",
        "GlobalID": "0c0e51ba-17e9-428e-a2f6-4d0b3b08f1dc",
        "CreationDate": "Fri, 28 Jun 2019 19:14:49 GMT",
        "Creator": "",
        "EditDate": "Fri, 28 Jun 2019 19:15:51 GMT",
        "Editor": ""
      }
    },
    {
      "type": "Feature",
      "id": 192,
      "geometry": {
        "type": "Point",
        "coordinates": [
          -3.803555838362,
          51.663474969559,
          0
        ]
      },
      "properties": {
        "OBJECTID": 192,
        "Name": "Neath and Briton Ferry Docks",
        "descriptio": null,
        "F1875DATS": null,
        "F1875TimberImports": null,
        "FirstYear": null,
        "LastYear": null,
        "Imports": "cotton, iron ore, pig iron, timber, grain, flour, corkwood, etc.",
        "Sources": "DPCGB1877",
        "GlobalID": "e9e747b7-cc7b-4af9-a86f-bf414e935a1a",
        "CreationDate": "Fri, 28 Jun 2019 19:24:49 GMT",
        "Creator": "",
        "EditDate": "Fri, 28 Jun 2019 19:24:49 GMT",
        "Editor": ""
      }
    },
    {
      "type": "Feature",
      "id": 193,
      "geometry": {
        "type": "Point",
        "coordinates": [
          -3.24215332275384,
          56.3512788174347,
          0
        ]
      },
      "properties": {
        "OBJECTID": 193,
        "Name": "Newburgh",
        "descriptio": null,
        "F1875DATS": null,
        "F1875TimberImports": null,
        "FirstYear": null,
        "LastYear": null,
        "Imports": "wood, grain, manure, slates, etc.",
        "Sources": "DPCGB1877",
        "GlobalID": "841b39c0-0571-4755-9453-593c64890a3a",
        "CreationDate": "Fri, 28 Jun 2019 19:25:58 GMT",
        "Creator": "",
        "EditDate": "Fri, 28 Jun 2019 19:25:58 GMT",
        "Editor": ""
      }
    },
    {
      "type": "Feature",
      "id": 194,
      "geometry": {
        "type": "Point",
        "coordinates": [
          -4.36031667724587,
          52.213698197259,
          0
        ]
      },
      "properties": {
        "OBJECTID": 194,
        "Name": "New Quay",
        "descriptio": null,
        "F1875DATS": null,
        "F1875TimberImports": null,
        "FirstYear": null,
        "LastYear": null,
        "Imports": "timber, grain, hemp, coal",
        "Sources": "DPCGB1877",
        "GlobalID": "47324f4e-2d33-43a4-8699-dac14c4107fe",
        "CreationDate": "Fri, 28 Jun 2019 19:35:59 GMT",
        "Creator": "",
        "EditDate": "Fri, 28 Jun 2019 19:35:59 GMT",
        "Editor": ""
      }
    },
    {
      "type": "Feature",
      "id": 195,
      "geometry": {
        "type": "Point",
        "coordinates": [
          -5.07149180299618,
          50.4129108540508,
          0
        ]
      },
      "properties": {
        "OBJECTID": 195,
        "Name": "New Quay",
        "descriptio": null,
        "F1875DATS": null,
        "F1875TimberImports": null,
        "FirstYear": null,
        "LastYear": null,
        "Imports": "coal, timber, general goods",
        "Sources": "DPCGB1877",
        "GlobalID": "cda0ab55-8a84-4493-ae85-dc4464ad6802",
        "CreationDate": "Fri, 28 Jun 2019 19:37:33 GMT",
        "Creator": "",
        "EditDate": "Fri, 28 Jun 2019 19:37:33 GMT",
        "Editor": ""
      }
    },
    {
      "type": "Feature",
      "id": 196,
      "geometry": {
        "type": "Point",
        "coordinates": [
          -1.64903344970697,
          55.5786111184686,
          0
        ]
      },
      "properties": {
        "OBJECTID": 196,
        "Name": "North Sunderland",
        "descriptio": null,
        "F1875DATS": null,
        "F1875TimberImports": null,
        "FirstYear": null,
        "LastYear": null,
        "Imports": "coal",
        "Sources": "DPCGB1877",
        "GlobalID": "3156e94d-0b2c-4cde-9009-0df61101af8e",
        "CreationDate": "Fri, 28 Jun 2019 19:38:50 GMT",
        "Creator": "",
        "EditDate": "Fri, 28 Jun 2019 19:38:50 GMT",
        "Editor": ""
      }
    },
    {
      "type": "Feature",
      "id": 197,
      "geometry": {
        "type": "Point",
        "coordinates": [
          -5.47032162963865,
          56.4083458264751,
          0
        ]
      },
      "properties": {
        "OBJECTID": 197,
        "Name": "Oban",
        "descriptio": null,
        "F1875DATS": null,
        "F1875TimberImports": null,
        "FirstYear": null,
        "LastYear": null,
        "Imports": "coal",
        "Sources": "DPCGB1877",
        "GlobalID": "7d7c8101-2f8f-4273-85c8-940788f58bd2",
        "CreationDate": "Fri, 28 Jun 2019 19:39:32 GMT",
        "Creator": "",
        "EditDate": "Fri, 28 Jun 2019 19:39:32 GMT",
        "Editor": ""
      }
    },
    {
      "type": "Feature",
      "id": 198,
      "geometry": {
        "type": "Point",
        "coordinates": [
          -4.94201667724604,
          51.6922268565719,
          0
        ]
      },
      "properties": {
        "OBJECTID": 198,
        "Name": "Pembroke Dock",
        "descriptio": null,
        "F1875DATS": null,
        "F1875TimberImports": null,
        "FirstYear": null,
        "LastYear": null,
        "Imports": "chiefly articles of ordinary consumption",
        "Sources": "DPCGB1877",
        "GlobalID": "aa7f17a7-59f7-4c6f-8a4c-9a6656ae7f55",
        "CreationDate": "Fri, 28 Jun 2019 19:41:53 GMT",
        "Creator": "",
        "EditDate": "Fri, 28 Jun 2019 19:41:53 GMT",
        "Editor": ""
      }
    },
    {
      "type": "Feature",
      "id": 199,
      "geometry": {
        "type": "Point",
        "coordinates": [
          -5.10462752380369,
          50.1689097963233,
          0
        ]
      },
      "properties": {
        "OBJECTID": 199,
        "Name": "Penryn",
        "descriptio": null,
        "F1875DATS": null,
        "F1875TimberImports": null,
        "FirstYear": null,
        "LastYear": null,
        "Imports": "coal, grain, flour, potatoes, timber, bricks, slates",
        "Sources": "DPCGB1877",
        "GlobalID": "d1349ad1-7343-4134-8395-3db220048afd",
        "CreationDate": "Fri, 28 Jun 2019 19:43:37 GMT",
        "Creator": "",
        "EditDate": "Fri, 28 Jun 2019 19:43:37 GMT",
        "Editor": ""
      }
    },
    {
      "type": "Feature",
      "id": 200,
      "geometry": {
        "type": "Point",
        "coordinates": [
          -3.43183501586907,
          56.3958320136505,
          0
        ]
      },
      "properties": {
        "OBJECTID": 200,
        "Name": "Perth",
        "descriptio": null,
        "F1875DATS": null,
        "F1875TimberImports": null,
        "FirstYear": null,
        "LastYear": null,
        "Imports": "coal, salt, grain, iron, slates, foreign wood, oilcake, etc.",
        "Sources": "DPCGB1877",
        "GlobalID": "de5cddd6-3271-4d12-8179-f796c62852a4",
        "CreationDate": "Fri, 28 Jun 2019 19:48:56 GMT",
        "Creator": "",
        "EditDate": "Fri, 28 Jun 2019 19:48:56 GMT",
        "Editor": ""
      }
    },
    {
      "type": "Feature",
      "id": 201,
      "geometry": {
        "type": "Point",
        "coordinates": [
          -1.79653335449211,
          57.5065199884148,
          0
        ]
      },
      "properties": {
        "OBJECTID": 201,
        "Name": "Peterhead",
        "descriptio": null,
        "F1875DATS": null,
        "F1875TimberImports": null,
        "FirstYear": null,
        "LastYear": null,
        "Imports": "timber, lime, wool, flour, salt, iron",
        "Sources": "DPCGB1877",
        "GlobalID": "5b95543f-0991-4880-b738-259c1ad92c4a",
        "CreationDate": "Fri, 28 Jun 2019 19:51:01 GMT",
        "Creator": "",
        "EditDate": "Fri, 28 Jun 2019 19:51:01 GMT",
        "Editor": ""
      }
    },
    {
      "type": "Feature",
      "id": 202,
      "geometry": {
        "type": "Point",
        "coordinates": [
          -3.01401705291734,
          57.6640182531595,
          0
        ]
      },
      "properties": {
        "OBJECTID": 202,
        "Name": "Port Gordon",
        "descriptio": null,
        "F1875DATS": null,
        "F1875TimberImports": null,
        "FirstYear": null,
        "LastYear": null,
        "Imports": "coal, wood goods, bones, etc.",
        "Sources": "DPCGB1877",
        "GlobalID": "697e1616-d700-4d20-92bb-ed7acf472fba",
        "CreationDate": "Fri, 28 Jun 2019 19:56:52 GMT",
        "Creator": "",
        "EditDate": "Fri, 28 Jun 2019 19:56:52 GMT",
        "Editor": ""
      }
    },
    {
      "type": "Feature",
      "id": 203,
      "geometry": {
        "type": "Point",
        "coordinates": [
          -4.82809369798162,
          50.592364251087,
          0
        ]
      },
      "properties": {
        "OBJECTID": 203,
        "Name": "Port Isaac",
        "descriptio": null,
        "F1875DATS": null,
        "F1875TimberImports": null,
        "FirstYear": null,
        "LastYear": null,
        "Imports": "coal, general goods",
        "Sources": "DPCGB1877",
        "GlobalID": "6a248d30-b319-4266-9a53-a3c0e023439b",
        "CreationDate": "Fri, 28 Jun 2019 19:57:54 GMT",
        "Creator": "",
        "EditDate": "Fri, 28 Jun 2019 19:57:54 GMT",
        "Editor": ""
      }
    },
    {
      "type": "Feature",
      "id": 204,
      "geometry": {
        "type": "Point",
        "coordinates": [
          -4.58021855545008,
          54.7587778723503,
          0
        ]
      },
      "properties": {
        "OBJECTID": 204,
        "Name": "Port William",
        "descriptio": null,
        "F1875DATS": null,
        "F1875TimberImports": null,
        "FirstYear": null,
        "LastYear": null,
        "Imports": "coal, lime, timber, bones, guano, slates, general goods",
        "Sources": "DPCGB1877",
        "GlobalID": "2cc56c39-ac97-4f85-a561-c77d6d4d9aca",
        "CreationDate": "Fri, 28 Jun 2019 19:59:46 GMT",
        "Creator": "",
        "EditDate": "Fri, 28 Jun 2019 19:59:46 GMT",
        "Editor": ""
      }
    },
    {
      "type": "Feature",
      "id": 205,
      "geometry": {
        "type": "Point",
        "coordinates": [
          -3.69143498413081,
          51.4863851261226,
          0
        ]
      },
      "properties": {
        "OBJECTID": 205,
        "Name": "Porthcawl",
        "descriptio": null,
        "F1875DATS": null,
        "F1875TimberImports": null,
        "FirstYear": null,
        "LastYear": null,
        "Imports": "ores, timber, grain, slates, etc.",
        "Sources": "DPCGB1877",
        "GlobalID": "5a6c9e7d-782b-4edc-b8af-051a88886b5c",
        "CreationDate": "Fri, 28 Jun 2019 20:00:58 GMT",
        "Creator": "",
        "EditDate": "Fri, 28 Jun 2019 20:00:58 GMT",
        "Editor": ""
      }
    },
    {
      "type": "Feature",
      "id": 206,
      "geometry": {
        "type": "Point",
        "coordinates": [
          -5.31306400842185,
          50.0863204709668,
          0
        ]
      },
      "properties": {
        "OBJECTID": 206,
        "Name": "Porthleven Harbour",
        "descriptio": null,
        "F1875DATS": null,
        "F1875TimberImports": null,
        "FirstYear": null,
        "LastYear": null,
        "Imports": "coal, timber, slates, bricks, iron, salt, grain, flour, etc.",
        "Sources": "DPCGB1877",
        "GlobalID": "1a6a005b-0f9a-47f0-ab0d-e4f6cca7f1a4",
        "CreationDate": "Fri, 28 Jun 2019 20:07:45 GMT",
        "Creator": "",
        "EditDate": "Fri, 28 Jun 2019 20:07:45 GMT",
        "Editor": ""
      }
    },
    {
      "type": "Feature",
      "id": 207,
      "geometry": {
        "type": "Point",
        "coordinates": [
          -4.13258667724602,
          52.9273438956387,
          0
        ]
      },
      "properties": {
        "OBJECTID": 207,
        "Name": "Portmadoc",
        "descriptio": null,
        "F1875DATS": null,
        "F1875TimberImports": null,
        "FirstYear": null,
        "LastYear": null,
        "Imports": "timber, coal, limestone, general goods",
        "Sources": "DPCGB1877",
        "GlobalID": "bae9369c-ad0d-48f6-a9b2-6a91d99698e0",
        "CreationDate": "Fri, 28 Jun 2019 20:08:38 GMT",
        "Creator": "",
        "EditDate": "Fri, 28 Jun 2019 20:08:38 GMT",
        "Editor": ""
      }
    },
    {
      "type": "Feature",
      "id": 208,
      "geometry": {
        "type": "Point",
        "coordinates": [
          -3.82713501586909,
          57.8369299232848,
          0
        ]
      },
      "properties": {
        "OBJECTID": 208,
        "Name": "Portmahomack",
        "descriptio": null,
        "F1875DATS": null,
        "F1875TimberImports": null,
        "FirstYear": null,
        "LastYear": null,
        "Imports": "coal, manure, salt, lime, oilcake",
        "Sources": "DPCGB1877",
        "GlobalID": "9899e06d-b0eb-4616-8378-c25f1e7719cc",
        "CreationDate": "Fri, 28 Jun 2019 20:09:28 GMT",
        "Creator": "",
        "EditDate": "Fri, 28 Jun 2019 20:09:28 GMT",
        "Editor": ""
      }
    },
    {
      "type": "Feature",
      "id": 209,
      "geometry": {
        "type": "Point",
        "coordinates": [
          -2.6909791851806,
          57.6825956005784,
          0
        ]
      },
      "properties": {
        "OBJECTID": 209,
        "Name": "Portsoy",
        "descriptio": null,
        "F1875DATS": null,
        "F1875TimberImports": null,
        "FirstYear": null,
        "LastYear": null,
        "Imports": "coal, timber, cattle, bones, salt",
        "Sources": "DPCGB1877",
        "GlobalID": "38b55ab8-7d4d-4c6a-8c2d-b3afe3fc066e",
        "CreationDate": "Fri, 28 Jun 2019 20:15:11 GMT",
        "Creator": "",
        "EditDate": "Fri, 28 Jun 2019 20:15:11 GMT",
        "Editor": ""
      }
    },
    {
      "type": "Feature",
      "id": 210,
      "geometry": {
        "type": "Point",
        "coordinates": [
          -4.38112138256831,
          54.3222588997876,
          0
        ]
      },
      "properties": {
        "OBJECTID": 210,
        "Name": "Ramsay",
        "descriptio": null,
        "F1875DATS": null,
        "F1875TimberImports": null,
        "FirstYear": null,
        "LastYear": null,
        "Imports": "coal, timber, lime, manure",
        "Sources": "DPCGB1877",
        "GlobalID": "edf78f18-df85-42d7-841c-79925e14df0b",
        "CreationDate": "Fri, 28 Jun 2019 20:16:51 GMT",
        "Creator": "",
        "EditDate": "Wed, 03 Jul 2019 21:26:45 GMT",
        "Editor": "jim.clifford_siastgis8"
      }
    },
    {
      "type": "Feature",
      "id": 211,
      "geometry": {
        "type": "Point",
        "coordinates": [
          0.697465284374795,
          51.5847982730636,
          0
        ]
      },
      "properties": {
        "OBJECTID": 211,
        "Name": "Rochford",
        "descriptio": null,
        "F1875DATS": null,
        "F1875TimberImports": null,
        "FirstYear": null,
        "LastYear": null,
        "Imports": "coal",
        "Sources": "DPCGB1877",
        "GlobalID": "d9cd80d3-485e-4b13-9ee5-e8a2516c5ffa",
        "CreationDate": "Fri, 28 Jun 2019 20:18:45 GMT",
        "Creator": "",
        "EditDate": "Fri, 28 Jun 2019 20:18:45 GMT",
        "Editor": ""
      }
    },
    {
      "type": "Feature",
      "id": 212,
      "geometry": {
        "type": "Point",
        "coordinates": [
          -2.11577501586908,
          57.6968388641384,
          0
        ]
      },
      "properties": {
        "OBJECTID": 212,
        "Name": "Rosehearty Harbour",
        "descriptio": null,
        "F1875DATS": null,
        "F1875TimberImports": null,
        "FirstYear": null,
        "LastYear": null,
        "Imports": "coal, lime, salt, etc.",
        "Sources": "DPCGB1877",
        "GlobalID": "bf2041a8-2fa9-4c6e-9060-f33b01fb2280",
        "CreationDate": "Fri, 28 Jun 2019 20:20:07 GMT",
        "Creator": "",
        "EditDate": "Fri, 28 Jun 2019 20:20:07 GMT",
        "Editor": ""
      }
    },
    {
      "type": "Feature",
      "id": 213,
      "geometry": {
        "type": "Point",
        "coordinates": [
          -2.00981606613153,
          57.6912438451173,
          0
        ]
      },
      "properties": {
        "OBJECTID": 213,
        "Name": "St. Andrews",
        "descriptio": null,
        "F1875DATS": null,
        "F1875TimberImports": null,
        "FirstYear": null,
        "LastYear": null,
        "Imports": "timber, coal, guano, pavement, salt",
        "Sources": "DPCGB1877",
        "GlobalID": "e6df60ec-3f81-4dea-97ba-db3135f1351c",
        "CreationDate": "Fri, 28 Jun 2019 20:21:54 GMT",
        "Creator": "",
        "EditDate": "Fri, 28 Jun 2019 20:21:54 GMT",
        "Editor": ""
      }
    },
    {
      "type": "Feature",
      "id": 214,
      "geometry": {
        "type": "Point",
        "coordinates": [
          -2.73298667724606,
          53.4501239945343,
          0
        ]
      },
      "properties": {
        "OBJECTID": 214,
        "Name": "St. Helens",
        "descriptio": null,
        "F1875DATS": null,
        "F1875TimberImports": null,
        "FirstYear": null,
        "LastYear": null,
        "Imports": "grain, coal, timber",
        "Sources": "DPCGB1877",
        "GlobalID": "d1a88c24-b204-4a90-a4f3-50d18134ede9",
        "CreationDate": "Fri, 28 Jun 2019 20:23:01 GMT",
        "Creator": "",
        "EditDate": "Fri, 28 Jun 2019 20:23:01 GMT",
        "Editor": ""
      }
    },
    {
      "type": "Feature",
      "id": 215,
      "geometry": {
        "type": "Point",
        "coordinates": [
          -5.48563635581966,
          50.2103283749618,
          0
        ]
      },
      "properties": {
        "OBJECTID": 215,
        "Name": "St. Ives",
        "descriptio": null,
        "F1875DATS": null,
        "F1875TimberImports": null,
        "FirstYear": null,
        "LastYear": null,
        "Imports": "timber and coal",
        "Sources": "DPCGB1877",
        "GlobalID": "24380816-d0ac-45d2-9f5c-b85d709a2893",
        "CreationDate": "Fri, 28 Jun 2019 20:23:50 GMT",
        "Creator": "",
        "EditDate": "Fri, 28 Jun 2019 20:23:50 GMT",
        "Editor": ""
      }
    },
    {
      "type": "Feature",
      "id": 216,
      "geometry": {
        "type": "Point",
        "coordinates": [
          -2.54022582320308,
          49.4604649405316,
          0
        ]
      },
      "properties": {
        "OBJECTID": 216,
        "Name": "St. Peter-Port",
        "descriptio": null,
        "F1875DATS": null,
        "F1875TimberImports": null,
        "FirstYear": null,
        "LastYear": null,
        "Imports": "no list: timber",
        "Sources": "DPCGB1877",
        "GlobalID": "fd983bbb-5265-4fdf-a3d2-c6825608e889",
        "CreationDate": "Fri, 28 Jun 2019 20:25:58 GMT",
        "Creator": "",
        "EditDate": "Fri, 28 Jun 2019 20:25:58 GMT",
        "Editor": ""
      }
    },
    {
      "type": "Feature",
      "id": 217,
      "geometry": {
        "type": "Point",
        "coordinates": [
          -3.77351335449214,
          50.2377040100299,
          0
        ]
      },
      "properties": {
        "OBJECTID": 217,
        "Name": "Salcombe",
        "descriptio": null,
        "F1875DATS": null,
        "F1875TimberImports": null,
        "FirstYear": null,
        "LastYear": null,
        "Imports": "timber, coal. culm, grain, etc.",
        "Sources": "DPCGB1877",
        "GlobalID": "ae6f7fd9-4d86-43c9-9930-87c8b62d4cfd",
        "CreationDate": "Fri, 28 Jun 2019 20:26:53 GMT",
        "Creator": "",
        "EditDate": "Fri, 28 Jun 2019 20:26:53 GMT",
        "Editor": ""
      }
    },
    {
      "type": "Feature",
      "id": 218,
      "geometry": {
        "type": "Point",
        "coordinates": [
          -3.07516999999994,
          50.7047174441476,
          0
        ]
      },
      "properties": {
        "OBJECTID": 218,
        "Name": "Seaton",
        "descriptio": null,
        "F1875DATS": null,
        "F1875TimberImports": null,
        "FirstYear": null,
        "LastYear": null,
        "Imports": "coal, culm",
        "Sources": "DPCGB1877",
        "GlobalID": "4629219b-33d9-4762-afac-8ea72aeb135e",
        "CreationDate": "Fri, 28 Jun 2019 20:29:15 GMT",
        "Creator": "",
        "EditDate": "Fri, 28 Jun 2019 20:29:15 GMT",
        "Editor": ""
      }
    },
    {
      "type": "Feature",
      "id": 219,
      "geometry": {
        "type": "Point",
        "coordinates": [
          0.764917492065478,
          51.4387900442348,
          0
        ]
      },
      "properties": {
        "OBJECTID": 219,
        "Name": "Sheerness",
        "descriptio": null,
        "F1875DATS": null,
        "F1875TimberImports": null,
        "FirstYear": null,
        "LastYear": null,
        "Imports": "coal, timber",
        "Sources": "DPCGB1877",
        "GlobalID": "d6aad93c-4d2d-4dd0-a596-e5498af352ba",
        "CreationDate": "Fri, 28 Jun 2019 20:29:33 GMT",
        "Creator": "",
        "EditDate": "Fri, 28 Jun 2019 20:29:33 GMT",
        "Editor": ""
      }
    },
    {
      "type": "Feature",
      "id": 220,
      "geometry": {
        "type": "Point",
        "coordinates": [
          -2.97894912170407,
          53.8571095122707,
          0
        ]
      },
      "properties": {
        "OBJECTID": 220,
        "Name": "Skippool",
        "descriptio": null,
        "F1875DATS": null,
        "F1875TimberImports": null,
        "FirstYear": null,
        "LastYear": null,
        "Imports": "grain, guano, coal, timber, etc.",
        "Sources": "DPCGB1877",
        "GlobalID": "56967c06-4788-49d6-a539-6a77d465111a",
        "CreationDate": "Fri, 28 Jun 2019 20:31:05 GMT",
        "Creator": "",
        "EditDate": "Fri, 28 Jun 2019 20:31:05 GMT",
        "Editor": ""
      }
    },
    {
      "type": "Feature",
      "id": 221,
      "geometry": {
        "type": "Point",
        "coordinates": [
          -5.19760420104979,
          51.8740536797199,
          0
        ]
      },
      "properties": {
        "OBJECTID": 221,
        "Name": "Solva",
        "descriptio": null,
        "F1875DATS": null,
        "F1875TimberImports": null,
        "FirstYear": null,
        "LastYear": null,
        "Imports": "timber, salt, earthenware, limestone, manure",
        "Sources": "DPCGB1877",
        "GlobalID": "ba511ff7-b4ba-4dc5-a639-9adcbff426ad",
        "CreationDate": "Fri, 28 Jun 2019 20:32:10 GMT",
        "Creator": "",
        "EditDate": "Fri, 28 Jun 2019 20:32:10 GMT",
        "Editor": ""
      }
    },
    {
      "type": "Feature",
      "id": 222,
      "geometry": {
        "type": "Point",
        "coordinates": [
          1.67626437301634,
          52.3280990053991,
          0
        ]
      },
      "properties": {
        "OBJECTID": 222,
        "Name": "Southwold",
        "descriptio": null,
        "F1875DATS": null,
        "F1875TimberImports": null,
        "FirstYear": null,
        "LastYear": null,
        "Imports": "grain, oilcake, etc.",
        "Sources": "DPCGB1877",
        "GlobalID": "5f07c0d7-8466-416a-867c-14c921bd46e5",
        "CreationDate": "Fri, 28 Jun 2019 20:34:53 GMT",
        "Creator": "",
        "EditDate": "Fri, 28 Jun 2019 20:34:53 GMT",
        "Editor": ""
      }
    },
    {
      "type": "Feature",
      "id": 223,
      "geometry": {
        "type": "Point",
        "coordinates": [
          -0.15286329101559,
          52.7884863288018,
          0
        ]
      },
      "properties": {
        "OBJECTID": 223,
        "Name": "Spalding",
        "descriptio": null,
        "F1875DATS": null,
        "F1875TimberImports": null,
        "FirstYear": null,
        "LastYear": null,
        "Imports": "coal, coke, timber",
        "Sources": "DPCGB1877",
        "GlobalID": "0bf87713-b18f-4508-88ce-e45a1abde275",
        "CreationDate": "Fri, 28 Jun 2019 20:35:59 GMT",
        "Creator": "",
        "EditDate": "Fri, 28 Jun 2019 20:35:59 GMT",
        "Editor": ""
      }
    },
    {
      "type": "Feature",
      "id": 224,
      "geometry": {
        "type": "Point",
        "coordinates": [
          -3.93919047158875,
          56.1173485571869,
          0
        ]
      },
      "properties": {
        "OBJECTID": 224,
        "Name": "Stirling",
        "descriptio": null,
        "F1875DATS": null,
        "F1875TimberImports": null,
        "FirstYear": null,
        "LastYear": null,
        "Imports": "timber, grain, petroleum",
        "Sources": "DPCGB1877",
        "GlobalID": "927ab11b-3621-4f84-abb5-755d4f6df455",
        "CreationDate": "Fri, 28 Jun 2019 20:36:52 GMT",
        "Creator": "",
        "EditDate": "Fri, 28 Jun 2019 20:36:52 GMT",
        "Editor": ""
      }
    },
    {
      "type": "Feature",
      "id": 225,
      "geometry": {
        "type": "Point",
        "coordinates": [
          -6.38865166137691,
          58.2093906476432,
          0
        ]
      },
      "properties": {
        "OBJECTID": 225,
        "Name": "Stornoway",
        "descriptio": null,
        "F1875DATS": null,
        "F1875TimberImports": null,
        "FirstYear": null,
        "LastYear": null,
        "Imports": "timber, salt, tar, etc.",
        "Sources": "DPCGB1877",
        "GlobalID": "74d196f1-78a0-40be-bba3-fee620d8b94d",
        "CreationDate": "Fri, 28 Jun 2019 20:40:37 GMT",
        "Creator": "",
        "EditDate": "Fri, 28 Jun 2019 20:40:37 GMT",
        "Editor": ""
      }
    },
    {
      "type": "Feature",
      "id": 226,
      "geometry": {
        "type": "Point",
        "coordinates": [
          -2.20824501586907,
          56.9644457558213,
          0
        ]
      },
      "properties": {
        "OBJECTID": 226,
        "Name": "Stonehaven",
        "descriptio": null,
        "F1875DATS": null,
        "F1875TimberImports": null,
        "FirstYear": null,
        "LastYear": null,
        "Imports": "coal, timber, lime, bones, slates",
        "Sources": "DPCGB1877",
        "GlobalID": "8ec8b970-315a-41f9-8fb1-60f030c702a3",
        "CreationDate": "Fri, 28 Jun 2019 20:41:25 GMT",
        "Creator": "",
        "EditDate": "Fri, 28 Jun 2019 20:41:25 GMT",
        "Editor": ""
      }
    },
    {
      "type": "Feature",
      "id": 227,
      "geometry": {
        "type": "Point",
        "coordinates": [
          -5.01757162963861,
          54.9057043138819,
          0
        ]
      },
      "properties": {
        "OBJECTID": 227,
        "Name": "Stranraer",
        "descriptio": null,
        "F1875DATS": null,
        "F1875TimberImports": null,
        "FirstYear": null,
        "LastYear": null,
        "Imports": "timber, coal, provisions, manure, etc.",
        "Sources": "DPCGB1877",
        "GlobalID": "5e74c48f-9c17-483f-89b2-ae317822bc17",
        "CreationDate": "Fri, 28 Jun 2019 20:42:17 GMT",
        "Creator": "",
        "EditDate": "Fri, 28 Jun 2019 20:42:17 GMT",
        "Editor": ""
      }
    },
    {
      "type": "Feature",
      "id": 228,
      "geometry": {
        "type": "Point",
        "coordinates": [
          -5.41551501586912,
          55.8634519710257,
          0
        ]
      },
      "properties": {
        "OBJECTID": 228,
        "Name": "Tarbert",
        "descriptio": null,
        "F1875DATS": null,
        "F1875TimberImports": null,
        "FirstYear": null,
        "LastYear": null,
        "Imports": "salt, oatmeal, general goods",
        "Sources": "DPCGB1877",
        "GlobalID": "baef87e7-a62c-4130-b6f8-89bcfb6ab06d",
        "CreationDate": "Fri, 28 Jun 2019 20:46:15 GMT",
        "Creator": "",
        "EditDate": "Fri, 28 Jun 2019 20:46:15 GMT",
        "Editor": ""
      }
    },
    {
      "type": "Feature",
      "id": 229,
      "geometry": {
        "type": "Point",
        "coordinates": [
          -2.88006416931148,
          56.4463633838886,
          0
        ]
      },
      "properties": {
        "OBJECTID": 229,
        "Name": "Tayport",
        "descriptio": null,
        "F1875DATS": null,
        "F1875TimberImports": null,
        "FirstYear": null,
        "LastYear": null,
        "Imports": "timber, grain, etc.",
        "Sources": "DPCGB1877",
        "GlobalID": "217ea9f5-ef17-42cb-a454-3c3db85d7f43",
        "CreationDate": "Fri, 28 Jun 2019 20:46:56 GMT",
        "Creator": "",
        "EditDate": "Fri, 28 Jun 2019 20:46:56 GMT",
        "Editor": ""
      }
    },
    {
      "type": "Feature",
      "id": 230,
      "geometry": {
        "type": "Point",
        "coordinates": [
          -3.52637498413082,
          58.5962532414832,
          0
        ]
      },
      "properties": {
        "OBJECTID": 230,
        "Name": "Thurso",
        "descriptio": null,
        "F1875DATS": null,
        "F1875TimberImports": null,
        "FirstYear": null,
        "LastYear": null,
        "Imports": "timber, coal, manure, etc.",
        "Sources": "DPCGB1877",
        "GlobalID": "b0c6f09f-01bb-4148-a43a-40e02497dfa2",
        "CreationDate": "Fri, 28 Jun 2019 20:49:02 GMT",
        "Creator": "",
        "EditDate": "Fri, 28 Jun 2019 20:49:02 GMT",
        "Editor": ""
      }
    },
    {
      "type": "Feature",
      "id": 231,
      "geometry": {
        "type": "Point",
        "coordinates": [
          -3.54338667724602,
          50.4666925538351,
          0
        ]
      },
      "properties": {
        "OBJECTID": 231,
        "Name": "Torquay",
        "descriptio": null,
        "F1875DATS": null,
        "F1875TimberImports": null,
        "FirstYear": null,
        "LastYear": null,
        "Imports": "wood goods, coal, culm, bricks, slates, etc.",
        "Sources": "DPCGB1877",
        "GlobalID": "2e7198d5-33c5-4aec-9ff7-d721a895b2ba",
        "CreationDate": "Fri, 28 Jun 2019 20:49:53 GMT",
        "Creator": "",
        "EditDate": "Fri, 28 Jun 2019 20:49:53 GMT",
        "Editor": ""
      }
    },
    {
      "type": "Feature",
      "id": 232,
      "geometry": {
        "type": "Point",
        "coordinates": [
          -1.42556335449211,
          55.0179189721861,
          0
        ]
      },
      "properties": {
        "OBJECTID": 232,
        "Name": "Tyne Ports",
        "descriptio": null,
        "F1875DATS": null,
        "F1875TimberImports": null,
        "FirstYear": null,
        "LastYear": null,
        "Imports": "timber, deals, pit wood, grain, esparto fibre, hemp, tallow, guano, fruit, cattle, iron, copper, other ores, etc.",
        "Sources": "DPCGB1877",
        "GlobalID": "ffd3507c-bef4-4d93-b2cc-8650fe2d7aef",
        "CreationDate": "Fri, 28 Jun 2019 20:52:27 GMT",
        "Creator": "",
        "EditDate": "Fri, 28 Jun 2019 20:52:27 GMT",
        "Editor": ""
      }
    },
    {
      "type": "Feature",
      "id": 233,
      "geometry": {
        "type": "Point",
        "coordinates": [
          -1.4063721970826,
          54.983048797171,
          0
        ]
      },
      "properties": {
        "OBJECTID": 233,
        "Name": "Wells",
        "descriptio": null,
        "F1875DATS": null,
        "F1875TimberImports": null,
        "FirstYear": null,
        "LastYear": null,
        "Imports": "coal, timber, bark, tar, etc.",
        "Sources": "DPCGB1877",
        "GlobalID": "ae3ec480-f179-4d7e-b782-bcb157e4715f",
        "CreationDate": "Fri, 28 Jun 2019 20:55:03 GMT",
        "Creator": "",
        "EditDate": "Fri, 28 Jun 2019 20:55:03 GMT",
        "Editor": ""
      }
    },
    {
      "type": "Feature",
      "id": 234,
      "geometry": {
        "type": "Point",
        "coordinates": [
          -2.75619081481926,
          53.3252342755222,
          0
        ]
      },
      "properties": {
        "OBJECTID": 234,
        "Name": "Weston Point",
        "descriptio": null,
        "F1875DATS": null,
        "F1875TimberImports": null,
        "FirstYear": null,
        "LastYear": null,
        "Imports": "pottery materials, etc.",
        "Sources": "DPCGB1877",
        "GlobalID": "3920e732-72eb-4f18-aee7-fbd38c48d5af",
        "CreationDate": "Fri, 28 Jun 2019 20:55:44 GMT",
        "Creator": "",
        "EditDate": "Fri, 28 Jun 2019 20:55:44 GMT",
        "Editor": ""
      }
    },
    {
      "type": "Feature",
      "id": 235,
      "geometry": {
        "type": "Point",
        "coordinates": [
          -3.09285166137693,
          58.4430600485415,
          0
        ]
      },
      "properties": {
        "OBJECTID": 235,
        "Name": "Wick",
        "descriptio": null,
        "F1875DATS": null,
        "F1875TimberImports": null,
        "FirstYear": null,
        "LastYear": null,
        "Imports": "coal, timber, etc.",
        "Sources": "DPCGB1877",
        "GlobalID": "d98fcd33-db06-4231-82c9-a43b43b7acbf",
        "CreationDate": "Fri, 28 Jun 2019 21:01:01 GMT",
        "Creator": "",
        "EditDate": "Fri, 28 Jun 2019 21:01:01 GMT",
        "Editor": ""
      }
    },
    {
      "type": "Feature",
      "id": 236,
      "geometry": {
        "type": "Point",
        "coordinates": [
          -4.44449749206541,
          54.8676447222298,
          0
        ]
      },
      "properties": {
        "OBJECTID": 236,
        "Name": "Wigtown",
        "descriptio": null,
        "F1875DATS": null,
        "F1875TimberImports": null,
        "FirstYear": null,
        "LastYear": null,
        "Imports": "timber, grain, coal, manure",
        "Sources": "DPCGB1877",
        "GlobalID": "4dccefef-323e-42f5-af3b-8d98adc404c1",
        "CreationDate": "Fri, 28 Jun 2019 21:01:47 GMT",
        "Creator": "",
        "EditDate": "Fri, 28 Jun 2019 21:01:47 GMT",
        "Editor": ""
      }
    },
    {
      "type": "Feature",
      "id": 237,
      "geometry": {
        "type": "Point",
        "coordinates": [
          0.2564362275237,
          52.222770887595,
          0
        ]
      },
      "properties": {
        "OBJECTID": 237,
        "Name": "Wisbeach",
        "descriptio": null,
        "F1875DATS": null,
        "F1875TimberImports": null,
        "FirstYear": null,
        "LastYear": null,
        "Imports": "coal, timber, etc.",
        "Sources": "DPCGB1877",
        "GlobalID": "9199a415-381d-4a1a-9c13-db3bd5b1fc0c",
        "CreationDate": "Fri, 28 Jun 2019 21:02:29 GMT",
        "Creator": "",
        "EditDate": "Fri, 28 Jun 2019 21:02:29 GMT",
        "Editor": ""
      }
    },
    {
      "type": "Feature",
      "id": 238,
      "geometry": {
        "type": "Point",
        "coordinates": [
          1.33582938769132,
          52.1084745429551,
          0
        ]
      },
      "properties": {
        "OBJECTID": 238,
        "Name": "Yarmouth",
        "descriptio": null,
        "F1875DATS": null,
        "F1875TimberImports": null,
        "FirstYear": null,
        "LastYear": null,
        "Imports": "grain, timber, cotton, seed, oilcake, stones",
        "Sources": "DPCGB1877",
        "GlobalID": "f36b8e79-f270-4ccc-807f-9bb48d2085c1",
        "CreationDate": "Fri, 28 Jun 2019 21:05:07 GMT",
        "Creator": "",
        "EditDate": "Fri, 28 Jun 2019 21:05:07 GMT",
        "Editor": ""
      }
    },
    {
      "type": "Feature",
      "id": 239,
      "geometry": {
        "type": "Point",
        "coordinates": [
          -4.65659498413083,
          55.618333779517,
          0
        ]
      },
      "properties": {
        "OBJECTID": 239,
        "Name": "Irvine",
        "descriptio": null,
        "F1875DATS": null,
        "F1875TimberImports": null,
        "FirstYear": null,
        "LastYear": null,
        "Imports": "bark, grain, ore, salt, slates, timber, limestone, etc.",
        "Sources": "DPCGB1877",
        "GlobalID": "42dd5777-778f-4eaa-acb2-2c69de92efa4",
        "CreationDate": "Fri, 28 Jun 2019 21:41:56 GMT",
        "Creator": "",
        "EditDate": "Fri, 28 Jun 2019 21:41:56 GMT",
        "Editor": ""
      }
    },
    {
      "type": "Feature",
      "id": 240,
      "geometry": {
        "type": "Point",
        "coordinates": [
          -2.70636874389645,
          51.501958264588,
          0
        ]
      },
      "properties": {
        "OBJECTID": 240,
        "Name": "Avonmouth Dock",
        "descriptio": null,
        "F1875DATS": null,
        "F1875TimberImports": null,
        "FirstYear": 1877,
        "LastYear": null,
        "Imports": "wheat, corn, peas, oats, timber",
        "Sources": "https://en.wikipedia.org/wiki/Avonmouth_Docks ; Trade and Commerce of the City of Montreal 1880 to 1882; https://books.google.ca/books?id=c882AQAAMAAJ&dq=Ashbee%20Sons%20%26%20Co%20%22Timber%22&pg=PA513#v=onepage&q=Ashbee%20Sons%20&%20Co%20%22Timber%22&f=false",
        "GlobalID": "baee5a56-63a3-4332-8cf1-8063367e591b",
        "CreationDate": "Tue, 02 Jul 2019 21:30:31 GMT",
        "Creator": "jim.clifford_siastgis8",
        "EditDate": "Tue, 02 Jul 2019 22:03:09 GMT",
        "Editor": "jim.clifford_siastgis8"
      }
    },
    {
      "type": "Feature",
      "id": 241,
      "geometry": {
        "type": "Point",
        "coordinates": [
          -2.76026372611997,
          51.4895380867988,
          0
        ]
      },
      "properties": {
        "OBJECTID": 241,
        "Name": "Portishead dock",
        "descriptio": "Built \"around\" the 1860s.",
        "F1875DATS": null,
        "F1875TimberImports": null,
        "FirstYear": 1870,
        "LastYear": null,
        "Imports": null,
        "Sources": "https://en.wikipedia.org/wiki/Portishead,_Somerset#Portishead_dock",
        "GlobalID": "d9f94fdd-4d75-44ae-974f-c568d167255c",
        "CreationDate": "Tue, 02 Jul 2019 21:35:23 GMT",
        "Creator": "jim.clifford_siastgis8",
        "EditDate": "Tue, 02 Jul 2019 21:36:57 GMT",
        "Editor": "jim.clifford_siastgis8"
      }
    },
    {
      "type": "Feature",
      "id": 242,
      "geometry": {
        "type": "Point",
        "coordinates": [
          -2.47785073965335,
          51.7190098826484,
          0
        ]
      },
      "properties": {
        "OBJECTID": 242,
        "Name": "Sharpness Docks",
        "descriptio": null,
        "F1875DATS": null,
        "F1875TimberImports": null,
        "FirstYear": 1827,
        "LastYear": null,
        "Imports": "timber",
        "Sources": "https://historicengland.org.uk/services-skills/education/educational-images/sharpness-docks-2023",
        "GlobalID": "2f864aee-e421-4362-b1cb-9746d12db15a",
        "CreationDate": "Tue, 02 Jul 2019 22:02:38 GMT",
        "Creator": "jim.clifford_siastgis8",
        "EditDate": "Tue, 02 Jul 2019 22:02:38 GMT",
        "Editor": "jim.clifford_siastgis8"
      }
    },
    {
      "type": "Feature",
      "id": 1243,
      "geometry": {
        "type": "Point",
        "coordinates": [
          -4.47930775924688,
          54.1474883509337,
          0
        ]
      },
      "properties": {
        "OBJECTID": 1243,
        "Name": "Douglas",
        "descriptio": null,
        "F1875DATS": null,
        "F1875TimberImports": null,
        "FirstYear": null,
        "LastYear": null,
        "Imports": "Timber",
        "Sources": "Timber Trades Journal 1889",
        "GlobalID": "927b1143-cc58-4956-8fb1-0de3529d4a73",
        "CreationDate": "Wed, 03 Jul 2019 20:34:43 GMT",
        "Creator": "jim.clifford_siastgis8",
        "EditDate": "Wed, 03 Jul 2019 20:34:59 GMT",
        "Editor": "jim.clifford_siastgis8"
      }
    },
    {
      "type": "Feature",
      "id": 1244,
      "geometry": {
        "type": "Point",
        "coordinates": [
          -0.0483259357263694,
          51.4970097932452,
          0
        ]
      },
      "properties": {
        "OBJECTID": 1244,
        "Name": "Surrey Commercial Docks",
        "descriptio": "Main timber dock in London",
        "F1875DATS": null,
        "F1875TimberImports": null,
        "FirstYear": null,
        "LastYear": null,
        "Imports": null,
        "Sources": null,
        "GlobalID": "d1b4dc92-d66a-4304-9cca-294809a2a8d9",
        "CreationDate": "Wed, 03 Jul 2019 21:04:48 GMT",
        "Creator": "jim.clifford_siastgis8",
        "EditDate": "Wed, 03 Jul 2019 21:05:12 GMT",
        "Editor": "jim.clifford_siastgis8"
      }
    },
    {
      "type": "Feature",
      "id": 1245,
      "geometry": {
        "type": "Point",
        "coordinates": [
          0.381957799072553,
          51.4429173588847,
          0
        ]
      },
      "properties": {
        "OBJECTID": 1245,
        "Name": "Gravesend",
        "descriptio": null,
        "F1875DATS": null,
        "F1875TimberImports": null,
        "FirstYear": null,
        "LastYear": null,
        "Imports": "Timber",
        "Sources": "Timber Trades Journal 1889",
        "GlobalID": "4a506148-d0dc-438d-8a48-04313896a135",
        "CreationDate": "Wed, 03 Jul 2019 21:07:35 GMT",
        "Creator": "jim.clifford_siastgis8",
        "EditDate": "Wed, 03 Jul 2019 21:07:35 GMT",
        "Editor": "jim.clifford_siastgis8"
      }
    },
    {
      "type": "Feature",
      "id": 1246,
      "geometry": {
        "type": "Point",
        "coordinates": [
          0.346938878173947,
          51.454605122463,
          0
        ]
      },
      "properties": {
        "OBJECTID": 1246,
        "Name": "Tilbury Docks",
        "descriptio": null,
        "F1875DATS": null,
        "F1875TimberImports": null,
        "FirstYear": null,
        "LastYear": null,
        "Imports": "Timber",
        "Sources": "Timber Trades Journal 1889",
        "GlobalID": "01d62fea-c434-446f-a487-242c92f99be2",
        "CreationDate": "Wed, 03 Jul 2019 21:08:20 GMT",
        "Creator": "jim.clifford_siastgis8",
        "EditDate": "Wed, 03 Jul 2019 21:08:41 GMT",
        "Editor": "jim.clifford_siastgis8"
      }
    },
    {
      "type": "Feature",
      "id": 1247,
      "geometry": {
        "type": "Point",
        "coordinates": [
          0.742809298858174,
          51.416139674537,
          0
        ]
      },
      "properties": {
        "OBJECTID": 1247,
        "Name": "Queenborough",
        "descriptio": null,
        "F1875DATS": null,
        "F1875TimberImports": null,
        "FirstYear": null,
        "LastYear": null,
        "Imports": "Timber",
        "Sources": "Timber Trades Journal 1889",
        "GlobalID": "ebf31670-62ca-4b5e-9c57-e320aab0015e",
        "CreationDate": "Wed, 03 Jul 2019 21:25:15 GMT",
        "Creator": "jim.clifford_siastgis8",
        "EditDate": "Wed, 03 Jul 2019 21:25:37 GMT",
        "Editor": "jim.clifford_siastgis8"
      }
    },
    {
      "type": "Feature",
      "id": 1248,
      "geometry": {
        "type": "Point",
        "coordinates": [
          -1.50013614288336,
          50.7066653578368,
          0
        ]
      },
      "properties": {
        "OBJECTID": 1248,
        "Name": "Yarmouth",
        "descriptio": null,
        "F1875DATS": null,
        "F1875TimberImports": null,
        "FirstYear": null,
        "LastYear": null,
        "Imports": "Timber",
        "Sources": "Timber Trades Journal 1889",
        "GlobalID": "c63f281d-5fe4-4a30-a73d-da5d33bfa6ea",
        "CreationDate": "Wed, 03 Jul 2019 21:55:19 GMT",
        "Creator": "jim.clifford_siastgis8",
        "EditDate": "Wed, 03 Jul 2019 21:55:46 GMT",
        "Editor": "jim.clifford_siastgis8"
      }
    },
    {
      "type": "Feature",
      "id": 1249,
      "geometry": {
        "type": "Point",
        "coordinates": [
          -4.25521121178995,
          57.48873137876,
          0
        ]
      },
      "properties": {
        "OBJECTID": 1249,
        "Name": "Caledonian Canal Muirtown Basin",
        "descriptio": null,
        "F1875DATS": null,
        "F1875TimberImports": null,
        "FirstYear": null,
        "LastYear": null,
        "Imports": "no list: timber, grain, vegetables",
        "Sources": "DPCGB1877",
        "GlobalID": "8f5fd6e6-857f-418c-a045-bb2bcb7ab062",
        "CreationDate": "Wed, 03 Jul 2019 22:10:50 GMT",
        "Creator": "",
        "EditDate": "Wed, 03 Jul 2019 22:10:50 GMT",
        "Editor": ""
      }
    },
    {
      "type": "Feature",
      "id": 1250,
      "geometry": {
        "type": "Point",
        "coordinates": [
          -5.12335746277894,
          56.8423209755287,
          0
        ]
      },
      "properties": {
        "OBJECTID": 1250,
        "Name": "Caledonian Canal",
        "descriptio": null,
        "F1875DATS": null,
        "F1875TimberImports": null,
        "FirstYear": null,
        "LastYear": null,
        "Imports": "no list: timber, grain, vegetables",
        "Sources": "DPCGB1877",
        "GlobalID": "23742ec2-69d5-4bac-b1ea-a977c63ed271",
        "CreationDate": "Wed, 03 Jul 2019 22:11:47 GMT",
        "Creator": "",
        "EditDate": "Wed, 03 Jul 2019 22:12:16 GMT",
        "Editor": ""
      }
    },
    {
      "type": "Feature",
      "id": 1251,
      "geometry": {
        "type": "Point",
        "coordinates": [
          -4.63760140747054,
          55.4703747229195,
          0
        ]
      },
      "properties": {
        "OBJECTID": 1251,
        "Name": "Ayr",
        "descriptio": null,
        "F1875DATS": null,
        "F1875TimberImports": null,
        "FirstYear": null,
        "LastYear": null,
        "Imports": "Timber",
        "Sources": "Timber Trades Journal 1889",
        "GlobalID": "f783dde7-47e3-4eda-a481-3609a7ac4e18",
        "CreationDate": "Thu, 04 Jul 2019 20:17:06 GMT",
        "Creator": "jim.clifford_siastgis8",
        "EditDate": "Thu, 04 Jul 2019 20:17:26 GMT",
        "Editor": "jim.clifford_siastgis8"
      }
    },
    {
      "type": "Feature",
      "id": 1252,
      "geometry": {
        "type": "Point",
        "coordinates": [
          -3.60281840209956,
          56.0191848626102,
          0
        ]
      },
      "properties": {
        "OBJECTID": 1252,
        "Name": "Borrowstounness (Bo'Ness)",
        "descriptio": null,
        "F1875DATS": null,
        "F1875TimberImports": null,
        "FirstYear": null,
        "LastYear": null,
        "Imports": "Timber",
        "Sources": "Timber Trades Journal 1889",
        "GlobalID": "2bbb8642-fd81-4536-bdcf-b01a0f4336f2",
        "CreationDate": "Thu, 04 Jul 2019 20:18:52 GMT",
        "Creator": "jim.clifford_siastgis8",
        "EditDate": "Thu, 04 Jul 2019 20:19:21 GMT",
        "Editor": "jim.clifford_siastgis8"
      }
    },
    {
      "type": "Feature",
      "id": 1253,
      "geometry": {
        "type": "Point",
        "coordinates": [
          -4.67361271972649,
          55.5444127055824,
          0
        ]
      },
      "properties": {
        "OBJECTID": 1253,
        "Name": "Troon",
        "descriptio": null,
        "F1875DATS": null,
        "F1875TimberImports": null,
        "FirstYear": null,
        "LastYear": null,
        "Imports": "timber",
        "Sources": "Timber Trades Journal 1889",
        "GlobalID": "64f08f51-4b4b-464a-abfc-2b0080b25386",
        "CreationDate": "Thu, 04 Jul 2019 20:21:07 GMT",
        "Creator": "jim.clifford_siastgis8",
        "EditDate": "Thu, 04 Jul 2019 20:21:33 GMT",
        "Editor": "jim.clifford_siastgis8"
      }
    },
    {
      "type": "Feature",
      "id": 1254,
      "geometry": {
        "type": "Point",
        "coordinates": [
          -71.200611493121,
          46.8198570676248,
          0
        ]
      },
      "properties": {
        "OBJECTID": 1254,
        "Name": "Quebec City",
        "descriptio": "Timber Exporter",
        "F1875DATS": null,
        "F1875TimberImports": null,
        "FirstYear": null,
        "LastYear": null,
        "Imports": null,
        "Sources": "Timber Trades Journal 1889",
        "GlobalID": "0dedde7f-e79f-42d4-b7af-83a045bc8df0",
        "CreationDate": "Thu, 11 Jul 2019 16:19:28 GMT",
        "Creator": "jim.clifford_siastgis8",
        "EditDate": "Thu, 11 Jul 2019 16:20:13 GMT",
        "Editor": "jim.clifford_siastgis8"
      }
    },
    {
      "type": "Feature",
      "id": 1255,
      "geometry": {
        "type": "Point",
        "coordinates": [
          17.3063352870027,
          62.3890780504242,
          0
        ]
      },
      "properties": {
        "OBJECTID": 1255,
        "Name": "Sundswall",
        "descriptio": "Timber Exporter",
        "F1875DATS": null,
        "F1875TimberImports": null,
        "FirstYear": null,
        "LastYear": null,
        "Imports": null,
        "Sources": "Timber Trades Journal 1889",
        "GlobalID": "5625ebee-f9e2-4285-8939-88bb220c99f4",
        "CreationDate": "Thu, 11 Jul 2019 16:48:15 GMT",
        "Creator": "",
        "EditDate": "Thu, 11 Jul 2019 16:48:15 GMT",
        "Editor": ""
      }
    },
    {
      "type": "Feature",
      "id": 1256,
      "geometry": {
        "type": "Point",
        "coordinates": [
          22.2514641693117,
          60.4528020408486,
          0
        ]
      },
      "properties": {
        "OBJECTID": 1256,
        "Name": "Abo",
        "descriptio": "Timber Exporter",
        "F1875DATS": null,
        "F1875TimberImports": null,
        "FirstYear": null,
        "LastYear": null,
        "Imports": null,
        "Sources": "Timber Trades Journal 1889",
        "GlobalID": "de7680d4-69f1-47e5-a6bb-3c7bd091e6eb",
        "CreationDate": "Thu, 11 Jul 2019 16:50:24 GMT",
        "Creator": "",
        "EditDate": "Thu, 11 Jul 2019 16:50:24 GMT",
        "Editor": ""
      }
    },
    {
      "type": "Feature",
      "id": 1257,
      "geometry": {
        "type": "Point",
        "coordinates": [
          8.7584524351543,
          58.4701420246829,
          0
        ]
      },
      "properties": {
        "OBJECTID": 1257,
        "Name": "Arendal",
        "descriptio": "Timber Exporter",
        "F1875DATS": null,
        "F1875TimberImports": null,
        "FirstYear": null,
        "LastYear": null,
        "Imports": null,
        "Sources": "Timber Trades Journal 1889",
        "GlobalID": "707ce4e8-2b22-4db0-a9cb-38a7be8a80f1",
        "CreationDate": "Thu, 11 Jul 2019 16:50:49 GMT",
        "Creator": "",
        "EditDate": "Thu, 11 Jul 2019 16:51:28 GMT",
        "Editor": ""
      }
    },
    {
      "type": "Feature",
      "id": 1258,
      "geometry": {
        "type": "Point",
        "coordinates": [
          24.1136539340975,
          56.9520033661236,
          0
        ]
      },
      "properties": {
        "OBJECTID": 1258,
        "Name": "Riga",
        "descriptio": "Timber Exporter",
        "F1875DATS": null,
        "F1875TimberImports": null,
        "FirstYear": null,
        "LastYear": null,
        "Imports": null,
        "Sources": "Timber Trades Journal 1889",
        "GlobalID": "e79fb91a-8c5d-4f58-89d0-e855360aed00",
        "CreationDate": "Thu, 11 Jul 2019 16:53:12 GMT",
        "Creator": "",
        "EditDate": "Thu, 11 Jul 2019 16:53:58 GMT",
        "Editor": ""
      }
    },
    {
      "type": "Feature",
      "id": 1259,
      "geometry": {
        "type": "Point",
        "coordinates": [
          27.1893037810559,
          60.5711374961045,
          0
        ]
      },
      "properties": {
        "OBJECTID": 1259,
        "Name": "Fredrikshamn",
        "descriptio": "Timber Exporter",
        "F1875DATS": null,
        "F1875TimberImports": null,
        "FirstYear": null,
        "LastYear": null,
        "Imports": null,
        "Sources": "Timber Trades Journal 1889",
        "GlobalID": "00a5506b-0e07-4a5d-9768-20e6cc09a2a5",
        "CreationDate": "Thu, 11 Jul 2019 16:55:19 GMT",
        "Creator": "",
        "EditDate": "Thu, 11 Jul 2019 16:55:19 GMT",
        "Editor": ""
      }
    },
    {
      "type": "Feature",
      "id": 1260,
      "geometry": {
        "type": "Point",
        "coordinates": [
          11.3874541693116,
          59.1248045350242,
          0
        ]
      },
      "properties": {
        "OBJECTID": 1260,
        "Name": "Fredrikshald",
        "descriptio": "Timber Exporter",
        "F1875DATS": null,
        "F1875TimberImports": null,
        "FirstYear": null,
        "LastYear": null,
        "Imports": null,
        "Sources": "Timber Trades Journal 1889",
        "GlobalID": "ddc9ddc5-a8b2-4535-b009-e1b53b705175",
        "CreationDate": "Thu, 11 Jul 2019 16:56:05 GMT",
        "Creator": "",
        "EditDate": "Thu, 11 Jul 2019 16:56:05 GMT",
        "Editor": ""
      }
    },
    {
      "type": "Feature",
      "id": 1261,
      "geometry": {
        "type": "Point",
        "coordinates": [
          40.5439866455079,
          64.5412075020308,
          0
        ]
      },
      "properties": {
        "OBJECTID": 1261,
        "Name": "Archangel",
        "descriptio": "Timber Exporter",
        "F1875DATS": null,
        "F1875TimberImports": null,
        "FirstYear": null,
        "LastYear": null,
        "Imports": null,
        "Sources": "Timber Trades Journal 1889",
        "GlobalID": "52e4faed-158c-438a-be4a-3bae616f8ac4",
        "CreationDate": "Thu, 11 Jul 2019 16:57:46 GMT",
        "Creator": "",
        "EditDate": "Thu, 11 Jul 2019 17:25:06 GMT",
        "Editor": "jim.clifford_siastgis8"
      }
    },
    {
      "type": "Feature",
      "id": 1262,
      "geometry": {
        "type": "Point",
        "coordinates": [
          -1.16703658203118,
          44.6612922535177,
          0
        ]
      },
      "properties": {
        "OBJECTID": 1262,
        "Name": "Arcachon",
        "descriptio": "Timber Exporter",
        "F1875DATS": null,
        "F1875TimberImports": null,
        "FirstYear": null,
        "LastYear": null,
        "Imports": null,
        "Sources": "Timber Trades Journal 1889",
        "GlobalID": "be5b78dd-2374-41db-b1d5-475a457169b6",
        "CreationDate": "Thu, 11 Jul 2019 16:58:41 GMT",
        "Creator": "",
        "EditDate": "Thu, 11 Jul 2019 16:58:41 GMT",
        "Editor": ""
      }
    },
    {
      "type": "Feature",
      "id": 1263,
      "geometry": {
        "type": "Point",
        "coordinates": [
          -2.98168918518064,
          47.6667153763157,
          0
        ]
      },
      "properties": {
        "OBJECTID": 1263,
        "Name": "Auray",
        "descriptio": "Timber Exporter",
        "F1875DATS": null,
        "F1875TimberImports": null,
        "FirstYear": null,
        "LastYear": null,
        "Imports": null,
        "Sources": "Timber Trades Journal 1889",
        "GlobalID": "ad62791e-a044-4c6b-9ba2-d6d9ce808714",
        "CreationDate": "Thu, 11 Jul 2019 17:00:15 GMT",
        "Creator": "",
        "EditDate": "Thu, 11 Jul 2019 17:00:15 GMT",
        "Editor": ""
      }
    },
    {
      "type": "Feature",
      "id": 1264,
      "geometry": {
        "type": "Point",
        "coordinates": [
          -0.572658592529262,
          44.8383676829183,
          0
        ]
      },
      "properties": {
        "OBJECTID": 1264,
        "Name": "Bordeaux",
        "descriptio": "Timber Exporter",
        "F1875DATS": null,
        "F1875TimberImports": null,
        "FirstYear": null,
        "LastYear": null,
        "Imports": null,
        "Sources": "Timber Trades Journal 1889",
        "GlobalID": "5414a769-fc1d-49a9-bf91-1a7132dfef87",
        "CreationDate": "Thu, 11 Jul 2019 17:01:28 GMT",
        "Creator": "",
        "EditDate": "Thu, 11 Jul 2019 17:01:28 GMT",
        "Editor": ""
      }
    },
    {
      "type": "Feature",
      "id": 1265,
      "geometry": {
        "type": "Point",
        "coordinates": [
          -63.5779232910155,
          44.6458582609808,
          0
        ]
      },
      "properties": {
        "OBJECTID": 1265,
        "Name": "Halifax",
        "descriptio": "Timber Exporter",
        "F1875DATS": null,
        "F1875TimberImports": null,
        "FirstYear": null,
        "LastYear": null,
        "Imports": null,
        "Sources": "Timber Trades Journal 1889",
        "GlobalID": "f8c9f226-2183-455b-8a3d-d26ecff211a0",
        "CreationDate": "Thu, 11 Jul 2019 17:05:37 GMT",
        "Creator": "",
        "EditDate": "Thu, 11 Jul 2019 17:05:37 GMT",
        "Editor": ""
      }
    },
    {
      "type": "Feature",
      "id": 1266,
      "geometry": {
        "type": "Point",
        "coordinates": [
          -66.0681749841308,
          45.2727437249886,
          0
        ]
      },
      "properties": {
        "OBJECTID": 1266,
        "Name": "St. John",
        "descriptio": "Timber Exporter",
        "F1875DATS": null,
        "F1875TimberImports": null,
        "FirstYear": null,
        "LastYear": null,
        "Imports": null,
        "Sources": "Timber Trades Journal 1889",
        "GlobalID": "db5cb81c-a8ac-4783-9380-82e523fb97be",
        "CreationDate": "Thu, 11 Jul 2019 17:06:21 GMT",
        "Creator": "",
        "EditDate": "Thu, 11 Jul 2019 17:06:21 GMT",
        "Editor": ""
      }
    },
    {
      "type": "Feature",
      "id": 1267,
      "geometry": {
        "type": "Point",
        "coordinates": [
          -73.5553766455077,
          45.5129959517878,
          0
        ]
      },
      "properties": {
        "OBJECTID": 1267,
        "Name": "Montreal",
        "descriptio": "Timber Exporter",
        "F1875DATS": null,
        "F1875TimberImports": null,
        "FirstYear": null,
        "LastYear": null,
        "Imports": null,
        "Sources": "Timber Trades Journal 1889",
        "GlobalID": "fa349235-278e-4bff-b26c-0b6e19aea30b",
        "CreationDate": "Thu, 11 Jul 2019 17:06:53 GMT",
        "Creator": "",
        "EditDate": "Thu, 11 Jul 2019 17:06:53 GMT",
        "Editor": ""
      }
    },
    {
      "type": "Feature",
      "id": 1268,
      "geometry": {
        "type": "Point",
        "coordinates": [
          -64.5352616613769,
          46.2201868321302,
          0
        ]
      },
      "properties": {
        "OBJECTID": 1268,
        "Name": "Shediac",
        "descriptio": "Timber Exporter",
        "F1875DATS": null,
        "F1875TimberImports": null,
        "FirstYear": null,
        "LastYear": null,
        "Imports": null,
        "Sources": "Timber Trades Journal 1889",
        "GlobalID": "1d1bd2bc-3e51-4340-88ef-662246f5fd2b",
        "CreationDate": "Thu, 11 Jul 2019 17:07:20 GMT",
        "Creator": "",
        "EditDate": "Thu, 11 Jul 2019 17:07:20 GMT",
        "Editor": ""
      }
    },
    {
      "type": "Feature",
      "id": 1269,
      "geometry": {
        "type": "Point",
        "coordinates": [
          17.1835063783265,
          60.6782700353304,
          0
        ]
      },
      "properties": {
        "OBJECTID": 1269,
        "Name": "Gefle",
        "descriptio": "Timber Exporter",
        "F1875DATS": null,
        "F1875TimberImports": null,
        "FirstYear": null,
        "LastYear": null,
        "Imports": null,
        "Sources": "Timber Trades Journal 1889",
        "GlobalID": "10c52396-949a-456e-938d-aef41cf9fd2a",
        "CreationDate": "Thu, 11 Jul 2019 17:08:32 GMT",
        "Creator": "",
        "EditDate": "Thu, 11 Jul 2019 17:08:32 GMT",
        "Editor": ""
      }
    },
    {
      "type": "Feature",
      "id": 1270,
      "geometry": {
        "type": "Point",
        "coordinates": [
          24.5665102968958,
          65.7366935700403,
          0
        ]
      },
      "properties": {
        "OBJECTID": 1270,
        "Name": "Kemi",
        "descriptio": "Timber Exporter",
        "F1875DATS": null,
        "F1875TimberImports": null,
        "FirstYear": null,
        "LastYear": null,
        "Imports": null,
        "Sources": "Timber Trades Journal 1889",
        "GlobalID": "92d256cc-888e-495a-8fdb-7028e5fe0280",
        "CreationDate": "Thu, 11 Jul 2019 17:10:38 GMT",
        "Creator": "",
        "EditDate": "Thu, 11 Jul 2019 17:10:38 GMT",
        "Editor": ""
      }
    },
    {
      "type": "Feature",
      "id": 1271,
      "geometry": {
        "type": "Point",
        "coordinates": [
          -87.2103635449219,
          30.4172348803734,
          0
        ]
      },
      "properties": {
        "OBJECTID": 1271,
        "Name": "Pensacola",
        "descriptio": "Timber Exporter",
        "F1875DATS": null,
        "F1875TimberImports": null,
        "FirstYear": null,
        "LastYear": null,
        "Imports": null,
        "Sources": "Timber Trades Journal 1889",
        "GlobalID": "ce7cfc56-fa31-402a-98c8-d44f8f07f7ae",
        "CreationDate": "Thu, 11 Jul 2019 17:11:51 GMT",
        "Creator": "",
        "EditDate": "Thu, 11 Jul 2019 17:11:51 GMT",
        "Editor": ""
      }
    },
    {
      "type": "Feature",
      "id": 1272,
      "geometry": {
        "type": "Point",
        "coordinates": [
          11.9680483386231,
          57.70073799777,
          0
        ]
      },
      "properties": {
        "OBJECTID": 1272,
        "Name": "Gothenburg",
        "descriptio": "Timber Exporter",
        "F1875DATS": null,
        "F1875TimberImports": null,
        "FirstYear": null,
        "LastYear": null,
        "Imports": null,
        "Sources": "Timber Trades Journal 1889",
        "GlobalID": "584f9f01-4b27-4d04-abc2-dd5eaee4e48f",
        "CreationDate": "Thu, 11 Jul 2019 17:19:59 GMT",
        "Creator": "",
        "EditDate": "Thu, 11 Jul 2019 17:19:59 GMT",
        "Editor": ""
      }
    },
    {
      "type": "Feature",
      "id": 1273,
      "geometry": {
        "type": "Point",
        "coordinates": [
          18.6510183386231,
          54.3532540815076,
          0
        ]
      },
      "properties": {
        "OBJECTID": 1273,
        "Name": "Danzig",
        "descriptio": "Timber Exporter",
        "F1875DATS": null,
        "F1875TimberImports": null,
        "FirstYear": null,
        "LastYear": null,
        "Imports": null,
        "Sources": "Timber Trades Journal 1889",
        "GlobalID": "b77238cf-e2f3-4afe-ae95-1ed263bf973b",
        "CreationDate": "Thu, 11 Jul 2019 17:20:44 GMT",
        "Creator": "",
        "EditDate": "Thu, 11 Jul 2019 17:20:44 GMT",
        "Editor": ""
      }
    },
    {
      "type": "Feature",
      "id": 1274,
      "geometry": {
        "type": "Point",
        "coordinates": [
          -74.0078266455077,
          40.713197770232,
          0
        ]
      },
      "properties": {
        "OBJECTID": 1274,
        "Name": "New York",
        "descriptio": "Timber Exporter",
        "F1875DATS": null,
        "F1875TimberImports": null,
        "FirstYear": null,
        "LastYear": null,
        "Imports": null,
        "Sources": "Timber Trades Journal 1889",
        "GlobalID": "56c129bc-60e8-4b86-8214-db621821b761",
        "CreationDate": "Thu, 11 Jul 2019 17:22:06 GMT",
        "Creator": "",
        "EditDate": "Thu, 11 Jul 2019 17:22:06 GMT",
        "Editor": ""
      }
    },
    {
      "type": "Feature",
      "id": 1275,
      "geometry": {
        "type": "Point",
        "coordinates": [
          -71.0574266455077,
          42.3595726133805,
          0
        ]
      },
      "properties": {
        "OBJECTID": 1275,
        "Name": "Boston",
        "descriptio": "Timber Exporter",
        "F1875DATS": null,
        "F1875TimberImports": null,
        "FirstYear": null,
        "LastYear": null,
        "Imports": null,
        "Sources": "Timber Trades Journal 1889",
        "GlobalID": "bb854718-c55e-4b25-88d2-78f82b56fd28",
        "CreationDate": "Thu, 11 Jul 2019 17:22:30 GMT",
        "Creator": "",
        "EditDate": "Thu, 11 Jul 2019 17:22:30 GMT",
        "Editor": ""
      }
    },
    {
      "type": "Feature",
      "id": 1276,
      "geometry": {
        "type": "Point",
        "coordinates": [
          -75.16218,
          39.9521191086056,
          0
        ]
      },
      "properties": {
        "OBJECTID": 1276,
        "Name": "Philadelphia",
        "descriptio": "Timber Exporter",
        "F1875DATS": null,
        "F1875TimberImports": null,
        "FirstYear": null,
        "LastYear": null,
        "Imports": null,
        "Sources": "Timber Trades Journal 1889",
        "GlobalID": "4f0f4e3d-0e93-47d9-8383-011ba2e87fcf",
        "CreationDate": "Thu, 11 Jul 2019 17:23:02 GMT",
        "Creator": "",
        "EditDate": "Thu, 11 Jul 2019 17:23:02 GMT",
        "Editor": ""
      }
    },
    {
      "type": "Feature",
      "id": 1277,
      "geometry": {
        "type": "Point",
        "coordinates": [
          4.4874063916016,
          51.9209408964375,
          0
        ]
      },
      "properties": {
        "OBJECTID": 1277,
        "Name": "Rotterdam",
        "descriptio": "Timber Exporter",
        "F1875DATS": null,
        "F1875TimberImports": null,
        "FirstYear": null,
        "LastYear": null,
        "Imports": null,
        "Sources": "Timber Trades Journal 1889",
        "GlobalID": "23cc5480-fa12-4f3f-b55e-600c68dd4680",
        "CreationDate": "Thu, 11 Jul 2019 17:24:48 GMT",
        "Creator": "",
        "EditDate": "Thu, 11 Jul 2019 17:24:48 GMT",
        "Editor": ""
      }
    },
    {
      "type": "Feature",
      "id": 1278,
      "geometry": {
        "type": "Point",
        "coordinates": [
          -90.0763767089845,
          29.9530336254134,
          0
        ]
      },
      "properties": {
        "OBJECTID": 1278,
        "Name": "New Orleans",
        "descriptio": "Timber Exporter",
        "F1875DATS": null,
        "F1875TimberImports": null,
        "FirstYear": null,
        "LastYear": null,
        "Imports": null,
        "Sources": "Timber Trades Journal 1889",
        "GlobalID": "061c79bc-a067-4132-806a-c7b78dbb6049",
        "CreationDate": "Thu, 11 Jul 2019 17:30:52 GMT",
        "Creator": "",
        "EditDate": "Thu, 11 Jul 2019 17:30:52 GMT",
        "Editor": ""
      }
    },
    {
      "type": "Feature",
      "id": 1279,
      "geometry": {
        "type": "Point",
        "coordinates": [
          30.7419165185547,
          46.4758177004446,
          0
        ]
      },
      "properties": {
        "OBJECTID": 1279,
        "Name": "Odessa",
        "descriptio": "Timber Exporter",
        "F1875DATS": null,
        "F1875TimberImports": null,
        "FirstYear": null,
        "LastYear": null,
        "Imports": null,
        "Sources": "Timber Trades Journal 1889",
        "GlobalID": "3f88c123-728a-4e03-9a12-2cc8d58dc656",
        "CreationDate": "Thu, 11 Jul 2019 17:51:53 GMT",
        "Creator": "",
        "EditDate": "Thu, 11 Jul 2019 20:00:18 GMT",
        "Editor": ""
      }
    },
    {
      "type": "Feature",
      "id": 1280,
      "geometry": {
        "type": "Point",
        "coordinates": [
          4.39700335449226,
          51.2233758643843,
          0
        ]
      },
      "properties": {
        "OBJECTID": 1280,
        "Name": "Antwerp",
        "descriptio": "Timber Exporter",
        "F1875DATS": null,
        "F1875TimberImports": null,
        "FirstYear": null,
        "LastYear": null,
        "Imports": null,
        "Sources": "Timber & Trade Journals 1889",
        "GlobalID": "25b48491-6ffb-426c-9e5d-30029c45466f",
        "CreationDate": "Thu, 11 Jul 2019 17:52:28 GMT",
        "Creator": "",
        "EditDate": "Thu, 11 Jul 2019 17:52:28 GMT",
        "Editor": ""
      }
    },
    {
      "type": "Feature",
      "id": 1281,
      "geometry": {
        "type": "Point",
        "coordinates": [
          -3.82806827514645,
          48.5780381812011,
          0
        ]
      },
      "properties": {
        "OBJECTID": 1281,
        "Name": "Morlaix",
        "descriptio": "Timber Exporter",
        "F1875DATS": null,
        "F1875TimberImports": null,
        "FirstYear": null,
        "LastYear": null,
        "Imports": null,
        "Sources": "Timber & Trade Journals 1889",
        "GlobalID": "881e2350-d4bc-4745-82b4-c6eb68b16a68",
        "CreationDate": "Thu, 11 Jul 2019 17:55:36 GMT",
        "Creator": "",
        "EditDate": "Thu, 11 Jul 2019 17:55:36 GMT",
        "Editor": ""
      }
    },
    {
      "type": "Feature",
      "id": 1282,
      "geometry": {
        "type": "Point",
        "coordinates": [
          -8.76972281019871,
          42.6105354554446,
          0
        ]
      },
      "properties": {
        "OBJECTID": 1282,
        "Name": "Carril",
        "descriptio": "Timber Exporter",
        "F1875DATS": null,
        "F1875TimberImports": null,
        "FirstYear": null,
        "LastYear": null,
        "Imports": null,
        "Sources": "Timber Trades Journal 1889",
        "GlobalID": "6d265378-1ec1-4544-854c-112c290df103",
        "CreationDate": "Thu, 11 Jul 2019 19:27:09 GMT",
        "Creator": "",
        "EditDate": "Thu, 11 Jul 2019 19:27:09 GMT",
        "Editor": ""
      }
    },
    {
      "type": "Feature",
      "id": 1283,
      "geometry": {
        "type": "Point",
        "coordinates": [
          29.7714865185547,
          59.9939156370316,
          0
        ]
      },
      "properties": {
        "OBJECTID": 1283,
        "Name": "Cronstadt",
        "descriptio": "Timber Exporter",
        "F1875DATS": null,
        "F1875TimberImports": null,
        "FirstYear": null,
        "LastYear": null,
        "Imports": null,
        "Sources": "Timber Trades Journal 1889",
        "GlobalID": "f1a41885-786b-4ca8-b104-55a5ef05c1fc",
        "CreationDate": "Thu, 11 Jul 2019 19:32:28 GMT",
        "Creator": "",
        "EditDate": "Tue, 16 Jul 2019 20:28:21 GMT",
        "Editor": ""
      }
    },
    {
      "type": "Feature",
      "id": 1284,
      "geometry": {
        "type": "Point",
        "coordinates": [
          -0.749173322753847,
          45.1991804389957,
          0
        ]
      },
      "properties": {
        "OBJECTID": 1284,
        "Name": "Pauillac",
        "descriptio": "Timber Exporter",
        "F1875DATS": null,
        "F1875TimberImports": null,
        "FirstYear": null,
        "LastYear": null,
        "Imports": null,
        "Sources": "Timber Trades Journal 1889",
        "GlobalID": "b7676e00-52bc-4302-98af-e622425e326f",
        "CreationDate": "Thu, 11 Jul 2019 20:02:32 GMT",
        "Creator": "",
        "EditDate": "Thu, 11 Jul 2019 20:02:32 GMT",
        "Editor": ""
      }
    },
    {
      "type": "Feature",
      "id": 1288,
      "geometry": {
        "type": "Point",
        "coordinates": [
          -1.14351332275385,
          45.7745436583379,
          0
        ]
      },
      "properties": {
        "OBJECTID": 1288,
        "Name": "Tremblade",
        "descriptio": "Timber Exporter",
        "F1875DATS": null,
        "F1875TimberImports": null,
        "FirstYear": null,
        "LastYear": null,
        "Imports": null,
        "Sources": "Timber Trades Journal 1889",
        "GlobalID": "613b361a-0279-4040-ac7a-571a04e64ad4",
        "CreationDate": "Thu, 11 Jul 2019 22:58:53 GMT",
        "Creator": "",
        "EditDate": "Tue, 16 Jul 2019 20:19:32 GMT",
        "Editor": ""
      }
    },
    {
      "type": "Feature",
      "id": 1289,
      "geometry": {
        "type": "Point",
        "coordinates": [
          -76.6096033227539,
          39.2909022702315,
          0
        ]
      },
      "properties": {
        "OBJECTID": 1289,
        "Name": "Baltimore",
        "descriptio": "Timber Exporter",
        "F1875DATS": null,
        "F1875TimberImports": null,
        "FirstYear": null,
        "LastYear": null,
        "Imports": null,
        "Sources": "Timber Trades Journal 1889",
        "GlobalID": "71988e46-a73a-4aa1-b280-dfb201384db6",
        "CreationDate": "Tue, 16 Jul 2019 16:38:37 GMT",
        "Creator": "",
        "EditDate": "Tue, 16 Jul 2019 16:38:37 GMT",
        "Editor": ""
      }
    },
    {
      "type": "Feature",
      "id": 1290,
      "geometry": {
        "type": "Point",
        "coordinates": [
          -66.3697916613769,
          48.0643926592676,
          0
        ]
      },
      "properties": {
        "OBJECTID": 1290,
        "Name": "Dalhousie",
        "descriptio": "Timber Exporter",
        "F1875DATS": null,
        "F1875TimberImports": null,
        "FirstYear": null,
        "LastYear": null,
        "Imports": null,
        "Sources": "Timber Trades Journal 1889",
        "GlobalID": "f0a076ce-d448-4133-88f5-1d14d9603e51",
        "CreationDate": "Tue, 16 Jul 2019 16:40:31 GMT",
        "Creator": "",
        "EditDate": "Tue, 16 Jul 2019 16:40:31 GMT",
        "Editor": ""
      }
    },
    {
      "type": "Feature",
      "id": 1291,
      "geometry": {
        "type": "Point",
        "coordinates": [
          10.1840215950051,
          59.7478785493119,
          0
        ]
      },
      "properties": {
        "OBJECTID": 1291,
        "Name": "Drammen",
        "descriptio": "Timber Exporter",
        "F1875DATS": null,
        "F1875TimberImports": null,
        "FirstYear": null,
        "LastYear": null,
        "Imports": null,
        "Sources": "Timber Trades Journal 1889",
        "GlobalID": "f353fb32-1b49-45e4-8bdb-f568a8f3033c",
        "CreationDate": "Tue, 16 Jul 2019 16:42:43 GMT",
        "Creator": "",
        "EditDate": "Tue, 16 Jul 2019 20:22:21 GMT",
        "Editor": ""
      }
    },
    {
      "type": "Feature",
      "id": 1292,
      "geometry": {
        "type": "Point",
        "coordinates": [
          10.9357039213349,
          59.2139821431688,
          0
        ]
      },
      "properties": {
        "OBJECTID": 1292,
        "Name": "Fredrikstad",
        "descriptio": "Timber Exporter",
        "F1875DATS": null,
        "F1875TimberImports": null,
        "FirstYear": null,
        "LastYear": null,
        "Imports": null,
        "Sources": "Timber Trades Journal 1889",
        "GlobalID": "148737b2-222b-4ae7-a295-e06f1f12bd5c",
        "CreationDate": "Tue, 16 Jul 2019 16:45:46 GMT",
        "Creator": "",
        "EditDate": "Tue, 16 Jul 2019 20:21:35 GMT",
        "Editor": ""
      }
    },
    {
      "type": "Feature",
      "id": 1293,
      "geometry": {
        "type": "Point",
        "coordinates": [
          15.5844683386232,
          56.1608063124393,
          0
        ]
      },
      "properties": {
        "OBJECTID": 1293,
        "Name": "Karlskrona",
        "descriptio": "Timber Exporter",
        "F1875DATS": null,
        "F1875TimberImports": null,
        "FirstYear": null,
        "LastYear": null,
        "Imports": null,
        "Sources": "Timber Trades Journal 1889",
        "GlobalID": "8dd50679-4662-4d2f-a033-481fcb037f21",
        "CreationDate": "Tue, 16 Jul 2019 16:51:07 GMT",
        "Creator": "",
        "EditDate": "Tue, 16 Jul 2019 20:20:50 GMT",
        "Editor": ""
      }
    },
    {
      "type": "Feature",
      "id": 1294,
      "geometry": {
        "type": "Point",
        "coordinates": [
          26.9184724444581,
          60.4671369633067,
          0
        ]
      },
      "properties": {
        "OBJECTID": 1294,
        "Name": "Kotka",
        "descriptio": "Timber Exporter",
        "F1875DATS": null,
        "F1875TimberImports": null,
        "FirstYear": null,
        "LastYear": null,
        "Imports": null,
        "Sources": "Timber Trades Journal 1889",
        "GlobalID": "d293585a-f48d-4ac3-8653-4e23c80e054e",
        "CreationDate": "Tue, 16 Jul 2019 16:51:46 GMT",
        "Creator": "",
        "EditDate": "Tue, 16 Jul 2019 16:51:46 GMT",
        "Editor": ""
      }
    },
    {
      "type": "Feature",
      "id": 1295,
      "geometry": {
        "type": "Point",
        "coordinates": [
          10.7460535835705,
          59.9127593309038,
          0
        ]
      },
      "properties": {
        "OBJECTID": 1295,
        "Name": "Christiania",
        "descriptio": "Timber Exporter",
        "F1875DATS": null,
        "F1875TimberImports": null,
        "FirstYear": null,
        "LastYear": null,
        "Imports": null,
        "Sources": "Timber Trades Journal 1889",
        "GlobalID": "5cd06a01-a4fd-4424-9e54-7429d073d676",
        "CreationDate": "Tue, 16 Jul 2019 17:04:43 GMT",
        "Creator": "",
        "EditDate": "Tue, 16 Jul 2019 20:21:54 GMT",
        "Editor": ""
      }
    },
    {
      "type": "Feature",
      "id": 1296,
      "geometry": {
        "type": "Point",
        "coordinates": [
          10.0222858306885,
          59.0519993698318,
          0
        ]
      },
      "properties": {
        "OBJECTID": 1296,
        "Name": "Laurvig",
        "descriptio": "Timber Exporter",
        "F1875DATS": null,
        "F1875TimberImports": null,
        "FirstYear": null,
        "LastYear": null,
        "Imports": null,
        "Sources": "Timber Trades Journal 1889",
        "GlobalID": "105b0b36-37a3-48d7-b613-6d4046735808",
        "CreationDate": "Tue, 16 Jul 2019 17:07:42 GMT",
        "Creator": "",
        "EditDate": "Tue, 16 Jul 2019 17:07:42 GMT",
        "Editor": ""
      }
    },
    {
      "type": "Feature",
      "id": 1297,
      "geometry": {
        "type": "Point",
        "coordinates": [
          9.65712996826176,
          59.1429922168333,
          0
        ]
      },
      "properties": {
        "OBJECTID": 1297,
        "Name": "Porsgrund",
        "descriptio": "Timber Exporter",
        "F1875DATS": null,
        "F1875TimberImports": null,
        "FirstYear": null,
        "LastYear": null,
        "Imports": null,
        "Sources": "Timber Trades Journal 1889",
        "GlobalID": "5e03c2e8-0906-4ce9-a310-bb375b161bb1",
        "CreationDate": "Tue, 16 Jul 2019 17:13:00 GMT",
        "Creator": "",
        "EditDate": "Tue, 16 Jul 2019 17:13:00 GMT",
        "Editor": ""
      }
    },
    {
      "type": "Feature",
      "id": 1298,
      "geometry": {
        "type": "Point",
        "coordinates": [
          20.4988802856446,
          54.7112317805089,
          0
        ]
      },
      "properties": {
        "OBJECTID": 1298,
        "Name": "Konigsberg",
        "descriptio": "Timber Exporter",
        "F1875DATS": null,
        "F1875TimberImports": null,
        "FirstYear": null,
        "LastYear": null,
        "Imports": null,
        "Sources": "Timber Trades Journal 1889",
        "GlobalID": "dd73018b-fc09-48f1-9a2a-88c6b96befa9",
        "CreationDate": "Tue, 16 Jul 2019 17:14:52 GMT",
        "Creator": "",
        "EditDate": "Tue, 16 Jul 2019 17:14:52 GMT",
        "Editor": ""
      }
    },
    {
      "type": "Feature",
      "id": 1299,
      "geometry": {
        "type": "Point",
        "coordinates": [
          30.3067266455079,
          59.9339888563424,
          0
        ]
      },
      "properties": {
        "OBJECTID": 1299,
        "Name": "St. Petersburg",
        "descriptio": "Timber Exporter",
        "F1875DATS": null,
        "F1875TimberImports": null,
        "FirstYear": null,
        "LastYear": null,
        "Imports": null,
        "Sources": "Timber Trades Journal 1889",
        "GlobalID": "96f23954-fcb8-45c1-baca-2f33c4b9e48c",
        "CreationDate": "Tue, 16 Jul 2019 17:15:53 GMT",
        "Creator": "",
        "EditDate": "Tue, 16 Jul 2019 17:15:53 GMT",
        "Editor": ""
      }
    },
    {
      "type": "Feature",
      "id": 1300,
      "geometry": {
        "type": "Point",
        "coordinates": [
          17.4141847022097,
          60.6295982909093,
          0
        ]
      },
      "properties": {
        "OBJECTID": 1300,
        "Name": "Skutskar",
        "descriptio": "Timber Exporter",
        "F1875DATS": null,
        "F1875TimberImports": null,
        "FirstYear": null,
        "LastYear": null,
        "Imports": null,
        "Sources": "Timber Trades Journal 1889",
        "GlobalID": "a983f98e-d7ee-473e-94b6-fd0739915344",
        "CreationDate": "Tue, 16 Jul 2019 17:17:12 GMT",
        "Creator": "",
        "EditDate": "Tue, 16 Jul 2019 17:17:12 GMT",
        "Editor": ""
      }
    },
    {
      "type": "Feature",
      "id": 1301,
      "geometry": {
        "type": "Point",
        "coordinates": [
          -3.27385166137653,
          47.8025739476478,
          0
        ]
      },
      "properties": {
        "OBJECTID": 1301,
        "Name": "Hennebont",
        "descriptio": "Timber Exporter",
        "F1875DATS": null,
        "F1875TimberImports": null,
        "FirstYear": null,
        "LastYear": null,
        "Imports": null,
        "Sources": "Timber Trades Journal 1889",
        "GlobalID": "87ff991c-ccd5-4663-9726-2fc3df67bf21",
        "CreationDate": "Tue, 16 Jul 2019 17:23:15 GMT",
        "Creator": "",
        "EditDate": "Tue, 16 Jul 2019 17:23:15 GMT",
        "Editor": ""
      }
    },
    {
      "type": "Feature",
      "id": 1302,
      "geometry": {
        "type": "Point",
        "coordinates": [
          7.99468833862306,
          58.1439137156268,
          0
        ]
      },
      "properties": {
        "OBJECTID": 1302,
        "Name": "Christiansand",
        "descriptio": "Timber Exporter",
        "F1875DATS": null,
        "F1875TimberImports": null,
        "FirstYear": null,
        "LastYear": null,
        "Imports": null,
        "Sources": "Timber Trades Journal 1889",
        "GlobalID": "c252d6b5-6e01-4415-97ea-ecf0ac08659b",
        "CreationDate": "Tue, 16 Jul 2019 17:24:38 GMT",
        "Creator": "",
        "EditDate": "Tue, 16 Jul 2019 17:24:38 GMT",
        "Editor": ""
      }
    },
    {
      "type": "Feature",
      "id": 1303,
      "geometry": {
        "type": "Point",
        "coordinates": [
          28.7476258831691,
          60.7132675840768,
          0
        ]
      },
      "properties": {
        "OBJECTID": 1303,
        "Name": "Wyborg",
        "descriptio": "Timber Exporter",
        "F1875DATS": null,
        "F1875TimberImports": null,
        "FirstYear": null,
        "LastYear": null,
        "Imports": null,
        "Sources": "Timber Trades Journal 1889",
        "GlobalID": "23b17d50-856b-4a8c-a39c-869ee3bf1cf2",
        "CreationDate": "Tue, 16 Jul 2019 17:25:52 GMT",
        "Creator": "",
        "EditDate": "Tue, 16 Jul 2019 17:25:52 GMT",
        "Editor": ""
      }
    },
    {
      "type": "Feature",
      "id": 1304,
      "geometry": {
        "type": "Point",
        "coordinates": [
          -1.54816765075694,
          47.2175117591258,
          0
        ]
      },
      "properties": {
        "OBJECTID": 1304,
        "Name": "Nantes",
        "descriptio": "Timber Exporter",
        "F1875DATS": null,
        "F1875TimberImports": null,
        "FirstYear": null,
        "LastYear": null,
        "Imports": null,
        "Sources": "Timber Trades Journal 1889",
        "GlobalID": "48df7e8e-18d5-4f41-b452-024018e5bec2",
        "CreationDate": "Tue, 16 Jul 2019 17:26:46 GMT",
        "Creator": "",
        "EditDate": "Tue, 16 Jul 2019 17:26:46 GMT",
        "Editor": ""
      }
    },
    {
      "type": "Feature",
      "id": 1305,
      "geometry": {
        "type": "Point",
        "coordinates": [
          4.91062658203126,
          52.369690469728,
          0
        ]
      },
      "properties": {
        "OBJECTID": 1305,
        "Name": "Amsterdam",
        "descriptio": "Timber Exporter",
        "F1875DATS": null,
        "F1875TimberImports": null,
        "FirstYear": null,
        "LastYear": null,
        "Imports": null,
        "Sources": "Timber Trades Journal 1889",
        "GlobalID": "1b3df38d-2c6e-435b-ba48-8c254ba986a5",
        "CreationDate": "Tue, 16 Jul 2019 17:49:54 GMT",
        "Creator": "",
        "EditDate": "Tue, 16 Jul 2019 17:49:54 GMT",
        "Editor": ""
      }
    },
    {
      "type": "Feature",
      "id": 1306,
      "geometry": {
        "type": "Point",
        "coordinates": [
          -70.2568747685552,
          43.659190604866,
          0
        ]
      },
      "properties": {
        "OBJECTID": 1306,
        "Name": "Portland",
        "descriptio": "Timber Exporter",
        "F1875DATS": null,
        "F1875TimberImports": null,
        "FirstYear": null,
        "LastYear": null,
        "Imports": null,
        "Sources": "Timber Trades Journal 1889",
        "GlobalID": "0863f104-6732-45f5-81c8-a82b0b7124c6",
        "CreationDate": "Tue, 16 Jul 2019 17:54:08 GMT",
        "Creator": "",
        "EditDate": "Tue, 16 Jul 2019 17:54:08 GMT",
        "Editor": ""
      }
    },
    {
      "type": "Feature",
      "id": 1307,
      "geometry": {
        "type": "Point",
        "coordinates": [
          8.92772996826176,
          58.6242330252376,
          0
        ]
      },
      "properties": {
        "OBJECTID": 1307,
        "Name": "Tvedestrand",
        "descriptio": "Timber Exporter",
        "F1875DATS": null,
        "F1875TimberImports": null,
        "FirstYear": null,
        "LastYear": null,
        "Imports": null,
        "Sources": "Timber Trades Journals 1889",
        "GlobalID": "191b1acd-66f9-4826-ba70-ddd235ebca07",
        "CreationDate": "Tue, 16 Jul 2019 19:48:26 GMT",
        "Creator": "",
        "EditDate": "Tue, 16 Jul 2019 19:48:26 GMT",
        "Editor": ""
      }
    },
    {
      "type": "Feature",
      "id": 1308,
      "geometry": {
        "type": "Point",
        "coordinates": [
          9.91560335449218,
          57.0506737612993,
          0
        ]
      },
      "properties": {
        "OBJECTID": 1308,
        "Name": "Aalborg",
        "descriptio": "Timber Exporter",
        "F1875DATS": null,
        "F1875TimberImports": null,
        "FirstYear": null,
        "LastYear": null,
        "Imports": null,
        "Sources": "Timber Trades Journals 1889",
        "GlobalID": "d59909d3-7a54-417b-8f97-cc166a09782a",
        "CreationDate": "Tue, 16 Jul 2019 19:55:12 GMT",
        "Creator": "",
        "EditDate": "Tue, 16 Jul 2019 19:55:12 GMT",
        "Editor": ""
      }
    },
    {
      "type": "Feature",
      "id": 1309,
      "geometry": {
        "type": "Point",
        "coordinates": [
          10.4434929153443,
          59.3515928948458,
          0
        ]
      },
      "properties": {
        "OBJECTID": 1309,
        "Name": "Aasgaardstrand",
        "descriptio": "Timber Exporter",
        "F1875DATS": null,
        "F1875TimberImports": null,
        "FirstYear": null,
        "LastYear": null,
        "Imports": null,
        "Sources": "Timber Trades Journals 1889",
        "GlobalID": "2d8e9e46-ae54-4452-89a3-7cb1e051b614",
        "CreationDate": "Tue, 16 Jul 2019 19:56:25 GMT",
        "Creator": "",
        "EditDate": "Tue, 16 Jul 2019 19:56:25 GMT",
        "Editor": ""
      }
    },
    {
      "type": "Feature",
      "id": 1310,
      "geometry": {
        "type": "Point",
        "coordinates": [
          14.3018800000001,
          55.9265196846947,
          0
        ]
      },
      "properties": {
        "OBJECTID": 1310,
        "Name": "Ahus",
        "descriptio": "Timber Exporter",
        "F1875DATS": null,
        "F1875TimberImports": null,
        "FirstYear": null,
        "LastYear": null,
        "Imports": null,
        "Sources": "Timber Trades Journals 1889",
        "GlobalID": "2bc4a3f9-95f5-4f98-82b9-140dd6c8dfc1",
        "CreationDate": "Tue, 16 Jul 2019 19:57:04 GMT",
        "Creator": "",
        "EditDate": "Tue, 16 Jul 2019 19:57:04 GMT",
        "Editor": ""
      }
    },
    {
      "type": "Feature",
      "id": 1311,
      "geometry": {
        "type": "Point",
        "coordinates": [
          29.909096772461,
          31.1940297446893,
          0
        ]
      },
      "properties": {
        "OBJECTID": 1311,
        "Name": "Alexandria",
        "descriptio": "Timber Exporter",
        "F1875DATS": null,
        "F1875TimberImports": null,
        "FirstYear": null,
        "LastYear": null,
        "Imports": null,
        "Sources": "Timber Trades Journals 1889",
        "GlobalID": "49149de5-665f-4d0a-9f16-c7693b7260b1",
        "CreationDate": "Tue, 16 Jul 2019 19:57:57 GMT",
        "Creator": "",
        "EditDate": "Tue, 16 Jul 2019 19:57:57 GMT",
        "Editor": ""
      }
    },
    {
      "type": "Feature",
      "id": 1312,
      "geometry": {
        "type": "Point",
        "coordinates": [
          18.7003862380982,
          63.2674246169009,
          0
        ]
      },
      "properties": {
        "OBJECTID": 1312,
        "Name": "Alfredsham",
        "descriptio": "Timber Exporter",
        "F1875DATS": null,
        "F1875TimberImports": null,
        "FirstYear": null,
        "LastYear": null,
        "Imports": null,
        "Sources": "Timber Trades Journals 1889",
        "GlobalID": "2a2bef83-a830-4b61-b007-fa7394bdf986",
        "CreationDate": "Tue, 16 Jul 2019 20:02:20 GMT",
        "Creator": "",
        "EditDate": "Tue, 16 Jul 2019 20:02:20 GMT",
        "Editor": ""
      }
    },
    {
      "type": "Feature",
      "id": 1313,
      "geometry": {
        "type": "Point",
        "coordinates": [
          -84.9870314576721,
          29.7254924870406,
          0
        ]
      },
      "properties": {
        "OBJECTID": 1313,
        "Name": "Apalachicola",
        "descriptio": "Timber Exporter",
        "F1875DATS": null,
        "F1875TimberImports": null,
        "FirstYear": null,
        "LastYear": null,
        "Imports": null,
        "Sources": "Timber Trades Journals 1889",
        "GlobalID": "ea59626e-5584-44d1-998e-ec6afe8acd18",
        "CreationDate": "Tue, 16 Jul 2019 20:11:17 GMT",
        "Creator": "",
        "EditDate": "Tue, 16 Jul 2019 20:18:26 GMT",
        "Editor": ""
      }
    },
    {
      "type": "Feature",
      "id": 1314,
      "geometry": {
        "type": "Point",
        "coordinates": [
          17.1488198280335,
          61.2829913625468,
          0
        ]
      },
      "properties": {
        "OBJECTID": 1314,
        "Name": "Asbacka",
        "descriptio": "Timber Exporter",
        "F1875DATS": null,
        "F1875TimberImports": null,
        "FirstYear": null,
        "LastYear": null,
        "Imports": null,
        "Sources": "Timber Trades Journals 1889",
        "GlobalID": "316bdc18-2163-4aee-ac8a-c0c6cf04a14b",
        "CreationDate": "Tue, 16 Jul 2019 20:13:14 GMT",
        "Creator": "",
        "EditDate": "Tue, 16 Jul 2019 20:13:14 GMT",
        "Editor": ""
      }
    },
    {
      "type": "Feature",
      "id": 1315,
      "geometry": {
        "type": "Point",
        "coordinates": [
          17.1272000900269,
          60.9992509573603,
          0
        ]
      },
      "properties": {
        "OBJECTID": 1315,
        "Name": "Axmar",
        "descriptio": "Timber Exporter",
        "F1875DATS": null,
        "F1875TimberImports": null,
        "FirstYear": null,
        "LastYear": null,
        "Imports": null,
        "Sources": "Timber Trades Journals 1889",
        "GlobalID": "0c8c0483-a6e6-459e-a97e-fc757cbebe6e",
        "CreationDate": "Tue, 16 Jul 2019 20:14:06 GMT",
        "Creator": "",
        "EditDate": "Tue, 16 Jul 2019 20:14:06 GMT",
        "Editor": ""
      }
    },
    {
      "type": "Feature",
      "id": 1316,
      "geometry": {
        "type": "Point",
        "coordinates": [
          -4.53988708465567,
          48.023729915953,
          0
        ]
      },
      "properties": {
        "OBJECTID": 1316,
        "Name": "Audierne",
        "descriptio": "Timber Exporter",
        "F1875DATS": null,
        "F1875TimberImports": null,
        "FirstYear": null,
        "LastYear": null,
        "Imports": null,
        "Sources": "Timber Trades Journals 1889",
        "GlobalID": "cd56793b-e7a7-4461-acb4-5bd3c3b81cfb",
        "CreationDate": "Tue, 16 Jul 2019 20:16:39 GMT",
        "Creator": "",
        "EditDate": "Tue, 16 Jul 2019 20:16:39 GMT",
        "Editor": ""
      }
    },
    {
      "type": "Feature",
      "id": 1317,
      "geometry": {
        "type": "Point",
        "coordinates": [
          29.7714972473908,
          59.9973332232993,
          0
        ]
      },
      "properties": {
        "OBJECTID": 1317,
        "Name": null,
        "descriptio": null,
        "F1875DATS": null,
        "F1875TimberImports": null,
        "FirstYear": null,
        "LastYear": null,
        "Imports": null,
        "Sources": null,
        "GlobalID": "bb28d242-ea40-42ea-ac83-2336ccb3e191",
        "CreationDate": "Tue, 16 Jul 2019 20:27:27 GMT",
        "Creator": "",
        "EditDate": "Tue, 16 Jul 2019 20:27:27 GMT",
        "Editor": ""
      }
    },
    {
      "type": "Feature",
      "id": 1318,
      "geometry": {
        "type": "Point",
        "coordinates": [
          9.96457836097262,
          53.5381947874472,
          0
        ]
      },
      "properties": {
        "OBJECTID": 1318,
        "Name": "Hamburg",
        "descriptio": "Timber Exporter",
        "F1875DATS": null,
        "F1875TimberImports": null,
        "FirstYear": null,
        "LastYear": null,
        "Imports": null,
        "Sources": "Timber Trades Journals 1889",
        "GlobalID": "04d31d4e-2399-4882-83ab-bf0fa3595de4",
        "CreationDate": "Tue, 16 Jul 2019 20:30:55 GMT",
        "Creator": "",
        "EditDate": "Tue, 16 Jul 2019 20:30:55 GMT",
        "Editor": ""
      }
    },
    {
      "type": "Feature",
      "id": 1319,
      "geometry": {
        "type": "Point",
        "coordinates": [
          -60.7528016613769,
          46.0998810634828,
          0
        ]
      },
      "properties": {
        "OBJECTID": 1319,
        "Name": "Baddick",
        "descriptio": "Timber Exporter",
        "F1875DATS": null,
        "F1875TimberImports": null,
        "FirstYear": null,
        "LastYear": null,
        "Imports": null,
        "Sources": "Timber Trades Journals 1889",
        "GlobalID": "74bf1388-141e-47e0-a07c-87a1e9e5bada",
        "CreationDate": "Tue, 16 Jul 2019 20:32:16 GMT",
        "Creator": "",
        "EditDate": "Tue, 16 Jul 2019 20:32:16 GMT",
        "Editor": ""
      }
    },
    {
      "type": "Feature",
      "id": 1320,
      "geometry": {
        "type": "Point",
        "coordinates": [
          -66.6613733227539,
          47.9979393467256,
          0
        ]
      },
      "properties": {
        "OBJECTID": 1320,
        "Name": "Campbellton",
        "descriptio": "Timber Exporter",
        "F1875DATS": null,
        "F1875TimberImports": null,
        "FirstYear": null,
        "LastYear": null,
        "Imports": null,
        "Sources": "Timber Trades Journals 1889",
        "GlobalID": "d3489ae6-3765-4242-9cc5-91046fb34348",
        "CreationDate": "Tue, 16 Jul 2019 20:40:43 GMT",
        "Creator": "",
        "EditDate": "Tue, 16 Jul 2019 20:40:43 GMT",
        "Editor": ""
      }
    },
    {
      "type": "Feature",
      "id": 1321,
      "geometry": {
        "type": "Point",
        "coordinates": [
          -63.2920341693115,
          45.7124435446306,
          0
        ]
      },
      "properties": {
        "OBJECTID": 1321,
        "Name": "Tatnmagouche",
        "descriptio": "Timber Exporter",
        "F1875DATS": null,
        "F1875TimberImports": null,
        "FirstYear": null,
        "LastYear": null,
        "Imports": null,
        "Sources": "Timber Trades Journals 1889",
        "GlobalID": "77433d47-c65d-49e5-9fb1-0116ab96e1c8",
        "CreationDate": "Tue, 16 Jul 2019 21:13:29 GMT",
        "Creator": "",
        "EditDate": "Tue, 16 Jul 2019 21:13:29 GMT",
        "Editor": ""
      }
    },
    {
      "type": "Feature",
      "id": 1322,
      "geometry": {
        "type": "Point",
        "coordinates": [
          38.9199233862306,
          47.222083851066,
          0
        ]
      },
      "properties": {
        "OBJECTID": 1322,
        "Name": "Taganrog RIver",
        "descriptio": "Timber Exporter",
        "F1875DATS": null,
        "F1875TimberImports": null,
        "FirstYear": null,
        "LastYear": null,
        "Imports": null,
        "Sources": "Timber Trades Journals 1889",
        "GlobalID": "3c00629c-9ec6-4785-a6cc-59358daeb054",
        "CreationDate": "Tue, 16 Jul 2019 21:15:14 GMT",
        "Creator": "",
        "EditDate": "Tue, 16 Jul 2019 21:15:14 GMT",
        "Editor": ""
      }
    },
    {
      "type": "Feature",
      "id": 1323,
      "geometry": {
        "type": "Point",
        "coordinates": [
          -122.43992338623,
          47.2575401152113,
          0
        ]
      },
      "properties": {
        "OBJECTID": 1323,
        "Name": "Tacoma",
        "descriptio": "Timber Exporter",
        "F1875DATS": null,
        "F1875TimberImports": null,
        "FirstYear": null,
        "LastYear": null,
        "Imports": null,
        "Sources": "Timber Trades Journals 1889",
        "GlobalID": "4bca2917-aa75-4da5-8616-d65c18899a95",
        "CreationDate": "Tue, 16 Jul 2019 21:15:59 GMT",
        "Creator": "",
        "EditDate": "Tue, 16 Jul 2019 21:15:59 GMT",
        "Editor": ""
      }
    },
    {
      "type": "Feature",
      "id": 1324,
      "geometry": {
        "type": "Point",
        "coordinates": [
          -72.5450299999999,
          46.3410759877357,
          0
        ]
      },
      "properties": {
        "OBJECTID": 1324,
        "Name": "Three Rivers",
        "descriptio": "Timber Exporter",
        "F1875DATS": null,
        "F1875TimberImports": null,
        "FirstYear": null,
        "LastYear": null,
        "Imports": null,
        "Sources": "Timber Trades Journals 1889",
        "GlobalID": "c0fe4ec5-2eab-401b-83b5-8d6a84b696bf",
        "CreationDate": "Tue, 16 Jul 2019 21:16:41 GMT",
        "Creator": "",
        "EditDate": "Tue, 16 Jul 2019 21:46:33 GMT",
        "Editor": ""
      }
    },
    {
      "type": "Feature",
      "id": 1325,
      "geometry": {
        "type": "Point",
        "coordinates": [
          22.6741461163331,
          65.8822973612437,
          0
        ]
      },
      "properties": {
        "OBJECTID": 1325,
        "Name": "Torefos",
        "descriptio": "Timber Exporter",
        "F1875DATS": null,
        "F1875TimberImports": null,
        "FirstYear": null,
        "LastYear": null,
        "Imports": null,
        "Sources": "Timber Trades Journals 1889",
        "GlobalID": "c994db75-df21-4de8-93f9-5255bd87ce10",
        "CreationDate": "Tue, 16 Jul 2019 21:17:39 GMT",
        "Creator": "",
        "EditDate": "Tue, 16 Jul 2019 21:17:39 GMT",
        "Editor": ""
      }
    },
    {
      "type": "Feature",
      "id": 1326,
      "geometry": {
        "type": "Point",
        "coordinates": [
          -122.41964,
          37.777927878549,
          0
        ]
      },
      "properties": {
        "OBJECTID": 1326,
        "Name": "San Francisco",
        "descriptio": "Timber Exporter",
        "F1875DATS": null,
        "F1875TimberImports": null,
        "FirstYear": null,
        "LastYear": null,
        "Imports": null,
        "Sources": "Timber Trades Journals 1889",
        "GlobalID": "a222dec2-2912-41e5-8cb5-69da950911e3",
        "CreationDate": "Tue, 16 Jul 2019 21:19:56 GMT",
        "Creator": "",
        "EditDate": "Tue, 16 Jul 2019 21:19:56 GMT",
        "Editor": ""
      }
    },
    {
      "type": "Feature",
      "id": 1327,
      "geometry": {
        "type": "Point",
        "coordinates": [
          -4.22393999999999,
          47.8669475215717,
          0
        ]
      },
      "properties": {
        "OBJECTID": 1327,
        "Name": "Pont l'Abbe",
        "descriptio": "Timber Exporter",
        "F1875DATS": null,
        "F1875TimberImports": null,
        "FirstYear": null,
        "LastYear": null,
        "Imports": null,
        "Sources": "Timber Trades Journals 1889",
        "GlobalID": "41699d43-3e7d-4c96-bf87-9470609288b0",
        "CreationDate": "Tue, 16 Jul 2019 21:26:03 GMT",
        "Creator": "",
        "EditDate": "Tue, 16 Jul 2019 21:26:03 GMT",
        "Editor": ""
      }
    },
    {
      "type": "Feature",
      "id": 1328,
      "geometry": {
        "type": "Point",
        "coordinates": [
          -64.3258341693115,
          45.4062819905122,
          0
        ]
      },
      "properties": {
        "OBJECTID": 1328,
        "Name": "Parrsborough",
        "descriptio": "Timber Exporter",
        "F1875DATS": null,
        "F1875TimberImports": null,
        "FirstYear": null,
        "LastYear": null,
        "Imports": null,
        "Sources": "Timber Trades Journals 1889",
        "GlobalID": "bd6ac147-31f0-4a50-a291-bf45ec541f40",
        "CreationDate": "Tue, 16 Jul 2019 21:27:20 GMT",
        "Creator": "",
        "EditDate": "Tue, 16 Jul 2019 21:27:20 GMT",
        "Editor": ""
      }
    },
    {
      "type": "Feature",
      "id": 1329,
      "geometry": {
        "type": "Point",
        "coordinates": [
          16.4433368359375,
          57.2700755313257,
          0
        ]
      },
      "properties": {
        "OBJECTID": 1329,
        "Name": "Oscarshamn",
        "descriptio": "Timber Exporter",
        "F1875DATS": null,
        "F1875TimberImports": null,
        "FirstYear": null,
        "LastYear": null,
        "Imports": null,
        "Sources": "Timber Trades Journals 1889",
        "GlobalID": "e1a0b395-fd85-4357-bbd4-1a892baf76c1",
        "CreationDate": "Tue, 16 Jul 2019 21:42:38 GMT",
        "Creator": "",
        "EditDate": "Tue, 16 Jul 2019 21:42:38 GMT",
        "Editor": ""
      }
    },
    {
      "type": "Feature",
      "id": 1330,
      "geometry": {
        "type": "Point",
        "coordinates": [
          16.1906512890627,
          58.5882426577437,
          0
        ]
      },
      "properties": {
        "OBJECTID": 1330,
        "Name": "Norrkoping",
        "descriptio": "Timber Exporter",
        "F1875DATS": null,
        "F1875TimberImports": null,
        "FirstYear": null,
        "LastYear": null,
        "Imports": null,
        "Sources": "Timber Trades Journals 1889",
        "GlobalID": "37f09773-3d57-4f82-b5ac-6e99d187674a",
        "CreationDate": "Tue, 16 Jul 2019 21:45:57 GMT",
        "Creator": "",
        "EditDate": "Tue, 16 Jul 2019 21:45:57 GMT",
        "Editor": ""
      }
    },
    {
      "type": "Feature",
      "id": 1331,
      "geometry": {
        "type": "Point",
        "coordinates": [
          19.4984000634764,
          63.5705218590195,
          0
        ]
      },
      "properties": {
        "OBJECTID": 1331,
        "Name": "Nordmaling",
        "descriptio": "Timber Exporter",
        "F1875DATS": null,
        "F1875TimberImports": null,
        "FirstYear": null,
        "LastYear": null,
        "Imports": null,
        "Sources": "Timber Trades Journals 1889",
        "GlobalID": "4f1405bc-e635-437a-8263-394fa71a649c",
        "CreationDate": "Tue, 16 Jul 2019 21:49:44 GMT",
        "Creator": "",
        "EditDate": "Tue, 16 Jul 2019 21:49:44 GMT",
        "Editor": ""
      }
    },
    {
      "type": "Feature",
      "id": 1332,
      "geometry": {
        "type": "Point",
        "coordinates": [
          16.4373800000001,
          56.9740006591104,
          0
        ]
      },
      "properties": {
        "OBJECTID": 1332,
        "Name": "Timmernabben",
        "descriptio": "Timber Exporter",
        "F1875DATS": null,
        "F1875TimberImports": null,
        "FirstYear": null,
        "LastYear": null,
        "Imports": null,
        "Sources": "Timber Trades Journals 1889",
        "GlobalID": "fa892d16-1873-4b86-89e3-48ce4157b2ee",
        "CreationDate": "Tue, 16 Jul 2019 21:52:07 GMT",
        "Creator": "",
        "EditDate": "Tue, 16 Jul 2019 21:52:07 GMT",
        "Editor": ""
      }
    },
    {
      "type": "Feature",
      "id": 1333,
      "geometry": {
        "type": "Point",
        "coordinates": [
          11.9325193821388,
          58.3509732601018,
          0
        ]
      },
      "properties": {
        "OBJECTID": 1333,
        "Name": "Uddevalla",
        "descriptio": "Timber Exporter",
        "F1875DATS": null,
        "F1875TimberImports": null,
        "FirstYear": null,
        "LastYear": null,
        "Imports": null,
        "Sources": "Timber Trades Journals 1889",
        "GlobalID": "864bb156-a6c1-417c-9ea3-1370afc6bf91",
        "CreationDate": "Tue, 16 Jul 2019 22:00:18 GMT",
        "Creator": "",
        "EditDate": "Tue, 16 Jul 2019 22:00:18 GMT",
        "Editor": ""
      }
    },
    {
      "type": "Feature",
      "id": 1334,
      "geometry": {
        "type": "Point",
        "coordinates": [
          25.4736063917974,
          65.0109481680598,
          0
        ]
      },
      "properties": {
        "OBJECTID": 1334,
        "Name": null,
        "descriptio": null,
        "F1875DATS": null,
        "F1875TimberImports": null,
        "FirstYear": null,
        "LastYear": null,
        "Imports": null,
        "Sources": null,
        "GlobalID": "3c2f6e01-4537-4e70-a334-71d6482c849e",
        "CreationDate": "Tue, 16 Jul 2019 22:02:00 GMT",
        "Creator": "",
        "EditDate": "Tue, 16 Jul 2019 22:02:00 GMT",
        "Editor": ""
      }
    },
    {
      "type": "Feature",
      "id": 1335,
      "geometry": {
        "type": "Point",
        "coordinates": [
          25.4736063917974,
          65.0115283017847,
          0
        ]
      },
      "properties": {
        "OBJECTID": 1335,
        "Name": "Uleaborg",
        "descriptio": "Timber Exporter",
        "F1875DATS": null,
        "F1875TimberImports": null,
        "FirstYear": null,
        "LastYear": null,
        "Imports": null,
        "Sources": "Timber Trades Journals 1889",
        "GlobalID": "43e35798-37db-43f4-8f04-3e144de6c275",
        "CreationDate": "Tue, 16 Jul 2019 22:02:32 GMT",
        "Creator": "",
        "EditDate": "Tue, 16 Jul 2019 22:02:32 GMT",
        "Editor": ""
      }
    },
    {
      "type": "Feature",
      "id": 1336,
      "geometry": {
        "type": "Point",
        "coordinates": [
          18.0661433544922,
          59.332961003529,
          0
        ]
      },
      "properties": {
        "OBJECTID": 1336,
        "Name": "Stockholm",
        "descriptio": "Timber Exporter",
        "F1875DATS": null,
        "F1875TimberImports": null,
        "FirstYear": null,
        "LastYear": null,
        "Imports": null,
        "Sources": "Timber Trades Journals 1889",
        "GlobalID": "b248fb22-c03e-4016-95aa-6d6dfca70132",
        "CreationDate": "Tue, 16 Jul 2019 22:03:46 GMT",
        "Creator": "",
        "EditDate": "Tue, 16 Jul 2019 22:03:46 GMT",
        "Editor": ""
      }
    },
    {
      "type": "Feature",
      "id": 1337,
      "geometry": {
        "type": "Point",
        "coordinates": [
          -65.5685833227539,
          47.0020037704552,
          0
        ]
      },
      "properties": {
        "OBJECTID": 1337,
        "Name": "Miramichi",
        "descriptio": "Timber Exporter",
        "F1875DATS": null,
        "F1875TimberImports": null,
        "FirstYear": null,
        "LastYear": null,
        "Imports": null,
        "Sources": "Timber Trades Journals 1889",
        "GlobalID": "3b2bcae9-70cc-4126-a831-4d8600ff7dea",
        "CreationDate": "Tue, 16 Jul 2019 22:18:10 GMT",
        "Creator": "",
        "EditDate": "Tue, 16 Jul 2019 22:18:10 GMT",
        "Editor": ""
      }
    },
    {
      "type": "Feature",
      "id": 1338,
      "geometry": {
        "type": "Point",
        "coordinates": [
          17.9113369498344,
          62.9293761640544,
          0
        ]
      },
      "properties": {
        "OBJECTID": 1338,
        "Name": "Lugnvik",
        "descriptio": "Timber Exporter",
        "F1875DATS": null,
        "F1875TimberImports": null,
        "FirstYear": null,
        "LastYear": null,
        "Imports": null,
        "Sources": "Timber Trade Journals 1889",
        "GlobalID": "a1ab80bb-441f-45ff-9490-82932250b5ae",
        "CreationDate": "Wed, 17 Jul 2019 15:12:11 GMT",
        "Creator": "",
        "EditDate": "Wed, 17 Jul 2019 15:12:11 GMT",
        "Editor": ""
      }
    },
    {
      "type": "Feature",
      "id": 1339,
      "geometry": {
        "type": "Point",
        "coordinates": [
          5.38110013867459,
          43.2969388411835,
          0
        ]
      },
      "properties": {
        "OBJECTID": 1339,
        "Name": "Marseilles",
        "descriptio": "Timber Exporter",
        "F1875DATS": null,
        "F1875TimberImports": null,
        "FirstYear": null,
        "LastYear": null,
        "Imports": null,
        "Sources": "Timber Trade Journals 1889",
        "GlobalID": "cbce14d5-97cd-4f14-8576-c819e43902d1",
        "CreationDate": "Wed, 17 Jul 2019 15:13:30 GMT",
        "Creator": "",
        "EditDate": "Wed, 17 Jul 2019 15:13:30 GMT",
        "Editor": ""
      }
    },
    {
      "type": "Feature",
      "id": 1340,
      "geometry": {
        "type": "Point",
        "coordinates": [
          22.151866677246,
          65.5836989328213,
          0
        ]
      },
      "properties": {
        "OBJECTID": 1340,
        "Name": "Lulea",
        "descriptio": "Timber Exporter",
        "F1875DATS": null,
        "F1875TimberImports": null,
        "FirstYear": null,
        "LastYear": null,
        "Imports": null,
        "Sources": "Timber Trade Journals 1889",
        "GlobalID": "c221c339-6b29-423a-a5ac-f2d69f1dfe8c",
        "CreationDate": "Wed, 17 Jul 2019 15:14:33 GMT",
        "Creator": "",
        "EditDate": "Wed, 17 Jul 2019 15:14:33 GMT",
        "Editor": ""
      }
    },
    {
      "type": "Feature",
      "id": 1341,
      "geometry": {
        "type": "Point",
        "coordinates": [
          13.0010425588348,
          55.5966500740096,
          0
        ]
      },
      "properties": {
        "OBJECTID": 1341,
        "Name": "Malmo",
        "descriptio": "Timber Exporter",
        "F1875DATS": null,
        "F1875TimberImports": null,
        "FirstYear": null,
        "LastYear": null,
        "Imports": null,
        "Sources": "Timber Trade Journals 1889",
        "GlobalID": "9ebe6367-a887-4a39-9d5a-86b8d56c4e44",
        "CreationDate": "Wed, 17 Jul 2019 15:15:23 GMT",
        "Creator": "",
        "EditDate": "Wed, 17 Jul 2019 15:15:23 GMT",
        "Editor": ""
      }
    },
    {
      "type": "Feature",
      "id": 1342,
      "geometry": {
        "type": "Point",
        "coordinates": [
          7.45549708465569,
          58.0301171016744,
          0
        ]
      },
      "properties": {
        "OBJECTID": 1342,
        "Name": "Mandal",
        "descriptio": "Timber Exporter",
        "F1875DATS": null,
        "F1875TimberImports": null,
        "FirstYear": null,
        "LastYear": null,
        "Imports": null,
        "Sources": "Timber Trade Journals 1889",
        "GlobalID": "7ab298c4-636b-4153-a272-44f7f1032a40",
        "CreationDate": "Wed, 17 Jul 2019 15:18:49 GMT",
        "Creator": "",
        "EditDate": "Wed, 17 Jul 2019 15:18:49 GMT",
        "Editor": ""
      }
    },
    {
      "type": "Feature",
      "id": 1343,
      "geometry": {
        "type": "Point",
        "coordinates": [
          10.3304041693116,
          59.2277217950842,
          0
        ]
      },
      "properties": {
        "OBJECTID": 1343,
        "Name": "Melsomvig",
        "descriptio": "Timber Exporter",
        "F1875DATS": null,
        "F1875TimberImports": null,
        "FirstYear": null,
        "LastYear": null,
        "Imports": null,
        "Sources": "Timber Trade Journals 1889",
        "GlobalID": "2085998d-b63d-45b7-9f0c-160b4754b9bc",
        "CreationDate": "Wed, 17 Jul 2019 15:20:09 GMT",
        "Creator": "",
        "EditDate": "Wed, 17 Jul 2019 15:20:09 GMT",
        "Editor": ""
      }
    },
    {
      "type": "Feature",
      "id": 1344,
      "geometry": {
        "type": "Point",
        "coordinates": [
          16.4462529153445,
          57.0405429197551,
          0
        ]
      },
      "properties": {
        "OBJECTID": 1344,
        "Name": "Monsteras",
        "descriptio": "Timber Exporter",
        "F1875DATS": null,
        "F1875TimberImports": null,
        "FirstYear": null,
        "LastYear": null,
        "Imports": null,
        "Sources": "Timber Trade Journals 1889",
        "GlobalID": "6aa47213-1b6c-4822-9367-d295ec34db29",
        "CreationDate": "Wed, 17 Jul 2019 15:21:20 GMT",
        "Creator": "",
        "EditDate": "Wed, 17 Jul 2019 15:21:20 GMT",
        "Editor": ""
      }
    },
    {
      "type": "Feature",
      "id": 1345,
      "geometry": {
        "type": "Point",
        "coordinates": [
          -64.3152486827234,
          44.5502945008982,
          0
        ]
      },
      "properties": {
        "OBJECTID": 1345,
        "Name": "Gold River",
        "descriptio": "Timber Exporter",
        "F1875DATS": null,
        "F1875TimberImports": null,
        "FirstYear": null,
        "LastYear": null,
        "Imports": null,
        "Sources": "Timber Trade Journals 1889",
        "GlobalID": "b1bd926c-574e-4728-9220-35458bd95dc3",
        "CreationDate": "Wed, 17 Jul 2019 15:29:50 GMT",
        "Creator": "",
        "EditDate": "Wed, 17 Jul 2019 15:29:50 GMT",
        "Editor": ""
      }
    },
    {
      "type": "Feature",
      "id": 1346,
      "geometry": {
        "type": "Point",
        "coordinates": [
          -70.8834814576721,
          48.3380452444227,
          0
        ]
      },
      "properties": {
        "OBJECTID": 1346,
        "Name": "Grand Bay, Saguenay",
        "descriptio": "Timber Exporter",
        "F1875DATS": null,
        "F1875TimberImports": null,
        "FirstYear": null,
        "LastYear": null,
        "Imports": null,
        "Sources": "Timber Trade Journals 1889",
        "GlobalID": "8e29757d-c208-4a07-8684-e5bc572db361",
        "CreationDate": "Wed, 17 Jul 2019 15:35:25 GMT",
        "Creator": "",
        "EditDate": "Wed, 17 Jul 2019 15:35:25 GMT",
        "Editor": ""
      }
    },
    {
      "type": "Feature",
      "id": 1347,
      "geometry": {
        "type": "Point",
        "coordinates": [
          17.2534306453653,
          62.0472532647366,
          0
        ]
      },
      "properties": {
        "OBJECTID": 1347,
        "Name": "Gnarp",
        "descriptio": "Timber Exporter",
        "F1875DATS": null,
        "F1875TimberImports": null,
        "FirstYear": null,
        "LastYear": null,
        "Imports": null,
        "Sources": "Timber Trade Journals 1889",
        "GlobalID": "cb62ea31-902b-4ac4-bceb-d3fcb7da58d5",
        "CreationDate": "Wed, 17 Jul 2019 15:36:31 GMT",
        "Creator": "",
        "EditDate": "Wed, 17 Jul 2019 15:36:31 GMT",
        "Editor": ""
      }
    },
    {
      "type": "Feature",
      "id": 1348,
      "geometry": {
        "type": "Point",
        "coordinates": [
          -65.456746677246,
          47.0806570422285,
          0
        ]
      },
      "properties": {
        "OBJECTID": 1348,
        "Name": "Newcastle",
        "descriptio": "Timber Exporter",
        "F1875DATS": null,
        "F1875TimberImports": null,
        "FirstYear": null,
        "LastYear": null,
        "Imports": null,
        "Sources": "Timber Trade Journals 1889",
        "GlobalID": "03683a7f-2fea-48b0-aede-e4e204ff10c3",
        "CreationDate": "Wed, 17 Jul 2019 15:43:11 GMT",
        "Creator": "",
        "EditDate": "Wed, 17 Jul 2019 15:43:11 GMT",
        "Editor": ""
      }
    },
    {
      "type": "Feature",
      "id": 1349,
      "geometry": {
        "type": "Point",
        "coordinates": [
          2.37679416931155,
          51.0342674982616,
          0
        ]
      },
      "properties": {
        "OBJECTID": 1349,
        "Name": "Dunkirk",
        "descriptio": "Timber Exporter",
        "F1875DATS": null,
        "F1875TimberImports": null,
        "FirstYear": null,
        "LastYear": null,
        "Imports": null,
        "Sources": "Timber Trade Journals 1889",
        "GlobalID": "a6b7401c-1f8b-4efe-8c8c-5e0e1fb581e2",
        "CreationDate": "Wed, 17 Jul 2019 15:47:29 GMT",
        "Creator": "",
        "EditDate": "Wed, 17 Jul 2019 15:47:29 GMT",
        "Editor": ""
      }
    },
    {
      "type": "Feature",
      "id": 1350,
      "geometry": {
        "type": "Point",
        "coordinates": [
          -64.7224916613769,
          46.4711903669731,
          0
        ]
      },
      "properties": {
        "OBJECTID": 1350,
        "Name": "Buctouche",
        "descriptio": "Timber Exporter",
        "F1875DATS": null,
        "F1875TimberImports": null,
        "FirstYear": null,
        "LastYear": null,
        "Imports": null,
        "Sources": "Timber Trade Journals 1889",
        "GlobalID": "3d260046-bd0c-4321-93e8-b455f9e6b4da",
        "CreationDate": "Wed, 17 Jul 2019 15:55:51 GMT",
        "Creator": "",
        "EditDate": "Wed, 17 Jul 2019 15:55:51 GMT",
        "Editor": ""
      }
    },
    {
      "type": "Feature",
      "id": 1351,
      "geometry": {
        "type": "Point",
        "coordinates": [
          21.2046500000006,
          64.9536668074139,
          0
        ]
      },
      "properties": {
        "OBJECTID": 1351,
        "Name": "Byske",
        "descriptio": "Timber Exporter",
        "F1875DATS": null,
        "F1875TimberImports": null,
        "FirstYear": null,
        "LastYear": null,
        "Imports": null,
        "Sources": "Timber Trade Journals 1889",
        "GlobalID": "77b54253-77d0-4da3-af20-b36cebee8def",
        "CreationDate": "Wed, 17 Jul 2019 15:59:37 GMT",
        "Creator": "",
        "EditDate": "Wed, 17 Jul 2019 15:59:37 GMT",
        "Editor": ""
      }
    },
    {
      "type": "Feature",
      "id": 1352,
      "geometry": {
        "type": "Point",
        "coordinates": [
          2.24090194702142,
          48.8344631845845,
          0
        ]
      },
      "properties": {
        "OBJECTID": 1352,
        "Name": "Boulogne",
        "descriptio": "Timber Exporter",
        "F1875DATS": null,
        "F1875TimberImports": null,
        "FirstYear": null,
        "LastYear": null,
        "Imports": null,
        "Sources": "Timber Trade Journals 1889",
        "GlobalID": "029d7bc5-89d9-4a02-9fa9-f0550cd777cd",
        "CreationDate": "Wed, 17 Jul 2019 16:06:53 GMT",
        "Creator": "",
        "EditDate": "Wed, 17 Jul 2019 16:06:53 GMT",
        "Editor": ""
      }
    },
    {
      "type": "Feature",
      "id": 1353,
      "geometry": {
        "type": "Point",
        "coordinates": [
          20.2604183386227,
          63.8253913595555,
          0
        ]
      },
      "properties": {
        "OBJECTID": 1353,
        "Name": "Umea",
        "descriptio": "Timber Exporter",
        "F1875DATS": null,
        "F1875TimberImports": null,
        "FirstYear": null,
        "LastYear": null,
        "Imports": null,
        "Sources": "Timber Trade Journals 1889",
        "GlobalID": "5da234cc-ba2c-40fd-9a05-6f6b1642c72d",
        "CreationDate": "Wed, 17 Jul 2019 16:07:59 GMT",
        "Creator": "",
        "EditDate": "Wed, 17 Jul 2019 16:07:59 GMT",
        "Editor": ""
      }
    },
    {
      "type": "Feature",
      "id": 1354,
      "geometry": {
        "type": "Point",
        "coordinates": [
          -8.76473999999991,
          42.5919624599263,
          0
        ]
      },
      "properties": {
        "OBJECTID": 1354,
        "Name": "Villagarcia",
        "descriptio": "Timber Exporter",
        "F1875DATS": null,
        "F1875TimberImports": null,
        "FirstYear": null,
        "LastYear": null,
        "Imports": null,
        "Sources": "Timber Trade Journals 1889",
        "GlobalID": "a1abc961-02a4-41ad-8cc6-2cae38bd7c88",
        "CreationDate": "Wed, 17 Jul 2019 16:10:38 GMT",
        "Creator": "",
        "EditDate": "Wed, 17 Jul 2019 16:10:38 GMT",
        "Editor": ""
      }
    },
    {
      "type": "Feature",
      "id": 1355,
      "geometry": {
        "type": "Point",
        "coordinates": [
          12.2489241693117,
          57.1079632042745,
          0
        ]
      },
      "properties": {
        "OBJECTID": 1355,
        "Name": "Warberg",
        "descriptio": "Timber Exporter",
        "F1875DATS": null,
        "F1875TimberImports": null,
        "FirstYear": null,
        "LastYear": null,
        "Imports": null,
        "Sources": "Timber Trade Journals 1889",
        "GlobalID": "488b006a-6e6d-421f-bc8e-54ec9db74c6e",
        "CreationDate": "Wed, 17 Jul 2019 16:29:17 GMT",
        "Creator": "",
        "EditDate": "Wed, 17 Jul 2019 16:29:17 GMT",
        "Editor": ""
      }
    },
    {
      "type": "Feature",
      "id": 1356,
      "geometry": {
        "type": "Point",
        "coordinates": [
          15.4633153880851,
          68.3433296076834,
          0
        ]
      },
      "properties": {
        "OBJECTID": 1356,
        "Name": "Urvoiken",
        "descriptio": "Timber Exporter",
        "F1875DATS": null,
        "F1875TimberImports": null,
        "FirstYear": null,
        "LastYear": null,
        "Imports": null,
        "Sources": "Timber Trade Journals 1889",
        "GlobalID": "cf6cdd8a-58ca-4456-8a1c-9670429b9cba",
        "CreationDate": "Wed, 17 Jul 2019 16:29:45 GMT",
        "Creator": "",
        "EditDate": "Wed, 17 Jul 2019 16:29:45 GMT",
        "Editor": ""
      }
    },
    {
      "type": "Feature",
      "id": 1357,
      "geometry": {
        "type": "Point",
        "coordinates": [
          27.3692216882818,
          71.0185260267534,
          0
        ]
      },
      "properties": {
        "OBJECTID": 1357,
        "Name": "Skjohningberg",
        "descriptio": "Timber Exporter",
        "F1875DATS": null,
        "F1875TimberImports": null,
        "FirstYear": null,
        "LastYear": null,
        "Imports": null,
        "Sources": "Timber Trade Journals 1889",
        "GlobalID": "9c32de97-7cc6-4950-ade8-6b6a5fd5152e",
        "CreationDate": "Wed, 17 Jul 2019 16:38:58 GMT",
        "Creator": "",
        "EditDate": "Wed, 17 Jul 2019 16:38:58 GMT",
        "Editor": ""
      }
    },
    {
      "type": "Feature",
      "id": 1358,
      "geometry": {
        "type": "Point",
        "coordinates": [
          -64.8648499999998,
          46.681336746494,
          0
        ]
      },
      "properties": {
        "OBJECTID": 1358,
        "Name": "Richibucto",
        "descriptio": "Timber Exporter",
        "F1875DATS": null,
        "F1875TimberImports": null,
        "FirstYear": null,
        "LastYear": null,
        "Imports": null,
        "Sources": "Timber Trade Journals 1889",
        "GlobalID": "40926c3e-054a-4ddd-aa65-943ade4709d1",
        "CreationDate": "Wed, 17 Jul 2019 16:42:55 GMT",
        "Creator": "",
        "EditDate": "Wed, 17 Jul 2019 16:42:55 GMT",
        "Editor": ""
      }
    },
    {
      "type": "Feature",
      "id": 1359,
      "geometry": {
        "type": "Point",
        "coordinates": [
          -80.6924161419089,
          32.3741817929819,
          0
        ]
      },
      "properties": {
        "OBJECTID": 1359,
        "Name": "Port Royal",
        "descriptio": "Timber Exporter",
        "F1875DATS": null,
        "F1875TimberImports": null,
        "FirstYear": null,
        "LastYear": null,
        "Imports": null,
        "Sources": "Timber Trade Journals 1889",
        "GlobalID": "7ab40ca9-e826-4ace-b9ae-6a62d4643cd9",
        "CreationDate": "Wed, 17 Jul 2019 16:48:26 GMT",
        "Creator": "",
        "EditDate": "Wed, 17 Jul 2019 16:48:26 GMT",
        "Editor": ""
      }
    },
    {
      "type": "Feature",
      "id": 1360,
      "geometry": {
        "type": "Point",
        "coordinates": [
          100.504808542328,
          13.753370634814,
          0
        ]
      },
      "properties": {
        "OBJECTID": 1360,
        "Name": "Bangkok",
        "descriptio": "Timber Exporter",
        "F1875DATS": null,
        "F1875TimberImports": null,
        "FirstYear": null,
        "LastYear": null,
        "Imports": null,
        "Sources": "Timber Trade Journals 1889",
        "GlobalID": "e89e10aa-a28e-4e86-8b7c-e7ec53d6fdc4",
        "CreationDate": "Wed, 17 Jul 2019 16:56:06 GMT",
        "Creator": "",
        "EditDate": "Wed, 17 Jul 2019 16:56:06 GMT",
        "Editor": ""
      }
    },
    {
      "type": "Feature",
      "id": 1361,
      "geometry": {
        "type": "Point",
        "coordinates": [
          21.7956274920657,
          61.4862538765185,
          0
        ]
      },
      "properties": {
        "OBJECTID": 1361,
        "Name": "Bjorneborg",
        "descriptio": "Timber Exporter",
        "F1875DATS": null,
        "F1875TimberImports": null,
        "FirstYear": null,
        "LastYear": null,
        "Imports": null,
        "Sources": "Timber Trade Journals 1889",
        "GlobalID": "d329c934-9537-4a83-973c-97a142bbbd0f",
        "CreationDate": "Wed, 17 Jul 2019 17:00:25 GMT",
        "Creator": "",
        "EditDate": "Wed, 17 Jul 2019 17:00:25 GMT",
        "Editor": ""
      }
    },
    {
      "type": "Feature",
      "id": 1362,
      "geometry": {
        "type": "Point",
        "coordinates": [
          23.5334899999998,
          60.1097042911734,
          0
        ]
      },
      "properties": {
        "OBJECTID": 1362,
        "Name": "Bollsta",
        "descriptio": "Timber Exporter",
        "F1875DATS": null,
        "F1875TimberImports": null,
        "FirstYear": null,
        "LastYear": null,
        "Imports": null,
        "Sources": "Timber Trade Journals 1889",
        "GlobalID": "1c8b4cbe-bba0-43fb-ab0a-3911eea2a949",
        "CreationDate": "Wed, 17 Jul 2019 17:01:02 GMT",
        "Creator": "",
        "EditDate": "Wed, 17 Jul 2019 17:01:02 GMT",
        "Editor": ""
      }
    },
    {
      "type": "Feature",
      "id": 1363,
      "geometry": {
        "type": "Point",
        "coordinates": [
          -68.6504143993221,
          48.9399537286395,
          0
        ]
      },
      "properties": {
        "OBJECTID": 1363,
        "Name": "Bersimis",
        "descriptio": "Timber Exporter",
        "F1875DATS": null,
        "F1875TimberImports": null,
        "FirstYear": null,
        "LastYear": null,
        "Imports": null,
        "Sources": "Timber Trade Journals 1889",
        "GlobalID": "4b566fdc-fbfb-44b1-ad7e-5e00009b39ec",
        "CreationDate": "Wed, 17 Jul 2019 17:01:55 GMT",
        "Creator": "",
        "EditDate": "Wed, 17 Jul 2019 17:01:55 GMT",
        "Editor": ""
      }
    },
    {
      "type": "Feature",
      "id": 1364,
      "geometry": {
        "type": "Point",
        "coordinates": [
          16.0666587460329,
          56.3939904601259,
          0
        ]
      },
      "properties": {
        "OBJECTID": 1364,
        "Name": "Bergkvara",
        "descriptio": "Timber Exporter",
        "F1875DATS": null,
        "F1875TimberImports": null,
        "FirstYear": null,
        "LastYear": null,
        "Imports": null,
        "Sources": "Timber Trade Journals 1889",
        "GlobalID": "c6f30707-5535-464b-b555-1db3a83e1cf3",
        "CreationDate": "Wed, 17 Jul 2019 17:05:04 GMT",
        "Creator": "",
        "EditDate": "Wed, 17 Jul 2019 17:05:04 GMT",
        "Editor": ""
      }
    },
    {
      "type": "Feature",
      "id": 1365,
      "geometry": {
        "type": "Point",
        "coordinates": [
          -123.833778338623,
          46.1897918414537,
          0
        ]
      },
      "properties": {
        "OBJECTID": 1365,
        "Name": "Astoria",
        "descriptio": "Timber Exporter",
        "F1875DATS": null,
        "F1875TimberImports": null,
        "FirstYear": null,
        "LastYear": null,
        "Imports": null,
        "Sources": "Timber Trade Journals 1889",
        "GlobalID": "62f7299d-a42d-4e83-9b71-85fb099f8e57",
        "CreationDate": "Wed, 17 Jul 2019 17:06:24 GMT",
        "Creator": "",
        "EditDate": "Wed, 17 Jul 2019 17:06:24 GMT",
        "Editor": ""
      }
    },
    {
      "type": "Feature",
      "id": 1366,
      "geometry": {
        "type": "Point",
        "coordinates": [
          -58.3727533544921,
          -34.6054348563525,
          0
        ]
      },
      "properties": {
        "OBJECTID": 1366,
        "Name": "Buenos Ayres",
        "descriptio": "Timber Exporter",
        "F1875DATS": null,
        "F1875TimberImports": null,
        "FirstYear": null,
        "LastYear": null,
        "Imports": null,
        "Sources": "Timber Trade Journals 1889",
        "GlobalID": "0da85dd8-4db2-4769-b953-14848e5d22d5",
        "CreationDate": "Wed, 17 Jul 2019 17:18:34 GMT",
        "Creator": "",
        "EditDate": "Wed, 17 Jul 2019 17:18:34 GMT",
        "Editor": ""
      }
    },
    {
      "type": "Feature",
      "id": 1367,
      "geometry": {
        "type": "Point",
        "coordinates": [
          12.5348937619019,
          55.9649763525846,
          0
        ]
      },
      "properties": {
        "OBJECTID": 1367,
        "Name": "Colberg",
        "descriptio": "Timber Exporter",
        "F1875DATS": null,
        "F1875TimberImports": null,
        "FirstYear": null,
        "LastYear": null,
        "Imports": null,
        "Sources": "Timber Trade Journals 1889",
        "GlobalID": "1f124976-7265-4b21-97d0-89d7b3230c78",
        "CreationDate": "Wed, 17 Jul 2019 17:20:19 GMT",
        "Creator": "",
        "EditDate": "Wed, 17 Jul 2019 17:20:19 GMT",
        "Editor": ""
      }
    },
    {
      "type": "Feature",
      "id": 1368,
      "geometry": {
        "type": "Point",
        "coordinates": [
          12.5675600000001,
          55.6759914022238,
          0
        ]
      },
      "properties": {
        "OBJECTID": 1368,
        "Name": "Copenhagen",
        "descriptio": "Timber Exporter",
        "F1875DATS": null,
        "F1875TimberImports": null,
        "FirstYear": null,
        "LastYear": null,
        "Imports": null,
        "Sources": "Timber Trade Journals 1889",
        "GlobalID": "e4f49eb2-335b-4ee3-b04e-1511d9e128f1",
        "CreationDate": "Wed, 17 Jul 2019 17:23:52 GMT",
        "Creator": "",
        "EditDate": "Wed, 17 Jul 2019 17:23:52 GMT",
        "Editor": ""
      }
    },
    {
      "type": "Feature",
      "id": 1369,
      "geometry": {
        "type": "Point",
        "coordinates": [
          -3.91771754101136,
          47.8725873791922,
          0
        ]
      },
      "properties": {
        "OBJECTID": 1369,
        "Name": "Concarneau",
        "descriptio": "Timber Exporter",
        "F1875DATS": null,
        "F1875TimberImports": null,
        "FirstYear": null,
        "LastYear": null,
        "Imports": null,
        "Sources": "Timber Trade Journals 1889",
        "GlobalID": "d8e38f70-001e-43d1-a816-09dc292d117a",
        "CreationDate": "Wed, 17 Jul 2019 17:24:37 GMT",
        "Creator": "",
        "EditDate": "Wed, 17 Jul 2019 20:36:33 GMT",
        "Editor": ""
      }
    },
    {
      "type": "Feature",
      "id": 1370,
      "geometry": {
        "type": "Point",
        "coordinates": [
          79.8474366772461,
          6.93230763563123,
          0
        ]
      },
      "properties": {
        "OBJECTID": 1370,
        "Name": "Colombo",
        "descriptio": "Timber Exporter",
        "F1875DATS": null,
        "F1875TimberImports": null,
        "FirstYear": null,
        "LastYear": null,
        "Imports": null,
        "Sources": "Timber Trade Journals 1889",
        "GlobalID": "5fbdde52-b8e9-4379-a150-119f88d4f4e9",
        "CreationDate": "Wed, 17 Jul 2019 17:25:26 GMT",
        "Creator": "",
        "EditDate": "Wed, 17 Jul 2019 17:25:26 GMT",
        "Editor": ""
      }
    },
    {
      "type": "Feature",
      "id": 1371,
      "geometry": {
        "type": "Point",
        "coordinates": [
          -2.51334052510497,
          47.2952410722896,
          0
        ]
      },
      "properties": {
        "OBJECTID": 1371,
        "Name": "Croisic",
        "descriptio": "Timber Exporter",
        "F1875DATS": null,
        "F1875TimberImports": null,
        "FirstYear": null,
        "LastYear": null,
        "Imports": null,
        "Sources": "Timber Trade Journals 1889",
        "GlobalID": "1998c301-beb3-4f05-ab32-ec312a3c2ef8",
        "CreationDate": "Wed, 17 Jul 2019 17:26:08 GMT",
        "Creator": "",
        "EditDate": "Wed, 17 Jul 2019 17:26:08 GMT",
        "Editor": ""
      }
    },
    {
      "type": "Feature",
      "id": 1372,
      "geometry": {
        "type": "Point",
        "coordinates": [
          -81.434368552408,
          31.3713087416854,
          0
        ]
      },
      "properties": {
        "OBJECTID": 1372,
        "Name": "Darien",
        "descriptio": "Timber Exporter",
        "F1875DATS": null,
        "F1875TimberImports": null,
        "FirstYear": null,
        "LastYear": null,
        "Imports": null,
        "Sources": "Timber Trade Journals 1889",
        "GlobalID": "7057048a-71e5-42da-bb14-86f8ab21a122",
        "CreationDate": "Wed, 17 Jul 2019 17:26:45 GMT",
        "Creator": "",
        "EditDate": "Wed, 17 Jul 2019 17:26:45 GMT",
        "Editor": ""
      }
    },
    {
      "type": "Feature",
      "id": 1373,
      "geometry": {
        "type": "Point",
        "coordinates": [
          7.86674510185239,
          63.4335524685563,
          0
        ]
      },
      "properties": {
        "OBJECTID": 1373,
        "Name": "Djupvik",
        "descriptio": "Timber Exporter",
        "F1875DATS": null,
        "F1875TimberImports": null,
        "FirstYear": null,
        "LastYear": null,
        "Imports": null,
        "Sources": "Timber Trade Journals 1889",
        "GlobalID": "2d2589f2-c9c2-4e76-908b-4ed8c6ced4aa",
        "CreationDate": "Wed, 17 Jul 2019 17:27:50 GMT",
        "Creator": "",
        "EditDate": "Wed, 17 Jul 2019 17:27:50 GMT",
        "Editor": ""
      }
    },
    {
      "type": "Feature",
      "id": 1374,
      "geometry": {
        "type": "Point",
        "coordinates": [
          18.6882870846561,
          63.2676717326643,
          0
        ]
      },
      "properties": {
        "OBJECTID": 1374,
        "Name": "Domsjo",
        "descriptio": "Timber Exporter",
        "F1875DATS": null,
        "F1875TimberImports": null,
        "FirstYear": null,
        "LastYear": null,
        "Imports": null,
        "Sources": "Timber Trade Journals 1889",
        "GlobalID": "6d65eba8-8c22-46e1-a9a5-3797f4c9a61d",
        "CreationDate": "Wed, 17 Jul 2019 17:28:27 GMT",
        "Creator": "",
        "EditDate": "Wed, 17 Jul 2019 17:28:27 GMT",
        "Editor": ""
      }
    },
    {
      "type": "Feature",
      "id": 1375,
      "geometry": {
        "type": "Point",
        "coordinates": [
          4.65612667724616,
          51.8118336977946,
          0
        ]
      },
      "properties": {
        "OBJECTID": 1375,
        "Name": "Dordrecht",
        "descriptio": "Timber Exporter",
        "F1875DATS": null,
        "F1875TimberImports": null,
        "FirstYear": null,
        "LastYear": null,
        "Imports": null,
        "Sources": "Timber Trade Journals 1889",
        "GlobalID": "75638c48-1f3c-4c8b-9fc0-0330d513548c",
        "CreationDate": "Wed, 17 Jul 2019 17:44:29 GMT",
        "Creator": "",
        "EditDate": "Wed, 17 Jul 2019 17:44:29 GMT",
        "Editor": ""
      }
    },
    {
      "type": "Feature",
      "id": 1376,
      "geometry": {
        "type": "Point",
        "coordinates": [
          -4.33045544950488,
          48.0925150567181,
          0
        ]
      },
      "properties": {
        "OBJECTID": 1376,
        "Name": "Douarnenez",
        "descriptio": "Timber Exporter",
        "F1875DATS": null,
        "F1875TimberImports": null,
        "FirstYear": null,
        "LastYear": null,
        "Imports": null,
        "Sources": "Timber Trade Journals 1889",
        "GlobalID": "24fdbd58-e02d-432e-9329-b6ec1f807304",
        "CreationDate": "Wed, 17 Jul 2019 17:47:06 GMT",
        "Creator": "",
        "EditDate": "Wed, 17 Jul 2019 17:47:06 GMT",
        "Editor": ""
      }
    },
    {
      "type": "Feature",
      "id": 1377,
      "geometry": {
        "type": "Point",
        "coordinates": [
          12.4903241693116,
          56.9057503779718,
          0
        ]
      },
      "properties": {
        "OBJECTID": 1377,
        "Name": "Falkenberg",
        "descriptio": "Timber Exporter",
        "F1875DATS": null,
        "F1875TimberImports": null,
        "FirstYear": null,
        "LastYear": null,
        "Imports": null,
        "Sources": "Timber Trade Journals 1889",
        "GlobalID": "34b2c3c6-14d9-45de-99bf-ec88a4c95109",
        "CreationDate": "Wed, 17 Jul 2019 17:47:48 GMT",
        "Creator": "",
        "EditDate": "Wed, 17 Jul 2019 17:47:48 GMT",
        "Editor": ""
      }
    },
    {
      "type": "Feature",
      "id": 1378,
      "geometry": {
        "type": "Point",
        "coordinates": [
          22.7499153215718,
          65.4834141387887,
          0
        ]
      },
      "properties": {
        "OBJECTID": 1378,
        "Name": "Finnklippan",
        "descriptio": "Timber Exporter",
        "F1875DATS": null,
        "F1875TimberImports": null,
        "FirstYear": null,
        "LastYear": null,
        "Imports": null,
        "Sources": "Timber Trade Journals 1889",
        "GlobalID": "bc8710a8-bdb5-46da-9e24-0a53f9606b15",
        "CreationDate": "Wed, 17 Jul 2019 17:49:26 GMT",
        "Creator": "",
        "EditDate": "Wed, 17 Jul 2019 17:49:26 GMT",
        "Editor": ""
      }
    },
    {
      "type": "Feature",
      "id": 1379,
      "geometry": {
        "type": "Point",
        "coordinates": [
          24.1367433544922,
          65.8357337904469,
          0
        ]
      },
      "properties": {
        "OBJECTID": 1379,
        "Name": "Haparanda",
        "descriptio": "Timber Exporter",
        "F1875DATS": null,
        "F1875TimberImports": null,
        "FirstYear": null,
        "LastYear": null,
        "Imports": null,
        "Sources": "Timber Trade Journals 1889",
        "GlobalID": "f5523a79-28c7-42cb-ae97-da7a42ffa17f",
        "CreationDate": "Wed, 17 Jul 2019 17:54:49 GMT",
        "Creator": "",
        "EditDate": "Wed, 17 Jul 2019 17:54:49 GMT",
        "Editor": ""
      }
    },
    {
      "type": "Feature",
      "id": 1380,
      "geometry": {
        "type": "Point",
        "coordinates": [
          11.3984464717203,
          59.0501024998477,
          0
        ]
      },
      "properties": {
        "OBJECTID": 1380,
        "Name": "Idefjord",
        "descriptio": "Timber Exporter",
        "F1875DATS": null,
        "F1875TimberImports": null,
        "FirstYear": null,
        "LastYear": null,
        "Imports": null,
        "Sources": "Timber Trade Journals 1889",
        "GlobalID": "971f8bab-ee3e-4851-b025-06245df74604",
        "CreationDate": "Wed, 17 Jul 2019 17:55:48 GMT",
        "Creator": "",
        "EditDate": "Wed, 17 Jul 2019 17:55:48 GMT",
        "Editor": ""
      }
    },
    {
      "type": "Feature",
      "id": 1381,
      "geometry": {
        "type": "Point",
        "coordinates": [
          17.0748925079347,
          61.642548169496,
          0
        ]
      },
      "properties": {
        "OBJECTID": 1381,
        "Name": "Iggesund",
        "descriptio": "Timber Exporter",
        "F1875DATS": null,
        "F1875TimberImports": null,
        "FirstYear": null,
        "LastYear": null,
        "Imports": null,
        "Sources": "Timber Trade Journals 1889",
        "GlobalID": "a97634dd-ad70-49a2-a716-d51cc51efacd",
        "CreationDate": "Wed, 17 Jul 2019 17:56:13 GMT",
        "Creator": "",
        "EditDate": "Wed, 17 Jul 2019 17:56:39 GMT",
        "Editor": ""
      }
    },
    {
      "type": "Feature",
      "id": 1382,
      "geometry": {
        "type": "Point",
        "coordinates": [
          -64.9303556269836,
          18.3491532228956,
          0
        ]
      },
      "properties": {
        "OBJECTID": 1382,
        "Name": null,
        "descriptio": null,
        "F1875DATS": null,
        "F1875TimberImports": null,
        "FirstYear": null,
        "LastYear": null,
        "Imports": null,
        "Sources": null,
        "GlobalID": "c473533d-3e42-4179-999d-ae4d835d6b65",
        "CreationDate": "Wed, 17 Jul 2019 17:59:49 GMT",
        "Creator": "",
        "EditDate": "Wed, 17 Jul 2019 18:00:19 GMT",
        "Editor": ""
      }
    },
    {
      "type": "Feature",
      "id": 1383,
      "geometry": {
        "type": "Point",
        "coordinates": [
          -73.3491019159727,
          46.0195352100305,
          0
        ]
      },
      "properties": {
        "OBJECTID": 1383,
        "Name": "St. Thomas",
        "descriptio": "Timber Exporter",
        "F1875DATS": null,
        "F1875TimberImports": null,
        "FirstYear": null,
        "LastYear": null,
        "Imports": null,
        "Sources": "Timber Trade Journals 1889",
        "GlobalID": "f362c4af-2bb3-47aa-a18c-87ffe3234e4b",
        "CreationDate": "Wed, 17 Jul 2019 18:01:07 GMT",
        "Creator": "",
        "EditDate": "Wed, 17 Jul 2019 18:01:07 GMT",
        "Editor": ""
      }
    },
    {
      "type": "Feature",
      "id": 1384,
      "geometry": {
        "type": "Point",
        "coordinates": [
          18.720338338623,
          63.2893408522372,
          0
        ]
      },
      "properties": {
        "OBJECTID": 1384,
        "Name": "Ornskjoldsvik",
        "descriptio": "Timber Exporter",
        "F1875DATS": null,
        "F1875TimberImports": null,
        "FirstYear": null,
        "LastYear": null,
        "Imports": null,
        "Sources": "Timber Trade Journals 1889",
        "GlobalID": "09b55ab4-03fb-44d4-b02c-b32153e5f18a",
        "CreationDate": "Wed, 17 Jul 2019 19:14:55 GMT",
        "Creator": "",
        "EditDate": "Wed, 17 Jul 2019 20:43:31 GMT",
        "Editor": ""
      }
    },
    {
      "type": "Feature",
      "id": 1385,
      "geometry": {
        "type": "Point",
        "coordinates": [
          11.6939797962952,
          58.4251401843966,
          0
        ]
      },
      "properties": {
        "OBJECTID": 1385,
        "Name": "Saltkallan",
        "descriptio": "Timber Exporter",
        "F1875DATS": null,
        "F1875TimberImports": null,
        "FirstYear": null,
        "LastYear": null,
        "Imports": null,
        "Sources": "Timber Trade Journals 1889",
        "GlobalID": "6a8e6d2b-9966-4b8f-94bc-6cf201bf257f",
        "CreationDate": "Wed, 17 Jul 2019 19:19:24 GMT",
        "Creator": "",
        "EditDate": "Wed, 17 Jul 2019 20:43:59 GMT",
        "Editor": ""
      }
    },
    {
      "type": "Feature",
      "id": 1386,
      "geometry": {
        "type": "Point",
        "coordinates": [
          -71.0538333227537,
          48.4293694932189,
          0
        ]
      },
      "properties": {
        "OBJECTID": 1386,
        "Name": "Saguenay",
        "descriptio": "Timber Exporter",
        "F1875DATS": null,
        "F1875TimberImports": null,
        "FirstYear": null,
        "LastYear": null,
        "Imports": null,
        "Sources": "Timber Trade Journals 1889",
        "GlobalID": "263add0e-982e-4226-a497-4520feebaf73",
        "CreationDate": "Wed, 17 Jul 2019 19:19:32 GMT",
        "Creator": "",
        "EditDate": "Wed, 17 Jul 2019 19:19:32 GMT",
        "Editor": ""
      }
    },
    {
      "type": "Feature",
      "id": 1387,
      "geometry": {
        "type": "Point",
        "coordinates": [
          17.9374935762681,
          62.6335551234768,
          0
        ]
      },
      "properties": {
        "OBJECTID": 1387,
        "Name": "Hernosand",
        "descriptio": "Timber Exporter",
        "F1875DATS": null,
        "F1875TimberImports": null,
        "FirstYear": null,
        "LastYear": null,
        "Imports": null,
        "Sources": "Timber Trade Journals 1889",
        "GlobalID": "304c3d33-d36a-4fee-9b9d-3a5a1b25dbf0",
        "CreationDate": "Wed, 17 Jul 2019 19:21:43 GMT",
        "Creator": "",
        "EditDate": "Wed, 17 Jul 2019 19:21:43 GMT",
        "Editor": ""
      }
    },
    {
      "type": "Feature",
      "id": 1388,
      "geometry": {
        "type": "Point",
        "coordinates": [
          19.749211075926,
          63.5333279298994,
          0
        ]
      },
      "properties": {
        "OBJECTID": 1388,
        "Name": "Kjlorn",
        "descriptio": "Timber Exporter",
        "F1875DATS": null,
        "F1875TimberImports": null,
        "FirstYear": null,
        "LastYear": null,
        "Imports": null,
        "Sources": "Timber Trade Journals 1889",
        "GlobalID": "5788fb4b-8c0a-48e6-9be0-76f15aa3498a",
        "CreationDate": "Wed, 17 Jul 2019 19:22:48 GMT",
        "Creator": "",
        "EditDate": "Wed, 17 Jul 2019 19:22:48 GMT",
        "Editor": ""
      }
    },
    {
      "type": "Feature",
      "id": 1389,
      "geometry": {
        "type": "Point",
        "coordinates": [
          9.39912854232773,
          58.8663222461009,
          0
        ]
      },
      "properties": {
        "OBJECTID": 1389,
        "Name": "Kragero",
        "descriptio": "Timber Exporter",
        "F1875DATS": null,
        "F1875TimberImports": null,
        "FirstYear": null,
        "LastYear": null,
        "Imports": null,
        "Sources": "Timber Trade Journals 1889",
        "GlobalID": "45e9ee06-d7a8-4825-b3eb-a62381496a16",
        "CreationDate": "Wed, 17 Jul 2019 19:24:00 GMT",
        "Creator": "",
        "EditDate": "Wed, 17 Jul 2019 19:24:00 GMT",
        "Editor": ""
      }
    },
    {
      "type": "Feature",
      "id": 1390,
      "geometry": {
        "type": "Point",
        "coordinates": [
          26.7768807288364,
          60.3461062246157,
          0
        ]
      },
      "properties": {
        "OBJECTID": 1390,
        "Name": "Kaunessari",
        "descriptio": "Timber Exporter",
        "F1875DATS": null,
        "F1875TimberImports": null,
        "FirstYear": null,
        "LastYear": null,
        "Imports": null,
        "Sources": "Timber Trade Journals 1889",
        "GlobalID": "440b39e8-49a4-4e7b-b930-b453920c1cd6",
        "CreationDate": "Wed, 17 Jul 2019 19:31:00 GMT",
        "Creator": "",
        "EditDate": "Wed, 17 Jul 2019 19:31:00 GMT",
        "Editor": ""
      }
    },
    {
      "type": "Feature",
      "id": 1391,
      "geometry": {
        "type": "Point",
        "coordinates": [
          17.7810411409736,
          62.9313797652365,
          0
        ]
      },
      "properties": {
        "OBJECTID": 1391,
        "Name": "Kramfors",
        "descriptio": "Timber Exporter",
        "F1875DATS": null,
        "F1875TimberImports": null,
        "FirstYear": null,
        "LastYear": null,
        "Imports": null,
        "Sources": "Timber Trade Journals 1889",
        "GlobalID": "b21eae14-cea9-4040-acba-2ce3f662c56b",
        "CreationDate": "Wed, 17 Jul 2019 19:31:46 GMT",
        "Creator": "",
        "EditDate": "Wed, 17 Jul 2019 19:31:46 GMT",
        "Editor": ""
      }
    },
    {
      "type": "Feature",
      "id": 1392,
      "geometry": {
        "type": "Point",
        "coordinates": [
          14.8606343730164,
          56.1697410592763,
          0
        ]
      },
      "properties": {
        "OBJECTID": 1392,
        "Name": "Karlshamn",
        "descriptio": "Timber Exporter",
        "F1875DATS": null,
        "F1875TimberImports": null,
        "FirstYear": null,
        "LastYear": null,
        "Imports": null,
        "Sources": "Timber Trade Journals 1889",
        "GlobalID": "8ef40895-d803-40ea-bf63-640d1162621b",
        "CreationDate": "Wed, 17 Jul 2019 19:32:30 GMT",
        "Creator": "",
        "EditDate": "Wed, 17 Jul 2019 19:32:30 GMT",
        "Editor": ""
      }
    },
    {
      "type": "Feature",
      "id": 1393,
      "geometry": {
        "type": "Point",
        "coordinates": [
          10.4066114894106,
          59.2659373175255,
          0
        ]
      },
      "properties": {
        "OBJECTID": 1393,
        "Name": "Tonsberg",
        "descriptio": "Timber Exporter",
        "F1875DATS": null,
        "F1875TimberImports": null,
        "FirstYear": null,
        "LastYear": null,
        "Imports": null,
        "Sources": "Timber Trade Journals 1889",
        "GlobalID": "3985e671-4416-4ba3-8c83-c024b73f0be2",
        "CreationDate": "Wed, 17 Jul 2019 19:34:08 GMT",
        "Creator": "",
        "EditDate": "Wed, 17 Jul 2019 19:34:08 GMT",
        "Editor": ""
      }
    },
    {
      "type": "Feature",
      "id": 1394,
      "geometry": {
        "type": "Point",
        "coordinates": [
          24.150113125796,
          65.8463157942022,
          0
        ]
      },
      "properties": {
        "OBJECTID": 1394,
        "Name": "Tornea",
        "descriptio": "Timber Exporter",
        "F1875DATS": null,
        "F1875TimberImports": null,
        "FirstYear": null,
        "LastYear": null,
        "Imports": null,
        "Sources": "Timber Trade Journals 1889",
        "GlobalID": "a0293684-6ab2-4ddc-84c1-50df2fe1766e",
        "CreationDate": "Wed, 17 Jul 2019 19:37:24 GMT",
        "Creator": "",
        "EditDate": "Wed, 17 Jul 2019 19:37:24 GMT",
        "Editor": ""
      }
    },
    {
      "type": "Feature",
      "id": 1395,
      "geometry": {
        "type": "Point",
        "coordinates": [
          23.00428,
          60.3395134478965,
          0
        ]
      },
      "properties": {
        "OBJECTID": 1395,
        "Name": "Wartsala",
        "descriptio": "Timber Exporter",
        "F1875DATS": null,
        "F1875TimberImports": null,
        "FirstYear": null,
        "LastYear": null,
        "Imports": null,
        "Sources": "Timber Trade Journals 1889",
        "GlobalID": "76654e98-3b90-4d58-8d81-94595d90e22b",
        "CreationDate": "Wed, 17 Jul 2019 19:38:09 GMT",
        "Creator": "",
        "EditDate": "Wed, 17 Jul 2019 19:38:09 GMT",
        "Editor": ""
      }
    },
    {
      "type": "Feature",
      "id": 1396,
      "geometry": {
        "type": "Point",
        "coordinates": [
          10.6059760908338,
          55.0598037733233,
          0
        ]
      },
      "properties": {
        "OBJECTID": 1396,
        "Name": "Svendborg",
        "descriptio": "Timber Exporter",
        "F1875DATS": null,
        "F1875TimberImports": null,
        "FirstYear": null,
        "LastYear": null,
        "Imports": null,
        "Sources": "Timber Trade Journal 1889",
        "GlobalID": "0ea54bcc-2da9-4eef-b053-7c8d7499afbb",
        "CreationDate": "Wed, 17 Jul 2019 19:59:22 GMT",
        "Creator": "",
        "EditDate": "Wed, 17 Jul 2019 19:59:22 GMT",
        "Editor": ""
      }
    },
    {
      "type": "Feature",
      "id": 1397,
      "geometry": {
        "type": "Point",
        "coordinates": [
          -66.3216622274776,
          45.193570388325,
          0
        ]
      },
      "properties": {
        "OBJECTID": 1397,
        "Name": "Musquash",
        "descriptio": "Timber Exporter",
        "F1875DATS": null,
        "F1875TimberImports": null,
        "FirstYear": null,
        "LastYear": null,
        "Imports": null,
        "Sources": "Timber Trades Journal 1889",
        "GlobalID": "f2cdaa76-0306-481c-a775-e5362474a95c",
        "CreationDate": "Wed, 17 Jul 2019 20:04:06 GMT",
        "Creator": "",
        "EditDate": "Wed, 17 Jul 2019 20:04:06 GMT",
        "Editor": ""
      }
    },
    {
      "type": "Feature",
      "id": 1398,
      "geometry": {
        "type": "Point",
        "coordinates": [
          97.6253883386231,
          16.4918180331966,
          0
        ]
      },
      "properties": {
        "OBJECTID": 1398,
        "Name": "Moulmein",
        "descriptio": "Timber Exporter",
        "F1875DATS": null,
        "F1875TimberImports": null,
        "FirstYear": null,
        "LastYear": null,
        "Imports": null,
        "Sources": "Timber Trades Journal 1889",
        "GlobalID": "b35c851c-b549-44da-846a-059810298a17",
        "CreationDate": "Wed, 17 Jul 2019 20:05:49 GMT",
        "Creator": "",
        "EditDate": "Wed, 17 Jul 2019 20:05:49 GMT",
        "Editor": ""
      }
    },
    {
      "type": "Feature",
      "id": 1399,
      "geometry": {
        "type": "Point",
        "coordinates": [
          10.3220370846559,
          59.4798015800324,
          0
        ]
      },
      "properties": {
        "OBJECTID": 1399,
        "Name": "Holmestrand",
        "descriptio": "Timber Exporter",
        "F1875DATS": null,
        "F1875TimberImports": null,
        "FirstYear": null,
        "LastYear": null,
        "Imports": null,
        "Sources": "Timber Trades Journal 1889",
        "GlobalID": "e5c7a48e-c670-45c8-a5b5-f5b33686fbad",
        "CreationDate": "Wed, 17 Jul 2019 20:12:34 GMT",
        "Creator": "",
        "EditDate": "Wed, 17 Jul 2019 20:12:34 GMT",
        "Editor": ""
      }
    },
    {
      "type": "Feature",
      "id": 1400,
      "geometry": {
        "type": "Point",
        "coordinates": [
          22.6967137670899,
          63.6809774481578,
          0
        ]
      },
      "properties": {
        "OBJECTID": 1400,
        "Name": "Jakobstad",
        "descriptio": "Timber Exporter",
        "F1875DATS": null,
        "F1875TimberImports": null,
        "FirstYear": null,
        "LastYear": null,
        "Imports": null,
        "Sources": "Timber Trades Journal 1889",
        "GlobalID": "790063e8-cb47-4e59-ba22-17193a70984b",
        "CreationDate": "Wed, 17 Jul 2019 20:14:56 GMT",
        "Creator": "",
        "EditDate": "Wed, 17 Jul 2019 20:14:56 GMT",
        "Editor": ""
      }
    },
    {
      "type": "Feature",
      "id": 1401,
      "geometry": {
        "type": "Point",
        "coordinates": [
          24.9319799409551,
          60.1711933248246,
          0
        ]
      },
      "properties": {
        "OBJECTID": 1401,
        "Name": "Helsingfors",
        "descriptio": "Timber Exporter",
        "F1875DATS": null,
        "F1875TimberImports": null,
        "FirstYear": null,
        "LastYear": null,
        "Imports": null,
        "Sources": "Timber Trades Journal 1889",
        "GlobalID": "fa90922a-93db-4d73-9899-983bc5822c03",
        "CreationDate": "Wed, 17 Jul 2019 20:16:21 GMT",
        "Creator": "",
        "EditDate": "Wed, 17 Jul 2019 20:16:21 GMT",
        "Editor": ""
      }
    },
    {
      "type": "Feature",
      "id": 1402,
      "geometry": {
        "type": "Point",
        "coordinates": [
          -65.2403497460938,
          43.7662992765656,
          0
        ]
      },
      "properties": {
        "OBJECTID": 1402,
        "Name": "Jordan River",
        "descriptio": "Timber Exporter",
        "F1875DATS": null,
        "F1875TimberImports": null,
        "FirstYear": null,
        "LastYear": null,
        "Imports": null,
        "Sources": "Timber Trades Journal 1889",
        "GlobalID": "9204f333-e187-4170-9847-8e770d92ba32",
        "CreationDate": "Wed, 17 Jul 2019 20:18:39 GMT",
        "Creator": "",
        "EditDate": "Wed, 17 Jul 2019 20:18:39 GMT",
        "Editor": ""
      }
    },
    {
      "type": "Feature",
      "id": 1403,
      "geometry": {
        "type": "Point",
        "coordinates": [
          -65.6489329153442,
          47.6166891460061,
          0
        ]
      },
      "properties": {
        "OBJECTID": 1403,
        "Name": "Bathurst",
        "descriptio": "Timber Exporter",
        "F1875DATS": null,
        "F1875TimberImports": null,
        "FirstYear": null,
        "LastYear": null,
        "Imports": null,
        "Sources": "Timber Trades Journal 1889",
        "GlobalID": "60c2c8d2-03ea-48d5-818f-70975427994f",
        "CreationDate": "Wed, 17 Jul 2019 20:32:27 GMT",
        "Creator": "",
        "EditDate": "Wed, 17 Jul 2019 20:32:27 GMT",
        "Editor": ""
      }
    },
    {
      "type": "Feature",
      "id": 1404,
      "geometry": {
        "type": "Point",
        "coordinates": [
          -2.82718145767205,
          48.6009798053065,
          0
        ]
      },
      "properties": {
        "OBJECTID": 1404,
        "Name": "Binic",
        "descriptio": "Timber Exporter",
        "F1875DATS": null,
        "F1875TimberImports": null,
        "FirstYear": null,
        "LastYear": null,
        "Imports": null,
        "Sources": "Timber Trades Journal 1889",
        "GlobalID": "bf48df8d-2395-43c8-bcf6-357627dde8b1",
        "CreationDate": "Wed, 17 Jul 2019 20:33:21 GMT",
        "Creator": "",
        "EditDate": "Wed, 17 Jul 2019 20:33:21 GMT",
        "Editor": ""
      }
    },
    {
      "type": "Feature",
      "id": 1405,
      "geometry": {
        "type": "Point",
        "coordinates": [
          8.58108827514652,
          58.3467577665114,
          0
        ]
      },
      "properties": {
        "OBJECTID": 1405,
        "Name": "Grimstad",
        "descriptio": "Timber Exporter",
        "F1875DATS": null,
        "F1875TimberImports": null,
        "FirstYear": null,
        "LastYear": null,
        "Imports": null,
        "Sources": "Timber Trades Journal 1889",
        "GlobalID": "78d358e4-2a08-49a4-a7b4-dafaff2d3f51",
        "CreationDate": "Wed, 17 Jul 2019 20:35:01 GMT",
        "Creator": "",
        "EditDate": "Wed, 17 Jul 2019 20:35:01 GMT",
        "Editor": ""
      }
    },
    {
      "type": "Feature",
      "id": 1406,
      "geometry": {
        "type": "Point",
        "coordinates": [
          8.37972416931154,
          58.2502677182406,
          0
        ]
      },
      "properties": {
        "OBJECTID": 1406,
        "Name": "Lillesand",
        "descriptio": "Timber Exporter",
        "F1875DATS": null,
        "F1875TimberImports": null,
        "FirstYear": null,
        "LastYear": null,
        "Imports": null,
        "Sources": "Timber Trades Journal 1889",
        "GlobalID": "ccc3781b-d480-4713-bb76-de161c51f1a4",
        "CreationDate": "Wed, 17 Jul 2019 20:37:26 GMT",
        "Creator": "",
        "EditDate": "Wed, 17 Jul 2019 20:37:26 GMT",
        "Editor": ""
      }
    },
    {
      "type": "Feature",
      "id": 1407,
      "geometry": {
        "type": "Point",
        "coordinates": [
          17.102566556179,
          58.6698050833407,
          0
        ]
      },
      "properties": {
        "OBJECTID": 1407,
        "Name": "Oxelosund",
        "descriptio": "Timber Exporter",
        "F1875DATS": null,
        "F1875TimberImports": null,
        "FirstYear": null,
        "LastYear": null,
        "Imports": null,
        "Sources": "Timber Trades Journal 1889",
        "GlobalID": "74eefcc1-0294-4958-854b-ec1fe769813b",
        "CreationDate": "Wed, 17 Jul 2019 20:41:12 GMT",
        "Creator": "",
        "EditDate": "Wed, 17 Jul 2019 20:41:12 GMT",
        "Editor": ""
      }
    },
    {
      "type": "Feature",
      "id": 1408,
      "geometry": {
        "type": "Point",
        "coordinates": [
          -88.5565278197888,
          30.3659447374599,
          0
        ]
      },
      "properties": {
        "OBJECTID": 1408,
        "Name": "Pascagoula",
        "descriptio": "Timber Exporter",
        "F1875DATS": null,
        "F1875TimberImports": null,
        "FirstYear": null,
        "LastYear": null,
        "Imports": null,
        "Sources": "Timber Trades Journal 1889",
        "GlobalID": "3fe5f834-a832-465e-8e79-cf068d137b3b",
        "CreationDate": "Wed, 17 Jul 2019 20:41:56 GMT",
        "Creator": "",
        "EditDate": "Wed, 17 Jul 2019 20:41:56 GMT",
        "Editor": ""
      }
    },
    {
      "type": "Feature",
      "id": 1409,
      "geometry": {
        "type": "Point",
        "coordinates": [
          26.0333627944963,
          60.4171759509122,
          0
        ]
      },
      "properties": {
        "OBJECTID": 1409,
        "Name": "Pernoviken",
        "descriptio": "Timber Exporter",
        "F1875DATS": null,
        "F1875TimberImports": null,
        "FirstYear": null,
        "LastYear": null,
        "Imports": null,
        "Sources": "Timber Trades Journal 1889",
        "GlobalID": "38e9f075-5779-4fd6-b84d-979ee41ce3df",
        "CreationDate": "Wed, 17 Jul 2019 20:43:08 GMT",
        "Creator": "",
        "EditDate": "Wed, 17 Jul 2019 20:43:08 GMT",
        "Editor": ""
      }
    },
    {
      "type": "Feature",
      "id": 1410,
      "geometry": {
        "type": "Point",
        "coordinates": [
          -4.10808166137666,
          47.9946698134641,
          0
        ]
      },
      "properties": {
        "OBJECTID": 1410,
        "Name": "Quimper",
        "descriptio": "Timber Exporter",
        "F1875DATS": null,
        "F1875TimberImports": null,
        "FirstYear": null,
        "LastYear": null,
        "Imports": null,
        "Sources": "Timber Trades Journal 1889",
        "GlobalID": "2232370a-c5e6-4c71-8045-3077b01a316e",
        "CreationDate": "Wed, 17 Jul 2019 20:44:52 GMT",
        "Creator": "",
        "EditDate": "Wed, 17 Jul 2019 20:44:52 GMT",
        "Editor": ""
      }
    },
    {
      "type": "Feature",
      "id": 1411,
      "geometry": {
        "type": "Point",
        "coordinates": [
          96.1549083703614,
          16.8058031650266,
          0
        ]
      },
      "properties": {
        "OBJECTID": 1411,
        "Name": "Rangoon",
        "descriptio": "Timber Exporter",
        "F1875DATS": null,
        "F1875TimberImports": null,
        "FirstYear": null,
        "LastYear": null,
        "Imports": null,
        "Sources": "Timber Trades Journal 1889",
        "GlobalID": "79fefa6f-26eb-43f6-9f0e-e2950a2107c9",
        "CreationDate": "Wed, 17 Jul 2019 20:45:25 GMT",
        "Creator": "",
        "EditDate": "Wed, 17 Jul 2019 20:45:25 GMT",
        "Editor": ""
      }
    },
    {
      "type": "Feature",
      "id": 1412,
      "geometry": {
        "type": "Point",
        "coordinates": [
          9.21217460846031,
          58.7177754400355,
          0
        ]
      },
      "properties": {
        "OBJECTID": 1412,
        "Name": "Risoer",
        "descriptio": "Timber Exporter",
        "F1875DATS": null,
        "F1875TimberImports": null,
        "FirstYear": null,
        "LastYear": null,
        "Imports": null,
        "Sources": "Timber Trades Journal 1889",
        "GlobalID": "87bf3337-ce5c-45d9-8c7e-d10ae693a67a",
        "CreationDate": "Wed, 17 Jul 2019 20:46:21 GMT",
        "Creator": "",
        "EditDate": "Wed, 17 Jul 2019 20:46:21 GMT",
        "Editor": ""
      }
    },
    {
      "type": "Feature",
      "id": 1413,
      "geometry": {
        "type": "Point",
        "coordinates": [
          10.2226200859019,
          59.1333045923779,
          0
        ]
      },
      "properties": {
        "OBJECTID": 1413,
        "Name": "Sandefjord",
        "descriptio": "Timber Exporter",
        "F1875DATS": null,
        "F1875TimberImports": null,
        "FirstYear": null,
        "LastYear": null,
        "Imports": null,
        "Sources": "Timber Trades Journal 1889",
        "GlobalID": "0b2dda2d-03d5-4818-9dea-46501c3e95fa",
        "CreationDate": "Wed, 17 Jul 2019 20:48:41 GMT",
        "Creator": "",
        "EditDate": "Wed, 17 Jul 2019 20:48:41 GMT",
        "Editor": ""
      }
    },
    {
      "type": "Feature",
      "id": 1414,
      "geometry": {
        "type": "Point",
        "coordinates": [
          9.60874112253406,
          59.2091678279277,
          0
        ]
      },
      "properties": {
        "OBJECTID": 1414,
        "Name": "Skien",
        "descriptio": "Timber Exporter",
        "F1875DATS": null,
        "F1875TimberImports": null,
        "FirstYear": null,
        "LastYear": null,
        "Imports": null,
        "Sources": "Timber Trades Journal 1889",
        "GlobalID": "585b04bc-95a3-4691-8e4e-80a0aba1984b",
        "CreationDate": "Wed, 17 Jul 2019 20:49:48 GMT",
        "Creator": "",
        "EditDate": "Wed, 17 Jul 2019 20:49:48 GMT",
        "Editor": ""
      }
    },
    {
      "type": "Feature",
      "id": 1415,
      "geometry": {
        "type": "Point",
        "coordinates": [
          -122.911003926104,
          49.2077383344806,
          0
        ]
      },
      "properties": {
        "OBJECTID": 1415,
        "Name": "New Westminster",
        "descriptio": "Timber Exporter",
        "F1875DATS": null,
        "F1875TimberImports": null,
        "FirstYear": null,
        "LastYear": null,
        "Imports": null,
        "Sources": "Timber Trades Journal 1889",
        "GlobalID": "9cab5849-037f-441e-b71b-1b889fd95535",
        "CreationDate": "Wed, 17 Jul 2019 20:59:19 GMT",
        "Creator": "",
        "EditDate": "Wed, 17 Jul 2019 20:59:19 GMT",
        "Editor": ""
      }
    },
    {
      "type": "Feature",
      "id": 1416,
      "geometry": {
        "type": "Point",
        "coordinates": [
          10.3839135449219,
          55.404056460821,
          0
        ]
      },
      "properties": {
        "OBJECTID": 1416,
        "Name": "Odense",
        "descriptio": "Timber Exporter",
        "F1875DATS": null,
        "F1875TimberImports": null,
        "FirstYear": null,
        "LastYear": null,
        "Imports": null,
        "Sources": "Timber Trades Journal 1889",
        "GlobalID": "2e38ddf9-5d81-4423-be78-e4436be8da5f",
        "CreationDate": "Wed, 17 Jul 2019 21:01:35 GMT",
        "Creator": "",
        "EditDate": "Wed, 17 Jul 2019 21:01:35 GMT",
        "Editor": ""
      }
    },
    {
      "type": "Feature",
      "id": 1417,
      "geometry": {
        "type": "Point",
        "coordinates": [
          12.5332656269837,
          56.2500370697488,
          0
        ]
      },
      "properties": {
        "OBJECTID": 1417,
        "Name": "Nyhamn",
        "descriptio": "Timber Exporter",
        "F1875DATS": null,
        "F1875TimberImports": null,
        "FirstYear": null,
        "LastYear": null,
        "Imports": null,
        "Sources": "Timber Trades Journal 1889",
        "GlobalID": "8bf4591c-be58-4603-a241-8edd883180ee",
        "CreationDate": "Wed, 17 Jul 2019 21:02:15 GMT",
        "Creator": "",
        "EditDate": "Wed, 17 Jul 2019 21:02:15 GMT",
        "Editor": ""
      }
    },
    {
      "type": "Feature",
      "id": 1418,
      "geometry": {
        "type": "Point",
        "coordinates": [
          -2.30035932808378,
          47.5195644739302,
          0
        ]
      },
      "properties": {
        "OBJECTID": 1418,
        "Name": "Roche Bernard",
        "descriptio": "Timber Exporter",
        "F1875DATS": null,
        "F1875TimberImports": null,
        "FirstYear": null,
        "LastYear": null,
        "Imports": null,
        "Sources": "Timber Trades Journal 1889",
        "GlobalID": "74529a5c-d978-442b-ac33-111bf50a019e",
        "CreationDate": "Wed, 17 Jul 2019 21:04:14 GMT",
        "Creator": "",
        "EditDate": "Wed, 17 Jul 2019 21:04:14 GMT",
        "Editor": ""
      }
    },
    {
      "type": "Feature",
      "id": 1419,
      "geometry": {
        "type": "Point",
        "coordinates": [
          21.4365729153444,
          61.6150044370834,
          0
        ]
      },
      "properties": {
        "OBJECTID": 1419,
        "Name": "Rafso",
        "descriptio": "Timber Exporter",
        "F1875DATS": null,
        "F1875TimberImports": null,
        "FirstYear": null,
        "LastYear": null,
        "Imports": null,
        "Sources": "Timber Trades Journal 1889",
        "GlobalID": "5fed1f5f-6e87-4cf4-950f-f3c411057a15",
        "CreationDate": "Wed, 17 Jul 2019 21:05:03 GMT",
        "Creator": "",
        "EditDate": "Wed, 17 Jul 2019 21:05:03 GMT",
        "Editor": ""
      }
    },
    {
      "type": "Feature",
      "id": 1420,
      "geometry": {
        "type": "Point",
        "coordinates": [
          -0.958475423278691,
          45.9349095117461,
          0
        ]
      },
      "properties": {
        "OBJECTID": 1420,
        "Name": "Rochefort",
        "descriptio": "Timber Exporter",
        "F1875DATS": null,
        "F1875TimberImports": null,
        "FirstYear": null,
        "LastYear": null,
        "Imports": null,
        "Sources": "Timber Trades Journal 1889",
        "GlobalID": "c087f225-7a69-4af6-a5c6-19cc3cc366c6",
        "CreationDate": "Wed, 17 Jul 2019 21:06:00 GMT",
        "Creator": "",
        "EditDate": "Wed, 17 Jul 2019 21:06:00 GMT",
        "Editor": ""
      }
    },
    {
      "type": "Feature",
      "id": 1421,
      "geometry": {
        "type": "Point",
        "coordinates": [
          18.2684295291138,
          62.9972544582473,
          0
        ]
      },
      "properties": {
        "OBJECTID": 1421,
        "Name": "Salsaker",
        "descriptio": "Timber Exporter",
        "F1875DATS": null,
        "F1875TimberImports": null,
        "FirstYear": null,
        "LastYear": null,
        "Imports": null,
        "Sources": "Timber Trades Journal 1889",
        "GlobalID": "a924b72f-60ad-48fd-9cde-ad37eecd23b9",
        "CreationDate": "Wed, 17 Jul 2019 21:07:06 GMT",
        "Creator": "",
        "EditDate": "Wed, 17 Jul 2019 21:07:06 GMT",
        "Editor": ""
      }
    },
    {
      "type": "Feature",
      "id": 1422,
      "geometry": {
        "type": "Point",
        "coordinates": [
          11.1123932276517,
          59.2831132420476,
          0
        ]
      },
      "properties": {
        "OBJECTID": 1422,
        "Name": "Sarpsborg",
        "descriptio": "Timber Exporter",
        "F1875DATS": null,
        "F1875TimberImports": null,
        "FirstYear": null,
        "LastYear": null,
        "Imports": null,
        "Sources": "Timber Trades Journal 1889",
        "GlobalID": "9dfdaa75-d5e6-49de-813b-2edd74cf4609",
        "CreationDate": "Wed, 17 Jul 2019 21:09:19 GMT",
        "Creator": "",
        "EditDate": "Wed, 17 Jul 2019 21:09:19 GMT",
        "Editor": ""
      }
    },
    {
      "type": "Feature",
      "id": 1423,
      "geometry": {
        "type": "Point",
        "coordinates": [
          -62.707446238098,
          45.6782442937045,
          0
        ]
      },
      "properties": {
        "OBJECTID": 1423,
        "Name": "Pictou",
        "descriptio": "Timber Exporter",
        "F1875DATS": null,
        "F1875TimberImports": null,
        "FirstYear": null,
        "LastYear": null,
        "Imports": null,
        "Sources": "Timber Trades Journal 1889",
        "GlobalID": "1cb538ce-f479-4d1d-ac30-d0f096197542",
        "CreationDate": "Wed, 17 Jul 2019 21:27:18 GMT",
        "Creator": "",
        "EditDate": "Wed, 17 Jul 2019 21:27:18 GMT",
        "Editor": ""
      }
    },
    {
      "type": "Feature",
      "id": 1424,
      "geometry": {
        "type": "Point",
        "coordinates": [
          19.9103474006719,
          54.6553874966892,
          0
        ]
      },
      "properties": {
        "OBJECTID": 1424,
        "Name": "Pillau",
        "descriptio": "Timber Exporter",
        "F1875DATS": null,
        "F1875TimberImports": null,
        "FirstYear": null,
        "LastYear": null,
        "Imports": null,
        "Sources": "Timber Trades Journal 1889",
        "GlobalID": "9da0f9b6-7efa-4a5d-8a86-d808e8d716b9",
        "CreationDate": "Wed, 17 Jul 2019 21:28:29 GMT",
        "Creator": "",
        "EditDate": "Wed, 17 Jul 2019 21:28:29 GMT",
        "Editor": ""
      }
    },
    {
      "type": "Feature",
      "id": 1425,
      "geometry": {
        "type": "Point",
        "coordinates": [
          21.4732333544922,
          65.3204766227601,
          0
        ]
      },
      "properties": {
        "OBJECTID": 1425,
        "Name": "Pitea",
        "descriptio": "Timber Exporter",
        "F1875DATS": null,
        "F1875TimberImports": null,
        "FirstYear": null,
        "LastYear": null,
        "Imports": null,
        "Sources": "Timber Trades Journal 1889",
        "GlobalID": "09b8f574-00fa-4722-ab7b-c52fde3b8aac",
        "CreationDate": "Wed, 17 Jul 2019 21:29:10 GMT",
        "Creator": "",
        "EditDate": "Wed, 17 Jul 2019 21:29:10 GMT",
        "Editor": ""
      }
    },
    {
      "type": "Feature",
      "id": 1426,
      "geometry": {
        "type": "Point",
        "coordinates": [
          -4.06705623809807,
          48.2167586077636,
          0
        ]
      },
      "properties": {
        "OBJECTID": 1426,
        "Name": "Port Launay",
        "descriptio": "Timber Exporter",
        "F1875DATS": null,
        "F1875TimberImports": null,
        "FirstYear": null,
        "LastYear": null,
        "Imports": null,
        "Sources": "Timber Trades Journal 1889",
        "GlobalID": "19e758bd-dd07-4482-a74d-732f14bb2bd9",
        "CreationDate": "Wed, 17 Jul 2019 21:29:46 GMT",
        "Creator": "",
        "EditDate": "Wed, 17 Jul 2019 21:29:46 GMT",
        "Editor": ""
      }
    },
    {
      "type": "Feature",
      "id": 1427,
      "geometry": {
        "type": "Point",
        "coordinates": [
          21.5074734179687,
          61.1318766381407,
          0
        ]
      },
      "properties": {
        "OBJECTID": 1427,
        "Name": "Rauma",
        "descriptio": "Timber Exporter",
        "F1875DATS": null,
        "F1875TimberImports": null,
        "FirstYear": null,
        "LastYear": null,
        "Imports": null,
        "Sources": "Timber Trades Journal 1889",
        "GlobalID": "51ce790f-35a8-42ed-a5d9-a3ab3b8f92da",
        "CreationDate": "Wed, 17 Jul 2019 21:31:43 GMT",
        "Creator": "",
        "EditDate": "Wed, 17 Jul 2019 21:31:43 GMT",
        "Editor": ""
      }
    },
    {
      "type": "Feature",
      "id": 1428,
      "geometry": {
        "type": "Point",
        "coordinates": [
          -2.08601583068829,
          47.6509129777457,
          0
        ]
      },
      "properties": {
        "OBJECTID": 1428,
        "Name": "Redon",
        "descriptio": "Timber Exporter",
        "F1875DATS": null,
        "F1875TimberImports": null,
        "FirstYear": null,
        "LastYear": null,
        "Imports": null,
        "Sources": "Timber Trades Journal 1889",
        "GlobalID": "11b8709d-9fe9-477c-90a8-53ee2a31791a",
        "CreationDate": "Wed, 17 Jul 2019 21:33:16 GMT",
        "Creator": "",
        "EditDate": "Wed, 17 Jul 2019 21:33:16 GMT",
        "Editor": ""
      }
    },
    {
      "type": "Feature",
      "id": 1429,
      "geometry": {
        "type": "Point",
        "coordinates": [
          24.7532725079346,
          59.4371699582233,
          0
        ]
      },
      "properties": {
        "OBJECTID": 1429,
        "Name": "Reval",
        "descriptio": "Timber Exporter",
        "F1875DATS": null,
        "F1875TimberImports": null,
        "FirstYear": null,
        "LastYear": null,
        "Imports": null,
        "Sources": "Timber Trades Journal 1889",
        "GlobalID": "afe121ca-e19b-4583-9b46-5c2b0d9e2d15",
        "CreationDate": "Wed, 17 Jul 2019 21:33:57 GMT",
        "Creator": "",
        "EditDate": "Wed, 17 Jul 2019 21:33:57 GMT",
        "Editor": ""
      }
    },
    {
      "type": "Feature",
      "id": 1430,
      "geometry": {
        "type": "Point",
        "coordinates": [
          17.1444458306885,
          61.2603765627516,
          0
        ]
      },
      "properties": {
        "OBJECTID": 1430,
        "Name": "Sandarne",
        "descriptio": "Timber Exporter",
        "F1875DATS": null,
        "F1875TimberImports": null,
        "FirstYear": null,
        "LastYear": null,
        "Imports": null,
        "Sources": "Timber Trades Journal 1889",
        "GlobalID": "68d197ed-89f3-4891-97b0-13b704ea904d",
        "CreationDate": "Wed, 17 Jul 2019 21:38:51 GMT",
        "Creator": "",
        "EditDate": "Wed, 17 Jul 2019 21:51:19 GMT",
        "Editor": ""
      }
    },
    {
      "type": "Feature",
      "id": 1431,
      "geometry": {
        "type": "Point",
        "coordinates": [
          21.2166270846558,
          64.6834236020729,
          0
        ]
      },
      "properties": {
        "OBJECTID": 1431,
        "Name": "Savenas",
        "descriptio": "Timber Exporter",
        "F1875DATS": null,
        "F1875TimberImports": null,
        "FirstYear": null,
        "LastYear": null,
        "Imports": null,
        "Sources": "Timber Trades Journal 1889",
        "GlobalID": "086d280d-d935-49e5-bc6c-676fc5e07c95",
        "CreationDate": "Wed, 17 Jul 2019 21:39:46 GMT",
        "Creator": "",
        "EditDate": "Wed, 17 Jul 2019 21:39:46 GMT",
        "Editor": ""
      }
    },
    {
      "type": "Feature",
      "id": 1432,
      "geometry": {
        "type": "Point",
        "coordinates": [
          16.4919547486879,
          57.638489684441,
          0
        ]
      },
      "properties": {
        "OBJECTID": 1432,
        "Name": "Slingso",
        "descriptio": "Timber Exporter",
        "F1875DATS": null,
        "F1875TimberImports": null,
        "FirstYear": null,
        "LastYear": null,
        "Imports": null,
        "Sources": "Timber Trades Journal 1889",
        "GlobalID": "364ad527-2d47-4642-b8c8-6d71b9def16a",
        "CreationDate": "Wed, 17 Jul 2019 21:40:25 GMT",
        "Creator": "",
        "EditDate": "Wed, 17 Jul 2019 21:40:25 GMT",
        "Editor": ""
      }
    },
    {
      "type": "Feature",
      "id": 1433,
      "geometry": {
        "type": "Point",
        "coordinates": [
          20.9274320687867,
          64.168533896539,
          0
        ]
      },
      "properties": {
        "OBJECTID": 1433,
        "Name": "Sikea",
        "descriptio": "Timber Exporter",
        "F1875DATS": null,
        "F1875TimberImports": null,
        "FirstYear": null,
        "LastYear": null,
        "Imports": null,
        "Sources": "Timber Trades Journal 1889",
        "GlobalID": "7130ffc0-9f2b-4f58-a656-f6905ce8bae7",
        "CreationDate": "Wed, 17 Jul 2019 21:40:58 GMT",
        "Creator": "",
        "EditDate": "Wed, 17 Jul 2019 21:40:58 GMT",
        "Editor": ""
      }
    },
    {
      "type": "Feature",
      "id": 1434,
      "geometry": {
        "type": "Point",
        "coordinates": [
          20.5803688412476,
          63.8007028176278,
          0
        ]
      },
      "properties": {
        "OBJECTID": 1434,
        "Name": "Skeppsvik",
        "descriptio": "Timber Exporter",
        "F1875DATS": null,
        "F1875TimberImports": null,
        "FirstYear": null,
        "LastYear": null,
        "Imports": null,
        "Sources": "Timber Trades Journal 1889",
        "GlobalID": "232b63d6-e8d5-4f7c-9cac-d5720aa29338",
        "CreationDate": "Wed, 17 Jul 2019 21:46:05 GMT",
        "Creator": "",
        "EditDate": "Wed, 17 Jul 2019 21:51:08 GMT",
        "Editor": ""
      }
    },
    {
      "type": "Feature",
      "id": 1435,
      "geometry": {
        "type": "Point",
        "coordinates": [
          72.8346883386231,
          18.9407166375076,
          0
        ]
      },
      "properties": {
        "OBJECTID": 1435,
        "Name": "Bombay",
        "descriptio": "Timber Exporter",
        "F1875DATS": null,
        "F1875TimberImports": null,
        "FirstYear": null,
        "LastYear": null,
        "Imports": null,
        "Sources": "Timber Trades Journal 1889",
        "GlobalID": "1aebee98-d51d-439e-9013-f43922cea484",
        "CreationDate": "Wed, 17 Jul 2019 21:50:16 GMT",
        "Creator": "",
        "EditDate": "Wed, 17 Jul 2019 21:50:16 GMT",
        "Editor": ""
      }
    },
    {
      "type": "Feature",
      "id": 1436,
      "geometry": {
        "type": "Point",
        "coordinates": [
          25.6714263787898,
          60.3967119237763,
          0
        ]
      },
      "properties": {
        "OBJECTID": 1436,
        "Name": "Borga",
        "descriptio": "Timber Exporter",
        "F1875DATS": null,
        "F1875TimberImports": null,
        "FirstYear": null,
        "LastYear": null,
        "Imports": null,
        "Sources": "Timber Trades Journal 1889",
        "GlobalID": "ff596815-8f7c-48f3-9332-17875cd4bad7",
        "CreationDate": "Wed, 17 Jul 2019 21:51:53 GMT",
        "Creator": "",
        "EditDate": "Wed, 17 Jul 2019 21:51:53 GMT",
        "Editor": ""
      }
    },
    {
      "type": "Feature",
      "id": 1437,
      "geometry": {
        "type": "Point",
        "coordinates": [
          8.80453344224812,
          53.0751069869248,
          0
        ]
      },
      "properties": {
        "OBJECTID": 1437,
        "Name": "Bremen",
        "descriptio": "Timber Exporter",
        "F1875DATS": null,
        "F1875TimberImports": null,
        "FirstYear": null,
        "LastYear": null,
        "Imports": null,
        "Sources": "Timber Trades Journal 1889",
        "GlobalID": "f83a6a8d-fe1f-4565-92ef-52bb9160ba74",
        "CreationDate": "Wed, 17 Jul 2019 21:52:27 GMT",
        "Creator": "",
        "EditDate": "Wed, 17 Jul 2019 21:52:27 GMT",
        "Editor": ""
      }
    },
    {
      "type": "Feature",
      "id": 1438,
      "geometry": {
        "type": "Point",
        "coordinates": [
          14.4468066772461,
          45.3267632510829,
          0
        ]
      },
      "properties": {
        "OBJECTID": 1438,
        "Name": "Fiume",
        "descriptio": "Timber Exporter",
        "F1875DATS": null,
        "F1875TimberImports": null,
        "FirstYear": null,
        "LastYear": null,
        "Imports": null,
        "Sources": "Timber Trades Journal 1889",
        "GlobalID": "02792f78-a79f-47dd-9c09-f1d13d67c88e",
        "CreationDate": "Wed, 17 Jul 2019 21:57:02 GMT",
        "Creator": "",
        "EditDate": "Wed, 17 Jul 2019 21:57:02 GMT",
        "Editor": ""
      }
    },
    {
      "type": "Feature",
      "id": 1439,
      "geometry": {
        "type": "Point",
        "coordinates": [
          17.3802470846558,
          62.4345541529471,
          0
        ]
      },
      "properties": {
        "OBJECTID": 1439,
        "Name": "Johannedal",
        "descriptio": "Timber Exporter",
        "F1875DATS": null,
        "F1875TimberImports": null,
        "FirstYear": null,
        "LastYear": null,
        "Imports": null,
        "Sources": "Timber Trades Journal 1889",
        "GlobalID": "17c621a8-f4b5-459f-9453-79121a71b200",
        "CreationDate": "Wed, 17 Jul 2019 21:58:09 GMT",
        "Creator": "",
        "EditDate": "Wed, 17 Jul 2019 21:58:09 GMT",
        "Editor": ""
      }
    },
    {
      "type": "Feature",
      "id": 1440,
      "geometry": {
        "type": "Point",
        "coordinates": [
          25.0645166772464,
          65.6630854379212,
          0
        ]
      },
      "properties": {
        "OBJECTID": 1440,
        "Name": "Simo",
        "descriptio": "Timber Exporter",
        "F1875DATS": null,
        "F1875TimberImports": null,
        "FirstYear": null,
        "LastYear": null,
        "Imports": null,
        "Sources": "Timber Trades Journal 1889",
        "GlobalID": "3ddca7ac-0dda-42cf-ac35-8d2769f7f365",
        "CreationDate": "Wed, 17 Jul 2019 22:04:07 GMT",
        "Creator": "",
        "EditDate": "Wed, 17 Jul 2019 22:04:07 GMT",
        "Editor": ""
      }
    },
    {
      "type": "Feature",
      "id": 1441,
      "geometry": {
        "type": "Point",
        "coordinates": [
          20.9557144459604,
          64.7495721160482,
          0
        ]
      },
      "properties": {
        "OBJECTID": 1441,
        "Name": "Skelleftea",
        "descriptio": "Timber Exporter",
        "F1875DATS": null,
        "F1875TimberImports": null,
        "FirstYear": null,
        "LastYear": null,
        "Imports": null,
        "Sources": "Timber Trades Journal 1889",
        "GlobalID": "ba88a1fa-c139-4ddc-945c-c9d822888f4b",
        "CreationDate": "Wed, 17 Jul 2019 22:04:56 GMT",
        "Creator": "",
        "EditDate": "Wed, 17 Jul 2019 22:04:56 GMT",
        "Editor": ""
      }
    },
    {
      "type": "Feature",
      "id": 1442,
      "geometry": {
        "type": "Point",
        "coordinates": [
          17.3256154232789,
          62.4688681722605,
          0
        ]
      },
      "properties": {
        "OBJECTID": 1442,
        "Name": "Skonvik",
        "descriptio": "Timber Exporter",
        "F1875DATS": null,
        "F1875TimberImports": null,
        "FirstYear": null,
        "LastYear": null,
        "Imports": null,
        "Sources": "Timber Trades Journal 1889",
        "GlobalID": "83030d90-cf12-4f73-8bc6-0290d9e2c798",
        "CreationDate": "Wed, 17 Jul 2019 22:06:05 GMT",
        "Creator": "",
        "EditDate": "Wed, 17 Jul 2019 22:06:05 GMT",
        "Editor": ""
      }
    },
    {
      "type": "Feature",
      "id": 1443,
      "geometry": {
        "type": "Point",
        "coordinates": [
          18.8053370846558,
          57.7055439750642,
          0
        ]
      },
      "properties": {
        "OBJECTID": 1443,
        "Name": "Slite",
        "descriptio": "Timber Exporter",
        "F1875DATS": null,
        "F1875TimberImports": null,
        "FirstYear": null,
        "LastYear": null,
        "Imports": null,
        "Sources": "Timber Trades Journal 1889",
        "GlobalID": "04f5862b-c236-4471-91e9-6f4a17abfac7",
        "CreationDate": "Wed, 17 Jul 2019 22:06:35 GMT",
        "Creator": "",
        "EditDate": "Wed, 17 Jul 2019 22:06:35 GMT",
        "Editor": ""
      }
    },
    {
      "type": "Feature",
      "id": 1444,
      "geometry": {
        "type": "Point",
        "coordinates": [
          17.0512700317383,
          61.3020539997905,
          0
        ]
      },
      "properties": {
        "OBJECTID": 1444,
        "Name": "Soderhamn",
        "descriptio": "Timber Exporter",
        "F1875DATS": null,
        "F1875TimberImports": null,
        "FirstYear": null,
        "LastYear": null,
        "Imports": null,
        "Sources": "Timber Trades Journal 1889",
        "GlobalID": "f369eab6-ea52-4e87-8092-6994d5dfbc26",
        "CreationDate": "Wed, 17 Jul 2019 22:07:37 GMT",
        "Creator": "",
        "EditDate": "Wed, 17 Jul 2019 22:07:37 GMT",
        "Editor": ""
      }
    },
    {
      "type": "Feature",
      "id": 1445,
      "geometry": {
        "type": "Point",
        "coordinates": [
          5.73057562698369,
          58.9710670721998,
          0
        ]
      },
      "properties": {
        "OBJECTID": 1445,
        "Name": "Stavanger",
        "descriptio": "Timber Exporter",
        "F1875DATS": null,
        "F1875TimberImports": null,
        "FirstYear": null,
        "LastYear": null,
        "Imports": null,
        "Sources": "Timber Trades Journal 1889",
        "GlobalID": "1e5087db-f3bf-4023-9fdf-6e38f138aa51",
        "CreationDate": "Wed, 17 Jul 2019 22:08:26 GMT",
        "Creator": "",
        "EditDate": "Wed, 17 Jul 2019 22:08:26 GMT",
        "Editor": ""
      }
    },
    {
      "type": "Feature",
      "id": 1446,
      "geometry": {
        "type": "Point",
        "coordinates": [
          14.5555758306886,
          53.4252665374726,
          0
        ]
      },
      "properties": {
        "OBJECTID": 1446,
        "Name": "Stettin",
        "descriptio": "Timber Exporter",
        "F1875DATS": null,
        "F1875TimberImports": null,
        "FirstYear": null,
        "LastYear": null,
        "Imports": null,
        "Sources": "Timber Trades Journal 1889",
        "GlobalID": "421b5b1b-95a3-4ce4-92f0-28b1d3a036a4",
        "CreationDate": "Wed, 17 Jul 2019 22:08:57 GMT",
        "Creator": "",
        "EditDate": "Wed, 17 Jul 2019 22:11:10 GMT",
        "Editor": ""
      }
    },
    {
      "type": "Feature",
      "id": 1447,
      "geometry": {
        "type": "Point",
        "coordinates": [
          17.1166270846558,
          61.3000634207607,
          0
        ]
      },
      "properties": {
        "OBJECTID": 1447,
        "Name": "Stugsund",
        "descriptio": "Timber Exporter",
        "F1875DATS": null,
        "F1875TimberImports": null,
        "FirstYear": null,
        "LastYear": null,
        "Imports": null,
        "Sources": "Timber Trades Journal 1889",
        "GlobalID": "5ba19ec6-ded8-4d30-a57e-48c44ec87eb4",
        "CreationDate": "Wed, 17 Jul 2019 22:09:45 GMT",
        "Creator": "",
        "EditDate": "Wed, 17 Jul 2019 22:09:45 GMT",
        "Editor": ""
      }
    },
    {
      "type": "Feature",
      "id": 1448,
      "geometry": {
        "type": "Point",
        "coordinates": [
          -8.39604291534438,
          43.3713600990463,
          0
        ]
      },
      "properties": {
        "OBJECTID": 1448,
        "Name": "Corrunna",
        "descriptio": "Timber Exporter",
        "F1875DATS": null,
        "F1875TimberImports": null,
        "FirstYear": null,
        "LastYear": null,
        "Imports": null,
        "Sources": "Timber Trades Journal 1889",
        "GlobalID": "029f75d4-ed5b-424d-921b-6742f66489e0",
        "CreationDate": "Wed, 17 Jul 2019 22:10:46 GMT",
        "Creator": "",
        "EditDate": "Wed, 17 Jul 2019 22:10:46 GMT",
        "Editor": ""
      }
    },
    {
      "type": "Feature",
      "id": 1449,
      "geometry": {
        "type": "Point",
        "coordinates": [
          -8.22753166137693,
          43.4870028207469,
          0
        ]
      },
      "properties": {
        "OBJECTID": 1449,
        "Name": "Ferrol",
        "descriptio": "Timber Exporter",
        "F1875DATS": null,
        "F1875TimberImports": null,
        "FirstYear": null,
        "LastYear": null,
        "Imports": null,
        "Sources": "Timber Trades Journal 1889",
        "GlobalID": "4e0e9ae9-96ef-46d3-af74-2b462ff158db",
        "CreationDate": "Wed, 17 Jul 2019 22:16:39 GMT",
        "Creator": "",
        "EditDate": "Wed, 17 Jul 2019 22:16:39 GMT",
        "Editor": ""
      }
    },
    {
      "type": "Feature",
      "id": 1450,
      "geometry": {
        "type": "Point",
        "coordinates": [
          16.5499129153443,
          57.3712617225934,
          0
        ]
      },
      "properties": {
        "OBJECTID": 1450,
        "Name": "Figeholm",
        "descriptio": "Timber Exporter",
        "F1875DATS": null,
        "F1875TimberImports": null,
        "FirstYear": null,
        "LastYear": null,
        "Imports": null,
        "Sources": "Timber Trades Journal 1889",
        "GlobalID": "d18165e6-17d6-47c8-8356-4b61e10c640a",
        "CreationDate": "Wed, 17 Jul 2019 22:17:10 GMT",
        "Creator": "",
        "EditDate": "Wed, 17 Jul 2019 22:17:10 GMT",
        "Editor": ""
      }
    },
    {
      "type": "Feature",
      "id": 1451,
      "geometry": {
        "type": "Point",
        "coordinates": [
          6.79296623457411,
          58.0951928347454,
          0
        ]
      },
      "properties": {
        "OBJECTID": 1451,
        "Name": "Farsund",
        "descriptio": "Timber Exporter",
        "F1875DATS": null,
        "F1875TimberImports": null,
        "FirstYear": null,
        "LastYear": null,
        "Imports": null,
        "Sources": "Timber Trades Journal 1889",
        "GlobalID": "68f4cd64-b085-44eb-acb6-b05f114ab078",
        "CreationDate": "Wed, 17 Jul 2019 22:17:47 GMT",
        "Creator": "",
        "EditDate": "Wed, 17 Jul 2019 22:17:47 GMT",
        "Editor": ""
      }
    },
    {
      "type": "Feature",
      "id": 1452,
      "geometry": {
        "type": "Point",
        "coordinates": [
          12.857328338623,
          56.6722010493411,
          0
        ]
      },
      "properties": {
        "OBJECTID": 1452,
        "Name": "Halmstad",
        "descriptio": "Timber Exporter",
        "F1875DATS": null,
        "F1875TimberImports": null,
        "FirstYear": null,
        "LastYear": null,
        "Imports": null,
        "Sources": "Timber Trades Journal 1889",
        "GlobalID": "958a1fb5-6cc2-4c56-93ff-2a6318c0f6ad",
        "CreationDate": "Wed, 17 Jul 2019 22:18:57 GMT",
        "Creator": "",
        "EditDate": "Wed, 17 Jul 2019 22:18:57 GMT",
        "Editor": ""
      }
    },
    {
      "type": "Feature",
      "id": 1453,
      "geometry": {
        "type": "Point",
        "coordinates": [
          -2.75984999999963,
          47.6581346492864,
          0
        ]
      },
      "properties": {
        "OBJECTID": 1453,
        "Name": "Vannes",
        "descriptio": "Timber Exporter",
        "F1875DATS": null,
        "F1875TimberImports": null,
        "FirstYear": null,
        "LastYear": null,
        "Imports": null,
        "Sources": "Timber Trades Journal 1889",
        "GlobalID": "21ddedaf-0743-4167-9e0e-42467893bf63",
        "CreationDate": "Wed, 17 Jul 2019 22:19:55 GMT",
        "Creator": "",
        "EditDate": "Wed, 17 Jul 2019 22:19:55 GMT",
        "Editor": ""
      }
    },
    {
      "type": "Feature",
      "id": 1454,
      "geometry": {
        "type": "Point",
        "coordinates": [
          13.7725183386231,
          45.6582454829909,
          0
        ]
      },
      "properties": {
        "OBJECTID": 1454,
        "Name": "Trieste",
        "descriptio": "Timber Exporter",
        "F1875DATS": null,
        "F1875TimberImports": null,
        "FirstYear": null,
        "LastYear": null,
        "Imports": null,
        "Sources": "Timber Trades Journal 1889",
        "GlobalID": "0ba89071-b6c9-4ce5-82e7-a53552242468",
        "CreationDate": "Wed, 17 Jul 2019 22:21:11 GMT",
        "Creator": "",
        "EditDate": "Wed, 17 Jul 2019 22:21:11 GMT",
        "Editor": ""
      }
    },
    {
      "type": "Feature",
      "id": 1455,
      "geometry": {
        "type": "Point",
        "coordinates": [
          24.3585612539673,
          60.0919757111263,
          0
        ]
      },
      "properties": {
        "OBJECTID": 1455,
        "Name": "Batvik",
        "descriptio": "Timber Exporter",
        "F1875DATS": null,
        "F1875TimberImports": null,
        "FirstYear": null,
        "LastYear": null,
        "Imports": null,
        "Sources": "Timber Trades Journal 1889",
        "GlobalID": "c8a0d097-bd93-46f4-a289-8bcafa850fb1",
        "CreationDate": "Wed, 17 Jul 2019 22:23:43 GMT",
        "Creator": "",
        "EditDate": "Wed, 17 Jul 2019 22:23:43 GMT",
        "Editor": ""
      }
    },
    {
      "type": "Feature",
      "id": 1456,
      "geometry": {
        "type": "Point",
        "coordinates": [
          20.3787374920655,
          63.7127808223821,
          0
        ]
      },
      "properties": {
        "OBJECTID": 1456,
        "Name": "Holmsund",
        "descriptio": "Timber Exporter",
        "F1875DATS": null,
        "F1875TimberImports": null,
        "FirstYear": null,
        "LastYear": null,
        "Imports": null,
        "Sources": "Timber Trades Journal 1889",
        "GlobalID": "23c6bc9e-fd2c-4e9f-8874-9feaf6ce29ba",
        "CreationDate": "Wed, 17 Jul 2019 22:25:45 GMT",
        "Creator": "",
        "EditDate": "Wed, 17 Jul 2019 22:25:45 GMT",
        "Editor": ""
      }
    },
    {
      "type": "Feature",
      "id": 1457,
      "geometry": {
        "type": "Point",
        "coordinates": [
          22.4668845767213,
          65.8501950816078,
          0
        ]
      },
      "properties": {
        "OBJECTID": 1457,
        "Name": "Jemtosund",
        "descriptio": "Timber Exporter",
        "F1875DATS": null,
        "F1875TimberImports": null,
        "FirstYear": null,
        "LastYear": null,
        "Imports": null,
        "Sources": "Timber Trades Journal 1889",
        "GlobalID": "afcce422-a795-456f-b632-83f2ceda3094",
        "CreationDate": "Wed, 17 Jul 2019 22:26:56 GMT",
        "Creator": "",
        "EditDate": "Wed, 17 Jul 2019 22:26:56 GMT",
        "Editor": ""
      }
    },
    {
      "type": "Feature",
      "id": 1458,
      "geometry": {
        "type": "Point",
        "coordinates": [
          14.152411871829,
          56.0314089050107,
          0
        ]
      },
      "properties": {
        "OBJECTID": 1458,
        "Name": "Christianstad",
        "descriptio": "Timber Exporter",
        "F1875DATS": null,
        "F1875TimberImports": null,
        "FirstYear": null,
        "LastYear": null,
        "Imports": null,
        "Sources": "Timber Trades Journal 1889",
        "GlobalID": "ae6d78b8-b565-44fc-92e5-6f8d6987b074",
        "CreationDate": "Thu, 18 Jul 2019 16:08:44 GMT",
        "Creator": "",
        "EditDate": "Thu, 18 Jul 2019 16:08:44 GMT",
        "Editor": ""
      }
    },
    {
      "type": "Feature",
      "id": 1459,
      "geometry": {
        "type": "Point",
        "coordinates": [
          -81.3275876955812,
          31.3984854217237,
          0
        ]
      },
      "properties": {
        "OBJECTID": 1459,
        "Name": "Doboy",
        "descriptio": "Timber Exporter",
        "F1875DATS": null,
        "F1875TimberImports": null,
        "FirstYear": null,
        "LastYear": null,
        "Imports": null,
        "Sources": "Timber Trades Journal 1889",
        "GlobalID": "810b55e0-f249-4a2c-89e6-63cbab3e66ee",
        "CreationDate": "Thu, 18 Jul 2019 16:10:41 GMT",
        "Creator": "",
        "EditDate": "Thu, 18 Jul 2019 16:10:41 GMT",
        "Editor": ""
      }
    },
    {
      "type": "Feature",
      "id": 1460,
      "geometry": {
        "type": "Point",
        "coordinates": [
          16.7668596058654,
          57.9150221565875,
          0
        ]
      },
      "properties": {
        "OBJECTID": 1460,
        "Name": "Fagervik",
        "descriptio": "Timber Exporter",
        "F1875DATS": null,
        "F1875TimberImports": null,
        "FirstYear": null,
        "LastYear": null,
        "Imports": null,
        "Sources": "Timber Trades Journal 1889",
        "GlobalID": "cddeb32f-2296-4d98-abf2-2d192d1da95d",
        "CreationDate": "Thu, 18 Jul 2019 16:13:12 GMT",
        "Creator": "",
        "EditDate": "Thu, 18 Jul 2019 16:13:12 GMT",
        "Editor": ""
      }
    },
    {
      "type": "Feature",
      "id": 1461,
      "geometry": {
        "type": "Point",
        "coordinates": [
          16.4476400000005,
          59.296656704877,
          0
        ]
      },
      "properties": {
        "OBJECTID": 1461,
        "Name": "Hallsta",
        "descriptio": "Timber Exporter",
        "F1875DATS": null,
        "F1875TimberImports": null,
        "FirstYear": null,
        "LastYear": null,
        "Imports": null,
        "Sources": "Timber Trades Journal 1889",
        "GlobalID": "3fe7ff10-daa9-4957-8228-c26e8616ca26",
        "CreationDate": "Thu, 18 Jul 2019 16:13:56 GMT",
        "Creator": "",
        "EditDate": "Thu, 18 Jul 2019 16:13:56 GMT",
        "Editor": ""
      }
    },
    {
      "type": "Feature",
      "id": 1462,
      "geometry": {
        "type": "Point",
        "coordinates": [
          22.9680912539675,
          59.8233185110408,
          0
        ]
      },
      "properties": {
        "OBJECTID": 1462,
        "Name": "Hango",
        "descriptio": "Timber Exporter",
        "F1875DATS": null,
        "F1875TimberImports": null,
        "FirstYear": null,
        "LastYear": null,
        "Imports": null,
        "Sources": "Timber Trades Journal 1889",
        "GlobalID": "1ef9f524-4da8-4dc2-836f-ddab95cbf229",
        "CreationDate": "Thu, 18 Jul 2019 16:14:27 GMT",
        "Creator": "",
        "EditDate": "Thu, 18 Jul 2019 16:14:27 GMT",
        "Editor": ""
      }
    },
    {
      "type": "Feature",
      "id": 1463,
      "geometry": {
        "type": "Point",
        "coordinates": [
          17.3747470846558,
          60.647416733669,
          0
        ]
      },
      "properties": {
        "OBJECTID": 1463,
        "Name": "Harnas",
        "descriptio": "Timber Exporter",
        "F1875DATS": null,
        "F1875TimberImports": null,
        "FirstYear": null,
        "LastYear": null,
        "Imports": null,
        "Sources": "Timber Trades Journal 1889",
        "GlobalID": "7752751d-7bde-4f5a-947b-05e0cac873f1",
        "CreationDate": "Thu, 18 Jul 2019 16:15:25 GMT",
        "Creator": "",
        "EditDate": "Thu, 18 Jul 2019 16:15:25 GMT",
        "Editor": ""
      }
    },
    {
      "type": "Feature",
      "id": 1464,
      "geometry": {
        "type": "Point",
        "coordinates": [
          -0.66292999999989,
          45.1276960345872,
          0
        ]
      },
      "properties": {
        "OBJECTID": 1464,
        "Name": "Blaye",
        "descriptio": "Timber Exporter",
        "F1875DATS": null,
        "F1875TimberImports": null,
        "FirstYear": null,
        "LastYear": null,
        "Imports": null,
        "Sources": "Timber Trades Journal 1889",
        "GlobalID": "cadd8851-bb99-4e58-bc0d-afab52599477",
        "CreationDate": "Thu, 18 Jul 2019 16:33:03 GMT",
        "Creator": "",
        "EditDate": "Thu, 18 Jul 2019 16:33:03 GMT",
        "Editor": ""
      }
    },
    {
      "type": "Feature",
      "id": 1465,
      "geometry": {
        "type": "Point",
        "coordinates": [
          -4.48702768427299,
          48.3865070228211,
          0
        ]
      },
      "properties": {
        "OBJECTID": 1465,
        "Name": "Brest",
        "descriptio": "Timber Exporter",
        "F1875DATS": null,
        "F1875TimberImports": null,
        "FirstYear": null,
        "LastYear": null,
        "Imports": null,
        "Sources": "Timber Trades Journal 1889",
        "GlobalID": "572476bf-4767-41f5-ae51-edc9a1db152f",
        "CreationDate": "Thu, 18 Jul 2019 16:33:59 GMT",
        "Creator": "",
        "EditDate": "Thu, 18 Jul 2019 16:33:59 GMT",
        "Editor": ""
      }
    },
    {
      "type": "Feature",
      "id": 1466,
      "geometry": {
        "type": "Point",
        "coordinates": [
          16.3637093814175,
          56.6660571924049,
          0
        ]
      },
      "properties": {
        "OBJECTID": 1466,
        "Name": "Kalmar",
        "descriptio": "Timber Exporter",
        "F1875DATS": null,
        "F1875TimberImports": null,
        "FirstYear": null,
        "LastYear": null,
        "Imports": null,
        "Sources": "Timber Trades Journal 1889",
        "GlobalID": "6f3a2411-a304-4e57-8374-246ba0483341",
        "CreationDate": "Thu, 18 Jul 2019 16:49:44 GMT",
        "Creator": "",
        "EditDate": "Thu, 18 Jul 2019 16:49:44 GMT",
        "Editor": ""
      }
    },
    {
      "type": "Feature",
      "id": 1467,
      "geometry": {
        "type": "Point",
        "coordinates": [
          21.4832870846559,
          65.2833139515989,
          0
        ]
      },
      "properties": {
        "OBJECTID": 1467,
        "Name": "Munksund",
        "descriptio": "Timber Exporter",
        "F1875DATS": null,
        "F1875TimberImports": null,
        "FirstYear": null,
        "LastYear": null,
        "Imports": null,
        "Sources": "Timber Trades Journal 1889",
        "GlobalID": "e5254e93-62da-4799-a41f-d9a67e66839e",
        "CreationDate": "Thu, 18 Jul 2019 16:51:25 GMT",
        "Creator": "",
        "EditDate": "Thu, 18 Jul 2019 16:51:25 GMT",
        "Editor": ""
      }
    },
    {
      "type": "Feature",
      "id": 1468,
      "geometry": {
        "type": "Point",
        "coordinates": [
          23.13253,
          65.8542330207744,
          0
        ]
      },
      "properties": {
        "OBJECTID": 1468,
        "Name": "Nederkalix",
        "descriptio": "Timber Exporter",
        "F1875DATS": null,
        "F1875TimberImports": null,
        "FirstYear": null,
        "LastYear": null,
        "Imports": null,
        "Sources": "Timber Trades Journal 1889",
        "GlobalID": "0ee075c2-e4c2-44ff-838f-56b096ba8728",
        "CreationDate": "Thu, 18 Jul 2019 16:52:16 GMT",
        "Creator": "",
        "EditDate": "Thu, 18 Jul 2019 16:52:16 GMT",
        "Editor": ""
      }
    },
    {
      "type": "Feature",
      "id": 1469,
      "geometry": {
        "type": "Point",
        "coordinates": [
          11.4939400000007,
          64.4680180714091,
          0
        ]
      },
      "properties": {
        "OBJECTID": 1469,
        "Name": "Namsos",
        "descriptio": "Timber Exporter",
        "F1875DATS": null,
        "F1875TimberImports": null,
        "FirstYear": null,
        "LastYear": null,
        "Imports": null,
        "Sources": "Timber Trades Journal 1889",
        "GlobalID": "fc4b11ae-2557-4056-9b26-cf9e868837e1",
        "CreationDate": "Thu, 18 Jul 2019 16:53:05 GMT",
        "Creator": "",
        "EditDate": "Thu, 18 Jul 2019 16:53:05 GMT",
        "Editor": ""
      }
    },
    {
      "type": "Feature",
      "id": 1470,
      "geometry": {
        "type": "Point",
        "coordinates": [
          -70.7847169161366,
          47.0754947972562,
          0
        ]
      },
      "properties": {
        "OBJECTID": 1470,
        "Name": "Sault an Cochon",
        "descriptio": "Timber Exporter",
        "F1875DATS": null,
        "F1875TimberImports": null,
        "FirstYear": null,
        "LastYear": null,
        "Imports": null,
        "Sources": "Timber Trades Journal 1889",
        "GlobalID": "5fcf04c4-db80-4a38-9285-551874c53272",
        "CreationDate": "Thu, 18 Jul 2019 17:09:09 GMT",
        "Creator": "",
        "EditDate": "Thu, 18 Jul 2019 17:09:09 GMT",
        "Editor": ""
      }
    },
    {
      "type": "Feature",
      "id": 1471,
      "geometry": {
        "type": "Point",
        "coordinates": [
          -0.858814995442978,
          49.2704676715416,
          0
        ]
      },
      "properties": {
        "OBJECTID": 1471,
        "Name": "Saon",
        "descriptio": "Timber Exporter",
        "F1875DATS": null,
        "F1875TimberImports": null,
        "FirstYear": null,
        "LastYear": null,
        "Imports": null,
        "Sources": "Timber Trades Journal 1889",
        "GlobalID": "b0124dbf-ec36-4573-953f-d9d88404d83f",
        "CreationDate": "Thu, 18 Jul 2019 17:32:55 GMT",
        "Creator": "",
        "EditDate": "Thu, 18 Jul 2019 17:32:55 GMT",
        "Editor": ""
      }
    },
    {
      "type": "Feature",
      "id": 1472,
      "geometry": {
        "type": "Point",
        "coordinates": [
          -2.02315000000003,
          48.6506311986142,
          0
        ]
      },
      "properties": {
        "OBJECTID": 1472,
        "Name": "St. Malo",
        "descriptio": "Timber Exporter",
        "F1875DATS": null,
        "F1875TimberImports": null,
        "FirstYear": null,
        "LastYear": null,
        "Imports": null,
        "Sources": "Timber Trades Journal 1889",
        "GlobalID": "6313f6ea-fe84-4f62-b8de-539cdcb28169",
        "CreationDate": "Fri, 19 Jul 2019 15:33:21 GMT",
        "Creator": "",
        "EditDate": "Fri, 19 Jul 2019 15:33:21 GMT",
        "Editor": ""
      }
    },
    {
      "type": "Feature",
      "id": 1473,
      "geometry": {
        "type": "Point",
        "coordinates": [
          -65.6168080241503,
          43.5189541472487,
          0
        ]
      },
      "properties": {
        "OBJECTID": 1473,
        "Name": "West Bay",
        "descriptio": "Timber Exporter",
        "F1875DATS": null,
        "F1875TimberImports": null,
        "FirstYear": null,
        "LastYear": null,
        "Imports": null,
        "Sources": "Timber Trades Journal 1889",
        "GlobalID": "c723c5a8-2f65-4764-a923-d86886bf6821",
        "CreationDate": "Fri, 19 Jul 2019 19:42:48 GMT",
        "Creator": "",
        "EditDate": "Fri, 19 Jul 2019 19:42:48 GMT",
        "Editor": ""
      }
    },
    {
      "type": "Feature",
      "id": 1474,
      "geometry": {
        "type": "Point",
        "coordinates": [
          -72.2465316613769,
          46.506556366264,
          0
        ]
      },
      "properties": {
        "OBJECTID": 1474,
        "Name": "Batiscan",
        "descriptio": "Timber Exporter",
        "F1875DATS": null,
        "F1875TimberImports": null,
        "FirstYear": null,
        "LastYear": null,
        "Imports": null,
        "Sources": "Timber Trade Journal 1889",
        "GlobalID": "4119d5f4-76ba-47d6-ba26-fce5bea92eba",
        "CreationDate": "Fri, 19 Jul 2019 20:17:31 GMT",
        "Creator": "",
        "EditDate": "Fri, 19 Jul 2019 20:17:31 GMT",
        "Editor": ""
      }
    },
    {
      "type": "Feature",
      "id": 1475,
      "geometry": {
        "type": "Point",
        "coordinates": [
          -56.4147614576721,
          51.7334775522286,
          0
        ]
      },
      "properties": {
        "OBJECTID": 1475,
        "Name": "Red Bay",
        "descriptio": "Timber Exporter",
        "F1875DATS": null,
        "F1875TimberImports": null,
        "FirstYear": null,
        "LastYear": null,
        "Imports": null,
        "Sources": "Timber Trades Journal 1889",
        "GlobalID": "28d96b54-8d25-4363-b985-594c261edf69",
        "CreationDate": "Fri, 19 Jul 2019 21:13:04 GMT",
        "Creator": "",
        "EditDate": "Fri, 19 Jul 2019 21:13:04 GMT",
        "Editor": ""
      }
    },
    {
      "type": "Feature",
      "id": 1476,
      "geometry": {
        "type": "Point",
        "coordinates": [
          -63.1283216613769,
          46.2366900192779,
          0
        ]
      },
      "properties": {
        "OBJECTID": 1476,
        "Name": "Charlottetown",
        "descriptio": "Timber Exporter",
        "F1875DATS": null,
        "F1875TimberImports": null,
        "FirstYear": null,
        "LastYear": null,
        "Imports": null,
        "Sources": "Timber Trades Journal 1889",
        "GlobalID": "c4c87ef8-6037-4002-a38e-dfd3717cd19f",
        "CreationDate": "Fri, 19 Jul 2019 21:41:38 GMT",
        "Creator": "",
        "EditDate": "Fri, 19 Jul 2019 21:41:38 GMT",
        "Editor": ""
      }
    },
    {
      "type": "Feature",
      "id": 1477,
      "geometry": {
        "type": "Point",
        "coordinates": [
          -6.21662037199997,
          53.346388727,
          0
        ]
      },
      "properties": {
        "OBJECTID": 1477,
        "Name": "Dublin",
        "descriptio": null,
        "F1875DATS": null,
        "F1875TimberImports": null,
        "FirstYear": null,
        "LastYear": null,
        "Imports": null,
        "Sources": null,
        "GlobalID": "7aedd2ec-4fec-46a8-a54d-033339d5ebe6",
        "CreationDate": "Sat, 17 Apr 2021 17:28:36 GMT",
        "Creator": "jim.clifford_siastgis8",
        "EditDate": "Sun, 18 Apr 2021 15:37:56 GMT",
        "Editor": "jim.clifford_siastgis8"
      }
    },
    {
      "type": "Feature",
      "id": 1478,
      "geometry": {
        "type": "Point",
        "coordinates": [
          -5.90696169099994,
          54.613523371,
          0
        ]
      },
      "properties": {
        "OBJECTID": 1478,
        "Name": "Belfast",
        "descriptio": null,
        "F1875DATS": null,
        "F1875TimberImports": null,
        "FirstYear": null,
        "LastYear": null,
        "Imports": null,
        "Sources": null,
        "GlobalID": "4a0bd042-5675-4de0-bd1e-1483c859cb1c",
        "CreationDate": "Sat, 17 Apr 2021 17:29:26 GMT",
        "Creator": "jim.clifford_siastgis8",
        "EditDate": "Sun, 18 Apr 2021 15:37:57 GMT",
        "Editor": "jim.clifford_siastgis8"
      }
    },
    {
      "type": "Feature",
      "id": 1479,
      "geometry": {
        "type": "Point",
        "coordinates": [
          -8.44685895399994,
          51.9014959520001,
          0
        ]
      },
      "properties": {
        "OBJECTID": 1479,
        "Name": "Cork",
        "descriptio": null,
        "F1875DATS": null,
        "F1875TimberImports": null,
        "FirstYear": null,
        "LastYear": null,
        "Imports": null,
        "Sources": null,
        "GlobalID": "da529b57-7577-4e5b-a58e-264278438f5b",
        "CreationDate": "Sat, 17 Apr 2021 17:30:16 GMT",
        "Creator": "jim.clifford_siastgis8",
        "EditDate": "Sun, 18 Apr 2021 15:37:58 GMT",
        "Editor": "jim.clifford_siastgis8"
      }
    },
    {
      "type": "Feature",
      "id": 1480,
      "geometry": {
        "type": "Point",
        "coordinates": [
          -7.10458887499993,
          52.261782919,
          0
        ]
      },
      "properties": {
        "OBJECTID": 1480,
        "Name": null,
        "descriptio": null,
        "F1875DATS": null,
        "F1875TimberImports": null,
        "FirstYear": null,
        "LastYear": null,
        "Imports": null,
        "Sources": null,
        "GlobalID": "9d5494af-7875-4a33-9158-686e51afac7a",
        "CreationDate": "Sat, 17 Apr 2021 17:31:01 GMT",
        "Creator": "jim.clifford_siastgis8",
        "EditDate": "Sat, 17 Apr 2021 17:31:01 GMT",
        "Editor": "jim.clifford_siastgis8"
      }
    },
    {
      "type": "Feature",
      "id": 1481,
      "geometry": {
        "type": "Point",
        "coordinates": [
          -8.63965508699994,
          52.660797938,
          0
        ]
      },
      "properties": {
        "OBJECTID": 1481,
        "Name": "LimerickL",
        "descriptio": null,
        "F1875DATS": null,
        "F1875TimberImports": null,
        "FirstYear": null,
        "LastYear": null,
        "Imports": null,
        "Sources": null,
        "GlobalID": "2fdb0fcd-de82-437e-a8f3-abd464fdeaa5",
        "CreationDate": "Sat, 17 Apr 2021 17:31:36 GMT",
        "Creator": "jim.clifford_siastgis8",
        "EditDate": "Sun, 18 Apr 2021 15:37:58 GMT",
        "Editor": "jim.clifford_siastgis8"
      }
    },
    {
      "type": "Feature",
      "id": 1482,
      "geometry": {
        "type": "Point",
        "coordinates": [
          -9.04777257699993,
          53.269014434,
          0
        ]
      },
      "properties": {
        "OBJECTID": 1482,
        "Name": "Galway",
        "descriptio": null,
        "F1875DATS": null,
        "F1875TimberImports": null,
        "FirstYear": null,
        "LastYear": null,
        "Imports": null,
        "Sources": null,
        "GlobalID": "c08f72b1-74d9-43b5-8a62-1f21c496cab5",
        "CreationDate": "Sat, 17 Apr 2021 17:32:07 GMT",
        "Creator": "jim.clifford_siastgis8",
        "EditDate": "Sun, 18 Apr 2021 15:37:58 GMT",
        "Editor": "jim.clifford_siastgis8"
      }
    },
    {
      "type": "Feature",
      "id": 1483,
      "geometry": {
        "type": "Point",
        "coordinates": [
          -7.30041944099997,
          55.0114105220001,
          0
        ]
      },
      "properties": {
        "OBJECTID": 1483,
        "Name": "Londonderry",
        "descriptio": null,
        "F1875DATS": null,
        "F1875TimberImports": null,
        "FirstYear": null,
        "LastYear": null,
        "Imports": null,
        "Sources": null,
        "GlobalID": "3f43d969-f52e-40b2-8576-6b7ee30b21a2",
        "CreationDate": "Sat, 17 Apr 2021 17:33:16 GMT",
        "Creator": "jim.clifford_siastgis8",
        "EditDate": "Sun, 18 Apr 2021 15:37:59 GMT",
        "Editor": "jim.clifford_siastgis8"
      }
    },
    {
      "type": "Feature",
      "id": 1484,
      "geometry": {
        "type": "Point",
        "coordinates": [
          -6.32235385399997,
          54.1483756060001,
          0
        ]
      },
      "properties": {
        "OBJECTID": 1484,
        "Name": "Newry",
        "descriptio": null,
        "F1875DATS": null,
        "F1875TimberImports": null,
        "FirstYear": null,
        "LastYear": null,
        "Imports": null,
        "Sources": null,
        "GlobalID": "edc24fc6-e014-4209-953c-7a15757860ad",
        "CreationDate": "Sat, 17 Apr 2021 17:35:15 GMT",
        "Creator": "jim.clifford_siastgis8",
        "EditDate": "Sun, 18 Apr 2021 15:37:59 GMT",
        "Editor": "jim.clifford_siastgis8"
      }
    },
    {
      "type": "Feature",
      "id": 1485,
      "geometry": {
        "type": "Point",
        "coordinates": [
          -8.48034919799994,
          54.277488562,
          0
        ]
      },
      "properties": {
        "OBJECTID": 1485,
        "Name": "Sligo",
        "descriptio": null,
        "F1875DATS": null,
        "F1875TimberImports": null,
        "FirstYear": null,
        "LastYear": null,
        "Imports": null,
        "Sources": null,
        "GlobalID": "b8b18feb-eff1-4751-a9d0-4582b640909a",
        "CreationDate": "Sat, 17 Apr 2021 17:36:15 GMT",
        "Creator": "jim.clifford_siastgis8",
        "EditDate": "Sun, 18 Apr 2021 15:37:59 GMT",
        "Editor": "jim.clifford_siastgis8"
      }
    },
    {
      "type": "Feature",
      "id": 1486,
      "geometry": {
        "type": "Point",
        "coordinates": [
          -6.45647567999993,
          52.3386830540001,
          0
        ]
      },
      "properties": {
        "OBJECTID": 1486,
        "Name": "Wexford",
        "descriptio": null,
        "F1875DATS": null,
        "F1875TimberImports": null,
        "FirstYear": null,
        "LastYear": null,
        "Imports": null,
        "Sources": null,
        "GlobalID": "be9fc07f-8da4-41b1-8d7c-ad2d7d8f9114",
        "CreationDate": "Sat, 17 Apr 2021 17:37:25 GMT",
        "Creator": "jim.clifford_siastgis8",
        "EditDate": "Sun, 18 Apr 2021 15:37:59 GMT",
        "Editor": "jim.clifford_siastgis8"
      }
    },
    {
      "type": "Feature",
      "id": 1488,
      "geometry": {
        "type": "Point",
        "coordinates": [
          -11.1852432659999,
          60.0724703000001,
          0
        ]
      },
      "properties": {
        "OBJECTID": 1488,
        "Name": null,
        "descriptio": null,
        "F1875DATS": null,
        "F1875TimberImports": null,
        "FirstYear": null,
        "LastYear": null,
        "Imports": null,
        "Sources": null,
        "GlobalID": "71d24a1b-1aa4-4c3d-a8f6-888f109a228f",
        "CreationDate": "Sun, 18 Apr 2021 15:39:56 GMT",
        "Creator": "jim.clifford_siastgis8",
        "EditDate": "Sun, 18 Apr 2021 15:39:56 GMT",
        "Editor": "jim.clifford_siastgis8"
      }
    },
    {
      "type": "Feature",
      "id": 1489,
      "geometry": {
        "type": "Point",
        "coordinates": [
          -10.790779358,
          60.0374068410001,
          0
        ]
      },
      "properties": {
        "OBJECTID": 1489,
        "Name": null,
        "descriptio": null,
        "F1875DATS": null,
        "F1875TimberImports": null,
        "FirstYear": null,
        "LastYear": null,
        "Imports": null,
        "Sources": null,
        "GlobalID": "ce6213f9-41c6-4519-aad8-9aba18502268",
        "CreationDate": "Sun, 18 Apr 2021 15:40:39 GMT",
        "Creator": "jim.clifford_siastgis8",
        "EditDate": "Sun, 18 Apr 2021 15:40:39 GMT",
        "Editor": "jim.clifford_siastgis8"
      }
    },
    {
      "type": "Feature",
      "id": 1490,
      "geometry": {
        "type": "Point",
        "coordinates": [
          32.8579709289939,
          66.6930218741638,
          0
        ]
      },
      "properties": {
        "OBJECTID": 1490,
        "Name": "Kavda",
        "descriptio": "Timber Exporter",
        "F1875DATS": null,
        "F1875TimberImports": null,
        "FirstYear": null,
        "LastYear": null,
        "Imports": null,
        "Sources": "1898 Timber Trades Journal",
        "GlobalID": "b8ecc5da-d019-41a0-96fa-c8f32773344f",
        "CreationDate": "Wed, 19 May 2021 16:29:45 GMT",
        "Creator": "jim.clifford_siastgis8",
        "EditDate": "Wed, 19 May 2021 16:30:29 GMT",
        "Editor": "jim.clifford_siastgis8"
      }
    },
    {
      "type": "Feature",
      "id": 1491,
      "geometry": {
        "type": "Point",
        "coordinates": [
          17.1270999776843,
          61.207568379634,
          0
        ]
      },
      "properties": {
        "OBJECTID": 1491,
        "Name": "Ljusne",
        "descriptio": "Timber Exporter",
        "F1875DATS": null,
        "F1875TimberImports": null,
        "FirstYear": null,
        "LastYear": null,
        "Imports": null,
        "Sources": "1898 Timber Trade Journal",
        "GlobalID": "fbd88cf9-3677-48cd-9504-332976a24c6b",
        "CreationDate": "Wed, 19 May 2021 16:33:00 GMT",
        "Creator": "jim.clifford_siastgis8",
        "EditDate": "Wed, 19 May 2021 16:33:13 GMT",
        "Editor": "jim.clifford_siastgis8"
      }
    },
    {
      "type": "Feature",
      "id": 1492,
      "geometry": {
        "type": "Point",
        "coordinates": [
          17.1114100974464,
          61.726078358643,
          0
        ]
      },
      "properties": {
        "OBJECTID": 1492,
        "Name": "Hudikswall",
        "descriptio": "Timber Exporter",
        "F1875DATS": null,
        "F1875TimberImports": null,
        "FirstYear": null,
        "LastYear": null,
        "Imports": null,
        "Sources": "1898 Timber Trade Journal",
        "GlobalID": "4458c2a8-e2fb-4874-8514-221b53c7803c",
        "CreationDate": "Wed, 19 May 2021 16:36:41 GMT",
        "Creator": "jim.clifford_siastgis8",
        "EditDate": "Wed, 19 May 2021 16:36:53 GMT",
        "Editor": "jim.clifford_siastgis8"
      }
    },
    {
      "type": "Feature",
      "id": 1493,
      "geometry": {
        "type": "Point",
        "coordinates": [
          14.1348350329091,
          66.3239904528425,
          0
        ]
      },
      "properties": {
        "OBJECTID": 1493,
        "Name": "Mo i Rana",
        "descriptio": "Timber Exporter",
        "F1875DATS": null,
        "F1875TimberImports": null,
        "FirstYear": null,
        "LastYear": null,
        "Imports": null,
        "Sources": "1898 Timber Trade Journal",
        "GlobalID": "b3d4ff89-8201-45e8-9cd3-e7833bc56679",
        "CreationDate": "Wed, 19 May 2021 16:40:07 GMT",
        "Creator": "jim.clifford_siastgis8",
        "EditDate": "Wed, 19 May 2021 16:40:29 GMT",
        "Editor": "jim.clifford_siastgis8"
      }
    },
    {
      "type": "Feature",
      "id": 1494,
      "geometry": {
        "type": "Point",
        "coordinates": [
          21.6020974072266,
          63.1016816708711,
          0
        ]
      },
      "properties": {
        "OBJECTID": 1494,
        "Name": "Wasa (Vaasa)",
        "descriptio": "Timber Exporter",
        "F1875DATS": null,
        "F1875TimberImports": null,
        "FirstYear": null,
        "LastYear": null,
        "Imports": null,
        "Sources": "1898 Timber Trade Journal",
        "GlobalID": "3c8bac96-ab95-4e28-bed4-f58cbf7ad122",
        "CreationDate": "Wed, 19 May 2021 17:04:50 GMT",
        "Creator": "jim.clifford_siastgis8",
        "EditDate": "Wed, 19 May 2021 17:05:28 GMT",
        "Editor": "jim.clifford_siastgis8"
      }
    },
    {
      "type": "Feature",
      "id": 1495,
      "geometry": {
        "type": "Point",
        "coordinates": [
          16.4150866403199,
          57.8949595761514,
          0
        ]
      },
      "properties": {
        "OBJECTID": 1495,
        "Name": "Gamleby",
        "descriptio": "Timber Exporter",
        "F1875DATS": null,
        "F1875TimberImports": null,
        "FirstYear": null,
        "LastYear": null,
        "Imports": null,
        "Sources": "1898 Timber Trade Journal",
        "GlobalID": "9bd5d675-1b3d-47e7-a6a2-b7ba2c3f2f73",
        "CreationDate": "Wed, 19 May 2021 17:06:25 GMT",
        "Creator": "jim.clifford_siastgis8",
        "EditDate": "Wed, 19 May 2021 17:06:38 GMT",
        "Editor": "jim.clifford_siastgis8"
      }
    },
    {
      "type": "Feature",
      "id": 1496,
      "geometry": {
        "type": "Point",
        "coordinates": [
          17.3714628824576,
          62.3185609976876,
          0
        ]
      },
      "properties": {
        "OBJECTID": 1496,
        "Name": "Svartvik",
        "descriptio": "Timber Exporter",
        "F1875DATS": null,
        "F1875TimberImports": null,
        "FirstYear": null,
        "LastYear": null,
        "Imports": null,
        "Sources": "1898 Timber Trade Journal",
        "GlobalID": "8f08f8f9-b449-454f-bf77-81ea32707026",
        "CreationDate": "Wed, 19 May 2021 17:07:31 GMT",
        "Creator": "jim.clifford_siastgis8",
        "EditDate": "Wed, 19 May 2021 17:07:46 GMT",
        "Editor": "jim.clifford_siastgis8"
      }
    },
    {
      "type": "Feature",
      "id": 1497,
      "geometry": {
        "type": "Point",
        "coordinates": [
          17.186376989441,
          61.249217192564,
          0
        ]
      },
      "properties": {
        "OBJECTID": 1497,
        "Name": "K\u00e4llsk\u00e4r",
        "descriptio": "Timber Exporter",
        "F1875DATS": null,
        "F1875TimberImports": null,
        "FirstYear": null,
        "LastYear": null,
        "Imports": null,
        "Sources": "1898 Timber Trade Journal",
        "GlobalID": "191a3ec1-e7ac-42eb-ae49-cb69ec40b477",
        "CreationDate": "Wed, 19 May 2021 17:15:30 GMT",
        "Creator": "jim.clifford_siastgis8",
        "EditDate": "Wed, 19 May 2021 17:15:53 GMT",
        "Editor": "jim.clifford_siastgis8"
      }
    },
    {
      "type": "Feature",
      "id": 1498,
      "geometry": {
        "type": "Point",
        "coordinates": [
          19.1618725396729,
          63.3386922716258,
          0
        ]
      },
      "properties": {
        "OBJECTID": 1498,
        "Name": "Husum",
        "descriptio": "Timber Exporter",
        "F1875DATS": null,
        "F1875TimberImports": null,
        "FirstYear": null,
        "LastYear": null,
        "Imports": null,
        "Sources": "1898 Timber Trade Journal",
        "GlobalID": "f619ca56-ff8d-4899-9eac-ff4ae1654fbe",
        "CreationDate": "Wed, 19 May 2021 17:16:19 GMT",
        "Creator": "jim.clifford_siastgis8",
        "EditDate": "Wed, 19 May 2021 17:16:30 GMT",
        "Editor": "jim.clifford_siastgis8"
      }
    },
    {
      "type": "Feature",
      "id": 1499,
      "geometry": {
        "type": "Point",
        "coordinates": [
          16.5276109625465,
          57.5897128870256,
          0
        ]
      },
      "properties": {
        "OBJECTID": 1499,
        "Name": "Blankaholm",
        "descriptio": "Timber Exporter",
        "F1875DATS": null,
        "F1875TimberImports": null,
        "FirstYear": null,
        "LastYear": null,
        "Imports": null,
        "Sources": "1898 Timber Trades Journal",
        "GlobalID": "bd036d9d-f644-465d-9c58-f1246bba011d",
        "CreationDate": "Wed, 19 May 2021 17:17:16 GMT",
        "Creator": "jim.clifford_siastgis8",
        "EditDate": "Wed, 19 May 2021 17:17:31 GMT",
        "Editor": "jim.clifford_siastgis8"
      }
    },
    {
      "type": "Feature",
      "id": 1500,
      "geometry": {
        "type": "Point",
        "coordinates": [
          38.102155343628,
          63.9004661241536,
          0
        ]
      },
      "properties": {
        "OBJECTID": 1500,
        "Name": "Onega",
        "descriptio": "Timber Exporter",
        "F1875DATS": null,
        "F1875TimberImports": null,
        "FirstYear": null,
        "LastYear": null,
        "Imports": null,
        "Sources": "1898 Timber Trades Journal",
        "GlobalID": "1a7ac135-69bf-4c80-b7e1-6c17b3ba3676",
        "CreationDate": "Wed, 19 May 2021 17:19:34 GMT",
        "Creator": "jim.clifford_siastgis8",
        "EditDate": "Wed, 19 May 2021 17:19:49 GMT",
        "Editor": "jim.clifford_siastgis8"
      }
    },
    {
      "type": "Feature",
      "id": 1501,
      "geometry": {
        "type": "Point",
        "coordinates": [
          28.204279206543,
          59.3746677001451,
          0
        ]
      },
      "properties": {
        "OBJECTID": 1501,
        "Name": "Narva",
        "descriptio": "Timber Exporter",
        "F1875DATS": null,
        "F1875TimberImports": null,
        "FirstYear": null,
        "LastYear": null,
        "Imports": null,
        "Sources": "1898 Timber Trades Journal",
        "GlobalID": "dbdc6b2b-f971-4196-a369-66fda08aedb2",
        "CreationDate": "Wed, 19 May 2021 17:20:09 GMT",
        "Creator": "jim.clifford_siastgis8",
        "EditDate": "Wed, 19 May 2021 17:20:25 GMT",
        "Editor": "jim.clifford_siastgis8"
      }
    },
    {
      "type": "Feature",
      "id": 1502,
      "geometry": {
        "type": "Point",
        "coordinates": [
          -65.4586977113672,
          47.0431231492642,
          0
        ]
      },
      "properties": {
        "OBJECTID": 1502,
        "Name": "Chatham, N. B.",
        "descriptio": "Timber Exporter",
        "F1875DATS": null,
        "F1875TimberImports": null,
        "FirstYear": null,
        "LastYear": null,
        "Imports": null,
        "Sources": "1898 Timber Trades Journal",
        "GlobalID": "78eadb48-673e-410e-8a35-1e634992ee7c",
        "CreationDate": "Wed, 19 May 2021 17:21:04 GMT",
        "Creator": "jim.clifford_siastgis8",
        "EditDate": "Wed, 19 May 2021 17:21:22 GMT",
        "Editor": "jim.clifford_siastgis8"
      }
    },
    {
      "type": "Feature",
      "id": 1503,
      "geometry": {
        "type": "Point",
        "coordinates": [
          16.6446077941132,
          57.7578248725028,
          0
        ]
      },
      "properties": {
        "OBJECTID": 1503,
        "Name": "V\u00e4stervik (Westerwik)",
        "descriptio": "Timber Exporter",
        "F1875DATS": null,
        "F1875TimberImports": null,
        "FirstYear": null,
        "LastYear": null,
        "Imports": null,
        "Sources": "1898 Timber Trades Journal and Google pointing Westerwik to Vastervik",
        "GlobalID": "5084f21e-5916-4e03-a762-5c6cf2018c9e",
        "CreationDate": "Wed, 19 May 2021 17:32:15 GMT",
        "Creator": "jim.clifford_siastgis8",
        "EditDate": "Wed, 19 May 2021 17:33:21 GMT",
        "Editor": "jim.clifford_siastgis8"
      }
    },
    {
      "type": "Feature",
      "id": 1504,
      "geometry": {
        "type": "Point",
        "coordinates": [
          -54.4967345906127,
          49.2775131877252,
          0
        ]
      },
      "properties": {
        "OBJECTID": 1504,
        "Name": "Gander Bay",
        "descriptio": "Timber Exporter",
        "F1875DATS": null,
        "F1875TimberImports": null,
        "FirstYear": null,
        "LastYear": null,
        "Imports": null,
        "Sources": "1898 Timber Trade Journal",
        "GlobalID": "faa37f3f-687b-488e-bb84-611de25e27b5",
        "CreationDate": "Wed, 19 May 2021 17:38:45 GMT",
        "Creator": "jim.clifford_siastgis8",
        "EditDate": "Wed, 19 May 2021 17:39:00 GMT",
        "Editor": "jim.clifford_siastgis8"
      }
    },
    {
      "type": "Feature",
      "id": 1505,
      "geometry": {
        "type": "Point",
        "coordinates": [
          10.4085794921875,
          63.4418008643108,
          0
        ]
      },
      "properties": {
        "OBJECTID": 1505,
        "Name": "Trondheim (Drontheim)",
        "descriptio": "Timber Exporter",
        "F1875DATS": null,
        "F1875TimberImports": null,
        "FirstYear": null,
        "LastYear": null,
        "Imports": null,
        "Sources": "1898 Timber Trades Journal",
        "GlobalID": "7750d12b-45dc-49a2-bfaa-ba03688b9821",
        "CreationDate": "Wed, 19 May 2021 17:44:12 GMT",
        "Creator": "jim.clifford_siastgis8",
        "EditDate": "Wed, 19 May 2021 17:44:34 GMT",
        "Editor": "jim.clifford_siastgis8"
      }
    },
    {
      "type": "Feature",
      "id": 1506,
      "geometry": {
        "type": "Point",
        "coordinates": [
          44.1747960586046,
          65.852299887463,
          0
        ]
      },
      "properties": {
        "OBJECTID": 1506,
        "Name": null,
        "descriptio": "Timber Exporter",
        "F1875DATS": null,
        "F1875TimberImports": null,
        "FirstYear": null,
        "LastYear": null,
        "Imports": null,
        "Sources": null,
        "GlobalID": "b74271e6-cef8-4c73-9cbd-127e8312f91b",
        "CreationDate": "Wed, 19 May 2021 17:50:30 GMT",
        "Creator": "jim.clifford_siastgis8",
        "EditDate": "Wed, 19 May 2021 17:50:30 GMT",
        "Editor": "jim.clifford_siastgis8"
      }
    },
    {
      "type": "Feature",
      "id": 1507,
      "geometry": {
        "type": "Point",
        "coordinates": [
          44.1741094130968,
          65.8508953490664,
          0
        ]
      },
      "properties": {
        "OBJECTID": 1507,
        "Name": "Mezen (Mesane)",
        "descriptio": "Timber Exporter",
        "F1875DATS": null,
        "F1875TimberImports": null,
        "FirstYear": null,
        "LastYear": null,
        "Imports": null,
        "Sources": "1898 Timber Trades Jounral",
        "GlobalID": "6c48ba1e-3fcb-4512-986f-548b12e652e7",
        "CreationDate": "Wed, 19 May 2021 17:50:32 GMT",
        "Creator": "jim.clifford_siastgis8",
        "EditDate": "Wed, 19 May 2021 17:51:05 GMT",
        "Editor": "jim.clifford_siastgis8"
      }
    },
    {
      "type": "Feature",
      "id": 1508,
      "geometry": {
        "type": "Point",
        "coordinates": [
          44.1844090957139,
          65.8402183472482,
          0
        ]
      },
      "properties": {
        "OBJECTID": 1508,
        "Name": null,
        "descriptio": "Timber Exporter",
        "F1875DATS": null,
        "F1875TimberImports": null,
        "FirstYear": null,
        "LastYear": null,
        "Imports": null,
        "Sources": null,
        "GlobalID": "9c2b1638-5d70-42c8-a711-2b49a8e9c421",
        "CreationDate": "Wed, 19 May 2021 17:50:36 GMT",
        "Creator": "jim.clifford_siastgis8",
        "EditDate": "Wed, 19 May 2021 17:50:36 GMT",
        "Editor": "jim.clifford_siastgis8"
      }
    },
    {
      "type": "Feature",
      "id": 1509,
      "geometry": {
        "type": "Point",
        "coordinates": [
          17.146086111145,
          60.9310677954956,
          0
        ]
      },
      "properties": {
        "OBJECTID": 1509,
        "Name": "Norrsundet",
        "descriptio": "Timber Exporter",
        "F1875DATS": null,
        "F1875TimberImports": null,
        "FirstYear": null,
        "LastYear": null,
        "Imports": null,
        "Sources": "1898 Timber Trades Journal",
        "GlobalID": "1c9d3b12-d68f-42ad-835c-9f0425f74217",
        "CreationDate": "Wed, 19 May 2021 17:51:40 GMT",
        "Creator": "jim.clifford_siastgis8",
        "EditDate": "Wed, 19 May 2021 17:51:57 GMT",
        "Editor": "jim.clifford_siastgis8"
      }
    },
    {
      "type": "Feature",
      "id": 1510,
      "geometry": {
        "type": "Point",
        "coordinates": [
          21.4152537936402,
          65.3026916962322,
          0
        ]
      },
      "properties": {
        "OBJECTID": 1510,
        "Name": "Storfors",
        "descriptio": "Timber Exporter",
        "F1875DATS": null,
        "F1875TimberImports": null,
        "FirstYear": null,
        "LastYear": null,
        "Imports": null,
        "Sources": "1898 Timber Trade Journal",
        "GlobalID": "7dc79c4f-c668-41b0-895e-b48649a32498",
        "CreationDate": "Wed, 19 May 2021 17:57:29 GMT",
        "Creator": "jim.clifford_siastgis8",
        "EditDate": "Wed, 19 May 2021 17:57:45 GMT",
        "Editor": "jim.clifford_siastgis8"
      }
    },
    {
      "type": "Feature",
      "id": 1511,
      "geometry": {
        "type": "Point",
        "coordinates": [
          -72.8126196016178,
          46.0686057990769,
          0
        ]
      },
      "properties": {
        "OBJECTID": 1511,
        "Name": "Pierreville",
        "descriptio": "Timber Exporter",
        "F1875DATS": null,
        "F1875TimberImports": null,
        "FirstYear": null,
        "LastYear": null,
        "Imports": null,
        "Sources": "1898 Timber Trades Journal",
        "GlobalID": "a94987ef-ee5e-4835-91ea-7e6f3e2bb366",
        "CreationDate": "Wed, 19 May 2021 18:01:20 GMT",
        "Creator": "jim.clifford_siastgis8",
        "EditDate": "Wed, 19 May 2021 18:01:40 GMT",
        "Editor": "jim.clifford_siastgis8"
      }
    },
    {
      "type": "Feature",
      "id": 1512,
      "geometry": {
        "type": "Point",
        "coordinates": [
          -64.6166218600823,
          45.723175862219,
          0
        ]
      },
      "properties": {
        "OBJECTID": 1512,
        "Name": "Grindstone Island",
        "descriptio": "Timber Exporter",
        "F1875DATS": null,
        "F1875TimberImports": null,
        "FirstYear": null,
        "LastYear": null,
        "Imports": null,
        "Sources": "1898 Timber Trades Journal",
        "GlobalID": "cf736dc2-4cd9-47f7-be58-e6211b6b9023",
        "CreationDate": "Wed, 19 May 2021 18:45:08 GMT",
        "Creator": "jim.clifford_siastgis8",
        "EditDate": "Wed, 19 May 2021 18:45:28 GMT",
        "Editor": "jim.clifford_siastgis8"
      }
    },
    {
      "type": "Feature",
      "properties": {
        "Name": "Klaipeda",
        "Country": "Lithuania",
        "AltNames": "Memel, Klaip\u0117da",
        "Notes": "Major Baltic timber port",
        "ShipCount": 2701
      },
      "geometry": {
        "type": "Point",
        "coordinates": [
          21.12861,
          55.71722
        ]
      }
    },
    {
      "type": "Feature",
      "properties": {
        "Name": "Bayonne",
        "Country": "France",
        "AltNames": "nan",
        "Notes": "Southwestern French port near Spanish border",
        "ShipCount": 1082
      },
      "geometry": {
        "type": "Point",
        "coordinates": [
          -1.47484,
          43.49295
        ]
      }
    },
    {
      "type": "Feature",
      "properties": {
        "Name": "Ventspils",
        "Country": "Latvia",
        "AltNames": "nan",
        "Notes": "Latvian Baltic port on Venta River",
        "ShipCount": 716
      },
      "geometry": {
        "type": "Point",
        "coordinates": [
          21.5333,
          57.4
        ]
      }
    },
    {
      "type": "Feature",
      "properties": {
        "Name": "Brevig",
        "Country": "Norway",
        "AltNames": "Brevik",
        "Notes": "Telemark county port where fjords meet",
        "ShipCount": 700
      },
      "geometry": {
        "type": "Point",
        "coordinates": [
          9.69593,
          59.05544
        ]
      }
    },
    {
      "type": "Feature",
      "properties": {
        "Name": "Liep\u0101ja",
        "Country": "Latvia",
        "AltNames": "nan",
        "Notes": "Major Latvian Baltic Sea port",
        "ShipCount": 687
      },
      "geometry": {
        "type": "Point",
        "coordinates": [
          20.99,
          56.53
        ]
      }
    },
    {
      "type": "Feature",
      "properties": {
        "Name": "Mobile",
        "Country": "United States",
        "AltNames": "Mobile, Alabama",
        "Notes": "Deep-water port in Alabama",
        "ShipCount": 566
      },
      "geometry": {
        "type": "Point",
        "coordinates": [
          -88.0433,
          30.7122
        ]
      }
    },
    {
      "type": "Feature",
      "properties": {
        "Name": "Lorient",
        "Country": "France",
        "AltNames": "nan",
        "Notes": "Breton port in northwestern France",
        "ShipCount": 529
      },
      "geometry": {
        "type": "Point",
        "coordinates": [
          -3.36,
          47.75
        ]
      }
    },
    {
      "type": "Feature",
      "properties": {
        "Name": "Norfolk",
        "Country": "United States",
        "AltNames": "Norfolk, Virginia",
        "Notes": "Major Virginia port on Chesapeake Bay",
        "ShipCount": 325
      },
      "geometry": {
        "type": "Point",
        "coordinates": [
          -76.2859,
          36.8507
        ]
      }
    },
    {
      "type": "Feature",
      "properties": {
        "Name": "Newport News",
        "Country": "United States",
        "AltNames": "Newport News, Virginia",
        "Notes": "Virginia port on Hampton Roads",
        "ShipCount": 299
      },
      "geometry": {
        "type": "Point",
        "coordinates": [
          -76.4167,
          36.9667
        ]
      }
    },
    {
      "type": "Feature",
      "properties": {
        "Name": "Moss",
        "Country": "Norway",
        "AltNames": "nan",
        "Notes": "Norwegian port on Oslofjord",
        "ShipCount": 275
      },
      "geometry": {
        "type": "Point",
        "coordinates": [
          10.700833,
          59.459167
        ]
      }
    },
    {
      "type": "Feature",
      "properties": {
        "Name": "Thisted",
        "Country": "Denmark",
        "AltNames": "nan",
        "Notes": "Northwestern Denmark port",
        "ShipCount": 200
      },
      "geometry": {
        "type": "Point",
        "coordinates": [
          8.7,
          56.96
        ]
      }
    },
    {
      "type": "Feature",
      "properties": {
        "Name": "Helsing\u00f8r",
        "Country": "Denmark",
        "AltNames": "Elsinore, Helsingor",
        "Notes": "Strategic port opposite Sweden with Kronborg Castle",
        "ShipCount": 166
      },
      "geometry": {
        "type": "Point",
        "coordinates": [
          12.613,
          56.0366
        ]
      }
    },
    {
      "type": "Feature",
      "properties": {
        "Name": "Landskrona",
        "Country": "Sweden",
        "AltNames": "nan",
        "Notes": "Swedish port between Helsingborg and Malm\u00f6",
        "ShipCount": 144
      },
      "geometry": {
        "type": "Point",
        "coordinates": [
          12.8333,
          55.8666
        ]
      }
    },
    {
      "type": "Feature",
      "properties": {
        "Name": "Sams\u00f8",
        "Country": "Denmark",
        "AltNames": "Ballen Harbor, Samso",
        "Notes": "Main ferry port on Sams\u00f8 island",
        "ShipCount": 140
      },
      "geometry": {
        "type": "Point",
        "coordinates": [
          10.64,
          55.8167
        ]
      }
    },
    {
      "type": "Feature",
      "properties": {
        "Name": "Svolv\u00e6r",
        "Country": "Norway",
        "AltNames": "Svolvaer",
        "Notes": "Arctic port in Lofoten archipelago",
        "ShipCount": 138
      },
      "geometry": {
        "type": "Point",
        "coordinates": [
          14.5284,
          68.2415
        ]
      }
    },
    {
      "type": "Feature",
      "properties": {
        "Name": "Saint-Brieuc",
        "Country": "France",
        "AltNames": "nan",
        "Notes": "Breton port in northwestern France",
        "ShipCount": 200
      },
      "geometry": {
        "type": "Point",
        "coordinates": [
          -2.7684,
          48.5136
        ]
      }
    },
    {
      "type": "Feature",
      "properties": {
        "Name": "Matane",
        "Country": "Canada",
        "AltNames": "Matane, Quebec",
        "Notes": "St. Lawrence River timber port",
        "ShipCount": 199
      },
      "geometry": {
        "type": "Point",
        "coordinates": [
          -67.5333,
          48.85
        ]
      }
    },
    {
      "type": "Feature",
      "properties": {
        "Name": "Hommelvik",
        "Country": "Norway",
        "AltNames": "nan",
        "Notes": "Village port near Trondheim on fjord",
        "ShipCount": 198
      },
      "geometry": {
        "type": "Point",
        "coordinates": [
          10.79424,
          63.41083
        ]
      }
    },
    {
      "type": "Feature",
      "properties": {
        "Name": "Dieppe",
        "Country": "France",
        "AltNames": "nan",
        "Notes": "Norman port on English Channel",
        "ShipCount": 191
      },
      "geometry": {
        "type": "Point",
        "coordinates": [
          1.0919,
          49.93481
        ]
      }
    },
    {
      "type": "Feature",
      "properties": {
        "Name": "Bay Verte",
        "Country": "Canada",
        "AltNames": "Baie Verte, New Brunswick",
        "Notes": "Port near Confederation Bridge",
        "ShipCount": 186
      },
      "geometry": {
        "type": "Point",
        "coordinates": [
          -64.103,
          46.0149
        ]
      }
    },
    {
      "type": "Feature",
      "properties": {
        "Name": "Langesund",
        "Country": "Norway",
        "AltNames": "nan",
        "Notes": "Telemark port town",
        "ShipCount": 152
      },
      "geometry": {
        "type": "Point",
        "coordinates": [
          9.745,
          59.0
        ]
      }
    },
    {
      "type": "Feature",
      "properties": {
        "Name": "Savannah",
        "Country": "United States",
        "AltNames": "Savannah, Georgia",
        "Notes": "Major Southern U.S. port",
        "ShipCount": 130
      },
      "geometry": {
        "type": "Point",
        "coordinates": [
          -81.1,
          32.084
        ]
      }
    },
    {
      "type": "Feature",
      "properties": {
        "Name": "Pugwash",
        "Country": "Canada",
        "AltNames": "Pugwash, Nova Scotia",
        "Notes": "Salt shipping port on Northumberland Strait",
        "ShipCount": 122
      },
      "geometry": {
        "type": "Point",
        "coordinates": [
          -63.66,
          45.8507
        ]
      }
    },
    {
      "type": "Feature",
      "properties": {
        "Name": "Demerara",
        "Country": "Guyana",
        "AltNames": "Georgetown",
        "Notes": "Port at mouth of Demerara River",
        "ShipCount": 121
      },
      "geometry": {
        "type": "Point",
        "coordinates": [
          -58.155,
          6.804
        ]
      }
    },
    {
      "type": "Feature",
      "properties": {
        "Name": "Drobak",
        "Country": "Norway",
        "AltNames": "Dr\u00f8bak",
        "Notes": "Port on Oslofjord in Akershus",
        "ShipCount": 116
      },
      "geometry": {
        "type": "Point",
        "coordinates": [
          10.63,
          59.663
        ]
      }
    },
    {
      "type": "Feature",
      "properties": {
        "Name": "Minatitlan",
        "Country": "Mexico",
        "AltNames": "Minatitl\u00e1n, Veracruz",
        "Notes": "River port in Gulf of Mexico",
        "ShipCount": 111
      },
      "geometry": {
        "type": "Point",
        "coordinates": [
          -94.549,
          17.979
        ]
      }
    },
    {
      "type": "Feature",
      "properties": {
        "Name": "St. Nazaire",
        "Country": "France",
        "AltNames": "Saint-Nazaire",
        "Notes": "Major French Atlantic port",
        "ShipCount": 109
      },
      "geometry": {
        "type": "Point",
        "coordinates": [
          -2.214,
          47.273
        ]
      }
    },
    {
      "type": "Feature",
      "properties": {
        "Name": "Lovisa",
        "Country": "Finland",
        "AltNames": "Loviisa",
        "Notes": "Finnish port 60nm east of Helsinki",
        "ShipCount": 105
      },
      "geometry": {
        "type": "Point",
        "coordinates": [
          26.228,
          60.458
        ]
      }
    },
    {
      "type": "Feature",
      "properties": {
        "Name": "La Rochelle",
        "Country": "France",
        "AltNames": "nan",
        "Notes": "Historic French Atlantic port",
        "ShipCount": 90
      },
      "geometry": {
        "type": "Point",
        "coordinates": [
          -1.151,
          46.156
        ]
      }
    },
    {
      "type": "Feature",
      "properties": {
        "Name": "Calcutta",
        "Country": "India",
        "AltNames": "Kolkata, Calcutta",
        "Notes": "India's oldest operating port on Hooghly River",
        "ShipCount": 93
      },
      "geometry": {
        "type": "Point",
        "coordinates": [
          88.364,
          22.573
        ]
      }
    },
    {
      "type": "Feature",
      "properties": {
        "Name": "Ostend",
        "Country": "Belgium",
        "AltNames": "Oostende, Flushing",
        "Notes": "Belgian North Sea port",
        "ShipCount": 83
      },
      "geometry": {
        "type": "Point",
        "coordinates": [
          2.906,
          51.226
        ]
      }
    },
    {
      "type": "Feature",
      "properties": {
        "Name": "Singapore",
        "Country": "Singapore",
        "AltNames": "nan",
        "Notes": "One of world's busiest ports",
        "ShipCount": 80
      },
      "geometry": {
        "type": "Point",
        "coordinates": [
          103.823,
          1.264
        ]
      }
    },
    {
      "type": "Feature",
      "properties": {
        "Name": "Muros",
        "Country": "Spain",
        "AltNames": "nan",
        "Notes": "Galician fishing and harbour town",
        "ShipCount": 79
      },
      "geometry": {
        "type": "Point",
        "coordinates": [
          -9.0575,
          42.7744
        ]
      }
    },
    {
      "type": "Feature",
      "properties": {
        "Name": "Paimpol",
        "Country": "France",
        "AltNames": "nan",
        "Notes": "Breton port in C\u00f4tes-d'Armor",
        "ShipCount": 78
      },
      "geometry": {
        "type": "Point",
        "coordinates": [
          -3.049,
          48.7798
        ]
      }
    },
    {
      "type": "Feature",
      "properties": {
        "Name": "Pernau",
        "Country": "Estonia",
        "AltNames": "P\u00e4rnu, Pernau",
        "Notes": "Estonian Baltic Sea port",
        "ShipCount": 78
      },
      "geometry": {
        "type": "Point",
        "coordinates": [
          24.497,
          58.386
        ]
      }
    },
    {
      "type": "Feature",
      "properties": {
        "Name": "Charleston",
        "Country": "United States",
        "AltNames": "Charleston, South Carolina",
        "Notes": "Historic Southern port",
        "ShipCount": 71
      },
      "geometry": {
        "type": "Point",
        "coordinates": [
          -79.924,
          32.781
        ]
      }
    },
    {
      "type": "Feature",
      "properties": {
        "Name": "Constantinople",
        "Country": "Turkey",
        "AltNames": "Istanbul, Byzantium",
        "Notes": "Historic port at Bosphorus Strait",
        "ShipCount": 58
      },
      "geometry": {
        "type": "Point",
        "coordinates": [
          28.98,
          41.014
        ]
      }
    },
    {
      "type": "Feature",
      "properties": {
        "Name": "Sheet Harbour",
        "Country": "Canada",
        "AltNames": "Sheet Harbour, Nova Scotia",
        "Notes": "Nova Scotia port 53mi from Europe route",
        "ShipCount": 58
      },
      "geometry": {
        "type": "Point",
        "coordinates": [
          -62.507,
          44.901
        ]
      }
    },
    {
      "type": "Feature",
      "properties": {
        "Name": "Colon",
        "Country": "Panama",
        "AltNames": "nan",
        "Notes": "Port at Caribbean entrance to Panama Canal",
        "ShipCount": 57
      },
      "geometry": {
        "type": "Point",
        "coordinates": [
          -79.887,
          9.375
        ]
      }
    },
    {
      "type": "Feature",
      "properties": {
        "Name": "Brunswick",
        "Country": "United States",
        "AltNames": "Brunswick, Georgia",
        "Notes": "Major auto port",
        "ShipCount": 65
      },
      "geometry": {
        "type": "Point",
        "coordinates": [
          -81.583,
          31.133
        ]
      }
    },
    {
      "type": "Feature",
      "properties": {
        "Name": "Flushing",
        "Country": "Netherlands",
        "AltNames": "Vlissingen, Flushing",
        "Notes": "Dutch port on Westerschelde",
        "ShipCount": 62
      },
      "geometry": {
        "type": "Point",
        "coordinates": [
          3.6,
          51.45
        ]
      }
    },
    {
      "type": "Feature",
      "properties": {
        "Name": "Rugenwalde",
        "Country": "Poland",
        "AltNames": "Dar\u0142owo, R\u00fcgenwalde",
        "Notes": "Baltic Sea port with Hanseatic history",
        "ShipCount": 61
      },
      "geometry": {
        "type": "Point",
        "coordinates": [
          16.411,
          54.421
        ]
      }
    },
    {
      "type": "Feature",
      "properties": {
        "Name": "Sydney",
        "Country": "Canada",
        "AltNames": "Sydney, Nova Scotia",
        "Notes": "Cape Breton deep-water port",
        "ShipCount": 84
      },
      "geometry": {
        "type": "Point",
        "coordinates": [
          -60.183,
          46.135
        ]
      }
    },
    {
      "type": "Feature",
      "properties": {
        "Name": "Metis",
        "Country": "Canada",
        "AltNames": "M\u00e9tis-sur-Mer, Quebec",
        "Notes": "St. Lawrence River port",
        "ShipCount": 68
      },
      "geometry": {
        "type": "Point",
        "coordinates": [
          -68.0,
          48.67
        ]
      }
    },
    {
      "type": "Feature",
      "properties": {
        "Name": "Jacksonville",
        "Country": "United States",
        "AltNames": "Jacksonville, Florida",
        "Notes": "Major Florida port on St. Johns River",
        "ShipCount": 52
      },
      "geometry": {
        "type": "Point",
        "coordinates": [
          -81.559,
          30.375
        ]
      }
    },
    {
      "type": "Feature",
      "properties": {
        "Name": "Soroka",
        "Country": "Russia",
        "AltNames": "Belomorsk, Karelia",
        "Notes": "White Sea port formerly known as Soroka",
        "ShipCount": 160
      },
      "geometry": {
        "type": "Point",
        "coordinates": [
          34.767,
          64.523
        ]
      }
    },
    {
      "type": "Feature",
      "properties": {
        "Name": "Belize",
        "Country": "Belize",
        "AltNames": "Belize City",
        "Notes": "Principal Central American port",
        "ShipCount": 155
      },
      "geometry": {
        "type": "Point",
        "coordinates": [
          -88.196,
          17.505
        ]
      }
    },
    {
      "type": "Feature",
      "properties": {
        "Name": "Jamaica",
        "Country": "Jamaica",
        "AltNames": "Kingston",
        "Notes": "Caribbean capital and major port",
        "ShipCount": 159
      },
      "geometry": {
        "type": "Point",
        "coordinates": [
          -76.794,
          17.997
        ]
      }
    },
    {
      "type": "Feature",
      "properties": {
        "Name": "Genoa",
        "Country": "Italy",
        "AltNames": "Genova, Genoa",
        "Notes": "Major Mediterranean port in Liguria",
        "ShipCount": 53
      },
      "geometry": {
        "type": "Point",
        "coordinates": [
          8.917,
          44.403
        ]
      }
    },
    {
      "type": "Feature",
      "properties": {
        "Name": "Bahia",
        "Country": "Brazil",
        "AltNames": "Salvador, Bahia",
        "Notes": "Historic Brazilian Atlantic port (Note: South latitude)",
        "ShipCount": 51
      },
      "geometry": {
        "type": "Point",
        "coordinates": [
          -38.505,
          -12.955
        ]
      }
    },
    {
      "type": "Feature",
      "properties": {
        "Name": "Rivadeo",
        "Country": "Spain",
        "AltNames": "Ribadeo, Galicia",
        "Notes": "Northern Spanish port in Lugo province",
        "ShipCount": 52
      },
      "geometry": {
        "type": "Point",
        "coordinates": [
          -7.04,
          43.534
        ]
      }
    },
    {
      "type": "Feature",
      "properties": {
        "Name": "Attu",
        "Country": "Finland",
        "AltNames": "Attu Island, Pargas",
        "Notes": "Southwestern Finland island port",
        "ShipCount": 53
      },
      "geometry": {
        "type": "Point",
        "coordinates": [
          22.336,
          60.178
        ]
      }
    },
    {
      "type": "Feature",
      "properties": {
        "Name": "Kem",
        "Country": "Russia",
        "AltNames": "Kem, Karelia",
        "Notes": "White Sea port gateway to Solovetsky",
        "ShipCount": 54
      },
      "geometry": {
        "type": "Point",
        "coordinates": [
          34.579,
          64.955
        ]
      }
    },
    {
      "type": "Feature",
      "properties": {
        "Name": "Pataholm",
        "Country": "Sweden",
        "AltNames": "nan",
        "Notes": "Small Swedish east coast port",
        "ShipCount": 51
      },
      "geometry": {
        "type": "Point",
        "coordinates": [
          16.25,
          56.55
        ]
      }
    },
    {
      "type": "Feature",
      "properties": {
        "Name": "Tampico",
        "Country": "Mexico",
        "AltNames": "Tampico, Tamaulipas",
        "Notes": "Major Gulf of Mexico port",
        "ShipCount": 57
      },
      "geometry": {
        "type": "Point",
        "coordinates": [
          -97.86,
          22.24
        ]
      }
    },
    {
      "type": "Feature",
      "properties": {
        "Name": "Lappvik",
        "Country": "Finland",
        "AltNames": "Lappohja, Hanko",
        "Notes": "Port in Hanko municipality",
        "ShipCount": 41
      },
      "geometry": {
        "type": "Point",
        "coordinates": [
          23.242,
          59.903
        ]
      }
    },
    {
      "type": "Feature",
      "properties": {
        "Name": "Xiania",
        "Country": "Greece",
        "AltNames": "Chania, Crete",
        "Notes": "Historic Cretan port",
        "ShipCount": 40
      },
      "geometry": {
        "type": "Point",
        "coordinates": [
          24.018,
          35.516
        ]
      }
    },
    {
      "type": "Feature",
      "properties": {
        "Name": "Flekkefjord",
        "Country": "Norway",
        "AltNames": "nan",
        "Notes": "Southwestern Norwegian port",
        "ShipCount": 48
      },
      "geometry": {
        "type": "Point",
        "coordinates": [
          6.664,
          58.286
        ]
      }
    },
    {
      "type": "Feature",
      "properties": {
        "Name": "Egersund",
        "Country": "Norway",
        "AltNames": "nan",
        "Notes": "Rogaland county port",
        "ShipCount": 45
      },
      "geometry": {
        "type": "Point",
        "coordinates": [
          6.0087,
          58.4497
        ]
      }
    },
    {
      "type": "Feature",
      "properties": {
        "Name": "Molde",
        "Country": "Norway",
        "AltNames": "nan",
        "Notes": "Rose city port on Romsdalsfjord",
        "ShipCount": 55
      },
      "geometry": {
        "type": "Point",
        "coordinates": [
          7.167,
          62.733
        ]
      }
    },
    {
      "type": "Feature",
      "properties": {
        "Name": "Kristiansund",
        "Country": "Norway",
        "AltNames": "nan",
        "Notes": "Major fishing and oil service port",
        "ShipCount": 48
      },
      "geometry": {
        "type": "Point",
        "coordinates": [
          7.728,
          63.111
        ]
      }
    },
    {
      "type": "Feature",
      "properties": {
        "Name": "Bodo",
        "Country": "Norway",
        "AltNames": "Bod\u00f8",
        "Notes": "Northern Norway port above Arctic Circle",
        "ShipCount": 52
      },
      "geometry": {
        "type": "Point",
        "coordinates": [
          14.405,
          67.28
        ]
      }
    },
    {
      "type": "Feature",
      "properties": {
        "Name": "Hammerfest",
        "Country": "Norway",
        "AltNames": "nan",
        "Notes": "World's northernmost city port",
        "ShipCount": 38
      },
      "geometry": {
        "type": "Point",
        "coordinates": [
          23.711,
          70.667
        ]
      }
    },
    {
      "type": "Feature",
      "properties": {
        "Name": "Vardo",
        "Country": "Norway",
        "AltNames": "Vard\u00f8",
        "Notes": "Easternmost Norwegian port on Barents Sea",
        "ShipCount": 32
      },
      "geometry": {
        "type": "Point",
        "coordinates": [
          31.007,
          70.383
        ]
      }
    },
    {
      "type": "Feature",
      "properties": {
        "Name": "Vadso",
        "Country": "Norway",
        "AltNames": "Vads\u00f8",
        "Notes": "Arctic port in Finnmark",
        "ShipCount": 28
      },
      "geometry": {
        "type": "Point",
        "coordinates": [
          29.739,
          70.085
        ]
      }
    },
    {
      "type": "Feature",
      "properties": {
        "Name": "Haugesund",
        "Country": "Norway",
        "AltNames": "nan",
        "Notes": "Western Norwegian fishing port",
        "ShipCount": 60
      },
      "geometry": {
        "type": "Point",
        "coordinates": [
          5.268,
          59.414
        ]
      }
    },
    {
      "type": "Feature",
      "properties": {
        "Name": "Bergen",
        "Country": "Norway",
        "AltNames": "nan",
        "Notes": "Norway's second city and historic Hanseatic port",
        "ShipCount": 120
      },
      "geometry": {
        "type": "Point",
        "coordinates": [
          5.307,
          60.388
        ]
      }
    },
    {
      "type": "Feature",
      "properties": {
        "Name": "Alesund",
        "Country": "Norway",
        "AltNames": "\u00c5lesund",
        "Notes": "Art Nouveau port city",
        "ShipCount": 65
      },
      "geometry": {
        "type": "Point",
        "coordinates": [
          6.149,
          62.472
        ]
      }
    },
    {
      "type": "Feature",
      "properties": {
        "Name": "Marstrand",
        "Country": "Sweden",
        "AltNames": "nan",
        "Notes": "Historic island port and fortress",
        "ShipCount": 35
      },
      "geometry": {
        "type": "Point",
        "coordinates": [
          11.576,
          57.891
        ]
      }
    },
    {
      "type": "Feature",
      "properties": {
        "Name": "Solvesborg",
        "Country": "Sweden",
        "AltNames": "S\u00f6lvesborg",
        "Notes": "Southern Swedish Baltic port",
        "ShipCount": 42
      },
      "geometry": {
        "type": "Point",
        "coordinates": [
          14.591,
          56.051
        ]
      }
    },
    {
      "type": "Feature",
      "properties": {
        "Name": "Trangsund",
        "Country": "Russia",
        "AltNames": "Vysotsk, Uuras (Finnish)",
        "Notes": "Russian port on Gulf of Finland, formerly Finnish Uuras/Swedish Tr\u00e5ngsund until 1940",
        "ShipCount": 30
      },
      "geometry": {
        "type": "Point",
        "coordinates": [
          28.5667,
          60.6333
        ]
      }
    },
    {
      "type": "Feature",
      "properties": {
        "Name": "Lerwick",
        "Country": "Scotland",
        "AltNames": "LERWICK",
        "Notes": "Shetland Islands",
        "ShipCount": 252
      },
      "geometry": {
        "type": "Point",
        "coordinates": [
          -1.145,
          60.155
        ]
      }
    },
    {
      "type": "Feature",
      "properties": {
        "Name": "Deptford",
        "Country": "England",
        "AltNames": "DEPTFORD, DEPTFORD BUOYS",
        "Notes": "London Thames dock",
        "ShipCount": 293
      },
      "geometry": {
        "type": "Point",
        "coordinates": [
          -0.0265,
          51.478
        ]
      }
    },
    {
      "type": "Feature",
      "properties": {
        "Name": "Borden",
        "Country": "England",
        "AltNames": "BORDEN",
        "Notes": "Kent",
        "ShipCount": 102
      },
      "geometry": {
        "type": "Point",
        "coordinates": [
          0.703,
          51.334
        ]
      }
    },
    {
      "type": "Feature",
      "properties": {
        "Name": "Cliffe",
        "Country": "England",
        "AltNames": "CLIFFE CREEK",
        "Notes": "Cliffe, Kent on Thames Estuary",
        "ShipCount": 77
      },
      "geometry": {
        "type": "Point",
        "coordinates": [
          0.4975,
          51.4619
        ]
      }
    },
    {
      "type": "Feature",
      "properties": {
        "Name": "Silvertown",
        "Country": "England",
        "AltNames": "SILVERTOWN",
        "Notes": "London Thames docks",
        "ShipCount": 71
      },
      "geometry": {
        "type": "Point",
        "coordinates": [
          0.03,
          51.5
        ]
      }
    },
    {
      "type": "Feature",
      "properties": {
        "Name": "Skibbereen",
        "Country": "Ireland",
        "AltNames": "SKIBBEREEN",
        "Notes": "County Cork",
        "ShipCount": 44
      },
      "geometry": {
        "type": "Point",
        "coordinates": [
          -9.2636,
          51.5486
        ]
      }
    },
    {
      "type": "Feature",
      "properties": {
        "Name": "Purfleet",
        "Country": "England",
        "AltNames": "PURFLEET",
        "Notes": "Thames Estuary, Essex",
        "ShipCount": 40
      },
      "geometry": {
        "type": "Point",
        "coordinates": [
          0.25,
          51.48
        ]
      }
    }
  ]
}