source_file,line_number,ship_name,origin_port,destination_port,cargo,merchant,arrival_day,arrival_month,arrival_year,publication_day,publication_month,publication_year,is_steamship,raw_line
1. p. 15-16 - Imports - January 1 1887 - Timber Trades Journal 1887_p002.txt,4,Niobe,Bordeaux,BELFAST,394 bdls. hoops,J. C. Pinkerton,21,12,1887,1,1,1887,False,Dec. 21 Niobe-Bordeaux-394 bdls. hoops-J. C. Pinkerton
1. p. 15-16 - Imports - January 1 1887 - Timber Trades Journal 1887_p002.txt,5,Bristol,Rotterdam,BELFAST,"1,940 bdls. hoops",J. C. Pinkerton,22,12,1887,1,1,1887,False,"22 Bristol-Rotterdam-1,940 bdls. hoops-J. C. Pinkerton"
1. p. 15-16 - Imports - January 1 1887 - Timber Trades Journal 1887_p002.txt,8,Kjek,Laurvig,LIMERICK,100 lds. fir staves,Hay,22,12,1887,1,1,1887,False,Dec. 22 Kjek-Laurvig-100 lds. fir staves-Hay
1. p. 15-16 - Imports - January 1 1887 - Timber Trades Journal 1887_p002.txt,11,Lord Nelson,Oscarshamn,ALLOA,"10,181 pit",props-Alloa Coal Co.,21,12,1887,1,1,1887,False,"Dec. 21 Lord Nelson-Oscarshamn-10,181 pit-props-Alloa Coal Co."
1. p. 15-16 - Imports - January 1 1887 - Timber Trades Journal 1887_p002.txt,13,Elizabeth,Falkenberg,BORROWSTOUNNESS,"13,209 pit",props -Love & Stewart,22,12,1887,1,1,1887,False,"Dec. 22 Elizabeth-Falkenberg-13,209 pit-props -Love & Stewart"
1. p. 15-16 - Imports - January 1 1887 - Timber Trades Journal 1887_p002.txt,15,Ethiopia,New York,GLASGOW,171 pcs. oak lumber,Edmiston & Mitchell,17,12,1887,1,1,1887,False,"Dec. 17 Ethiopia-New York-171 pcs. oak lumber-Edmiston & Mitchell ; 1,441 pcs. oak lumber-Brownlee & Co. ; 1,600 pcs. oak lumber-Jas. Kennedy & Co. ; 1,000 hogshead staves, 660 oars, 150 pcs. white lumber-Order"
1. p. 15-16 - Imports - January 1 1887 - Timber Trades Journal 1887_p002.txt,15,Ethiopia,New York,GLASGOW,"1,441 pcs. oak lumber",Brownlee & Co.,17,12,1887,1,1,1887,False,"Dec. 17 Ethiopia-New York-171 pcs. oak lumber-Edmiston & Mitchell ; 1,441 pcs. oak lumber-Brownlee & Co. ; 1,600 pcs. oak lumber-Jas. Kennedy & Co. ; 1,000 hogshead staves, 660 oars, 150 pcs. white lumber-Order"
1. p. 15-16 - Imports - January 1 1887 - Timber Trades Journal 1887_p002.txt,15,Ethiopia,New York,GLASGOW,"1,600 pcs. oak lumber",Jas. Kennedy & Co.,17,12,1887,1,1,1887,False,"Dec. 17 Ethiopia-New York-171 pcs. oak lumber-Edmiston & Mitchell ; 1,441 pcs. oak lumber-Brownlee & Co. ; 1,600 pcs. oak lumber-Jas. Kennedy & Co. ; 1,000 hogshead staves, 660 oars, 150 pcs. white lumber-Order"
1. p. 15-16 - Imports - January 1 1887 - Timber Trades Journal 1887_p002.txt,15,Ethiopia,New York,GLASGOW,"1,000 hogshead staves, 660 oars, 150 pcs. white lumber",Order,17,12,1887,1,1,1887,False,"Dec. 17 Ethiopia-New York-171 pcs. oak lumber-Edmiston & Mitchell ; 1,441 pcs. oak lumber-Brownlee & Co. ; 1,600 pcs. oak lumber-Jas. Kennedy & Co. ; 1,000 hogshead staves, 660 oars, 150 pcs. white lumber-Order"
1. p. 15-16 - Imports - January 1 1887 - Timber Trades Journal 1887_p002.txt,16,State of Alabama,New York,GLASGOW,12 logs,Brownlee & Co.,18,12,1887,1,1,1887,False,"18 State of Alabama-New York-12 logs-Brownlee & Co. ; 3 cars lumber boards-W. G. & J. W. Lindsay & Co. ; 6,100 barrel staves, 2,400 hogshead staves-Allison"
1. p. 15-16 - Imports - January 1 1887 - Timber Trades Journal 1887_p002.txt,16,State of Alabama,New York,GLASGOW,3 cars lumber boards,W. G. & J. W. Lindsay & Co.,18,12,1887,1,1,1887,False,"18 State of Alabama-New York-12 logs-Brownlee & Co. ; 3 cars lumber boards-W. G. & J. W. Lindsay & Co. ; 6,100 barrel staves, 2,400 hogshead staves-Allison"
1. p. 15-16 - Imports - January 1 1887 - Timber Trades Journal 1887_p002.txt,16,State of Alabama,New York,GLASGOW,"6,100 barrel staves, 2,400 hogshead staves",Allison,18,12,1887,1,1,1887,False,"18 State of Alabama-New York-12 logs-Brownlee & Co. ; 3 cars lumber boards-W. G. & J. W. Lindsay & Co. ; 6,100 barrel staves, 2,400 hogshead staves-Allison"
1. p. 15-16 - Imports - January 1 1887 - Timber Trades Journal 1887_p002.txt,17,Manitoban Boston,"3,600 staves",GLASGOW,Wrights,,20,12,1887,1,1,1887,False,"20 Manitoban Boston-3,600 staves-Wrights"
1. p. 15-16 - Imports - January 1 1887 - Timber Trades Journal 1887_p002.txt,18,State of Pennsylvania,New York,GLASGOW,3 cars lumber boards,W. G. & J. W. Lindsay & Co.,21,12,1887,1,1,1887,False,"21 State of Pennsylvania-New York-3 cars lumber boards-W. G. & J. W. Lindsay & Co. ; 5,000 barrel staves-Allison"
1. p. 15-16 - Imports - January 1 1887 - Timber Trades Journal 1887_p002.txt,18,State of Pennsylvania,New York,GLASGOW,"5,000 barrel staves",Allison,21,12,1887,1,1,1887,False,"21 State of Pennsylvania-New York-3 cars lumber boards-W. G. & J. W. Lindsay & Co. ; 5,000 barrel staves-Allison"
1. p. 15-16 - Imports - January 1 1887 - Timber Trades Journal 1887_p002.txt,19,Cynthia,Baltimore,GLASGOW,91 poplar logs,"Allison, Cousland, & Hamilton",22,12,1887,1,1,1887,False,"22 Cynthia-Baltimore-91 poplar logs-Allison, Cousland, & Hamilton ; 7,734 staves-George Gillespie & Co."
1. p. 15-16 - Imports - January 1 1887 - Timber Trades Journal 1887_p002.txt,19,Cynthia,Baltimore,GLASGOW,"7,734 staves",George Gillespie & Co.,22,12,1887,1,1,1887,False,"22 Cynthia-Baltimore-91 poplar logs-Allison, Cousland, & Hamilton ; 7,734 staves-George Gillespie & Co."
1. p. 15-16 - Imports - January 1 1887 - Timber Trades Journal 1887_p002.txt,20,State of Georgia,New York,GLASGOW,"1 car dressed staves, 1,000 brl. staves, 2,400 hogshead staves","Allison, Cousland, & Hamilton",27,12,1887,1,1,1887,False,"27 State of Georgia-New York-1 car dressed staves, 1,000 brl. staves, 2,400 hogshead staves-Allison, Cousland, & Hamilton"
1. p. 15-16 - Imports - January 1 1887 - Timber Trades Journal 1887_p002.txt,22,Erling,Hernösand,GRANGEMOUTH,"8,728 battens",J. T. Salvesen & Co.,18,12,1887,1,1,1887,False,"Dec. 18 Erling-Hernösand-8,728 battens-J. T. Salvesen & Co."
1. p. 15-16 - Imports - January 1 1887 - Timber Trades Journal 1887_p002.txt,23,Valund,Drontheim,GRANGEMOUTH,"9,620 deals and battens",P. & J. Wilkie,20,12,1887,1,1,1887,False,"20 Valund-Drontheim-9,620 deals and battens -P. & J. Wilkie"
1. p. 15-16 - Imports - January 1 1887 - Timber Trades Journal 1887_p002.txt,24,Emblem,Bjorneborg,GRANGEMOUTH,"7,689 deals and battens",P. & J. Wilkie,23,12,1887,1,1,1887,False,"23 Emblem-Bjorneborg-7,689 deals and battens -P. & J. Wilkie"
1. p. 15-16 - Imports - January 1 1887 - Timber Trades Journal 1887_p002.txt,25,Loch Ness,Riga,GRANGEMOUTH,"18,204 deals and ends",Brownlee & Co.,24,12,1887,1,1,1887,False,"24 Loch Ness-Riga-18,204 deals and ends-Brownlee & Co."
1. p. 15-16 - Imports - January 1 1887 - Timber Trades Journal 1887_p002.txt,28,Annie J. Marshall,Rangoon,GREENOCK,"1,460 teak squares, 29 full blocks, 30 half blocks, 19 log ends",Order,22,12,1887,1,1,1887,False,"Dec. 22 Annie J. Marshall-Rangoon - 1,460 teak squares, 29 full blocks, 30 half blocks, 19 log ends-Order"
1. p. 15-16 - Imports - January 1 1887 - Timber Trades Journal 1887_p002.txt,29,Summerlee,Quebec,GREENOCK,"586 pcs. birch, 35 pcs. maple, 418 pcs. square white pine, 187 pcs. waney white pine, 2,029 pine deals, 667 pine deal ends","Allison, Cousland, & Co.",27,12,1887,1,1,1887,False,"27 Summerlee-Quebec-586 pcs. birch, 35 pcs. maple, 418 pcs. square white pine, 187 pcs. waney white pine, 2,029 pine deals, 667 pine deal ends-Allison, Cousland, & Co."
1. p. 15-16 - Imports - January 1 1887 - Timber Trades Journal 1887_p002.txt,31,Eliza,Orkedalen,LEITH,"14,779 pcs. sawn fir",W. Grant & Co.,21,12,1887,1,1,1887,False,"Dec. 21 Eliza-Orkedalen-14,779 pcs. sawn fir-W. Grant & Co."
1. p. 15-16 - Imports - January 1 1887 - Timber Trades Journal 1887_p002.txt,32,Johann Friedrich,Riga,LEITH,"469 pcs. hewn fir, 2,019 pcs. sawn fir","Park, Dobson, & Co.",23,12,1887,1,1,1887,False,"23 Johann Friedrich-Riga-469 pcs. hewn fir, 2,019 pcs. sawn fir-Park, Dobson, & Co."
1. p. 15-16 - Imports - January 1 1887 - Timber Trades Journal 1887_p002.txt,33,Croma,New York,LEITH,"3,336 staves",Blaikie,24,12,1887,1,1,1887,True,"24 Croma -New York-3,336 staves-Blaikie"
1. p. 15-16 - Imports - January 1 1887 - Timber Trades Journal 1887_p002.txt,35,Hanna,Mandal,MONTROSE,"72,000 birch staves",Warrack & Co.,22,12,1887,1,1,1887,False,"Dec. 22 Hanna-Mandal-72,000 birch staves-Warrack & Co."
15. p. 265-267 - Imports - April 11 1885 - Timber Trades Journal 1885_p003.txt,4,Walney,Dumfries – 150 tons oak,DUBLIN,T. Potter,,27,3,1885,11,4,1885,False,Mar. 27 Walney-Dumfries – 150 tons oak-T. Potter
15. p. 265-267 - Imports - April 11 1885 - Timber Trades Journal 1885_p003.txt,5,Martha,Fredrikstad,DUBLIN,"37,467 flooring boards, 1,180 deal ends",Wm. Graham,30,3,1885,11,4,1885,False,"30 Martha-Fredrikstad-37,467 flooring boards, 1,180 deal ends-Wm. Graham"
15. p. 265-267 - Imports - April 11 1885 - Timber Trades Journal 1885_p003.txt,10,Ida Sophia,Gothenburg,ABERDEEN,"4,816 pcs. sawn fir",J. & R. Davidson,2,4,1885,11,4,1885,False,"Apr. 2 Ida Sophia-Gothenburg-4,816 pcs. sawn fir-J. & R. Davidson"
15. p. 265-267 - Imports - April 11 1885 - Timber Trades Journal 1885_p003.txt,13,Skjold,Falkenberg,ALLOA,"5,908 pit",props-Love & Stewart,31,3,1885,11,4,1885,False,"Mar. 31 Skjold-Falkenberg-5,908 pit-props-Love & Stewart"
15. p. 265-267 - Imports - April 11 1885 - Timber Trades Journal 1885_p003.txt,18,Sleipner,Falkenberg,ALLOA,"9,112 pit",props-Love & Stewart,2,4,1885,11,4,1885,False,"Apr. 2 Sleipner-Falkenberg-9,112 pit-props-Love & Stewart"
15. p. 265-267 - Imports - April 11 1885 - Timber Trades Journal 1885_p003.txt,21,Shipper,Skien,ALLOA,"10,288 pit",props-W. Gillespie,4,4,1885,11,4,1885,False,"4 Shipper-Skien-10,288 pit-props-W. Gillespie"
15. p. 265-267 - Imports - April 11 1885 - Timber Trades Journal 1885_p003.txt,26,Signe,Oscarshamn,ALLOA,"7,841 pcs. fir pitwood",Fife Coal Co.,6,4,1885,11,4,1885,False,"6 Signe-Oscarshamn-7,841 pcs. fir pitwood-Fife Coal Co."
15. p. 265-267 - Imports - April 11 1885 - Timber Trades Journal 1885_p003.txt,31,Bul,Christiania,BORROWSTOUNNESS,"9,517 pit",props-W. Donaldson,31,3,1885,11,4,1885,False,"Mar. 31 Bul-Christiania-9,517 pit-props-W. Donaldson"
15. p. 265-267 - Imports - April 11 1885 - Timber Trades Journal 1885_p003.txt,35,Vesta,Oscarshamn,BORROWSTOUNNESS,"6,617 pit",props-A. Waldie,1,4,1885,11,4,1885,False,"Apr. 1 Vesta-Oscarshamn-6,617 pit-props-A. Waldie"
15. p. 265-267 - Imports - April 11 1885 - Timber Trades Journal 1885_p003.txt,39,Heimann,Falkenberg,BORROWSTOUNNESS,"14,945 fir pit",props-Love & Stewart,2,4,1885,11,4,1885,False,"2 Heimann-Falkenberg-14,945 fir pit-props-Love & Stewart"
15. p. 265-267 - Imports - April 11 1885 - Timber Trades Journal 1885_p003.txt,45,Albion,Fredrikshald,BORROWSTOUNNESS,"47,477 pit",props-Love & Stewart,6,4,1885,11,4,1885,False,"6 Albion-Fredrikshald-47,477 pit-props-Love & Stewart"
15. p. 265-267 - Imports - April 11 1885 - Timber Trades Journal 1885_p003.txt,48,Garry,Riga,DUNDEE,86 lds. lathwood,Arnimand & Co.,31,3,1885,11,4,1885,True,Mar. 31 Garry -Riga-86 lds. lathwood-Arnimand & Co. ; 30 lds. deals-Bell & Sime
15. p. 265-267 - Imports - April 11 1885 - Timber Trades Journal 1885_p003.txt,48,Garry,Riga,DUNDEE,30 lds. deals,Bell & Sime,31,3,1885,11,4,1885,True,Mar. 31 Garry -Riga-86 lds. lathwood-Arnimand & Co. ; 30 lds. deals-Bell & Sime
15. p. 265-267 - Imports - April 11 1885 - Timber Trades Journal 1885_p003.txt,49,Fairy Belle,Apalachicola,DUNDEE,"238 pcs. hewn pitch pine, 247 deals",Bell & Sime,2,4,1885,11,4,1885,False,"Apr. 2 Fairy Belle-Apalachicola-238 pcs. hewn pitch pine, 247 deals-Bell & Sime"
15. p. 265-267 - Imports - April 11 1885 - Timber Trades Journal 1885_p003.txt,53,Aurora,Christiania,FRASERBURGH,"177,513 staves, 180 barrels","G. Stephens, jun.",1,4,1885,11,4,1885,False,"Apr. 1 Aurora-Christiania-177,513 staves, 180 barrels-G. Stephens, jun."
15. p. 265-267 - Imports - April 11 1885 - Timber Trades Journal 1885_p003.txt,56,Circassian,New York,GLASGOW,345 pcs. oak timber,Edmiston & Mitchells,2,4,1885,11,4,1885,True,"Apr. 2 Circassian -New York-345 pcs. oak timber-Edmiston & Mitchells ; 11 maple logs-James Fraser ; 597 pcs. oak scantling-Brownlee & Co. ; 390 pcs., 55 bdls. fir-J. & A. MacFarlane ; 600 bdls. elm staves, 10 lds. wood-Order"
15. p. 265-267 - Imports - April 11 1885 - Timber Trades Journal 1885_p003.txt,56,Circassian,New York,GLASGOW,11 maple logs,James Fraser,2,4,1885,11,4,1885,True,"Apr. 2 Circassian -New York-345 pcs. oak timber-Edmiston & Mitchells ; 11 maple logs-James Fraser ; 597 pcs. oak scantling-Brownlee & Co. ; 390 pcs., 55 bdls. fir-J. & A. MacFarlane ; 600 bdls. elm staves, 10 lds. wood-Order"
15. p. 265-267 - Imports - April 11 1885 - Timber Trades Journal 1885_p003.txt,56,Circassian,New York,GLASGOW,597 pcs. oak scantling,Brownlee & Co.,2,4,1885,11,4,1885,True,"Apr. 2 Circassian -New York-345 pcs. oak timber-Edmiston & Mitchells ; 11 maple logs-James Fraser ; 597 pcs. oak scantling-Brownlee & Co. ; 390 pcs., 55 bdls. fir-J. & A. MacFarlane ; 600 bdls. elm staves, 10 lds. wood-Order"
15. p. 265-267 - Imports - April 11 1885 - Timber Trades Journal 1885_p003.txt,56,Circassian,New York,GLASGOW,"390 pcs., 55 bdls. fir",J. & A. MacFarlane,2,4,1885,11,4,1885,True,"Apr. 2 Circassian -New York-345 pcs. oak timber-Edmiston & Mitchells ; 11 maple logs-James Fraser ; 597 pcs. oak scantling-Brownlee & Co. ; 390 pcs., 55 bdls. fir-J. & A. MacFarlane ; 600 bdls. elm staves, 10 lds. wood-Order"
15. p. 265-267 - Imports - April 11 1885 - Timber Trades Journal 1885_p003.txt,56,Circassian,New York,GLASGOW,"600 bdls. elm staves, 10 lds. wood",Order,2,4,1885,11,4,1885,True,"Apr. 2 Circassian -New York-345 pcs. oak timber-Edmiston & Mitchells ; 11 maple logs-James Fraser ; 597 pcs. oak scantling-Brownlee & Co. ; 390 pcs., 55 bdls. fir-J. & A. MacFarlane ; 600 bdls. elm staves, 10 lds. wood-Order"
15. p. 265-267 - Imports - April 11 1885 - Timber Trades Journal 1885_p003.txt,58,,Gothenburg,GLASGOW,"13,116 pcs. sawn fir",Hay & Co.,1,4,1885,11,4,1885,True,"Apr. 1 -Gothenburg-13,116 pcs. sawn fir-Hay & Co."
15. p. 265-267 - Imports - April 11 1885 - Timber Trades Journal 1885_p003.txt,62,Richard Koleden,Mandal,PETERHEAD,"100,000 birch staves",Leask & Co.,31,3,1885,11,4,1885,False,"Mar. 31 Richard Koleden-Mandal-100,000 birch staves-Leask & Co."
18. p. 318-320 - Imports - May 2 1885 - Timber Trades Journal 1885_p003.txt,3,Zeememun,Harlingen,YARMOUTH,108 boards,C. Might,21,4,1885,2,5,1885,False,Apr. 21 Zeememun-Harlingen-108 boards-C. Might
18. p. 318-320 - Imports - May 2 1885 - Timber Trades Journal 1885_p003.txt,4,Newbottle,Norrkoping,YARMOUTH,"4,920 pcs. sawn fir",Jewson & Sons,27,4,1885,2,5,1885,False,"27 Newbottle-Norrkoping-4,920 pcs. sawn fir-Jewson & Sons; from Mem-14,761 pcs. sawn fir-Jewson & Sons"
18. p. 318-320 - Imports - May 2 1885 - Timber Trades Journal 1885_p003.txt,4,Newbottle,Norrkoping,YARMOUTH,from Mem,"14,761 pcs. sawn fir-Jewson & Sons",27,4,1885,2,5,1885,False,"27 Newbottle-Norrkoping-4,920 pcs. sawn fir-Jewson & Sons; from Mem-14,761 pcs. sawn fir-Jewson & Sons"
18. p. 318-320 - Imports - May 2 1885 - Timber Trades Journal 1885_p003.txt,8,Milton Park,San Francisco,BELFAST,30 lds. fir dunnage wood,Burke & Co.,20,4,1885,2,5,1885,False,Apr. 20 Milton Park-San Francisco-30 lds. fir dunnage wood-Burke & Co.
18. p. 318-320 - Imports - May 2 1885 - Timber Trades Journal 1885_p003.txt,9,Heldine,Fredrikstad,BELFAST,"31,111 pcs. sawn and planed fir",Hutton & Co.,21,4,1885,2,5,1885,False,"21 Heldine-Fredrikstad-31,111 pcs. sawn and planed fir-Hutton & Co."
18. p. 318-320 - Imports - May 2 1885 - Timber Trades Journal 1885_p003.txt,10,City of Malaga,Rotterdam,BELFAST,"1,016 bdls. wood hoops",J. C. Pinkerton,22,4,1885,2,5,1885,False,"22 City of Malaga-Rotterdam-1,016 bdls. wood hoops-J. C. Pinkerton"
18. p. 318-320 - Imports - May 2 1885 - Timber Trades Journal 1885_p003.txt,12,F. Atkinson,Apa lachi,BELFAST,"310 pcs. pp. hewn firwood, 77 pcs. sawn firwood, 260 deals",S. Lowther,23,4,1885,2,5,1885,False,"23 F. Atkinson-Apa lachi-310 pcs. pp. hewn firwood, 77 pcs. sawn firwood, 260 deals-S. Lowther"
18. p. 318-320 - Imports - May 2 1885 - Timber Trades Journal 1885_p003.txt,13,Martin Luther,Drammen,BELFAST,"23,063 boards planed",Larne Timber & Slate Co.,24,4,1885,2,5,1885,False,"24 Martin Luther-Drammen-23,063 boards planed-Larne Timber & Slate Co."
18. p. 318-320 - Imports - May 2 1885 - Timber Trades Journal 1885_p003.txt,14,Neptune,Bordeaux,BELFAST,67 bdls. wood hoops,J. C. Pinkerton,25,4,1885,2,5,1885,False,25 Neptune-Bordeaux-67 bdls. wood hoops-J. C. Pinkerton
18. p. 318-320 - Imports - May 2 1885 - Timber Trades Journal 1885_p003.txt,17,Clara,Danzig,CORK,283 pcs. lathwood,Scott & Co.,21,4,1885,2,5,1885,False,Apr. 21 Clara-Danzig-283 pcs. lathwood-Scott & Co.
18. p. 318-320 - Imports - May 2 1885 - Timber Trades Journal 1885_p003.txt,20,Plymouth Rock,Mobile,DUBLIN,"1,258 pcs. timber, 7,899 deals",T. & C. Martin,21,4,1885,2,5,1885,False,"Apr. 21 Plymouth Rock-Mobile-1,258 pcs. timber, 7,899 deals-T. & C. Martin"
18. p. 318-320 - Imports - May 2 1885 - Timber Trades Journal 1885_p003.txt,21,Marinne Bertha,Memel,DUBLIN,"973 pcs. timber, 330 deals, 4 fms. lathwood",T & C. Martin,22,4,1885,2,5,1885,False,"22 Marinne Bertha-Memel-973 pcs. timber, 330 deals, 4 fms. lathwood-T & C. Martin"
18. p. 318-320 - Imports - May 2 1885 - Timber Trades Journal 1885_p003.txt,22,Martha,Memel,DUBLIN,"2 877 deals, 575 pcs. timber, 10 fms. lathwood",J. Fitzsimon & Son,24,4,1885,2,5,1885,False,"24 Martha-Memel-2 877 deals, 575 pcs. timber, 10 fms. lathwood-J. Fitzsimon & Son"
18. p. 318-320 - Imports - May 2 1885 - Timber Trades Journal 1885_p003.txt,25,Louise Otto Warbelow,Memel,DUNDALK,"600 pcs. hewn fir, 230 pcs. sawn fir, 30 lds. lathwood",T. Williamson,22,4,1885,2,5,1885,False,"Apr. 22 Louise Otto Warbelow-Memel-600 pcs. hewn fir, 230 pcs. sawn fir, 30 lds. lathwood-T. Williamson"
18. p. 318-320 - Imports - May 2 1885 - Timber Trades Journal 1885_p003.txt,28,Fortuna,Doboy,GALWAY,"274 pcs. hewn pitch pine, 340 pcs. sawn pitch pine, 140 deals",Cloherty & Semple,21,4,1885,2,5,1885,False,"Apr. 21 Fortuna-Doboy-274 pcs. hewn pitch pine, 340 pcs. sawn pitch pine, 140 deals-Cloherty & Semple"
18. p. 318-320 - Imports - May 2 1885 - Timber Trades Journal 1885_p003.txt,31,Wladimir,Memel,LIMERICK,"195 pcs. hewn white fir, 407 pcs hewn red fir, 61 white fir sleeper blocks, 1,023 red fir deals",J. McDonnell,25,4,1885,2,5,1885,False,"Apr. 25 Wladimir-Memel-195 pcs. hewn white fir, 407 pcs hewn red fir, 61 white fir sleeper blocks, 1,023 red fir deals-J. McDonnell"
18. p. 318-320 - Imports - May 2 1885 - Timber Trades Journal 1885_p003.txt,35,Falken,Porsgrund,ALLOA,"22,818 pcs. hewn fir",J. Kennedy & Co.,20,4,1885,2,5,1885,False,"Apr. 20 Falken-Porsgrund-22,818 pcs. hewn fir-J. Kennedy & Co."
18. p. 318-320 - Imports - May 2 1885 - Timber Trades Journal 1885_p003.txt,36,Harbol,Gothenburg,ALLOA,"9,797 props",Adams,21,4,1885,2,5,1885,False,"21 Harbol-Gothenburg-9,797 props-Adams"
18. p. 318-320 - Imports - May 2 1885 - Timber Trades Journal 1885_p003.txt,38,Sara,Porsgrund,ALLOA,"22,918 props",Denholm,23,4,1885,2,5,1885,False,"23 Sara-Porsgrund-22,918 props-Denholm"
18. p. 318-320 - Imports - May 2 1885 - Timber Trades Journal 1885_p003.txt,39,Krystal,Drontheim,ALLOA,"25,368 pro",Fischer & Co.,27,4,1885,2,5,1885,True,"27 Krystal -Drontheim-25,368 pro - Fischer & Co."
18. p. 318-320 - Imports - May 2 1885 - Timber Trades Journal 1885_p003.txt,42,Ailsa,Pensacola,AYR,726 pcs. sawn fir,Paton & Sons,21,4,1885,2,5,1885,False,Apr. 21 Ailsa-Pensacola-726 pcs. sawn fir-Paton & Sons
18. p. 318-320 - Imports - May 2 1885 - Timber Trades Journal 1885_p003.txt,45,Jean Maurice,Hollen,BORROWSTOUNNESS,"10,897 fir props",Denholm & Co.,22,4,1885,2,5,1885,False,"Apr. 22 Jean Maurice-Hollen-10,897 fir props -Denholm & Co."
18. p. 318-320 - Imports - May 2 1885 - Timber Trades Journal 1885_p003.txt,46,Margaret,Porsgrund,BORROWSTOUNNESS,"13,728 pit",props-Love,24,4,1885,2,5,1885,False,"24 Margaret-Porsgrund-13,728 pit-props-Love"
18. p. 318-320 - Imports - May 2 1885 - Timber Trades Journal 1885_p003.txt,48,Fanny,Fredrikstad,BORROWSTOUNNESS,"25,264 props",Donaldson,25,4,1885,2,5,1885,False,"25 Fanny-Fredrikstad-25,264 props-Donaldson"
18. p. 318-320 - Imports - May 2 1885 - Timber Trades Journal 1885_p003.txt,49,Lydia,Christiansand,BORROWSTOUNNESS,"10,000 props",Love,27,4,1885,2,5,1885,False,"27 Lydia-Christiansand-10,000 props-Love"
18. p. 318-320 - Imports - May 2 1885 - Timber Trades Journal 1885_p003.txt,52,Spey,Riga,DUNDEE,"1,529 deals, 40 lds. lathwood",Armitstead & Co.,25,4,1885,2,5,1885,True,"Apr. 25 Spey -Riga-1,529 deals, 40 lds. lathwood-Armitstead & Co."
18. p. 318-320 - Imports - May 2 1885 - Timber Trades Journal 1885_p003.txt,53,Eleonore,Christiania,DUNDEE,"51 spars, 2,101 boat",hooks-J. Fleming,27,4,1885,2,5,1885,False,"27 Eleonore-Christiania-51 spars, 2,101 boat-hooks-J. Fleming"
18. p. 318-320 - Imports - May 2 1885 - Timber Trades Journal 1885_p003.txt,56,Sahara,Philadelphi,GLASGOW,"6,000 staves (about)",Edmiston & Mitchells,21,4,1885,2,5,1885,True,"Apr. 21 Sahara -Philadelphi-6,000 staves (about)-Edmiston & Mitchells"
18. p. 318-320 - Imports - May 2 1885 - Timber Trades Journal 1885_p003.txt,58,Serra,New York,GLASGOW,"1,200 staves",J. Kennedy & Co.,23,4,1885,2,5,1885,True,"23 Serra -New York-1,200 staves-J. Kennedy & Co. ; 1,200 staves-O'Connor"
18. p. 318-320 - Imports - May 2 1885 - Timber Trades Journal 1885_p003.txt,58,Serra,New York,GLASGOW,"1,200 staves",O'Connor,23,4,1885,2,5,1885,True,"23 Serra -New York-1,200 staves-J. Kennedy & Co. ; 1,200 staves-O'Connor"
18. p. 318-320 - Imports - May 2 1885 - Timber Trades Journal 1885_p003.txt,59,Ashford,Baltimore,GLASGOW,"2,164 barrel staves",Order,24,4,1885,2,5,1885,True,"24 Ashford -Baltimore-2,164 barrel staves-Order"
18. p. 318-320 - Imports - May 2 1885 - Timber Trades Journal 1885_p003.txt,62,Jana,Memel,GRANGEMOUTH,"11,297 sleeper blocks",Order,20,4,1885,2,5,1885,True,"Apr. 20 Jana -Memel-11,297 sleeper blocks-Order"
18. p. 318-320 - Imports - May 2 1885 - Timber Trades Journal 1885_p003.txt,63,Salier,Memel,GRANGEMOUTH,"2,206 deals and ends, 211 pcs. timber",McPherson & McLaren,21,4,1885,2,5,1885,False,"21 Salier-Memel-2,206 deals and ends, 211 pcs. timber-McPherson & McLaren"
18. p. 318-320 - Imports - May 2 1885 - Timber Trades Journal 1885_p003.txt,65,Hephi,Pensacola,GRANGEMOUTH,"t7 pcs hewn pine, 1,366 pcs. sawn pine",,23,4,1885,2,5,1885,False,"23 Hephi-Pensacola-t7 pcs hewn pine, 1,366 pcs. sawn pine"
18. p. 318-320 - Imports - May 2 1885 - Timber Trades Journal 1885_p003.txt,69,Familien,Drammen,GRANTON,"470,790 staves",Salvesen & Co.,20,4,1885,2,5,1885,False,"Apr. 20 Familien-Drammen-470,790 staves-Salvesen & Co."
18. p. 318-320 - Imports - May 2 1885 - Timber Trades Journal 1885_p003.txt,70,Frithiof,Gothenburg,GRANTON,"1,262 bdls. staves, 1,536 props",Salvesen & Co.,24,4,1885,2,5,1885,True,"24 Frithiof -Gothenburg-1,262 bdls. staves, 1,536 props-Salvesen & Co."
18. p. 318-320 - Imports - May 2 1885 - Timber Trades Journal 1885_p003.txt,73,Sampo,Pensacola,GREENOCK,"1,119 pcs. sawn timber, 298 deals",Order,21,4,1885,2,5,1885,False,"Apr. 21 Sampo-Pensacola-1,119 pcs. sawn timber, 298 deals-Order"
18. p. 318-320 - Imports - May 2 1885 - Timber Trades Journal 1885_p003.txt,74,Orca,Pensacola,GREENOCK,"1.380 pcs. sawn timber, 514 deals","Singleton, Dunn, & Co.",22,4,1885,2,5,1885,False,"22 Orca-Pensacola-1.380 pcs. sawn timber, 514 deals-Singleton, Dunn, & Co."
18. p. 318-320 - Imports - May 2 1885 - Timber Trades Journal 1885_p003.txt,75,General Rve,Pensacola,GREENOCK,"60 pcs. hewn pitch pine, 1,952 pcs. sawn pitch pine, 589 pitch pine deals",Order,23,4,1885,2,5,1885,False,"23 General Rve-Pensacola-60 pcs. hewn pitch pine, 1,952 pcs. sawn pitch pine, 589 pitch pine deals-Order"
18. p. 318-320 - Imports - May 2 1885 - Timber Trades Journal 1885_p003.txt,77,Iris,Apalachicola,GREENOCK,"131 pcs. hewn pitch pine, 80 pcs. hewn pitch pine (cut for stowage), 142 pitch pine deals",Edmiston & Mitchells,24,4,1885,2,5,1885,False,"24 Iris-Apalachicola-131 pcs. hewn pitch pine, 80 pcs. hewn pitch pine (cut for stowage), 142 pitch pine deals-Edmiston & Mitchells"
18. p. 318-320 - Imports - May 2 1885 - Timber Trades Journal 1885_p003.txt,83,Rederinden,Drobak,KIRKCALDY,"4,642 pit",props-Lochgelly Iron & Coal Co.,25,4,1885,2,5,1885,False,"Apr. 25 Rederinden-Drobak-4,642 pit-props-Lochgelly Iron & Coal Co."
18. p. 318-320 - Imports - May 2 1885 - Timber Trades Journal 1885_p003.txt,86,Thorsa,Christiansand,LEITH,"338 pcs. sawn fir, 16 pcs. hewn fir",J. Currie & Co.,20,4,1885,2,5,1885,False,"Apr. 20 Thorsa-Christiansand-338 pcs. sawn fir, 16 pcs. hewn fir-J. Currie & Co."
18. p. 318-320 - Imports - May 2 1885 - Timber Trades Journal 1885_p003.txt,88,Livonia,Riga,LEITH,26 lds. lathwood,J. Cormack,23,4,1885,2,5,1885,True,23 Livonia -Riga-26 lds. lathwood-J. Cormack
18. p. 318-320 - Imports - May 2 1885 - Timber Trades Journal 1885_p003.txt,90,Ethel,Drammen,LEITH,185 lds. sawn fir,Salvesen,27,4,1885,2,5,1885,False,27 Ethel-Drammen-185 lds. sawn fir-Salvesen
18. p. 318-320 - Imports - May 2 1885 - Timber Trades Journal 1885_p003.txt,95,Walter,Drammen,LERWICK,"6,106 deals and battens, 14 spars, 6,500 birch staves, 5½ lds. firewood",Stone & Co.,20,4,1885,2,5,1885,False,"Apr. 20 Walter-Drammen-6,106 deals and battens, 14 spars, 6,500 birch staves, 5½ lds. firewood-Stone & Co."
18. p. 318-320 - Imports - May 2 1885 - Timber Trades Journal 1885_p003.txt,96,Jenny,Drammen,LERWICK,"22 spars, 2 fms. firewood",Hay & Co.,21,4,1885,2,5,1885,False,"21 Jenny-Drammen-22 spars, 2 fms. firewood-Hay & Co."
18800110.txt,7,Bessie Young,Quebec,BEAUMARIS,"527 pcs. oak, elm, and pine, 3,620 deals and boards, 1,200 staves, 8 cords lathwood, 30 spars",Davies and Sons,31,12,1880,10,1,1880,False,"Dec. 31 Bessie Young-Quebec-527 pcs. oak, elm, and pine, 3,620 deals and boards, 1,200 staves, 8 cords lathwood, 30 spars-Davies and Sons"
18800110.txt,10,Francois P.,L'Orient,CARDIFF,74 loads pitwood,Morel Bros.,30,12,1880,10,1,1880,False,Dec. 30 Francois P.-L'Orient-74 loads pitwood-Morel Bros.
18800110.txt,15,A. Bradshaw,New York,EXETER,10 cords firewood,Sandford,5,1,1880,10,1,1880,False,Jan. 5 A. Bradshaw-New York-10 cords firewood-Sandford
18800110.txt,18,Arthur,Charlottetown,FOWEY,350 deals,Hitchins,2,1,1880,10,1,1880,False,Jan. 2 Arthur-Charlottetown-350 deals-Hitchins
18800110.txt,21,Dictator,Baltimore,GLOUCESTER,8 lds. fir tim.,Pridal,2,1,1880,10,1,1880,False,Jan. 2 Dictator-Baltimore-8 lds. fir tim.-Pridal
18800110.txt,25,Andreas Riis,Baltimore,HARTLEPOOL (WEST),5 loads board,Hansen,31,12,1880,10,1,1880,False,Dec. 31 Andreas Riis-Baltimore-5 loads board-Hansen
18800110.txt,28,Sweden,G'burg,HARTLEPOOL (WEST),"20,976 props","3,772 deal, 802 bundles laths-Young",5,12,1880,10,1,1880,False,"5 Sweden-G'burg-20,976 props-3,772 deal, 802 bundles laths-Young"
18800110.txt,31,Hero,Xnia,HULL,"1,873 pkgs. wood pulp",Wilsons,1,1,1880,10,1,1880,True,"Jan. 1 Hero -Xnia-1,873 pkgs. wood pulp-Wilsons"
18800110.txt,32,Bollo,G'burg,HULL,"stds. 12,017 battens","Barkworth & Co. 2,003 props-Order.",5,1,1880,10,1,1880,True,"5 Bollo -G'burg-stds. 12,017 battens-Barkworth & Co. 2,003 props-Order."
18800110.txt,35,Amaranthe,Puerta Cortes,LIVERPOOL,"194 logs mahogany, 104 logs cedar, 103 ends, 171 pcs. fustic",C. W. Dieseldorff,1,1,1880,10,1,1880,False,"Jan. 1 Amaranthe-Puerta Cortes-194 logs mahogany, 104 logs cedar, 103 ends, 171 pcs. fustic-C. W. Dieseldorff"
18800110.txt,40,Gallia,New York,LIVERPOOL,"19 logs maple, 9 logs walnut",Order,2,1,1880,10,1,1880,True,"2 Gallia -New York-19 logs maple, 9 logs walnut-Order"
18800110.txt,44,Trentham Hall,Baltimore,LIVERPOOL,"31 logs walnut, 3,610 staves",Order,3,1,1880,10,1,1880,True,"3 Trentham Hall -Baltimore-31 logs walnut, 3,610 staves-Order"
18800110.txt,49,Alfarin,Belize,LIVERPOOL,"196 1/2 t. logwood, 322 logs, 50 fantails mahogany, 3 logs cedar",Order,5,1,1880,10,1,1880,False,"5 Alfarin-Belize-196 1/2 t. logwood, 322 logs, 50 fantails mahogany, 3 logs cedar-Order"
18800110.txt,52,Hero,Pensacola,LIVERPOOL,"1,039 pcs. timber, 400 deals",Crow & Co.,6,1,1880,10,1,1880,False,"6 Hero-Pensacola-1,039 pcs. timber, 400 deals-Crow & Co."
18800110.txt,55,Dunbritton,New York,LONDON,628 doors,"Jenkins-1,800 staves-Simson & Mason",1,1,1880,10,1,1880,False,"January 1 Dunbritton-New York-628 doors-Jenkins-1,800 staves-Simson & Mason"
18800110.txt,56,Falcon,Antwerp,LONDON,46 lgs. rosewood.,A. Holland,2,1,1880,10,1,1880,True,2 Falcon -Antwerp-46 lgs. rosewood.-A. Holland
18800110.txt,66,E. W. Stetson,New York,LONDON,"350 handspikes, 699 bdls. mldgs. 1,696 doors",Bradley & Currie,3,1,1880,10,1,1880,False,"3 E. W. Stetson-New York-350 handspikes, 699 bdls. mldgs. 1,696 doors-Bradley & Currie"
18800110.txt,75,Albert Ed.,G'burg,LONDON,120 bundles wood pulp,L. Tide,5,1,1880,10,1,1880,True,5 Albert Ed. -G'burg-120 bundles wood pulp-L. Tide
18800110.txt,79,Arcadia,Jamaica,LONDON,"530 spars, 13 t lgwd.",Order,6,1,1880,10,1,1880,False,"6 Arcadia-Jamaica-530 spars, 13 t lgwd.-Order"
18800110.txt,83,Constance,Pensacola,LYNN,"157 pcs. hewn p. pine, 897 pcs. sawn p. pine, 625 deals p. pine",English Bros.,31,12,1880,10,1,1880,False,"Dec. 31 Constance-Pensacola-157 pcs. hewn p. pine, 897 pcs. sawn p. pine, 625 deals p. pine-English Bros."
18800110.txt,86,Nonpariel,Boston,MARYPORT,30 loads bds.,Captain,30,12,1880,10,1,1880,False,Dec. 30 Nonpariel-Boston-30 loads bds.-Captain
18800110.txt,89,Paris,Dieppe,NEWHAVEN,20 cwts. veneers,Hervey,1,1,1880,10,1,1880,False,Jan. 1 Paris-Dieppe-20 cwts. veneers-Hervey
18800110.txt,92,Esk Holme,Riga,NEWHAVEN,8 fms. lathwood,Jones & Co.,31,12,1880,10,1,1880,False,Dec. 31 Esk Holme-Riga-8 fms. lathwood-Jones & Co.
18800110.txt,96,F. Lente,Quebec,PLYMOUTH,436 pairs oars,Captain.,30,12,1880,10,1,1880,False,Dec. 30 F. Lente-Quebec-436 pairs oars-Captain.
18800110.txt,97,Berkeley C.,Pensacola,PLYMOUTH,442 pcs. hewn fir timber,722 pcs. sawn fir timber-879 pcs. sawn firwood-R. & R. Bayley,3,1,1880,10,1,1880,False,Jan. 3 Berkeley C.-Pensacola-442 pcs. hewn fir timber-722 pcs. sawn fir timber-879 pcs. sawn firwood-R. & R. Bayley
18800110.txt,100,Comete,Bordeaux,SWANSEA,172 loads fir timber,Thomas & Carr,30,12,1880,10,1,1880,False,Dec. 30 Comete-Bordeaux-172 loads fir timber-Thomas & Carr
18800110.txt,102,Kate,Summerside,SWANSEA,242 pcs. sawn fir,Marcus & Co.,2,1,1880,10,1,1880,False,Jan. 2 Kate-Summerside-242 pcs. sawn fir-Marcus & Co.
18800110.txt,107,Frithiof,Gothenburg,GRANTON,"2,269 sleepers",720 battens-Salvesen and Co.,30,12,1880,10,1,1880,False,"Dec. 30 Frithiof-Gothenburg-2,269 sleepers-720 battens-Salvesen and Co."
18800110.txt,110,Ellida,Holmstrand,LEITH,3 1/2 fms. firewood,Mitchell Somerville,2,1,1880,10,1,1880,False,Jan. 2 Ellida-Holmstrand-3 1/2 fms. firewood-Mitchell Somerville
18800110.txt,113,J. Lefurgey,"Summerside P. E. I. 1,333 deals",DUBLIN,Order,,5,1,1880,10,1,1880,False,"Jan. 5 J. Lefurgey-Summerside P. E. I. 1,333 deals-Order"
18810129p.74.txt,97,"Tjalfe—Laurvig—8,009 pit","props, 9,086 crown",TYNE,trees—Order,,14,1,1881,29,1,1881,False,"14 Tjalfe—Laurvig—8,009 pit-props, 9,086 crown-trees—Order"
18810514p.306_p001.txt,112,"Gitano —Gothenburg—8,031 props, 4,393 pcs. timber—Wilson, Sons, & Co. ; 1,703 sleepers—A. Wikner ; 11,744 sleepers—H. Smith & Co. ; 6,699 props—H. Haagensen & Co. ; 33",0,HULL,24 battens—Order,,4,5,1881,14,5,1881,True,"4 Gitano —Gothenburg—8,031 props, 4,393 pcs. timber—Wilson, Sons, & Co. ; 1,703 sleepers—A. Wikner ; 11,744 sleepers—H. Smith & Co. ; 6,699 props—H. Haagensen & Co. ; 33-0-24 battens—Order"
18810709p.32_p001.txt,80,Ahkera,Bjorneborg,"JULY 9, 1881","7,072 pcs.",,30,6,1881,9,7,1881,False,"June 30 Ahkera-Bjorneborg-7,072 pcs."
18810709p.32_p001.txt,83,Elise,Oscarshamn,"JULY 9, 1881",Order,,2,6,1881,9,7,1881,False,2 Elise-Oscarshamn-Order
18810709p.32_p001.txt,92,Elizabeth,Riga,"JULY 9, 1881",Order,,6,6,1881,9,7,1881,True,6 Elizabeth -Riga-Order
18810709p.32_p001.txt,99,Sp[?],Quebec,"JULY 9, 1881",Order,,29,6,1881,9,7,1881,False,June 29 Sp[?]-Quebec-Order
18810709p.32_p001.txt,103,Otter,Quebec,"JULY 9, 1881",Order,,30,6,1881,9,7,1881,False,30 Otter-Quebec-Order
18810709p.32_p001.txt,113,Marquis of Lorne,Riga,BARROW,"8,398 pcs. fir hewn, 396 sleepers","Price, Potter, Walker, & Co.",1,7,1881,9,7,1881,False,"July 1 Marquis of Lorne-Riga-8,398 pcs. fir hewn, 396 sleepers-Price, Potter, Walker, & Co."
18810709p.32_p001.txt,114,Jason,Doboy,BARROW,"397 pcs. hewn, 371 pcs. sawn, 334 deals",King Bros.,4,7,1881,9,7,1881,False,"July 4 Jason-Doboy-397 pcs. hewn, 371 pcs. sawn, 334 deals-King Bros."
18810709p.32_p001.txt,117,Auguste et Charles,Auray,CARDIFF,63 lds. pitwood,Lowell,28,6,1881,9,7,1881,False,June 28 Auguste et Charles-Auray-63 lds. pitwood-Lowell
18810709p.32_p001.txt,118,Auguste,Auray,CARDIFF,125 lds. pitwood,"Jones, Heard",29,6,1881,9,7,1881,False,"June 29 Auguste-Auray-125 lds. pitwood-Jones, Heard"
18810709p.32_p001.txt,119,Windermere,Riga,CARDIFF,"9,000 pcs. fir sawn, 1,286 pcs. fir hewn",Watson & Co.,1,7,1881,9,7,1881,False,"July 1 Windermere-Riga-9,000 pcs. fir sawn, 1,286 pcs. fir hewn-Watson & Co."
18810709p.32_p001.txt,120,Eliza,Redon,CARDIFF,115 lds. pitwood,Morel,2,7,1881,9,7,1881,False,July 2 Eliza-Redon-115 lds. pitwood-Morel
18810709p.32_p001.txt,121,Johannes Koster,Stettin,CARDIFF,3 lds. firwood sawn,Capt. Schluck,2,7,1881,9,7,1881,False,July 2 Johannes Koster-Stettin-3 lds. firwood sawn -Capt. Schluck
18810709p.32_p001.txt,122,Helga,Miramichi,CARDIFF,"18,402 deals",J. Bland,1,7,1881,9,7,1881,False,"July 1 Helga-Miramichi-18,402 deals-J. Bland"
18810709p.32_p001.txt,123,Sutton,"St. John, N.B.",CARDIFF,"19,272 deals",Alexanders & Co.,2,7,1881,9,7,1881,False,"July 2 Sutton-St. John, N.B.-19,272 deals-Alexanders & Co."
18810709p.32_p001.txt,124,Manuel Antonito,Ferrol,CARDIFF,270 lds. pitwood,M. Christobal,2,7,1881,9,7,1881,False,July 2 Manuel Antonito-Ferrol-270 lds. pitwood-M. Christobal
18810709p.32_p001.txt,125,Salvatore,Pensacola,CARDIFF,"750 pcs. fir timber, 22,000 deals",John Bland & Co.,4,7,1881,9,7,1881,False,"July 4 Salvatore-Pensacola-750 pcs. fir timber, 22,000 deals-John Bland & Co."
18810709p.32_p001.txt,126,Paul and Marie,Redon,CARDIFF,95 lds. pitwood,Morel,4,7,1881,9,7,1881,False,July 4 Paul and Marie-Redon-95 lds. pitwood-Morel
18810709p.32_p001.txt,129,Jason,Doboy,BRISTOL,"397 pcs. hewn, 371 pcs. sawn, 334 deals",King Bros.,4,7,1881,9,7,1881,False,"July 4 Jason-Doboy-397 pcs. hewn, 371 pcs. sawn, 334 deals-King Bros."
18810709p.32_p001.txt,132,Avenir,Frederickstadt,EXETER,"25,921 boards",Gabriel & Sons,1,7,1881,9,7,1881,False,"July 1 Avenir-Frederickstadt-25,921 boards-Gabriel & Sons"
18810709p.32_p001.txt,135,Ben Lomond,Gefle,GLOUCESTER,"25,365 deals",Adams,1,7,1881,9,7,1881,False,"July 1 Ben Lomond-Gefle-25,365 deals-Adams"
18810709p.32_p001.txt,136,Ben Lomond,Gefle,GLOUCESTER,10 lds. firewood,R. Blink,2,7,1881,9,7,1881,False,July 2 Ben Lomond-Gefle-10 lds. firewood-R. Blink
18810709p.32_p001.txt,137,Celeste,Bjorneborg,GLOUCESTER,792 deals,Price & Co.,2,7,1881,9,7,1881,False,July 2 Celeste-Bjorneborg-792 deals-Price & Co.
18810709p.32_p001.txt,140,Behrend,Darien,GOOLE,"777 pcs. sawn, 193 deals pitch pine",Order,27,6,1881,9,7,1881,False,"June 27 Behrend-Darien-777 pcs. sawn, 193 deals pitch pine-Order"
18810709p.32_p001.txt,141,Olga,Wyburg,GOOLE,"16,851 deals, &c.",Order,1,7,1881,9,7,1881,False,"July 1 Olga-Wyburg-16,851 deals, &c.-Order"
18810709p.32_p001.txt,142,Hamalainen,Wyburg,GOOLE,"22,002 battens, &c.",Order,1,7,1881,9,7,1881,False,"July 1 Hamalainen-Wyburg-22,002 battens, &c. -Order"
18810709p.32_p001.txt,146,Ottoman,Riga,GRIMSBY,"6,865 deals and ends",Bennetts,29,6,1881,9,7,1881,False,"June 29 Ottoman-Riga-6,865 deals and ends-Bennetts"
18810709p.32_p001.txt,147,Johvat,Riga,GRIMSBY,"6,779 deals and ends",Bennetts,30,6,1881,9,7,1881,False,"June 30 Johvat-Riga-6,779 deals and ends-Bennetts"
18810709p.32_p001.txt,148,Helgesen,Ornskoldsvik,GRIMSBY,"11,367 battens",Chapman,1,7,1881,9,7,1881,False,"July 1 Helgesen-Ornskoldsvik-11,367 battens-Chapman"
18810709p.32_p001.txt,149,& 2 Melanie,Riga,GRIMSBY,"6,614 deals, &c.",Bennetts 75 wainscot logs-Order,1,7,1881,9,7,1881,False,"July 1 & 2 Melanie-Riga-6,614 deals, &c.-Bennetts 75 wainscot logs-Order"
18810709p.32_p001.txt,150,Neptun,Kotka,GRIMSBY,"7,549 deals, &c.",Wintringham,4,7,1881,9,7,1881,False,"July 4 Neptun-Kotka-7,549 deals, &c.-Wintringham"
18810709p.32_p001.txt,151,& 5 Johanna,Memel,GRIMSBY,"10,988 posts, 15,630 rails fir",Order,4,7,1881,9,7,1881,False,"July 4 & 5 Johanna-Memel-10,988 posts, 15,630 rails fir-Order"
18810709p.32_p001.txt,152,Beatrice,Memel,GRIMSBY,"38,289 oak staves",Order,5,7,1881,9,7,1881,False,"July 5 Beatrice-Memel-38,289 oak staves-Order"
18810709p.32_p001.txt,153,Dorthea,Riga,GRIMSBY,241 lds. firewood,Order,5,7,1881,9,7,1881,False,July 5 Dorthea-Riga-241 lds. firewood-Order
18810709p.32_p001.txt,154,& 5 Industrie,Riga,GRIMSBY,"17,400 deals and ends",Bennetts,4,7,1881,9,7,1881,False,"July 4 & 5 Industrie-Riga-17,400 deals and ends-Bennetts; 75 pcs. oak-Marshall & Atkinson"
18810709p.32_p001.txt,154,& 5 Industrie,Riga,GRIMSBY,75 pcs. oak,Marshall & Atkinson,4,7,1881,9,7,1881,False,"July 4 & 5 Industrie-Riga-17,400 deals and ends-Bennetts; 75 pcs. oak-Marshall & Atkinson"
18810709p.32_p001.txt,155,Aimo,Slite,GRIMSBY,"12,063 battens, 5 fms. firewood",Order,5,7,1881,9,7,1881,False,"July 5 Aimo-Slite-12,063 battens, 5 fms. firewood-Order"
18810709p.32_p001.txt,156,Esperance,Gefle,GRIMSBY,"6,315 deals, &c.",Wintringham,5,7,1881,9,7,1881,False,"July 5 Esperance-Gefle-6,315 deals, &c.-Wintringham"
18810709p.32_p001.txt,157,Betty Saumber,Riga,GRIMSBY,"741 sawn, 8,678 sleepers",Order,5,7,1881,9,7,1881,True,"July 5 Betty Saumber -Riga-741 sawn, 8,678 sleepers-Order"
18810709p.32_p001.txt,158,H. von Schroeder,Doboy,GRIMSBY,"428 pcs. timber, 230 deals",Bennetts,5,7,1881,9,7,1881,False,"July 5 H. von Schroeder-Doboy-428 pcs. timber, 230 deals-Bennetts"
18810709p.32_p001.txt,161,H. Jorten,Solstadstrom,HARTLEPOOL (WEST),"8,756 pit",props-G. Horsley & Co.,29,6,1881,9,7,1881,False,"June 29 H. Jorten-Solstadstrom-8,756 pit-props-G. Horsley & Co."
18810709p.32_p001.txt,162,Nathalia,Monsteras,HARTLEPOOL (WEST),"6,119 pit",props-Coxon,29,6,1881,9,7,1881,False,"June 29 Nathalia-Monsteras-6,119 pit-props-Coxon"
18810709p.32_p001.txt,163,Coral Queen,Gothenburg,HARTLEPOOL (WEST),"14,833 deals, 12,003 pit","props, 5,000 bales laths-W. J. Young",30,6,1881,9,7,1881,False,"June 30 Coral Queen-Gothenburg-14,833 deals, 12,003 pit-props, 5,000 bales laths-W. J. Young"
18810709p.32_p001.txt,164,J. H. Van Gent,Windau,HARTLEPOOL (WEST),"2,303 sleepers, 444 half","sleepers-Calder, Dixon, & Co.",30,6,1881,9,7,1881,False,"June 30 J. H. Van Gent-Windau-2,303 sleepers, 444 half-sleepers-Calder, Dixon, & Co."
18810709p.32_p001.txt,165,Elizabeth,Brevig,HARTLEPOOL (WEST),"1,363 pcs. square timber, 560 pit",props-G. Horsley & Co.,30,6,1881,9,7,1881,False,"June 30 Elizabeth-Brevig-1,363 pcs. square timber, 560 pit-props-G. Horsley & Co."
18810709p.32_p001.txt,166,Anna,Calmar,HARTLEPOOL (WEST),"8,456 pit",props-G. Pyman,1,7,1881,9,7,1881,False,"July 1 Anna-Calmar-8,456 pit-props-G. Pyman"
18810709p.32_p001.txt,167,Windau,Windau,HARTLEPOOL (WEST),"4,002 square sleepers",Burt,1,7,1881,9,7,1881,False,"July 1 Windau-Windau-4,002 square sleepers-Burt"
18810709p.32_p001.txt,168,Peter,Oxelosund,HARTLEPOOL (WEST),"19,419 battens and boards",Henry Brown & Co.,1,7,1881,9,7,1881,False,"July 1 Peter-Oxelosund-19,419 battens and boards-Henry Brown & Co."
18810709p.32_p001.txt,169,Garibaldi,Quebec,HARTLEPOOL (WEST),"150 pcs. oak hewn, 53 pcs. elm hewn, 217 pcs. birch, 600 pcs. fir hewn, 2,843 deals and ends",W. Gray & Co.,1,7,1881,9,7,1881,False,"July 1 Garibaldi-Quebec-150 pcs. oak hewn, 53 pcs. elm hewn, 217 pcs. birch, 600 pcs. fir hewn, 2,843 deals and ends-W. Gray & Co."
18810709p.32_p001.txt,170,Renhas,Lappvik,HARTLEPOOL (WEST),"12,079 deals, battens, and boards","Pape, Day, & Co.",1,7,1881,9,7,1881,False,"July 1 Renhas-Lappvik-12,079 deals, battens, and boards-Pape, Day, & Co."
18810709p.32_p001.txt,171,Sarepta,Kotka,HARTLEPOOL (WEST),"9,413 battens",J. Rhodes & Co.,2,7,1881,9,7,1881,False,"July 2 Sarepta-Kotka-9,413 battens-J. Rhodes & Co."
18810709p.32_p001.txt,172,Carl,Riga,HARTLEPOOL (WEST),"5,205 deals, boards, and ends",Pickford & Co.,2,7,1881,9,7,1881,False,"July 2 Carl-Riga-5,205 deals, boards, and ends-Pickford & Co."
18810709p.32_p001.txt,173,Fritz,Riga,HARTLEPOOL (WEST),"5,228 deals",Harrison & Singleton,2,7,1881,9,7,1881,False,"July 2 Fritz-Riga-5,228 deals-Harrison & Singleton"
18810709p.32_p001.txt,174,Elma,Ekenas,HARTLEPOOL (WEST),"4,045 pit",props-Nielsen & Son,2,7,1881,9,7,1881,False,"July 2 Elma-Ekenas-4,045 pit-props-Nielsen & Son"
18810709p.32_p001.txt,175,Agnes,Westerwick,HARTLEPOOL (WEST),"6,448 pit",props-Nielsen,2,7,1881,9,7,1881,False,"July 2 Agnes-Westerwick-6,448 pit-props-Nielsen"
18810709p.32_p001.txt,176,Urda,Drammen,HARTLEPOOL (WEST),"217 spars, 58 pit","props - Groves, Maclean, & Co.",2,7,1881,9,7,1881,False,"July 2 Urda- Drammen - 217 spars, 58 pit-props - Groves, Maclean, & Co."
18810709p.32_p001.txt,177,Rokeby,"43,319 battens",HARTLEPOOL (WEST),Rhodes,,4,7,1881,9,7,1881,False,"July 4 Rokeby-43,319 battens-Rhodes"
18810709p.32_p001.txt,178,Toivo,Kotka,HARTLEPOOL (WEST),"16,166 boards",T. Walker & Co.,4,7,1881,9,7,1881,False,"July 4 Toivo-Kotka-16,166 boards-T. Walker & Co."
18810709p.32_p001.txt,179,Colibri,Wisby,HARTLEPOOL (WEST),"2,986 deals and battens",Nilsson,4,7,1881,9,7,1881,False,"July 4 Colibri-Wisby-2,986 deals and battens-Nilsson"
18810709p.32_p001.txt,180,Russia,Gefle,HARTLEPOOL (WEST),"18,135 deals and battens",Rhodes,4,7,1881,9,7,1881,False,"July 4 Russia-Gefle-18,135 deals and battens-Rhodes"
18810709p.32_p001.txt,181,Virago,Timmernnabben,HARTLEPOOL (WEST),"10,241 pit",props- G. T. Pearson & Co.,4,7,1881,9,7,1881,False,"July 4 Virago-Timmernnabben-10,241 pit-props- G. T. Pearson & Co."
18810709p.32_p001.txt,182,Hazard,Riga,HARTLEPOOL (WEST),"3,152 deals",May & Hassell,5,7,1881,9,7,1881,False,"July 5 Hazard-Riga-3,152 deals-May & Hassell"
18810709p.32_p001.txt,185,Familiens Haab,Kotka,HARWICH,"7,322 battens",Taylor & Jessup,2,7,1881,9,7,1881,False,"July 2 Familiens Haab-Kotka-7,322 battens-Taylor & Jessup"
18810723p.64_p001.txt,31,Protector,New Richmond,BARROW,"280 pcs. birch, 637 pcs. pine, 10,388 deals, 20 lds. lathwood",W. Gradwell,18,7,1881,23,7,1881,False,"July 18 Protector-New Richmond-280 pcs. birch, 637 pcs. pine, 10,388 deals, 20 lds. lathwood-W. Gradwell"
18810723p.64_p001.txt,33,Gorm,Hudikswall,BRISTOL,"16,536 deals",Jones & Nash,11,7,1881,23,7,1881,True,"July 11 Gorm -Hudikswall-16,536 deals-Jones & Nash"
18810723p.64_p001.txt,34,Wilhelm,Attu,BRISTOL,"18,850 deals and battens",Jones & Nash,13,7,1881,23,7,1881,False,"13 Wilhelm-Attu-18,850 deals and battens-Jones & Nash"
18810723p.64_p001.txt,35,S. A. Sadler,Uleaborg,BRISTOL,"12,530 deals, &c.",Taylor & Co.,18,7,1881,23,7,1881,True,"18 S. A. Sadler -Uleaborg-12,530 deals, &c.-Taylor & Co."
18810723p.64_p001.txt,39,John Fraseman,Bordeaux,CARDIFF,140 lds. pit,"props-Jones, Heard, & Ingram",13,7,1881,23,7,1881,False,"July 13 John Fraseman-Bordeaux-140 lds. pit-props-Jones, Heard, & Ingram"
18810723p.64_p001.txt,45,Agustina,Villagarcia,CARDIFF,firwood hewn,"Jones, Heard, & Ingram",14,7,1881,23,7,1881,False,"14 Agustina-Villagarcia - firwood hewn-Jones, Heard, & Ingram"
18810723p.64_p001.txt,48,Alphonse Marianne,Villagarcia,CARDIFF,140 lds. pit,props-J. H. Ingram,18,7,1881,23,7,1881,False,18 Alphonse Marianne-Villagarcia-140 lds. pit-props-J. H. Ingram
18810723p.64_p001.txt,51,Ocean Child,Darien,CARNARVON,584 fir logs,John Williams & Sons,14,7,1881,23,7,1881,False,July 14 Ocean Child - Darien - 584 fir logs-John Williams & Sons
18810723p.64_p001.txt,53,Ellen,Langesund,CHESTER,"6,537 mining poles",R. Grandidge,16,7,1881,23,7,1881,False,"July 16 Ellen-Langesund-6,537 mining poles-R. Grandidge"
18810723p.64_p001.txt,55,Grimstadt,Langro,COLCHESTER,"7,076 deals and battens, 4 lds. firewood",Nicholl & Co.,18,7,1881,23,7,1881,False,"July 18 Grimstadt-Langro-7,076 deals and battens, 4 lds. firewood-Nicholl & Co."
18810723p.64_p001.txt,57,Henrietta Steinath,Riga,DARTMOUTH,"658 pcs. fir, 587 deals, 8,717 pcs. split wood",Wm. Ashford,14,7,1881,23,7,1881,False,"July 14 Henrietta Steinath-Riga-658 pcs. fir, 587 deals, 8,717 pcs. split wood-Wm. Ashford"
18810723p.64_p001.txt,59,Exmouth Bight,Riga,EXETER,22 lds. lathwood,Capt. Kirkpatrick,16,7,1881,23,7,1881,False,July 16 Exmouth Bight-Riga-22 lds. lathwood-Capt. Kirkpatrick
18810723p.64_p001.txt,61,Erna,Porsgrund,FOWEY,"9,743 pcs. fir",Dingle,14,7,1881,23,7,1881,False,"July 14 Erna-Porsgrund-9,743 pcs. fir-Dingle"
18810723p.64_p001.txt,63,Homewood,San Francisco,GLOUCESTER,250 pcs. fir,wood sawn-Goodwin & Romans,13,7,1881,23,7,1881,False,July 13 Homewood-San Francisco-250 pcs. fir-wood sawn-Goodwin & Romans
18810723p.64_p001.txt,69,Thugney,New Orleans,GLOUCESTER,"1,500 oak staves",Midland Railway Co.,15,7,1881,23,7,1881,False,"15 Thugney-New Orleans-1,500 oak staves-Midland Railway Co."
18810723p.64_p001.txt,72,Lady Frances,St. John,GLOUCESTER,"26,068 deals and battens, 1,843 scantlings, 7,267 ends, 2,270 boards",Barkworth & Spaldin,16,7,1881,23,7,1881,False,"16 Lady Frances-St. John-26,068 deals and battens, 1,843 scantlings, 7,267 ends, 2,270 boards-Barkworth & Spaldin"
18810723p.64_p001.txt,76,Captain Daw,St. Mary's (U.S.A.),GOOLE,"3,886 pcs. timber",Order,11,7,1881,23,7,1881,False,"July 11 Captain Daw-St. Mary's (U.S.A.)-3,886 pcs. timber-Order"
18810723p.64_p001.txt,77,Mai,Helsingfors,GOOLE,"7,427 pcs. fir",Order,18,7,1881,23,7,1881,False,"18 Mai-Helsingfors-7,427 pcs. fir-Order"
18810723p.64_p001.txt,79,& 14,Solide,GRIMSBY,Sundswall,"7,280 battens-C. Tuplin & Co.",13,7,1881,23,7,1881,False,"July 13 & 14-Solide-Sundswall-7,280 battens-C. Tuplin & Co."
18810723p.64_p001.txt,81,& 16 Endeavour,Akrehaven,GRIMSBY,"72 boards, 12 deals",Order,15,7,1881,23,7,1881,False,"15 & 16 Endeavour-Akrehaven-72 boards, 12 deals-Order"
18810723p.64_p001.txt,85,& 19 Sandra,Wyburg,GRIMSBY,"6,204 deals",Marshall,18,7,1881,23,7,1881,False,"18 & 19 Sandra-Wyburg-6,204 deals-Marshall"
18810723p.64_p001.txt,91,Palmer,Drammen,HARTLEPOOL (WEST),239 pcs. firwood hewn,G. Horsley & Co.,13,7,1881,23,7,1881,False,July 13 Palmer-Drammen-239 pcs. firwood hewn -G. Horsley & Co.
18810723p.64_p001.txt,101,John,Soderhamn,"JULY 23, 1881","6,777 deals, 4 lds. firewood",Taylor & Brooker,14,7,1881,23,7,1881,False,"14 John-Soderhamn-6,777 deals, 4 lds. firewood-Taylor & Brooker"
18810723p.64_p001.txt,111,Eclipse,Riga,"JULY 23, 1881","25,000 deals",Sheraton & Co.,16,7,1881,23,7,1881,False,"16 Eclipse-Riga-25,000 deals-Sheraton & Co."
18810723p.64_p001.txt,118,Henri,Bordeaux,LLANELLY,54 lds. firewood,"Nevill, Druce, & Co.",13,7,1881,23,7,1881,False,"July 13 Henri - Bordeaux - 54 lds. firewood-Nevill, Druce, & Co."
18810723p.64_p001.txt,120,Johanna Victoria,Riga,LONDON,"3,553 deals, 227 fms. fir ends",Order,14,7,1881,23,7,1881,False,"July 14 Johanna Victoria-Riga-3,553 deals, 227 fms. fir ends-Order"
18810723p.64_p001.txt,175,Union,Drammen,HULL,96 stds. timber,"Brand, & Co.",15,7,1881,23,7,1881,False,"15 Union-Drammen-96 stds. timber-Brand, & Co.; 4 fms. firewood-Order"
18810723p.64_p001.txt,175,Union,Drammen,HULL,4 fms. firewood,Order,15,7,1881,23,7,1881,False,"15 Union-Drammen-96 stds. timber-Brand, & Co.; 4 fms. firewood-Order"
18810730p.82_p001.txt,10,Alpheus,Stettin,BARROW,"1,000 sleepers","Price, Potter, Walker, & Co.",20,7,1881,30,7,1881,True,"July 20 Alpheus -Stettin-1,000 sleepers-Price, Potter, Walker, & Co."
18810730p.82_p001.txt,12,Lohengrin,Doboy,BARROW,"473 pcs. fir sawn, 161 pcs. fir hewn, 164 deals",R. Davies & Son,25,7,1881,30,7,1881,False,"July 25 Lohengrin-Doboy-473 pcs. fir sawn, 161 pcs. fir hewn, 164 deals-R. Davies & Son"
18810730p.82_p001.txt,14,Westminster,Quebec,BEAUMARIS,"1,830 pcs. timber, 1,836 deals",Order,21,7,1881,30,7,1881,False,"July 21 Westminster-Quebec-1,830 pcs. timber, 1,836 deals-Order"
18810730p.82_p001.txt,15,Isabel,P. E. Island,BEAUMARIS,400 deals,Order,25,7,1881,30,7,1881,False,25 Isabel-P. E. Island-400 deals-Order
18810730p.82_p001.txt,21,Jacques Martel,Bordeaux,CARDIFF,300 lds. pitwood,Morel Bros.,20,7,1881,30,7,1881,False,July 20 Jacques Martel-Bordeaux-300 lds. pitwood-Morel Bros.
18810730p.82_p001.txt,23,Colonel Cassaignac,Penc,CARDIFF,Pont l'Abbé,78 lds. pit-wood-Morel Bros.,21,7,1881,30,7,1881,False,21 Colonel Cassaignac-Penc-Pont l'Abbé-78 lds. pit-wood-Morel Bros.
18810730p.82_p001.txt,27,Windsor,St. Brieux,CARDIFF,65 lds. deals,J. Rogers,23,7,1881,30,7,1881,False,23 Windsor-St. Brieux-65 lds. deals-J. Rogers
18810730p.82_p001.txt,31,Espérance,Auray,CARDIFF,107 lds. pitwood,Ingram,25,7,1881,30,7,1881,False,25 Espérance-Auray-107 lds. pitwood-Ingram
18810730p.82_p001.txt,37,Miss Hunt,Fredrikstadt,CARNARVON,"7,774 flooring boards, 300 deals",H. Owen & Son,23,7,1881,30,7,1881,False,"July 23 Miss Hunt-Fredrikstadt-7,774 flooring boards, 300 deals-H. Owen & Son"
18810730p.82_p001.txt,39,Charlotte,Stockholm,EXETER,"4,760 battens, 7 lds. timber",R. W. & F. C. Sharp,23,7,1881,30,7,1881,False,"July 23 Charlotte-Stockholm-4,760 battens, 7 lds. timber-R. W. & F. C. Sharp"
18810730p.82_p001.txt,40,Topsham,Fredrikshald,EXETER,"18,810 boards, 11,658 laths",R. W. & F. C. Sharp,25,7,1881,30,7,1881,False,"25 Topsham-Fredrikshald-18,810 boards, 11,658 laths-R. W. & F. C. Sharp"
18810730p.82_p001.txt,42,Milford,Pascagoula,FALMOUTH,"188 pcs. hewn, 40 pcs. sawn, 990 deals pitch pine",G. Week,23,7,1881,30,7,1881,False,"July 23 Milford-Pascagoula-188 pcs. hewn, 40 pcs. sawn, 990 deals pitch pine-G. Week"
18810730p.82_p001.txt,44,Huntley,Fredrikshald,FAVERSHAM,333 lds. fir,Payne,23,7,1881,30,7,1881,False,July 23 Huntley-Fredrikshald-333 lds. fir-Payne
18810730p.82_p001.txt,46,Dagmar,Shediac,FLEETWOOD,"14,840 deals",Ward,20,7,1881,30,7,1881,False,"July 20 Dagmar-Shediac-14,840 deals-Ward"
18810730p.82_p001.txt,47,St. Petersburg,"Dalhousie, N.B.",FLEETWOOD,"20,243 deals",H. & G. Curwin & Co.,23,7,1881,30,7,1881,False,"23 St. Petersburg-Dalhousie, N.B.-20,243 deals-H. & G. Curwin & Co."
18810730p.82_p001.txt,48,President Sverdrup,Miramichi,FLEETWOOD,"24,892 pcs. fir hewn, 2,500 bales lathwood, 9,533 pcs. fir sawn",W. J. Young,25,7,1881,30,7,1881,False,"25 President Sverdrup-Miramichi-24,892 pcs. fir hewn, 2,500 bales lathwood, 9,533 pcs. fir sawn-W. J. Young"
18810730p.82_p001.txt,52,Misselay,Gefle,HARWICH,"6,399 deals and battens",Taylor & Jessup,21,7,1881,30,7,1881,False,"July 21 Misselay-Gefle-6,399 deals and battens-Taylor & Jessup"
18810730p.82_p001.txt,54,Panther,Hull,HULL,"20 fms. deal ends, 2,442 pcs. lathwood",Order,21,7,1881,30,7,1881,True,"July 21 Panther -Hull-20 fms. deal ends, 2,442 pcs. lathwood-Order"
18810730p.82_p001.txt,60,Pacific,Danzig,HULL,"4,000 props, 8 cs. wooden","ware-Wilson, Sons, & Co.",22,7,1881,30,7,1881,True,"22 Pacific -Danzig-4,000 props, 8 cs. wooden-ware-Wilson, Sons, & Co.; 1,500 props-H. Smith & Co.; 1,457 birch props-Haagensen & Co.; 3,800 bdls. laths, 2,826 birch props, 4,052 props-Order"
18810730p.82_p001.txt,60,Pacific,Danzig,HULL,"1,500 props",H. Smith & Co.,22,7,1881,30,7,1881,True,"22 Pacific -Danzig-4,000 props, 8 cs. wooden-ware-Wilson, Sons, & Co.; 1,500 props-H. Smith & Co.; 1,457 birch props-Haagensen & Co.; 3,800 bdls. laths, 2,826 birch props, 4,052 props-Order"
18810730p.82_p001.txt,60,Pacific,Danzig,HULL,"1,457 birch props",Haagensen & Co.,22,7,1881,30,7,1881,True,"22 Pacific -Danzig-4,000 props, 8 cs. wooden-ware-Wilson, Sons, & Co.; 1,500 props-H. Smith & Co.; 1,457 birch props-Haagensen & Co.; 3,800 bdls. laths, 2,826 birch props, 4,052 props-Order"
18810730p.82_p001.txt,60,Pacific,Danzig,HULL,"3,800 bdls. laths, 2,826 birch props, 4,052 props",Order,22,7,1881,30,7,1881,True,"22 Pacific -Danzig-4,000 props, 8 cs. wooden-ware-Wilson, Sons, & Co.; 1,500 props-H. Smith & Co.; 1,457 birch props-Haagensen & Co.; 3,800 bdls. laths, 2,826 birch props, 4,052 props-Order"
18810730p.82_p001.txt,62,Felix Brandt,Gefle,HULL,91,6-7 battens-Order,23,7,1881,30,7,1881,False,23 Felix Brandt-Gefle-91-6-7 battens-Order
18810730p.82_p001.txt,65,Romeo,Gothenburg,HULL,"1,689 pcs. timber, 848 props, 58 bgs. woodenware","Wilson, Sons, & Co.",25,7,1881,30,7,1881,True,"25 Romeo -Gothenburg-1,689 pcs. timber, 848 props, 58 bgs. woodenware-Wilson, Sons, & Co.; 5,294 props and sleepers-H. Smith & Co.; 2,799 bdls. laths, 5,554 props, 2,023 sleepers-Order"
18810730p.82_p001.txt,65,Romeo,Gothenburg,HULL,"5,294 props and sleepers",H. Smith & Co.,25,7,1881,30,7,1881,True,"25 Romeo -Gothenburg-1,689 pcs. timber, 848 props, 58 bgs. woodenware-Wilson, Sons, & Co.; 5,294 props and sleepers-H. Smith & Co.; 2,799 bdls. laths, 5,554 props, 2,023 sleepers-Order"
18810730p.82_p001.txt,65,Romeo,Gothenburg,HULL,"2,799 bdls. laths, 5,554 props, 2,023 sleepers",Order,25,7,1881,30,7,1881,True,"25 Romeo -Gothenburg-1,689 pcs. timber, 848 props, 58 bgs. woodenware-Wilson, Sons, & Co.; 5,294 props and sleepers-H. Smith & Co.; 2,799 bdls. laths, 5,554 props, 2,023 sleepers-Order"
18810730p.82_p001.txt,71,Milo,Stettin,HULL,"1,280 props",Order,26,7,1881,30,7,1881,True,"26 Milo -Stettin-1,280 props-Order"
18810730p.82_p001.txt,72,Evening Star,Doboy,HULL,"483 logs pitch pine timber, 3","1-12 deals-Wade, Sons, & Co.",27,7,1881,30,7,1881,False,"27 Evening Star-Doboy-483 logs pitch pine timber, 3-1-12 deals-Wade, Sons, & Co."
18810730p.82_p001.txt,76,Octavia,Richibucto,LANCASTER,"9,882 deals and battens",Preston Timber Co.,20,7,1881,30,7,1881,False,"July 20 Octavia-Richibucto-9,882 deals and battens-Preston Timber Co."
18810730p.82_p001.txt,78,Apollo,Christiania,LITTLEHAMPTON,9 lds. spars,Eede Butt,20,7,1881,30,7,1881,False,July 20 Apollo-Christiania-9 lds. spars-Eede Butt
18810730p.82_p001.txt,81,Rallus,Antwerp,LIVERPOOL,330 bdls. sleepers,,13,7,1881,30,7,1881,False,July 13 Rallus-Antwerp-330 bdls. sleepers
18810730p.82_p001.txt,82,Arabia,"St. John, N.B.",LIVERPOOL,"1,015 pcs. timber, 10,989 deals, &c., 3,307 ends, 22 pcs. scantlings, 15,810 palings",Order,20,7,1881,30,7,1881,False,"20 Arabia-St. John, N.B.-1,015 pcs. timber, 10,989 deals, &c., 3,307 ends, 22 pcs. scantlings, 15,810 palings-Order"
18810730p.82_p001.txt,88,Samaria,Boston,LIVERPOOL,"6,800 staves",Sundry Consignees,21,7,1881,30,7,1881,True,"21 Samaria -Boston-6,800 staves-Sundry Consignees"
18810730p.82_p001.txt,102,Pera,Mediterranean,LIVERPOOL,"32,200 pcs. boxwood",Sundry Consignees,22,7,1881,30,7,1881,True,"22 Pera -Mediterranean-32,200 pcs. boxwood-Sundry Consignees"
18810730p.82_p001.txt,108,Wyoming,New York,LIVERPOOL,29 cs. battens,Order,23,7,1881,30,7,1881,True,23 Wyoming -New York-29 cs. battens-Order
18810730p.82_p001.txt,115,British King,Philadelphia,LIVERPOOL,"634 logs, 72 pcs wood, 3,000 staves",Order,25,7,1881,30,7,1881,True,"25 British King -Philadelphia-634 logs, 72 pcs wood, 3,000 staves-Order"
18810730p.82_p001.txt,124,Tikoma,Richibucto,LIVERPOOL,"25,698 deals, &c.",Sundry Consignees,26,7,1881,30,7,1881,False,"26 Tikoma-Richibucto-25,698 deals, &c.-Sundry Consignees"
18810730p.82_p001.txt,134,Estelle,La Rochelle,LLANELLY,133 lds. pitwood,Margrave & Co.,20,7,1881,30,7,1881,False,July 20 Estelle-La Rochelle-133 lds. pitwood-Margrave & Co.
18810730p.82_p001.txt,136,Benayo,Annotto Bay,LONDON,60 t. logwood,"Anderson, Anderson, & Co.",21,7,1881,30,7,1881,True,"July 21 Benayo -Annotto Bay-60 t. logwood-Anderson, Anderson, & Co.; 14 t. logwood-Order; 9 pcs. hardwood-Bosanquet, Curtis, & Co.; 3 t. logwood-A. Stewart; 60 t. satin-wood, 143 pcs. pimentowood, 954 pcs. ebony -J. Gardner & Sons; 3 t. ebony, 6 c. mahogany, 103 bdls. sticks-Benekendorff & Co.; 2 t. satinwood-W. Morris"
18810730p.82_p001.txt,136,Benayo,Annotto Bay,LONDON,14 t. logwood,Order,21,7,1881,30,7,1881,True,"July 21 Benayo -Annotto Bay-60 t. logwood-Anderson, Anderson, & Co.; 14 t. logwood-Order; 9 pcs. hardwood-Bosanquet, Curtis, & Co.; 3 t. logwood-A. Stewart; 60 t. satin-wood, 143 pcs. pimentowood, 954 pcs. ebony -J. Gardner & Sons; 3 t. ebony, 6 c. mahogany, 103 bdls. sticks-Benekendorff & Co.; 2 t. satinwood-W. Morris"
18810730p.82_p001.txt,136,Benayo,Annotto Bay,LONDON,9 pcs. hardwood,"Bosanquet, Curtis, & Co.",21,7,1881,30,7,1881,True,"July 21 Benayo -Annotto Bay-60 t. logwood-Anderson, Anderson, & Co.; 14 t. logwood-Order; 9 pcs. hardwood-Bosanquet, Curtis, & Co.; 3 t. logwood-A. Stewart; 60 t. satin-wood, 143 pcs. pimentowood, 954 pcs. ebony -J. Gardner & Sons; 3 t. ebony, 6 c. mahogany, 103 bdls. sticks-Benekendorff & Co.; 2 t. satinwood-W. Morris"
18810730p.82_p001.txt,136,Benayo,Annotto Bay,LONDON,3 t. logwood,A. Stewart,21,7,1881,30,7,1881,True,"July 21 Benayo -Annotto Bay-60 t. logwood-Anderson, Anderson, & Co.; 14 t. logwood-Order; 9 pcs. hardwood-Bosanquet, Curtis, & Co.; 3 t. logwood-A. Stewart; 60 t. satin-wood, 143 pcs. pimentowood, 954 pcs. ebony -J. Gardner & Sons; 3 t. ebony, 6 c. mahogany, 103 bdls. sticks-Benekendorff & Co.; 2 t. satinwood-W. Morris"
18810730p.82_p001.txt,136,Benayo,Annotto Bay,LONDON,60 t. satin,"wood, 143 pcs. pimentowood, 954 pcs. ebony -J. Gardner & Sons",21,7,1881,30,7,1881,True,"July 21 Benayo -Annotto Bay-60 t. logwood-Anderson, Anderson, & Co.; 14 t. logwood-Order; 9 pcs. hardwood-Bosanquet, Curtis, & Co.; 3 t. logwood-A. Stewart; 60 t. satin-wood, 143 pcs. pimentowood, 954 pcs. ebony -J. Gardner & Sons; 3 t. ebony, 6 c. mahogany, 103 bdls. sticks-Benekendorff & Co.; 2 t. satinwood-W. Morris"
18810730p.82_p001.txt,136,Benayo,Annotto Bay,LONDON,"3 t. ebony, 6 c. mahogany, 103 bdls. sticks",Benekendorff & Co.,21,7,1881,30,7,1881,True,"July 21 Benayo -Annotto Bay-60 t. logwood-Anderson, Anderson, & Co.; 14 t. logwood-Order; 9 pcs. hardwood-Bosanquet, Curtis, & Co.; 3 t. logwood-A. Stewart; 60 t. satin-wood, 143 pcs. pimentowood, 954 pcs. ebony -J. Gardner & Sons; 3 t. ebony, 6 c. mahogany, 103 bdls. sticks-Benekendorff & Co.; 2 t. satinwood-W. Morris"
18810730p.82_p001.txt,136,Benayo,Annotto Bay,LONDON,2 t. satinwood,W. Morris,21,7,1881,30,7,1881,True,"July 21 Benayo -Annotto Bay-60 t. logwood-Anderson, Anderson, & Co.; 14 t. logwood-Order; 9 pcs. hardwood-Bosanquet, Curtis, & Co.; 3 t. logwood-A. Stewart; 60 t. satin-wood, 143 pcs. pimentowood, 954 pcs. ebony -J. Gardner & Sons; 3 t. ebony, 6 c. mahogany, 103 bdls. sticks-Benekendorff & Co.; 2 t. satinwood-W. Morris"
18810730p.82_p001.txt,144,Sunbeam,Odessa,LONDON,"8,170 staves",Churchill & Sim,22,7,1881,30,7,1881,True,"22 Sunbeam -Odessa-8,170 staves-Churchill & Sim; 95 staves-Order"
18810730p.82_p001.txt,144,Sunbeam,Odessa,LONDON,95 staves,Order,22,7,1881,30,7,1881,True,"22 Sunbeam -Odessa-8,170 staves-Churchill & Sim; 95 staves-Order"
18810813p.114_p003.txt,86,Lieut.,"Gen. von Witzleben—Riga—2,039 square whitewood sleepers, 280 half",GRANTON,square white,wood sleepers—Dow & Co.,8,8,1881,13,8,1881,False,"8 Lieut.-Gen. von Witzleben—Riga—2,039 square whitewood sleepers, 280 half-square white-wood sleepers—Dow & Co."
18810910p.178_p004.txt,2,Elise Marie,Porsgrund,YARMOUTH,"76,235 staves",Edward Swan,30,8,1881,10,9,1881,False,"Aug. 30 Elise Marie-Porsgrund-76,235 staves-Edward Swan"
18810910p.178_p004.txt,4,Joolu Ines,Gothenburg,YARMOUTH,"574 spars, 50 oars, 7 lds. firewood",Wm. Palgrave Brown & Co.,2,9,1881,10,9,1881,False,"Sept. 2 Joolu Ines-Gothenburg-574 spars, 50 oars, 7 lds. firewood-Wm. Palgrave Brown & Co."
18810910p.178_p004.txt,5,Carl,Bjorneborg,YARMOUTH,"8,667deals and battens",T. Saul,3,9,1881,10,9,1881,False,"3 Carl-Bjorneborg-8,667deals and battens-T. Saul"
18810910p.178_p004.txt,9,Celia,Hudikswall,YARMOUTH,17 lds. firewood,Jewson,4,9,1881,10,9,1881,False,4 Celia-Hudikswall-17 lds. firewood-Jewson
18810910p.178_p004.txt,18,Fram,Drammen,BELFAST,"51,357 flooring boards, 2,564 battens",J. P. Corry & Co.,1,9,1881,10,9,1881,False,"Sept. 1 Fram-Drammen-51,357 flooring boards, 2,564 battens-J. P. Corry & Co."
18810910p.178_p004.txt,19,Arethusa,Stockholm,BELFAST,"981 pcs. fir hewn, 1,221 deals",T. Dixon & Sons,5,9,1881,10,9,1881,False,"5 Arethusa-Stockholm-981 pcs. fir hewn, 1,221 deals-T. Dixon & Sons"
18810910p.178_p004.txt,21,Professor Schweigann,Miramichi,CORK,"9,550 deals and deal ends",N. J. Walsh & Co.,3,9,1881,10,9,1881,False,"Sept. 3 Professor Schweigann-Miramichi-9,550 deals and deal ends-N. J. Walsh & Co."
18810910p.178_p004.txt,24,Mary Ann,Quebec,LIMERICK,"5 pcs. oak hewn, 10 pcs. ash hewn, 148 pcs. red pine hewn, 20 pcs. white pine hewn, 7,758 deals, 1,029 oak staves, 10 pcs. birch hewn",Mulloch & Sons,29,8,1881,10,9,1881,False,"Aug. 29 Mary Ann-Quebec-5 pcs. oak hewn, 10 pcs. ash hewn, 148 pcs. red pine hewn, 20 pcs. white pine hewn, 7,758 deals, 1,029 oak staves, 10 pcs. birch hewn-Mulloch & Sons"
18810910p.178_p004.txt,26,Andreas Russ,New York,NEWRY,900 fir dunnage boards,J. Wilson,2,9,1881,10,9,1881,False,Sept. 2 Andreas Russ-New York-900 fir dunnage boards-J. Wilson
18810910p.178_p004.txt,27,Canada,"Newcastle, N.B.",NEWRY,90 boards,J. Wilson,3,9,1881,10,9,1881,False,"3 Canada-Newcastle, N.B.-90 boards-J. Wilson"
18810910p.178_p004.txt,29,Addytha,"St. John, N.B.",WATERFORD,"7,834 deals, 648 deal ends","White, Budd, & Co.",2,9,1881,10,9,1881,False,"Sept. 2 Addytha-St. John, N.B.-7,834 deals, 648 deal ends-White, Budd, & Co."
18810910p.178_p004.txt,32,Benamain,Riga,ABERDEEN,60 boat masts and rickers,J. A. Davidson,2,9,1881,10,9,1881,False,Sept. 2 Benamain-Riga-60 boat masts and rickers-J. A. Davidson
18810910p.178_p004.txt,33,Rowena,Sundswall,ABERDEEN,"1,889 pcs. fir hewn, 4,198 pcs. fir sawn, 92 lds. firewood",G. Milne & Co.,5,9,1881,10,9,1881,False,"5 Rowena-Sundswall-1,889 pcs. fir hewn, 4,198 pcs. fir sawn, 92 lds. firewood-G. Milne & Co."
18810910p.178_p004.txt,37,Christiane,Stromfors,ALLOA,"7,426 battens, 829 deals",A. Thomson & Sons,31,8,1881,10,9,1881,False,"Aug. 31 Christiane-Stromfors-7,426 battens, 829 deals-A. Thomson & Sons"
18810910p.178_p004.txt,41,Glasgow,Sundswall,BANFF,"4,000 battens, 2,000 deals",P. & J. Macpherson,30,8,1881,10,9,1881,False,"Aug. 30 Glasgow-Sundswall-4,000 battens, 2,000 deals-P. & J. Macpherson"
18810910p.178_p004.txt,42,Deveron,Sundswall,BANFF,"467 pcs. fir hewn, 2,164 battens",Paterson & Co.,3,9,1881,10,9,1881,False,"Sept. 3 Deveron-Sundswall-467 pcs. fir hewn, 2,164 battens-Paterson & Co."
18810910p.178_p004.txt,44,Magenta,Christiania,BORROWSTOUNNESS,"21,997 pit",props-Love & Stewart,31,8,1881,10,9,1881,False,"Aug. 31 Magenta-Christiania-21,997 pit-props-Love & Stewart"
18810910p.178_p004.txt,46,Lina,Falkenberg,BORROWSTOUNNESS,"10,641 pit",props-Love & Stewart,1,9,1881,10,9,1881,False,"Sept. 1 Lina-Falkenberg-10,641 pit-props-Love & Stewart"
18810910p.178_p004.txt,51,Caroline Augusta,Falkenberg,BORROWSTOUNNESS,"9,131 pit",props-Love & Stewart,2,9,1881,10,9,1881,False,"2 Caroline Augusta-Falkenberg-9,131 pit-props-Love & Stewart"
18810910p.178_p004.txt,53,Frederikke,Falkenburg,BORROWSTOUNNESS,"8,227 pit",props-Stewart,3,9,1881,10,9,1881,False,"3 Frederikke-Falkenburg-8,227 pit-props-Stewart"
18810910p.178_p004.txt,61,Glenavon,Riga,BORROWSTOUNNESS,"7,310 blocks, 729 sleepers","Calder, Dixon, Stewart, & Co.",1,9,1881,10,9,1881,False,"Sept. 1 Glenavon-Riga-7,310 blocks, 729 sleepers-Calder, Dixon, Stewart, & Co."
18810910p.178_p004.txt,62,Peter & Wilhelm,Falkenburg,BORROWSTOUNNESS,"14,544 pit",props-Love & Stewart,2,9,1881,10,9,1881,False,"2 Peter & Wilhelm-Falkenburg-14,544 pit-props-Love & Stewart"
18810910p.178_p004.txt,65,S[?]jold,Falkenberg,BORROWSTOUNNESS,"15,431 pit",props-Love,3,9,1881,10,9,1881,False,"3 S[?]jold-Falkenberg-15,431 pit-props-Love"
18810910p.178_p004.txt,66,Anna,Konigsberg,BORROWSTOUNNESS,"979 square blocks, 100 square sleepers","Calder, Dixon, Stewart, & Co.",5,9,1881,10,9,1881,False,"5 Anna-Konigsberg-979 square blocks, 100 square sleepers-Calder, Dixon, Stewart, & Co."
18810910p.178_p004.txt,82,Arnold,Gefle,BORROWSTOUNNESS,"917 battens, 17,416 boards",Order,6,9,1881,10,9,1881,False,"6 Arnold-Gefle-917 battens, 17,416 boards-Order"
18810910p.178_p004.txt,88,Martin Luther,Skelleftea,WHITEHAVEN,"5,647 pcs. fir hewn, 846 battens",H. W. Jackson,30,8,1881,10,9,1881,False,"Aug. 30 Martin Luther-Skelleftea-5,647 pcs. fir hewn, 846 battens-H. W. Jackson"
18810910p.178_p004.txt,89,Lamartine,Skelleftea,WHITEHAVEN,"3,188 pcs. fir hewn, 335 battens, 9 lds. firewood",J. & W. Jackson,4,9,1881,10,9,1881,False,"Sept. 4 Lamartine-Skelleftea-3,188 pcs. fir hewn, 335 battens, 9 lds. firewood-J. & W. Jackson"
18810910p.178_p004.txt,91,Elpis,Abo,WISBECH,"4,967 deals",English Bros.,30,8,1881,10,9,1881,False,"Aug. 30 Elpis-Abo-4,967 deals-English Bros."
18810910p.178_p004.txt,92,Johanwik,Skelleftea,WISBECH,"22,121 fir boards",J. Jameson,4,9,1881,10,9,1881,False,"Sept. 4 Johanwik-Skelleftea-22,121 fir boards-J. Jameson"
18810910p.178_p004.txt,94,Petersburg,Cronstadt,DUNDEE,"1,200 rickers",J. Fleming,30,8,1881,10,9,1881,True,"Aug. 30 Petersburg -Cronstadt-1,200 rickers-J. Fleming"
18810910p.178_p004.txt,96,Sapphire,Archangel,DUNDEE,"1,238 pcs. fir sawn",Duncan & Son,31,8,1881,10,9,1881,False,"31 Sapphire-Archangel-1,238 pcs. fir sawn-Duncan & Son"
18810910p.178_p004.txt,99,Egean,Riga,DUNDEE,40 lds. lathwood,J. Mitchell,1,9,1881,10,9,1881,False,Sept. 1 Egean-Riga-40 lds. lathwood-J. Mitchell
18810910p.178_p004.txt,103,Czar,Cronstadt,DUNDEE,305 rickers,J. Mitchell,2,9,1881,10,9,1881,False,2 Czar-Cronstadt-305 rickers-J. Mitchell
18810910p.178_p004.txt,108,Charles Stuart Parnell,Miramichi,GLASGOW,"20,571 deals and ends",Order,29,8,1881,10,9,1881,False,"Aug. 29 Charles Stuart Parnell-Miramichi-20,571 deals and ends-Order"
18810910p.178_p004.txt,109,Olga,Richibucto,GLASGOW,"9,389 deals and ends","Singleton, Dunn, & Co.",30,8,1881,10,9,1881,False,"30 Olga-Richibucto-9,389 deals and ends-Singleton, Dunn, & Co."
18810910p.178_p004.txt,111,China,"St. John, N.B.",GLASGOW,"7,975 deals and battens, 1,531 pcs. scantling, 2,617 deal ends, 603 boards","Singleton, Dunn, & Co.",31,8,1881,10,9,1881,False,"31 China-St. John, N.B.-7,975 deals and battens, 1,531 pcs. scantling, 2,617 deal ends, 603 boards-Singleton, Dunn, & Co."
18810910p.178_p004.txt,112,Prussian,Boston,GLASGOW,"1,500 staves",Order,2,9,1881,10,9,1881,True,"Sept. 2 Prussian -Boston-1,500 staves-Order"
18810910p.178_p004.txt,115,Skulda,Richibucto,GLASGOW,"7,033 deals and ends","Robinson, Dunn, & Co.",2,9,1881,10,9,1881,False,"2 Skulda-Richibucto-7,033 deals and ends-Robinson, Dunn, & Co."
18810910p.178_p004.txt,116,Onaway,"Sackville, N.B.",GLASGOW,"15,788 deals, 1,057 deal ends, 10,825 palings","Allison, Cousland",3,9,1881,10,9,1881,False,"3 Onaway-Sackville, N.B.-15,788 deals, 1,057 deal ends, 10,825 palings-Allison, Cousland"
18810910p.178_p004.txt,117,Alexandria,New York,GLASGOW,"2,400 staves",Order,5,9,1881,10,9,1881,True,"5 Alexandria -New York-2,400 staves-Order"
18810910p.178_p004.txt,119,Doctor Kniep,Bjorneborg,GRANGEMOUTH,"6,200 battens and ends",R. Melville & Co.,30,8,1881,10,9,1881,False,"Aug. 30 Doctor Kniep-Bjorneborg-6,200 battens and ends-R. Melville & Co."
18810910p.178_p004.txt,122,Alhild,Bjorneborg,GRANGEMOUTH,"8,690 deals and battens",Order,31,8,1881,10,9,1881,False,"31 Alhild-Bjorneborg-8,690 deals and battens-Order"
18810910p.178_p004.txt,123,Golgotha,Riga,GRANGEMOUTH,"313 pcs. redwood mauerlatten, 203 pcs. whitewood mauerlatten, 253 pcs. whitewood, 212 deals and ends, 1,312 battens, 145 batten ends",R. Melville & Co.,2,9,1881,10,9,1881,False,"Sept. 2 Golgotha-Riga-313 pcs. redwood mauerlatten, 203 pcs. whitewood mauerlatten, 253 pcs. whitewood, 212 deals and ends, 1,312 battens, 145 batten ends-R. Melville & Co.; 2,505 pcs. lathwood-J. T. Salvesen & Co."
18810910p.178_p004.txt,123,Golgotha,Riga,GRANGEMOUTH,"2,505 pcs. lathwood",J. T. Salvesen & Co.,2,9,1881,10,9,1881,False,"Sept. 2 Golgotha-Riga-313 pcs. redwood mauerlatten, 203 pcs. whitewood mauerlatten, 253 pcs. whitewood, 212 deals and ends, 1,312 battens, 145 batten ends-R. Melville & Co.; 2,505 pcs. lathwood-J. T. Salvesen & Co."
18810910p.178_p004.txt,130,Marie Anna,Riga,GRANGEMOUTH,"6,039 deals and ends",McPherson & McLaren,3,9,1881,10,9,1881,False,"3 Marie Anna-Riga-6,039 deals and ends-McPherson & McLaren"
18810910p.178_p004.txt,135,Frey,Stromfors,GRANTON,12 lds. fir sawn,M. J. Ellingsen,30,8,1881,10,9,1881,False,Aug. 30 Frey-Stromfors-12 lds. fir sawn-M. J. Ellingsen
18810910p.178_p004.txt,137,Sarah,Dantzic,GRANTON,"7,737 oak staves",W. Lindsay,31,8,1881,10,9,1881,False,"31 Sarah-Dantzic-7,737 oak staves-W. Lindsay"
18810910p.178_p004.txt,138,Elis,Mesane,GRANTON,"6,792 deals",Mitchell & Co.,1,9,1881,10,9,1881,False,"Sept. 1 Elis-Mesane-6,792 deals-Mitchell & Co."
18810910p.178_p004.txt,140,Anna Ottilie,Riga,GRANTON,"752 pcs. fir hewn, 1,615 deals","Mitchell, Thomson, & Co.",2,9,1881,10,9,1881,False,"2 Anna Ottilie-Riga-752 pcs. fir hewn, 1,615 deals-Mitchell, Thomson, & Co."
18810910p.178_p004.txt,142,Emma Sophia,Cronstadt,GRANTON,"3,858 pcs. lathwood","Mitchell, Thomson, & Co.",3,9,1881,10,9,1881,False,"3 Emma Sophia-Cronstadt-3,858 pcs. lathwood-Mitchell, Thomson, & Co."
18810910p.178_p004.txt,143,Sylvanus,Drammen,GRANTON,"7,475 battens",Stanley,5,9,1881,10,9,1881,False,"5 Sylvanus-Drammen-7,475 battens-Stanley"
18810910p.178_p004.txt,148,Heimdal,Sundswall,INVERNESS,"790 deals, 3,079 battens",H. & A. Ross,3,9,1881,10,9,1881,False,"Sept. 3 Heimdal-Sundswall-790 deals, 3,079 battens-H. & A. Ross"
18810910p.178_p004.txt,150,Wemyss Castle,Christiansand,KIRKCALDY,"10,214 pit","props, 70 battens-J. Bowman & Co.",30,8,1881,10,9,1881,False,"Aug. 30 Wemyss Castle-Christiansand-10,214 pit-props, 70 battens-J. Bowman & Co."
18810910p.178_p004.txt,151,Georg,Itzehoe,KIRKCALDY,420 spars,J. Masterton & Co.,5,9,1881,10,9,1881,False,Sept. 5 Georg-Itzehoe-420 spars-J. Masterton & Co.
18810910p.178_p004.txt,153,Hurricane,Riga,LEITH,"17,658 deals and deal ends","Ferguson, Davidson, & Co.",30,8,1881,10,9,1881,False,"Aug. 30 Hurricane-Riga-17,658 deals and deal ends-Ferguson, Davidson, & Co."
18810910p.178_p004.txt,161,Czar,Cronstadt,LEITH,950 pcs. lathwood,Thomson,31,8,1881,10,9,1881,False,31 Czar-Cronstadt-950 pcs. lathwood-Thomson
18810910p.178_p004.txt,164,Solo,Narva,LEITH,"6,519 deals and battens",Mitchell & Co.,1,9,1881,10,9,1881,False,"Sept. 1 Solo-Narva-6,519 deals and battens-Mitchell & Co."
18810910p.178_p004.txt,167,Albert,Cronstadt,LEITH,"6,906 pcs. fir sawn",Mitchell,2,9,1881,10,9,1881,False,"2 Albert-Cronstadt-6,906 pcs. fir sawn-Mitchell"
18810910p.178_p004.txt,172,Forsoget,Wyborg,LEITH,"7,746 deals and battens",Garland,3,9,1881,10,9,1881,False,"3 Forsoget-Wyborg-7,746 deals and battens-Garland"
18810910p.178_p004.txt,176,Dragen,Narva,LEITH,"5,483 pcs. lathwood","C. Salvesen-Cronstadt-4,930 bdls. wood hoops-G. J. Duncan & Co.",5,9,1881,10,9,1881,False,"5 Dragen-Narva-5,483 pcs. lathwood-C. Salvesen-Cronstadt-4,930 bdls. wood hoops-G. J. Duncan & Co.; 1,260 bdls. wood hoops-G. Masterton & Co."
18810910p.178_p004.txt,176,Dragen,Narva,LEITH,"1,260 bdls. wood hoops",G. Masterton & Co.,5,9,1881,10,9,1881,False,"5 Dragen-Narva-5,483 pcs. lathwood-C. Salvesen-Cronstadt-4,930 bdls. wood hoops-G. J. Duncan & Co.; 1,260 bdls. wood hoops-G. Masterton & Co."
18810910p.178_p004.txt,186,Dovre,Riga,MONTROSE,"2,210 lds. firewood",R. Millar,30,8,1881,10,9,1881,False,"Aug. 30 Dovre-Riga-2,210 lds. firewood-R. Millar"
18810910p.178_p004.txt,187,Lily,Muhlgraben,MONTROSE,6 spars,Captain Craig,31,8,1881,10,9,1881,False,31 Lily-Muhlgraben-6 spars-Captain Craig
18810910p.178_p004.txt,190,Fredrikke,Skelleftea,MONTROSE,"3,569 pcs. fir sawn, 489 battens",R. Millar & Sons,3,9,1881,10,9,1881,False,"Sept. 3 Fredrikke-Skelleftea-3,569 pcs. fir sawn, 489 battens-R. Millar & Sons"
18810910p.178_p004.txt,192,C. A. Brug,Dantzic,MONTROSE,"301 pcs. fir hewn, 9 lds. oak cuttings",R. Millar & Sons,5,9,1881,10,9,1881,False,"5 C. A. Brug-Dantzic-301 pcs. fir hewn, 9 lds. oak cuttings-R. Millar & Sons"
18810910p.178_p004.txt,194,Ala,Gefle,PERTH,"10,669 deals, battens, and boards",J. Cameron,30,8,1881,10,9,1881,False,"Aug. 30 Ala-Gefle-10,669 deals, battens, and boards-J. Cameron"
18810910p.178_p004.txt,196,Mount Pleasant,Quebec,FORT GLASGOW,"1,208 pcs. pine, 125 pcs. oak, 194 pcs. tamarac, 168 pcs. elm, 4,212 deals, 13,200 staves, 13 cords lathwood","Hunter, Sheriff, & Co.",1,9,1881,10,9,1881,False,"Sept. 1 Mount Pleasant-Quebec-1,208 pcs. pine, 125 pcs. oak, 194 pcs. tamarac, 168 pcs. elm, 4,212 deals, 13,200 staves, 13 cords lathwood-Hunter, Sheriff, & Co."
18810910p.178_p004.txt,198,Rap,Sandefjord,WICK,"10,000 pcs. birch hewn",D. Sandison,30,8,1881,10,9,1881,False,"Aug. 30 Rap-Sandefjord-10,000 pcs. birch hewn-D. Sandison"
18810910p.178_p004.txt,201,Urda,Sundswall,WICK,"1,472 pcs. fir hewn, 267 pcs. fir sawn",A. McEwan,31,8,1881,10,9,1881,False,"31 Urda-Sundswall-1,472 pcs. fir hewn, 267 pcs. fir sawn-A. McEwan"
18811008p.250_p003.txt,12,Wilhelmina,Wyborg,WISBECH,"18,300 boards, 4 lds. firewood",English Bro*.,27,9,1881,8,10,1881,False,"Sept. 27 Wilhelmina-Wyborg-18,300 boards, 4 lds. firewood-English Bro*."
18811008p.250_p003.txt,13,Annie,Uleaborg,WISBECH,10 lds. firewood,Stanley,28,9,1881,8,10,1881,False,28 Annie-Uleaborg-10 lds. firewood-Stanley
18811008p.250_p003.txt,14,Hoppet,Uleaborg,WISBECH,"10,360 deals, boards",English Bros.,28,9,1881,8,10,1881,False,"28 Hoppet-Uleaborg-10,360 deals, boards-English Bros."
18811008p.250_p003.txt,15,Isaac,Cronstadt,WISBECH,"9,160 deals, 1,000 poles",English Bros.,29,9,1881,8,10,1881,False,"29 Isaac-Cronstadt-9,160 deals, 1,000 poles-English Bros."
18811008p.250_p003.txt,16,Amanda,Tornea,WISBECH,"16,733 battens and bat",tens-English Bros.,3,10,1881,8,10,1881,False,"Oct. 3 Amanda-Tornea-16,733 battens and bat-tens-English Bros."
18811008p.250_p003.txt,18,Freya,Hernosand,YARMOUTH,"6,871 deals and battens, 5 lds. fir sawn",O. Olsen,29,9,1881,8,10,1881,False,"Sept. 29 Freya-Hernosand-6,871 deals and battens, 5 lds. fir sawn-O. Olsen"
18811008p.250_p003.txt,19,Venus,Halmstadt,YARMOUTH,"7,177 deals and battens",T. Small & Co.,3,10,1881,8,10,1881,False,"Oct. 3 Venus-Halmstadt-7,177 deals and battens-T. Small & Co."
18811008p.250_p003.txt,22,Colorado,St. John,BELFAST,"21,647 deals, deals ends",S. Lowther,27,9,1881,8,10,1881,False,"Sept. 27 Colorado-St. John-21,647 deals, deals ends-S. Lowther"
18811008p.250_p003.txt,23,Humber,Quebec,BELFAST,"10,211 pcs. sawn fir","Fer-guson, Davidson, & Co.",28,9,1881,8,10,1881,False,"28 Humber-Quebec-10,211 pcs. sawn fir-Fer-guson, Davidson, & Co."
18811008p.250_p003.txt,24,Andreas,Miramichi,BELFAST,"12,352 deals",Dixon,29,9,1881,8,10,1881,False,"29 Andreas-Miramichi-12,352 deals-Dixon"
18811008p.250_p003.txt,26,"pcs. hewn fir, 2,769 pcs. sawn fir",Fer,BELFAST,"guson, Davidson & Co.",,630,9,1881,8,10,1881,False,"630 pcs. hewn fir, 2,769 pcs. sawn fir-Fer-guson, Davidson & Co."
18811008p.250_p003.txt,27,Charger,Quebec,BELFAST,"68 pcs. oak, 86 pcs. pine timber, 853 pcs. hewn fir, 9,041 deals",Carroll,1,10,1881,8,10,1881,False,"Oct. 1 Charger-Quebec-68 pcs. oak, 86 pcs. pine timber, 853 pcs. hewn fir, 9,041 deals-Carroll"
18811008p.250_p003.txt,29,Arklow,St. John,CORK,"8,705 deals, deals ends",N. Walsh,26,9,1881,8,10,1881,False,"Sept. 26 Arklow-St. John-8,705 deals, deals ends-N. Walsh"
18811008p.250_p003.txt,31,Alfred,St. John,LIMERICK,980 lds. sawn fir,J. Cooke,27,9,1881,8,10,1881,False,Sept. 27 Alfred-St. John-980 lds. sawn fir-J. Cooke
18811008p.250_p003.txt,33,Harvest Home,Miramichi,LONDONDERRY,880 lds. sawn fir,J. & J. Cooke,26,9,1881,8,10,1881,False,Sept. 26 Harvest Home-Miramichi-880 lds. sawn fir-J. & J. Cooke
18811008p.250_p003.txt,34,Twilight,St. John,LONDONDERRY,"1,125 lds. sawn fir",J. Cooke,1,10,1881,8,10,1881,False,"Oct. 1 Twilight-St. John-1,125 lds. sawn fir-J. Cooke"
18811008p.250_p003.txt,36,T. Smith,Bathurst,SKIBBEREEN,"19,441 pcs. sawn fir",S. Vickery,30,9,1881,8,10,1881,False,"Sept. 30 T. Smith-Bathurst-19,441 pcs. sawn fir-S. Vickery"
18811008p.250_p003.txt,38,Dux,Quebec,SLIGO,"10 pcs. oak, 217 pcs. sawn fir, 7,158 pcs. sawn fir, 15 lds. split wood",O'Connor & Cullen,27,9,1881,8,10,1881,False,"Sept. 27 Dux-Quebec-10 pcs. oak, 217 pcs. sawn fir, 7,158 pcs. sawn fir, 15 lds. split wood-O'Connor & Cullen"
18811008p.250_p003.txt,40,Amandus,Jordan River,TRALEE,"9,187 deal battens, 1,464 deal ends",R. McCowen,28,9,1881,8,10,1881,False,"Sept. 28 Amandus-Jordan River-9,187 deal battens, 1,464 deal ends-R. McCowen"
18811008p.250_p003.txt,42,Bellevue,Quebec,WATERFORD,"29 pcs. oak, 19 pcs. elm, 269 pcs. fir hewn, 14,689 deals",J. P. Graves & Co.,28,9,1881,8,10,1881,False,"Sept. 28 Bellevue-Quebec-29 pcs. oak, 19 pcs. elm, 269 pcs. fir hewn, 14,689 deals-J. P. Graves & Co."
18811008p.250_p003.txt,43,Orient,Bathurst,WATERFORD,"26,911 deals, 50,000 staves, 12,000 boards",Cox Bros.,29,9,1881,8,10,1881,False,"29 Orient-Bathurst-26,911 deals, 50,000 staves, 12,000 boards-Cox Bros."
18811008p.250_p003.txt,46,Daniel,Cronstadt,ALLOA,"4,580 deals, 889 battens",A. Thomson & Sons,27,9,1881,8,10,1881,False,"Sept. 27 Daniel-Cronstadt-4,580 deals, 889 battens-A. Thomson & Sons"
18811008p.250_p003.txt,50,Activ,Lappvik,ALLOA,"990 deals, 10,108 battens",Thomson & Sons,28,9,1881,8,10,1881,False,"28 Activ-Lappvik-990 deals, 10,108 battens-Thomson & Sons"
18811008p.250_p003.txt,51,Dorthea,Laurvig,ALLOA,"11,644 pit",props-Madsen,30,9,1881,8,10,1881,False,"30 Dorthea-Laurvig-11,644 pit-props-Madsen"
18811008p.250_p003.txt,53,Flora,Metis,AYR,"78 pcs. hewn timber, 10,767 deals",J. Paton & Sons,29,9,1881,8,10,1881,False,"Sept. 29 Flora-Metis-78 pcs. hewn timber, 10,767 deals-J. Paton & Sons"
18811008p.250_p003.txt,55,Adolph,Oscarshamn,BORROWSTOUNNESS,"6,645 pit",props-A. Wallace,29,9,1881,8,10,1881,False,"Sept. 29 Adolph-Oscarshamn-6,645 pit-props-A. Wallace"
18811008p.250_p003.txt,57,Louise Alwards,Rodestrand,BORROWSTOUNNESS,"11,523 pit",props-Thomson & Balfour,30,9,1881,8,10,1881,False,"30 Louise Alwards-Rodestrand-11,523 pit-props-Thomson & Balfour"
18811008p.250_p003.txt,59,Nordstjernen,Oscarshamn,BORROWSTOUNNESS,"4,663 pit",props-A. Wallace,1,10,1881,8,10,1881,False,"Oct. 1 Nordstjernen-Oscarshamn-4,663 pit-props-A. Wallace"
18811008p.250_p003.txt,61,Garry,Archangel,DUNDEE,"1,110 deals",Fleming,27,9,1881,8,10,1881,False,"Sept. 27 Garry-Archangel-1,110 deals-Fleming"
18811008p.250_p003.txt,62,Cimbritshamn,Ny Karleby,DUNDEE,"7,344 battens",J. Jessiman,28,9,1881,8,10,1881,False,"28 Cimbritshamn-Ny Karleby-7,344 battens-J. Jessiman"
18811008p.250_p003.txt,63,Loch Maree,Cronstadt,DUNDEE,"1,580 deals, 25 lds. firewood",Ireland & Co.,3,10,1881,8,10,1881,False,"Oct. 3 Loch Maree-Cronstadt-1,580 deals, 25 lds. firewood-Ireland & Co."
18811008p.250_p003.txt,66,Fremad,Grimstad,FRASERBURGH,"50,000 staves, 10,000 pcs. hewn fir",W. Macconnachie & Co.,28,9,1881,8,10,1881,False,"Sept. 28 Fremad-Grimstad-50,000 staves, 10,000 pcs. hewn fir-W. Macconnachie & Co."
18811008p.250_p003.txt,68,Adria,Fiume,GLASGOW,60 wainscot logs,Morris & Co.,27,9,1881,8,10,1881,True,Sept. 27 Adria -Fiume-60 wainscot logs-Morris & Co.
18811008p.250_p003.txt,70,Louis A. Martinez,Pictou,GLASGOW,"1,150 pcs. birch, 1,120 spruce deals",W. Kidston & Sons,28,9,1881,8,10,1881,False,"28 Louis A. Martinez-Pictou-1,150 pcs. birch, 1,120 spruce deals-W. Kidston & Sons"
18811008p.250_p003.txt,72,Austrian,"Boston 1,200 staves",GLASGOW,Drysdale,,29,9,1881,8,10,1881,True,"29 Austrian -Boston 1,200 staves-Drysdale"
18811008p.250_p003.txt,74,Bertha,Richibucto,GLASGOW,"9,253 deals and ends","Robinson, Dunn, & Co.",30,9,1881,8,10,1881,True,"30 Bertha -Richibucto-9,253 deals and ends-Robinson, Dunn, & Co."
18811008p.250_p003.txt,75,Earnest,New York,GLASGOW,"6,000 staves",Order,1,10,1881,8,10,1881,False,"Oct. 1 Earnest-New York-6,000 staves-Order"
18811008p.250_p003.txt,79,Josephine,Dantzie,GRANGEMOUTH,"615 pcs. deals, 152 pcs. fir",Order,26,9,1881,8,10,1881,False,"Sept. 26 Josephine-Dantzie-615 pcs. deals, 152 pcs. fir-Order"
18811008p.250_p003.txt,81,Glenavon,Riga,GRANGEMOUTH,"7,347 pcs. sleeper blocks, 4,119 pcs. lathwood",Brownlee & Co.,28,9,1881,8,10,1881,True,"28 Glenavon -Riga-7,347 pcs. sleeper blocks, 4,119 pcs. lathwood-Brownlee & Co."
18811008p.250_p003.txt,83,Jessie,Cronstadt,GRANGEMOUTH,"12,126 pcs. deals and ends",P. & J. Wilkie,30,9,1881,8,10,1881,False,"30 Jessie-Cronstadt-12,126 pcs. deals and ends-P. & J. Wilkie"
18811008p.250_p003.txt,86,Concordina,Cronstadt,GRANTON,"4 lds. deal ends, 1 pc. fir hewn",F. Behring,29,9,1881,8,10,1881,False,"Sept. 29 Concordina-Cronstadt-4 lds. deal ends, 1 pc. fir hewn-F. Behring"
18811008p.250_p003.txt,89,Johannes,Memel,THE TIMBER TRADES JOURNAL,"10,980 oak staves",Lind-say & Son,3,10,1881,8,10,1881,False,"Oct. 3 Johannes-Memel-10,980 oak staves-Lind-say & Son"
18811008p.250_p003.txt,93,George Gilroy,Quebec,GREENOCK,132 pcs. waney pine,"Allison, Cousland, & Hamilton",28,9,1881,8,10,1881,False,"Sept. 28 George Gilroy-Quebec-132 pcs. waney pine-Allison, Cousland, & Hamilton; 377 pcs. white pine, 10 pcs. walnut, 6 pcs. white-wood, 5 pcs. ash, 2,292 pine deals, 1,441 staves, 140 pcs. oak, 6,972 staves-Edmiston & Mitchells; 23 pcs. oak-Brownlee & Co.; 87 pcs. oak, 176 pcs. birch-Order"
18811008p.250_p003.txt,93,George Gilroy,Quebec,GREENOCK,"377 pcs. white pine, 10 pcs. walnut, 6 pcs. white","wood, 5 pcs. ash, 2,292 pine deals, 1,441 staves, 140 pcs. oak, 6,972 staves-Edmiston & Mitchells",28,9,1881,8,10,1881,False,"Sept. 28 George Gilroy-Quebec-132 pcs. waney pine-Allison, Cousland, & Hamilton; 377 pcs. white pine, 10 pcs. walnut, 6 pcs. white-wood, 5 pcs. ash, 2,292 pine deals, 1,441 staves, 140 pcs. oak, 6,972 staves-Edmiston & Mitchells; 23 pcs. oak-Brownlee & Co.; 87 pcs. oak, 176 pcs. birch-Order"
18811008p.250_p003.txt,93,George Gilroy,Quebec,GREENOCK,23 pcs. oak,Brownlee & Co.,28,9,1881,8,10,1881,False,"Sept. 28 George Gilroy-Quebec-132 pcs. waney pine-Allison, Cousland, & Hamilton; 377 pcs. white pine, 10 pcs. walnut, 6 pcs. white-wood, 5 pcs. ash, 2,292 pine deals, 1,441 staves, 140 pcs. oak, 6,972 staves-Edmiston & Mitchells; 23 pcs. oak-Brownlee & Co.; 87 pcs. oak, 176 pcs. birch-Order"
18811008p.250_p003.txt,93,George Gilroy,Quebec,GREENOCK,"87 pcs. oak, 176 pcs. birch",Order,28,9,1881,8,10,1881,False,"Sept. 28 George Gilroy-Quebec-132 pcs. waney pine-Allison, Cousland, & Hamilton; 377 pcs. white pine, 10 pcs. walnut, 6 pcs. white-wood, 5 pcs. ash, 2,292 pine deals, 1,441 staves, 140 pcs. oak, 6,972 staves-Edmiston & Mitchells; 23 pcs. oak-Brownlee & Co.; 87 pcs. oak, 176 pcs. birch-Order"
18811008p.250_p003.txt,94,Leafing Water,Quebec,GREENOCK,"252 pcs. ash, 360 oak planks, 1,399 pine deals, 800 pine deal ends, 3,132 staves, 438 pcs. white pine, 114 pcs. square pine, 402 pcs. birch, 198 pcs. oak",Order,29,9,1881,8,10,1881,False,"29 Leafing Water-Quebec-252 pcs. ash, 360 oak planks, 1,399 pine deals, 800 pine deal ends, 3,132 staves, 438 pcs. white pine, 114 pcs. square pine, 402 pcs. birch, 198 pcs. oak-Order"
18811008p.250_p003.txt,95,Rutland,Quebec,GREENOCK,"731 pcs. square pine, 1,699 pine deals, 2,322 pine deal ends, 10½ cords lathwood, 19 pcs. waney pine, 1 pc. oak, 22,632 oak planks and scantlings",Order,3,10,1881,8,10,1881,False,"Oct. 3 Rutland-Quebec-731 pcs. square pine, 1,699 pine deals, 2,322 pine deal ends, 10½ cords lathwood, 19 pcs. waney pine, 1 pc. oak, 22,632 oak planks and scantlings-Order"
18811008p.250_p003.txt,98,Alf,Nyland,INVERNESS,"6,392 battens",Watson & Co.,27,9,1881,8,10,1881,False,"Sept. 27 Alf-Nyland-6,392 battens-Watson & Co."
18811008p.250_p003.txt,99,Etna,Kaumussan,INVERNESS,"16,746 deals and battens, 3 lds. firewood",J. Walker & Co.,3,10,1881,8,10,1881,False,"Oct. 3 Etna-Kaumussan-16,746 deals and battens, 3 lds. firewood-J. Walker & Co."
18811008p.250_p003.txt,101,Tobine,Sandefjord,KIRKCALDY,"12,480 pcs. birch billetwood",T. Cormack,27,9,1881,8,10,1881,False,"Sept. 27 Tobine-Sandefjord-12,480 pcs. birch billetwood-T. Cormack"
18811008p.250_p003.txt,103,Najaden,Cronstadt,LEITH,"6,859 deals and battens",J. Duncan & Co.,27,9,1881,8,10,1881,False,"Sept. 27 Najaden-Cronstadt-6,859 deals and battens-J. Duncan & Co."
18811008p.250_p003.txt,104,Najaden,Drammen,LEITH,"6,314 pcs. sawn fir","Park, Dobson, & Co.",28,9,1881,8,10,1881,False,"28 Najaden-Drammen-6,314 pcs. sawn fir-Park, Dobson, & Co."
18811008p.250_p003.txt,106,Hiram,Soderhamn,LEITH,13 lds. firewood,N. Gudmundson,29,9,1881,8,10,1881,False,29 Hiram-Soderhamn-13 lds. firewood-N. Gudmundson
18811008p.250_p003.txt,108,Kinghorn,Rotterdam,LEITH,"1,120 bdls. wood hoops",G. Gibson & Co.,30,9,1881,8,10,1881,False,"30 Kinghorn-Rotterdam-1,120 bdls. wood hoops-G. Gibson & Co."
18811008p.250_p003.txt,109,Amulet,Rotterdam,LEITH,200 bdls. wood hoops,G. Gibson & Co.,3,10,1881,8,10,1881,False,Oct. 3 Amulet-Rotterdam-200 bdls. wood hoops-G. Gibson & Co.
18811008p.250_p003.txt,113,Asken,Sundswall,MONTROSE,"689 pcs. hewn fir, 1,409 battens, 45 lds. firewood, 72 boards, 60 deals",R. Millar & Sons,28,9,1881,8,10,1881,False,"Sept. 28 Asken-Sundswall-689 pcs. hewn fir, 1,409 battens, 45 lds. firewood, 72 boards, 60 deals-R. Millar & Sons"
18811008p.250_p003.txt,114,Palmerston,Bjorneborg,MONTROSE,"19,379 battens",R. Millar & Sons,3,10,1881,8,10,1881,False,"Oct. 3 Palmerston-Bjorneborg-19,379 battens-R. Millar & Sons"
18811008p.250_p003.txt,116,Marion,Konigsberg,PETERHEAD,"4,328 birch billets",Leask & Co.,30,9,1881,8,10,1881,False,"Sept. 30 Marion-Konigsberg-4,328 birch billets-Leask & Co."
18811008p.250_p003.txt,118,Jehu,"Halifax, N.S.",TROON,"18,141 deals",Brownlee & Co.,30,9,1881,8,10,1881,False,"Sept. 30 Jehu-Halifax, N.S.-18,141 deals-Brownlee & Co."
18811008p.250_p003.txt,119,J. L. Stewart,Parrsborough,TROON,"7,093 deals and ends",J. Wright & Son,1,10,1881,8,10,1881,False,"Oct. 1 J. L. Stewart-Parrsborough-7,093 deals and ends-J. Wright & Son"
18811008p.250_p003.txt,121,Queen of the Isles,St. Petersburg,WICK,"4,879 pcs. fir sawn, 340 pcs. fir hewn",D. Sutherland,27,9,1881,8,10,1881,False,"Sept. 27 Queen of the Isles-St. Petersburg-4,879 pcs. fir sawn, 340 pcs. fir hewn-D. Sutherland"
18811008p.250_p003.txt,122,Urania,Mandal,WICK,"9,600 staves",D. Sandison,28,9,1881,8,10,1881,False,"28 Urania-Mandal-9,600 staves-D. Sandison"
18820107_p002.txt,5,Lucia Maria,Gefle,LONDON,"3,631 planed boards, 3,739 deals and battens, 67 bdls. handles",A. Gordon & Co.,29,12,1882,7,1,1882,False,"Dec. 29 Lucia Maria-Gefle-3,631 planed boards, 3,739 deals and battens, 67 bdls. handles-A. Gordon & Co."
18820107_p002.txt,10,Persian Monarch,New York,LONDON,"7,036 planks",Order,30,12,1882,7,1,1882,True,"30 Persian Monarch -New York-7,036 planks-Order"
18820107_p002.txt,21,Holland,New York,LONDON,760 doors,Bradley & Co.,31,12,1882,7,1,1882,True,"31 Holland -New York-760 doors-Bradley & Co.; 456 bdls. mouldings, 456 pine boards-Order"
18820107_p002.txt,21,Holland,New York,LONDON,"456 bdls. mouldings, 456 pine boards",Order,31,12,1882,7,1,1882,True,"31 Holland -New York-760 doors-Bradley & Co.; 456 bdls. mouldings, 456 pine boards-Order"
18820107_p002.txt,25,Cameo,Christiania,LONDON,240 pcs. lignum,vitae-Order,2,1,1882,7,1,1882,True,Jan. 2 Cameo -Christiania-240 pcs. lignum-vitae-Order
18820107_p002.txt,39,Portia,Hambro',LONDON,188 planks beech,Quitmann & Co.,4,1,1882,7,1,1882,True,4 Portia -Hambro'-188 planks beech-Quitmann & Co.
18820107_p002.txt,41,Freyr,Fredrikstad,LYNN,"24,888 boards",Stanton & Co.,29,12,1882,7,1,1882,False,"Dec. 29 Freyr-Fredrikstad-24,888 boards-Stanton & Co."
18820107_p002.txt,43,Nelson,Quebec,MARYPORT,"57 pcs. oak hewn, 41 pcs. elm hewn, 200 oak staves",R. Ritson & Co.,31,12,1882,7,1,1882,False,"Dec. 31 Nelson-Quebec-57 pcs. oak hewn, 41 pcs. elm hewn, 200 oak staves-R. Ritson & Co."
18820107_p002.txt,45,Thor,Christiania,MIDDLESBROUGH,"3,307 pit",props-Hor-nung & Son,28,12,1882,7,1,1882,False,"Dec. 28 Thor-Christiania-3,307 pit-props-Hor-nung & Son"
18820107_p002.txt,47,Eliada,Memel,NEWHAVEN,193 pcs. fir sawn,Parsons Bros.,27,12,1882,7,1,1882,False,Dec. 27 Eliada-Memel-193 pcs. fir sawn-Parsons Bros.
18820107_p002.txt,49,Haven,Hudikswall,NEWHAVEN,"6,648 pcs. fir sawn",Parsons Bros.,29,12,1882,7,1,1882,False,"29 Haven - Hudikswall - 6,648 pcs. fir sawn-Parsons Bros."
18820107_p002.txt,51,Aigrette,Hennebont,NEWPORT,140 lds. pit,props-J. G. Watts,28,12,1882,7,1,1882,False,Dec. 28 Aigrette-Hennebont-140 lds. pit-props-J. G. Watts
18820107_p002.txt,53,Minde,Bordeaux,NEWPORT,470 lds. pit,props-Tredegar Co.,29,12,1882,7,1,1882,False,29 Minde-Bordeaux-470 lds. pit-props-Tredegar Co.
18820107_p002.txt,58,Marie Louise,Roche Bernard,NEWPORT,90 lds. pitwood,"Jones, Heard, & Co.",30,12,1882,7,1,1882,False,"30 Marie Louise-Roche Bernard-90 lds. pitwood-Jones, Heard, & Co."
18820107_p002.txt,67,Hortense Augustine,Roche Bernard,NEWPORT,105 lds. pit,props-Budd & Co.,2,1,1882,7,1,1882,False,Jan. 2 Hortense Augustine-Roche Bernard-105 lds. pit-props-Budd & Co.
18820107_p002.txt,70,Norsete,Fredrikstadt,PENZANCE,"4,817 pcs. fir sawn, 592 pcs. fir hewn",T. Coulson & Co.,28,12,1882,7,1,1882,False,"Dec. 28 Norsete-Fredrikstadt-4,817 pcs. fir sawn, 592 pcs. fir hewn-T. Coulson & Co."
18820107_p002.txt,71,Royal Adelaide,Fredrikstadt,PENZANCE,"18 035 pcs. fir sawn, 233 pcs. fir hewn",T. Coulson & Co.,29,12,1882,7,1,1882,False,"29 Royal Adelaide-Fredrikstadt-18 035 pcs. fir sawn, 233 pcs. fir hewn-T. Coulson & Co."
18820107_p002.txt,73,Mathilde,Dantzic,PLYMOUTH,"311 pcs. fir hewn, 2,425 deals, 616 oak planks",T. Bayly,27,12,1882,7,1,1882,False,"Dec. 27 Mathilde-Dantzic-311 pcs. fir hewn, 2,425 deals, 616 oak planks-T. Bayly"
18820107_p002.txt,74,St. Petrus,Skonvik,PLYMOUTH,"1,148 pcs. fir hewn, 4,635 pcs. fir sawn",R. & R. Bayly,28,12,1882,7,1,1882,False,"28 St. Petrus-Skonvik-1,148 pcs. fir hewn, 4,635 pcs. fir sawn-R. & R. Bayly"
18820107_p002.txt,77,Fredrick Gelpike,Skonvik,PLYMOUTH,"16,870 pcs. fir sawn, 18 lds. firewood",R. & R. Bayly,29,12,1882,7,1,1882,False,"29 Fredrick Gelpike-Skonvik-16,870 pcs. fir sawn, 18 lds. firewood-R. & R. Bayly"
18820107_p002.txt,79,St. Petrus,Skonvik,PLYMOUTH,30 lds. firewood,T. Bayly,31,12,1882,7,1,1882,False,31 St. Petrus-Skonvik-30 lds. firewood-T. Bayly
18820107_p002.txt,80,Baron von Pallandt,Moulmein,PLYMOUTH,"770 pcs. hewn teak, 285 pcs. sawn, 4,290 blocks sawn teak",Bellamy & Co.,2,1,1882,7,1,1882,False,"Jan. 2 Baron von Pallandt-Moulmein-770 pcs. hewn teak, 285 pcs. sawn, 4,290 blocks sawn teak-Bellamy & Co."
18820107_p002.txt,82,Gustav Fredrick,Dantzic,PORTSMOUTH,"320 lds. fir ends, 1,655 deals, 41 sleepers, 12 lds. lathwood",Churchill & Sim,27,12,1882,7,1,1882,False,"Dec. 27 Gustav Fredrick-Dantzic-320 lds. fir ends, 1,655 deals, 41 sleepers, 12 lds. lathwood-Churchill & Sim"
18820107_p002.txt,83,Porro,Skonvik,PORTSMOUTH,"709 pcs. fir sawn, 3,559 deals and battens",Thomas Bailey,29,12,1882,7,1,1882,False,"29 Porro-Skonvik-709 pcs. fir sawn, 3,559 deals and battens-Thomas Bailey"
18820107_p002.txt,84,Carbonaria,Soderhamn,PORTSMOUTH,"7,662 deals and battens, 24 lds. firewood",H. T. & J. Dashwood,30,12,1882,7,1,1882,False,"30 Carbonaria-Soderhamn-7,662 deals and battens, 24 lds. firewood-H. T. & J. Dashwood"
18820107_p002.txt,86,Raven,Sundswall,RYE,"346 pcs. fir hewn, 1,823 pcs, fir sawn",Vidler & Sons,28,12,1882,7,1,1882,False,"Dec. 28 Raven-Sundswall-346 pcs. fir hewn, 1,823 pcs, fir sawn-Vidler & Sons"
18820107_p002.txt,88,Wild Dayrell,Soderhamn,SHOREHAM,"20,500 deals and battens",Corney & Rigden,27,12,1882,7,1,1882,False,"Dec. 27 Wild Dayrell-Soderhamn-20,500 deals and battens-Corney & Rigden"
18820107_p002.txt,89,Atrulo,Hudikswall,SHOREHAM,"6,959 pcs. fir sawn",Penney,29,12,1882,7,1,1882,False,"29 Atrulo-Hudikswall-6,959 pcs. fir sawn-Penney"
18820107_p002.txt,90,Frank,Hudikswall,SHOREHAM,"51,643 pcs. fir sawn, 172 lds. firewood",Holloway & Fielders,2,1,1882,7,1,1882,False,"Jan. 2 Frank-Hudikswall-51,643 pcs. fir sawn, 172 lds. firewood-Holloway & Fielders"
18820107_p002.txt,93,Josefine,Sundswall,SOUTHAMPTON,459 lds. battens,J. Allen & Son,27,12,1882,7,1,1882,False,Dec. 27 Josefine-Sundswall-459 lds. battens-J. Allen & Son
18820107_p002.txt,94,Esperance,Hudikswall,SOUTHAMPTON,18 lds. fir sawn,John Horn,30,12,1882,7,1,1882,False,30 Esperance - Hudikswall - 18 lds. fir sawn-John Horn
18820107_p002.txt,96,Ingolf,Riga,STOCKTON,200 lds. sawn wood,John W. Watson,27,12,1882,7,1,1882,False,Dec. 27 Ingolf-Riga-200 lds. sawn wood-John W. Watson
18820107_p002.txt,98,Jens Brandt,Pensacola,SUNDERLAND,"118 logs fir hewn, 418 logs fir sawn, 460 deals",W. Robson,28,12,1882,7,1,1882,False,"Dec. 28 Jens Brandt-Pensacola-118 logs fir hewn, 418 logs fir sawn, 460 deals-W. Robson"
18820107_p002.txt,102,Curlew,Gothenburg,SUNDERLAND,"20,824 pit",props-Calder,29,12,1882,7,1,1882,False,"29 Curlew-Gothenburg-20,824 pit-props-Calder"
18820107_p002.txt,104,Moscow,Riga,SUNDERLAND,"10,667 sleeper blocks, 1,859 half","square sleepers-Burt, Boulton, & Co.",2,1,1882,7,1,1882,False,"Jan. 2 Moscow-Riga-10,667 sleeper blocks, 1,859 half-square sleepers-Burt, Boulton, & Co."
18820107_p002.txt,106,Amitie,Bordeaux,SWANSEA,112 lds. pit,props-James Davis,28,12,1882,7,1,1882,False,Dec. 28 Amitie-Bordeaux-112 lds. pit-props-James Davis
18820107_p002.txt,107,Golgotha,Riga,SWANSEA,"798 pcs. fir hewn, 86 lds. lathwood",Glasbrook & Co.,29,12,1882,7,1,1882,False,"29 Golgotha-Riga-798 pcs. fir hewn, 86 lds. lathwood-Glasbrook & Co."
18820107_p002.txt,110,Julia,Bordeaux,SWANSEA,670 lds. pitwood,James Davis,30,12,1882,7,1,1882,False,30 Julia-Bordeaux-670 lds. pitwood-James Davis
18820107_p002.txt,112,Francois,Brest,SWANSEA,110 lds. pitwood,Trounce,2,1,1882,7,1,1882,False,Jan. 2 Francois-Brest-110 lds. pitwood-Trounce
18820107_p002.txt,114,Juliet,New York,TYNE,"15 pcs. timber, 625 bdls. staves",Order,27,12,1882,7,1,1882,False,"Dec. 27 Juliet-New York-15 pcs. timber, 625 bdls. staves-Order"
18820107_p002.txt,115,Nanna,Gothenburg,TYNE,"27,006 pit",props-A. Reed,28,12,1882,7,1,1882,False,"28 Nanna-Gothenburg-27,006 pit-props-A. Reed"
18820107_p002.txt,118,Solon,Arendal,TYNE,"5,812 planks",Southern & Son,29,12,1882,7,1,1882,False,"29 Solon-Arendal-5,812 planks-Southern & Son"
18820107_p002.txt,120,Thyra,Arendal,TYNE,"660 cs. wood pulp, 53,511 pit",props-Order,30,12,1882,7,1,1882,False,"30 Thyra-Arendal-660 cs. wood pulp, 53,511 pit-props-Order"
18820107_p002.txt,121,Dragoon,Antwerp,TYNE,"150 bdls. basket rods, 35 bdls. laths",Tyne Steam Shipping Co.,31,12,1882,7,1,1882,False,"31 Dragoon-Antwerp-150 bdls. basket rods, 35 bdls. laths-Tyne Steam Shipping Co."
18820107_p002.txt,122,Lord Raglan,Rotterdam,TYNE,1 cs. mouldings,Tyne Steam Shipping Co.,2,1,1882,7,1,1882,False,Jan. 2 Lord Raglan-Rotterdam-1 cs. mouldings-Tyne Steam Shipping Co.
18830303p.161_p002.txt,6,Assam,Sydney,THE TIMBER TRADES JOURNAL,"21,060 pcs. sapanwood",Order,24,3,1883,3,3,1883,True,"24 Assam -Sydney-21,060 pcs. sapanwood-Order"
18830303p.161_p002.txt,9,Silbury,,THE TIMBER TRADES JOURNAL,New York,"1,200 staves-Engelhart",26,3,1883,3,3,1883,True,"26 Silbury --New York-1,200 staves-Engelhart ; 88 logs maple-Order"
18830303p.161_p002.txt,9,Silbury,,THE TIMBER TRADES JOURNAL,88 logs maple,Order,26,3,1883,3,3,1883,True,"26 Silbury --New York-1,200 staves-Engelhart ; 88 logs maple-Order"
18830303p.161_p002.txt,24,Prins Oscar,Gothenburg,THE TIMBER TRADES JOURNAL,"3,642 bds",Gabriel & Son,27,2,1883,3,3,1883,True,"Feb. 27 Prins Oscar -Gothenburg-3,642 bds -Gabriel & Son ; 2,655 battens-Berner & Nielsen ; 2,072 bdls. laths - Simson & Mason ; 300 bdls. mouldings-Gridley ; 100 prs. oars, 123 doz. deals, 410 doz. battens, 2,000 bdls. laths-Order"
18830303p.161_p002.txt,24,Prins Oscar,Gothenburg,THE TIMBER TRADES JOURNAL,"2,655 battens",Berner & Nielsen,27,2,1883,3,3,1883,True,"Feb. 27 Prins Oscar -Gothenburg-3,642 bds -Gabriel & Son ; 2,655 battens-Berner & Nielsen ; 2,072 bdls. laths - Simson & Mason ; 300 bdls. mouldings-Gridley ; 100 prs. oars, 123 doz. deals, 410 doz. battens, 2,000 bdls. laths-Order"
18830303p.161_p002.txt,24,Prins Oscar,Gothenburg,THE TIMBER TRADES JOURNAL,"2,072 bdls. laths",Simson & Mason,27,2,1883,3,3,1883,True,"Feb. 27 Prins Oscar -Gothenburg-3,642 bds -Gabriel & Son ; 2,655 battens-Berner & Nielsen ; 2,072 bdls. laths - Simson & Mason ; 300 bdls. mouldings-Gridley ; 100 prs. oars, 123 doz. deals, 410 doz. battens, 2,000 bdls. laths-Order"
18830303p.161_p002.txt,24,Prins Oscar,Gothenburg,THE TIMBER TRADES JOURNAL,300 bdls. mouldings,Gridley,27,2,1883,3,3,1883,True,"Feb. 27 Prins Oscar -Gothenburg-3,642 bds -Gabriel & Son ; 2,655 battens-Berner & Nielsen ; 2,072 bdls. laths - Simson & Mason ; 300 bdls. mouldings-Gridley ; 100 prs. oars, 123 doz. deals, 410 doz. battens, 2,000 bdls. laths-Order"
18830303p.161_p002.txt,24,Prins Oscar,Gothenburg,THE TIMBER TRADES JOURNAL,"100 prs. oars, 123 doz. deals, 410 doz. battens, 2,000 bdls. laths",Order,27,2,1883,3,3,1883,True,"Feb. 27 Prins Oscar -Gothenburg-3,642 bds -Gabriel & Son ; 2,655 battens-Berner & Nielsen ; 2,072 bdls. laths - Simson & Mason ; 300 bdls. mouldings-Gridley ; 100 prs. oars, 123 doz. deals, 410 doz. battens, 2,000 bdls. laths-Order"
18830303p.161_p002.txt,26,Antilles,Barbadoes,THE TIMBER TRADES JOURNAL,"1,051 pcs. wood",Gillespie & Co.,28,2,1883,3,3,1883,True,"28 Antilles -Barbadoes-1,051 pcs. wood-Gillespie & Co."
18830303p.161_p002.txt,31,Astrea,Arendal,LYNN,"3,403 pcs. mining timber",A. Beeby & Son,20,2,1883,3,3,1883,False,"Feb. 20 Astrea-Arendal-3,403 pcs. mining timber-A. Beeby & Son"
18830303p.161_p002.txt,32,Staffordshire,Hull,LYNN,29 stds. deals,Stanton,21,2,1883,3,3,1883,False,21 Staffordshire-Hull-29 stds. deals-Stanton
18830303p.161_p002.txt,35,Herman,Drammen,MIDDLESBROUGH,"11,350 sawn sleepers",J. P. Hornung & Son,20,2,1883,3,3,1883,False,"Feb. 20 Herman - Drammen - 11,350 sawn sleepers-J. P. Hornung & Son"
18830303p.161_p002.txt,37,Blamfried,Dieppe,NEWHAVEN,40 cwt. veneers,F. Reeves,26,2,1883,3,3,1883,False,Feb. 26 Blamfried-Dieppe-40 cwt. veneers-F. Reeves
18830303p.161_p002.txt,39,Marie Emelie,Port Launay,NEWPORT,77 lds. pitwood,Newport Pitwood Co.,20,2,1883,3,3,1883,False,Feb. 20 Marie Emelie-Port Launay-77 lds. pitwood-Newport Pitwood Co.
18830303p.161_p002.txt,42,Duc Ainsee Ligure,Pensacola,NEWPORT,"892 deals, 938 pcs. sawn fir","Pickford, Ford, & Co.",23,2,1883,3,3,1883,False,"23 Duc Ainsee Ligure-Pensacola-892 deals, 938 pcs. sawn fir-Pickford, Ford, & Co."
18830303p.161_p002.txt,43,Manne du Ciel,Hennebont,NEWPORT,100 lds. props,London and South Western Colliery Co.,26,2,1883,3,3,1883,False,26 Manne du Ciel-Hennebont-100 lds. props-London and South Western Colliery Co.
18830303p.161_p002.txt,45,Narwhal,San Francisco,PLYMOUTH,900 boards,"Fox, Sons, & Co.",22,2,1883,3,3,1883,False,"Feb. 22 Narwhal-San Francisco-900 boards -Fox, Sons, & Co."
18830303p.161_p002.txt,46,Iroquois,Portland,PLYMOUTH,"1,500 pcs. sawn fir",,24,2,1883,3,3,1883,False,"Feb. 24 Iroquois-Portland-1,500 pcs. sawn fir"
18830303p.161_p002.txt,48,Para,Colon,SOUTHAMPTON,"33 tons hardwood,",G. Dunlop & Co.,13,2,1883,3,3,1883,False,"Feb. 13 Para-Colon-33 tons hardwood, - G. Dunlop & Co."
18830303p.161_p002.txt,49,Wolf,Havre,SOUTHAMPTON,"30 pcs. hardwood,",E. K. Corke,17,2,1883,3,3,1883,False,"17 Wolf-Havre-30 pcs. hardwood,-E. K. Corke"
18830303p.161_p002.txt,50,Wolf,Havre,SOUTHAMPTON,5 tons boxwood,E. K. Corke,22,2,1883,3,3,1883,False,22 Wolf-Havre-5 tons boxwood-E. K. Corke
18830303p.161_p002.txt,52,Triton,Gothenburg,SUNDERLAND,"46,500 props, 2,319 poles",L. Torkildsen & Co.,20,2,1883,3,3,1883,True,"Feb. 20 Triton -Gothenburg-46,500 props, 2,319 poles-L. Torkildsen & Co."
18830303p.161_p002.txt,53,Gyldenlove,Holmestrand,SUNDERLAND,"37,990 props",Rayner & Moller,21,2,1883,3,3,1883,False,"21 Gyldenlove-Holmestrand - 37,990 props - Rayner & Moller"
18830303p.161_p002.txt,55,Fraternitas,Warberg,SUNDERLAND,"34,193 props",Moller,24,2,1883,3,3,1883,False,"24 Fraternitas-Warberg-34,193 props-Moller"
18830303p.161_p002.txt,57,Livonia,Bordeaux,SWANSEA,"9,122 pcs. hewn fir",Godfrey Taylor,20,2,1883,3,3,1883,False,"Feb. 20 Livonia-Bordeaux-9,122 pcs. hewn fir -Godfrey Taylor"
18830303p.161_p002.txt,58,Fekeline,Painpol,SWANSEA,140 lds. pitwood,Geo. Bedford,21,2,1883,3,3,1883,False,21 Fekeline-Painpol-140 lds. pitwood-Geo. Bedford
18830303p.161_p002.txt,60,Dragon,Antwerp,TYNE,865 bags bark,Tyne Steam Shipping Co.,23,2,1883,3,3,1883,True,Feb. 23 Dragon -Antwerp-865 bags bark-Tyne Steam Shipping Co.
18830303p.161_p002.txt,61,Warkworth,Rotterdam,TYNE,"1,692 bdls. hoops",Tyne Steam Shipping Co.,26,2,1883,3,3,1883,True,"26 Warkworth -Rotterdam-1,692 bdls. hoops -Tyne Steam Shipping Co."
18830303p.161_p002.txt,64,Birgitte Gjoe,Memel,YARMOUTH,"1,041 pcs. hewn fir, 300 sawn sleepers",J. & J. Colman,21,2,1883,3,3,1883,False,"Feb. 21 Birgitte Gjoe-Memel-1,041 pcs. hewn fir, 300 sawn sleepers-J. & J. Colman"
18830303p.161_p002.txt,65,Hanne,Gothenburg,YARMOUTH,"113,886 staves",J. R. Swanston,24,2,1883,3,3,1883,False,"24 Hanne-Gothenburg-113,886 staves-J. R. Swanston"
18830303p.161_p002.txt,68,Anglia,Rotterdam,BELFAST,"1,000 bdls. wood hoops",J. C. Pinkerton,20,2,1883,3,3,1883,False,"Feb. 20 Anglia-Rotterdam-1,000 bdls. wood hoops-J. C. Pinkerton"
18830303p.161_p002.txt,70,Glandinorwig,San Francisco,LIMERICK,"10 lds. pine, 285 pcs. sawn pitch pine, 662 deals",J. McDonnell,21,2,1883,3,3,1883,False,"Feb. 21 Glandinorwig-San Francisco-10 lds. pine, 285 pcs. sawn pitch pine, 662 deals-J. McDonnell"
18830303p.161_p002.txt,74,Othello,San Francisco,NEWRY,10 lds. deals,G. Hanna,20,2,1883,3,3,1883,False,Feb. 20 Othello-San Francisco-10 lds. deals-G. Hanna
18830303p.161_p002.txt,77,Leif,Drontheim,DUNDEE,quantity props,Fleming,20,2,1883,3,3,1883,False,Feb. 20 Leif - Drontheim - quantity props - Fleming
18830303p.161_p002.txt,78,Verona,Hamburg,DUNDEE,1/2 ld. staves,D. Alexander,26,2,1883,3,3,1883,False,26 Verona-Hamburg-1/2 ld. staves-D. Alexander
18830303p.161_p002.txt,80,Balivia,New York,GLASGOW,10 lds. staves,J. Kennedy & Co.,22,2,1883,3,3,1883,False,Feb. 22 Balivia-New York-10 lds. staves-J. Kennedy & Co.
18830303p.161_p002.txt,82,Amulet,Rotterdam,LEITH,10 lds. hoops,G. Gibson & Co.,22,2,1883,3,3,1883,False,Feb. 22 Amulet-Rotterdam-10 lds. hoops-G. Gibson & Co.
18830303p.161_p002.txt,83,Zaritza,Stenkjor,LEITH,"11,587 props",Gibson & son & Co.,23,2,1883,3,3,1883,False,"23 Zaritza-Stenkjor-11,587 props-Gibson & son & Co."
18830303p.161_p002.txt,84,Windsor,Rotterdam,LEITH,262 bdls. hoops,G. Gibson & Co.,26,2,1883,3,3,1883,False,26 Windsor-Rotterdam-262 bdls. hoops-G. Gibson & Co.
18830526p.367_p001.txt,45,Orient,"St. John, N.B.—28,300 fir deals and ends",BARROW,"Price, Potter, Walker, & Co.",,16,5,1883,26,5,1883,False,"May 16 Orient-St. John, N.B.—28,300 fir deals and ends-Price, Potter, Walker, & Co."
18830526p.367_p001.txt,51,Brooklyn City,New York,BRISTOL,6 logs walnut—Order,,17,5,1883,26,5,1883,True,May 17 Brooklyn City -New York-6 logs walnut—Order
18830526p.367_p001.txt,53,Batana,Memel,BRISTOL,"393 pcs. fir timber, 200 oak logs, 4,800 pipe staves",Taylor,21,5,1883,26,5,1883,False,"21 Batana-Memel-393 pcs. fir timber, 200 oak logs, 4,800 pipe staves-Taylor"
18830526p.367_p001.txt,56,Felix Marie,Carril,CARDIFF,150 lds. pitwood,,15,5,1883,26,5,1883,False,May 15 Felix Marie-Carril-150 lds. pitwood
18830526p.367_p001.txt,60,Annie,Corunna,CARDIFF,290 lds. pitwood,Manzanos,16,5,1883,26,5,1883,False,16 Annie-Corunna-290 lds. pitwood-Manzanos
18830526p.367_p001.txt,63,Palmira,Corunna,CARDIFF,320 lds. pitwood,"Manzanos, Cristobal, & Co.",17,5,1883,26,5,1883,False,"17 Palmira-Corunna-320 lds. pitwood-Manzanos, Cristobal, & Co."
18830526p.367_p001.txt,67,Petite Eugenie,Redon,CARDIFF,142 lds. pitwood,Order,18,5,1883,26,5,1883,False,18 Petite Eugenie-Redon-142 lds. pitwood-Order
18830526p.367_p001.txt,68,John Byng,Konigsberg,CARDIFF,"6,243 hewn sleeper blocks, 839 sawn sleepers",J. Bland & Co.,21,5,1883,26,5,1883,False,"21 John Byng-Konigsberg-6,243 hewn sleeper blocks, 839 sawn sleepers-J. Bland & Co."
18830526p.367_p001.txt,76,St. Johannes,Fredrikstadt,CARDIGAN,"20,329 pcs. sawn fir",Cardigan Mercantile Co.,21,5,1883,26,5,1883,False,"May 21 St. Johannes-Fredrikstadt-20,329 pcs. sawn fir-Cardigan Mercantile Co."
18830526p.367_p001.txt,79,Miss Hunt,Drammen,CARNARVON,"10,797 pcs. sawn fir",Jones & Griffiths,15,5,1883,26,5,1883,False,"May 15 Miss Hunt-Drammen-10,797 pcs. sawn fir-Jones & Griffiths"
18830526p.367_p001.txt,83,Lovspring,Porsgrund,CHESTER,"3,535 poles and props",T. Parry & Co.,21,5,1883,26,5,1883,False,"May 21 Lovspring-Porsgrund-3,535 poles and props-T. Parry & Co."
18830526p.367_p001.txt,87,Astrea,Darien,COLCHESTER,"72 pcs. hewn fir, 1,664 sawn fir",J. Sadd & Sons,16,5,1883,26,5,1883,False,"May 16 Astrea-Darien-72 pcs. hewn fir, 1,664 sawn fir-J. Sadd & Sons"
18830526p.367_p001.txt,90,Victor,Apalachicola,DOVER,"4,863 deals",W. Crundall,15,5,1883,26,5,1883,False,"May 15 Victor-Apalachicola-4,863 deals-W. Crundall"
18830526p.367_p001.txt,93,Amorosa,Gothenburg,EXETER,"2,792 deals and 4,300 battens, 19,678 boards",Redway & Carter,18,5,1883,26,5,1883,False,"May 18 Amorosa-Gothenburg-2,792 deals and 4,300 battens, 19,678 boards-Redway & Carter"
18830526p.367_p001.txt,96,Georg,Fredrikstadt,FAVERSHAM,102 lds. sawn fir,C. Christiansen,21,5,1883,26,5,1883,False,May 21 Georg-Fredrikstadt-102 lds. sawn fir-C. Christiansen
18830526p.367_p001.txt,99,Azof,"Halifax, N.B.",GLOUCESTER,"7,424 fir deals",Nicks & Co.,15,5,1883,26,5,1883,False,"May 15 Azof-Halifax, N.B.-7,424 fir deals-Nicks & Co."
18830526p.367_p001.txt,103,W. Coulman,Rotterdam,GOOLE,"3,158 bdls hoops",Goole Steamship Co.,17,5,1883,26,5,1883,False,"May 17 W. Coulman-Rotterdam-3,158 bdls hoops-Goole Steamship Co."
18830526p.367_p001.txt,104,Hertha,Stettin,GOOLE,"310 pcs. sawn oak, 137 pcs oak, 16 hewn sleepers",E. Maude,21,5,1883,26,5,1883,False,"21 Hertha-Stettin-310 pcs. sawn oak, 137 pcs oak, 16 hewn sleepers-E. Maude"
18830526p.367_p001.txt,108,Elizabeth,Konigsberg,GRIMSBY,"3,584 hewn sleepers, 684 sawn sleepers","Burt, Boulton & Co.",15,5,1883,26,5,1883,True,"May 15 Elizabeth -Konigsberg-3,584 hewn sleepers, 684 sawn sleepers-Burt, Boulton & Co."
18830526p.367_p001.txt,110,Marx,Tonning,GRIMSBY,235 pcs. hewn ash,Bunz,17,5,1883,26,5,1883,False,17 Marx-Tonning-235 pcs. hewn ash-Bunz
18830526p.367_p001.txt,111,Bradford,Lindalen,GRIMSBY,"21,044 deals and boards",Samuel Ellis,18,5,1883,26,5,1883,False,"18 Bradford-Lindalen-21,044 deals and boards-Samuel Ellis"
18830526p.367_p001.txt,113,C. von Platen,Stettin,GRIMSBY,447 pcs. hewn oak,S. Ellis,21,5,1883,26,5,1883,False,21 C. von Platen-Stettin-447 pcs. hewn oak-S. Ellis
18830602p.382_p002.txt,11,Drinde,Redon,SWANSEA,182 lds. props,Dynevor Coal Co.,26,5,1883,2,6,1883,False,May 26 Drinde-Redon-182 lds. props-Dynevor Coal Co.
18830602p.382_p002.txt,27,Alpha,Arendal,TYNE,"8,718 pit","props-Knudsen, Matthiessen, & Co.",22,5,1883,2,6,1883,True,"May 22 Alpha -Arendal-8,718 pit-props-Knudsen, Matthiessen, & Co."
18830602p.382_p002.txt,48,Herodot,Dantzic,WHITEHAVEN,"365 pcs. hewn fir, 1,593 sleepers, 50 pcs. hewn oak, 250 staves, 5 fms. lathwood",J. & W. Jackson,25,5,1883,2,6,1883,False,"May 25 Herodot-Dantzic-365 pcs. hewn fir, 1,593 sleepers, 50 pcs. hewn oak, 250 staves, 5 fms. lathwood-J. & W. Jackson"
18830602p.382_p002.txt,50,Der Freischutz,Stettin,WISBECH,"206 pcs. hewn oak, 130 pcs. fir",Hiscox & Smith,22,5,1883,2,6,1883,False,"May 22 Der Freischutz-Stettin-206 pcs. hewn oak, 130 pcs. fir-Hiscox & Smith"
18830602p.382_p002.txt,54,Broomhaugh,"St. John, N.B.",BELFAST,"50,806 deals and deal ends",Browne & Co.,21,5,1883,2,6,1883,False,"May 21 Broomhaugh-St. John, N.B.-50,806 deals and deal ends-Browne & Co."
18830602p.382_p002.txt,61,Rambler,Skutskar,COLERAINE,"41,429 pcs. fir sawn and planed",H. & T. Sellers,21,5,1883,2,6,1883,False,"May 21 Rambler-Skutskar-41,429 pcs. fir sawn and planed-H. & T. Sellers"
18830602p.382_p002.txt,63,Privateer,"St. John, N.B.",CORK,"26,550 deals, battens, and ends",Eustace & Co.,22,5,1883,2,6,1883,False,"May 22 Privateer-St. John, N.B.-26,550 deals, battens, and ends-Eustace & Co."
18830602p.382_p002.txt,66,Lepreaux,St. John,DUBLIN,"21,387 deals",W. Graham,24,5,1883,2,6,1883,False,"May 24 Lepreaux-St. John-21,387 deals-W. Graham"
18830602p.382_p002.txt,72,Cariola,Baltimore,LIMERICK,6 lds. boards,Defferrary & Co.,23,5,1883,2,6,1883,False,May 23 Cariola-Baltimore-6 lds. boards-Defferrary & Co.
18830602p.382_p002.txt,74,Kate Sancton,"St. John, N.B.",LONDONDERRY,"18,914 deals and deal ends",Major & Co.,26,5,1883,2,6,1883,False,"May 26 Kate Sancton-St. John, N.B.-18,914 deals and deal ends-Major & Co."
18830602p.382_p002.txt,75,Bonito,"St. John, N.B.",LONDONDERRY,"17,372 deals",Graves & Co.,23,5,1883,2,6,1883,False,"May 23 Bonito-St. John, N.B.-17,372 deals-Graves & Co."
18830602p.382_p002.txt,78,Johanna & Lina,Stettin,ABERDEEN,"217 oak logs, 306 oak crooks, 34 oak butts, 251 pcs. hewn fir",Fleming,23,5,1883,2,6,1883,False,"May 23 Johanna & Lina-Stettin-217 oak logs, 306 oak crooks, 34 oak butts, 251 pcs. hewn fir-Fleming"
18830602p.382_p002.txt,80,Caleb,Calmar,ALLOA,"4,235 pit",props-Kennedy & Co.,23,5,1883,2,6,1883,False,"May 23 Caleb-Calmar-4,235 pit - props-Kennedy & Co."
18830602p.382_p002.txt,82,Kenmore,Riga,ARBROATH,"1,130 fir deals",Wallace & Brown,28,5,1883,2,6,1883,True,"May 28 Kenmore -Riga-1,130 fir deals-Wallace & Brown"
18830602p.382_p002.txt,84,Skirner,Brevig,BANFF,"741 pcs. square fir, 392 battens",Paterson & Co.,28,5,1883,2,6,1883,False,"May 28 Skirner-Brevig-741 pcs. square fir, 392 battens-Paterson & Co."
18830602p.382_p002.txt,86,Jael,Porsgrund,BORROWSTOUNNESS,"15,064 props",Denholm & Co.,22,5,1883,2,6,1883,False,"May 22 Jael-Porsgrund-15,064 props-Denholm & Co."
18830602p.382_p002.txt,91,Spey,Riga,DUNDEE,"39 fir spars, 21 lds. lathwood",Armistead & Co.,22,5,1883,2,6,1883,False,"May 22 Spey-Riga-39 fir spars, 21 lds. lathwood-Armistead & Co."
18830602p.382_p002.txt,94,Caduceus,"St. John's, N.B.",GLASGOW,"37,265 deals","Hunter, Sheriff, & Co.",23,5,1883,2,6,1883,True,"May 23 Caduceus -St. John's, N.B.-37,265 deals-Hunter, Sheriff, & Co."
18830602p.382_p002.txt,105,Edina,Hamburg,GRANGEMOUTH,1 cs. mouldings,Order,21,5,1883,2,6,1883,True,May 21 Edina -Hamburg-1 cs. mouldings-Order
18830602p.382_p002.txt,107,Werge,Risoer,GRANTON,"11,993 pcs. hewn fir, 8,118 oak props",Madsen & Borck,28,5,1883,2,6,1883,False,"May 28 Werge-Risoer-11,993 pcs. hewn fir, 8,118 oak props-Madsen & Borck"
18830602p.382_p002.txt,109,Moruca,Trinidad,GREENOCK,16 logs greenheart,Foulds & Bone,23,5,1883,2,6,1883,True,May 23 Moruca -Trinidad-16 logs greenheart-Foulds & Bone
18830602p.382_p002.txt,114,Wemyss Castle,Christiansand,KIRKCALDY,"10,775 pit","props, 72 battens-J. Budge",23,5,1883,2,6,1883,False,"May 23 Wemyss Castle-Christiansand-10,775 pit-props, 72 battens-J. Budge"
18830602p.382_p002.txt,117,Livonia,Riga,LEITH,34½ lds. lathwood,J. Cormack,23,5,1883,2,6,1883,True,May 23 Livonia -Riga-34½ lds. lathwood-J. Cormack
18830602p.382_p002.txt,123,Montrose,Riga,MONTROSE,"1,854 pcs. lathwood, 100 rickers",Millar & Sons,26,5,1883,2,6,1883,True,"May 26 Montrose -Riga-1,854 pcs. lathwood, 100 rickers-Millar & Sons"
18830602p.382_p002.txt,125,Favorit,Christiansand,PETERHEAD,"60,000 birch staves",Garden T. West,28,5,1883,2,6,1883,False,"May 28 Favorit-Christiansand-60,000 birch staves-Garden T. West"
18830915p.200_p004.txt,4,Ludwig,Drammen,KIRKCALDY,"4,182 pcs. sawn white pine",Balfour & Co.,30,8,1883,15,9,1883,False,"Aug. 30 Ludwig-Drammen-4,182 pcs. sawn white pine-Balfour & Co."
18830915p.200_p004.txt,5,Anna,Christiansand,KIRKCALDY,"7,115 pit","props, 48 battens-J. Budge",8,9,1883,15,9,1883,False,"Sept. 8 Anna-Christiansand-7,115 pit-props, 48 battens-J. Budge"
18830915p.200_p004.txt,8,Arken,Sandefjord,LEITH,"2,940 battens and ends","Park, Dobson, & Co.",4,9,1883,15,9,1883,False,"Sept. 4 Arken-Sandefjord - 2,940 battens and ends-Park, Dobson, & Co."
18830915p.200_p004.txt,10,Savona,Cronstadt,LEITH,"34,918 pcs. sawn fir",Currie & Co.,5,9,1883,15,9,1883,False,"5 Savona - Cronstadt - 34,918 pcs. sawn fir-Currie & Co."
18830915p.200_p004.txt,13,Amulet,Rotterdam,LEITH,400 bdls. wood hoops,Gibson & Co.,7,9,1883,15,9,1883,False,7 Amulet-Rotterdam-400 bdls. wood hoops-Gibson & Co.
18830915p.200_p004.txt,14,Capella,Sundswall,LEITH,"2,927 deals",Duncan & Co.,8,9,1883,15,9,1883,False,"8 Capella-Sundswall-2,927 deals-Duncan & Co."
18830915p.200_p004.txt,15,Axel,Memel,LEITH,"31,100 oak staves",Young & Osborne - Dunkirk - 23 pcs. sawn wood-Gibson & Co.,10,9,1883,15,9,1883,False,"10 Axel-Memel-31,100 oak staves-Young & Osborne - Dunkirk - 23 pcs. sawn wood-Gibson & Co."
18830915p.200_p004.txt,19,Ivar,Ornskjoldsvik,MONTROSE,"51 spars, 11 lds. firewood",Millar & Sons,5,9,1883,15,9,1883,False,"Sept. 5 Ivar-Ornskjoldsvik-51 spars, 11 lds. firewood-Millar & Sons"
18830915p.200_p004.txt,20,Try Again,Windau,MONTROSE,"369 pcs. hewn fir, 13 sleeper blocks, 1,066 deals and battens",Millar & Sons,6,9,1883,15,9,1883,False,"6 Try Again-Windau-369 pcs. hewn fir, 13 sleeper blocks, 1,066 deals and battens-Millar & Sons"
18830915p.200_p004.txt,21,Mary,Bollsta,MONTROSE,"24 lds. firewood, 72 boards",Millar & Sons,7,9,1883,15,9,1883,False,"7 Mary-Bollsta-24 lds. firewood, 72 boards-Millar & Sons"
18830915p.200_p004.txt,25,Sine,Sundswall,STRANRAER,"10,401 pcs. sawn fir, 17,657 pcs. planed floorings, 74 pcs. hewn fir, 75 spars, 8½ lds. firewood",Adair,4,9,1883,15,9,1883,False,"Sept. 4 Sine-Sundswall-10,401 pcs. sawn fir, 17,657 pcs. planed floorings, 74 pcs. hewn fir, 75 spars, 8½ lds. firewood-Adair"
18830915p.200_p004.txt,28,Kate,Konigsberg,WICK,"4,000 pcs. hewn birch",J. E. Harper,7,9,1883,15,9,1883,False,"Sept 7 Kate-Konigsberg-4,000 pcs. hewn birch-J. E. Harper"
18840119p.67_p003.txt,3,Furnessia,New York,GLASGOW,"9,900 dressed staves",Drysdale Bros.,9,1,1884,19,1,1884,True,"Jan. 9 Furnessia -New York-9,900 dressed staves-Drysdale Bros."
18840119p.67_p003.txt,7,Speculation,Fredrikshald,GRANGEMOUTH,"23,260 pcs. props","Love, Stewart, & Co.",9,1,1884,19,1,1884,False,"Jan. 9 Speculation-Fredrikshald-23,260 pcs. props-Love, Stewart, & Co."
18840119p.67_p003.txt,9,Drapner,Fredrikshald,KIRKCALDY,"5,572 pit",props -Lochgelly Iron & Coal Co.,10,1,1884,19,1,1884,False,"Jan. 10 Drapner-Fredrikshald-5,572 pit-props -Lochgelly Iron & Coal Co."
18840119p.67_p003.txt,11,Adler,Riga,LEITH,"5,600 deals",Ferguson & Co.,10,1,1884,19,1,1884,False,"Jan. 10 Adler-Riga-5,600 deals-Ferguson & Co."
18840119p.67_p003.txt,13,Siilo,Philadelphia,MONTROSE,25 lds. lining boards,Somerville & Co.,14,1,1884,19,1,1884,False,Jan. 14 Siilo-Philadelphia-25 lds. lining boards -Somerville & Co.
18860109p25-26_p002.txt,5,Hiawatha — Bay Verte,"12,156 deals and deal ends",BELFAST,Dixon & Sons,,29,12,1886,9,1,1886,False,"Dec. 29 Hiawatha — Bay Verte-12,156 deals and deal ends-Dixon & Sons"
18860109p25-26_p002.txt,8,Antoinette,"Yarmouth, N.S.",DUBLIN,"20,618 deals and ends",Loch & Woods,30,12,1886,9,1,1886,False,"Dec. 30 Antoinette-Yarmouth, N.S.-20,618 deals and ends-Loch & Woods"
18860109p25-26_p002.txt,11,Black Head,Riga,LONDONDERRY,"7,754 pcs. lathwood",Heyn & Sons,28,12,1886,9,1,1886,False,"Dec. 28 Black Head-Riga-7,754 pcs. lathwood -Heyn & Sons"
18860109p25-26_p002.txt,15,Ruby,Riga,DUNDEE,"4,728 pcs. lathwood",Slimman & Robertson,2,1,1886,9,1,1886,False,"Jan. 2 Ruby - Riga-4,728 pcs. lathwood-Slimman & Robertson"
18860109p25-26_p002.txt,19,Chandos,New York,GLASGOW,134 brl. pipe staves,Order,29,12,1886,9,1,1886,True,Dec. 29 Chandos -New York-134 brl. pipe staves-Order
18860109p25-26_p002.txt,21,India,New York,GLASGOW,386 pcs. oak lumber,James Kennedy & Co.,2,1,1886,9,1,1886,True,Jan. 2 India -New York-386 pcs. oak lumber -James Kennedy & Co.
18860109p25-26_p002.txt,25,Excelsior,Mobile,GREENOCK,"740 pcs. pitch pine, 768 deals",Wright & Breakenridge,29,12,1886,9,1,1886,False,"Dec. 29 Excelsior-Mobile-740 pcs. pitch pine, 768 deals-Wright & Breakenridge"
18860109p25-26_p002.txt,26,Canute,Mobile,GREENOCK,"812 pcs. hewn pitch pine, 122 pcs. hewn timber, 15 spars, 687 deals",Wright & Breakenridge,2,1,1886,9,1,1886,False,"Jan. 2 Canute-Mobile-812 pcs. hewn pitch pine, 122 pcs. hewn timber, 15 spars, 687 deals-Wright & Breakenridge"
18860109p25-26_p002.txt,29,Mascotte,Rotterdam,LEITH,"1,190 bdls. wood hoops",Gibson & Co.,2,1,1886,9,1,1886,False,"Jan. 2 Mascotte-Rotterdam-1,190 bdls. wood hoops-Gibson & Co."
18860109p25-26_p002.txt,30,Amethyst,Riga,LEITH,"8,753 deals",Blaik & Co.,4,1,1886,9,1,1886,True,"4 Amethyst -Riga-8,753 deals-Blaik & Co."
18880107p16-17_p001.txt,38,John Wesley,Fredrikstad,BRISTOL,"1,383,390 staves, 5,171 boards",Order,2,1,1888,7,1,1888,False,"Jan. 2 John Wesley-Fredrikstad-1,383,390 staves, 5,171 boards-Order"
18880107p16-17_p001.txt,40,Eberstein,Bordeaux,CARDIFF,"1,000 lds. pitwood",G. N. Jessen,27,12,1888,7,1,1888,True,"Dec. 27 Eberstein -Bordeaux-1,000 lds. pitwood-G. N. Jessen"
18880107p16-17_p001.txt,45,Birgette,Skutskar,CARDIFF,"17,240 deals",Alexanders,28,12,1888,7,1,1888,False,"28 Birgette-Skutskar-17,240 deals-Alexanders"
18880107p16-17_p001.txt,48,Notre Dame de Bon Secour,Arcachon,CARDIFF,170 lds. pitwood,Order,29,12,1888,7,1,1888,False,29 Notre Dame de Bon Secour-Arcachon-170 lds. pitwood-Order
18880107p16-17_p001.txt,49,Gironde,Bordeaux,CARDIFF,850 lds. pitwood,Simkin,30,12,1888,7,1,1888,False,30 Gironde-Bordeaux-850 lds. pitwood-Simkin
18880107p16-17_p001.txt,53,Albino,Bordeaux,CARDIFF,"1,260 lds. pitwood",Simkin Bros.,31,12,1888,7,1,1888,False,"31 Albino-Bordeaux-1,260 lds. pitwood-Simkin Bros."
18880107p16-17_p001.txt,59,Adga,Oscarshamn,GLOUCESTER,"17,176 pcs. hewn fir",G. Horsley & Co.,27,12,1888,7,1,1888,False,"Dec. 27 Adga-Oscarshamn-17,176 pcs. hewn fir-G. Horsley & Co."
18880107p16-17_p001.txt,60,Panscivita,Danzig,GLOUCESTER,"425 pcs. hewn oak, 1,197 oak staves","Price, Walker, & Co.",30,12,1888,7,1,1888,False,"30 Panscivita-Danzig-425 pcs. hewn oak, 1,197 oak staves-Price, Walker, & Co."
18880107p16-17_p001.txt,63,Baltic,Westerwik,GRIMSBY,"8,348 pcs. sawn fir",Bennett & Co.,29,12,1888,7,1,1888,False,"Dec. 29 Baltic-Westerwik-8,348 pcs. sawn fir-Bennett & Co."
18880107p16-17_p001.txt,65,Jane Cory,Riga,IPSWICH,"3,699 pcs. lathwood",W. Brown & Son,31,12,1888,7,1,1888,False,"Dec. 31 Jane Cory-Riga-3,699 pcs. lathwood-W. Brown & Son"
18880107p16-17_p001.txt,67,Coral Queen,Gothenburg,HARTLEPOOL (WEST),"20,766 props, 4,500 bdls. laths, 200 lds. fir sleepers",T. Barraclough,27,12,1888,7,1,1888,True,"Dec. 27 Coral Queen -Gothenburg-20,766 props, 4,500 bdls. laths, 200 lds. fir sleepers-T. Barraclough"
18880107p16-17_p001.txt,76,Galileo,New York,HULL,"2,400 staves","Wilson, Sons, & Co.",29,12,1888,7,1,1888,True,"Dec. 29 Galileo -New York-2,400 staves-Wilson, Sons, & Co."
18880107p16-17_p001.txt,81,Grodno,Riga,HULL,"7,316 deals",Order,30,12,1888,7,1,1888,True,"30 Grodno -Riga-7,316 deals-Order"
18880107p16-17_p001.txt,90,Arizona,Sheet Harbour,LANCASTER,"16,164 deals, boards, and ends",G. Blades,30,12,1888,7,1,1888,False,"Dec. 30 Arizona-Sheet Harbour-16,164 deals, boards, and ends-G. Blades"
18880107p16-17_p001.txt,92,Ohio,New York,LIVERPOOL,"2,531 bdls. and 2,536 pcs. staves",Consignees,29,12,1888,7,1,1888,True,"Dec. 29 Ohio -New York-2,531 bdls. and 2,536 pcs. staves-Consignees"
18880107p16-17_p001.txt,93,Rallus,Rotterdam 900 bdls. hoops,LIVERPOOL,Order,,30,12,1888,7,1,1888,True,30 Rallus -Rotterdam 900 bdls. hoops-Order
18880107p16-17_p001.txt,94,Catalonia,Boston,LIVERPOOL,"3,000 staves",Order,30,12,1888,7,1,1888,True,"30 Catalonia -Boston-3,000 staves-Order"
18880107p16-17_p001.txt,98,Lake Superior,Boston,LIVERPOOL,"1,053 Canada butt staves",Churchill & Sim,31,12,1888,7,1,1888,True,"31 Lake Superior -Boston-1,053 Canada butt staves-Churchill & Sim ; 33 cs. spokes-Burgess & Co."
18880107p16-17_p001.txt,98,Lake Superior,Boston,LIVERPOOL,33 cs. spokes,Burgess & Co.,31,12,1888,7,1,1888,True,"31 Lake Superior -Boston-1,053 Canada butt staves-Churchill & Sim ; 33 cs. spokes-Burgess & Co."
18880107p16-17_p001.txt,103,Mercutio,Riga,SURREY COMMERCIAL DOCKS,13 stds. deals,E. Order,4,1,1888,7,1,1888,True,Jan. 4 Mercutio -Riga-13 stds. deals-E. Order
18880107p16-17_p001.txt,105,Loch Leven,Riga,MILLWALL DOCKS,"1,452 battens, 2,319 strips",Order,29,12,1888,7,1,1888,True,"Dec. 29 Loch Leven -Riga-1,452 battens, 2,319 strips-Order"
18880107p16-17_p001.txt,106,Lydian Monarch,New York,MILLWALL DOCKS,"1,310 staves",Churchill & Sim,30,12,1888,7,1,1888,True,"30 Lydian Monarch -New York-1,310 staves-Churchill & Sim ; 459 pcs. oak-G. Kennedy & Co. ; 250 pcs. oak-Canadian Bank of Commerce ; 850 bdls. oak staves, 2,666 oak strips-Order"
18880107p16-17_p001.txt,106,Lydian Monarch,New York,MILLWALL DOCKS,459 pcs. oak,G. Kennedy & Co.,30,12,1888,7,1,1888,True,"30 Lydian Monarch -New York-1,310 staves-Churchill & Sim ; 459 pcs. oak-G. Kennedy & Co. ; 250 pcs. oak-Canadian Bank of Commerce ; 850 bdls. oak staves, 2,666 oak strips-Order"
18880107p16-17_p001.txt,106,Lydian Monarch,New York,MILLWALL DOCKS,250 pcs. oak,Canadian Bank of Commerce,30,12,1888,7,1,1888,True,"30 Lydian Monarch -New York-1,310 staves-Churchill & Sim ; 459 pcs. oak-G. Kennedy & Co. ; 250 pcs. oak-Canadian Bank of Commerce ; 850 bdls. oak staves, 2,666 oak strips-Order"
18880107p16-17_p001.txt,106,Lydian Monarch,New York,MILLWALL DOCKS,"850 bdls. oak staves, 2,666 oak strips",Order,30,12,1888,7,1,1888,True,"30 Lydian Monarch -New York-1,310 staves-Churchill & Sim ; 459 pcs. oak-G. Kennedy & Co. ; 250 pcs. oak-Canadian Bank of Commerce ; 850 bdls. oak staves, 2,666 oak strips-Order"
18880107p16-17_p001.txt,107,Wolga,Stettin,MILLWALL DOCKS,113 bdls. firwood,Berlin Forwarding Co.,31,12,1888,7,1,1888,True,31 Wolga -Stettin-113 bdls. firwood-Berlin Forwarding Co.
18880107p16-17_p001.txt,108,Cameo,Christiania,MILLWALL DOCKS,254 bgs. blocks,J. Keen,2,1,1888,7,1,1888,True,"Jan. 2 Cameo -Christiania-254 bgs. blocks-J. Keen ; 10,310 boards-296,400 staves-Churchill & Sim ; 174 bdls. box boards-Order"
18880107p16-17_p001.txt,108,Cameo,Christiania,MILLWALL DOCKS,"10,310 boards","296,400 staves-Churchill & Sim",2,1,1888,7,1,1888,True,"Jan. 2 Cameo -Christiania-254 bgs. blocks-J. Keen ; 10,310 boards-296,400 staves-Churchill & Sim ; 174 bdls. box boards-Order"
18880107p16-17_p001.txt,108,Cameo,Christiania,MILLWALL DOCKS,174 bdls. box boards,Order,2,1,1888,7,1,1888,True,"Jan. 2 Cameo -Christiania-254 bgs. blocks-J. Keen ; 10,310 boards-296,400 staves-Churchill & Sim ; 174 bdls. box boards-Order"
18880107p16-17_p001.txt,110,Prins Oscar,Gothenburg,MILLWALL DOCKS,113 doz. deals,"Prier Wotton, & Co.",4,1,1888,7,1,1888,True,"4 Prins Oscar -Gothenburg-113 doz. deals-Prier Wotton, & Co. ; 522 doz. deals, 818 doz battens, 15 prs. oars, 10 doz. rickers, 12 poles-Order"
18880107p16-17_p001.txt,110,Prins Oscar,Gothenburg,MILLWALL DOCKS,"522 doz. deals, 818 doz battens, 15 prs. oars, 10 doz. rickers, 12 poles",Order,4,1,1888,7,1,1888,True,"4 Prins Oscar -Gothenburg-113 doz. deals-Prier Wotton, & Co. ; 522 doz. deals, 818 doz battens, 15 prs. oars, 10 doz. rickers, 12 poles-Order"
18880107p16-17_p001.txt,114,Haabet,Drammen,ROCHESTER,"450,626 staves","Burham Brick, Lime, & Cement Co.",27,12,1888,7,1,1888,False,"Dec. 27 Haabet-Drammen-450,626 staves-Burham Brick, Lime, & Cement Co. ; 725,314 staves-Wouldham Cement Co."
18880107p16-17_p001.txt,114,Haabet,Drammen,ROCHESTER,"725,314 staves",Wouldham Cement Co.,27,12,1888,7,1,1888,False,"Dec. 27 Haabet-Drammen-450,626 staves-Burham Brick, Lime, & Cement Co. ; 725,314 staves-Wouldham Cement Co."
18880107p16-17_p001.txt,115,Johann Friedrich,Danzig,ROCHESTER,895 fir deck planks,"Denny, Mott, & Dickson",28,12,1888,7,1,1888,False,"28 Johann Friedrich-Danzig-895 fir deck planks-Denny, Mott, & Dickson ; 331 pcs. fir, 352 fir crossings, 103 fir half-sleepers-Churchill & Sim"
18880107p16-17_p001.txt,115,Johann Friedrich,Danzig,ROCHESTER,"331 pcs. fir, 352 fir crossings, 103 fir half",sleepers-Churchill & Sim,28,12,1888,7,1,1888,False,"28 Johann Friedrich-Danzig-895 fir deck planks-Denny, Mott, & Dickson ; 331 pcs. fir, 352 fir crossings, 103 fir half-sleepers-Churchill & Sim"
18880107p16-17_p001.txt,116,Era,Dordt,ROCHESTER,"8,078 bdls. split hoops",Bridge Cement Co.,2,1,1888,7,1,1888,False,"Jan. 2 Era-Dordt-8,078 bdls. split hoops-Bridge Cement Co."
18880107p16-17_p001.txt,118,Ida,Gefle,STOCKTON,"10,659 deals, battens, and boards","Forster, Brotherton, & Co.",28,12,1888,7,1,1888,False,"Dec. 28 Ida-Gefle-10,659 deals, battens, and boards-Forster, Brotherton, & Co."
18880107p16-17_p001.txt,120,Enigheden,Holmestrand,SUNDERLAND,"14,000 pit",props-Rayner & Moller,27,12,1888,7,1,1888,False,"Dec. 27 Enigheden - Holmestrand - 14,000 pit-props-Rayner & Moller"
18880107p16-17_p001.txt,123,Argus,Stettin,SUNDERLAND,467 pcs. hewn oak,Short Bros,28,12,1888,7,1,1888,False,28 Argus-Stettin-467 pcs. hewn oak-Short Bros
18880107p16-17_p001.txt,126,Friederike Marie,Stettin,SUNDERLAND,402 pcs. hewn oak,Short Bros.,29,12,1888,7,1,1888,False,29 Friederike Marie-Stettin-402 pcs. hewn oak-Short Bros.
18880107p16-17_p001.txt,128,Ida,Christiania,SUNDERLAND,"7,209 spars, 9,499 staves",Marquis of Londonderry,31,12,1888,7,1,1888,False,"31 Ida-Christiania-7,209 spars, 9,499 staves-Marquis of Londonderry"
18880107p16-17_p001.txt,130,Earl of Durham,Ostend,SUNDERLAND,"13,000 props",T. J. Reay,2,1,1888,7,1,1888,True,"Jan. 2 Earl of Durham -Ostend-13,000 props-T. J. Reay"
18880107p16-17_p001.txt,132,Valin,Bayonne,SWANSEA,850 lds. pitwood,Llynvi & Co.,27,12,1888,7,1,1888,True,Dec. 27 Valin -Bayonne-850 lds. pitwood-Llynvi & Co.
18880107p16-17_p001.txt,133,Marie Henriette,Bordeaux,SWANSEA,150 lds. hewn fir,Williams & Co.,28,12,1888,7,1,1888,False,28 Marie Henriette-Bordeaux-150 lds. hewn fir-Williams & Co.
18880107p16-17_p001.txt,134,Helena,Fredrikstad,SWANSEA,"24,277 pcs. hewn fir","Jno. Glasbrook, Sons, & Co.",29,12,1888,7,1,1888,False,"29 Helena-Fredrikstad-24,277 pcs. hewn fir-Jno. Glasbrook, Sons, & Co."
18880107p16-17_p001.txt,136,Emma Marie,Bayonne,SWANSEA,110 lds. pitwood,William Davies & Co.,30,12,1888,7,1,1888,False,30 Emma Marie-Bayonne-110 lds. pitwood-William Davies & Co.
18880107p16-17_p001.txt,140,Emma,Bordeaux,SWANSEA,210 lds. hewn fir,W. G. Fox & Co.,31,12,1888,7,1,1888,False,31 Emma-Bordeaux-210 lds. hewn fir-W. G. Fox & Co.
18880107p16-17_p001.txt,141,Lucie Marie,Bordeaux,SWANSEA,180 lds. hewn fir,W. G. Fox & Co.,2,1,1888,7,1,1888,False,Jan. 2 Lucie Marie-Bordeaux-180 lds. hewn fir-W. G. Fox & Co.
18880107p16-17_p001.txt,146,Odin,Christiania,TYNE,"120 pcs. square timber, 88 lds. props, 2 bdls. wood",Order,27,12,1888,7,1,1888,True,"Dec. 27 Odin -Christiania-120 pcs. square timber, 88 lds. props, 2 bdls. wood-Order"
18880107p16-17_p001.txt,148,Tyri Skien,"874 telegraph poles, 3,112 props",TYNE,T. Atkinson,,29,12,1888,7,1,1888,False,"29 Tyri Skien-874 telegraph poles, 3,112 props-T. Atkinson"
18880107p16-17_p001.txt,149,Elinor,Dordt,TYNE,"6,620 bdls. hoops",Order,2,1,1888,7,1,1888,False,"Jan. 2 Elinor-Dordt-6,620 bdls. hoops-Order"
18880107p16-17_p001.txt,151,Baron Holberg,Laurvig,WHITEHAVEN,"14,000 deals",J. & W. Jackson,2,1,1888,7,1,1888,False,"Jan. 2 Baron Holberg-Laurvig-14,000 deals-J. & W. Jackson"
18880107p16-17_p001.txt,154,Loch Garry,Riga,BELFAST,43 lds. firewood,Order,27,12,1888,7,1,1888,False,Dec. 27 Loch Garry-Riga-43 lds. firewood-Order
18880107p16-17_p001.txt,155,Dortmund,Rotterdam,BELFAST,"1,400 bdls. hoops",C. Pinkerton,28,12,1888,7,1,1888,False,"28 Dortmund-Rotterdam-1,400 bdls. hoops-C. Pinkerton"
18880107p16-17_p001.txt,158,Angantyr,Skien,ALLOA,"7,571 props",Cowdenbeath Coal Co.,27,12,1888,7,1,1888,False,"Dec. 27 Angantyr-Skien-7,571 props-Cowdenbeath Coal Co."
18880107p16-17_p001.txt,160,Professo,Christiania,ALLOA,"12,603 props",Cowdenbeath Coal Co.,28,12,1888,7,1,1888,False,"28 Professo-Christiania-12,603 props-Cowdenbeath Coal Co."
18880107p16-17_p001.txt,161,Wilhelm,Riga,ALLOA,"4,831 deals",Thos. Wilson & Co.,29,12,1888,7,1,1888,False,"29 Wilhelm-Riga-4,831 deals-Thos. Wilson & Co."
18880107p16-17_p001.txt,163,Martin Fredrik,Fredrikstad,BORROWSTOUNNESS,"29,000 pit",props-Love & Stewart,30,12,1888,7,1,1888,False,"Dec. 30 Martin Fredrik-Fredrikstad-29,000 pit-props-Love & Stewart"
18880107p16-17_p001.txt,165,State of Nebraska,New York,GLASGOW,"7,000 barrel staves, 4,500 hhd. staves","Allison, Cousland, & Co.",26,12,1888,7,1,1888,False,"Dec. 26 State of Nebraska-New York-7,000 barrel staves, 4,500 hhd. staves-Allison, Cousland, & Co."
18880107p16-17_p001.txt,167,Lord Landowne,Baltimore,GLASGOW,"5,000 staves",R. Wylie Hill & Co.,27,12,1888,7,1,1888,False,"27 Lord Landowne-Baltimore-5,000 staves-R. Wylie Hill & Co. ; 1,800 staves-Allison, Cousland, & Co. ; 1,200 deals-Govan & Co. ; 240 spars-Brownlee & Co. ; 15,012 staves-Order"
18880107p16-17_p001.txt,167,Lord Landowne,Baltimore,GLASGOW,"1,800 staves","Allison, Cousland, & Co.",27,12,1888,7,1,1888,False,"27 Lord Landowne-Baltimore-5,000 staves-R. Wylie Hill & Co. ; 1,800 staves-Allison, Cousland, & Co. ; 1,200 deals-Govan & Co. ; 240 spars-Brownlee & Co. ; 15,012 staves-Order"
18880107p16-17_p001.txt,167,Lord Landowne,Baltimore,GLASGOW,"1,200 deals",Govan & Co.,27,12,1888,7,1,1888,False,"27 Lord Landowne-Baltimore-5,000 staves-R. Wylie Hill & Co. ; 1,800 staves-Allison, Cousland, & Co. ; 1,200 deals-Govan & Co. ; 240 spars-Brownlee & Co. ; 15,012 staves-Order"
18880107p16-17_p001.txt,167,Lord Landowne,Baltimore,GLASGOW,240 spars,Brownlee & Co.,27,12,1888,7,1,1888,False,"27 Lord Landowne-Baltimore-5,000 staves-R. Wylie Hill & Co. ; 1,800 staves-Allison, Cousland, & Co. ; 1,200 deals-Govan & Co. ; 240 spars-Brownlee & Co. ; 15,012 staves-Order"
18880107p16-17_p001.txt,167,Lord Landowne,Baltimore,GLASGOW,"15,012 staves",Order,27,12,1888,7,1,1888,False,"27 Lord Landowne-Baltimore-5,000 staves-R. Wylie Hill & Co. ; 1,800 staves-Allison, Cousland, & Co. ; 1,200 deals-Govan & Co. ; 240 spars-Brownlee & Co. ; 15,012 staves-Order"
18880107p16-17_p001.txt,169,Hurricane,Riga,GRANGEMOUTH,"1,480 deals",McPherson & McLaren,26,12,1888,7,1,1888,False,"Dec. 26 Hurricane - Riga - 1,480 deals-McPherson & McLaren"
18890112p.3_p002.txt,4,Balance,Riga,GRANGEMOUTH,"6,866 deals and ends",Order,31,12,1889,12,1,1889,False,"Dec. 31 Balance-Riga-6,866 deals and ends-Order"
18890112p.3_p002.txt,8,Adela C.,Rangoon,GREENOCK,"4,880 pcs. teak timber, 931 teak squares, 401 pkgs. teak timber",Order,5,1,1889,12,1,1889,False,"Jan. 5 Adela C.-Rangoon-4,880 pcs. teak timber, 931 teak squares, 401 pkgs. teak timber-Order"
18890112p.3_p002.txt,11,Persante,Sundswall,LEITH,"13,078 battens and ends","Park, Dobson, & Co.",3,1,1889,12,1,1889,False,"Jan. 3 Persante-Sundswall-13,078 battens and ends-Park, Dobson, & Co."
18890112p.3_p002.txt,12,Julianshaab,Riga,LEITH,393 lds. lathwood,Thorburn & Renwick,4,1,1889,12,1,1889,False,4 Julianshaab-Riga-393 lds. lathwood-Thorburn & Renwick
18890112p.3_p002.txt,16,Argus,Sundswall,LEITH,"4 lds. firewood, 8,826 deals and battens",M. J. Ellingsen,7,1,1889,12,1,1889,False,"7 Argus-Sundswall-4 lds. firewood, 8,826 deals and battens-M. J. Ellingsen"
18890112p.3_p002.txt,19,Starleyhall,Cadiz,LEITH,222 bdls. hoops,Aitken,9,1,1889,12,1,1889,False,9 Starleyhall-Cadiz-222 bdls. hoops-Aitken
18890119p.4.txt,63,Johannes,Porsgrund,ALLOA,"17,500 pit props",Madsen & Borck,8,1,1889,19,1,1889,False,"Jan. 8 Johannes-Porsgrund-17,500 pit props-Madsen & Borck"
18890119p.4.txt,64,Magnus Stenbok,Oscarshamn,ALLOA,"8,878 pit props",Salvesen & Co.,9,1,1889,19,1,1889,False,"9 Magnus Stenbok-Oscarshamn-8,878 pit props-Salvesen & Co."
18890119p.4.txt,65,Vigilant,Christiania,ALLOA,"5,638 pit props",Madsen & Borck,12,1,1889,19,1,1889,False,"12 Vigilant-Christiania-5,638 pit props-Madsen & Borck"
18890119p.4.txt,69,Ajax,"Danzig 41,285 pit props",BORROWSTOUNNESS,J. S. Dymock Smith & Co.,,8,1,1889,19,1,1889,True,"Jan. 8 Ajax -Danzig 41,285 pit props-J. S. Dymock Smith & Co."
18890119p.4.txt,70,Haabets Anker,Risoer,BORROWSTOUNNESS,"25,765 pit props",Love & Stewart,11,1,1889,19,1,1889,False,"11 Haabets Anker-Risoer-25,765 pit props-Love & Stewart"
18890119p.4.txt,71,Rap,"Christiansand 5,428 pit props",BORROWSTOUNNESS,Love,,12,1,1889,19,1,1889,False,"12 Rap-Christiansand 5,428 pit props-Love"
18890119p.4.txt,73,Svanen,Saltvik,DUNDEE,"9,415 deals and battens",Bell & Sime,8,1,1889,19,1,1889,False,"Jan. 8 Svanen-Saltvik-9,415 deals and battens -Bell & Sime"
18890119p.4.txt,74,Hilda,Cronstadt,DUNDEE,"1,975 hewn fir rickers",Fleming & Barry,14,1,1889,19,1,1889,False,"14 Hilda-Cronstadt-1,975 hewn fir rickers-Fleming & Barry ; 3,447 deals and battens, 242 lds. sawn fir-Jas. Saddler"
18890119p.4.txt,74,Hilda,Cronstadt,DUNDEE,"3,447 deals and battens, 242 lds. sawn fir",Jas. Saddler,14,1,1889,19,1,1889,False,"14 Hilda-Cronstadt-1,975 hewn fir rickers-Fleming & Barry ; 3,447 deals and battens, 242 lds. sawn fir-Jas. Saddler"
18890119p.4.txt,76,State of Pensylvania,New York,GLASGOW,"1,200 brl. staves",R. Hamilton & Co.,8,1,1889,19,1,1889,False,"Jan. 8 State of Pensylvania-New York-1,200 brl. staves-R. Hamilton & Co."
18890119p.4.txt,77,Lord O'Niel,Baltimore,GLASGOW,23 walnut logs,"Allison, Cousland, & Co.",9,1,1889,19,1,1889,False,"9 Lord O'Niel-Baltimore-23 walnut logs-Allison, Cousland, & Co. ; 822 pcs. oak lumber, 7,401 staves-Order"
18890119p.4.txt,77,Lord O'Niel,Baltimore,GLASGOW,"822 pcs. oak lumber, 7,401 staves",Order,9,1,1889,19,1,1889,False,"9 Lord O'Niel-Baltimore-23 walnut logs-Allison, Cousland, & Co. ; 822 pcs. oak lumber, 7,401 staves-Order"
18890119p.4.txt,78,Ethiopia,New York,GLASGOW,506 pcs. oak,Jas. Kennedy & Co.,9,1,1889,19,1,1889,False,"9 Ethiopia-New York-506 pcs. oak-Jas. Kennedy & Co. ; 5,904 dressed brl. staves-D. Dorman & Co. ; 9 maple logs, 385 pcs. oak lumber-Order"
18890119p.4.txt,78,Ethiopia,New York,GLASGOW,"5,904 dressed brl. staves",D. Dorman & Co.,9,1,1889,19,1,1889,False,"9 Ethiopia-New York-506 pcs. oak-Jas. Kennedy & Co. ; 5,904 dressed brl. staves-D. Dorman & Co. ; 9 maple logs, 385 pcs. oak lumber-Order"
18890119p.4.txt,78,Ethiopia,New York,GLASGOW,"9 maple logs, 385 pcs. oak lumber",Order,9,1,1889,19,1,1889,False,"9 Ethiopia-New York-506 pcs. oak-Jas. Kennedy & Co. ; 5,904 dressed brl. staves-D. Dorman & Co. ; 9 maple logs, 385 pcs. oak lumber-Order"
18890119p.4.txt,79,Greata,Gothenburg,GLASGOW,"23 bgs. turned wood, 164 bgs., 7 sacks bobbins, 4,400 bdls. laths",Order,12,1,1889,19,1,1889,False,"12 Greata-Gothenburg-23 bgs. turned wood, 164 bgs., 7 sacks bobbins, 4,400 bdls. laths-Order"
18890119p.4.txt,80,Bertha,Mobile,GLASGOW,"560 logs timber, 715 deals","Robinson, Dunn, & Co.",12,1,1889,19,1,1889,False,"12 Bertha-Mobile-560 logs timber, 715 deals-Robinson, Dunn, & Co."
18890119p.4.txt,81,State of Georgia,New York,GLASGOW,225 pkgs. wood,ware-Singer Manufacturing Co.,14,1,1889,19,1,1889,False,14 State of Georgia-New York-225 pkgs. wood-ware-Singer Manufacturing Co. ; 515 oars-R. Hamilton & Co. ; 300 ppe. staves-Shaw & Co. ; 1 car maple sheathing-Lamb & Crawford
18890119p.4.txt,81,State of Georgia,New York,GLASGOW,515 oars,R. Hamilton & Co.,14,1,1889,19,1,1889,False,14 State of Georgia-New York-225 pkgs. wood-ware-Singer Manufacturing Co. ; 515 oars-R. Hamilton & Co. ; 300 ppe. staves-Shaw & Co. ; 1 car maple sheathing-Lamb & Crawford
18890119p.4.txt,81,State of Georgia,New York,GLASGOW,300 ppe. staves,Shaw & Co.,14,1,1889,19,1,1889,False,14 State of Georgia-New York-225 pkgs. wood-ware-Singer Manufacturing Co. ; 515 oars-R. Hamilton & Co. ; 300 ppe. staves-Shaw & Co. ; 1 car maple sheathing-Lamb & Crawford
18890119p.4.txt,81,State of Georgia,New York,GLASGOW,1 car maple sheathing,Lamb & Crawford,14,1,1889,19,1,1889,False,14 State of Georgia-New York-225 pkgs. wood-ware-Singer Manufacturing Co. ; 515 oars-R. Hamilton & Co. ; 300 ppe. staves-Shaw & Co. ; 1 car maple sheathing-Lamb & Crawford
18890119p.4.txt,84,Ansgar,Gothenburg,GRANGEMOUTH,"9,638 deals",Order,9,1,1889,19,1,1889,False,"Jan. 9 Ansgar-Gothenburg-9,638 deals-Order"
18890119p.4.txt,86,Louis,Danzig,GRANGEMOUTH,"518 pcs. timber, 172 timber ends, 116 sleepers",Mitchell Thompson & Co.,12,1,1889,19,1,1889,False,"12 Louis-Danzig-518 pcs. timber, 172 timber ends, 116 sleepers-Mitchell Thompson & Co."
18890119p.4.txt,90,Frithiof,Gothenburg,GRANTON,"5,935 pit props",C. Salvesen & Co.,8,1,1889,19,1,1889,True,"Jan. 8 Frithiof -Gothenburg-5,935 pit props-C. Salvesen & Co."
18890119p.4.txt,92,Vesta,Danzig,LEITH,"24,137 staves","J. Mackie, Koth, & Co.",9,1,1889,19,1,1889,False,"Jan. 9 Vesta-Danzig-24,137 staves-J. Mackie, Koth, & Co."
18890119p.4.txt,93,Nurkstall,Amsterdam,LEITH,34 bdls. hoops,Gibson,10,1,1889,19,1,1889,False,10 Nurkstall-Amsterdam-34 bdls. hoops-Gibson
18890119p.4.txt,94,Express,Cronstadt,LEITH,"8,184 deals and battens",Thomas M. Summers & Co.,12,1,1889,19,1,1889,False,"12 Express-Cronstadt-8,184 deals and battens-Thomas M. Summers & Co."
18890209p.106_p002.txt,4,Nessmore,Baltimore,"FEBRUARY 9, 1889","122 pcs. walnut, 264 walnut boards, 13 pcs. hickory",Coltart,4,2,1889,9,2,1889,True,"4 Nessmore -Baltimore-122 pcs. walnut, 264 walnut boards, 13 pcs. hickory-Coltart"
18890209p.106_p002.txt,6,City of Chicago,New York,"FEBRUARY 9, 1889",83 lancewood spars B. Hall & Co.,,5,2,1889,9,2,1889,True,"5 City of Chicago -New York-83 lancewood spars B. Hall & Co. ; 633 lancewood spars, 329 pcs. lignum vitæ-Order"
18890209p.106_p002.txt,6,City of Chicago,New York,"FEBRUARY 9, 1889","633 lancewood spars, 329 pcs. lignum vitæ",Order,5,2,1889,9,2,1889,True,"5 City of Chicago -New York-83 lancewood spars B. Hall & Co. ; 633 lancewood spars, 329 pcs. lignum vitæ-Order"
18890209p.106_p002.txt,7,Hebe,Demerara,"FEBRUARY 9, 1889",338 logs greenheart timber,"Sandbach, Tinne, & Co.",6,2,1889,9,2,1889,True,"6 Hebe -Demerara-338 logs greenheart timber-Sandbach, Tinne, & Co."
18890209p.106_p002.txt,9,Ville de Maranhao,Rio,HAVRE,258 logs rosewood,,31,1,1889,9,2,1889,True,Jan. 31 Ville de Maranhao -Rio-258 logs rosewood
18890209p.106_p002.txt,11,British Queen,Liverpool,HAVRE,"480 pcs. boxwood, 898 pcs. ebony, 203 pcs. lignum",vitæ,4,1,1889,9,2,1889,False,"4 British Queen-Liverpool-480 pcs. boxwood, 898 pcs. ebony, 203 pcs. lignum-vitæ"
18890209p.106_p002.txt,12,Ville de Rosario,Rio Janeiro,HAVRE,84 pcs. rosewood,,5,1,1889,9,2,1889,False,5 Ville de Rosario-Rio Janeiro-84 pcs. rosewood
18890223p.4.txt,38,Benabourd,Drontheim,ABERDEEN,"32,620 pcs. sawn fir, 67 lds. firewood",G. Milne & Co.,12,2,1889,23,2,1889,False,"Feb. 12 Benabourd-Drontheim-32,620 pcs. sawn fir, 67 lds. firewood-G. Milne & Co."
18890223p.4.txt,39,Ellen Grant,Pascagoula,ABERDEEN,"977 pcs. sawn fir, 124 deals",G. Milne & Co.,15,2,1889,23,2,1889,False,"Feb. 15 Ellen Grant-Pascagoula-977 pcs. sawn fir, 124 deals-G. Milne & Co."
18890223p.4.txt,41,Dunaborg,Christiania,ALLOA,"11,326 pcs. pitwood",C. Salvesen & Co.,15,2,1889,23,2,1889,False,"Feb. 15 Dunaborg-Christiania-11,326 pcs. pitwood-C. Salvesen & Co."
18890223p.4.txt,44,Tremad,Christiansand,BORROWSTOUNNESS,196 lds. pitwood,J. Denholm & Co.,15,2,1889,23,2,1889,False,Feb. 15 Tremad-Christiansand-196 lds. pitwood-J. Denholm & Co.
18890223p.4.txt,45,Skjdskor,Uddevalla,BORROWSTOUNNESS,642 lds. pitwood,J. Denholm & Co.,16,2,1889,23,2,1889,False,Feb. 16 Skjdskor-Uddevalla-642 lds. pitwood-J. Denholm & Co.
18890223p.4.txt,47,Gwent,Hommelvik,DUNDEE,"16,935 deals",Jas. Donaldson & Sons,12,2,1889,23,2,1889,True,"Feb. 12 Gwent -Hommelvik-16,935 deals-Jas. Donaldson & Sons"
18890223p.4.txt,49,Rivas,Trieste and Fiume,GLASGOW,"176 oak planks, 183 oak logs",Order,12,2,1889,23,2,1889,False,"Feb. 12 Rivas-Trieste and Fiume-176 oak planks, 183 oak logs-Order"
18890223p.4.txt,51,Hibernian,Boston,GLASGOW,"4,800 staves",Wright,15,2,1889,23,2,1889,False,"Feb. 15 Hibernian-Boston-4,800 staves-Wright"
18890223p.4.txt,55,Tronda,Drontheim,GRANGEMOUTH,"9,152 deals",Brownlee & Co.,11,2,1889,23,2,1889,False,"Feb. 11 Tronda-Drontheim-9,152 deals-Brownlee & Co."
18890223p.4.txt,57,Frithiof,Gothenburg,GRANTON,94 lds. fir deals,C. Salvesen & Co.,12,2,1889,23,2,1889,True,Feb. 12 Frithiof -Gothenburg-94 lds. fir deals-C. Salvesen & Co.
18890223p.4.txt,59,Harald Haarfager,Pensacola,GREENOCK,"128 pcs. square hewn pitch pine timber, 1,447 pcs. sawn pitch pine timber, 196 sawn pitch pine deals","Robinson, Dunn, Co.",13,2,1889,23,2,1889,False,"Feb. 13 Harald Haarfager-Pensacola-128 pcs. square hewn pitch pine timber, 1,447 pcs. sawn pitch pine timber, 196 sawn pitch pine deals-Robinson, Dunn, Co."
18890223p.4.txt,62,Sella,Christiansand,KIRKCALDY,"5,340 pit props",Fife Coal Co.,13,2,1889,23,2,1889,False,"Feb. 13 Sella-Christiansand-5,340 pit props-Fife Coal Co."
18890223p.4.txt,64,Stanley,Bordeaux,LEITH,944 bdls. hoops,Thos. Aitken,13,2,1889,23,2,1889,False,Feb. 13 Stanley-Bordeaux-944 bdls. hoops-Thos. Aitken
18890223p.4.txt,65,Alfen,Falkenberg,LEITH,"9,053 pit props",Preston-grange Coal Co.,16,2,1889,23,2,1889,False,"Feb. 16 Alfen-Falkenberg-9,053 pit props-Preston-grange Coal Co."
18890223p.4.txt,66,Ni[?]delven,"Ra[?]so 18,118 fir battens and boards",LEITH,R. Millar & Sons,,18,2,1889,23,2,1889,False,"Feb. 18 Ni[?]delven-Ra[?]so 18,118 fir battens and boards-R. Millar & Sons"
18890223p.4.txt,68,Ploughman,"Gothenburg 6,441 fir battens",PETERHEAD,A. & J. W.,,12,2,1889,23,2,1889,False,"Feb. 12 Ploughman-Gothenburg 6,441 fir battens-A. & J. W."
18890223p.4.txt,70,Almedia,Mobile,PORT GLASGOW,"211 pcs. hewn pitch pine, 102 pcs. sawn pitch pine, 20 pitch pine spars, 53 pcs. sawn pitch pine, 644 pitch pine deals",Wright & Breakenridge,14,2,1889,23,2,1889,False,"Feb. 14 Almedia-Mobile-211 pcs. hewn pitch pine, 102 pcs. sawn pitch pine, 20 pitch pine spars, 53 pcs. sawn pitch pine, 644 pitch pine deals-Wright & Breakenridge"
18890223p.4.txt,71,Kate Crosby,Mobile,PORT GLASGOW,"49 pcs. hewn pitch pine, 991 pcs. sawn pitch pine, 348 deals",Matthew Wright & Nephew,18,2,1889,23,2,1889,False,"Feb. 18 Kate Crosby-Mobile-49 pcs. hewn pitch pine, 991 pcs. sawn pitch pine, 348 deals-Matthew Wright & Nephew"
18890323p.326_p001.txt,7,Ontario,Baltimore,BRISTOL,"1,722 pcs. staves",Order,14,3,1889,23,3,1889,True,"March 14 Ontario -Baltimore-1,722 pcs. staves-Order"
18890323p.326_p001.txt,8,Toronto,"Portland, Maine",BRISTOL,"7,382 pcs. deals",R. R. Dobell & Co.,18,3,1889,23,3,1889,True,"18 Toronto -Portland, Maine-7,382 pcs. deals-R. R. Dobell & Co."
18890323p.326_p001.txt,12,Chatsworth,Bordeaux,CARDIFF,950 lds. pitwood,Simkin Bros.,12,3,1889,23,3,1889,False,March 12 Chatsworth-Bordeaux-950 lds. pitwood-Simkin Bros.
18890323p.326_p001.txt,15,Venio,Corunna,CARDIFF,363 lds. pitwood,Manzanos,13,3,1889,23,3,1889,False,13 Venio-Corunna-363 lds. pitwood-Manzanos
18890323p.326_p001.txt,17,Boucan,Bayonne,CARDIFF,"1,100 lds. pitwood",A. Capelle,14,3,1889,23,3,1889,True,"14 Boucan -Bayonne-1,100 lds. pitwood-A. Capelle"
18890323p.326_p001.txt,18,Pontiac,Bordeaux,CARDIFF,751 lds. pitwood,Simkin,15,3,1889,23,3,1889,False,15 Pontiac-Bordeaux-751 lds. pitwood-Simkin
18890323p.326_p001.txt,20,Minister Achenbach,Bordeaux,CARDIFF,900 lds. pitwood,"Watts, Ward, & Co.",16,3,1889,23,3,1889,True,"16 Minister Achenbach -Bordeaux-900 lds. pitwood-Watts, Ward, & Co."
18890323p.326_p001.txt,21,Marie Francoise,Port Launay,CARDIFF,115 lds. firewood,Order,18,3,1889,23,3,1889,False,18 Marie Francoise-Port Launay-115 lds. firewood-Order
18890323p.326_p001.txt,27,Sirius,Lysekil,GOOLE,"16,016 fir battens",Maude & Sons,13,3,1889,23,3,1889,False,"March 13 Sirius-Lysekil-16,016 fir battens-Maude & Sons"
18890323p.326_p001.txt,30,Sweden,Gothenburg,HARTLEPOOL (WEST),"7,300 poles, 1,650 posts, 8,306 deals and battens, 1,444 bdls. laths",T. Barraclough,12,3,1889,23,3,1889,True,"March 12 Sweden -Gothenburg-7,300 poles, 1,650 posts, 8,306 deals and battens, 1,444 bdls. laths-T. Barraclough"
18890323p.326_p001.txt,31,Triton,Gothenburg,HARTLEPOOL (WEST),"1,341 pcs. hewn fir",C. A. Forslind & Co.,13,3,1889,23,3,1889,True,"13 Triton -Gothenburg-1,341 pcs. hewn fir-C. A. Forslind & Co. ; 950 poles-Pyman, Bell, & Co. ; 11,888 props-G. Pyman & Co. ; 22,578 props-Victor Nilsson & Co. ; 10,827 props-W. D. Coxon ; 144 lds. firewood-G. Horsley & Co. ; 2,000 bdls. laths-North-Eastern Railway Co."
18890323p.326_p001.txt,31,Triton,Gothenburg,HARTLEPOOL (WEST),950 poles,"Pyman, Bell, & Co.",13,3,1889,23,3,1889,True,"13 Triton -Gothenburg-1,341 pcs. hewn fir-C. A. Forslind & Co. ; 950 poles-Pyman, Bell, & Co. ; 11,888 props-G. Pyman & Co. ; 22,578 props-Victor Nilsson & Co. ; 10,827 props-W. D. Coxon ; 144 lds. firewood-G. Horsley & Co. ; 2,000 bdls. laths-North-Eastern Railway Co."
18890323p.326_p001.txt,31,Triton,Gothenburg,HARTLEPOOL (WEST),"11,888 props",G. Pyman & Co.,13,3,1889,23,3,1889,True,"13 Triton -Gothenburg-1,341 pcs. hewn fir-C. A. Forslind & Co. ; 950 poles-Pyman, Bell, & Co. ; 11,888 props-G. Pyman & Co. ; 22,578 props-Victor Nilsson & Co. ; 10,827 props-W. D. Coxon ; 144 lds. firewood-G. Horsley & Co. ; 2,000 bdls. laths-North-Eastern Railway Co."
18890323p.326_p001.txt,31,Triton,Gothenburg,HARTLEPOOL (WEST),"22,578 props",Victor Nilsson & Co.,13,3,1889,23,3,1889,True,"13 Triton -Gothenburg-1,341 pcs. hewn fir-C. A. Forslind & Co. ; 950 poles-Pyman, Bell, & Co. ; 11,888 props-G. Pyman & Co. ; 22,578 props-Victor Nilsson & Co. ; 10,827 props-W. D. Coxon ; 144 lds. firewood-G. Horsley & Co. ; 2,000 bdls. laths-North-Eastern Railway Co."
18890323p.326_p001.txt,31,Triton,Gothenburg,HARTLEPOOL (WEST),"10,827 props",W. D. Coxon,13,3,1889,23,3,1889,True,"13 Triton -Gothenburg-1,341 pcs. hewn fir-C. A. Forslind & Co. ; 950 poles-Pyman, Bell, & Co. ; 11,888 props-G. Pyman & Co. ; 22,578 props-Victor Nilsson & Co. ; 10,827 props-W. D. Coxon ; 144 lds. firewood-G. Horsley & Co. ; 2,000 bdls. laths-North-Eastern Railway Co."
18890323p.326_p001.txt,31,Triton,Gothenburg,HARTLEPOOL (WEST),144 lds. firewood,G. Horsley & Co.,13,3,1889,23,3,1889,True,"13 Triton -Gothenburg-1,341 pcs. hewn fir-C. A. Forslind & Co. ; 950 poles-Pyman, Bell, & Co. ; 11,888 props-G. Pyman & Co. ; 22,578 props-Victor Nilsson & Co. ; 10,827 props-W. D. Coxon ; 144 lds. firewood-G. Horsley & Co. ; 2,000 bdls. laths-North-Eastern Railway Co."
18890323p.326_p001.txt,31,Triton,Gothenburg,HARTLEPOOL (WEST),"2,000 bdls. laths",North-Eastern Railway Co.,13,3,1889,23,3,1889,True,"13 Triton -Gothenburg-1,341 pcs. hewn fir-C. A. Forslind & Co. ; 950 poles-Pyman, Bell, & Co. ; 11,888 props-G. Pyman & Co. ; 22,578 props-Victor Nilsson & Co. ; 10,827 props-W. D. Coxon ; 144 lds. firewood-G. Horsley & Co. ; 2,000 bdls. laths-North-Eastern Railway Co."
18890323p.326_p001.txt,32,Rap,Skien,HARTLEPOOL (WEST),"998 pcs. hewn fir, 691 pcs. props",Order,14,3,1889,23,3,1889,False,"14 Rap-Skien-998 pcs. hewn fir, 691 pcs. props-Order"
18890323p.326_p001.txt,34,Oroma,Newport News,HARTLEPOOL (WEST),335 oak planks,Potts & Redhead,16,3,1889,23,3,1889,True,16 Oroma -Newport News-335 oak planks-Potts & Redhead
18890323p.326_p001.txt,38,Ohio,New York,HARTLEPOOL (WEST),700 hhd. and 200 staves,Hattley Hay,18,3,1889,23,3,1889,True,18 Ohio -New York-700 hhd. and 200 staves-Hattley Hay
18890323p.326_p001.txt,48,Bostonian,Boston,HARTLEPOOL (WEST),"6,159 staves",Hattley Hay,19,3,1889,23,3,1889,True,"19 Bostonian -Boston-6,159 staves-Hattley Hay; 520 pcs. ash scantling-Order"
18890323p.326_p001.txt,48,Bostonian,Boston,HARTLEPOOL (WEST),520 pcs. ash scantling,Order,19,3,1889,23,3,1889,True,"19 Bostonian -Boston-6,159 staves-Hattley Hay; 520 pcs. ash scantling-Order"
18890323p.326_p001.txt,53,Cephalonia,Boston,HARTLEPOOL (WEST),133 bdls. staves,Crowther Bros.,20,3,1889,23,3,1889,True,"20 Cephalonia -Boston-133 bdls. staves-Crowther Bros. ; 9,000 staves-Drysdale"
18890323p.326_p001.txt,53,Cephalonia,Boston,HARTLEPOOL (WEST),"9,000 staves",Drysdale,20,3,1889,23,3,1889,True,"20 Cephalonia -Boston-133 bdls. staves-Crowther Bros. ; 9,000 staves-Drysdale"
18890323p.326_p001.txt,60,Sirius,Christiania,SURREY COMMERCIAL DOCKS,"97,194 boards","Tagart, Beaton, & Co.",14,3,1889,23,3,1889,True,"March 14 Sirius -Christiania-97,194 boards-Tagart, Beaton, & Co. ; 28,467 boards-With, Webster, & Co. ; 20,056 boards-Order"
18890323p.326_p001.txt,60,Sirius,Christiania,SURREY COMMERCIAL DOCKS,"28,467 boards","With, Webster, & Co.",14,3,1889,23,3,1889,True,"March 14 Sirius -Christiania-97,194 boards-Tagart, Beaton, & Co. ; 28,467 boards-With, Webster, & Co. ; 20,056 boards-Order"
18890323p.326_p001.txt,60,Sirius,Christiania,SURREY COMMERCIAL DOCKS,"20,056 boards",Order,14,3,1889,23,3,1889,True,"March 14 Sirius -Christiania-97,194 boards-Tagart, Beaton, & Co. ; 28,467 boards-With, Webster, & Co. ; 20,056 boards-Order"
18890323p.326_p001.txt,61,Capella,Laurvig,SURREY COMMERCIAL DOCKS,"7,721 battens, 98,498 planed boards",Simson & Mason,15,3,1889,23,3,1889,True,"15 Capella -Laurvig-7,721 battens, 98,498 planed boards-Simson & Mason"
18890323p.326_p001.txt,64,Ivega,Memel,SURREY COMMERCIAL DOCKS,"20,815 deals, 169 deal ends",Order,18,3,1889,23,3,1889,True,"18 Ivega -Memel-20,815 deals, 169 deal ends-Order"
18890323p.326_p001.txt,67,Bjorn,Skien,THE TIMBER TRADES JOURNAL,40 fms. splitwood,Daus,19,3,1889,23,3,1889,True,19 Bjorn -Skien-40 fms. splitwood-Daus
18890323p.326_p001.txt,71,Bucentaur,Odessa,MILLWALL DOCKS,"6 planks, 3 logs",G. F. Neame & Co.,14,3,1889,23,3,1889,True,"March 14 Bucentaur -Odessa-6 planks, 3 logs-G. F. Neame & Co."
18890323p.326_p001.txt,72,Glenmorven,New York,MILLWALL DOCKS,20 bdls. oars,Order,15,3,1889,23,3,1889,True,15 Glenmorven -New York-20 bdls. oars-Order
18890323p.326_p001.txt,73,Egyptian Monarch,New York,MILLWALL DOCKS,556 pcs. oak,B. F. Dowdeswell,16,3,1889,23,3,1889,True,"16 Egyptian Monarch -New York-556 pcs. oak-B. F. Dowdeswell ; 600 bdls. box boards-W. E. Bott & Co. ; 2,907 no. staves-Churchill & Sim ; 1,200 no. staves-Hattley Hay; 2,263 pkgs. lumber-C. Hofferberth; 400 bdls. hoops, 1,442 doors-Order"
18890323p.326_p001.txt,73,Egyptian Monarch,New York,MILLWALL DOCKS,600 bdls. box boards,W. E. Bott & Co.,16,3,1889,23,3,1889,True,"16 Egyptian Monarch -New York-556 pcs. oak-B. F. Dowdeswell ; 600 bdls. box boards-W. E. Bott & Co. ; 2,907 no. staves-Churchill & Sim ; 1,200 no. staves-Hattley Hay; 2,263 pkgs. lumber-C. Hofferberth; 400 bdls. hoops, 1,442 doors-Order"
18890323p.326_p001.txt,73,Egyptian Monarch,New York,MILLWALL DOCKS,"2,907 no. staves",Churchill & Sim,16,3,1889,23,3,1889,True,"16 Egyptian Monarch -New York-556 pcs. oak-B. F. Dowdeswell ; 600 bdls. box boards-W. E. Bott & Co. ; 2,907 no. staves-Churchill & Sim ; 1,200 no. staves-Hattley Hay; 2,263 pkgs. lumber-C. Hofferberth; 400 bdls. hoops, 1,442 doors-Order"
18890323p.326_p001.txt,73,Egyptian Monarch,New York,MILLWALL DOCKS,"1,200 no. staves",Hattley Hay,16,3,1889,23,3,1889,True,"16 Egyptian Monarch -New York-556 pcs. oak-B. F. Dowdeswell ; 600 bdls. box boards-W. E. Bott & Co. ; 2,907 no. staves-Churchill & Sim ; 1,200 no. staves-Hattley Hay; 2,263 pkgs. lumber-C. Hofferberth; 400 bdls. hoops, 1,442 doors-Order"
18890323p.326_p001.txt,73,Egyptian Monarch,New York,MILLWALL DOCKS,"2,263 pkgs. lumber",C. Hofferberth,16,3,1889,23,3,1889,True,"16 Egyptian Monarch -New York-556 pcs. oak-B. F. Dowdeswell ; 600 bdls. box boards-W. E. Bott & Co. ; 2,907 no. staves-Churchill & Sim ; 1,200 no. staves-Hattley Hay; 2,263 pkgs. lumber-C. Hofferberth; 400 bdls. hoops, 1,442 doors-Order"
18890323p.326_p001.txt,73,Egyptian Monarch,New York,MILLWALL DOCKS,"400 bdls. hoops, 1,442 doors",Order,16,3,1889,23,3,1889,True,"16 Egyptian Monarch -New York-556 pcs. oak-B. F. Dowdeswell ; 600 bdls. box boards-W. E. Bott & Co. ; 2,907 no. staves-Churchill & Sim ; 1,200 no. staves-Hattley Hay; 2,263 pkgs. lumber-C. Hofferberth; 400 bdls. hoops, 1,442 doors-Order"
18890323p.326_p001.txt,77,Germanic,New York,"[MARCH 23, 1889",21 cs. handles,"Cunningham, Shaw, & Co.",15,3,1889,23,3,1889,True,"15 Germanic -New York-21 cs. handles-Cunningham, Shaw, & Co. ; 12 cs. handles-A. Field & Co. ; 6,050 pcs. lumber-White-side, Johrs, & Co. ; 1,600 staves-Hay"
18890323p.326_p001.txt,77,Germanic,New York,"[MARCH 23, 1889",12 cs. handles,A. Field & Co.,15,3,1889,23,3,1889,True,"15 Germanic -New York-21 cs. handles-Cunningham, Shaw, & Co. ; 12 cs. handles-A. Field & Co. ; 6,050 pcs. lumber-White-side, Johrs, & Co. ; 1,600 staves-Hay"
18890323p.326_p001.txt,77,Germanic,New York,"[MARCH 23, 1889","6,050 pcs. lumber","White-side, Johrs, & Co.",15,3,1889,23,3,1889,True,"15 Germanic -New York-21 cs. handles-Cunningham, Shaw, & Co. ; 12 cs. handles-A. Field & Co. ; 6,050 pcs. lumber-White-side, Johrs, & Co. ; 1,600 staves-Hay"
18890323p.326_p001.txt,77,Germanic,New York,"[MARCH 23, 1889","1,600 staves",Hay,15,3,1889,23,3,1889,True,"15 Germanic -New York-21 cs. handles-Cunningham, Shaw, & Co. ; 12 cs. handles-A. Field & Co. ; 6,050 pcs. lumber-White-side, Johrs, & Co. ; 1,600 staves-Hay"
18890323p.326_p001.txt,84,Avance,Drontheim,"[MARCH 23, 1889","4,995 battens",Erichsen,15,3,1889,23,3,1889,False,"15 Avance-Drontheim-4,995 battens-Erichsen"
18890323p.326_p001.txt,87,Resource,Christiansand,"[MARCH 23, 1889","5,650 pcs. round timber, 2,230 props",E. A. Casper & Co.,18,3,1889,23,3,1889,False,"18 Resource-Christiansand-5,650 pcs. round timber, 2,230 props-E. A. Casper & Co."
18890323p.326_p001.txt,91,Marshal Keith  Drontheim,"28,990 boards",HULL,"Brown, Toogood, & Co.",,14,3,1889,23,3,1889,True,"March 14 Marshal Keith  Drontheim-28,990 boards-Brown, Toogood, & Co. ; 2,331 deals-Thornham, Reynoldson, & Co."
18890323p.326_p001.txt,91,Marshal Keith  Drontheim,"28,990 boards",HULL,"2,331 deals","Thornham, Reynoldson, & Co.",14,3,1889,23,3,1889,True,"March 14 Marshal Keith  Drontheim-28,990 boards-Brown, Toogood, & Co. ; 2,331 deals-Thornham, Reynoldson, & Co."
18890323p.326_p001.txt,93,Cameo,Gothenburg,HULL,"9,383 props, 1,691 sleepers","Wilson, Sons, & Co.",18,3,1889,23,3,1889,True,"18 Cameo -Gothenburg-9,383 props, 1,691 sleepers-Wilson, Sons, & Co. ; 2,000 props-Haagensen, Watt, & Co. ; 10,450 props-H. Smith & Co. ; 1,000 props-Order"
18890323p.326_p001.txt,93,Cameo,Gothenburg,HULL,"2,000 props","Haagensen, Watt, & Co.",18,3,1889,23,3,1889,True,"18 Cameo -Gothenburg-9,383 props, 1,691 sleepers-Wilson, Sons, & Co. ; 2,000 props-Haagensen, Watt, & Co. ; 10,450 props-H. Smith & Co. ; 1,000 props-Order"
18890323p.326_p001.txt,93,Cameo,Gothenburg,HULL,"10,450 props",H. Smith & Co.,18,3,1889,23,3,1889,True,"18 Cameo -Gothenburg-9,383 props, 1,691 sleepers-Wilson, Sons, & Co. ; 2,000 props-Haagensen, Watt, & Co. ; 10,450 props-H. Smith & Co. ; 1,000 props-Order"
18890323p.326_p001.txt,93,Cameo,Gothenburg,HULL,"1,000 props",Order,18,3,1889,23,3,1889,True,"18 Cameo -Gothenburg-9,383 props, 1,691 sleepers-Wilson, Sons, & Co. ; 2,000 props-Haagensen, Watt, & Co. ; 10,450 props-H. Smith & Co. ; 1,000 props-Order"
18890323p.326_p001.txt,94,Lepanto,New York,HULL,"7,966 staves","Wilson, Sons, & Co.",19,3,1889,23,3,1889,True,"19 Lepanto -New York-7,966 staves-Wilson, Sons, & Co. ; 1,081 pcs. wood-Order"
18890323p.326_p001.txt,94,Lepanto,New York,HULL,"1,081 pcs. wood",Order,19,3,1889,23,3,1889,True,"19 Lepanto -New York-7,966 staves-Wilson, Sons, & Co. ; 1,081 pcs. wood-Order"
18890323p.326_p001.txt,100,Domino  Drontheim,"2,299 deals",HULL,"Thornham, Reynoldson, & Co.",,20,3,1889,23,3,1889,True,"20 Domino  Drontheim-2,299 deals-Thornham, Reynoldson, & Co."
18890323p.326_p001.txt,103,Gem,Norfolk,LIVERPOOL,"2,400 staves",Farnworth & Jardine,14,3,1889,23,3,1889,True,"March 14 Gem -Norfolk-2,400 staves-Farnworth & Jardine ; 1,121 wo. planks-Order"
18890323p.326_p001.txt,103,Gem,Norfolk,LIVERPOOL,"1,121 wo. planks",Order,14,3,1889,23,3,1889,True,"March 14 Gem -Norfolk-2,400 staves-Farnworth & Jardine ; 1,121 wo. planks-Order"
18890323p.326_p001.txt,112,Bolivar,Bordeaux,"MARCH 23, 1889",600 lds. pitwood,Carl Johannsen,15,3,1889,23,3,1889,False,15 Bolivar-Bordeaux-600 lds. pitwood-Carl Johannsen
18890323p.326_p001.txt,114,Thomas Coats,Bordeaux,"MARCH 23, 1889",950 lds. pitwood,"Newport (Mon.) Pitwood Co., Lim.",16,3,1889,23,3,1889,False,"16 Thomas Coats-Bordeaux-950 lds. pitwood-Newport (Mon.) Pitwood Co., Lim."
18890323p.326_p001.txt,115,Adour,Bordeaux,"MARCH 23, 1889",750 lds. pitwood,A. Capelle,18,3,1889,23,3,1889,True,18 Adour -Bordeaux-750 lds. pitwood-A. Capelle
18890323p.326_p001.txt,120,Norge,Lulea,PLYMOUTH,1 ld. firewood,Best,15,3,1889,23,3,1889,False,March 15 Norge-Lulea-1 ld. firewood-Best
18890323p.326_p001.txt,123,Vesta,Fredrikshald,POOLE,"34,081 boards, 1,748 battens",J. T. Sydenham & Co.,12,3,1889,23,3,1889,False,"March 12 Vesta-Fredrikshald-34,081 boards, 1,748 battens-J. T. Sydenham & Co."
18890323p.326_p001.txt,126,Lucina,Gothenburg,SHOREHAM,"9,551 deals and battens",Hole & Co.,15,3,1889,23,3,1889,False,"March 15 Lucina-Gothenburg-9,551 deals and battens-Hole & Co."
18890323p.326_p001.txt,129,George Watson,Pensacola,SUNDERLAND,"1,287 pcs. pitch pine, 193 pitch pine deals",Wm. Briggs & Son,12,3,1889,23,3,1889,False,"March 12 George Watson-Pensacola-1,287 pcs. pitch pine, 193 pitch pine deals-Wm. Briggs & Son"
18890323p.326_p001.txt,131,Granmar,Drammen,SUNDERLAND,"30,170 props",Mitshel,18,3,1889,23,3,1889,False,"18 Granmar-Drammen-30,170 props-Mitshel"
18890323p.326_p001.txt,134,Marguerite,Royan,SWANSEA,75 lds. pitwood,Davies & Co.,12,3,1889,23,3,1889,False,March 12 Marguerite-Royan-75 lds. pitwood-Davies & Co.
18890323p.326_p001.txt,137,Abdhalla,Pauillac,SWANSEA,160 lds. pitwood,Grai-gyr Co.,13,3,1889,23,3,1889,False,13 Abdhalla-Pauillac-160 lds. pitwood-Grai-gyr Co.
18890323p.326_p001.txt,140,Fanny,Arcachon,SWANSEA,125 lds. pitwood,Wm. Pauillac-125 lds. pitwood-Wm. Davies & Co.,14,3,1889,23,3,1889,False,14 Fanny-Arcachon-125 lds. pitwood-Wm. Pauillac-125 lds. pitwood-Wm. Davies & Co.
18890323p.326_p001.txt,141,Souverain,Pauillac,SWANSEA,125 lds. pit props,Vivian,15,3,1889,23,3,1889,False,15 Souverain-Pauillac-125 lds. pit props-Vivian
18890323p.326_p001.txt,145,Eduard Michel,Bordeaux,SWANSEA,380 lds. pitwood,Martin Michael,16,3,1889,23,3,1889,False,16 Eduard Michel-Bordeaux-380 lds. pitwood-Martin Michael
18890323p.326_p001.txt,149,Munin,Gothenburg,TYNE,"250 lds. deals, battens, and boards, 130 lds. props, 90 lds. sleepers, 10 lds. mining timber",Order,13,3,1889,23,3,1889,True,"March 13 Munin -Gothenburg-250 lds. deals, battens, and boards, 130 lds. props, 90 lds. sleepers, 10 lds. mining timber-Order"
18890323p.326_p001.txt,151,Ganger Rolf,Drammen,TYNE,70 lds. planed boards,Scott,14,3,1889,23,3,1889,False,14 Ganger Rolf-Drammen-70 lds. planed boards-Scott
18890323p.326_p001.txt,153,Eliza,Laurvig,TYNE,"104,986 props, 14,511 sleepers",Order,15,3,1889,23,3,1889,False,"15 Eliza-Laurvig-104,986 props, 14,511 sleepers-Order"
18890323p.326_p001.txt,157,Theodora,Holmestrand,YARMOUTH,"1,000 boards, 50 lds. firewood",Order,13,3,1889,23,3,1889,False,"March 13 Theodora-Holmestrand-1,000 boards, 50 lds. firewood-Order"
18890323p.326_p001.txt,158,Rose,Holmestrand,YARMOUTH,"1,000 props, 1,000 deals and battens",Order,15,3,1889,23,3,1889,False,"15 Rose-Holmestrand-1,000 props, 1,000 deals and battens-Order"
18890323p.326_p001.txt,162,City of Amsterdam,New York,BELFAST,J. C. Pinkerton,,13,3,1889,23,3,1889,True,March 13 City of Amsterdam -New York-J. C. Pinkerton
18890323p.326_p001.txt,163,Rognbuen,Christiania,BELFAST,"1,000 props, 1,000 sleepers",Order,16,3,1889,23,3,1889,False,"16 Rognbuen-Christiania-1,000 props, 1,000 sleepers-Order"
18890323p.326_p001.txt,165,Grenadier,Rotterdam,BELFAST,"1,000 props",Order,18,3,1889,23,3,1889,True,"18 Grenadier -Rotterdam-1,000 props-Order"
18890323p.326_p001.txt,167,Sylphiden,Christiania,BELFAST,"1,000 props",Order,19,3,1889,23,3,1889,False,"19 Sylphiden-Christiania-1,000 props-Order"
18890323p.326_p002.txt,2,Rognbuen,Christiania,"MARCH 23, 1889","40,714 props, 1,389 sleepers",Order,18,3,1889,23,3,1889,False,"18 Rognbuen-Christiania-40,714 props, 1,389 sleepers-Order"
18890323p.326_p002.txt,3,Pontecorvo,Christiania,"MARCH 23, 1889","54,565 props",Pyman,18,3,1889,23,3,1889,False,"18 Pontecorvo-Christiania-54,565 props-Pyman"
18890323p.326_p002.txt,4,Grenadier,Rotterdam,"MARCH 23, 1889","2,279 bdls. hoops",Order,18,3,1889,23,3,1889,True,"18 Grenadier -Rotterdam-2,279 bdls. hoops-Order"
18890323p.326_p002.txt,5,Oeta,Gothenburg,"MARCH 23, 1889",236 wood doors,Order,18,3,1889,23,3,1889,True,18 Oeta -Gothenburg-236 wood doors-Order
18890323p.326_p002.txt,6,Sylphiden,Christiania,"MARCH 23, 1889","9,549 props",Order,18,3,1889,23,3,1889,False,"18 Sylphiden-Christiania-9,549 props-Order"
18890323p.326_p002.txt,7,Semafor,Porsgrund,"MARCH 23, 1889","1,968 balks, 865 props",Order,19,3,1889,23,3,1889,False,"19 Semafor-Porsgrund-1,968 balks, 865 props-Order"
18890323p.326_p002.txt,10,Theodora,Drammen,YARMOUTH,"19,257 fir boards, 50 lds. firewood",W. Brown & Co.,13,3,1889,23,3,1889,False,"March 13 Theodora - Drammen - 19,257 fir boards, 50 lds. firewood-W. Brown & Co."
18890323p.326_p002.txt,11,Rose,Holmestrand,YARMOUTH,"393,363 fir staves, 1,065 deals and battens",W. Brown & Co.,15,3,1889,23,3,1889,False,"15 Rose-Holmestrand-393,363 fir staves, 1,065 deals and battens-W. Brown & Co."
18890323p.326_p002.txt,15,City of Amsterdam,Rotterdam,BELFAST,"1,400 bdls. hoops",J. C. Pinkerton,13,3,1889,23,3,1889,False,"March 13 City of Amsterdam-Rotterdam-1,400 bdls. hoops-J. C. Pinkerton"
18890323p.326_p002.txt,19,Arcturus,"St. John, N.B.",LONDONDERRY,"20,527 deals and ends",A. Major & Co.,9,3,1889,23,3,1889,False,"March 9 Arcturus-St. John, N.B.-20,527 deals and ends-A. Major & Co."
18890323p.326_p002.txt,22,Belle Star,"St. John, N.B.",SLIGO,"8,919 sawn fir",O'Connor & Cullen,16,3,1889,23,3,1889,False,"March 16 Belle Star-St. John, N.B.-8,919 sawn fir-O'Connor & Cullen"
18890413p.382_p002.txt,4,Damara,St. John,VICTORIA DOCKS,"9,294 deals and battens, 2,329 ends",Churchill & Sim,5,4,1889,13,4,1889,True,"April 5 Damara -St. John-9,294 deals and battens, 2,329 ends-Churchill & Sim; from Halifax-1,700 cs. splints-Bryant & May; 156 cs. splints-G. Boor & Co."
18890413p.382_p002.txt,4,Damara,St. John,VICTORIA DOCKS,from Halifax,"1,700 cs. splints-Bryant & May",5,4,1889,13,4,1889,True,"April 5 Damara -St. John-9,294 deals and battens, 2,329 ends-Churchill & Sim; from Halifax-1,700 cs. splints-Bryant & May; 156 cs. splints-G. Boor & Co."
18890413p.382_p002.txt,4,Damara,St. John,VICTORIA DOCKS,156 cs. splints,G. Boor & Co.,5,4,1889,13,4,1889,True,"April 5 Damara -St. John-9,294 deals and battens, 2,329 ends-Churchill & Sim; from Halifax-1,700 cs. splints-Bryant & May; 156 cs. splints-G. Boor & Co."
18890413p.382_p002.txt,7,Gannet,Bordeaux,B. & F. S. WHARF,569 bdls. wood,Order,8,4,1889,13,4,1889,True,April 8 Gannet -Bordeaux-569 bdls. wood-Order
18890413p.382_p002.txt,10,Memento,Porsgrund,NORTHFLEET,"14,909 log ends",Order,8,4,1889,13,4,1889,False,"April 8 Memento-Porsgrund-14,909 log ends-Order"
18890413p.382_p002.txt,13,Oliva,Danzig,OTHER DOCKS AND WHARVES,"6,007 staves",Foy,8,4,1889,13,4,1889,True,"April 8 Oliva -Danzig-6,007 staves-Foy"
18890413p.382_p002.txt,15,Intrepide,Landerneau,LLANELLY,120 lds. pit,"wood-Nevill, Druce, & Co.",6,4,1889,13,4,1889,False,"April 6 Intrepide-Landerneau-120 lds. pit-wood-Nevill, Druce, & Co."
18890413p.382_p002.txt,18,Emanuel,Skien,MIDDLESBROUGH,"1,121 pcs. square timber, 1,325 props",W. J. Watson & Co.,5,4,1889,13,4,1889,False,"April 5 Emanuel-Skien-1,121 pcs. square timber, 1,325 props-W. J. Watson & Co."
18890413p.382_p002.txt,19,Sandoan,Arendal,MIDDLESBROUGH,"1,957 pcs. square timber, W. J. Watson & Co.",,8,4,1889,13,4,1889,False,"April 8 Sandoan-Arendal-1,957 pcs. square timber, W. J. Watson & Co."
18890413p.382_p002.txt,22,Scandia,Fredrikstad,NEWHAVEN,"24,983 battens and boards",Parsons Bros.,9,4,1889,13,4,1889,False,"April 9 Scandia-Fredrikstad-24,983 battens and boards-Parsons Bros."
18890413p.382_p002.txt,23,Hjalmar,Fredrikstad,NEWHAVEN,"53,162 boards",The Baltic Saw-mills Co.,9,4,1889,13,4,1889,False,"April 9 Hjalmar-Fredrikstad-53,162 boards-The Baltic Saw-mills Co."
18890413p.382_p002.txt,26,Union,Rochefort,NEWPORT,500 lds. pitwood,Newport Pitwood Co.,9,4,1889,13,4,1889,False,April 9 Union-Rochefort-500 lds. pitwood-Newport Pitwood Co.
18890413p.382_p002.txt,27,Bak,Bordeaux,NEWPORT,700 lds. pitwood,Ebbw Vale Co.,1,4,1889,13,4,1889,True,April 1 Bak -Bordeaux-700 lds. pitwood-Ebbw Vale Co.
18890413p.382_p002.txt,28,Thomas Coats,Bordeaux,NEWPORT,990 lds. pitwood,Newport Pitwood Co.,1,4,1889,13,4,1889,True,April 1 Thomas Coats -Bordeaux-990 lds. pitwood -Newport Pitwood Co.
18890413p.382_p002.txt,29,Paul,Hennebont,NEWPORT,220 lds. pit props,Budd,1,4,1889,13,4,1889,False,April 1 Paul-Hennebont-220 lds. pit props-Budd
18890413p.382_p002.txt,30,Vilar,Bordeaux,NEWPORT,600 lds. pitwood,New-port Pitwood Co.,1,4,1889,13,4,1889,True,April 1 Vilar -Bordeaux-600 lds. pitwood-New-port Pitwood Co.
18890413p.382_p002.txt,31,Scheldt,Bordeaux,NEWPORT,"1,000 lds. pitwood Simkin Bros.",,1,4,1889,13,4,1889,True,"April 1 Scheldt -Bordeaux-1,000 lds. pitwood Simkin Bros."
18890413p.382_p002.txt,32,Ernestine,"Pontaven,",NEWPORT,140 lds. pit props,Budd & Co.,1,4,1889,13,4,1889,False,"April 1 Ernestine-Pontaven,-140 lds. pit props-Budd & Co."
18890413p.382_p002.txt,33,Maurice,Roche Bernard,NEWPORT,197 lds. pitwood Newport Pitwood Co.,,1,4,1889,13,4,1889,False,April 1 Maurice-Roche Bernard-197 lds. pitwood Newport Pitwood Co.
18890413p.382_p002.txt,34,Dom Queen,"Halifax, N.S.",NEWPORT,"6,249 deals and ends",T. B. & S. Batchelor & Co.,1,4,1889,13,4,1889,False,"April 1 Dom Queen-Halifax, N.S.-6,249 deals and ends-T. B. & S. Batchelor & Co."
18890413p.382_p002.txt,35,Mabel,Bordeaux,NEWPORT,"1,250 lds. pitwood",Filleul,1,4,1889,13,4,1889,False,"April 1 Mabel-Bordeaux-1,250 lds. pitwood-Filleul"
18890413p.382_p002.txt,36,Pordenskjold,Bordeaux,NEWPORT,380 lds. pitwood Newport Pitwood Co.,,1,4,1889,13,4,1889,False,April 1 Pordenskjold-Bordeaux-380 lds. pitwood Newport Pitwood Co.
18890413p.382_p002.txt,39,Onn[?],Frey,PENZANCE,Porsgrund,"851 pcs. hewn and 2,180 sawn timber, 209 spars-Thos. Coulson & Co.",10,4,1889,13,4,1889,False,"April 10 Onn[?]-Frey-Porsgrund-851 pcs. hewn and 2,180 sawn timber, 209 spars-Thos. Coulson & Co."
18890413p.382_p002.txt,42,Sirius,Drammen,PLYMOUTH,"31,953 pcs. sawn fir",James Bros. & Co.,9,4,1889,13,4,1889,False,"April 9 Sirius-Drammen-31,953 pcs. sawn fir-James Bros. & Co."
18890413p.382_p002.txt,43,Haabet,Fredriksbald,PLYMOUTH,"58,171 pcs. sawn fir","Pox, Elliott, & Co.",9,4,1889,13,4,1889,False,"April 9 Haabet-Fredriksbald-58,171 pcs. sawn fir-Pox, Elliott, & Co."
18890413p.382_p002.txt,44,Miletus,Drammen,PLYMOUTH,"34,692 pcs. sawn fir",Jewson Bros.,9,4,1889,13,4,1889,False,"April 9 Miletus-Drammen-34,692 pcs. sawn fir-Jewson Bros."
18890413p.382_p002.txt,47,Wavelet,Christiania,PORTSMOUTH,"6,596 spars","Store-keeper, Dockyard",6,4,1889,13,4,1889,False,"April 6 Wavelet-Christiania-6,596 spars-Store-keeper, Dockyard"
18890413p.382_p002.txt,50,Saphir,Christiansand,ROCHESTER,"210 lds. firewood, 18 lds. staves",W. & S. Scott,10,4,1889,13,4,1889,False,"April 10 Saphir-Christiansand-210 lds. firewood, 18 lds. staves-W. & S. Scott"
18890413p.382_p002.txt,51,Emil,Skien,ROCHESTER,"600,200 staves",Formbys Cement Co.,10,4,1889,13,4,1889,False,"April 10 Emil-Skien-600,200 staves-Formbys Cement Co."
18890413p.382_p002.txt,52,Elna,Dordt,ROCHESTER,"6,250 bdls. split noe. wood",B. P. Harris,10,4,1889,13,4,1889,False,"April 10 Elna-Dordt-6,250 bdls. split noe. wood-B. P. Harris"
18890413p.382_p002.txt,55,Concordia,Fredrikshald,SOUTHAMPTON,"24,372 pcs. sawn fir","Dolton, Bournes, & Dolton",6,4,1889,13,4,1889,False,"April 6 Concordia-Fredrikshald-24,372 pcs. sawn fir-Dolton, Bournes, & Dolton"
18890413p.382_p002.txt,56,Emanuel,Fredrikshald,SOUTHAMPTON,"38,161 pcs. sawn fir",Elliott & Sons,6,4,1889,13,4,1889,False,"April 6 Emanuel-Fredrikshald-38,161 pcs. sawn fir-Elliott & Sons"
18890413p.382_p002.txt,59,Anna,Halmstad,SUNDERLAND,"15,034 props",Mitshel,6,4,1889,13,4,1889,False,"April 6 Anna-Halmstad-15,034 props-Mitshel"
18890413p.382_p002.txt,60,Indal,Halmstad,SUNDERLAND,"13,186 pit props",Mitshel,6,4,1889,13,4,1889,False,"April 6 Indal-Halmstad-13,186 pit props-Mitshel"
18890413p.382_p002.txt,61,Ideal,Holmestrand,SUNDERLAND,"38,330 pit props",Wiener,6,4,1889,13,4,1889,False,"April 6 Ideal-Holmestrand-38,330 pit props-Wiener"
18890413p.382_p002.txt,62,Susanne,Mandal,SUNDERLAND,"3,842 props",Wiener & Co.,6,4,1889,13,4,1889,False,"April 6 Susanne-Mandal-3,842 props-Wiener & Co.; 106 pcs. mining timber-E. W. Wancke"
18890413p.382_p002.txt,62,Susanne,Mandal,SUNDERLAND,106 pcs. mining timber,E. W. Wancke,6,4,1889,13,4,1889,False,"April 6 Susanne-Mandal-3,842 props-Wiener & Co.; 106 pcs. mining timber-E. W. Wancke"
18890413p.382_p002.txt,63,Favorite,Laurvig,SUNDERLAND,"31,108 pit props",Wiener,6,4,1889,13,4,1889,False,"April 6 Favorite-Laurvig-31,108 pit props-Wiener"
18890413p.382_p002.txt,64,Sarpsborg,Holmestrand,SUNDERLAND,"14,860 pit props",Mayer & Moller,6,4,1889,13,4,1889,False,"April 6 Sarpsborg-Holmestrand-14,860 pit props-Mayer & Moller"
18890413p.382_p002.txt,65,Sophia,Halmatad,SUNDERLAND,"17,023 props","Mit-Pedersen, & Co.",8,4,1889,13,4,1889,False,"April 8 Sophia-Halmatad-17,023 props-Mit-Pedersen, & Co."
18890413p.382_p002.txt,66,Hope,Uddevalla,SUNDERLAND,"34,042 pit props",Mayer & Moller,8,4,1889,13,4,1889,False,"April 8 Hope-Uddevalla-34,042 pit props-Mayer & Moller"
18890413p.382_p002.txt,67,Elmar,Moss,SUNDERLAND,"33,466 pit props",Moller,8,4,1889,13,4,1889,False,"April 8 Elmar-Moss-33,466 pit props-Moller"
18890413p.382_p002.txt,68,Vestfold,Halmstad,SUNDERLAND,"13,906 props",Mitshel & Co.,8,4,1889,13,4,1889,False,"April 8 Vestfold-Halmstad-13,906 props-Mitshel & Co."
18890413p.382_p002.txt,69,Vestfold,Drammen,SUNDERLAND,"47,785 pit props",Moller,8,4,1889,13,4,1889,False,"April 8 Vestfold-Drammen-47,785 pit props-Moller"
18890413p.382_p002.txt,70,Vestfold,Drammen,SUNDERLAND,"37,485 pit props",Moller,8,4,1889,13,4,1889,False,"April 8 Vestfold-Drammen-37,485 pit props-Moller"
18890413p.382_p002.txt,71,Adclair,Laurvig,SUNDERLAND,968 pcs. mining tim,"ber, 1,309 pit props-T. Atkinson",8,4,1889,13,4,1889,False,"April 8 Adclair-Laurvig-968 pcs. mining tim-ber, 1,309 pit props-T. Atkinson"
18890413p.382_p002.txt,74,Valla,Bayonne,SWANSEA,850 lds. pitwood,A. Capelle,6,4,1889,13,4,1889,True,April 6 Valla -Bayonne-850 lds. pitwood-A. Capelle
18890413p.382_p002.txt,77,Viking,Gothenburg,TYNE,"160 lds. pit props, 20 lds. birch props",Order,9,4,1889,13,4,1889,True,"April 9 Viking -Gothenburg-160 lds. pit props, 20 lds. birch props-Order"
18890413p.382_p002.txt,78,Gefion,Gothenburg,TYNE,"6,000 sleepers, 10,000 pit props",Order,9,4,1889,13,4,1889,True,"April 9 Gefion -Gothenburg-6,000 sleepers, 10,000 pit props-Order"
18890413p.382_p002.txt,79,Odin,Holmestrand,TYNE,"17,711 pit props",Order,9,4,1889,13,4,1889,False,"April 9 Odin-Holmestrand-17,711 pit props-Order"
18890413p.382_p002.txt,80,Gothenburg,"10,307 deals, battens, and boards",TYNE,Order,,9,4,1889,13,4,1889,False,"April 9 Gothenburg-10,307 deals, battens, and boards-Order"
18890413p.382_p002.txt,81,Holmestrand,"14,366 pit props",TYNE,Order,,9,4,1889,13,4,1889,False,"April 9 Holmestrand - 14,366 pit props-Order"
18890413p.382_p002.txt,85,City of Sparta,"Port Royal, S.C.",BELFAST,"13,159 pcs. sawn pitch pine",H. & J. Martin,8,4,1889,13,4,1889,False,"April 8 City of Sparta-Port Royal, S.C.-13,159 pcs. sawn pitch pine-H. & J. Martin"
18890413p.382_p002.txt,86,Esmeralda,Fredrikshald,BELFAST,"64,404 boards",J. P. Corry & Co.,8,4,1889,13,4,1889,False,"April 8 Esmeralda-Fredrikshald-64,404 boards-J. P. Corry & Co."
18890413p.382_p002.txt,87,City of Hamburg,Rotterdam,BELFAST,"1,300 bdls. hoops",J. C. Pinkerton,8,4,1889,13,4,1889,False,"April 8 City of Hamburg-Rotterdam-1,300 bdls. hoops-J. C. Pinkerton"
18890413p.382_p002.txt,88,Petrus,Drammen,BELFAST,"79,825 pcs. sawn fir",Robb Bros.,8,4,1889,13,4,1889,False,"April 8 Petrus-Drammen-79,825 pcs. sawn fir-Robb Bros."
18890413p.382_p002.txt,93,Litu[?]nia,Memel,BELFAST,"13,568 deals",J. Scott,4,4,1889,13,4,1889,True,"4 Litu[?]nia -Memel-13,568 deals-J. Scott; 1,300 pipe staves-J. Grey"
18890413p.382_p002.txt,93,Litu[?]nia,Memel,BELFAST,"1,300 pipe staves",J. Grey,4,4,1889,13,4,1889,True,"4 Litu[?]nia -Memel-13,568 deals-J. Scott; 1,300 pipe staves-J. Grey"
18890413p.382_p002.txt,94,Lief,Risoer,BELFAST,"37,841 props",Ord r,5,4,1889,13,4,1889,False,"5 Lief-Risoer-37,841 props-Ord r"
18890413p.382_p002.txt,100,Plimsoll,Risoer,BELFAST,"1,275 pcs. mining timber, 15,862 props",Order,6,4,1889,13,4,1889,False,"6 Plimsoll-Risoer-1,275 pcs. mining timber, 15,862 props-Order"
18890413p.382_p002.txt,106,Newton,Arendal,BELFAST,"949 pcs. mining timber, 293 props",Order,8,4,1889,13,4,1889,False,"8 Newton-Arendal-949 pcs. mining timber, 293 props-Order"
18890413p.382_p002.txt,137,Tana,Nederkalix,WEYMOUTH,"6,350 deals and bat","tens, 379 pcs. hewn fir-Geo. W. Betts",6,4,1889,13,4,1889,False,"April 6 Tana-Nederkalix-6,350 deals and bat-tens, 379 pcs. hewn fir-Geo. W. Betts"
18890413p.382_p002.txt,138,Gustaf Adolf,Gothenburg,WEYMOUTH,"36,320 battens and boards",Betts & Co.,6,4,1889,13,4,1889,False,"April 6 Gustaf Adolf-Gothenburg-36,320 battens and boards-Betts & Co."
18890413p.382_p002.txt,140,Selma,Gothenburg,YARMOUTH,"5,159 deals and battens",James Porter,8,4,1889,13,4,1889,False,"April 8 Selma-Gothenburg-5,159 deals and battens-James Porter"
18890413p.382_p002.txt,141,Martha,Christiania,YARMOUTH,"30 lds. firewood, 2,199 poles, 1,464 props",W. & J. Brown,8,4,1889,13,4,1889,False,"April 8 Martha-Christiania-30 lds. firewood, 2,199 poles, 1,464 props-W. & J. Brown"
18890413p.382_p002.txt,142,City of Sparta,"Port Royal, S.C.",YARMOUTH,"13,159 pcs. sawn pitch pine",H. & J. Martin,8,4,1889,13,4,1889,False,"April 8 City of Sparta-Port Royal, S.C.-13,159 pcs. sawn pitch pine-H. & J. Martin"
18890413p.382_p002.txt,143,Esmeralda,Fredrikshald,YARMOUTH,"64,404 boards",J. P. Corry & Co.,8,4,1889,13,4,1889,False,"April 8 Esmeralda-Fredrikshald-64,404 boards-J. P. Corry & Co."
18890413p.382_p002.txt,144,City of Hamburg,Rotterdam,YARMOUTH,"1,300 bdls. hoops",J. C. Pinkerton,8,4,1889,13,4,1889,False,"April 8 City of Hamburg-Rotterdam-1,300 bdls. hoops-J. C. Pinkerton"
18890427p.419_p002.txt,5,Julius,Halmstad,SUNDERLAND,"44,050 props","Mitshel, Federsen, & Co.",16,4,1889,27,4,1889,False,"April 16 Julius-Halmstad-44,050 props-Mitshel, Federsen, & Co."
18890427p.419_p002.txt,13,Urania,Christiania,SUNDERLAND,"36,231 pit props",Rayner & Moller,17,4,1889,27,4,1889,False,"17 Urania-Christiania-36,231 pit props-Rayner & Moller"
18890427p.419_p002.txt,18,Anna,Halmstad,SUNDERLAND,"17,251 fir props",Wiener,18,4,1889,27,4,1889,False,"18 Anna-Halmstad-17,251 fir props-Wiener"
18890427p.419_p002.txt,22,Jeune Louise,Blaye,SWANSEA,135 lds. props,Wm. Davies & Co.,16,4,1889,27,4,1889,False,April 16 Jeune Louise-Blaye-135 lds. props-Wm. Davies & Co.
18890427p.419_p002.txt,26,Y.G.V.,Trouville,SWANSEA,120 lds. pitwood,John Glasbrook,17,4,1889,27,4,1889,False,17 Y.G.V.-Trouville-120 lds. pitwood-John Glasbrook
18890427p.419_p002.txt,28,Estelle,Bordeaux,SWANSEA,120 lds. pitwood,Williams & Co.,20,4,1889,27,4,1889,False,20 Estelle-Bordeaux-120 lds. pitwood-Williams & Co.
18890427p.419_p002.txt,31,Alpha,Drammen,TEIGNMOUTH,"19,878 pcs. sawn fir, 1,816 deals",Thos. J. Crossman,16,4,1889,27,4,1889,False,"April 16 Alpha-Drammen-19,878 pcs. sawn fir, 1,816 deals-Thos. J. Crossman"
18890427p.419_p002.txt,34,Coriolan,Porsgrund,TRURO,"2,076 pcs. hewn fir, 950 pcs. sawn fir, 10 fir spars",Harvey,16,4,1889,27,4,1889,False,"April 16 Coriolan-Porsgrund-2,076 pcs. hewn fir, 950 pcs. sawn fir, 10 fir spars-Harvey"
18890427p.419_p002.txt,38,Viking,Gothenburg,TYNE,"50 lds. battens, 100 lds. props, 80 lds. sleepers",Order,17,4,1889,27,4,1889,True,"April 17 Viking -Gothenburg-50 lds. battens, 100 lds. props, 80 lds. sleepers-Order"
18890427p.419_p002.txt,39,Millia,Hangesund,TYNE,full cargo of timber props,Order,20,4,1889,27,4,1889,False,20 Millia-Hangesund-full cargo of timber props-Order
18890427p.419_p002.txt,42,Grenadier,Rotterdam,TYNE,640 bdls. hoops,Order,23,4,1889,27,4,1889,True,23 Grenadier -Rotterdam-640 bdls. hoops-Order
18890427p.419_p002.txt,48,Mercur,Drontheim,YARMOUTH,"6,873 battens and boards, 290 lds. firewood",Brown & Co.,16,4,1889,27,4,1889,False,"April 16 Mercur-Drontheim-6,873 battens and boards, 290 lds. firewood-Brown & Co."
18890427p.419_p002.txt,53,City of Amsterdam,Rotterdam,BELFAST,580 bdls. hoops,J. C. Pinkerton & Co.,17,4,1889,27,4,1889,False,April 17 City of Amsterdam-Rotterdam-580 bdls. hoops-J. C. Pinkerton & Co.
18890427p.419_p002.txt,54,Mauritius,Bordeaux,BELFAST,450 bdls. hoops,Pinkerton,18,4,1889,27,4,1889,False,18 Mauritius-Bordeaux-450 bdls. hoops-Pinkerton
18890427p.419_p002.txt,57,Arklow,"St. John, N.B.",CORK,"12,623 deals, 9,093 ends and battens",J. J. Eustace & Co.,18,4,1889,27,4,1889,False,"April 18 Arklow-St. John, N.B.-12,623 deals, 9,093 ends and battens-J. J. Eustace & Co."
18890427p.419_p002.txt,60,Gemsen,Drammen,LIMERICK,"21,289 boards, 144 deals, 50 spars",R. McDonnell,18,4,1889,27,4,1889,False,"April 18 Gemsen-Drammen-21,289 boards, 144 deals, 50 spars-R. McDonnell"
18890427p.419_p002.txt,63,Alexander,Fredrikshald,SLIGO,"28,777 pcs. sawn fir, 65 pcs. hewn fir",O'Connor,20,4,1889,27,4,1889,False,"April 20 Alexander-Fredrikshald-28,777 pcs. sawn fir, 65 pcs. hewn fir-O'Connor"
18890427p.419_p002.txt,67,Sommerset,Christiania,DUBLIN,"37,806 boards, 850 poles",Locke & Woods,5,4,1889,27,4,1889,False,"April 5 Sommerset-Christiania-37,806 boards, 850 poles-Locke & Woods"
18890427p.419_p002.txt,68,Harold Haarfager,Fredrikstad,DUBLIN,"72,531 boards",R. Martin & Co.,9,4,1889,27,4,1889,False,"9 Harold Haarfager - Fredrikstad - 72,531 boards-R. Martin & Co."
18890427p.419_p002.txt,69,Titania,Christiania,DUBLIN,"51,597 boards, 437 spars",Wm. Graham,16,4,1889,27,4,1889,False,"16 Titania-Christiania-51,597 boards, 437 spars-Wm. Graham"
18890427p.419_p002.txt,70,Celeritas,Fredrickstad,DUBLIN,"31,062 boards","Brooks, Thomas, & Co.",17,4,1889,27,4,1889,False,"April 17 Celeritas-Fredrickstad-31,062 boards-Brooks, Thomas, & Co."
18890427p.419_p002.txt,72,Familien,Christiania,DUBLIN,"56,544 boards",W. J. Robinson,20,4,1889,27,4,1889,False,"20 Familien-Christiania-56,544 boards-W. J. Robinson"
18890427p.419_p002.txt,76,North Star,Pensacola,THE TIMBER TRADES JOURNAL,"1,243 pitch pine timber deals",Wm. Graham,23,4,1889,27,4,1889,False,"23 North Star-Pensacola-1,243 pitch pine timber deals-Wm. Graham"
18890427p.4_p002.txt,3,Silvanus,Windau,GRANGEMOUTH,"6,912 deals and ends",R. Melville & Co.,15,4,1889,27,4,1889,False,"April 15 Silvanus-Windau-6,912 deals and ends-R. Melville & Co."
18890427p.4_p002.txt,4,Tronda,Drontheim,GRANGEMOUTH,"14,560 deals and battens",R. Melville & Co.,16,4,1889,27,4,1889,False,"16 Tronda-Drontheim-14,560 deals and battens-R. Melville & Co."
18890427p.4_p002.txt,6,Normann,Namsos,GRANGEMOUTH,"6,205 deals and battens",P. & J. Wilkie,20,4,1889,27,4,1889,False,"20 Normann-Namsos-6,205 deals and battens-P. & J. Wilkie"
18890427p.4_p002.txt,8,Stadacona,Pensacola,GREENOCK,"187 pcs. hewn pitch pine timber, 1,031 pcs. sawn pitch pine timber, 1,111 pcs. pitch pine lumber","Robinson, Dunn, & Co.",16,4,1889,27,4,1889,False,"April 16 Stadacona-Pensacola-187 pcs. hewn pitch pine timber, 1,031 pcs. sawn pitch pine timber, 1,111 pcs. pitch pine lumber-Robinson, Dunn, & Co."
18890427p.4_p002.txt,9,Barnardo Chiozza,Rangoon,GREENOCK,"1,242 teak squares, 485 teak planks, 45 teak blocks",F. Briggs & Co.,17,4,1889,27,4,1889,False,"17 Barnardo Chiozza-Rangoon-1,242 teak squares, 485 teak planks, 45 teak blocks-F. Briggs & Co.; 117 teak blocks-Edmiston & Mitchells"
18890427p.4_p002.txt,9,Barnardo Chiozza,Rangoon,GREENOCK,117 teak blocks,Edmiston & Mitchells,17,4,1889,27,4,1889,False,"17 Barnardo Chiozza-Rangoon-1,242 teak squares, 485 teak planks, 45 teak blocks-F. Briggs & Co.; 117 teak blocks-Edmiston & Mitchells"
18890427p.4_p002.txt,10,Reolut,Christiania,GREENOCK,"1,189 spars and poles, 250 poles, 3,194 pit props",McLean & Co.,20,4,1889,27,4,1889,False,"20 Reolut-Christiania-1,189 spars and poles, 250 poles, 3,194 pit props-McLean & Co."
18890427p.4_p002.txt,12,Hanna,Mandal,KIRKCALDY,"73,500 birch staves",T. Cormack,16,4,1889,27,4,1889,False,"16 Hanna-Mandal-73,500 birch staves-T. Cormack"
18890427p.4_p002.txt,13,Salween,Christiania,KIRKCALDY,"15,988 props",Lochgelly Iron & Coal Co.,18,4,1889,27,4,1889,False,"18 Salween-Christiania-15,988 props-Lochgelly Iron & Coal Co."
18890427p.4_p002.txt,15,Dinorah,Oplo,LEITH,"24,580 battens, 112 lds. firewood",A. Garland & Roger,16,4,1889,27,4,1889,False,"April 16 Dinorah-Oplo-24,580 battens, 112 lds. firewood-A. Garland & Roger"
18890427p.4_p002.txt,16,Aspirant,Oplo,LEITH,"5,698 battens",A. Garland,17,4,1889,27,4,1889,False,"17 Aspirant-Oplo-5,698 battens-A. Garland"
18890427p.4_p002.txt,18,Tana,Hommelvik,LEITH,"18,016 deals and battens",John Mitchell & Co.,20,4,1889,27,4,1889,True,"20 Tana -Hommelvik-18,016 deals and battens-John Mitchell & Co.; from Drontheim -49 lds. firewood, 33,545 deals and battens -C. Salvesen & Co."
18890427p.4_p002.txt,18,Tana,Hommelvik,LEITH,from Drontheim,"49 lds. firewood, 33,545 deals and battens -C. Salvesen & Co.",20,4,1889,27,4,1889,True,"20 Tana -Hommelvik-18,016 deals and battens-John Mitchell & Co.; from Drontheim -49 lds. firewood, 33,545 deals and battens -C. Salvesen & Co."
18890427p.4_p002.txt,22,Eliso,Porsgrund,PETERHEAD,"476 pcs. hewn fir, 682 fir battens",D. Carnegie,20,4,1889,27,4,1889,False,"April 20 Eliso-Porsgrund-476 pcs. hewn fir, 682 fir battens-D. Carnegie"
18890427p.4_p002.txt,26,Active,Christiansand,WICK,"80,000 birch staves",J. G. Duncan,20,4,1889,27,4,1889,False,"April 20 Active-Christiansand-80,000 birch staves-J. G. Duncan"
18890504p.4_p002.txt,7,Jane,Christiansand,MONTROSE,"54,500 birch staves",J. Johnston & Sons,27,4,1889,4,5,1889,False,"April 27 Jane-Christiansand-54,500 birch staves-J. Johnston & Sons"
18890511p.464_p001.txt,21,Otto,Darien,BEAUMARIS,"515 pcs. pitch pine, 469 pitch pine deals",P. & H. Lewis,30,4,1889,11,5,1889,False,"April 30 Otto-Darien-515 pcs. pitch pine, 469 pitch pine deals-P. & H. Lewis"
18890511p.464_p001.txt,23,Breslau,Danzig,BOSTON,450 lds. fir sleepers,Gabriel & Son,2,5,1889,11,5,1889,False,May 2 Breslau-Danzig-450 lds. fir sleepers-Gabriel & Son
18890511p.464_p001.txt,25,Borussia,Danzig,BOSTON,"359 lds. hewn fir, 6 lds. sawn fir",Harrison & Lewin,6,5,1889,11,5,1889,False,"6 Borussia-Danzig-359 lds. hewn fir, 6 lds. sawn fir-Harrison & Lewin"
18890511p.464_p001.txt,27,Montreal,Portland,BRISTOL,215 pkgs. broom handles,E. A. & W. Greenslade,2,5,1889,11,5,1889,False,"May 2 Montreal-Portland-215 pkgs. broom handles-E. A. & W. Greenslade; 9,169 boards, 2,665 deals-Taylor & Low Bros.; 1,406 red pine deals, 4,207 red pine deals, 4,207 red pine boards-Price & Pierce"
18890511p.464_p001.txt,27,Montreal,Portland,BRISTOL,"9,169 boards, 2,665 deals",Taylor & Low Bros.,2,5,1889,11,5,1889,False,"May 2 Montreal-Portland-215 pkgs. broom handles-E. A. & W. Greenslade; 9,169 boards, 2,665 deals-Taylor & Low Bros.; 1,406 red pine deals, 4,207 red pine deals, 4,207 red pine boards-Price & Pierce"
18890511p.464_p001.txt,27,Montreal,Portland,BRISTOL,"1,406 red pine deals, 4,207 red pine deals, 4,207 red pine boards",Price & Pierce,2,5,1889,11,5,1889,False,"May 2 Montreal-Portland-215 pkgs. broom handles-E. A. & W. Greenslade; 9,169 boards, 2,665 deals-Taylor & Low Bros.; 1,406 red pine deals, 4,207 red pine deals, 4,207 red pine boards-Price & Pierce"
18890511p.464_p001.txt,28,Dominion,Baltimore,BRISTOL,144 oak planks,Alexanders & Co.,6,5,1889,11,5,1889,True,6 Dominion -Baltimore-144 oak planks-Alexanders & Co.; 114 oak planks-Batchelor & Co.; 470 pps. staves-J. Heaven & Son
18890511p.464_p001.txt,28,Dominion,Baltimore,BRISTOL,114 oak planks,Batchelor & Co.,6,5,1889,11,5,1889,True,6 Dominion -Baltimore-144 oak planks-Alexanders & Co.; 114 oak planks-Batchelor & Co.; 470 pps. staves-J. Heaven & Son
18890511p.464_p001.txt,28,Dominion,Baltimore,BRISTOL,470 pps. staves,J. Heaven & Son,6,5,1889,11,5,1889,True,6 Dominion -Baltimore-144 oak planks-Alexanders & Co.; 114 oak planks-Batchelor & Co.; 470 pps. staves-J. Heaven & Son
18890511p.464_p001.txt,30,Neptun,Uddevalla,BLYTH,"31,299 pit props",T. Atkinson,30,4,1889,11,5,1889,False,"April 30 Neptun-Uddevalla-31,299 pit props-T. Atkinson"
18890511p.464_p001.txt,32,Maria Joaquina,Carril,CARDIFF,280 lds. pit,"wood-Manzanos, Cristobal, & Co.",30,4,1889,11,5,1889,False,"April 30 Maria Joaquina-Carril-280 lds. pit-wood-Manzanos, Cristobal, & Co."
18890511p.464_p001.txt,39,Guldregn,Pensacola,CARDIFF,"169 pcs. hewn fir, 1,033 pcs. sawn fir, 383 deals",Morris,1,5,1889,11,5,1889,False,"May 1 Guldregn-Pensacola-169 pcs. hewn fir, 1,033 pcs. sawn fir, 383 deals-Morris"
18890511p.464_p001.txt,41,Elie,Ferrol,CARDIFF,200 lds. pitwood,Order,2,5,1889,11,5,1889,False,2 Elie-Ferrol-200 lds. pitwood-Order
18890511p.464_p001.txt,43,J. P. Lassen,Risoer,CARDIFF,137 lds. pitwood,Wm. Thomas,4,5,1889,11,5,1889,False,4 J. P. Lassen-Risoer-137 lds. pitwood-Wm. Thomas
18890511p.464_p001.txt,46,Jupiter,Nantes,CARDIFF,160 lds. pitwood,Order,6,5,1889,11,5,1889,False,6 Jupiter-Nantes-160 lds. pitwood-Order
18890511p.464_p001.txt,49,Hope,Darien,CARNARVON,"103 pcs. hewn pine, 164 pcs. sawn pine, 674 sawn deals",Owen,30,4,1889,11,5,1889,False,"April 30 Hope-Darien-103 pcs. hewn pine, 164 pcs. sawn pine, 674 sawn deals-Owen"
18890511p.464_p001.txt,51,Louise,Gothenburg,CASTLETOWN (ISLE OF MAN),"3,347 deals and battens, 1,152 flooring boards",Coole,2,5,1889,11,5,1889,False,"May 2 Louise-Gothenburg-3,347 deals and battens, 1,152 flooring boards-Coole"
18890511p.464_p001.txt,53,Lovespring,Porsgrund,CHESTER,"4,302 mining poles and props",T. Parry & Co.,30,4,1889,11,5,1889,False,"April 30 Lovespring-Porsgrund-4,302 mining poles and props-T. Parry & Co."
18890511p.464_p001.txt,55,Juno,Drammen,FLEETWOOD,"1,389 lds. boards",H. & G. Curwen & Co.,3,5,1889,11,5,1889,True,"May 3 Juno -Drammen-1,389 lds. boards-H. & G. Curwen & Co."
18890511p.464_p001.txt,57,Nordstjernen,"Doboy 312 lds. hewn fir, 278 lds. sawn fir, 158 deals",GLOUCESTER,Booth & Co.,,30,4,1889,11,5,1889,False,"April 30 Nordstjernen-Doboy 312 lds. hewn fir, 278 lds. sawn fir, 158 deals-Booth & Co."
18890511p.464_p001.txt,59,Mandarin,Fredrikshald,GLOUCESTER,"34,685 deals","Price, Walker, & Co.",6,5,1889,11,5,1889,False,"May 6 Mandarin-Fredrikshald-34,685 deals-Price, Walker, & Co."
18890511p.464_p001.txt,61,Ida Mathilde,Stettin,GRIMSBY,"1,088 pcs. oak",Bennetts & Co.,1,5,1889,11,5,1889,False,"May 1 Ida Mathilde-Stettin-1,088 pcs. oak-Bennetts & Co."
18890511p.464_p001.txt,63,C. F. Naas,"Stettin 892 oak logs, 279 pcs. fir timber",GRIMSBY,Bennetts & Co.,,4,5,1889,11,5,1889,False,"4 C. F. Naas-Stettin 892 oak logs, 279 pcs. fir timber-Bennetts & Co."
18890511p.464_p001.txt,65,Nanna,Skien,HARTLEPOOL (WEST),"1,194 pcs. square timber, 909 props",G. Horsley & Co.,30,4,1889,11,5,1889,False,"April 30 Nanna-Skien-1,194 pcs. square timber, 909 props-G. Horsley & Co."
18890511p.464_p001.txt,83,Lehna,Memel,"MAY 11, 1889","40,248 staves",Pickford & Co.,1,5,1889,11,5,1889,False,"May 1 Lehna-Memel-40,248 staves-Pickford & Co.; 1,200 staves-Harrison & Singleton"
18890511p.464_p001.txt,83,Lehna,Memel,"MAY 11, 1889","1,200 staves",Harrison & Singleton,1,5,1889,11,5,1889,False,"May 1 Lehna-Memel-40,248 staves-Pickford & Co.; 1,200 staves-Harrison & Singleton"
18890511p.464_p001.txt,85,Gogen,Stettin,"MAY 11, 1889","122,460 pcs. hewn fir",Rayner & Moller,2,5,1889,11,5,1889,True,"2 Gogen -Stettin-122,460 pcs. hewn fir-Rayner & Moller"
18890511p.464_p001.txt,90,Victor,Stettin,"MAY 11, 1889",242 pcs. oak 41 pcs sawn fir,W. Christie & Co.,3,5,1889,11,5,1889,False,3 Victor-Stettin-242 pcs. oak 41 pcs sawn fir-W. Christie & Co.
18890511p.464_p001.txt,94,Jacob Proseroff,Konigsberg,"MAY 11, 1889","7,997 pcs. hewn fir, 374 pcs. sawn fir",R. Lauder & Co.,4,5,1889,11,5,1889,False,"4 Jacob Proseroff-Konigsberg-7,997 pcs. hewn fir, 374 pcs. sawn fir-R. Lauder & Co."
18890511p.464_p001.txt,100,Gallina,Baltimore,HULL,"16,414 pcs. oak timber",Order,2,5,1889,11,5,1889,True,"May 2 Gallina -Baltimore-16,414 pcs. oak timber-Order"
18890511p.464_p001.txt,106,Hero,Gothenburg,HULL,"1,730 bdls. laths","Wilson, Sons, & Co., 1,500 bdls. laths, 352 stds. deals and boards-Wilson, Sons, & Co.",3,5,1889,11,5,1889,True,"3 Hero -Gothenburg-1,730 bdls. laths-Wilson, Sons, & Co., 1,500 bdls. laths, 352 stds. deals and boards-Wilson, Sons, & Co."
18890511p.464_p001.txt,109,Bergsund,Stockholm,HULL,"2,344 hhd. staves, 300 hoops, 1,250 bdls. mouldings, 300 bdls. staves",Order,3,5,1889,11,5,1889,False,"3 Bergsund-Stockholm-2,344 hhd. staves, 300 hoops, 1,250 bdls. mouldings, 300 bdls. staves-Order"
18890511p.464_p001.txt,113,Georg,Memel,HULL,"1,900 pcs. oak staves",Order,4,5,1889,11,5,1889,True,"4 Georg -Memel-1,900 pcs. oak staves-Order"
18890511p.464_p001.txt,116,Immanuel,Fredrikshald,HULL,"1,250 bdls. laths",Briesemann & Co.,6,5,1889,11,5,1889,False,"6 Immanuel-Fredrikshald-1,250 bdls. laths-Briesemann & Co."
18890511p.464_p001.txt,120,Biscaya,"24 fms firewood, 418 fms. boards",HULL,Order,,7,5,1889,11,5,1889,False,"7 Biscaya - 24 fms firewood, 418 fms. boards-Order"
18890511p.464_p001.txt,121,Rokeby,Fredrikstad,HULL,"418 fms. firewood, battens",Order,8,5,1889,11,5,1889,True,"8 Rokeby -Fredrikstad-418 fms. firewood, battens-Order"
18890511p.464_p001.txt,123,Egyptian Monarch,Pensacola,HULL,418 fms. pcs. oak,B. F. Dowdeswell,2,5,1889,11,5,1889,False,May 2 Egyptian Monarch-Pensacola-418 fms. pcs. oak-B. F. Dowdeswell
18890511p.464_p001.txt,125,Egyptian Monarch,Pensacola,MILLWALL DOCKS,418 fms. pcs. oak,B. F. Dowdeswell,2,5,1889,11,5,1889,False,May 2 Egyptian Monarch-Pensacola-418 fms. pcs. oak-B. F. Dowdeswell
18890511p.464_p001.txt,129,Borodino,Riga,MILLWALL DOCKS,"2,400 staves",Order,4,5,1889,11,5,1889,True,"4 Borodino -Riga-2,400 staves-Order"
18890511p.464_p001.txt,130,Christian IX.,Konigsberg,MILLWALL DOCKS,"4,000 pcs. Order",,6,5,1889,11,5,1889,True,"6 Christian IX. -Konigsberg-4,000 pcs. Order"
18890511p.464_p003.txt,4,Vera,Fiume,WEYMOUTH,15 lds. oak boards,William Butt,6,5,1889,11,5,1889,True,May 6 Vera -Fiume-15 lds. oak boards-William Butt
18890511p.464_p003.txt,7,Marie,Memel,WISBECH,"260 lds. fir timber, 25 lds. lathwood","Stanley, Bristow, & Copley",3,5,1889,11,5,1889,False,"May 3 Marie-Memel-260 lds. fir timber, 25 lds. lathwood-Stanley, Bristow, & Copley"
18890511p.464_p003.txt,10,Otto,Skien,YARMOUTH,"392,085 staves, 13 lds. firewood",G. H. Newton,30,4,1889,11,5,1889,False,"April 30 Otto-Skien-392,085 staves, 13 lds. firewood-G. H. Newton"
18890511p.464_p003.txt,11,Carl,Stettin,YARMOUTH,"35 lds. hewn fir, 163 lds. hewn oak",Jewson & Sons,1,5,1889,11,5,1889,False,"May 1 Carl-Stettin-35 lds. hewn fir, 163 lds. hewn oak-Jewson & Sons"
18890511p.464_p003.txt,16,Orontes,"St. John, N.B.",BELFAST,"21,669 spruce deals",Robb Bros.,30,4,1889,11,5,1889,False,"April 30 Orontes-St. John, N.B.-21,669 spruce deals-Robb Bros."
18890511p.464_p003.txt,17,City of Amsterdam,Rotterdam,BELFAST,"1,290 bdls. hoops",J. C. Pinkerton,1,5,1889,11,5,1889,False,"May 1 City of Amsterdam-Rotterdam-1,290 bdls. hoops-J. C. Pinkerton"
18890511p.464_p003.txt,18,Bengore Head,"Baltimore 268 pcs. oak, 9,720 staves",BELFAST,G. Heyn & Sons,,3,5,1889,11,5,1889,False,"3 Bengore Head-Baltimore 268 pcs. oak, 9,720 staves-G. Heyn & Sons"
18890511p.464_p003.txt,22,Eva,Apalachicola,LIMERICK,"518 logs sawn pine, 248 deals",R. McDonnell,30,4,1889,11,5,1889,False,"April 30 Eva-Apalachicola-518 logs sawn pine, 248 deals-R. McDonnell"
18890511p.464_p003.txt,25,North,San Francisco,LONDONDERRY,20 lds. dunnage boards John W. Corbett,,30,4,1889,11,5,1889,False,April 30 North-San Francisco-20 lds. dunnage boards John W. Corbett
18890511p.5.txt,5,Peritia,Windau,ABERDEEN,"9,609 pit props",Thos. Tait & Sons,2,5,1889,11,5,1889,True,"May 2 Peritia -Windau-9,609 pit props-Thos. Tait & Sons"
18890511p.5.txt,7,Maria,Sandefjord,ALLOA,"33,257 pit props",Madsen & Borck,30,4,1889,11,5,1889,False,"April 30 Maria-Sandefjord-33,257 pit props-Madsen & Borck"
18890511p.5.txt,14,Skulda,Holmestrand,ALLOA,"6,265 pit props",T. Spowart & Co.,2,5,1889,11,5,1889,False,"May 2 Skulda-Holmestrand-6,265 pit props-T. Spowart & Co."
18890511p.5.txt,18,Otto,Christiania,ALLOA,"12,684 props",C. Salvesen & Co.,3,5,1889,11,5,1889,False,"3 Otto-Christiania-12,684 props-C. Salvesen & Co."
18890511p.5.txt,20,Wemyss Castle,Laurvig,ALLOA,"22,885 props",Kennedy & Co.,4,5,1889,11,5,1889,False,"4 Wemyss Castle-Laurvig-22,885 props-Kennedy & Co."
18890511p.5.txt,23,Kirk,Krageroe,BORROWSTOUNNESS,"4,944 battens",Thomson,30,4,1889,11,5,1889,False,"April 30 Kirk-Krageroe-4,944 battens-Thomson"
18890511p.5.txt,24,Peter,Christiania,BORROWSTOUNNESS,"15,509 props",Love,1,5,1889,11,5,1889,False,"May 1 Peter-Christiania-15,509 props-Love"
18890511p.5.txt,26,Regine,Fredrikshald,BORROWSTOUNNESS,"29,044 props",Love,2,5,1889,11,5,1889,False,"2 Regine-Fredrikshald-29,044 props-Love"
18890511p.5.txt,32,Sylvia,Drammen,BORROWSTOUNNESS,"46,804 pcs. pitwood",J. Denholm & Co.,4,5,1889,11,5,1889,False,"4 Sylvia-Drammen-46,804 pcs. pitwood-J. Denholm & Co."
18890511p.5.txt,35,Johanna and Lina,Stettin,DUNDEE,693 pcs. hewn fir,John Jessiman,30,4,1889,11,5,1889,False,April 30 Johanna and Lina-Stettin-693 pcs. hewn fir-John Jessiman
18890511p.5.txt,38,Bengore Head,Baltimore,GLASGOW,"21 cherry logs, 20 walnut logs","Allison, Cousland, & Co.",30,4,1889,11,5,1889,False,"April 30 Bengore Head-Baltimore-21 cherry logs, 20 walnut logs-Allison, Cousland, & Co. ; 3,035 pcs. oak lumber-J. Kennedy"
18890511p.5.txt,38,Bengore Head,Baltimore,GLASGOW,"3,035 pcs. oak lumber",J. Kennedy,30,4,1889,11,5,1889,False,"April 30 Bengore Head-Baltimore-21 cherry logs, 20 walnut logs-Allison, Cousland, & Co. ; 3,035 pcs. oak lumber-J. Kennedy"
18890511p.5.txt,42,Faerder,Christiania,GRANGEMOUTH,"1,190 battens",J. T. Salvesen & Co.,29,4,1889,11,5,1889,False,"April 29 Faerder-Christiania-1,190 battens-J. T. Salvesen & Co."
18890511p.5.txt,43,Romulus,Pensacola,GRANGEMOUTH,"914 pcs. pitch pine timber, 245 pitch pine deals",Wilkie,1,5,1889,11,5,1889,False,"May 1 Romulus-Pensacola-914 pcs. pitch pine timber, 245 pitch pine deals-Wilkie"
18890511p.5.txt,44,Fido,Drontheim,GRANGEMOUTH,"8,465 deals and battens",Order,2,5,1889,11,5,1889,False,"2 Fido-Drontheim-8,465 deals and battens-Order"
18890511p.5.txt,46,Alpha,Ahus,GRANTON,"9,146 pit props",Madsen,1,5,1889,11,5,1889,False,"May 1 Alpha-Ahus-9,146 pit props-Madsen"
18890511p.5.txt,47,Endelave,Memel,GRANTON,"37,200 oak staves",W. Lindsay & Son,4,5,1889,11,5,1889,False,"4 Endelave-Memel-37,200 oak staves-W. Lindsay & Son"
18890511p.5.txt,49,Willy,Christiania,KIRKCALDY,"10,500 pit props",Bowman & Co.,30,4,1889,11,5,1889,False,"April 30 Willy-Christiania-10,500 pit props-Bowman & Co."
18890511p.5.txt,53,Nordstjernen,Christiansand,LEITH,"3,333 pit props",Preston Grange Colliery Co.,30,4,1889,11,5,1889,False,"April 30 Nordstjernen-Christiansand-3,333 pit props-Preston Grange Colliery Co."
18890511p.5.txt,55,Lidsjolf,Tvedestrand,LEITH,"502 lds. sawn fir, 973 pcs. sawn fir",C. Salvesen & Co.,2,5,1889,11,5,1889,False,"May 2 Lidsjolf-Tvedestrand-502 lds. sawn fir, 973 pcs. sawn fir-C. Salvesen & Co."
18890511p.5.txt,57,Kate,Rotterdam,LEITH,770 bdls. hoops,Geo. Gibson & Co.,3,5,1889,11,5,1889,False,3 Kate-Rotterdam-770 bdls. hoops-Geo. Gibson & Co.
18890511p.5.txt,60,Cito,Drammen,MONTROSE,"14,499 fir battens",R. Millar & Sons,30,4,1889,11,5,1889,False,"April 30 Cito-Drammen-14,499 fir battens-R. Millar & Sons"
18890511p.5.txt,62,Rosenklippe,Drontheim,PETERHEAD,"6,677 battens",A. Creighton & Co.,3,5,1889,11,5,1889,False,"May 3 Rosenklippe-Drontheim-6,677 battens-A. Creighton & Co."
18890518p.484_p002.txt,3,Fredriksborg,Memel,LOWESTOFT,"2,238 pcs. hewn fir, 1,058 pcs. sawn fir",Great Eastern Railway Co.,7,5,1889,18,5,1889,True,"May 7 Fredriksborg -Memel-2,238 pcs. hewn fir, 1,058 pcs. sawn fir-Great Eastern Railway Co."
18890518p.484_p002.txt,6,Courier,Danzig,LYNN,"132 pcs. oak, 157 pcs. fir","Thompson, Patrick, & Co.",8,5,1889,18,5,1889,False,"May 8 Courier-Danzig-132 pcs. oak, 157 pcs. fir-Thompson, Patrick, & Co."
18890518p.484_p002.txt,9,Svanen,Memel,MIDDLESBROUGH,"4,963 deals",Owners Middlesbrough Estate,7,5,1889,18,5,1889,False,"May 7 Svanen-Memel-4,963 deals-Owners Middlesbrough Estate"
18890518p.484_p002.txt,10,Alma,Gothenburg,MIDDLESBROUGH,"46,938 props, 6,534 sleepers",W. J. Watson & Co.,11,5,1889,18,5,1889,False,"11 Alma-Gothenburg-46,938 props, 6,534 sleepers-W. J. Watson & Co."
18890518p.484_p002.txt,11,Rap,Brevig,MIDDLESBROUGH,"1,300 pcs. square timber, 1,204 props",W. J. Watson & Co.,13,5,1889,18,5,1889,False,"13 Rap-Brevig-1,300 pcs. square timber, 1,204 props-W. J. Watson & Co."
18890518p.484_p002.txt,15,Gaite,Port Launay,NEWPORT,175 lds. pit props,Budd & Co.,7,5,1889,18,5,1889,False,May 7 Gaite-Port Launay-175 lds. pit props-Budd & Co.
18890518p.484_p002.txt,16,Auguste Louise,La Tremblade,NEWPORT,200 lds. pit props,Budd & Co.,8,5,1889,18,5,1889,False,8 Auguste Louise-La Tremblade-200 lds. pit props-Budd & Co.
18890518p.484_p002.txt,17,Malabar,Pont l'Abbe,NEWPORT,125 lds. pit props,Budd & Co.,9,5,1889,18,5,1889,False,9 Malabar-Pont l'Abbe-125 lds. pit props-Budd & Co.
18890518p.484_p002.txt,19,Marie Louise,Bordeaux,NEWPORT,512 lds. pitwood,"G. W. Jones, Heard, & Co.",10,5,1889,18,5,1889,False,"10 Marie Louise-Bordeaux-512 lds. pitwood-G. W. Jones, Heard, & Co."
18890518p.484_p002.txt,20,Ernest,Bordeaux,NEWPORT,800 lds. pitwood,"Newport (Mon.) Pitwood Co., Lim.",11,5,1889,18,5,1889,True,"11 Ernest -Bordeaux-800 lds. pitwood-Newport (Mon.) Pitwood Co., Lim."
18890518p.484_p002.txt,23,Paroer,Laurvig,NEWPORT,"39,220 boards and board ends, 270 spars",T. B. & S. Batchelor & Co.,13,5,1889,18,5,1889,False,"13 Paroer-Laurvig-39,220 boards and board ends, 270 spars-T. B. & S. Batchelor & Co."
18890518p.484_p002.txt,26,Montrose,Gothenburg,PLYMOUTH,"17,436 pcs. sawn fir",R. & R. Bayly,8,5,1889,18,5,1889,False,"May 8 Montrose-Gothenburg-17,436 pcs. sawn fir-R. & R. Bayly"
18890518p.484_p002.txt,29,Charles Kahl,Stettin,PLYMOUTH,787 pcs. hewn fir,R. & R. Bayly,10,5,1889,18,5,1889,False,10 Charles Kahl-Stettin-787 pcs. hewn fir-R. & R. Bayly
18890518p.484_p002.txt,32,Vigo,Drammen,POOLE,"27,193 fir boards","The Poole, Baltic, & Quebec Co., Limited",10,5,1889,18,5,1889,False,"May 10 Vigo-Drammen-27,193 fir boards-The Poole, Baltic, & Quebec Co., Limited"
18890518p.484_p002.txt,35,Sophie,Gothenburg,PORTSMOUTH,"13,389 deals and battens",Van Den Bergh & Son,11,5,1889,18,5,1889,False,"May 11 Sophie-Gothenburg-13,389 deals and battens-Van Den Bergh & Son"
18890518p.484_p002.txt,38,Sparkling Foam,Drammen,ROCHESTER,"599,961 fir staves",F. C. Barron & Co.,7,5,1889,18,5,1889,False,"May 7 Sparkling Foam-Drammen-599,961 fir staves-F. C. Barron & Co."
18890518p.484_p002.txt,41,Scotia,Drammen,ROCHESTER,"1,275,700 fir staves","Hilton, Anderson, & Co.",13,5,1889,18,5,1889,False,"13 Scotia-Drammen-1,275,700 fir staves-Hilton, Anderson, & Co."
18890518p.484_p002.txt,44,Volharding,Thisted,SCARBOROUGH,120 lds. firewood,Thos. Wilkinson,13,5,1889,18,5,1889,False,May 13 Volharding-Thisted-120 lds. firewood-Thos. Wilkinson
18890518p.484_p002.txt,47,Norden,Christiania,SOUTHAMPTON,"2,521 round spars and poles","Tagart, Morgan, & Co.",7,5,1889,18,5,1889,False,"May 7 Norden-Christiania-2,521 round spars and poles-Tagart, Morgan, & Co."
18890518p.484_p002.txt,48,Anna Elise,Gothenburg,SOUTHAMPTON,"14,560 boards and battens",E. B. Loxton,9,5,1889,18,5,1889,False,"9 Anna Elise-Gothenburg-14,560 boards and battens-E. B. Loxton"
18890518p.484_p002.txt,51,Haabet,Holmestrand,SUNDERLAND,"35,675 pit props",Hayner & Moller,7,5,1889,18,5,1889,False,"May 7 Haabet-Holmestrand-35,675 pit props-Hayner & Moller"
18890518p.484_p002.txt,63,Louis Joseph,Quimper,SWANSEA,85 lds. pitwood,North's Navigation Collieries,8,5,1889,18,5,1889,False,May 8 Louis Joseph-Quimper-85 lds. pitwood-North's Navigation Collieries
18890518p.484_p002.txt,68,Tabor,Fredrikstad,THE TIMBER TRADES JOURNAL,84 boards,Ford & Co.,9,5,1889,18,5,1889,False,9 Tabor-Fredrikstad-84 boards-Ford & Co.
18890518p.484_p002.txt,71,Techem,Quimper,THE TIMBER TRADES JOURNAL,80 lds. pitwood,North's Navigation Collieries,10,5,1889,18,5,1889,False,10 Techem-Quimper-80 lds. pitwood-North's Navigation Collieries
18890518p.484_p002.txt,72,Theophile Felix,Bordeaux,THE TIMBER TRADES JOURNAL,115 lds. pitwood,Williams & Co.,11,5,1889,18,5,1889,False,11 Theophile Felix-Bordeaux-115 lds. pitwood-Williams & Co.
18890518p.484_p002.txt,74,Rose,Redon,THE TIMBER TRADES JOURNAL,180 lds. pitwood,D. Jenkins,13,5,1889,18,5,1889,False,13 Rose-Redon-180 lds. pitwood-D. Jenkins
18890518p.484_p002.txt,83,Alia,Porsgrund,TRURO,"1,271 pcs. hewn fir, 345 pcs. sawn fir, 180 spars",Harvey & Co.,11,5,1889,18,5,1889,False,"May 11 Alia-Porsgrund-1,271 pcs. hewn fir, 345 pcs. sawn fir, 180 spars-Harvey & Co."
18890518p.484_p002.txt,86,Odin,Christiania,TYNE,"80 lds. birch props, 48 lds. pit props, 100 bales wood pulp",Order,7,5,1889,18,5,1889,True,"May 7 Odin -Christiania-80 lds. birch props, 48 lds. pit props, 100 bales wood pulp-Order; 22 lds. spars-James Scott; from Laurvig-75 lds. planed boards, 12 lds. firewood-James Scott"
18890518p.484_p002.txt,86,Odin,Christiania,TYNE,22 lds. spars,James Scott,7,5,1889,18,5,1889,True,"May 7 Odin -Christiania-80 lds. birch props, 48 lds. pit props, 100 bales wood pulp-Order; 22 lds. spars-James Scott; from Laurvig-75 lds. planed boards, 12 lds. firewood-James Scott"
18890518p.484_p002.txt,86,Odin,Christiania,TYNE,from Laurvig,"75 lds. planed boards, 12 lds. firewood-James Scott",7,5,1889,18,5,1889,True,"May 7 Odin -Christiania-80 lds. birch props, 48 lds. pit props, 100 bales wood pulp-Order; 22 lds. spars-James Scott; from Laurvig-75 lds. planed boards, 12 lds. firewood-James Scott"
18890518p.484_p002.txt,88,Da Capa,Namsos,TYNE,"13,274 battens",J. Scott,8,5,1889,18,5,1889,False,"8 Da Capa-Namsos-13,274 battens-J. Scott"
18890518p.484_p002.txt,89,Northern,Pensacola,TYNE,"1,609 pcs. sawn timber, 2,215 deals",J. Graham & Co.,9,5,1889,18,5,1889,True,"9 Northern -Pensacola-1,609 pcs. sawn timber, 2,215 deals-J. Graham & Co."
18890518p.484_p002.txt,94,Duisburg,Pensacola,TYNE,"1,545 pcs. square timber, 504 deals",J. Graham & Co.,10,5,1889,18,5,1889,False,"10 Duisburg-Pensacola-1,545 pcs. square timber, 504 deals-J. Graham & Co."
18890518p.484_p002.txt,95,Lector Schweigaord,Namsos,TYNE,"1,806 battens, 5,846 scantlings, 25,946 boards",Order,11,5,1889,18,5,1889,False,"11 Lector Schweigaord-Namsos-1,806 battens, 5,846 scantlings, 25,946 boards-Order"
18890518p.484_p002.txt,97,Karel,Memel,TYNE,"7,170 white deals and deal ends",Order,13,5,1889,18,5,1889,False,"13 Karel-Memel-7,170 white deals and deal ends-Order"
18890518p.484_p002.txt,103,Twelve Apostles,Stettin,WHITEHAVEN,"900 pcs. hewn fir, 160 fir sleepers",J. & W. Jackson,13,5,1889,18,5,1889,False,"May 13 Twelve Apostles-Stettin-900 pcs. hewn fir, 160 fir sleepers-J. & W. Jackson"
18890518p.484_p002.txt,106,"Ludwig Capobus, Sen.",Danzig,WISBECH,"741 pcs. sawn fir, 338 fir sleepers",English Bros.,13,5,1889,18,5,1889,False,"May 13 Ludwig Capobus, Sen.-Danzig-741 pcs. sawn fir, 338 fir sleepers-English Bros."
18890518p.484_p002.txt,110,Samson,Laurvig,YARMOUTH,"50 lds. firewood, 107,642 staves",W. Palgrave Brown & Co.,7,5,1889,18,5,1889,False,"May 7 Samson-Laurvig-50 lds. firewood, 107,642 staves-W. Palgrave Brown & Co."
18890518p.484_p002.txt,111,J. M. Nielsen,Windau,YARMOUTH,"3,924 half fir sleepers",Turrell & Torkildsen,9,5,1889,18,5,1889,False,"9 J. M. Nielsen-Windau-3,924 half fir sleepers-Turrell & Torkildsen"
18890518p.484_p002.txt,113,Kierstine Elise,Windau,YARMOUTH,"4,288 half fir sleepers",Turrell & Torkildsen,11,5,1889,18,5,1889,False,"11 Kierstine Elise-Windau-4,288 half fir sleepers-Turrell & Torkildsen"
18890518p.484_p002.txt,114,Three Sisters,Gothenburg,YARMOUTH,"7,920 deals and battens",Cushion Bros.,13,5,1889,18,5,1889,False,"13 Three Sisters-Gothenburg-7,920 deals and battens-Cushion Bros."
18890518p.484_p002.txt,118,Black Head,Riga,BELFAST,"29 lds. lathwood, 4,603 deals",G. Heyn & Sons,7,5,1889,18,5,1889,False,"May 7 Black Head-Riga-29 lds. lathwood, 4,603 deals-G. Heyn & Sons"
18890518p.484_p002.txt,120,Terlin Head,Riga,BELFAST,"2,200 deals, 603 battens, 23 lds. lathwood",G. Heyn & Sons,10,5,1889,18,5,1889,False,"10 Terlin Head-Riga-2,200 deals, 603 battens, 23 lds. lathwood-G. Heyn & Sons"
18890518p.484_p002.txt,121,Princess Alexandra,Bordeaux,BELFAST,170 bdls. hoops,J. C. Pinkerton,11,5,1889,18,5,1889,False,11 Princess Alexandra-Bordeaux-170 bdls. hoops-J. C. Pinkerton
18890518p.4_p002.txt,3,Triton,Drontheim,DUNDEE,"8,689 deals and battens",John Tessiman,9,5,1889,18,5,1889,False,"May 9 Triton-Drontheim-8,689 deals and battens-John Tessiman"
18890518p.4_p002.txt,4,Emigkert,Stettin,DUNDEE,596 pcs. hewn fir,Bell,11,5,1889,18,5,1889,False,11 Emigkert-Stettin-596 pcs. hewn fir-Bell
18890518p.4_p002.txt,6,Greata,Gothenburg,GLASGOW,"234 battens, 177 bdls. mouldings, 1,000 bdls. laths, 21 bgs. bobbins",Order,6,5,1889,18,5,1889,False,"May 6 Greata-Gothenburg-234 battens, 177 bdls. mouldings, 1,000 bdls. laths, 21 bgs. bobbins-Order"
18890518p.4_p002.txt,7,State of Georgia,New York,GLASGOW,580 pkgs. wood,ware-Singer Manufacturing Co.,7,5,1889,18,5,1889,False,7 State of Georgia-New York-580 pkgs. wood-ware-Singer Manufacturing Co.
18890518p.4_p002.txt,8,Scandinavian,Philadelphia,GLASGOW,"1,200 staves",Edmiston & Mitchells,8,5,1889,18,5,1889,False,"8 Scandinavian-Philadelphia-1,200 staves-Edmiston & Mitchells"
18890518p.4_p002.txt,9,Lord O'Neill,Baltimore,GLASGOW,"10,897 hhd. staves",Hattley Hay,9,5,1889,18,5,1889,False,"9 Lord O'Neill-Baltimore-10,897 hhd. staves-Hattley Hay; 1,342 pcs. oak lumber-Edmiston & Mitchells; 1,312 pcs. oak lumber-Jas. Kennedy & Co.; 8 poplar logs-Govan & Co.; 21 whitewood logs, 123 whitewood planks, 2,026 pcs. oak lumber, 92 walnut logs, 34 oak planks-Allison"
18890518p.4_p002.txt,9,Lord O'Neill,Baltimore,GLASGOW,"1,342 pcs. oak lumber",Edmiston & Mitchells,9,5,1889,18,5,1889,False,"9 Lord O'Neill-Baltimore-10,897 hhd. staves-Hattley Hay; 1,342 pcs. oak lumber-Edmiston & Mitchells; 1,312 pcs. oak lumber-Jas. Kennedy & Co.; 8 poplar logs-Govan & Co.; 21 whitewood logs, 123 whitewood planks, 2,026 pcs. oak lumber, 92 walnut logs, 34 oak planks-Allison"
18890518p.4_p002.txt,9,Lord O'Neill,Baltimore,GLASGOW,"1,312 pcs. oak lumber",Jas. Kennedy & Co.,9,5,1889,18,5,1889,False,"9 Lord O'Neill-Baltimore-10,897 hhd. staves-Hattley Hay; 1,342 pcs. oak lumber-Edmiston & Mitchells; 1,312 pcs. oak lumber-Jas. Kennedy & Co.; 8 poplar logs-Govan & Co.; 21 whitewood logs, 123 whitewood planks, 2,026 pcs. oak lumber, 92 walnut logs, 34 oak planks-Allison"
18890518p.4_p002.txt,9,Lord O'Neill,Baltimore,GLASGOW,8 poplar logs,Govan & Co.,9,5,1889,18,5,1889,False,"9 Lord O'Neill-Baltimore-10,897 hhd. staves-Hattley Hay; 1,342 pcs. oak lumber-Edmiston & Mitchells; 1,312 pcs. oak lumber-Jas. Kennedy & Co.; 8 poplar logs-Govan & Co.; 21 whitewood logs, 123 whitewood planks, 2,026 pcs. oak lumber, 92 walnut logs, 34 oak planks-Allison"
18890518p.4_p002.txt,9,Lord O'Neill,Baltimore,GLASGOW,"21 whitewood logs, 123 whitewood planks, 2,026 pcs. oak lumber, 92 walnut logs, 34 oak planks",Allison,9,5,1889,18,5,1889,False,"9 Lord O'Neill-Baltimore-10,897 hhd. staves-Hattley Hay; 1,342 pcs. oak lumber-Edmiston & Mitchells; 1,312 pcs. oak lumber-Jas. Kennedy & Co.; 8 poplar logs-Govan & Co.; 21 whitewood logs, 123 whitewood planks, 2,026 pcs. oak lumber, 92 walnut logs, 34 oak planks-Allison"
18890518p.4_p002.txt,11,Corean,Boston,GLASGOW,"5,400 staves",Wright & Breakenridge,11,5,1889,18,5,1889,False,"11 Corean-Boston-5,400 staves-Wright & Breakenridge; 66 pcs. birch-Order"
18890518p.4_p002.txt,11,Corean,Boston,GLASGOW,66 pcs. birch,Order,11,5,1889,18,5,1889,False,"11 Corean-Boston-5,400 staves-Wright & Breakenridge; 66 pcs. birch-Order"
18890518p.4_p002.txt,12,Ranee,Havre and Rouen,GLASGOW,35 logs wood,J. & P. Hutchison,13,5,1889,18,5,1889,False,13 Ranee-Havre and Rouen-35 logs wood-J. & P. Hutchison
18890518p.4_p002.txt,15,Emil Devrient,Stettin,GRANGEMOUTH,640 pcs. timber,P. & J. Wilkie,8,5,1889,18,5,1889,False,May 8 Emil Devrient-Stettin-640 pcs. timber-P. & J. Wilkie
18890518p.4_p002.txt,16,Martha,Christiania,GRANGEMOUTH,"282 spars, 50 poles, 2,713 pit props",Order,10,5,1889,18,5,1889,False,"10 Martha-Christiania-282 spars, 50 poles, 2,713 pit props-Order"
18890518p.4_p002.txt,18,Troy,Drontheim,GRANTON,"14,252 battens",Mitchell Thomson & Co.,7,5,1889,18,5,1889,False,"May 7 Troy-Drontheim-14,252 battens-Mitchell Thomson & Co."
18890518p.4_p002.txt,30,De Atten Sodskinde,Memel,DUNDEE,"50,981 oak staves",W. Lindsay & Son,11,5,1889,18,5,1889,False,"11 De Atten Sodskinde-Memel-50,981 oak staves-W. Lindsay & Son"
18890518p.4_p002.txt,31,Arethusa,Memel,DUNDEE,"100 pcs. oak, 685 pcs. hewn fir",Mitchell Thomson & Co.,13,5,1889,18,5,1889,False,"13 Arethusa-Memel-100 pcs. oak, 685 pcs. hewn fir-Mitchell Thomson & Co.; 21,433 oak staves-W. Lindsay & Son"
18890518p.4_p002.txt,31,Arethusa,Memel,DUNDEE,"21,433 oak staves",W. Lindsay & Son,13,5,1889,18,5,1889,False,"13 Arethusa-Memel-100 pcs. oak, 685 pcs. hewn fir-Mitchell Thomson & Co.; 21,433 oak staves-W. Lindsay & Son"
18890518p.4_p002.txt,34,Trio,Pascagoula,GREENOCK,"519 pcs. hewn pitch pine, 80 pcs. sawn pitch pine, 859 pitch pine deals",Order,11,5,1889,18,5,1889,False,"May 11 Trio-Pascagoula-519 pcs. hewn pitch pine, 80 pcs. sawn pitch pine, 859 pitch pine deals-Order"
18890518p.4_p002.txt,36,Emily,Fredrikshald,INVERNESS,"19,661 pcs. sawn fir",Menzies & Son,9,5,1889,18,5,1889,False,"May 9 Emily-Fredrikshald-19,661 pcs. sawn fir-Menzies & Son"
18890518p.4_p002.txt,40,Tyr,Christiania,KIRKCALDY,"10,030 pit props",Fife Coal Co.,9,5,1889,18,5,1889,False,"May 9 Tyr-Christiania-10,030 pit props-Fife Coal Co."
18890518p.4_p002.txt,41,Baidar,Riga,KIRKCALDY,"9,241 fir sleepers",Bruce,11,5,1889,18,5,1889,True,"11 Baidar -Riga-9,241 fir sleepers-Bruce"
18890518p.4_p002.txt,43,Glasgow,Amsterdam,LEITH,50 bdls. hoops,Geo. Gibson & Co.,7,5,1889,18,5,1889,False,May 7 Glasgow-Amsterdam-50 bdls. hoops-Geo. Gibson & Co.
18890518p.4_p002.txt,51,Sylph lden,Sandifjord,LEITH,"15,562 birch pit props 6,946 fir pit props",C. Salvesen & Co.,10,5,1889,18,5,1889,False,"10 Sylph lden-Sandifjord-15,562 birch pit props 6,946 fir pit props-C. Salvesen & Co."
18890518p.4_p002.txt,52,Kinghorn,Rotterdam,LEITH,230 bdls. hoops,Geo. Gibson & Co.,13,5,1889,18,5,1889,False,13 Kinghorn-Rotterdam-230 bdls. hoops-Geo. Gibson & Co.
18890518p.4_p002.txt,81,Hebe,Drammen,MONTROSE,"10,054 fir battens",Robt. Millar & Sons,10,5,1889,18,5,1889,False,"May 10 Hebe-Drammen-10,054 fir battens-Robt. Millar & Sons"
18890518p.4_p002.txt,83,Mercantil,Lillesand,WICK,"28 pcs. hewn fir, 63,000 birch staves",J. G. Duncan,9,5,1889,18,5,1889,False,"May 9 Mercantil-Lillesand-28 pcs. hewn fir, 63,000 birch staves-J. G. Duncan"
18890525p.513_p001.txt,12,"was anticipated with confidence by the timber trade, and will no doubt be remembered generally with satisfaction; it certainly proved a year of surprises. Opening with an unprecedented demand by importers for wood goods, prices at the various ports of shipment were accepted at the same level as the previous year; the boom soon caused advances in values, and the upward tendency continued throughout the year. In addition to the rise in the free",on,THE TIMBER TRADE OF BRISTOL,"board values, freights went up by bounds, and finally resulted in an increase over the rates current in 1887 of about 50 per cent., and even as much as 80 per cent. extra was paid. During the month of December greater activity in purchasing was manifested by timber importers in this country, the colonies, and on the continent than has been known by any living sellers",,1888,5,1889,25,5,1889,False,"1888 was anticipated with confidence by the timber trade, and will no doubt be remembered generally with satisfaction; it certainly proved a year of surprises. Opening with an unprecedented demand by importers for wood goods, prices at the various ports of shipment were accepted at the same level as the previous year; the boom soon caused advances in values, and the upward tendency continued throughout the year. In addition to the rise in the free-on-board values, freights went up by bounds, and finally resulted in an increase over the rates current in 1887 of about 50 per cent., and even as much as 80 per cent. extra was paid. During the month of December greater activity in purchasing was manifested by timber importers in this country, the colonies, and on the continent than has been known by any living sellers; operations in this direction before the 1st January advanced for 1889 further than they usually do by the end of February."
18890525p.513_p001.txt,12,"was anticipated with confidence by the timber trade, and will no doubt be remembered generally with satisfaction; it certainly proved a year of surprises. Opening with an unprecedented demand by importers for wood goods, prices at the various ports of shipment were accepted at the same level as the previous year; the boom soon caused advances in values, and the upward tendency continued throughout the year. In addition to the rise in the free",on,THE TIMBER TRADE OF BRISTOL,operations in this direction before the 1st January advanced for 1889 further than they usually do by the end of February.,,1888,5,1889,25,5,1889,False,"1888 was anticipated with confidence by the timber trade, and will no doubt be remembered generally with satisfaction; it certainly proved a year of surprises. Opening with an unprecedented demand by importers for wood goods, prices at the various ports of shipment were accepted at the same level as the previous year; the boom soon caused advances in values, and the upward tendency continued throughout the year. In addition to the rise in the free-on-board values, freights went up by bounds, and finally resulted in an increase over the rates current in 1887 of about 50 per cent., and even as much as 80 per cent. extra was paid. During the month of December greater activity in purchasing was manifested by timber importers in this country, the colonies, and on the continent than has been known by any living sellers; operations in this direction before the 1st January advanced for 1889 further than they usually do by the end of February."
18890525p.513_p003.txt,4,Andrew Longmore,Danzig,"MAY 25, 1889.]","11,298 chocks, 17,043 beech chocks",Calder,17,5,1889,25,5,1889,False,"17 Andrew Longmore-Danzig-11,298 chocks, 17,043 beech chocks-Calder"
18890525p.513_p003.txt,5,Wustrow,Stettin,"MAY 25, 1889.]","396 pcs. hewn oak, 36 crooks",Short Bros.,18,5,1889,25,5,1889,False,"18 Wustrow-Stettin-396 pcs. hewn oak, 36 crooks-Short Bros."
18890525p.513_p003.txt,9,Immanuel,Langsund,"MAY 25, 1889.]",2417 pcs. hewn Rayner & Moller,,20,5,1889,25,5,1889,False,20 Immanuel-Langsund-2417 pcs. hewn Rayner & Moller
18890525p.513_p003.txt,14,Bougainville,Auray,SWANSEA,"80 lds. pitw North's Navigation Col., Lim., 1889",,14,5,1889,25,5,1889,False,"May 14 Bougainville-Auray-80 lds. pitw North's Navigation Col., Lim., 1889"
18890525p.513_p003.txt,16,Vikingen,Fredrikstad,SWANSEA,"34,489 floo [?] battens, 34 spars",Hopkins,15,5,1889,25,5,1889,False,"15 Vikingen-Fredrikstad - 34,489 floo [?] battens, 34 spars-Hopkins"
18890525p.513_p003.txt,19,Rene Seraphine,Pauillac,SWANSEA,70 lds. pitw,W. Perch & Co.,20,5,1889,25,5,1889,False,20 Rene Seraphine-Pauillac-70 lds. pitw -W. Perch & Co.
18890525p.513_p003.txt,23,Familliens Haab,Christiania,TRURO,"27, sawn fir",R. Michell & Son,20,5,1889,25,5,1889,False,"May 20 Familliens Haab-Christiania-27, sawn fir-R. Michell & Son"
18890525p.513_p003.txt,26,Folke,Stettin,WHITEHAVEN,857 pcs. hewn fir,J. W. Jackson,15,5,1889,25,5,1889,False,May 15 Folke-Stettin-857 pcs. hewn fir-J. W. Jackson
18890525p.513_p003.txt,27,Skjoldmen,Drammen,WHITEHAVEN,"41,132 pcs. sa fir",J. & W. Jackson,20,5,1889,25,5,1889,False,"20 Skjoldmen-Drammen-41,132 pcs. sa fir-J. & W. Jackson"
18890525p.513_p003.txt,31,Metz,Ahus,TYNE,"23,357 pit props",Osbeck,13,5,1889,25,5,1889,False,"May 13 Metz-Ahus-23,357 pit props-Osbeck"
18890525p.513_p003.txt,32,Munin,Gothenburg,TYNE,"20 lds. pit poles, 2 lds. pit props, 110 lds. birch props",Order,14,5,1889,25,5,1889,True,"14 Munin -Gothenburg-20 lds. pit poles, 2 lds. pit props, 110 lds. birch props-Order"
18890525p.513_p003.txt,33,Prospero,Christiania,TYNE,"15 lds. fir staves, lds. crowntrees, 25 lds. spars, 41 cs. mi boards, 108 lds. props",Order,15,5,1889,25,5,1889,True,"15 Prospero -Christiania-15 lds. fir staves, lds. crowntrees, 25 lds. spars, 41 cs. mi boards, 108 lds. props-Order; from Laurvi 70 lds. planed boards-James Scott"
18890525p.513_p003.txt,33,Prospero,Christiania,TYNE,from Laurvi 70 lds. planed boards,James Scott,15,5,1889,25,5,1889,True,"15 Prospero -Christiania-15 lds. fir staves, lds. crowntrees, 25 lds. spars, 41 cs. mi boards, 108 lds. props-Order; from Laurvi 70 lds. planed boards-James Scott"
18890525p.513_p003.txt,34,Annie Largie,Warberg,TYNE,"38,990 prop Osbeck & Co.",,16,5,1889,25,5,1889,False,"16 Annie Largie-Warberg-38,990 prop Osbeck & Co."
18890525p.513_p003.txt,38,Familien,Drontheim,TYNE,"9,398 deals and bat tens, 7 fms. firewood",Order,20,5,1889,25,5,1889,False,"20 Familien-Drontheim-9,398 deals and bat tens, 7 fms. firewood-Order"
18890525p.513_p003.txt,46,Fritz,Danzig,WISBECH,"811 pcs. sawn fir, 27 fir sleepers",English Brothers,15,5,1889,25,5,1889,False,"May 15 Fritz-Danzig-811 pcs. sawn fir, 27 fir sleepers-English Brothers"
18890525p.513_p003.txt,49,Clara,Carlskrona,YARMOUTH,"8,483 deals, battens and boards",A. & W. Cushion,17,5,1889,25,5,1889,False,"May 17 Clara-Carlskrona-8,483 deals, battens and boards-A. & W. Cushion"
18890525p.513_p003.txt,50,Axel,Mandal,YARMOUTH,"555,450 staves",Brown,18,5,1889,25,5,1889,False,"18 Axel-Mandal-555,450 staves-Brown"
18890525p.513_p003.txt,55,Fair Head,Pernau,BELFAST,141 lds. pit,props- G. Heyn & Sons,14,5,1889,25,5,1889,False,May 14 Fair Head-Pernau-141 lds. pit-props- G. Heyn & Sons
18890525p.513_p003.txt,57,Nils,Laurvig,BELFAST,"59,195 boards, 3,797 deals, 116 pcs. hewn fir",J. D. Corry & Co.,15,5,1889,25,5,1889,False,"15 Nils-Laurvig-59,195 boards, 3,797 deals, 116 pcs. hewn fir-J. D. Corry & Co."
18890525p.513_p003.txt,60,City of Amsterdam,Rotterdam,BELFAST,500 bdls. hoops,J. C. Pinkerton,16,5,1889,25,5,1889,False,16 City of Amsterdam-Rotterdam-500 bdls. hoops-J. C. Pinkerton
18890525p.513_p003.txt,65,R. Loyens,Riga,DUNDALK,"10,966 pcs. hewn fir","W. Boston, & Haywood",18,5,1889,25,5,1889,False,"May 18 R. Loyens-Riga-10,966 pcs. hewn fir- W. Boston, & Haywood"
18890525p.513_p003.txt,68,Balio,"St. John, N.B.",SLIGO,"12,815 pcs. sawn fir",O'Connor & Cullen,18,5,1889,25,5,1889,False,"May 18 Balio-St. John, N.B.-12,815 pcs. sawn fir-O'Connor & Cullen"
18890525p.513_p003.txt,73,Margat,Fredrikstad,LIMERICK,360 lds. sawn fir,Condensed Milk Co. of Ireland,20,5,1889,25,5,1889,False,"May 20 Margat-Fredrikstad-360 lds. sawn fir-Condensed Milk Co. of Ireland; 6,862 boards, 100 spars-Robert MacDonnell"
18890525p.513_p003.txt,73,Margat,Fredrikstad,LIMERICK,"6,862 boards, 100 spars",Robert MacDonnell,20,5,1889,25,5,1889,False,"May 20 Margat-Fredrikstad-360 lds. sawn fir-Condensed Milk Co. of Ireland; 6,862 boards, 100 spars-Robert MacDonnell"
18890601p.4_p002.txt,7,Nicolette,Pensacola,GREENOCK,"247 pcs. hewn pitch pine timber, 925 pcs. sawn pitch pine timber, 475 pcs. sawn pitch pine deals","Robinson, Dunn, & Co.",21,5,1889,1,6,1889,False,"May 21 Nicolette-Pensacola-247 pcs. hewn pitch pine timber, 925 pcs. sawn pitch pine timber, 475 pcs. sawn pitch pine deals-Robinson, Dunn, & Co."
18890601p.4_p002.txt,9,C. E. Spooner,Stettin,GRANGEMOUTH,803 pcs. cak timber,Order,21,5,1889,1,6,1889,False,May 21 C. E. Spooner-Stettin-803 pcs. cak timber-Order
18890601p.4_p002.txt,10,Nordenskjold,Drontheim,GRANGEMOUTH,"484,587 staves",A Paterson,24,5,1889,1,6,1889,False,"24 Nordenskjold-Drontheim-484,587 staves-A Paterson; 2,268 scantling boards-Order"
18890601p.4_p002.txt,10,Nordenskjold,Drontheim,GRANGEMOUTH,"2,268 scantling boards",Order,24,5,1889,1,6,1889,False,"24 Nordenskjold-Drontheim-484,587 staves-A Paterson; 2,268 scantling boards-Order"
18890601p.4_p002.txt,13,Frithiof,"Gothenburg 1,507 bdls. birch squares, 63 lds. props",GRANTON,O. Salvesen,,21,5,1889,1,6,1889,True,"May 21 Frithiof -Gothenburg 1,507 bdls. birch squares, 63 lds. props-O. Salvesen"
18890601p.4_p002.txt,19,Victoria Dock,Stettin,LEITH,200 oak logs,J. Currie & Co.,21,5,1889,1,6,1889,False,May 21 Victoria Dock-Stettin-200 oak logs-J. Currie & Co.
18890601p.4_p002.txt,76,New York,710 deals and battens,"MITCHELL THOMSON & CO.,",A. Garland & Roger,,21,5,1889,1,6,1889,False,May 21 New York-710 deals and battens-A. Garland & Roger
18890601p.4_p002.txt,77,Freia,Namsos,"MITCHELL THOMSON & CO.,","15,536 deals and battens",Garland & Roger,22,5,1889,1,6,1889,False,"22 Freia-Namsos-15,536 deals and battens-Garland & Roger"
18890601p.4_p002.txt,78,Grip Fast,Riga,"MITCHELL THOMSON & CO.,","2,255 deals",Jas. Cormack,24,5,1889,1,6,1889,False,"24 Grip Fast-Riga-2,255 deals-Jas. Cormack"
18890601p.537_p002.txt,3,Eagle,Darien,HARWICH,"15 pcs. hewn and 1,401 pcs. sawn timber, 865 deals",Taylor,22,5,1889,1,6,1889,True,"May 22 Eagle -Darien-15 pcs. hewn and 1,401 pcs. sawn timber, 865 deals-Taylor"
18890601p.537_p002.txt,5,Bur,Skutskar,HULL,"33,338 deals, &c.",Order,23,5,1889,1,6,1889,True,"May 23 Bur -Skutskar-33,338 deals, &c.-Order"
18890601p.537_p002.txt,6,Sjoelland,Norrkoping,HULL,"16,799 props","Haagensen, Watt, & Co.",24,5,1889,1,6,1889,True,"24 Sjoelland -Norrkoping-16,799 props-Haagensen, Watt, & Co."
18890601p.537_p002.txt,11,Malmo,Gothenburg,HULL,"1,822 props","Pyman, Bell, & Co.",25,5,1889,1,6,1889,True,"25 Malmo -Gothenburg-1,822 props-Pyman, Bell, & Co. ; 2,072 props-Haagensen"
18890601p.537_p002.txt,11,Malmo,Gothenburg,HULL,"2,072 props",Haagensen,25,5,1889,1,6,1889,True,"25 Malmo -Gothenburg-1,822 props-Pyman, Bell, & Co. ; 2,072 props-Haagensen"
18890601p.537_p002.txt,15,Fido,Skutskar,HULL,"35,218 deals",Order,26,5,1889,1,6,1889,False,"26 Fido-Skutskar-35,218 deals-Order"
18890601p.537_p002.txt,25,Strauss,Bremen,HULL,"2,285 beech planks",Order,29,5,1889,1,6,1889,True,"29 Strauss -Bremen-2,285 beech planks-Order"
18890601p.537_p002.txt,30,Hildur,Danzig,LITTLEHAMPTON,"1,138 pcs. hewn fir",John Eede Butt & Co.,24,5,1889,1,6,1889,False,"May 24 Hildur-Danzig-1,138 pcs. hewn fir-John Eede Butt & Co."
18890601p.537_p002.txt,32,St. Ronan's,New York,LIVERPOOL,"2,255 bdls. staves, 489 bdls. hoops, 457 bdls. headings, 200 pcs. oak lumber, 2,228 maple rollers",Order,23,5,1889,1,6,1889,True,"May 23 St. Ronan's -New York-2,255 bdls. staves, 489 bdls. hoops, 457 bdls. headings, 200 pcs. oak lumber, 2,228 maple rollers-Order"
18890601p.537_p002.txt,39,Britannia,New York,LIVERPOOL,20 crts. lumber,Pickford & Co.,24,5,1889,1,6,1889,True,"24 Britannia -New York-20 crts. lumber-Pickford & Co. ; 1,189 pcs. lumber-Whiteside, Johns, & Co. ; 2,000 staves-Hattley Hay ; 39 cs. handles-Order"
18890601p.537_p002.txt,39,Britannia,New York,LIVERPOOL,"1,189 pcs. lumber","Whiteside, Johns, & Co.",24,5,1889,1,6,1889,True,"24 Britannia -New York-20 crts. lumber-Pickford & Co. ; 1,189 pcs. lumber-Whiteside, Johns, & Co. ; 2,000 staves-Hattley Hay ; 39 cs. handles-Order"
18890601p.537_p002.txt,39,Britannia,New York,LIVERPOOL,"2,000 staves",Hattley Hay,24,5,1889,1,6,1889,True,"24 Britannia -New York-20 crts. lumber-Pickford & Co. ; 1,189 pcs. lumber-Whiteside, Johns, & Co. ; 2,000 staves-Hattley Hay ; 39 cs. handles-Order"
18890601p.537_p002.txt,39,Britannia,New York,LIVERPOOL,39 cs. handles,Order,24,5,1889,1,6,1889,True,"24 Britannia -New York-20 crts. lumber-Pickford & Co. ; 1,189 pcs. lumber-Whiteside, Johns, & Co. ; 2,000 staves-Hattley Hay ; 39 cs. handles-Order"
18890601p.537_p002.txt,43,Toronto,Montreal,LIVERPOOL,"245 deals, 11,976 deals and ends, 10,711 boards",R. Cox & Co.,27,5,1889,1,6,1889,True,"27 Toronto -Montreal-245 deals, 11,976 deals and ends, 10,711 boards-R. Cox & Co. ; 207 maple blocks-T. Mitchell ; 1,397 maple blocks-Order ; from Quebec-1,163 pine and 1,981 spruce deals-Order"
18890601p.537_p002.txt,43,Toronto,Montreal,LIVERPOOL,207 maple blocks,T. Mitchell,27,5,1889,1,6,1889,True,"27 Toronto -Montreal-245 deals, 11,976 deals and ends, 10,711 boards-R. Cox & Co. ; 207 maple blocks-T. Mitchell ; 1,397 maple blocks-Order ; from Quebec-1,163 pine and 1,981 spruce deals-Order"
18890601p.537_p002.txt,43,Toronto,Montreal,LIVERPOOL,"1,397 maple blocks",Order,27,5,1889,1,6,1889,True,"27 Toronto -Montreal-245 deals, 11,976 deals and ends, 10,711 boards-R. Cox & Co. ; 207 maple blocks-T. Mitchell ; 1,397 maple blocks-Order ; from Quebec-1,163 pine and 1,981 spruce deals-Order"
18890601p.537_p002.txt,43,Toronto,Montreal,LIVERPOOL,from Quebec,"1,163 pine and 1,981 spruce deals-Order",27,5,1889,1,6,1889,True,"27 Toronto -Montreal-245 deals, 11,976 deals and ends, 10,711 boards-R. Cox & Co. ; 207 maple blocks-T. Mitchell ; 1,397 maple blocks-Order ; from Quebec-1,163 pine and 1,981 spruce deals-Order"
18890601p.537_p002.txt,57,British Princess,Philadelphia,LIVERPOOL,"29,502 staves",Drysdale Bros.,28,5,1889,1,6,1889,True,"28 British Princess -Philadelphia-29,502 staves-Drysdale Bros. ; 81 crts. blocks-J. Gardner & Son"
18890601p.537_p002.txt,57,British Princess,Philadelphia,LIVERPOOL,81 crts. blocks,J. Gardner & Son,28,5,1889,1,6,1889,True,"28 British Princess -Philadelphia-29,502 staves-Drysdale Bros. ; 81 crts. blocks-J. Gardner & Son"
18890601p.537_p002.txt,62,Lestrois Socurs,Drammen,LIVERPOOL,"276,145 boxboards",Order,29,5,1889,1,6,1889,False,"29 Lestrois Socurs-Drammen-276,145 boxboards-Order"
18890601p.537_p002.txt,65,Proven,Christiania,SURREY COMMERCIAL DOCKS,"3,507 pcs. sawn wood, 11 fms. firewood",Churchill & Sim,23,5,1889,1,6,1889,False,"May 23 Proven-Christiania-3,507 pcs. sawn wood, 11 fms. firewood-Churchill & Sim ; 15,858 battens-A. Kallevig"
18890601p.537_p002.txt,65,Proven,Christiania,SURREY COMMERCIAL DOCKS,"15,858 battens",A. Kallevig,23,5,1889,1,6,1889,False,"May 23 Proven-Christiania-3,507 pcs. sawn wood, 11 fms. firewood-Churchill & Sim ; 15,858 battens-A. Kallevig"
18890601p.537_p002.txt,98,Hawthorn,Riga,MILLWALL DOCKS,"27,061 deals",Order,28,5,1889,1,6,1889,True,"28 Hawthorn -Riga-27,061 deals-Order"
18890601p.537_p002.txt,102,Thorsten,Gothenburg,MILLWALL DOCKS,"445 doors, 109 pkgs. turned wood",J. W. King & Co.,27,5,1889,1,6,1889,True,"27 Thorsten -Gothenburg-445 doors, 109 pkgs. turned wood-J. W. King & Co. ; 192 pkgs. turned wood-Maxime & Co. ; 192 pkgs. joinery-W. Sandell & Co. ; 487 pkgs. joinery-W. R. Cross & Sons ; 342 bdls. joinery-Foy, Morgan, & Co."
18890601p.537_p002.txt,102,Thorsten,Gothenburg,MILLWALL DOCKS,192 pkgs. turned wood,Maxime & Co.,27,5,1889,1,6,1889,True,"27 Thorsten -Gothenburg-445 doors, 109 pkgs. turned wood-J. W. King & Co. ; 192 pkgs. turned wood-Maxime & Co. ; 192 pkgs. joinery-W. Sandell & Co. ; 487 pkgs. joinery-W. R. Cross & Sons ; 342 bdls. joinery-Foy, Morgan, & Co."
18890601p.537_p002.txt,102,Thorsten,Gothenburg,MILLWALL DOCKS,192 pkgs. joinery,W. Sandell & Co.,27,5,1889,1,6,1889,True,"27 Thorsten -Gothenburg-445 doors, 109 pkgs. turned wood-J. W. King & Co. ; 192 pkgs. turned wood-Maxime & Co. ; 192 pkgs. joinery-W. Sandell & Co. ; 487 pkgs. joinery-W. R. Cross & Sons ; 342 bdls. joinery-Foy, Morgan, & Co."
18890601p.537_p002.txt,102,Thorsten,Gothenburg,MILLWALL DOCKS,487 pkgs. joinery,W. R. Cross & Sons,27,5,1889,1,6,1889,True,"27 Thorsten -Gothenburg-445 doors, 109 pkgs. turned wood-J. W. King & Co. ; 192 pkgs. turned wood-Maxime & Co. ; 192 pkgs. joinery-W. Sandell & Co. ; 487 pkgs. joinery-W. R. Cross & Sons ; 342 bdls. joinery-Foy, Morgan, & Co."
18890601p.537_p002.txt,102,Thorsten,Gothenburg,MILLWALL DOCKS,342 bdls. joinery,"Foy, Morgan, & Co.",27,5,1889,1,6,1889,True,"27 Thorsten -Gothenburg-445 doors, 109 pkgs. turned wood-J. W. King & Co. ; 192 pkgs. turned wood-Maxime & Co. ; 192 pkgs. joinery-W. Sandell & Co. ; 487 pkgs. joinery-W. R. Cross & Sons ; 342 bdls. joinery-Foy, Morgan, & Co."
18890601p.537_p002.txt,107,Craiglands,Riga,REGENT'S CANAL DOCKS,"31,907 deals and battens",Order,29,5,1889,1,6,1889,True,"May 29 Craiglands -Riga-31,907 deals and battens-Order"
18890601p.537_p002.txt,109,Reiher,Bremen,ST. KATHERINE'S DOCKS,"2,276 beech planks",Order,24,5,1889,1,6,1889,True,"May 24 Reiher -Bremen-2,276 beech planks-Order"
18890601p.537_p002.txt,111,Hipparchus,New York,VICTORIA DOCKS,"28 bdls., 200 pcs., 10,000 sq. ft. squares lumber, 3,030 squares, 1,123 boards, 2,002 no. staves",ash-H. Herrmann,27,5,1889,1,6,1889,True,"May 27 Hipparchus -New York-28 bdls., 200 pcs., 10,000 sq. ft. squares lumber, 3,030 squares, 1,123 boards, 2,002 no. staves-ash-H. Herrmann ; 2,002 no. staves-Churchill & Sim ; 1,600 doors, 2,085 bdls. staves, 453 bdls. hoops-Order"
18890601p.537_p002.txt,111,Hipparchus,New York,VICTORIA DOCKS,"2,002 no. staves",Churchill & Sim,27,5,1889,1,6,1889,True,"May 27 Hipparchus -New York-28 bdls., 200 pcs., 10,000 sq. ft. squares lumber, 3,030 squares, 1,123 boards, 2,002 no. staves-ash-H. Herrmann ; 2,002 no. staves-Churchill & Sim ; 1,600 doors, 2,085 bdls. staves, 453 bdls. hoops-Order"
18890601p.537_p002.txt,111,Hipparchus,New York,VICTORIA DOCKS,"1,600 doors, 2,085 bdls. staves, 453 bdls. hoops",Order,27,5,1889,1,6,1889,True,"May 27 Hipparchus -New York-28 bdls., 200 pcs., 10,000 sq. ft. squares lumber, 3,030 squares, 1,123 boards, 2,002 no. staves-ash-H. Herrmann ; 2,002 no. staves-Churchill & Sim ; 1,600 doors, 2,085 bdls. staves, 453 bdls. hoops-Order"
18890601p.537_p002.txt,112,Durham City,Boston,VICTORIA DOCKS,"6,777 pcs. lumber",Order,28,5,1889,1,6,1889,True,"28 Durham City -Boston-6,777 pcs. lumber-Order"
18890601p.537_p002.txt,114,Tempo,Danzig,ST. GEORGE'S WHARF,"10,721 sleeper blocks, 1,000 sleeper blocks",Order,28,5,1889,1,6,1889,True,"May 28 Tempo -Danzig-10,721 sleeper blocks, 1,000 sleeper blocks-Order"
18890601p.537_p002.txt,116,Monica,Ljusne,TEMPLE PIER WHARF,"20,399 deals and battens",Order,29,5,1889,1,6,1889,True,"May 29 Monica -Ljusne-20,399 deals and battens-Order"
18890601p.537_p002.txt,118,Queen,Drammen,NORTHFLEET,"847,420 staves","Duns, Brown, & Co.",23,5,1889,1,6,1889,False,"May 23 Queen-Drammen-847,420 staves-Duns, Brown, & Co. ; 1,200 doz. boards-Master"
18890601p.537_p002.txt,118,Queen,Drammen,NORTHFLEET,"1,200 doz. boards",Master,23,5,1889,1,6,1889,False,"May 23 Queen-Drammen-847,420 staves-Duns, Brown, & Co. ; 1,200 doz. boards-Master"
18890601p.537_p002.txt,120,Ihn & Sohn,Danzig,QUEENBOROUGH,"733 pcs. timber, 210 crossings",Crundall & Co.,28,5,1889,1,6,1889,False,"May 28 Ihn & Sohn-Danzig-733 pcs. timber, 210 crossings-Crundall & Co."
18890601p.537_p002.txt,123,Jenny,Danzig,OTHER DOCKS,783 scantlings,"R. Wade, Sons, & Co.",23,5,1889,1,6,1889,True,"May 23 Jenny -Danzig-783 scantlings-R. Wade, Sons, & Co. ; 664 pcs. timber-Order"
18890601p.537_p002.txt,123,Jenny,Danzig,OTHER DOCKS,664 pcs. timber,Order,23,5,1889,1,6,1889,True,"May 23 Jenny -Danzig-783 scantlings-R. Wade, Sons, & Co. ; 664 pcs. timber-Order"
18890601p.537_p002.txt,124,Ida,Danzig,OTHER DOCKS,"1,375 scantlings",Wade,27,5,1889,1,6,1889,True,"27 Ida -Danzig-1,375 scantlings-Wade"
18890601p.537_p002.txt,128,Julien Marie,Nantes,LLANELLY,165 lds. pitwood,"Nevill, Druce, & Co.",27,5,1889,1,6,1889,False,"May 27 Julien Marie-Nantes-165 lds. pitwood-Nevill, Druce, & Co."
18890601p.537_p002.txt,130,Sinloo,Riga,LOWESTOFT,"10,823 sleeper blocks, 1,021 half",sleepers-Burt & Boulton,22,5,1889,1,6,1889,False,"May 22 Sinloo-Riga-10,823 sleeper blocks, 1,021 half-sleepers-Burt & Boulton"
18890601p.537_p002.txt,131,Betty,Drammen,LOWESTOFT,2 lds. firewood,Hansen,24,5,1889,1,6,1889,False,24 Betty-Drammen-2 lds. firewood-Hansen
18890601p.537_p002.txt,132,Bertha Alwine,Memel,LOWESTOFT,"890 pcs. hewn fir, 246 pcs. sawn fir",Great Eastern Railway Co.,27,5,1889,1,6,1889,False,"27 Bertha Alwine-Memel-890 pcs. hewn fir, 246 pcs. sawn fir-Great Eastern Railway Co."
18890601p.537_p002.txt,134,Rydal Water,Pensacola,MIDDLESBROUGH,"2,597 pcs. sawn fir, 1,283 deals",Owners Middlesbrough Estate,27,5,1889,1,6,1889,False,"May 27 Rydal Water-Pensacola-2,597 pcs. sawn fir, 1,283 deals-Owners Middlesbrough Estate"
18890601p.537_p002.txt,136,Fratello Mazzole,Pensacola,NEWPORT,"941 pcs. sawn fir, 404 deals","Price, Walker, & Co.",21,5,1889,1,6,1889,False,"May 21 Fratello Mazzole-Pensacola-941 pcs. sawn fir, 404 deals-Price, Walker, & Co."
18890601p.537_p002.txt,138,Aigrette,Hennebont,NEWPORT,200 lds. pitwood,Budd & Co.,22,5,1889,1,6,1889,False,22 Aigrette-Hennebont-200 lds. pitwood-Budd & Co.
18890601p.537_p002.txt,139,N. D. de' Beleau,Concarneau,NEWPORT,99 lds. pitwood,Alfred H. Tapson & Co.,27,5,1889,1,6,1889,False,27 N. D. de' Beleau-Concarneau-99 lds. pitwood-Alfred H. Tapson & Co.
18890601p.537_p002.txt,142,Ihn & Sohn,Danzig,QUEENBOROUGH,"733 pcs. hewn fir, 210 crossings",W. Crundall & Co.,27,5,1889,1,6,1889,False,"May 27 Ihn & Sohn-Danzig-733 pcs. hewn fir, 210 crossings-W. Crundall & Co."
18890601p.537_p002.txt,144,Louise Bache,Danzig,ROCHESTER,"192 pcs. hewn fir, scantlings",P. H. Rehtz & Co.,27,5,1889,1,6,1889,False,"May 27 Louise Bache-Danzig-192 pcs. hewn fir, scantlings-P. H. Rehtz & Co. ; 847 pcs. hewn fir-The Baltic Saw-mills Co."
18890601p.537_p002.txt,144,Louise Bache,Danzig,ROCHESTER,847 pcs. hewn fir,The Baltic Saw-mills Co.,27,5,1889,1,6,1889,False,"May 27 Louise Bache-Danzig-192 pcs. hewn fir, scantlings-P. H. Rehtz & Co. ; 847 pcs. hewn fir-The Baltic Saw-mills Co."
18890601p.537_p002.txt,147,Richard Cobden,Gothenburg,SOUTHAMPTON,"37,586 pcs. sawn fir","Tagart, Morgan, & Co.",22,5,1889,1,6,1889,False,"May 22 Richard Cobden-Gothenburg-37,586 pcs. sawn fir-Tagart, Morgan, & Co."
18890601p.537_p002.txt,148,Johann Friedrich,Danzig,SOUTHAMPTON,"511 pcs. hewn fir, 345 pcs. sawn fir",T. Gabriel & Sons,24,5,1889,1,6,1889,False,"24 Johann Friedrich-Danzig-511 pcs. hewn fir, 345 pcs. sawn fir-T. Gabriel & Sons"
18890601p.537_p002.txt,149,William Hunter,Hudikswall,SOUTHAMPTON,"40,092 pcs. sawn fir",Elliott & Sons,27,5,1889,1,6,1889,False,"27 William Hunter-Hudikswall-40,092 pcs. sawn fir-Elliott & Sons"
18890601p.537_p002.txt,151,Wik,Fredrikshald,SUNDERLAND,"5,015 fir sleepers",Rayner & Moller,21,5,1889,1,6,1889,False,"May 21 Wik-Fredrikshald-5,015 fir sleepers-Rayner & Moller"
18890601p.537_p002.txt,153,Ture,Figeholm,SUNDERLAND,592 lds. pit props,"Mitshel, Johansen",24,5,1889,1,6,1889,False,"24 Ture-Figeholm-592 lds. pit props-Mitshel, Johansen ; 8,111 lds. pit props-Pedersen"
18890601p.537_p002.txt,153,Ture,Figeholm,SUNDERLAND,"8,111 lds. pit props",Pedersen,24,5,1889,1,6,1889,False,"24 Ture-Figeholm-592 lds. pit props-Mitshel, Johansen ; 8,111 lds. pit props-Pedersen"
18890601p.537_p002.txt,154,General Lieutenant von Witzleben,Memel,SUNDERLAND,"4,726 fir deals, 40 pcs. hewn fir",J. Thompson & Co.,27,5,1889,1,6,1889,False,"27 General Lieutenant von Witzleben-Memel-4,726 fir deals, 40 pcs. hewn fir-J. Thompson & Co."
18890601p.537_p002.txt,160,Marie Emelie,Landerneau,SWANSEA,125 lds. pitwood,"Powley, Thomas, & Co.",22,5,1889,1,6,1889,False,"May 22 Marie Emelie-Landerneau-125 lds. pitwood-Powley, Thomas, & Co."
18890601p.537_p002.txt,161,Francois,Landerneau,SWANSEA,125 lds. pitwood,William Davis & Co.,27,5,1889,1,6,1889,False,27 Francois-Landerneau-125 lds. pitwood-William Davis & Co.
18890601p.537_p002.txt,163,Ella,Skien,TYNE,"46,380 deals",Order,22,5,1889,1,6,1889,False,"May 22 Ella-Skien-46,380 deals-Order"
18890601p.537_p002.txt,167,Schump zu Tulle,Gothenburg,TYNE,"1,822 props",G. & N. Wright (Blyth),21,5,1889,1,6,1889,False,"21 Schump zu Tulle-Gothenburg-1,822 props-G. & N. Wright (Blyth)"
18890601p.537_p002.txt,168,John Ormston,Hamburg,TYNE,"1,196 bdls. hoops",Order,24,5,1889,1,6,1889,True,"24 John Ormston -Hamburg-1,196 bdls. hoops-Order"
18890601p.537_p002.txt,174,Penelope,Uddevalla,WEST HARTLEPOOL,"38,000 pit props",Order,27,5,1889,1,6,1889,False,"27 Penelope-Uddevalla-38,000 pit props-Order"
18890601p.537_p002.txt,186,Delphin,Krageroe,WEST HARTLEPOOL,"7,232 props",Order,28,5,1889,1,6,1889,False,"28 Delphin-Krageroe-7,232 props-Order"
18890601p.537_p002.txt,192,Dacopo,Fredrikstad,WHITBY,"16,873 fir battens, 84 lds. fir",Charles Smales,21,5,1889,1,6,1889,False,"May 21 Dacopo-Fredrikstad-16,873 fir battens, 84 lds. fir-Charles Smales"
18890601p.537_p002.txt,194,Figaro,Carlscrona,YARMOUTH,"9,322 battens",Thoma & Saul & Son,21,5,1889,1,6,1889,False,"May 21 Figaro-Carlscrona-9,322 battens-Thoma & Saul & Son"
18890601p.537_p002.txt,196,Telefon,Memel,YARMOUTH,"6,742 fir deals",Order,27,5,1889,1,6,1889,False,"27 Telefon-Memel-6,742 fir deals-Order"
18890601p.537_p002.txt,201,Andes,"St. John, N.B.",BELFAST,"23,635 spruce ends",John Browne & Co.,23,5,1889,1,6,1889,False,"May 23 Andes-St. John, N.B.-23,635 spruce ends-John Browne & Co."
18890601p.537_p002.txt,204,Lord Damshire,"St. John, N.B.",BELFAST,"6,800 deals",James P. Corry & Co.,24,5,1889,1,6,1889,False,"24 Lord Damshire-St. John, N.B.-6,800 deals-James P. Corry & Co."
18890601p.537_p002.txt,206,Schiller,Memel,DUBLIN,482 logs hewn oak,Short Bros.,23,5,1889,1,6,1889,False,May 23 Schiller-Memel-482 logs hewn oak-Short Bros.
18890601p.537_p002.txt,208,Belle of Dunquerke,Riga,DUNDALK,"9,605 logs sawn fir",Patrick Jennings & Co.,20,5,1889,1,6,1889,False,"May 20 Belle of Dunquerke-Riga-9,605 logs sawn fir-Patrick Jennings & Co."
18890601p.537_p002.txt,212,Culdoon,"St. John, N.B.",SLIGO,"13,883 deals sawn fir",O'Connor & Cullen,24,5,1889,1,6,1889,False,"May 24 Culdoon-St. John, N.B.-13,883 deals sawn fir-O'Connor & Cullen"
18890608p.4_p002.txt,4,Gazelle,Christiania,KIRKCALDY,"14,328 pit props",Wemyss Coal & Iron Co.,27,5,1889,8,6,1889,False,"May 27 Gazelle-Christiania-14,328 pit props-Wemyss Coal & Iron Co."
18890608p.4_p002.txt,5,Gazelle,Westerwik,KIRKCALDY,"7,693 pit props",J. Budge,27,5,1889,8,6,1889,False,"May 27 Gazelle-Westerwik-7,693 pit props-J. Budge"
18890608p.4_p002.txt,7,Rebecca,Danzig,LEITH,"1,064 pcs. pitwood",J. Garland & Roger,28,5,1889,8,6,1889,False,"May 28 Rebecca-Danzig-1,064 pcs. pitwood-J. Garland & Roger"
18890608p.4_p002.txt,8,Katharina,Abo,LEITH,"1,900 battens, 210 lds. firewood",F. W. Brickman & Co.,28,5,1889,8,6,1889,False,"May 28 Katharina-Abo-1,900 battens, 210 lds. firewood-F. W. Brickman & Co."
18890608p.4_p002.txt,9,Olga,Pensacola,LEITH,"1,051 pcs. sawn pitch pine, 487 deals","Park, Dobson, & Co.",28,5,1889,8,6,1889,False,"May 28 Olga-Pensacola-1,051 pcs. sawn pitch pine, 487 deals-Park, Dobson, & Co."
18890608p.4_p002.txt,10,Starley,Royhall,LEITH,Bordeaux,5 lds. hoops-Aitken,30,5,1889,8,6,1889,False,May 30 Starley-Royhall-Bordeaux-5 lds. hoops-Aitken
18890608p.4_p002.txt,11,Britannia,Rotterdam,LEITH,500 bdls. hoops,Gibson & Co.,31,5,1889,8,6,1889,False,May 31 Britannia-Rotterdam - 500 bdls. hoops-Gibson & Co.
18890608p.4_p002.txt,12,Derwent,Fiume,LEITH,49 oak logs,La Cour,1,6,1889,8,6,1889,True,June 1 Derwent -Fiume-49 oak logs-La Cour
18890608p.4_p002.txt,13,Rebecca,Danzig,LEITH,"8,967 staves, 47 deals and battens",Thomson & Co.,3,6,1889,8,6,1889,False,"June 3 Rebecca-Danzig-8,967 staves, 47 deals and battens-Thomson & Co."
18890608p.4_p002.txt,14,Venus,Reval,LEITH,"1,950 pcs. lathwood",Thomson,1,6,1889,8,6,1889,False,"June 1 Venus-Reval-1,950 pcs. lathwood-Thomson"
18890608p.4_p002.txt,15,Primus,Drammen,LEITH,261 lds. firewood,Forsyth & Rex,3,6,1889,8,6,1889,False,June 3 Primus-Drammen-261 lds. firewood-Forsyth & Rex
18890608p.4_p002.txt,16,J. Martin,Hommelvik,LEITH,"181 lds. firewood, 3,892 deals and battens",M. J. Ellingsen,3,6,1889,8,6,1889,False,"June 3 J. Martin-Hommelvik-181 lds. firewood, 3,892 deals and battens-M. J. Ellingsen"
18890608p.4_p002.txt,17,Amalie,Rotterdam,LEITH,20 bdls. hoops Gibson & Co.,,3,6,1889,8,6,1889,False,June 3 Amalie-Rotterdam-20 bdls. hoops Gibson & Co.
18890608p.4_p002.txt,19,Pan,Drammen,GRANTON,"440,460 staves, 44 lds. firewood",Hutchison & Co.,29,5,1889,8,6,1889,False,"May 29 Pan-Drammen-440,460 staves, 44 lds. firewood-Hutchison & Co."
18890608p.4_p002.txt,20,Proven,Krageroe,GRANTON,"2,406 hewn fir props",M. J. Ellingsen,3,6,1889,8,6,1889,False,"June 3 Proven-Krageroe-2,406 hewn fir props-M. J. Ellingsen"
18890608p.4_p002.txt,22,Arecibo,Pensacola,GREENOCK,"2,615 pcs. sawn pp. timber, 1,954 pcs. pp. lumber",Dunn,29,5,1889,8,6,1889,False,"May 29 Arecibo-Pensacola-2,615 pcs. sawn pp. timber, 1,954 pcs. pp. lumber-Dunn"
18890608p.4_p002.txt,23,Rosalind,Sundswall,GREENOCK,"21,127 pcs. timber",J. McLean & Co.,3,6,1889,8,6,1889,False,"June 3 Rosalind-Sundswall-21,127 pcs. timber-J. McLean & Co."
18890608p.4_p002.txt,25,Garry,Riga,MONTROSE,"2,339 pcs. lathwood","Paton, Low & Co.",27,5,1889,8,6,1889,True,"May 27 Garry -Riga-2,339 pcs. lathwood-Paton, Low & Co."
18890608p.4_p002.txt,26,Lochnagar,Christiansand,MONTROSE,"75,000 birch staves",J. Johnston & Sons,29,5,1889,8,6,1889,False,"May 29 Lochnagar-Christiansand-75,000 birch staves-J. Johnston & Sons"
18890608p.4_p002.txt,27,Alacrity,Hernösand,MONTROSE,"38,568 fir battens",J. Millar & Sons,31,5,1889,8,6,1889,True,"May 31 Alacrity -Hernösand-38,568 fir battens-J. Millar & Sons"
18890608p.4_p002.txt,29,Haabet,Christiansand,PETERHEAD,"60,000 birch staves",Leask & Co.,29,5,1889,8,6,1889,False,"May 29 Haabet-Christiansand-60,000 birch staves-Leask & Co."
18890608p.4_p002.txt,31,Concordia,"Halifax, N.S.",TROON,"9,146 deals and ends",Jno. Wright & Son,31,5,1889,8,6,1889,False,"May 31 Concordia-Halifax, N.S.-9,146 deals and ends-Jno. Wright & Son"
18890608p.4_p002.txt,33,Raphael,Christiansand,WICK,"82,500 staves, 3 lds. sawn fir",J. G. Duncan,27,5,1889,8,6,1889,False,"May 27 Raphael-Christiansand-82,500 staves, 3 lds. sawn fir-J. G. Duncan"
18890615p.5_p001.txt,39,Almo Oscarshamn,"19,057 pit props",ALLOA,Jas. MacNiven & Borck,,4,6,1889,15,6,1889,False,"June 4 Almo Oscarshamn-19,057 pit props-Jas. MacNiven & Borck"
18890615p.5_p001.txt,42,Elisabeth,Christiania,ALLOA,"7,003 pit props",J. L. Johanson & Co.,6,6,1889,15,6,1889,False,"6 Elisabeth-Christiania-7,003 pit props-J. L. Johanson & Co."
18890615p.5_p001.txt,43,Rugnhild,Gothenburg,ALLOA,"24,337 pit props",Madsen & Borck,7,6,1889,15,6,1889,False,"7 Rugnhild-Gothenburg - 24,337 pit props-Madsen & Borck"
18890615p.5_p001.txt,46,Alliance,Stockholm,ALLOA,"13,571 pit props",Madsen,8,6,1889,15,6,1889,False,"8 Alliance-Stockholm-13,571 pit props-Madsen"
18890615p.5_p001.txt,51,Loch Ness,Riga,ARBROATH,"631 pcs. hewn fir, 2,385 pcs. firewood",Arbroath Saw-mill Co.,10,6,1889,15,6,1889,True,"June 10 Loch Ness -Riga-631 pcs. hewn fir, 2,385 pcs. firewood-Arbroath Saw-mill Co."
18890615p.5_p001.txt,53,Hungarian,Riga,ARDROSSAN,"10,264 sleeper blocks, 11,319 sleepers",Christie & Co.,7,6,1889,15,6,1889,True,"June 7 Hungarian -Riga-10,264 sleeper blocks, 11,319 sleepers-Christie & Co."
18890615p.5_p001.txt,55,Asta,Warberg,BORROWSTOUNNESS,"10,092 pcs. pitwood",John Denholm & Co.,4,6,1889,15,6,1889,False,"June 4 Asta-Warberg-10,092 pcs. pitwood-John Denholm & Co."
18890615p.5_p001.txt,59,Helene,Krageroe,BORROWSTOUNNESS,"6,907 pcs. pitwood",John Denholm & Co.,6,6,1889,15,6,1889,False,"6 Helene-Krageroe-6,907 pcs. pitwood-John Denholm & Co."
18890615p.5_p001.txt,74,Kitel Motzfeldt,Christiansand,"""PATON,"" AYR","12,983 pcs. hewn fir",Love & Stewart,7,6,1889,15,6,1889,False,"7 Kitel Motzfeldt-Christiansand-12,983 pcs. hewn fir-Love & Stewart"
18890615p.5_p001.txt,78,Ellida,Libau,"""PATON,"" AYR","8,561 props",Order,8,6,1889,15,6,1889,False,"8 Ellida-Libau-8,561 props-Order"
18890615p.5_p001.txt,80,Emma Sofia,Halmstad,"""PATON,"" AYR","22,489 props","J. S. Dymock, Smith, & Co.",10,6,1889,15,6,1889,False,"10 Emma Sofia-Halmstad-22,489 props-J. S. Dymock, Smith, & Co."
18890615p.5_p001.txt,88,Elisabeth,Danzig,DUNDEE,216 pcs. hewn oak,Hondsborth & Co.,4,6,1889,15,6,1889,False,June 4 Elisabeth-Danzig-216 pcs. hewn oak-Hondsborth & Co.
18890615p.5_p001.txt,89,Dean,Cronstadt,DUNDEE,932 pcs. lathwood,J. Jessiman,6,6,1889,15,6,1889,False,"6 Dean-Cronstadt-932 pcs. lathwood-J. Jessiman ; 1,911 deals-Fleming & Barry ; 60 lds. firewood-Jas. Saddler ; 6,853 fir battens-Bell & Sime"
18890615p.5_p001.txt,89,Dean,Cronstadt,DUNDEE,"1,911 deals",Fleming & Barry,6,6,1889,15,6,1889,False,"6 Dean-Cronstadt-932 pcs. lathwood-J. Jessiman ; 1,911 deals-Fleming & Barry ; 60 lds. firewood-Jas. Saddler ; 6,853 fir battens-Bell & Sime"
18890615p.5_p001.txt,89,Dean,Cronstadt,DUNDEE,60 lds. firewood,Jas. Saddler,6,6,1889,15,6,1889,False,"6 Dean-Cronstadt-932 pcs. lathwood-J. Jessiman ; 1,911 deals-Fleming & Barry ; 60 lds. firewood-Jas. Saddler ; 6,853 fir battens-Bell & Sime"
18890615p.5_p001.txt,89,Dean,Cronstadt,DUNDEE,"6,853 fir battens",Bell & Sime,6,6,1889,15,6,1889,False,"6 Dean-Cronstadt-932 pcs. lathwood-J. Jessiman ; 1,911 deals-Fleming & Barry ; 60 lds. firewood-Jas. Saddler ; 6,853 fir battens-Bell & Sime"
18890615p.5_p001.txt,90,Joseph,Marieberg,DUNDEE,"27,002 deals and battens",Bell & Sime,8,6,1889,15,6,1889,False,"8 Joseph-Marieberg-27,002 deals and battens-Bell & Sime"
18890615p.5_p001.txt,93,Buenos Ayrean,"Quebec and Montreal 11,144 deals",GLASGOW,"Singleton, Dunn, & Co.",,4,6,1889,15,6,1889,False,"June 4 Buenos Ayrean-Quebec and Montreal 11,144 deals-Singleton, Dunn, & Co. ; 1,974 deals-Brownlee & Co."
18890615p.5_p001.txt,93,Buenos Ayrean,"Quebec and Montreal 11,144 deals",GLASGOW,"1,974 deals",Brownlee & Co.,4,6,1889,15,6,1889,False,"June 4 Buenos Ayrean-Quebec and Montreal 11,144 deals-Singleton, Dunn, & Co. ; 1,974 deals-Brownlee & Co."
18890622p.4_p002.txt,5,[?],Riga,ALLOA,"7,730 props",A. Wallace,11,6,1889,22,6,1889,False,"June 11 [?]-Riga-7,730 props-A. Wallace"
18890622p.4_p002.txt,6,[?],Sundsvall,ALLOA,"13,924 props",Doni-,12,6,1889,22,6,1889,False,"12 [?]-Sundsvall-13,924 props-Doni-"
18890622p.4_p002.txt,8,[?],Riga,BO'NESS,"7,475 deals and battens",J. T. Salvesen,11,6,1889,22,6,1889,False,"June 11 [?]-Riga-7,475 deals and battens-J. T. Salvesen"
18890622p.4_p002.txt,9,[?],Riga,BO'NESS,"11,729 props",Kennedy & Co.,12,6,1889,22,6,1889,False,"12 [?]-Riga-11,729 props-Kennedy & Co."
18890622p.4_p002.txt,10,[?],Riga,BO'NESS,"11,729 props",Kennedy & Co.,13,6,1889,22,6,1889,False,"13 [?]-Riga-11,729 props-Kennedy & Co."
18890622p.4_p002.txt,12,[?],Sundsvall,GRANGEMOUTH,"1,804 pcs. hewn fir, 370 pcs. sawn fir",Rankine & Co.,11,6,1889,22,6,1889,False,"June 11 [?]-Sundsvall-1,804 pcs. hewn fir, 370 pcs. sawn fir-Rankine & Co."
18890622p.4_p002.txt,14,[?],Westerwik,GLASGOW,"23,538 props",Kennedy & Co.,11,6,1889,22,6,1889,False,"June 11 [?]-Westerwik-23,538 props-Kennedy & Co."
18890622p.4_p002.txt,15,[?],Riga,GLASGOW,"15,083 props",Stevenson,12,6,1889,22,6,1889,False,"12 [?]-Riga-15,083 props-Stevenson"
18890622p.4_p002.txt,16,[?],Riga,GLASGOW,"11,727 pcs. hewn fir, 24,062 props",J. & A. Stewart,13,6,1889,22,6,1889,False,"13 [?]-Riga-11,727 pcs. hewn fir, 24,062 props-J. & A. Stewart"
18890622p.4_p002.txt,17,[?],Riga,GLASGOW,"12,000 props",Denholm,14,6,1889,22,6,1889,False,"14 [?]-Riga-12,000 props-Denholm"
18890622p.4_p002.txt,18,[?],Riga,GLASGOW,"10,000 battens and deals",Balfour,15,6,1889,22,6,1889,False,"15 [?]-Riga-10,000 battens and deals-Balfour"
18890622p.4_p002.txt,19,[?],Riga,GLASGOW,"7,360 pcs. pitwood",J. Kennedy & Co.,17,6,1889,22,6,1889,False,"17 [?]-Riga-7,360 pcs. pitwood-J. Kennedy & Co."
18890622p.4_p002.txt,20,[?],Riga,GLASGOW,"12,484 pcs. pitwood",J. Kennedy & Co.,18,6,1889,22,6,1889,False,"18 [?]-Riga-12,484 pcs. pitwood-J. Kennedy & Co."
18890622p.4_p002.txt,22,[?],Mobile,GREENOCK,"4,925 pcs. lathwood",Edmiston & Mitchells,11,6,1889,22,6,1889,False,"June 11 [?]-Mobile-4,925 pcs. lathwood-Edmiston & Mitchells"
18890622p.4_p002.txt,24,[?],Pensacola,ARDROSSAN,"1,375 pcs. sawn pine, 1,089 pcs. m. pine, 3,894 pcs. m. pine",R. L. Alpine & Co.,11,6,1889,22,6,1889,False,"June 11 [?]-Pensacola-1,375 pcs. sawn pine, 1,089 pcs. m. pine, 3,894 pcs. m. pine-R. L. Alpine & Co."
18890622p.4_p002.txt,25,[?],Mobile,ARDROSSAN,"1,885 pcs. oak lumber",Order,12,6,1889,22,6,1889,False,"12 [?]-Mobile-1,885 pcs. oak lumber-Order"
18890622p.4_p002.txt,26,[?],New York,ARDROSSAN,"12 cs. woodware, 580 bkhd. staves",Order,13,6,1889,22,6,1889,False,"13 [?]-New York-12 cs. woodware, 580 bkhd. staves-Order"
18890622p.4_p002.txt,27,[?],New York,ARDROSSAN,234 pkgs. wood,manufacturing Co.,14,6,1889,22,6,1889,False,"14 [?]-New York-234 pkgs. wood-manufacturing Co. ; 4,816 pcs. oak staves-R. Hamilton & Co. ; 1,000 pcs. oak logs-Order"
18890622p.4_p002.txt,27,[?],New York,ARDROSSAN,"4,816 pcs. oak staves",R. Hamilton & Co.,14,6,1889,22,6,1889,False,"14 [?]-New York-234 pkgs. wood-manufacturing Co. ; 4,816 pcs. oak staves-R. Hamilton & Co. ; 1,000 pcs. oak logs-Order"
18890622p.4_p002.txt,27,[?],New York,ARDROSSAN,"1,000 pcs. oak logs",Order,14,6,1889,22,6,1889,False,"14 [?]-New York-234 pkgs. wood-manufacturing Co. ; 4,816 pcs. oak staves-R. Hamilton & Co. ; 1,000 pcs. oak logs-Order"
18890622p.4_p002.txt,29,[?],Drontheim,IRVINE,"12,760 deals and battens",Edmiston & Mitchells,11,6,1889,22,6,1889,False,"June 11 [?]-Drontheim-12,760 deals and battens-Edmiston & Mitchells"
18890622p.4_p002.txt,31,[?],Drontheim,AYR,"4,825 bdls. box boards",P. & J. Wilkie,11,6,1889,22,6,1889,False,"June 11 [?]-Drontheim-4,825 bdls. box boards-P. & J. Wilkie"
18890622p.4_p002.txt,33,[?],Drontheim,TROON,"18,927 battens",Wilkie,11,6,1889,22,6,1889,False,"June 11 [?]-Drontheim-18,927 battens-Wilkie"
18890622p.4_p002.txt,34,[?],Drontheim,TROON,"604 deals, 30 stds. deals",Wilkie,12,6,1889,22,6,1889,False,"12 [?]-Drontheim-604 deals, 30 stds. deals-Wilkie"
18890622p.4_p002.txt,60,Emeline,Riga,GLASGOW,"8,780 deals and ends",McPherson & McLaren,12,6,1889,22,6,1889,False,"12 Emeline-Riga-8,780 deals and ends-McPherson & McLaren"
18890622p.4_p002.txt,61,Matwey,Narva,GLASGOW,"10,855 battens",J. Thomson,13,6,1889,22,6,1889,False,"13 Matwey-Narva-10,855 battens-J. Thomson"
18890622p.4_p002.txt,62,Palomares,Riga,GLASGOW,"12,320 sleeper blocks, 1,196 sleepers",W. Christie & Co.,14,6,1889,22,6,1889,False,"14 Palomares-Riga-12,320 sleeper blocks, 1,196 sleepers-W. Christie & Co."
18890622p.4_p002.txt,64,Suppicich,Pensacola,GRANTON,"1,572 pcs. pitch pine, 65 pcs. hewn pitch pine deals",Mitchell Thomson & Co.,11,6,1889,22,6,1889,False,"June 11 Suppicich-Pensacola-1,572 pcs. pitch pine, 65 pcs. hewn pitch pine deals-Mitchell Thomson & Co."
18890622p.4_p002.txt,65,Carl Hirschberg,Riga,GRANTON,"5,337 sleeper blocks, 1,260 round sleepers, 9,301 half",sleeper fir blocks-C. Salvesen,13,6,1889,22,6,1889,True,"13 Carl Hirschberg -Riga-5,337 sleeper blocks, 1,260 round sleepers, 9,301 half-sleeper fir blocks-C. Salvesen"
18890622p.4_p002.txt,66,Allegra,Risoer,GRANTON,"47,322 pit props",Madsden,13,6,1889,22,6,1889,False,"13 Allegra-Risoer-47,322 pit props-Madsden"
18890622p.4_p002.txt,68,Express,Stettin,KIRKCALDY,"801 pcs. hewn fir, 10 pcs. hewn oak",J. Donaldson & Son,11,6,1889,22,6,1889,False,"June 11 Express-Stettin-801 pcs. hewn fir, 10 pcs. hewn oak-J. Donaldson & Son"
18890622p.4_p002.txt,70,Alma,Abo,LEITH,"12,179 deals and battens",A. Garland & Roger,11,6,1889,22,6,1889,False,"June 11 Alma-Abo-12,179 deals and battens-A. Garland & Roger"
18890622p.4_p002.txt,71,Axel,Abo,LEITH,"20,116 battens",D. W. Beattie,12,6,1889,22,6,1889,False,"12 Axel-Abo-20,116 battens-D. W. Beattie"
18890622p.4_p002.txt,72,Joar,Oplo,LEITH,"3,777 deals and battens",W. N. Lindsay,13,6,1889,22,6,1889,False,"13 Joar-Oplo-3,777 deals and battens-W. N. Lindsay"
18890622p.4_p002.txt,74,Joar,Namsos,LEITH,7 lds. firewood,C. Salvesen,14,6,1889,22,6,1889,False,14 Joar-Namsos-7 lds. firewood-C. Salvesen
18890622p.4_p002.txt,75,Axel,Kinnito,LEITH,8 lds. firewood,M. Easson,15,6,1889,22,6,1889,False,15 Axel-Kinnito-8 lds. firewood-M. Easson
18890622p.4_p002.txt,76,Britannia,Rotterdam,LEITH,100 bdls. hoops,Gibson & Co.,17,6,1889,22,6,1889,False,17 Britannia-Rotterdam-100 bdls. hoops-Gibson & Co.
18890720p.4_p002.txt,4,Elvina,Sundswall,GRANGEMOUTH,"8,469 battens",Order,8,7,1889,20,7,1889,False,"July 8 Elvina-Sundswall-8,469 battens-Order"
18890720p.4_p002.txt,8,Faerder,Christiania,GRANGEMOUTH,"8,665 bdls. box boards",Order,9,7,1889,20,7,1889,False,"9 Faerder-Christiania-8,665 bdls. box boards-Order"
18890720p.4_p002.txt,9,Andreas Linnemann,Narva,GRANGEMOUTH,"6,760 deals and scantlings",J. T. Salvesen & Co.,11,7,1889,20,7,1889,False,"11 Andreas Linnemann-Narva-6,760 deals and scantlings-J. T. Salvesen & Co."
18890720p.4_p002.txt,17,Zephyr,Drammen,GRANTON,"394,070 staves, 47,831 pcs. pit",wood-C. Salvesen & Co.,11,7,1889,20,7,1889,False,"July 11 Zephyr-Drammen-394,070 staves, 47,831 pcs. pit-wood-C. Salvesen & Co."
18890720p.4_p002.txt,18,Athalia,Memel,GRANTON,"35,416 oak staves",Salvesen,12,7,1889,20,7,1889,False,"12 Athalia-Memel-35,416 oak staves-Salvesen"
18890720p.4_p002.txt,21,Kathleen,Brunswick,GREENOCK,"2,128 pcs. sawn timber, 77 pcs. hewn timber, 633 pcs. deals","Hunter, Sheriff, & Co.",9,7,1889,20,7,1889,False,"July 9 Kathleen-Brunswick-2,128 pcs. sawn timber, 77 pcs. hewn timber, 633 pcs. deals-Hunter, Sheriff, & Co."
18890720p.4_p002.txt,23,Industri,Sundswall,INVERNESS,"8,380 pcs. sawn fir",A. R. Watson & Co.,10,7,1889,20,7,1889,False,"July 10 Industri-Sundswall-8,380 pcs. sawn fir-A. R. Watson & Co."
18890720p.4_p002.txt,26,Gemsen,Holmestrand,KIRKCALDY,"18,698 props",Lochgelly Iron & Coal Co.,11,7,1889,20,7,1889,False,"July 11 Gemsen-Holmestrand-18,698 props-Lochgelly Iron & Coal Co."
18890720p.4_p002.txt,27,Azela,Riga,KIRKCALDY,"11,279 props",Lochgelly Iron & Coal Co.,13,7,1889,20,7,1889,False,"13 Azela-Riga-11,279 props-Lochgelly Iron & Coal Co."
18890720p.4_p002.txt,30,Jason,Cronstadt,MONTROSE,"73,514 battens and boards",R. Millar & Sons,11,7,1889,20,7,1889,False,"July 11 Jason-Cronstadt-73,514 battens and boards-R. Millar & Sons"
18890720p.4_p002.txt,31,Eros,Rafso,MONTROSE,"27,382 fir battens and boards",R. Millar & Sons,12,7,1889,20,7,1889,False,"12 Eros-Rafso-27,382 fir battens and boards-R. Millar & Sons"
18890720p.4_p002.txt,32,Cherton,Cronstadt,MONTROSE,"48,968 deals, battens, and boards, 125 lds. firewood",R. Millar & Sons,13,7,1889,20,7,1889,True,"13 Cherton -Cronstadt-48,968 deals, battens, and boards, 125 lds. firewood-R. Millar & Sons"
18890720p.4_p002.txt,34,Fix,Sundswall,PETERHEAD,"9,770 fir sawn battens",C. Carnegie,10,7,1889,20,7,1889,False,"July 10 Fix-Sundswall-9,770 fir sawn battens-C. Carnegie"
18890720p.4_p002.txt,70,Antelope,Sundswall,LEITH,4 lds. firewood,F. W. Brickman & Co.,9,7,1889,20,7,1889,False,July 9 Antelope-Sundswall-4 lds. firewood-F. W. Brickman & Co.
18890720p.4_p002.txt,71,Dan,Sundswall,LEITH,"16,682 deals, battens, and boards",A. Garland & Roger,10,7,1889,20,7,1889,False,"10 Dan-Sundswall-16,682 deals, battens, and boards-A. Garland & Roger"
18890720p.4_p002.txt,76,Annette,Gothenburg,LEITH,"3,102 deals and battens",John Mitchell & Co.,11,7,1889,20,7,1889,False,"11 Annette-Gothenburg-3,102 deals and battens-John Mitchell & Co."
18890720p.4_p002.txt,78,Dan,Sundswall,LEITH,12 lds. firewood,Brickman,12,7,1889,20,7,1889,False,12 Dan-Sundswall-12 lds. firewood-Brickman
18890720p.4_p002.txt,81,Sophia,Gnarp,LEITH,4 lds firewood,F. Brickman,13,7,1889,20,7,1889,False,13 Sophia-Gnarp-4 lds firewood-F. Brickman
18890720p.4_p002.txt,82,Georg & Ludvig,Nyhamn,LEITH,"7,701 deals",Jas. Duncan & Co.,15,7,1889,20,7,1889,False,"15 Georg & Ludvig-Nyhamn-7,701 deals-Jas. Duncan & Co."
18890720p.4_p002.txt,85,Vigo,Fredrikstad,STORNOWAY,"60 lds. white wood battens, 247 lds. sawn fir",A. E. McKenzie,9,7,1889,20,7,1889,False,"July 9 Vigo-Fredrikstad-60 lds. white wood battens, 247 lds. sawn fir-A. E. McKenzie"
18890720p.4_p002.txt,87,Gondola,Riga,TROON,"29,934 half",sleepers-Alex. Bruce & Co.,11,7,1889,20,7,1889,True,"July 11 Gondola -Riga-29,934 half-sleepers-Alex. Bruce & Co."
18890727p.4_p002.txt,5,Exile,Riga,PETERHEAD,"1,007 pcs. hewn fir, 4,000 pcs. sawn fir",Brebner & Jenkins,17,7,1889,27,7,1889,False,"July 17 Exile-Riga-1,007 pcs. hewn fir, 4,000 pcs. sawn fir-Brebner & Jenkins"
18890727p.4_p002.txt,7,Africa,Pensacola,TROON,"1,493 pcs. sawn pitch pine",Brownlee & Co.,16,7,1889,27,7,1889,False,"July 16 Africa-Pensacola-1,493 pcs. sawn pitch pine-Brownlee & Co."
18890727p.4_p002.txt,8,Falken,"Campbellton, N.B.",TROON,"7,598 deals and ends, 284 deals",John Wright & Son,17,7,1889,27,7,1889,False,"17 Falken-Campbellton, N.B.-7,598 deals and ends, 284 deals-John Wright & Son"
18890727p.4_p002.txt,10,Active,Risoer,WICK,"60,000 birch staves, 3,000 pcs. hewn birch, 90 pcs. hewn fir",D. Sandison,16,7,1889,27,7,1889,False,"July 16 Active-Risoer-60,000 birch staves, 3,000 pcs. hewn birch, 90 pcs. hewn fir-D. Sandison"
18890803p.5_p002.txt,46,Sarmatian,Quebec & Montreal,DS,"5,650 deals","Singleton, Dunn, & Co.",26,8,1889,3,8,1889,False,"26 Sarmatian-Quebec & Montreal-5,650 deals-Singleton, Dunn, & Co."
18890803p.5_p002.txt,47,State of Nebraska,New York,DS,"41,634 pcs. walnut logs","Allison, Cousland, & Co",29,8,1889,3,8,1889,False,"29 State of Nebraska-New York-41,634 pcs. walnut logs-Allison, Cousland, & Co; 3,664 pkgs. wood-Singer Manufacturing Co."
18890803p.5_p002.txt,47,State of Nebraska,New York,DS,"3,664 pkgs. wood",Singer Manufacturing Co.,29,8,1889,3,8,1889,False,"29 State of Nebraska-New York-41,634 pcs. walnut logs-Allison, Cousland, & Co; 3,664 pkgs. wood-Singer Manufacturing Co."
18890803p.5_p002.txt,50,Harmonie,Bangkok,PORT GLASGOW,"540 squares, 952 planks teak timber",McDowall & Neilson,22,7,1889,3,8,1889,False,"July 22 Harmonie-Bangkok-540 squares, 952 planks teak timber-McDowall & Neilson"
18890803p.5_p002.txt,52,Prin,Riga,GRANTON,"9,694 sleeper blocks, 11,376 half",sleeper blocks-Salvesen & Co.,27,7,1889,3,8,1889,True,"July 27 Prin -Riga-9,694 sleeper blocks, 11,376 half-sleeper blocks-Salvesen & Co."
18890803p.5_p002.txt,53,Iris,Tvedestrand,GRANTON,"8,228 battens",Thomson & Co.,29,7,1889,3,8,1889,False,"29 Iris-Tvedestrand-8,228 battens-Thomson & Co."
18890803p.5_p002.txt,55,St. Olaf,Hommelvik,GRANGEMOUTH,"14,910 deals and battens",P. & J. Wilkie,22,7,1889,3,8,1889,False,"July 22 St. Olaf-Hommelvik-14,910 deals and battens-P. & J. Wilkie"
18890803p.5_p002.txt,59,Frida,Pensacola,GRANGEMOUTH,"1,347 pcs. sawn pitch pine timber, 434 pitch pine deals",J. Young,25,7,1889,3,8,1889,False,"25 Frida-Pensacola-1,347 pcs. sawn pitch pine timber, 434 pitch pine deals-J. Young"
18890803p.5_p002.txt,61,Courant,Quebec,GRANGEMOUTH,343 pcs. birch,Edmiston & Mitchells,26,7,1889,3,8,1889,False,"26 Courant-Quebec-343 pcs. birch-Edmiston & Mitchells; 91 pcs. oak, 112 pcs. red pine, 70 pcs. square white pine, 552 pcs. waney white pine, 4,021 spruce deals, 2,233 spruce deal ends, 147 pcs. waney white pine-McDowall & Neilson"
18890803p.5_p002.txt,61,Courant,Quebec,GRANGEMOUTH,"91 pcs. oak, 112 pcs. red pine, 70 pcs. square white pine, 552 pcs. waney white pine, 4,021 spruce deals, 2,233 spruce deal ends, 147 pcs. waney white pine",McDowall & Neilson,26,7,1889,3,8,1889,False,"26 Courant-Quebec-343 pcs. birch-Edmiston & Mitchells; 91 pcs. oak, 112 pcs. red pine, 70 pcs. square white pine, 552 pcs. waney white pine, 4,021 spruce deals, 2,233 spruce deal ends, 147 pcs. waney white pine-McDowall & Neilson"
18890803p.5_p002.txt,62,Rock City,Quebec,GRANGEMOUTH,"489 pcs. ash, 243 pcs. square white pine, 50 pcs. waney white pine, 150 pine deals, 2,561 spruce deals, 680 spruce deal ends",Allison & Co.,27,7,1889,3,8,1889,False,"27 Rock City-Quebec-489 pcs. ash, 243 pcs. square white pine, 50 pcs. waney white pine, 150 pine deals, 2,561 spruce deals, 680 spruce deal ends-Allison & Co."
18890803p.5_p002.txt,65,Wopke,Riga,INVERNESS,"405 pcs. hewn fir, 688 deals, 10 lds. firewood",Geo. Milne & Co.,22,7,1889,3,8,1889,False,"July 22 Wopke-Riga-405 pcs. hewn fir, 688 deals, 10 lds. firewood-Geo. Milne & Co."
18890803p.5_p002.txt,66,Olaf,Hernosand,INVERNESS,"12,049 pcs. sawn fir",A. R. Watson & Co.,23,7,1889,3,8,1889,False,"23 Olaf-Hernosand-12,049 pcs. sawn fir-A. R. Watson & Co."
18890803p.5_p002.txt,67,Safeid,Ornskjoldsvik,INVERNESS,"15,009 battens, 4 lds. firewood",Jas. Walker & Co.,25,7,1889,3,8,1889,False,"25 Safeid-Ornskjoldsvik-15,009 battens, 4 lds. firewood-Jas. Walker & Co."
18890803p.5_p002.txt,69,Bertha,Riga,KIRKCALDY,"4,186 deals",Anderson,23,7,1889,3,8,1889,False,"July 23 Bertha-Riga-4,186 deals-Anderson"
18890803p.5_p002.txt,71,Falken,Falkenberg,KIRKCALDY,"18,938 pit props",Fife Coal Co.,26,7,1889,3,8,1889,False,"26 Falken-Falkenberg-18,938 pit props-Fife Coal Co."
18890803p.5_p002.txt,108,Perle,Stettin,"MITCHELL THOMSON & CO.,","8 hewn oak logs, 751 pcs. sawn fir",J. Donaldson & Sons,27,7,1889,3,8,1889,False,"27 Perle-Stettin-8 hewn oak logs, 751 pcs. sawn fir-J. Donaldson & Sons"
18890803p.5_p002.txt,110,Moscow,Cronstadt,LEITH,"9,010 deals and battens, 600 fir rickers, 3,592 pcs. lathwood",Thomson & Co.,23,7,1889,3,8,1889,False,"July 23 Moscow-Cronstadt-9,010 deals and battens, 600 fir rickers, 3,592 pcs. lathwood-Thomson & Co."
18890803p.5_p002.txt,111,Ebba,Iggesund,LEITH,"7,932 deals and battens",J. Mitchell & Co.,24,7,1889,3,8,1889,False,"24 Ebba-Iggesund-7,932 deals and battens-J. Mitchell & Co."
18890803p.5_p002.txt,113,Hebe,Midal,LEITH,Narva,"5,030 pcs. sawn fir-Ferguson, Davidson, & Co.",25,7,1889,3,8,1889,False,"25 Hebe-Midal-Narva-5,030 pcs. sawn fir-Ferguson, Davidson, & Co."
18890803p.5_p002.txt,115,Amulet,Rotterdam,LEITH,"2,300 bdls. hoops",G. Gibson & Co.,26,7,1889,3,8,1889,False,"26 Amulet-Rotterdam-2,300 bdls. hoops-G. Gibson & Co."
18890803p.5_p002.txt,118,Antares,Gustafsberg,LEITH,"11,501 battens and ends","Park, Dobson, & Co.",27,7,1889,3,8,1889,False,"27 Antares-Gustafsberg-11,501 battens and ends-Park, Dobson, & Co."
18890803p.5_p002.txt,120,Amelia,Cronstadt,LEITH,"9,331 deals",Garland,29,7,1889,3,8,1889,False,"29 Amelia-Cronstadt-9,331 deals-Garland"
18890803p.5_p002.txt,129,Tantivy,Riga,LEITH,"7,687 deals and ends",McPherson & McLaren,26,7,1889,3,8,1889,False,"26 Tantivy-Riga-7,687 deals and ends-McPherson & McLaren"
18890803p.5_p002.txt,133,Ocean Mail,Cronstadt,LEITH,"10,980 battens",Whitehead & Sons,27,7,1889,3,8,1889,False,"27 Ocean Mail-Cronstadt-10,980 battens-Whitehead & Sons"
18890803p.5_p002.txt,137,Doris,Pensacola,GREENOCK,"2,830 logs sawn pitch pine",J. Kennedy & Co.,24,7,1889,3,8,1889,False,"July 24 Doris-Pensacola-2,830 logs sawn pitch pine-J. Kennedy & Co."
18890803p.5_p002.txt,140,Anita,Sundswall,MONTROSE,"21,303 fir battens and boards",Millar & Sons,23,7,1889,3,8,1889,False,"July 23 Anita-Sundswall-21,303 fir battens and boards-Millar & Sons"
18890803p.5_p002.txt,143,Esk Holme,Riga,TROON,"16,800 half",sleepers-A. Bruce & Co.,27,7,1889,3,8,1889,False,"July 27 Esk Holme-Riga-16,800 half-sleepers-A. Bruce & Co."
18890817p.147_p003.txt,7,Denmark,New York,ROYAL ALBERT DOCKS,qty. lumber,Churchill & Sim,12,8,1889,17,8,1889,True,"Aug. 12 Denmark -New York-qty. lumber-Churchill & Sim ; 197 pcs. lumber-J. Glipston ; 3,719 pcs. lumber, 23 cs. spokes-Order"
18890817p.147_p003.txt,7,Denmark,New York,ROYAL ALBERT DOCKS,197 pcs. lumber,J. Glipston,12,8,1889,17,8,1889,True,"Aug. 12 Denmark -New York-qty. lumber-Churchill & Sim ; 197 pcs. lumber-J. Glipston ; 3,719 pcs. lumber, 23 cs. spokes-Order"
18890817p.147_p003.txt,7,Denmark,New York,ROYAL ALBERT DOCKS,"3,719 pcs. lumber, 23 cs. spokes",Order,12,8,1889,17,8,1889,True,"Aug. 12 Denmark -New York-qty. lumber-Churchill & Sim ; 197 pcs. lumber-J. Glipston ; 3,719 pcs. lumber, 23 cs. spokes-Order"
18890817p.147_p003.txt,9,Maryland,Baltimore,TILBURY DOCKS,"10 oak logs, 1,109 pcs. lumber",Govan & Co.,10,8,1889,17,8,1889,True,"Aug. 10 Maryland -Baltimore-10 oak logs, 1,109 pcs. lumber-Govan & Co. ; 2 bxs. mouldings-Rigald & Bergman ; 7,056 pcs. lumber-Order"
18890817p.147_p003.txt,9,Maryland,Baltimore,TILBURY DOCKS,2 bxs. mouldings,Rigald & Bergman,10,8,1889,17,8,1889,True,"Aug. 10 Maryland -Baltimore-10 oak logs, 1,109 pcs. lumber-Govan & Co. ; 2 bxs. mouldings-Rigald & Bergman ; 7,056 pcs. lumber-Order"
18890817p.147_p003.txt,9,Maryland,Baltimore,TILBURY DOCKS,"7,056 pcs. lumber",Order,10,8,1889,17,8,1889,True,"Aug. 10 Maryland -Baltimore-10 oak logs, 1,109 pcs. lumber-Govan & Co. ; 2 bxs. mouldings-Rigald & Bergman ; 7,056 pcs. lumber-Order"
18890817p.147_p003.txt,11,Ravensheugh,New York,VICTORIA DOCKS,758 pcs. oak,Cobbett Bros.,12,8,1889,17,8,1889,True,"Aug. 12 Ravensheugh -New York-758 pcs. oak-Cobbett Bros. ; 2,909 staves, 10,926 pcs. poplar, oak, and walnut-Churchill & Sim ; 12 pcs., 2 logs ash-W. Mallinson ; 6,000 staves, 1,677 pcs. poplar-Order"
18890817p.147_p003.txt,11,Ravensheugh,New York,VICTORIA DOCKS,"2,909 staves, 10,926 pcs. poplar, oak, and walnut",Churchill & Sim,12,8,1889,17,8,1889,True,"Aug. 12 Ravensheugh -New York-758 pcs. oak-Cobbett Bros. ; 2,909 staves, 10,926 pcs. poplar, oak, and walnut-Churchill & Sim ; 12 pcs., 2 logs ash-W. Mallinson ; 6,000 staves, 1,677 pcs. poplar-Order"
18890817p.147_p003.txt,11,Ravensheugh,New York,VICTORIA DOCKS,"12 pcs., 2 logs ash",W. Mallinson,12,8,1889,17,8,1889,True,"Aug. 12 Ravensheugh -New York-758 pcs. oak-Cobbett Bros. ; 2,909 staves, 10,926 pcs. poplar, oak, and walnut-Churchill & Sim ; 12 pcs., 2 logs ash-W. Mallinson ; 6,000 staves, 1,677 pcs. poplar-Order"
18890817p.147_p003.txt,11,Ravensheugh,New York,VICTORIA DOCKS,"6,000 staves, 1,677 pcs. poplar",Order,12,8,1889,17,8,1889,True,"Aug. 12 Ravensheugh -New York-758 pcs. oak-Cobbett Bros. ; 2,909 staves, 10,926 pcs. poplar, oak, and walnut-Churchill & Sim ; 12 pcs., 2 logs ash-W. Mallinson ; 6,000 staves, 1,677 pcs. poplar-Order"
18890817p.147_p003.txt,13,Michigan,Montreal,VICTORIA DOCKS,"17,691 deals",Order,14,8,1889,17,8,1889,True,"14 Michigan -Montreal-17,691 deals-Order"
18890817p.147_p003.txt,15,Woodhorn,Riga,BURT'S WHARF,"1,200 half","sleepers, 9,647 sleeper blocks-Order",12,8,1889,17,8,1889,True,"Aug. 12 Woodhorn -Riga-1,200 half-sleepers, 9,647 sleeper blocks-Order"
18890817p.147_p003.txt,17,Annie Davies,Bremen,CHINNOCK WHARF,"1,977 planks, 78 lds. beechwood, 5 sks. broom handles",Order,12,8,1889,17,8,1889,False,"Aug. 12 Annie Davies-Bremen-1,977 planks, 78 lds. beechwood, 5 sks. broom handles-Order"
18890817p.147_p003.txt,19,Hebe,Fredrikstad,GREENHITHE,"990,572 staves",B. Petersen,13,8,1889,17,8,1889,False,"Aug. 13 Hebe-Fredrikstad-990,572 staves-B. Petersen"
18890817p.147_p003.txt,21,Marie,Bjorneborg,NORTHFLEET,"549,890 fir staves","Duus, Brown, & Co.",9,8,1889,17,8,1889,False,"Aug. 9 Marie-Bjorneborg-549,890 fir staves-Duus, Brown, & Co."
18890817p.147_p003.txt,22,Hamlet,St. Petersburg,NORTHFLEET,"3,851 deal ends, 245,252 staves","Duus, Brown, & Co.",14,8,1889,17,8,1889,True,"14 Hamlet -St. Petersburg-3,851 deal ends, 245,252 staves-Duus, Brown, & Co."
18890817p.147_p003.txt,24,Ashford,Riga,SILVESTOWN,"19,203 blocks, 2,600 sleepers","Burt, Boulton, & Co.",13,8,1889,17,8,1889,True,"Aug. 13 Ashford -Riga-19,203 blocks, 2,600 sleepers-Burt, Boulton, & Co."
18890817p.147_p003.txt,27,Ida,Danzig,OTHER DOCKS AND WHARVES,"1,738 oak staves",Order,12,8,1889,17,8,1889,True,"Aug. 12 Ida -Danzig-1,738 oak staves-Order"
18890817p.147_p003.txt,29,Sinloo,Riga,LOWESTOFT,"23,000 half","square sleepers-Burt, Boulton, & Haywood",6,8,1889,17,8,1889,True,"Aug. 6 Sinloo -Riga-23,000 half-square sleepers-Burt, Boulton, & Haywood"
18890817p.147_p003.txt,31,Presto,Riga,LOWESTOFT,"17,393 square sleepers","Burt, Boulton, & Haywood",10,8,1889,17,8,1889,True,"10 Presto -Riga-17,393 square sleepers-Burt, Boulton, & Haywood"
18890817p.147_p003.txt,33,Craighill,Archangel,LYNN,"20,694 deals","Thompson, Pattrick, & Woodwark",7,8,1889,17,8,1889,True,"Aug. 7 Craighill -Archangel-20,694 deals-Thompson, Pattrick, & Woodwark"
18890817p.147_p003.txt,34,Hunstanton,Gefle,LYNN,30 lds. firewood,"Thompson, Pattrick, & Woodwark",8,8,1889,17,8,1889,True,"8 Hunstanton -Gefle-30 lds. firewood-Thompson, Pattrick, & Woodwark"
18890817p.147_p003.txt,36,Firmafengr,Campbellton,MARYPORT,"500 lds. deals, 200 lds. battens, 149 lds. scantlings",Ritson,6,8,1889,17,8,1889,False,"Aug. 6 Firmafengr-Campbellton-500 lds. deals, 200 lds. battens, 149 lds. scantlings-Ritson"
18890817p.147_p003.txt,38,Elizabeth Norton,Skien,MIDDLESBROUGH,"1,440 pcs. hewn fir, 1,155 props",W. J. Watson & Co.,6,8,1889,17,8,1889,False,"Aug. 6 Elizabeth Norton-Skien-1,440 pcs. hewn fir, 1,155 props-W. J. Watson & Co."
18890817p.147_p003.txt,43,Felicie,Archangel,NEWHAVEN,"7,239 deals, 16 lds. firewood",Parsons Bros.,6,8,1889,17,8,1889,False,"Aug. 6 Felicie-Archangel-7,239 deals, 16 lds. firewood-Parsons Bros."
18890817p.147_p003.txt,45,Jean Baptiste,Hennebont,NEWPORT,190 lds. pit props,Budd & Co.,6,8,1889,17,8,1889,False,Aug. 6 Jean Baptiste-Hennebont-190 lds. pit props-Budd & Co.
18890817p.147_p003.txt,51,Norma,Lorient,NEWPORT,115 lds. pit props,Budd,9,8,1889,17,8,1889,False,9 Norma-Lorient-115 lds. pit props-Budd
18890817p.147_p003.txt,53,Benton,Archangel,NEWPORT,"21,456 deals, battens, boards, and ends",T. B. & S. Batchelor,10,8,1889,17,8,1889,False,"10 Benton-Archangel-21,456 deals, battens, boards, and ends-T. B. & S. Batchelor"
18890817p.147_p003.txt,54,Jules Marie,Bayonne,NEWPORT,138 lds. pit props,Budd & Co.,12,8,1889,17,8,1889,False,12 Jules Marie-Bayonne-138 lds. pit props-Budd & Co.
18890817p.147_p003.txt,59,Josefine,Sundswall,PADSTOW,"9,432 deals, battens, and boards, 50 pcs. hewn fir",Symons Martyn,7,8,1889,17,8,1889,False,"Aug. 7 Josefine-Sundswall-9,432 deals, battens, and boards, 50 pcs. hewn fir-Symons Martyn"
18890817p.147_p003.txt,62,Wylam,Torefors,PLYMOUTH,"1,200 lds. sawn fir","Fox, Eliott, & Co.",9,8,1889,17,8,1889,False,"Aug. 9 Wylam-Torefors-1,200 lds. sawn fir-Fox, Eliott, & Co."
18890817p.147_p003.txt,67,Gerda,Stugsund,POOLE,"11,196 deals, battens, and boards",J. T. Sydenham & Co.,6,8,1889,17,8,1889,False,"Aug. 6 Gerda-Stugsund-11,196 deals, battens, and boards-J. T. Sydenham & Co."
18890817p.147_p003.txt,75,Neptunus,Ljusne,PORTSMOUTH,"8,549 deals, battens, and boards",L. A. Van den Bergh & Sons,6,8,1889,17,8,1889,False,"Aug. 6 Neptunus-Ljusne-8,549 deals, battens, and boards-L. A. Van den Bergh & Sons"
18890817p.147_p003.txt,78,Arturo,Pascagoula,SOUTHAMPTON,"62 pcs. hewn fir, 100 pcs. sawn fir","Tagart, Morgan, & Co.",6,8,1889,17,8,1889,False,"Aug. 6 Arturo-Pascagoula-62 pcs. hewn fir, 100 pcs. sawn fir-Tagart, Morgan, & Co."
18890817p.147_p003.txt,83,Hugin,Gothenburg,SUNDERLAND,"55,211 pit props, 233 rails, sleepers, &c.",F. C. Huntley,6,8,1889,17,8,1889,True,"Aug. 6 Hugin -Gothenburg-55,211 pit props, 233 rails, sleepers, &c.-F. C. Huntley"
18890817p.147_p003.txt,97,Marie Francoise,Binic,SWANSEA,105 lds. pit props,L. G. Mouchel,6,8,1889,17,8,1889,False,Aug. 6 Marie Francoise-Binic-105 lds. pit props-L. G. Mouchel
18890817p.147_p003.txt,110,Gustafva,Riga,TEIGNMOUTH,"14,226 deals and battens",J. Crossman,6,8,1889,17,8,1889,False,"Aug. 6 Gustafva-Riga-14,226 deals and battens-J. Crossman"
18890817p.147_p003.txt,113,Prospero,Christiania,TYNE,130 lds. timber,Order,6,8,1889,17,8,1889,True,Aug. 6 Prospero -Christiania-130 lds. timber-Order ; from Arendal-6 lds. wood-Order ; from Laurvig-72 lds. wood-Order
18890817p.147_p003.txt,113,Prospero,Christiania,TYNE,from Arendal,6 lds. wood-Order,6,8,1889,17,8,1889,True,Aug. 6 Prospero -Christiania-130 lds. timber-Order ; from Arendal-6 lds. wood-Order ; from Laurvig-72 lds. wood-Order
18890817p.147_p003.txt,113,Prospero,Christiania,TYNE,from Laurvig,72 lds. wood-Order,6,8,1889,17,8,1889,True,Aug. 6 Prospero -Christiania-130 lds. timber-Order ; from Arendal-6 lds. wood-Order ; from Laurvig-72 lds. wood-Order
18890817p.147_p003.txt,123,Tvende Familier,Christiansand,TYNE,"10,000 sleepers",Order,10,8,1889,17,8,1889,False,"10 Tvende Familier-Christiansand-10,000 sleepers-Order"
18890817p.147_p003.txt,124,Robert,Laurvig,TYNE,"24,629 deals and battens",Order,12,8,1889,17,8,1889,False,"12 Robert-Laurvig-24,629 deals and battens-Order"
18890817p.147_p003.txt,138,Dania,Gefle,TYNE,"6,484 deals and battens",Order,13,8,1889,17,8,1889,False,"13 Dania-Gefle-6,484 deals and battens-Order"
18890817p.147_p003.txt,142,Louise,Quebec,WHITEHAVEN,"47 pcs. hewn oak, 222 pcs. hewn fir, 4,807 fir deals",Jackson,12,8,1889,17,8,1889,False,"Aug. 12 Louise-Quebec-47 pcs. hewn oak, 222 pcs. hewn fir, 4,807 fir deals-Jackson"
18890817p.147_p003.txt,144,Abertay,Archangel,WISBECH,"40,276 deals, battens, and boards",English Brothers,7,8,1889,17,8,1889,False,"Aug. 7 Abertay-Archangel-40,276 deals, battens, and boards-English Brothers"
18890817p.147_p003.txt,147,Ida,Pascagoula,WISBECH,"647 pcs. hewn oak, 229 pcs. hewn fir, 539 deals",English Brothers,10,8,1889,17,8,1889,False,"10 Ida-Pascagoula-647 pcs. hewn oak, 229 pcs. hewn fir, 539 deals-English Brothers"
18890817p.147_p003.txt,148,Unity,Kotka,WISBECH,"36,964 deals, battens, and boards",English Brothers,12,8,1889,17,8,1889,False,"12 Unity-Kotka-36,964 deals, battens, and boards-English Brothers"
18890817p.147_p003.txt,150,Fremad,Laurvig,YARMOUTH,"1,738 boards",James,10,8,1889,17,8,1889,False,"Aug. 10 Fremad-Laurvig-1,738 boards-James"
18890817p.147_p003.txt,151,Amazone,Drammen,YARMOUTH,"21,779 boards, 4,250 battens",Thos. Saul & Co.,12,8,1889,17,8,1889,False,"12 Amazone-Drammen-21,779 boards, 4,250 battens-Thos. Saul & Co."
18890817p.147_p003.txt,154,City of Rotterdam,Rotterdam,BELFAST,"4,340 bdls. hoops",J. C. Pinkerton,7,8,1889,17,8,1889,False,"Aug. 7 City of Rotterdam-Rotterdam-4,340 bdls. hoops-J. C. Pinkerton"
18890817p.147_p003.txt,156,Dunmore Head,Riga,BELFAST,"2,484 fir deals, 3,504 battens, 693 pcs. hewn fir, 1,928 fir sleepers, 29 lds. lathwood",G. Heyn & Sons,9,8,1889,17,8,1889,False,"9 Dunmore Head-Riga-2,484 fir deals, 3,504 battens, 693 pcs. hewn fir, 1,928 fir sleepers, 29 lds. lathwood-G. Heyn & Sons"
18890817p.147_p003.txt,157,Fair Head,Riga,BELFAST,"297 pcs. hewn fir, 18 lds. lathwood",G. Heyn & Sons,10,8,1889,17,8,1889,False,"10 Fair Head-Riga-297 pcs. hewn fir, 18 lds. lathwood-G. Heyn & Sons"
18890817p.147_p003.txt,159,Ellida,Grand Pabos,CORK,"21,368 deals, battens, and ends",J. J. Eustace & Co.,9,8,1889,17,8,1889,False,"Aug. 9 Ellida-Grand Pabos-21,368 deals, battens, and ends-J. J. Eustace & Co."
18890817p.147_p003.txt,161,Mauritius,Riga,DUNDALK,"5,735 sleeper blocks","Burt, Boulton, & Haywood",6,8,1889,17,8,1889,True,"Aug. 6 Mauritius -Riga-5,735 sleeper blocks-Burt, Boulton, & Haywood"
18890817p.147_p003.txt,163,Satellite,"St. John, N.B.",LIMERICK,"8,699 deals and ends, 1,634 deal ends",Morgan & Co.,9,8,1889,17,8,1889,False,"Aug. 9 Satellite-St. John, N.B.-8,699 deals and ends, 1,634 deal ends-Morgan & Co."
18890817p.147_p003.txt,165,Eleanor,Fredrikstad,LIMERICK,"28,033 fir boards, 50 deals",F. Spaight & Sons,10,8,1889,17,8,1889,False,"10 Eleanor-Fredrikstad-28,033 fir boards, 50 deals-F. Spaight & Sons"
18890817p.147_p003.txt,167,Indiana,"Halifax, N.S.",NEWRY,"14,609 deals and ends",Carvill Bros.,6,8,1889,17,8,1889,False,"Aug. 6 Indiana-Halifax, N.S.-14,609 deals and ends-Carvill Bros."
18890817p.147_p003.txt,170,Kong Sverre,BayVerte,LONDONDERRY,"11,635 fir deals",M. M'Clelland,8,8,1889,17,8,1889,False,"Aug. 8 Kong Sverre-BayVerte-11,635 fir deals-M. M'Clelland"
18890817p.147_p003.txt,172,Aquatic,Quebec,SLIGO,"5 pcs. hewn oak, 5 pcs. hewn ash, 10 pcs. hewn elm, 5 pcs. hewn birch, 80 pcs. hewn fir, 12,297 pcs. sawn fir",O'Connor & Cullen,6,8,1889,17,8,1889,False,"Aug. 6 Aquatic-Quebec-5 pcs. hewn oak, 5 pcs. hewn ash, 10 pcs. hewn elm, 5 pcs. hewn birch, 80 pcs. hewn fir, 12,297 pcs. sawn fir-O'Connor & Cullen"
18890831p.4_p001.txt,56,Haabet,Falkenberg,ALLOA,"16,158 props",T. Spowart & Co.,20,8,1889,31,8,1889,False,"Aug. 20 Haabet-Falkenberg-16,158 props-T. Spowart & Co."
18890831p.4_p001.txt,61,Hebe,Holmestrand,ALLOA,"4,159 battens, 8 lds. firewood",Cowdenbeath Coal Co.,21,8,1889,31,8,1889,False,"21 Hebe-Holmestrand-4,159 battens, 8 lds. firewood-Cowdenbeath Coal Co."
18890831p.4_p001.txt,65,Peter Tordenskjold,Kotka,ALLOA,3 lds. firewood,A. Thomson & Co.,22,8,1889,31,8,1889,False,22 Peter Tordenskjold-Kotka-3 lds. firewood-A. Thomson & Co.
18890831p.4_p001.txt,67,Aurora,Frederikssund,ALLOA,"3,589 props",Madsen,23,8,1889,31,8,1889,False,"23 Aurora-Frederikssund-3,589 props-Madsen"
18890831p.4_p001.txt,68,J. Martin,Riga,ALLOA,"5,896 fir deals",Thomson,24,8,1889,31,8,1889,False,"24 J. Martin-Riga-5,896 fir deals-Thomson"
18890831p.4_p001.txt,69,Hildur,Shediac,ALLOA,"9,772 fir deals",J. Paton,26,8,1889,31,8,1889,False,"26 Hildur-Shediac-9,772 fir deals-J. Paton"
18890831p.4_p001.txt,71,Comorin,Riga,ARBROATH,"1,109 pcs. lathwood, 1,054 hewn spars",Arbroath Saw-mill Co.,21,8,1889,31,8,1889,True,"Aug. 21 Comorin -Riga-1,109 pcs. lathwood, 1,054 hewn spars-Arbroath Saw-mill Co."
18890831p.4_p001.txt,72,Bien,Sundswall,ARBROATH,8 lds. firewood,D. King,23,8,1889,31,8,1889,False,23 Bien-Sundswall-8 lds. firewood-D. King
18890831p.4_p001.txt,74,Jane,Quebec,AYR,"8 pcs. hewn oak, 13 pcs. hewn noe., 617 pcs. hewn fir, 3,214 deals",Jas. Paton & Sons,24,8,1889,31,8,1889,False,"Aug. 24 Jane-Quebec-8 pcs. hewn oak, 13 pcs. hewn noe., 617 pcs. hewn fir, 3,214 deals-Jas. Paton & Sons"
18890831p.4_p001.txt,76,Aurora,Christiansand,BORROWSTOUNNESS,"7,000 props",Jno. Denholm & Co.,20,8,1889,31,8,1889,False,"Aug. 20 Aurora-Christiansand-7,000 props-Jno. Denholm & Co.; from Sundswall-9,348 battens-Thomson & Balfour"
18890831p.4_p001.txt,76,Aurora,Christiansand,BORROWSTOUNNESS,from Sundswall,"9,348 battens-Thomson & Balfour",20,8,1889,31,8,1889,False,"Aug. 20 Aurora-Christiansand-7,000 props-Jno. Denholm & Co.; from Sundswall-9,348 battens-Thomson & Balfour"
18890831p.4_p001.txt,79,Gebroeder Nyhuis,Halmstad,BORROWSTOUNNESS,"11,820 props",J. Denholm & Co.,21,8,1889,31,8,1889,False,"21 Gebroeder Nyhuis-Halmstad-11,820 props-J. Denholm & Co."
18890831p.4_p001.txt,83,Haabet,Porsgrund,BORROWSTOUNNESS,"16,129 props",Stevenson,22,8,1889,31,8,1889,False,"22 Haabet-Porsgrund-16,129 props-Stevenson"
18890831p.4_p001.txt,84,Emilie,Oscarshamn,BORROWSTOUNNESS,"11,519 props",Stevenson,26,8,1889,31,8,1889,False,"26 Emilie-Oscarshamn-11,519 props-Stevenson"
18890831p.4_p001.txt,114,Oscar I.,Cronstadt,DUNDEE,867 lds. firewood,Jas. Saddler,22,8,1889,31,8,1889,False,"Aug. 22 Oscar I.-Cronstadt-867 lds. firewood-Jas. Saddler; 2,824 rickers-Fleming"
18890831p.4_p001.txt,114,Oscar I.,Cronstadt,DUNDEE,"2,824 rickers",Fleming,22,8,1889,31,8,1889,False,"Aug. 22 Oscar I.-Cronstadt-867 lds. firewood-Jas. Saddler; 2,824 rickers-Fleming"
18890831p.4_p001.txt,116,Askur,Quebec,DUNDEE,"2 pcs. hewn oak, 80 pcs. hewn elm, 100 pcs. birch, 312 pcs. hewn pine, 2,661 spruce deals",Jno. Jessiman,23,8,1889,31,8,1889,False,"23 Askur-Quebec-2 pcs. hewn oak, 80 pcs. hewn elm, 100 pcs. birch, 312 pcs. hewn pine, 2,661 spruce deals-Jno. Jessiman"
18890831p.4_p001.txt,119,State of Nevada,New York,GLASGOW,769 pkgs. wood,Singer Manufacturing Company.,20,8,1889,31,8,1889,True,Aug. 20 State of Nevada -New York-769 pkgs. wood-Singer Manufacturing Company.
18890831p.4_p001.txt,123,Greata,Gothenburg,GLASGOW,"875 bdls. laths, 1,712 bdls. lathwood, 6,306 pit props",Order,21,8,1889,31,8,1889,False,"21 Greata-Gothenburg-875 bdls. laths, 1,712 bdls. lathwood, 6,306 pit props-Order"
18890831p.4_p001.txt,128,Mai,Hernossand,GRANGEMOUTH,"15,946 battens",J. D. Thomson,20,8,1889,31,8,1889,False,"Aug. 20 Mai-Hernossand-15,946 battens-J. D. Thomson"
18890831p.4_p001.txt,130,[?],Uleaborg,GRANGEMOUTH,"17,869 deals, battens, and ends",Paterson & McLaren,21,8,1889,31,8,1889,False,"21 [?]-Uleaborg-17,869 deals, battens, and ends-Paterson & McLaren"
18890831p.4_p001.txt,132,Newbattle,Sundswall,LEITH,"33,432 battens",Salvesen & Co.,20,8,1889,31,8,1889,False,"Aug. 20 Newbattle-Sundswall-33,432 battens-Salvesen & Co."
18890831p.4_p001.txt,138,Adelgunde,Sundswall,LEITH,"1,294 spars and battens",J. D. Thomson,20,8,1889,31,8,1889,False,"20 Adelgunde-Sundswall-1,294 spars and battens-J. D. Thomson"
18890831p.4_p001.txt,141,Svanen,Narva,LEITH,"4,539 deals","Robinson, Dunn, & Co.",21,8,1889,31,8,1889,False,"21 Svanen-Narva-4,539 deals-Robinson, Dunn, & Co."
18890831p.4_p001.txt,144,Hawthorn,Riga,LEITH,"10,122 sleepers and 950 sleepers",Brownlee & Co.,22,8,1889,31,8,1889,True,"22 Hawthorn -Riga-10,122 sleepers and 950 sleepers-Brownlee & Co."
18890831p.4_p001.txt,148,Maren,Brevig,GRANTON,"8,019 pit props",Salvesen & Co.,20,8,1889,31,8,1889,False,"Aug. 20 Maren-Brevig-8,019 pit props-Salvesen & Co."
18890831p.4_p001.txt,150,Julianna,Westervik,GRANTON,150 lds. propwood,Mitchell Thomson & Co.,21,8,1889,31,8,1889,False,21 Julianna-Westervik-150 lds. propwood-Mitchell Thomson & Co.
18890831p.4_p001.txt,152,Tiber,Portland,GREENOCK,"71,290 bdls. laths",J. & P. Coats,20,8,1889,31,8,1889,False,"Aug. 20 Tiber-Portland-71,290 bdls. laths-J. & P. Coats"
18890831p.4_p001.txt,154,Minnie Swift,Darien U.S.A.,GREENOCK,"7,374 pcs. pitch pine, 2,374 planks sawn pitch pine",F. Briggs & Co.,23,8,1889,31,8,1889,False,"23 Minnie Swift-Darien U.S.A.-7,374 pcs. pitch pine, 2,374 planks sawn pitch pine-F. Briggs & Co."
18890831p.4_p001.txt,156,Gefion,Hernossand,INVERNESS,"14,540 deals, battens, fir spar, 12 lds. firewood",Jas. Walker,21,8,1889,31,8,1889,False,"Aug. 21 Gefion-Hernossand-14,540 deals, battens, fir spar, 12 lds. firewood-Jas. Walker"
18890831p.4_p001.txt,158,Carl,Westervik,KIRKCALDY,"13,593 props",Donolly Iron and Coal Co.,20,8,1889,31,8,1889,False,"Aug. 20 Carl-Westervik-13,593 props-Donolly Iron and Coal Co."
18890831p.4_p001.txt,160,Walter,"Drammen 6,042 deals and ends",KIRKCALDY,John Balfour & Co.,,21,8,1889,31,8,1889,False,"21 Walter-Drammen 6,042 deals and ends-John Balfour & Co."
18890831p.4_p001.txt,161,Freir,Krageroe,KIRKCALDY,"700 telegraph poles, 2,000 props",A. Bruce & Co.,22,8,1889,31,8,1889,False,"22 Freir-Krageroe-700 telegraph poles, 2,000 props-A. Bruce & Co."
18890831p.4_p001.txt,162,Trode,Cronstadt,KIRKCALDY,"8,299 deals and ends",Donaldson & Son,23,8,1889,31,8,1889,False,"23 Trode-Cronstadt-8,299 deals and ends-Donaldson & Son"
18890907p.4_p002.txt,4,Cairngorm,Riga,GRANTON,"6,041 sleep blocks, 11,814 fir sleepers",C. Salvesen & Co.,31,8,1889,7,9,1889,True,"Aug. 31 Cairngorm -Riga-6,041 sleep blocks, 11,814 fir sleepers-C. Salvesen & Co."
18890907p.4_p002.txt,8,Sabina,QUEBEC,GREENOCK,"50 pcs. elm, 118 pcs. ash, 47 pcs. maple, 146 pcs. oak, 1,691 pcs. pine deal ends, 4,653 pcs. spruce deals, 3,000 pcs. pipe staves, 128 pcs. oak, 974 pcs. s. w. pine",Singleton & Co.,26,8,1889,7,9,1889,False,"Aug. 26 Sabina-QUEBEC-50 pcs. elm, 118 pcs. ash, 47 pcs. maple, 146 pcs. oak, 1,691 pcs. pine deal ends, 4,653 pcs. spruce deals, 3,000 pcs. pipe staves, 128 pcs. oak, 974 pcs. s. w. pine-Singleton & Co."
18890907p.4_p002.txt,9,Madura,QUEBEC,GREENOCK,"93 pcs. ash, 310 pcs. s. w. pine, 164 pcs. waney pine, 1,761 pcs. bright pine deals, 21 bright pine ends, 1,141 pcs. spruce deals, 1,740 pcs. spruce ends, 135 pcs. rock elm, 199 pcs. oak, 18 pcs. s.w. pine, 7 pcs. waney white pine",Edmiston & Mitchells,26,8,1889,7,9,1889,False,"26 Madura-QUEBEC-93 pcs. ash, 310 pcs. s. w. pine, 164 pcs. waney pine, 1,761 pcs. bright pine deals, 21 bright pine ends, 1,141 pcs. spruce deals, 1,740 pcs. spruce ends, 135 pcs. rock elm, 199 pcs. oak, 18 pcs. s.w. pine, 7 pcs. waney white pine-Edmiston & Mitchells"
18890907p.4_p002.txt,10,Avanti Savoia,Rangoon,GREENOCK,"1,188 pcs. teak blocks",Thomson & Gray,27,8,1889,7,9,1889,False,"27 Avanti Savoia-Rangoon-1,188 pcs. teak blocks-Thomson & Gray; 1,423 teak planks, 55,150 pcs. teak keys, 3,616 pcs. teak blocks-J. M. Mitchell & Co."
18890907p.4_p002.txt,10,Avanti Savoia,Rangoon,GREENOCK,"1,423 teak planks, 55,150 pcs. teak keys, 3,616 pcs. teak blocks",J. M. Mitchell & Co.,27,8,1889,7,9,1889,False,"27 Avanti Savoia-Rangoon-1,188 pcs. teak blocks-Thomson & Gray; 1,423 teak planks, 55,150 pcs. teak keys, 3,616 pcs. teak blocks-J. M. Mitchell & Co."
18890907p.4_p002.txt,12,Skulda,Bjorneborg,KIRCALDY,"6,013 deals and battens",Jas. Donaldson & Sons,28,8,1889,7,9,1889,False,"Aug. 28 Skulda-Bjorneborg-6,013 deals and battens-Jas. Donaldson & Sons"
18890907p.4_p002.txt,14,Livonia,Riga,LEITH,"300 lds. lathwood, 2,340 deals",Jas. Cormack,27,8,1889,7,9,1889,False,"Aug. 27 Livonia-Riga-300 lds. lathwood, 2,340 deals-Jas. Cormack"
18890907p.4_p002.txt,17,Georg,"Archangel 5,597 deals",LEITH,D. W. Beattie,,28,8,1889,7,9,1889,False,"28 Georg-Archangel 5,597 deals-D. W. Beattie"
18890907p.4_p002.txt,18,Hans,Gothenburg,LEITH,"2,199 deals and battens",J. Mitchell & Co.,29,8,1889,7,9,1889,False,"29 Hans-Gothenburg-2,199 deals and battens -J. Mitchell & Co."
18890907p.4_p002.txt,20,Petersburg,Cronstadt,LEITH,"10,009 deals and battens, 4,900 pcs. lathwood",Thomson,31,8,1889,7,9,1889,False,"31 Petersburg-Cronstadt-10,009 deals and battens, 4,900 pcs. lathwood-Thomson"
18890907p.4_p002.txt,24,Highlands,Cronstadt,LEITH,"27,524 battens",J. Mitchell & Co.,2,9,1889,7,9,1889,False,"Sept. 2 Highlands-Cronstadt-27,524 battens-J. Mitchell & Co. ; 1,870 pcs. lathwood-Thorburn & Renwick"
18890907p.4_p002.txt,24,Highlands,Cronstadt,LEITH,"1,870 pcs. lathwood",Thorburn & Renwick,2,9,1889,7,9,1889,False,"Sept. 2 Highlands-Cronstadt-27,524 battens-J. Mitchell & Co. ; 1,870 pcs. lathwood-Thorburn & Renwick"
18890907p.4_p002.txt,29,Denham,Christianstad,MONTROSE,"25,868 fir battens",Robt. Millar & Sons,31,8,1889,7,9,1889,True,"Aug. 31 Denham -Christianstad-25,868 fir battens-Robt. Millar & Sons"
18890907p.4_p002.txt,31,Najaden,Drammen,PERTH,"7,033 deals and battens",Cameron Bros.,26,8,1889,7,9,1889,False,"Aug. 26 Najaden-Drammen-7,033 deals and battens-Cameron Bros."
18890907p.4_p002.txt,33,Concordia,"Dalhousie, N.B.",TROON,"9,625 deals and ends",Matthew Wright,31,8,1889,7,9,1889,False,"Aug. 31 Concordia-Dalhousie, N.B.-9,625 deals and ends-Matthew Wright"
18890907p.4_p002.txt,35,Solid,Cronstadt,WICK,"6,335 battens",A. McEwen & Son,26,8,1889,7,9,1889,False,"Aug. 26 Solid-Cronstadt-6,335 battens-A. McEwen & Son"
18890914p.3_p003.txt,4,Columbine,Krageroe,LERWICK,"334 logs, 58 hewn spars, 24 birch billets, 880 battens",Hay,4,9,1889,14,9,1889,False,"Sept. 4 Columbine-Krageroe-334 logs, 58 hewn spars, 24 birch billets, 880 battens-Hay"
18890914p.3_p003.txt,7,Denham,Christinestad,MONTROSE,8 lds. firewood,R. Millar & Sons,4,9,1889,14,9,1889,True,Sept. 4 Denham -Christinestad-8 lds. firewood-R. Millar & Sons
18890914p.3_p003.txt,9,Helene,Narva,MONTROSE,"9,511 battens",Millar & Sons,5,9,1889,14,9,1889,False,"5 Helene-Narva-9,511 battens-Millar & Sons"
18890914p.3_p003.txt,10,Louis,Cronstadt,MONTROSE,"29,420 battens and boards",R. Millar & Sons,6,9,1889,14,9,1889,False,"6 Louis-Cronstadt-29,420 battens and boards-R. Millar & Sons"
18890914p.3_p003.txt,11,Clydesdale,Sundswall,MONTROSE,"32,209 battens",R. Millar & Sons,9,9,1889,14,9,1889,True,"9 Clydesdale -Sundswall-32,209 battens-R. Millar & Sons"
18890914p.3_p003.txt,18,Fiducia,Riga,PERTH,"7,489 sleepers",Calder,5,9,1889,14,9,1889,False,"Sept. 5 Fiducia-Riga-7,489 sleepers-Calder"
18890914p.3_p003.txt,19,Mercuur,Riga,PERTH,"7,788 deals and battens",Cameron Bros.,9,9,1889,14,9,1889,False,"9 Mercuur-Riga-7,788 deals and battens-Cameron Bros."
18890914p.3_p003.txt,22,Onward,Konigsberg,PETERHEAD,"4,167 pcs. hewn birchwood",R. H. Mitchell,3,9,1889,14,9,1889,False,"Sept. 3 Onward-Konigsberg-4,167 pcs. hewn birchwood-R. H. Mitchell"
18890914p.3_p003.txt,23,Helene,Moss,PETERHEAD,"149,020 birch staves",Carnegie,4,9,1889,14,9,1889,False,"4 Helene-Moss-149,020 birch staves-Carnegie"
18890914p.3_p003.txt,26,Marynish,Drammen,STRANRAER,"9,038 pcs. sawn fir, 24 fir spars",J. Adair & Co.,9,9,1889,14,9,1889,False,"Sept. 9 Marynish-Drammen-9,038 pcs. sawn fir, 24 fir spars-J. Adair & Co."
18890914p.3_p003.txt,29,Lord Roseberry,Matane,TROON,"69,783 bdls. sawn fir, 2,831 deals",J. & P. Coats,3,9,1889,14,9,1889,True,"Sept. 3 Lord Roseberry -Matane-69,783 bdls. sawn fir, 2,831 deals-J. & P. Coats"
18890914p.3_p003.txt,32,Rapid,Drontheim,WICK,"8,202 pcs. sawn fir",A. M. Ewen & Son,3,9,1889,14,9,1889,False,"Sept. 3 Rapid-Drontheim-8,202 pcs. sawn fir-A. M. Ewen & Son"
18890914p.3_p003.txt,33,Active,Risoer,WICK,"70,000 birch staves, 3,000 pcs. hewn birch, 4 pcs. hewn fir",Sandison,4,9,1889,14,9,1889,False,"4 Active-Risoer-70,000 birch staves, 3,000 pcs. hewn birch, 4 pcs. hewn fir-Sandison"
18890914p.3_p003.txt,34,Progress,Stettin,WICK,63 lds. hewn oak,D. Sutherland,6,9,1889,14,9,1889,False,6 Progress-Stettin-63 lds. hewn oak-D. Sutherland
18890914p.3_p003.txt,36,Kristine,Mandal,WICK,"66,000 birch staves",D. Sutherland,7,9,1889,14,9,1889,False,"7 Kristine-Mandal-66,000 birch staves-D. Sutherland"
18890928p.4_p002.txt,4,Lettonia,Riga,KIRKCALDY,"22,923 pcs. pitwood",Love & Stewart,17,9,1889,28,9,1889,False,"Sept. 17 Lettonia-Riga-22,923 pcs. pitwood-Love & Stewart"
18890928p.4_p002.txt,5,Heinrich,Gothenburg,KIRKCALDY,"15,001 pcs. pitwood",J. Budge,18,9,1889,28,9,1889,False,"18 Heinrich-Gothenburg-15,001 pcs. pitwood-J. Budge"
18890928p.4_p002.txt,6,Mathilde,Laurvig,KIRKCALDY,293 lds. battens,Low,19,9,1889,28,9,1889,False,19 Mathilde-Laurvig-293 lds. battens-Low
18890928p.4_p002.txt,9,Olivia,Abo,LEITH,"11,934 deals and battens",D. W. Beattie,17,9,1889,28,9,1889,False,"Sept. 17 Olivia-Abo-11,934 deals and battens-D. W. Beattie"
18890928p.4_p002.txt,14,Alma,Rafso,LEITH,"17,009 fir battens",J. Mitchell,18,9,1889,28,9,1889,False,"18 Alma-Rafso-17,009 fir battens-J. Mitchell"
18890928p.4_p002.txt,16,Persanti,Hudikswall,LEITH,"9,063 deals and battens",Forslind & Rex,19,9,1889,28,9,1889,False,"19 Persanti-Hudikswall-9,063 deals and battens-Forslind & Rex"
18890928p.4_p002.txt,18,Tibar,Fiume,LEITH,"15,000 oak staves, 42 logs hewn oak",Lacour & Watson,20,9,1889,28,9,1889,True,"20 Tibar -Fiume-15,000 oak staves, 42 logs hewn oak-Lacour & Watson"
18890928p.4_p002.txt,21,Olivia,Abo,LEITH,2 lds. firewood,M. J. Ellingsen,23,9,1889,28,9,1889,False,23 Olivia-Abo-2 lds. firewood-M. J. Ellingsen
18890928p.4_p002.txt,27,Pactolus,Archangel,MONTROSE,"40,163 deals, &c.",R. Millar & Sons,18,9,1889,28,9,1889,False,"Sept. 18 Pactolus-Archangel-40,163 deals, &c. -R. Millar & Sons"
18890928p.4_p002.txt,28,Glenisla,Cronstadt,MONTROSE,"44,209 fir battens and boards, 57 lds. firewood",R. Millar & Sons,21,9,1889,28,9,1889,True,"21 Glenisla -Cronstadt-44,209 fir battens and boards, 57 lds. firewood-R. Millar & Sons"
18890928p.4_p002.txt,31,Livlig,Soderhamn,PETERHEAD,"10,999 pcs. sawn fir",C. Carnegie,17,9,1889,28,9,1889,False,"Sept. 17 Livlig-Soderhamn-10,999 pcs. sawn fir-C. Carnegie"
18890928p.4_p002.txt,32,Hago,Sundswall,PETERHEAD,"10,503 battens and deals",8 lds. firewood-A. Creighton & Co.,19,9,1889,28,9,1889,False,"19 Hago-Sundswall-10,503 battens and deals-8 lds. firewood-A. Creighton & Co."
18890928p.4_p002.txt,35,Union,Riga,STRANRAER,"11,515 pcs. sawn fir, 22 pcs. hewn fir",A. Thorburn,19,9,1889,28,9,1889,False,"Sept. 19 Union-Riga-11,515 pcs. sawn fir, 22 pcs. hewn fir-A. Thorburn"
18890928p.4_p002.txt,38,Morning Star,Cronstadt,WICK,150 lds. sawn fir,D. Sutherland,17,9,1889,28,9,1889,False,Sept. 17 Morning Star-Cronstadt-150 lds. sawn fir-D. Sutherland
18891005p.278_p002.txt,7,Goorkha,Colombo,ROYAL ALBERT DOCKS,103 planks satinwood,Order,26,9,1889,5,10,1889,True,Sept. 26 Goorkha -Colombo-103 planks satinwood-Order
18891005p.278_p002.txt,8,Guadiana,Marseilles,ROYAL ALBERT DOCKS,19 pcs. wood,Order,1,10,1889,5,10,1889,True,Oct. 1 Guadiana -Marseilles-19 pcs. wood-Order
18891005p.278_p002.txt,12,European,New Orleans,VICTORIA DOCKS,"5,318 staves, 7,819 butts",Order,28,9,1889,5,10,1889,True,"Sept. 28 European -New Orleans-5,318 staves, 7,819 butts-Order"
18891005p.278_p002.txt,13,Teniers,New York,VICTORIA DOCKS,"43 bdls. oak staves, 1,602 doors, 10,437 bdls. shook",Order,1,10,1889,5,10,1889,True,"Oct. 1 Teniers -New York-43 bdls. oak staves, 1,602 doors, 10,437 bdls. shook-Order"
18891005p.278_p002.txt,15,Cygnet,Riga,WEST INDIA DOCKS BUOYS,45 fms. firewood,B. R. Langford,30,9,1889,5,10,1889,True,Sept. 30 Cygnet -Riga-45 fms. firewood-B. R. Langford
18891005p.278_p002.txt,17,Jeanne d'Arc,Bordeaux,B. & F. S. WHARF,"1,077 bdls. wood",Order,27,9,1889,5,10,1889,True,"Sept. 27 Jeanne d'Arc -Bordeaux-1,077 bdls. wood-Order"
18891005p.278_p002.txt,18,Lapwing,Bordeaux,B. & F. S. WHARF,715 bdls. wood hoop,Order,30,9,1889,5,10,1889,True,30 Lapwing -Bordeaux-715 bdls. wood hoop-Order
18891005p.278_p002.txt,20,Urho,Abo,DEPTFORD,"193,068 staves, 69 fms. firewood","With, Webster, & Co.",2,10,1889,5,10,1889,False,"Oct. 2 Urho-Abo-193,068 staves, 69 fms. firewood-With, Webster, & Co."
18891005p.278_p002.txt,23,Svend,Riga,GRAVESEND,2 cs. boards,M. Porteous,26,9,1889,5,10,1889,True,"Sept. 26 Svend -Riga-2 cs. boards-M. Porteous ; 6,470 deal and batten ends-J. B. R. Langford ; 18,656 pcs. lathwood, 750 sleepers, 7,569 deal and batten ends, 3,784 battens, 2,223 deals-Order"
18891005p.278_p002.txt,23,Svend,Riga,GRAVESEND,"6,470 deal and batten ends",J. B. R. Langford,26,9,1889,5,10,1889,True,"Sept. 26 Svend -Riga-2 cs. boards-M. Porteous ; 6,470 deal and batten ends-J. B. R. Langford ; 18,656 pcs. lathwood, 750 sleepers, 7,569 deal and batten ends, 3,784 battens, 2,223 deals-Order"
18891005p.278_p002.txt,23,Svend,Riga,GRAVESEND,"18,656 pcs. lathwood, 750 sleepers, 7,569 deal and batten ends, 3,784 battens, 2,223 deals",Order,26,9,1889,5,10,1889,True,"Sept. 26 Svend -Riga-2 cs. boards-M. Porteous ; 6,470 deal and batten ends-J. B. R. Langford ; 18,656 pcs. lathwood, 750 sleepers, 7,569 deal and batten ends, 3,784 battens, 2,223 deals-Order"
18891005p.278_p002.txt,26,North Britain,St. Petersburg,GRAVESEND,"2,510 pcs. lathwood","Foy, Morgan, & Co.",1,10,1889,5,10,1889,True,"Oct. 1 North Britain -St. Petersburg-2,510 pcs. lathwood-Foy, Morgan, & Co."
18891005p.278_p002.txt,27,Severena,Kemi,GRAVESEND,190 fms. firewood,Nicholson,2,10,1889,5,10,1889,False,2 Severena-Kemi-190 fms. firewood-Nicholson
18891005p.278_p002.txt,32,Loch Katrine,Libau,GRAVESEND BUOYS,71 logs,"Sieveking, Droop, & Co.",30,9,1889,5,10,1889,True,"Sept. 30 Loch Katrine -Libau-71 logs-Sieveking, Droop, & Co."
18891005p.278_p002.txt,34,Seierskrausen,Kotka,GREENHITHE,"702,150 staves",J. G. Johnson & Co.,2,10,1889,5,10,1889,False,"Oct. 2 Seierskrausen-Kotka-702,150 staves-J. G. Johnson & Co."
18891005p.278_p002.txt,37,Albertina,Mesane,POOLE,14 lds. firewood,J. J. Norton,27,9,1889,5,10,1889,False,Sept. 27 Albertina-Mesane-14 lds. firewood-J. J. Norton
18891005p.278_p002.txt,39,Winifred,Quebec,PORTSMOUTH,"73 pcs. hewn elm, 55 pcs. waney pine fir, 693 pcs. white pine fir, 4,279 fir deals",Churchill & Sim,25,9,1889,5,10,1889,False,"Sept. 25 Winifred-Quebec-73 pcs. hewn elm, 55 pcs. waney pine fir, 693 pcs. white pine fir, 4,279 fir deals-Churchill & Sim"
18891005p.278_p002.txt,40,Wik,Sundswall,PORTSMOUTH,"6,040 fir deals and battens",H. Moody Exors.,26,9,1889,5,10,1889,False,"26 Wik-Sundswall-6,040 fir deals and battens-H. Moody Exors."
18891005p.278_p002.txt,42,Klyde,Mobile,QUEENBOROUGH,"485 pcs. sawn pitch pine timber, 71 pcs. ash timber, 727 pitch pine deals",Churchill & Sim,25,9,1889,5,10,1889,True,"Sept. 25 Klyde -Mobile-485 pcs. sawn pitch pine timber, 71 pcs. ash timber, 727 pitch pine deals-Churchill & Sim"
18891005p.278_p002.txt,44,Charlotte Marie,Sundswall,RAMSEY,"7,831 deals, battens, and boards, 60 pcs. hewn fir, 8 lds. firewood",Cowell & Wattleworth,25,9,1889,5,10,1889,False,"Sept. 25 Charlotte Marie-Sundswall-7,831 deals, battens, and boards, 60 pcs. hewn fir, 8 lds. firewood-Cowell & Wattleworth"
18891005p.278_p002.txt,47,Jonchild,Kaunessari,ROCHESTER,"987,170 fir staves",Burham Cement Co.,25,9,1889,5,10,1889,False,"Sept. 25 Jonchild-Kaunessari-987,170 fir staves-Burham Cement Co."
18891005p.278_p002.txt,49,Sir Bevis,Stockholm,SOUTHAMPTON,"24,746 deals and battens, 17,424 fir battens, 432 lds. sawn fir",Driver & Co.,24,9,1889,5,10,1889,False,"Sept. 24 Sir Bevis-Stockholm-24,746 deals and battens, 17,424 fir battens, 432 lds. sawn fir-Driver & Co."
18891005p.278_p002.txt,50,Hanna,Skutskar,SOUTHAMPTON,13 pcs. sawn fir,Tagart,27,9,1889,5,10,1889,False,27 Hanna-Skutskar-13 pcs. sawn fir-Tagart
18891005p.278_p002.txt,52,Strathbeg,Stettin,SUNDERLAND,"97,480 pit props",Rayner & Moller,24,9,1889,5,10,1889,True,"Sept. 24 Strathbeg -Stettin-97,480 pit props-Rayner & Moller"
18891005p.278_p002.txt,53,Hanna,Uddevalla,SUNDERLAND,"29,774 pit props",Wiener,25,9,1889,5,10,1889,False,"25 Hanna-Uddevalla-29,774 pit props-Wiener"
18891005p.278_p002.txt,54,Iris,Moss,SUNDERLAND,"28,740 pit props",Pyman & Co.,26,9,1889,5,10,1889,False,"26 Iris-Moss-28,740 pit props-Pyman & Co."
18891005p.278_p002.txt,56,Howards,Riga,SUNDERLAND,"2,500 sq. sleeper blocks, 3,107 round sleeper blocks, 11,874 half","square sleepers-Armstrong, Addison, & Co.",27,9,1889,5,10,1889,True,"27 Howards -Riga-2,500 sq. sleeper blocks, 3,107 round sleeper blocks, 11,874 half-square sleepers-Armstrong, Addison, & Co."
18891005p.278_p002.txt,57,Chevy Chase,Carlskrona,SUNDERLAND,"22,580 fir props","Mitshel, Pedersen, & Co.",28,9,1889,5,10,1889,True,"28 Chevy Chase -Carlskrona-22,580 fir props-Mitshel, Pedersen, & Co."
18891005p.278_p002.txt,61,Lady Ann,Gothenburg,SUNDERLAND,"6,726 pcs. sawn fir, 2,451 fir poies",T. J. Reay,30,9,1889,5,10,1889,True,"30 Lady Ann -Gothenburg-6,726 pcs. sawn fir, 2,451 fir poies-T. J. Reay"
18891005p.278_p002.txt,64,Ernest,Bordeaux,SWANSEA,800 lds. pitwood,"North's Navigation Collieries, 1889, Lim.",24,9,1889,5,10,1889,True,"Sept. 24 Ernest -Bordeaux-800 lds. pitwood-North's Navigation Collieries, 1889, Lim."
18891005p.278_p002.txt,65,Susan,Port Launay,SWANSEA,80 lds. pitwood,Wright,28,9,1889,5,10,1889,False,28 Susan-Port Launay-80 lds. pitwood-Wright
18891005p.278_p002.txt,67,Andalusia,Burea,TRURO,"60,966 pcs. sawn fir, 975 pcs. hewn fir",Harvey & Co.,27,9,1889,5,10,1889,False,"Sept. 27 Andalusia-Burea-60,966 pcs. sawn fir, 975 pcs. hewn fir-Harvey & Co."
18891005p.278_p002.txt,69,Flora,Quebec,TYNE,"160 pcs. elm, 87 pcs. birch, 22 pcs. ash, 15 pcs. whitewood, 760 pcs. white pine, 2,687 pine deals, 223 pine deal ends",J. Graham & Co.,25,9,1889,5,10,1889,False,"Sept. 25 Flora-Quebec-160 pcs. elm, 87 pcs. birch, 22 pcs. ash, 15 pcs. whitewood, 760 pcs. white pine, 2,687 pine deals, 223 pine deal ends-J. Graham & Co."
18891005p.278_p002.txt,73,Grenadier,Rotterdam,TYNE,100 bdls. hoops,Order,27,9,1889,5,10,1889,True,27 Grenadier -Rotterdam-100 bdls. hoops-Order
18891005p.278_p002.txt,75,Caducens,Laurvig,TYNE,600 lds. props,Hall Bros.,28,9,1889,5,10,1889,True,28 Caducens -Laurvig-600 lds. props-Hall Bros. ; 800 lds. props-Order
18891005p.278_p002.txt,75,Caducens,Laurvig,TYNE,800 lds. props,Order,28,9,1889,5,10,1889,True,28 Caducens -Laurvig-600 lds. props-Hall Bros. ; 800 lds. props-Order
18891005p.278_p002.txt,76,Octa,Gothenburg,TYNE,114 lds. props,Order,30,9,1889,5,10,1889,True,30 Octa -Gothenburg-114 lds. props-Order
18891005p.278_p002.txt,78,Sylphiden,Brevig,TYNE,"1,239 pcs. square timber, 1,031 props",Order,1,10,1889,5,10,1889,False,"Oct. 1 Sylphiden - Brevig - 1,239 pcs. square timber, 1,031 props-Order"
18891005p.278_p002.txt,86,Adolph Friedrich,Stettin,WISBECH,"100 pcs. hewn oak, 949 pcs. sawn fir",English Bros.,24,9,1889,5,10,1889,False,"Sept. 24 Adolph Friedrich-Stettin-100 pcs. hewn oak, 949 pcs. sawn fir-English Bros."
18891005p.278_p002.txt,88,Fremad,Holmestrand,YARMOUTH,"310,449 staves, 60 deals, 28 lds. firewood","Brown, Sons",24,9,1889,5,10,1889,False,"Sept. 24 Fremad-Holmestrand-310,449 staves, 60 deals, 28 lds. firewood-Brown, Sons"
18891005p.278_p002.txt,89,Diamant Archangel,"9,799 deals and boards",YARMOUTH,"W. P. Brown, Sons. & Co.",,26,9,1889,5,10,1889,False,"26 Diamant Archangel-9,799 deals and boards-W. P. Brown, Sons. & Co."
18891005p.278_p002.txt,92,Rifondo,Drammen,BELFAST,"67,717 flooring boards",H. Hutton & Co.,24,9,1889,5,10,1889,False,"Sept. 24 Rifondo-Drammen-67,717 flooring boards-H. Hutton & Co."
18891005p.278_p002.txt,93,City of Lisbon,Rotterdam,BELFAST,"2,200 bdls. hoops",J. C. Pinkerton,27,9,1889,5,10,1889,False,"27 City of Lisbon-Rotterdam-2,200 bdls. hoops-J. C. Pinkerton"
18891005p.278_p002.txt,94,Fulen Head,Riga,BELFAST,"4,189 battens, 4,089 deals, 13,201 sleepers",G. Heyn & Sons,28,9,1889,5,10,1889,True,"28 Fulen Head -Riga-4,189 battens, 4,089 deals, 13,201 sleepers-G. Heyn & Sons ; 673 pcs. hewn fir, 1,000 sleepers, 130 lds. lathwood-J. Browne & Co."
18891005p.278_p002.txt,94,Fulen Head,Riga,BELFAST,"673 pcs. hewn fir, 1,000 sleepers, 130 lds. lathwood",J. Browne & Co.,28,9,1889,5,10,1889,True,"28 Fulen Head -Riga-4,189 battens, 4,089 deals, 13,201 sleepers-G. Heyn & Sons ; 673 pcs. hewn fir, 1,000 sleepers, 130 lds. lathwood-J. Browne & Co."
18891005p.278_p002.txt,98,Alba,Quebec,CORK,"16 pcs. hewn oak, 42 pcs. hewn fir, 526 pcs. sawn fir",Mary Coles-J. J. Eustace & Co.,27,9,1889,5,10,1889,False,"Sept. 27 Alba-Quebec-16 pcs. hewn oak, 42 pcs. hewn fir, 526 pcs. sawn fir-Mary Coles-J. J. Eustace & Co."
18891005p.278_p002.txt,101,Ravensdale,Windau,CORK,"24,000 pcs. sawn fir",W. Murphy,25,9,1889,5,10,1889,False,"25 Ravensdale-Windau-24,000 pcs. sawn fir-W. Murphy"
18891005p.278_p002.txt,103,Ellida,Drammen,DUBLIN,"3,210 pcs. flooring",Locke & Woods,18,9,1889,5,10,1889,False,"Sept. 18 Ellida-Drammen-3,210 pcs. flooring-Locke & Woods"
18891005p.278_p002.txt,104,Skien,Quebec,DUBLIN,"30 pcs. oak, 20 pcs. elm, 30 pcs. birch, 20 pcs. ash, 218 pcs. walnut, 14,664 deals, 30 pine boards",Wm. Graham,19,9,1889,5,10,1889,False,"19 Skien-Quebec-30 pcs. oak, 20 pcs. elm, 30 pcs. birch, 20 pcs. ash, 218 pcs. walnut, 14,664 deals, 30 pine boards-Wm. Graham"
18891005p.278_p002.txt,105,Hiawatha,Bay Verte,DUBLIN,"13,220 deals, 975 palings",Locke & Woods,21,9,1889,5,10,1889,False,"21 Hiawatha-Bay Verte-13,220 deals, 975 palings-Locke & Woods"
18891005p.278_p002.txt,106,Glencairn,Archangel,DUBLIN,"90,254 deals and ends, 92 fms. firwood",Robinsons,23,9,1889,5,10,1889,False,"23 Glencairn-Archangel-90,254 deals and ends, 92 fms. firwood-Robinsons"
18891005p.278_p002.txt,108,Scarmanga,Lulea,DUBLIN,48 fms. lathwood,Geo. Perry & Co.,24,9,1889,5,10,1889,False,"24 Scarmanga-Lulea-48 fms. lathwood-Geo. Perry & Co. ; 195,156 staves-M. Mooney"
18891005p.278_p002.txt,108,Scarmanga,Lulea,DUBLIN,"195,156 staves",M. Mooney,24,9,1889,5,10,1889,False,"24 Scarmanga-Lulea-48 fms. lathwood-Geo. Perry & Co. ; 195,156 staves-M. Mooney"
18891005p.278_p002.txt,111,Egmont,Drammen,DUNDALK,"43,621 boards, 20 spars, 328 deals",Thos. Williamson,24,9,1889,5,10,1889,False,"Sept. 24 Egmont-Drammen-43,621 boards, 20 spars, 328 deals-Thos. Williamson"
18891026p.4_p002.txt,2,Rosalind,Borga,"OCTOBER 26, 1889.]","710,642 pcs. spoolwood",J. & P. Coats,15,10,1889,26,10,1889,False,"15 Rosalind-Borga-710,642 pcs. spoolwood-J. & P. Coats; 3,026 deals-R. Hamilton"
18891026p.4_p002.txt,2,Rosalind,Borga,"OCTOBER 26, 1889.]","3,026 deals",R. Hamilton,15,10,1889,26,10,1889,False,"15 Rosalind-Borga-710,642 pcs. spoolwood-J. & P. Coats; 3,026 deals-R. Hamilton"
18891026p.4_p002.txt,3,Johanne,Quebec,"OCTOBER 26, 1889.]","140 pcs. oak, 136 pcs. elm, 89 pcs. ash, 157 pcs. red pine, 371 pcs. white pine, 1,214 pine deals, 473 pine deal ends, 1,518 spruce deals, 1,053 spruce deal ends, 619 pine deals, 3,600 w. o. W. I. staves, 104 pcs. red pine timber, 76 pcs. white pine",Order,16,10,1889,26,10,1889,False,"16 Johanne-Quebec-140 pcs. oak, 136 pcs. elm, 89 pcs. ash, 157 pcs. red pine, 371 pcs. white pine, 1,214 pine deals, 473 pine deal ends, 1,518 spruce deals, 1,053 spruce deal ends, 619 pine deals, 3,600 w. o. W. I. staves, 104 pcs. red pine timber, 76 pcs. white pine-Order"
18891026p.4_p002.txt,6,Herculee,Frederikshald,KIRKCALDY,"30,694 pit props",Love & Stewart,17,10,1889,26,10,1889,False,"Oct. 17 Herculee-Frederikshald-30,694 pit props-Love & Stewart"
18891026p.4_p002.txt,8,Columbine,Stettin,KIRKCALDY,"11,840 pit props",Bowman & Co.,19,10,1889,26,10,1889,False,"19 Columbine-Stettin-11,840 pit props-Bowman & Co."
18891026p.4_p002.txt,10,Trekroner,Cronstadt,LEITH,"5,939 deals, battens, and ends","Park, Dobson, & Co.",15,10,1889,26,10,1889,False,"Oct. 15 Trekroner-Cronstadt-5,939 deals, battens, and ends-Park, Dobson, & Co."
18891026p.4_p002.txt,12,Catharina,Riga,LEITH,"488 pcs. sawn fir, 3,169 deals, battens, and ends","Park, Dobson",16,10,1889,26,10,1889,False,"16 Catharina-Riga-488 pcs. sawn fir, 3,169 deals, battens, and ends-Park, Dobson"
18891026p.4_p002.txt,15,Garry,Riga,LEITH,"4,842 fir battens Stevenson",,17,10,1889,26,10,1889,True,"17 Garry -Riga-4,842 fir battens Stevenson"
18891026p.4_p002.txt,17,Alma,Abo,LEITH,"6,200 battens",Mitchell,18,10,1889,26,10,1889,False,"18 Alma-Abo-6,200 battens-Mitchell"
18891026p.4_p002.txt,18,Iris,Archangel,LEITH,"5,981 deals",D. W. Beattie,19,10,1889,26,10,1889,False,"19 Iris-Archangel-5,981 deals-D. W. Beattie"
18891026p.4_p002.txt,23,Nellie,Cronstadt,MONTROSE,"42,470 fir deals and battens",Robert Millar & Sons,15,10,1889,26,10,1889,True,"Oct. 15 Nellie -Cronstadt-42,470 fir deals and battens-Robert Millar & Sons"
18891026p.4_p002.txt,25,Nellie,Rafso,MONTROSE,20 lds. firewood,Robt. Taylor,17,10,1889,26,10,1889,False,17 Nellie-Rafso-20 lds. firewood-Robt. Taylor
18891026p.4_p002.txt,27,Elena,Pensacola,TROON,"659 pcs. sawn fir, 257 pitch pine deals",J. Wright & Son,16,10,1889,26,10,1889,False,"Oct. 16 Elena-Pensacola-659 pcs. sawn fir, 257 pitch pine deals-J. Wright & Son; 120 pcs. sawn pine, 6,314 pine deals-Robinson, Dunn, & Co."
18891026p.4_p002.txt,27,Elena,Pensacola,TROON,"120 pcs. sawn pine, 6,314 pine deals","Robinson, Dunn, & Co.",16,10,1889,26,10,1889,False,"Oct. 16 Elena-Pensacola-659 pcs. sawn fir, 257 pitch pine deals-J. Wright & Son; 120 pcs. sawn pine, 6,314 pine deals-Robinson, Dunn, & Co."
18891026p.4_p002.txt,28,Nistrok,Pensacola,TROON,"75 pcs. birch pine, 1,084 pine deals","Robinson, Dunn, & Co.",21,10,1889,26,10,1889,False,"21 Nistrok-Pensacola-75 pcs. birch pine, 1,084 pine deals-Robinson, Dunn, & Co."
18891026p.4_p002.txt,30,Pandora,Porsgrund,WICK,"65,200 birch staves",D. Sutherland,19,10,1889,26,10,1889,False,"Oct. 19 Pandora-Porsgrund-65,200 birch staves-D. Sutherland"
18891102p.5_p001.txt,5,Wagrien,Krageroe,ABERDEEN,"91,448 birch staves, 1,753 fir battens",Jas. Jack Stonehaven,23,10,1889,2,11,1889,False,"Oct. 23 Wagrien-Krageroe-91,448 birch staves, 1,753 fir battens-Jas. Jack Stonehaven"
18891102p.5_p001.txt,7,Freir,Porsgrund,ALLOA,"10,802 pcs. pitwood",Cowdenbeath Coal Co.,22,10,1889,2,11,1889,False,"Oct. 22 Freir-Porsgrund-10,802 pcs. pitwood-Cowdenbeath Coal Co."
18891102p.5_p001.txt,13,Condor,Krageroe,ALLOA,"5,934 pcs. pitwood",C. Salvesen & Co.,23,10,1889,2,11,1889,False,"23 Condor-Krageroe-5,934 pcs. pitwood-C. Salvesen & Co."
18891102p.5_p001.txt,17,Marstal,Risoer,ALLOA,",10,460 props",Madsen,24,10,1889,2,11,1889,False,"24 Marstal-Risoer-,10,460 props-Madsen"
18891102p.5_p001.txt,20,Emma Drammen,"27,157 props",ALLOA,Kirkwood,,25,10,1889,2,11,1889,False,"25 Emma Drammen-27,157 props-Kirkwood"
18891102p.5_p001.txt,24,Emilie,Oscarshamn,ALLOA,"8,647 props",Cowdenbeath Coal Co.,28,10,1889,2,11,1889,False,"28 Emilie-Oscarshamn-8,647 props-Cowdenbeath Coal Co."
18891102p.5_p001.txt,28,Jael,Sundswall,BANFF,"517 logs hewn fir, 1,721 deals and baltens, 1 ld. firewood",McPherson & Co.,24,10,1889,2,11,1889,False,"Oct. 24 Jael-Sundswall-517 logs hewn fir, 1,721 deals and baltens, 1 ld. firewood-McPherson & Co."
18891102p.5_p001.txt,30,Frederike,Fredrikshald,BORROWSTOUNNESS,"17,676 props",Love & Stewart,22,10,1889,2,11,1889,False,"Oct. 22 Frederike-Fredrikshald-17,676 props-Love & Stewart"
18891102p.5_p001.txt,31,Hilda,Toneberg,BORROWSTOUNNESS,"23,898 props",Donaldson,23,10,1889,2,11,1889,False,"23 Hilda-Toneberg-23,898 props-Donaldson"
18891102p.5_p001.txt,33,Talisman,Holmestrand,BORROWSTOUNNESS,"43,748 props","John S. Dymock, Smith, & Co.",24,10,1889,2,11,1889,False,"24 Talisman-Holmestrand-43,748 props-John S. Dymock, Smith, & Co."
18891102p.5_p001.txt,38,Concordia,Fredrikshald,BORROWSTOUNNESS,"20,793 props",Love,25,10,1889,2,11,1889,False,"25 Concordia-Fredrikshald-20,793 props-Love"
18891102p.5_p001.txt,42,Christine,Langesund,BORROWSTOUNNESS,"12,822 props",Stevenson & Dryman,28,10,1889,2,11,1889,False,"28 Christine-Langesund-12,822 props-Stevenson & Dryman"
18891102p.5_p001.txt,48,Firfur!,"Pataholm 10,665 battens",DUNDEE,J. Donaldson & Sons,,22,10,1889,2,11,1889,False,"Oct. 22 Firfur!-Pataholm 10,665 battens-J. Donaldson & Sons"
18891102p.5_p001.txt,56,State of Pennsylvania,New York,GLASGOW,436 pkgs. wood,Singer Manufacturing Co.,22,10,1889,2,11,1889,False,"Oct. 22 State of Pennsylvania-New York-436 pkgs. wood-Singer Manufacturing Co. ; 1,200 hogsheads staves, 1,200 barrel staves R. Hamilton & Co. ; 5 cars lumber-Order"
18891102p.5_p001.txt,56,State of Pennsylvania,New York,GLASGOW,"1,200 hogsheads staves, 1,200 barrel staves R. Hamilton & Co.",,22,10,1889,2,11,1889,False,"Oct. 22 State of Pennsylvania-New York-436 pkgs. wood-Singer Manufacturing Co. ; 1,200 hogsheads staves, 1,200 barrel staves R. Hamilton & Co. ; 5 cars lumber-Order"
18891102p.5_p001.txt,56,State of Pennsylvania,New York,GLASGOW,5 cars lumber,Order,22,10,1889,2,11,1889,False,"Oct. 22 State of Pennsylvania-New York-436 pkgs. wood-Singer Manufacturing Co. ; 1,200 hogsheads staves, 1,200 barrel staves R. Hamilton & Co. ; 5 cars lumber-Order"
18891102p.5_p001.txt,62,Warwick,Montreal,GLASGOW,"970 pcs. whitewood, 1,115 deals","Dunn, & Co.",26,10,1889,2,11,1889,False,"26 Warwick - Montreal - 970 pcs. whitewood, 1,115 deals-Dunn, & Co."
18891102p.5_p001.txt,63,Nestorian,Boston,GLASGOW,810 pcs. lumber,"Allison, Cousland, & Co.",28,10,1889,2,11,1889,False,"28 Nestorian-Boston-810 pcs. lumber-Allison, Cousland, & Co. ; 2,400 staves-Wright & Co. ; 626 pcs. whitewood-Singleton, Dunn, & Co."
18891102p.5_p001.txt,63,Nestorian,Boston,GLASGOW,"2,400 staves",Wright & Co.,28,10,1889,2,11,1889,False,"28 Nestorian-Boston-810 pcs. lumber-Allison, Cousland, & Co. ; 2,400 staves-Wright & Co. ; 626 pcs. whitewood-Singleton, Dunn, & Co."
18891102p.5_p001.txt,63,Nestorian,Boston,GLASGOW,626 pcs. whitewood,"Singleton, Dunn, & Co.",28,10,1889,2,11,1889,False,"28 Nestorian-Boston-810 pcs. lumber-Allison, Cousland, & Co. ; 2,400 staves-Wright & Co. ; 626 pcs. whitewood-Singleton, Dunn, & Co."
18891102p.5_p001.txt,65,Komet,Konigsberg,GRANGEMOUTH,"4,787 sleepers, 200 half",sleepers-W. Christie & Co.,21,10,1889,2,11,1889,False,"Oct 21 Komet-Konigsberg-4,787 sleepers, 200 half-sleepers-W. Christie & Co."
18891102p.5_p001.txt,70,Zeus,Narva 37 073 deals and battens,GRANGEMOUTH,P. & J. Wilkie,,22,10,1889,2,11,1889,False,22 Zeus-Narva 37 073 deals and battens-P. & J. Wilkie
18891102p.5_p001.txt,74,Waldemar,Riga,GRANGEMOUTH,676 pcs. deals and ends,Order,23,10,1889,2,11,1889,False,23 Waldemar-Riga-676 pcs. deals and ends-Order
18891102p.5_p001.txt,76,Asger Ryg Bjorneborg,"15,515 deals and battens",GRANGEMOUTH,P. & J. Wilkie,,24,10,1889,2,11,1889,False,"24 Asger Ryg Bjorneborg-15,515 deals and battens-P. & J. Wilkie"
18891102p.5_p001.txt,79,Eva,Bjorneborg,GRANGEMOUTH,"8,193 deals",J. T. Salvesen,25,10,1889,2,11,1889,False,"25 Eva-Bjorneborg-8,193 deals-J. T. Salvesen"
18891102p.5_p001.txt,81,Frithiof,Gothenburg,GRANTON,"13,290 props",Salvesen & Co.,23,10,1889,2,11,1889,True,"Oct. 23 Frithiof -Gothenburg-13,290 props-Salvesen & Co."
18891102p.5_p001.txt,85,Venus,Riga,GRANTON,"6,286 deals",Thomson & Co.,24,10,1889,2,11,1889,False,"24 Venus-Riga-6,286 deals-Thomson & Co."
18891102p.5_p001.txt,86,Lyo,Gothenburg,GRANTON,"15,515 props",Madsen,28,10,1889,2,11,1889,False,"28 Lyo-Gothenburg-15,515 props-Madsen"
18891102p.5_p001.txt,88,Brockley Castle,Mobile,GREENOCK,"1,146 pcs. sawn pitch pine timber, 3,935 pitch pine boards, 2,246 pitch pine deals R. Hamilton & Co,",,25,10,1889,2,11,1889,False,"Oct. 25 Brockley Castle-Mobile-1,146 pcs. sawn pitch pine timber, 3,935 pitch pine boards, 2,246 pitch pine deals R. Hamilton & Co,"
18891116p.2_p001.txt,100,Clutha,Rotterdam,ABERDEEN,"1,000 bdls. hoops",R. Connon,11,11,1889,16,11,1889,False,"Nov. 11 Clutha-Rotterdam-1,000 bdls. hoops-R. Connon"
18891116p.2_p001.txt,103,Flora,Cronstadt,ALLOA,"10,125 pit props",Madsen,5,11,1889,16,11,1889,False,"Nov. 5 Flora-Cronstadt-10,125 pit props-Madsen"
18891116p.2_p001.txt,106,Ellida,Gothenburg,ALLOA,"9,515 pit props",Johanson & Co.,6,11,1889,16,11,1889,False,"6 Ellida-Gothenburg-9,515 pit props-Johanson & Co."
18891116p.2_p001.txt,109,Record,Falkenberg,ALLOA,"10,518 pit props",Madsen,8,11,1889,16,11,1889,False,"8 Record-Falkenberg-10,518 pit props-Madsen"
18891116p.2_p001.txt,110,Martha,Stettin,ALLOA,"15,550 pit props",Love,11,11,1889,16,11,1889,False,"11 Martha-Stettin-15,550 pit props-Love"
18891116p.2_p001.txt,114,Exile,Neder Kalix,BANFF,"1,847 pcs. hewn fir, 1,782 pcs. sawn fir",J. Paterson & Co.,5,11,1889,16,11,1889,False,"Nov. 5 Exile-Neder Kalix-1,847 pcs. hewn fir, 1,782 pcs. sawn fir-J. Paterson & Co."
18891116p.2_p001.txt,117,Ellida,Riga,BORROWSTOUNNESS,"22,259 props",Love,5,11,1889,16,11,1889,False,"Nov. 5 Ellida-Riga-22,259 props-Love"
18891116p.2_p001.txt,118,Valborg,Falkenberg,BORROWSTOUNNESS,"7,611 props",J. Dymock,6,11,1889,16,11,1889,False,"6 Valborg-Falkenberg-7,611 props-J. Dymock"
18891116p.2_p001.txt,122,Joseph,Rafso,DUNDEE,"31,096 deals and battens",Bell & Sime,6,11,1889,16,11,1889,False,"Nov. 6 Joseph-Rafso-31,096 deals and battens-Bell & Sime"
18891116p.2_p001.txt,124,Lagertha,Ornskjoldsvik,DUNDEE,"16,210 battens",Fleming & Barry,7,11,1889,16,11,1889,False,"7 Lagertha - Ornskjoldsvik - 16,210 battens-Fleming & Barry"
18891116p.2_p001.txt,126,Biola,Sundswall,DUNDEE,12 lds. firewood,Pettersen,9,11,1889,16,11,1889,False,9 Biola-Sundswall-12 lds. firewood-Pettersen
18891116p.2_p001.txt,127,Esperance,Cronstadt,DUNDEE,"34 lds. firewood, 1,312 battens",H. Onsdurth & Co.,11,11,1889,16,11,1889,False,"11 Esperance-Cronstadt-34 lds. firewood, 1,312 battens-H. Onsdurth & Co."
18891116p.2_p001.txt,130,Manitoban,Halifax and Boston,GLASGOW,"1,600 staves",Edmiston & Mitchells,4,11,1889,16,11,1889,False,"Nov. 4 Manitoban-Halifax and Boston-1,600 staves-Edmiston & Mitchells"
18891116p.2_p001.txt,131,State of Georgia,New York,GLASGOW,"1,587 pkgs. wood",Singer Manufacturing Co.,5,11,1889,16,11,1889,False,"5 State of Georgia-New York-1,587 pkgs. wood-Singer Manufacturing Co."
18891116p.2_p001.txt,132,Devonia,New York,GLASGOW,279 pcs. oak lumber,Edmiston & Mitchells,6,11,1889,16,11,1889,False,"6 Devonia-New York-279 pcs. oak lumber-Edmiston & Mitchells ; 7,500 staves, 1,400 hhd. staves-Hattley Hay ; 9 cs. wood, 343 pcs. oak lumber-Order"
18891116p.2_p001.txt,132,Devonia,New York,GLASGOW,"7,500 staves, 1,400 hhd. staves",Hattley Hay,6,11,1889,16,11,1889,False,"6 Devonia-New York-279 pcs. oak lumber-Edmiston & Mitchells ; 7,500 staves, 1,400 hhd. staves-Hattley Hay ; 9 cs. wood, 343 pcs. oak lumber-Order"
18891116p.2_p001.txt,132,Devonia,New York,GLASGOW,"9 cs. wood, 343 pcs. oak lumber",Order,6,11,1889,16,11,1889,False,"6 Devonia-New York-279 pcs. oak lumber-Edmiston & Mitchells ; 7,500 staves, 1,400 hhd. staves-Hattley Hay ; 9 cs. wood, 343 pcs. oak lumber-Order"
18891116p.2_p001.txt,135,Australia,New York,GLASGOW,39 pkgs. wood,J. C. Parkes & Son,7,11,1889,16,11,1889,False,"7 Australia-New York-39 pkgs. wood-J. C. Parkes & Son ; 528 pcs. oak lumber-Kennedy & Co. ; 2,187 pcs. oak lumber-Wright & Breakenridge ; 287 pcs. oak lumber-Edmiston & Mitchells"
18891116p.2_p001.txt,135,Australia,New York,GLASGOW,528 pcs. oak lumber,Kennedy & Co.,7,11,1889,16,11,1889,False,"7 Australia-New York-39 pkgs. wood-J. C. Parkes & Son ; 528 pcs. oak lumber-Kennedy & Co. ; 2,187 pcs. oak lumber-Wright & Breakenridge ; 287 pcs. oak lumber-Edmiston & Mitchells"
18891116p.2_p001.txt,135,Australia,New York,GLASGOW,"2,187 pcs. oak lumber",Wright & Breakenridge,7,11,1889,16,11,1889,False,"7 Australia-New York-39 pkgs. wood-J. C. Parkes & Son ; 528 pcs. oak lumber-Kennedy & Co. ; 2,187 pcs. oak lumber-Wright & Breakenridge ; 287 pcs. oak lumber-Edmiston & Mitchells"
18891116p.2_p001.txt,135,Australia,New York,GLASGOW,287 pcs. oak lumber,Edmiston & Mitchells,7,11,1889,16,11,1889,False,"7 Australia-New York-39 pkgs. wood-J. C. Parkes & Son ; 528 pcs. oak lumber-Kennedy & Co. ; 2,187 pcs. oak lumber-Wright & Breakenridge ; 287 pcs. oak lumber-Edmiston & Mitchells"
18891116p.2_p001.txt,136,Scandinavian,Boston,GLASGOW,"57 bdls., 8 cs. wood",R. Wylie Hill & Co.,8,11,1889,16,11,1889,False,"8 Scandinavian-Boston-57 bdls., 8 cs. wood-R. Wylie Hill & Co. ; 3,600 staves-Wright & Breakenridge"
18891116p.2_p001.txt,136,Scandinavian,Boston,GLASGOW,"3,600 staves",Wright & Breakenridge,8,11,1889,16,11,1889,False,"8 Scandinavian-Boston-57 bdls., 8 cs. wood-R. Wylie Hill & Co. ; 3,600 staves-Wright & Breakenridge"
18891116p.2_p001.txt,141,Hiram,Sundswall,GRANGEMOUTH,"6,837 deals and battens",Order,4,11,1889,16,11,1889,False,"Nov. 4 Hiram-Sundswall-6,837 deals and battens-Order"
18891116p.2_p001.txt,142,Poseidon,Kalix,GRANGEMOUTH,"172,976 staves, 1,786 battens",J. & J. Wilkie,5,11,1889,16,11,1889,False,"5 Poseidon-Kalix-172,976 staves, 1,786 battens-J. & J. Wilkie"
18891116p.2_p001.txt,143,Svanen,Narva,GRANGEMOUTH,"5,548 deals and battens",Wilkie,7,11,1889,16,11,1889,False,"7 Svanen-Narva-5,548 deals and battens-Wilkie"
18891116p.2_p001.txt,146,Betty,Sundswall,GRANGEMOUTH,"19,777 battens",Wilkie,8,11,1889,16,11,1889,False,"8 Betty-Sundswall-19,777 battens-Wilkie"
18891116p.2_p001.txt,151,Frithiof,Gothenburg,GRANTON,"22,147 props, 56 lds. deals",C. Salvesen & Co.,5,11,1889,16,11,1889,False,"Nov. 5 Frithiof-Gothenburg-22,147 props, 56 lds. deals-C. Salvesen & Co."
18891116p.2_p001.txt,152,Bella,Stettin,GRANTON,"15,890 props",Madsen & Borch,11,11,1889,16,11,1889,False,"11 Bella-Stettin-15,890 props-Madsen & Borch"
18891116p.2_p001.txt,155,Abram Young,St. Annes des Montes,GREENOCK,"2,638 spruce palings, 938 spruce deals",Order,5,11,1889,16,11,1889,False,"Nov. 5 Abram Young-St. Annes des Montes-2,638 spruce palings, 938 spruce deals-Order ; 57,454 bdls. spoolwood-J. Coats"
18891116p.2_p001.txt,155,Abram Young,St. Annes des Montes,GREENOCK,"57,454 bdls. spoolwood",J. Coats,5,11,1889,16,11,1889,False,"Nov. 5 Abram Young-St. Annes des Montes-2,638 spruce palings, 938 spruce deals-Order ; 57,454 bdls. spoolwood-J. Coats"
18891116p.2_p001.txt,158,Norway,Quebec,GREENOCK,"151 pcs. oak, 382 pcs. waney pine, 2,387 white pine deals, 508 white pine deal ends, 730 red pine deals",F. Briggs,7,11,1889,16,11,1889,False,"7 Norway-Quebec-151 pcs. oak, 382 pcs. waney pine, 2,387 white pine deals, 508 white pine deal ends, 730 red pine deals-F. Briggs"
18891116p.2_p001.txt,159,Festina Lente,Quebec,GREENOCK,166 pcs. oak,Edmiston & Mitchells,8,11,1889,16,11,1889,False,"8 Festina Lente-Quebec-166 pcs. oak-Edmiston & Mitchells ; 75 pcs. elm, 22 pcs. birch, 59 pcs. maple, 9 pcs. round hickory, 184 pcs. waney pine, 552 pcs. square white pine, 4,329 spruce deals, 1,000 spruce deal ends-Hunter, Sheriff, & Co."
18891116p.2_p001.txt,159,Festina Lente,Quebec,GREENOCK,"75 pcs. elm, 22 pcs. birch, 59 pcs. maple, 9 pcs. round hickory, 184 pcs. waney pine, 552 pcs. square white pine, 4,329 spruce deals, 1,000 spruce deal ends","Hunter, Sheriff, & Co.",8,11,1889,16,11,1889,False,"8 Festina Lente-Quebec-166 pcs. oak-Edmiston & Mitchells ; 75 pcs. elm, 22 pcs. birch, 59 pcs. maple, 9 pcs. round hickory, 184 pcs. waney pine, 552 pcs. square white pine, 4,329 spruce deals, 1,000 spruce deal ends-Hunter, Sheriff, & Co."
18891116p.2_p001.txt,162,Ploughman,Rafso,INVERNESS,"6,983 fir battens",G. Milne & Co.,6,11,1889,16,11,1889,False,"Nov. 6 Ploughman-Rafso-6,983 fir battens-G. Milne & Co."
18891116p.2_p001.txt,165,Meerkoenig,Riga,KIRKCALDY,"11,732 pit props",Fife Coal Co.,9,11,1889,16,11,1889,False,"Nov. 9 Meerkoenig-Riga-11,732 pit props-Fife Coal Co."
18891116p.2_p001.txt,168,Emblem,Hernosand,LEITH,"11,341 fir battens",A. Garland & Roger,5,11,1889,16,11,1889,False,"Nov. 5 Emblem-Hernosand-11,341 fir battens-A. Garland & Roger"
18891116p.2_p001.txt,171,Diamond,St. Petersburg,LEITH,"9,501 fir battens, 30 lds. firewood",Hugh Blaik & Co.,6,11,1889,16,11,1889,True,"6 Diamond -St. Petersburg-9,501 fir battens, 30 lds. firewood-Hugh Blaik & Co."
18891116p.2_p001.txt,173,Jason,Hallsta,LEITH,"4 lds. firewood, 72 fir boards",M. J. Ellingsen,7,11,1889,16,11,1889,False,"7 Jason-Hallsta-4 lds. firewood, 72 fir boards-M. J. Ellingsen"
18891116p.2_p001.txt,175,Czar,Cronstadt,LEITH,"7,114 deals and battens, 60 lds. firewood",W. Thomson & Co.,8,11,1889,16,11,1889,False,"8 Czar-Cronstadt-7,114 deals and battens, 60 lds. firewood-W. Thomson & Co."
18891207p.3_p002.txt,6,Amulet,Rotterdam,LEITH,270 bdls. hoops,G. Gibson & Co.,29,11,1889,7,12,1889,False,Nov. 29 Amulet-Rotterdam-270 bdls. hoops-G. Gibson & Co.
18891207p.3_p002.txt,8,Livonia,Riga,LEITH,13 lds. lathwood,Jas. Cormack,2,12,1889,7,12,1889,False,Dec. 2 Livonia-Riga-13 lds. lathwood-Jas. Cormack
18891207p.3_p002.txt,14,Cupido,Drammen,LERWICK,"1,891 fir battens, 110 bdls, laths, 75 fir spars, 8 lds. firewood, 28 pcs. hewn birch",A. S. Stone,21,11,1889,7,12,1889,False,"Nov. 21 Cupido-Drammen-1,891 fir battens, 110 bdls, laths, 75 fir spars, 8 lds. firewood, 28 pcs. hewn birch-A. S. Stone"
18891207p.3_p002.txt,17,Mauritius,Memel,TROON,"11,000 fir sleepers",A. Bruce & Co.,30,11,1889,7,12,1889,False,"Nov. 30 Mauritius-Memel-11,000 fir sleepers-A. Bruce & Co."
18891207p.3_p002.txt,18,Clandine,Bay Verte,TROON,"20,737 deals and ends",Brownlee & Co.,2,12,1889,7,12,1889,False,"Dec. 2 Clandine-Bay Verte-20,737 deals and ends-Brownlee & Co."
18891207p.477_p002.txt,9,Thorsten,Gothenburg,MILLWALL DOCKS,"1,989 pkgs. joinery",J. Sandell & Co.,2,12,1889,7,12,1889,True,"Dec. 2 Thorsten -Gothenburg-1,989 pkgs. joinery-J. Sandell & Co. ; 3 pkgs. turned wood-Maxime & Co. ; 56 pkgs. turned wood-J. W. Uloth & Co. ; 1,900 bdls. laths -Simson & Mason ; 1,070 pkgs. joinery, 15 fms. firewood-Order"
18891207p.477_p002.txt,9,Thorsten,Gothenburg,MILLWALL DOCKS,3 pkgs. turned wood,Maxime & Co.,2,12,1889,7,12,1889,True,"Dec. 2 Thorsten -Gothenburg-1,989 pkgs. joinery-J. Sandell & Co. ; 3 pkgs. turned wood-Maxime & Co. ; 56 pkgs. turned wood-J. W. Uloth & Co. ; 1,900 bdls. laths -Simson & Mason ; 1,070 pkgs. joinery, 15 fms. firewood-Order"
18891207p.477_p002.txt,9,Thorsten,Gothenburg,MILLWALL DOCKS,56 pkgs. turned wood,J. W. Uloth & Co.,2,12,1889,7,12,1889,True,"Dec. 2 Thorsten -Gothenburg-1,989 pkgs. joinery-J. Sandell & Co. ; 3 pkgs. turned wood-Maxime & Co. ; 56 pkgs. turned wood-J. W. Uloth & Co. ; 1,900 bdls. laths -Simson & Mason ; 1,070 pkgs. joinery, 15 fms. firewood-Order"
18891207p.477_p002.txt,9,Thorsten,Gothenburg,MILLWALL DOCKS,"1,900 bdls. laths",Simson & Mason,2,12,1889,7,12,1889,True,"Dec. 2 Thorsten -Gothenburg-1,989 pkgs. joinery-J. Sandell & Co. ; 3 pkgs. turned wood-Maxime & Co. ; 56 pkgs. turned wood-J. W. Uloth & Co. ; 1,900 bdls. laths -Simson & Mason ; 1,070 pkgs. joinery, 15 fms. firewood-Order"
18891207p.477_p002.txt,9,Thorsten,Gothenburg,MILLWALL DOCKS,"1,070 pkgs. joinery, 15 fms. firewood",Order,2,12,1889,7,12,1889,True,"Dec. 2 Thorsten -Gothenburg-1,989 pkgs. joinery-J. Sandell & Co. ; 3 pkgs. turned wood-Maxime & Co. ; 56 pkgs. turned wood-J. W. Uloth & Co. ; 1,900 bdls. laths -Simson & Mason ; 1,070 pkgs. joinery, 15 fms. firewood-Order"
18891207p.477_p002.txt,15,Berlin,Stettin,MILLWALL DOCKS,51 bdls. pinewood,Order,4,12,1889,7,12,1889,True,4 Berlin -Stettin-51 bdls. pinewood-Order
18891207p.477_p002.txt,17,Leila,Stugsund,REGENT'S CANAL DOCKS,470 stds. deals and battens,Order,30,11,1889,7,12,1889,True,Nov 30 Leila -Stugsund-470 stds. deals and battens-Order
18891207p.477_p002.txt,18,Ane,Nysted,REGENT'S CANAL DOCKS,828 pcs. birchwood,Order,4,12,1889,7,12,1889,False,Dec. 4 Ane-Nysted-828 pcs. birchwood-Order
18891207p.477_p002.txt,20,Canada,New York,ROYAL ALBERT DOCKS,"1,150 pcs. lumber",Churchill & Sim,30,11,1889,7,12,1889,True,"Nov. 30 Canada -New York-1,150 pcs. lumber-Churchill & Sim; 150 cs. handspikes, 475 no., 1 cs. oars-Cunningham"
18891207p.477_p002.txt,20,Canada,New York,ROYAL ALBERT DOCKS,"150 cs. handspikes, 475 no., 1 cs. oars",Cunningham,30,11,1889,7,12,1889,True,"Nov. 30 Canada -New York-1,150 pcs. lumber-Churchill & Sim; 150 cs. handspikes, 475 no., 1 cs. oars-Cunningham"
18891207p.477_p002.txt,22,Reiher,Bremen,ST. KATHARINE'S DOCKS,"1,203 beech planks",Order,3,12,1889,7,12,1889,True,"Dec. 3 Reiher -Bremen-1,203 beech planks-Order"
18891207p.477_p002.txt,24,Maryland,Baltimore,TILBURY DOCKS,"897 pcs. lumber, 43 elm logs",Churchill & Sim,2,12,1889,7,12,1889,True,"Dec. 2 Maryland -Baltimore-897 pcs. lumber, 43 elm logs-Churchill & Sim; 8 bxs. mouldings-S. P. Lipscombe & Co. ; 3,600 hhd. staves-Hattley Hay; 616 pcs. lumber-Order"
18891207p.477_p002.txt,24,Maryland,Baltimore,TILBURY DOCKS,8 bxs. mouldings,S. P. Lipscombe & Co.,2,12,1889,7,12,1889,True,"Dec. 2 Maryland -Baltimore-897 pcs. lumber, 43 elm logs-Churchill & Sim; 8 bxs. mouldings-S. P. Lipscombe & Co. ; 3,600 hhd. staves-Hattley Hay; 616 pcs. lumber-Order"
18891207p.477_p002.txt,24,Maryland,Baltimore,TILBURY DOCKS,"3,600 hhd. staves",Hattley Hay,2,12,1889,7,12,1889,True,"Dec. 2 Maryland -Baltimore-897 pcs. lumber, 43 elm logs-Churchill & Sim; 8 bxs. mouldings-S. P. Lipscombe & Co. ; 3,600 hhd. staves-Hattley Hay; 616 pcs. lumber-Order"
18891207p.477_p002.txt,24,Maryland,Baltimore,TILBURY DOCKS,616 pcs. lumber,Order,2,12,1889,7,12,1889,True,"Dec. 2 Maryland -Baltimore-897 pcs. lumber, 43 elm logs-Churchill & Sim; 8 bxs. mouldings-S. P. Lipscombe & Co. ; 3,600 hhd. staves-Hattley Hay; 616 pcs. lumber-Order"
18891207p.477_p002.txt,26,Oranmore,Baltimore,VICTORIA DOCKS,"3,545 pcs. oak lumber, 2,930 oak squares, 5,646 oak strips",Churchill & Sim,2,12,1889,7,12,1889,True,"Dec. 2 Oranmore -Baltimore-3,545 pcs. oak lumber, 2,930 oak squares, 5,646 oak strips -Churchill & Sim; 536 pcs. oak-Order"
18891207p.477_p002.txt,26,Oranmore,Baltimore,VICTORIA DOCKS,536 pcs. oak,Order,2,12,1889,7,12,1889,True,"Dec. 2 Oranmore -Baltimore-3,545 pcs. oak lumber, 2,930 oak squares, 5,646 oak strips -Churchill & Sim; 536 pcs. oak-Order"
18891207p.477_p002.txt,28,Castlegate,Riga,VICTORIA DOCKS,"2,100 t. sleeper blocks",Order,4,12,1889,7,12,1889,True,"4 Castlegate -Riga-2,100 t. sleeper blocks-Order"
18891207p.477_p002.txt,30,Albatross,Bordeaux,B. & F. WHARF,590 rolls wood hoops,Order,2,12,1889,7,12,1889,True,Dec. 2 Albatross -Bordeaux-590 rolls wood hoops-Order
18891207p.477_p002.txt,32,Scandia,Drammen,NORTHFLEET,"1,167,660 staves","With, Webster, & Co.",30,11,1889,7,12,1889,False,"Nov. 30 Scandia-Drammen-1,167,660 staves-With, Webster, & Co."
18891207p.477_p002.txt,33,Dannevirke,Bjorneborg,NORTHFLEET,"493,106 staves","Duus, Brown, & Co.",4,12,1889,7,12,1889,False,"Dec. 4 Dannevirke-Bjorneborg-493,106 staves -Duus, Brown, & Co."
18891207p.477_p002.txt,35,Kottingham,Danzig,SILVERTOWN,"7,247 sleepers, 1,225 half","sleepers, 293 pcs. timber-Order",4,12,1889,7,12,1889,True,"Dec. 4 Kottingham -Danzig-7,247 sleepers, 1,225 half-sleepers, 293 pcs. timber-Order"
18891207p.477_p002.txt,37,Howards,Riga,MIDDLESBROUGH,"11,886 round poles, 2,447 square sleepers, 661 square sleeper blocks, 15 lds. firewood",C. Calder & Co.,27,11,1889,7,12,1889,True,"Nov. 27 Howards -Riga-11,886 round poles, 2,447 square sleepers, 661 square sleeper blocks, 15 lds. firewood-C. Calder & Co."
18891207p.477_p002.txt,38,Patterdale,Riga,MIDDLESBROUGH,"14,940 pcs. hewn fir, 3,708 sleepers, 2,706 pcs. firewood",C. Calder,30,11,1889,7,12,1889,True,"30 Patterdale -Riga-14,940 pcs. hewn fir, 3,708 sleepers, 2,706 pcs. firewood-C. Calder"
18891207p.477_p002.txt,39,Kvik,Krageroe,MIDDLESBROUGH,"778 pcs. square timber, 1,591 props",W. J. Watson & Co.,2,12,1889,7,12,1889,False,"Dec. 2 Kvik-Krageroe-778 pcs. square timber, 1,591 props-W. J. Watson & Co."
18891207p.477_p002.txt,42,Azira,Christiansand,NEWPORT,150 lds. pitwood,Tredegar Iron and Coal Co.,2,12,1889,7,12,1889,False,Dec. 2 Azira-Christiansand-150 lds. pitwood-Tredegar Iron and Coal Co.
18891207p.477_p002.txt,44,G. M. Carins,Quebec,PLYMOUTH,"77 pcs. hewn oak, 1,075 pcs. hewn fir, 4,133 pcs. sawn fir",R. & R. Bayly,30,11,1889,7,12,1889,False,"Nov. 30 G. M. Carins-Quebec-77 pcs. hewn oak, 1,075 pcs. hewn fir, 4,133 pcs. sawn fir-R. & R. Bayly"
18891207p.477_p002.txt,46,Helene,Memel,PORTSMOUTH,"1,182 pcs. hewn fir, 283 hewn fir ends, 365 deals and ends, 850 sleeper blocks",Thomas Bailey,27,11,1889,7,12,1889,False,"Nov. 27 Helene-Memel-1,182 pcs. hewn fir, 283 hewn fir ends, 365 deals and ends, 850 sleeper blocks-Thomas Bailey"
18891207p.477_p002.txt,47,Schadberg,Fredrikshald,PORTSMOUTH,"38,246 battens and boards",L. A. Van Den Bergh,2,12,1889,7,12,1889,False,"Dec. 2 Schadberg-Fredrikshald-38,246 battens and boards-L. A. Van Den Bergh"
18891207p.477_p002.txt,49,Atrato,Gefle,SHOREHAM,505 lds. sawn fir,Robt. H. Penney,2,12,1889,7,12,1889,False,Dec. 2 Atrato-Gefle-505 lds. sawn fir-Robt. H. Penney
18891207p.477_p002.txt,51,Alice Cooper,St. Simon's,SUNDERLAND,"1,541 pcs. pitch pine fir, 177 pitch pine deals",Short Bros.,2,12,1889,7,12,1889,False,"Dec. 2 Alice Cooper - St. Simon's - 1,541 pcs. pitch pine fir, 177 pitch pine deals-Short Bros."
18891207p.477_p002.txt,58,Annie,Campbellton,SWANSEA,"23,117 pcs. sawn birch, 816 pcs. sawn pine, 4,507 pcs. sawn fir",Gregor Bros.,26,11,1889,7,12,1889,False,"Nov. 26 Annie-Campbellton-23,117 pcs. sawn birch, 816 pcs. sawn pine, 4,507 pcs. sawn fir-Gregor Bros."
18891207p.477_p002.txt,59,Annie y Nonne,Bordeaux,SWANSEA,55 lds. pitwood,Vivian & Sons,27,11,1889,7,12,1889,False,27 Annie y Nonne-Bordeaux-55 lds. pitwood-Vivian & Sons
18891207p.477_p002.txt,62,Prospero,Christiania,TYNE,"190 lds. mining timber, 118 bales wood pulp",Order,26,11,1889,7,12,1889,True,"Nov. 26 Prospero -Christiania-190 lds. mining timber, 118 bales wood pulp-Order; from Laurvig-70 lds. flooring boards, 8 lds. firewood-J. Scott"
18891207p.477_p002.txt,62,Prospero,Christiania,TYNE,from Laurvig,"70 lds. flooring boards, 8 lds. firewood-J. Scott",26,11,1889,7,12,1889,True,"Nov. 26 Prospero -Christiania-190 lds. mining timber, 118 bales wood pulp-Order; from Laurvig-70 lds. flooring boards, 8 lds. firewood-J. Scott"
18891207p.477_p002.txt,65,Littuania,Memel,TYNE,"3,437 deals",J. P. Wardle,30,11,1889,7,12,1889,False,"30 Littuania-Memel-3,437 deals-J. P. Wardle; 4,054 deals-Robson, Miller, & Co. ; 468 deals-Clayton & Armstrong; 1,680 deal ends-R. Thubron & Co."
18891207p.477_p002.txt,65,Littuania,Memel,TYNE,"4,054 deals","Robson, Miller, & Co.",30,11,1889,7,12,1889,False,"30 Littuania-Memel-3,437 deals-J. P. Wardle; 4,054 deals-Robson, Miller, & Co. ; 468 deals-Clayton & Armstrong; 1,680 deal ends-R. Thubron & Co."
18891207p.477_p002.txt,65,Littuania,Memel,TYNE,468 deals,Clayton & Armstrong,30,11,1889,7,12,1889,False,"30 Littuania-Memel-3,437 deals-J. P. Wardle; 4,054 deals-Robson, Miller, & Co. ; 468 deals-Clayton & Armstrong; 1,680 deal ends-R. Thubron & Co."
18891207p.477_p002.txt,65,Littuania,Memel,TYNE,"1,680 deal ends",R. Thubron & Co.,30,11,1889,7,12,1889,False,"30 Littuania-Memel-3,437 deals-J. P. Wardle; 4,054 deals-Robson, Miller, & Co. ; 468 deals-Clayton & Armstrong; 1,680 deal ends-R. Thubron & Co."
18891207p.477_p002.txt,67,Orrik,Gothenburg,TYNE,"5,406 sleepers, 32,786 pit props, 712 pkgs. doors",Order,2,12,1889,7,12,1889,True,"Dec. 2 Orrik -Gothenburg-5,406 sleepers, 32,786 pit props, 712 pkgs. doors-Order"
18891207p.477_p002.txt,88,Max,Wyborg,WISBECH,"12,097 deals and battens",English Bros.,30,11,1889,7,12,1889,False,"Nov. 30 Max-Wyborg-12,097 deals and battens -English Bros."
18891207p.477_p002.txt,90,Urda,Gefle,YARMOUTH,"7,790 deals, battens, and boards",Jewson & Sons,29,11,1889,7,12,1889,False,"Nov. 29 Urda-Gefle-7,790 deals, battens, and boards-Jewson & Sons"
18891207p.477_p002.txt,93,County of Forfar,Quebec,BELFAST,"33,042 pine deals",Robb Bros.,26,11,1889,7,12,1889,False,"Nov. 26 County of Forfar-Quebec-33,042 pine deals-Robb Bros."
18891207p.477_p002.txt,99,Concairen,Quebec,WATERFORD,"19,161 fir deals",Cox Bros. & Co.,30,11,1889,7,12,1889,False,"Nov. 30 Concairen-Quebec-19,161 fir deals-Cox Bros. & Co."
18900111p.4.txt,13,Scandinavia,Skien,ALLOA,"6,130 pit props",Jas. Kennedy & Co.,30,12,1890,11,1,1890,False,"Dec. 30 Scandinavia-Skien-6,130 pit props-Jas. Kennedy & Co."
18900111p.4.txt,15,Louise,Laurvig,ALLOA,"21,058 pit props",Kirkwood,31,12,1890,11,1,1890,False,"31 Louise-Laurvig-21,058 pit props-Kirkwood"
18900111p.4.txt,16,S. J. Lund,Laurvig,ALLOA,"16,148 pit props",Kirkwood & Co.,2,1,1890,11,1,1890,False,"Jan. 2 S. J. Lund-Laurvig-16,148 pit props-Kirkwood & Co."
18900111p.4.txt,17,Martha,Risoer,ALLOA,"15,395 props, 551 deals",Madsen & Borch,3,1,1890,11,1,1890,False,"3 Martha-Risoer-15,395 props, 551 deals-Madsen & Borch"
18900111p.4.txt,18,Faders Minde,Krageroe,ALLOA,"12,943 props",Madsen & Borch,6,1,1890,11,1,1890,False,"6 Faders Minde-Krageroe-12,943 props-Madsen & Borch"
18900111p.4.txt,21,Cæsar,Falkenberg,BORROWSTOUNNESS,"8,865 pit props",Love & Stewart,31,12,1890,11,1,1890,False,"Dec. 31 Cæsar-Falkenberg-8,865 pit props-Love & Stewart"
18900111p.4.txt,23,Sella,Holmestrand,BORROWSTOUNNESS,"10,499 pcs. pitwood",Stevenson & Drynan,2,1,1890,11,1,1890,False,"Jan. 2 Sella-Holmestrand-10,499 pcs. pitwood-Stevenson & Drynan"
18900111p.4.txt,25,Eliezer,Gothenburg,BORROWSTOUNNESS,"7,432 pcs. pitwood",J. Denholm & Co.,6,1,1890,11,1,1890,False,"6 Eliezer-Gothenburg-7,432 pcs. pitwood-J. Denholm & Co."
18900111p.4.txt,28,Lorenzo,Mobile,DUNDEE,"40 pcs. hewn fir, 12,376 pcs. sawn fir",Bell & Sime,6,1,1890,11,1,1890,False,"Jan. 6 Lorenzo-Mobile-40 pcs. hewn fir, 12,376 pcs. sawn fir-Bell & Sime"
18900111p.4.txt,32,Serica,Baltimore,GLASGOW,847 pcs. oak lumber,R. Hamilton & Co.,31,12,1890,11,1,1890,False,"Dec. 31 Serica-Baltimore-847 pcs. oak lumber-R. Hamilton & Co. ; 25 logs walnut, 3,438 pcs. walnut, 5,975 staves-Order"
18900111p.4.txt,32,Serica,Baltimore,GLASGOW,"25 logs walnut, 3,438 pcs. walnut, 5,975 staves",Order,31,12,1890,11,1,1890,False,"Dec. 31 Serica-Baltimore-847 pcs. oak lumber-R. Hamilton & Co. ; 25 logs walnut, 3,438 pcs. walnut, 5,975 staves-Order"
18900111p.4.txt,35,Anchoria,New York,GLASGOW,"80 pcs. oak lumber, 2,200 hhd. staves, 1,827 brl. staves, 6,031 half",brl. staves-Order,2,1,1890,11,1,1890,False,"Jan. 2 Anchoria-New York-80 pcs. oak lumber, 2,200 hhd. staves, 1,827 brl. staves, 6,031 half-brl. staves-Order"
18900111p.4.txt,70,Der Kurlander,Windau,GRANGEMOUTH,"1,034 pcs. timber, 1,862 deals and battens",Wilkie,30,12,1890,11,1,1890,False,"Dec. 30 Der Kurlander-Windau-1,034 pcs. timber, 1,862 deals and battens-Wilkie"
18900111p.4.txt,73,Choice,Pensacola,GREENOCK,"2,308 pitch pine logs, 316 pitch pine planks",M. Carswell,2,1,1890,11,1,1890,False,"Jan. 2 Choice-Pensacola-2,308 pitch pine logs, 316 pitch pine planks-M. Carswell"
18900111p.4.txt,74,James Malam,Riga,GREENOCK,"16,373 fir sleepers",A. Bruce & Co.,31,1,1890,11,1,1890,False,"31 James Malam-Riga-16,373 fir sleepers-A. Bruce & Co."
18900111p.4.txt,75,Annchen,Riga,GREENOCK,"4,520 deals and battens",J. Donaldson & Sons,2,1,1890,11,1,1890,False,"2 Annchen-Riga-4,520 deals and battens-J. Donaldson & Sons"
18900111p.4.txt,78,Cabar Feidh,Drammen,KIRKWALL,"3,960 pcs. sawn fir","Samuel Baikie, jun.",31,12,1890,11,1,1890,False,"Dec. 31 Cabar Feidh-Drammen-3,960 pcs. sawn fir-Samuel Baikie, jun."
18900111p.4.txt,81,Penelope,Riga,LEITH,"2,000 oak spokes, 112 lds. lathwood, 1,678 deals",Jas. Cormack,3,1,1890,11,1,1890,False,"Jan. 3 Penelope-Riga-2,000 oak spokes, 112 lds. lathwood, 1,678 deals-Jas. Cormack"
18900111p.4.txt,83,Talisman,Rotterdam,LEITH,15 lds. hoops,G. Gibson & Co.,6,1,1890,11,1,1890,False,6 Talisman-Rotterdam-15 lds. hoops-G. Gibson & Co.
18900111p.4.txt,86,Jasper,Riga,MONTROSE,"2,755 pcs. lathwood",East Mill Co. and others,3,1,1890,11,1,1890,True,"Jan. 3 Jasper -Riga-2,755 pcs. lathwood-East Mill Co. and others"
18900111p.4.txt,89,Agusta,Gothenburg,PETERHEAD,"8,772 battens",A. Creighton & Co.,30,12,1890,11,1,1890,False,"Dec. 30 Agusta-Gothenburg-8,772 battens-A. Creighton & Co."
18910103p.15_p002.txt,4,Montana,Baltimore,TILBURY DOCKS,19 logs walnut,Churchill & Sim,27,12,1891,3,1,1891,True,"Dec. 27 Montana -Baltimore-19 logs walnut-Churchill & Sim; 483 bdls. satin walnut, 78 logs walnut-Order"
18910103p.15_p002.txt,4,Montana,Baltimore,TILBURY DOCKS,"483 bdls. satin walnut, 78 logs walnut",Order,27,12,1891,3,1,1891,True,"Dec. 27 Montana -Baltimore-19 logs walnut-Churchill & Sim; 483 bdls. satin walnut, 78 logs walnut-Order"
18910103p.15_p002.txt,7,Narva,Venice,MILLWALL DOCKS,923 walnut planks,Order,29,12,1891,3,1,1891,True,Dec. 29 Narva -Venice-923 walnut planks-Order
18910103p.15_p002.txt,10,Rainbow,Hambro',OTHER DOCKS AND WHARVES,43 logs satin,wood-Order,23,12,1891,3,1,1891,True,Dec. 23 Rainbow -Hambro'-43 logs satin-wood-Order
18910103p.15_p002.txt,13,British Queen,Havre,LIVERPOOL,415 pcs. lignum,"vita, 1,389 pcs. yellowwood, 1,917 pcs. logwood, qty. other wood-Order",23,12,1891,3,1,1891,True,"Dec. 23 British Queen -Havre-415 pcs. lignum-vita, 1,389 pcs. yellowwood, 1,917 pcs. logwood, qty. other wood-Order"
18910103p.15_p002.txt,19,Britannie,New York,LIVERPOOL,544 pcs. satinwood,B. Hall & Co.,27,12,1891,3,1,1891,True,27 Britannie -New York-544 pcs. satinwood-B. Hall & Co.; 72 lancewood spars-Order
18910103p.15_p002.txt,19,Britannie,New York,LIVERPOOL,72 lancewood spars,Order,27,12,1891,3,1,1891,True,27 Britannie -New York-544 pcs. satinwood-B. Hall & Co.; 72 lancewood spars-Order
18910103p.15_p002.txt,26,Caledonian,Laguna & Schofield ends mahogany,WEST INDIA DOCK,"Skelton & Squares, 1,507 planks, 160 scantlings teak",Hen lerson,24,12,1891,3,1,1891,False,"Dec. 24 Caledonian-Laguna & Schofield ends mahogany-Skelton & Squares, 1,507 planks, 160 scantlings teak-Hen lerson"
18910103p.15_p002.txt,27,J. M. Nipoti,Bangkok,WEST INDIA DOCK,"1,224 log ends",,27,12,1891,3,1,1891,False,"27 J. M. Nipoti-Bangkok-1,224 log ends"
18910103p.15_p002.txt,29,Strathspey,Jamaica 13 t. cocuswood,WEST INDIA DOCK,Levy & Co.,,29,12,1891,3,1,1891,True,"29 Strathspey -Jamaica 13 t. cocuswood-Levy & Co.; 15 t. bitterwood-Hales & Co.; 84 t. lignum-vitæ, 85 t. cocus ebony, 10 t. fustic, 96 t. logwood roots, 23 t. log-wood, 1 t. bitterwood-Order"
18910103p.15_p002.txt,29,Strathspey,Jamaica 13 t. cocuswood,WEST INDIA DOCK,15 t. bitterwood,Hales & Co.,29,12,1891,3,1,1891,True,"29 Strathspey -Jamaica 13 t. cocuswood-Levy & Co.; 15 t. bitterwood-Hales & Co.; 84 t. lignum-vitæ, 85 t. cocus ebony, 10 t. fustic, 96 t. logwood roots, 23 t. log-wood, 1 t. bitterwood-Order"
18910103p.15_p002.txt,29,Strathspey,Jamaica 13 t. cocuswood,WEST INDIA DOCK,84 t. lignum,"vitæ, 85 t. cocus ebony, 10 t. fustic, 96 t. logwood roots, 23 t. log-wood, 1 t. bitterwood-Order",29,12,1891,3,1,1891,True,"29 Strathspey -Jamaica 13 t. cocuswood-Levy & Co.; 15 t. bitterwood-Hales & Co.; 84 t. lignum-vitæ, 85 t. cocus ebony, 10 t. fustic, 96 t. logwood roots, 23 t. log-wood, 1 t. bitterwood-Order"
18910103p.15_p002.txt,35,Stanley,Rangoon,VICTORIA AND ALBERT DOCKS,"46 bdls., 5 hardwood",Order,29,12,1891,3,1,1891,False,"Dec. 29 Stanley-Rangoon-46 bdls., 5 hardwood-Order"
18910103p.15_p002.txt,44,Tenerife,Assinee,VICTORIA AND ALBERT DOCKS,41 logs mahogany,F. & A. Swanzy,29,12,1891,3,1,1891,True,29 Tenerife -Assinee-41 logs mahogany-F. & A. Swanzy; from Grand Bassom-8 logs mahogany-F. & A. Swanzy
18910103p.15_p002.txt,44,Tenerife,Assinee,VICTORIA AND ALBERT DOCKS,from Grand Bassom,8 logs mahogany-F. & A. Swanzy,29,12,1891,3,1,1891,True,29 Tenerife -Assinee-41 logs mahogany-F. & A. Swanzy; from Grand Bassom-8 logs mahogany-F. & A. Swanzy
18910502p.5_p001.txt,20,Skulda,Risoer,ABERDEEN,"270 lds. pit props, 196 sawn boards",Tait & Sons,22,4,1891,2,5,1891,False,"April 22 Skulda-Risoer-270 lds. pit props, 196 sawn boards-Tait & Sons"
18910502p.5_p001.txt,21,Emma,Danzig,ABERDEEN,"461 pcs. hewn fir, 196 ends sawn fir",Fleming & Co.,24,4,1891,2,5,1891,False,"24 Emma-Danzig-461 pcs. hewn fir, 196 ends sawn fir-Fleming & Co."
18910502p.5_p001.txt,23,Svante,Oscarshamn,ALLOA,"7,712 pit props",Alloa Coal Co.,21,4,1891,2,5,1891,False,"April 21 Svante-Oscarshamn-7,712 pit props-Alloa Coal Co."
18910502p.5_p001.txt,24,Treport,Drobak,ALLOA,"30,846 pit props",Kirkwood,22,4,1891,2,5,1891,False,"22 Treport-Drobak-30,846 pit props-Kirkwood"
18910502p.5_p001.txt,25,Hokla,Oscarshamn,ALLOA,"5,792 pit props",Alloa Coal Co.,23,4,1891,2,5,1891,False,"23 Hokla-Oscarshamn - 5,792 pit props-Alloa Coal Co."
18910502p.5_p001.txt,27,Duo,Oscarshamn,ALLOA,"10,254 pit props",Spowart,24,4,1891,2,5,1891,False,"24 Duo-Oscarshamn-10,254 pit props-Spowart"
18910502p.5_p001.txt,31,Loyal,Pensacola,DUNDEE,"168 pcs. hewn pitch pine, 894 pcs. sawn pitch pine, 2,351 sawn pitch pine boards",Fleming & Barry,25,4,1891,2,5,1891,False,"April 25 Loyal-Pensacola-168 pcs. hewn pitch pine, 894 pcs. sawn pitch pine, 2,351 sawn pitch pine boards-Fleming & Barry"
18910502p.5_p001.txt,33,Grimstad,Grimstad,FRASERBURGH,"11,000 pcs. sawn fir",Guden & Co.,25,4,1891,2,5,1891,False,"April 25 Grimstad-Grimstad-11,000 pcs. sawn fir-Guden & Co."
18910502p.5_p001.txt,35,James Watt,Newport News,GLASGOW,14 walnut logs,"Singleton, Dunn, & Co.",21,4,1891,2,5,1891,False,"April 21 James Watt-Newport News-14 walnut logs-Singleton, Dunn, & Co. ; 25 black walnut logs-Edmiston"
18910502p.5_p001.txt,35,James Watt,Newport News,GLASGOW,25 black walnut logs,Edmiston,21,4,1891,2,5,1891,False,"April 21 James Watt-Newport News-14 walnut logs-Singleton, Dunn, & Co. ; 25 black walnut logs-Edmiston"
18910502p.5_p001.txt,36,Amarynthia,Baltimore,GLASGOW,"119 oak planks, 128 poplar logs","Singleton, Dunn, & Co.",22,4,1891,2,5,1891,False,"22 Amarynthia-Baltimore-119 oak planks, 128 poplar logs-Singleton, Dunn, & Co. ; 9,100 staves, 1,198 pcs, oak lumber, 972 barrel headings-Wright & Breakenridge; 25 walnut logs-Edmiston & Mitchells; 13 oak logs, 50 walnut logs, 2,283 oak squares, 29 poplar logs, 45 hickory logs, 980 oak"
18910502p.5_p001.txt,36,Amarynthia,Baltimore,GLASGOW,"9,100 staves, 1,198 pcs, oak lumber, 972 barrel headings",Wright & Breakenridge,22,4,1891,2,5,1891,False,"22 Amarynthia-Baltimore-119 oak planks, 128 poplar logs-Singleton, Dunn, & Co. ; 9,100 staves, 1,198 pcs, oak lumber, 972 barrel headings-Wright & Breakenridge; 25 walnut logs-Edmiston & Mitchells; 13 oak logs, 50 walnut logs, 2,283 oak squares, 29 poplar logs, 45 hickory logs, 980 oak"
18910502p.5_p001.txt,36,Amarynthia,Baltimore,GLASGOW,25 walnut logs,Edmiston & Mitchells,22,4,1891,2,5,1891,False,"22 Amarynthia-Baltimore-119 oak planks, 128 poplar logs-Singleton, Dunn, & Co. ; 9,100 staves, 1,198 pcs, oak lumber, 972 barrel headings-Wright & Breakenridge; 25 walnut logs-Edmiston & Mitchells; 13 oak logs, 50 walnut logs, 2,283 oak squares, 29 poplar logs, 45 hickory logs, 980 oak"
18910502p.5_p001.txt,36,Amarynthia,Baltimore,GLASGOW,"13 oak logs, 50 walnut logs, 2,283 oak squares, 29 poplar logs, 45 hickory logs, 980 oak",,22,4,1891,2,5,1891,False,"22 Amarynthia-Baltimore-119 oak planks, 128 poplar logs-Singleton, Dunn, & Co. ; 9,100 staves, 1,198 pcs, oak lumber, 972 barrel headings-Wright & Breakenridge; 25 walnut logs-Edmiston & Mitchells; 13 oak logs, 50 walnut logs, 2,283 oak squares, 29 poplar logs, 45 hickory logs, 980 oak"
18910502p.5_p001.txt,38,Wilhelmine Sophie,Nystad,GLASGOW,35 pcs. hewn oak,Madsen & Borch,25,4,1891,2,5,1891,False,25 Wilhelmine Sophie-Nystad-35 pcs. hewn oak-Madsen & Borch
18910502p.5_p001.txt,39,Elisabeth,Falkenberg,GLASGOW,"4,647 deals and battens, 1,618 pit props",Love & Stewart,27,4,1891,2,5,1891,False,"27 Elisabeth-Falkenberg-4,647 deals and battens, 1,618 pit props-Love & Stewart"
18910502p.5_p001.txt,41,Nidaros,;,AYR,Fredrikshald,453 lds. pit props-Love & Stewart,25,4,1891,2,5,1891,False,April 25 Nidaros -;- Fredrikshald - 453 lds. pit props-Love & Stewart
18910502p.5_p001.txt,43,Tirfing,Oscarshamn,BORROWSTOUNNESS,"9,004 pcs. pit wood",J. Denholm & Co.,21,4,1891,2,5,1891,False,"April 21 Tirfing-Oscarshamn-9,004 pcs. pit wood-J. Denholm & Co."
18910502p.5_p001.txt,44,Helene,Aasgaarstrand,BORROWSTOUNNESS,"7,984 pcs. pitwood",J. Denholm & Co.,22,4,1891,2,5,1891,False,"22 Helene-Aasgaarstrand-7,984 pcs. pitwood-J. Denholm & Co."
18910502p.5_p001.txt,45,Robert,Windau,BORROWSTOUNNESS,"13,189 pcs. pitwood",J. Denholm & Co.,23,4,1891,2,5,1891,False,"23 Robert - Windau - 13,189 pcs. pitwood-J. Denholm & Co."
18910502p.5_p001.txt,46,Tua,Falkenberg,BORROWSTOUNNESS,"19,881 props",Love,24,4,1891,2,5,1891,False,"24 Tua-Falkenberg-19,881 props-Love"
18910502p.5_p001.txt,48,Lucy Frances,Christiania,BORROWSTOUNNESS,"27,510 pit props",J. Denholm & Co.,25,4,1891,2,5,1891,False,"25 Lucy Frances-Christiania-27,510 pit props-J. Denholm & Co."
18910502p.5_p001.txt,49,Indien,Gothenburg,BORROWSTOUNNESS,"43,023 props",Love,27,4,1891,2,5,1891,False,"27 Indien-Gothenburg-43,023 props-Love"
18910502p.5_p001.txt,53,Hibernian,Philadelphia,BORROWSTOUNNESS,"1,450 staves",Edmiston & Mitchells,25,4,1891,2,5,1891,False,"25 Hibernian - Philadelphia - 1,450 staves - Edmiston & Mitchells"
18910502p.5_p001.txt,54,Nubia,"Bombay, Marseilles, and Gibraltar",BORROWSTOUNNESS,"25,564 teak logs, 412 teak planks",Order,24,4,1891,2,5,1891,False,"24 Nubia-Bombay, Marseilles, and Gibraltar-25,564 teak logs, 412 teak planks-Order"
18910502p.5_p001.txt,55,Trinacria,New York,BORROWSTOUNNESS,"1,258 pcs. oak lumber",Edmiston & Mitchells,25,4,1891,2,5,1891,False,"25 Trinacria-New York-1,258 pcs. oak lumber -Edmiston & Mitchells; 3,950 dressed barrel staves-Thos. Kerr & Co ; 3,950 dressed barrel staves-Order"
18910502p.5_p001.txt,55,Trinacria,New York,BORROWSTOUNNESS,"3,950 dressed barrel staves",Thos. Kerr & Co,25,4,1891,2,5,1891,False,"25 Trinacria-New York-1,258 pcs. oak lumber -Edmiston & Mitchells; 3,950 dressed barrel staves-Thos. Kerr & Co ; 3,950 dressed barrel staves-Order"
18910502p.5_p001.txt,55,Trinacria,New York,BORROWSTOUNNESS,"3,950 dressed barrel staves",Order,25,4,1891,2,5,1891,False,"25 Trinacria-New York-1,258 pcs. oak lumber -Edmiston & Mitchells; 3,950 dressed barrel staves-Thos. Kerr & Co ; 3,950 dressed barrel staves-Order"
18910502p.5_p001.txt,57,Northumbria,Pensacola,GREENOCK,"2,386 pcs. pitch pine timber, 421 pitch pine deals","Malcolm, Carswell & Co.",21,4,1891,2,5,1891,False,"April 21 Northumbria-Pensacola-2,386 pcs. pitch pine timber, 421 pitch pine deals-Malcolm, Carswell & Co."
18910502p.5_p001.txt,58,Prima,"Bangkok & At Oban, Rosaline",GREENOCK,battens,F. W. Cooper,25,4,1891,2,5,1891,False,"25 Prima-Bangkok & At Oban, Rosaline-battens-F. W. Cooper"
18910502p.5_p001.txt,60,August & Edward,Danzig,GRANGEMOUTH,"1,011 pcs. timber J. T. Salvesen & Co.",,20,4,1891,2,5,1891,False,"April 20 August & Edward-Danzig-1,011 pcs. timber J. T. Salvesen & Co."
18910502p.5_p001.txt,62,Frithiof,Gothenburg,GRANTON,"21,010 props",Chr. Salvesen & Co.,27,4,1891,2,5,1891,False,"April 27 Frithiof-Gothenburg-21,010 props-Chr. Salvesen & Co."
18910502p.5_p001.txt,64,Svalen,Pascagoula,INVERNESS,"573 pcs. hewn pitch pine, 1,874 boards",James Walker,21,4,1891,2,5,1891,False,"April 21 Svalen-Pascagoula-573 pcs. hewn pitch pine, 1,874 boards-James Walker"
18910502p.5_p001.txt,66,Nohrborg,Oscarshamn,KIRKCALDY,"9,015 pit props","Lochgelly Iron & Coal Co., Ltd.",21,4,1891,2,5,1891,False,"April 21 Nohrborg-Oscarshamn-9,015 pit props -Lochgelly Iron & Coal Co., Ltd."
18910502p.5_p001.txt,67,Stralsund,Pensacola,KIRKCALDY,"702 pcs. sawn pitch pine, 84 pcs. hewn pitch pine, 2,818 sawn boards, 193 sawn deals",Donaldson & Sons,24,4,1891,2,5,1891,False,"24 Stralsund-Pensacola-702 pcs. sawn pitch pine, 84 pcs. hewn pitch pine, 2,818 sawn boards, 193 sawn deals-Donaldson & Sons"
18910502p.5_p001.txt,68,Mentor,Namsos,KIRKCALDY,333 lds. deals and battens,Henry Lindssay,25,4,1891,2,5,1891,False,25 Mentor-Namsos-333 lds. deals and battens -Henry Lindssay
18910502p.5_p001.txt,70,Kate Crosby,Pensacola,LEITH,"893 pitch pine, 1,875 pcs. pitch pine boards, John Mitchell & Co.",,21,4,1891,2,5,1891,False,"April 21 Kate Crosby-Pensacola-893 pitch pine, 1,875 pcs. pitch pine boards, John Mitchell & Co."
18910509p.5.txt,4,Eos,Wanevik,ABERDEEN,8 lds. firewood,W. C. Townsend,30,4,1891,9,5,1891,False,April 30 Eos-Wanevik-8 lds. firewood-W. C. Townsend
18910509p.5.txt,5,Valund,Hommelvik,ABERDEEN,"23,119 deals and battens",John Fleming & Co.,2,5,1891,9,5,1891,True,"May 2 Valund -Hommelvik-23,119 deals and battens-John Fleming & Co."
18910509p.5.txt,7,Jean Manirge,Christiania,ALLOA,"38,959 pit props",Madsen & Borch,29,4,1891,9,5,1891,False,"April 29 Jean Manirge-Christiania-38,959 pit props-Madsen & Borch"
18910509p.5.txt,8,Fremad,Porsgrund,ALLOA,"1,175 pit props, 580 pcs. mining timber",M. J. Ellingsen,30,4,1891,9,5,1891,False,"30 Fremad-Porsgrund-1,175 pit props, 580 pcs. mining timber-M. J. Ellingsen"
18910509p.5.txt,10,Spey,Riga,ARBROATH,"177 lds. lathwood, 880 deals",Arbroath Saw-mill Co.,28,4,1891,9,5,1891,False,"April 28 Spey-Riga-177 lds. lathwood, 880 deals -Arbroath Saw-mill Co."
18910509p.5.txt,12,Garnet,Riga,DUNDEE,"1,539 deals and batten ends",Mrs. Jane Saddler,30,4,1891,9,5,1891,False,"April 30 Garnet-Riga-1,539 deals and batten ends-Mrs. Jane Saddler; 2,740 deals-J. Jessiman"
18910509p.5.txt,12,Garnet,Riga,DUNDEE,"2,740 deals",J. Jessiman,30,4,1891,9,5,1891,False,"April 30 Garnet-Riga-1,539 deals and batten ends-Mrs. Jane Saddler; 2,740 deals-J. Jessiman"
18910509p.5.txt,14,Rakel,Hommelvik,FRASERBURGH,"5,697 battens",Wm. Gray,28,4,1891,9,5,1891,False,"April 28 Rakel-Hommelvik-5,697 battens-Wm. Gray"
18910509p.5.txt,16,State of Pennsylvania,New York,GLASGOW,364 pkgs. wood,Singer Manufacturing Co.,28,4,1891,9,5,1891,False,April 28 State of Pennsylvania-New York-364 pkgs. wood-Singer Manufacturing Co.; 53 walnut logs-Edmiston & Mitchells
18910509p.5.txt,16,State of Pennsylvania,New York,GLASGOW,53 walnut logs,Edmiston & Mitchells,28,4,1891,9,5,1891,False,April 28 State of Pennsylvania-New York-364 pkgs. wood-Singer Manufacturing Co.; 53 walnut logs-Edmiston & Mitchells
18910509p.5.txt,17,Core an,Halifax and Boston,GLASGOW,"2,260 barrel staves, 1,800 pipe staves, 4,000 hogshead staves",T. Kerr & Co.,29,4,1891,9,5,1891,False,"29 Core an-Halifax and Boston-2,260 barrel staves, 1,800 pipe staves, 4,000 hogshead staves-T. Kerr & Co.; 11 pcs. maple logs-T. Mitchell; 2,827 pcs. lumber-Order"
18910509p.5.txt,17,Core an,Halifax and Boston,GLASGOW,11 pcs. maple logs,T. Mitchell,29,4,1891,9,5,1891,False,"29 Core an-Halifax and Boston-2,260 barrel staves, 1,800 pipe staves, 4,000 hogshead staves-T. Kerr & Co.; 11 pcs. maple logs-T. Mitchell; 2,827 pcs. lumber-Order"
18910509p.5.txt,17,Core an,Halifax and Boston,GLASGOW,"2,827 pcs. lumber",Order,29,4,1891,9,5,1891,False,"29 Core an-Halifax and Boston-2,260 barrel staves, 1,800 pipe staves, 4,000 hogshead staves-T. Kerr & Co.; 11 pcs. maple logs-T. Mitchell; 2,827 pcs. lumber-Order"
18910509p.5.txt,19,Scandinavian,Philadelphia,GLASGOW,"3,600 staves",Edmiston & Mitchells,1,5,1891,9,5,1891,False,"May 1 Scandinavian-Philadelphia-3,600 staves -Edmiston & Mitchells"
18910509p.5.txt,37,Stadt Witten,Leer,GRANGEMOUTH,"10,651 pkgs. mill boards",Order,28,4,1891,9,5,1891,False,"April 28 Stadt Witten-Leer-10,651 pkgs. mill boards-Order"
18910509p.5.txt,38,Dundee,Rotterdam 30 pkgs. staves,GRANGEMOUTH,James Rankine & Son,,30,4,1891,9,5,1891,False,30 Dundee-Rotterdam 30 pkgs. staves-James Rankine & Son
18910509p.5.txt,39,Littuania,Riga,GRANGEMOUTH,211 fms. lathwood,J. T. Salvesen & Co.,2,5,1891,9,5,1891,False,May 2 Littuania-Riga-211 fms. lathwood-J. T. Salvesen & Co.
18910509p.5.txt,41,Sir John Laurence,Mobile,GREENOCK,"683 pcs. pitch pine, 1,023 stowage deals, 6 pcs. whitewood",Wright & Breakenridge,1,5,1891,9,5,1891,False,"May 1 Sir John Laurence-Mobile-683 pcs. pitch pine, 1,023 stowage deals, 6 pcs. whitewood-Wright & Breakenridge"
18910509p.5.txt,43,Skjold,Christiania,GRANTON,"10,518 battens",Mitchell Thomson & Co.,30,4,1891,9,5,1891,False,"April 30 Skjold-Christiania-10,518 battens-Mitchell Thomson & Co."
18910509p.5.txt,45,Brodrøne,Mandal,KIRKCALDY,"76,000 staves",George Welch,28,4,1891,9,5,1891,False,"April 28 Brodrøne-Mandal - 76,000 staves-George Welch"
18910509p.5.txt,48,Patria,Arendal,LEITH,359 lds. firewood,Chr. Salvesen & Co.,29,4,1891,9,5,1891,False,April 29 Patria-Arendal-359 lds. firewood-Chr. Salvesen & Co.
18910509p.5.txt,49,Tronda,Drontheim,LEITH,"14,973 deals, 1,010 deals and battens",Chr. Salvesen & Co.,30,4,1891,9,5,1891,False,"30 Tronda-Drontheim-14,973 deals, 1,010 deals and battens-Chr. Salvesen & Co."
18910509p.5.txt,50,Progress,Stavanger,LEITH,"3,350 oak staves",M. J. Ellingsen,1,5,1891,9,5,1891,False,"May 1 Progress-Stavanger-3,350 oak staves-M. J. Ellingsen"
18910509p.5.txt,51,Stettin,Stettin,LEITH,168 pcs. sawn fir,Currie,2,5,1891,9,5,1891,False,2 Stettin-Stettin-168 pcs. sawn fir-Currie
18910509p.5.txt,53,Beryl,Riga,MONTROSE,"3,620 deals and battens",Millar & Sons,30,4,1891,9,5,1891,False,"April 30 Beryl-Riga-3,620 deals and battens-Millar & Sons; 1,350 pcs. lathwood J. & G. Paton"
18910509p.5.txt,53,Beryl,Riga,MONTROSE,"1,350 pcs. lathwood J. & G. Paton",,30,4,1891,9,5,1891,False,"April 30 Beryl-Riga-3,620 deals and battens-Millar & Sons; 1,350 pcs. lathwood J. & G. Paton"
18910509p.5.txt,55,Fredshaabet,Christiansand,WICK,"67,000 birch staves",D. Sandison,29,4,1891,9,5,1891,False,"April 29 Fredshaabet - Christiansand-67,000 birch staves-D. Sandison"
18910718p.70_p002.txt,3,Tasso,Christiania,"JULY 18, 1891",288 brush blocks,J. Keen,13,7,1891,18,7,1891,True,"13 Tasso -Christiania-288 brush blocks-J. Keen ; 764 bdls. caseboards-McCaul & Co. ; 6,635 bdls. boxboards-Order"
18910718p.70_p002.txt,3,Tasso,Christiania,"JULY 18, 1891",764 bdls. caseboards,McCaul & Co.,13,7,1891,18,7,1891,True,"13 Tasso -Christiania-288 brush blocks-J. Keen ; 764 bdls. caseboards-McCaul & Co. ; 6,635 bdls. boxboards-Order"
18910718p.70_p002.txt,3,Tasso,Christiania,"JULY 18, 1891","6,635 bdls. boxboards",Order,13,7,1891,18,7,1891,True,"13 Tasso -Christiania-288 brush blocks-J. Keen ; 764 bdls. caseboards-McCaul & Co. ; 6,635 bdls. boxboards-Order"
18910718p.70_p002.txt,5,Durham  Fiume,"30,000 staves","JULY 18, 1891",Foy,,15,7,1891,18,7,1891,True,"15 Durham  Fiume-30,000 staves-Foy"
18910718p.70_p002.txt,11,America,New York,VICTORIA AND ALBERT DOCK,"3,051 pcs. lumber",C. Hofferbarth,11,7,1891,18,7,1891,True,"July 11 America -New York-3,051 pcs. lumber-C. Hofferbarth ; 1,440 bdls. staves-Order"
18910718p.70_p002.txt,11,America,New York,VICTORIA AND ALBERT DOCK,"1,440 bdls. staves",Order,11,7,1891,18,7,1891,True,"July 11 America -New York-3,051 pcs. lumber-C. Hofferbarth ; 1,440 bdls. staves-Order"
18910718p.70_p002.txt,12,Egyptian Monarch,New York,VICTORIA AND ALBERT DOCK,"1,338 fir deals",Order,12,7,1891,18,7,1891,True,"12 Egyptian Monarch -New York-1,338 fir deals-Order"
18910718p.70_p002.txt,15,Federation,Montreal,VICTORIA AND ALBERT DOCK,"58 pcs. wood, 1,600 deals",Order,13,7,1891,18,7,1891,True,"13 Federation -Montreal-58 pcs. wood, 1,600 deals-Order"
18910718p.70_p002.txt,17,Thames,Hong Kong,VICTORIA AND ALBERT DOCK,4cs. wood panels,Order,14,7,1891,18,7,1891,True,14 Thames -Hong Kong-4cs. wood panels-Order
18910718p.70_p002.txt,19,Tower Hill,New York,VICTORIA AND ALBERT DOCK,3 555 oak staves,"Cunningham, Shaw, & O.",15,7,1891,18,7,1891,True,"15 Tower Hill -New York-3 555 oak staves-Cunningham, Shaw, & O. ; 1,631 pcs. wood-B. F. Dowdeswell ; 1,682 bdls. hoops, 970 pcs. lumber-Order"
18910718p.70_p002.txt,19,Tower Hill,New York,VICTORIA AND ALBERT DOCK,"1,631 pcs. wood",B. F. Dowdeswell,15,7,1891,18,7,1891,True,"15 Tower Hill -New York-3 555 oak staves-Cunningham, Shaw, & O. ; 1,631 pcs. wood-B. F. Dowdeswell ; 1,682 bdls. hoops, 970 pcs. lumber-Order"
18910718p.70_p002.txt,19,Tower Hill,New York,VICTORIA AND ALBERT DOCK,"1,682 bdls. hoops, 970 pcs. lumber",Order,15,7,1891,18,7,1891,True,"15 Tower Hill -New York-3 555 oak staves-Cunningham, Shaw, & O. ; 1,631 pcs. wood-B. F. Dowdeswell ; 1,682 bdls. hoops, 970 pcs. lumber-Order"
18910718p.70_p002.txt,21,Enskar,Philadelphia,WEST INDIA DOCK,"2,928 pcs. basswood",Cobbett & Co.,13,7,1891,18,7,1891,True,"July 13 Enskar -Philadelphia-2,928 pcs. basswood-Cobbett & Co. ; 998 pcs. white-wood Churchill & Sim"
18910718p.70_p002.txt,21,Enskar,Philadelphia,WEST INDIA DOCK,998 pcs. white,wood Churchill & Sim,13,7,1891,18,7,1891,True,"July 13 Enskar -Philadelphia-2,928 pcs. basswood-Cobbett & Co. ; 998 pcs. white-wood Churchill & Sim"
18910718p.70_p002.txt,23,Professor Schweigard,Risoer,OTHER DOCKS AND WHARVES,"12 1/2 fms. firewood, 100 boards",E. G. Pettersen,11,7,1891,18,7,1891,False,"July 11 Professor Schweigard-Risoer-12 1/2 fms. firewood, 100 boards-E. G. Pettersen"
18910718p.70_p002.txt,24,Virgo,Hambro',OTHER DOCKS AND WHARVES,60 pkgs. boards,Order,13,7,1891,18,7,1891,True,13 Virgo -Hambro'- 60 pkgs. boards-Order
18910718p.70_p002.txt,28,Redstart,Hambro',OTHER DOCKS AND WHARVES,26 pkgs. wood floor,Order,14,7,1891,18,7,1891,True,14 Redstart -Hambro'-26 pkgs. wood floor-Order
18910718p.70_p002.txt,30,Johanna Augusta,Hornefors,OTHER DOCKS AND WHARVES,165 fms. firewood,Order,15,7,1891,18,7,1891,False,15 Johanna Augusta-Hornefors-165 fms. firewood-Order
18910718p.70_p002.txt,34,Progress,Danzig,SUNDERLAND,"20,195 beech chocks","Armstrong, Addison, & Co.",10,7,1891,18,7,1891,False,"July 10 Progress-Danzig-20,195 beech chocks-Armstrong, Addison, & Co.; 22,200 sawn chocks-R Thubron & Co."
18910718p.70_p002.txt,34,Progress,Danzig,SUNDERLAND,"22,200 sawn chocks",R Thubron & Co.,10,7,1891,18,7,1891,False,"July 10 Progress-Danzig-20,195 beech chocks-Armstrong, Addison, & Co.; 22,200 sawn chocks-R Thubron & Co."
18910718p.70_p002.txt,35,Hugin (*),Gothenburg,SUNDERLAND,"25,000 pit props, 200 hewn fir poles, 4,880 hewn fir posts, 11,500 sawn fir splits, 23,202 sawn fir sleepers, 6,500 sawn fir rails, 4,389 deals and battens",E. W. Campbell,13,7,1891,18,7,1891,False,"13 Hugin (*)-Gothenburg-25,000 pit props, 200 hewn fir poles, 4,880 hewn fir posts, 11,500 sawn fir splits, 23,202 sawn fir sleepers, 6,500 sawn fir rails, 4,389 deals and battens-E. W. Campbell"
18910718p.70_p002.txt,37,Gyda,Riga,SWANSEA,"4,391 pcs. hewn fir, 1,325 pcs. sawn fir, 17,281 pcs. split fir","John Glasbrook, Sons, & Co.",8,7,1891,18,7,1891,False,"July 8 Gyda-Riga-4,391 pcs. hewn fir, 1,325 pcs. sawn fir, 17,281 pcs. split fir-John Glasbrook, Sons, & Co."
18910718p.70_p002.txt,38,Saro Caino,Halifax,SWANSEA,"7,144 birch deals and ends",John Wood & Co.,10,7,1891,18,7,1891,False,"10 Saro Caino-Halifax-7,144 birch deals and ends-John Wood & Co."
18910718p.70_p002.txt,40,Torquay,"Neder Kalix 18,608 fir deals, 51 pcs. sawn fir, 15 lds. scantlings",TEIGNMOUTH,T. S. Baker,,7,7,1891,18,7,1891,True,"July 7 Torquay -Neder Kalix 18,608 fir deals, 51 pcs. sawn fir, 15 lds. scantlings-T. S. Baker"
18910718p.70_p002.txt,42,Sterling,Laurvig,TYNE,62 lds. planed boards,James Scott,6,7,1891,18,7,1891,True,"July 6 Sterling -Laurvig-62 lds. planed boards-James Scott ; 236 lds. pit props, 1 cs. wood staves, 9 lds. firewood-Order"
18910718p.70_p002.txt,42,Sterling,Laurvig,TYNE,"236 lds. pit props, 1 cs. wood staves, 9 lds. firewood",Order,6,7,1891,18,7,1891,True,"July 6 Sterling -Laurvig-62 lds. planed boards-James Scott ; 236 lds. pit props, 1 cs. wood staves, 9 lds. firewood-Order"
18910718p.70_p002.txt,44,Grenadier,Rotterdam,TYNE,480 bdls. hoops,Order,9,7,1891,18,7,1891,True,9 Grenadier -Rotterdam-480 bdls. hoops-Order
18910718p.70_p002.txt,50,Robert,Laurvig,TYNE,"653 pcs. mining timber, 5,728 props",Order,10,7,1891,18,7,1891,False,"10 Robert-Laurvig-653 pcs. mining timber, 5,728 props-Order"
18910718p.70_p002.txt,53,Charlotte,Rugenwalde,TYNE,"11,570 props",Order,11,7,1891,18,7,1891,False,"11 Charlotte-Rugenwalde-11,570 props-Order"
18910718p.70_p002.txt,54,Albatros,Riaoer,TYNE,"7,770 battens Order",,13,7,1891,18,7,1891,False,"13 Albatros-Riaoer-7,770 battens Order"
18910718p.70_p002.txt,61,Atlas,Laurvig,TYNE,"29,815 sleepers, 6,702 props, 31,666 crowntrees",Order,14,7,1891,18,7,1891,False,"14 Atlas-Laurvig-29,815 sleepers, 6,702 props, 31,666 crowntrees-Order"
18910718p.70_p002.txt,65,Emma,Danzig,WISBECH,"891 pcs. hewn fir, 790 oak staves English Bros.",,7,7,1891,18,7,1891,False,"July 7 Emma-Danzig-891 pcs. hewn fir, 790 oak staves English Bros."
18910718p.70_p002.txt,66,Lindisfarne,Kem,WISBECH,"20,825 deals and boards",English Bros.,8,7,1891,18,7,1891,True,"8 Lindisfarne -Kem-20,825 deals and boards -English Bros."
18910718p.70_p002.txt,67,Newhaven,Stockholm,WISBECH,"36,703 deals, boards, and battens",Smith's Timber Co.,9,7,1891,18,7,1891,True,"9 Newhaven -Stockholm-36,703 deals, boards, and battens-Smith's Timber Co."
18910718p.70_p002.txt,68,Ephialtes,Sapelo,WISBECH,"594 pcs. sawn pitch pine, 2,861 deals, planks, and boards",Smith's Timber Co.,10,7,1891,18,7,1891,False,"10 Ephialtes-Sapelo-594 pcs. sawn pitch pine, 2,861 deals, planks, and boards-Smith's Timber Co."
18910718p.70_p002.txt,70,Lindisfarne,Kem,WISBECH,15 lds. firewood,English Bros.,11,7,1891,18,7,1891,True,11 Lindisfarne -Kem-15 lds. firewood-English Bros.
18910718p.70_p002.txt,73,Fremad,Holmestrand,YARMOUTH,"335,187 staves, 359 fir deals","Palgrave, Brown, Sons, & Co.",13,7,1891,18,7,1891,False,"July 13 Fremad-Holmestrand-335,187 staves, 359 fir deals-Palgrave, Brown, Sons, & Co."
18910718p.70_p002.txt,77,Comorin,Nantes,BELFAST,650 bdls. hoops,J. C. Pinkerton,7,7,1891,18,7,1891,False,July 7 Comorin-Nantes-650 bdls. hoops-J. C. Pinkerton
18910718p.70_p002.txt,81,Low Wood,Grindstone Island,BELFAST,"38,914 deals, scantlings, and ends",Browne & Co.,8,7,1891,18,7,1891,False,"8 Low Wood-Grindstone Island-38,914 deals, scantlings, and ends-Browne & Co."
18910718p.70_p002.txt,86,City of Dortmund,Rotterdam,BELFAST,"1,000 bdls. hoops",J. C Pinkerton,9,7,1891,18,7,1891,False,"9 City of Dortmund-Rotterdam-1,000 bdls. hoops-J. C Pinkerton"
18910718p.70_p002.txt,88,Caledonia,Fredrikshald,BELFAST,"73,409 flooring spars",T. Dixon & Sons,11,7,1891,18,7,1891,False,"11 Caledonia-Fredrikshald-73,409 flooring spars-T. Dixon & Sons"
18910718p.70_p002.txt,96,Lythem,Gothenburg,GALWAY,"1,000 bdls. laths, 22,554 boards, 980 deals and battens, 51 poles",Globerty & Semple,9,7,1891,18,7,1891,False,"July 9 Lythem-Gothenburg-1,000 bdls. laths, 22,554 boards, 980 deals and battens, 51 poles-Globerty & Semple"
18910718p.70_p002.txt,98,Satellite,"Chatham, N.B.",LIMERICK,"11,386 deals and ends",F. Spaight & Sons,10,7,1891,18,7,1891,False,"July 10 Satellite-Chatham, N.B.-11,386 deals and ends-F. Spaight & Sons"
18910718p.70_p002.txt,100,Dirico,Pabos,NEWRY,"14,859 deals and deal ends, 20,136 deal shafts",Carvill Bros.,9,7,1891,18,7,1891,False,"July 9 Dirico-Pabos-14,859 deals and deal ends, 20,136 deal shafts-Carvill Bros."
18910718p.70_p002.txt,103,Exeter City,New York,BRISTOL,403 cedar planks G. Adlam & Sons,,11,7,1891,18,7,1891,True,July 11 Exeter City -New York-403 cedar planks G. Adlam & Sons
18910718p.70_p002.txt,105,Milo,Stettin,HULL,"1,203 oak staves",Order,13,7,1891,18,7,1891,True,"July 13 Milo -Stettin-1,203 oak staves-Order"
18910718p.70_p002.txt,107,Ibis,Amsterdam,LIVERPOOL,606 pcs. boxwood,"Browne, Geveke, & Co.",11,7,1891,18,7,1891,True,"July 11 Ibis -Amsterdam-606 pcs. boxwood-Browne, Geveke, & Co."
18910718p.70_p002.txt,108,Bostonian,Boston,LIVERPOOL,233 bdls. walnut,Order,13,7,1891,18,7,1891,True,13 Bostonian -Boston-233 bdls. walnut-Order
18910718p.70_p002.txt,110,Jamaican,New Orleans,LIVERPOOL,"119 logs hickory, 12 logs poplar",J. H. Burrell & Co.,14,7,1891,18,7,1891,True,"14 Jamaican -New Orleans-119 logs hickory, 12 logs poplar-J. H. Burrell & Co."
18910718p.70_p002.txt,114,Durham,Fiume,MILLWALL DOCK,350 oak logs,Order,12,7,1891,18,7,1891,True,July 12 Durham -Fiume-350 oak logs-Order
18910718p.70_p002.txt,115,Enskar,Philadelphia,MILLWALL DOCK,"1,753 pcs. oak lumber",J. Latham,13,7,1891,18,7,1891,True,"13 Enskar -Philadelphia-1,753 pcs. oak lumber-J. Latham ; 1,040 pcs. oak-Cobbett & Co. ; 958 pcs., 42 boards poplar-Order"
18910718p.70_p002.txt,115,Enskar,Philadelphia,MILLWALL DOCK,"1,040 pcs. oak",Cobbett & Co.,13,7,1891,18,7,1891,True,"13 Enskar -Philadelphia-1,753 pcs. oak lumber-J. Latham ; 1,040 pcs. oak-Cobbett & Co. ; 958 pcs., 42 boards poplar-Order"
18910718p.70_p002.txt,115,Enskar,Philadelphia,MILLWALL DOCK,"958 pcs., 42 boards poplar",Order,13,7,1891,18,7,1891,True,"13 Enskar -Philadelphia-1,753 pcs. oak lumber-J. Latham ; 1,040 pcs. oak-Cobbett & Co. ; 958 pcs., 42 boards poplar-Order"
18910718p.70_p002.txt,117,Memphis,"Baltimore 7,833 pcs. oak lumber, 412 bdls., 4,774 pcs. satin walnut lumber, 116 pcs. oak and 164 bdls. poplar lumber, 36 logs walnut",TILBURY DOCK,Order,,13,7,1891,18,7,1891,True,"July 13 Memphis -Baltimore 7,833 pcs. oak lumber, 412 bdls., 4,774 pcs. satin walnut lumber, 116 pcs. oak and 164 bdls. poplar lumber, 36 logs walnut-Order"
18910718p.70_p002.txt,119,Ituni,Demerara,OTHER DOCKS AND WHARVES,100 logs cedar,Order,13,7,1891,18,7,1891,True,July 13 Ituni -Demerara-100 logs cedar-Order
18910718p.70_p002.txt,120,Graton,Amsterdam,OTHER DOCKS AND WHARVES,"10 logs cedar, 1,741 bdls. teak",,15,7,1891,18,7,1891,True,"15 Graton -Amsterdam-10 logs cedar, 1,741 bdls. teak"
18910718p.70_p002.txt,122,Tower Hill,New York 22 walnut logs,VICTORIA AND ALBERT DOCK,C. Leary & Co.,,15,7,1891,18,7,1891,True,July 15 Tower Hill -New York 22 walnut logs-C. Leary & Co.
18910718p.70_p002.txt,124,Dunbar Castle,Mauritius,EAST INDIA DOCKS,73 pcs. ebony,Order,15,7,1891,18,7,1891,True,July 15 Dunbar Castle -Mauritius-73 pcs. ebony-Order ; from Tamatave-236 logs rosewood-Madagascar Syndicate
18910718p.70_p002.txt,124,Dunbar Castle,Mauritius,EAST INDIA DOCKS,from Tamatave,236 logs rosewood-Madagascar Syndicate,15,7,1891,18,7,1891,True,July 15 Dunbar Castle -Mauritius-73 pcs. ebony-Order ; from Tamatave-236 logs rosewood-Madagascar Syndicate
18910718p.70_p002.txt,127,Paranagua,Rio Janeiro,HAVRE,211 billas palissandre,,10,7,1891,18,7,1891,True,"July 10 Paranagua -Rio Janeiro-211 billas palissandre ; from Bahia-1,504 buches bois rouge"
18910718p.70_p002.txt,127,Paranagua,Rio Janeiro,HAVRE,from Bahia,"1,504 buches bois rouge",10,7,1891,18,7,1891,True,"July 10 Paranagua -Rio Janeiro-211 billas palissandre ; from Bahia-1,504 buches bois rouge"
18910718p.70_p002.txt,128,Markommania,Porto Plata,HAVRE,55 fourches bois de satin,,13,7,1891,18,7,1891,True,13 Markommania -Porto Plata-55 fourches bois de satin ; from Sanchez-200 fourches acajou
18910718p.70_p002.txt,128,Markommania,Porto Plata,HAVRE,from Sanchez,200 fourches acajou,13,7,1891,18,7,1891,True,13 Markommania -Porto Plata-55 fourches bois de satin ; from Sanchez-200 fourches acajou
18910815p.4_p002.txt,4,Amethyst,Riga,KIRKCALDY,"6,942 deals",Order,10,8,1891,15,8,1891,True,"Aug. 10 Amethyst -Riga-6,942 deals-Order"
18910815p.4_p002.txt,6,Newhailes,Cronstadt,KIRKCALDY,"56,415 deals, battens, and boards",R. Millar & Sons,10,8,1891,15,8,1891,True,"10 Newhailes -Cronstadt-56,415 deals, battens, and boards-R. Millar & Sons"
18910815p.4_p002.txt,8,Argus,Rafso,TROON,"13,193 fir props",Matthew Wright & Nephew,8,8,1891,15,8,1891,False,"Aug. 8 Argus-Rafso-13,193 fir props-Matthew Wright & Nephew"
18910815p.4_p002.txt,10,Scandinavia Helsingfors,"113,000 staves",WICK,D. Sandison,,7,8,1891,15,8,1891,False,"Aug. 7 Scandinavia Helsingfors-113,000 staves-D. Sandison"
18910829p.204_p004.txt,2,Carysfort,Quebec,"AUGUST 29, 1891",72 pcs. oak timber,R. Bayly,19,8,1891,29,8,1891,False,19 Carysfort-Quebec-72 pcs. oak timber-R. Bayly ; 12 pcs. walnut logs-C. Taylor & Low Bros.
18910829p.204_p004.txt,2,Carysfort,Quebec,"AUGUST 29, 1891",12 pcs. walnut logs,C. Taylor & Low Bros.,19,8,1891,29,8,1891,False,19 Carysfort-Quebec-72 pcs. oak timber-R. Bayly ; 12 pcs. walnut logs-C. Taylor & Low Bros.
18910829p.204_p004.txt,3,Exeter City,New York,"AUGUST 29, 1891",34 cedar logs,G. Adlam & Sons,21,8,1891,29,8,1891,True,21 Exeter City -New York-34 cedar logs-G. Adlam & Sons
18910829p.204_p004.txt,6,Milo,Stettin,HULL,"292 oak logs, 2,400 oak staves",Order,25,8,1891,29,8,1891,True,"Aug. 25 Milo -Stettin-292 oak logs, 2,400 oak staves-Order"
18910829p.204_p004.txt,9,Isla de Ranay,qty. sapan wood,LIVERPOOL,Order,,22,8,1891,29,8,1891,False,Aug. 22 Isla de Ranay-qty. sapan wood-Order
18910829p.204_p004.txt,10,Westmoreland,Hamburg,LIVERPOOL,143 logs mahogany,Order,21,8,1891,29,8,1891,True,21 Westmoreland -Hamburg-143 logs mahogany-Order
18910829p.204_p004.txt,13,Buenaventura,"Mobile 135 pcs. hewn poplar, 130 pcs. sawn cedar, 136 pcs. hewn oak and 1,326 pcs. sawn timber, 8,524 white oak staves",LIVERPOOL,"Neil Harrison, & Co.",,24,8,1891,29,8,1891,True,"24 Buenaventura -Mobile 135 pcs. hewn poplar, 130 pcs. sawn cedar, 136 pcs. hewn oak and 1,326 pcs. sawn timber, 8,524 white oak staves-Neil Harrison, & Co."
18910829p.204_p004.txt,16,Garabaldi,Quebec,LIVERPOOL,"58 pcs. birch, 73 pcs. elm, 87 pcs. maple, 67 pcs. waney pine, 253 pcs. cherry","J. Taylor, Sons, & Co.",25,8,1891,29,8,1891,False,"25 Garabaldi-Quebec-58 pcs. birch, 73 pcs. elm, 87 pcs. maple, 67 pcs. waney pine, 253 pcs. cherry-J. Taylor, Sons, & Co."
18910829p.204_p004.txt,21,Minnesota,Baltimore,TILBURY DOCK,"106 poplar logs, 12 elm logs",Churchill & Sim,21,8,1891,29,8,1891,True,"Aug. 21 Minnesota -Baltimore-106 poplar logs, 12 elm logs-Churchill & Sim ; 478 cedar 1 gs-Order"
18910829p.204_p004.txt,21,Minnesota,Baltimore,TILBURY DOCK,478 cedar 1 gs,Order,21,8,1891,29,8,1891,True,"Aug. 21 Minnesota -Baltimore-106 poplar logs, 12 elm logs-Churchill & Sim ; 478 cedar 1 gs-Order"
18910829p.204_p004.txt,24,Richmond Hill,New York,VICTORIA AND ALBERT DOCK,40 walnut logs,C. Leary & Co.,20,8,1891,29,8,1891,True,"Aug. 20 Richmond Hill -New York-40 walnut logs-C. Leary & Co. ; 77 pcs. walnut logs-C. Leary & Son, 78 bds. ash and 44 bdls. walnut, 273 teak ber, 45 bdls. walnut squares-Order"
18910829p.204_p004.txt,24,Richmond Hill,New York,VICTORIA AND ALBERT DOCK,77 pcs. walnut logs,"C. Leary & Son, 78 bds. ash and 44 bdls. walnut, 273 teak ber, 45 bdls. walnut squares-Order",20,8,1891,29,8,1891,True,"Aug. 20 Richmond Hill -New York-40 walnut logs-C. Leary & Co. ; 77 pcs. walnut logs-C. Leary & Son, 78 bds. ash and 44 bdls. walnut, 273 teak ber, 45 bdls. walnut squares-Order"
18910829p.204_p004.txt,25,City of Vienna,Calcutta,VICTORIA AND ALBERT DOCK,"2,307 pcs. planks",Turner & Co.,22,8,1891,29,8,1891,True,"22 City of Vienna  - Calcutta - 2,307 pcs. planks-Turner & Co."
18910829p.204_p004.txt,28,Amelia,Amsterdam,WEST INDIA DOCK,"307 pcs. mahogany and cedar, 20 log ends",Order,20,8,1891,29,8,1891,True,"Aug. 20 Amelia  - Amsterdam-307 pcs. mahogany and cedar, 20 log ends-Order"
18910829p.204_p004.txt,29,Leon,Minatitlan,WEST INDIA DOCK,"784 logs mahogany and cedar, 27 log ends",G. Shadbolt & Son,26,8,1891,29,8,1891,False,"26 Leon-Minatitlan-784 logs mahogany and cedar, 27 log ends-G. Shadbolt & Son"
18910829p.204_p004.txt,32,Bidar,Philadelphia,OTHER DOCKS AND WHARVES,"1,465 pcs. walnut",Cobbett & Co.,24,8,1891,29,8,1891,True,"Aug. 24 Bidar -Philadelphia-1,465 pcs. walnut-Cobbett & Co."
18910829p.204_p004.txt,36,British Queen,Liverpool,HAVRE,342 pcs. bois,,20,8,1891,29,8,1891,False,Aug 20 British Queen-Liverpool-342 pcs. bois
18910829p.204_p004.txt,37,Ville de San Nicolas Rio Janeiro,286 billes palissandre ; from Bahia,HAVRE,"444 pcs. palissandre, 794 buches bois rouge",,22,8,1891,29,8,1891,False,"22 Ville de San Nicolas Rio Janeiro-286 billes palissandre ; from Bahia-444 pcs. palissandre, 794 buches bois rouge"
18910829p.204_p004.txt,42,Avon,Colon,HAVRE,"1 grenier fustet, 1 grenier bois",,25,8,1891,29,8,1891,True,"25 Avon -Colon-1 grenier fustet, 1 grenier bois ; from La Trinidad-1 grenier bois jaune"
18910829p.204_p004.txt,42,Avon,Colon,HAVRE,from La Trinidad,1 grenier bois jaune,25,8,1891,29,8,1891,True,"25 Avon -Colon-1 grenier fustet, 1 grenier bois ; from La Trinidad-1 grenier bois jaune"
18910829p.4_p002.txt,5,Beg,Riga,FRASERBURGH,"168 pcs. hewn fir, sawn fir, 8 lds. firewood",Park,22,8,1891,29,8,1891,True,"Aug. 22 Beg -Riga-168 pcs. hewn fir, sawn fir, 8 lds. firewood-Park"
18910829p.4_p002.txt,8,Fiume,109 logs oak,GLASGOW,"Robertson, & Co.",,20,8,1891,29,8,1891,False,"Aug. 20 Fiume-109 logs oak-Robertson, & Co.; 150 oak planks-R. & Co.; 21 logs oak Order"
18910829p.4_p002.txt,8,Fiume,109 logs oak,GLASGOW,150 oak planks,R. & Co.,20,8,1891,29,8,1891,False,"Aug. 20 Fiume-109 logs oak-Robertson, & Co.; 150 oak planks-R. & Co.; 21 logs oak Order"
18910829p.4_p002.txt,8,Fiume,109 logs oak,GLASGOW,21 logs oak Order,,20,8,1891,29,8,1891,False,"Aug. 20 Fiume-109 logs oak-Robertson, & Co.; 150 oak planks-R. & Co.; 21 logs oak Order"
18910829p.4_p002.txt,15,Liverpool,Quebec,GREENOCK,"152 pcs. oak, m, 73 pcs. waney white pine, deals, 255 pcs. square white spruce deals, 608 pine deal nlee & Co.",,20,8,1891,29,8,1891,False,"Aug. 20 Liverpool-Quebec-152 pcs. oak, m, 73 pcs. waney white pine, deals, 255 pcs. square white spruce deals, 608 pine deal nlee & Co."
18910829p.4_p002.txt,19,Mar,Riga,GRANGEMOUTH,"9,908 deals, battens, Order",,20,8,1891,29,8,1891,False,"Aug. 20 Mar-Riga-9,908 deals, battens, Order"
18910829p.4_p002.txt,50,Leonard,Riga,BURGH,"6,779 deals and battens","Alexander-Riga-10,920 deals and battens-Feodor-Cronstadt-12,351 deals and battens-Order",20,8,1891,29,8,1891,False,"20 Leonard-Riga-6,779 deals and battens-Alexander-Riga-10,920 deals and battens-Feodor-Cronstadt-12,351 deals and battens-Order"
18910829p.4_p002.txt,52,Neil's Juel,Abo,BURGH,"9,374 battens",Order,21,8,1891,29,8,1891,False,"21 Neil's Juel-Abo-9,374 battens-Order"
18910829p.4_p002.txt,54,Paul,Riga,BURGH,"1,165 deals, 250 sleeper blocks, 1,180 pcs. timber",P. & J. Wilkie,22,8,1891,29,8,1891,False,"22 Paul-Riga-1,165 deals, 250 sleeper blocks, 1,180 pcs. timber-P. & J. Wilkie"
18910829p.4_p002.txt,56,Bernadotte,Stettin,GRANTON,"64,400 pit props",Madsen & Borch,18,8,1891,29,8,1891,True,"Aug. 18 Bernadotte -Stettin-64,400 pit props-Madsen & Borch"
18910829p.4_p002.txt,57,Haabet,Cronstadt,GRANTON,"9,120 deals and battens",Mitchell Thomson & Co.,19,8,1891,29,8,1891,False,"19 Haabet-Cronstadt-9,120 deals and battens-Mitchell Thomson & Co."
18910829p.4_p002.txt,59,Latona,Libau,GRANTON,"26,099 oak staves",Lindsay,20,8,1891,29,8,1891,False,"20 Latona-Libau-26,099 oak staves-Lindsay"
18910829p.4_p002.txt,60,Bjorn,Gothenburg,GRANTON,"16,578 fir props",C. Salvesen & Co.,24,8,1891,29,8,1891,True,"24 Bjorn -Gothenburg-16,578 fir props-C. Salvesen & Co."
18910829p.4_p002.txt,62,Heline,Sundswall,INVERNESS,"20 lds. fir spars, 110 lds. hewn fir",Menzies,24,8,1891,29,8,1891,False,"Aug. 24 Heline-Sundswall-20 lds. fir spars, 110 lds. hewn fir-Menzies"
18910829p.4_p002.txt,63,Vistula,Libau,INVERNESS,"10,887 staves, 4,648 pcs. sawn fir",Jas. Currie & Co.,24,8,1891,29,8,1891,False,"24 Vistula-Libau-10,887 staves, 4,648 pcs. sawn fir-Jas. Currie & Co."
18910829p.4_p002.txt,69,Emma Marie,Riga,MONTROSE,"1,098 pcs. fir timber, 1,606 fir deals",A. Millar & Sons,19,8,1891,29,8,1891,False,"Aug. 19 Emma Marie-Riga-1,098 pcs. fir timber, 1,606 fir deals-A. Millar & Sons"
18910829p.4_p002.txt,70,Tronda,Hommelvik,MONTROSE,"15,960 fir battens",Robt. Millar & Sons,22,8,1891,29,8,1891,True,"22 Tronda -Hommelvik-15,960 fir battens-Robt. Millar & Sons"
18910829p.4_p002.txt,72,Wilhelm and Joseph,Cronstadt,PERTH,"6,729 deals and battens",Cameron Bros.,21,8,1891,29,8,1891,False,"Aug. 21 Wilhelm and Joseph-Cronstadt-6,729 deals and battens-Cameron Bros."
18910829p.4_p002.txt,75,Pietronella,Mandal,PETERHEAD,"100,000 birch staves",Garden T. West,21,8,1891,29,8,1891,False,"Aug. 21 Pietronella-Mandal-100,000 birch staves-Garden T. West"
18910829p.4_p002.txt,77,Rynil,Sundswall,WICK,264 lds. sawn fir,A. M'Ewen & Sons,18,8,1891,29,8,1891,False,Aug. 18 Rynil-Sundswall-264 lds. sawn fir-A. M'Ewen & Sons
18910829p.4_p002.txt,78,Idel,Sundswall,WICK,"4,840 deals and battens 25 lds. firewood",A. M'Ewen & Sons,22,8,1891,29,8,1891,False,"22 Idel-Sundswall-4,840 deals and battens 25 lds. firewood-A. M'Ewen & Sons"
18910829p.4_p002.txt,81,Talarvor,Gothenburg,WIGTOWN,"1,914 flooring boards, 3,72 9deals& battens",Callander,20,8,1891,29,8,1891,False,"Aug. 20 Talarvor-Gothenburg-1,914 flooring boards, 3,72 9deals& battens-Callander"
18910919p.275_p003.txt,16,Sinloo,Riga,LOWESTOFT,"23,248 sleepers",Calder & Co.,8,9,1891,19,9,1891,True,"pt. 8 Sinloo -Riga-23,248 sleepers-Calder & Co."
18910919p.275_p003.txt,18,Corennia,Memel,LYNN,"483 scantlings, 190 pcs. hewn fir, 5,374 deals",Taompson,8,9,1891,19,9,1891,True,"pt. 8 Corennia -Memel-483 scantlings, 190 pcs. hewn fir, 5,374 deals-Taompson"
18910919p.275_p003.txt,20,Marie,Brevig,MIDDLESBROUGH,"1,578 pcs. square timber, 4,869 pit props",W. J. Watson & Co.,14,9,1891,19,9,1891,False,"pt. 14 Marie-Brevig-1,578 pcs. square timber, 4,869 pit props-W. J. Watson & Co."
18910919p.275_p003.txt,24,Dragut,St. Nazaire,NEWHAVEN,14 lds. hoops,F. Reeves,9,9,1891,19,9,1891,False,pt. 9 Dragut-St. Nazaire-14 lds. hoops-F. Reeves
18910919p.275_p003.txt,29,Kirkstall,Hennebont,NEWPORT,227 lds. pit props,Budd & Co.,8,9,1891,19,9,1891,True,pt. 8 Kirkstall -Hennebont-227 lds. pit props-Budd & Co.
18910919p.275_p003.txt,37,Johanna,Wederlaks,PLYMOUTH,"6,293 pcs. sawn fir",Harris & Penn,11,9,1891,19,9,1891,False,"pt. 11 Johanna-Wederlaks-6,293 pcs. sawn fir-Harris & Penn"
18910919p.275_p003.txt,44,Rosalind,Archangel,POOLE,"25,977 deals and boards","Poole, Baltic, and Quebec Timber Co.",9,9,1891,19,9,1891,True,"pt. 9 Rosalind -Archangel-25,977 deals and boards-Poole, Baltic, and Quebec Timber Co."
18910919p.275_p003.txt,50,Nor,Swartvik,PORTSMOUTH,"55 pcs. hewn fir, 24,569 battens and boards",T. Bailey,9,9,1891,19,9,1891,False,"pt. 9 Nor-Swartvik-55 pcs. hewn fir, 24,569 battens and boards-T. Bailey"
18910919p.275_p003.txt,54,Hanna,Sandviken,ROCHESTER,"732,300 fir staves",Wouldham Cement Co.,10,9,1891,19,9,1891,False,"Sept. 10 Hanna-Sandviken-732,300 fir staves-Wouldham Cement Co."
18910919p.275_p003.txt,59,Duen,Skelleftea,SHOREHAM,453 lds. firewood,Penney,10,9,1891,19,9,1891,False,Sept. 10 Duen-Skelleftea-453 lds. firewood-Penney
18910919p.275_p003.txt,62,Rondo,Riga,SOUTHAMPTON,"24,270 pcs. sawn fir",Calder & Co.,10,9,1891,19,9,1891,True,"Sept. 10 Rondo -Riga-24,270 pcs. sawn fir-Calder & Co."
18910919p.275_p003.txt,67,Rapid,Skien,SUNDERLAND,"89,267 pcs. pit props",Robert Thompson & Sons,8,9,1891,19,9,1891,False,"Sept. 8 Rapid-Skien-89,267 pcs. pit props-Robert Thompson & Sons"
18910919p.275_p003.txt,68,Petty,Oscarshamn,SUNDERLAND,"7,891 pcs. hewn fir",G. Heyn & Sons,10,9,1891,19,9,1891,False,"10 Petty-Oscarshamn-7,891 pcs. hewn fir-G. Heyn & Sons"
18910919p.275_p003.txt,70,Heimdal,Falkenberg,SUNDERLAND,"9,202 pit props",Rayner & Moller,12,9,1891,19,9,1891,False,"12 Heimdal-Falkenberg-9,202 pit props-Rayner & Moller"
18910919p.275_p003.txt,73,Rose,Bordeaux,SWANSEA,511 lds. pitwood,E. Coles,9,9,1891,19,9,1891,False,pt. 9 Rose-Bordeaux-511 lds. pitwood-E. Coles
18910919p.275_p003.txt,76,City of Rotterdam,Rotterdam,BELFAST,"1,600 bdls. hoops",Pinkerton,9,9,1891,19,9,1891,False,"Sept. 9 City of Rotterdam-Rotterdam-1,600 bdls. hoops-Pinkerton"
18910919p.275_p003.txt,77,Alert,Fredrikshald,BELFAST,"4,200 pcs. sawn fir, 56,930 pcs. planed sawn fir",Gregg & Co.,10,9,1891,19,9,1891,False,"10 Alert-Fredrikshald-4,200 pcs. sawn fir, 56,930 pcs. planed sawn fir-Gregg & Co."
18910919p.275_p003.txt,79,Aristides,Porsgrund,BELFAST,9 lds. firewood,Dorman,11,9,1891,19,9,1891,False,11 Aristides-Porsgrund-9 lds. firewood-Dorman
18910919p.275_p003.txt,82,Gler,"Doboy, U.S.A.",LONDONDERRY,"267 lds. hewn fir, 283 lds. sawn fir",H. T. Cooke,8,9,1891,19,9,1891,False,"Sept. 8 Gler-Doboy, U.S.A.-267 lds. hewn fir, 283 lds. sawn fir-H. T. Cooke"
18910919p.275_p003.txt,84,Hypatia,Quebec,WATERFORD,"22,454 fir deals, 74 pcs. hewn fir, 39 pcs. hewn oak, 12 pcs. hewn elm",J. P. Graves & Co.,9,9,1891,19,9,1891,False,"Sept. 9 Hypatia-Quebec-22,454 fir deals, 74 pcs. hewn fir, 39 pcs. hewn oak, 12 pcs. hewn elm-J. P. Graves & Co."
18910919p.275_p003.txt,87,Sept. Buffalo,New York,HULL,"54 logs, 11 pkgs. walnut","Wilson, Sons, & Co.",14,9,1891,19,9,1891,True,"14 Sept. Buffalo -New York-54 logs, 11 pkgs. walnut-Wilson, Sons, & Co."
18910919p.275_p003.txt,89,Caspian,Baltimore,LIVERPOOL,"30 walnut logs, 400 walnut boards, 3,432 walnut squares",Order,11,9,1891,19,9,1891,True,"Sept. 11 Caspian -Baltimore-30 walnut logs, 400 walnut boards, 3,432 walnut squares-Order"
18910919p.275_p003.txt,90,Sedgemoor,Baltimore,LIVERPOOL,"105 bdls. oak, 36 walnut logs",A. Dobell & Co.,12,9,1891,19,9,1891,True,"12 Sedgemoor -Baltimore-105 bdls. oak, 36 walnut logs-A. Dobell & Co.; 5,231 oak squares, 576 oak planks, 185 ash planks, 152 walnut planks, 845 red oak planks, 1,092 pcs. oak lumber, 6 poplar logs-Order"
18910919p.275_p003.txt,90,Sedgemoor,Baltimore,LIVERPOOL,"5,231 oak squares, 576 oak planks, 185 ash planks, 152 walnut planks, 845 red oak planks, 1,092 pcs. oak lumber, 6 poplar logs",Order,12,9,1891,19,9,1891,True,"12 Sedgemoor -Baltimore-105 bdls. oak, 36 walnut logs-A. Dobell & Co.; 5,231 oak squares, 576 oak planks, 185 ash planks, 152 walnut planks, 845 red oak planks, 1,092 pcs. oak lumber, 6 poplar logs-Order"
18910919p.275_p003.txt,93,Lord Gough,Philadelphia,LIVERPOOL,"4,347 maple blocks",Churchill & Sim,14,9,1891,19,9,1891,True,"14 Lord Gough -Philadelphia-4,347 maple blocks-Churchill & Sim"
18910919p.275_p003.txt,95,Norwood,Rangoon,LIVERPOOL,49 teak planks,Order,15,9,1891,19,9,1891,True,15 Norwood -Rangoon-49 teak planks-Order
18910919p.275_p003.txt,97,Newton,Pensacola,LIVERPOOL,373 pcs. red cedar,"Neale, Harrison, & Co.",16,9,1891,19,9,1891,True,"16 Newton -Pensacola-373 pcs. red cedar-Neale, Harrison, & Co."
18910919p.275_p003.txt,98,Lennie,Quebec,LIVERPOOL,"111 pcs. oak, 87 pcs. elm, 51 pcs. cherry","Holme, Wainwright, & Co.",17,9,1891,19,9,1891,False,"17 Lennie-Quebec-111 pcs. oak, 87 pcs. elm, 51 pcs. cherry-Holme, Wainwright, & Co."
18910919p.275_p003.txt,102,Lydian Monarch,New York,VICTORIA AND ALBERT DOCK,"1,844 pcs. oak lumber",B. F. Dowdeswell,14,9,1891,19,9,1891,True,"Sept. 14 Lydian Monarch -New York-1,844 pcs. oak lumber-B. F. Dowdeswell; 3 cars elm lumber-Bennett & Co."
18910919p.275_p003.txt,102,Lydian Monarch,New York,VICTORIA AND ALBERT DOCK,3 cars elm lumber,Bennett & Co.,14,9,1891,19,9,1891,True,"Sept. 14 Lydian Monarch -New York-1,844 pcs. oak lumber-B. F. Dowdeswell; 3 cars elm lumber-Bennett & Co."
18910919p.275_p003.txt,104,Salerno,Belize,SOUTH-WEST INDIA DOCK,340 logs mahogany,P. Leckie & Co.,17,9,1891,19,9,1891,True,"17 Salerno -Belize-340 logs mahogany-P. Leckie & Co.; 319 logs mahogany-Gonzalez, Byass, & Co.; 386 pcs. mahogany-Hull Ropework Co.; 21 logs cedar-Order"
18910919p.275_p003.txt,104,Salerno,Belize,SOUTH-WEST INDIA DOCK,319 logs mahogany,"Gonzalez, Byass, & Co.",17,9,1891,19,9,1891,True,"17 Salerno -Belize-340 logs mahogany-P. Leckie & Co.; 319 logs mahogany-Gonzalez, Byass, & Co.; 386 pcs. mahogany-Hull Ropework Co.; 21 logs cedar-Order"
18910919p.275_p003.txt,104,Salerno,Belize,SOUTH-WEST INDIA DOCK,386 pcs. mahogany,Hull Ropework Co.,17,9,1891,19,9,1891,True,"17 Salerno -Belize-340 logs mahogany-P. Leckie & Co.; 319 logs mahogany-Gonzalez, Byass, & Co.; 386 pcs. mahogany-Hull Ropework Co.; 21 logs cedar-Order"
18910919p.275_p003.txt,104,Salerno,Belize,SOUTH-WEST INDIA DOCK,21 logs cedar,Order,17,9,1891,19,9,1891,True,"17 Salerno -Belize-340 logs mahogany-P. Leckie & Co.; 319 logs mahogany-Gonzalez, Byass, & Co.; 386 pcs. mahogany-Hull Ropework Co.; 21 logs cedar-Order"
18910919p.275_p003.txt,105,Fonar,Philadelphia,SOUTH-WEST INDIA DOCK,"3,001 pcs. oak, 1,997 pcs., 19 bdls. hardwood",Churchill & Sim,14,9,1891,19,9,1891,True,"Sept. 14 Fonar -Philadelphia-3,001 pcs. oak, 1,997 pcs., 19 bdls. hardwood-Churchill & Sim; 15 pkgs. cedar ware-W. A. Goodall & Co.; 16 cs. cedar ware-Order"
18910919p.275_p003.txt,105,Fonar,Philadelphia,SOUTH-WEST INDIA DOCK,15 pkgs. cedar ware,W. A. Goodall & Co.,14,9,1891,19,9,1891,True,"Sept. 14 Fonar -Philadelphia-3,001 pcs. oak, 1,997 pcs., 19 bdls. hardwood-Churchill & Sim; 15 pkgs. cedar ware-W. A. Goodall & Co.; 16 cs. cedar ware-Order"
18910919p.275_p003.txt,105,Fonar,Philadelphia,SOUTH-WEST INDIA DOCK,16 cs. cedar ware,Order,14,9,1891,19,9,1891,True,"Sept. 14 Fonar -Philadelphia-3,001 pcs. oak, 1,997 pcs., 19 bdls. hardwood-Churchill & Sim; 15 pkgs. cedar ware-W. A. Goodall & Co.; 16 cs. cedar ware-Order"
18910919p.275_p003.txt,108,British Queen,Liverpool,HAVRE,"2,100 morceaux bois",,10,9,1891,19,9,1891,True,"Sept. 10 British Queen -Liverpool-2,100 morceaux bois"
18910919p.275_p003.txt,109,Colonia,Buenos Ayres,HAVRE,"1,966 morceaux quebracho",,11,9,1891,19,9,1891,True,"11 Colonia -Buenos Ayres-1,966 morceaux quebracho"
18910919p.275_p003.txt,110,Entre Rios,Bahia,HAVRE,"1,755 buches bois rouge",,12,9,1891,19,9,1891,True,"12 Entre Rios -Bahia-1,755 buches bois rouge"
18910919p.275_p003.txt,111,La Normandie,New York,HAVRE,99 billes cedre,,14,9,1891,19,9,1891,True,14 La Normandie -New York-99 billes cedre
18910919p.275_p003.txt,114,Teutonia,Porto Plata,HAVRE,"81 billes, 104 fourches acajou",,15,9,1891,19,9,1891,True,"15 Teutonia -Porto Plata-81 billes, 104 fourches acajou"
18911003p.4_p002.txt,76,Betty,Rafso,"OCTOBER 3, 1891","15,987 deals and ends",J. & D. Thomson,26,10,1891,3,10,1891,False,"26 Betty-Rafso-15,987 deals and ends-J. & D. Thomson"
18911003p.4_p002.txt,78,Marie,Riga,GRANTON,"4,736 fir deals",Thomson,23,9,1891,3,10,1891,False,"Sept. 23 Marie-Riga-4,736 fir deals-Thomson"
18911003p.4_p002.txt,79,Mobile,Riga,GRANTON,"4,550 fir deals",Thomson,25,9,1891,3,10,1891,False,"25 Mobile-Riga-4,550 fir deals-Thomson"
18911003p.4_p002.txt,80,Marstal,Skien,GRANTON,"3,870 pit props",Madsen,26,9,1891,3,10,1891,False,"26 Marstal-Skien-3,870 pit props-Madsen"
18911003p.4_p002.txt,82,Chippewa,Quebec,GREENOCK,434 pcs. red pine,M. Carswell,22,9,1891,3,10,1891,False,"Sept. 22 Chippewa-Quebec-434 pcs. red pine-M. Carswell; 150 pcs. white oak, 56 birch, 6 butternut, 1 pc. red, and 99 pcs. white pine-F. A. Lightbody; 118 pcs. red pine, 258 white pine, 550 pine deals, 1,267 spruce deals, 1,865 pine ends-M. Carswell"
18911003p.4_p002.txt,82,Chippewa,Quebec,GREENOCK,"150 pcs. white oak, 56 birch, 6 butternut, 1 pc. red, and 99 pcs. white pine",F. A. Lightbody,22,9,1891,3,10,1891,False,"Sept. 22 Chippewa-Quebec-434 pcs. red pine-M. Carswell; 150 pcs. white oak, 56 birch, 6 butternut, 1 pc. red, and 99 pcs. white pine-F. A. Lightbody; 118 pcs. red pine, 258 white pine, 550 pine deals, 1,267 spruce deals, 1,865 pine ends-M. Carswell"
18911003p.4_p002.txt,82,Chippewa,Quebec,GREENOCK,"118 pcs. red pine, 258 white pine, 550 pine deals, 1,267 spruce deals, 1,865 pine ends",M. Carswell,22,9,1891,3,10,1891,False,"Sept. 22 Chippewa-Quebec-434 pcs. red pine-M. Carswell; 150 pcs. white oak, 56 birch, 6 butternut, 1 pc. red, and 99 pcs. white pine-F. A. Lightbody; 118 pcs. red pine, 258 white pine, 550 pine deals, 1,267 spruce deals, 1,865 pine ends-M. Carswell"
18911003p.4_p002.txt,83,Lakefield,Portland,GREENOCK,"80,893 deals, sawn birch spool bars, 412 sawn fir deals",Clark & Co.,25,9,1891,3,10,1891,False,"25 Lakefield-Portland-80,893 deals, sawn birch spool bars, 412 sawn fir deals-Clark & Co."
18911003p.4_p002.txt,84,Almedia,Apalachicola,GREENOCK,"329 pcs. sawn, 40 pcs. hewn timber, 2,856 deals, 2,940 boards",Wright & Breakenridge,26,9,1891,3,10,1891,False,"26 Almedia-Apalachicola-329 pcs. sawn, 40 pcs. hewn timber, 2,856 deals, 2,940 boards -Wright & Breakenridge"
18911003p.4_p002.txt,86,Sverre,Ornskjoldsvik,INVERNESS,"20,067 fir battens, 74 fir spars, 13 lds. firewood",J. Smith,23,9,1891,3,10,1891,False,"Sept. 23 Sverre-Ornskjoldsvik-20,067 fir battens, 74 fir spars, 13 lds. firewood-J. Smith"
18911003p.4_p002.txt,87,Elizabeths,Sundswall,INVERNESS,"12,468 fir deals, 1,577 fir spars, 4 lds. firewood",Watson & Co.,26,9,1891,3,10,1891,False,"26 Elizabeths-Sundswall-12,468 fir deals, 1,577 fir spars, 4 lds. firewood-Watson & Co."
18911003p.4_p002.txt,90,Sophie,Porsgrund,KIRKCALDY,"5,357 props",Lochgelly Iron & Coal Co.,22,9,1891,3,10,1891,False,"Sept. 22 Sophie-Porsgrund-5,357 props-Lochgelly Iron & Coal Co."
18911003p.4_p002.txt,91,Achilles,Oscarshamn,KIRKCALDY,"8,139 props",Lochgelly Coal Co.,24,9,1891,3,10,1891,False,"24 Achilles-Oscarshamn-8,139 props-Lochgelly Coal Co."
18911003p.4_p002.txt,94,Albatross,Risoer,KIRKCALDY,"33,473 props",The Fife Coal Co.,25,9,1891,3,10,1891,False,"25 Albatross-Risoer-33,473 props-The Fife Coal Co."
18911003p.4_p002.txt,98,Roja,Riga,KIRKCALDY,"20,751 pit props",Lochgelly Iron & Coal Co.,26,9,1891,3,10,1891,False,"26 Roja-Riga-20,751 pit props-Lochgelly Iron & Coal Co."
18911003p.4_p002.txt,99,Volant,Stettin,KIRKCALDY,"16,470 pit props",Bowman,28,9,1891,3,10,1891,False,"28 Volant-Stettin-16,470 pit props-Bowman"
18911003p.4_p002.txt,102,Albertine,Skien,LEITH,119 lds. firewood,M. J. Ellingsen,22,9,1891,3,10,1891,False,Sept. 22 Albertine-Skien-119 lds. firewood-M. J. Ellingsen
18911003p.4_p002.txt,103,Fannie,Cronstadt,LEITH,"6,683 fir deals",John Mitchell & Co.,23,9,1891,3,10,1891,False,"23 Fannie-Cronstadt-6,683 fir deals-John Mitchell & Co."
18911003p.4_p002.txt,104,Britannia,Rotterdam,LEITH,"3,240 bdls. hoops",George Gibson & Co.,24,9,1891,3,10,1891,False,"24 Britannia-Rotterdam-3,240 bdls. hoops-George Gibson & Co."
18911003p.4_p002.txt,107,Gustav,Riga,LEITH,"6,408 fir deals",T. M. Summers,25,9,1891,3,10,1891,False,"25 Gustav-Riga-6,408 fir deals-T. M. Summers"
18911003p.4_p002.txt,111,Belle,Pensacola,LEITH,"743 pcs. hewn pitch pine, 510 pitch pine deals","Park, Dobson, & Co.",26,9,1891,3,10,1891,False,"26 Belle-Pensacola-743 pcs. hewn pitch pine, 510 pitch pine deals-Park, Dobson, & Co."
18911003p.4_p002.txt,112,Frimad,Gothenburg,LEITH,"2,730 deals, battens",D. W. Beattie,28,9,1891,3,10,1891,False,"28 Frimad-Gothenburg-2,730 deals, battens-D. W. Beattie"
18911003p.4_p002.txt,116,Pallas,Cronstadt,MONTROSE,"43,834 battens and boards",R. Millar & Sons,25,9,1891,3,10,1891,False,"Sept. 25 Pallas-Cronstadt-43,834 battens and boards-R. Millar & Sons"
18911003p.4_p002.txt,117,Larpool,Cronstadt,MONTROSE,"65,252 deals, battens, and boards",R. Millar & Sons,26,9,1891,3,10,1891,True,"26 Larpool -Cronstadt-65,252 deals, battens, and boards-R. Millar & Sons"
18911003p.4_p002.txt,118,Strathbay,Danzig,MONTROSE,574 pcs. hewn fir,R. Millar & Sons,28,9,1891,3,10,1891,True,28 Strathbay -Danzig-574 pcs. hewn fir-R. Millar & Sons
18911003p.4_p002.txt,120,Fram,Sundswall,PETERHEAD,"7,479 fir battens, 501 spars, 21 lds. firewood",A. Creighton,24,9,1891,3,10,1891,False,"Sept. 24 Fram-Sundswall-7,479 fir battens, 501 spars, 21 lds. firewood-A. Creighton"
18911003p.4_p002.txt,121,Pollux,Lulea,PETERHEAD,"12,382 deals and battens",A. Creighton & Co.,25,9,1891,3,10,1891,False,"25 Pollux-Lulea-12,382 deals and battens-A. Creighton & Co."
18911003p.4_p002.txt,123,Falken,Cronstadt,TROON,"14,079 fir battens",Matthew Wright & Nephew,23,9,1891,3,10,1891,False,"Sept. 23 Falken-Cronstadt-14,079 fir battens-Matthew Wright & Nephew"
18911003p.4_p002.txt,125,Ragnar,Riga,WICK,"90 lds. deals and battens, 10 lds. spars, 15 lds. spars and rickers, 60 lds. square timber, 60 lds. lathwood",A. McEwen & Sons,22,9,1891,3,10,1891,False,"Sept. 22 Ragnar-Riga-90 lds. deals and battens, 10 lds. spars, 15 lds. spars and rickers, 60 lds. square timber, 60 lds. lathwood-A. McEwen & Sons"
18911003p.4_p002.txt,126,Wagrien,Christiansand,WICK,110 lds. birch staves,Jas. G. Duncan,24,9,1891,3,10,1891,False,24 Wagrien-Christiansand-110 lds. birch staves-Jas. G. Duncan
18911003p.4_p002.txt,127,Marthe Berthine,Helsingfors,WICK,76 lds. birch staves,D. Sandison,26,9,1891,3,10,1891,False,26 Marthe Berthine-Helsingfors-76 lds. birch staves-D. Sandison
18911107p.4_p002.txt,57,Asia,Quebec,GREENOCK,"93 pcs. oak timber, 47",,26,10,1891,7,11,1891,False,"Oct. 26 Asia-Quebec-93 pcs. oak timber, 47"
18911107p.4_p002.txt,63,Cometen,Sundswall,GREENOCK,"2,000 pcs. deals",P.,2,11,1891,7,11,1891,False,"Nov. 2 Cometen-Sundswall-2,000 pcs. deals-P."
18911107p.4_p002.txt,66,Johannes,Wyborg,GRANGEMOUTH,"3,785 pcs. timber",,26,10,1891,7,11,1891,False,"Oct. 26 Johannes-Wyborg-3,785 pcs. timber-"
18911107p.4_p002.txt,70,John Julie,Riga,GRANGEMOUTH,"8,596 battens and deals",,27,10,1891,7,11,1891,False,"27 John Julie-Riga-8,596 battens and deals-"
18911107p.4_p002.txt,72,Tronda,Drontheim,GRANGEMOUTH,"5,220 deals and battens",,28,10,1891,7,11,1891,False,"28 Tronda-Drontheim-5,220 deals and battens"
18911107p.4_p002.txt,80,Trio,Kotka,GRANGEMOUTH,"8,983 deals and battens",Order,29,10,1891,7,11,1891,False,"29 Trio-Kotka-8,983 deals and battens-Order"
18911107p.4_p002.txt,85,Pauline,Riga,GRANTON,"12,036 fir deals",P.,28,10,1891,7,11,1891,False,"Oct. 28 Pauline-Riga-12,036 fir deals-P."
18911107p.4_p002.txt,87,Silvanus,Windau,GRANTON,18 lds. firwood,Order,30,10,1891,7,11,1891,False,30 Silvanus-Windau-18 lds. firwood-Order
18911107p.4_p002.txt,88,Vigilant,Stettin,GRANTON,"16,632 pit props",,2,11,1891,7,11,1891,False,"Nov. 2 Vigilant-Stettin - 16,632 pit props-"
18911107p.4_p002.txt,95,Anette,Cronstadt,INVERNESS,"5,031 pcs. sawn fir",,2,11,1891,7,11,1891,False,"Nov. 2 Anette-Cronstadt-5,031 pcs. sawn fir-"
18911107p.4_p002.txt,98,Condor,Brevig,KIRKCALDY,66 lds. fir pit props,M. Nairn & Co.,29,10,1891,7,11,1891,False,Oct. 29 Condor-Brevig-66 lds. fir pit props-M. Nairn & Co.
18911107p.4_p002.txt,99,Louisa,Porsgrund,KIRKCALDY,"165 lds. fir poles, 24 lds.",,30,10,1891,7,11,1891,False,"30 Louisa-Porsgrund-165 lds. fir poles, 24 lds."
18911107p.4_p002.txt,101,Enigheden,Skien,KIRKCALDY,"4,756 hewn fir",Bruce,2,11,1891,7,11,1891,False,"Nov. 2 Enigheden-Skien - 4,756 hewn fir-Bruce"
18911107p.4_p002.txt,104,Walter,Drammen,LEITH,"5,969 pcs. deals, 156 pit props",,28,10,1891,7,11,1891,False,"Oct. 28 Walter-Drammen-5,969 pcs. deals, 156 pit props-"
18911107p.4_p002.txt,106,Aries,Quebec,LEITH,"93 pcs. oak timber, 47 pcs. elm,",,30,10,1891,7,11,1891,False,"30 Aries-Quebec-93 pcs. oak timber, 47 pcs. elm,"
18911107p.4_p002.txt,112,La Bella,Archangel,LEITH,"6,775 deals and battens",,30,10,1891,7,11,1891,False,"30 La Bella-Archangel-6,775 deals and battens"
18911107p.4_p002.txt,116,Silvanus,Windau,LEITH,18 lds. firwood,Order,30,10,1891,7,11,1891,False,30 Silvanus-Windau-18 lds. firwood-Order
18911107p.4_p002.txt,117,Vigilant,Stettin,LEITH,"16,632 pit props",Madsen,2,11,1891,7,11,1891,False,"Nov. 2 Vigilant-Stettin-16,632 pit props-Madsen"
18911107p.4_p002.txt,123,Trio,Kotka,LEITH,"8,983 deals and battens",Order,29,11,1891,7,11,1891,False,"29 Trio-Kotka-8,983 deals and battens-Order"
18911107p.4_p002.txt,124,Sir Walter,Bordeaux,LEITH,100 bdls. hoops,Aitken,30,11,1891,7,11,1891,False,30 Sir Walter-Bordeaux-100 bdls. hoops-Aitken
18911107p.4_p002.txt,125,Elise,Drammen,LEITH,"3,397 fir deals and",,2,11,1891,7,11,1891,False,"Nov. 2 Elise-Drammen-3,397 fir deals and"
18911107p.4_p002.txt,131,Snar,Cronstadt,MONTROSE,"14,949 fir battens",R.,29,10,1891,7,11,1891,False,"Oct. 29 Snar-Cronstadt-14,949 fir battens-R."
18911107p.4_p002.txt,133,Aldershot,Cronstadt,MONTROSE,"12,308 fir battens",,30,10,1891,7,11,1891,True,"30 Aldershot -Cronstadt-12,308 fir battens"
18911107p.4_p002.txt,136,Fortuna,Cronstadt,PERTH,"8,106 deals and",,31,10,1891,7,11,1891,False,"Oct. 31 Fortuna-Cronstadt - 8,106 deals and"
18911107p.4_p002.txt,139,Alfen,Hommelvik,STORNOWAY,"118,435 staves,",,30,10,1891,7,11,1891,False,"Oct. 30 Alfen - Hommelvik - 118,435 staves,"
18911107p.4_p002.txt,142,Solid,Drontheim,WICK,170 lds. spruce fir,,29,10,1891,7,11,1891,False,Oct. 29 Solid - Drontheim-170 lds. spruce fir
18911121p.3_p002.txt,2,Ariel,Stettin,LERWICK,155 oak logs,,14,11,1891,21,11,1891,False,"Nov. 14 Ariel-Stettin-155 oak logs; from Gothenburg-1,864 deals and battens, 6 lds. firewood-Hay & Co."
18911121p.3_p002.txt,2,Ariel,Stettin,LERWICK,from Gothenburg,"1,864 deals and battens, 6 lds. firewood-Hay & Co.",14,11,1891,21,11,1891,False,"Nov. 14 Ariel-Stettin-155 oak logs; from Gothenburg-1,864 deals and battens, 6 lds. firewood-Hay & Co."
18911121p.3_p002.txt,5,Catharina,Riga,PERTH,"657 lds. fir, 3,917 fir deals",Cameron Bros.,14,11,1891,21,11,1891,False,"Nov. 14 Catharina-Riga-657 lds. fir, 3,917 fir deals-Cameron Bros."
18911121p.3_p002.txt,6,Otto,Carlevik,PERTH,"10,440 fir deals and battens",Cameron Bros.,16,11,1891,21,11,1891,False,"16 Otto-Carlevik-10,440 fir deals and battens-Cameron Bros."
18911121p.3_p002.txt,9,R. Passmore,Stettin,PETERHEAD,"2,919 pcs. hewn fir, 158 pcs. hewn oak",A. Creighton & Co.,14,11,1891,21,11,1891,False,"Nov. 14 R. Passmore-Stettin-2,919 pcs. hewn fir, 158 pcs. hewn oak-A. Creighton & Co."
18911128p.520_p003.txt,5,Exeter City,New York,BRISTOL,487 cedar planks,G. Adlam & Sons,23,11,1891,28,11,1891,True,Nov 23 Exeter City -New York-487 cedar planks-G. Adlam & Sons
18911128p.520_p003.txt,11,Tofteland—Belize,"243 logs, 9 fantails mahogany, 1 log cedar",WEST INDIA DOCK,Christensen,,25,11,1891,28,11,1891,False,"25 Tofteland—Belize-243 logs, 9 fantails mahogany, 1 log cedar-Christensen"
18911128p.520_p003.txt,14,Memphis —Baltimore,79 walnut and 23 poplar logs,TILBURY DOCK,Order,,23,11,1891,28,11,1891,True,Nov 23 Memphis —Baltimore-79 walnut and 23 poplar logs-Order
18911128p.520_p003.txt,17,Richmond Hill —New York,20 walnut logs,VICTORIA AND ALBERT DOCKS,C. Leary,,23,11,1891,28,11,1891,True,Nov 23 Richmond Hill —New York-20 walnut logs-C. Leary
18911128p.520_p003.txt,19,Hevelius —Buenos Ayres,383 logs cedar,VICTORIA AND ALBERT DOCKS,Order,,25,11,1891,28,11,1891,True,25 Hevelius —Buenos Ayres-383 logs cedar-Order
18911128p.520_p003.txt,20,Egyptian Monarch —New York,892 pcs. cabinetwood,VICTORIA AND ALBERT DOCKS,B. F. Dowdeswell,,26,11,1891,28,11,1891,True,26 Egyptian Monarch —New York-892 pcs. cabinetwood-B. F. Dowdeswell ; 900 staves—Churchill & Sim
18911128p.520_p003.txt,20,Egyptian Monarch —New York,892 pcs. cabinetwood,VICTORIA AND ALBERT DOCKS,900 staves—Churchill & Sim,,26,11,1891,28,11,1891,True,26 Egyptian Monarch —New York-892 pcs. cabinetwood-B. F. Dowdeswell ; 900 staves—Churchill & Sim
18911128p.520_p003.txt,23,Germanic  – New York,857 pcs. lignum,LIVERPOOL,vitæ,,20,11,1891,28,11,1891,True,Nov. 20 Germanic  – New York-857 pcs. lignum-vitæ
18911128p.520_p003.txt,26,Queensmore,Baltimore,LIVERPOOL,"1,239 oak planks, 12 walnut logs",Farnworth & Jardine,21,11,1891,28,11,1891,True,"21 Queensmore -Baltimore-1,239 oak planks, 12 walnut logs-Farnworth & Jardine ; 34 walnut logs-A. Dobell & Co ; 988 pcs. oak lumber-Order"
18911128p.520_p003.txt,26,Queensmore,Baltimore,LIVERPOOL,34 walnut logs,A. Dobell & Co,21,11,1891,28,11,1891,True,"21 Queensmore -Baltimore-1,239 oak planks, 12 walnut logs-Farnworth & Jardine ; 34 walnut logs-A. Dobell & Co ; 988 pcs. oak lumber-Order"
18911128p.520_p003.txt,26,Queensmore,Baltimore,LIVERPOOL,988 pcs. oak lumber,Order,21,11,1891,28,11,1891,True,"21 Queensmore -Baltimore-1,239 oak planks, 12 walnut logs-Farnworth & Jardine ; 34 walnut logs-A. Dobell & Co ; 988 pcs. oak lumber-Order"
18911128p.520_p003.txt,30,Tarifa,Trieste,LIVERPOOL,"9,600 oak staves",G. M.,23,11,1891,28,11,1891,True,"23 Tarifa -Trieste-9,600 oak staves-G. M."
18911128p.520_p003.txt,33,Kepler,New York,LIVERPOOL,"1,452 pcs. oak lumber",J. Kennedy & Co.,25,11,1891,28,11,1891,True,"25 Kepler -New York-1,452 pcs. oak lumber-J. Kennedy & Co."
18911128p.520_p003.txt,36,Elisa,Maracaibo,LIVERPOOL,"2,190 pcs. boxwood D. Midgley & Sons",,26,11,1891,28,11,1891,False,"26 Elisa-Maracaibo-2,190 pcs. boxwood D. Midgley & Sons"
18911128p.520_p003.txt,45,Govino,Baltimore,HAVRE,"35 billes noyer, 351 morceaux chene, 34 billes peuplier",,20,11,1891,28,11,1891,True,"20 Govino -Baltimore-35 billes noyer, 351 morceaux chene, 34 billes peuplier"
18911128p.520_p003.txt,46,Duro,Marseille,HAVRE,"58 pcs. bois veiae, 1,593 pcs. chene",,21,11,1891,28,11,1891,True,"21 Duro -Marseille-58 pcs. bois veiae, 1,593 pcs. chene"
18911128p.520_p003.txt,47,Chili,Callao,HAVRE,1 grenier bois de rose,,23,11,1891,28,11,1891,True,23 Chili -Callao-1 grenier bois de rose
18911128p.520_p003.txt,49,Concordia,Rio Janeiro,HAVRE,116 billes palis,sandre,24,11,1891,28,11,1891,True,24 Concordia -Rio Janeiro-116 billes palis-sandre
18920102p.13_p002.txt,5,Historian,"Halifax, N.S.",THE TIMBER TRADES JOURNAL,701 pcs. lumber,"Bryce, Junor, & Co.",29,1,1892,2,1,1892,True,"29 Historian -Halifax, N.S.-701 pcs. lumber-Bryce, Junor, & Co."
18920102p.13_p002.txt,6,Ludgate Hill,New York,THE TIMBER TRADES JOURNAL,"1,506 pcs. lumber",B. F. Dowdeswell,30,1,1892,2,1,1892,True,"30 Ludgate Hill -New York-1,506 pcs. lumber-B. F. Dowdeswell; 32 bxs. lumber-Amberg File & Index Co.; 24 cs. mouldings-S. H. Dodge & Co.; 1,348 bdls. staves-Order"
18920102p.13_p002.txt,6,Ludgate Hill,New York,THE TIMBER TRADES JOURNAL,32 bxs. lumber,Amberg File & Index Co.,30,1,1892,2,1,1892,True,"30 Ludgate Hill -New York-1,506 pcs. lumber-B. F. Dowdeswell; 32 bxs. lumber-Amberg File & Index Co.; 24 cs. mouldings-S. H. Dodge & Co.; 1,348 bdls. staves-Order"
18920102p.13_p002.txt,6,Ludgate Hill,New York,THE TIMBER TRADES JOURNAL,24 cs. mouldings,S. H. Dodge & Co.,30,1,1892,2,1,1892,True,"30 Ludgate Hill -New York-1,506 pcs. lumber-B. F. Dowdeswell; 32 bxs. lumber-Amberg File & Index Co.; 24 cs. mouldings-S. H. Dodge & Co.; 1,348 bdls. staves-Order"
18920102p.13_p002.txt,6,Ludgate Hill,New York,THE TIMBER TRADES JOURNAL,"1,348 bdls. staves",Order,30,1,1892,2,1,1892,True,"30 Ludgate Hill -New York-1,506 pcs. lumber-B. F. Dowdeswell; 32 bxs. lumber-Amberg File & Index Co.; 24 cs. mouldings-S. H. Dodge & Co.; 1,348 bdls. staves-Order"
18920102p.13_p002.txt,9,Glenorchy,Singapore,WEST INDIA DOCK,"50 lgs., 908 planks timber","Rahang Exploration & Development Co., Ld.",28,12,1892,2,1,1892,True,"Dec. 28 Glenorchy -Singapore-50 lgs., 908 planks timber-Rahang Exploration & Development Co., Ld."
18920102p.13_p002.txt,10,Oamana,Auckland 29 pcs. timber,WEST INDIA DOCK,Barker,,29,12,1892,2,1,1892,False,29 Oamana-Auckland 29 pcs. timber-Barker
18920102p.13_p002.txt,12,Cues,Messina,OTHER DOCKS AND WHARVES,1 bdl. hoops,Order,28,12,1892,2,1,1892,True,Dec. 28 Cues -Messina-1 bdl. hoops-Order
18920102p.13_p002.txt,18,Fredensborg,Memel,OTHER DOCKS AND WHARVES,"14,077 sleeper blocks",Order,1,12,1892,2,1,1892,True,"1 Fredensborg  - Memel-14,077 sleeper blocks-Order"
18920102p.13_p002.txt,21,Amelia,Blaye,LLANELLY,162 lds. pitwood,Nevill,22,12,1892,2,1,1892,False,Dec. 22 Amelia-Blaye-162 lds. pitwood-Nevill
18920102p.13_p002.txt,24,Commerzienrath Fowler,Memel,LOWESTOFT,"7,277 fir sleeper blocks, 875 half",square fir sleepers-Charles Calder & Co.,24,12,1892,2,1,1892,True,"Dec. 24 Commerzienrath Fowler -Memel-7,277 fir sleeper blocks, 875 half-square fir sleepers-Charles Calder & Co."
18920102p.13_p002.txt,27,Leda,Gothenburg,MIDDLESBROUGH,"17,018 pit props, 6,942 sawn fir sleepers",Watson & Co.,24,12,1892,2,1,1892,False,"Dec. 24 Leda-Gothenburg-17,018 pit props, 6,942 sawn fir sleepers-Watson & Co."
18920102p.13_p002.txt,30,Petit Joseph,Auray,NEWPORT,179 lds. pit props,Budd & Co.,23,12,1892,2,1,1892,False,Dec. 23 Petit Joseph-Auray-179 lds. pit props-Budd & Co.
18920102p.13_p002.txt,34,Thomas Coats,Bordeaux,NEWPORT,"1,100 lds. pitwood",Newport Pitwood Co.,24,12,1892,2,1,1892,True,"24 Thomas Coats -Bordeaux-1,100 lds. pitwood-Newport Pitwood Co."
18920102p.13_p002.txt,35,Paul,Auray,NEWPORT,240 lds. pit props,Tapson,28,12,1892,2,1,1892,False,28 Paul-Auray-240 lds. pit props-Tapson
18920102p.13_p002.txt,40,Gerda,Pitea,PLYMOUTH,"20,865 pcs. sawn fir",Fox,24,12,1892,2,1,1892,False,"Dec. 24 Gerda-Pitea-20,865 pcs. sawn fir-Fox"
18920102p.13_p002.txt,43,Embla,Gothenburg,RAMSGATE,"7,216 deals and battens",William Crundall & Co.,24,12,1892,2,1,1892,False,"Dec. 24 Embla-Gothenburg-7,216 deals and battens-William Crundall & Co."
18920102p.13_p002.txt,46,Wavelet,Soderhamn,SHOREHAM,"3,434 deals and battens, 16,848 fir boards, 85,000 fir laths, 173 lds. firewood",Peerless & Sons,22,12,1892,2,1,1892,False,"Dec. 22 Wavelet-Soderhamn-3,434 deals and battens, 16,848 fir boards, 85,000 fir laths, 173 lds. firewood-Peerless & Sons"
18920102p.13_p002.txt,49,Mas Job,Biga,SOUTHAMPTON,"17,431 pcs. sawn fir",Dolton,24,12,1892,2,1,1892,False,"Dec. 24 Mas Job-Biga-17,431 pcs. sawn fir-Dolton"
18920102p.13_p002.txt,52,Beta,Rangoon,SUNDERLAND,"3,975 teak blocks",Hoat & Brown,23,12,1892,2,1,1892,False,"Dec. 23 Beta-Rangoon-3,975 teak blocks-Hoat & Brown"
18920102p.13_p002.txt,53,Progress,Memel,SUNDERLAND,"5,218 fir deals",Short,24,12,1892,2,1,1892,True,"24 Progress -Memel-5,218 fir deals-Short; 9,343 fir deals and ends-Joseph Thompson & Co. ; 2,713 fir deals and ends-Thos. Elliot & Sons"
18920102p.13_p002.txt,53,Progress,Memel,SUNDERLAND,"9,343 fir deals and ends",Joseph Thompson & Co.,24,12,1892,2,1,1892,True,"24 Progress -Memel-5,218 fir deals-Short; 9,343 fir deals and ends-Joseph Thompson & Co. ; 2,713 fir deals and ends-Thos. Elliot & Sons"
18920102p.13_p002.txt,53,Progress,Memel,SUNDERLAND,"2,713 fir deals and ends",Thos. Elliot & Sons,24,12,1892,2,1,1892,True,"24 Progress -Memel-5,218 fir deals-Short; 9,343 fir deals and ends-Joseph Thompson & Co. ; 2,713 fir deals and ends-Thos. Elliot & Sons"
18920102p.13_p002.txt,54,Lady Ann,Gothenburg,SUNDERLAND,"24,632 pit props, 19,054 fir splits",T. Nicholson,28,12,1892,2,1,1892,False,"28 Lady Ann-Gothenburg-24,632 pit props, 19,054 fir splits-T. Nicholson"
18920102p.13_p002.txt,60,Chateaubriand,Nantes,SWANSEA,350 lds. pitwood,A. T. O'Sullivan,22,12,1892,2,1,1892,False,Dec. 22 Chateaubriand-Nantes-350 lds. pitwood-A. T. O'Sullivan
18920102p.13_p002.txt,62,Deux Freres,Arcachon,SWANSEA,280 lds. pitwood,E. David,28,12,1892,2,1,1892,False,28 Deux Freres-Arcachon-280 lds. pitwood-E. David
18920102p.13_p002.txt,68,Munin,Gothenburg,TYNE,"156 lds. battens, 158 lds. pit props, 99 lds. deals and battens, 18 lds. sleepers, 89 bales pulpwood, 96 lds. pit props, 6 lds. mining timber, 42 lds. crowntrees",Order,15,12,1892,2,1,1892,True,"Dec. 15 Munin -Gothenburg-156 lds. battens, 158 lds. pit props, 99 lds. deals and battens, 18 lds. sleepers, 89 bales pulpwood, 96 lds. pit props, 6 lds. mining timber, 42 lds. crowntrees-Order"
18920102p.13_p002.txt,69,John Ornston,Hamburg,TYNE,3 cs. mouldings,Tyne Steam Shipping Co.,18,12,1892,2,1,1892,True,18 John Ornston -Hamburg-3 cs. mouldings-Tyne Steam Shipping Co.
18920102p.13_p002.txt,74,Caroline,Kragero,"JANUARY 2, 1892","12,068 crowntrees, 13,026 pit props",Order,19,12,1892,2,1,1892,False,"19 Caroline-Kragero-12,068 crowntrees, 13,026 pit props-Order"
18920102p.13_p002.txt,77,Elinor,Dordt,"JANUARY 2, 1892","10,910 bdls. hoops",J. Clark & Co.,21,12,1892,2,1,1892,False,"21 Elinor-Dordt- 10,910 bdls. hoops-J. Clark & Co."
18920102p.13_p002.txt,86,Skotland,Norrkoping,"JANUARY 2, 1892","34,243 pit props",Order,22,12,1892,2,1,1892,True,"22 Skotland -Norrkoping-34,243 pit props-Order"
18920102p.13_p002.txt,87,Viking,Gothenburg,"JANUARY 2, 1892","110 lds. sleepers, 14 lds. mining timber, 18 lds. splits, 240 lds. pit props, 25 lds. battens",Order,23,12,1892,2,1,1892,True,"23 Viking -Gothenburg-110 lds. sleepers, 14 lds. mining timber, 18 lds. splits, 240 lds. pit props, 25 lds. battens-Order"
18920102p.13_p002.txt,88,Spark,Dordt,"JANUARY 2, 1892","8,940 bdls. wood hoops",J. C. Williamson & Co.,28,12,1892,2,1,1892,False,"28 Spark-Dordt-8,940 bdls. wood hoops-J. C. Williamson & Co."
18920102p.13_p002.txt,99,Leif,Fredrikstad,YARMOUTH,"221,600 fir boards",Hewett & Co.,24,12,1892,2,1,1892,False,"Dec. 24 Leif-Fredrikstad-221,600 fir boards-Hewett & Co."
18920102p.13_p002.txt,104,Black Head,Riga,BELFAST,"623 pcs. lathwood, 3,526 deals",G. Heyn & Sons,21,12,1892,2,1,1892,True,"Dec. 21 Black Head -Riga-623 pcs. lathwood, 3,526 deals-G. Heyn & Sons"
18920102p.13_p002.txt,105,Arethusa,"St. John, N.B.",BELFAST,"9,460 deals and deal ends",Robb Bros.,23,12,1892,2,1,1892,False,"23 Arethusa-St. John, N.B.-9,460 deals and deal ends-Robb Bros."
18920102p.13_p002.txt,109,Fair Head,Riga,LONDONDERRY,"3,244 pcs. lathwood, 3,485 fir deals",G. Heyn & Sons,28,12,1892,2,1,1892,True,"Dec. 28 Fair Head -Riga-3,244 pcs. lathwood, 3,485 fir deals-G. Heyn & Sons"
18920102p.13_p002.txt,114,Brooklyn City,New York,BRISTOL,111 cedar planks,G. Adlam & Sons,21,12,1892,2,1,1892,True,Dec. 21 Brooklyn City -New York-111 cedar planks-G. Adlam & Sons
18920102p.13_p002.txt,117,Milo,Stettin,HULL,97 pcs. oak,Wilson,23,12,1892,2,1,1892,True,Dec. 23 Milo -Stettin-97 pcs. oak-Wilson
18920102p.13_p002.txt,120,Cheshire,Rangoon,LIVERPOOL,"1,279 teak planks, 6,046 teak blocks, 104 teak squares, 5,816 teak scantlings",Order,23,12,1892,2,1,1892,True,"Dec. 23 Cheshire -Rangoon- 1,279 teak planks, 6,046 teak blocks, 104 teak squares, 5,816 teak scantlings-Order"
18920102p.13_p002.txt,122,Sobralense,Havre,LIVERPOOL,83 logs mahogany,W. H. Stott & Co.,24,12,1892,2,1,1892,True,24 Sobralense -Havre-83 logs mahogany-W. H. Stott & Co.
18920102p.13_p002.txt,123,Edith Mary,Laguna,LIVERPOOL,"193 logs mahogany, 53 log ends",Order,28,12,1892,2,1,1892,False,"28 Edith Mary-Laguna-193 logs mahogany, 53 log ends-Order"
18920102p.13_p002.txt,132,Sutherland,Hamburg,LIVERPOOL,56 logs mahogany,Order,29,12,1892,2,1,1892,True,29 Sutherland -Hamburg-56 logs mahogany-Order
18920102p.13_p002.txt,135,Lessian,Trieste,"JANUARY 2, 1892","12,000 oak staves",Drysdale Bros.,30,12,1892,2,1,1892,True,"30 Lessian -Trieste-12,000 oak staves-Drysdale Bros."
18920102p.13_p002.txt,142,Concha,New York,SURREY COMMERCIAL DOCKS,"2,428 oak stools",H. Josselsohn,28,12,1892,2,1,1892,True,"Dec. 28 Concha -New York-2,428 oak stools-H. Josselsohn; 25,499 oak stools-Order"
18920102p.13_p002.txt,142,Concha,New York,SURREY COMMERCIAL DOCKS,"25,499 oak stools",Order,28,12,1892,2,1,1892,True,"Dec. 28 Concha -New York-2,428 oak stools-H. Josselsohn; 25,499 oak stools-Order"
18920102p.13_p002.txt,145,Missouri,Baltimore,TILBURY DOCK,"1,524 pcs. poplar",C. Leary & Co.,28,12,1892,2,1,1892,True,"Dec. 28 Missouri -Baltimore-1,524 pcs. poplar-C. Leary & Co.; 205 pcs. poplar-C. Dellibone & Co.; 267 bdls. walnut-W. Mallinson; 4,265 pcs. sycamore, 368 bdls., 1,026 pcs. poplar-Order"
18920102p.13_p002.txt,145,Missouri,Baltimore,TILBURY DOCK,205 pcs. poplar,C. Dellibone & Co.,28,12,1892,2,1,1892,True,"Dec. 28 Missouri -Baltimore-1,524 pcs. poplar-C. Leary & Co.; 205 pcs. poplar-C. Dellibone & Co.; 267 bdls. walnut-W. Mallinson; 4,265 pcs. sycamore, 368 bdls., 1,026 pcs. poplar-Order"
18920102p.13_p002.txt,145,Missouri,Baltimore,TILBURY DOCK,267 bdls. walnut,W. Mallinson,28,12,1892,2,1,1892,True,"Dec. 28 Missouri -Baltimore-1,524 pcs. poplar-C. Leary & Co.; 205 pcs. poplar-C. Dellibone & Co.; 267 bdls. walnut-W. Mallinson; 4,265 pcs. sycamore, 368 bdls., 1,026 pcs. poplar-Order"
18920102p.13_p002.txt,145,Missouri,Baltimore,TILBURY DOCK,"4,265 pcs. sycamore, 368 bdls., 1,026 pcs. poplar",Order,28,12,1892,2,1,1892,True,"Dec. 28 Missouri -Baltimore-1,524 pcs. poplar-C. Leary & Co.; 205 pcs. poplar-C. Dellibone & Co.; 267 bdls. walnut-W. Mallinson; 4,265 pcs. sycamore, 368 bdls., 1,026 pcs. poplar-Order"
18920102p.13_p002.txt,148,City of Truro,Philadelphia,WEST INDIA DOCK,"1,205 pcs. walnut",Churchill & Sim,28,12,1892,2,1,1892,True,"Dec. 28 City of Truro -Philadelphia-1,205 pcs. walnut-Churchill & Sim"
18920102p.13_p002.txt,152,Avon,Colon,WEST INDIA DOCK,155 logs mahogany,A. Dobell & Co.,29,12,1892,2,1,1892,True,29 Avon -Colon-155 logs mahogany - A. Dobell & Co.; from St. Lucia-53 logs wood-Gillespie Bros. & Co.
18920102p.13_p002.txt,152,Avon,Colon,WEST INDIA DOCK,from St. Lucia,53 logs wood-Gillespie Bros. & Co.,29,12,1892,2,1,1892,True,29 Avon -Colon-155 logs mahogany - A. Dobell & Co.; from St. Lucia-53 logs wood-Gillespie Bros. & Co.
18920102p.13_p002.txt,153,Holkar,Philadelphia,WEST INDIA DOCK,"1,915 pcs. oak, 1,452 pcs. walnut",Churchill & Sim,30,12,1892,2,1,1892,True,"30 Holkar-Philadelphia-1,915 pcs. oak, 1,452 pcs. walnut-Churchill & Sim"
18920102p.13_p002.txt,156,Tenasserim,Rangoon,EAST INDIA DOCKS,"3,311 teak scantlings, 997 teak planks",Order,28,12,1892,2,1,1892,True,"Dec. 28 Tenasserim -Rangoon-3,311 teak scantlings, 997 teak planks-Order"
18920102p.13_p002.txt,159,Principe de Napoli,Genoa,MILLWALL DOCK,50 walnut planks,Order,28,12,1892,2,1,1892,True,Dec. 28 Principe de Napoli -Genoa-50 walnut planks-Order; from Naples-192 walnut planks-Order
18920102p.13_p002.txt,159,Principe de Napoli,Genoa,MILLWALL DOCK,from Naples,192 walnut planks-Order,28,12,1892,2,1,1892,True,Dec. 28 Principe de Napoli -Genoa-50 walnut planks-Order; from Naples-192 walnut planks-Order
18920102p.13_p002.txt,163,Blonde,Danzig,OTHER DOCKS AND WHARVES,426 oak ends,Churchill & Sim,28,12,1892,2,1,1892,True,Dec. 28 Blonde -Danzig-426 oak ends-Churchill & Sim
18920102p.13_p002.txt,166,Monarch,Newport News,VICTORIA AND ALBERT DOCKS,"4,420 pcs. oak, 548 pcs. walnut lumber",Order,28,12,1892,2,1,1892,True,"Dec. 28 Monarch -Newport News-4,420 pcs. oak, 548 pcs. walnut lumber-Order"
18920102p.13_p002.txt,173,Cape Colonna,New Orleans,HAVRE,"2,637 morceaux pitchpin, 600 cs.",,16,12,1892,2,1,1892,True,"Dec. 16 Cape Colonna -New Orleans-2,637 morceaux pitchpin, 600 cs."
18920102p.13_p002.txt,175,Craighton,New York,HAVRE,"21 billes bois, 205 pcs. acajou",,17,12,1892,2,1,1892,True,"17 Craighton  - New York-21 billes bois, 205 pcs. acajou"
18920102p.13_p002.txt,178,Prodano,Baltimore,HAVRE,"18 billes noyer, 30 billes peuplier, 3,895 morceaux chene",,18,12,1892,2,1,1892,True,"18 Prodano -Baltimore-18 billes noyer, 30 billes peuplier, 3,895 morceaux chene"
18920102p.13_p002.txt,180,Corsica,Bahia,HAVRE,413 billes palissandre,,19,12,1892,2,1,1892,True,19 Corsica -Bahia-413 billes palissandre
18920102p.13_p002.txt,181,La Bretagne,New York,HAVRE,218 billes cedre,,21,12,1892,2,1,1892,True,21 La Bretagne  - New York-218 billes cedre
18920102p.13_p002.txt,183,Prins Willem III.,Curacao,HAVRE,203 morceaux gaiac,,22,12,1892,2,1,1892,True,22 Prins Willem III. -Curacao-203 morceaux gaiac
18920123p.5.txt,5,Thea,Wanevik,ABERDEEN,5 lds. firewood,Townsend,16,1,1892,23,1,1892,False,Jan. 16 Thea-Wanevik-5 lds. firewood-Townsend
18920123p.5.txt,7,Concordia,Laurvig,ALLOA,"10,362 pit props",Kirkwood & Co.,18,1,1892,23,1,1892,False,"Jan. 18 Concordia-Laurvig-10,362 pit props-Kirkwood & Co."
18920123p.5.txt,8,Nina,Skien,ALLOA,"25,882 pit props",Kirkwood,14,1,1892,23,1,1892,False,"14 Nina-Skien-25,882 pit props-Kirkwood"
18920123p.5.txt,9,Christian,Fredrikshald,ALLOA,"7,430 pit props",Love & Stewart,18,1,1892,23,1,1892,False,"18 Christian-Fredrikshald-7,430 pit props-Love & Stewart"
18920123p.5.txt,10,Marie,Risoer,ALLOA,"26,682 pit props",Cowdenbeath Coal Co.,18,1,1892,23,1,1892,False,"18 Marie-Risoer-26,682 pit props-Cowdenbeath Coal Co."
18920123p.5.txt,11,Fride,Memel,ALLOA,"45,870 oak staves",Haldane,18,1,1892,23,1,1892,False,"18 Fride-Memel-45,870 oak staves-Haldane"
18920123p.5.txt,12,Catherina,Risoer,ALLOA,"9,875 pit props",Cowdenbeath Coal Co.,18,1,1892,23,1,1892,False,"18 Catherina-Risoer-9,875 pit props-Cowdenbeath Coal Co."
18920123p.5.txt,13,De Trende Brodre,Fredrikshald,ALLOA,"15,596 pit props",Love & Stewart,18,1,1892,23,1,1892,False,"18 De Trende Brodre-Fredrikshald-15,596 pit props-Love & Stewart"
18920123p.5.txt,15,Frederiksborg,Riga,ARBROATH,"5,515 pcs. lathwood",Slimman & Robertson,15,1,1892,23,1,1892,True,"Jan. 15 Frederiksborg -Riga-5,515 pcs. lathwood-Slimman & Robertson"
18920123p.5.txt,17,Petrus,Fredrikshald,AYR,"49,938 props",Love & Stewart,15,1,1892,23,1,1892,False,"Jan. 15 Petrus-Fredrikshald-49,938 props-Love & Stewart"
18920123p.5.txt,19,Oscar Eriksen,Holmestrand,BORROWSTOUNNESS,"14,405 fir props","J. S. Dymock, Smith, & Co.",16,1,1892,23,1,1892,False,"Jan. 16 Oscar Eriksen-Holmestrand-14,405 fir props-J. S. Dymock, Smith, & Co."
18920123p.5.txt,21,St. Olaf,Drontheim,FRASERBURGH,"263,000 fir staves, 655 deals and battens",T. D. Will,18,1,1892,23,1,1892,True,"Jan. 18 St. Olaf -Drontheim-263,000 fir staves, 655 deals and battens-T. D. Will"
18920123p.5.txt,23,Accomac,Baltimore,GLASGOW,"504 pcs. oak lumber, 9,480 staves",Wright & Breakenridge,11,1,1892,23,1,1892,False,"Jan. 11 Accomac-Baltimore-504 pcs. oak lumber, 9,480 staves-Wright & Breakenridge; 363 oak planks-Allison, Cousland, & Co.; 100 oak planks, 12 walnut logs-Singleton, Dunn, & Co.; 13 oak logs, 23 walnut logs-J. Kennedy & Co.; 12 oak logs-Edmiston & Mitchells; 251 poplar planks, 84 oak planks, 405 pcs. oak-Order"
18920123p.5.txt,23,Accomac,Baltimore,GLASGOW,363 oak planks,"Allison, Cousland, & Co.",11,1,1892,23,1,1892,False,"Jan. 11 Accomac-Baltimore-504 pcs. oak lumber, 9,480 staves-Wright & Breakenridge; 363 oak planks-Allison, Cousland, & Co.; 100 oak planks, 12 walnut logs-Singleton, Dunn, & Co.; 13 oak logs, 23 walnut logs-J. Kennedy & Co.; 12 oak logs-Edmiston & Mitchells; 251 poplar planks, 84 oak planks, 405 pcs. oak-Order"
18920123p.5.txt,23,Accomac,Baltimore,GLASGOW,"100 oak planks, 12 walnut logs","Singleton, Dunn, & Co.",11,1,1892,23,1,1892,False,"Jan. 11 Accomac-Baltimore-504 pcs. oak lumber, 9,480 staves-Wright & Breakenridge; 363 oak planks-Allison, Cousland, & Co.; 100 oak planks, 12 walnut logs-Singleton, Dunn, & Co.; 13 oak logs, 23 walnut logs-J. Kennedy & Co.; 12 oak logs-Edmiston & Mitchells; 251 poplar planks, 84 oak planks, 405 pcs. oak-Order"
18920123p.5.txt,23,Accomac,Baltimore,GLASGOW,"13 oak logs, 23 walnut logs",J. Kennedy & Co.,11,1,1892,23,1,1892,False,"Jan. 11 Accomac-Baltimore-504 pcs. oak lumber, 9,480 staves-Wright & Breakenridge; 363 oak planks-Allison, Cousland, & Co.; 100 oak planks, 12 walnut logs-Singleton, Dunn, & Co.; 13 oak logs, 23 walnut logs-J. Kennedy & Co.; 12 oak logs-Edmiston & Mitchells; 251 poplar planks, 84 oak planks, 405 pcs. oak-Order"
18920123p.5.txt,23,Accomac,Baltimore,GLASGOW,12 oak logs,Edmiston & Mitchells,11,1,1892,23,1,1892,False,"Jan. 11 Accomac-Baltimore-504 pcs. oak lumber, 9,480 staves-Wright & Breakenridge; 363 oak planks-Allison, Cousland, & Co.; 100 oak planks, 12 walnut logs-Singleton, Dunn, & Co.; 13 oak logs, 23 walnut logs-J. Kennedy & Co.; 12 oak logs-Edmiston & Mitchells; 251 poplar planks, 84 oak planks, 405 pcs. oak-Order"
18920123p.5.txt,23,Accomac,Baltimore,GLASGOW,"251 poplar planks, 84 oak planks, 405 pcs. oak",Order,11,1,1892,23,1,1892,False,"Jan. 11 Accomac-Baltimore-504 pcs. oak lumber, 9,480 staves-Wright & Breakenridge; 363 oak planks-Allison, Cousland, & Co.; 100 oak planks, 12 walnut logs-Singleton, Dunn, & Co.; 13 oak logs, 23 walnut logs-J. Kennedy & Co.; 12 oak logs-Edmiston & Mitchells; 251 poplar planks, 84 oak planks, 405 pcs. oak-Order"
18920123p.5.txt,25,Furnessia,New York,GLASGOW,402 pcs. oak lumber,Edmiston & Mitchells,18,1,1892,23,1,1892,False,"18 Furnessia-New York-402 pcs. oak lumber-Edmiston & Mitchells; 530 pcs. oak lumber, 3,600 hhd. staves-Order"
18920123p.5.txt,25,Furnessia,New York,GLASGOW,"530 pcs. oak lumber, 3,600 hhd. staves",Order,18,1,1892,23,1,1892,False,"18 Furnessia-New York-402 pcs. oak lumber-Edmiston & Mitchells; 530 pcs. oak lumber, 3,600 hhd. staves-Order"
18920123p.5.txt,26,Corean,Boston,GLASGOW,"4,800 barrel staves",Thomas Kerr & Co.,11,1,1892,23,1,1892,False,"11 Corean-Boston-4,800 barrel staves-Thomas Kerr & Co.; 2,156 pine boards-Allison, Cousland, & Co."
18920123p.5.txt,26,Corean,Boston,GLASGOW,"2,156 pine boards","Allison, Cousland, & Co.",11,1,1892,23,1,1892,False,"11 Corean-Boston-4,800 barrel staves-Thomas Kerr & Co.; 2,156 pine boards-Allison, Cousland, & Co."
18920123p.5.txt,27,Hibernian,Philadelphia,GLASGOW,"1,000 hhd. staves",Edmiston & Mitchells,16,1,1892,23,1,1892,False,"16 Hibernian-Philadelphia-1,000 hhd. staves-Edmiston & Mitchells"
18920123p.5.txt,30,Toronto,Libau,GRANGEMOUTH,"8,350 deals",McPherson,16,1,1892,23,1,1892,False,"Jan. 16 Toronto-Libau-8,350 deals-McPherson"
18920123p.5.txt,32,Frithiof,Gothenburg,GRANTON,"13,868 props",C. Salvesen & Co.,12,1,1892,23,1,1892,True,"Jan. 12 Frithiof -Gothenburg-13,868 props-C. Salvesen & Co."
18920123p.5.txt,35,Kingsdale,New York,LEITH,"1,800 staves",H. Blaik & Co.,12,1,1892,23,1,1892,False,"Jan. 12 Kingsdale-New York-1,800 staves-H. Blaik & Co."
18920123p.5.txt,41,St. Olaf,Drontheim,PETERHEAD,"7,885 fir battens",C. Carnegie,12,1,1892,23,1,1892,True,"Jan. 12 St. Olaf -Drontheim-7,885 fir battens-C. Carnegie"
18920123p.5.txt,47,Toronto,Libau,PETERHEAD,"25,000 deals",McPherson,16,1,1892,23,1,1892,False,"Jan. 16 Toronto-Libau-25,000 deals-McPherson"
18920123p.5.txt,48,C. Salvesen,Gothenburg,PETERHEAD,"43,960 props",C. Salvesen & Co.,18,1,1892,23,1,1892,True,"Jan. 18 C. Salvesen -Gothenburg-43,960 props-C. Salvesen & Co."
18920123p.5.txt,49,Olaf Trygvesen,Mandal,PETERHEAD,"10 lds. pit props, 244 pcs. mining timber",Madsen & Borch,18,1,1892,23,1,1892,False,"Jan. 18 Olaf Trygvesen-Mandal-10 lds. pit props, 244 pcs. mining timber-Madsen & Borch"
18920123p.5.txt,50,Kingsdale,New York,PETERHEAD,"1,800 staves",H. Blaik & Co.,18,1,1892,23,1,1892,False,"Jan. 18 Kingsdale-New York-1,800 staves-H. Blaik & Co."
18920123p.5.txt,51,Tortona,Libau,PETERHEAD,75 pcs. hewn fir,Currie,18,1,1892,23,1,1892,True,18 Tortona -Libau-75 pcs. hewn fir-Currie
18920123p.5.txt,52,Ennismore,Riga,PETERHEAD,"14,905 deals",Cormack,18,1,1892,23,1,1892,True,"18 Ennismore -Riga-14,905 deals-Cormack"
18920123p.5.txt,53,Martinson,Riga,PETERHEAD,"619 fir logs, 3,489 fir deals",A. Garland & Roger,18,1,1892,23,1,1892,False,"18 Martinson-Riga-619 fir logs, 3,489 fir deals-A. Garland & Roger"
18920123p.5.txt,54,St. Olaf,Drontheim,PETERHEAD,"7,885 fir battens",C. Carnegie,12,1,1892,23,1,1892,True,"Jan. 12 St. Olaf -Drontheim-7,885 fir battens-C. Carnegie"
18920123p.5.txt,55,Hanna,Mandal,PETERHEAD,"85,000 birch staves",Leask,15,1,1892,23,1,1892,False,"15 Hanna-Mandal-85,000 birch staves-Leask"
18930218p.303.txt,79,Urania,Port Blakeley,BARROW,40 lds. sawn fir,Master,9,2,1893,18,2,1893,False,Feb. 9 Urania-Port Blakeley-40 lds. sawn fir-Master
18930218p.303.txt,81,Wells City,New York,BRISTOL,100 lancewood spars,T. Williams,13,2,1893,18,2,1893,True,Feb. 13 Wells City -New York-100 lancewood spars-T. Williams
18930218p.303.txt,83,Boucan,Bayonne,CARDIFF,"1,100 lds. pitwood",A. Capelle,7,2,1893,18,2,1893,False,"Feb. 7 Boucan-Bayonne-1,100 lds. pitwood-A. Capelle"
18930218p.303.txt,84,Baron Hambro,Bordeaux,CARDIFF,700 lds. pitwood,"Powley, Thomas, & Co.",8,2,1893,18,2,1893,False,"Feb. 8 Baron Hambro-Bordeaux-700 lds. pitwood-Powley, Thomas, & Co."
18930218p.303.txt,85,Theophile Marie,Bordeaux,CARDIFF,700 lds. pitwood,"Watts, Ward, & Co.",9,2,1893,18,2,1893,False,"Feb. 9 Theophile Marie-Bordeaux-700 lds. pitwood-Watts, Ward, & Co."
18930218p.303.txt,86,James Wishart,Bordeaux,CARDIFF,"1,450 lds. pitwood","Watts, Ward, & Co.",13,2,1893,18,2,1893,False,"Feb. 13 James Wishart-Bordeaux-1,450 lds. pitwood-Watts, Ward, & Co."
18930218p.303.txt,88,Grimsby,Bordeaux,CARDIFF,700 lds. pitwood,L. Gueret,15,2,1893,18,2,1893,False,Feb. 15 Grimsby-Bordeaux-700 lds. pitwood-L. Gueret
18930218p.303.txt,90,Ingrid,Brevig,HARTLEPOOL (WEST),"1,198 pcs. hewn fir, 1,329 fir props",W. J. Watson & Co.,7,2,1893,18,2,1893,False,"Feb. 7 Ingrid-Brevig-1,198 pcs. hewn fir, 1,329 fir props-W. J. Watson & Co."
18930218p.303.txt,93,Derwent,Brevig,GRIMSBY,"4 spars, 60 fir oars",Grimsby Ice Co.,7,2,1893,18,2,1893,False,"Feb. 7 Derwent-Brevig-4 spars, 60 fir oars-Grimsby Ice Co."
18930218p.303.txt,94,Adolf,Gothenburg,GRIMSBY,18 lds. fir props,C. Nielsen & Son,13,2,1893,18,2,1893,True,"Feb. 13 Adolf -Gothenburg-18 lds. fir props-C. Nielsen & Son; 40,413 fir props-J. W. Baird & Co.; 4,300 fir props-H. Hammond & Co.; 12,456 fir sleepers-W. Pearson & Co.; 1,552 fir props, 643 fir sleepers-G. Pyman & Co.; 1,000 fir sleepers-J. W. Watson & Co."
18930218p.303.txt,94,Adolf,Gothenburg,GRIMSBY,"40,413 fir props",J. W. Baird & Co.,13,2,1893,18,2,1893,True,"Feb. 13 Adolf -Gothenburg-18 lds. fir props-C. Nielsen & Son; 40,413 fir props-J. W. Baird & Co.; 4,300 fir props-H. Hammond & Co.; 12,456 fir sleepers-W. Pearson & Co.; 1,552 fir props, 643 fir sleepers-G. Pyman & Co.; 1,000 fir sleepers-J. W. Watson & Co."
18930218p.303.txt,94,Adolf,Gothenburg,GRIMSBY,"4,300 fir props",H. Hammond & Co.,13,2,1893,18,2,1893,True,"Feb. 13 Adolf -Gothenburg-18 lds. fir props-C. Nielsen & Son; 40,413 fir props-J. W. Baird & Co.; 4,300 fir props-H. Hammond & Co.; 12,456 fir sleepers-W. Pearson & Co.; 1,552 fir props, 643 fir sleepers-G. Pyman & Co.; 1,000 fir sleepers-J. W. Watson & Co."
18930218p.303.txt,94,Adolf,Gothenburg,GRIMSBY,"12,456 fir sleepers",W. Pearson & Co.,13,2,1893,18,2,1893,True,"Feb. 13 Adolf -Gothenburg-18 lds. fir props-C. Nielsen & Son; 40,413 fir props-J. W. Baird & Co.; 4,300 fir props-H. Hammond & Co.; 12,456 fir sleepers-W. Pearson & Co.; 1,552 fir props, 643 fir sleepers-G. Pyman & Co.; 1,000 fir sleepers-J. W. Watson & Co."
18930218p.303.txt,94,Adolf,Gothenburg,GRIMSBY,"1,552 fir props, 643 fir sleepers",G. Pyman & Co.,13,2,1893,18,2,1893,True,"Feb. 13 Adolf -Gothenburg-18 lds. fir props-C. Nielsen & Son; 40,413 fir props-J. W. Baird & Co.; 4,300 fir props-H. Hammond & Co.; 12,456 fir sleepers-W. Pearson & Co.; 1,552 fir props, 643 fir sleepers-G. Pyman & Co.; 1,000 fir sleepers-J. W. Watson & Co."
18930218p.303.txt,94,Adolf,Gothenburg,GRIMSBY,"1,000 fir sleepers",J. W. Watson & Co.,13,2,1893,18,2,1893,True,"Feb. 13 Adolf -Gothenburg-18 lds. fir props-C. Nielsen & Son; 40,413 fir props-J. W. Baird & Co.; 4,300 fir props-H. Hammond & Co.; 12,456 fir sleepers-W. Pearson & Co.; 1,552 fir props, 643 fir sleepers-G. Pyman & Co.; 1,000 fir sleepers-J. W. Watson & Co."
18930218p.303.txt,96,Urania,Helsingborg,HULL,862 birch squares,T. W. Allen,9,2,1893,18,2,1893,True,Feb. 9 Urania -Helsingborg - 862 birch squares-T. W. Allen
18930218p.303.txt,97,Juno,Drontheim,HULL,"7,956 bdls. boards, 4,486 bdls. and 33,000 staves",Wilson & Co.,13,2,1893,18,2,1893,True,"Feb. 13 Juno -Drontheim-7,956 bdls. boards, 4,486 bdls. and 33,000 staves-Wilson & Co."
18930218p.303.txt,100,Cashmere,Puget Sound,LIVERPOOL,"3,747 pcs. pine lumber","Taylor, Sons, & Co.",3,2,1893,18,2,1893,True,"Feb. 3 Cashmere -Puget Sound-3,747 pcs. pine lumber-Taylor, Sons, & Co."
18930218p.303.txt,101,Dictator,Apalachicola,LIVERPOOL,"896 pcs. sawn pitch pine, 54 pitch pine deals",D. Roberts & Son,9,2,1893,18,2,1893,False,"Feb. 9 Dictator-Apalachicola-896 pcs. sawn pitch pine, 54 pitch pine deals-D. Roberts & Son; 1,200 staves-E. Chaloner & Co."
18930218p.303.txt,101,Dictator,Apalachicola,LIVERPOOL,"1,200 staves",E. Chaloner & Co.,9,2,1893,18,2,1893,False,"Feb. 9 Dictator-Apalachicola-896 pcs. sawn pitch pine, 54 pitch pine deals-D. Roberts & Son; 1,200 staves-E. Chaloner & Co."
18930218p.303.txt,103,Britannic,New York,LIVERPOOL,"5,300 pcs. lumber","Whiteside, Johns, & Co.",10,2,1893,18,2,1893,True,"Feb. 10 Britannic -New York-5,300 pcs. lumber-Whiteside, Johns, & Co.; 432 lancewood spars-B. Hall & Co.; 1,250 hhd. staves, 259 lancewood spars, 500 bdls. shooks-Order"
18930218p.303.txt,103,Britannic,New York,LIVERPOOL,432 lancewood spars,B. Hall & Co.,10,2,1893,18,2,1893,True,"Feb. 10 Britannic -New York-5,300 pcs. lumber-Whiteside, Johns, & Co.; 432 lancewood spars-B. Hall & Co.; 1,250 hhd. staves, 259 lancewood spars, 500 bdls. shooks-Order"
18930218p.303.txt,103,Britannic,New York,LIVERPOOL,"1,250 hhd. staves, 259 lancewood spars, 500 bdls. shooks",Order,10,2,1893,18,2,1893,True,"Feb. 10 Britannic -New York-5,300 pcs. lumber-Whiteside, Johns, & Co.; 432 lancewood spars-B. Hall & Co.; 1,250 hhd. staves, 259 lancewood spars, 500 bdls. shooks-Order"
18930218p.303.txt,104,Philadelphian,Boston,LIVERPOOL,"6,400 staves",Farnworth & Jardine.,11,2,1893,18,2,1893,True,"Feb. 11 Philadelphian -Boston-6,400 staves-Farnworth & Jardine."
18930218p.303.txt,108,Walter Thomas,Odessa,MILLWALL DOCKS,121 teak logs,Order,6,2,1893,18,2,1893,True,Feb. 6 Walter Thomas -Odessa-121 teak logs-Order
18930218p.303.txt,110,Mohawk,New York,TILBURY DOCKS,63 crotches mahogany,C. Leary & Co.,10,2,1893,18,2,1893,True,"Feb. 10 Mohawk -New York-63 crotches mahogany-C. Leary & Co.; 78 pcs cedar, 175 pcs. lumber-Order"
18930218p.303.txt,110,Mohawk,New York,TILBURY DOCKS,"78 pcs cedar, 175 pcs. lumber",Order,10,2,1893,18,2,1893,True,"Feb. 10 Mohawk -New York-63 crotches mahogany-C. Leary & Co.; 78 pcs cedar, 175 pcs. lumber-Order"
18930218p.303.txt,112,Leon,Cabarete,WEST INDIA DOCKS,"623 logs, 43 log ends, 287 curls mahogany",M. Ventura,13,2,1893,18,2,1893,False,"Feb. 13 Leon-Cabarete-623 logs, 43 log ends, 287 curls mahogany-M. Ventura"
18930218p.303.txt,115,Feliciana,Norfolk,VICTORIA AND ALBERT DOCKS,"2,189 walnut boards",Order,13,2,1893,18,2,1893,True,"Feb. 13 Feliciana -Norfolk-2,189 walnut boards-Order"
18930218p.303.txt,118,Govino,Baltimore,HAVRE,432 pcs. bois,,8,2,1893,18,2,1893,True,Feb. 8 Govino -Baltimore-432 pcs. bois
18930218p.303.txt,132,Nessmore,Boston,VICTORIA AND ALBERT DOCKS,"329 bdls. poplar boards, 1,482 pcs lumber",Order,10,2,1893,18,2,1893,True,"Feb. 10 Nessmore -Boston-329 bdls. poplar boards, 1,482 pcs lumber-Order"
18930218p.303.txt,133,Feliciana,Norfolk,VICTORIA AND ALBERT DOCKS,28 logs timber,Price & Pierce,13,2,1893,18,2,1893,True,"Feb. 13 Feliciana -Norfolk-28 logs timber-Price & Pierce; 70 scantlings, 244 pcs lumber-W. Mallinson; 543 pcs lumber-Browning & Co."
18930218p.303.txt,133,Feliciana,Norfolk,VICTORIA AND ALBERT DOCKS,"70 scantlings, 244 pcs lumber",W. Mallinson,13,2,1893,18,2,1893,True,"Feb. 13 Feliciana -Norfolk-28 logs timber-Price & Pierce; 70 scantlings, 244 pcs lumber-W. Mallinson; 543 pcs lumber-Browning & Co."
18930218p.303.txt,133,Feliciana,Norfolk,VICTORIA AND ALBERT DOCKS,543 pcs lumber,Browning & Co.,13,2,1893,18,2,1893,True,"Feb. 13 Feliciana -Norfolk-28 logs timber-Price & Pierce; 70 scantlings, 244 pcs lumber-W. Mallinson; 543 pcs lumber-Browning & Co."
18930218p.303.txt,135,Gleneagles,Singapore,WEST INDIA DOCKS,"41 logs, 13,516 pcs., 176 bdls. timber",Order,13,2,1893,18,2,1893,True,"Feb. 13 Gleneagles -Singapore-41 logs, 13,516 pcs., 176 bdls. timber-Order"
18930218p.303.txt,137,Hoffnung,Darien,OTHER DOCKS AND WHARVES,"388 pcs. timber, 71 deals",Order,10,2,1893,18,2,1893,False,"Feb. 10 Hoffnung-Darien-388 pcs. timber, 71 deals-Order"
18930218p.303.txt,139,Marie,Blaye,LLANELLY,138 lds. pitwood,Nevill,10,2,1893,18,2,1893,False,Feb. 10 Marie-Blaye-138 lds. pitwood-Nevill
18930218p.303.txt,140,Jeune France,Redon,LLANELLY,172 lds. pitwood,Jones,11,2,1893,18,2,1893,False,Feb. 11 Jeune France-Redon-172 lds. pitwood-Jones
18930218p.303.txt,142,Ingrid,Brevig,MIDDLESBROUGH,"1,198 pcs. hewn fir, 1,329 fir props",W. J. Watson & Co.,7,2,1893,18,2,1893,False,"Feb. 7 Ingrid-Brevig-1,198 pcs. hewn fir, 1,329 fir props-W. J. Watson & Co."
18930218p.303.txt,145,Fornjot,Risoer,NEWPORT,450 lds. pit props,Jones,7,2,1893,18,2,1893,False,Feb. 7 Fornjot-Risoer-450 lds. pit props-Jones
18930218p.303.txt,152,Talma,l'Orient,NEWPORT,260 lds. pitwood,Watts,8,2,1893,18,2,1893,False,Feb. 8 Talma-l'Orient-260 lds. pitwood-Watts
18930218p.303.txt,154,Normand,Villagarcia,NEWPORT,"1,300 lds. pitwood","Watts, Ward, & Co.",9,2,1893,18,2,1893,False,"Feb. 9 Normand-Villagarcia-1,300 lds. pitwood-Watts, Ward, & Co."
18930218p.303.txt,159,Garonne,Bordeaux,NEWPORT,900 lds. pitwood,Simkin,13,2,1893,18,2,1893,False,Feb. 13 Garonne-Bordeaux-900 lds. pitwood-Simkin
18930218p.303.txt,165,Astrea,Christiansand,ROCHESTER,356 lds. sawn wood unrated,C. Bessent & Co.,8,2,1893,18,2,1893,False,Feb. 8 Astrea-Christiansand-356 lds. sawn wood unrated-C. Bessent & Co.
18930218p.303.txt,167,Orinoco,Jamaica,SOUTHAMPTON,253 pcs. satinwood,J. K. Linstead,31,1,1893,18,2,1893,False,Jan. 31 Orinoco-Jamaica-253 pcs. satinwood-J. K. Linstead
18930218p.303.txt,168,Frigga,Darien,SOUTHAMPTON,"1,854 pcs. sawn fir","Tagart, Morgan, & Coles",13,2,1893,18,2,1893,False,"Feb. 13 Frigga-Darien-1,854 pcs. sawn fir-Tagart, Morgan, & Coles"
18930218p.303.txt,170,Anna,Brevig,SUNDERLAND,"213 lds. hewn fir mining timber, 12 lds. pit props",Rayner & Moller,8,2,1893,18,2,1893,False,"Feb. 8 Anna-Brevig-213 lds. hewn fir mining timber, 12 lds. pit props-Rayner & Moller"
18930218p.303.txt,172,Louise Helen,Bordeaux,SWANSEA,70 lds. pitwood,J. Jones & Co.,7,2,1893,18,2,1893,False,Feb. 7 Louise Helen-Bordeaux-70 lds. pitwood-J. Jones & Co.
18930218p.303.txt,173,Adrien,Vannes,SWANSEA,120 lds. pitwood,Newport Pitwood Co.,8,2,1893,18,2,1893,False,Feb. 8 Adrien-Vannes-120 lds. pitwood-Newport Pitwood Co.
18930218p.303.txt,175,Alsace,Bordeaux,SWANSEA,80 lds. pitwood,G. Taylor,9,2,1893,18,2,1893,False,Feb. 9 Alsace-Bordeaux-80 lds. pitwood-G. Taylor
18930218p.303.txt,176,Consolation,Bordeaux,SWANSEA,90 lds. pitwood,Main Coal Co.,10,2,1893,18,2,1893,False,Feb. 10 Consolation-Bordeaux-90 lds. pitwood-Main Coal Co.
18930218p.303.txt,177,Jeune Emelie,Bordeaux,SWANSEA,124 lds. pitwood,F. E. Vivian,11,2,1893,18,2,1893,False,Feb. 11 Jeune Emelie-Bordeaux-124 lds. pitwood-F. E. Vivian
18930218p.303.txt,183,Titania,Kragero,TYNE,"23,039 props",Order,1,2,1893,18,2,1893,False,"Feb. 1 Titania-Kragero-23,039 props-Order"
18930218p.303.txt,184,Clara,Arendal,TYNE,"18,348 props",Order,4,2,1893,18,2,1893,False,"Feb. 4 Clara-Arendal-18,348 props-Order"
18930401p.448.txt,3,Zemit,Corcubion,CARDIFF,500 lds. fir pitwood,"Powley, Thomas, & Co.",21,3,1893,1,4,1893,False,"Mar. 21 Zemit-Corcubion-500 lds. fir pitwood-Powley, Thomas, & Co."
18930401p.448.txt,5,Isbergues,Bayonne,CARDIFF,"1,300 lds. pitwood",A. Capelle,22,3,1893,1,4,1893,False,"22 Isbergues-Bayonne-1,300 lds. pitwood-A. Capelle"
18930401p.448.txt,8,Premier,Bordeaux,CARDIFF,"1,100 lds. pitwood",Watts,24,3,1893,1,4,1893,False,"Mar. 24 Premier-Bordeaux-1,100 lds. pitwood-Watts"
18930401p.448.txt,20,Province,San Francisco,FLEETWOOD,25 lds. sawn W. Thomas & Co.,,24,3,1893,1,4,1893,False,24 Province-San Francisco-25 lds. sawn W. Thomas & Co.
18930401p.448.txt,22,Triton,Gothenburg,HARTLEPOOL (WEST),"35,690 fir sleepers, 8,630 props, 20,234 splits, 13,286 pcs. firewood",Victor Nilson & Co.,22,3,1893,1,4,1893,True,"Mar. 22 Triton -Gothenburg-35,690 fir sleepers, 8,630 props, 20,234 splits, 13,286 pcs. firewood-Victor Nilson & Co.; 25,879 props-G. Horsley & Co."
18930401p.448.txt,22,Triton,Gothenburg,HARTLEPOOL (WEST),"25,879 props",G. Horsley & Co.,22,3,1893,1,4,1893,True,"Mar. 22 Triton -Gothenburg-35,690 fir sleepers, 8,630 props, 20,234 splits, 13,286 pcs. firewood-Victor Nilson & Co.; 25,879 props-G. Horsley & Co."
18930401p.448.txt,24,,Gothenburg,HARTLEPOOL (WEST),"12,214 pcs. hewn fir",G. & Co.,24,3,1893,1,4,1893,True,"24 -Gothenburg-12,214 pcs. hewn fir-G. & Co.; 33 lds. props-Baird & Co."
18930401p.448.txt,24,,Gothenburg,HARTLEPOOL (WEST),33 lds. props,Baird & Co.,24,3,1893,1,4,1893,True,"24 -Gothenburg-12,214 pcs. hewn fir-G. & Co.; 33 lds. props-Baird & Co."
18930401p.448.txt,28,St. George,Gothenburg,HULL,"11,847 sleepers, 17,619 props, H. Smith's & Co., bdls. laths",Order,27,3,1893,1,4,1893,True,"27 St. George -Gothenburg-11,847 sleepers, 17,619 props, H. Smith's & Co., bdls. laths-Order"
18930401p.448.txt,48,Avena,Uddevalla,SURREY COMMERCIAL DOCKS,"680 doors, 2,894 bdls. mouldings",S. Brown,24,3,1893,1,4,1893,True,"Mar. 24 Avena -Uddevalla-680 doors, 2,894 bdls. mouldings-S. Brown"
18930401p.448.txt,49,Annona,Uddevalla,SURREY COMMERCIAL DOCKS,"397 bdls. mouldings, 18 crts. trellis, 3,205 doors",S. Brown,25,3,1893,1,4,1893,True,"25 Annona -Uddevalla-397 bdls. mouldings, 18 crts. trellis, 3,205 doors-S. Brown"
18930401p.448.txt,50,Polykarp,Kragero,SURREY COMMERCIAL DOCKS,160 fms. firewood,"Duus, Brown, & Co.",24,3,1893,1,4,1893,False,"24 Polykarp-Kragero-160 fms. firewood-Duus, Brown, & Co.; 15 doz. boards-C. Thorsdal"
18930401p.448.txt,50,Polykarp,Kragero,SURREY COMMERCIAL DOCKS,15 doz. boards,C. Thorsdal,24,3,1893,1,4,1893,False,"24 Polykarp-Kragero-160 fms. firewood-Duus, Brown, & Co.; 15 doz. boards-C. Thorsdal"
18930401p.448.txt,52,Kelso,Christiania,MILLWALL DOCKS,202 bgs. brush blocks,J. Keen,24,3,1893,1,4,1893,True,"Mar. 24 Kelso -Christiania-202 bgs. brush blocks-J. Keen; 5,440 bdls. box boards, 4,050 bdls. staves-Order; from Drammen-1,760 bdls. box boards-Duus, Brown, & Co."
18930401p.448.txt,52,Kelso,Christiania,MILLWALL DOCKS,"5,440 bdls. box boards, 4,050 bdls. staves",Order,24,3,1893,1,4,1893,True,"Mar. 24 Kelso -Christiania-202 bgs. brush blocks-J. Keen; 5,440 bdls. box boards, 4,050 bdls. staves-Order; from Drammen-1,760 bdls. box boards-Duus, Brown, & Co."
18930401p.448.txt,52,Kelso,Christiania,MILLWALL DOCKS,from Drammen,"1,760 bdls. box boards-Duus, Brown, & Co.",24,3,1893,1,4,1893,True,"Mar. 24 Kelso -Christiania-202 bgs. brush blocks-J. Keen; 5,440 bdls. box boards, 4,050 bdls. staves-Order; from Drammen-1,760 bdls. box boards-Duus, Brown, & Co."
18930401p.448.txt,54,Winestead,Fiume,MILLWALL DOCKS,31 logs,Churchill & Sim,25,3,1893,1,4,1893,True,"25 Winestead -Fiume-31 logs-Churchill & Sim; 4,197 parquets, 424 logs-Order"
18930401p.448.txt,54,Winestead,Fiume,MILLWALL DOCKS,"4,197 parquets, 424 logs",Order,25,3,1893,1,4,1893,True,"25 Winestead -Fiume-31 logs-Churchill & Sim; 4,197 parquets, 424 logs-Order"
18930401p.448.txt,55,Thule,Gothenburg,MILLWALL DOCKS,"500 bdls. laths, 1,995 doors, 55 bdls. trellis, 4,521 pkgs. joinery",Order,27,3,1893,1,4,1893,True,"27 Thule -Gothenburg-500 bdls. laths, 1,995 doors, 55 bdls. trellis, 4,521 pkgs. joinery-Order"
18930401p.448.txt,56,Albano,Christiania,MILLWALL DOCKS,544 bags brush blocks,J. Keen,28,3,1893,1,4,1893,True,"28 Albano -Christiania-544 bags brush blocks -J. Keen; 2,600 bdls. staves and battens-Gruner, Molineux, & Co.; 9,600 bdls. staves, 1,911 planed boards-Order"
18930401p.448.txt,56,Albano,Christiania,MILLWALL DOCKS,"2,600 bdls. staves and battens","Gruner, Molineux, & Co.",28,3,1893,1,4,1893,True,"28 Albano -Christiania-544 bags brush blocks -J. Keen; 2,600 bdls. staves and battens-Gruner, Molineux, & Co.; 9,600 bdls. staves, 1,911 planed boards-Order"
18930401p.448.txt,56,Albano,Christiania,MILLWALL DOCKS,"9,600 bdls. staves, 1,911 planed boards",Order,28,3,1893,1,4,1893,True,"28 Albano -Christiania-544 bags brush blocks -J. Keen; 2,600 bdls. staves and battens-Gruner, Molineux, & Co.; 9,600 bdls. staves, 1,911 planed boards-Order"
18930401p.448.txt,59,Agder,Porsgrund,MIDDLESBROUGH,138 pcs. hewn fir,W. J. Watson & Co.,21,3,1893,1,4,1893,True,Mar. 21 Agder -Porsgrund-138 pcs. hewn fir-W. J. Watson & Co.
18930401p.448.txt,63,Thomas Coats,Bordeaux,NEWPORT,"1,050 lds. hewn fir",Newport Pitwood Co.,21,3,1893,1,4,1893,False,"Mar. 21 Thomas Coats-Bordeaux-1,050 lds. hewn fir-Newport Pitwood Co."
18930401p.448.txt,64,Edouard,Redon,NEWPORT,204 lds. pit props,Budd,22,3,1893,1,4,1893,False,22 Edouard-Redon-204 lds. pit props-Budd
18930401p.448.txt,67,Theophile Marie,l'Orient,NEWPORT,140 lds. pitwood,"Watts, Ward, & Co.",23,3,1893,1,4,1893,False,"23 Theophile Marie-l'Orient-140 lds. pitwood-Watts, Ward, & Co."
18930401p.448.txt,68,Marie,Donelan,NEWPORT,112 lds. pitwood,Watts,24,3,1893,1,4,1893,False,24 Marie-Donelan-112 lds. pitwood-Watts
18930401p.448.txt,70,Canute,Mobile,PLYMOUTH,"1,718 pcs. sawn fir, 422 pcs. hewn fir",R. & R. Bayly,21,3,1893,1,4,1893,False,"Mar. 21 Canute-Mobile-1,718 pcs. sawn fir, 422 pcs. hewn fir-R. & R. Bayly"
18930401p.448.txt,71,Canute,Mobile,PLYMOUTH,"4,291 pcs. sawn fir, 18 pcs. hewn fir",James Bros. & Co.,22,3,1893,1,4,1893,False,"22 Canute-Mobile-4,291 pcs. sawn fir, 18 pcs. hewn fir-James Bros. & Co."
18930401p.448.txt,72,Flower of Portsoy,Bordeaux,PLYMOUTH,700 bdls. wood hoops,B. J. Weeby & Co.,25,3,1893,1,4,1893,False,25 Flower of Portsoy-Bordeaux-700 bdls. wood hoops-B. J. Weeby & Co.
18930401p.448.txt,74,Munin,Gothenburg,SUNDERLAND,"55,189 pit props, 17,694 fir sleepers, 5,037 fir battens and boards, 708 fir deals",E. W. Campbell,21,3,1893,1,4,1893,False,"Mar. 21 Munin-Gothenburg-55,189 pit props, 17,694 fir sleepers, 5,037 fir battens and boards, 708 fir deals-E. W. Campbell"
18930401p.448.txt,75,Marie,Gothenburg,SUNDERLAND,"36,000 pit props",Lindsay,24,3,1893,1,4,1893,False,"24 Marie-Gothenburg-36,000 pit props-Lindsay"
18930401p.448.txt,78,Adolf,Gothenburg,SUNDERLAND,"450 lds. pit props, 200 lds. fir sleepers",Lindsay & Hall.,25,3,1893,1,4,1893,False,"25 Adolf-Gothenburg-450 lds. pit props, 200 lds. fir sleepers-Lindsay & Hall."
18930401p.448.txt,80,Louise Ernest,Bayonne,SWANSEA,70 lds. pitwood,J. Jones & Co.,22,3,1893,1,4,1893,False,Mar. 22 Louise Ernest-Bayonne-70 lds. pitwood-J. Jones & Co.
18930401p.448.txt,81,Espoir,Blaye,SWANSEA,125 lds. pitwood,Margrave,23,3,1893,1,4,1893,False,23 Espoir-Blaye-125 lds. pitwood-Margrave
18930401p.448.txt,83,Mercur,Bergen,TYNE,77 bales pulp of wood,Order,21,3,1893,1,4,1893,True,Mar. 21 Mercur -Bergen-77 bales pulp of wood-Order
18930401p.448.txt,85,Royal Dane,Hamburg,TYNE,"756 bdls. box cs., majolica wood",Tyne Steam Shipping Co.,24,3,1893,1,4,1893,True,"24 Royal Dane -Hamburg-756 bdls. box cs., majolica wood-Tyne Steam Shipping Co."
18930401p.448.txt,87,John Ormston,Rotterdam,TYNE,14 cs. wood,"ware-2,998 pkgs. hoops-Tyne Steam Shipping Co.",27,3,1893,1,4,1893,True,"27 John Ormston -Rotterdam-14 cs. wood-ware-2,998 pkgs. hoops-Tyne Steam Shipping Co."
18930401p.448.txt,93,Saga,Apalachicola,BELFAST,"110 pcs. hewn fir, 696 pcs. sawn fir",H. Hutton & Co.,22,3,1893,1,4,1893,False,"Mar. 22 Saga-Apalachicola-110 pcs. hewn fir, 696 pcs. sawn fir-H. Hutton & Co."
18930401p.448.txt,97,Egret,Rotterdam,CORK,500 bdls. hoops,Cork Steamship Co.,20,3,1893,1,4,1893,False,Mar. 20 Egret-Rotterdam-500 bdls. hoops-Cork Steamship Co.
18930401p.448.txt,101,Cilurnum,New Orleans,MILLWALL DOCKS,"4,462 pcs. lumber, 1,617 oak strips",Order,24,3,1893,1,4,1893,True,"Mar. 24 Cilurnum -New Orleans-4,462 pcs. lumber, 1,617 oak strips-Order"
18930401p.448.txt,103,Shropshire,Rangoon,TILBURY DOCKS,"493 teak planks, 1,650 oak scantlings",Order,27,3,1893,1,4,1893,True,"Mar. 27 Shropshire -Rangoon-493 teak planks, 1,650 oak scantlings-Order"
18930401p.448.txt,105,Derwent,Jamaica,VICTORIA AND ALBERT DOCKS,"1,148 lancewood spars",Gillespie Bros. & Co.,28,3,1893,1,4,1893,True,"Mar. 28 Derwent -Jamaica-1,148 lancewood spars-Gillespie Bros. & Co."
18930401p.448.txt,108,Reiher,Bremen,ST. KATHARINE'S DOCKS,695 logs mahogany,Order,28,3,1893,1,4,1893,True,Mar. 28 Reiher -Bremen-695 logs mahogany-Order
18930401p.448.txt,110,Costa Rican,Colon,LIVERPOOL,228 logs mahogany,A. Dobell & Co.,24,3,1893,1,4,1893,True,"Mar. 24 Costa Rican -Colon-228 logs mahogany-A. Dobell & Co.; 32 logs hickory-T. Ballen & Co.; 35 logs hickory-A. Dobell & Co.; 38 logs poplar, oak, &c., 447 pcs. oak-Order"
18930401p.448.txt,110,Costa Rican,Colon,LIVERPOOL,32 logs hickory,T. Ballen & Co.,24,3,1893,1,4,1893,True,"Mar. 24 Costa Rican -Colon-228 logs mahogany-A. Dobell & Co.; 32 logs hickory-T. Ballen & Co.; 35 logs hickory-A. Dobell & Co.; 38 logs poplar, oak, &c., 447 pcs. oak-Order"
18930401p.448.txt,110,Costa Rican,Colon,LIVERPOOL,35 logs hickory,A. Dobell & Co.,24,3,1893,1,4,1893,True,"Mar. 24 Costa Rican -Colon-228 logs mahogany-A. Dobell & Co.; 32 logs hickory-T. Ballen & Co.; 35 logs hickory-A. Dobell & Co.; 38 logs poplar, oak, &c., 447 pcs. oak-Order"
18930401p.448.txt,110,Costa Rican,Colon,LIVERPOOL,"38 logs poplar, oak, &c., 447 pcs. oak",Order,24,3,1893,1,4,1893,True,"Mar. 24 Costa Rican -Colon-228 logs mahogany-A. Dobell & Co.; 32 logs hickory-T. Ballen & Co.; 35 logs hickory-A. Dobell & Co.; 38 logs poplar, oak, &c., 447 pcs. oak-Order"
18930401p.448.txt,111,British Queen,Havre,LIVERPOOL,970 pcs. lignum,vitae-Cunard Steam Shipping Co.,27,3,1893,1,4,1893,True,27 British Queen -Havre-970 pcs. lignum-vitae-Cunard Steam Shipping Co.
18930401p.448.txt,114,Numidian,Portland,LIVERPOOL,"1,000 maple blocks",Mitchell Bros.,28,3,1893,1,4,1893,True,"28 Numidian -Portland-1,000 maple blocks-Mitchell Bros."
18930515p.619_p002.txt,7,Jane Clark,Norrkoping,SUNDERLAND,"9,638 pcs. timber",Order,9,5,1893,15,5,1893,True,"9 Jane Clark  - Norrkoping - 9,638 pcs. timber - Order"
18930515p.619_p002.txt,9,Wilhelm,Fredrikstad,SUNDERLAND,"25,166 bdls. case and flooring boards, 1,528 battens",Order,10,5,1893,15,5,1893,False,"10 Wilhelm - Fredrikstad - 25,166 bdls. case and flooring boards, 1,528 battens - Order"
18930515p.619_p002.txt,11,Charles Kahl,Stettin,SURREY COMMERCIAL DOCKS,438 pcs. timber,Order,5,5,1893,15,5,1893,False,May 5 Charles Kahl - Stettin - 438 pcs. timber - Order
18930515p.619_p002.txt,12,Adolf,Gothenburg,SURREY COMMERCIAL DOCKS,"1,635 doors, 228 bdls., 347 doz. matchboards, 1,024 bdls. mouldings, 1,022 doz. battens, 24 doz. deals",Order,6,5,1893,15,5,1893,True,"6 Adolf  - Gothenburg - 1,635 doors, 228 bdls., 347 doz. matchboards, 1,024 bdls. mouldings, 1,022 doz. battens, 24 doz. deals - Order"
18930515p.619_p002.txt,14,Rhein,Stettin,SURREY COMMERCIAL DOCKS,"11,460 props",Order,8,5,1893,15,5,1893,True,"8 Rhein  - Stettin - 11,460 props - Order"
18930515p.619_p002.txt,16,Kelso,Christiania,SURREY COMMERCIAL DOCKS,"200 bags brush blocks, 2,667 bdls. boxboards",Order,9,5,1893,15,5,1893,True,"9 Kelso  - Christiania - 200 bags brush blocks, 2,667 bdls. boxboards - Order"
18930515p.619_p002.txt,17,Nautilus,Stockholm,SURREY COMMERCIAL DOCKS,"3,817 n.o., 36 bdls. doors, 1,008 bdls. mouldings, 20 bdls. woodwork",Order,11,5,1893,15,5,1893,True,"11 Nautilus  - Stockholm - 3,817 n.o., 36 bdls. doors, 1,008 bdls. mouldings, 20 bdls. woodwork - Order"
18930515p.619_p002.txt,19,Telamon,Singapore,MILLWALL DOCKS,137 logs timber,Order,6,5,1893,15,5,1893,True,May 6 Telamon  - Singapore - 137 logs timber - Order
18930515p.619_p002.txt,20,Milanese,Boston,MILLWALL DOCKS,775 cs. splints,Bryant & May,8,5,1893,15,5,1893,True,8 Milanese  - Boston - 775 cs. splints - Bryant & May
18930515p.619_p002.txt,22,Fonar,Philadelphia,VICTORIA AND ALBERT DOCKS,"1,498 pcs. lumber",Order,10,5,1893,15,5,1893,True,"May 10 Fonar  - Philadelphia - 1,498 pcs. lumber - Order"
18930515p.619_p002.txt,24,Eberstein,Danzig,OTHER DOCKS AND WHARVES,"8,189 sleeper blocks, 1,092 half",sleepers - Order,5,5,1893,15,5,1893,True,"May 5 Eberstein  - Danzig - 8,189 sleeper blocks, 1,092 half-sleepers - Order"
18930515p.619_p002.txt,25,Johan Smidt,Fredrikstad,OTHER DOCKS AND WHARVES,290 fms. firewood,"Duus, Brown, & Co.",6,5,1893,15,5,1893,False,"6 Johan Smidt - Fredrikstad - 290 fms. firewood - Duus, Brown, & Co."
18930515p.619_p002.txt,26,Canada,Memel,OTHER DOCKS AND WHARVES,"1,024 pcs. timber, 6,600 staves",Order,8,5,1893,15,5,1893,False,"8 Canada - Memel - 1,024 pcs. timber, 6,600 staves - Order"
18930515p.619_p002.txt,29,Preference,Westerwik,LOWESTOFT,"428 lds. planed fir boards, deals, and battens",T. Saul & Sons,4,5,1893,15,5,1893,False,"May 4 Preference - Westerwik - 428 lds. planed fir boards, deals, and battens - T. Saul & Sons"
18930515p.619_p002.txt,33,Bengal,Mobile,LYNN,"526 lds. hewn fir, 1,841 pcs. sawn fir, 212 pcs. fir deals, 254 fir deals",Pitch Pine Co.,4,5,1893,15,5,1893,False,"May 4 Bengal - Mobile - 526 lds. hewn fir, 1,841 pcs. sawn fir, 212 pcs. fir deals, 254 fir deals - Pitch Pine Co."
18930515p.619_p002.txt,34,Juno,Memel,LYNN,526 lds. hewn fir,"Thompson, Pattrick, & Woodwark",8,5,1893,15,5,1893,False,"8 Juno - Memel - 526 lds. hewn fir - Thompson, Pattrick, & Woodwark"
18930515p.619_p002.txt,37,Agder,Skien,MIDDLESBROUGH,199 pcs. hewn fir,W. J. Watson & Co.,2,5,1893,15,5,1893,True,May 2 Agder  - Skien - 199 pcs. hewn fir - W. J. Watson & Co.
18930515p.619_p002.txt,38,Oskar,Skien,MIDDLESBROUGH,262 lds. hewn fir,C. Calder & Co.,5,5,1893,15,5,1893,False,5 Oskar - Skien - 262 lds. hewn fir - C. Calder & Co.
18930515p.619_p002.txt,41,Chipman,Rangoon,MILFORD,"1,332 lds. teak",Edmiston & Mitchells,4,5,1893,15,5,1893,False,"May 4 Chipman - Rangoon - 1,332 lds. teak - Edmiston & Mitchells"
18930515p.619_p002.txt,43,Mathilda,Gothenburg,NEWHAVEN,"15,592 fir battens",St. John Hunt & Co.,2,5,1893,15,5,1893,True,"May 2 Mathilda  - Gothenburg - 15,592 fir battens - St. John Hunt & Co."
18930515p.619_p002.txt,45,Jean Baptiste,Hennebont,PENZANCE,190 lds. pit props,Budd & Co.,2,5,1893,15,5,1893,False,May 2 Jean Baptiste - Hennebont - 190 lds. pit props - Budd & Co.
18930515p.619_p002.txt,46,Malabar,Pont l'Abbe,PENZANCE,120 lds. pitwood,Watts & Co.,6,5,1893,15,5,1893,False,6 Malabar - Pont l'Abbe - 120 lds. pitwood - Watts & Co.
18930515p.619_p002.txt,48,Gorina,Gothenburg,PLYMOUTH,"7,031 bdls. fir laths, 172 lds. pitwood, 37 lds. hewn fir poles, 200 lds. pitwood",Harvey & Co.,4,5,1893,15,5,1893,False,"May 4 Gorina - Gothenburg - 7,031 bdls. fir laths, 172 lds. pitwood, 37 lds. hewn fir poles, 200 lds. pitwood - Harvey & Co."
18930515p.619_p002.txt,50,Theodor,Memel,POOLE,"8,663 pcs. sawn fir",J. T. Sydenham & Co.,5,5,1893,15,5,1893,False,"May 5 Theodor - Memel - 8,663 pcs. sawn fir - J. T. Sydenham & Co."
18930515p.619_p002.txt,52,Eden,Gothenburg,PRESTON,"427 lds. deals, battens, and boards",T. Batley,1,5,1893,15,5,1893,False,"May 1 Eden - Gothenburg - 427 lds. deals, battens, and boards - T. Batley"
18930515p.619_p002.txt,54,Carola,Laurvig,ROCHESTER,"50,232 fir boards and ends",Crossfield & Co.,2,5,1893,15,5,1893,False,"May 2 Carola - Laurvig - 50,232 fir boards and ends - Crossfield & Co."
18930515p.619_p002.txt,58,Toxa,Risoer,SCARBOROUGH,303 lds. firewood,T. Wilkinson,3,5,1893,15,5,1893,False,May 3 Toxa - Risoer - 303 lds. firewood - T. Wilkinson
18930515p.619_p002.txt,61,Dacapo,Christiania,SHOREHAM,252 lds. fir spars,Beves & Co.,8,5,1893,15,5,1893,False,May 8 Dacapo - Christiania - 252 lds. fir spars - Beves & Co.
18930515p.619_p002.txt,63,North,Windau,SUNDERLAND,"13,943 hewn fir sleepers",Armstrong & Co.,2,5,1893,15,5,1893,False,"May 2 North - Windau - 13,943 hewn fir sleepers - Armstrong & Co.; from Gothenburg - 36,369 sawn fir sleepers - Armstrong & Co."
18930515p.619_p002.txt,63,North,Windau,SUNDERLAND,from Gothenburg,"36,369 sawn fir sleepers - Armstrong & Co.",2,5,1893,15,5,1893,False,"May 2 North - Windau - 13,943 hewn fir sleepers - Armstrong & Co.; from Gothenburg - 36,369 sawn fir sleepers - Armstrong & Co."
18930515p.619_p002.txt,66,Edith,Uddevalla,SUNDERLAND,"45,266 pit props",Moller,3,5,1893,15,5,1893,False,"3 Edith - Uddevalla - 45,266 pit props - Moller"
18930515p.619_p002.txt,69,Adelheid,Stettin,SUNDERLAND,325 pcs. hewn oak,Short,4,5,1893,15,5,1893,False,4 Adelheid - Stettin - 325 pcs. hewn oak - Short
18930515p.619_p002.txt,71,Olga,Halmstad,SUNDERLAND,"33,809 pit props",Pyman,5,5,1893,15,5,1893,False,"5 Olga - Halmstad - 33,809 pit props - Pyman"
18930515p.619_p002.txt,73,Sirene,Stettin,SUNDERLAND,207 lds. hewn oak,Short,8,5,1893,15,5,1893,False,8 Sirene - Stettin - 207 lds. hewn oak - Short
18930515p.619_p002.txt,84,Furn,St. Simon's,SOUTHAMPTON,"188 lds. hewn fir, 749 lds. sawn fir, 22 lds. deals",Driver & Co.,2,5,1893,15,5,1893,False,"May 2 Furn - St. Simon's - 188 lds. hewn fir, 749 lds. sawn fir, 22 lds. deals - Driver & Co."
18930515p.619_p002.txt,85,Durango,Fredrikstad,SOUTHAMPTON,504 lds. sawn fir,South Western Railway Co.,3,5,1893,15,5,1893,False,3 Durango - Fredrikstad - 504 lds. sawn fir - South Western Railway Co.
18930515p.619_p002.txt,86,Comforter,Tvedestrand,SOUTHAMPTON,393 lds. sawn fir,Sandell Bros.,4,5,1893,15,5,1893,False,4 Comforter - Tvedestrand - 393 lds. sawn fir - Sandell Bros.
18930515p.619_p002.txt,87,Atrato,Jamaica,SOUTHAMPTON,116 lancewood spars,J. K. Linstead,5,5,1893,15,5,1893,False,5 Atrato - Jamaica - 116 lancewood spars - J. K. Linstead
18930515p.619_p002.txt,88,Ceres,Fredrikstad,SOUTHAMPTON,"355 lds. planed sawn fir, 17 lds., 240 bdls. sawn fir, 1,618 pcs. mouldings, 200 doors",Order,6,5,1893,15,5,1893,False,"6 Ceres - Fredrikstad - 355 lds. planed sawn fir, 17 lds., 240 bdls. sawn fir, 1,618 pcs. mouldings, 200 doors - Order"
18930515p.619_p002.txt,90,Hanna,Fredrikstad,SOUTHAMPTON,364 lds. sawn fir,Tagart,8,5,1893,15,5,1893,False,8 Hanna - Fredrikstad - 364 lds. sawn fir - Tagart
18930515p.619_p002.txt,95,Sirene,Arcachon,SWANSEA,170 lds. pitwood,F. E. Vivian.,2,5,1893,15,5,1893,False,May 2 Sirene - Arcachon - 170 lds. pitwood - F. E. Vivian.
18930515p.619_p002.txt,98,Ursule,Hennebont,SWANSEA,115 lds. pit props,Main Colliery Co.,4,5,1893,15,5,1893,False,4 Ursule - Hennebont - 115 lds. pit props - Main Colliery Co.
18930515p.619_p002.txt,99,Paquita Bordeaux,558 lds. pitwood,SWANSEA,W. Fay,,8,5,1893,15,5,1893,False,8 Paquita Bordeaux - 558 lds. pitwood - W. Fay
18930515p.619_p002.txt,101,Odin,Christiania,TYNE,"75 lds. mining timber, 39 lds. firwood staves, 180 bales pulpwood",Order,2,5,1893,15,5,1893,True,"May 2 Odin  - Christiania - 75 lds. mining timber, 39 lds. firwood staves, 180 bales pulpwood - Order; from Laurvig - 180 bales pulp wood, 60 lds. pit props - Order"
18930515p.619_p002.txt,101,Odin,Christiania,TYNE,from Laurvig,"180 bales pulp wood, 60 lds. pit props - Order",2,5,1893,15,5,1893,True,"May 2 Odin  - Christiania - 75 lds. mining timber, 39 lds. firwood staves, 180 bales pulpwood - Order; from Laurvig - 180 bales pulp wood, 60 lds. pit props - Order"
18930515p.619_p002.txt,102,Anna,Carlskrona,TYNE,"48,916 lds. pit props",Order,3,5,1893,15,5,1893,False,"3 Anna - Carlskrona - 48,916 lds. pit props - Order"
18930515p.619_p002.txt,107,Henrich Moll,"Stettin 48,280 props",TYNE,Hall,,4,5,1893,15,5,1893,False,"4 Henrich Moll - Stettin 48,280 props - Hall"
18930515p.619_p002.txt,110,Royal Dane,Hamburg,TYNE,"2 cases mouldings, 2 packages wood",Tyne Steam Shipping Co.,5,5,1893,15,5,1893,True,"5 Royal Dane  - Hamburg - 2 cases mouldings, 2 packages wood - Tyne Steam Shipping Co."
18930515p.619_p002.txt,114,Prodano,Baltimore,TYNE,"609 boards, 50 logs, 26,617 pcs. lumber, 1,300 hhd. staves, 33 cases handles",Order,6,5,1893,15,5,1893,True,"6 Prodano  - Baltimore - 609 boards, 50 logs, 26,617 pcs. lumber, 1,300 hhd. staves, 33 cases handles - Order"
18930515p.619_p002.txt,115,Heldine,Sandefjord,TYNE,"5,234 props, 1,116 pcs timber",Order,8,5,1893,15,5,1893,False,"8 Heldine - Sandefjord - 5,234 props, 1,116 pcs timber - Order"
18930515p.619_p002.txt,120,City of Oporto,Rotterdam,BELFAST,15 lds. hoops,J. C. Pinkerton,3,5,1893,15,5,1893,False,May 3 City of Oporto - Rotterdam - 15 lds. hoops - J. C. Pinkerton
18930515p.619_p002.txt,122,Urania,Fredrikstad,CORK,"500 lds. sawn fir, 12 lds. hoops",B. Houghton & Co.,2,5,1893,15,5,1893,False,"May 2 Urania - Fredrikstad - 500 lds. sawn fir, 12 lds. hoops - B. Houghton & Co."
18930515p.619_p002.txt,127,Maiden City,St. John,DUBLIN,"24,650 deals and ends",T. & C. Martin,4,5,1893,15,5,1893,False,"May 4 Maiden City - St. John - 24,650 deals and ends - T. & C. Martin"
18930515p.619_p002.txt,131,Mylomene,Tacoma,LIMERICK,30 lds. dunnage sawn fir,The Master,3,5,1893,15,5,1893,False,May 3 Mylomene - Tacoma - 30 lds. dunnage sawn fir - The Master
18930515p.619_p002.txt,133,Durham,San Francisco,WATERFORD,7 lds. dunnage sawn,J. Reid,3,5,1893,15,5,1893,False,May 3 Durham - San Francisco - 7 lds. dunnage sawn - J. Reid
18930515p.619_p002.txt,135,Halvmaanan,Fredrikstad,WEXFORD,"26,152 planed fir boards, 7,050 sawn fir boards, 880 deals, 18 hewn fir spars",M. A. Ennis,2,5,1893,15,5,1893,False,"May 2 Halvmaanan - Fredrikstad - 26,152 planed fir boards, 7,050 sawn fir boards, 880 deals, 18 hewn fir spars - M. A. Ennis"
18930515p.619_p002.txt,138,Buffalo,New York,HULL,969 pcs. walnut,"Wilson, Sons, & Co.",5,5,1893,15,5,1893,True,"May 5 Buffalo  - New York - 969 pcs. walnut - Wilson, Sons, & Co."
18930515p.619_p002.txt,140,Gallia,New York,LIVERPOOL,77 satinwood spars,B. Hall & Co.,5,5,1893,15,5,1893,True,May 5 Gallia  - New York - 77 satinwood spars - B. Hall & Co.
18930515p.619_p002.txt,163,Olinde Rodrigues,Bordeaux,FRANCE,"1,000 pcs. billes acajou",,3,5,1893,15,5,1893,False,"May 3 Olinde Rodrigues - Bordeaux - 1,000 pcs. billes acajou"
18930515p.619_p002.txt,165,Francia,Port au Prince,FRANCE,2 logs mahogany,,4,5,1893,15,5,1893,True,4 Francia  - Port au Prince - 2 logs mahogany
18930515p.619_p002.txt,167,Glencarn,Tampico,FRANCE,"156 logs cedar, 10 tons sandal",,8,5,1893,15,5,1893,True,"8 Glencarn  - Tampico - 156 logs cedar, 10 tons sandal; from Cienfuegos - 10 tons sandal"
18930515p.619_p002.txt,167,Glencarn,Tampico,FRANCE,from Cienfuegos,10 tons sandal,8,5,1893,15,5,1893,True,"8 Glencarn  - Tampico - 156 logs cedar, 10 tons sandal; from Cienfuegos - 10 tons sandal"
18930515p.619_p002.txt,169,Orion,Monte Video,FRANCE,10 tons lignum,"vitae, 156 morceaux bois jaune",9,5,1893,15,5,1893,True,"9 Orion  - Monte Video - 10 tons lignum-vitae, 156 morceaux bois jaune"
18930515p.619_p003.txt,66,City of Khios,Calcutta,THE TIMBER TRADES JOURNAL,"1,676 walnut squares",Farnworth & Jardine,5,5,1893,15,5,1893,True,"May 5 City of Khios -Calcutta-1,676 walnut squares-Farnworth & Jardine; 1,676 pcs. oak-R. Coltart & Co.; 1,111 oak planks, 3,041 pcs. walnut lumber, 767 oak boards-Order"
18930515p.619_p003.txt,66,City of Khios,Calcutta,THE TIMBER TRADES JOURNAL,"1,676 pcs. oak",R. Coltart & Co.,5,5,1893,15,5,1893,True,"May 5 City of Khios -Calcutta-1,676 walnut squares-Farnworth & Jardine; 1,676 pcs. oak-R. Coltart & Co.; 1,111 oak planks, 3,041 pcs. walnut lumber, 767 oak boards-Order"
18930515p.619_p003.txt,66,City of Khios,Calcutta,THE TIMBER TRADES JOURNAL,"1,111 oak planks, 3,041 pcs. walnut lumber, 767 oak boards",Order,5,5,1893,15,5,1893,True,"May 5 City of Khios -Calcutta-1,676 walnut squares-Farnworth & Jardine; 1,676 pcs. oak-R. Coltart & Co.; 1,111 oak planks, 3,041 pcs. walnut lumber, 767 oak boards-Order"
18930515p.619_p003.txt,67,Isla de Mindanas,Manila,THE TIMBER TRADES JOURNAL,Order,,9,5,1893,15,5,1893,True,9 Isla de Mindanas -Manila-Order
18930515p.619_p003.txt,68,British Prince,"2,496 maple blocks",THE TIMBER TRADES JOURNAL,Churchill & Sim,,10,5,1893,15,5,1893,False,"10 British Prince-2,496 maple blocks-Churchill & Sim; 3,811 pcs. oak-A. Dobell & Co."
18930515p.619_p003.txt,68,British Prince,"2,496 maple blocks",THE TIMBER TRADES JOURNAL,"3,811 pcs. oak",A. Dobell & Co.,10,5,1893,15,5,1893,False,"10 British Prince-2,496 maple blocks-Churchill & Sim; 3,811 pcs. oak-A. Dobell & Co."
18930515p.619_p003.txt,73,City of Khios,Calcutta,TILBURY DOCKS,253 teak planks,Turner & Co.,5,5,1893,15,5,1893,True,May 5 City of Khios -Calcutta-253 teak planks -Turner & Co.
18930515p.619_p003.txt,76,Swanteivah,Stettin,MILLWALL DOCKS,404 logs oak,Order,6,5,1893,15,5,1893,False,May 6 Swanteivah-Stettin-404 logs oak-Order
18930515p.619_p003.txt,77,Die Gartenlaube,Stettin,MILLWALL DOCKS,647 logs,Order,10,5,1893,15,5,1893,False,10 Die Gartenlaube-Stettin-647 logs-Order
18930515p.619_p003.txt,79,Milanese,Boston,VICTORIA AND ALBERT DOCKS,895 walnut logs,"Denny, Mott, & Dickson",8,5,1893,15,5,1893,True,"May 8 Milanese -Boston-895 walnut logs-Denny, Mott, & Dickson"
18930515p.619_p003.txt,81,Niola,Carnarvon,OTHER DOCKS AND WHARVES,281 lds. jarrah,Order,8,5,1893,15,5,1893,False,May 8 Niola-Carnarvon-281 lds. jarrah-Order
18930515p.619_p003.txt,83,Fonar,Philadelphia,WEST INDIA DOCKS,"1,072 pcs. oak",Churchill & Sim,10,5,1893,15,5,1893,True,"May 10 Fonar -Philadelphia-1,072 pcs. oak-Churchill & Sim; 185 pcs. walnut-D. Witt"
18930515p.619_p003.txt,83,Fonar,Philadelphia,WEST INDIA DOCKS,185 pcs. walnut,D. Witt,10,5,1893,15,5,1893,True,"May 10 Fonar -Philadelphia-1,072 pcs. oak-Churchill & Sim; 185 pcs. walnut-D. Witt"
18930515p.619_p003.txt,85,Olinde Rodrigues,Cap Haitien,HAVRE,4 billes acajou,,3,5,1893,15,5,1893,True,May 3 Olinde Rodrigues -Cap Haitien-4 billes acajou
18930515p.619_p003.txt,87,Francia,Porto Plata,HAVRE,428 billes acajou,,4,5,1893,15,5,1893,True,4 Francia -Porto Plata-428 billes acajou
18930515p.619_p003.txt,89,Glencarn,Tellichéry,HAVRE,174 stds. bois de sandal,,8,5,1893,15,5,1893,True,8 Glencarn -Tellichéry-174 stds. bois de sandal; from Calicut-6 billes bois de rose
18930515p.619_p003.txt,89,Glencarn,Tellichéry,HAVRE,from Calicut,6 billes bois de rose,8,5,1893,15,5,1893,True,8 Glencarn -Tellichéry-174 stds. bois de sandal; from Calicut-6 billes bois de rose
18930515p.619_p003.txt,91,Orion,Monte Christi,HAVRE,"4 morceaux gaiac, 156 morceaux acajou",,9,5,1893,15,5,1893,True,"9 Orion -Monte Christi-4 morceaux gaiac, 156 morceaux acajou"
18930610p.729_p002.txt,2,Harmonia,Fredrikstad,LYNN,440 lds. prepared floorings and boards,J. T. Stanton,31,5,1893,10,6,1893,False,May 31 Harmonia-Fredrikstad-440 lds. prepared floorings and boards-J. T. Stanton
18930610p.729_p002.txt,3,Joseph Somes,Sundswall,LYNN,"1,020 lds. fir deals, battens, and boards",J. T. Sydenham & Co.,1,6,1893,10,6,1893,False,"June 1 Joseph Somes-Sundswall-1,020 lds. fir deals, battens, and boards-J. T. Sydenham & Co."
18930610p.729_p002.txt,4,Mabel,Skonvik,LYNN,"1,310 lds. fir battens, and boards",J. T. Stanton,5,6,1893,10,6,1893,True,"5 Mabel -Skonvik-1,310 lds. fir battens, and boards-J. T. Stanton"
18930610p.729_p002.txt,7,John,Drammen,LOWESTOFT,"299 lds. firewood, 270 lds. fir staves",W. J. Wilton,30,5,1893,10,6,1893,False,"May 30 John-Drammen-299 lds. firewood, 270 lds. fir staves-W. J. Wilton"
18930610p.729_p002.txt,8,Olive Branch,Dunkirk,LOWESTOFT,200 lds. hewn fir,F. Spashett,5,6,1893,10,6,1893,False,June 5 Olive Branch-Dunkirk-200 lds. hewn fir -F. Spashett
18930610p.729_p002.txt,10,Hawthorn,Riga,MIDDLESBROUGH,"1,006 lds. sawn fir sleepers, 108 lds. hewn fir sleepers, 135 lds. fir poles",Calder & Co.,2,6,1893,10,6,1893,False,"June 2 Hawthorn-Riga-1,006 lds. sawn fir sleepers, 108 lds. hewn fir sleepers, 135 lds. fir poles-Calder & Co."
18930610p.729_p002.txt,13,Desederia,Tvedestrand,NEWPORT,650 lds. hewn fir logs,T. B. Batchelor,31,5,1893,10,6,1893,False,May 31 Desederia-Tvedestrand-650 lds. hewn fir logs-T. B. Batchelor
18930610p.729_p002.txt,14,Guide,Quimper,NEWPORT,110 lds. pitwood,Newport Pitwood Co.,2,6,1893,10,6,1893,False,June 2 Guide-Quimper-110 lds. pitwood-Newport Pitwood Co.
18930610p.729_p002.txt,15,Cardinal,Stettin,NEWPORT,478 oak logs,T. B. Batchelor,3,6,1893,10,6,1893,False,3 Cardinal-Stettin-478 oak logs-T. B. Batchelor
18930610p.729_p002.txt,17,Hebe,Auray,NEWPORT,112 lds. pitwood,Watts & Co.,5,6,1893,10,6,1893,False,5 Hebe-Auray-112 lds. pitwood-Watts & Co.
18930610p.729_p002.txt,25,Vidar,Christiania,PLYMOUTH,"405 lds. planed fir, 1,201 hewn fir spars",R. & R. Bayly,1,6,1893,10,6,1893,False,"June 1 Vidar-Christiania-405 lds. planed fir, 1,201 hewn fir spars-R. & R. Bayly"
18930610p.729_p002.txt,26,Oberstlieutenant von Sulsi,Torf,PLYMOUTH,Stettin,380 pcs. hewn oak-R. & R. Bayly,2,6,1893,10,6,1893,False,2 Oberstlieutenant von Sulsi-Torf-Stettin-380 pcs. hewn oak-R. & R. Bayly
18930610p.729_p002.txt,28,Bethlehem,Riga,POOLE,"408 lds. hewn fir lathwood, 96 pcs. hewn fir",May & Hassell,31,5,1893,10,6,1893,False,"May 31 Bethlehem-Riga-408 lds. hewn fir lathwood, 96 pcs. hewn fir-May & Hassell"
18930610p.729_p002.txt,30,Olaf Nickelsen,Christiania,PRESTON,"48,961 fir boards and ends","Pierce, Watts, & Co.",29,5,1893,10,6,1893,False,"May 29 Olaf Nickelsen-Christiania-48,961 fir boards and ends-Pierce, Watts, & Co."
18930610p.729_p002.txt,32,Luz,Langesund,RAMSGATE,170 dressed fir oars,Ramsgate Smackowners' Ice Co.,31,5,1893,10,6,1893,False,May 31 Luz-Langesund-170 dressed fir oars-Ramsgate Smackowners' Ice Co.
18930610p.729_p002.txt,34,Stjernen,Drammen,SCARBOROUGH,352 lds. firewood,J. W. Bird & Co.,5,6,1893,10,6,1893,False,June 5 Stjernen-Drammen-352 lds. firewood-J. W. Bird & Co.
18930610p.729_p002.txt,36,Monton,Gefle,SHOREHAM,659 lds. sawn fir,R. H. Penney,2,6,1893,10,6,1893,False,"June 2 Monton-Gefle-659 lds. sawn fir-R. H. Penney; 677 lds. deals, battens, and boards -Beves & Co."
18930610p.729_p002.txt,36,Monton,Gefle,SHOREHAM,"677 lds. deals, battens, and boards",Beves & Co.,2,6,1893,10,6,1893,False,"June 2 Monton-Gefle-659 lds. sawn fir-R. H. Penney; 677 lds. deals, battens, and boards -Beves & Co."
18930610p.729_p002.txt,38,Luxor,St. Simon's,SOUTHAMPTON,"1,609 pcs. sawn fir",Pitch Pine & Export Timber Co.,31,5,1893,10,6,1893,False,"May 31 Luxor-St. Simon's-1,609 pcs. sawn fir-Pitch Pine & Export Timber Co."
18930610p.729_p002.txt,40,Gaelus,Abo,SOUTHAMPTON,74 lds. sawn fir,Langstrom,3,6,1893,10,6,1893,False,June 3 Gaelus-Abo-74 lds. sawn fir-Langstrom
18930610p.729_p002.txt,41,Elina,Mobile,SOUTHAMPTON,"202 pcs. hewn fir, 564 sawn fir deals, 306 pcs. sawn fir, 101 pcs. hewn oak",W. Crundall & Co.,2,6,1893,10,6,1893,False,"2 Elina-Mobile-202 pcs. hewn fir, 564 sawn fir deals, 306 pcs. sawn fir, 101 pcs. hewn oak-W. Crundall & Co."
18930610p.729_p002.txt,42,Tempo,Soderhamn,SOUTHAMPTON,"71,508 deals, battens, and boards, 45 lds. fir firewood",Driver & Co.,5,6,1893,10,6,1893,False,"5 Tempo-Soderhamn-71,508 deals, battens, and boards, 45 lds. fir firewood-Driver & Co."
18930610p.729_p002.txt,44,Catharina,Riga,SUNDERLAND,169 lds. firewood,Carl Senstius,30,5,1893,10,6,1893,False,May 30 Catharina-Riga-169 lds. firewood-Carl Senstius
18930610p.729_p002.txt,46,Emilie,Riga,SUNDERLAND,"21,899 pit props",Moller,31,5,1893,10,6,1893,False,"31 Emilie-Riga-21,899 pit props-Moller"
18930610p.729_p002.txt,47,Lindholmen,Gothenburg,SUNDERLAND,"41,902 sawn fir sleepers, 16,021 pit props",Lindsay & Hall,3,6,1893,10,6,1893,False,"June 3 Lindholmen-Gothenburg-41,902 sawn fir sleepers, 16,021 pit props-Lindsay & Hall"
18930610p.729_p002.txt,48,Freja,Amsterdam,SUNDERLAND,13 lds. sawn fir,Senstius,5,6,1893,10,6,1893,False,5 Freja-Amsterdam-13 lds. sawn fir-Senstius
18930610p.729_p002.txt,50,Alpha,Drammen,SWANSEA,"27,494 boards",R. Williams,30,5,1893,10,6,1893,False,"May 30 Alpha-Drammen-27,494 boards-R. Williams"
18930610p.729_p002.txt,51,Sprint,La Rochelle,SWANSEA,130 lds. hewn fir,A. Capelle,5,6,1893,10,6,1893,False,June 5 Sprint-La Rochelle-130 lds. hewn fir-A. Capelle
18930610p.729_p002.txt,54,Pocohantes,Skien,TYNE,"1,000 lds. props, 2,049 sleepers, 44 telegraph poles, 345 sleepers",Order,2,6,1893,10,6,1893,False,"June 2 Pocohantes-Skien-1,000 lds. props, 2,049 sleepers, 44 telegraph poles, 345 sleepers-Order"
18930610p.729_p002.txt,55,Copeswood H.,Hudikswall,TYNE,"1,855 props, 2,049 pcs. timber, 923 props","Pyeman, Bell, & Co.",3,6,1893,10,6,1893,False,"3 Copeswood H.-Hudikswall-1,855 props, 2,049 pcs. timber, 923 props-Pyeman, Bell, & Co."
18930610p.729_p002.txt,60,Busy Bee,Rotterdam,TYNE,"2,020 bdls. hoops",Tyne Steamship Co.,5,6,1893,10,6,1893,True,"5 Busy Bee -Rotterdam-2,020 bdls. hoops-Tyne Steamship Co."
18930610p.729_p002.txt,71,A. W. Kafemann,Sundswall,WHITEHAVEN,"1,490 pcs. hewn fir, 23,131 deals, battens, and boards, 150 hewn fir spars, 26 lds. firewood",J. & W. Jackson,30,5,1893,10,6,1893,False,"May 30 A. W. Kafemann-Sundswall-1,490 pcs. hewn fir, 23,131 deals, battens, and boards, 150 hewn fir spars, 26 lds. firewood-J. & W. Jackson"
18930610p.729_p002.txt,72,Farder,Laurvig,WHITEHAVEN,"28,298 deals and battens",J. & W. Jackson,1,6,1893,10,6,1893,False,"June 1 Farder-Laurvig-28,298 deals and battens -J. & W. Jackson"
18930610p.729_p002.txt,74,Ingeborg,Gothenburg,YARMOUTH,"4,205 fir deals, 17,775 dressed fir boards, 4,651 bdls. fir laths",Jewson & Sons,30,5,1893,10,6,1893,False,"May 30 Ingeborg-Gothenburg-4,205 fir deals, 17,775 dressed fir boards, 4,651 bdls. fir laths-Jewson & Sons"
18930610p.729_p002.txt,75,Robert,Gothenburg,YARMOUTH,"356 fir spars and poles, 158 dressed fir oars, 14 lds. firewood","Palgrave, Brown, & Co.",31,5,1893,10,6,1893,False,"31 Robert-Gothenburg-356 fir spars and poles, 158 dressed fir oars, 14 lds. firewood-Palgrave, Brown, & Co."
18930610p.729_p002.txt,76,Augusta,Doboy,YARMOUTH,"61 pcs. hewn fir, 488 pcs. sawn fir, 4,627 fir boards and planks",T. Saul & Son,1,6,1893,10,6,1893,False,"June 1 Augusta-Doboy-61 pcs. hewn fir, 488 pcs. sawn fir, 4,627 fir boards and planks-T. Saul & Son"
18930610p.729_p002.txt,79,Volant,Gothenburg,BELFAST,9 lds. lathwood,Gregg & Co.,30,5,1893,10,6,1893,False,May 30 Volant-Gothenburg-9 lds. lathwood-Gregg & Co.
18930610p.729_p002.txt,84,Egret,Rotterdam,CORK,4 lds. wood hoops,A. Foley,30,5,1893,10,6,1893,False,May 30 Egret-Rotterdam-4 lds. wood hoops-A. Foley
18930610p.729_p002.txt,86,Emma Payzant,Darien,DUBLIN,"1,309 pcs. pitch timber, 488 deals",Wm. Graham,25,5,1893,10,6,1893,False,"May 25 Emma Payzant-Darien-1,309 pcs. pitch timber, 488 deals-Wm. Graham"
18930610p.729_p002.txt,88,Vega,Apalachicola,DUNDALK,"395 pcs. sawn pitch pine, 175 pcs. hewn pitch pine, 248 pitch pine deals",P. Jennings & Co.,1,6,1893,10,6,1893,False,"June 1 Vega-Apalachicola-395 pcs. sawn pitch pine, 175 pcs. hewn pitch pine, 248 pitch pine deals-P. Jennings & Co."
18930610p.729_p002.txt,91,Robert Morris,Memel,BRISTOL,"39,224 oak staves",Order,2,6,1893,10,6,1893,False,"June 2 Robert Morris-Memel-39,224 oak staves -Order"
18930610p.729_p002.txt,93,Volo,Stettin,HULL,50 pcs. oak,"Wilson, Sons, & Co.",5,6,1893,10,6,1893,True,"June 5 Volo -Stettin-50 pcs. oak-Wilson, Sons, & Co.; 294 pcs. oak-Napier & Render"
18930610p.729_p002.txt,93,Volo,Stettin,HULL,294 pcs. oak,Napier & Render,5,6,1893,10,6,1893,True,"June 5 Volo -Stettin-50 pcs. oak-Wilson, Sons, & Co.; 294 pcs. oak-Napier & Render"
18930610p.729_p002.txt,96,Leonora,Mobile,LIVERPOOL,473 pcs. oak,Order,1,6,1893,10,6,1893,False,June 1 Leonora-Mobile-473 pcs. oak-Order
18930610p.729_p002.txt,97,State of Alabama,"Norfolk, Va",LIVERPOOL,103 hickory logs,Order,3,6,1893,10,6,1893,True,"3 State of Alabama -Norfolk, Va-103 hickory logs-Order"
18930610p.729_p002.txt,100,Zuria,Newport News,LIVERPOOL,926 oak planks,Potts,5,6,1893,10,6,1893,True,5 Zuria -Newport News-926 oak planks-Potts
18930610p.729_p002.txt,102,Blue Star,Galveston,LIVERPOOL,"8,131 oak staves",Order,7,6,1893,10,6,1893,True,"7 Blue Star -Galveston-8,131 oak staves-Order"
18930610p.729_p002.txt,108,Stettin,Stettin,MILLWALL DOCKS,6 hewn oak logs,Dottridge Bros.,5,6,1893,10,6,1893,True,June 5 Stettin -Stettin-6 hewn oak logs-Dottridge Bros.
18930610p.729_p002.txt,110,Europe,New York,VICTORIA AND ALBERT DOCKS,76 pcs. cedar,Order,7,6,1893,10,6,1893,True,June 7 Europe -New York-76 pcs. cedar-Order
18930729p.125_p002.txt,3,Fiume,"117 logs, 81 planks",ST. KATHARINE DOCK,Parquet Flooring Co.,,25,7,1893,29,7,1893,False,"July 25 Fiume-117 logs, 81 planks-Parquet Flooring Co."
18930729p.125_p002.txt,4,Wm. Bailey,Fiume,ST. KATHARINE DOCK,"1,222 beech planks",Order,26,7,1893,29,7,1893,True,"26 Wm. Bailey -Fiume-1,222 beech planks-Order"
18930729p.125_p002.txt,6,Sperber,Bremen,ST. KATHARINE DOCK,63 pkgs. mouldings,Driver & Co.,26,7,1893,29,7,1893,True,26 Sperber -Bremen-63 pkgs. mouldings-Driver & Co.
18930729p.125_p002.txt,8,Elma,Cronstadt,VICTORIA AND ALBERT DOCK,"34,778 deals, 63 fms. firewood",Order,20,7,1893,29,7,1893,True,"July 20 Elma -Cronstadt-34,778 deals, 63 fms. firewood-Order"
18930729p.125_p002.txt,11,England,New York,VICTORIA AND ALBERT DOCK,"3,765 pcs. lumber",Order,21,7,1893,29,7,1893,True,"July 21 England -New York-3,765 pcs. lumber-Order"
18930729p.125_p002.txt,12,Inchulva,"St. John, N.B.",VICTORIA AND ALBERT DOCK,"4,169 deals and battens",W. M. Macleod,24,7,1893,29,7,1893,True,"24 Inchulva -St. John, N.B.-4,169 deals and battens-W. M. Macleod ; from Halifax-412 bdls. mouldings, 1,006 cs. splints-G. Boon & Co."
18930729p.125_p002.txt,12,Inchulva,"St. John, N.B.",VICTORIA AND ALBERT DOCK,from Halifax,"412 bdls. mouldings, 1,006 cs. splints-G. Boon & Co.",24,7,1893,29,7,1893,True,"24 Inchulva -St. John, N.B.-4,169 deals and battens-W. M. Macleod ; from Halifax-412 bdls. mouldings, 1,006 cs. splints-G. Boon & Co."
18930729p.125_p002.txt,15,Hecla,San Francisco,VICTORIA AND ALBERT DOCK,"8,429 pcs lumber",Order,26,7,1893,29,7,1893,False,"26 Hecla-San Francisco-8,429 pcs lumber-Order"
18930729p.125_p002.txt,16,Star of Victoria,Auckland,VICTORIA AND ALBERT DOCK,331 pcs. timber,Order,27,7,1893,29,7,1893,True,27 Star of Victoria -Auckland-331 pcs. timber-Order
18930729p.125_p002.txt,18,Rondo,Domsjo,OTHER DOCKS AND WHARVES,"60,155 deals and battens",Order,21,7,1893,29,7,1893,True,"July 21 Rondo -Domsjo-60,155 deals and battens-Order"
18930729p.125_p002.txt,19,Agnes,Danzig,OTHER DOCKS AND WHARVES,"88 oak logs, 1,526 crossings, 10,497 staves",Order,24,7,1893,29,7,1893,True,"24 Agnes -Danzig-88 oak logs, 1,526 crossings, 10,497 staves-Order"
18930729p.125_p002.txt,22,Aino,Jokikyla,OTHER DOCKS AND WHARVES,216 fms. firewood,Dahl,26,7,1893,29,7,1893,False,26 Aino-Jokikyla-216 fms. firewood-Dahl
18930729p.125_p002.txt,26,Neptun,Bjorneborg,OTHER DOCKS AND WHARVES,212 fms. roundwood,Order,27,7,1893,29,7,1893,False,27 Neptun - Bjorneborg-212 fms. roundwood-Order
18930729p.125_p002.txt,31,Mercur,Blaye,LLANELLY,162 lds. fir pitwood,"Nevill, Druce, & Co.",24,7,1893,29,7,1893,False,"July 24 Mercur-Blaye-162 lds. fir pitwood-Nevill, Druce, & Co."
18930729p.125_p002.txt,33,Sinloo,Riga,LOWESTOFT,"1,733 lds. fir sleepers","Burt, Boulton, & Haywood",21,7,1893,29,7,1893,True,"July 21 Sinloo -Riga-1,733 lds. fir sleepers-Burt, Boulton, & Haywood"
18930729p.125_p002.txt,34,Revenu,Drammen,LOWESTOFT,28 lds. fir pitwood,Order,24,7,1893,29,7,1893,False,24 Revenu-Drammen-28 lds. fir pitwood-Order
18930729p.125_p002.txt,37,Arla,Gefle,LYNN,"1,254 lds. fir deals, fir battens, and boards",Jewson & Sons,20,7,1893,29,7,1893,True,"July 20 Arla -Gefle-1,254 lds. fir deals, fir battens, and boards-Jewson & Sons"
18930729p.125_p002.txt,38,M. Christiansen,Abo,LYNN,"408 lds. fir deals, battens, and boards",J. T. Sydenham & Co.,24,7,1893,29,7,1893,False,"24 M. Christiansen-Abo-408 lds. fir deals, battens, and boards-J. T. Sydenham & Co."
18930729p.125_p002.txt,40,Tjelvar,Oscarshamn,MIDDLESBRO',184 lds. pit props,W. J. Watson & Co.,17,7,1893,29,7,1893,False,July 17 Tjelvar-Oscarshamn-184 lds. pit props-W. J. Watson & Co.
18930729p.125_p002.txt,41,Beryl,Dunkirk,MIDDLESBRO',25 lds. sawn fir,Newby,18,7,1893,29,7,1893,False,18 Beryl-Dunkirk-25 lds. sawn fir-Newby
18930729p.125_p002.txt,42,Anna,Brevig,MIDDLESBRO',"21 lds. fir sleepers, 70 lds. hewn fir, 52 lds. fir props, 22 lds. fir battens",W. J. Watson & Co.,21,7,1893,29,7,1893,False,"21 Anna-Brevig-21 lds. fir sleepers, 70 lds. hewn fir, 52 lds. fir props, 22 lds. fir battens-W. J. Watson & Co."
18930729p.125_p002.txt,44,Reve de Gier,Bayonne,NEWPORT,"1,150 lds. pit",wood-A. Capelle,20,7,1893,29,7,1893,False,"July 20 Reve de Gier-Bayonne-1,150 lds. pit-wood-A. Capelle"
18930729p.125_p002.txt,46,F. L. B.,l'Orient,NEWPORT,230 lds. fir pit props,Watts,21,7,1893,29,7,1893,False,21 F. L. B.-l'Orient-230 lds. fir pit props-Watts
18930729p.125_p002.txt,48,Paquebot de Brest,Hennebont,NEWPORT,125 lds. fir pit props,Budd & Co.,24,7,1893,29,7,1893,False,24 Paquebot de Brest-Hennebont-125 lds. fir pit props-Budd & Co.
18930729p.125_p002.txt,52,Jessie,Porsgrund,PENZANCE,"1,403 pcs. hewn fir, 18 lds. fir spars, 802 pcs. firewood",Harvey & Co.,17,7,1893,29,7,1893,False,"July 17 Jessie-Porsgrund-1,403 pcs. hewn fir, 18 lds. fir spars, 802 pcs. firewood-Harvey & Co."
18930729p.125_p002.txt,53,Craggs,Nederkalix,PENZANCE,"15,819 fir deals and battens, 223 pcs sawn fir",Harvey & Co.,18,7,1893,29,7,1893,False,"18 Craggs-Nederkalix-15,819 fir deals and battens, 223 pcs sawn fir-Harvey & Co."
18930729p.125_p002.txt,55,Ruslands,Skelleftea,PLYMOUTH,"1,006 lds. sawn fir","Fox, Elliot, & Co.",18,7,1893,29,7,1893,False,"July 18 Ruslands-Skelleftea-1,006 lds. sawn fir-Fox, Elliot, & Co."
18930729p.125_p002.txt,56,Emanuel,Fredrikstad,PLYMOUTH,"1,329 spars, 430 lds. planed fir boards, 6 lds. sawn fir",James,20,7,1893,29,7,1893,False,"20 Emanuel-Fredrikstad-1,329 spars, 430 lds. planed fir boards, 6 lds. sawn fir-James"
18930729p.125_p002.txt,57,Uhlenhorst,Archangel,PLYMOUTH,"29,450 pcs. sawn fir","Fox, Elliot, & Co.",24,7,1893,29,7,1893,False,"24 Uhlenhorst-Archangel-29,450 pcs. sawn fir-Fox, Elliot, & Co."
18930729p.125_p002.txt,59,Glenmanna,Lappvik,POOLE,"45,709 fir deals, battens, and boards",J. T. Sydenham,17,7,1893,29,7,1893,False,"July 17 Glenmanna-Lappvik-45,709 fir deals, battens, and boards-J. T. Sydenham"
18930729p.125_p002.txt,60,Mustang,Helsingfors,POOLE,367 lds. fir battens,May & Hassell,22,7,1893,29,7,1893,False,22 Mustang-Helsingfors-367 lds. fir battens-May & Hassell
18930729p.125_p002.txt,61,Hildur,Sundswall,POOLE,"34,304 fir deals and flooring",J. T. Sydenham & Co.,24,7,1893,29,7,1893,False,"24 Hildur-Sundswall-34,304 fir deals and flooring-J. T. Sydenham & Co."
18930729p.125_p002.txt,63,Zwei Carl,Memel,PORTSMOUTH,"355 lds. hewn fir, 100 lds. fir deals J. T. Crampton",,22,7,1893,29,7,1893,False,"July 22 Zwei Carl-Memel-355 lds. hewn fir, 100 lds. fir deals J. T. Crampton"
18930729p.125_p002.txt,65,Isfareren,Buctouche,PRESTON,"11,783 fir deals, scantlings, and ends, 1,820 birch deals and ends","Lumley, Lloyd, & Co.",17,7,1893,29,7,1893,False,"July 17 Isfareren-Buctouche-11,783 fir deals, scantlings, and ends, 1,820 birch deals and ends-Lumley, Lloyd, & Co."
18930729p.125_p002.txt,67,Aerial,Bjorneborg,ROCHESTER,232 lds. fir staves,"Duus, Brown, & Co.",18,7,1893,29,7,1893,False,"July 18 Aerial-Bjorneborg-232 lds. fir staves-Duus, Brown, & Co."
18930729p.125_p002.txt,68,Kniginn Elisabeth,Louisburg,ROCHESTER,"1,291 pcs. hewn fir",Chatham Dockyard,24,7,1893,29,7,1893,False,"24 Kniginn Elisabeth-Louisburg-1,291 pcs. hewn fir-Chatham Dockyard"
18930729p.125_p002.txt,72,Vesta,Fredrikshald,SOUTHAMPTON,"32 lds. fir mouldings, 450 lds. fir floorings, 42 lds. fir skirtings",Driver & Co.,18,7,1893,29,7,1893,False,"July 18 Vesta-Fredrikshald-32 lds. fir mouldings, 450 lds. fir floorings, 42 lds. fir skirtings-Driver & Co."
18930729p.125_p002.txt,75,Mentor,Fredrikshald,SOUTHAMPTON,"12,012 pcs sawn fir, 22,764 hewn fir props",Pyman,19,7,1893,29,7,1893,False,"July 19 Mentor-Fredrikshald-12,012 pcs sawn fir, 22,764 hewn fir props-Pyman"
18930729p.125_p002.txt,76,Marie Kuyper,Sundswall,SOUTHAMPTON,"1,597 pcs. hewn fir, 2,639 fir battens",J. Thompson,20,7,1893,29,7,1893,False,"20 Marie Kuyper-Sundswall-1,597 pcs. hewn fir, 2,639 fir battens-J. Thompson"
18930729p.125_p002.txt,79,Mary,Halmstad,SOUTHAMPTON,"23,531 fir pit props",Pyman,22,7,1893,29,7,1893,False,"22 Mary-Halmstad-23,531 fir pit props-Pyman"
18930729p.125_p002.txt,80,H. A. Walter,Soderhamn,SOUTHAMPTON,"21,535 fir deals and boards",J. Thompson & Co.,24,7,1893,29,7,1893,False,"24 H. A. Walter-Soderhamn-21,535 fir deals and boards-J. Thompson & Co."
18930729p.125_p002.txt,84,Alwina,Riga,WEYMOUTH,"509 pcs. hewn fir, 104 lds. fir lathwood",Betts & Co.,20,7,1893,29,7,1893,False,"July 20 Alwina-Riga-509 pcs. hewn fir, 104 lds. fir lathwood-Betts & Co."
18930729p.125_p002.txt,86,Isle of Elba,Archangel,WISBECH,"41,165 fir deals and boards",English Bros.,18,7,1893,29,7,1893,False,"July 18 Isle of Elba-Archangel-41,165 fir deals and boards-English Bros."
18930729p.125_p002.txt,88,Johannes,Drammen,YARMOUTH,"182 lds. fir staves, 46 lds. hewn fir, 21 lds. firewood",Jewson,24,7,1893,29,7,1893,False,"July 24 Johannes-Drammen-182 lds. fir staves, 46 lds. hewn fir, 21 lds. firewood-Jewson"
18930729p.125_p002.txt,93,Thistle,San Francisco,BELFAST,10 lds. fir dunnage boards,J. McCausland,18,7,1893,29,7,1893,False,July 18 Thistle-San Francisco - 10 lds. fir dunnage boards-J. McCausland
18930729p.125_p002.txt,95,City of Belfast,Rotterdam,BELFAST,25 lds. hoops,J. C. Pinkerton,19,7,1893,29,7,1893,False,19 City of Belfast-Rotterdam-25 lds. hoops-J. C. Pinkerton
18930729p.125_p002.txt,96,Ydun,Richibucto,BELFAST,532 lds. fir deals and scantlings,Robb Bros.,20,7,1893,29,7,1893,False,20 Ydun-Richibucto - 532 lds. fir deals and scantlings-Robb Bros.
18930729p.125_p002.txt,100,Baron Hambro,Bordeaux,SWANSEA,700 lds. hewn fir,W. Davies & Co.,24,7,1893,29,7,1893,False,July 24 Baron Hambro-Bordeaux-700 lds. hewn fir-W. Davies & Co.
18930729p.125_p002.txt,102,V.G.T.,Nantes,TYNE,"1,285 bdls. staves, 2,350 bdls. hoops",J. Clark & Co.,20,7,1893,29,7,1893,False,"July 20 V.G.T.-Nantes-1,285 bdls. staves, 2,350 bdls. hoops-J. Clark & Co."
18930729p.125_p002.txt,104,Royal Dane,Hamburg,TYNE,"100 bdls. hoops, 1 case mouldings",Tyne Steamship Co.,21,7,1893,29,7,1893,True,"21 Royal Dane -Hamburg-100 bdls. hoops, 1 case mouldings-Tyne Steamship Co."
18930729p.125_p002.txt,108,Gevalia,Stockholm,TYNE,250 doors,Order,22,7,1893,29,7,1893,True,22 Gevalia -Stockholm-250 doors-Order
18930729p.125_p002.txt,109,Kronen,Odense,TYNE,12 bdls. wood,Order,24,7,1893,29,7,1893,True,24 Kronen -Odense-12 bdls. wood-Order
18930729p.125_p002.txt,118,Sayre,St. John,DUBLIN,"23,912 deals",R Martin,19,7,1893,29,7,1893,False,"July 19 Sayre-St. John-23,912 deals-R Martin"
18930729p.125_p002.txt,120,Schiaffine Padre,St. John,DUBLIN,"22,090 deals, 4,343 deal ends",T. & C. Martin,20,7,1893,29,7,1893,False,"20 Schiaffine Padre-St. John-22,090 deals, 4,343 deal ends-T. & C. Martin"
18930729p.125_p002.txt,122,Hoppet,Darien,GALWAY,"626 lds. sawn pitch pine, 40 lds. hewn pitch pine, 24 lds. pitch pine deals",Cloherty & Semple,19,7,1893,29,7,1893,False,"July 19 Hoppet-Darien-626 lds. sawn pitch pine, 40 lds. hewn pitch pine, 24 lds. pitch pine deals-Cloherty & Semple"
18930729p.125_p002.txt,124,De Capo,Drammen,LIMERICK,348 lds. scantlings,O.Mahony,20,7,1893,29,7,1893,False,July 20 De Capo-Drammen-348 lds. scantlings-O.Mahony
18930729p.125_p002.txt,125,British Commodore,Tacoma,LIMERICK,20 lds. fir boards,M. O'Shaughnessy,21,7,1893,29,7,1893,False,21 British Commodore-Tacoma-20 lds. fir boards-M. O'Shaughnessy
18930729p.125_p002.txt,127,Ruby,"Chatham, N.B.",LONDONDERRY,"1,489 lds. sawn fir",J. Ballantine,17,7,1893,29,7,1893,False,"July 17 Ruby-Chatham, N.B.-1,489 lds. sawn fir-J. Ballantine"
18930729p.125_p002.txt,132,Brooklyn City,New York,BRISTOL,393 cedar planks,G. Adlam & Sons,21,7,1893,29,7,1893,True,July 21 Brooklyn City -New York-393 cedar planks-G. Adlam & Sons
18930729p.125_p002.txt,134,Dominion,Montreal,BRISTOL,31 logs timber,Somerset Trading Co.,29,7,1893,29,7,1893,True,29 Dominion -Montreal-31 logs timber-Somerset Trading Co.
18930729p.125_p002.txt,137,Victoria,Rotterdam,TOWN DOCKS,704 pcs. ebony,J. Lawson & Sons,21,7,1893,29,7,1893,True,July 21 Victoria -Rotterdam-704 pcs. ebony-J. Lawson & Sons
18930729p.125_p002.txt,139,Paul Gerhard,Danzig,VICTORIA DOCK,472 hewn oak and butt ends,Order,21,7,1893,29,7,1893,False,July 21 Paul Gerhard-Danzig-472 hewn oak and butt ends-Order
18930729p.125_p002.txt,142,Majestic,New York,ALEXANDRA DOCK,392 bdls. hickory squares,J. Gardner & Sons,20,7,1893,29,7,1893,True,July 20 Majestic -New York-392 bdls. hickory squares-J. Gardner & Sons
18930729p.125_p002.txt,146,White Rose,Quebec,CANADA DOCK,385 pcs. oak and 20 pcs. elm timber,R. Parker & Co.,25,7,1893,29,7,1893,False,July 25 White Rose-Quebec-385 pcs. oak and 20 pcs. elm timber-R. Parker & Co.
18930729p.125_p002.txt,148,Parkmore,Baltimore,HORNBY DOCK,30 walnut logs,Farnworth & Jardine,21,7,1893,29,7,1893,True,"July 21 Parkmore -Baltimore-30 walnut logs-Farnworth & Jardine; 93 pcs. oak-A. Dobell & Co. ; 1,722 pcs. oak-Duncan, Ewing & Co."
18930729p.125_p002.txt,148,Parkmore,Baltimore,HORNBY DOCK,93 pcs. oak,A. Dobell & Co.,21,7,1893,29,7,1893,True,"July 21 Parkmore -Baltimore-30 walnut logs-Farnworth & Jardine; 93 pcs. oak-A. Dobell & Co. ; 1,722 pcs. oak-Duncan, Ewing & Co."
18930729p.125_p002.txt,148,Parkmore,Baltimore,HORNBY DOCK,"1,722 pcs. oak","Duncan, Ewing & Co.",21,7,1893,29,7,1893,True,"July 21 Parkmore -Baltimore-30 walnut logs-Farnworth & Jardine; 93 pcs. oak-A. Dobell & Co. ; 1,722 pcs. oak-Duncan, Ewing & Co."
18930729p.125_p002.txt,152,Aretas,St. Lucia,WEST INDIA DOCKS,22 pcs satinwood,Order,21,7,1893,29,7,1893,True,July 21 Aretas -St. Lucia-22 pcs satinwood-Order
18930729p.125_p002.txt,154,Portia,Hambro,OTHER DOCKS AND WHARVES,200 logs mahogany,Order,21,7,1893,29,7,1893,True,July 21 Portia -Hambro-200 logs mahogany-Order
18930805p.3_p001.txt,90,Lofna,Gnarp,ABERDEEN,"46,934 lds. fir deals and battens",J. Fleming & Co.,27,7,1893,5,8,1893,True,"July 27 Lofna -Gnarp-46,934 lds. fir deals and battens-J. Fleming & Co.; 27 lds. sawn fir firewood-J. Cook & Son"
18930805p.3_p001.txt,90,Lofna,Gnarp,ABERDEEN,27 lds. sawn fir firewood,J. Cook & Son,27,7,1893,5,8,1893,True,"July 27 Lofna -Gnarp-46,934 lds. fir deals and battens-J. Fleming & Co.; 27 lds. sawn fir firewood-J. Cook & Son"
18930805p.3_p001.txt,94,Oresund,Gefle,ALLOA,"1,210 lds. pit props","Rennie, Bryson, & Co.",25,7,1893,5,8,1893,False,"July 25 Oresund-Gefle-1,210 lds. pit props-Rennie, Bryson, & Co."
18930805p.3_p001.txt,97,Concordia,Halmstad,ALLOA,120 lds. pit props,J. Kennedy & Co.,27,7,1893,5,8,1893,False,27 Concordia-Halmstad-120 lds. pit props-J. Kennedy & Co.
18930805p.3_p001.txt,100,Lovart,Halmstad,ALLOA,519 lds. pit props,Love,31,7,1893,5,8,1893,False,31 Lovart-Halmstad-519 lds. pit props-Love
18930805p.3_p001.txt,102,Leif,Konigsberg,BO'NESS,214 lds. pit props,"J. S. Dymock, Smith, & Co.",27,7,1893,5,8,1893,True,"July 27 Leif -Konigsberg-214 lds. pit props-J. S. Dymock, Smith, & Co."
18930805p.3_p001.txt,103,Kepler,Husum,BO'NESS,730 lds. hewn fir props,Love,29,7,1893,5,8,1893,False,29 Kepler-Husum-730 lds. hewn fir props-Love
18930805p.3_p001.txt,104,Theda,Gothenburg,BO'NESS,874 lds. fir pitwood,J. Denholm & Co.,31,7,1893,5,8,1893,False,31 Theda-Gothenburg-874 lds. fir pitwood-J. Denholm & Co.
18930805p.3_p001.txt,106,Embla,Hernosand,DUNDEE,"1,702 lds. fir deals and battens",Fleming & Barry,25,7,1893,5,8,1893,True,"July 25 Embla -Hernosand-1,702 lds. fir deals and battens-Fleming & Barry; 9 lds. firewood-P. S. Nicoll"
18930805p.3_p001.txt,106,Embla,Hernosand,DUNDEE,9 lds. firewood,P. S. Nicoll,25,7,1893,5,8,1893,True,"July 25 Embla -Hernosand-1,702 lds. fir deals and battens-Fleming & Barry; 9 lds. firewood-P. S. Nicoll"
18930805p.3_p001.txt,107,Reider,Sundswall,DUNDEE,227 lds. battens,Bell,27,7,1893,5,8,1893,False,27 Reider-Sundswall-227 lds. battens-Bell
18930805p.3_p001.txt,108,Uraeid,Stromnas,DUNDEE,10 lds. firewood,J. Donald-son & Son,29,7,1893,5,8,1893,False,29 Uraeid-Stromnas-10 lds. firewood-J. Donald-son & Son
18930805p.3_p001.txt,109,Fensale,Sandviken,DUNDEE,"14,268 fir battens",J. Donaldson & Son,31,7,1893,5,8,1893,False,"31 Fensale-Sandviken-14,268 fir battens-J. Donaldson & Son"
18930805p.3_p001.txt,113,Indrani,Montreal,GLASGOW,"7,479 deals, 6,435 deal ends","Allison, Cousland, & Co.",24,7,1893,5,8,1893,False,"July 24 Indrani-Montreal-7,479 deals, 6,435 deal ends-Allison, Cousland, & Co.; 1,842 deals-F. A. Lightbody; 250 deals-Bryce, Junor, & Whyte; 503 pcs. oak lumber-Jas. Kennedy & Co."
18930805p.3_p001.txt,113,Indrani,Montreal,GLASGOW,"1,842 deals",F. A. Lightbody,24,7,1893,5,8,1893,False,"July 24 Indrani-Montreal-7,479 deals, 6,435 deal ends-Allison, Cousland, & Co.; 1,842 deals-F. A. Lightbody; 250 deals-Bryce, Junor, & Whyte; 503 pcs. oak lumber-Jas. Kennedy & Co."
18930805p.3_p001.txt,113,Indrani,Montreal,GLASGOW,250 deals,"Bryce, Junor, & Whyte",24,7,1893,5,8,1893,False,"July 24 Indrani-Montreal-7,479 deals, 6,435 deal ends-Allison, Cousland, & Co.; 1,842 deals-F. A. Lightbody; 250 deals-Bryce, Junor, & Whyte; 503 pcs. oak lumber-Jas. Kennedy & Co."
18930805p.3_p001.txt,113,Indrani,Montreal,GLASGOW,503 pcs. oak lumber,Jas. Kennedy & Co.,24,7,1893,5,8,1893,False,"July 24 Indrani-Montreal-7,479 deals, 6,435 deal ends-Allison, Cousland, & Co.; 1,842 deals-F. A. Lightbody; 250 deals-Bryce, Junor, & Whyte; 503 pcs. oak lumber-Jas. Kennedy & Co."
18930805p.3_p001.txt,114,Corean,Philadelphia,GLASGOW,"1,800 staves",Edmiston,25,7,1893,5,8,1893,False,"25 Corean-Philadelphia-1,800 staves-Edmiston"
18930805p.3_p001.txt,117,Wm. Connal,Nantes,GLASGOW,"1,166 bdls. hoops",Order,26,7,1893,5,8,1893,False,"26 Wm. Connal-Nantes-1,166 bdls. hoops-Order"
18930805p.3_p001.txt,118,Louise Adelaide,Portland (Me.),GLASGOW,"44,534 bdls. spoolwood",Clark & Co.,28,7,1893,5,8,1893,False,"28 Louise Adelaide-Portland (Me.)-44,534 bdls. spoolwood-Clark & Co."
18930805p.3_p001.txt,119,Stjermen,Dalhousie,GLASGOW,"10,133 pine deals, 917 spruce ends",Order,31,7,1893,5,8,1893,False,"31 Stjermen-Dalhousie-10,133 pine deals, 917 spruce ends-Order"
18930805p.3_p001.txt,122,Imes,Demerara,GREENOCK,133 logs greenheart,G. Booker & Co.,25,7,1893,5,8,1893,False,July 25 Imes-Demerara-133 logs greenheart-G. Booker & Co.
18930805p.3_p001.txt,123,Elsie,Bersimis,GREENOCK,"12,972 spruce deals",Robinson,26,7,1893,5,8,1893,False,"26 Elsie-Bersimis-12,972 spruce deals-Robinson"
18930805p.3_p001.txt,124,Delphin,Hernosand,GREENOCK,"16,081 battens",McLean,27,7,1893,5,8,1893,False,"27 Delphin-Hernosand-16,081 battens-McLean"
18930805p.3_p001.txt,126,Asia,Quebec,GREENOCK,"84 pcs. elm, 1 pc. whitewood, 137 pcs. white pine, 296 pcs. ash timber",Order,28,7,1893,5,8,1893,False,"28 Asia-Quebec-84 pcs. elm, 1 pc. whitewood, 137 pcs. white pine, 296 pcs. ash timber-Order; 38 pcs. oak timber, 47 pcs. white-wood, 623 pcs. white pine, 1,718 pine deals, 3,759 spruce deals, 910 pine deal ends, 286 spruce deal ends-Edmiston"
18930805p.3_p001.txt,126,Asia,Quebec,GREENOCK,"38 pcs. oak timber, 47 pcs. white","wood, 623 pcs. white pine, 1,718 pine deals, 3,759 spruce deals, 910 pine deal ends, 286 spruce deal ends-Edmiston",28,7,1893,5,8,1893,False,"28 Asia-Quebec-84 pcs. elm, 1 pc. whitewood, 137 pcs. white pine, 296 pcs. ash timber-Order; 38 pcs. oak timber, 47 pcs. white-wood, 623 pcs. white pine, 1,718 pine deals, 3,759 spruce deals, 910 pine deal ends, 286 spruce deal ends-Edmiston"
18930805p.3_p001.txt,130,Erling,Hernosand,GRANGEMOUTH,"9,786 battens",J. T. Salvesen & Co.,24,7,1893,5,8,1893,False,"July 24 Erling-Hernosand-9,786 battens-J. T. Salvesen & Co."
18930805p.3_p001.txt,146,Ceres,Drammen,GRANTON,"50 lds. fir battens, 350 lds. fir staves",A. McKelvie,25,7,1893,5,8,1893,False,"July 25 Ceres-Drammen-50 lds. fir battens, 350 lds. fir staves-A. McKelvie"
18930805p.3_p001.txt,150,Argus,Rafso,IRVINE,"58 lds. fir deals, 323 lds. fir battens, 60 lds. fir boards",Matthew Wright & Nephew,25,7,1893,5,8,1893,False,"July 25 Argus-Rafso-58 lds. fir deals, 323 lds. fir battens, 60 lds. fir boards-Matthew Wright & Nephew"
18930805p.3_p001.txt,152,Tiger,Porsgrund,KIRKCALDY,15 lds. fir props,J. Connel (agent),24,7,1893,5,8,1893,False,July 24 Tiger-Porsgrund-15 lds. fir props-J. Connel (agent)
18930826p.3_p001.txt,112,Emma Marie,Riga,ABERDEEN,"282 lds. hewn fir, 80 lds. fir spars, 56 lds. sawn fir, 40 lds. lathwood",J. Fleming & Co,15,8,1893,26,8,1893,False,"Aug. 15 Emma Marie-Riga-282 lds. hewn fir, 80 lds. fir spars, 56 lds. sawn fir, 40 lds. lathwood-J. Fleming & Co"
18930826p.3_p001.txt,115,Martin,Riga,ABERDEEN,"339 lds. fir logs, 21 lds. fir battens, 13 lds. fir sleepers, 20 lds. fir lathwood, 3 lds. firewood",G. G. Gordon & Co.,17,8,1893,26,8,1893,False,"17 Martin-Riga-339 lds. fir logs, 21 lds. fir battens, 13 lds. fir sleepers, 20 lds. fir lathwood, 3 lds. firewood-G. G. Gordon & Co."
18930826p.3_p001.txt,117,Haabet,Wanevik,ABERDEEN,4 lds. sawn fir,Davidson,18,8,1893,26,8,1893,False,18 Haabet-Wanevik-4 lds. sawn fir-Davidson
18930826p.3_p001.txt,118,Nidaros,Fredrikstad,ABERDEEN,"348 lds. fir pit props, 2 lds. firewood",T. Tait & Sons,19,8,1893,26,8,1893,False,"19 Nidaros-Fredrikstad-348 lds. fir pit props, 2 lds. firewood-T. Tait & Sons"
18930826p.3_p001.txt,119,Caledonia,Rotterdam,ABERDEEN,2 lds. hoops,Connon,21,8,1893,26,8,1893,False,21 Caledonia-Rotterdam-2 lds. hoops-Connon
18930826p.3_p001.txt,122,Craggs,Konigsberg,ALLOA,487 lds. pit props,Madsen & Borch,16,8,1893,26,8,1893,False,Aug. 16 Craggs-Konigsberg-487 lds. pit props-Madsen & Borch
18930826p.3_p001.txt,124,Anni,Oregruno,ALLOA,234 lds. pit props,Madsen,17,8,1893,26,8,1893,False,17 Anni-Oregruno-234 lds. pit props-Madsen
18930826p.3_p001.txt,125,Skibladner,Fredrikshald,ALLOA,270 lds. pit props,Love & Stewart,18,8,1893,26,8,1893,False,18 Skibladner-Fredrikshald-270 lds. pit props-Love & Stewart
18930826p.3_p001.txt,127,Catharina,Halmstad,ALLOA,165 lds. pit props,"Rennie, Bryson, & Co.",19,8,1893,26,8,1893,False,"19 Catharina-Halmstad-165 lds. pit props-Rennie, Bryson, & Co."
18930826p.3_p001.txt,131,Langen,Helsingfors,AYR,400 lds. fir battens,J. Paton & Sons,15,8,1893,26,8,1893,False,Aug. 15 Langen-Helsingfors-400 lds. fir battens-J. Paton & Sons
18930826p.3_p001.txt,132,Lyna,Quebec,AYR,"20 lds. oak logs, 25 lds. elm logs, 40 lds. red logs, 13 lds. birch logs, 370 lds. white pine logs, 240 lds. fir deals",W. Alexander & Sons,17,8,1893,26,8,1893,False,"17 Lyna-Quebec-20 lds. oak logs, 25 lds. elm logs, 40 lds. red logs, 13 lds. birch logs, 370 lds. white pine logs, 240 lds. fir deals-W. Alexander & Sons"
18930826p.3_p001.txt,133,Grenmar,Sundswall,AYR,600 lds. fir deals and battens,J. Paton & Sons,21,8,1893,26,8,1893,False,21 Grenmar-Sundswall-600 lds. fir deals and battens-J. Paton & Sons
18930826p.3_p001.txt,136,Rinuschen,Riga,BO'NESS,343 lds. hewn fir,Love & Stewart,15,8,1893,26,8,1893,False,Aug. 15 Rinuschen-Riga-343 lds. hewn fir-Love & Stewart
18930826p.3_p001.txt,138,Haabet,Halmstad,BO'NESS,130 lds. fir props,Love,17,8,1893,26,8,1893,False,17 Haabet-Halmstad-130 lds. fir props-Love
18930826p.3_p001.txt,139,Ellida,Christiansand,BO'NESS,135 lds. fir pitwood,J. Denholm & Co.,18,8,1893,26,8,1893,False,18 Ellida-Christiansand-135 lds. fir pitwood-J. Denholm & Co.
18930826p.3_p001.txt,141,Olaf,Fredrikshald,BO'NESS,280 lds. fir props,Love,19,8,1893,26,8,1893,False,19 Olaf-Fredrikshald-280 lds. fir props-Love
18930826p.3_p001.txt,143,Thor,Halmstad,BO'NESS,275 lds. fir props,Love,21,8,1893,26,8,1893,False,21 Thor-Halmstad-275 lds. fir props-Love
18930826p.3_p001.txt,146,Erik,Wyborg,DUNDEE,505 lds. sawn fir,Bell,15,8,1893,26,8,1893,False,Aug. 15 Erik-Wyborg-505 lds. sawn fir-Bell
18930826p.3_p001.txt,150,Ardandhu,Newport News,GLASGOW,"130 walnut logs, 6 poplar logs, 5,054 staves",Edmiston & Co.,14,8,1893,26,8,1893,True,"Aug. 14 Ardandhu -Newport News-130 walnut logs, 6 poplar logs, 5,054 staves-Edmiston & Co."
18930826p.3_p001.txt,151,Vale,New York,GLASGOW,"56 pcs. timber, 31 cs. mouldings, 6,300 pcs. lumber",Order,16,8,1893,26,8,1893,False,"16 Vale-New York-56 pcs. timber, 31 cs. mouldings, 6,300 pcs. lumber-Order"
18930826p.3_p001.txt,152,Gjendin,Tonsberg,GLASGOW,"332 logs mahogany and cedar, 14 log ends",Cant & Kemp,21,8,1893,26,8,1893,False,"21 Gjendin-Tonsberg-332 logs mahogany and cedar, 14 log ends-Cant & Kemp; 2 logs mahogany-Order"
18930826p.3_p001.txt,152,Gjendin,Tonsberg,GLASGOW,2 logs mahogany,Order,21,8,1893,26,8,1893,False,"21 Gjendin-Tonsberg-332 logs mahogany and cedar, 14 log ends-Cant & Kemp; 2 logs mahogany-Order"
18930826p.3_p001.txt,176,Henry,Quebec,GREENOCK,"2,364 bright pine deals, 179 bright pine battens, 1,719 spruce deals, 641 pcs. waney pine, 238 pcs. elm, 113 pcs",,14,8,1893,26,8,1893,False,"Aug. 14 Henry-Quebec-2,364 bright pine deals, 179 bright pine battens, 1,719 spruce deals, 641 pcs. waney pine, 238 pcs. elm, 113 pcs"
18931209p.638_p002.txt,4,Heinrich Horn,Bergen,LIVERPOOL,"1,000 bdls. boards and battens and horn boards",Order,1,12,1893,9,12,1893,True,"Dec. 1 Heinrich Horn -Bergen-1,000 bdls. boards and battens and horn boards-Order"
18931209p.638_p002.txt,5,Corry,Riga,LIVERPOOL,"4,000 pcs. fir deals",Corry & Co.,1,12,1893,9,12,1893,True,"Dec. 1 Corry -Riga-4,000 pcs. fir deals-Corry & Co."
18931209p.638_p002.txt,6,Luis A. Martinez,Pictou,LIVERPOOL,"12,000 staves",W. Grabbey,1,12,1893,9,12,1893,False,"Dec. 1 Luis A. Martinez-Pictou-12,000 staves-W. Grabbey"
18931209p.638_p002.txt,8,Arklow,"St. John, N.B.",CORK,"1,230 stds. spruce and fir",G. J. Eustace & Co.,27,11,1893,9,12,1893,False,"Nov. 27 Arklow-St. John, N.B.-1,230 stds. spruce and fir-G. J. Eustace & Co."
18931209p.638_p002.txt,9,Ashlow,"St. John, N.B.",CORK,"1,100 stds. spruce",Haughton & Co.,29,11,1893,9,12,1893,False,"Nov. 29 Ashlow-St. John, N.B.-1,100 stds. spruce-Haughton & Co."
18931209p.638_p002.txt,10,Olga,Quebec,CORK,"185 stds. pine deals, 15 stds. lds. sawn fir",J. Scott & Co.,1,12,1893,9,12,1893,False,"Dec. 1 Olga-Quebec-185 stds. pine deals, 15 stds. lds. sawn fir-J. Scott & Co."
18931209p.638_p002.txt,12,Undine,St John,DUBLIN,"26,000 pcs. deals",Order,4,12,1893,9,12,1893,False,"Dec. 4 Undine-St John-26,000 pcs. deals-Order"
18931209p.638_p002.txt,13,Marie,Fredrikstad,DUBLIN,"41,920 pcs. deals, 1,213 pcs. scantling",Wm. Graham,6,12,1893,9,12,1893,False,"Dec. 6 Marie-Fredrikstad-41,920 pcs. deals, 1,213 pcs. scantling-Wm. Graham"
18931209p.638_p002.txt,15,Coronel,St. John,DUNDALK,"1,000 stds. spruce deals and battens",P. McArdle,30,11,1893,9,12,1893,False,"Nov. 30 Coronel-St. John-1,000 stds. spruce deals and battens-P. McArdle"
18931209p.638_p002.txt,17,Ceder,Metis,GALWAY,"87,000 pcs. deals and deal ends, 4 lds. hewn birch",Order,28,11,1893,9,12,1893,False,"Nov. 28 Ceder-Metis-87,000 pcs. deals and deal ends, 4 lds. hewn birch-Order"
18931209p.638_p002.txt,18,Fair Head,Riga,GALWAY,"1,000 stds. deals",T. McDonogh & Sons,1,12,1893,9,12,1893,True,"Dec. 1 Fair Head -Riga-1,000 stds. deals-T. McDonogh & Sons"
18931209p.638_p002.txt,20,Fair Head,Riga,LONDONDERRY,"1,000 stds. deals",J. Heyn & Sons,1,12,1893,9,12,1893,True,"Dec. 1 Fair Head -Riga-1,000 stds. deals-J. Heyn & Sons"
18931209p.638_p002.txt,23,Sarah,Dalhousie,WATERFORD,"1,000 stds. deals",Cox Bros. & Co.,28,11,1893,9,12,1893,False,"Nov. 28 Sarah-Dalhousie-1,000 stds. deals-Cox Bros. & Co."
18931209p.638_p002.txt,24,Plutarch,Gefle,WATERFORD,"25,000 pcs. deals, 1,000 lds. fir deals, 33 lds. battens",Order,1,12,1893,9,12,1893,False,"Dec. 1 Plutarch-Gefle-25,000 pcs. deals, 1,000 lds. fir deals, 33 lds. battens-Order"
18931209p.638_p002.txt,29,Plato,Honduras,HORNBY DOCK,238 logs greenheart timber,Order,2,12,1893,9,12,1893,False,Dec. 2 Plato-Honduras-238 logs greenheart timber-Order
18931209p.638_p002.txt,30,Scotia,New York,HORNBY DOCK,385 hickory squares,J. Gardner & Son,4,12,1893,9,12,1893,True,Dec. 4 Scotia -New York-385 hickory squares-J. Gardner & Son; 600 bdls. elm staves-Drysdale Bros.
18931209p.638_p002.txt,30,Scotia,New York,HORNBY DOCK,600 bdls. elm staves,Drysdale Bros.,4,12,1893,9,12,1893,True,Dec. 4 Scotia -New York-385 hickory squares-J. Gardner & Son; 600 bdls. elm staves-Drysdale Bros.
18931209p.638_p002.txt,31,Sedgemore,Baltimore,HORNBY DOCK,"1,307 pcs. oak",R. Coltart & Co.,6,12,1893,9,12,1893,True,"Dec. 6 Sedgemore -Baltimore-1,307 pcs. oak-R. Coltart & Co. ; 586 pcs. walnut-Duncan, Ewing, & Co. ; 2,034 pcs. oak-J. Kennedy & Co. ; 586 pcs. walnut, 482 pcs. poplar, 90 poplar boards, 197 white oak planks-Farnworth & Jardine; 101 walnut logs, 2,106 oak planks, 14 pcs., 2 bdls. oak-A. Dobell & Co. ; 2,880 hickory squares-A. J. Ingram & Co. ; 2 cars boards-Illingworth, Ingham, & Co. ; 1,350 poplar and 601 oak, 97 walnut logs, 607 pcs. walnut, 159 hickory logs, 1,087 pcs. oak, 225 oak planks, 25 poplar logs-Order"
18931209p.638_p002.txt,31,Sedgemore,Baltimore,HORNBY DOCK,586 pcs. walnut,"Duncan, Ewing, & Co.",6,12,1893,9,12,1893,True,"Dec. 6 Sedgemore -Baltimore-1,307 pcs. oak-R. Coltart & Co. ; 586 pcs. walnut-Duncan, Ewing, & Co. ; 2,034 pcs. oak-J. Kennedy & Co. ; 586 pcs. walnut, 482 pcs. poplar, 90 poplar boards, 197 white oak planks-Farnworth & Jardine; 101 walnut logs, 2,106 oak planks, 14 pcs., 2 bdls. oak-A. Dobell & Co. ; 2,880 hickory squares-A. J. Ingram & Co. ; 2 cars boards-Illingworth, Ingham, & Co. ; 1,350 poplar and 601 oak, 97 walnut logs, 607 pcs. walnut, 159 hickory logs, 1,087 pcs. oak, 225 oak planks, 25 poplar logs-Order"
18931209p.638_p002.txt,31,Sedgemore,Baltimore,HORNBY DOCK,"2,034 pcs. oak",J. Kennedy & Co.,6,12,1893,9,12,1893,True,"Dec. 6 Sedgemore -Baltimore-1,307 pcs. oak-R. Coltart & Co. ; 586 pcs. walnut-Duncan, Ewing, & Co. ; 2,034 pcs. oak-J. Kennedy & Co. ; 586 pcs. walnut, 482 pcs. poplar, 90 poplar boards, 197 white oak planks-Farnworth & Jardine; 101 walnut logs, 2,106 oak planks, 14 pcs., 2 bdls. oak-A. Dobell & Co. ; 2,880 hickory squares-A. J. Ingram & Co. ; 2 cars boards-Illingworth, Ingham, & Co. ; 1,350 poplar and 601 oak, 97 walnut logs, 607 pcs. walnut, 159 hickory logs, 1,087 pcs. oak, 225 oak planks, 25 poplar logs-Order"
18931209p.638_p002.txt,31,Sedgemore,Baltimore,HORNBY DOCK,"586 pcs. walnut, 482 pcs. poplar, 90 poplar boards, 197 white oak planks",Farnworth & Jardine,6,12,1893,9,12,1893,True,"Dec. 6 Sedgemore -Baltimore-1,307 pcs. oak-R. Coltart & Co. ; 586 pcs. walnut-Duncan, Ewing, & Co. ; 2,034 pcs. oak-J. Kennedy & Co. ; 586 pcs. walnut, 482 pcs. poplar, 90 poplar boards, 197 white oak planks-Farnworth & Jardine; 101 walnut logs, 2,106 oak planks, 14 pcs., 2 bdls. oak-A. Dobell & Co. ; 2,880 hickory squares-A. J. Ingram & Co. ; 2 cars boards-Illingworth, Ingham, & Co. ; 1,350 poplar and 601 oak, 97 walnut logs, 607 pcs. walnut, 159 hickory logs, 1,087 pcs. oak, 225 oak planks, 25 poplar logs-Order"
18931209p.638_p002.txt,31,Sedgemore,Baltimore,HORNBY DOCK,"101 walnut logs, 2,106 oak planks, 14 pcs., 2 bdls. oak",A. Dobell & Co.,6,12,1893,9,12,1893,True,"Dec. 6 Sedgemore -Baltimore-1,307 pcs. oak-R. Coltart & Co. ; 586 pcs. walnut-Duncan, Ewing, & Co. ; 2,034 pcs. oak-J. Kennedy & Co. ; 586 pcs. walnut, 482 pcs. poplar, 90 poplar boards, 197 white oak planks-Farnworth & Jardine; 101 walnut logs, 2,106 oak planks, 14 pcs., 2 bdls. oak-A. Dobell & Co. ; 2,880 hickory squares-A. J. Ingram & Co. ; 2 cars boards-Illingworth, Ingham, & Co. ; 1,350 poplar and 601 oak, 97 walnut logs, 607 pcs. walnut, 159 hickory logs, 1,087 pcs. oak, 225 oak planks, 25 poplar logs-Order"
18931209p.638_p002.txt,31,Sedgemore,Baltimore,HORNBY DOCK,"2,880 hickory squares",A. J. Ingram & Co.,6,12,1893,9,12,1893,True,"Dec. 6 Sedgemore -Baltimore-1,307 pcs. oak-R. Coltart & Co. ; 586 pcs. walnut-Duncan, Ewing, & Co. ; 2,034 pcs. oak-J. Kennedy & Co. ; 586 pcs. walnut, 482 pcs. poplar, 90 poplar boards, 197 white oak planks-Farnworth & Jardine; 101 walnut logs, 2,106 oak planks, 14 pcs., 2 bdls. oak-A. Dobell & Co. ; 2,880 hickory squares-A. J. Ingram & Co. ; 2 cars boards-Illingworth, Ingham, & Co. ; 1,350 poplar and 601 oak, 97 walnut logs, 607 pcs. walnut, 159 hickory logs, 1,087 pcs. oak, 225 oak planks, 25 poplar logs-Order"
18931209p.638_p002.txt,31,Sedgemore,Baltimore,HORNBY DOCK,2 cars boards,"Illingworth, Ingham, & Co.",6,12,1893,9,12,1893,True,"Dec. 6 Sedgemore -Baltimore-1,307 pcs. oak-R. Coltart & Co. ; 586 pcs. walnut-Duncan, Ewing, & Co. ; 2,034 pcs. oak-J. Kennedy & Co. ; 586 pcs. walnut, 482 pcs. poplar, 90 poplar boards, 197 white oak planks-Farnworth & Jardine; 101 walnut logs, 2,106 oak planks, 14 pcs., 2 bdls. oak-A. Dobell & Co. ; 2,880 hickory squares-A. J. Ingram & Co. ; 2 cars boards-Illingworth, Ingham, & Co. ; 1,350 poplar and 601 oak, 97 walnut logs, 607 pcs. walnut, 159 hickory logs, 1,087 pcs. oak, 225 oak planks, 25 poplar logs-Order"
18931209p.638_p002.txt,31,Sedgemore,Baltimore,HORNBY DOCK,"1,350 poplar and 601 oak, 97 walnut logs, 607 pcs. walnut, 159 hickory logs, 1,087 pcs. oak, 225 oak planks, 25 poplar logs",Order,6,12,1893,9,12,1893,True,"Dec. 6 Sedgemore -Baltimore-1,307 pcs. oak-R. Coltart & Co. ; 586 pcs. walnut-Duncan, Ewing, & Co. ; 2,034 pcs. oak-J. Kennedy & Co. ; 586 pcs. walnut, 482 pcs. poplar, 90 poplar boards, 197 white oak planks-Farnworth & Jardine; 101 walnut logs, 2,106 oak planks, 14 pcs., 2 bdls. oak-A. Dobell & Co. ; 2,880 hickory squares-A. J. Ingram & Co. ; 2 cars boards-Illingworth, Ingham, & Co. ; 1,350 poplar and 601 oak, 97 walnut logs, 607 pcs. walnut, 159 hickory logs, 1,087 pcs. oak, 225 oak planks, 25 poplar logs-Order"
18931209p.638_p002.txt,33,Atalanta,Laguna,HUSKISSON DOCK,"252 logs, 2 cut logs, 32 log ends mahogany",E. Chaloner & Co.,4,12,1893,9,12,1893,False,"Dec. 4 Atalanta-Laguna-252 logs, 2 cut logs, 32 log ends mahogany-E. Chaloner & Co.; 6,995 teak planks-Farnworth & Jardine"
18931209p.638_p002.txt,33,Atalanta,Laguna,HUSKISSON DOCK,"6,995 teak planks",Farnworth & Jardine,4,12,1893,9,12,1893,False,"Dec. 4 Atalanta-Laguna-252 logs, 2 cut logs, 32 log ends mahogany-E. Chaloner & Co.; 6,995 teak planks-Farnworth & Jardine"
18931209p.638_p002.txt,36,Mars,Barcelona,QUEEN'S DOCK,156½ tons Spanish oak,Order,4,12,1893,9,12,1893,False,Dec. 4 Mars-Barcelona-156½ tons Spanish oak-Order
18931209p.638_p002.txt,39,Venetian,Boston,VICTORIA AND ALBERT DOCKS,16 walnut logs,Churchill & Sim,5,12,1893,9,12,1893,True,Dec. 5 Venetian -Boston-16 walnut logs-Churchill & Sim
18931209p.638_p002.txt,41,Appomattox,Newport News,VICTORIA AND ALBERT DOCKS,"5,689 pcs. lumber",W. Oliver & Sons,6,12,1893,9,12,1893,True,"Dec. 6 Appomattox -Newport News-5,689 pcs. lumber-W. Oliver & Sons"
18931209p.638_p002.txt,44,Vivax,Rangoon,PORTSMOUTH,"1,230 lds. teak",Wallace Bros.,4,12,1893,9,12,1893,False,"Dec. 4 Vivax-Rangoon-1,230 lds. teak-Wallace Bros."
18931209p.638_p002.txt,46,Lancashire,Rangoon,TILBURY DOCKS,"3,860 pcs. teak, 39,700 teak keys",Order,2,12,1893,9,12,1893,True,"Dec. 2 Lancashire -Rangoon-3,860 pcs. teak, 39,700 teak keys-Order"
18931209p.638_p002.txt,48,Stavanger,Rangoon,TYNE,"1,177 teak squares, 1,185 teak planks, 4,418 teak blocks",Denny,4,12,1893,9,12,1893,True,"Dec. 4 Stavanger-Rangoon-1,177 teak squares, 1,185 teak planks, 4,418 teak blocks-Denny"
18931209p.638_p002.txt,53,Gunhilde,Moulmein,WEST INDIA DOCKS,"1,562 squares, 6,506 teak scantlings",Order,2,12,1893,9,12,1893,False,"Dec. 2 Gunhilde-Moulmein-1,562 squares, 6,506 teak scantlings-Order"
18931209p.638_p002.txt,55,Hoab,Rangoon,WEST INDIA DOCKS,"1,084 squares, 3,797 blocks, 567 planks teak",Order,4,12,1893,9,12,1893,False,"Dec. 4 Hoab-Rangoon-1,084 squares, 3,797 blocks, 567 planks teak-Order"
18931209p.638_p002.txt,57,Mamika,New York,HAVRE,"3,572 morceaux chene",,29,11,1893,9,12,1893,True,"Nov. 29 Mamika -New York-3,572 morceaux chene"
18931209p.638_p002.txt,58,Amore,Porto Plata,HAVRE,454 pcs. acajou,,30,11,1893,9,12,1893,False,Nov. 30 Amore-Porto Plata-454 pcs. acajou
18931209p.638_p002.txt,60,Lucien et Marie,Hamburg,HAVRE,252 pcs. bois ebenisterie,,2,12,1893,9,12,1893,True,Dec. 2 Lucien et Marie -Hamburg-252 pcs. bois ebenisterie
18931209p.638_p002.txt,61,Gambia,Old Calabar,HAVRE,"2,263 buches ebene",,4,12,1893,9,12,1893,True,"Dec. 4 Gambia -Old Calabar-2,263 buches ebene"
18931209p.638_p002.txt,62,La Champagne,New York,HAVRE,622 billes cedre,,5,12,1893,9,12,1893,True,Dec. 5 La Champagne -New York-622 billes cedre
18950105p.26_p002.txt,98,Lord Gough,"Philadelphia 2,000 maple blocks",LANGTON DOCK,Churchill & Co.,,28,1,1895,5,1,1895,True,"28 Lord Gough -Philadelphia 2,000 maple blocks-Churchill & Co."
18950105p.26_p002.txt,101,Merida,New York,TOXTETH DOCK,159 pcs. sabicu and cedar,,31,12,1895,5,1,1895,True,Dec. 31 Merida -New York-159 pcs. sabicu and cedar
18950105p.26_p002.txt,103,Othello,New York,CANADA DOCKS,"292 wainscot logs,",,1,1,1895,5,1,1895,True,"Jan. 1 Othello -New York-292 wainscot logs,"
18950105p.26_p002.txt,105,Othello,New York,HUSKISSON DOCKS,"11,364 sleeper blocks",J. H. Burrell & Co.,29,12,1895,5,1,1895,True,"Dec. 29 Othello -New York-11,364 sleeper blocks-J. H. Burrell & Co."
18950105p.26_p002.txt,106,Teutonic,New York,HUSKISSON DOCKS,"2,092 pcs. lumber",Order,1,1,1895,5,1,1895,True,"Jan. 1 Teutonic -New York-2,092 pcs. lumber-Order"
18950105p.26_p002.txt,110,Jylland,Libau,SURREY COMMERCIAL DOCK,"2,100 pcs. firwood, 44,182 staves",,1,1,1895,5,1,1895,True,"Jan. 1 Jylland -Libau-2,100 pcs. firwood, 44,182 staves"
18950105p.26_p002.txt,112,Danehill,Windau,VICTORIA AND ALBERT DOCKS,"1,000 sleeper blocks",,28,12,1895,5,1,1895,True,"Dec. 28 Danehill -Windau-1,000 sleeper blocks"
18950105p.26_p002.txt,113,Greece,New York,VICTORIA AND ALBERT DOCKS,"1,279 pcs. oak",J. C. Leary & Co.,1,1,1895,5,1,1895,True,"Jan. 1 Greece -New York-1,279 pcs. oak-J. C. Leary & Co."
18950105p.26_p002.txt,117,Adolf,Gothenburg,BELFAST,927 stds. sawn fir,Gregg & Co.,28,12,1895,5,1,1895,False,Dec. 28 Adolf-Gothenburg-927 stds. sawn fir-Gregg & Co.
18950119p.90.txt,9,Myrtle,Riga,BOSTON,"1,430 lds. hewn fir, 70 lds. sawn fir",C. Calder & Co.,10,1,1895,19,1,1895,False,"Jan. 10 Myrtle-Riga-1,430 lds. hewn fir, 70 lds. sawn fir-C. Calder & Co."
18950119p.90.txt,10,Onin,Arendal,BOSTON,180 lds. sawn and hewn fir,A. Beeby & Son,11,1,1895,19,1,1895,False,11 Onin-Arendal-180 lds. sawn and hewn fir-A. Beeby & Son
18950119p.90.txt,14,Sarah,Gothenburg,AVONMOUTH DOCK,"29,722 deals, battens, and boards, 15,228 bdls. planed boards, 1,000 bdls. slating battens, 1 c. fm. fir timber",Jones & Co.,14,1,1895,19,1,1895,False,"Jan. 14 Sarah-Gothenburg-29,722 deals, battens, and boards, 15,228 bdls. planed boards, 1,000 bdls. slating battens, 1 c. fm. fir timber-Jones & Co."
18950119p.90.txt,15,Gipsy Queen,Gothenburg,AVONMOUTH DOCK,"2,200 deals, battens, and boards",Heber Denty,14,1,1895,19,1,1895,False,"14 Gipsy Queen-Gothenburg-2,200 deals, battens, and boards-Heber Denty"
18950119p.90.txt,16,Concordia,Sundswall,AVONMOUTH DOCK,"1,150 lds. planed boards, 1,200 doors",King & Co.,14,1,1895,19,1,1895,False,"14 Concordia-Sundswall-1,150 lds. planed boards, 1,200 doors-King & Co."
18950119p.90.txt,17,Concordia,Sundswall,AVONMOUTH DOCK,"1,200 lds. planed boards",Taylor & Low Bros.,14,1,1895,19,1,1895,False,"14 Concordia-Sundswall-1,200 lds. planed boards-Taylor & Low Bros."
18950119p.90.txt,20,Myrtle,Riga,BRISTOL (WEST),"1,430 lds. hewn fir",C. Calder & Co.,10,1,1895,19,1,1895,False,"Jan. 10 Myrtle-Riga-1,430 lds. hewn fir-C. Calder & Co."
18950119p.90.txt,21,Onin,Arendal,BRISTOL (WEST),180 lds. sawn and hewn fir,A. Beeby & Son,11,1,1895,19,1,1895,False,11 Onin-Arendal-180 lds. sawn and hewn fir-A. Beeby & Son
18950119p.90.txt,24,Ouse,Bordeaux,CARDIFF,700 lds. pitwood,Simkin Bros.,8,1,1895,19,1,1895,True,Jan. 8 Ouse -Bordeaux-700 lds. pitwood-Simkin Bros.
18950119p.90.txt,26,F. L. B.,L'Orient,CARDIFF,220 lds. pitwood,Griggs & Co.,9,1,1895,19,1,1895,False,9 F. L. B.-L'Orient-220 lds. pitwood-Griggs & Co.
18950119p.90.txt,30,Beaudre,Bordeaux,CARDIFF,"1,400 lds. pitwood",Simkin Bros.,10,1,1895,19,1,1895,True,"10 Beaudre -Bordeaux-1,400 lds. pitwood-Simkin Bros."
18950119p.90.txt,34,President,Drammen,CARDIFF,"1,177 lds. pit props",Griggs & Co.,11,1,1895,19,1,1895,False,"11 President-Drammen-1,177 lds. pit props-Griggs & Co."
18950119p.90.txt,37,Carolina,Gothenburg,CARDIFF,620 lds. props,Watsons,12,1,1895,19,1,1895,False,12 Carolina-Gothenburg-620 lds. props-Watsons
18950119p.90.txt,41,Commentry,Bayonne,CARDIFF,"1,200 lds. pitwood",A. Capelle,14,1,1895,19,1,1895,False,"14 Commentry-Bayonne-1,200 lds. pitwood-A. Capelle"
18950119p.90.txt,46,Marie,L'Orient,CARDIFF,150 lds. pitwood,"Forwood, Thomas, & Co.",15,1,1895,19,1,1895,False,"15 Marie-L'Orient-150 lds. pitwood-Forwood, Thomas, & Co."
18950119p.90.txt,50,Catalonia,Boston,ALEXANDRA DOCK,"1,000 pcs. lumber",Farnworth & Jardine,11,1,1895,19,1,1895,True,"Jan. 11 Catalonia -Boston-1,000 pcs. lumber-Farnworth & Jardine; 556 pcs. lumber-T. Meadows & Co."
18950119p.90.txt,50,Catalonia,Boston,ALEXANDRA DOCK,556 pcs. lumber,T. Meadows & Co.,11,1,1895,19,1,1895,True,"Jan. 11 Catalonia -Boston-1,000 pcs. lumber-Farnworth & Jardine; 556 pcs. lumber-T. Meadows & Co."
18950119p.90.txt,53,Bovic,New York,ALEXANDRA DOCK,"1,000 bdls. shooks",J. G. Forster,12,1,1895,19,1,1895,True,"12 Bovic -New York-1,000 bdls. shooks-J. G. Forster; 936 pcs. lumber-Whiteside"
18950119p.90.txt,53,Bovic,New York,ALEXANDRA DOCK,936 pcs. lumber,Whiteside,12,1,1895,19,1,1895,True,"12 Bovic -New York-1,000 bdls. shooks-J. G. Forster; 936 pcs. lumber-Whiteside"
18950119p.90.txt,54,Starlight,Gefle,ALEXANDRA DOCK,"50 stds. planed boards, 2 stds. scantlings, 10 stds. staves, 8 stds. floorboards",,14,1,1895,19,1,1895,True,"14 Starlight -Gefle-50 stds. planed boards, 2 stds. scantlings, 10 stds. staves, 8 stds. floorboards; from Laurvig-104 1/2 stds. staves"
18950119p.90.txt,54,Starlight,Gefle,ALEXANDRA DOCK,from Laurvig,104 1/2 stds. staves,14,1,1895,19,1,1895,True,"14 Starlight -Gefle-50 stds. planed boards, 2 stds. scantlings, 10 stds. staves, 8 stds. floorboards; from Laurvig-104 1/2 stds. staves"
18950119p.90.txt,57,Talisman,Drammen,CANADA DOCK,"52,455 planed boards",,14,1,1895,19,1,1895,True,"Jan. 14 Talisman -Drammen-52,455 planed boards"
18950119p.90.txt,60,Uddevalla,Uddevalla,GARSTON DOCK,212 stds. pit props,,10,1,1895,19,1,1895,True,Jan. 10 Uddevalla -Uddevalla-212 stds. pit props
18950119p.90.txt,65,Bengore Head,"Brunswick, Ga.",LANGTON DOCK,"1,648 boat oars",J. Gardner & Sons,12,1,1895,19,1,1895,True,"Jan. 12 Bengore Head -Brunswick, Ga.-1,648 boat oars-J. Gardner & Sons; 4,741 staves"
18950119p.90.txt,65,Bengore Head,"Brunswick, Ga.",LANGTON DOCK,"4,741 staves",,12,1,1895,19,1,1895,True,"Jan. 12 Bengore Head -Brunswick, Ga.-1,648 boat oars-J. Gardner & Sons; 4,741 staves"
18950119p.90.txt,68,Gracia,New Orleans,WINNIPEG DOCK,"6,000 staves",E. Chaloner & Co.,11,1,1895,19,1,1895,True,"Jan. 11 Gracia -New Orleans-6,000 staves-E. Chaloner & Co."
18950119p.90.txt,71,Rudolphine Burchard,Fredrikstad,OTHER DOCKS AND WHARVES,"18 stds. 36,969 flooring boards",,12,1,1895,19,1,1895,False,"Jan. 12 Rudolphine Burchard-Fredrikstad-18 stds. 36,969 flooring boards"
18950119p.90.txt,74,Amitie,Blaye,LLANELLY,156 lds. hewn fir,Hogg,11,1,1895,19,1,1895,False,Jan. 11 Amitie-Blaye-156 lds. hewn fir-Hogg
18950119p.90.txt,75,Eugene Gaston,Pauillac,LLANELLY,288 lds. hewn fir,Great Mountain Colliery Co.,12,1,1895,19,1,1895,False,12 Eugene Gaston-Pauillac-288 lds. hewn fir-Great Mountain Colliery Co.
18950119p.90.txt,79,Avena,Uddevalla,SURREY COMMERCIAL DOCKS,"324 doors, 700 bdls. mouldings",S. Brown,14,1,1895,19,1,1895,True,"Jan. 14 Avena -Uddevalla-324 doors, 700 bdls. mouldings-S. Brown"
18950119p.90.txt,81,Freda,Danzig,SURREY COMMERCIAL DOCKS,529 pcs. timber,,16,1,1895,19,1,1895,True,16 Freda -Danzig-529 pcs. timber
18950119p.90.txt,84,Hertha,Norrkoping,MILLWALL DOCKS,47 logs aspen wood,Bryant & May,10,1,1895,19,1,1895,True,"Jan. 10 Hertha -Norrkoping-47 logs aspen wood-Bryant & May; 1,723 doors and mouldings"
18950119p.90.txt,84,Hertha,Norrkoping,MILLWALL DOCKS,"1,723 doors and mouldings",,10,1,1895,19,1,1895,True,"Jan. 10 Hertha -Norrkoping-47 logs aspen wood-Bryant & May; 1,723 doors and mouldings"
18950119p.90.txt,85,William Bailey,Fiume,MILLWALL DOCKS,"1,119 pcs. and bdls. friezes",Witt & Palmer,12,1,1895,19,1,1895,True,"12 William Bailey -Fiume-1,119 pcs. and bdls. friezes-Witt & Palmer; 466 bdls. planks, 4,279 floorings, 3,240 staves"
18950119p.90.txt,85,William Bailey,Fiume,MILLWALL DOCKS,"466 bdls. planks, 4,279 floorings, 3,240 staves",,12,1,1895,19,1,1895,True,"12 William Bailey -Fiume-1,119 pcs. and bdls. friezes-Witt & Palmer; 466 bdls. planks, 4,279 floorings, 3,240 staves"
18950119p.90.txt,86,Thule,Gothenburg,MILLWALL DOCKS,"5,897 boards",Winther & Co.,14,1,1895,19,1,1895,True,"14 Thule -Gothenburg-5,897 boards-Winther & Co.; 516 doz. boards, 6,776 bdls. 22 cases box boards, 611 pkgs. joinery, 8,414 pcs. firewood"
18950119p.90.txt,86,Thule,Gothenburg,MILLWALL DOCKS,"516 doz. boards, 6,776 bdls. 22 cases box boards, 611 pkgs. joinery, 8,414 pcs. firewood",,14,1,1895,19,1,1895,True,"14 Thule -Gothenburg-5,897 boards-Winther & Co.; 516 doz. boards, 6,776 bdls. 22 cases box boards, 611 pkgs. joinery, 8,414 pcs. firewood"
18950119p.90.txt,89,Halifax City,Halifax,VICTORIA AND ALBERT DOCKS,105 cases splints,Bryant & May,12,1,1895,19,1,1895,True,Jan. 12 Halifax City -Halifax-105 cases splints-Bryant & May
18950119p.90.txt,92,Forsete,Drontheim,OTHER DOCKS AND WHARVES,"30,241 bdls. boards",N. R. Alexanders,16,1,1895,19,1,1895,True,"Jan. 16 Forsete -Drontheim-30,241 bdls. boards-N. R. Alexanders"
18950119p.90.txt,93,Forsete,Drontheim,OTHER DOCKS AND WHARVES,"2,000 bdls. boards","Burt, Bolton, & Haywood",16,1,1895,19,1,1895,True,"16 Forsete -Drontheim-2,000 bdls. boards-Burt, Bolton, & Haywood; 1,100 bdls. boards-Christie & Co."
18950119p.90.txt,93,Forsete,Drontheim,OTHER DOCKS AND WHARVES,"1,100 bdls. boards",Christie & Co.,16,1,1895,19,1,1895,True,"16 Forsete -Drontheim-2,000 bdls. boards-Burt, Bolton, & Haywood; 1,100 bdls. boards-Christie & Co."
18950119p.90.txt,99,Foldin,Arendal,MIDDLESBROUGH,8 lds. hewn fir,P. H. Matthiesen & Co.,8,1,1895,19,1,1895,True,"Jan. 8 Foldin -Arendal-8 lds. hewn fir-P. H. Matthiesen & Co.; from Skien-249 lds. hewn fir, 124 lds. props-W. J. Watson"
18950119p.90.txt,99,Foldin,Arendal,MIDDLESBROUGH,from Skien,"249 lds. hewn fir, 124 lds. props-W. J. Watson",8,1,1895,19,1,1895,True,"Jan. 8 Foldin -Arendal-8 lds. hewn fir-P. H. Matthiesen & Co.; from Skien-249 lds. hewn fir, 124 lds. props-W. J. Watson"
18950119p.90.txt,102,Aurora,Gothenburg,NEWHAVEN,472 lds. battens and boards,St. John Hunt & Co.,9,1,1895,19,1,1895,False,Jan. 9 Aurora-Gothenburg-472 lds. battens and boards-St. John Hunt & Co.
18950119p.90.txt,105,Ben Wyvis,Bayonne,NEWPORT,"1,000 lds. pitwood",Newport Pitwood Co.,8,1,1895,19,1,1895,True,"Jan. 8 Ben Wyvis -Bayonne-1,000 lds. pitwood-Newport Pitwood Co."
18950119p.90.txt,106,Lettonia,Drammen,NEWPORT,650 lds. boards and ends,Nicholas & Co.,12,1,1895,19,1,1895,False,12 Lettonia-Drammen-650 lds. boards and ends-Nicholas & Co.
18950119p.90.txt,107,Talabot,Bordeaux,NEWPORT,"1,500 lds. pitwood",Simkin Bros.,14,1,1895,19,1,1895,False,"14 Talabot-Bordeaux-1,500 lds. pitwood-Simkin Bros."
18950119p.90.txt,116,Johanne,Gothenburg,PORTSMOUTH,"366 lds. deals, battens, and boards",H. Wolfe,14,1,1895,19,1,1895,False,"Jan. 14 Johanne-Gothenburg-366 lds. deals, battens, and boards-H. Wolfe"
18950119p.90.txt,119,Mathea Berg,Gothenburg,SHOREHAM,"489 lds. deals, battens, and boards",Beves & Co.,9,1,1895,19,1,1895,False,"Jan. 9 Mathea Berg-Gothenburg-489 lds. deals, battens, and boards-Beves & Co."
18950119p.90.txt,123,Gazelle,Christiania,SOUTHAMPTON,"381 lds. sawn and planed fir, 25 lds. hewn fir, 63 lds. firewood",Driver & Co.,14,1,1895,19,1,1895,False,"Jan. 14 Gazelle-Christiania-381 lds. sawn and planed fir, 25 lds. hewn fir, 63 lds. firewood-Driver & Co."
18950119p.90.txt,126,Deux Pierre,Hennebont,SWANSEA,175 lds. pitwood,W. Davies & Co.,12,1,1895,19,1,1895,False,Jan. 12 Deux Pierre-Hennebont-175 lds. pitwood-W. Davies & Co.
18950119p.90.txt,128,Leonie Anastasi,St. Estephe,SWANSEA,130 lds. pitwood,"Williams, Cook, & Co.",14,1,1895,19,1,1895,False,"14 Leonie Anastasi-St. Estephe-130 lds. pitwood-Williams, Cook, & Co."
18950119p.90.txt,132,Herold,Stockholm,TYNE,"288 lds. sawn deals, battens, and boards",,11,1,1895,19,1,1895,False,"Jan. 11 Herold-Stockholm-288 lds. sawn deals, battens, and boards"
18950119p.90.txt,134,Gerda,Gothenburg,TYNE,"1,100 pcs. round wood, 317 white boards, 573 bdls. boards, and 2,774 scantlings",Taylor & Low Bros.,14,1,1895,19,1,1895,False,"Jan. 14 Gerda-Gothenburg-1,100 pcs. round wood, 317 white boards, 573 bdls. boards, and 2,774 scantlings-Taylor & Low Bros."
18950119p.90.txt,135,Ernst,Stockholm,TYNE,"6,764 pcs. round wood, deals, battens, and boards",J. Scott & Son,15,1,1895,19,1,1895,False,"15 Ernst-Stockholm-6,764 pcs. round wood, deals, battens, and boards-J. Scott & Son"
18950119p.90.txt,136,Vidfarne,Brevig,TYNE,"2,023 bdls. planed wood, 1,389 props",,14,1,1895,19,1,1895,False,"14 Vidfarne-Brevig-2,023 bdls. planed wood, 1,389 props"
18950119p.90.txt,140,Ulriken,Oscarshamn,TYNE,"1,100 doors, 40 lds. props",Napier & Render,15,1,1895,19,1,1895,True,"15 Ulriken -Oscarshamn-1,100 doors, 40 lds. props-Napier & Render"
18950119p.90.txt,144,Kordula,Riga,WISBECH,413 lds. fir boards,English & Co.,9,1,1895,19,1,1895,False,Jan. 9 Kordula-Riga-413 lds. fir boards-English & Co.
18950119p.90.txt,148,Kronberg,Memel,BELFAST,"600 lds. hewn fir, 186 lds. deals and ends",G. Heyn & Son,8,1,1895,19,1,1895,True,"Jan. 8 Kronberg -Memel-600 lds. hewn fir, 186 lds. deals and ends-G. Heyn & Son"
18950119p.90.txt,149,Black Head,Riga,BELFAST,"1,112 lds. lathwood",G. Heyn & Son,12,1,1895,19,1,1895,True,"12 Black Head -Riga-1,112 lds. lathwood-G. Heyn & Son"
18950119p.90.txt,152,Eva,Gefle,CORK,"1,578 lds. sawn fir",Eustace & Co.,8,1,1895,19,1,1895,False,"Jan. 8 Eva-Gefle-1,578 lds. sawn fir-Eustace & Co."
18950119p.90.txt,155,Lord Lansdowne,Baltimore,DUBLIN,8 logs oak,,10,1,1895,19,1,1895,False,Jan. 10 Lord Lansdowne-Baltimore-8 logs oak
18950119p.90.txt,159,Hero,Bangkok,BARROW,424 pcs. teak,Crossfield & Co.,8,1,1895,19,1,1895,False,Jan. 8 Hero-Bangkok-424 pcs. teak-Crossfield & Co.
18950119p.90.txt,162,Hoffnung,Stettin,BRISTOL,"265 logs oak, 376 logs fir",Taylor & Low Bros.,14,1,1895,19,1,1895,False,"Jan. 14 Hoffnung-Stettin-265 logs oak, 376 logs fir-Taylor & Low Bros."
18950119p.90.txt,166,Kansas,Boston,ALEXANDRA DOCK,"3,743 pcs. oak",A. Dobell & Co.,14,1,1895,19,1,1895,True,"Jan. 14 Kansas -Boston-3,743 pcs. oak-A. Dobell & Co.; 4,946 pcs. oak staves-Farnworth & Jardine"
18950119p.90.txt,166,Kansas,Boston,ALEXANDRA DOCK,"4,946 pcs. oak staves",Farnworth & Jardine,14,1,1895,19,1,1895,True,"Jan. 14 Kansas -Boston-3,743 pcs. oak-A. Dobell & Co.; 4,946 pcs. oak staves-Farnworth & Jardine"
18950119p.90.txt,169,Remittent,Savannah,CARRIERS' DOCK,"12,000 oak staves","Sutherland, Innes, & Co.",14,1,1895,19,1,1895,False,"Jan. 14 Remittent-Savannah-12,000 oak staves-Sutherland, Innes, & Co."
18950119p.90.txt,172,Lesbain,Fiume,HUSKISSON DOCK,"2,400 oak staves",Drysdale Bros.,12,1,1895,19,1,1895,True,"Jan. 12 Lesbain -Fiume-2,400 oak staves-Drysdale Bros.; 56 pcs. oak planks"
18950119p.90.txt,172,Lesbain,Fiume,HUSKISSON DOCK,56 pcs. oak planks,,12,1,1895,19,1,1895,True,"Jan. 12 Lesbain -Fiume-2,400 oak staves-Drysdale Bros.; 56 pcs. oak planks"
18950119p.90.txt,175,Southwark,Philadelphia,LANGTON DOCK,"3,000 maple blocks",E. Edwards,12,1,1895,19,1,1895,True,"Jan. 12 Southwark -Philadelphia-3,000 maple blocks-E. Edwards"
18950119p.90.txt,178,Hamilton,New York,TOXTETH DOCK,12 maple logs,R. F. Downing & Co.,14,1,1895,19,1,1895,True,Jan. 14 Hamilton -New York-12 maple logs-R. F. Downing & Co.; 15 logs mahogany-Churchill & Sim; 600 maple logs-E. Edwards
18950119p.90.txt,178,Hamilton,New York,TOXTETH DOCK,15 logs mahogany,Churchill & Sim,14,1,1895,19,1,1895,True,Jan. 14 Hamilton -New York-12 maple logs-R. F. Downing & Co.; 15 logs mahogany-Churchill & Sim; 600 maple logs-E. Edwards
18950119p.90.txt,178,Hamilton,New York,TOXTETH DOCK,600 maple logs,E. Edwards,14,1,1895,19,1,1895,True,Jan. 14 Hamilton -New York-12 maple logs-R. F. Downing & Co.; 15 logs mahogany-Churchill & Sim; 600 maple logs-E. Edwards
18950119p.90.txt,182,Loch Fleet,Fremantle,SURREY COMMERCIAL DOCKS,668 lds. jarrah,McLean Bros. & Rigg,15,1,1895,19,1,1895,False,Jan. 15 Loch Fleet-Fremantle-668 lds. jarrah-McLean Bros. & Rigg
18950119p.90.txt,185,Goorkha,Calcutta,VICTORIA AND ALBERT DOCKS,275 pcs. teak,,12,1,1895,19,1,1895,True,Jan. 12 Goorkha -Calcutta-275 pcs. teak
18950119p.90.txt,186,France,New York,VICTORIA AND ALBERT DOCKS,912 pcs. lumber,Churchill & Sim,15,1,1895,19,1,1895,True,"15 France -New York-912 pcs. lumber-Churchill & Sim; 23 pkgs., 485 boards-Lamb, Sons, & Co.; 2,478 pcs. lumber-Armstrong & Co.; 1,094 pcs. lumber-G. Hattley Hay"
18950119p.90.txt,186,France,New York,VICTORIA AND ALBERT DOCKS,"23 pkgs., 485 boards","Lamb, Sons, & Co.",15,1,1895,19,1,1895,True,"15 France -New York-912 pcs. lumber-Churchill & Sim; 23 pkgs., 485 boards-Lamb, Sons, & Co.; 2,478 pcs. lumber-Armstrong & Co.; 1,094 pcs. lumber-G. Hattley Hay"
18950119p.90.txt,186,France,New York,VICTORIA AND ALBERT DOCKS,"2,478 pcs. lumber",Armstrong & Co.,15,1,1895,19,1,1895,True,"15 France -New York-912 pcs. lumber-Churchill & Sim; 23 pkgs., 485 boards-Lamb, Sons, & Co.; 2,478 pcs. lumber-Armstrong & Co.; 1,094 pcs. lumber-G. Hattley Hay"
18950119p.90.txt,186,France,New York,VICTORIA AND ALBERT DOCKS,"1,094 pcs. lumber",G. Hattley Hay,15,1,1895,19,1,1895,True,"15 France -New York-912 pcs. lumber-Churchill & Sim; 23 pkgs., 485 boards-Lamb, Sons, & Co.; 2,478 pcs. lumber-Armstrong & Co.; 1,094 pcs. lumber-G. Hattley Hay"
18950119p.90.txt,191,Missouri,Philadelphia,WEST INDIA DOCKS,"160 bdls., 2,498 pcs. lumber",,11,1,1895,19,1,1895,True,"Jan. 11 Missouri -Philadelphia-160 bdls., 2,498 pcs. lumber"
18950119p.90.txt,192,Spheroid,Belize,WEST INDIA DOCKS,"1,091 pcs. mahogany, 4 pcs. cedar",Belize Estate and Produce Company,12,1,1895,19,1,1895,True,"12 Spheroid -Belize-1,091 pcs. mahogany, 4 pcs. cedar-Belize Estate and Produce Company; 559 pcs. mahogany, 6 pcs. cedar-Gonzalez, Byass, & Co.; 75 pcs. mahogany-P. Leckie & Co."
18950119p.90.txt,192,Spheroid,Belize,WEST INDIA DOCKS,"559 pcs. mahogany, 6 pcs. cedar","Gonzalez, Byass, & Co.",12,1,1895,19,1,1895,True,"12 Spheroid -Belize-1,091 pcs. mahogany, 4 pcs. cedar-Belize Estate and Produce Company; 559 pcs. mahogany, 6 pcs. cedar-Gonzalez, Byass, & Co.; 75 pcs. mahogany-P. Leckie & Co."
18950119p.90.txt,192,Spheroid,Belize,WEST INDIA DOCKS,75 pcs. mahogany,P. Leckie & Co.,12,1,1895,19,1,1895,True,"12 Spheroid -Belize-1,091 pcs. mahogany, 4 pcs. cedar-Belize Estate and Produce Company; 559 pcs. mahogany, 6 pcs. cedar-Gonzalez, Byass, & Co.; 75 pcs. mahogany-P. Leckie & Co."
18950119p.90.txt,193,Spera,Bangkok,WEST INDIA DOCKS,558 teak,R. & J. Henderson,16,1,1895,19,1,1895,False,16 Spera-Bangkok-558 teak-R. & J. Henderson
18950119p.90.txt,196,Miltiades,Sydney,OTHER DOCKS AND WHARVES,"1,262 sleepers",Great Eastern Railway Co.,15,1,1895,19,1,1895,False,"Jan. 15 Miltiades-Sydney-1,262 sleepers-Great Eastern Railway Co."
18950216p.215.txt,15,Quebec,Rennie,ALLOA,403 lds. props,Rennie,4,2,1895,16,2,1895,False,Feb. 4 Quebec-Rennie-403 lds. props-Rennie
18950216p.215.txt,16,Castro,Skien,ALLOA,408 lds. props,Love,6,2,1895,16,2,1895,False,Feb. 6 Castro-Skien-408 lds. props-Love
18950216p.215.txt,17,Noss,Fredrikshald,ALLOA,270 lds. props,,7,2,1895,16,2,1895,False,7 Noss-Fredrikshald-270 lds. props
18950216p.215.txt,21,Ortan,Skien,BO'NESS,150 lds. props,Shanks,7,2,1895,16,2,1895,False,Feb. 7 Ortan-Skien-150 lds. props-Shanks
18950216p.215.txt,24,Arracan,Rangoon,GLASGOW,550 teak planks,Cant & Kemp,4,2,1895,16,2,1895,True,"Feb. 4 Arracan -Rangoon-550 teak planks-Cant & Kemp; 429 teak planks-R. Hamilton & Co.; 210 teak planks-Edmiston & Mitchells; 60 teak logs, 346 bds. teak logs-Cant & Kemp; 226 teak logs-Edmiston & Mitchells; 54,400 scantlings-Edmiston & Co."
18950216p.215.txt,24,Arracan,Rangoon,GLASGOW,429 teak planks,R. Hamilton & Co.,4,2,1895,16,2,1895,True,"Feb. 4 Arracan -Rangoon-550 teak planks-Cant & Kemp; 429 teak planks-R. Hamilton & Co.; 210 teak planks-Edmiston & Mitchells; 60 teak logs, 346 bds. teak logs-Cant & Kemp; 226 teak logs-Edmiston & Mitchells; 54,400 scantlings-Edmiston & Co."
18950216p.215.txt,24,Arracan,Rangoon,GLASGOW,210 teak planks,Edmiston & Mitchells,4,2,1895,16,2,1895,True,"Feb. 4 Arracan -Rangoon-550 teak planks-Cant & Kemp; 429 teak planks-R. Hamilton & Co.; 210 teak planks-Edmiston & Mitchells; 60 teak logs, 346 bds. teak logs-Cant & Kemp; 226 teak logs-Edmiston & Mitchells; 54,400 scantlings-Edmiston & Co."
18950216p.215.txt,24,Arracan,Rangoon,GLASGOW,"60 teak logs, 346 bds. teak logs",Cant & Kemp,4,2,1895,16,2,1895,True,"Feb. 4 Arracan -Rangoon-550 teak planks-Cant & Kemp; 429 teak planks-R. Hamilton & Co.; 210 teak planks-Edmiston & Mitchells; 60 teak logs, 346 bds. teak logs-Cant & Kemp; 226 teak logs-Edmiston & Mitchells; 54,400 scantlings-Edmiston & Co."
18950216p.215.txt,24,Arracan,Rangoon,GLASGOW,226 teak logs,Edmiston & Mitchells,4,2,1895,16,2,1895,True,"Feb. 4 Arracan -Rangoon-550 teak planks-Cant & Kemp; 429 teak planks-R. Hamilton & Co.; 210 teak planks-Edmiston & Mitchells; 60 teak logs, 346 bds. teak logs-Cant & Kemp; 226 teak logs-Edmiston & Mitchells; 54,400 scantlings-Edmiston & Co."
18950216p.215.txt,24,Arracan,Rangoon,GLASGOW,"54,400 scantlings",Edmiston & Co.,4,2,1895,16,2,1895,True,"Feb. 4 Arracan -Rangoon-550 teak planks-Cant & Kemp; 429 teak planks-R. Hamilton & Co.; 210 teak planks-Edmiston & Mitchells; 60 teak logs, 346 bds. teak logs-Cant & Kemp; 226 teak logs-Edmiston & Mitchells; 54,400 scantlings-Edmiston & Co."
18950216p.215.txt,25,Mogador,Gothenburg,GLASGOW,"63 bgs. bobbins, 328 bdls. staves.",,5,2,1895,16,2,1895,True,"5 Mogador -Gothenburg-63 bgs. bobbins, 328 bdls. staves."
18950216p.215.txt,28,Anchoria,New York,GLASGOW,"2,500 hhd. staves, 6,045 brl. staves, 7,000 bxs. mouldings.",,11,2,1895,16,2,1895,True,"11 Anchoria -New York-2,500 hhd. staves, 6,045 brl. staves, 7,000 bxs. mouldings."
18950216p.215.txt,31,Penelope,Riga,LEITH,120 lds. deals,Cormack,5,2,1895,16,2,1895,False,Feb. 5 Penelope-Riga-120 lds. deals-Cormack
18950216p.215.txt,32,Tronda,Drontheim,LEITH,482 lds. battens,C. Salvesen & Co.,11,2,1895,16,2,1895,False,11 Tronda - Drontheim - 482 lds. battens - C. Salvesen & Co.
18950810p.195.txt,56,Dracons,Montreal,ABERDEEN,"363 lds. deals, 27 lds. hewn oak, 17 lds. oak boards",Connor & Dunn Bros.,30,7,1895,10,8,1895,False,"July 30 Dracons-Montreal-363 lds. deals, 27 lds. hewn oak, 17 lds. oak boards-Connor & Dunn Bros."
18950810p.195.txt,57,Einigkeit,Danzig,ABERDEEN,299 lds. hewn fir,Ludwig & Co.,31,7,1895,10,8,1895,False,31 Einigkeit-Danzig-299 lds. hewn fir-Ludwig & Co.
18950810p.195.txt,59,Guthbeg,Cronstadt,ABERDEEN,247 lds. deals and ends,G. Gordon & Co.,1,8,1895,10,8,1895,False,Aug. 1 Guthbeg-Cronstadt-247 lds. deals and ends-G. Gordon & Co.
18950810p.195.txt,60,William,Cronstadt,ABERDEEN,"11,471 deals and ends",Duncan & McLaren,2,8,1895,10,8,1895,False,"2 William-Cronstadt-11,471 deals and ends-Duncan & McLaren"
18950810p.195.txt,62,Adolf,Sundswall,ABERDEEN,"16,296 deals and ends",Macpherson & McLaren,3,8,1895,10,8,1895,False,"3 Adolf-Sundswall-16,296 deals and ends-Macpherson & McLaren"
18950810p.195.txt,66,William Connel,Stettin,AYR,626 lds. pit props,Love & Stewart,30,7,1895,10,8,1895,False,July 30 William Connel-Stettin-626 lds. pit props-Love & Stewart
18950810p.195.txt,69,Bien,Porsgrund,BANFF,"168 lds. hewn fir, 151 lds. sawn fir",G. Reid,2,8,1895,10,8,1895,False,"Aug. 2 Bien-Porsgrund-168 lds. hewn fir, 151 lds. sawn fir-G. Reid"
18950810p.195.txt,73,Gemsen,Drammen,BO'NESS,221 lds. pitwood,Denholm & Co.,30,7,1895,10,8,1895,False,July 30 Gemsen-Drammen-221 lds. pitwood-Denholm & Co.
18950810p.195.txt,76,Venta,Sundswall,BO'NESS,675 lds. pitwood,W. Love,31,7,1895,10,8,1895,False,31 Venta-Sundswall-675 lds. pitwood-W. Love
18950810p.195.txt,77,Roskilde,Falkenberg,BO'NESS,100 lds. pit props,Love & Stewart,1,8,1895,10,8,1895,False,Aug 1 Roskilde-Falkenberg-100 lds. pit props-Love & Stewart
18950810p.195.txt,78,Alf,Stettin,BO'NESS,225 lds. pit props,J. Denholm,2,8,1895,10,8,1895,True,2 Alf -Stettin-225 lds. pit props-J. Denholm
18950810p.195.txt,81,Olaf,Fredrikahald,BO'NESS,295 lds. pit props,Denholm,3,8,1895,10,8,1895,False,3 Olaf-Fredrikahald-295 lds. pit props-Denholm
18950810p.195.txt,86,Hungarian,Cronstadt,DUNDEE,"2,032 deals and battens, 81 lds. firewood",Bell & Sime,30,7,1895,10,8,1895,True,"July 30 Hungarian -Cronstadt-2,032 deals and battens, 81 lds. firewood-Bell & Sime"
18950810p.195.txt,87,Emerald,Cronstadt,DUNDEE,62 lds. rickers,Fleming,31,7,1895,10,8,1895,False,31 Emerald-Cronstadt-62 lds. rickers-Fleming
18950810p.195.txt,89,Emerald,St. Petersburg,DUNDEE,25 lds. hewn fir,J. T. Ritchie,1,8,1895,10,8,1895,False,Aug. 1 Emerald-St. Petersburg-25 lds. hewn fir -J. T. Ritchie
18950810p.195.txt,91,Gorth,Cronstadt,DUNDEE,419 lds. deals and ends,Cameron Bros.,3,8,1895,10,8,1895,False,3 Gorth-Cronstadt-419 lds. deals and ends-Cameron Bros.
18950810p.195.txt,94,State of Nebraska,New York,GLASGOW,"3,600 bd. staves",R. Hamilton & Co. and to order,31,7,1895,10,8,1895,True,"July 31 State of Nebraska -New York-3,600 bd. staves-R. Hamilton & Co. and to order"
18950810p.195.txt,95,Ross,shire,GLASGOW,Norfolk,"70 lds. ash logs, 20 bd. staves-Wright, Graham & Co.",1,8,1895,10,8,1895,True,"Aug. 1 Ross-shire -Norfolk-70 lds. ash logs, 20 bd. staves-Wright, Graham & Co."
18950810p.195.txt,99,Faten,Kotka,GRANGEMOUTH,"27,262 battens",Brownlee,27,7,1895,10,8,1895,False,"July 27 Faten-Kotka-27,262 battens-Brownlee"
18950810p.195.txt,100,Imme,Riga,GRANGEMOUTH,123 fms. lathwood,P. & J. Wilkie,30,7,1895,10,8,1895,False,30 Imme-Riga-123 fms. lathwood-P. & J. Wilkie
18950810p.195.txt,105,Tjapko,Sundswall,GRANGEMOUTH,"19,768 battens and boards",Brownlee & Co.,1,8,1895,10,8,1895,False,"Aug. 1 Tjapko-Sundswall-19,768 battens and boards-Brownlee & Co."
18950810p.195.txt,106,Erna,Narva,GRANGEMOUTH,"25,663 deals and battens",R. Melville & Co.,2,8,1895,10,8,1895,False,"2 Erna-Narva-25,663 deals and battens-R. Melville & Co."
18950810p.195.txt,112,Ardanbhan,"Campbeltown, N.B.",GREENOCK,"62,156 bdls. spoolwood",Clark & Service,29,7,1895,10,8,1895,True,"July 29 Ardanbhan -Campbeltown, N.B.-62,156 bdls. spoolwood-Clark & Service; 2,562 deals, 1,182 deal ends-Allison"
18950810p.195.txt,112,Ardanbhan,"Campbeltown, N.B.",GREENOCK,"2,562 deals, 1,182 deal ends",Allison,29,7,1895,10,8,1895,True,"July 29 Ardanbhan -Campbeltown, N.B.-62,156 bdls. spoolwood-Clark & Service; 2,562 deals, 1,182 deal ends-Allison"
18950810p.195.txt,113,Mira,Pensacola,GREENOCK,"3,523 pcs. sawn timber",McDowall & Neilson,31,7,1895,10,8,1895,True,"31 Mira -Pensacola-3,523 pcs. sawn timber-McDowall & Neilson"
18950810p.195.txt,114,Acme,Mobile,GREENOCK,"3,585 pcs. sawn pitch pine timber, 674 sawn pitch pine deals",F. Briggs & Co.,2,8,1895,10,8,1895,True,"Aug. 2 Acme -Mobile-3,585 pcs. sawn pitch pine timber, 674 sawn pitch pine deals -F. Briggs & Co."
18950810p.195.txt,117,Ceres,Oscarshamn,KIRKCALDY,162 lds. pit props,Lochgelly Iron & Coal Co.,3,8,1895,10,8,1895,False,Aug. 3 Ceres-Oscarshamn-162 lds. pit props-Lochgelly Iron & Coal Co.
18950810p.195.txt,121,Nils Horen,Namsos,LEITH,251 lds. deals and battens,Forslind & Rex,30,7,1895,10,8,1895,False,July 30 Nils Horen-Namsos-251 lds. deals and battens-Forslind & Rex
18950810p.195.txt,123,Newhaven,Myonus,LEITH,"1,238 lds. battens","Park, Dobson, & Co.",1,8,1895,10,8,1895,True,"Aug. 1 Newhaven -Myonus-1,238 lds. battens -Park, Dobson, & Co."
18950810p.195.txt,125,G. T. Ray,Iggesund,LEITH,5 lds. firewood,Salvesen,2,8,1895,10,8,1895,False,2 G. T. Ray-Iggesund-5 lds. firewood-Salvesen
18950810p.195.txt,127,Yenez,Bjorneborg,LEITH,475 lds. battens,Mitchell,3,8,1895,10,8,1895,False,3 Yenez-Bjorneborg-475 lds. battens-Mitchell
18950810p.195.txt,128,Roskva,Kragero,LEITH,478 lds. firewood,M. J. Ellingsen,5,8,1895,10,8,1895,False,5 Roskva-Kragero-478 lds. firewood-M. J. Ellingsen
18950810p.195.txt,133,Marcus,Riga,METHIL,498 lds. pit props,Fife Coal Co.,29,7,1895,10,8,1895,False,July 29 Marcus-Riga-498 lds. pit props-Fife Coal Co.
18950810p.195.txt,135,Ivar,Umea,METHIL,3 lds. firewood,Ohlsen & Co.,30,7,1895,10,8,1895,False,30 Ivar-Umea-3 lds. firewood-Ohlsen & Co.
18950810p.195.txt,136,Sunshine,Stettin,METHIL,48 lds. pit props,Fife Coal Co.,1,8,1895,10,8,1895,False,Aug. 1 Sunshine-Stettin-48 lds. pit props-Fife Coal Co.
18950810p.195.txt,139,M. D. Rucker,Wyborg,METHIL,360 lds. pit props,Cowdenbeath Coal Co.,3,8,1895,10,8,1895,False,3 M. D. Rucker-Wyborg-360 lds. pit props-Cowdenbeath Coal Co.
18950810p.195.txt,143,Tronda,Hommelvik,MONTROSE,760 lds. battens and balks,R. Millar & Sons,5,8,1895,10,8,1895,False,Aug. 5 Tronda-Hommelvik-760 lds. battens and balks-R. Millar & Sons
18950810p.195.txt,146,Christine,Sundswall,PETERHEAD,"210 lds. battens, 40 lds. spars",T. D. Will,29,7,1895,10,8,1895,False,"July 29 Christine-Sundswall-210 lds. battens, 40 lds. spars-T. D. Will"
18950810p.195.txt,149,Norway,Quebec,TROON,"30 lds. oak, 419 lds. fir, 345 lds. deals, 93 lds. deal ends",Matthew Wright & Nephew,30,7,1895,10,8,1895,False,"July 30 Norway-Quebec-30 lds. oak, 419 lds. fir, 345 lds. deals, 93 lds. deal ends-Matthew Wright & Nephew"
18950928p.407_p003.txt,4,Skibladner,Fredrikstad,"SEPTEMBER 28, 1895","75,150 hewn fir",J. Clark & Co.,23,9,1895,28,9,1895,False,"23 Skibladner-Fredrikstad-75,150 hewn fir-J. Clark & Co."
18950928p.407_p003.txt,13,Carolina,Hudikswall,"SEPTEMBER 28, 1895","73,084 pit props",,24,9,1895,28,9,1895,False,"24 Carolina-Hudikswall-73,084 pit props"
18950928p.407_p003.txt,19,Tuspan,"Munksund 400 lds. deals and battens, 21 lds. firewood",WEYMOUTH,Betts & Co.,,17,9,1895,28,9,1895,False,"Sept. 17 Tuspan-Munksund 400 lds. deals and battens, 21 lds. firewood-Betts & Co."
18950928p.407_p003.txt,21,Lugfa Rovis,"St. John, N.B.",WHITEHAVEN,"180 lds. deals, battens, and ends",J. & W. Jackson,23,9,1895,28,9,1895,False,"Sept. 23 Lugfa Rovis-St. John, N.B.-180 lds. deals, battens, and ends-J. & W. Jackson"
18950928p.407_p003.txt,23,Victoria,Skelleftea,WISBECH,"242 lds. deals, 160 lds. firewood",English Bros.,17,9,1895,28,9,1895,False,"Sept. 17 Victoria-Skelleftea-242 lds. deals, 160 lds. firewood-English Bros."
18950928p.407_p003.txt,25,Carlisle,Nederkalix,WISBECH,"1,328 lds. deals, battens, and boards",Ropkins & Co.,18,9,1895,28,9,1895,False,"18 Carlisle-Nederkalix-1,328 lds. deals, battens, and boards-Ropkins & Co."
18950928p.407_p003.txt,26,Bradley,Helsingfors,WISBECH,871 lds. battens and boards,English Bros.,20,9,1895,28,9,1895,True,20 Bradley -Helsingfors-871 lds. battens and boards-English Bros.
18950928p.407_p003.txt,30,Freia,Archangel,YARMOUTH,636 lds. deals and ends,J. & J. Colman,17,9,1895,28,9,1895,False,Sept. 17 Freia-Archangel-636 lds. deals and ends-J. & J. Colman
18950928p.407_p003.txt,31,Atlantic,Archangel,YARMOUTH,"749 lds. deals, battens, boards, and ends",J. Porter,19,9,1895,28,9,1895,False,"19 Atlantic-Archangel-749 lds. deals, battens, boards, and ends-J. Porter"
18950928p.407_p003.txt,32,Anna,Gothenburg,YARMOUTH,"234 lds. battens and boards, 20 lds. laths",A. & W. Cushing,20,9,1895,28,9,1895,False,"20 Anna-Gothenburg-234 lds. battens and boards, 20 lds. laths-A. & W. Cushing"
18950928p.407_p003.txt,33,Adele and Louise,Sundswall,YARMOUTH,651 lds. firewood,Jewson & Sons,21,9,1895,28,9,1895,False,21 Adele and Louise-Sundswall-651 lds. firewood-Jewson & Sons
18950928p.407_p003.txt,34,Petrus,Gothenburg,YARMOUTH,295 lds. fir boards,Orfeur & Bellin,23,9,1895,28,9,1895,False,23 Petrus-Gothenburg-295 lds. fir boards-Orfeur & Bellin
18950928p.407_p003.txt,37,City of Belfast,Rotterdam,BELFAST,"4 lds. staves, 6 lds. hoops",J. C. Pinkerton & Co.,17,9,1895,28,9,1895,False,"Sept. 17 City of Belfast-Rotterdam-4 lds. staves, 6 lds. hoops-J. C. Pinkerton & Co."
18950928p.407_p003.txt,39,Fulmar,Rotterdam,CORK,"4 lds. staves, 1,258 hoops",Cork Steamship Co.,17,9,1895,28,9,1895,False,"Sept. 17 Fulmar-Rotterdam-4 lds. staves, 1,258 hoops-Cork Steamship Co."
18950928p.407_p003.txt,41,Glint,Dalhousie,DUBLIN,"124 pcs. timber, 7,387 deals, 17,570 scantlings",Wm. Graham,20,9,1895,28,9,1895,False,"Sept. 20 Glint-Dalhousie-124 pcs. timber, 7,387 deals, 17,570 scantlings-Wm. Graham"
18950928p.407_p003.txt,42,Baron Holberg,Laurvig,DUBLIN,"68,495 boards and scantlings",Wm. Graham,23,9,1895,28,9,1895,False,"23 Baron Holberg-Laurvig-68,495 boards and scantlings-Wm. Graham"
18950928p.407_p003.txt,44,Waltikke,St. Thomas,DUBLIN,"29,558 deals, 1,568 ends",Locke & Woods,24,9,1895,28,9,1895,False,"24 Waltikke-St. Thomas-29,558 deals, 1,568 ends-Locke & Woods"
18950928p.407_p003.txt,46,Ario,Metis,GALWAY,"16,593 spruce deals, 10 pcs. birch, 2 pcs. oak, 2 pcs. elm, 1 pc. pine, 6 pcs. waney pine",T. McDonogh,18,9,1895,28,9,1895,False,"Sept. 18 Ario-Metis-16,593 spruce deals, 10 pcs. birch, 2 pcs. oak, 2 pcs. elm, 1 pc. pine, 6 pcs. waney pine-T. McDonogh"
18950928p.407_p003.txt,48,Anna,Dalhousie,LONDONDERRY,500 lds. sawn fir,S. Donnell & Co.,21,9,1895,28,9,1895,False,Sept. 21 Anna-Dalhousie-500 lds. sawn fir-S. Donnell & Co.
18950928p.407_p003.txt,49,Sofia B.,Miramichi,LONDONDERRY,"1,145 lds. sawn fir",Cooke,23,9,1895,28,9,1895,False,"23 Sofia B.-Miramichi-1,145 lds. sawn fir-Cooke"
18950928p.407_p003.txt,52,Llandaff City,New York,BRISTOL,17 poplar logs,J. Heaven & Sons,25,9,1895,28,9,1895,True,Sept. 25 Llandaff City -New York-17 poplar logs-J. Heaven & Sons
18950928p.407_p003.txt,55,Sagamore,Boston,ALEXANDRA DOCK,"15 crts. bobbins, 117 pcs. oak, 186 ash poles, 101 bds. maple",Sharp & Tylee,21,9,1895,28,9,1895,True,"Sept. 21 Sagamore -Boston-15 crts. bobbins, 117 pcs. oak, 186 ash poles, 101 bds. maple-Sharp & Tylee"
18950928p.407_p003.txt,56,Templemore,Baltimore,ALEXANDRA DOCK,"248 pcs. poplar, 17 walnut logs, 37 ash logs, 2 crts. cedar, 7 bdl. headings, 8,450 staves, 320 oak planks",Farnworth & Jardine,24,9,1895,28,9,1895,True,"24 Templemore -Baltimore-248 pcs. poplar, 17 walnut logs, 37 ash logs, 2 crts. cedar, 7 bdl. headings, 8,450 staves, 320 oak planks-Farnworth & Jardine; 146 oak planks-Potts & Redhead; 658 oak boards"
18950928p.407_p003.txt,56,Templemore,Baltimore,ALEXANDRA DOCK,146 oak planks,Potts & Redhead,24,9,1895,28,9,1895,True,"24 Templemore -Baltimore-248 pcs. poplar, 17 walnut logs, 37 ash logs, 2 crts. cedar, 7 bdl. headings, 8,450 staves, 320 oak planks-Farnworth & Jardine; 146 oak planks-Potts & Redhead; 658 oak boards"
18950928p.407_p003.txt,56,Templemore,Baltimore,ALEXANDRA DOCK,658 oak boards,,24,9,1895,28,9,1895,True,"24 Templemore -Baltimore-248 pcs. poplar, 17 walnut logs, 37 ash logs, 2 crts. cedar, 7 bdl. headings, 8,450 staves, 320 oak planks-Farnworth & Jardine; 146 oak planks-Potts & Redhead; 658 oak boards"
18950928p.407_p003.txt,61,Benin,W. C. Africa,COBURG DOCK,"1,035 billets ebony","African Association, Limited",20,9,1895,28,9,1895,True,"Sept. 20 Benin -W. C. Africa-1,035 billets ebony-African Association, Limited; 23 logs mahogany"
18950928p.407_p003.txt,61,Benin,W. C. Africa,COBURG DOCK,23 logs mahogany,,20,9,1895,28,9,1895,True,"Sept. 20 Benin -W. C. Africa-1,035 billets ebony-African Association, Limited; 23 logs mahogany"
18950928p.407_p003.txt,63,Queensmore,Baltimore,HORNBY DOCK,300 pcs. oak,R. Coltart & Co.,19,9,1895,28,9,1895,True,"Sept. 19 Queensmore -Baltimore-300 pcs. oak-R. Coltart & Co.; 209 w. oak planks-Farnworth & Jardine; 12 walnut logs-J. Nickels & Son; 493 pcs. oak, 750 oak planks"
18950928p.407_p003.txt,63,Queensmore,Baltimore,HORNBY DOCK,209 w. oak planks,Farnworth & Jardine,19,9,1895,28,9,1895,True,"Sept. 19 Queensmore -Baltimore-300 pcs. oak-R. Coltart & Co.; 209 w. oak planks-Farnworth & Jardine; 12 walnut logs-J. Nickels & Son; 493 pcs. oak, 750 oak planks"
18950928p.407_p003.txt,63,Queensmore,Baltimore,HORNBY DOCK,12 walnut logs,J. Nickels & Son,19,9,1895,28,9,1895,True,"Sept. 19 Queensmore -Baltimore-300 pcs. oak-R. Coltart & Co.; 209 w. oak planks-Farnworth & Jardine; 12 walnut logs-J. Nickels & Son; 493 pcs. oak, 750 oak planks"
18950928p.407_p003.txt,63,Queensmore,Baltimore,HORNBY DOCK,"493 pcs. oak, 750 oak planks",,19,9,1895,28,9,1895,True,"Sept. 19 Queensmore -Baltimore-300 pcs. oak-R. Coltart & Co.; 209 w. oak planks-Farnworth & Jardine; 12 walnut logs-J. Nickels & Son; 493 pcs. oak, 750 oak planks"
18950928p.407_p003.txt,64,Jamaican,New Orleans,HORNBY DOCK,"7,871 staves, 13 logs oak",Order,23,9,1895,28,9,1895,True,"23 Jamaican -New Orleans-7,871 staves, 13 logs oak-Order; 9,600 staves-E. Chaloner & Co.; 6,985 staves-R Coltart & Co."
18950928p.407_p003.txt,64,Jamaican,New Orleans,HORNBY DOCK,"9,600 staves",E. Chaloner & Co.,23,9,1895,28,9,1895,True,"23 Jamaican -New Orleans-7,871 staves, 13 logs oak-Order; 9,600 staves-E. Chaloner & Co.; 6,985 staves-R Coltart & Co."
18950928p.407_p003.txt,64,Jamaican,New Orleans,HORNBY DOCK,"6,985 staves",R Coltart & Co.,23,9,1895,28,9,1895,True,"23 Jamaican -New Orleans-7,871 staves, 13 logs oak-Order; 9,600 staves-E. Chaloner & Co.; 6,985 staves-R Coltart & Co."
18950928p.407_p003.txt,68,Yorkshire,Rangoon,TILBURY DOCK,"48 teak squares, 1,719 teak planks",,19,9,1895,28,9,1895,True,"Sept. 19 Yorkshire -Rangoon-48 teak squares, 1,719 teak planks"
18950928p.407_p003.txt,70,Langoe,Rangoon,WEST INDIA DOCKS,"5,560 teak squares, planks, &c., 534,400 teak keys",,23,9,1895,28,9,1895,True,"Sept. 23 Langoe -Rangoon-5,560 teak squares, planks, &c., 534,400 teak keys"
18950928p.407_p003.txt,72,Cayo Mono,New Orleans,OTHER DOCKS AND WHARVES,26 walnut logs,,20,9,1895,28,9,1895,True,"Sept 20 Cayo Mono -New Orleans-26 walnut logs; from Norfolk, Va.-286 oak planks"
18950928p.407_p003.txt,72,Cayo Mono,New Orleans,OTHER DOCKS AND WHARVES,"from Norfolk, Va.",286 oak planks,20,9,1895,28,9,1895,True,"Sept 20 Cayo Mono -New Orleans-26 walnut logs; from Norfolk, Va.-286 oak planks"
18951130p.719.txt,33,Luna,"Rafso—1,103 lds. sawn fir",ABERDEEN,G. Gordon & Co.,,21,11,1895,30,11,1895,False,"Nov. 21 Luna-Rafso—1,103 lds. sawn fir-G. Gordon & Co."
18951130p.719.txt,35,Frithiof,Gothenburg,ALLOA,420 lds. props,Kirkwood & Co.,19,11,1895,30,11,1895,False,Nov. 19 Frithiof-Gothenburg-420 lds. props-Kirkwood & Co.
18951130p.719.txt,36,Luther,Oscarshamn,ALLOA,210 lds. pitwood,Clackmannan Coal Co.,20,11,1895,30,11,1895,False,20 Luther - Oscarshamn - 210 lds. pitwood-Clackmannan Coal Co.
18951130p.719.txt,37,Zephyr,Halmstad,ALLOA,210 lds. pitwood,Rennie,22,11,1895,30,11,1895,False,22 Zephyr-Halmstad-210 lds. pitwood-Rennie
18951130p.719.txt,40,Syria,Skien,ALLOA,301 lds. pit props,"Reannie,Bryson",23,11,1895,30,11,1895,False,"23 Syria-Skien-301 lds. pit props-Reannie,Bryson"
18951130p.719.txt,44,Harmonie,Warberg,ALLOA,137 lds. pit props,Aitken & Borck,25,11,1895,30,11,1895,False,25 Harmonie-Warberg-137 lds. pit props-Aitken & Borck
18951130p.719.txt,52,Tore,Cronstadt,AYR,534 lds. deals,J. Paton,20,11,1895,30,11,1895,False,Nov. 20 Tore-Cronstadt-534 lds. deals-J. Paton
18951130p.719.txt,54,Heathbeg,Hommelvik,BANFF,"228 lds.staves, Lewis Miller & Co.",,21,11,1895,30,11,1895,True,"Nov. 21 Heathbeg -Hommelvik-228 lds.staves, Lewis Miller & Co."
18951130p.719.txt,56,Dresden,Konigsberg,BO'NESS,"725 lds. blocks, Kennedy & Co.",,19,11,1895,30,11,1895,False,"Nov. 19 Dresden-Konigsberg-725 lds. blocks, Kennedy & Co."
18951130p.719.txt,57,lds. half,sleepers,BO'NESS,J. Kennedy & Co.,,25,11,1895,30,11,1895,False,25 lds. half-sleepers-J. Kennedy & Co.
18951130p.719.txt,58,Confiance,Fredrikshald,BO'NESS,270 lds. props,Love,20,11,1895,30,11,1895,False,20 Confiance-Fredrikshald-270 lds. props-Love
18951130p.719.txt,59,Therese Horn,Windau,BO'NESS,600 lds. pitwood,J. Denholm & Co.,22,11,1895,30,11,1895,False,22 Therese Horn-Windau-600 lds. pitwood-J. Denholm & Co.
18951130p.719.txt,62,Belona Riga,238 lds. pitwood,BO'NESS,J. Denholm,,23,11,1895,30,11,1895,False,23 Belona Riga-238 lds. pitwood-J. Denholm
18951130p.719.txt,64,Marstal,Moss,BO'NESS,142 lds. pit props,Denholm,25,11,1895,30,11,1895,False,25 Marstal-Moss-142 lds. pit props-Denholm
18951130p.719.txt,67,Garnet,Cronstadt,DUNDEE,240 lds. battens,P. M. Duncan & Son,21,11,1895,30,11,1895,False,Nov. 21 Garnet-Cronstadt-240 lds. battens-P. M. Duncan & Son
18951130p.719.txt,68,Georg Nicolaus,Rafso,DUNDEE,508 lds. battens,J. Donaldson & Sons,23,11,1895,30,11,1895,False,23 Georg Nicolaus-Rafso-508 lds. battens-J. Donaldson & Sons
18951130p.719.txt,69,Manifest,Wyborg,DUNDEE,165 lds. sawn birch,Hiven,25,11,1895,30,11,1895,False,25 Manifest-Wyborg-165 lds. sawn birch-Hiven
18951130p.719.txt,71,Sarmatian,Montreal,GLASGOW,"797 deals, Wright, Graham, & Co.",,18,11,1895,30,11,1895,True,"Nov. 18 Sarmatian -Montreal-797 deals, Wright, Graham, & Co.; 2,983 deals-Single-ton, Dunn, & Co."
18951130p.719.txt,71,Sarmatian,Montreal,GLASGOW,"2,983 deals","Single-ton, Dunn, & Co.",18,11,1895,30,11,1895,True,"Nov. 18 Sarmatian -Montreal-797 deals, Wright, Graham, & Co.; 2,983 deals-Single-ton, Dunn, & Co."
18951130p.719.txt,72,Nelly Moody,Miramichi,GLASGOW,"2,176 deals","Edmiston and ends-Robinson, Dunn, & Co.",20,11,1895,30,11,1895,False,"20 Nelly Moody-Miramichi-2,176 deals-Edmiston and ends-Robinson, Dunn, & Co."
18951130p.719.txt,73,Carthaginian,Philadelphia,GLASGOW,"4,825 staves",Edmiston & Mitchells,23,11,1895,30,11,1895,True,"23 Carthaginian -Philadelphia-4,825 staves-Edmiston & Mitchells"
18951130p.719.txt,75,Blakemore,"Bathurst, N.B.",GLASGOW,"16,111 spruce deals and ends","Allison, Coulsie, Stewart, & Marshall",25,11,1895,30,11,1895,True,"25 Blakemore -Bathurst, N.B.-16,111 spruce deals and ends-Allison, Coulsie, Stewart, & Marshall; 23,490 pine deals and ends-J. S. Dunn & Co."
18951130p.719.txt,75,Blakemore,"Bathurst, N.B.",GLASGOW,"23,490 pine deals and ends",J. S. Dunn & Co.,25,11,1895,30,11,1895,True,"25 Blakemore -Bathurst, N.B.-16,111 spruce deals and ends-Allison, Coulsie, Stewart, & Marshall; 23,490 pine deals and ends-J. S. Dunn & Co."
18951130p.719.txt,78,Alexander,Riga,GRANGEMOUTH,"1,142 pcs. timber, 19 fms. firewood",P. & J. Wilkie,21,11,1895,30,11,1895,False,"Nov. 21 Alexander-Riga-1,142 pcs. timber, 19 fms. firewood-P. & J. Wilkie"
18951130p.719.txt,82,Grua,Cronstadt,GRANGEMOUTH,"18,631 deals and battens","Robinson, Dunn, & Co.",22,11,1895,30,11,1895,False,"22 Grua-Cronstadt-18,631 deals and battens-Robinson, Dunn, & Co."
18951130p.719.txt,88,Ulleswater,Skutskar,MONTROSE,"935 lds. deals, battens, and boards",R. Millar & Sons,25,11,1895,30,11,1895,True,"Nov. 25 Ulleswater -Skutskar-935 lds. deals, battens, and boards-R. Millar & Sons"
18951130p.719.txt,91,Tre Bronn,Sundswall,PETERHEAD,"120 lds. staves, 105 lds. battens",Schultze & Co.,21,11,1895,30,11,1895,False,"Nov. 21 Tre Bronn-Sundswall-120 lds. staves, 105 lds. battens-Schultze & Co."
18951130p.719.txt,92,Gorm,Helsingfors,PETERHEAD,134 lds. staves,T. D. Will,23,11,1895,30,11,1895,False,23 Gorm-Helsingfors-134 lds. staves-T. D. Will
18951130p.719.txt,94,St. Fergus,Helsingfors,WICK,375 lds. birch staves,Bremner,23,11,1895,30,11,1895,True,23 St. Fergus -Helsingfors-375 lds. birch staves-Bremner
18951207p.745_p003.txt,9,Apollo,Christiansand,"WEB SAWS,",388 lds. sawn fir,Winter & Son,28,12,1895,7,12,1895,False,ov. 28 Apollo-Christiansand-388 lds. sawn fir -Winter & Son
18951207p.745_p003.txt,12,Patria,Hernosand,SCARBOROUGH,364 lds. sawn fir,Wilkinson & Brown,28,12,1895,7,12,1895,False,ov. 28 Patria-Hernosand-364 lds. sawn fir-Wilkinson & Brown
18951207p.745_p003.txt,13,Anette,Skien,SCARBOROUGH,"188 lds. firewood, 72 lds. deals and battens",Wilkinson,2,12,1895,7,12,1895,False,"ec. 2 Anette-Skien-188 lds. firewood, 72 lds. deals and battens-Wilkinson"
18951207p.745_p003.txt,15,Livadia,Riga,SOUTHAMPTON,"408 lds. laths, 35 lds. sawn fir",Driver & Co.,26,12,1895,7,12,1895,False,"ov. 26 Livadia-Riga-408 lds. laths, 35 lds. sawn fir-Driver & Co."
18951207p.745_p003.txt,23,Cairndha,Stettin,SUNDERLAND,750 lds. pit props,H. M. Moller,27,12,1895,7,12,1895,False,v. 27 Cairndha-Stettin-750 lds. pit props-H. M. Moller
18951207p.745_p003.txt,26,Rhea,Stettin,SUNDERLAND,375 lds. hewn oak,M. Gibbon,2,12,1895,7,12,1895,False,c. 2 Rhea-Stettin-375 lds. hewn oak-M. Gibbon
18951207p.745_p003.txt,32,Basse Indre,Arcachon,SWANSEA,150 lds. pitwood,A. Capelle,2,12,1895,7,12,1895,False,c. 2 Basse Indre-Arcachon-150 lds. pitwood-A. Capelle
18951207p.745_p003.txt,36,Esmeralda,Fredrikstad,TYNE,"53,070 flooring boards",,27,12,1895,7,12,1895,False,"v. 27 Esmeralda-Fredrikstad-53,070 flooring boards"
18951207p.745_p003.txt,39,Sibeno,Riga,TYNE,"8,190 deals, &c.",Robson,2,12,1895,7,12,1895,False,"c. 2 Sibeno-Riga-8,190 deals, &c.-Robson"
18951207p.745_p003.txt,50,Garam,Riga,WISBECH,"134 lds. hewn fir, 252 lds. sawn fir, 21 lds. lathwood",English Bros.,26,12,1895,7,12,1895,False,"v. 26 Garam-Riga-134 lds. hewn fir, 252 lds. sawn fir, 21 lds. lathwood-English Bros."
18951207p.745_p003.txt,52,Ingrid,Westervik,YARMOUTH,"343 lds. deals, battens, and boards",T. Saul & Son,29,12,1895,7,12,1895,False,"ov. 29 Ingrid-Westervik-343 lds. deals, battens, and boards-T. Saul & Son"
18951207p.745_p003.txt,53,Cathrine,Westervik,YARMOUTH,181 lds. deals,"Palgrave, Brown, & Co.",2,12,1895,7,12,1895,False,"ec. 2 Cathrine-Westervik-181 lds. deals-Palgrave, Brown, & Co."
18951207p.745_p003.txt,57,City of Hamburg,Rotterdam,BELFAST,4 lds. hoops J. C. Pinkerton & Co.,,27,12,1895,7,12,1895,False,ov. 27 City of Hamburg-Rotterdam-4 lds. hoops J. C. Pinkerton & Co.
18951207p.745_p003.txt,59,Dunmore Head,Quebec,DUBLIN,"6,174 deals","Brooks, Thomas, & Co.",29,12,1895,7,12,1895,False,"ov. 29 Dunmore Head-Quebec-6,174 deals-Brooks, Thomas, & Co. ; 39,454 deals"
18951207p.745_p003.txt,59,Dunmore Head,Quebec,DUBLIN,"39,454 deals",,29,12,1895,7,12,1895,False,"ov. 29 Dunmore Head-Quebec-6,174 deals-Brooks, Thomas, & Co. ; 39,454 deals"
18951207p.745_p003.txt,60,Ellen Grant,Fredrikstad,DUBLIN,"89,320 boards, 4,600 battens",H. Martin & Co.,2,12,1895,7,12,1895,False,"ec. 2 Ellen Grant-Fredrikstad-89,320 boards, 4,600 battens-H. Martin & Co."
18951207p.745_p003.txt,62,Cromartyshire,"Portland, Or.",LIMERICK,30 lds. sawn fir,J H Roche,30,12,1895,7,12,1895,False,"ov. 30 Cromartyshire-Portland, Or.-30 lds. sawn fir-J H Roche"
18951207p.745_p003.txt,66,Sagamore,Boston,ALEXANDRA DOCK,"11,732 staves",Farnworth & Jardine,30,12,1895,7,12,1895,True,"ov. 30 Sagamore -Boston-11,732 staves-Farnworth & Jardine ; 1,353 pcs. oak-A. Dobell & Co. ; 2,710 pcs. walnut-Duncan"
18951207p.745_p003.txt,66,Sagamore,Boston,ALEXANDRA DOCK,"1,353 pcs. oak",A. Dobell & Co.,30,12,1895,7,12,1895,True,"ov. 30 Sagamore -Boston-11,732 staves-Farnworth & Jardine ; 1,353 pcs. oak-A. Dobell & Co. ; 2,710 pcs. walnut-Duncan"
18951207p.745_p003.txt,66,Sagamore,Boston,ALEXANDRA DOCK,"2,710 pcs. walnut",Duncan,30,12,1895,7,12,1895,True,"ov. 30 Sagamore -Boston-11,732 staves-Farnworth & Jardine ; 1,353 pcs. oak-A. Dobell & Co. ; 2,710 pcs. walnut-Duncan"
18951207p.745_p003.txt,73,Templemore,Baltimore,"ADELAIDE WORKS, SHEFFIELD","65 walnut logs, 111 pcs. oak",R. Coltart & Co.,2,12,1895,7,12,1895,True,"Dec. 2 Templemore -Baltimore-65 walnut logs, 111 pcs. oak-R. Coltart & Co. ; 76 walnut logs-Farnworth & Jardine ; 27 walnut logs-E. Chaloner & Co. ; 1,158 pcs. oak-Goshen Lumber Co. ; 70 oak planks, 448 walnut boards, 24 hickory logs, 373 oak planks, 1,093 bdls. squares, 1,165 oak planks, 1,679 pcs. poplar, 100 bdls. hickory logs, 29 pcs. poplar, 201 oak planks"
18951207p.745_p003.txt,73,Templemore,Baltimore,"ADELAIDE WORKS, SHEFFIELD",76 walnut logs,Farnworth & Jardine,2,12,1895,7,12,1895,True,"Dec. 2 Templemore -Baltimore-65 walnut logs, 111 pcs. oak-R. Coltart & Co. ; 76 walnut logs-Farnworth & Jardine ; 27 walnut logs-E. Chaloner & Co. ; 1,158 pcs. oak-Goshen Lumber Co. ; 70 oak planks, 448 walnut boards, 24 hickory logs, 373 oak planks, 1,093 bdls. squares, 1,165 oak planks, 1,679 pcs. poplar, 100 bdls. hickory logs, 29 pcs. poplar, 201 oak planks"
18951207p.745_p003.txt,73,Templemore,Baltimore,"ADELAIDE WORKS, SHEFFIELD",27 walnut logs,E. Chaloner & Co.,2,12,1895,7,12,1895,True,"Dec. 2 Templemore -Baltimore-65 walnut logs, 111 pcs. oak-R. Coltart & Co. ; 76 walnut logs-Farnworth & Jardine ; 27 walnut logs-E. Chaloner & Co. ; 1,158 pcs. oak-Goshen Lumber Co. ; 70 oak planks, 448 walnut boards, 24 hickory logs, 373 oak planks, 1,093 bdls. squares, 1,165 oak planks, 1,679 pcs. poplar, 100 bdls. hickory logs, 29 pcs. poplar, 201 oak planks"
18951207p.745_p003.txt,73,Templemore,Baltimore,"ADELAIDE WORKS, SHEFFIELD","1,158 pcs. oak",Goshen Lumber Co.,2,12,1895,7,12,1895,True,"Dec. 2 Templemore -Baltimore-65 walnut logs, 111 pcs. oak-R. Coltart & Co. ; 76 walnut logs-Farnworth & Jardine ; 27 walnut logs-E. Chaloner & Co. ; 1,158 pcs. oak-Goshen Lumber Co. ; 70 oak planks, 448 walnut boards, 24 hickory logs, 373 oak planks, 1,093 bdls. squares, 1,165 oak planks, 1,679 pcs. poplar, 100 bdls. hickory logs, 29 pcs. poplar, 201 oak planks"
18951207p.745_p003.txt,73,Templemore,Baltimore,"ADELAIDE WORKS, SHEFFIELD","70 oak planks, 448 walnut boards, 24 hickory logs, 373 oak planks, 1,093 bdls. squares, 1,165 oak planks, 1,679 pcs. poplar, 100 bdls. hickory logs, 29 pcs. poplar, 201 oak planks",,2,12,1895,7,12,1895,True,"Dec. 2 Templemore -Baltimore-65 walnut logs, 111 pcs. oak-R. Coltart & Co. ; 76 walnut logs-Farnworth & Jardine ; 27 walnut logs-E. Chaloner & Co. ; 1,158 pcs. oak-Goshen Lumber Co. ; 70 oak planks, 448 walnut boards, 24 hickory logs, 373 oak planks, 1,093 bdls. squares, 1,165 oak planks, 1,679 pcs. poplar, 100 bdls. hickory logs, 29 pcs. poplar, 201 oak planks"
18951207p.745_p003.txt,75,Tenasserim,Belize,CARRIERS' DOCK,"426 logs, 4 curls, 83 ends mahogany, 13 logs, 1 curl cedar",P. Leckie,2,12,1895,7,12,1895,True,"Dec. 2 Tenasserim -Belize-426 logs, 4 curls, 83 ends mahogany, 13 logs, 1 curl cedar-P. Leckie"
18951207p.745_p003.txt,77,Teneriffe,South West Africa,COBURG DOCK,from Gaboon,"1,213 billets ebony-Hallon & Cookson",3,12,1895,7,12,1895,True,"Dec. 3 Teneriffe -South West Africa-from Gaboon-1,213 billets ebony-Hallon & Cookson ; from Axim-24 logs mahogany-Various consignees"
18951207p.745_p003.txt,77,Teneriffe,South West Africa,COBURG DOCK,from Axim,24 logs mahogany-Various consignees,3,12,1895,7,12,1895,True,"Dec. 3 Teneriffe -South West Africa-from Gaboon-1,213 billets ebony-Hallon & Cookson ; from Axim-24 logs mahogany-Various consignees"
18951207p.745_p003.txt,79,Inventor,New Orleans,HARRINGTON DOCK,1 car ld. oak,J. Kennedy & Co.,4,12,1895,7,12,1895,True,"Dec. 4 Inventor -New Orleans-1 car ld. oak-J. Kennedy & Co. ; 3,042 pcs. oak, 1 car. ld. poplar ; 612 Canada butts-Drysdale Bros. ; 6,032 staves-E. Alcott"
18951207p.745_p003.txt,79,Inventor,New Orleans,HARRINGTON DOCK,"3,042 pcs. oak, 1 car. ld. poplar",,4,12,1895,7,12,1895,True,"Dec. 4 Inventor -New Orleans-1 car ld. oak-J. Kennedy & Co. ; 3,042 pcs. oak, 1 car. ld. poplar ; 612 Canada butts-Drysdale Bros. ; 6,032 staves-E. Alcott"
18951207p.745_p003.txt,79,Inventor,New Orleans,HARRINGTON DOCK,612 Canada butts,Drysdale Bros.,4,12,1895,7,12,1895,True,"Dec. 4 Inventor -New Orleans-1 car ld. oak-J. Kennedy & Co. ; 3,042 pcs. oak, 1 car. ld. poplar ; 612 Canada butts-Drysdale Bros. ; 6,032 staves-E. Alcott"
18951207p.745_p003.txt,79,Inventor,New Orleans,HARRINGTON DOCK,"6,032 staves",E. Alcott,4,12,1895,7,12,1895,True,"Dec. 4 Inventor -New Orleans-1 car ld. oak-J. Kennedy & Co. ; 3,042 pcs. oak, 1 car. ld. poplar ; 612 Canada butts-Drysdale Bros. ; 6,032 staves-E. Alcott"
18951207p.745_p003.txt,81,Queensmore,Baltimore,HUSKISSON DOCK,"611 poplar boards, 3,417 pcs. oak","Illingworth, Ingham, & Co.",29,11,1895,7,12,1895,True,"Nov. 29 Queensmore -Baltimore-611 poplar boards, 3,417 pcs. oak-Illingworth, Ingham, & Co. ; 9 poplar logs, 361 bdls. shooks-Ewing, & Co ; 42 walnut logs, 555 pcs. oak-Farnworth & Jardine ; 1,176 pcs. walnut-Goshen Lumber Co ; 2,955 poplar boards, 12 pcs. oak, 1,587 pcs. walnut, 925 pcs. poplar, 1,133 planks, 145 oak planks"
18951207p.745_p003.txt,81,Queensmore,Baltimore,HUSKISSON DOCK,"9 poplar logs, 361 bdls. shooks","Ewing, & Co",29,11,1895,7,12,1895,True,"Nov. 29 Queensmore -Baltimore-611 poplar boards, 3,417 pcs. oak-Illingworth, Ingham, & Co. ; 9 poplar logs, 361 bdls. shooks-Ewing, & Co ; 42 walnut logs, 555 pcs. oak-Farnworth & Jardine ; 1,176 pcs. walnut-Goshen Lumber Co ; 2,955 poplar boards, 12 pcs. oak, 1,587 pcs. walnut, 925 pcs. poplar, 1,133 planks, 145 oak planks"
18951207p.745_p003.txt,81,Queensmore,Baltimore,HUSKISSON DOCK,"42 walnut logs, 555 pcs. oak",Farnworth & Jardine,29,11,1895,7,12,1895,True,"Nov. 29 Queensmore -Baltimore-611 poplar boards, 3,417 pcs. oak-Illingworth, Ingham, & Co. ; 9 poplar logs, 361 bdls. shooks-Ewing, & Co ; 42 walnut logs, 555 pcs. oak-Farnworth & Jardine ; 1,176 pcs. walnut-Goshen Lumber Co ; 2,955 poplar boards, 12 pcs. oak, 1,587 pcs. walnut, 925 pcs. poplar, 1,133 planks, 145 oak planks"
18951207p.745_p003.txt,81,Queensmore,Baltimore,HUSKISSON DOCK,"1,176 pcs. walnut",Goshen Lumber Co,29,11,1895,7,12,1895,True,"Nov. 29 Queensmore -Baltimore-611 poplar boards, 3,417 pcs. oak-Illingworth, Ingham, & Co. ; 9 poplar logs, 361 bdls. shooks-Ewing, & Co ; 42 walnut logs, 555 pcs. oak-Farnworth & Jardine ; 1,176 pcs. walnut-Goshen Lumber Co ; 2,955 poplar boards, 12 pcs. oak, 1,587 pcs. walnut, 925 pcs. poplar, 1,133 planks, 145 oak planks"
18951207p.745_p003.txt,81,Queensmore,Baltimore,HUSKISSON DOCK,"2,955 poplar boards, 12 pcs. oak, 1,587 pcs. walnut, 925 pcs. poplar, 1,133 planks, 145 oak planks",,29,11,1895,7,12,1895,True,"Nov. 29 Queensmore -Baltimore-611 poplar boards, 3,417 pcs. oak-Illingworth, Ingham, & Co. ; 9 poplar logs, 361 bdls. shooks-Ewing, & Co ; 42 walnut logs, 555 pcs. oak-Farnworth & Jardine ; 1,176 pcs. walnut-Goshen Lumber Co ; 2,955 poplar boards, 12 pcs. oak, 1,587 pcs. walnut, 925 pcs. poplar, 1,133 planks, 145 oak planks"
18951207p.745_p003.txt,83,Lancashire,Rangoon,TOXTETH DOCK,"2,500 teak blocks",,2,12,1895,7,12,1895,True,"Dec. 2 Lancashire -Rangoon-2,500 teak blocks"
18951207p.745_p003.txt,85,Roman,Boston,OTHER DOCKS AND WHARVES,"1,046 pcs. oak",A. Dobell & Co.,4,12,1895,7,12,1895,True,"Dec. 4 Roman -Boston-1,046 pcs. oak-A. Dobell & Co. ; 3,688 staves-Farnworth"
18951207p.745_p003.txt,85,Roman,Boston,OTHER DOCKS AND WHARVES,"3,688 staves",Farnworth,4,12,1895,7,12,1895,True,"Dec. 4 Roman -Boston-1,046 pcs. oak-A. Dobell & Co. ; 3,688 staves-Farnworth"
18951207p.745_p003.txt,88,Leif,Danzig,SURREY COMMERCIAL DOCKS,"1,776 oak logs",,29,11,1895,7,12,1895,True,"Nov. 29 Leif -Danzig-1,776 oak logs"
18951207p.745_p003.txt,89,Emily Rickmers,Danzig,SURREY COMMERCIAL DOCKS,"1,776 oak logs",Rickert & Sim,3,12,1895,7,12,1895,True,"Dec. 3 Emily Rickmers -Danzig-1,776 oak logs-Rickert & Sim ; 310 crossings ; from Memel-5,224 staves"
18951207p.745_p003.txt,89,Emily Rickmers,Danzig,SURREY COMMERCIAL DOCKS,310 crossings,,3,12,1895,7,12,1895,True,"Dec. 3 Emily Rickmers -Danzig-1,776 oak logs-Rickert & Sim ; 310 crossings ; from Memel-5,224 staves"
18951207p.745_p003.txt,89,Emily Rickmers,Danzig,SURREY COMMERCIAL DOCKS,from Memel,"5,224 staves",3,12,1895,7,12,1895,True,"Dec. 3 Emily Rickmers -Danzig-1,776 oak logs-Rickert & Sim ; 310 crossings ; from Memel-5,224 staves"
18951207p.745_p003.txt,91,Sarpas,Bangkok,WEST INDIA DOCK,784 pcs. teak,,4,12,1895,7,12,1895,True,Dec. 4 Sarpas -Bangkok-784 pcs. teak
18951207p.745_p003.txt,92,Belize,Belize,WEST INDIA DOCK,"180 pcs. mahogany, 3 pcs. cedar","Gonzalez, Byass & Co.",3,12,1895,7,12,1895,True,"Dec. 3 Belize -Belize-180 pcs. mahogany, 3 pcs. cedar-Gonzalez, Byass & Co."
18951221p.804_p002.txt,57,Gabunatar,Riga,TYNE,"8,468 deals, &c.",,16,12,1895,21,12,1895,False,"16 Gabunatar - Riga - 8,468 deals, &c."
18970102p.23_p002.txt,9,Caroline August,Halmstad,ALLOA,191 lds. props,Love & Stewart,16,12,1897,2,1,1897,False,Dec. 16 Caroline August-Halmstad-191 lds. props-Love & Stewart
18970102p.23_p002.txt,10,Hekla,Halmstad,ALLOA,195 lds. props,Kirkwood & Co,18,12,1897,2,1,1897,False,18 Hekla-Halmstad-195 lds. props-Kirkwood & Co
18970102p.23_p002.txt,11,Elin,Gothenburg,ALLOA,591 lds. props,"Rennie, Bryson, & Co.",18,12,1897,2,1,1897,False,"18 Elin-Gothenburg-591 lds. props-Rennie, Bryson, & Co."
18970102p.23_p002.txt,12,Agathe,Memel,ALLOA,495 lds. oak staves,Pearson & Co,23,12,1897,2,1,1897,False,23 Agathe-Memel-495 lds. oak staves-Pearson & Co
18970102p.23_p002.txt,13,Latona,Laurvig,ALLOA,156 lds. hewn fir,Kirkwood & Co,23,12,1897,2,1,1897,False,23 Latona-Laurvig-156 lds. hewn fir-Kirkwood & Co
18970102p.23_p002.txt,15,Capella,Fredrikshald,BO'NESS,170 lds. props,Love & Stewart,15,12,1897,2,1,1897,False,Dec. 15 Capella-Fredrikshald-170 lds. props-Love & Stewart
18970102p.23_p002.txt,16,Annona (?),Halmstad,BO'NESS,430 lds. props,J. Denholm & Co,16,12,1897,2,1,1897,False,16 Annona (?)-Halmstad-430 lds. props-J. Denholm & Co
18970102p.23_p002.txt,17,Gustaf Adolf,Oscarshamn,BO'NESS,365 lds. props,Love & Stewart,18,12,1897,2,1,1897,False,18 Gustaf Adolf-Oscarshamn-365 lds. props-Love & Stewart
18970102p.23_p002.txt,18,Moja,Oscarshamn,BO'NESS,390 lds. props,Stevenson & Stewart,19,12,1897,2,1,1897,False,19 Moja-Oscarshamn-390 lds. props-Stevenson & Stewart
18970102p.23_p002.txt,19,Hilda,Drammen,BO'NESS,345 lds. props,Stevenson & Co,22,12,1897,2,1,1897,False,22 Hilda-Drammen-345 lds. props-Stevenson & Co
18970102p.23_p002.txt,20,Seagull,Drammen,BO'NESS,366 lds. props,Stevenson & Co,22,12,1897,2,1,1897,False,22 Seagull-Drammen-366 lds. props-Stevenson & Co
18970102p.23_p002.txt,21,Solve,Warberg,BO'NESS,429 lds. pitwood,Denholm & Co,28,12,1897,2,1,1897,False,28 Solve-Warberg-429 lds. pitwood-Denholm & Co
18970102p.23_p002.txt,23,Ennismore,Riga,DUNDEE,266 lds. lathwood,Order,16,12,1897,2,1,1897,False,Dec. 16 Ennismore-Riga-266 lds. lathwood-Order
18970102p.23_p002.txt,24,Diamond,Riga,DUNDEE,14 lds. battens,,23,12,1897,2,1,1897,False,23 Diamond-Riga-14 lds. battens
18970102p.23_p002.txt,25,Calabria,Riga,DUNDEE,43 lds. lathwood and 43 lds. lathwood,A. B. Buist,24,12,1897,2,1,1897,True,24 Calabria -Riga-43 lds. lathwood and 43 lds. lathwood-A. B. Buist
18970102p.23_p002.txt,27,Narova,Bordeaux,FRASERBURGH,762 lds. split hoops,G. Stephen & Co.,25,12,1897,2,1,1897,True,Dec. 25 Narova -Bordeaux-762 lds. split hoops-G. Stephen & Co.
18970102p.23_p002.txt,29,Concordia,"St. John, N.B.",GLASGOW,"28,832 logs birch, 12,935 deals, 1,483 deal ends","Allison, Cousland, & Co.",21,12,1897,2,1,1897,False,"Dec. 21 Concordia-St. John, N.B.-28,832 logs birch, 12,935 deals, 1,483 deal ends -Allison, Cousland, & Co.; 1,276 deals-Bryce, Junor, & White; 2,000 deals-T. B. Fotheringham."
18970102p.23_p002.txt,29,Concordia,"St. John, N.B.",GLASGOW,"1,276 deals","Bryce, Junor, & White",21,12,1897,2,1,1897,False,"Dec. 21 Concordia-St. John, N.B.-28,832 logs birch, 12,935 deals, 1,483 deal ends -Allison, Cousland, & Co.; 1,276 deals-Bryce, Junor, & White; 2,000 deals-T. B. Fotheringham."
18970102p.23_p002.txt,29,Concordia,"St. John, N.B.",GLASGOW,"2,000 deals",T. B. Fotheringham.,21,12,1897,2,1,1897,False,"Dec. 21 Concordia-St. John, N.B.-28,832 logs birch, 12,935 deals, 1,483 deal ends -Allison, Cousland, & Co.; 1,276 deals-Bryce, Junor, & White; 2,000 deals-T. B. Fotheringham."
18970102p.23_p002.txt,30,Siberian,New York,GLASGOW,"4,470 pcs. 1 in. x 12 in. 1,734 pcs. lumber.",,23,12,1897,2,1,1897,False,"23 Siberian-New York-4,470 pcs. 1 in. x 12 in. 1,734 pcs. lumber."
18970102p.23_p002.txt,31,State of California,New York,GLASGOW,"606 pcs. kesy, 2,258 barrel staves, 1,367 pcs. oak lumber, 14 cs. woodware.",,24,12,1897,2,1,1897,False,"24 State of California-New York-606 pcs. kesy, 2,258 barrel staves, 1,367 pcs. oak lumber, 14 cs. woodware."
18970102p.23_p002.txt,32,Austrian,Boston,GLASGOW,50 logs,Edmiston & Mitchells,26,12,1897,2,1,1897,False,"26 Austrian - Boston-50 logs - Edmiston & Mitchells; 10,844 pcs. lumber; 2,000 staves"
18970102p.23_p002.txt,32,Austrian,Boston,GLASGOW,"10,844 pcs. lumber",,26,12,1897,2,1,1897,False,"26 Austrian - Boston-50 logs - Edmiston & Mitchells; 10,844 pcs. lumber; 2,000 staves"
18970102p.23_p002.txt,32,Austrian,Boston,GLASGOW,"2,000 staves",,26,12,1897,2,1,1897,False,"26 Austrian - Boston-50 logs - Edmiston & Mitchells; 10,844 pcs. lumber; 2,000 staves"
18970102p.23_p002.txt,33,Inchdune,Baltimore,GLASGOW,"727 pcs oak, 9 logs, 1,034 pcs. poplar, 36 logs hickory","Wright, Graham, & Co.",28,12,1897,2,1,1897,False,"28 Inchdune-Baltimore-727 pcs oak, 9 logs, 1,034 pcs. poplar, 36 logs hickory-Wright, Graham, & Co.; 115 pcs. oak, 6 logs hickory-R. Burleigh & Sons; 600 pcs. oak, 24 logs poplar-Edmiston & Mitchells; 224 pcs., 22 logs oak, 77 bdls. poplar-Cant & Kemp; 121 pcs. oak-Allison, Cousland, & Co.; 6,500 staves-Singleton, Dunn, & Co."
18970102p.23_p002.txt,33,Inchdune,Baltimore,GLASGOW,"115 pcs. oak, 6 logs hickory",R. Burleigh & Sons,28,12,1897,2,1,1897,False,"28 Inchdune-Baltimore-727 pcs oak, 9 logs, 1,034 pcs. poplar, 36 logs hickory-Wright, Graham, & Co.; 115 pcs. oak, 6 logs hickory-R. Burleigh & Sons; 600 pcs. oak, 24 logs poplar-Edmiston & Mitchells; 224 pcs., 22 logs oak, 77 bdls. poplar-Cant & Kemp; 121 pcs. oak-Allison, Cousland, & Co.; 6,500 staves-Singleton, Dunn, & Co."
18970102p.23_p002.txt,33,Inchdune,Baltimore,GLASGOW,"600 pcs. oak, 24 logs poplar",Edmiston & Mitchells,28,12,1897,2,1,1897,False,"28 Inchdune-Baltimore-727 pcs oak, 9 logs, 1,034 pcs. poplar, 36 logs hickory-Wright, Graham, & Co.; 115 pcs. oak, 6 logs hickory-R. Burleigh & Sons; 600 pcs. oak, 24 logs poplar-Edmiston & Mitchells; 224 pcs., 22 logs oak, 77 bdls. poplar-Cant & Kemp; 121 pcs. oak-Allison, Cousland, & Co.; 6,500 staves-Singleton, Dunn, & Co."
18970102p.23_p002.txt,33,Inchdune,Baltimore,GLASGOW,"224 pcs., 22 logs oak, 77 bdls. poplar",Cant & Kemp,28,12,1897,2,1,1897,False,"28 Inchdune-Baltimore-727 pcs oak, 9 logs, 1,034 pcs. poplar, 36 logs hickory-Wright, Graham, & Co.; 115 pcs. oak, 6 logs hickory-R. Burleigh & Sons; 600 pcs. oak, 24 logs poplar-Edmiston & Mitchells; 224 pcs., 22 logs oak, 77 bdls. poplar-Cant & Kemp; 121 pcs. oak-Allison, Cousland, & Co.; 6,500 staves-Singleton, Dunn, & Co."
18970102p.23_p002.txt,33,Inchdune,Baltimore,GLASGOW,121 pcs. oak,"Allison, Cousland, & Co.",28,12,1897,2,1,1897,False,"28 Inchdune-Baltimore-727 pcs oak, 9 logs, 1,034 pcs. poplar, 36 logs hickory-Wright, Graham, & Co.; 115 pcs. oak, 6 logs hickory-R. Burleigh & Sons; 600 pcs. oak, 24 logs poplar-Edmiston & Mitchells; 224 pcs., 22 logs oak, 77 bdls. poplar-Cant & Kemp; 121 pcs. oak-Allison, Cousland, & Co.; 6,500 staves-Singleton, Dunn, & Co."
18970102p.23_p002.txt,33,Inchdune,Baltimore,GLASGOW,"6,500 staves","Singleton, Dunn, & Co.",28,12,1897,2,1,1897,False,"28 Inchdune-Baltimore-727 pcs oak, 9 logs, 1,034 pcs. poplar, 36 logs hickory-Wright, Graham, & Co.; 115 pcs. oak, 6 logs hickory-R. Burleigh & Sons; 600 pcs. oak, 24 logs poplar-Edmiston & Mitchells; 224 pcs., 22 logs oak, 77 bdls. poplar-Cant & Kemp; 121 pcs. oak-Allison, Cousland, & Co.; 6,500 staves-Singleton, Dunn, & Co."
18970102p.23_p002.txt,34,Prussian,Boston,GLASGOW,50 logs mahogany,Edmiston & Mitchells,28,12,1897,2,1,1897,True,"28 Prussian -Boston-50 logs mahogany-Edmiston & Mitchells; 2,000 hhd. staves-T. Kerr & Co."
18970102p.23_p002.txt,34,Prussian,Boston,GLASGOW,"2,000 hhd. staves",T. Kerr & Co.,28,12,1897,2,1,1897,True,"28 Prussian -Boston-50 logs mahogany-Edmiston & Mitchells; 2,000 hhd. staves-T. Kerr & Co."
18970102p.23_p002.txt,36,Glasgow,Rotterdam,GRANGEMOUTH,1 cs. woodware,45 pkgs. staves and bottoms-J. T. Rankine & Son,21,12,1897,2,1,1897,False,Dec. 21 Glasgow-Rotterdam-1 cs. woodware -45 pkgs. staves and bottoms-J. T. Rankine & Son
18970102p.23_p002.txt,38,Albert Edward,Gothenburg,GRANTON,237 lds. hewn fir,C. Salvesen & Co.,21,12,1897,2,1,1897,False,Dec. 21 Albert Edward-Gothenburg-237 lds. hewn fir-C. Salvesen & Co.
18970102p.23_p002.txt,39,Euigheden,Helsingborg,GRANTON,775 lds. deals and battens,"Mitchell, Thomson, & Co.",28,12,1897,2,1,1897,True,"28 Euigheden -Helsingborg-775 lds. deals and battens-Mitchell, Thomson, & Co."
18970102p.23_p002.txt,40,Bele,Gothenburg,GRANTON,5 lds. sawn fir,C. Salvesen & Co.,28,12,1897,2,1,1897,True,28 Bele -Gothenburg-5 lds. sawn fir-C. Salvesen & Co.
18970102p.23_p002.txt,42,Dolly,Bangkok,GREENOCK,500 logs teakwood,340 planks teakwood,21,12,1897,2,1,1897,False,Dec. 21 Dolly - Bangkok - 500 logs teakwood -340 planks teakwood
18970102p.23_p002.txt,43,Elise,Demerara,GREENOCK,378 logs greenheart,,21,12,1897,2,1,1897,False,21 Elise-Demerara-378 logs greenheart
18970102p.23_p002.txt,44,Haab,Rangoon,GREENOCK,939 pcs. teak square,"522 blocks teak-1,641 planks teak - Francis Briggs & Co.",22,12,1897,2,1,1897,False,"22 Haab-Rangoon-939 pcs. teak square-522 blocks teak-1,641 planks teak - Francis Briggs & Co."
18970102p.23_p002.txt,46,Neptun,Gothenburg,INVERNESS,"854 lds. deals, battens, and boards",J. Walker & Co.,26,12,1897,2,1,1897,True,"Dec. 26 Neptun -Gothenburg-854 lds. deals, battens, and boards-J. Walker & Co."
18970102p.23_p002.txt,48,Constance,Koenigsberg,KIRKCALDY,104 lds. sawn fir,A. Bruce & Co.,19,12,1897,2,1,1897,False,Dec. 19 Constance-Koenigsberg-104 lds. sawn fir-A. Bruce & Co.
18970102p.23_p002.txt,49,Penelope,Riga,KIRKCALDY,267 lds. battens,J. Cormach & Co.,21,12,1897,2,1,1897,False,21 Penelope-Riga-267 lds. battens-J. Cormach & Co.
18970102p.23_p002.txt,50,Valund,Namsos,KIRKCALDY,"350 lds. battens, 160 lds. firewood",C. Salvesen & Co.,16,12,1897,2,1,1897,True,"16 Valund -Namsos-350 lds. battens, 160 lds. firewood-C. Salvesen & Co."
18970102p.23_p002.txt,51,Loch Ness,Riga,KIRKCALDY,495 lds. deals and battens,C. Salvesen & Co.,17,12,1897,2,1,1897,True,17 Loch Ness -Riga-495 lds. deals and battens-C. Salvesen & Co.
18970102p.23_p002.txt,52,Myrtledene,"Norfolk, Va.",KIRKCALDY,"40 lds. staves, 21 lds. sawn oak",Hugh Blaik & Co.,19,12,1897,2,1,1897,True,"19 Myrtledene -Norfolk, Va.-40 lds. staves, 21 lds. sawn oak-Hugh Blaik & Co."
18970102p.23_p002.txt,53,Scotia,Riga,KIRKCALDY,"354 lds. deals and battens, 27 lds battens","Mackie, Koth, & Co.",23,12,1897,2,1,1897,True,"23 Scotia -Riga-354 lds. deals and battens, 27 lds battens-Mackie, Koth, & Co."
18970102p.23_p002.txt,54,Savona,Danzig,KIRKCALDY,5 lds. oak staves,J. Currie,25,12,1897,2,1,1897,False,25 Savona-Danzig-5 lds. oak staves-J. Currie
18970102p.23_p002.txt,55,Calabria,Riga,KIRKCALDY,363 lds. deals and battens,J. Cormack & Co.,25,12,1897,2,1,1897,False,25 Calabria-Riga-363 lds. deals and battens-J. Cormack & Co.
18970102p.23_p002.txt,56,Aldborough,Newport News,KIRKCALDY,56 lds. sawn poplar lumber,"Wright, Graham, & Co.",26,12,1897,2,1,1897,True,"26 Aldborough -Newport News-56 lds. sawn poplar lumber-Wright, Graham, & Co."
18970102p.23_p002.txt,57,Croft,New York,KIRKCALDY,"10 lds. staves, 2 lds. split wood, unen",Hugh Blaik & Co.,26,12,1897,2,1,1897,True,"26 Croft -New York-10 lds. staves, 2 lds. split wood, unen-Hugh Blaik & Co."
18970102p.23_p002.txt,58,Govino,Baltimore,KIRKCALDY,65 lds. sawn poplar,W. Thomson & Co.,26,12,1897,2,1,1897,True,26 Govino -Baltimore-65 lds. sawn poplar-W. Thomson & Co.
18970102p.23_p002.txt,59,Dresden,Libau,KIRKCALDY,200 lds. oak staves,J. Currie,28,12,1897,2,1,1897,False,28 Dresden-Libau-200 lds. oak staves-J. Currie
18970102p.23_p002.txt,60,Rona,Copenhagen,KIRKCALDY,10 lds. hewn oak,J. Currie,28,12,1897,2,1,1897,False,28 Rona-Copenhagen-10 lds. hewn oak-J. Currie
18970102p.23_p002.txt,61,Quentin,Rotterdam,KIRKCALDY,2 lds. split hoops,Gibson & Co.,28,12,1897,2,1,1897,False,28 Quentin-Rotterdam-2 lds. split hoops-Gibson & Co.
18970102p.23_p002.txt,63,Merkus,Gothenburg,METHIL,152 lds. props,Fife Coal Co.,15,12,1897,2,1,1897,False,Dec. 15 Merkus-Gothenburg-152 lds. props-Fife Coal Co.
18970102p.23_p002.txt,65,Moidart,Riga,MONTROSE,230 lds. lathwood,East Mill Co.,23,12,1897,2,1,1897,False,Dec. 23 Moidart-Riga-230 lds. lathwood-East Mill Co.
18970102p.23_p002.txt,67,Garonne,Bordeaux,PETERHEAD,830 lds. split hoops,Hay & Bruce,17,12,1897,2,1,1897,False,Dec. 17 Garonne-Bordeaux-830 lds. split hoops-Hay & Bruce
18970102p.23_p002.txt,69,Narova,Bordeaux,WICK,"6,797 bdls. sawn and split hoops",Duncan & Jamieson,24,12,1897,2,1,1897,False,"Dec. 24 Narova-Bordeaux-6,797 bdls. sawn and split hoops-Duncan & Jamieson"
18970619p.1017_p003.txt,3,Celestine,Pauillac,SWANSEA,240 lds. pit,wood-Davies & Co.,11,6,1897,19,6,1897,False,June 11 Celestine-Pauillac-240 lds. pit-wood-Davies & Co.
18970619p.1017_p003.txt,4,[?],100 lds. pitwood,SWANSEA,Davies & Co.,,12,6,1897,19,6,1897,False,12 [?]-100 lds. pitwood-Davies & Co.
18970619p.1017_p003.txt,5,[?],130 lds. pitwood,SWANSEA,Davies & Co.,,14,6,1897,19,6,1897,False,14 [?]-130 lds. pitwood-Davies & Co.
18970619p.1017_p003.txt,6,[?],Arcachon,SWANSEA,160 lds. pitwood,J. Jones & Co.,15,6,1897,19,6,1897,False,15 [?]-Arcachon-160 lds. pitwood-J. Jones & Co.
18970619p.1017_p003.txt,7,[?],New York,SWANSEA,37 lds. sawn oak,J. Williams.,15,6,1897,19,6,1897,False,15 [?]-New York-37 lds. sawn oak-J. Williams.
18970619p.1017_p003.txt,8,[?],N.S.,SWANSEA,270 lds. sawn birch,"Richardsons, & Co.",15,6,1897,19,6,1897,False,"15 [?]-N.S.-270 lds. sawn birch-Richardsons, & Co."
18970619p.1017_p003.txt,9,[?],Bayonne,SWANSEA,100 lds. pit,wood-Davies & Co.,15,6,1897,19,6,1897,False,15 [?]-Bayonne-100 lds. pit-wood-Davies & Co.
18970619p.1017_p003.txt,10,[?],500 lds. pitwood,SWANSEA,A. Capelle,,15,6,1897,19,6,1897,False,15 [?]-500 lds. pitwood-A. Capelle
18970619p.1017_p003.txt,11,[?],N.S.,SWANSEA,"487 lds. sawn fir, 674 pcs. pine",Gregor Bros.,15,6,1897,19,6,1897,False,"15 [?]-N.S.-487 lds. sawn fir, 674 pcs. pine-Gregor Bros."
18970619p.1017_p003.txt,13,[?],Gefle,TYNE,"1,694 pcs. pitch pine deals, 1,000 ch pine deals",Palmer,11,6,1897,19,6,1897,False,"June 11 [?]-Gefle-1,694 pcs. pitch pine deals, 1,000 ch pine deals-Palmer"
18970619p.1017_p003.txt,14,[?],Hamburg,TYNE,"120 lds. crowntrees, 1,400 props, 170 lds. deals, 2 lds. ends, 120 bales woodpulp, 120 bdls. deals, 60 lds. firewood, 30 lds. crown",slabs-J. Temperley & Co.,12,6,1897,19,6,1897,False,"12 [?]-Hamburg-120 lds. crowntrees, 1,400 props, 170 lds. deals, 2 lds. ends, 120 bales woodpulp, 120 bdls. deals, 60 lds. firewood, 30 lds. crown-slabs-J. Temperley & Co."
18970619p.1017_p003.txt,15,[?],Christiania,TYNE,"150 poles, 840 bales woodpulp, 120 cs. mining timber, 529 pcs. deals, 240 pcs. battens",,12,6,1897,19,6,1897,False,"12 [?]-Christiania-150 poles, 840 bales woodpulp, 120 cs. mining timber, 529 pcs. deals, 240 pcs. battens"
18970619p.1017_p003.txt,16,[?],Montreal and Quebec,TYNE,"568 pcs. pine deals, 1,690 pine ends, 1,102 pcs. waney pine deals, 9,702 deals, 644 pcs. spruce, 50 pcs. American oak, 167 pcs. waney pine, 2,753 spruce deals, 87 pcs. ash, 7,932 yellow pine deals","Farley, Clark, & Co.",12,6,1897,19,6,1897,False,"12 [?]-Montreal and Quebec-568 pcs. pine deals, 1,690 pine ends, 1,102 pcs. waney pine deals, 9,702 deals, 644 pcs. spruce, 50 pcs. American oak, 167 pcs. waney pine, 2,753 spruce deals, 87 pcs. ash, 7,932 yellow pine deals-Farley, Clark, & Co."
18970619p.1017_p003.txt,17,[?],Sundswall,TYNE,"51,291 deals, 1,000 stds. deals",Jas. Scott & Son,14,6,1897,19,6,1897,False,"14 [?]-Sundswall-51,291 deals, 1,000 stds. deals-Jas. Scott & Son"
18970619p.1017_p003.txt,19,[?],Hernskvsvall,TYNE,"23,530 pcs. battens",Armstrong & Co.,14,6,1897,19,6,1897,False,"14 [?]-Hernskvsvall-23,530 pcs. battens -Armstrong & Co."
18970619p.1017_p003.txt,20,[?],"6 243 deals, battens, and boards",TYNE,Robson & Co.,,14,6,1897,19,6,1897,False,"14 [?]-6 243 deals, battens, and boards-Robson & Co."
18970619p.1017_p003.txt,21,[?],Christiania,TYNE,"620 pcs. mining timber, 1,000 boxboards, 820 bales woodpulp",J. Carr,14,6,1897,19,6,1897,False,"14 [?]-Christiania-620 pcs. mining timber, 1,000 boxboards, 820 bales woodpulp-J. Carr"
18970619p.1017_p003.txt,22,[?],Laurvig,TYNE,50 hds. square timber,J. Colthurst,14,6,1897,19,6,1897,False,14 [?]-Laurvig-50 hds. square timber-J. Colthurst
18970619p.1017_p003.txt,23,[?],Arendal,TYNE,"44 lds. firewood, 12 lds. deals",,14,6,1897,19,6,1897,False,"14 [?]-Arendal-44 lds. firewood, 12 lds. deals"
18970619p.1017_p003.txt,25,[?],Fredrikstad,BLYTHAVEN,330 lds. sawn timber,J. & W. Jackson,11,6,1897,19,6,1897,False,June 11 [?]-Fredrikstad-330 lds. sawn timber-J. & W. Jackson
18970619p.1017_p003.txt,27,[?],Quebec,FALMOUTH,40 lds. hewn timber,"Palgrave, Brown, & Son",11,6,1897,19,6,1897,False,"June 11 [?]-Quebec-40 lds. hewn timber-Palgrave, Brown, & Son; 1,000 pcs. pine ends-J. & J. Colmar"
18970619p.1017_p003.txt,27,[?],Quebec,FALMOUTH,"1,000 pcs. pine ends",J. & J. Colmar,11,6,1897,19,6,1897,False,"June 11 [?]-Quebec-40 lds. hewn timber-Palgrave, Brown, & Son; 1,000 pcs. pine ends-J. & J. Colmar"
18970619p.1017_p003.txt,29,[?],Quebec,SUNDERLAND,"1,780 bdls. staves, 1,100 pcs. deals and ends, 1,100 pcs. pine lumber",J. Hold,11,6,1897,19,6,1897,False,"June 11 [?]-Quebec-1,780 bdls. staves, 1,100 pcs. deals and ends, 1,100 pcs. pine lumber-J. Hold"
18970619p.1017_p003.txt,30,[?],220 oak staves,SUNDERLAND,J. Web,ster & Bro.,11,6,1897,19,6,1897,False,11 [?]-220 oak staves-J. Web-ster & Bro.
18970619p.1017_p003.txt,31,[?],"71 oak timber, 1,000 pcs. white oak staves, 17,498 pcs. sawn pitch pine",SUNDERLAND,Price & Co.,,11,6,1897,19,6,1897,False,"11 [?]-71 oak timber, 1,000 pcs. white oak staves, 17,498 pcs. sawn pitch pine-Price & Co."
18970619p.1017_p003.txt,32,[?],"31 maple logs, 75 ash logs",SUNDERLAND,Jardine,,11,6,1897,19,6,1897,False,"11 [?]-31 maple logs, 75 ash logs-Jardine"
18970619p.1017_p003.txt,33,[?],"840 bdls. staves, 83 logs mahogany",SUNDERLAND,Doxford & Co.,,11,6,1897,19,6,1897,False,"11 [?]-840 bdls. staves, 83 logs mahogany-Doxford & Co."
18970619p.1017_p003.txt,39,[?],"1,223 cans, 1,405 cases, 1,166 pcs. lumber",SUNDERLAND,J. Wilson & Sons,,11,6,1897,19,6,1897,False,"11 [?]-1,223 cans, 1,405 cases, 1,166 pcs. lumber-J. Wilson & Sons"
18970619p.1017_p003.txt,41,[?],"1,708 pcs. lumber",SUNDERLAND,Cobbett & Co.,,11,6,1897,19,6,1897,False,"11 [?]-1,708 pcs. lumber-Cobbett & Co."
18970619p.1017_p003.txt,49,Forest Holme,Quebec,BIRKENHEAD DOCK,"1,000 planed boards","Pierce, Watts, & Co.",14,6,1897,19,6,1897,True,"June 14 Forest Holme -Quebec-1,000 planed boards-Pierce, Watts, & Co.; 1,000 pcs. elm-Harrison & M'Kenzie; 1,000 pcs. oak, 56 pcs. elm, 34,590 pcs. spruce, 1,000 pine deals, 6,160 pcs. spruce, 43,426 pcs. pine, 18,044 spruce boards"
18970619p.1017_p003.txt,49,Forest Holme,Quebec,BIRKENHEAD DOCK,"1,000 pcs. elm",Harrison & M'Kenzie,14,6,1897,19,6,1897,True,"June 14 Forest Holme -Quebec-1,000 planed boards-Pierce, Watts, & Co.; 1,000 pcs. elm-Harrison & M'Kenzie; 1,000 pcs. oak, 56 pcs. elm, 34,590 pcs. spruce, 1,000 pine deals, 6,160 pcs. spruce, 43,426 pcs. pine, 18,044 spruce boards"
18970619p.1017_p003.txt,49,Forest Holme,Quebec,BIRKENHEAD DOCK,"1,000 pcs. oak, 56 pcs. elm, 34,590 pcs. spruce, 1,000 pine deals, 6,160 pcs. spruce, 43,426 pcs. pine, 18,044 spruce boards",,14,6,1897,19,6,1897,True,"June 14 Forest Holme -Quebec-1,000 planed boards-Pierce, Watts, & Co.; 1,000 pcs. elm-Harrison & M'Kenzie; 1,000 pcs. oak, 56 pcs. elm, 34,590 pcs. spruce, 1,000 pine deals, 6,160 pcs. spruce, 43,426 pcs. pine, 18,044 spruce boards"
18970619p.1017_p003.txt,51,Majestic,New York,CANADA DOCK,"1,000 staves, 712 pcs. lumber",,10,6,1897,19,6,1897,True,"June 10 Majestic -New York-1,000 staves, 712 pcs. lumber"
18970619p.1017_p003.txt,52,Nomadic,New York,CANADA DOCK,"3,400 barrel staves",Farnworth & Jardine,12,6,1897,19,6,1897,True,"12 Nomadic -New York-3,400 barrel staves-Farnworth & Jardine; 1,099 pcs. walnut lumber-Watson & Todd; 1,000 pcs. walnut lumber-Bessler, Waechter, & Co.; 1,291 pcs. walnut lumber"
18970619p.1017_p003.txt,52,Nomadic,New York,CANADA DOCK,"1,099 pcs. walnut lumber",Watson & Todd,12,6,1897,19,6,1897,True,"12 Nomadic -New York-3,400 barrel staves-Farnworth & Jardine; 1,099 pcs. walnut lumber-Watson & Todd; 1,000 pcs. walnut lumber-Bessler, Waechter, & Co.; 1,291 pcs. walnut lumber"
18970619p.1017_p003.txt,52,Nomadic,New York,CANADA DOCK,"1,000 pcs. walnut lumber","Bessler, Waechter, & Co.",12,6,1897,19,6,1897,True,"12 Nomadic -New York-3,400 barrel staves-Farnworth & Jardine; 1,099 pcs. walnut lumber-Watson & Todd; 1,000 pcs. walnut lumber-Bessler, Waechter, & Co.; 1,291 pcs. walnut lumber"
18970619p.1017_p003.txt,52,Nomadic,New York,CANADA DOCK,"1,291 pcs. walnut lumber",,12,6,1897,19,6,1897,True,"12 Nomadic -New York-3,400 barrel staves-Farnworth & Jardine; 1,099 pcs. walnut lumber-Watson & Todd; 1,000 pcs. walnut lumber-Bessler, Waechter, & Co.; 1,291 pcs. walnut lumber"
18970619p.1017_p003.txt,53,Cufic,New York,CANADA DOCK,844 oak planks,Dobell & Co.,15,6,1897,19,6,1897,True,"15 Cufic -New York-844 oak planks-Dobell & Co.; 2,200 pcs. white pine, 4,000 brls. staves, 585 bdls. shooks"
18970619p.1017_p003.txt,53,Cufic,New York,CANADA DOCK,"2,200 pcs. white pine, 4,000 brls. staves, 585 bdls. shooks",,15,6,1897,19,6,1897,True,"15 Cufic -New York-844 oak planks-Dobell & Co.; 2,200 pcs. white pine, 4,000 brls. staves, 585 bdls. shooks"
18970619p.1017_p003.txt,55,Parkmore,Montreal,HORNBY DOCK,"1,000 barrel staves",Drysdale Bros.,10,6,1897,19,6,1897,True,"June 10 Parkmore -Montreal-1,000 barrel staves-Drysdale Bros.; 1,600 mill staves-Mitchell Bros.; 16,469 deals, 11,089 deals"
18970619p.1017_p003.txt,55,Parkmore,Montreal,HORNBY DOCK,"1,600 mill staves",Mitchell Bros.,10,6,1897,19,6,1897,True,"June 10 Parkmore -Montreal-1,000 barrel staves-Drysdale Bros.; 1,600 mill staves-Mitchell Bros.; 16,469 deals, 11,089 deals"
18970619p.1017_p003.txt,55,Parkmore,Montreal,HORNBY DOCK,"16,469 deals, 11,089 deals",,10,6,1897,19,6,1897,True,"June 10 Parkmore -Montreal-1,000 barrel staves-Drysdale Bros.; 1,600 mill staves-Mitchell Bros.; 16,469 deals, 11,089 deals"
18970619p.1017_p003.txt,56,Ottoman,Montreal,HORNBY DOCK,428 pcs. lumber,Kennedy & Co.,11,6,1897,19,6,1897,True,"11 Ottoman -Montreal-428 pcs. lumber-Kennedy & Co.; 27,840 deals, 1,000 boards-Robert Cox & Co.; 1,000 scantlings"
18970619p.1017_p003.txt,56,Ottoman,Montreal,HORNBY DOCK,"27,840 deals, 1,000 boards",Robert Cox & Co.,11,6,1897,19,6,1897,True,"11 Ottoman -Montreal-428 pcs. lumber-Kennedy & Co.; 27,840 deals, 1,000 boards-Robert Cox & Co.; 1,000 scantlings"
18970619p.1017_p003.txt,56,Ottoman,Montreal,HORNBY DOCK,"1,000 scantlings",,11,6,1897,19,6,1897,True,"11 Ottoman -Montreal-428 pcs. lumber-Kennedy & Co.; 27,840 deals, 1,000 boards-Robert Cox & Co.; 1,000 scantlings"
18970619p.1017_p003.txt,57,Baltimore,Montreal,HORNBY DOCK,802 bdls. staves,Drysdale Bros.,12,6,1897,19,6,1897,True,12 Baltimore -Montreal-802 bdls. staves-Drysdale Bros.; 615 bdls. staves-Webster & Bro.
18970619p.1017_p003.txt,57,Baltimore,Montreal,HORNBY DOCK,615 bdls. staves,Webster & Bro.,12,6,1897,19,6,1897,True,12 Baltimore -Montreal-802 bdls. staves-Drysdale Bros.; 615 bdls. staves-Webster & Bro.
18970619p.1017_p003.txt,58,Agia Sofia,Odessa,HORNBY DOCK,"34 oak logs, 1,000 butts, 457 oak scantlings",,14,6,1897,19,6,1897,True,"14 Agia Sofia -Odessa-34 oak logs, 1,000 butts, 457 oak scantlings"
18970619p.1017_p003.txt,59,Ethiope,"Mobile, Ala.",HORNBY DOCK,"171 pcs. oak, 25 pcs. oak, 46 pcs. poplar, 469 pcs. staves, 50 pcs. pencil cedar, 27 pcs. ash, 217 pcs. pitch pine timber, 1,000 pcs. pitch pine lumber, 1,920 pcs. pitch pine timber",,14,6,1897,19,6,1897,True,"14 Ethiope -Mobile, Ala.-171 pcs. oak, 25 pcs. oak, 46 pcs. poplar, 469 pcs. staves, 50 pcs. pencil cedar, 27 pcs. ash, 217 pcs. pitch pine timber, 1,000 pcs. pitch pine lumber, 1,920 pcs. pitch pine timber"
18970619p.1017_p003.txt,60,Lake Huron,Montreal,HORNBY DOCK,"1,400 maple blocks, 71 hickory scantlings, 1,000 scantlings",,15,6,1897,19,6,1897,True,"15 Lake Huron -Montreal-1,400 maple blocks, 71 hickory scantlings, 1,000 scantlings"
18970619p.1017_p003.txt,62,Pennland,Philadelphia,LANGTON DOCK,"1,000 pcs. walnut lumber",J. Kennedy & Co.,11,6,1897,19,6,1897,True,"June 11 Pennland -Philadelphia-1,000 pcs. walnut lumber-J. Kennedy & Co.; 1,000 pcs. hickory, 5,450 staves-Farnworth & Jardine; 233 bdls. new shooks"
18970619p.1017_p003.txt,62,Pennland,Philadelphia,LANGTON DOCK,"1,000 pcs. hickory, 5,450 staves",Farnworth & Jardine,11,6,1897,19,6,1897,True,"June 11 Pennland -Philadelphia-1,000 pcs. walnut lumber-J. Kennedy & Co.; 1,000 pcs. hickory, 5,450 staves-Farnworth & Jardine; 233 bdls. new shooks"
18970619p.1017_p003.txt,62,Pennland,Philadelphia,LANGTON DOCK,233 bdls. new shooks,,11,6,1897,19,6,1897,True,"June 11 Pennland -Philadelphia-1,000 pcs. walnut lumber-J. Kennedy & Co.; 1,000 pcs. hickory, 5,450 staves-Farnworth & Jardine; 233 bdls. new shooks"
18970619p.1017_p003.txt,64,Shieldrake,Rotterdam,NELSON DOCK,"1,000 staves",,10,6,1897,19,6,1897,True,"June 10 Shieldrake  - Rotterdam-1,000 staves"
18970619p.1017_p003.txt,65,Lapland,Hamburg,NELSON DOCK,59 logs mahogany,,15,6,1897,19,6,1897,True,15 Lapland -Hamburg-59 logs mahogany
18970619p.1017_p003.txt,67,Vesta,Galveston,OTHER DOCKS AND WHARVES,"8,737 oak staves","Hans-Maracaibo-102 pcs. ebony, 1,000 pcs. boxwood-D. Midgley & Sons",12,6,1897,19,6,1897,True,"June 12 Vesta -Galveston-8,737 oak staves-Hans-Maracaibo-102 pcs. ebony, 1,000 pcs. boxwood-D. Midgley & Sons"
18970619p.1017_p003.txt,68,Patroclus,Singapore,OTHER DOCKS AND WHARVES,"1,286 planks",,14,6,1897,19,6,1897,True,"14 Patroclus -Singapore-1,286 planks"
18970619p.1017_p003.txt,69,Herbert,Mourovia,OTHER DOCKS AND WHARVES,59 logs cedar,,14,6,1897,19,6,1897,False,14 Herbert-Mourovia-59 logs cedar
18970619p.1017_p003.txt,70,Pinners Point,"Norfolk, Va.",OTHER DOCKS AND WHARVES,"1,000 logs",R. Coltart & Co.,15,6,1897,19,6,1897,True,"15 Pinners Point -Norfolk, Va.-1,000 logs-R. Coltart & Co. ; 324 bdls. timber, 1,750 ash and 43 oak logs, 1,000 pcs. poplar lumber, 904 pcs. oak, 421 bdls. ash squares, 108 cars, 1,000 cs., 3,074 pcs., 27 bdls. walnut, 1,000 simmon, and 146 hickory logs, 1,000 shuttle blocks, 2,634 pcs., 152 various, 45 holly logs, 900 pcs. pine, and 1,000 hardwood lumber"
18970619p.1017_p003.txt,70,Pinners Point,"Norfolk, Va.",OTHER DOCKS AND WHARVES,"324 bdls. timber, 1,750 ash and 43 oak logs, 1,000 pcs. poplar lumber, 904 pcs. oak, 421 bdls. ash squares, 108 cars, 1,000 cs., 3,074 pcs., 27 bdls. walnut, 1,000 simmon, and 146 hickory logs, 1,000 shuttle blocks, 2,634 pcs., 152 various, 45 holly logs, 900 pcs. pine, and 1,000 hardwood lumber",,15,6,1897,19,6,1897,True,"15 Pinners Point -Norfolk, Va.-1,000 logs-R. Coltart & Co. ; 324 bdls. timber, 1,750 ash and 43 oak logs, 1,000 pcs. poplar lumber, 904 pcs. oak, 421 bdls. ash squares, 108 cars, 1,000 cs., 3,074 pcs., 27 bdls. walnut, 1,000 simmon, and 146 hickory logs, 1,000 shuttle blocks, 2,634 pcs., 152 various, 45 holly logs, 900 pcs. pine, and 1,000 hardwood lumber"
18970619p.1017_p003.txt,72,Mary Lloyd,Stettin,SURREY COMMERCIAL DOCK,523 lds. timber,,14,6,1897,19,6,1897,False,June 14 Mary Lloyd - Stettin - 523 lds. timber
18970619p.1017_p003.txt,74,Appomattox,Newport News,VICTORIA DOCK,"1,000 pcs. lumber",G. Becker,11,6,1897,19,6,1897,True,"June 11 Appomattox -Newport News-1,000 pcs. lumber-G. Becker; 3,009 pcs. oak-Brown, Jansen, & Co.; 11,675 pcs. oak-W. Oliver & Son; 16,915 oak staves"
18970619p.1017_p003.txt,74,Appomattox,Newport News,VICTORIA DOCK,"3,009 pcs. oak","Brown, Jansen, & Co.",11,6,1897,19,6,1897,True,"June 11 Appomattox -Newport News-1,000 pcs. lumber-G. Becker; 3,009 pcs. oak-Brown, Jansen, & Co.; 11,675 pcs. oak-W. Oliver & Son; 16,915 oak staves"
18970619p.1017_p003.txt,74,Appomattox,Newport News,VICTORIA DOCK,"11,675 pcs. oak",W. Oliver & Son,11,6,1897,19,6,1897,True,"June 11 Appomattox -Newport News-1,000 pcs. lumber-G. Becker; 3,009 pcs. oak-Brown, Jansen, & Co.; 11,675 pcs. oak-W. Oliver & Son; 16,915 oak staves"
18970619p.1017_p003.txt,74,Appomattox,Newport News,VICTORIA DOCK,"16,915 oak staves",,11,6,1897,19,6,1897,True,"June 11 Appomattox -Newport News-1,000 pcs. lumber-G. Becker; 3,009 pcs. oak-Brown, Jansen, & Co.; 11,675 pcs. oak-W. Oliver & Son; 16,915 oak staves"
18970619p.1017_p003.txt,75,Sepia,Rockingham,VICTORIA DOCK,316 lds. jarrah,,12,6,1897,19,6,1897,False,12 Sepia-Rockingham-316 lds. jarrah
18970619p.1017_p003.txt,76,St. Hubert,Philadelphia,VICTORIA DOCK,"1,000 pcs. lumber",,15,6,1897,19,6,1897,True,"15 St. Hubert  - Philadelphia - 1,000 pcs. lumber"
18970619p.1017_p003.txt,78,Glaucus,Singapore,ROYAL ALBERT DOCK,611 teak logs,"Denny, Mott, & Co.",10,6,1897,19,6,1897,True,"June 10 Glaucus -Singapore-611 teak logs-Denny, Mott, & Co."
18970619p.1017_p003.txt,82,Goorkha,Calcutta,ROYAL ALBERT DOCK,602 teak squares and planks,,11,6,1897,19,6,1897,True,11 Goorkha -Calcutta-602 teak squares and planks
18970619p.1017_p003.txt,83,Megantic,New York,ROYAL ALBERT DOCK,"2,870 pcs. staves",Cobbett & Co.,14,6,1897,19,6,1897,True,"14 Megantic -New York-2,870 pcs. staves-Cobbett & Co.; 1,000 bdls. shooks"
18970619p.1017_p003.txt,83,Megantic,New York,ROYAL ALBERT DOCK,"1,000 bdls. shooks",,14,6,1897,19,6,1897,True,"14 Megantic -New York-2,870 pcs. staves-Cobbett & Co.; 1,000 bdls. shooks"
18970619p.1017_p003.txt,86,Olive,Rouen,ROYAL ALBERT DOCK,121 logs,,15,6,1897,19,6,1897,True,15 Olive  -Rouen-121 logs
18970619p.1017_p003.txt,91,Bertha,Maracaibo,ROYAL ALBERT DOCK,"3,553 pcs. boxwood","Brener, Moller, & Co.",16,6,1897,19,6,1897,False,"16 Bertha-Maracaibo-3,553 pcs. boxwood-Brener, Moller, & Co."
18970814p.229_p004.txt,6,Arendal,"Skelton, 24 lds. firewood",WEST HARTLEPOOL,T. English Bros.,,5,8,1897,14,8,1897,False,"Aug. 5 Arendal-Skelton, 24 lds. firewood-T. English Bros."
18970814p.229_p004.txt,7,Dronning Louise,Wyburg,WEST HARTLEPOOL,275 lds. props,Somerset Trading Co.,6,8,1897,14,8,1897,False,6 Dronning Louise-Wyburg-275 lds. props-Somerset Trading Co.
18970814p.229_p004.txt,9,Ella (*),Wyburg,WISBEACH,"883 lds. deals, &c.",English Bros.,4,8,1897,14,8,1897,False,"Aug. 4 Ella (*)-Wyburg-883 lds. deals, &c.-English Bros."
18970814p.229_p004.txt,10,Rocklands,Porsgrund,WISBEACH,403 lds. props,Hopkins & Co.,6,8,1897,14,8,1897,False,6 Rocklands-Porsgrund-403 lds. props-Hopkins & Co.
18970814p.229_p004.txt,11,Opal (*),Rafso,WISBEACH,"683 lds. props, 660 lds. sawn fir",Sutcliffe & Co.,9,8,1897,14,8,1897,False,"9 Opal (*)-Rafso-683 lds. props, 660 lds. sawn fir-Sutcliffe & Co."
18970814p.229_p004.txt,13,Cessack,Wyburg,YARMOUTH,350 lds. props,Jewson & Sons.,3,8,1897,14,8,1897,False,Aug. 3 Cessack-Wyburg-350 lds. props-Jewson & Sons.
18970814p.229_p004.txt,14,Nicolai,Riga,YARMOUTH,350 lds. props,Jewson & Sons.,9,8,1897,14,8,1897,False,9 Nicolai-Riga-350 lds. props-Jewson & Sons.
18970814p.229_p004.txt,16,Nathorva,Drammen,CASTLETOWN,240 lds. sawn fir,J. Maltrough & Co.,7,8,1897,14,8,1897,False,Aug. 7 Nathorva-Drammen-240 lds. sawn fir-J. Maltrough & Co.
18970814p.229_p004.txt,18,Thursby,Fredrikshald,DOUGLAS,230 lds. sawn fir,Timber & Co.,4,8,1897,14,8,1897,False,Aug. 4 Thursby-Fredrikshald-230 lds. sawn fir-Timber & Co.
18970814p.229_p004.txt,21,Black Head,Riga,BELFAST,397 lds. sawn fir,Heyn & Sons.,3,8,1897,14,8,1897,False,Aug. 3 Black Head-Riga-397 lds. sawn fir-Heyn & Sons.
18970814p.229_p004.txt,24,Ardmore,Gothenburg,BELFAST,800 lds. sawn fir,Gr gg & Co.,4,8,1897,14,8,1897,False,4 Ardmore-Gothenburg-800 lds. sawn fir-Gr gg & Co.
18970814p.229_p004.txt,26,Lord Lansdowne,Baltimore,BELFAST,"26 tons poplar lumber, 15 tons oak",T. Dixon & Sons.,7,8,1897,14,8,1897,False,"7 Lord Lansdowne-Baltimore-26 tons poplar lumber, 15 tons oak-T. Dixon & Sons."
18970814p.229_p004.txt,27,New Ed,Christiania,BELFAST,366 lds. sawn fir spars,T. Dixon & Sons.,9,8,1897,14,8,1897,False,9 New Ed-Christiania-366 lds. sawn fir spars-T. Dixon & Sons.
18970814p.229_p004.txt,29,Dora (*),Quebec,CORK,"2,500 pcs. pine, 682 pcs. elm, 269 pcs. oak lumber, 104 w.o. scantlings, 189 w.o. planks",E. & A. Deaves.,4,8,1897,14,8,1897,False,"Aug. 4 Dora (*)-Quebec-2,500 pcs. pine, 682 pcs. elm, 269 pcs. oak lumber, 104 w.o. scantlings, 189 w.o. planks-E. & A. Deaves."
18970814p.229_p004.txt,30,Labrador (*),Quebec,CORK,276 pcs. oak,J. Kennedy & Co.,11,8,1897,14,8,1897,False,11 Labrador (*)-Quebec-276 pcs. oak-J. Kennedy & Co.
18970814p.229_p004.txt,32,St. Joseph,Apalachicola,GALWAY,"967 lds. hewn pitch pine, 22 lds. hewn pine",McDonogh & Sons.,4,8,1897,14,8,1897,False,"Aug. 4 St. Joseph-Apalachicola-967 lds. hewn pitch pine, 22 lds. hewn pine-McDonogh & Sons."
18970814p.229_p004.txt,34,Ilmatar,Miramichi,LONDONDERRY,967 lds. spruce,Keys & Co.,4,8,1897,14,8,1897,False,Aug. 4 Ilmatar-Miramichi-967 lds. spruce-Keys & Co.
18970814p.229_p004.txt,35,Jupiter,St. Thomas (Can.),LONDONDERRY,800 lds. spruce,J. & J. Cooke.,5,8,1897,14,8,1897,False,5 Jupiter-St. Thomas (Can.)-800 lds. spruce-J. & J. Cooke.
18970814p.229_p004.txt,37,Antilla,"St. John, N.B.",SKIBBEREEN,[?] lds. spruce,Wm. Murphy & Co.,3,8,1897,14,8,1897,False,"Aug. 3 Antilla-St. John, N.B.-[?] lds. spruce-Wm. Murphy & Co."
18970814p.229_p004.txt,39,Walter,Fredrikstad,SLIGO,278 lds. sawn fir,Sligo Wood & Iron Co.,6,8,1897,14,8,1897,False,Aug. 6 Walter-Fredrikstad-278 lds. sawn fir-Sligo Wood & Iron Co.
18970814p.229_p004.txt,41,Erling,Quebec,WATERFORD,"1,860 lds. spruce",Graves & Co.,5,8,1897,14,8,1897,False,"Aug. 5 Erling-Quebec-1,860 lds. spruce-Graves & Co."
18970814p.229_p004.txt,42,Bjokongen,Quebec,WATERFORD,"1,605 lds. spruce",Graves & Co.,6,8,1897,14,8,1897,False,"6 Bjokongen-Quebec-1,605 lds. spruce-Graves & Co."
18970814p.229_p004.txt,47,Kansas (*),"Boston 8,693 pcs. lumber, 7,532 pcs. poplar lumber",ALEXANDRA DOCK,Farnworth & Jardine,,9,8,1897,14,8,1897,False,"Aug. 9 Kansas (*)-Boston 8,693 pcs. lumber, 7,532 pcs. poplar lumber-Farnworth & Jardine; 1,885 doors-B yce, Junor, & White; 853 pcs. oak lumber-J. H. Burrell & Co."
18970814p.229_p004.txt,47,Kansas (*),"Boston 8,693 pcs. lumber, 7,532 pcs. poplar lumber",ALEXANDRA DOCK,"1,885 doors","B yce, Junor, & White",9,8,1897,14,8,1897,False,"Aug. 9 Kansas (*)-Boston 8,693 pcs. lumber, 7,532 pcs. poplar lumber-Farnworth & Jardine; 1,885 doors-B yce, Junor, & White; 853 pcs. oak lumber-J. H. Burrell & Co."
18970814p.229_p004.txt,47,Kansas (*),"Boston 8,693 pcs. lumber, 7,532 pcs. poplar lumber",ALEXANDRA DOCK,853 pcs. oak lumber,J. H. Burrell & Co.,9,8,1897,14,8,1897,False,"Aug. 9 Kansas (*)-Boston 8,693 pcs. lumber, 7,532 pcs. poplar lumber-Farnworth & Jardine; 1,885 doors-B yce, Junor, & White; 853 pcs. oak lumber-J. H. Burrell & Co."
18970814p.229_p004.txt,48,Ultermore (*),Baltimore,ALEXANDRA DOCK,120 oak planks,Potts & Redhead,10,8,1897,14,8,1897,False,"10 Ultermore (*)-Baltimore-120 oak planks-Potts & Redhead; 458 pcs. oak lumber-Kennedy & Co.; 921 oak planks, 1,116 pkgs. doors-R. Coltart & Co."
18970814p.229_p004.txt,48,Ultermore (*),Baltimore,ALEXANDRA DOCK,458 pcs. oak lumber,Kennedy & Co.,10,8,1897,14,8,1897,False,"10 Ultermore (*)-Baltimore-120 oak planks-Potts & Redhead; 458 pcs. oak lumber-Kennedy & Co.; 921 oak planks, 1,116 pkgs. doors-R. Coltart & Co."
18970814p.229_p004.txt,48,Ultermore (*),Baltimore,ALEXANDRA DOCK,"921 oak planks, 1,116 pkgs. doors",R. Coltart & Co.,10,8,1897,14,8,1897,False,"10 Ultermore (*)-Baltimore-120 oak planks-Potts & Redhead; 458 pcs. oak lumber-Kennedy & Co.; 921 oak planks, 1,116 pkgs. doors-R. Coltart & Co."
18970814p.229_p004.txt,49,Virginian (*),Boston,ALEXANDRA DOCK,"3,863 bdls. and pcs. lumber",S. Segar,11,8,1897,14,8,1897,False,"11 Virginian (*)-Boston-3,863 bdls. and pcs. lumber-S. Segar; 650 bdls. and pcs. lumber-Churchill & Sim; 6,043 bdls. and pcs. lumber-L. Gartner; 4,647 bdls. and pcs. lumber-G. Becker; 293 bdls. lumber-Kennedy & Co.; 1,325 pcs lumber-Cobbett & Co.; 97 doors, 7 pkgs. wood-Budget & Co."
18970814p.229_p004.txt,49,Virginian (*),Boston,ALEXANDRA DOCK,650 bdls. and pcs. lumber,Churchill & Sim,11,8,1897,14,8,1897,False,"11 Virginian (*)-Boston-3,863 bdls. and pcs. lumber-S. Segar; 650 bdls. and pcs. lumber-Churchill & Sim; 6,043 bdls. and pcs. lumber-L. Gartner; 4,647 bdls. and pcs. lumber-G. Becker; 293 bdls. lumber-Kennedy & Co.; 1,325 pcs lumber-Cobbett & Co.; 97 doors, 7 pkgs. wood-Budget & Co."
18970814p.229_p004.txt,49,Virginian (*),Boston,ALEXANDRA DOCK,"6,043 bdls. and pcs. lumber",L. Gartner,11,8,1897,14,8,1897,False,"11 Virginian (*)-Boston-3,863 bdls. and pcs. lumber-S. Segar; 650 bdls. and pcs. lumber-Churchill & Sim; 6,043 bdls. and pcs. lumber-L. Gartner; 4,647 bdls. and pcs. lumber-G. Becker; 293 bdls. lumber-Kennedy & Co.; 1,325 pcs lumber-Cobbett & Co.; 97 doors, 7 pkgs. wood-Budget & Co."
18970814p.229_p004.txt,49,Virginian (*),Boston,ALEXANDRA DOCK,"4,647 bdls. and pcs. lumber",G. Becker,11,8,1897,14,8,1897,False,"11 Virginian (*)-Boston-3,863 bdls. and pcs. lumber-S. Segar; 650 bdls. and pcs. lumber-Churchill & Sim; 6,043 bdls. and pcs. lumber-L. Gartner; 4,647 bdls. and pcs. lumber-G. Becker; 293 bdls. lumber-Kennedy & Co.; 1,325 pcs lumber-Cobbett & Co.; 97 doors, 7 pkgs. wood-Budget & Co."
18970814p.229_p004.txt,49,Virginian (*),Boston,ALEXANDRA DOCK,293 bdls. lumber,Kennedy & Co.,11,8,1897,14,8,1897,False,"11 Virginian (*)-Boston-3,863 bdls. and pcs. lumber-S. Segar; 650 bdls. and pcs. lumber-Churchill & Sim; 6,043 bdls. and pcs. lumber-L. Gartner; 4,647 bdls. and pcs. lumber-G. Becker; 293 bdls. lumber-Kennedy & Co.; 1,325 pcs lumber-Cobbett & Co.; 97 doors, 7 pkgs. wood-Budget & Co."
18970814p.229_p004.txt,49,Virginian (*),Boston,ALEXANDRA DOCK,"1,325 pcs lumber",Cobbett & Co.,11,8,1897,14,8,1897,False,"11 Virginian (*)-Boston-3,863 bdls. and pcs. lumber-S. Segar; 650 bdls. and pcs. lumber-Churchill & Sim; 6,043 bdls. and pcs. lumber-L. Gartner; 4,647 bdls. and pcs. lumber-G. Becker; 293 bdls. lumber-Kennedy & Co.; 1,325 pcs lumber-Cobbett & Co.; 97 doors, 7 pkgs. wood-Budget & Co."
18970814p.229_p004.txt,49,Virginian (*),Boston,ALEXANDRA DOCK,"97 doors, 7 pkgs. wood",Budget & Co.,11,8,1897,14,8,1897,False,"11 Virginian (*)-Boston-3,863 bdls. and pcs. lumber-S. Segar; 650 bdls. and pcs. lumber-Churchill & Sim; 6,043 bdls. and pcs. lumber-L. Gartner; 4,647 bdls. and pcs. lumber-G. Becker; 293 bdls. lumber-Kennedy & Co.; 1,325 pcs lumber-Cobbett & Co.; 97 doors, 7 pkgs. wood-Budget & Co."
18970814p.229_p004.txt,51,Britannic (*),New York,CANADA DOCK,"530 pcs. hickory spars, 61 pcs. satinwood.",,6,8,1897,14,8,1897,False,"Aug. 6 Britannic (*)-New York-530 pcs. hickory spars, 61 pcs. satinwood."
18970814p.229_p004.txt,58,"Glen Grant, Quebec","288 pcs. oak, 53 pcs. elm, and 583 pcs. white pine timber, 2 pcs. oak, 2,790 spruce deals, 1,074 pine deal ends","J. H. ROWNTREE & CO.,",R. Parker & Co.,,7,8,1897,14,8,1897,False,"7 Glen Grant, Quebec-288 pcs. oak, 53 pcs. elm, and 583 pcs. white pine timber, 2 pcs. oak, 2,790 spruce deals, 1,074 pine deal ends-R. Parker & Co."
18970814p.229_p004.txt,60,Umbria (*),New York,"J. H. ROWNTREE & CO.,",728 bdls. staves,H. Rapp & Co.,9,8,1897,14,8,1897,False,"9 Umbria (*)-New York-728 bdls. staves-H. Rapp & Co.; 1,675 bdls. staves, 435 bdls. headings, 2,500 staves."
18970814p.229_p004.txt,60,Umbria (*),New York,"J. H. ROWNTREE & CO.,","1,675 bdls. staves, 435 bdls. headings, 2,500 staves.",,9,8,1897,14,8,1897,False,"9 Umbria (*)-New York-728 bdls. staves-H. Rapp & Co.; 1,675 bdls. staves, 435 bdls. headings, 2,500 staves."
18970814p.229_p004.txt,61,Majestic (*),New York,"J. H. ROWNTREE & CO.,","3,000 hhd. staves, 802 lancewood spars, 231 bdls. hickory blocks.",,11,8,1897,14,8,1897,False,"11 Majestic (*)-New York-3,000 hhd. staves, 802 lancewood spars, 231 bdls. hickory blocks."
18970814p.229_p004.txt,65,Baross (*),Fiume,MILLWALL DOCK,"5,290 oak planks, logs, and boards",S. Priday,9,8,1897,14,8,1897,False,"Aug. 9 Baross (*)-Fiume-5,290 oak planks, logs, and boards-S. Priday; 377 planks, 153 logs-W. Oliver & Sons; 835 planks, 120 logs, and 2,267 boards-New Nas Ver in."
18970814p.229_p004.txt,65,Baross (*),Fiume,MILLWALL DOCK,"377 planks, 153 logs",W. Oliver & Sons,9,8,1897,14,8,1897,False,"Aug. 9 Baross (*)-Fiume-5,290 oak planks, logs, and boards-S. Priday; 377 planks, 153 logs-W. Oliver & Sons; 835 planks, 120 logs, and 2,267 boards-New Nas Ver in."
18970814p.229_p004.txt,65,Baross (*),Fiume,MILLWALL DOCK,"835 planks, 120 logs, and 2,267 boards",New Nas Ver in.,9,8,1897,14,8,1897,False,"Aug. 9 Baross (*)-Fiume-5,290 oak planks, logs, and boards-S. Priday; 377 planks, 153 logs-W. Oliver & Sons; 835 planks, 120 logs, and 2,267 boards-New Nas Ver in."
18970814p.229_p004.txt,67,Mobile (*),New York,ROYAL ALBERT DOCK,"1 car lumber, 11 cs. teak lumber.",,5,8,1897,14,8,1897,False,"Aug. 5 Mobile (*)-New York-1 car lumber, 11 cs. teak lumber."
18970814p.229_p004.txt,68,Olive (*),Rouen,ROYAL ALBERT DOCK,115 logs.,,5,8,1897,14,8,1897,False,5 Olive (*)-Rouen-115 logs.
18970814p.229_p004.txt,69,Olbers (*),New York,ROYAL ALBERT DOCK,"3,974 pcs. and bdls. lumber",Churchill & Sim,6,8,1897,14,8,1897,False,"6 Olbers (*)-New York-3,974 pcs. and bdls. lumber-Churchill & Sim; 1,118 pcs. lumber."
18970814p.229_p004.txt,69,Olbers (*),New York,ROYAL ALBERT DOCK,"1,118 pcs. lumber.",,6,8,1897,14,8,1897,False,"6 Olbers (*)-New York-3,974 pcs. and bdls. lumber-Churchill & Sim; 1,118 pcs. lumber."
18970814p.229_p004.txt,70,Hyson (*),Singapore,ROYAL ALBERT DOCK,"989 bdls. and pcs. teak, 651 pcs. teak","Denny, Mott, & Co.",7,8,1897,14,8,1897,False,"7 Hyson (*)-Singapore-989 bdls. and pcs. teak, 651 pcs. teak-Denny, Mott, & Co.; 1,082 planks, 2,243 bdls. rattans."
18970814p.229_p004.txt,70,Hyson (*),Singapore,ROYAL ALBERT DOCK,"1,082 planks, 2,243 bdls. rattans.",,7,8,1897,14,8,1897,False,"7 Hyson (*)-Singapore-989 bdls. and pcs. teak, 651 pcs. teak-Denny, Mott, & Co.; 1,082 planks, 2,243 bdls. rattans."
18970814p.229_p004.txt,73,Congo (*),Boston,VICTORIA DOCK,"2,449 bdls. and pcs. lumber",G. Becker,5,8,1897,14,8,1897,False,"Aug. 5 Congo (*)-Boston-2,449 bdls. and pcs. lumber-G. Becker; 3,031 bdls. and pcs. lumber-Cobbett & Co.; 2,579 bdls. and pcs. lumber-J. Kennedy & Co.; 4,043 pcs. lumber-S. Segar; 2,941 pcs. and bdls. lumber."
18970814p.229_p004.txt,73,Congo (*),Boston,VICTORIA DOCK,"3,031 bdls. and pcs. lumber",Cobbett & Co.,5,8,1897,14,8,1897,False,"Aug. 5 Congo (*)-Boston-2,449 bdls. and pcs. lumber-G. Becker; 3,031 bdls. and pcs. lumber-Cobbett & Co.; 2,579 bdls. and pcs. lumber-J. Kennedy & Co.; 4,043 pcs. lumber-S. Segar; 2,941 pcs. and bdls. lumber."
18970814p.229_p004.txt,73,Congo (*),Boston,VICTORIA DOCK,"2,579 bdls. and pcs. lumber",J. Kennedy & Co.,5,8,1897,14,8,1897,False,"Aug. 5 Congo (*)-Boston-2,449 bdls. and pcs. lumber-G. Becker; 3,031 bdls. and pcs. lumber-Cobbett & Co.; 2,579 bdls. and pcs. lumber-J. Kennedy & Co.; 4,043 pcs. lumber-S. Segar; 2,941 pcs. and bdls. lumber."
18970814p.229_p004.txt,73,Congo (*),Boston,VICTORIA DOCK,"4,043 pcs. lumber",S. Segar,5,8,1897,14,8,1897,False,"Aug. 5 Congo (*)-Boston-2,449 bdls. and pcs. lumber-G. Becker; 3,031 bdls. and pcs. lumber-Cobbett & Co.; 2,579 bdls. and pcs. lumber-J. Kennedy & Co.; 4,043 pcs. lumber-S. Segar; 2,941 pcs. and bdls. lumber."
18970814p.229_p004.txt,73,Congo (*),Boston,VICTORIA DOCK,"2,941 pcs. and bdls. lumber.",,5,8,1897,14,8,1897,False,"Aug. 5 Congo (*)-Boston-2,449 bdls. and pcs. lumber-G. Becker; 3,031 bdls. and pcs. lumber-Cobbett & Co.; 2,579 bdls. and pcs. lumber-J. Kennedy & Co.; 4,043 pcs. lumber-S. Segar; 2,941 pcs. and bdls. lumber."
18970814p.229_p004.txt,74,Oriel (*),Boston,VICTORIA DOCK,"15,831 pcs. and bdls. lumber, 1,116 pkgs. doors.",,6,8,1897,14,8,1897,False,"6 Oriel (*)-Boston-15,831 pcs. and bdls. lumber, 1,116 pkgs. doors."
18970814p.229_p004.txt,76,Susanne,Tegal,WEST INDIA DOCK,"1,000 pcs. teak.",,9,8,1897,14,8,1897,False,"Aug. 9 Susanne-Tegal-1,000 pcs. teak."
18970814p.229_p004.txt,78,Merlin,Edward,CARRIERS' DOCK,Coatzacoalco,57 logs mahogany,11,8,1897,14,8,1897,False,"Aug. 11 Merlin-Edward-Coatzacoalco-57 logs mahogany; from Caginnes-67 ends, 257 logs, 102 pcs. mahogany-H. W. Peabody."
18970814p.229_p004.txt,78,Merlin,Edward,CARRIERS' DOCK,from Caginnes,"67 ends, 257 logs, 102 pcs. mahogany-H. W. Peabody.",11,8,1897,14,8,1897,False,"Aug. 11 Merlin-Edward-Coatzacoalco-57 logs mahogany; from Caginnes-67 ends, 257 logs, 102 pcs. mahogany-H. W. Peabody."
18970814p.229_p004.txt,81,Traveller (*),New Orleans,GARSTON DOCK,"16 cars oak lumber, 5,200 flat and 5,745 planed staves",E. Alcott.,5,8,1897,14,8,1897,False,"Aug. 5 Traveller (*)-New Orleans-16 cars oak lumber, 5,200 flat and 5,745 planed staves-E. Alcott."
18970814p.229_p004.txt,84,Axim (*),443 logs timber,COBURG DOCK,sundry consignees,,9,8,1897,14,8,1897,False,Aug. 9 Axim (*)-443 logs timber-sundry consignees; from Assinee-198 logs timber.
18970814p.229_p004.txt,84,Axim (*),443 logs timber,COBURG DOCK,from Assinee,198 logs timber.,9,8,1897,14,8,1897,False,Aug. 9 Axim (*)-443 logs timber-sundry consignees; from Assinee-198 logs timber.
18970814p.229_p004.txt,86,Rhynland (*),Philadelphia,OTHER DOCKS AND WHARVES,1 brl. hardwood,Fox & Mason,5,8,1897,14,8,1897,False,"Aug. 5 Rhynland (*)-Philadelphia-1 brl. hardwood-Fox & Mason; 6,607 staves-Farnworth & Jardine; 15 poplar logs."
18970814p.229_p004.txt,86,Rhynland (*),Philadelphia,OTHER DOCKS AND WHARVES,"6,607 staves",Farnworth & Jardine,5,8,1897,14,8,1897,False,"Aug. 5 Rhynland (*)-Philadelphia-1 brl. hardwood-Fox & Mason; 6,607 staves-Farnworth & Jardine; 15 poplar logs."
18970814p.229_p004.txt,86,Rhynland (*),Philadelphia,OTHER DOCKS AND WHARVES,15 poplar logs.,,5,8,1897,14,8,1897,False,"Aug. 5 Rhynland (*)-Philadelphia-1 brl. hardwood-Fox & Mason; 6,607 staves-Farnworth & Jardine; 15 poplar logs."
18970814p.229_p004.txt,87,Benedict (*),Halifax,OTHER DOCKS AND WHARVES,585 pcs. lignum,"vitae, 387 pcs. lancewood, 530 pcs. ebony.",6,8,1897,14,8,1897,False,"6 Benedict (*)-Halifax-585 pcs. lignum-vitae, 387 pcs. lancewood, 530 pcs. ebony."
18970814p.229_p004.txt,88,Excelsior,Laguna,OTHER DOCKS AND WHARVES,270 pcs. mahogany and cedar,Skelton & Scofield.,11,8,1897,14,8,1897,False,11 Excelsior-Laguna-270 pcs. mahogany and cedar-Skelton & Scofield.
18970814p.229_p004.txt,90,Raglan Castle (*),Mauritius,OTHER DOCKS AND WHARVES,562 logs.,,5,8,1897,14,8,1897,False,Aug. 5 Raglan Castle (*)-Mauritius-562 logs.
18970814p.229_p004.txt,91,Red,tart (*),OTHER DOCKS AND WHARVES,Hambro,97 logs mahogany.,6,8,1897,14,8,1897,False,6 Red-tart (*)-Hambro-97 logs mahogany.
18970814p.229_p004.txt,92,Clan Campbell (*),Madras,OTHER DOCKS AND WHARVES,50 tons redwood.,,9,8,1897,14,8,1897,False,9 Clan Campbell (*)-Madras-50 tons redwood.
18970814p.229_p004.txt,94,Lancashire (*),Rangoon,OTHER DOCKS AND WHARVES,"12,092 pcs. and bdls. teak, 5,800 pcs. teak.",,11,8,1897,14,8,1897,False,"11 Lancashire (*)-Rangoon-12,092 pcs. and bdls. teak, 5,800 pcs. teak."
18970918p.408_p003.txt,16,San Luis,Gefle,SHOREHAM,544 lds. sawn fir,Morgan & Sons,9,9,1897,18,9,1897,False,Sept. 9 San Luis-Gefle-544 lds. sawn fir-Morgan & Sons
18970918p.408_p003.txt,17,Aid,Archangel,SHOREHAM,478 lds. deals and boards,W. Smith,11,9,1897,18,9,1897,False,11 Aid-Archangel-478 lds. deals and boards-W. Smith
18970918p.408_p003.txt,20,Norden,Onega,SHOREHAM,435 lds. deals and boards,W. Smith,13,9,1897,18,9,1897,False,13 Norden-Onega-435 lds. deals and boards-W. Smith
18970918p.408_p003.txt,23,Gard (,),SOUTHAMPTON,Uleaborg,"1,000 lds. sawn fir-Escombe Bros.",8,9,1897,18,9,1897,False,"Sept. 8 Gard (-)-Uleaborg-1,000 lds. sawn fir-Escombe Bros."
18970918p.408_p003.txt,25,Bethlehem Archangel,681 lds. sawn fir,SOUTHAMPTON,Butt & Sons,,10,9,1897,18,9,1897,False,10 Bethlehem Archangel-681 lds. sawn fir-Butt & Sons
18970918p.408_p003.txt,30,Ceres,Archangel,SOUTHAMPTON,793 lds. sawn fir,Royal Mail Steam Packet Co.,11,9,1897,18,9,1897,False,11 Ceres-Archangel-793 lds. sawn fir-Royal Mail Steam Packet Co.
18970918p.408_p003.txt,32,Olava,Sundswall,SOUTHAMPTON,435 lds. boards and firewood,F. Ayres,13,9,1897,18,9,1897,False,13 Olava-Sundswall-435 lds. boards and firewood-F. Ayres
18970918p.408_p003.txt,35,Whimbrel,Goteborg,SUNDERLAND,200 lds. sawn fir,E. Wiener & Co.,7,9,1897,18,9,1897,True,Sept. 7 Whimbrel -Goteborg-200 lds. sawn fir-E. Wiener & Co.
18970918p.408_p003.txt,36,Gunhild,Uddevalla,SUNDERLAND,435 lds. sawn fir,Wiener,9,9,1897,18,9,1897,False,9 Gunhild-Uddevalla-435 lds. sawn fir-Wiener
18970918p.408_p003.txt,40,Die Geschwister,Windau,SUNDERLAND,180 lds. pit props,"Pyman, Bell, & Co.",13,9,1897,18,9,1897,False,"13 Die Geschwister-Windau-180 lds. pit props-Pyman, Bell, & Co."
18970918p.408_p003.txt,45,Maris Stella,Arcachon,SWANSEA,160 lds. pitwood,Newport Pitwood Co.,8,9,1897,18,9,1897,False,Sept. 8 Maris Stella-Arcachon-160 lds. pitwood -Newport Pitwood Co.
18970918p.408_p003.txt,46,Petit Joseph,Auray,SWANSEA,170 lds. pitwood,William Davies & Co.,11,9,1897,18,9,1897,False,11 Petit Joseph-Auray-170 lds. pitwood-William Davies & Co.
18970918p.408_p003.txt,49,Familier,Hernösand,TYNE,"9,974 pcs. deals, battens, and boards",Jas. Scott & Co.,8,9,1897,18,9,1897,False,"Sept. 8 Familier-Hernösand-9,974 pcs. deals, battens, and boards-Jas. Scott & Co."
18970918p.408_p003.txt,51,Cairnerag,Sabine Pass,TYNE,"14,032 pcs. sawn boards, 1,651 pcs. pitch pine timber","Hall, & Co.",9,9,1897,18,9,1897,True,"9 Cairnerag -Sabine Pass-14,032 pcs. sawn boards, 1,651 pcs. pitch pine timber-Hall, & Co. ; 1,652 pcs. sawn pine-Shepherd & Co. ; 1,070 pcs. sawn fir-A. Hood & Co."
18970918p.408_p003.txt,51,Cairnerag,Sabine Pass,TYNE,"1,652 pcs. sawn pine",Shepherd & Co.,9,9,1897,18,9,1897,True,"9 Cairnerag -Sabine Pass-14,032 pcs. sawn boards, 1,651 pcs. pitch pine timber-Hall, & Co. ; 1,652 pcs. sawn pine-Shepherd & Co. ; 1,070 pcs. sawn fir-A. Hood & Co."
18970918p.408_p003.txt,51,Cairnerag,Sabine Pass,TYNE,"1,070 pcs. sawn fir",A. Hood & Co.,9,9,1897,18,9,1897,True,"9 Cairnerag -Sabine Pass-14,032 pcs. sawn boards, 1,651 pcs. pitch pine timber-Hall, & Co. ; 1,652 pcs. sawn pine-Shepherd & Co. ; 1,070 pcs. sawn fir-A. Hood & Co."
18970918p.408_p003.txt,54,Juno,Antwerp,TYNE,"30 bdls. wood, 1,000 pkgs. baskets, 1,591 bags bark",,10,9,1897,18,9,1897,True,"10 Juno -Antwerp-30 bdls. wood, 1,000 pkgs. baskets, 1,591 bags bark"
18970918p.408_p003.txt,60,Amor,Fredrikshald,TYNE,"29,138 floorings, battens and scantlings",,11,9,1897,18,9,1897,False,"11 Amor-Fredrikshald-29,138 floorings, battens and scantlings"
18970918p.408_p003.txt,63,Countess,Stettin,TYNE,"14,730 pit props",Hall,13,9,1897,18,9,1897,True,"13 Countess -Stettin-14,730 pit props-Hall"
18970918p.408_p003.txt,78,Magnet,Skelleftea,WHITEHAVEN,"1,220 lds. sawn fir",J. W. Jackson,8,9,1897,18,9,1897,False,"Sept. 8 Magnet-Skelleftea-1,220 lds. sawn fir-J. W. Jackson"
18970918p.408_p003.txt,79,Activ,Pensacola,WHITEHAVEN,838 lds. sawn fir,Jackson,11,9,1897,18,9,1897,False,11 Activ-Pensacola-838 lds. sawn fir-Jackson
18970918p.408_p003.txt,82,Speculation,Helsingfors,WISBECH,300 lds. battens and boards,English Bros. Ltd.,8,9,1897,18,9,1897,False,Sept. 8 Speculation-Helsingfors-300 lds. battens and boards-English Bros. Ltd.
18970918p.408_p003.txt,83,Anna Boerm,Helsingfors,WISBECH,317 lds. battens and boards,English Bros. Ltd.,10,9,1897,18,9,1897,False,10 Anna Boerm-Helsingfors-317 lds. battens and boards-English Bros. Ltd.
18970918p.408_p003.txt,86,Egersund,Archangel,YARMOUTH,602 lds. sawn fir,J. & J. Colman,8,9,1897,18,9,1897,False,Sept. 8 Egersund-Archangel-602 lds. sawn fir-J. & J. Colman
18970918p.408_p003.txt,87,Ellen,Archangel,YARMOUTH,"475 lds. battens, boards, and ends",A. & W. Cushion,9,9,1897,18,9,1897,False,"9 Ellen-Archangel-475 lds. battens, boards, and ends-A. & W. Cushion"
18970918p.408_p003.txt,88,Embla,Archangel,YARMOUTH,460 lds. sawn fir,J. Porter,10,9,1897,18,9,1897,False,10 Embla-Archangel-460 lds. sawn fir-J. Porter
18970918p.408_p003.txt,94,Constantia,Fredrikshald,YARMOUTH,409 lds. sawn fir,Jewson & Sons,11,9,1897,18,9,1897,False,11 Constantia-Fredrikshald-409 lds. sawn fir-Jewson & Sons
18970918p.408_p003.txt,97,Amazone,Drammen,DOUGLAS,381 lds. sawn fir,Quiggin & Co.,6,9,1897,18,9,1897,False,Sept. 6 Amazone-Drammen-381 lds. sawn fir-Quiggin & Co.
18970918p.408_p003.txt,101,Arthur Head,"St. John, N.B.",BELFAST,"3,973 lds. deals and ends",H. Hutton & Co.,7,9,1897,18,9,1897,False,"Sept. 7 Arthur Head-St. John, N.B.-3,973 lds. deals and ends-H. Hutton & Co."
18970918p.408_p003.txt,103,City of Bristol,Rotterdam,BELFAST,4 lds. hoops,J. C. Pinkerton & Co.,8,9,1897,18,9,1897,False,8 City of Bristol-Rotterdam-4 lds. hoops-J. C. Pinkerton & Co.
18970918p.408_p003.txt,108,Shakespeare,Quebec,CORK,"26 lds. hewn oak, 108 lds. hewn unrated, 353 lds. hewn fir, 357 lds. sawn fir",Eustace & Co.,10,9,1897,18,9,1897,False,"Sept. 10 Shakespeare-Quebec-26 lds. hewn oak, 108 lds. hewn unrated, 353 lds. hewn fir, 357 lds. sawn fir-Eustace & Co."
18970918p.408_p003.txt,111,India,Quebec,LIMERICK,"1,190 lds. sawn fir",F. Spaight & Sons,13,9,1897,18,9,1897,False,"Sept. 13 India-Quebec-1,190 lds. sawn fir-F. Spaight & Sons"
18970918p.408_p003.txt,114,Deer Hill,Montreal,SLIGO,850 lds. deals and ends,Geo. Bell,7,9,1897,18,9,1897,False,Sept. 7 Deer Hill-Montreal-850 lds. deals and ends-Geo. Bell
18970918p.408_p003.txt,117,Lowwood,"St. John, N.B.",WATERFORD,"1,660 lds. deals",Graves & Co.,7,9,1897,18,9,1897,False,"Sept. 7 Lowwood-St. John, N.B.-1,660 lds. deals-Graves & Co."
18970918p.408_p003.txt,122,O'brien,Boston,ALEXANDRA DOCK,"1,044 pcs. walnut",J. H. Burrell & Co.,11,9,1897,18,9,1897,True,"Sept. 11 O'brien -Boston-1,044 pcs. walnut-J. H. Burrell & Co. ; 795 doors-J. Sansom ; 202 bdls. mouldings"
18970918p.408_p003.txt,122,O'brien,Boston,ALEXANDRA DOCK,795 doors,J. Sansom,11,9,1897,18,9,1897,True,"Sept. 11 O'brien -Boston-1,044 pcs. walnut-J. H. Burrell & Co. ; 795 doors-J. Sansom ; 202 bdls. mouldings"
18970918p.408_p003.txt,122,O'brien,Boston,ALEXANDRA DOCK,202 bdls. mouldings,,11,9,1897,18,9,1897,True,"Sept. 11 O'brien -Boston-1,044 pcs. walnut-J. H. Burrell & Co. ; 795 doors-J. Sansom ; 202 bdls. mouldings"
18970918p.408_p003.txt,123,Kansas,Boston,ALEXANDRA DOCK,"7,190 staves",Farnworth & Jardine,13,9,1897,18,9,1897,True,"13 Kansas -Boston-7,190 staves-Farnworth & Jardine ; 37 bdls. doors-Proctor ; 1,641 doors-Collicut ; 347 pcs. oak lumbar-A. Dobell & Co. ; 177 mahogany logs"
18970918p.408_p003.txt,123,Kansas,Boston,ALEXANDRA DOCK,37 bdls. doors,Proctor,13,9,1897,18,9,1897,True,"13 Kansas -Boston-7,190 staves-Farnworth & Jardine ; 37 bdls. doors-Proctor ; 1,641 doors-Collicut ; 347 pcs. oak lumbar-A. Dobell & Co. ; 177 mahogany logs"
18970918p.408_p003.txt,123,Kansas,Boston,ALEXANDRA DOCK,"1,641 doors",Collicut,13,9,1897,18,9,1897,True,"13 Kansas -Boston-7,190 staves-Farnworth & Jardine ; 37 bdls. doors-Proctor ; 1,641 doors-Collicut ; 347 pcs. oak lumbar-A. Dobell & Co. ; 177 mahogany logs"
18970918p.408_p003.txt,123,Kansas,Boston,ALEXANDRA DOCK,347 pcs. oak lumbar,A. Dobell & Co.,13,9,1897,18,9,1897,True,"13 Kansas -Boston-7,190 staves-Farnworth & Jardine ; 37 bdls. doors-Proctor ; 1,641 doors-Collicut ; 347 pcs. oak lumbar-A. Dobell & Co. ; 177 mahogany logs"
18970918p.408_p003.txt,123,Kansas,Boston,ALEXANDRA DOCK,177 mahogany logs,,13,9,1897,18,9,1897,True,"13 Kansas -Boston-7,190 staves-Farnworth & Jardine ; 37 bdls. doors-Proctor ; 1,641 doors-Collicut ; 347 pcs. oak lumbar-A. Dobell & Co. ; 177 mahogany logs"
18970918p.408_p003.txt,125,Roman (,),ALEXANDRA DOCK,Boston,"2,154 pcs. hardwood-Irvin & Sellers",14,9,1897,18,9,1897,False,"14 Roman (-)-Boston-2,154 pcs. hardwood-Irvin & Sellers ; 5,360 bbd. staves-Farnworth & Jardine ; 727 bdls. walnut lumber-Beaton-1,446 pcs. oak lumber"
18970918p.408_p003.txt,125,Roman (,),ALEXANDRA DOCK,"5,360 bbd. staves",Farnworth & Jardine,14,9,1897,18,9,1897,False,"14 Roman (-)-Boston-2,154 pcs. hardwood-Irvin & Sellers ; 5,360 bbd. staves-Farnworth & Jardine ; 727 bdls. walnut lumber-Beaton-1,446 pcs. oak lumber"
18970918p.408_p003.txt,125,Roman (,),ALEXANDRA DOCK,727 bdls. walnut lumber,"Beaton-1,446 pcs. oak lumber",14,9,1897,18,9,1897,False,"14 Roman (-)-Boston-2,154 pcs. hardwood-Irvin & Sellers ; 5,360 bbd. staves-Farnworth & Jardine ; 727 bdls. walnut lumber-Beaton-1,446 pcs. oak lumber"
18970918p.408_p003.txt,126,Cephelonia,New Orleans,ALEXANDRA DOCK,"9,600 staves",E. Alcott & Co.,15,9,1897,18,9,1897,True,"15 Cephelonia -New Orleans-9,600 staves-E. Alcott & Co. ; 375 pcs. pitch pine, 2008"
18970918p.408_p003.txt,126,Cephelonia,New Orleans,ALEXANDRA DOCK,"375 pcs. pitch pine, 2008",,15,9,1897,18,9,1897,True,"15 Cephelonia -New Orleans-9,600 staves-E. Alcott & Co. ; 375 pcs. pitch pine, 2008"
18970918p.408_p003.txt,129,(,),CANADA DOCK,New York,"1,700 hhd. staves-Farnworth & Jardine",9,9,1897,18,9,1897,False,"Sept. 9 (-)-New York - 1,700 hhd. staves-Farnworth & Jardine"
18970918p.408_p003.txt,130,(,),CANADA DOCK,New York,"1,820 bdls. staves-Farnworth & Jardine",11,9,1897,18,9,1897,False,"11 (-)-New York-1,820 bdls. staves-Farnworth & Jardine"
18970918p.408_p003.txt,133,Laguna,"187 logs mahogany and cedar, 53 log ends",CARRIERS' DOCK,D. Midgley & Sons,,11,9,1897,18,9,1897,False,"Sept. 11 Laguna-187 logs mahogany and cedar, 53 log ends-D. Midgley & Sons"
18970918p.408_p003.txt,136,Coomassie,Lahou,HARRINGTON DOCK,14 logs mahogany,,13,9,1897,18,9,1897,True,Sept. 13 Coomassie -Lahou-14 logs mahogany ; from Grand Bassam-36 logs mahogany ; from Axim-431 logs mahogany ; from Ampain-51 logs mahogany ; from Assinee-191 logs mahogany ; from signees-28 logs mahogany ; from Axim-165 logs mahogany ; from Assinee-191 logs mahogany ; from signees-28 logs mahogany ; from Axim-30 logs mahogany
18970918p.408_p003.txt,136,Coomassie,Lahou,HARRINGTON DOCK,from Grand Bassam,36 logs mahogany,13,9,1897,18,9,1897,True,Sept. 13 Coomassie -Lahou-14 logs mahogany ; from Grand Bassam-36 logs mahogany ; from Axim-431 logs mahogany ; from Ampain-51 logs mahogany ; from Assinee-191 logs mahogany ; from signees-28 logs mahogany ; from Axim-165 logs mahogany ; from Assinee-191 logs mahogany ; from signees-28 logs mahogany ; from Axim-30 logs mahogany
18970918p.408_p003.txt,136,Coomassie,Lahou,HARRINGTON DOCK,from Axim,431 logs mahogany,13,9,1897,18,9,1897,True,Sept. 13 Coomassie -Lahou-14 logs mahogany ; from Grand Bassam-36 logs mahogany ; from Axim-431 logs mahogany ; from Ampain-51 logs mahogany ; from Assinee-191 logs mahogany ; from signees-28 logs mahogany ; from Axim-165 logs mahogany ; from Assinee-191 logs mahogany ; from signees-28 logs mahogany ; from Axim-30 logs mahogany
18970918p.408_p003.txt,136,Coomassie,Lahou,HARRINGTON DOCK,from Ampain,51 logs mahogany,13,9,1897,18,9,1897,True,Sept. 13 Coomassie -Lahou-14 logs mahogany ; from Grand Bassam-36 logs mahogany ; from Axim-431 logs mahogany ; from Ampain-51 logs mahogany ; from Assinee-191 logs mahogany ; from signees-28 logs mahogany ; from Axim-165 logs mahogany ; from Assinee-191 logs mahogany ; from signees-28 logs mahogany ; from Axim-30 logs mahogany
18970918p.408_p003.txt,136,Coomassie,Lahou,HARRINGTON DOCK,from Assinee,191 logs mahogany,13,9,1897,18,9,1897,True,Sept. 13 Coomassie -Lahou-14 logs mahogany ; from Grand Bassam-36 logs mahogany ; from Axim-431 logs mahogany ; from Ampain-51 logs mahogany ; from Assinee-191 logs mahogany ; from signees-28 logs mahogany ; from Axim-165 logs mahogany ; from Assinee-191 logs mahogany ; from signees-28 logs mahogany ; from Axim-30 logs mahogany
18970918p.408_p003.txt,136,Coomassie,Lahou,HARRINGTON DOCK,from signees,28 logs mahogany,13,9,1897,18,9,1897,True,Sept. 13 Coomassie -Lahou-14 logs mahogany ; from Grand Bassam-36 logs mahogany ; from Axim-431 logs mahogany ; from Ampain-51 logs mahogany ; from Assinee-191 logs mahogany ; from signees-28 logs mahogany ; from Axim-165 logs mahogany ; from Assinee-191 logs mahogany ; from signees-28 logs mahogany ; from Axim-30 logs mahogany
18970918p.408_p003.txt,136,Coomassie,Lahou,HARRINGTON DOCK,from Axim,165 logs mahogany,13,9,1897,18,9,1897,True,Sept. 13 Coomassie -Lahou-14 logs mahogany ; from Grand Bassam-36 logs mahogany ; from Axim-431 logs mahogany ; from Ampain-51 logs mahogany ; from Assinee-191 logs mahogany ; from signees-28 logs mahogany ; from Axim-165 logs mahogany ; from Assinee-191 logs mahogany ; from signees-28 logs mahogany ; from Axim-30 logs mahogany
18970918p.408_p003.txt,136,Coomassie,Lahou,HARRINGTON DOCK,from Assinee,191 logs mahogany,13,9,1897,18,9,1897,True,Sept. 13 Coomassie -Lahou-14 logs mahogany ; from Grand Bassam-36 logs mahogany ; from Axim-431 logs mahogany ; from Ampain-51 logs mahogany ; from Assinee-191 logs mahogany ; from signees-28 logs mahogany ; from Axim-165 logs mahogany ; from Assinee-191 logs mahogany ; from signees-28 logs mahogany ; from Axim-30 logs mahogany
18970918p.408_p003.txt,136,Coomassie,Lahou,HARRINGTON DOCK,from signees,28 logs mahogany,13,9,1897,18,9,1897,True,Sept. 13 Coomassie -Lahou-14 logs mahogany ; from Grand Bassam-36 logs mahogany ; from Axim-431 logs mahogany ; from Ampain-51 logs mahogany ; from Assinee-191 logs mahogany ; from signees-28 logs mahogany ; from Axim-165 logs mahogany ; from Assinee-191 logs mahogany ; from signees-28 logs mahogany ; from Axim-30 logs mahogany
18970918p.408_p003.txt,136,Coomassie,Lahou,HARRINGTON DOCK,from Axim,30 logs mahogany,13,9,1897,18,9,1897,True,Sept. 13 Coomassie -Lahou-14 logs mahogany ; from Grand Bassam-36 logs mahogany ; from Axim-431 logs mahogany ; from Ampain-51 logs mahogany ; from Assinee-191 logs mahogany ; from signees-28 logs mahogany ; from Axim-165 logs mahogany ; from Assinee-191 logs mahogany ; from signees-28 logs mahogany ; from Axim-30 logs mahogany
18970918p.408_p003.txt,139,Tauric,Karlsburg,HORNBY DOCK,"11,405,943 staves",Farnworth & Jardine,11,9,1897,18,9,1897,True,"Sept. 11 Tauric -Karlsburg-11,405,943 staves-Farnworth & Jardine"
18970918p.408_p003.txt,143,Snefril (,),SANDON DOCK,Kingston,"203 pcs. satinwood, lignum-vitæ, 491 pcs. satinwood-Chaloner & Co.",9,9,1897,18,9,1897,False,"Sept. 9 Snefril (-)-Kingston-203 pcs. satinwood, lignum-vitæ, 491 pcs. satinwood-Chaloner & Co. ; from Pensacola, 42,91 pcs. walnut, 42,91 pcs. pitch pine timber, 43 pcs. pitch pine timber"
18970918p.408_p003.txt,143,Snefril (,),SANDON DOCK,"from Pensacola, 42,91 pcs. walnut, 42,91 pcs. pitch pine timber, 43 pcs. pitch pine timber",,9,9,1897,18,9,1897,False,"Sept. 9 Snefril (-)-Kingston-203 pcs. satinwood, lignum-vitæ, 491 pcs. satinwood-Chaloner & Co. ; from Pensacola, 42,91 pcs. walnut, 42,91 pcs. pitch pine timber, 43 pcs. pitch pine timber"
18970918p.408_p003.txt,144,(,),SANDON DOCK,Baltimore,120 walnut logs-Farnworth & Jardine,13,9,1897,18,9,1897,False,"13 (-)-Baltimore-120 walnut logs-Farnworth & Jardine ; 67 walnut logs-Order ; 19 pine logs-J. Smith & Co. ; 747 pcs. oak planks-E. C. Collins ; 284 oak planks-R. Coltart & Co. ; 2,932 oak planks-J. Kennedy & Co. ; 1,346 no. 129 bdls. poplar boards, 258 poplar squares-Ingham ; 343 oak staves"
18970918p.408_p003.txt,144,(,),SANDON DOCK,67 walnut logs,Order,13,9,1897,18,9,1897,False,"13 (-)-Baltimore-120 walnut logs-Farnworth & Jardine ; 67 walnut logs-Order ; 19 pine logs-J. Smith & Co. ; 747 pcs. oak planks-E. C. Collins ; 284 oak planks-R. Coltart & Co. ; 2,932 oak planks-J. Kennedy & Co. ; 1,346 no. 129 bdls. poplar boards, 258 poplar squares-Ingham ; 343 oak staves"
18970918p.408_p003.txt,144,(,),SANDON DOCK,19 pine logs,J. Smith & Co.,13,9,1897,18,9,1897,False,"13 (-)-Baltimore-120 walnut logs-Farnworth & Jardine ; 67 walnut logs-Order ; 19 pine logs-J. Smith & Co. ; 747 pcs. oak planks-E. C. Collins ; 284 oak planks-R. Coltart & Co. ; 2,932 oak planks-J. Kennedy & Co. ; 1,346 no. 129 bdls. poplar boards, 258 poplar squares-Ingham ; 343 oak staves"
18970918p.408_p003.txt,144,(,),SANDON DOCK,747 pcs. oak planks,E. C. Collins,13,9,1897,18,9,1897,False,"13 (-)-Baltimore-120 walnut logs-Farnworth & Jardine ; 67 walnut logs-Order ; 19 pine logs-J. Smith & Co. ; 747 pcs. oak planks-E. C. Collins ; 284 oak planks-R. Coltart & Co. ; 2,932 oak planks-J. Kennedy & Co. ; 1,346 no. 129 bdls. poplar boards, 258 poplar squares-Ingham ; 343 oak staves"
18970918p.408_p003.txt,144,(,),SANDON DOCK,284 oak planks,R. Coltart & Co.,13,9,1897,18,9,1897,False,"13 (-)-Baltimore-120 walnut logs-Farnworth & Jardine ; 67 walnut logs-Order ; 19 pine logs-J. Smith & Co. ; 747 pcs. oak planks-E. C. Collins ; 284 oak planks-R. Coltart & Co. ; 2,932 oak planks-J. Kennedy & Co. ; 1,346 no. 129 bdls. poplar boards, 258 poplar squares-Ingham ; 343 oak staves"
18970918p.408_p003.txt,144,(,),SANDON DOCK,"2,932 oak planks",J. Kennedy & Co.,13,9,1897,18,9,1897,False,"13 (-)-Baltimore-120 walnut logs-Farnworth & Jardine ; 67 walnut logs-Order ; 19 pine logs-J. Smith & Co. ; 747 pcs. oak planks-E. C. Collins ; 284 oak planks-R. Coltart & Co. ; 2,932 oak planks-J. Kennedy & Co. ; 1,346 no. 129 bdls. poplar boards, 258 poplar squares-Ingham ; 343 oak staves"
18970918p.408_p003.txt,144,(,),SANDON DOCK,"1,346 no. 129 bdls. poplar boards, 258 poplar squares",Ingham,13,9,1897,18,9,1897,False,"13 (-)-Baltimore-120 walnut logs-Farnworth & Jardine ; 67 walnut logs-Order ; 19 pine logs-J. Smith & Co. ; 747 pcs. oak planks-E. C. Collins ; 284 oak planks-R. Coltart & Co. ; 2,932 oak planks-J. Kennedy & Co. ; 1,346 no. 129 bdls. poplar boards, 258 poplar squares-Ingham ; 343 oak staves"
18970918p.408_p003.txt,144,(,),SANDON DOCK,343 oak staves,,13,9,1897,18,9,1897,False,"13 (-)-Baltimore-120 walnut logs-Farnworth & Jardine ; 67 walnut logs-Order ; 19 pine logs-J. Smith & Co. ; 747 pcs. oak planks-E. C. Collins ; 284 oak planks-R. Coltart & Co. ; 2,932 oak planks-J. Kennedy & Co. ; 1,346 no. 129 bdls. poplar boards, 258 poplar squares-Ingham ; 343 oak staves"
18970918p.408_p003.txt,147,(,),TOXTETH DOCK,Philadelphia,"3,000 staves-Farnworth & Jardine",11,9,1897,18,9,1897,False,"Sept. 11 (-)-Philadelphia-3,000 staves-Farnworth & Jardine"
18970918p.408_p003.txt,148,(,),TOXTETH DOCK,Boston,"11,706 pcs. lumber",13,9,1897,18,9,1897,False,"13 (-)-Boston-11,706 pcs. lumber"
18970918p.408_p003.txt,151,(,),WAPPING DOCK,Hamburg,"466 pcs. boxwood, 130 bdls. beech wood",11,9,1897,18,9,1897,False,"Sept. 11 (-)-Hamburg-466 pcs. boxwood, 130 bdls. beech wood"
18970918p.408_p003.txt,152,(,),WAPPING DOCK,Hamburg,"226 pcs. ebony, 337",13,9,1897,18,9,1897,False,"13 (-)-Hamburg-226 pcs. ebony, 337"
18970918p.408_p003.txt,155,Goolwar (,),ELIZABETH DOCK,Rangoon,"691 teak squares, 166 teak scantlings, 655 half teak blocks-Duncan, Ewing & Co.",14,9,1897,18,9,1897,False,"Sept. 14 Goolwar (-)-Rangoon-691 teak squares, 166 teak scantlings, 655 half teak blocks-Duncan, Ewing & Co. ; 130 teak planks"
18970918p.408_p003.txt,155,Goolwar (,),ELIZABETH DOCK,130 teak planks,,14,9,1897,18,9,1897,False,"Sept. 14 Goolwar (-)-Rangoon-691 teak squares, 166 teak scantlings, 655 half teak blocks-Duncan, Ewing & Co. ; 130 teak planks"
18970918p.408_p003.txt,158,(,),DOCKS AND WHARVES,New Orleans,"15 cars lumber, 1,102 pcs. gum wood, 677 pcs. poplar-Farnworth & Jardine",11,9,1897,18,9,1897,False,"Sept. 11 (-)-New Orleans-15 cars lumber, 1,102 pcs. gum wood, 677 pcs. poplar-Farnworth & Jardine ; 162 bdls. poplar-Order ; 516 pcs. w.w.-Duncan, Ewing, & Co. ; 747 pcs. oak-Order ; 284 oak planks-E. C. Collins ; 284 oak planks-R. Coltart & Co. ; 2,932 oak planks-J. Kennedy & Co. ; 1,346 no. 129 bdls. poplar boards, 258 poplar squares-Illingworth, Ingham ; 343 oak staves"
18970918p.408_p003.txt,158,(,),DOCKS AND WHARVES,162 bdls. poplar,Order,11,9,1897,18,9,1897,False,"Sept. 11 (-)-New Orleans-15 cars lumber, 1,102 pcs. gum wood, 677 pcs. poplar-Farnworth & Jardine ; 162 bdls. poplar-Order ; 516 pcs. w.w.-Duncan, Ewing, & Co. ; 747 pcs. oak-Order ; 284 oak planks-E. C. Collins ; 284 oak planks-R. Coltart & Co. ; 2,932 oak planks-J. Kennedy & Co. ; 1,346 no. 129 bdls. poplar boards, 258 poplar squares-Illingworth, Ingham ; 343 oak staves"
18970918p.408_p003.txt,158,(,),DOCKS AND WHARVES,516 pcs. w.w.,"Duncan, Ewing, & Co.",11,9,1897,18,9,1897,False,"Sept. 11 (-)-New Orleans-15 cars lumber, 1,102 pcs. gum wood, 677 pcs. poplar-Farnworth & Jardine ; 162 bdls. poplar-Order ; 516 pcs. w.w.-Duncan, Ewing, & Co. ; 747 pcs. oak-Order ; 284 oak planks-E. C. Collins ; 284 oak planks-R. Coltart & Co. ; 2,932 oak planks-J. Kennedy & Co. ; 1,346 no. 129 bdls. poplar boards, 258 poplar squares-Illingworth, Ingham ; 343 oak staves"
18970918p.408_p003.txt,158,(,),DOCKS AND WHARVES,747 pcs. oak,Order,11,9,1897,18,9,1897,False,"Sept. 11 (-)-New Orleans-15 cars lumber, 1,102 pcs. gum wood, 677 pcs. poplar-Farnworth & Jardine ; 162 bdls. poplar-Order ; 516 pcs. w.w.-Duncan, Ewing, & Co. ; 747 pcs. oak-Order ; 284 oak planks-E. C. Collins ; 284 oak planks-R. Coltart & Co. ; 2,932 oak planks-J. Kennedy & Co. ; 1,346 no. 129 bdls. poplar boards, 258 poplar squares-Illingworth, Ingham ; 343 oak staves"
18970918p.408_p003.txt,158,(,),DOCKS AND WHARVES,284 oak planks,E. C. Collins,11,9,1897,18,9,1897,False,"Sept. 11 (-)-New Orleans-15 cars lumber, 1,102 pcs. gum wood, 677 pcs. poplar-Farnworth & Jardine ; 162 bdls. poplar-Order ; 516 pcs. w.w.-Duncan, Ewing, & Co. ; 747 pcs. oak-Order ; 284 oak planks-E. C. Collins ; 284 oak planks-R. Coltart & Co. ; 2,932 oak planks-J. Kennedy & Co. ; 1,346 no. 129 bdls. poplar boards, 258 poplar squares-Illingworth, Ingham ; 343 oak staves"
18970918p.408_p003.txt,158,(,),DOCKS AND WHARVES,284 oak planks,R. Coltart & Co.,11,9,1897,18,9,1897,False,"Sept. 11 (-)-New Orleans-15 cars lumber, 1,102 pcs. gum wood, 677 pcs. poplar-Farnworth & Jardine ; 162 bdls. poplar-Order ; 516 pcs. w.w.-Duncan, Ewing, & Co. ; 747 pcs. oak-Order ; 284 oak planks-E. C. Collins ; 284 oak planks-R. Coltart & Co. ; 2,932 oak planks-J. Kennedy & Co. ; 1,346 no. 129 bdls. poplar boards, 258 poplar squares-Illingworth, Ingham ; 343 oak staves"
18970918p.408_p003.txt,158,(,),DOCKS AND WHARVES,"2,932 oak planks",J. Kennedy & Co.,11,9,1897,18,9,1897,False,"Sept. 11 (-)-New Orleans-15 cars lumber, 1,102 pcs. gum wood, 677 pcs. poplar-Farnworth & Jardine ; 162 bdls. poplar-Order ; 516 pcs. w.w.-Duncan, Ewing, & Co. ; 747 pcs. oak-Order ; 284 oak planks-E. C. Collins ; 284 oak planks-R. Coltart & Co. ; 2,932 oak planks-J. Kennedy & Co. ; 1,346 no. 129 bdls. poplar boards, 258 poplar squares-Illingworth, Ingham ; 343 oak staves"
18970918p.408_p003.txt,158,(,),DOCKS AND WHARVES,"1,346 no. 129 bdls. poplar boards, 258 poplar squares","Illingworth, Ingham",11,9,1897,18,9,1897,False,"Sept. 11 (-)-New Orleans-15 cars lumber, 1,102 pcs. gum wood, 677 pcs. poplar-Farnworth & Jardine ; 162 bdls. poplar-Order ; 516 pcs. w.w.-Duncan, Ewing, & Co. ; 747 pcs. oak-Order ; 284 oak planks-E. C. Collins ; 284 oak planks-R. Coltart & Co. ; 2,932 oak planks-J. Kennedy & Co. ; 1,346 no. 129 bdls. poplar boards, 258 poplar squares-Illingworth, Ingham ; 343 oak staves"
18970918p.408_p003.txt,158,(,),DOCKS AND WHARVES,343 oak staves,,11,9,1897,18,9,1897,False,"Sept. 11 (-)-New Orleans-15 cars lumber, 1,102 pcs. gum wood, 677 pcs. poplar-Farnworth & Jardine ; 162 bdls. poplar-Order ; 516 pcs. w.w.-Duncan, Ewing, & Co. ; 747 pcs. oak-Order ; 284 oak planks-E. C. Collins ; 284 oak planks-R. Coltart & Co. ; 2,932 oak planks-J. Kennedy & Co. ; 1,346 no. 129 bdls. poplar boards, 258 poplar squares-Illingworth, Ingham ; 343 oak staves"
18970918p.408_p003.txt,162,Rhynland,New York,SURREY COMMERCIAL DOCK,"1,823 pcs. sawn fir",Farnworth & Jardine,9,9,1897,18,9,1897,True,"Sept. 9 Rhynland -New York-1,823 pcs. sawn fir-Farnworth & Jardine"
18970918p.408_p003.txt,163,Vesta,Galveston,SURREY COMMERCIAL DOCK,"1,823 pcs. sawn fir",,11,9,1897,18,9,1897,True,"11 Vesta -Galveston-1,823 pcs. sawn fir"
18970918p.408_p003.txt,166,Gothland,Gothenburg,NELSON DOCK,"35 pkgs. wood, quantity of turned wood",,14,9,1897,18,9,1897,True,"Sept. 14 Gothland -Gothenburg-35 pkgs. wood, quantity of turned wood"
18970918p.408_p003.txt,167,Sutherland,Hamburg,NELSON DOCK,"7 cs. wood, 1,000 pcs. boxwood",,15,9,1897,18,9,1897,True,"15 Sutherland -Hamburg-7 cs. wood, 1,000 pcs. boxwood"
18970918p.408_p003.txt,170,Staffordshire,New Orleans,TOXTETH DOCK,"9,600 staves, 3,698 pcs. scantlings",Farnworth & Jardine,13,9,1897,18,9,1897,True,"Sept. 13 Staffordshire -New Orleans-9,600 staves, 3,698 pcs. scantlings-Farnworth & Jardine ; 3,698 pcs. full and 104 pcs. planks-Duncan, Ewing & Co. ; 2,404 pcs. lumber"
18970918p.408_p003.txt,170,Staffordshire,New Orleans,TOXTETH DOCK,"3,698 pcs. full and 104 pcs. planks","Duncan, Ewing & Co.",13,9,1897,18,9,1897,True,"Sept. 13 Staffordshire -New Orleans-9,600 staves, 3,698 pcs. scantlings-Farnworth & Jardine ; 3,698 pcs. full and 104 pcs. planks-Duncan, Ewing & Co. ; 2,404 pcs. lumber"
18970918p.408_p003.txt,170,Staffordshire,New Orleans,TOXTETH DOCK,"2,404 pcs. lumber",,13,9,1897,18,9,1897,True,"Sept. 13 Staffordshire -New Orleans-9,600 staves, 3,698 pcs. scantlings-Farnworth & Jardine ; 3,698 pcs. full and 104 pcs. planks-Duncan, Ewing & Co. ; 2,404 pcs. lumber"
18970918p.408_p003.txt,173,Electrician,New Orleans,OTHER DOCKS AND WHARVES,"9,600 staves, 2,924 hhd. staves",,15,9,1897,18,9,1897,True,"Sept. 15 Electrician -New Orleans-9,600 staves, 2,924 hhd. staves"
18970918p.408_p003.txt,177,Haleata Maru,New York,ROYAL ALBERT DOCK,"1,614 pcs. lumber, 52 pcs. lumber",J. Ward & Son,13,9,1897,18,9,1897,True,"Sept. 13 Haleata Maru -New York-1,614 pcs. lumber, 52 pcs. lumber-J. Ward & Son ; 150 lds. pit props-Hall"
18970918p.408_p003.txt,177,Haleata Maru,New York,ROYAL ALBERT DOCK,150 lds. pit props,Hall,13,9,1897,18,9,1897,True,"Sept. 13 Haleata Maru -New York-1,614 pcs. lumber, 52 pcs. lumber-J. Ward & Son ; 150 lds. pit props-Hall"
18971016p.552_p004.txt,94,Magician (,),DOCKS,New York,,9,10,1897,16,10,1897,False,9 Magician (-)-New York
18971016p.552_p004.txt,105,Wm. Bailey,Fuime,MILLWALL,,,9,10,1897,16,10,1897,True,9 Wm. Bailey -Fuime-
18971016p.552_p004.txt,107,Andrassy (,),MILLWALL,Fiume,,11,10,1897,16,10,1897,False,11 Andrassy (-)-Fiume-
18971016p.552_p004.txt,111,Stefania,Fiume,MILLWALL,68,,13,10,1897,16,10,1897,True,13 Stefania -Fiume-68
18971016p.552_p004.txt,116,Romna,Cairns,ROYAL ALBE,112,,9,10,1897,16,10,1897,True,9 Romna -Cairns-112
18971016p.552_p004.txt,117,America (,),ROYAL ALBE,New York,,11,10,1897,16,10,1897,False,11 America (-)-New York
18971016p.552_p004.txt,120,St. Ronans (,),VICTORIA,Bos,,8,10,1897,16,10,1897,False,Oct. 8 St. Ronans (-)-Bos
18971016p.552_p004.txt,121,Trocas,Singapore,VICTORIA,7,,8,10,1897,16,10,1897,True,8 Trocas -Singapore-7
18971016p.552_p004.txt,122,Columbian (,),VICTORIA,Boston,,12,10,1897,16,10,1897,False,12 Columbian (-)-Boston-
18971016p.552_p004.txt,138,Idaho,New York,OTHER DOCKS A,,,8,10,1897,16,10,1897,True,8 Idaho -New York-
18971016p.552_p004.txt,194,lds. teak logs,Har,AND,,,2,10,1897,16,10,1897,False,2 lds. teak logs-Har-
18990114p.99_p001.txt,129,Carthaginian,Philadelphia,GLASGOW,"3,017 pcs. staves",Edmiston & Mitchells,3,1,1899,14,1,1899,False,"Jan. 3 Carthaginian - Philadelphia - 3,017 pcs. staves - Edmiston & Mitchells; 3,034 pcs. staves - Thomas Kerr & Co."
18990114p.99_p001.txt,129,Carthaginian,Philadelphia,GLASGOW,"3,034 pcs. staves",Thomas Kerr & Co.,3,1,1899,14,1,1899,False,"Jan. 3 Carthaginian - Philadelphia - 3,017 pcs. staves - Edmiston & Mitchells; 3,034 pcs. staves - Thomas Kerr & Co."
18990204p.160.txt,23,Thea,Skien,ALLOA,195 lds. pit props,Bryson & Co.,24,1,1899,4,2,1899,False,Jan. 24 Thea-Skien-195 lds. pit props-Bryson & Co.
18990204p.160.txt,24,Tents,Risoer,ALLOA,390 lds. pit props and 30 lds. white pine battens,Kirkwood & Co.,30,1,1899,4,2,1899,True,30 Tents -Risoer-390 lds. pit props and 30 lds. white pine battens-Kirkwood & Co.
18990204p.160.txt,27,Toopeka,Person,BO'NESS,327 lds. pit props,J. Denholm & Co.,25,1,1899,4,2,1899,True,Jan. 25 Toopeka -Person-327 lds. pit props-J. Denholm & Co.
18990204p.160.txt,32,Olga,Riga,DUNDEE,105 lds. deal ends,J. Adam.,27,1,1899,4,2,1899,False,Jan. 27 Olga-Riga-105 lds. deal ends-J. Adam.
18990204p.160.txt,35,Sarmatian,Boston,GLASGOW,"50 lds. mahogany, 128 pcs. oak scantling",Edmiston & Mitchell,23,1,1899,4,2,1899,False,"Jan. 23 Sarmatian-Boston-50 lds. mahogany, 128 pcs. oak scantling-Edmiston & Mitchell; 6,000 pcs. barrel staves-Thomas Kerr & Co.; 1,200 bxs. sewing machine woodwork."
18990204p.160.txt,35,Sarmatian,Boston,GLASGOW,"6,000 pcs. barrel staves",Thomas Kerr & Co.,23,1,1899,4,2,1899,False,"Jan. 23 Sarmatian-Boston-50 lds. mahogany, 128 pcs. oak scantling-Edmiston & Mitchell; 6,000 pcs. barrel staves-Thomas Kerr & Co.; 1,200 bxs. sewing machine woodwork."
18990204p.160.txt,35,Sarmatian,Boston,GLASGOW,"1,200 bxs. sewing machine woodwork.",,23,1,1899,4,2,1899,False,"Jan. 23 Sarmatian-Boston-50 lds. mahogany, 128 pcs. oak scantling-Edmiston & Mitchell; 6,000 pcs. barrel staves-Thomas Kerr & Co.; 1,200 bxs. sewing machine woodwork."
18990204p.160.txt,36,Szecheney,Fiume,GLASGOW,130 lgs. 100 planks oak,Cant & Kemp,26,1,1899,4,2,1899,False,26 Szecheney-Fiume-130 lgs. 100 planks oak-Cant & Kemp; 24 lgs. 23 planks oak-J. Kennedy & Co.; 289 lgs. 217 planks oak-R. Hamilton & Co.
18990204p.160.txt,36,Szecheney,Fiume,GLASGOW,24 lgs. 23 planks oak,J. Kennedy & Co.,26,1,1899,4,2,1899,False,26 Szecheney-Fiume-130 lgs. 100 planks oak-Cant & Kemp; 24 lgs. 23 planks oak-J. Kennedy & Co.; 289 lgs. 217 planks oak-R. Hamilton & Co.
18990204p.160.txt,36,Szecheney,Fiume,GLASGOW,289 lgs. 217 planks oak,R. Hamilton & Co.,26,1,1899,4,2,1899,False,26 Szecheney-Fiume-130 lgs. 100 planks oak-Cant & Kemp; 24 lgs. 23 planks oak-J. Kennedy & Co.; 289 lgs. 217 planks oak-R. Hamilton & Co.
18990204p.160.txt,39,Norway,Christiania,GRANGEMOUTH,"920 bdls. boxboards, 7,159 pcs planed boards, 84 pcs. boat hook handles.",,23,1,1899,4,2,1899,False,"Jan. 23 Norway-Christiania-920 bdls. boxboards, 7,159 pcs planed boards, 84 pcs. boat hook handles."
18990204p.160.txt,40,Coburgh,Danzig,GRANGEMOUTH,"1,455 pcs. sleepers.",,29,1,1899,4,2,1899,False,"29 Coburgh-Danzig-1,455 pcs. sleepers."
18990204p.160.txt,43,Balder,Gothenburg,GRANTON,"75 lds. pit props, and 35 lds. laths",C. Salvesen & Co.,30,1,1899,4,2,1899,True,"Jan. 30 Balder -Gothenburg-75 lds. pit props, and 35 lds. laths-C. Salvesen & Co."
18990204p.160.txt,46,Jupiter,Riga,KIRKCALDY,"262 lds. logs, 184 lds. deals",J. Donaldson & Sons.,24,1,1899,4,2,1899,False,"Jan. 24 Jupiter-Riga-262 lds. logs, 184 lds. deals-J. Donaldson & Sons."
18990204p.160.txt,47,Friede,Riga,KIRKCALDY,"269 lds. deals, 45 lds. lathwood",Hy. Lindsay & Co.,27,1,1899,4,2,1899,False,"27 Friede-Riga-269 lds. deals, 45 lds. lathwood-Hy. Lindsay & Co."
18990204p.160.txt,50,Thekla,Skien,KIRKCALDY,266 lds. pit props,Bryson & Co.,30,1,1899,4,2,1899,False,Jan. 30 Thekla-Skien-266 lds. pit props-Bryson & Co.
18990204p.160.txt,53,Menantic,Baltimore,LEITH,"17 pcs. furniture wood, 30 logs poplar",Thomson.,24,1,1899,4,2,1899,False,"Jan. 24 Menantic-Baltimore-17 pcs. furniture wood, 30 logs poplar-Thomson."
18990225p.254_p002.txt,12,"in. Cornices, 19/","; 3/4 in., 16/","JAMES HARRISON,",,,1,2,1899,25,2,1899,False,"1 in. Cornices, 19/-; 3/4 in., 16/-; 1/2 in., 10/-; 2 x 1 Sideboard Mouldings, 13/-; 1 1/4 in. x 5/8 in., 5/6; other sizes equally cheap for quantities."
18990225p.254_p002.txt,12,"in. Cornices, 19/","; 3/4 in., 16/","JAMES HARRISON,","1/2 in., 10/",,1,2,1899,25,2,1899,False,"1 in. Cornices, 19/-; 3/4 in., 16/-; 1/2 in., 10/-; 2 x 1 Sideboard Mouldings, 13/-; 1 1/4 in. x 5/8 in., 5/6; other sizes equally cheap for quantities."
18990225p.254_p002.txt,12,"in. Cornices, 19/","; 3/4 in., 16/","JAMES HARRISON,","2 x 1 Sideboard Mouldings, 13/",,1,2,1899,25,2,1899,False,"1 in. Cornices, 19/-; 3/4 in., 16/-; 1/2 in., 10/-; 2 x 1 Sideboard Mouldings, 13/-; 1 1/4 in. x 5/8 in., 5/6; other sizes equally cheap for quantities."
18990225p.254_p002.txt,12,"in. Cornices, 19/","; 3/4 in., 16/","JAMES HARRISON,","1 1/4 in. x 5/8 in., 5/6",,1,2,1899,25,2,1899,False,"1 in. Cornices, 19/-; 3/4 in., 16/-; 1/2 in., 10/-; 2 x 1 Sideboard Mouldings, 13/-; 1 1/4 in. x 5/8 in., 5/6; other sizes equally cheap for quantities."
18990225p.254_p002.txt,12,"in. Cornices, 19/","; 3/4 in., 16/","JAMES HARRISON,",other sizes equally cheap for quantities.,,1,2,1899,25,2,1899,False,"1 in. Cornices, 19/-; 3/4 in., 16/-; 1/2 in., 10/-; 2 x 1 Sideboard Mouldings, 13/-; 1 1/4 in. x 5/8 in., 5/6; other sizes equally cheap for quantities."
18990225p.254_p002.txt,16,Kansas,Boston,"JAMES HARRISON,",334 bdls. walnut lumber,J. Kennedy & Co.,22,2,1899,25,2,1899,True,22 Kansas -Boston-334 bdls. walnut lumber-J. Kennedy & Co.; 271 bdls. walnut lumber-A. Dobell & Co.
18990225p.254_p002.txt,16,Kansas,Boston,"JAMES HARRISON,",271 bdls. walnut lumber,A. Dobell & Co.,22,2,1899,25,2,1899,True,22 Kansas -Boston-334 bdls. walnut lumber-J. Kennedy & Co.; 271 bdls. walnut lumber-A. Dobell & Co.
18990225p.254_p002.txt,18,Majestic,New York,CANADA DOCK,"1,000 spokes",D. Crossley & Sons,16,2,1899,25,2,1899,True,"Feb. 16 Majestic -New York-1,000 spokes-D. Crossley & Sons; 1,000 spokes for Sundry Consignees; 1,000 spokes and 8 wheels for Sundry Consignees; 1,000 wood mouldings-W. W. Howard & Co.; 1,000 cs. woodware-Thos. Beecham; 2,000 staves, ware, 4,104 staves."
18990225p.254_p002.txt,18,Majestic,New York,CANADA DOCK,"1,000 spokes for Sundry Consignees",,16,2,1899,25,2,1899,True,"Feb. 16 Majestic -New York-1,000 spokes-D. Crossley & Sons; 1,000 spokes for Sundry Consignees; 1,000 spokes and 8 wheels for Sundry Consignees; 1,000 wood mouldings-W. W. Howard & Co.; 1,000 cs. woodware-Thos. Beecham; 2,000 staves, ware, 4,104 staves."
18990225p.254_p002.txt,18,Majestic,New York,CANADA DOCK,"1,000 spokes and 8 wheels for Sundry Consignees",,16,2,1899,25,2,1899,True,"Feb. 16 Majestic -New York-1,000 spokes-D. Crossley & Sons; 1,000 spokes for Sundry Consignees; 1,000 spokes and 8 wheels for Sundry Consignees; 1,000 wood mouldings-W. W. Howard & Co.; 1,000 cs. woodware-Thos. Beecham; 2,000 staves, ware, 4,104 staves."
18990225p.254_p002.txt,18,Majestic,New York,CANADA DOCK,"1,000 wood mouldings",W. W. Howard & Co.,16,2,1899,25,2,1899,True,"Feb. 16 Majestic -New York-1,000 spokes-D. Crossley & Sons; 1,000 spokes for Sundry Consignees; 1,000 spokes and 8 wheels for Sundry Consignees; 1,000 wood mouldings-W. W. Howard & Co.; 1,000 cs. woodware-Thos. Beecham; 2,000 staves, ware, 4,104 staves."
18990225p.254_p002.txt,18,Majestic,New York,CANADA DOCK,"1,000 cs. woodware",Thos. Beecham,16,2,1899,25,2,1899,True,"Feb. 16 Majestic -New York-1,000 spokes-D. Crossley & Sons; 1,000 spokes for Sundry Consignees; 1,000 spokes and 8 wheels for Sundry Consignees; 1,000 wood mouldings-W. W. Howard & Co.; 1,000 cs. woodware-Thos. Beecham; 2,000 staves, ware, 4,104 staves."
18990225p.254_p002.txt,18,Majestic,New York,CANADA DOCK,"2,000 staves, ware, 4,104 staves.",,16,2,1899,25,2,1899,True,"Feb. 16 Majestic -New York-1,000 spokes-D. Crossley & Sons; 1,000 spokes for Sundry Consignees; 1,000 spokes and 8 wheels for Sundry Consignees; 1,000 wood mouldings-W. W. Howard & Co.; 1,000 cs. woodware-Thos. Beecham; 2,000 staves, ware, 4,104 staves."
18990225p.254_p002.txt,19,Cevic,New York,CANADA DOCK,711 pcs. lignum vitae,Irvin & Sellers,20,2,1899,25,2,1899,True,"20 Cevic -New York-711 pcs. lignum vitae-Irvin & Sellers; 307 pcs. lignum vitae, 119 lancewood spars-J. Gardner & Son; 527 pcs. gum lumber-Duncan, Ewing & Co.; 156 bdls. 932 pcs. oak, 372 w. o. planks, 2,726 staves."
18990225p.254_p002.txt,19,Cevic,New York,CANADA DOCK,"307 pcs. lignum vitae, 119 lancewood spars",J. Gardner & Son,20,2,1899,25,2,1899,True,"20 Cevic -New York-711 pcs. lignum vitae-Irvin & Sellers; 307 pcs. lignum vitae, 119 lancewood spars-J. Gardner & Son; 527 pcs. gum lumber-Duncan, Ewing & Co.; 156 bdls. 932 pcs. oak, 372 w. o. planks, 2,726 staves."
18990225p.254_p002.txt,19,Cevic,New York,CANADA DOCK,527 pcs. gum lumber,"Duncan, Ewing & Co.",20,2,1899,25,2,1899,True,"20 Cevic -New York-711 pcs. lignum vitae-Irvin & Sellers; 307 pcs. lignum vitae, 119 lancewood spars-J. Gardner & Son; 527 pcs. gum lumber-Duncan, Ewing & Co.; 156 bdls. 932 pcs. oak, 372 w. o. planks, 2,726 staves."
18990225p.254_p002.txt,19,Cevic,New York,CANADA DOCK,"156 bdls. 932 pcs. oak, 372 w. o. planks, 2,726 staves.",,20,2,1899,25,2,1899,True,"20 Cevic -New York-711 pcs. lignum vitae-Irvin & Sellers; 307 pcs. lignum vitae, 119 lancewood spars-J. Gardner & Son; 527 pcs. gum lumber-Duncan, Ewing & Co.; 156 bdls. 932 pcs. oak, 372 w. o. planks, 2,726 staves."
18990225p.254_p002.txt,20,Rapidan,Newport News,CANADA DOCK,54 hickory logs,Farnworth & Jardine,22,2,1899,25,2,1899,True,"22 Rapidan -Newport News-54 hickory logs-Farnworth & Jardine; 2,142 oak planks and squares-W. W. Howard & Co.; oak scantlings 21,122 oak planks, 5,110 oak staves."
18990225p.254_p002.txt,20,Rapidan,Newport News,CANADA DOCK,"2,142 oak planks and squares",W. W. Howard & Co.,22,2,1899,25,2,1899,True,"22 Rapidan -Newport News-54 hickory logs-Farnworth & Jardine; 2,142 oak planks and squares-W. W. Howard & Co.; oak scantlings 21,122 oak planks, 5,110 oak staves."
18990225p.254_p002.txt,20,Rapidan,Newport News,CANADA DOCK,"oak scantlings 21,122 oak planks, 5,110 oak staves.",,22,2,1899,25,2,1899,True,"22 Rapidan -Newport News-54 hickory logs-Farnworth & Jardine; 2,142 oak planks and squares-W. W. Howard & Co.; oak scantlings 21,122 oak planks, 5,110 oak staves."
18990225p.254_p002.txt,22,Athenian,Odessa,HUSKISSON DOCK,262 oak logs.,,22,2,1899,25,2,1899,True,Feb. 22 Athenian -Odessa-262 oak logs.
18990225p.254_p002.txt,24,Bonny,W.C. Africa,COBURG DOCK,"From Sassandra, (Dec. 17) 41 logs mahogany for Sundry Consignees",,16,2,1899,25,2,1899,True,"Feb. 16 Bonny -W.C. Africa-From Sassandra, (Dec. 17) 41 logs mahogany for Sundry Consignees; from Grand Bassam (Dec. 19) 17 logs mahogany-F & A. Swanzy; from Assinee (Dec. 20) 38 logs mahogany; from Half Assinee (Jan. 11) 86 logs mahogany; from Assinee (Jan. 14) 164 logs mahogany; from Axim (Jan. 17) 93 logs mahogany; from Axim (Jan. 19) 11 logs mahogany for Sundry Consignees; from Grand Bassam (Jan. 18) 1,030 teak blocks, 6 logs mahogany."
18990225p.254_p002.txt,24,Bonny,W.C. Africa,COBURG DOCK,from Grand Bassam (Dec. 19) 17 logs mahogany,F & A. Swanzy,16,2,1899,25,2,1899,True,"Feb. 16 Bonny -W.C. Africa-From Sassandra, (Dec. 17) 41 logs mahogany for Sundry Consignees; from Grand Bassam (Dec. 19) 17 logs mahogany-F & A. Swanzy; from Assinee (Dec. 20) 38 logs mahogany; from Half Assinee (Jan. 11) 86 logs mahogany; from Assinee (Jan. 14) 164 logs mahogany; from Axim (Jan. 17) 93 logs mahogany; from Axim (Jan. 19) 11 logs mahogany for Sundry Consignees; from Grand Bassam (Jan. 18) 1,030 teak blocks, 6 logs mahogany."
18990225p.254_p002.txt,24,Bonny,W.C. Africa,COBURG DOCK,from Assinee (Dec. 20) 38 logs mahogany,,16,2,1899,25,2,1899,True,"Feb. 16 Bonny -W.C. Africa-From Sassandra, (Dec. 17) 41 logs mahogany for Sundry Consignees; from Grand Bassam (Dec. 19) 17 logs mahogany-F & A. Swanzy; from Assinee (Dec. 20) 38 logs mahogany; from Half Assinee (Jan. 11) 86 logs mahogany; from Assinee (Jan. 14) 164 logs mahogany; from Axim (Jan. 17) 93 logs mahogany; from Axim (Jan. 19) 11 logs mahogany for Sundry Consignees; from Grand Bassam (Jan. 18) 1,030 teak blocks, 6 logs mahogany."
18990225p.254_p002.txt,24,Bonny,W.C. Africa,COBURG DOCK,from Half Assinee (Jan. 11) 86 logs mahogany,,16,2,1899,25,2,1899,True,"Feb. 16 Bonny -W.C. Africa-From Sassandra, (Dec. 17) 41 logs mahogany for Sundry Consignees; from Grand Bassam (Dec. 19) 17 logs mahogany-F & A. Swanzy; from Assinee (Dec. 20) 38 logs mahogany; from Half Assinee (Jan. 11) 86 logs mahogany; from Assinee (Jan. 14) 164 logs mahogany; from Axim (Jan. 17) 93 logs mahogany; from Axim (Jan. 19) 11 logs mahogany for Sundry Consignees; from Grand Bassam (Jan. 18) 1,030 teak blocks, 6 logs mahogany."
18990225p.254_p002.txt,24,Bonny,W.C. Africa,COBURG DOCK,from Assinee (Jan. 14) 164 logs mahogany,,16,2,1899,25,2,1899,True,"Feb. 16 Bonny -W.C. Africa-From Sassandra, (Dec. 17) 41 logs mahogany for Sundry Consignees; from Grand Bassam (Dec. 19) 17 logs mahogany-F & A. Swanzy; from Assinee (Dec. 20) 38 logs mahogany; from Half Assinee (Jan. 11) 86 logs mahogany; from Assinee (Jan. 14) 164 logs mahogany; from Axim (Jan. 17) 93 logs mahogany; from Axim (Jan. 19) 11 logs mahogany for Sundry Consignees; from Grand Bassam (Jan. 18) 1,030 teak blocks, 6 logs mahogany."
18990225p.254_p002.txt,24,Bonny,W.C. Africa,COBURG DOCK,from Axim (Jan. 17) 93 logs mahogany,,16,2,1899,25,2,1899,True,"Feb. 16 Bonny -W.C. Africa-From Sassandra, (Dec. 17) 41 logs mahogany for Sundry Consignees; from Grand Bassam (Dec. 19) 17 logs mahogany-F & A. Swanzy; from Assinee (Dec. 20) 38 logs mahogany; from Half Assinee (Jan. 11) 86 logs mahogany; from Assinee (Jan. 14) 164 logs mahogany; from Axim (Jan. 17) 93 logs mahogany; from Axim (Jan. 19) 11 logs mahogany for Sundry Consignees; from Grand Bassam (Jan. 18) 1,030 teak blocks, 6 logs mahogany."
18990225p.254_p002.txt,24,Bonny,W.C. Africa,COBURG DOCK,from Axim (Jan. 19) 11 logs mahogany for Sundry Consignees,,16,2,1899,25,2,1899,True,"Feb. 16 Bonny -W.C. Africa-From Sassandra, (Dec. 17) 41 logs mahogany for Sundry Consignees; from Grand Bassam (Dec. 19) 17 logs mahogany-F & A. Swanzy; from Assinee (Dec. 20) 38 logs mahogany; from Half Assinee (Jan. 11) 86 logs mahogany; from Assinee (Jan. 14) 164 logs mahogany; from Axim (Jan. 17) 93 logs mahogany; from Axim (Jan. 19) 11 logs mahogany for Sundry Consignees; from Grand Bassam (Jan. 18) 1,030 teak blocks, 6 logs mahogany."
18990225p.254_p002.txt,24,Bonny,W.C. Africa,COBURG DOCK,"from Grand Bassam (Jan. 18) 1,030 teak blocks, 6 logs mahogany.",,16,2,1899,25,2,1899,True,"Feb. 16 Bonny -W.C. Africa-From Sassandra, (Dec. 17) 41 logs mahogany for Sundry Consignees; from Grand Bassam (Dec. 19) 17 logs mahogany-F & A. Swanzy; from Assinee (Dec. 20) 38 logs mahogany; from Half Assinee (Jan. 11) 86 logs mahogany; from Assinee (Jan. 14) 164 logs mahogany; from Axim (Jan. 17) 93 logs mahogany; from Axim (Jan. 19) 11 logs mahogany for Sundry Consignees; from Grand Bassam (Jan. 18) 1,030 teak blocks, 6 logs mahogany."
18990225p.254_p002.txt,26,Frome,Moulmein,TOXTETH DOCK,"2,589 teak planks, 751 teak squares, 444 teak scantlings, 1,040 teak blocks",Duncan Ewing & Co.,16,2,1899,25,2,1899,True,"Feb. 16 Frome -Moulmein-2,589 teak planks, 751 teak squares, 444 teak scantlings, 1,040 teak blocks-Duncan Ewing & Co.; 2,765 teak squares, 295 teak scantlings."
18990225p.254_p002.txt,26,Frome,Moulmein,TOXTETH DOCK,"2,765 teak squares, 295 teak scantlings.",,16,2,1899,25,2,1899,True,"Feb. 16 Frome -Moulmein-2,589 teak planks, 751 teak squares, 444 teak scantlings, 1,040 teak blocks-Duncan Ewing & Co.; 2,765 teak squares, 295 teak scantlings."
18990225p.254_p002.txt,27,Derbyshire,Rangoon,TOXTETH DOCK,"28 teak planks, 4,050 teak short scantlings, 10,261 teak blocks",Duncan Ewing & Co.,20,2,1899,25,2,1899,True,"20 Derbyshire -Rangoon-28 teak planks, 4,050 teak short scantlings, 10,261 teak blocks-Duncan Ewing & Co.; 62 teak planks, 1,159 teak scantlings."
18990225p.254_p002.txt,27,Derbyshire,Rangoon,TOXTETH DOCK,"62 teak planks, 1,159 teak scantlings.",,20,2,1899,25,2,1899,True,"20 Derbyshire -Rangoon-28 teak planks, 4,050 teak short scantlings, 10,261 teak blocks-Duncan Ewing & Co.; 62 teak planks, 1,159 teak scantlings."
18990225p.254_p002.txt,29,Ulstermore,Baltimore,HORNBY DOCK,181 pcs. poplar lumber,L. C. Hay & Co.,17,2,1899,25,2,1899,False,"Feb. 17 Ulstermore-Baltimore-181 pcs. poplar lumber-L. C. Hay & Co.; 516 pcs. oak-R. Coltart & Co.; 1,143 w. o. scantlings."
18990225p.254_p002.txt,29,Ulstermore,Baltimore,HORNBY DOCK,516 pcs. oak,R. Coltart & Co.,17,2,1899,25,2,1899,False,"Feb. 17 Ulstermore-Baltimore-181 pcs. poplar lumber-L. C. Hay & Co.; 516 pcs. oak-R. Coltart & Co.; 1,143 w. o. scantlings."
18990225p.254_p002.txt,29,Ulstermore,Baltimore,HORNBY DOCK,"1,143 w. o. scantlings.",,17,2,1899,25,2,1899,False,"Feb. 17 Ulstermore-Baltimore-181 pcs. poplar lumber-L. C. Hay & Co.; 516 pcs. oak-R. Coltart & Co.; 1,143 w. o. scantlings."
18990225p.254_p002.txt,31,Ulunda,Halifax,LANGTON DOCK,"6,050 bdls. box shooks",Price & Pierce,16,2,1899,25,2,1899,True,"Feb. 16 Ulunda -Halifax-6,050 bdls. box shooks-Price & Pierce; 11 cs. pegwood-J. R. Mc Donald & Co.; 664 bdls. laths-Baker & James; 12,868 boards, 27 cs. deals & ends-Farnworth & Jardine; 27 cs. boards."
18990225p.254_p002.txt,31,Ulunda,Halifax,LANGTON DOCK,11 cs. pegwood,J. R. Mc Donald & Co.,16,2,1899,25,2,1899,True,"Feb. 16 Ulunda -Halifax-6,050 bdls. box shooks-Price & Pierce; 11 cs. pegwood-J. R. Mc Donald & Co.; 664 bdls. laths-Baker & James; 12,868 boards, 27 cs. deals & ends-Farnworth & Jardine; 27 cs. boards."
18990225p.254_p002.txt,31,Ulunda,Halifax,LANGTON DOCK,664 bdls. laths,Baker & James,16,2,1899,25,2,1899,True,"Feb. 16 Ulunda -Halifax-6,050 bdls. box shooks-Price & Pierce; 11 cs. pegwood-J. R. Mc Donald & Co.; 664 bdls. laths-Baker & James; 12,868 boards, 27 cs. deals & ends-Farnworth & Jardine; 27 cs. boards."
18990225p.254_p002.txt,31,Ulunda,Halifax,LANGTON DOCK,"12,868 boards, 27 cs. deals & ends",Farnworth & Jardine,16,2,1899,25,2,1899,True,"Feb. 16 Ulunda -Halifax-6,050 bdls. box shooks-Price & Pierce; 11 cs. pegwood-J. R. Mc Donald & Co.; 664 bdls. laths-Baker & James; 12,868 boards, 27 cs. deals & ends-Farnworth & Jardine; 27 cs. boards."
18990225p.254_p002.txt,31,Ulunda,Halifax,LANGTON DOCK,27 cs. boards.,,16,2,1899,25,2,1899,True,"Feb. 16 Ulunda -Halifax-6,050 bdls. box shooks-Price & Pierce; 11 cs. pegwood-J. R. Mc Donald & Co.; 664 bdls. laths-Baker & James; 12,868 boards, 27 cs. deals & ends-Farnworth & Jardine; 27 cs. boards."
18990225p.254_p002.txt,32,Sheikh,"Portland, Me.",LANGTON DOCK,"1,686 maple blocks, 352 bdls. pine lumber, 700 bdls. staves, 4 pcs lumber.",,17,2,1899,25,2,1899,True,"17 Sheikh -Portland, Me.-1,686 maple blocks, 352 bdls. pine lumber, 700 bdls. staves, 4 pcs lumber."
18990225p.254_p002.txt,34,Montrose,New Orleans,HARRINGTON DOCK,"185 shuttle blocks, 981 pcs. pine, 1,362 handspikes, 2,838 boat oars in 8 crates, 6,118 hickory squares, 20,113 hickory squares, 2,000 staves.",,16,2,1899,25,2,1899,True,"Feb. 16 Montrose -New Orleans-185 shuttle blocks, 981 pcs. pine, 1,362 handspikes, 2,838 boat oars in 8 crates, 6,118 hickory squares, 20,113 hickory squares, 2,000 staves."
18990225p.254_p002.txt,35,Orion,New Orleans,HARRINGTON DOCK,"263 teak planks, 1,358 half, and 2,130 pcs. oak","Duncan, Ewing & Co.",21,2,1899,25,2,1899,True,"21 Orion -New Orleans-263 teak planks, 1,358 half, and 2,130 pcs. oak-Duncan, Ewing & Co.; 62 teak planks, 1,214 half, blocks."
18990225p.254_p002.txt,35,Orion,New Orleans,HARRINGTON DOCK,"62 teak planks, 1,214 half, blocks.",,21,2,1899,25,2,1899,True,"21 Orion -New Orleans-263 teak planks, 1,358 half, and 2,130 pcs. oak-Duncan, Ewing & Co.; 62 teak planks, 1,214 half, blocks."
18990225p.254_p002.txt,36,Serra,Pensacola,HARRINGTON DOCK,300 pcs. lignum vitae,Saxton & Co.,21,2,1899,25,2,1899,True,"21 Serra -Pensacola-300 pcs. lignum vitae-Saxton & Co.; 3,605 pcs. walnut lumber-T. W. Lock & Son; 62 planks."
18990225p.254_p002.txt,36,Serra,Pensacola,HARRINGTON DOCK,"3,605 pcs. walnut lumber",T. W. Lock & Son,21,2,1899,25,2,1899,True,"21 Serra -Pensacola-300 pcs. lignum vitae-Saxton & Co.; 3,605 pcs. walnut lumber-T. W. Lock & Son; 62 planks."
18990225p.254_p002.txt,36,Serra,Pensacola,HARRINGTON DOCK,62 planks.,,21,2,1899,25,2,1899,True,"21 Serra -Pensacola-300 pcs. lignum vitae-Saxton & Co.; 3,605 pcs. walnut lumber-T. W. Lock & Son; 62 planks."
18990225p.254_p002.txt,38,Parkdale,Sydney,SOUTH-WEST INDIA DOCKS,"2,724 pcs. hardwood.",,16,2,1899,25,2,1899,True,"Feb. 16 Parkdale -Sydney-2,724 pcs. hardwood."
18990225p.254_p002.txt,40,Glencairn,Singapore,SOUTH-WEST INDIA DOCKS,"1,982 pcs. and bdls. teak.",,17,2,1899,25,2,1899,True,"17 Glencairn -Singapore-1,982 pcs. and bdls. teak."
18990225p.254_p002.txt,44,Xenito,New York,ROYAL ALBERT DOCKS,"155 bdls. dowells, 1,025 bdls. walnut, 4,522 pcs. and pkgs. poplar, 424 pcs. and pkgs. pine.",,16,2,1899,25,2,1899,True,"Feb. 16 Xenito -New York-155 bdls. dowells, 1,025 bdls. walnut, 4,522 pcs. and pkgs. poplar, 424 pcs. and pkgs. pine."
18990225p.254_p002.txt,45,Strathairly,Philadelphia,ROYAL ALBERT DOCKS,"32 bdls. 50 logs walnut lumber, 7,723 pcs. oak lumber","30 pkgs. wheels and rims, 2,400 staves, 14,242 pcs. lumber.",17,2,1899,25,2,1899,True,"17 Strathairly -Philadelphia-32 bdls. 50 logs walnut lumber, 7,723 pcs. oak lumber-30 pkgs. wheels and rims, 2,400 staves, 14,242 pcs. lumber."
18990225p.254_p002.txt,46,Columbia,Bos,ROYAL ALBERT DOCKS,"63 bdls. lumber, 983 pcs. and bdls. poplar lumber, 1,845 oak boards, 5,310 pcs. w. lumber, 1,633 pcs. oak lumber.",,18,2,1899,25,2,1899,True,"18 Columbia -Bos-63 bdls. lumber, 983 pcs. and bdls. poplar lumber, 1,845 oak boards, 5,310 pcs. w. lumber, 1,633 pcs. oak lumber."
18990225p.254_p002.txt,48,Thorntondale,New Orleans,ROYAL ALBERT DOCKS,579 bdls. oak lumber,Cobbett & Co.,21,2,1899,25,2,1899,True,"21 Thorntondale -New Orleans-579 bdls. oak lumber-Cobbett & Co.; 579 bdls. poplar lumber, 279 bdls. logs-Churchill & Sim; 6 lds. wood-Watts, Watts & Co."
18990225p.254_p002.txt,48,Thorntondale,New Orleans,ROYAL ALBERT DOCKS,"579 bdls. poplar lumber, 279 bdls. logs",Churchill & Sim,21,2,1899,25,2,1899,True,"21 Thorntondale -New Orleans-579 bdls. oak lumber-Cobbett & Co.; 579 bdls. poplar lumber, 279 bdls. logs-Churchill & Sim; 6 lds. wood-Watts, Watts & Co."
18990225p.254_p002.txt,48,Thorntondale,New Orleans,ROYAL ALBERT DOCKS,6 lds. wood,"Watts, Watts & Co.",21,2,1899,25,2,1899,True,"21 Thorntondale -New Orleans-579 bdls. oak lumber-Cobbett & Co.; 579 bdls. poplar lumber, 279 bdls. logs-Churchill & Sim; 6 lds. wood-Watts, Watts & Co."
18990225p.254_p002.txt,51,Milo,Christiania,MILLWALL DOCKS,"1,621 poles","Foy, Morgan & Co.",16,2,1899,25,2,1899,True,"Feb. 16 Milo -Christiania-1,621 poles-Foy, Morgan & Co.; 4,000 box boards."
18990225p.254_p002.txt,51,Milo,Christiania,MILLWALL DOCKS,"4,000 box boards.",,16,2,1899,25,2,1899,True,"Feb. 16 Milo -Christiania-1,621 poles-Foy, Morgan & Co.; 4,000 box boards."
18990225p.254_p002.txt,52,Thomas Wilson,Riga,MILLWALL DOCKS,"4,796 battens","Davis, Hiscock & Co.",20,2,1899,25,2,1899,True,"20 Thomas Wilson -Riga-4,796 battens-Davis, Hiscock & Co."
18990225p.254_p002.txt,55,Clan Ogilvy,Coconada,TILBURY DOCKS,30 tons red wood.,,17,2,1899,25,2,1899,True,Feb. 17 Clan Ogilvy -Coconada-30 tons red wood.
18990225p.254_p002.txt,56,Astronom,Hambro,TILBURY DOCKS,"60 bags woodware, 24 cs. mouldings, 42 bdls. rattans, 387 birch planks, 218 spruce deals.",,20,2,1899,25,2,1899,True,"20 Astronom -Hambro-60 bags woodware, 24 cs. mouldings, 42 bdls. rattans, 387 birch planks, 218 spruce deals."
18990225p.254_p002.txt,58,Bohemia,Calcutta,TILBURY DOCKS,70 pcs. teak,J. Watson and Co.,21,2,1899,25,2,1899,True,21 Bohemia -Calcutta-70 pcs. teak-J. Watson and Co.
18990225p.254_p002.txt,60,Zrinyi,Venice,VICTORIA DOCKS,2862 pcs. oak,W. Oliver & Sons,17,2,1899,25,2,1899,True,"Feb. 17 Zrinyi -Venice-2862 pcs. oak-W. Oliver & Sons; 34,708 pcs. oak."
18990225p.254_p002.txt,60,Zrinyi,Venice,VICTORIA DOCKS,"34,708 pcs. oak.",,17,2,1899,25,2,1899,True,"Feb. 17 Zrinyi -Venice-2862 pcs. oak-W. Oliver & Sons; 34,708 pcs. oak."
18990225p.254_p002.txt,61,Ystroom,Amsterdam,VICTORIA DOCKS,"5,968 pcs. jarrah.",,20,2,1899,25,2,1899,True,"20 Ystroom -Amsterdam-5,968 pcs. jarrah."
18990225p.254_p002.txt,62,Condor,Havre,VICTORIA DOCKS,25 logs mahogany.,,21,2,1899,25,2,1899,True,21 Condor -Havre-25 logs mahogany.
18990617p.942.txt,12,Marie,Carlshamn,ABERDEEN,6 lds. firewood,"Edwards, Macdougal & Co.",9,6,1899,17,6,1899,False,"June 9 Marie-Carlshamn-6 lds. firewood-Edwards, Macdougal & Co."
18990617p.942.txt,14,Mette,Langesund,ALLOA,171 lds. pitprops,Kirkwood & Co.,6,6,1899,17,6,1899,False,June 6 Mette-Langesund-171 lds. pitprops-Kirkwood & Co.
18990617p.942.txt,16,Sophie,Falkenberg,ALLOA,300 lds. pitprops,Love & Stewart.,7,6,1899,17,6,1899,False,7 Sophie-Falkenberg-300 lds. pitprops-Love & Stewart.
18990617p.942.txt,17,Tip (ss),Enanger,ALLOA,534 lds. pitprops,Salvesen.,10,6,1899,17,6,1899,False,10 Tip (ss)-Enanger-534 lds. pitprops-Salvesen.
18990617p.942.txt,19,Wellpark,Windau,ARDROSSAN,"1,073 lds. sawn fir",W. Christie & Co.,8,6,1899,17,6,1899,False,"June 8 Wellpark-Windau-1,073 lds. sawn fir-W. Christie & Co."
18990617p.942.txt,21,Carlisle (ss),Fagervik,AYR,"1,225 lds. sawn fir",J. Paton & Sons.,8,6,1899,17,6,1899,False,"June 8 Carlisle (ss)-Fagervik-1,225 lds. sawn fir-J. Paton & Sons."
18990617p.942.txt,26,Mariane,Porsgrund,THE TIMBER TRADES JOURNAL,81 lds. hewn fir pitprops,J. Denholm & Co.,12,6,1899,17,6,1899,False,12 Mariane-Porsgrund-81 lds. hewn fir pitprops -J. Denholm & Co.
18990617p.942.txt,29,Balmore,Riga,DUNDEE,70 lds. firewood ends,J. McTavish,6,6,1899,17,6,1899,False,June 6 Balmore-Riga-70 lds. firewood ends-J. McTavish ; 80 lds. deal ends-Langlands & McAinsh
18990617p.942.txt,29,Balmore,Riga,DUNDEE,80 lds. deal ends,Langlands & McAinsh,6,6,1899,17,6,1899,False,June 6 Balmore-Riga-70 lds. firewood ends-J. McTavish ; 80 lds. deal ends-Langlands & McAinsh
18990617p.942.txt,30,Longhrigg Holme,Quebec,DUNDEE,"386 lds deals and boards, 3 lds. oak 30 lds. elm, 5 lds ash 14 lds birch, 263 lds. pine","C Brown & Co., Ltd",7,6,1899,17,6,1899,False,"7 Longhrigg Holme-Quebec-386 lds deals and boards, 3 lds. oak 30 lds. elm, 5 lds ash 14 lds birch, 263 lds. pine-C Brown & Co., Ltd ; 100 lds. yellow pine, 152 lds. birch, 12 lds. ash, 1,016 lds. deals and boards-J & A. Stewart ; 120 lds. birch-T. East & Co. ; 527 lds. pine deals."
18990617p.942.txt,30,Longhrigg Holme,Quebec,DUNDEE,"100 lds. yellow pine, 152 lds. birch, 12 lds. ash, 1,016 lds. deals and boards",J & A. Stewart,7,6,1899,17,6,1899,False,"7 Longhrigg Holme-Quebec-386 lds deals and boards, 3 lds. oak 30 lds. elm, 5 lds ash 14 lds birch, 263 lds. pine-C Brown & Co., Ltd ; 100 lds. yellow pine, 152 lds. birch, 12 lds. ash, 1,016 lds. deals and boards-J & A. Stewart ; 120 lds. birch-T. East & Co. ; 527 lds. pine deals."
18990617p.942.txt,30,Longhrigg Holme,Quebec,DUNDEE,120 lds. birch,T. East & Co.,7,6,1899,17,6,1899,False,"7 Longhrigg Holme-Quebec-386 lds deals and boards, 3 lds. oak 30 lds. elm, 5 lds ash 14 lds birch, 263 lds. pine-C Brown & Co., Ltd ; 100 lds. yellow pine, 152 lds. birch, 12 lds. ash, 1,016 lds. deals and boards-J & A. Stewart ; 120 lds. birch-T. East & Co. ; 527 lds. pine deals."
18990617p.942.txt,30,Longhrigg Holme,Quebec,DUNDEE,527 lds. pine deals.,,7,6,1899,17,6,1899,False,"7 Longhrigg Holme-Quebec-386 lds deals and boards, 3 lds. oak 30 lds. elm, 5 lds ash 14 lds birch, 263 lds. pine-C Brown & Co., Ltd ; 100 lds. yellow pine, 152 lds. birch, 12 lds. ash, 1,016 lds. deals and boards-J & A. Stewart ; 120 lds. birch-T. East & Co. ; 527 lds. pine deals."
18990617p.942.txt,31,Calabria,Riga,DUNDEE,36 lds. battens,Bell & Sime.,8,6,1899,17,6,1899,False,8 Calabria-Riga-36 lds. battens-Bell & Sime.
18990617p.942.txt,32,Reval,Cronstad,DUNDEE,532 lds. deals and battens,"Bell & Sime, Ltd.",12,6,1899,17,6,1899,False,"12 Reval-Cronstad-532 lds. deals and battens-Bell & Sime, Ltd."
18990617p.942.txt,34,Salacia,Montreal,GLASGOW,"14,079 pcs. deals, 4,055 pcs. deals and ends","3,567 ends-Calder, Henderson, and Livingston.",6,6,1899,17,6,1899,False,"June 6 Salacia-Montreal-14,079 pcs. deals, 4,055 pcs. deals and ends-3,567 ends-Calder, Henderson, and Livingston."
18990617p.942.txt,37,Mongolian,New York,GLASGOW,"1,494 bdls white pine lumber","Wright, Graham & Co.",8,6,1899,17,6,1899,False,"8 Mongolian-New York-1,494 bdls white pine lumber-Wright, Graham & Co. ; 6,906 barrel staves 2 305 pcs. lumber"
18990617p.942.txt,37,Mongolian,New York,GLASGOW,"6,906 barrel staves 2 305 pcs. lumber",,8,6,1899,17,6,1899,False,"8 Mongolian-New York-1,494 bdls white pine lumber-Wright, Graham & Co. ; 6,906 barrel staves 2 305 pcs. lumber"
18990617p.942.txt,40,Alcides,Montreal,GLASGOW,"3,033 pcs. deals",J. & A. Stewart,9,6,1899,17,6,1899,False,"9 Alcides-Montreal-3,033 pcs. deals-J. & A. Stewart ; 16 943 pcs. deals, 17,318 pcs. deals and ends-Calder, Henderson & Livingston ; 13,297 pcs. deals 2,645 pcs. ends."
18990617p.942.txt,40,Alcides,Montreal,GLASGOW,"16 943 pcs. deals, 17,318 pcs. deals and ends","Calder, Henderson & Livingston",9,6,1899,17,6,1899,False,"9 Alcides-Montreal-3,033 pcs. deals-J. & A. Stewart ; 16 943 pcs. deals, 17,318 pcs. deals and ends-Calder, Henderson & Livingston ; 13,297 pcs. deals 2,645 pcs. ends."
18990617p.942.txt,40,Alcides,Montreal,GLASGOW,"13,297 pcs. deals 2,645 pcs. ends.",,9,6,1899,17,6,1899,False,"9 Alcides-Montreal-3,033 pcs. deals-J. & A. Stewart ; 16 943 pcs. deals, 17,318 pcs. deals and ends-Calder, Henderson & Livingston ; 13,297 pcs. deals 2,645 pcs. ends."
18990617p.942.txt,41,Domira,Miramichi,GLASGOW,"3,206 pcs. pine deals 1,774 pcs hemlock deals, 24,509 spruce deals, 6,249 pcs. spruce deals and ends",Brownlee & Co,12,6,1899,17,6,1899,False,"12 Domira-Miramichi-3,206 pcs. pine deals 1,774 pcs hemlock deals, 24,509 spruce deals, 6,249 pcs. spruce deals and ends-Brownlee & Co ; 5,313 pcs. birch deals, 1,663 pcs. birch deal ends, 2,371 spruce battens, 154 pcs. poplar, 991 pcs. pine-Wright, Graham & Co. ; 2,221 pcs. oak, 204 bdls. poplar & Kemp ; 812 pcs. oak, 20 logs poplar 4 pcs. pine-Edmiston & Mitchells ; 411 poplar-Thos. Kerr & Co. ; 5,000 pcs. Singleton, Dunn & Co."
18990617p.942.txt,41,Domira,Miramichi,GLASGOW,"5,313 pcs. birch deals, 1,663 pcs. birch deal ends, 2,371 spruce battens, 154 pcs. poplar, 991 pcs. pine","Wright, Graham & Co.",12,6,1899,17,6,1899,False,"12 Domira-Miramichi-3,206 pcs. pine deals 1,774 pcs hemlock deals, 24,509 spruce deals, 6,249 pcs. spruce deals and ends-Brownlee & Co ; 5,313 pcs. birch deals, 1,663 pcs. birch deal ends, 2,371 spruce battens, 154 pcs. poplar, 991 pcs. pine-Wright, Graham & Co. ; 2,221 pcs. oak, 204 bdls. poplar & Kemp ; 812 pcs. oak, 20 logs poplar 4 pcs. pine-Edmiston & Mitchells ; 411 poplar-Thos. Kerr & Co. ; 5,000 pcs. Singleton, Dunn & Co."
18990617p.942.txt,41,Domira,Miramichi,GLASGOW,"2,221 pcs. oak, 204 bdls. poplar & Kemp",,12,6,1899,17,6,1899,False,"12 Domira-Miramichi-3,206 pcs. pine deals 1,774 pcs hemlock deals, 24,509 spruce deals, 6,249 pcs. spruce deals and ends-Brownlee & Co ; 5,313 pcs. birch deals, 1,663 pcs. birch deal ends, 2,371 spruce battens, 154 pcs. poplar, 991 pcs. pine-Wright, Graham & Co. ; 2,221 pcs. oak, 204 bdls. poplar & Kemp ; 812 pcs. oak, 20 logs poplar 4 pcs. pine-Edmiston & Mitchells ; 411 poplar-Thos. Kerr & Co. ; 5,000 pcs. Singleton, Dunn & Co."
18990617p.942.txt,41,Domira,Miramichi,GLASGOW,"812 pcs. oak, 20 logs poplar 4 pcs. pine",Edmiston & Mitchells,12,6,1899,17,6,1899,False,"12 Domira-Miramichi-3,206 pcs. pine deals 1,774 pcs hemlock deals, 24,509 spruce deals, 6,249 pcs. spruce deals and ends-Brownlee & Co ; 5,313 pcs. birch deals, 1,663 pcs. birch deal ends, 2,371 spruce battens, 154 pcs. poplar, 991 pcs. pine-Wright, Graham & Co. ; 2,221 pcs. oak, 204 bdls. poplar & Kemp ; 812 pcs. oak, 20 logs poplar 4 pcs. pine-Edmiston & Mitchells ; 411 poplar-Thos. Kerr & Co. ; 5,000 pcs. Singleton, Dunn & Co."
18990617p.942.txt,41,Domira,Miramichi,GLASGOW,411 poplar,Thos. Kerr & Co.,12,6,1899,17,6,1899,False,"12 Domira-Miramichi-3,206 pcs. pine deals 1,774 pcs hemlock deals, 24,509 spruce deals, 6,249 pcs. spruce deals and ends-Brownlee & Co ; 5,313 pcs. birch deals, 1,663 pcs. birch deal ends, 2,371 spruce battens, 154 pcs. poplar, 991 pcs. pine-Wright, Graham & Co. ; 2,221 pcs. oak, 204 bdls. poplar & Kemp ; 812 pcs. oak, 20 logs poplar 4 pcs. pine-Edmiston & Mitchells ; 411 poplar-Thos. Kerr & Co. ; 5,000 pcs. Singleton, Dunn & Co."
18990617p.942.txt,41,Domira,Miramichi,GLASGOW,"5,000 pcs. Singleton, Dunn & Co.",,12,6,1899,17,6,1899,False,"12 Domira-Miramichi-3,206 pcs. pine deals 1,774 pcs hemlock deals, 24,509 spruce deals, 6,249 pcs. spruce deals and ends-Brownlee & Co ; 5,313 pcs. birch deals, 1,663 pcs. birch deal ends, 2,371 spruce battens, 154 pcs. poplar, 991 pcs. pine-Wright, Graham & Co. ; 2,221 pcs. oak, 204 bdls. poplar & Kemp ; 812 pcs. oak, 20 logs poplar 4 pcs. pine-Edmiston & Mitchells ; 411 poplar-Thos. Kerr & Co. ; 5,000 pcs. Singleton, Dunn & Co."
18990617p.942.txt,69,Ancona,Riga,GRANGEMOUTH,"1,200 sleepers, 10,400 sleeper blocks",Jas Kennedy & Co.,5,6,1899,17,6,1899,False,"June 5 Ancona-Riga-1,200 sleepers, 10,400 sleeper blocks-Jas Kennedy & Co."
18990617p.942.txt,70,James Haynes,Hernossand,GRANGEMOUTH,"63,910 pcs. battens",Brownlee & Co.,8,6,1899,17,6,1899,False,"8 James Haynes-Hernossand-63,910 pcs. battens-Brownlee & Co."
18990617p.942.txt,73,Vestal,Hernossand,GRANGEMOUTH,"46,409 deals and battens",Brownlee & Co.,8,6,1899,17,6,1899,False,"8 Vestal-Hernossand-46,409 deals and battens-Brownlee & Co."
18990617p.942.txt,74,Ruth,Hernossand,GRANGEMOUTH,"49,354 pcs. battens and ends",McPherson & McLaren,10,6,1899,17,6,1899,False,"10 Ruth-Hernossand-49,354 pcs. battens and ends-McPherson & McLaren ; 22 lds. firewood-J. T. Salvesen & Co."
18990617p.942.txt,74,Ruth,Hernossand,GRANGEMOUTH,22 lds. firewood,J. T. Salvesen & Co.,10,6,1899,17,6,1899,False,"10 Ruth-Hernossand-49,354 pcs. battens and ends-McPherson & McLaren ; 22 lds. firewood-J. T. Salvesen & Co."
18990617p.942.txt,77,Medina,Falkenberg,KIRKCALDY,227 lds. pitprops,Fife Coal Co.,6,6,1899,17,6,1899,False,June 6 Medina-Falkenberg-227 lds. pitprops-Fife Coal Co.
18990617p.942.txt,80,Ida,Oscarshamn,KIRKCALDY,210 lds. hewn fir pitprops,Lochgelly Iron & Coal Co.,9,6,1899,17,6,1899,False,9 Ida-Oscarshamn-210 lds. hewn fir pitprops-Lochgelly Iron & Coal Co.
18990617p.942.txt,84,Calabria,Riga,LEITH,"264 lds. deals, 100 lds. lathwood",J. Cormack & Co.,6,6,1899,17,6,1899,False,"June 6 Calabria-Riga-264 lds. deals, 100 lds. lathwood-J. Cormack & Co."
18990617p.942.txt,85,Anna,Bollsta Bruk,LEITH,"2,095 lds. battens","Park, Dobson & Co.",7,6,1899,17,6,1899,False,"7 Anna-Bollsta Bruk-2,095 lds. battens-Park, Dobson & Co."
18990617p.942.txt,86,Ellingsen,Arendal,LEITH,540 lds. firewood,M. J. Ellingsen.,9,6,1899,17,6,1899,False,9 Ellingsen-Arendal - 540 lds. firewood-M. J. Ellingsen.
18990617p.942.txt,88,Skibladner,Stromstad,BO'NESS,185 lds. hewn fir pitprops,J. Kennedy & Co.,9,6,1899,17,6,1899,False,June 9 Skibladner-Stromstad-185 lds. hewn fir pitprops-J. Kennedy & Co.
18990617p.942.txt,89,Holland (ss),Windau,BO'NESS,"1,250 lds. hewn fir pitprops","Love & Stewart, Ltd.",10,6,1899,17,6,1899,False,"10 Holland (ss)-Windau-1,250 lds. hewn fir pitprops-Love & Stewart, Ltd."
18990715p.61_p001.txt,193,Daylesford,Archangel,ABERDEEN,"1,924 lds deals, battens, and boards","J. Fleming & Co., Ltd.",6,7,1899,15,7,1899,False,"July 6 Daylesford-Archangel-1,924 lds deals, battens, and boards-J. Fleming & Co., Ltd."
18990715p.61_p001.txt,194,Woodlands,Nyhamn,ABERDEEN,"1,028 lds battens and boards",R. Millar & Sons.,10,7,1899,15,7,1899,False,"10 Woodlands-Nyhamn-1,028 lds battens and boards-R. Millar & Sons."
18990715p.61_p001.txt,197,Tarl,Sandefgord,ALLOA,175 lds. pitprops,Madsen & Borch.,4,7,1899,15,7,1899,False,July 4 Tarl - Sandefgord - 175 lds. pitprops - Madsen & Borch.
18990715p.61_p001.txt,198,Otto,Gothenburg,ALLOA,297 lds. pitprops,Madsen & Borch.,5,7,1899,15,7,1899,False,5 Otto - Gothenburg - 297 lds. pitprops - Madsen & Borch.
18990715p.61_p001.txt,199,Hildos,Christiansund,ALLOA,370 lds. pitprops,Madsen & Borch.,6,7,1899,15,7,1899,False,6 Hildos - Christiansund - 370 lds. pitprops - Madsen & Borch.
18990715p.61_p001.txt,200,Wega,Horneborg,ALLOA,441 lds battens,Johnston.,7,7,1899,15,7,1899,False,7 Wega - Horneborg - 441 lds battens - Johnston.
18990715p.61_p001.txt,203,Skjold,Memel,ALLOA,217 lds. oak staves,Haldane.,8,7,1899,15,7,1899,False,8 Skjold - Memel - 217 lds. oak staves - Haldane.
18990715p.61_p001.txt,214,Melusme,Pensacola,AYR,"1,014 lds sawn pitch pine",W. Alexander & Sons.,7,7,1899,15,7,1899,False,"July 7 Melusme - Pensacola - 1,014 lds sawn pitch pine - W. Alexander & Sons."
18990715p.61_p001.txt,217,David Piddiel,350 lds. pitprops,BO'NESS,Love.,,5,7,1899,15,7,1899,False,July 5 David Piddiel - 350 lds. pitprops - Love.
18990715p.61_p001.txt,218,Frey,Oscarshamn,BO'NESS,300 lds. pitprops,Love.,7,7,1899,15,7,1899,False,7 Frey - Oscarshamn - 300 lds. pitprops - Love.
18990715p.61_p001.txt,220,Cumbrian,Wyburg,BO'NESS,"1,520 lds. pitprops",J Denholm & Co.,10,7,1899,15,7,1899,False,"10 Cumbrian - Wyburg - 1,520 lds. pitprops - J Denholm & Co."
18991007p.414_p002.txt,41,Mimer,Gothenburg,SWANSEA,385 lds. props,"Pyman, Watson & Co.",29,9,1899,7,10,1899,True,"Sept. 29 Mimer -Gothenburg-385 lds. props-Pyman, Watson & Co."
18991007p.414_p002.txt,42,Hugin,Gothenburg,SWANSEA,461 lds. props,"Pyman, Watson & Co.",2,10,1899,7,10,1899,True,"Oct. 2 Hugin -Gothenburg-461 lds. props-Pyman, Watson & Co."
18991007p.414_p002.txt,44,Hugin,Gothenburg,SWANSEA,sleepers and palings,"Guest, Keen & Co.",29,9,1899,7,10,1899,True,"Sept. 29 Hugin -Gothenburg-sleepers and palings-Guest, Keen & Co."
18991007p.414_p002.txt,45,Mimer,Gothenburg,SWANSEA,"1,774 pcs. props.",,2,10,1899,7,10,1899,True,"Oct. 2 Mimer -Gothenburg-1,774 pcs. props."
18991007p.414_p002.txt,46,Giralda,Bilbao,SWANSEA,"2,416 pcs. props, 88 pcs. sleepers","A full and complete cargo-Hardy, Tobin & Co.",29,9,1899,7,10,1899,True,"Sept. 29 Giralda -Bilbao-2,416 pcs. props, 88 pcs. sleepers-A full and complete cargo-Hardy, Tobin & Co."
18991007p.414_p002.txt,49,Mimer,Gothenburg,WEST HARTLEPOOL,"385 lds. crown props, sleepers, 228 lds. props",,29,9,1899,7,10,1899,True,"Sept. 29 Mimer -Gothenburg-385 lds. crown props, sleepers, 228 lds. props"
18991007p.414_p002.txt,70,Loughbrow,Trangssund,WISBECH,"1,056 lds. deals, battens and boards",Ropkins & Co.,26,9,1899,7,10,1899,False,"Sept. 26 Loughbrow - Trangssund - 1,056 lds. deals, battens and boards-Ropkins & Co."
18991007p.414_p002.txt,72,Frigga,Westervik,YARMOUTH,"429 lds. deals, battens and boards",Thomas Saul & Son.,29,9,1899,7,10,1899,False,"Sept. 29 Frigga-Westervik-429 lds. deals, battens and boards-Thomas Saul & Son."
18991007p.414_p002.txt,73,Skald,Archangel,YARMOUTH,"1,911 lds. deals and ends","J. & J. Colman, Ltd.",30,9,1899,7,10,1899,False,"30 Skald-Archangel-1,911 lds. deals and ends-J. & J. Colman, Ltd."
18991007p.414_p002.txt,76,Lord Lansdowne,Newport News,BELFAST,11 tons poplar logs,Thos. Dixon & Sons.,26,9,1899,7,10,1899,False,Sept. 26 Lord Lansdowne-Newport News-11 tons poplar logs-Thos. Dixon & Sons.
18991007p.414_p002.txt,78,Prins Oscar,Miramichi,DUBLIN,"1,056 lds. deals",Wm. Graham.,30,9,1899,7,10,1899,False,"Sept. 30 Prins Oscar-Miramichi-1,056 lds. deals-Wm. Graham."
18991007p.414_p002.txt,79,Duneric,Riga,DUBLIN,"15,596 pcs. sleeper blocks",Gt. S. & W. Railway,2,10,1899,7,10,1899,False,"Oct. 2 Duneric-Riga-15,596 pcs. sleeper blocks-Gt. S. & W. Railway; 12,553 pcs. half sleeper blocks-Midland & G. W. Railway."
18991007p.414_p002.txt,79,Duneric,Riga,DUBLIN,"12,553 pcs. half sleeper blocks",Midland & G. W. Railway.,2,10,1899,7,10,1899,False,"Oct. 2 Duneric-Riga-15,596 pcs. sleeper blocks-Gt. S. & W. Railway; 12,553 pcs. half sleeper blocks-Midland & G. W. Railway."
18991007p.414_p002.txt,80,Leif,Frederikstad,DUBLIN,"130,850 pcs. boards and scantlings",R. Martin & Co.,2,10,1899,7,10,1899,False,"2 Leif-Frederikstad-130,850 pcs. boards and scantlings-R. Martin & Co."
18991007p.414_p002.txt,82,John O. Scott,Skutskar,DUBLIN,"20,450 pcs. deals and ends",T. & C. Martin.,4,10,1899,7,10,1899,False,"4 John O. Scott-Skutskar-20,450 pcs. deals and ends-T. & C. Martin."
18991007p.414_p002.txt,84,Galway,Trois Pistoles,GALWAY,971 lds. sawn fir,Thomas McDonogh & Co.,26,9,1899,7,10,1899,False,Sept. 26 Galway-Trois Pistoles-971 lds. sawn fir-Thomas McDonogh & Co.
18991007p.414_p002.txt,89,Sachem,Boston,ALEXANDRA DOCK,"5,257 pcs. lumber",Lytle & Pollock,29,9,1899,7,10,1899,True,"Sept. 29 Sachem -Boston-5,257 pcs. lumber-Lytle & Pollock; 988 pcs. 75 bdls. ash, 600 pcs. oak-A. Dobell & Co.; 10 cs. shooks-J. Dickson & Haywood; 20 logs walnut-J. H. Burrell & Co.; 397 oak boards-W. P. Rolph; 150 logs mahogany, 500 p.p. 7,716 hd. staves."
18991007p.414_p002.txt,89,Sachem,Boston,ALEXANDRA DOCK,"988 pcs. 75 bdls. ash, 600 pcs. oak",A. Dobell & Co.,29,9,1899,7,10,1899,True,"Sept. 29 Sachem -Boston-5,257 pcs. lumber-Lytle & Pollock; 988 pcs. 75 bdls. ash, 600 pcs. oak-A. Dobell & Co.; 10 cs. shooks-J. Dickson & Haywood; 20 logs walnut-J. H. Burrell & Co.; 397 oak boards-W. P. Rolph; 150 logs mahogany, 500 p.p. 7,716 hd. staves."
18991007p.414_p002.txt,89,Sachem,Boston,ALEXANDRA DOCK,10 cs. shooks,J. Dickson & Haywood,29,9,1899,7,10,1899,True,"Sept. 29 Sachem -Boston-5,257 pcs. lumber-Lytle & Pollock; 988 pcs. 75 bdls. ash, 600 pcs. oak-A. Dobell & Co.; 10 cs. shooks-J. Dickson & Haywood; 20 logs walnut-J. H. Burrell & Co.; 397 oak boards-W. P. Rolph; 150 logs mahogany, 500 p.p. 7,716 hd. staves."
18991007p.414_p002.txt,89,Sachem,Boston,ALEXANDRA DOCK,20 logs walnut,J. H. Burrell & Co.,29,9,1899,7,10,1899,True,"Sept. 29 Sachem -Boston-5,257 pcs. lumber-Lytle & Pollock; 988 pcs. 75 bdls. ash, 600 pcs. oak-A. Dobell & Co.; 10 cs. shooks-J. Dickson & Haywood; 20 logs walnut-J. H. Burrell & Co.; 397 oak boards-W. P. Rolph; 150 logs mahogany, 500 p.p. 7,716 hd. staves."
18991007p.414_p002.txt,89,Sachem,Boston,ALEXANDRA DOCK,397 oak boards,W. P. Rolph,29,9,1899,7,10,1899,True,"Sept. 29 Sachem -Boston-5,257 pcs. lumber-Lytle & Pollock; 988 pcs. 75 bdls. ash, 600 pcs. oak-A. Dobell & Co.; 10 cs. shooks-J. Dickson & Haywood; 20 logs walnut-J. H. Burrell & Co.; 397 oak boards-W. P. Rolph; 150 logs mahogany, 500 p.p. 7,716 hd. staves."
18991007p.414_p002.txt,89,Sachem,Boston,ALEXANDRA DOCK,"150 logs mahogany, 500 p.p. 7,716 hd. staves.",,29,9,1899,7,10,1899,True,"Sept. 29 Sachem -Boston-5,257 pcs. lumber-Lytle & Pollock; 988 pcs. 75 bdls. ash, 600 pcs. oak-A. Dobell & Co.; 10 cs. shooks-J. Dickson & Haywood; 20 logs walnut-J. H. Burrell & Co.; 397 oak boards-W. P. Rolph; 150 logs mahogany, 500 p.p. 7,716 hd. staves."
18991007p.414_p002.txt,90,Jamaican,Porto Barrios,ALEXANDRA DOCK,211 logs mahogany,"Chalmers, Guthrie & Co.",30,9,1899,7,10,1899,True,"30 Jamaican -Porto Barrios-211 logs mahogany-Chalmers, Guthrie & Co.; from New Orleans-927 pcs. 265 bdls. gum lumber-Munro, Brice & Co.; 1,718 pcs. walnut lumber-Russe & Burgess; 74 poplar and 25 hickory logs-Hughes, Treleaven & Co.; 204 pcs. oak lumber-Clayton, Redhead & Co.; 209 pcs. 222 bdls. walnut lumber, 14 sacks 26 bdls. 4,459 planks, 200 brls. 6 logs hickory, 22,742 staves; 6,456 pcs. cottonwood lumber, 690 pcs. oak lumber, 33 poplar logs, 5 oak logs."
18991007p.414_p002.txt,90,Jamaican,Porto Barrios,ALEXANDRA DOCK,from New Orleans,"927 pcs. 265 bdls. gum lumber-Munro, Brice & Co.",30,9,1899,7,10,1899,True,"30 Jamaican -Porto Barrios-211 logs mahogany-Chalmers, Guthrie & Co.; from New Orleans-927 pcs. 265 bdls. gum lumber-Munro, Brice & Co.; 1,718 pcs. walnut lumber-Russe & Burgess; 74 poplar and 25 hickory logs-Hughes, Treleaven & Co.; 204 pcs. oak lumber-Clayton, Redhead & Co.; 209 pcs. 222 bdls. walnut lumber, 14 sacks 26 bdls. 4,459 planks, 200 brls. 6 logs hickory, 22,742 staves; 6,456 pcs. cottonwood lumber, 690 pcs. oak lumber, 33 poplar logs, 5 oak logs."
18991007p.414_p002.txt,90,Jamaican,Porto Barrios,ALEXANDRA DOCK,"1,718 pcs. walnut lumber",Russe & Burgess,30,9,1899,7,10,1899,True,"30 Jamaican -Porto Barrios-211 logs mahogany-Chalmers, Guthrie & Co.; from New Orleans-927 pcs. 265 bdls. gum lumber-Munro, Brice & Co.; 1,718 pcs. walnut lumber-Russe & Burgess; 74 poplar and 25 hickory logs-Hughes, Treleaven & Co.; 204 pcs. oak lumber-Clayton, Redhead & Co.; 209 pcs. 222 bdls. walnut lumber, 14 sacks 26 bdls. 4,459 planks, 200 brls. 6 logs hickory, 22,742 staves; 6,456 pcs. cottonwood lumber, 690 pcs. oak lumber, 33 poplar logs, 5 oak logs."
18991007p.414_p002.txt,90,Jamaican,Porto Barrios,ALEXANDRA DOCK,74 poplar and 25 hickory logs,"Hughes, Treleaven & Co.",30,9,1899,7,10,1899,True,"30 Jamaican -Porto Barrios-211 logs mahogany-Chalmers, Guthrie & Co.; from New Orleans-927 pcs. 265 bdls. gum lumber-Munro, Brice & Co.; 1,718 pcs. walnut lumber-Russe & Burgess; 74 poplar and 25 hickory logs-Hughes, Treleaven & Co.; 204 pcs. oak lumber-Clayton, Redhead & Co.; 209 pcs. 222 bdls. walnut lumber, 14 sacks 26 bdls. 4,459 planks, 200 brls. 6 logs hickory, 22,742 staves; 6,456 pcs. cottonwood lumber, 690 pcs. oak lumber, 33 poplar logs, 5 oak logs."
18991007p.414_p002.txt,90,Jamaican,Porto Barrios,ALEXANDRA DOCK,204 pcs. oak lumber,"Clayton, Redhead & Co.",30,9,1899,7,10,1899,True,"30 Jamaican -Porto Barrios-211 logs mahogany-Chalmers, Guthrie & Co.; from New Orleans-927 pcs. 265 bdls. gum lumber-Munro, Brice & Co.; 1,718 pcs. walnut lumber-Russe & Burgess; 74 poplar and 25 hickory logs-Hughes, Treleaven & Co.; 204 pcs. oak lumber-Clayton, Redhead & Co.; 209 pcs. 222 bdls. walnut lumber, 14 sacks 26 bdls. 4,459 planks, 200 brls. 6 logs hickory, 22,742 staves; 6,456 pcs. cottonwood lumber, 690 pcs. oak lumber, 33 poplar logs, 5 oak logs."
18991007p.414_p002.txt,90,Jamaican,Porto Barrios,ALEXANDRA DOCK,"209 pcs. 222 bdls. walnut lumber, 14 sacks 26 bdls. 4,459 planks, 200 brls. 6 logs hickory, 22,742 staves",,30,9,1899,7,10,1899,True,"30 Jamaican -Porto Barrios-211 logs mahogany-Chalmers, Guthrie & Co.; from New Orleans-927 pcs. 265 bdls. gum lumber-Munro, Brice & Co.; 1,718 pcs. walnut lumber-Russe & Burgess; 74 poplar and 25 hickory logs-Hughes, Treleaven & Co.; 204 pcs. oak lumber-Clayton, Redhead & Co.; 209 pcs. 222 bdls. walnut lumber, 14 sacks 26 bdls. 4,459 planks, 200 brls. 6 logs hickory, 22,742 staves; 6,456 pcs. cottonwood lumber, 690 pcs. oak lumber, 33 poplar logs, 5 oak logs."
18991007p.414_p002.txt,90,Jamaican,Porto Barrios,ALEXANDRA DOCK,"6,456 pcs. cottonwood lumber, 690 pcs. oak lumber, 33 poplar logs, 5 oak logs.",,30,9,1899,7,10,1899,True,"30 Jamaican -Porto Barrios-211 logs mahogany-Chalmers, Guthrie & Co.; from New Orleans-927 pcs. 265 bdls. gum lumber-Munro, Brice & Co.; 1,718 pcs. walnut lumber-Russe & Burgess; 74 poplar and 25 hickory logs-Hughes, Treleaven & Co.; 204 pcs. oak lumber-Clayton, Redhead & Co.; 209 pcs. 222 bdls. walnut lumber, 14 sacks 26 bdls. 4,459 planks, 200 brls. 6 logs hickory, 22,742 staves; 6,456 pcs. cottonwood lumber, 690 pcs. oak lumber, 33 poplar logs, 5 oak logs."
18991007p.414_p002.txt,92,Tainui,Montreal,ALEXANDRA DOCK,"1,066 bdls. shooks",Lever Bros.,2,10,1899,7,10,1899,True,"Oct. 2 Tainui -Montreal-1,066 bdls. shooks-Lever Bros."
18991007p.414_p002.txt,93,Cambroman,Montreal,ALEXANDRA DOCK,948 pcs. hardwood lumber,J. Kennedy & Co.,4,10,1899,7,10,1899,True,"4 Cambroman -Montreal-948 pcs. hardwood lumber-J. Kennedy & Co.; 5,267 red pine boards-Duncan, Ewing & Co.; 2,606 deals; from Quebec-9,694 spruce deals."
18991007p.414_p002.txt,93,Cambroman,Montreal,ALEXANDRA DOCK,"5,267 red pine boards","Duncan, Ewing & Co.",4,10,1899,7,10,1899,True,"4 Cambroman -Montreal-948 pcs. hardwood lumber-J. Kennedy & Co.; 5,267 red pine boards-Duncan, Ewing & Co.; 2,606 deals; from Quebec-9,694 spruce deals."
18991007p.414_p002.txt,93,Cambroman,Montreal,ALEXANDRA DOCK,"2,606 deals",,4,10,1899,7,10,1899,True,"4 Cambroman -Montreal-948 pcs. hardwood lumber-J. Kennedy & Co.; 5,267 red pine boards-Duncan, Ewing & Co.; 2,606 deals; from Quebec-9,694 spruce deals."
18991007p.414_p002.txt,93,Cambroman,Montreal,ALEXANDRA DOCK,from Quebec,"9,694 spruce deals.",4,10,1899,7,10,1899,True,"4 Cambroman -Montreal-948 pcs. hardwood lumber-J. Kennedy & Co.; 5,267 red pine boards-Duncan, Ewing & Co.; 2,606 deals; from Quebec-9,694 spruce deals."
18991007p.414_p002.txt,95,Lapland,Hamburg,BIRKENHEAD DOCK,131 pcs. mahogany.,,2,10,1899,7,10,1899,True,Oct. 2 Lapland -Hamburg-131 pcs. mahogany.
18991007p.414_p002.txt,97,Quernmore,Baltimore,CANADA DOCK,6 oak logs,Churchill & Sim,28,9,1899,7,10,1899,True,"Sept. 28 Quernmore -Baltimore-6 oak logs-Churchill & Sim; 835 pcs. oak, 616 pcs. poplar-J. Kennedy & Co.; 3 bxs. mouldings Marwood & Christian; 1,105 pcs. oak-R. Coltart & Co.; 39 poplar logs, 54 walnut logs, 2 ash logs, 5,570 pcs. oak lumber, 7,586 pcs. poplar lumber, 136 bdls. 1 car poplar lumber, 2,442 w.o. planks, 765 whitewood boards, 4,589 oak staves, 11,210 hhd. staves, 523 pcs. poplar."
18991007p.414_p002.txt,97,Quernmore,Baltimore,CANADA DOCK,"835 pcs. oak, 616 pcs. poplar",J. Kennedy & Co.,28,9,1899,7,10,1899,True,"Sept. 28 Quernmore -Baltimore-6 oak logs-Churchill & Sim; 835 pcs. oak, 616 pcs. poplar-J. Kennedy & Co.; 3 bxs. mouldings Marwood & Christian; 1,105 pcs. oak-R. Coltart & Co.; 39 poplar logs, 54 walnut logs, 2 ash logs, 5,570 pcs. oak lumber, 7,586 pcs. poplar lumber, 136 bdls. 1 car poplar lumber, 2,442 w.o. planks, 765 whitewood boards, 4,589 oak staves, 11,210 hhd. staves, 523 pcs. poplar."
18991007p.414_p002.txt,97,Quernmore,Baltimore,CANADA DOCK,3 bxs. mouldings Marwood & Christian,,28,9,1899,7,10,1899,True,"Sept. 28 Quernmore -Baltimore-6 oak logs-Churchill & Sim; 835 pcs. oak, 616 pcs. poplar-J. Kennedy & Co.; 3 bxs. mouldings Marwood & Christian; 1,105 pcs. oak-R. Coltart & Co.; 39 poplar logs, 54 walnut logs, 2 ash logs, 5,570 pcs. oak lumber, 7,586 pcs. poplar lumber, 136 bdls. 1 car poplar lumber, 2,442 w.o. planks, 765 whitewood boards, 4,589 oak staves, 11,210 hhd. staves, 523 pcs. poplar."
18991007p.414_p002.txt,97,Quernmore,Baltimore,CANADA DOCK,"1,105 pcs. oak",R. Coltart & Co.,28,9,1899,7,10,1899,True,"Sept. 28 Quernmore -Baltimore-6 oak logs-Churchill & Sim; 835 pcs. oak, 616 pcs. poplar-J. Kennedy & Co.; 3 bxs. mouldings Marwood & Christian; 1,105 pcs. oak-R. Coltart & Co.; 39 poplar logs, 54 walnut logs, 2 ash logs, 5,570 pcs. oak lumber, 7,586 pcs. poplar lumber, 136 bdls. 1 car poplar lumber, 2,442 w.o. planks, 765 whitewood boards, 4,589 oak staves, 11,210 hhd. staves, 523 pcs. poplar."
18991007p.414_p002.txt,97,Quernmore,Baltimore,CANADA DOCK,"39 poplar logs, 54 walnut logs, 2 ash logs, 5,570 pcs. oak lumber, 7,586 pcs. poplar lumber, 136 bdls. 1 car poplar lumber, 2,442 w.o. planks, 765 whitewood boards, 4,589 oak staves, 11,210 hhd. staves, 523 pcs. poplar.",,28,9,1899,7,10,1899,True,"Sept. 28 Quernmore -Baltimore-6 oak logs-Churchill & Sim; 835 pcs. oak, 616 pcs. poplar-J. Kennedy & Co.; 3 bxs. mouldings Marwood & Christian; 1,105 pcs. oak-R. Coltart & Co.; 39 poplar logs, 54 walnut logs, 2 ash logs, 5,570 pcs. oak lumber, 7,586 pcs. poplar lumber, 136 bdls. 1 car poplar lumber, 2,442 w.o. planks, 765 whitewood boards, 4,589 oak staves, 11,210 hhd. staves, 523 pcs. poplar."
18991007p.414_p002.txt,99,Cymric,New York,CANADA DOCK,"1,598 lancewood spars",B. Ackerley & Son,29,9,1899,7,10,1899,True,"29 Cymric -New York-1,598 lancewood spars-B. Ackerley & Son; 1,500 pcs. brl. and 2,264 hd. staves, 254 pcs. oak lumber."
18991007p.414_p002.txt,99,Cymric,New York,CANADA DOCK,"1,500 pcs. brl. and 2,264 hd. staves, 254 pcs. oak lumber.",,29,9,1899,7,10,1899,True,"29 Cymric -New York-1,598 lancewood spars-B. Ackerley & Son; 1,500 pcs. brl. and 2,264 hd. staves, 254 pcs. oak lumber."
18991007p.414_p002.txt,100,Lucania,New York,CANADA DOCK,"3,000 staves, 819 pcs. lignum",vitae.,2,10,1899,7,10,1899,True,"Oct. 2 Lucania -New York-3,000 staves, 819 pcs. lignum-vitae."
18991007p.414_p002.txt,103,Werneth Hall,Quebec,SURREY COMMERCIAL DOCKS,"1,103 oak planks, 13 logs birch, &c.",R. Dobell & Co.,2,10,1899,7,10,1899,True,"Oct. 2 Werneth Hall -Quebec-1,103 oak planks, 13 logs birch, &c.-R. Dobell & Co."
18991007p.414_p002.txt,105,Lancashire,Rangoon,TILBURY DOCKS,"69,000 teak keys.",,2,10,1899,7,10,1899,True,"Oct. 2 Lancashire -Rangoon-69,000 teak keys."
18991007p.414_p002.txt,106,Cambrian,Newport News,TILBURY DOCKS,"433 pcs. oak, 12 poplar, 1,608 pcs. poplar",Farnworth & Jardine,28,9,1899,7,10,1899,True,"Sept. 28 Cambrian -Newport News-433 pcs. oak, 12 poplar, 1,608 pcs. poplar-Farnworth & Jardine; 349 oak planks-W. Alcott & Co.; 12,250 staves, 45 logs walnut, 182 bdls. dowels, 2,759 pcs. and bdls. lumber."
18991007p.414_p002.txt,106,Cambrian,Newport News,TILBURY DOCKS,349 oak planks,W. Alcott & Co.,28,9,1899,7,10,1899,True,"Sept. 28 Cambrian -Newport News-433 pcs. oak, 12 poplar, 1,608 pcs. poplar-Farnworth & Jardine; 349 oak planks-W. Alcott & Co.; 12,250 staves, 45 logs walnut, 182 bdls. dowels, 2,759 pcs. and bdls. lumber."
18991007p.414_p002.txt,106,Cambrian,Newport News,TILBURY DOCKS,"12,250 staves, 45 logs walnut, 182 bdls. dowels, 2,759 pcs. and bdls. lumber.",,28,9,1899,7,10,1899,True,"Sept. 28 Cambrian -Newport News-433 pcs. oak, 12 poplar, 1,608 pcs. poplar-Farnworth & Jardine; 349 oak planks-W. Alcott & Co.; 12,250 staves, 45 logs walnut, 182 bdls. dowels, 2,759 pcs. and bdls. lumber."
18991007p.414_p002.txt,108,Rapidan,Newport News,ROYAL VICTORIA DOCK,"1,588 pcs. poplar",Farnworth & Jardine,28,9,1899,7,10,1899,True,"Sept. 28 Rapidan -Newport News-1,588 pcs. poplar-Farnworth & Jardine; 306 oak planks-W. Alcott; 1,103 oak planks, 1,245 pcs. poplar mouldings."
18991007p.414_p002.txt,108,Rapidan,Newport News,ROYAL VICTORIA DOCK,306 oak planks,W. Alcott,28,9,1899,7,10,1899,True,"Sept. 28 Rapidan -Newport News-1,588 pcs. poplar-Farnworth & Jardine; 306 oak planks-W. Alcott; 1,103 oak planks, 1,245 pcs. poplar mouldings."
18991007p.414_p002.txt,108,Rapidan,Newport News,ROYAL VICTORIA DOCK,"1,103 oak planks, 1,245 pcs. poplar mouldings.",,28,9,1899,7,10,1899,True,"Sept. 28 Rapidan -Newport News-1,588 pcs. poplar-Farnworth & Jardine; 306 oak planks-W. Alcott; 1,103 oak planks, 1,245 pcs. poplar mouldings."
18991007p.414_p002.txt,109,Lugano,Pensacola,ROYAL VICTORIA DOCK,440 lgs. hewn oak.,,4,9,1899,7,10,1899,True,4 Lugano -Pensacola-440 lgs. hewn oak.
18991007p.414_p002.txt,111,Pinemore,New Orleans,HORNSEY DOCK,"2,438 staves, 29 bdls. headings.",,3,10,1899,7,10,1899,True,"Oct. 3 Pinemore -New Orleans-2,438 staves, 29 bdls. headings."
18991007p.414_p002.txt,113,Waesland,New Orleans,HORNSEY DOCK,"1,588 pcs. round oak staves.",,28,9,1899,7,10,1899,True,"Sept. 28 Waesland -New Orleans-1,588 pcs. round oak staves."
18991007p.414_p002.txt,116,Shenandoah,New Orleans,HORNSEY DOCK,306 logs mahogany,from Axim-110 logs mahogany-for sundry consignees.,4,10,1899,7,10,1899,True,Oct. 4 Shenandoah -New Orleans-306 logs mahogany-from Axim-110 logs mahogany-for sundry consignees.
18991007p.414_p002.txt,117,Africa,"From Benin, 3 lgs. mahogany; from Axim",HORNSEY DOCK,440 lgs. mahogany,,29,9,1899,7,10,1899,False,"Sept. 29 Africa-From Benin, 3 lgs. mahogany; from Axim-440 lgs. mahogany; 15 lgs. mahogany; from Grand Bassam-20 bds. boards."
18991007p.414_p002.txt,117,Africa,"From Benin, 3 lgs. mahogany; from Axim",HORNSEY DOCK,15 lgs. mahogany,,29,9,1899,7,10,1899,False,"Sept. 29 Africa-From Benin, 3 lgs. mahogany; from Axim-440 lgs. mahogany; 15 lgs. mahogany; from Grand Bassam-20 bds. boards."
18991007p.414_p002.txt,117,Africa,"From Benin, 3 lgs. mahogany; from Axim",HORNSEY DOCK,from Grand Bassam,20 bds. boards.,29,9,1899,7,10,1899,False,"Sept. 29 Africa-From Benin, 3 lgs. mahogany; from Axim-440 lgs. mahogany; 15 lgs. mahogany; from Grand Bassam-20 bds. boards."
18991007p.414_p002.txt,119,Sylvania,Boston,HUSKISSON DOCK,"235 oak scantlings, 8,900 staves.",,4,10,1899,7,10,1899,True,"Oct. 4 Sylvania -Boston-235 oak scantlings, 8,900 staves."
18991007p.414_p002.txt,121,Morso,St. Petersburg,MILLWALL DOCKS,"3,555 pcs. round oak staves.",,29,9,1899,7,10,1899,True,"Sept. 29 Morso -St. Petersburg-3,555 pcs. round oak staves."
18991007p.414_p002.txt,123,Clan MacLaren,Madras,ROYAL ALBERT DOCKS,"20 teak, 69,000 teak keys.",,3,10,1899,7,10,1899,False,"Oct. 3 Clan MacLaren-Madras-20 teak, 69,000 teak keys."
18991007p.414_p002.txt,126,America,New York,VICTORIA DOCKS,"824 pcs. poplar, 740 lumber, 858 pcs. poplar, 740 lumber, 5,642 brls. 300 butt oak boards.",,2,10,1899,7,10,1899,True,"Oct. 2 America -New York-824 pcs. poplar, 740 lumber, 858 pcs. poplar, 740 lumber, 5,642 brls. 300 butt oak boards."
18991007p.414_p002.txt,128,Osborne,Philadelphia,WEST INDIA DOCKS,"44 crts. poplar, 7,150 bdls. walnut",C. Leary & Co.,30,9,1899,7,10,1899,True,"Sept. 30 Osborne -Philadelphia-44 crts. poplar, 7,150 bdls. walnut-C. Leary & Co.; 968 bdls. poplar-L. C. Hay & Co.; 1,103 oak planks, 13 logs walnut, 204 c. poplar-G. Becker; 5,854 staves, 2,605 hand spikes, 1,000 pcs. lumber."
18991007p.414_p002.txt,128,Osborne,Philadelphia,WEST INDIA DOCKS,968 bdls. poplar,L. C. Hay & Co.,30,9,1899,7,10,1899,True,"Sept. 30 Osborne -Philadelphia-44 crts. poplar, 7,150 bdls. walnut-C. Leary & Co.; 968 bdls. poplar-L. C. Hay & Co.; 1,103 oak planks, 13 logs walnut, 204 c. poplar-G. Becker; 5,854 staves, 2,605 hand spikes, 1,000 pcs. lumber."
18991007p.414_p002.txt,128,Osborne,Philadelphia,WEST INDIA DOCKS,"1,103 oak planks, 13 logs walnut, 204 c. poplar",G. Becker,30,9,1899,7,10,1899,True,"Sept. 30 Osborne -Philadelphia-44 crts. poplar, 7,150 bdls. walnut-C. Leary & Co.; 968 bdls. poplar-L. C. Hay & Co.; 1,103 oak planks, 13 logs walnut, 204 c. poplar-G. Becker; 5,854 staves, 2,605 hand spikes, 1,000 pcs. lumber."
18991007p.414_p002.txt,128,Osborne,Philadelphia,WEST INDIA DOCKS,"5,854 staves, 2,605 hand spikes, 1,000 pcs. lumber.",,30,9,1899,7,10,1899,True,"Sept. 30 Osborne -Philadelphia-44 crts. poplar, 7,150 bdls. walnut-C. Leary & Co.; 968 bdls. poplar-L. C. Hay & Co.; 1,103 oak planks, 13 logs walnut, 204 c. poplar-G. Becker; 5,854 staves, 2,605 hand spikes, 1,000 pcs. lumber."
18991007p.414_p002.txt,129,Skjalm Hvide,Copenhagen,WEST INDIA DOCKS,"1,285 pcs. teak, 433 bdls. scantlings",Essequibo Timber Co.,2,10,1899,7,10,1899,True,"Oct. 2 Skjalm Hvide -Copenhagen-1,285 pcs. teak, 433 bdls. scantlings-Essequibo Timber Co."
18991007p.414_p002.txt,131,Malmen,Albany,WEST INDIA DOCKS,"4,716 pcs. lumber",Millar's Forests.,3,10,1899,7,10,1899,False,"3 Malmen-Albany-4,716 pcs. lumber-Millar's Forests."
18991007p.414_p002.txt,134,Ystroom,Amsterdam,OTHER DOCKS AND WHARVES,"2,626 bdls. dowels.",,2,10,1899,7,10,1899,True,"Oct. 2 Ystroom -Amsterdam-2,626 bdls. dowels."
22. p. 392-393 - Iports - May 30 1885 - Timber Trades Journal 1885_p002.txt,2,Anna,Krageröe,"[MAY 30, 1885.]","10 fms. balks, 65 lds. deals and battens, 72 fms. slabs",Brown & Co.,20,5,1885,30,5,1885,False,"May 20 Anna-Krageröe-10 fms. balks, 65 lds. deals and battens, 72 fms. slabs-Brown & Co."
22. p. 392-393 - Iports - May 30 1885 - Timber Trades Journal 1885_p002.txt,3,Lalla,Fredrikstad,"[MAY 30, 1885.]","67,872 pcs flooring","With, Webster, & Co.-Lower Quebec Yd.",22,5,1885,30,5,1885,False,"May 22 Lalla-Fredrikstad-67,872 pcs flooring-With, Webster, & Co.-Lower Quebec Yd."
22. p. 392-393 - Iports - May 30 1885 - Timber Trades Journal 1885_p002.txt,4,Guido,Langror,"[MAY 30, 1885.]","2,656 deal",Morrison-Librand-Station Yard 3,25,5,1885,30,5,1885,False,"May 25 Guido-Langror-2,656 deal-Morrison-Librand-Station Yard 3"
22. p. 392-393 - Iports - May 30 1885 - Timber Trades Journal 1885_p002.txt,5,Anna,Langror,"[MAY 30, 1885.]","124 pcs. tumber, 18,707 pcs. deals",M. Ross & Co.-Centre Yard,25,5,1885,30,5,1885,False,"May 25 Anna-Langror-124 pcs. tumber, 18,707 pcs. deals-M. Ross & Co.-Centre Yard"
22. p. 392-393 - Iports - May 30 1885 - Timber Trades Journal 1885_p002.txt,7,William Morrison,Philadelphia,MILLWALL DOCKS,"3,800 staves",W. C. Muller & Co.,20,5,1885,30,5,1885,True,"May 20 William Morrison -Philadelphia-3,800 staves-W. C. Muller & Co."
22. p. 392-393 - Iports - May 30 1885 - Timber Trades Journal 1885_p002.txt,8,Orlando,Gothenburg,MILLWALL DOCKS,"10,605 deals and battens","Thompson, Russell, & Co.",21,5,1885,30,5,1885,True,"May 21 Orlando -Gothenburg-10,605 deals and battens-Thompson, Russell, & Co."
22. p. 392-393 - Iports - May 30 1885 - Timber Trades Journal 1885_p002.txt,9,Romeo,Gothenburg,MILLWALL DOCKS,"839 bdls. mouldings, 1,000 pcs. turned wood","Foy, Morgan, & Co.",21,5,1885,30,5,1885,True,"May 21 Romeo -Gothenburg-839 bdls. mouldings, 1,000 pcs. turned wood-Foy, Morgan, & Co.; 1,181 bdls. mouldings, 250 doors-W. R. Crow & Son ; 200 doors-E. Jansson; 820 doors-Gribble & Co. ; 1,001 pkgs. joinery-Churchill & Co. ; 29 bgs., 1 cs. turned wood-W. Uloth & Co. ; 15 bgs. turned wood, 1 bdls. sticks-Maxime & Co. ; 15 bgs. turned wood, 4,000 bdls. laths-Order"
22. p. 392-393 - Iports - May 30 1885 - Timber Trades Journal 1885_p002.txt,9,Romeo,Gothenburg,MILLWALL DOCKS,"1,181 bdls. mouldings, 250 doors",W. R. Crow & Son,21,5,1885,30,5,1885,True,"May 21 Romeo -Gothenburg-839 bdls. mouldings, 1,000 pcs. turned wood-Foy, Morgan, & Co.; 1,181 bdls. mouldings, 250 doors-W. R. Crow & Son ; 200 doors-E. Jansson; 820 doors-Gribble & Co. ; 1,001 pkgs. joinery-Churchill & Co. ; 29 bgs., 1 cs. turned wood-W. Uloth & Co. ; 15 bgs. turned wood, 1 bdls. sticks-Maxime & Co. ; 15 bgs. turned wood, 4,000 bdls. laths-Order"
22. p. 392-393 - Iports - May 30 1885 - Timber Trades Journal 1885_p002.txt,9,Romeo,Gothenburg,MILLWALL DOCKS,200 doors,E. Jansson,21,5,1885,30,5,1885,True,"May 21 Romeo -Gothenburg-839 bdls. mouldings, 1,000 pcs. turned wood-Foy, Morgan, & Co.; 1,181 bdls. mouldings, 250 doors-W. R. Crow & Son ; 200 doors-E. Jansson; 820 doors-Gribble & Co. ; 1,001 pkgs. joinery-Churchill & Co. ; 29 bgs., 1 cs. turned wood-W. Uloth & Co. ; 15 bgs. turned wood, 1 bdls. sticks-Maxime & Co. ; 15 bgs. turned wood, 4,000 bdls. laths-Order"
22. p. 392-393 - Iports - May 30 1885 - Timber Trades Journal 1885_p002.txt,9,Romeo,Gothenburg,MILLWALL DOCKS,820 doors,Gribble & Co.,21,5,1885,30,5,1885,True,"May 21 Romeo -Gothenburg-839 bdls. mouldings, 1,000 pcs. turned wood-Foy, Morgan, & Co.; 1,181 bdls. mouldings, 250 doors-W. R. Crow & Son ; 200 doors-E. Jansson; 820 doors-Gribble & Co. ; 1,001 pkgs. joinery-Churchill & Co. ; 29 bgs., 1 cs. turned wood-W. Uloth & Co. ; 15 bgs. turned wood, 1 bdls. sticks-Maxime & Co. ; 15 bgs. turned wood, 4,000 bdls. laths-Order"
22. p. 392-393 - Iports - May 30 1885 - Timber Trades Journal 1885_p002.txt,9,Romeo,Gothenburg,MILLWALL DOCKS,"1,001 pkgs. joinery",Churchill & Co.,21,5,1885,30,5,1885,True,"May 21 Romeo -Gothenburg-839 bdls. mouldings, 1,000 pcs. turned wood-Foy, Morgan, & Co.; 1,181 bdls. mouldings, 250 doors-W. R. Crow & Son ; 200 doors-E. Jansson; 820 doors-Gribble & Co. ; 1,001 pkgs. joinery-Churchill & Co. ; 29 bgs., 1 cs. turned wood-W. Uloth & Co. ; 15 bgs. turned wood, 1 bdls. sticks-Maxime & Co. ; 15 bgs. turned wood, 4,000 bdls. laths-Order"
22. p. 392-393 - Iports - May 30 1885 - Timber Trades Journal 1885_p002.txt,9,Romeo,Gothenburg,MILLWALL DOCKS,"29 bgs., 1 cs. turned wood",W. Uloth & Co.,21,5,1885,30,5,1885,True,"May 21 Romeo -Gothenburg-839 bdls. mouldings, 1,000 pcs. turned wood-Foy, Morgan, & Co.; 1,181 bdls. mouldings, 250 doors-W. R. Crow & Son ; 200 doors-E. Jansson; 820 doors-Gribble & Co. ; 1,001 pkgs. joinery-Churchill & Co. ; 29 bgs., 1 cs. turned wood-W. Uloth & Co. ; 15 bgs. turned wood, 1 bdls. sticks-Maxime & Co. ; 15 bgs. turned wood, 4,000 bdls. laths-Order"
22. p. 392-393 - Iports - May 30 1885 - Timber Trades Journal 1885_p002.txt,9,Romeo,Gothenburg,MILLWALL DOCKS,"15 bgs. turned wood, 1 bdls. sticks",Maxime & Co.,21,5,1885,30,5,1885,True,"May 21 Romeo -Gothenburg-839 bdls. mouldings, 1,000 pcs. turned wood-Foy, Morgan, & Co.; 1,181 bdls. mouldings, 250 doors-W. R. Crow & Son ; 200 doors-E. Jansson; 820 doors-Gribble & Co. ; 1,001 pkgs. joinery-Churchill & Co. ; 29 bgs., 1 cs. turned wood-W. Uloth & Co. ; 15 bgs. turned wood, 1 bdls. sticks-Maxime & Co. ; 15 bgs. turned wood, 4,000 bdls. laths-Order"
22. p. 392-393 - Iports - May 30 1885 - Timber Trades Journal 1885_p002.txt,9,Romeo,Gothenburg,MILLWALL DOCKS,"15 bgs. turned wood, 4,000 bdls. laths",Order,21,5,1885,30,5,1885,True,"May 21 Romeo -Gothenburg-839 bdls. mouldings, 1,000 pcs. turned wood-Foy, Morgan, & Co.; 1,181 bdls. mouldings, 250 doors-W. R. Crow & Son ; 200 doors-E. Jansson; 820 doors-Gribble & Co. ; 1,001 pkgs. joinery-Churchill & Co. ; 29 bgs., 1 cs. turned wood-W. Uloth & Co. ; 15 bgs. turned wood, 1 bdls. sticks-Maxime & Co. ; 15 bgs. turned wood, 4,000 bdls. laths-Order"
22. p. 392-393 - Iports - May 30 1885 - Timber Trades Journal 1885_p002.txt,10,Goodwin,Gothenburg,MILLWALL DOCKS,"2,400 bdls. floorboards, 2,100 bdls. blocks",Vigers Bros.,21,5,1885,30,5,1885,True,"May 21 Goodwin -Gothenburg-2,400 bdls. floorboards, 2,100 bdls. blocks-Vigers Bros. ; 107 doz. deals-Gridley ; 147 bdls. mouldings-Bremer & Co. ; 2,329 boards-With & Co. ; 8,620 boards-Gabriel & Son ; 104 doz. battens-Oxenham ; 1,350 bdls. laths-T. Gabriel ; 135 doz. deals, 3 doz. poles, 886 battens, 15 fms. firewood, 1,500 bdls. laths, 2 spars-Order"
22. p. 392-393 - Iports - May 30 1885 - Timber Trades Journal 1885_p002.txt,10,Goodwin,Gothenburg,MILLWALL DOCKS,107 doz. deals,Gridley,21,5,1885,30,5,1885,True,"May 21 Goodwin -Gothenburg-2,400 bdls. floorboards, 2,100 bdls. blocks-Vigers Bros. ; 107 doz. deals-Gridley ; 147 bdls. mouldings-Bremer & Co. ; 2,329 boards-With & Co. ; 8,620 boards-Gabriel & Son ; 104 doz. battens-Oxenham ; 1,350 bdls. laths-T. Gabriel ; 135 doz. deals, 3 doz. poles, 886 battens, 15 fms. firewood, 1,500 bdls. laths, 2 spars-Order"
22. p. 392-393 - Iports - May 30 1885 - Timber Trades Journal 1885_p002.txt,10,Goodwin,Gothenburg,MILLWALL DOCKS,147 bdls. mouldings,Bremer & Co.,21,5,1885,30,5,1885,True,"May 21 Goodwin -Gothenburg-2,400 bdls. floorboards, 2,100 bdls. blocks-Vigers Bros. ; 107 doz. deals-Gridley ; 147 bdls. mouldings-Bremer & Co. ; 2,329 boards-With & Co. ; 8,620 boards-Gabriel & Son ; 104 doz. battens-Oxenham ; 1,350 bdls. laths-T. Gabriel ; 135 doz. deals, 3 doz. poles, 886 battens, 15 fms. firewood, 1,500 bdls. laths, 2 spars-Order"
22. p. 392-393 - Iports - May 30 1885 - Timber Trades Journal 1885_p002.txt,10,Goodwin,Gothenburg,MILLWALL DOCKS,"2,329 boards",With & Co.,21,5,1885,30,5,1885,True,"May 21 Goodwin -Gothenburg-2,400 bdls. floorboards, 2,100 bdls. blocks-Vigers Bros. ; 107 doz. deals-Gridley ; 147 bdls. mouldings-Bremer & Co. ; 2,329 boards-With & Co. ; 8,620 boards-Gabriel & Son ; 104 doz. battens-Oxenham ; 1,350 bdls. laths-T. Gabriel ; 135 doz. deals, 3 doz. poles, 886 battens, 15 fms. firewood, 1,500 bdls. laths, 2 spars-Order"
22. p. 392-393 - Iports - May 30 1885 - Timber Trades Journal 1885_p002.txt,10,Goodwin,Gothenburg,MILLWALL DOCKS,"8,620 boards",Gabriel & Son,21,5,1885,30,5,1885,True,"May 21 Goodwin -Gothenburg-2,400 bdls. floorboards, 2,100 bdls. blocks-Vigers Bros. ; 107 doz. deals-Gridley ; 147 bdls. mouldings-Bremer & Co. ; 2,329 boards-With & Co. ; 8,620 boards-Gabriel & Son ; 104 doz. battens-Oxenham ; 1,350 bdls. laths-T. Gabriel ; 135 doz. deals, 3 doz. poles, 886 battens, 15 fms. firewood, 1,500 bdls. laths, 2 spars-Order"
22. p. 392-393 - Iports - May 30 1885 - Timber Trades Journal 1885_p002.txt,10,Goodwin,Gothenburg,MILLWALL DOCKS,104 doz. battens,Oxenham,21,5,1885,30,5,1885,True,"May 21 Goodwin -Gothenburg-2,400 bdls. floorboards, 2,100 bdls. blocks-Vigers Bros. ; 107 doz. deals-Gridley ; 147 bdls. mouldings-Bremer & Co. ; 2,329 boards-With & Co. ; 8,620 boards-Gabriel & Son ; 104 doz. battens-Oxenham ; 1,350 bdls. laths-T. Gabriel ; 135 doz. deals, 3 doz. poles, 886 battens, 15 fms. firewood, 1,500 bdls. laths, 2 spars-Order"
22. p. 392-393 - Iports - May 30 1885 - Timber Trades Journal 1885_p002.txt,10,Goodwin,Gothenburg,MILLWALL DOCKS,"1,350 bdls. laths",T. Gabriel,21,5,1885,30,5,1885,True,"May 21 Goodwin -Gothenburg-2,400 bdls. floorboards, 2,100 bdls. blocks-Vigers Bros. ; 107 doz. deals-Gridley ; 147 bdls. mouldings-Bremer & Co. ; 2,329 boards-With & Co. ; 8,620 boards-Gabriel & Son ; 104 doz. battens-Oxenham ; 1,350 bdls. laths-T. Gabriel ; 135 doz. deals, 3 doz. poles, 886 battens, 15 fms. firewood, 1,500 bdls. laths, 2 spars-Order"
22. p. 392-393 - Iports - May 30 1885 - Timber Trades Journal 1885_p002.txt,10,Goodwin,Gothenburg,MILLWALL DOCKS,"135 doz. deals, 3 doz. poles, 886 battens, 15 fms. firewood, 1,500 bdls. laths, 2 spars",Order,21,5,1885,30,5,1885,True,"May 21 Goodwin -Gothenburg-2,400 bdls. floorboards, 2,100 bdls. blocks-Vigers Bros. ; 107 doz. deals-Gridley ; 147 bdls. mouldings-Bremer & Co. ; 2,329 boards-With & Co. ; 8,620 boards-Gabriel & Son ; 104 doz. battens-Oxenham ; 1,350 bdls. laths-T. Gabriel ; 135 doz. deals, 3 doz. poles, 886 battens, 15 fms. firewood, 1,500 bdls. laths, 2 spars-Order"
22. p. 392-393 - Iports - May 30 1885 - Timber Trades Journal 1885_p002.txt,11,Angelo,Gothenburg,MILLWALL DOCKS,"4,168 bdls. blocks, 1,150 bdls. boards","With, Webster, & Co.",22,5,1885,30,5,1885,False,"May 22 Angelo-Gothenburg-4,168 bdls. blocks, 1,150 bdls. boards-With, Webster, & Co. ; 268 doors-J. Petrie ; 354 doz. battens-E. Tyer & Co. ; 1,132 battens, 30 fms. firewood, 500 laths, 641 doz. deals-Order"
22. p. 392-393 - Iports - May 30 1885 - Timber Trades Journal 1885_p002.txt,11,Angelo,Gothenburg,MILLWALL DOCKS,268 doors,J. Petrie,22,5,1885,30,5,1885,False,"May 22 Angelo-Gothenburg-4,168 bdls. blocks, 1,150 bdls. boards-With, Webster, & Co. ; 268 doors-J. Petrie ; 354 doz. battens-E. Tyer & Co. ; 1,132 battens, 30 fms. firewood, 500 laths, 641 doz. deals-Order"
22. p. 392-393 - Iports - May 30 1885 - Timber Trades Journal 1885_p002.txt,11,Angelo,Gothenburg,MILLWALL DOCKS,354 doz. battens,E. Tyer & Co.,22,5,1885,30,5,1885,False,"May 22 Angelo-Gothenburg-4,168 bdls. blocks, 1,150 bdls. boards-With, Webster, & Co. ; 268 doors-J. Petrie ; 354 doz. battens-E. Tyer & Co. ; 1,132 battens, 30 fms. firewood, 500 laths, 641 doz. deals-Order"
22. p. 392-393 - Iports - May 30 1885 - Timber Trades Journal 1885_p002.txt,11,Angelo,Gothenburg,MILLWALL DOCKS,"1,132 battens, 30 fms. firewood, 500 laths, 641 doz. deals",Order,22,5,1885,30,5,1885,False,"May 22 Angelo-Gothenburg-4,168 bdls. blocks, 1,150 bdls. boards-With, Webster, & Co. ; 268 doors-J. Petrie ; 354 doz. battens-E. Tyer & Co. ; 1,132 battens, 30 fms. firewood, 500 laths, 641 doz. deals-Order"
22. p. 392-393 - Iports - May 30 1885 - Timber Trades Journal 1885_p002.txt,13,Hallamshire,Halifax,VICTORIA DOCK,"81,712 ft. timber",Order,22,5,1885,30,5,1885,True,"May 22 Hallamshire -Halifax-81,712 ft. timber-Order"
22. p. 392-393 - Iports - May 30 1885 - Timber Trades Journal 1885_p002.txt,14,Leda,Windau,VICTORIA DOCK,"7,425 sleepers, 1,150 half",sleepers-Burt,25,5,1885,30,5,1885,False,"May 25 Leda-Windau-7,425 sleepers, 1,150 half-sleepers-Burt"
22. p. 392-393 - Iports - May 30 1885 - Timber Trades Journal 1885_p002.txt,16,Australia,Boston,ROYAL ALBERT DOCK,"2,400 staves",Churchill & Sim,22,5,1885,30,5,1885,True,"May 22 Australia -Boston-2,400 staves-Churchill & Sim"
22. p. 392-393 - Iports - May 30 1885 - Timber Trades Journal 1885_p002.txt,18,Argyle,Konigsberg,HANOVER HOLE,"2,066 sleeper blocks, 118 half",sleepers-Order,22,5,1885,30,5,1885,True,"May 22 Argyle -Konigsberg-2,066 sleeper blocks, 118 half-sleepers-Order"
22. p. 392-393 - Iports - May 30 1885 - Timber Trades Journal 1885_p002.txt,20,Svanen,Krageröe,LERWICK,"246 pcs. hewn fir, 4,407 pcs. sawn fir, 68 spars, 6,000 birch staves",Order,22,5,1885,30,5,1885,False,"May 22 Svanen-Krageröe-246 pcs. hewn fir, 4,407 pcs. sawn fir, 68 spars, 6,000 birch staves-Order"
22. p. 392-393 - Iports - May 30 1885 - Timber Trades Journal 1885_p002.txt,22,Anna Agathe,Roche Bernard,LLANELLY,144 lds. pitwood,"Neville, Druce, & Co.",25,5,1885,30,5,1885,False,"May 25 Anna Agathe-Roche Bernard-144 lds. pitwood-Neville, Druce, & Co."
22. p. 392-393 - Iports - May 30 1885 - Timber Trades Journal 1885_p002.txt,24,Scandinavian,Laurvig,LYNN,"32,099 pcs. sawn fir",Stanton & Co.,20,5,1885,30,5,1885,False,"May 20 Scandinavian-Laurvig-32,099 pcs. sawn fir-Stanton & Co."
22. p. 392-393 - Iports - May 30 1885 - Timber Trades Journal 1885_p002.txt,25,Emel,"6,026 deals",LYNN,Thompson & Co.,,22,5,1885,30,5,1885,False,"May 22 Emel-6,026 deals-Thompson & Co."
22. p. 392-393 - Iports - May 30 1885 - Timber Trades Journal 1885_p002.txt,27,Portland,Riga,MIDDLESBROUGH,"8,159 deals and battens",Tyne Tees Cargo Fleet,21,5,1885,30,5,1885,False,"May 21 Portland-Riga-8,159 deals and battens-Tyne Tees Cargo Fleet"
22. p. 392-393 - Iports - May 30 1885 - Timber Trades Journal 1885_p002.txt,28,Laurvig,"1,281 pcs. hewn fir, 1,288 pcs. sawn fir, 998 battens",MIDDLESBROUGH,W. J. Watson & Co.,,22,5,1885,30,5,1885,False,"May 22 Laurvig-1,281 pcs. hewn fir, 1,288 pcs. sawn fir, 998 battens-W. J. Watson & Co."
22. p. 392-393 - Iports - May 30 1885 - Timber Trades Journal 1885_p002.txt,29,Rotterdam,Rotterdam,MIDDLESBROUGH,300 bdls. hoops,Watson,22,5,1885,30,5,1885,True,May 22 Rotterdam -Rotterdam-300 bdls. hoops-Watson
22. p. 392-393 - Iports - May 30 1885 - Timber Trades Journal 1885_p002.txt,30,Krageröe,"1,666 pcs. hewn fir, 1,629 pcs. sawn fir",MIDDLESBROUGH,W. J. Watson & Co.,,25,5,1885,30,5,1885,False,"May 25 Krageröe-1,666 pcs. hewn fir, 1,629 pcs. sawn fir-W. J. Watson & Co."
22. p. 392-393 - Iports - May 30 1885 - Timber Trades Journal 1885_p002.txt,32,Heidrun,Christiania,ROCHESTER,140 pcs. hewn fir,G. Maard,22,5,1885,30,5,1885,False,May 22 Heidrun-Christiania-140 pcs. hewn fir-G. Maard
22. p. 392-393 - Iports - May 30 1885 - Timber Trades Journal 1885_p002.txt,34,Abo,Abo,SOUTHAMPTON,13 lds. sawn fir,J. Horn,22,5,1885,30,5,1885,False,May 22 Abo-Abo-13 lds. sawn fir-J. Horn
22. p. 392-393 - Iports - May 30 1885 - Timber Trades Journal 1885_p002.txt,35,Hampton Dock,France,SOUTHAMPTON,31 bdls. wood hoops,Southampton Dock Co.,22,5,1885,30,5,1885,False,May 22 Hampton Dock-France-31 bdls. wood hoops-Southampton Dock Co.
22. p. 392-393 - Iports - May 30 1885 - Timber Trades Journal 1885_p002.txt,37,Frey,Westerwick,SUNDERLAND,"4,659 pcs. pitwood","Tyzack, Pederson, & Co.",22,5,1885,30,5,1885,False,"May 22 Frey-Westerwick-4,659 pcs. pitwood-Tyzack, Pederson, & Co."
22. p. 392-393 - Iports - May 30 1885 - Timber Trades Journal 1885_p002.txt,39,Jupiter,Bordeaux,SWANSEA,363 lds. pitwood,Paullain & Daird,22,5,1885,30,5,1885,False,May 22 Jupiter-Bordeaux-363 lds. pitwood-Paullain & Daird
22. p. 392-393 - Iports - May 30 1885 - Timber Trades Journal 1885_p002.txt,40,Blaye,125 lds. pitwood,SWANSEA,Paullain & Daird,,22,5,1885,30,5,1885,False,May 22 Blaye-125 lds. pitwood-Paullain & Daird
22. p. 392-393 - Iports - May 30 1885 - Timber Trades Journal 1885_p002.txt,42,St. Johannes,Krageröe,TYNE,"6,057 battens",James Wilson & Co.,20,5,1885,30,5,1885,False,"May 20 St. Johannes-Krageröe-6,057 battens-James Wilson & Co."
22. p. 392-393 - Iports - May 30 1885 - Timber Trades Journal 1885_p002.txt,43,Matilda,Gothenburg,TYNE,qty. battens,James Wilson & Co.,20,5,1885,30,5,1885,True,"May 20 Matilda -Gothenburg-qty. battens-James Wilson & Co. ; qty. props, battens, sleepers, and deals-Order"
22. p. 392-393 - Iports - May 30 1885 - Timber Trades Journal 1885_p002.txt,43,Matilda,Gothenburg,TYNE,"qty. props, battens, sleepers, and deals",Order,20,5,1885,30,5,1885,True,"May 20 Matilda -Gothenburg-qty. battens-James Wilson & Co. ; qty. props, battens, sleepers, and deals-Order"
22. p. 392-393 - Iports - May 30 1885 - Timber Trades Journal 1885_p002.txt,44,Hilda,Sundswall,TYNE,"6,248 deals, 10,788 battens, 5,996 boards",James Scott,20,5,1885,30,5,1885,True,"May 20 Hilda -Sundswall-6,248 deals, 10,788 battens, 5,996 boards-James Scott"
22. p. 392-393 - Iports - May 30 1885 - Timber Trades Journal 1885_p002.txt,45,Woolworth,Rotterdam,TYNE,"3,400 bdls. hoops",Tyne Tees Steamship Co.,20,5,1885,30,5,1885,True,"May 20 Woolworth -Rotterdam-3,400 bdls. hoops-Tyne Tees Steamship Co."
22. p. 392-393 - Iports - May 30 1885 - Timber Trades Journal 1885_p002.txt,46,Dronning,Namsos,TYNE,"4,996 battens",Bowman,21,5,1885,30,5,1885,False,"May 21 Dronning-Namsos-4,996 battens-Bowman"
22. p. 392-393 - Iports - May 30 1885 - Timber Trades Journal 1885_p002.txt,47,Leif,Fredrikshald,TYNE,"25,275 boards",J. Carr,22,5,1885,30,5,1885,False,"May 22 Leif-Fredrikshald-25,275 boards-J. Carr"
22. p. 392-393 - Iports - May 30 1885 - Timber Trades Journal 1885_p002.txt,48,Leif,Fredrikshald,TYNE,"208,051 staves",Order,22,5,1885,30,5,1885,False,"May 22 Leif-Fredrikshald-208,051 staves-Order"
22. p. 392-393 - Iports - May 30 1885 - Timber Trades Journal 1885_p002.txt,49,Lydia,Bjorneborg,TYNE,"208,051 staves",Order,22,5,1885,30,5,1885,False,"May 22 Lydia-Bjorneborg-208,051 staves-Order"
22. p. 392-393 - Iports - May 30 1885 - Timber Trades Journal 1885_p002.txt,50,Lydia,Oscarshamn,TYNE,"15,426 props",Order,22,5,1885,30,5,1885,False,"May 22 Lydia-Oscarshamn-15,426 props-Order"
22. p. 392-393 - Iports - May 30 1885 - Timber Trades Journal 1885_p002.txt,51,Weener,"9,070 props",TYNE,Order,,22,5,1885,30,5,1885,False,"May 22 Weener-9,070 props-Order"
22. p. 392-393 - Iports - May 30 1885 - Timber Trades Journal 1885_p002.txt,53,Maria,Gothenburg,WISBECH,"5,848 deals and battens","Stanley, Bristow, & Copley",20,5,1885,30,5,1885,False,"May 20 Maria-Gothenburg-5,848 deals and battens-Stanley, Bristow, & Copley"
22. p. 392-393 - Iports - May 30 1885 - Timber Trades Journal 1885_p002.txt,57,Venus,Riga,THE TIMBER TRADES JOURNAL,"11,882 deals and boards",Henry Brown & Sons,25,5,1885,30,5,1885,False,"May 25 Venus-Riga-11,882 deals and boards-Henry Brown & Sons"
22. p. 392-393 - Iports - May 30 1885 - Timber Trades Journal 1885_p002.txt,58,Fafield,Soderhamn,THE TIMBER TRADES JOURNAL,12 lds. firewood,Henry Brown & Co.,25,5,1885,30,5,1885,False,May 25 Fafield-Soderhamn-12 lds. firewood-Henry Brown & Co.
22. p. 392-393 - Iports - May 30 1885 - Timber Trades Journal 1885_p002.txt,59,J. M. Lennard,Gefle,THE TIMBER TRADES JOURNAL,"25,614 pcs. sawn fir",Henry Brown & Co.,25,5,1885,30,5,1885,True,"May 25 J. M. Lennard -Gefle-25,614 pcs. sawn fir-Henry Brown & Co."
22. p. 392-393 - Iports - May 30 1885 - Timber Trades Journal 1885_p002.txt,61,Ran,Drammen,YARMOUTH,"20,655 dressed boards","Palgrave Brown, & Co.",19,5,1885,30,5,1885,False,"May 19 Ran-Drammen-20,655 dressed boards-Palgrave Brown, & Co."
22. p. 392-393 - Iports - May 30 1885 - Timber Trades Journal 1885_p002.txt,63,Ottomar,Riga,PORTSMOUTH,"25 lds. sawn fir, 6,000 deals, 373 pcs. hewn fir",T. Bailey,22,5,1885,30,5,1885,False,"May 22 Ottomar-Riga-25 lds. sawn fir, 6,000 deals, 373 pcs. hewn fir-T. Bailey"
22. p. 392-393 - Iports - May 30 1885 - Timber Trades Journal 1885_p002.txt,66,Clara,Bordeaux,BELFAST,67 bdls. hoops,J. P. Pinkerton,22,5,1885,30,5,1885,False,May 22 Clara-Bordeaux-67 bdls. hoops-J. P. Pinkerton
22. p. 392-393 - Iports - May 30 1885 - Timber Trades Journal 1885_p002.txt,67,Amsterdam,Rotterdam,BELFAST,220 bdls. hoops,J. C. Pinkerton,22,5,1885,30,5,1885,True,May 22 Amsterdam -Rotterdam-220 bdls. hoops-J. C. Pinkerton
22. p. 392-393 - Iports - May 30 1885 - Timber Trades Journal 1885_p002.txt,68,Baltimore,20 lds. sawn fir,BELFAST,Master,,25,5,1885,30,5,1885,False,May 25 Baltimore-20 lds. sawn fir-Master
22. p. 392-393 - Iports - May 30 1885 - Timber Trades Journal 1885_p002.txt,70,Burrdice,"St. John, N.B.",DUBLIN,"33,558 deals",T. & C. Martin,25,5,1885,30,5,1885,False,"May 25 Burrdice-St. John, N.B.-33,558 deals-T. & C. Martin"
22. p. 392-393 - Iports - May 30 1885 - Timber Trades Journal 1885_p002.txt,72,Isle of Bute,San Francisco,WESTPORT,150 deals,A. M. O'Malley,20,5,1885,30,5,1885,False,May 20 Isle of Bute-San Francisco-150 deals-A. M. O'Malley
22. p. 392-393 - Iports - May 30 1885 - Timber Trades Journal 1885_p002.txt,75,Lock Maree,Rafso,ABERDEEN,"41,705 props",J. Fleming,20,5,1885,30,5,1885,True,"May 20 Lock Maree -Rafso - 41,705 props-J. Fleming"
22. p. 392-393 - Iports - May 30 1885 - Timber Trades Journal 1885_p002.txt,77,Vidar,Christiania,ALLOA,"13,865 pit",props-Connoly & Co.,20,5,1885,30,5,1885,False,"May 20 Vidar - Christiania-13,865 pit-props-Connoly & Co."
22. p. 392-393 - Iports - May 30 1885 - Timber Trades Journal 1885_p002.txt,78,Sidden,Porsgrund,ALLOA,"13,529 pit",props-Love,20,5,1885,30,5,1885,False,"May 20 Sidden-Porsgrund-13,529 pit-props-Love"
22. p. 392-393 - Iports - May 30 1885 - Timber Trades Journal 1885_p002.txt,79,Hercules,Aasgaardstrand,ALLOA,"34,214 pit",props-Adamson & Co.,21,5,1885,30,5,1885,False,"May 21 Hercules-Aasgaardstrand-34,214 pit-props-Adamson & Co."
22. p. 392-393 - Iports - May 30 1885 - Timber Trades Journal 1885_p002.txt,80,Midts,Sundswall,ALLOA,"19,605 deals and battens, 12 lds. firewood",J. D. Thomson,21,5,1885,30,5,1885,False,"May 21 Midts-Sundswall-19,605 deals and battens, 12 lds. firewood-J. D. Thomson"
22. p. 392-393 - Iports - May 30 1885 - Timber Trades Journal 1885_p002.txt,82,Voringen,Drontheim,AYR,"9,040 battens",J. Johnson,21,5,1885,30,5,1885,True,"May 21 Voringen -Drontheim-9,040 battens-J. Johnson"
22. p. 392-393 - Iports - May 30 1885 - Timber Trades Journal 1885_p002.txt,84,Bertha,Halmstad,BARROWSTOUNNESS,"8,614 props",J. Denholm,20,5,1885,30,5,1885,False,"May 20 Bertha-Halmstad-8,614 props-J. Denholm"
22. p. 392-393 - Iports - May 30 1885 - Timber Trades Journal 1885_p002.txt,85,Dammen,"29,888 pit",BARROWSTOUNNESS,props,Love,21,5,1885,30,5,1885,False,"May 21 Dammen-29,888 pit-props-Love"
22. p. 392-393 - Iports - May 30 1885 - Timber Trades Journal 1885_p002.txt,86,Il,Fredrikshald,BARROWSTOUNNESS,"34,530 pcs. pitwood",J. Denholm,21,5,1885,30,5,1885,False,"May 21 Il-Fredrikshald-34,530 pcs. pitwood-J. Denholm"
22. p. 392-393 - Iports - May 30 1885 - Timber Trades Journal 1885_p002.txt,87,Christiansand,"13,000 props",BARROWSTOUNNESS,Denholm & Co.,,22,5,1885,30,5,1885,False,"May 22 Christiansand-13,000 props-Denholm & Co."
22. p. 392-393 - Iports - May 30 1885 - Timber Trades Journal 1885_p002.txt,89,Eugenie,Skien,FRASERBURGH,"5,330 battens, 36,589 staves",T. D. Will & Co.,20,5,1885,30,5,1885,False,"May 20 Eugenie-Skien-5,330 battens, 36,589 staves-T. D. Will & Co."
22. p. 392-393 - Iports - May 30 1885 - Timber Trades Journal 1885_p002.txt,90,Anna,Porsgrund,FRASERBURGH,"75,000 staves",T. D. Will & Co.,20,5,1885,30,5,1885,False,"May 20 Anna-Porsgrund-75,000 staves-T. D. Will & Co."
22. p. 392-393 - Iports - May 30 1885 - Timber Trades Journal 1885_p002.txt,92,Sylfid,Fredrikshald,FRASERBURGH,"14,478 pit",props-Bowmans & Co.,20,5,1885,30,5,1885,False,"May 20 Sylfid - Fredrikshald - 14,478 pit-props-Bowmans & Co."
22. p. 392-393 - Iports - May 30 1885 - Timber Trades Journal 1885_p002.txt,94,Ceres,Drammen,KIRKWALL,"105 lds. sawn fir, 84 lds. dressed fir",Mowat & Hay,18,5,1885,30,5,1885,False,"May 18 Ceres-Drammen-105 lds. sawn fir, 84 lds. dressed fir-Mowat & Hay"
22. p. 392-393 - Iports - May 30 1885 - Timber Trades Journal 1885_p002.txt,96,Diamenten,Skien,LEITH,"25 rickers, 230 lds. firewood, 4 spars, 1,435 deals and battens",M. J. Ellingsen,19,5,1885,30,5,1885,False,"May 19 Diamenten-Skien-25 rickers, 230 lds. firewood, 4 spars, 1,435 deals and battens-M. J. Ellingsen"
22. p. 392-393 - Iports - May 30 1885 - Timber Trades Journal 1885_p002.txt,97,Rudolph,Fredrikshald,LEITH,"6,168 battens",Park,19,5,1885,30,5,1885,False,"May 19 Rudolph-Fredrikshald-6,168 battens-Park"
22. p. 392-393 - Iports - May 30 1885 - Timber Trades Journal 1885_p002.txt,98,Helene,Holmestrand,LEITH,"3,426 deals and battens, 458 props",M. J. Ellingsen,19,5,1885,30,5,1885,False,"May 19 Helene-Holmestrand-3,426 deals and battens, 458 props-M. J. Ellingsen"
22. p. 392-393 - Iports - May 30 1885 - Timber Trades Journal 1885_p002.txt,99,Manuel,Christiansand,LEITH,125 lds. firewood,Salvesen & Co.,20,5,1885,30,5,1885,False,May 20 Manuel-Christiansand-125 lds. firewood-Salvesen & Co.
22. p. 392-393 - Iports - May 30 1885 - Timber Trades Journal 1885_p002.txt,100,Chandos,Trieste,LEITH,"10,000 staves",La Cour,20,5,1885,30,5,1885,True,"May 20 Chandos -Trieste-10,000 staves-La Cour"
22. p. 392-393 - Iports - May 30 1885 - Timber Trades Journal 1885_p002.txt,101,Anglia,Rotterdam,LEITH,540 bdls. hoops,Gibson,22,5,1885,30,5,1885,False,May 22 Anglia-Rotterdam-540 bdls. hoops-Gibson
22. p. 392-393 - Iports - May 30 1885 - Timber Trades Journal 1885_p002.txt,102,Fremad,Pensacola,LEITH,"867 pcs. timber, 212 deals","Park, Dobson, & Co.",22,5,1885,30,5,1885,False,"May 22 Fremad-Pensacola-867 pcs. timber, 212 deals-Park, Dobson, & Co."
22. p. 392-393 - Iports - May 30 1885 - Timber Trades Journal 1885_p002.txt,103,Dronning Sophia,Valparaiso,LEITH,"96 boards, 2 lds. firewood",M. J. Ellingsen,22,5,1885,30,5,1885,False,"May 22 Dronning Sophia-Valparaiso-96 boards, 2 lds. firewood-M. J. Ellingsen"
22. p. 392-393 - Iports - May 30 1885 - Timber Trades Journal 1885_p002.txt,104,Ida Charlotta,Gothenburg,LEITH,"6,457 battens","Park, Dobson, & Co.",25,5,1885,30,5,1885,False,"May 25 Ida Charlotta-Gothenburg-6,457 battens-Park, Dobson, & Co."
22. p. 392-393 - Iports - May 30 1885 - Timber Trades Journal 1885_p002.txt,105,Toledo,Danzig,LEITH,14 703 oak staves,Currie,25,5,1885,30,5,1885,False,May 25 Toledo-Danzig-14 703 oak staves-Currie
22. p. 392-393 - Iports - May 30 1885 - Timber Trades Journal 1885_p002.txt,106,Amulet,Rotterdam,LEITH,840 bdls. wood hoops,Gibson & Co.,25,5,1885,30,5,1885,False,May 25 Amulet-Rotterdam-840 bdls. wood hoops-Gibson & Co.
22. p. 392-393 - Iports - May 30 1885 - Timber Trades Journal 1885_p002.txt,108,Thule,Hommelvik,MONTROSE,"12,050 battens, 15 lds. firewood",R. Millar & Son,22,5,1885,30,5,1885,True,"May 22 Thule -Hommelvik-12,050 battens, 15 lds. firewood-R. Millar & Son"
22. p. 392-393 - Iports - May 30 1885 - Timber Trades Journal 1885_p002.txt,109,Joseph,Sundswall,MONTROSE,"30,412 deals, battens, and boards",R. Millar & Son,23,5,1885,30,5,1885,True,"May 23 Joseph -Sundswall-30,412 deals, battens, and boards-R. Millar & Son"
22. p. 392-393 - Iports - May 30 1885 - Timber Trades Journal 1885_p002.txt,110,Nydrasil,Drontheim,MONTROSE,"15,215 battens",R. Millar & Son,25,5,1885,30,5,1885,False,"May 25 Nydrasil-Drontheim - 15,215 battens-R. Millar & Son"
22. p. 392-393 - Iports - May 30 1885 - Timber Trades Journal 1885_p002.txt,112,Rederinden,Grimstadt,PETERHEAD,"4,353 pcs. sawn fir",Charles Carnegie,20,5,1885,30,5,1885,False,"May 20 Rederinden-Grimstadt-4,353 pcs. sawn fir-Charles Carnegie"
22. p. 392-393 - Iports - May 30 1885 - Timber Trades Journal 1885_p002.txt,113,Tvende Familier,Christiansand,PETERHEAD,"70,000 birch staves",Leask & Co.,21,5,1885,30,5,1885,False,"May 21 Tvende Familier - Christiansand - 70,000 birch staves-Leask & Co."
22. p. 392-393 - Iports - May 30 1885 - Timber Trades Journal 1885_p002.txt,115,Enigheden,Drammen,TROON,876 fir spars,J. L. Johansen & Co.,22,5,1885,30,5,1885,False,May 22 Enigheden - Drammen - 876 fir spars-J. L. Johansen & Co.
28. p. 444-445 - Imports - December 19 1885 - Timber Trades Journal 1885_p001.txt,105,Milo,Stettin,LIVERPOOL,5 bdls. handles,"Wilson, Sons, & Co.",16,12,1885,19,12,1885,True,"16 Milo -Stettin-5 bdls. handles-Wilson, Sons, & Co.; 4,274 props-Order"
28. p. 444-445 - Imports - December 19 1885 - Timber Trades Journal 1885_p001.txt,105,Milo,Stettin,LIVERPOOL,"4,274 props",Order,16,12,1885,19,12,1885,True,"16 Milo -Stettin-5 bdls. handles-Wilson, Sons, & Co.; 4,274 props-Order"
4. p. 86-87 - Imports - January 24 1885 Timber Trades Journal 1885_p002.txt,6,Blencowe,Fredrikstad,LONDON,"25,367 boards",Order,16,1,1885,24,1,1885,False,"Jan. 16 Blencowe-Fredrikstad-25,367 boards-Order"
4. p. 86-87 - Imports - January 24 1885 Timber Trades Journal 1885_p002.txt,7,Amoor,Odessa,LONDON,495 deal planks,"Morgan, Gellibrand, & Co.",17,1,1885,24,1,1885,True,"17 Amoor -Odessa-495 deal planks-Morgan, Gellibrand, & Co. ; 2,140 staves-Order"
4. p. 86-87 - Imports - January 24 1885 Timber Trades Journal 1885_p002.txt,7,Amoor,Odessa,LONDON,"2,140 staves",Order,17,1,1885,24,1,1885,True,"17 Amoor -Odessa-495 deal planks-Morgan, Gellibrand, & Co. ; 2,140 staves-Order"
4. p. 86-87 - Imports - January 24 1885 Timber Trades Journal 1885_p002.txt,8,Carl XV.,Gothenburg,LONDON,98 doz. deals,Prier Wotton & Co.,19,1,1885,24,1,1885,True,"19 Carl XV. -Gothenburg-98 doz. deals-Prier Wotton & Co. ; 996 no. deals-Duus Brown & Co. ; 226 mouldings-Churchill & Co. ; 20 fms. firewood, 436 doz. floorings-Order"
4. p. 86-87 - Imports - January 24 1885 Timber Trades Journal 1885_p002.txt,8,Carl XV.,Gothenburg,LONDON,996 no. deals,Duus Brown & Co.,19,1,1885,24,1,1885,True,"19 Carl XV. -Gothenburg-98 doz. deals-Prier Wotton & Co. ; 996 no. deals-Duus Brown & Co. ; 226 mouldings-Churchill & Co. ; 20 fms. firewood, 436 doz. floorings-Order"
4. p. 86-87 - Imports - January 24 1885 Timber Trades Journal 1885_p002.txt,8,Carl XV.,Gothenburg,LONDON,226 mouldings,Churchill & Co.,19,1,1885,24,1,1885,True,"19 Carl XV. -Gothenburg-98 doz. deals-Prier Wotton & Co. ; 996 no. deals-Duus Brown & Co. ; 226 mouldings-Churchill & Co. ; 20 fms. firewood, 436 doz. floorings-Order"
4. p. 86-87 - Imports - January 24 1885 Timber Trades Journal 1885_p002.txt,8,Carl XV.,Gothenburg,LONDON,"20 fms. firewood, 436 doz. floorings",Order,19,1,1885,24,1,1885,True,"19 Carl XV. -Gothenburg-98 doz. deals-Prier Wotton & Co. ; 996 no. deals-Duus Brown & Co. ; 226 mouldings-Churchill & Co. ; 20 fms. firewood, 436 doz. floorings-Order"
4. p. 86-87 - Imports - January 24 1885 Timber Trades Journal 1885_p002.txt,13,Thorsten,Gothenburg,LONDON,581 bdls. paving blocks,Vigers Bros.,20,1,1885,24,1,1885,True,20 Thorsten -Gothenburg-581 bdls. paving blocks-Vigers Bros. ; 568 pkgs. joinery-J. Sandell & Co. ; 606 pkgs. joinery-Eldridge & Co.
4. p. 86-87 - Imports - January 24 1885 Timber Trades Journal 1885_p002.txt,13,Thorsten,Gothenburg,LONDON,568 pkgs. joinery,J. Sandell & Co.,20,1,1885,24,1,1885,True,20 Thorsten -Gothenburg-581 bdls. paving blocks-Vigers Bros. ; 568 pkgs. joinery-J. Sandell & Co. ; 606 pkgs. joinery-Eldridge & Co.
4. p. 86-87 - Imports - January 24 1885 Timber Trades Journal 1885_p002.txt,13,Thorsten,Gothenburg,LONDON,606 pkgs. joinery,Eldridge & Co.,20,1,1885,24,1,1885,True,20 Thorsten -Gothenburg-581 bdls. paving blocks-Vigers Bros. ; 568 pkgs. joinery-J. Sandell & Co. ; 606 pkgs. joinery-Eldridge & Co.
4. p. 86-87 - Imports - January 24 1885 Timber Trades Journal 1885_p002.txt,16,Greece,New York,LONDON,"2,485 staves",Order,21,1,1885,24,1,1885,True,"21 Greece -New York-2,485 staves-Order"
4. p. 86-87 - Imports - January 24 1885 Timber Trades Journal 1885_p002.txt,20,Thos. Coats,Bordeaux,NEWPORT,"1,000 lds. hewn pitwood",Beynon & Co.,16,1,1885,24,1,1885,True,"Jan. 16 Thos. Coats -Bordeaux-1,000 lds. hewn pitwood-Beynon & Co."
4. p. 86-87 - Imports - January 24 1885 Timber Trades Journal 1885_p002.txt,21,Jupiter,Riga,NEWPORT,20 lds. sawn wood,Heard,17,1,1885,24,1,1885,False,17 Jupiter-Riga-20 lds. sawn wood-Heard
4. p. 86-87 - Imports - January 24 1885 Timber Trades Journal 1885_p002.txt,22,Valana,St. Malo,NEWPORT,132 lds. hewn pitwood,A. H. Tapson & Co.,19,1,1885,24,1,1885,True,19 Valana -St. Malo-132 lds. hewn pitwood-A. H. Tapson & Co.
4. p. 86-87 - Imports - January 24 1885 Timber Trades Journal 1885_p002.txt,24,Isabel,Charlotte Town,PLYMOUTH,"1,500 pcs. sawn fir","Fox, Eliott, & Co.",13,1,1885,24,1,1885,False,"Jan. 13 Isabel-Charlotte Town-1,500 pcs. sawn fir-Fox, Eliott, & Co."
4. p. 86-87 - Imports - January 24 1885 Timber Trades Journal 1885_p002.txt,25,Hebe,Danzig,PLYMOUTH,"306 pcs. hewn fir, 1,227 sawn deck deals",Thos. R. Bayly,16,1,1885,24,1,1885,False,"16 Hebe-Danzig-306 pcs. hewn fir, 1,227 sawn deck deals-Thos. R. Bayly ; 402 sawn deals and ends, 197 sawn sleepers, 6 lds. lathwood-Fox, Eliott, & Co."
4. p. 86-87 - Imports - January 24 1885 Timber Trades Journal 1885_p002.txt,25,Hebe,Danzig,PLYMOUTH,"402 sawn deals and ends, 197 sawn sleepers, 6 lds. lathwood","Fox, Eliott, & Co.",16,1,1885,24,1,1885,False,"16 Hebe-Danzig-306 pcs. hewn fir, 1,227 sawn deck deals-Thos. R. Bayly ; 402 sawn deals and ends, 197 sawn sleepers, 6 lds. lathwood-Fox, Eliott, & Co."
4. p. 86-87 - Imports - January 24 1885 Timber Trades Journal 1885_p002.txt,27,Ida,Ljusne,SOUTHAMPTON,"11,783 pcs. sawn fir","Eliott, Sons, & Co.",16,1,1885,24,1,1885,False,"Jan. 16 Ida-Ljusne-11,783 pcs. sawn fir-Eliott, Sons, & Co."
4. p. 86-87 - Imports - January 24 1885 Timber Trades Journal 1885_p002.txt,28,Andrew Longman,Danzig,SOUTHAMPTON,"1,604 pcs. sawn fir",Haddon & Beavis,19,1,1885,24,1,1885,False,"19 Andrew Longman-Danzig-1,604 pcs. sawn fir-Haddon & Beavis"
4. p. 86-87 - Imports - January 24 1885 Timber Trades Journal 1885_p002.txt,30,Pifa,Fredrikshald,SUNDERLAND,"22,926 pcs. hewn pitwood",Brandt & Co.,17,1,1885,24,1,1885,True,"Jan. 17 Pifa -Fredrikshald-22,926 pcs. hewn pitwood-Brandt & Co."
4. p. 86-87 - Imports - January 24 1885 Timber Trades Journal 1885_p002.txt,31,Luteka,Skien,SUNDERLAND,"5,032 pcs. hewn pitwood",Rayner & Moller,19,1,1885,24,1,1885,True,"19 Luteka -Skien-5,032 pcs. hewn pitwood-Rayner & Moller"
4. p. 86-87 - Imports - January 24 1885 Timber Trades Journal 1885_p002.txt,33,Brothers and Sisters,"St. John, N.B.",SWANSEA,"15,682 sawn deals, 1,809 sawn scantlings, 1,665 sawn deal ends",Peter Hopkins,14,1,1885,24,1,1885,False,"Jan. 14 Brothers and Sisters-St. John, N.B.-15,682 sawn deals, 1,809 sawn scantlings, 1,665 sawn deal ends-Peter Hopkins"
4. p. 86-87 - Imports - January 24 1885 Timber Trades Journal 1885_p002.txt,34,Loire,Bordeaux,SWANSEA,670 lds. pitwood,"Williams, Cook, & Co.",19,1,1885,24,1,1885,True,"19 Loire -Bordeaux - 670 lds. pitwood - Williams, Cook, & Co."
4. p. 86-87 - Imports - January 24 1885 Timber Trades Journal 1885_p002.txt,36,Warkworth,Rotterdam,TYNE,820 bdls. hoops,Tyne Steamship Co.,14,1,1885,24,1,1885,True,Jan. 14 Warkworth -Rotterdam-820 bdls. hoops-Tyne Steamship Co.
4. p. 86-87 - Imports - January 24 1885 Timber Trades Journal 1885_p002.txt,38,Johannes Foss,Arendal,TYNE,"4,448 pcs. mining timber, 3,369 props, 1,645 crowntrees",Order,16,1,1885,24,1,1885,False,"16 Johannes Foss-Arendal-4,448 pcs. mining timber, 3,369 props, 1,645 crowntrees-Order"
4. p. 86-87 - Imports - January 24 1885 Timber Trades Journal 1885_p002.txt,39,Charm,Drammen,TYNE,qty. boards and deals,H. Wilson & Co.,19,1,1885,24,1,1885,False,19 Charm-Drammen-qty. boards and deals-H. Wilson & Co.
4. p. 86-87 - Imports - January 24 1885 Timber Trades Journal 1885_p002.txt,43,Warkworth,Rotterdam,TYNE,"5,163 bdls. hoops",Tyne Steamship Co.,20,1,1885,24,1,1885,True,"20 Warkworth -Rotterdam-5,163 bdls. hoops-Tyne Steamship Co."
4. p. 86-87 - Imports - January 24 1885 Timber Trades Journal 1885_p002.txt,47,Louise,Memel,BELFAST,"208 pcs. hewn fir, 259 pcs. sawn fir",Black Bros. & Co.,15,1,1885,24,1,1885,False,"Jan. 15 Louise-Memel-208 pcs. hewn fir, 259 pcs. sawn fir-Black Bros. & Co. ; 568 pcs. hewn fir, 499 pcs. sawn fir, 64 lds. split fir-Corry & Co."
4. p. 86-87 - Imports - January 24 1885 Timber Trades Journal 1885_p002.txt,47,Louise,Memel,BELFAST,"568 pcs. hewn fir, 499 pcs. sawn fir, 64 lds. split fir",Corry & Co.,15,1,1885,24,1,1885,False,"Jan. 15 Louise-Memel-208 pcs. hewn fir, 259 pcs. sawn fir-Black Bros. & Co. ; 568 pcs. hewn fir, 499 pcs. sawn fir, 64 lds. split fir-Corry & Co."
4. p. 86-87 - Imports - January 24 1885 Timber Trades Journal 1885_p002.txt,51,Werpke,Warberg,ALLOA,"13,594 props",Madsen & Borck,19,1,1885,24,1,1885,False,"Jan. 19 Werpke - Warberg - 13,594 props - Madsen & Borck"
4. p. 86-87 - Imports - January 24 1885 Timber Trades Journal 1885_p002.txt,53,Amor,Halmstad,BORROWSTOUNNESS,"17,887 fir pit",props-Denholm & Co.,13,1,1885,24,1,1885,False,"Jan. 13 Amor-Halmstad-17,887 fir pit-props-Denholm & Co."
4. p. 86-87 - Imports - January 24 1885 Timber Trades Journal 1885_p002.txt,54,Albertine,Christiansand,BORROWSTOUNNESS,"5,904 fir pit",props-Denholm & Co.,19,1,1885,24,1,1885,False,"19 Albertine-Christiansand-5,904 fir pit-props-Denholm & Co."
4. p. 86-87 - Imports - January 24 1885 Timber Trades Journal 1885_p002.txt,56,Ella Moore,"Spencer's Island, N.S.",GLASGOW,"13,207 deals",Brownlee & Co.,8,1,1885,24,1,1885,False,"Jan. 8 Ella Moore-Spencer's Island, N.S.-13,207 deals-Brownlee & Co."
4. p. 86-87 - Imports - January 24 1885 Timber Trades Journal 1885_p002.txt,57,Ethiopia,New York,GLASGOW,"44 cs. lumber, 2,400 staves",Order,14,1,1885,24,1,1885,True,"14 Ethiopia -New York-44 cs. lumber, 2,400 staves-Order"
4. p. 86-87 - Imports - January 24 1885 Timber Trades Journal 1885_p002.txt,59,Norwegian,Philadelphia,GLASGOW,"1,180 staves",Edmiston & Mitchells,19,1,1885,24,1,1885,True,"19 Norwegian -Philadelphia-1,180 staves-Edmiston & Mitchells"
4. p. 86-87 - Imports - January 24 1885 Timber Trades Journal 1885_p002.txt,62,Eliza,Mem,GRANGEMOUTH,"8,288 deals and battens",J. Potter & Co.,15,1,1885,24,1,1885,False,"Jan. 15 Eliza-Mem-8,288 deals and battens-J. Potter & Co."
4. p. 86-87 - Imports - January 24 1885 Timber Trades Journal 1885_p002.txt,64,Kinghorn,Rotterdam,LEITH,100 bdls. wood hoops,Gibson & Co.,15,1,1885,24,1,1885,False,Jan. 15 Kinghorn-Rotterdam-100 bdls. wood hoops-Gibson & Co.
4. p. 86-87 - Imports - January 24 1885 Timber Trades Journal 1885_p002.txt,67,Emla,Gothenburg,MONTROSE,"14,566 deals and battens",Millar & Sons,13,1,1885,24,1,1885,True,"Jan. 13 Emla -Gothenburg-14,566 deals and battens-Millar & Sons"
7. p. 50-53 - Imports - July 18 1885 - Timber Trades Journal 1885_p002.txt,72,Ludgate Hill,New York,VICTORIA DOCKS,"16 poplar flitches, 941 pcs., 42 bdls. oak",H. Herrmann,13,7,1885,18,7,1885,True,"July 13 Ludgate Hill -New York-16 poplar flitches, 941 pcs., 42 bdls. oak-H. Herrmann; 23 cs. spokes, 34 cs. lumber, 74 crts. mouldings, 22 crts. sashes, 31 crts. doors, 3,001 bdls. staves, 487 bdls. headings, 2,607 bdls. sheeting, 271 bdls. hoops, 1,440 pcs. planed lumber, 2,404 bdls. elm staves-Order"
7. p. 50-53 - Imports - July 18 1885 - Timber Trades Journal 1885_p002.txt,72,Ludgate Hill,New York,VICTORIA DOCKS,"23 cs. spokes, 34 cs. lumber, 74 crts. mouldings, 22 crts. sashes, 31 crts. doors, 3,001 bdls. staves, 487 bdls. headings, 2,607 bdls. sheeting, 271 bdls. hoops, 1,440 pcs. planed lumber, 2,404 bdls. elm staves",Order,13,7,1885,18,7,1885,True,"July 13 Ludgate Hill -New York-16 poplar flitches, 941 pcs., 42 bdls. oak-H. Herrmann; 23 cs. spokes, 34 cs. lumber, 74 crts. mouldings, 22 crts. sashes, 31 crts. doors, 3,001 bdls. staves, 487 bdls. headings, 2,607 bdls. sheeting, 271 bdls. hoops, 1,440 pcs. planed lumber, 2,404 bdls. elm staves-Order"
7. p. 50-53 - Imports - July 18 1885 - Timber Trades Journal 1885_p002.txt,77,Marie,Sundswall,REGENT'S CANAL DOCKS,250 fms. firewood,Order,13,7,1885,18,7,1885,False,July 13 Marie-Sundswall-250 fms. firewood-Order
7. p. 50-53 - Imports - July 18 1885 - Timber Trades Journal 1885_p002.txt,79,Greece,New York,ROYAL ALBERT DOCKS,203 pcs. lumber,J. W. Dottridge,14,7,1885,18,7,1885,True,"July 14 Greece -New York-203 pcs. lumber-J. W. Dottridge; 19 cs. spokes-C. & B. Gadsden; 18 cs. spokes-H. Murging; 1,685 staves-Order"
7. p. 50-53 - Imports - July 18 1885 - Timber Trades Journal 1885_p002.txt,79,Greece,New York,ROYAL ALBERT DOCKS,19 cs. spokes,C. & B. Gadsden,14,7,1885,18,7,1885,True,"July 14 Greece -New York-203 pcs. lumber-J. W. Dottridge; 19 cs. spokes-C. & B. Gadsden; 18 cs. spokes-H. Murging; 1,685 staves-Order"
7. p. 50-53 - Imports - July 18 1885 - Timber Trades Journal 1885_p002.txt,79,Greece,New York,ROYAL ALBERT DOCKS,18 cs. spokes,H. Murging,14,7,1885,18,7,1885,True,"July 14 Greece -New York-203 pcs. lumber-J. W. Dottridge; 19 cs. spokes-C. & B. Gadsden; 18 cs. spokes-H. Murging; 1,685 staves-Order"
7. p. 50-53 - Imports - July 18 1885 - Timber Trades Journal 1885_p002.txt,79,Greece,New York,ROYAL ALBERT DOCKS,"1,685 staves",Order,14,7,1885,18,7,1885,True,"July 14 Greece -New York-203 pcs. lumber-J. W. Dottridge; 19 cs. spokes-C. & B. Gadsden; 18 cs. spokes-H. Murging; 1,685 staves-Order"
7. p. 50-53 - Imports - July 18 1885 - Timber Trades Journal 1885_p002.txt,81,Dronningen,Quebec,WEST INDIA DOCKS,"11,680 deals, 3,198 cs. splints, 269 cs. broom handles, 206 pcs. elm and 693 pcs. birch timber, 1,762 ends","Bryant, Powis, & Co.",10,7,1885,18,7,1885,False,"July 10 Dronningen-Quebec-11,680 deals, 3,198 cs. splints, 269 cs. broom handles, 206 pcs. elm and 693 pcs. birch timber, 1,762 ends-Bryant, Powis, & Co."
7. p. 50-53 - Imports - July 18 1885 - Timber Trades Journal 1885_p002.txt,83,James Duncan,Stenkjaer,GRAYS,"783,785 staves, 6 fms. firewood",Duus Brown & Co.,14,7,1885,18,7,1885,False,"July 14 James Duncan-Stenkjaer-783,785 staves, 6 fms. firewood-Duus Brown & Co."
7. p. 50-53 - Imports - July 18 1885 - Timber Trades Journal 1885_p002.txt,85,Jeanette,Narva,NORTHFLEET,"507,552 staves",Brown,14,7,1885,18,7,1885,False,"July 14 Jeanette-Narva-507,552 staves-Brown"
7. p. 50-53 - Imports - July 18 1885 - Timber Trades Journal 1885_p002.txt,87,Kasan,Konigsberg,OTHER DOCKS AND WHARVES,"4,573 sleeper blocks, 120 half",sleepers-Order,9,7,1885,18,7,1885,True,"July 9 Kasan -Konigsberg-4,573 sleeper blocks, 120 half-sleepers-Order"
7. p. 50-53 - Imports - July 18 1885 - Timber Trades Journal 1885_p002.txt,89,Saxon,Stettin,OTHER DOCKS AND WHARVES,132 pcs. oak,Order,13,7,1885,18,7,1885,True,13 Saxon -Stettin-132 pcs. oak-Order
7. p. 50-53 - Imports - July 18 1885 - Timber Trades Journal 1885_p002.txt,90,Albertus,Konigsberg,OTHER DOCKS AND WHARVES,"1,770 sleepers, 60 half",sleeper blocks-Order,14,7,1885,18,7,1885,True,"14 Albertus -Konigsberg-1,770 sleepers, 60 half-sleeper blocks-Order"
7. p. 50-53 - Imports - July 18 1885 - Timber Trades Journal 1885_p002.txt,91,Novoselsky,Batoum,OTHER DOCKS AND WHARVES,"77 boards, 1,140 ft. firewood",D. M. Sacker,15,7,1885,18,7,1885,True,"15 Novoselsky -Batoum-77 boards, 1,140 ft. firewood-D. M. Sacker"
7. p. 50-53 - Imports - July 18 1885 - Timber Trades Journal 1885_p002.txt,93,Tempo,Riga,LOWESTOFT,"5,000 sleepers, 13,402 pcs. sawn fir","Burt, Boulton, & Haywood",13,7,1885,18,7,1885,True,"13 Tempo -Riga-5,000 sleepers, 13,402 pcs. sawn fir-Burt, Boulton, & Haywood"
7. p. 50-53 - Imports - July 18 1885 - Timber Trades Journal 1885_p002.txt,95,Joseph Rickett,Cronstadt,LYNN,"11,505 deals and battens",J. T. Stanton & Co.,7,7,1885,18,7,1885,False,"July 7 Joseph Rickett-Cronstadt-11,505 deals and battens-J. T. Stanton & Co."
7. p. 50-53 - Imports - July 18 1885 - Timber Trades Journal 1885_p002.txt,96,Hunstanton,Finnklippan,LYNN,"48,989 deals, battens, and boards","Thompson, Pattrick, & Woodwark",13,7,1885,18,7,1885,True,"13 Hunstanton -Finnklippan-48,989 deals, battens, and boards-Thompson, Pattrick, & Woodwark; 32 lds. firewood-W. F. Beaumont"
7. p. 50-53 - Imports - July 18 1885 - Timber Trades Journal 1885_p002.txt,96,Hunstanton,Finnklippan,LYNN,32 lds. firewood,W. F. Beaumont,13,7,1885,18,7,1885,True,"13 Hunstanton -Finnklippan-48,989 deals, battens, and boards-Thompson, Pattrick, & Woodwark; 32 lds. firewood-W. F. Beaumont"
7. p. 50-53 - Imports - July 18 1885 - Timber Trades Journal 1885_p002.txt,98,Enniskillen,Riga,MIDDLESBROUGH,"10,574 poles, 1,000 sleepers, 1,417 pcs. lathwood",Calder & Co.,10,7,1885,18,7,1885,False,"July 10 Enniskillen-Riga-10,574 poles, 1,000 sleepers, 1,417 pcs. lathwood-Calder & Co."
7. p. 50-53 - Imports - July 18 1885 - Timber Trades Journal 1885_p002.txt,99,Shamrock,Riga,MIDDLESBROUGH,"9,777 poles, 1,000 pcs. sawn fir, 23 lds. lathwood",Calder & Co.,13,7,1885,18,7,1885,False,"13 Shamrock-Riga-9,777 poles, 1,000 pcs. sawn fir, 23 lds. lathwood-Calder & Co."
7. p. 50-53 - Imports - July 18 1885 - Timber Trades Journal 1885_p002.txt,101,Tonsberg,Miramichi,MARYPORT,"21,777 deals and ends",J. & A. McGowan,13,7,1885,18,7,1885,False,"July 13 Tonsberg-Miramichi-21,777 deals and ends-J. & A. McGowan"
7. p. 50-53 - Imports - July 18 1885 - Timber Trades Journal 1885_p002.txt,105,Esmeralda,Memel,NEWHAVEN,"1,186 pcs. sawn fir, 4 lds. firewood",Chatfield & Son,7,7,1885,18,7,1885,False,"July 7 Esmeralda-Memel-1,186 pcs. sawn fir, 4 lds. firewood-Chatfield & Son; 861 pcs. fir-Sydenham, Hunt, & Co."
7. p. 50-53 - Imports - July 18 1885 - Timber Trades Journal 1885_p002.txt,105,Esmeralda,Memel,NEWHAVEN,861 pcs. fir,"Sydenham, Hunt, & Co.",7,7,1885,18,7,1885,False,"July 7 Esmeralda-Memel-1,186 pcs. sawn fir, 4 lds. firewood-Chatfield & Son; 861 pcs. fir-Sydenham, Hunt, & Co."
7. p. 50-53 - Imports - July 18 1885 - Timber Trades Journal 1885_p002.txt,109,Plaine,Hennebont,NEWPORT,200 lds. props,Budd & Co.,7,7,1885,18,7,1885,False,July 7 Plaine-Hennebont-200 lds. props-Budd & Co.
7. p. 50-53 - Imports - July 18 1885 - Timber Trades Journal 1885_p002.txt,113,Ivanhoe,Gothenburg,NEWPORT,27 lds. lathwood,Newport Dock Co.,8,7,1885,18,7,1885,False,8 Ivanhoe-Gothenburg-27 lds. lathwood-Newport Dock Co.
7. p. 50-53 - Imports - July 18 1885 - Timber Trades Journal 1885_p002.txt,115,Theophile Felix,Bordeaux,NEWPORT,119 lds. pitwood,Budd & Co.,9,7,1885,18,7,1885,False,9 Theophile Felix-Bordeaux-119 lds. pitwood-Budd & Co.
7. p. 50-53 - Imports - July 18 1885 - Timber Trades Journal 1885_p002.txt,118,Calypso,Bordeaux,NEWPORT,300 lds. pitwood,"Jones, Heard, & Co.",11,7,1885,18,7,1885,True,"11 Calypso -Bordeaux-300 lds. pitwood-Jones, Heard, & Co."
7. p. 50-53 - Imports - July 18 1885 - Timber Trades Journal 1885_p002.txt,120,Aigrette,Hennebont,NEWPORT,189 lds. pitwood,Budd & Co.,13,7,1885,18,7,1885,False,13 Aigrette-Hennebont-189 lds. pitwood-Budd & Co.
7. p. 50-53 - Imports - July 18 1885 - Timber Trades Journal 1885_p002.txt,126,Fingal,Sandarne,PENZANCE,"84 pcs. sawn fir, 1,915 boards",Harvey & Co.,10,7,1885,18,7,1885,False,"July 10 Fingal-Sandarne-84 pcs. sawn fir, 1,915 boards-Harvey & Co."
7. p. 50-53 - Imports - July 18 1885 - Timber Trades Journal 1885_p002.txt,128,Zulema,New York,PLYMOUTH,"28 lds. firewood, 200 pcs. sawn fir",Master,7,7,1885,18,7,1885,False,"July 7 Zulema-New York-28 lds. firewood, 200 pcs. sawn fir-Master"
7. p. 50-53 - Imports - July 18 1885 - Timber Trades Journal 1885_p002.txt,129,Adriatic,Riga,PLYMOUTH,"4,626 sawn deals, 68 pcs. hewn fir, 260 lds. lathwood",James Bros. & Co.,8,7,1885,18,7,1885,False,"8 Adriatic-Riga-4,626 sawn deals, 68 pcs. hewn fir, 260 lds. lathwood-James Bros. & Co."
7. p. 50-53 - Imports - July 18 1885 - Timber Trades Journal 1885_p002.txt,132,Roland,"Charlotte Town, P.E.I.",PLYMOUTH,500 deals,Master,9,7,1885,18,7,1885,False,"9 Roland-Charlotte Town, P.E.I.-500 deals-Master"
7. p. 50-53 - Imports - July 18 1885 - Timber Trades Journal 1885_p002.txt,133,Mystic,Lulea,PLYMOUTH,"42,602 pcs. sawn fir, 6 lds. firewood","Fox, Eliott, & Co.",13,7,1885,18,7,1885,False,"13 Mystic-Lulea-42,602 pcs. sawn fir, 6 lds. firewood-Fox, Eliott, & Co."
7. p. 50-53 - Imports - July 18 1885 - Timber Trades Journal 1885_p002.txt,137,Idun,Swartvik,POOLE,"10,792 fir boards, 4,341 deals",J. J. Norton,7,7,1885,18,7,1885,False,"July 7 Idun-Swartvik-10,792 fir boards, 4,341 deals-J. J. Norton"
7. p. 50-53 - Imports - July 18 1885 - Timber Trades Journal 1885_p002.txt,141,Rali Maas,Langror,ROCHESTER,16 lds. sawn fir,Master,10,7,1885,18,7,1885,False,July 10 Rali Maas-Langror-16 lds. sawn fir-Master
7. p. 50-53 - Imports - July 18 1885 - Timber Trades Journal 1885_p002.txt,142,Monark,Quebec,ROCHESTER,"290 pcs. hewn elm, 793 pcs. hewn fir, 3,104 pcs. sawn fir, 1,500 oak staves",Dobell & Co.,11,7,1885,18,7,1885,False,"11 Monark-Quebec-290 pcs. hewn elm, 793 pcs. hewn fir, 3,104 pcs. sawn fir, 1,500 oak staves-Dobell & Co."
7. p. 50-53 - Imports - July 18 1885 - Timber Trades Journal 1885_p002.txt,144,Uddevalla,Langror,SHOREHAM,24 fir boards,Master,7,7,1885,18,7,1885,False,July 7 Uddevalla-Langror-24 fir boards-Master
7. p. 50-53 - Imports - July 18 1885 - Timber Trades Journal 1885_p002.txt,146,Ariel,Riga,SOUTHAMPTON,"12,979 pcs. fir lathwood",J. Horn,7,7,1885,18,7,1885,False,"July 7 Ariel-Riga-12,979 pcs. fir lathwood-J. Horn"
7. p. 50-53 - Imports - July 18 1885 - Timber Trades Journal 1885_p002.txt,147,Brittany,Jersey,SOUTHAMPTON,44 pkgs. wood hoops,Corke,10,7,1885,18,7,1885,False,10 Brittany-Jersey-44 pkgs. wood hoops-Corke
7. p. 50-53 - Imports - July 18 1885 - Timber Trades Journal 1885_p002.txt,149,Lanches,Ostend,SUNDERLAND,"2,900 props",Reay,9,7,1885,18,7,1885,True,"July 9 Lanches -Ostend-2,900 props-Reay"
7. p. 50-53 - Imports - July 18 1885 - Timber Trades Journal 1885_p002.txt,150,Heathpore,Gothenburg,SUNDERLAND,"16,000 props, 1,500 pcs. sawn fir",T. J. Reay,13,7,1885,18,7,1885,True,"13 Heathpore -Gothenburg-16,000 props, 1,500 pcs. sawn fir-T. J. Reay"
7. p. 50-53 - Imports - July 18 1885 - Timber Trades Journal 1885_p002.txt,156,Pluvier,Lorient,SWANSEA,150 lds. hewn fir,T. R. Robinson,7,7,1885,18,7,1885,False,July 7 Pluvier-Lorient-150 lds. hewn fir-T. R. Robinson
7. p. 50-53 - Imports - July 18 1885 - Timber Trades Journal 1885_p002.txt,158,Bretonne,Bordeaux,SWANSEA,110 lds. hewn fir,Daird,8,7,1885,18,7,1885,False,8 Bretonne-Bordeaux-110 lds. hewn fir-Daird
7. p. 50-53 - Imports - July 18 1885 - Timber Trades Journal 1885_p002.txt,159,Zvelde,Charlotte Town,SWANSEA,18 lds. hewn fir,Master,9,7,1885,18,7,1885,False,9 Zvelde-Charlotte Town-18 lds. hewn fir-Master
7. p. 50-53 - Imports - July 18 1885 - Timber Trades Journal 1885_p002.txt,163,Leonie,Bordeaux,SWANSEA,77 lds. hewn fir,Jones,10,7,1885,18,7,1885,False,10 Leonie-Bordeaux-77 lds. hewn fir-Jones
7. p. 50-53 - Imports - July 18 1885 - Timber Trades Journal 1885_p002.txt,166,Sarah,Vlaardingen,TYNE,"6,350 bdls. hoops",Order,8,7,1885,18,7,1885,False,"July 8 Sarah-Vlaardingen-6,350 bdls. hoops-Order"
7. p. 50-53 - Imports - July 18 1885 - Timber Trades Journal 1885_p002.txt,167,Hermes,Halmstad,TYNE,"29,849 props",Order,9,7,1885,18,7,1885,False,"9 Hermes-Halmstad-29,849 props-Order"
7. p. 50-53 - Imports - July 18 1885 - Timber Trades Journal 1885_p002.txt,169,Canova,Quebec,TYNE,"157 pcs. oak, 67 pcs. elm, 69 pcs. birch, 47 pcs. waney ash, 23 pcs. red pine, 1,189 pcs. white pine, 4,469 pine deals, 1,200 pipe staves",A. Hood & Co.,10,7,1885,18,7,1885,False,"10 Canova-Quebec-157 pcs. oak, 67 pcs. elm, 69 pcs. birch, 47 pcs. waney ash, 23 pcs. red pine, 1,189 pcs. white pine, 4,469 pine deals, 1,200 pipe staves-A. Hood & Co."
7. p. 50-53 - Imports - July 18 1885 - Timber Trades Journal 1885_p002.txt,171,Najaden,Riga,TYNE,"15,458 pcs. lathwood",Order,11,7,1885,18,7,1885,False,"11 Najaden-Riga-15,458 pcs. lathwood-Order"
7. p. 50-53 - Imports - July 18 1885 - Timber Trades Journal 1885_p002.txt,176,Jan Frederik,Cronstadt,TYNE,"1,596 whitewood deals, 3,532 whitewood battens, 585 deal ends",Reynoldson,13,7,1885,18,7,1885,False,"13 Jan Frederik-Cronstadt-1,596 whitewood deals, 3,532 whitewood battens, 585 deal ends-Reynoldson"
7. p. 50-53 - Imports - July 18 1885 - Timber Trades Journal 1885_p003.txt,10,Agnes,Sandarne,WISBECH,"4,412 deals",Stanley,7,7,1885,18,7,1885,False,"July 7 Agnes-Sandarne-4,412 deals-Stanley"
7. p. 50-53 - Imports - July 18 1885 - Timber Trades Journal 1885_p003.txt,11,Lydia,Sundswall,WISBECH,20 lds. firewood,Master,10,7,1885,18,7,1885,False,10 Lydia-Sundswall-20 lds. firewood-Master
7. p. 50-53 - Imports - July 18 1885 - Timber Trades Journal 1885_p003.txt,12,Hoffnung,Memel,WISBECH,"3,205 oak boards",English,13,7,1885,18,7,1885,False,"13 Hoffnung-Memel-3,205 oak boards-English"
7. p. 50-53 - Imports - July 18 1885 - Timber Trades Journal 1885_p003.txt,15,Commonwealth,Sundswall,YARMOUTH,"32,742 deals and battens",Jewson & Sons,11,7,1885,18,7,1885,True,"July 11 Commonwealth -Sundswall-32,742 deals and battens-Jewson & Sons"
7. p. 50-53 - Imports - July 18 1885 - Timber Trades Journal 1885_p003.txt,20,D. Ferguson,Quebec,BELFAST,"10 pcs. hewn oak, 10 pcs. hewn birch, 115 pcs. hewn elm, 10 pcs. hewn ash, 328 pcs. fir, 6,210 deals",Robb Bros.,6,7,1885,18,7,1885,False,"July 6 D. Ferguson-Quebec-10 pcs. hewn oak, 10 pcs. hewn birch, 115 pcs. hewn elm, 10 pcs. hewn ash, 328 pcs. fir, 6,210 deals-Robb Bros."
7. p. 50-53 - Imports - July 18 1885 - Timber Trades Journal 1885_p003.txt,22,Ludvig,Richibucto,BELFAST,"9,875 deals, deal ends, and scantlings",Gault & Co.,8,7,1885,18,7,1885,False,"8 Ludvig-Richibucto-9,875 deals, deal ends, and scantlings-Gault & Co."
7. p. 50-53 - Imports - July 18 1885 - Timber Trades Journal 1885_p003.txt,24,Charger,Quebec,BELFAST,"750 pcs. hewn fir, 12,791 deals",Dixon & Sons,9,7,1885,18,7,1885,False,"9 Charger-Quebec-750 pcs. hewn fir, 12,791 deals-Dixon & Sons"
7. p. 50-53 - Imports - July 18 1885 - Timber Trades Journal 1885_p003.txt,25,Fanny Atkinson,Miramichi,BELFAST,"23,392 deals and deal ends, 6,000 palings",Corry & Co.,11,7,1885,18,7,1885,False,"11 Fanny Atkinson-Miramichi-23,392 deals and deal ends, 6,000 palings-Corry & Co."
7. p. 50-53 - Imports - July 18 1885 - Timber Trades Journal 1885_p003.txt,27,Hero,Quebec,DUBLIN,"6,769 deals, 28,461 pipe staves, 29,268 barrel staves, 15,106 W.I. staves",Order,9,7,1885,18,7,1885,False,"July 9 Hero-Quebec-6,769 deals, 28,461 pipe staves, 29,268 barrel staves, 15,106 W.I. staves-Order"
7. p. 50-53 - Imports - July 18 1885 - Timber Trades Journal 1885_p003.txt,29,Australia,Quebec,DUBLIN,"17,450 deals, 17,432 staves",Order,10,7,1885,18,7,1885,False,"10 Australia-Quebec-17,450 deals, 17,432 staves-Order"
7. p. 50-53 - Imports - July 18 1885 - Timber Trades Journal 1885_p003.txt,30,Wave King,Mobile,DUBLIN,"1,101 pcs. timber, 75 deals, 4,447 boards",T. & C. Martin,11,7,1885,18,7,1885,False,"11 Wave King-Mobile-1,101 pcs. timber, 75 deals, 4,447 boards-T. & C. Martin ; 6,430 staves-Order"
7. p. 50-53 - Imports - July 18 1885 - Timber Trades Journal 1885_p003.txt,30,Wave King,Mobile,DUBLIN,"6,430 staves",Order,11,7,1885,18,7,1885,False,"11 Wave King-Mobile-1,101 pcs. timber, 75 deals, 4,447 boards-T. & C. Martin ; 6,430 staves-Order"
7. p. 50-53 - Imports - July 18 1885 - Timber Trades Journal 1885_p003.txt,31,Endbeck,St. John,DUBLIN,"11,826 deals",J. Kelly,13,7,1885,18,7,1885,False,"13 Endbeck-St. John-11,826 deals-J. Kelly"
7. p. 50-53 - Imports - July 18 1885 - Timber Trades Journal 1885_p003.txt,33,Henriette,Bay Verte,DUBLIN,"20,178 deals and ends",R. Martin & Co.,14,7,1885,18,7,1885,False,"14 Henriette-Bay Verte-20,178 deals and ends-R. Martin & Co."
7. p. 50-53 - Imports - July 18 1885 - Timber Trades Journal 1885_p003.txt,36,M. A. Nutter,St.John,LONDONDERRY,564 pcs. sawn fir,Cooke,11,7,1885,18,7,1885,False,July 11 M. A. Nutter-St.John-564 pcs. sawn fir-Cooke
7. p. 50-53 - Imports - July 18 1885 - Timber Trades Journal 1885_p003.txt,39,Alice,Grand Pabos,NEWRY,"12 pcs. hewn birch, 25,079 deals and deal ends, 10,097 shovel handles",Carvill Bros.,7,7,1885,18,7,1885,False,"July 7 Alice-Grand Pabos-12 pcs. hewn birch, 25,079 deals and deal ends, 10,097 shovel handles-Carvill Bros."
7. p. 50-53 - Imports - July 18 1885 - Timber Trades Journal 1885_p003.txt,42,Florence Nightingale,Riga,WATERFORD,"10,304 fir sleepers",Calder & Co.,10,7,1885,18,7,1885,False,"July 10 Florence Nightingale-Riga-10,304 fir sleepers-Calder & Co."
7. p. 50-53 - Imports - July 18 1885 - Timber Trades Journal 1885_p003.txt,46,Martha Birnie,Sundswall,ABERDEEN,"2,758 pcs. hewn fir, 192 lds. firewood",Milne & Co.,10,7,1885,18,7,1885,False,"July 10 Martha Birnie-Sundswall-2,758 pcs. hewn fir, 192 lds. firewood-Milne & Co."
7. p. 50-53 - Imports - July 18 1885 - Timber Trades Journal 1885_p003.txt,47,Dunrobin Castle,Riga,ABERDEEN,"1,533 pcs. hewn fir, 4,251 pcs. sawn fir, 20 lds. firewood",Milne & Co.,11,7,1885,18,7,1885,False,"11 Dunrobin Castle-Riga-1,533 pcs. hewn fir, 4,251 pcs. sawn fir, 20 lds. firewood-Milne & Co."
7. p. 50-53 - Imports - July 18 1885 - Timber Trades Journal 1885_p003.txt,49,Christine Alidos,Skien,ALLOA,"7,427 pit",props-Fischer & Co.,7,7,1885,18,7,1885,False,"July 7 Christine Alidos-Skien-7,427 pit-props-Fischer & Co."
7. p. 50-53 - Imports - July 18 1885 - Timber Trades Journal 1885_p003.txt,52,Vernon,Windau,ARDROSSAN,"8,895 sleeper blocks, 900 sleepers",Christie & Co.,8,7,1885,18,7,1885,True,"July 8 Vernon -Windau-8,895 sleeper blocks, 900 sleepers-Christie & Co."
7. p. 50-53 - Imports - July 18 1885 - Timber Trades Journal 1885_p003.txt,54,Jessy,Richibucto,AYR,"11,545 deals",Alexander & Son,8,7,1885,18,7,1885,False,"July 8 Jessy-Richibucto-11,545 deals-Alexander & Son"
7. p. 50-53 - Imports - July 18 1885 - Timber Trades Journal 1885_p003.txt,56,Deveron,Drontheim,BANFF,"5,937 battens, 1 fm. firewood",Paterson & Co.,9,7,1885,18,7,1885,False,"July 9 Deveron-Drontheim-5,937 battens, 1 fm. firewood-Paterson & Co."
7. p. 50-53 - Imports - July 18 1885 - Timber Trades Journal 1885_p003.txt,58,Fanny,Fredrikstad,BORROWSTOUNNESS,"11,587 pcs. pit",wood-W. Donaldson,7,7,1885,18,7,1885,False,"July 7 Fanny-Fredrikstad-11,587 pcs. pit-wood-W. Donaldson"
7. p. 50-53 - Imports - July 18 1885 - Timber Trades Journal 1885_p003.txt,59,Henrik Wergsland,Drammen,BORROWSTOUNNESS,"41,486 pit",props-Love & Stewart,8,7,1885,18,7,1885,False,"8 Henrik Wergsland-Drammen-41,486 pit-props-Love & Stewart"
7. p. 50-53 - Imports - July 18 1885 - Timber Trades Journal 1885_p003.txt,61,Haabet,Fredriksvoern,BORROWSTOUNNESS,"12,803 pcs. pitwood",Dymock & Co.,9,7,1885,18,7,1885,False,"9 Haabet-Fredriksvoern-12,803 pcs. pitwood-Dymock & Co."
7. p. 50-53 - Imports - July 18 1885 - Timber Trades Journal 1885_p003.txt,63,Deodata,Skonvik,DUNDEE,"486 pcs. hewn fir, 3,192 deals",Donaldson & Son,7,7,1885,18,7,1885,False,"July 7 Deodata-Skonvik-486 pcs. hewn fir, 3,192 deals-Donaldson & Son"
7. p. 50-53 - Imports - July 18 1885 - Timber Trades Journal 1885_p003.txt,65,Charles Stewart,Bangor,GLASGOW,"42,138 bdls. spoolwood",J. & P. Coats,6,7,1885,18,7,1885,False,"July 6 Charles Stewart-Bangor-42,138 bdls. spoolwood-J. & P. Coats; 66,605 ft. spruce deals-Order"
7. p. 50-53 - Imports - July 18 1885 - Timber Trades Journal 1885_p003.txt,65,Charles Stewart,Bangor,GLASGOW,"66,605 ft. spruce deals",Order,6,7,1885,18,7,1885,False,"July 6 Charles Stewart-Bangor-42,138 bdls. spoolwood-J. & P. Coats; 66,605 ft. spruce deals-Order"
7. p. 50-53 - Imports - July 18 1885 - Timber Trades Journal 1885_p003.txt,66,Albicore,Gothenburg,GLASGOW,"1,072 bdls. birch wood",Order,7,7,1885,18,7,1885,True,"7 Albicore -Gothenburg-1,072 bdls. birch wood-Order"
7. p. 50-53 - Imports - July 18 1885 - Timber Trades Journal 1885_p003.txt,71,Thinca,Baltimore,GLASGOW,"1,952 barrel staves, 2,056 pipe staves",Gillespie & Co.,8,7,1885,18,7,1885,False,"8 Thinca-Baltimore-1,952 barrel staves, 2,056 pipe staves-Gillespie & Co."
7. p. 50-53 - Imports - July 18 1885 - Timber Trades Journal 1885_p003.txt,72,Lord Lansdowne,Trieste,GLASGOW,"12,032 deals",McDowall & Neilson,10,7,1885,18,7,1885,False,"10 Lord Lansdowne-Trieste-12,032 deals-McDowall & Neilson; 15 logs poplar, 9 logs oak-Allison & Co."
7. p. 50-53 - Imports - July 18 1885 - Timber Trades Journal 1885_p003.txt,72,Lord Lansdowne,Trieste,GLASGOW,"15 logs poplar, 9 logs oak",Allison & Co.,10,7,1885,18,7,1885,False,"10 Lord Lansdowne-Trieste-12,032 deals-McDowall & Neilson; 15 logs poplar, 9 logs oak-Allison & Co."
7. p. 50-53 - Imports - July 18 1885 - Timber Trades Journal 1885_p003.txt,76,Czar,Cronstadt,GLASGOW,"4,141 pcs. lathwood",W. Thomson & Co.,11,7,1885,18,7,1885,False,"11 Czar-Cronstadt-4,141 pcs. lathwood - W. Thomson & Co."
7. p. 50-53 - Imports - July 18 1885 - Timber Trades Journal 1885_p003.txt,78,Skjoldmoen,Cronstadt,MONTROSE,"13,630 deals and battens",Millar & Sons,10,7,1885,18,7,1885,False,"July 10 Skjoldmoen-Cronstadt-13,630 deals and battens-Millar & Sons"
7. p. 50-53 - Imports - July 18 1885 - Timber Trades Journal 1885_p003.txt,79,Baltic,Narva,MONTROSE,"10,031 battens",Millar & Sons,13,7,1885,18,7,1885,False,"13 Baltic-Narva-10,031 battens-Millar & Sons"
7. p. 50-53 - Imports - July 18 1885 - Timber Trades Journal 1885_p003.txt,81,Henrik Wergeland,Danzig,PERTH,604 pcs. hewn red fir Calder & Co.,,13,7,1885,18,7,1885,False,July 13 Henrik Wergeland-Danzig-604 pcs. hewn red fir Calder & Co.
7. p. 50-53 - Imports - July 18 1885 - Timber Trades Journal 1885_p003.txt,83,Pollux,Sundswall,PETERHEAD,2 fms. firewood,T. Evenen,6,7,1885,18,7,1885,False,July 6 Pollux-Sundswall-2 fms. firewood-T. Evenen
7. p. 50-53 - Imports - July 18 1885 - Timber Trades Journal 1885_p003.txt,85,Agnes,Drontheim,PETERHEAD,"5,893 battens",Carnegie,7,7,1885,18,7,1885,False,"7 Agnes-Drontheim-5,893 battens-Carnegie"
7. p. 50-53 - Imports - July 18 1885 - Timber Trades Journal 1885_p003.txt,87,Nina,Dalhousie,TROON,"10,193 deals, 519 pcs. hewn fir",Brownlee & Co.,9,7,1885,18,7,1885,False,"July 9 Nina-Dalhousie-10,193 deals, 519 pcs. hewn fir-Brownlee & Co."
7. p. 50-53 - Imports - July 18 1885 - Timber Trades Journal 1885_p003.txt,88,Nina,Dalhousie,TROON,720 lds. fir timber,J. Wilkie,9,7,1885,18,7,1885,False,July 9 Nina-Dalhousie-720 lds. fir timber-J. Wilkie
7. p. 50-53 - Imports - July 18 1885 - Timber Trades Journal 1885_p003.txt,89,Brodrenes Minde,Laurvig,TROON,"6,613 pcs. sawn fir",G. Durran,10,7,1885,18,7,1885,False,"July 10 Brodrenes Minde-Laurvig-6,613 pcs. sawn fir-G. Durran"
7. p. 50-53 - Imports - July 18 1885 - Timber Trades Journal 1885_p003.txt,93,Dora,Pensacola,"JULY 18, 1885.] 71","1,594 pcs. sawn pitch pine deals, 2,250 spruce deals",Singleton & Co.,10,7,1885,18,7,1885,False,"10 Dora-Pensacola-1,594 pcs. sawn pitch pine deals, 2,250 spruce deals-Singleton & Co."
7. p. 50-53 - Imports - July 18 1885 - Timber Trades Journal 1885_p003.txt,94,Aarvak,Pensacola,"JULY 18, 1885.] 71","1,218 pcs. sawn and hewn pitch pine timber, 1 pc. poplar timber, 747 pcs. sawn pitch pine deals",Edmiston & Mitchells,11,7,1885,18,7,1885,False,"11 Aarvak-Pensacola-1,218 pcs. sawn and hewn pitch pine timber, 1 pc. poplar timber, 747 pcs. sawn pitch pine deals-Edmiston & Mitchells"
7. p. 50-53 - Imports - July 18 1885 - Timber Trades Journal 1885_p003.txt,96,Marie,Drammen,KIRKWALL,"5,929 flooring and lining boards, 2,329 battens and deals, 2 1/2 lds. sawn wood",Peace & Son,6,7,1885,18,7,1885,False,"July 6 Marie-Drammen-5,929 flooring and lining boards, 2,329 battens and deals, 2 1/2 lds. sawn wood-Peace & Son"
7. p. 50-53 - Imports - July 18 1885 - Timber Trades Journal 1885_p003.txt,98,Amulet,Rotterdam,LEITH,"1,325 bdls. wood hoops",Gibson & Co.,9,7,1885,18,7,1885,False,"July 9 Amulet-Rotterdam-1,325 bdls. wood hoops-Gibson & Co."
7. p. 50-53 - Imports - July 18 1885 - Timber Trades Journal 1885_p003.txt,99,Garibaldi,Quebec,LEITH,"40 pcs. hewn elm, 176 pcs. hewn fir, 11,450 pcs. palings, 112 birch planks",Edmiston & Mitchells,10,7,1885,18,7,1885,False,"10 Garibaldi-Quebec-40 pcs. hewn elm, 176 pcs. hewn fir, 11,450 pcs. palings, 112 birch planks-Edmiston & Mitchells"
7. p. 50-53 - Imports - July 18 1885 - Timber Trades Journal 1885_p003.txt,101,State of Georgia,New York,LEITH,147 pcs. timber,R. Burley & Son,13,7,1885,18,7,1885,True,"13 State of Georgia  - New York - 147 pcs. timber - R. Burley & Son ; 2,400 bdls. staves, 1,200 hhd. staves-Allison & Co."
7. p. 50-53 - Imports - July 18 1885 - Timber Trades Journal 1885_p003.txt,101,State of Georgia,New York,LEITH,"2,400 bdls. staves, 1,200 hhd. staves",Allison & Co.,13,7,1885,18,7,1885,True,"13 State of Georgia  - New York - 147 pcs. timber - R. Burley & Son ; 2,400 bdls. staves, 1,200 hhd. staves-Allison & Co."
7. p. 50-53 - Imports - July 18 1885 - Timber Trades Journal 1885_p003.txt,104,Nicolaus Heinrich,Lovisa,GRANGEMOUTH,"11,368 pcs. battens",P. & J. Wilkie,6,7,1885,18,7,1885,False,"July 6 Nicolaus Heinrich-Lovisa-11,368 pcs. battens-P. & J. Wilkie"
7. p. 50-53 - Imports - July 18 1885 - Timber Trades Journal 1885_p003.txt,107,Edda,Sandviken,GRANGEMOUTH,"28,577 deals and battens",Muirhead & Son,7,7,1885,18,7,1885,True,"7 Edda -Sandviken-28,577 deals and battens-Muirhead & Son; 3 fms. firewood-Order"
7. p. 50-53 - Imports - July 18 1885 - Timber Trades Journal 1885_p003.txt,107,Edda,Sandviken,GRANGEMOUTH,3 fms. firewood,Order,7,7,1885,18,7,1885,True,"7 Edda -Sandviken-28,577 deals and battens-Muirhead & Son; 3 fms. firewood-Order"
7. p. 50-53 - Imports - July 18 1885 - Timber Trades Journal 1885_p003.txt,108,Fortuna,Drammen,GRANGEMOUTH,"17,248 pcs. battens",P. & J. Wilkie,9,7,1885,18,7,1885,False,"9 Fortuna-Drammen-17,248 pcs. battens-P. & J. Wilkie"
7. p. 50-53 - Imports - July 18 1885 - Timber Trades Journal 1885_p003.txt,109,Normanvik,Pensacola,GRANGEMOUTH,"1,242 pcs. pitch pine timber, 739 deals",J. D. Thomson,10,7,1885,18,7,1885,False,"10 Normanvik-Pensacola-1,242 pcs. pitch pine timber, 739 deals-J. D. Thomson"
7. p. 50-53 - Imports - July 18 1885 - Timber Trades Journal 1885_p003.txt,110,Martin,Riga,GRANGEMOUTH,"754 pcs. timber, 716 deals and ends",J. D. Thomson,11,7,1885,18,7,1885,False,"11 Martin-Riga-754 pcs. timber, 716 deals and ends-J. D. Thomson"
7. p. 50-53 - Imports - July 18 1885 - Timber Trades Journal 1885_p003.txt,113,Atalanta,Matanzas,GREENOCK,"1,430 spruce deals","Robinson, Dunn, & Co.",9,7,1885,18,7,1885,False,"July 9 Atalanta-Matanzas-1,430 spruce deals-Robinson, Dunn, & Co."
8. p. 68-71 - Imports - July 25 1885 - Timber Trades Journal 1885_p003.txt,3,Anna,Sundswall,YARMOUTH,"6,571 deals and battens, 19 lds. firewood, 86 boards",Palgrave,14,7,1885,25,7,1885,False,"July 14 Anna-Sundswall-6,571 deals and battens, 19 lds. firewood, 86 boards-Palgrave"
8. p. 68-71 - Imports - July 25 1885 - Timber Trades Journal 1885_p003.txt,4,Progress,Sundswall,YARMOUTH,"7,782 deals and boards",A. Cushion,15,7,1885,25,7,1885,False,"15 Progress-Sundswall-7,782 deals and boards-A. Cushion ; 5 lds. firewood, 50 fir poles, 20 oars-Master"
8. p. 68-71 - Imports - July 25 1885 - Timber Trades Journal 1885_p003.txt,4,Progress,Sundswall,YARMOUTH,"5 lds. firewood, 50 fir poles, 20 oars",Master,15,7,1885,25,7,1885,False,"15 Progress-Sundswall-7,782 deals and boards-A. Cushion ; 5 lds. firewood, 50 fir poles, 20 oars-Master"
8. p. 68-71 - Imports - July 25 1885 - Timber Trades Journal 1885_p003.txt,6,Orion,Cronstadt,YARMOUTH,"5,734 deals, 391 pcs. lathwood",Saul & Son,16,7,1885,25,7,1885,False,"16 Orion-Cronstadt-5,734 deals, 391 pcs. lathwood-Saul & Son"
8. p. 68-71 - Imports - July 25 1885 - Timber Trades Journal 1885_p003.txt,7,Lilydale,Neder Kalix,YARMOUTH,"18,177 deals",Jewson & Sons,20,7,1885,25,7,1885,True,"20 Lilydale -Neder Kalix-18,177 deals-Jewson & Sons"
8. p. 68-71 - Imports - July 25 1885 - Timber Trades Journal 1885_p003.txt,12,Prinds Oscar,Miramichi,BELFAST,"22,836 pcs. sawn fir",Dixon & Sons,14,7,1885,25,7,1885,False,"July 14 Prinds Oscar-Miramichi-22,836 pcs. sawn fir-Dixon & Sons"
8. p. 68-71 - Imports - July 25 1885 - Timber Trades Journal 1885_p003.txt,13,City of Bristol,Rotterdam,BELFAST,"1,200 bdls. wood hoops",J. C. Pinkerton,15,7,1885,25,7,1885,False,"15 City of Bristol-Rotterdam-1,200 bdls. wood hoops-J. C. Pinkerton"
8. p. 68-71 - Imports - July 25 1885 - Timber Trades Journal 1885_p003.txt,15,Elgin,St. John,CORK,"1,260 deals, 2,848 battens, 2,172 ends",O'Connor & Son,13,7,1885,25,7,1885,False,"July 13 Elgin-St. John-1,260 deals, 2,848 battens, 2,172 ends-O'Connor & Son"
8. p. 68-71 - Imports - July 25 1885 - Timber Trades Journal 1885_p003.txt,17,Blackhead,Riga,DUBLIN,"10,880 square sleeper blocks, 1,600 half",square sleeper blocks-Calder & Co.,16,7,1885,25,7,1885,True,"July 16 Blackhead -Riga-10,880 square sleeper blocks, 1,600 half-square sleeper blocks-Calder & Co. ; 17 fms. lathwood-Wm. Graham ; 20 spars-Calder & Co."
8. p. 68-71 - Imports - July 25 1885 - Timber Trades Journal 1885_p003.txt,17,Blackhead,Riga,DUBLIN,17 fms. lathwood,Wm. Graham,16,7,1885,25,7,1885,True,"July 16 Blackhead -Riga-10,880 square sleeper blocks, 1,600 half-square sleeper blocks-Calder & Co. ; 17 fms. lathwood-Wm. Graham ; 20 spars-Calder & Co."
8. p. 68-71 - Imports - July 25 1885 - Timber Trades Journal 1885_p003.txt,17,Blackhead,Riga,DUBLIN,20 spars,Calder & Co.,16,7,1885,25,7,1885,True,"July 16 Blackhead -Riga-10,880 square sleeper blocks, 1,600 half-square sleeper blocks-Calder & Co. ; 17 fms. lathwood-Wm. Graham ; 20 spars-Calder & Co."
8. p. 68-71 - Imports - July 25 1885 - Timber Trades Journal 1885_p003.txt,18,Whitehead,Riga,DUBLIN,"10,980 square sleeper blocks, 1,600 half",square sleeper blocks-Calder & Co.,17,7,1885,25,7,1885,True,"17 Whitehead -Riga-10,980 square sleeper blocks, 1,600 half-square sleeper blocks-Calder & Co. ; 15 fms. lathwood-Graham"
8. p. 68-71 - Imports - July 25 1885 - Timber Trades Journal 1885_p003.txt,18,Whitehead,Riga,DUBLIN,15 fms. lathwood,Graham,17,7,1885,25,7,1885,True,"17 Whitehead -Riga-10,980 square sleeper blocks, 1,600 half-square sleeper blocks-Calder & Co. ; 15 fms. lathwood-Graham"
8. p. 68-71 - Imports - July 25 1885 - Timber Trades Journal 1885_p003.txt,19,Morven,Memel,DUBLIN,"11,918 square sleepers, 1,000 half",square sleepers-Calder & Co.,18,7,1885,25,7,1885,False,"18 Morven-Memel-11,918 square sleepers, 1,000 half-square sleepers-Calder & Co."
8. p. 68-71 - Imports - July 25 1885 - Timber Trades Journal 1885_p003.txt,21,Aristides,Doboy,DUNDALK,"208 pcs. hewn pitch pine, 77 pcs. sawn pitch pine, 98 deals",Williamson,20,7,1885,25,7,1885,False,"July 20 Aristides-Doboy-208 pcs. hewn pitch pine, 77 pcs. sawn pitch pine, 98 deals-Williamson"
8. p. 68-71 - Imports - July 25 1885 - Timber Trades Journal 1885_p003.txt,24,Huron,"St. John, N.B.",LONDONDERRY,"1,128 lds. sawn fir, 6 spars, 3,000 laths",J. & J. Cooke,17,7,1885,25,7,1885,False,"July 17 Huron-St. John, N.B.-1,128 lds. sawn fir, 6 spars, 3,000 laths-J. & J. Cooke"
8. p. 68-71 - Imports - July 25 1885 - Timber Trades Journal 1885_p003.txt,26,Fortune,Miramichi,NEWRY,"7,609 deals and battens",E. G. Henessey,17,7,1885,25,7,1885,False,"July 17 Fortune-Miramichi-7,609 deals and battens-E. G. Henessey"
8. p. 68-71 - Imports - July 25 1885 - Timber Trades Journal 1885_p003.txt,28,Saltie,Quebec,WEXFORD,"8,436 deals, 24 spars",J. W. Walsh,13,7,1885,25,7,1885,False,"July 13 Saltie-Quebec-8,436 deals, 24 spars-J. W. Walsh"
8. p. 68-71 - Imports - July 25 1885 - Timber Trades Journal 1885_p003.txt,31,Sine,Sundswall,ABERDEEN,"950 pcs. hewn fir, 2,848 battens",Fleming & Co.,20,7,1885,25,7,1885,False,"July 20 Sine-Sundswall-950 pcs. hewn fir, 2,848 battens-Fleming & Co."
8. p. 68-71 - Imports - July 25 1885 - Timber Trades Journal 1885_p003.txt,37,Anna,Falkenberg,ALLOA,"7,075 pcs. pitwood",Nimmo & Son,14,7,1885,25,7,1885,False,"July 14 Anna-Falkenberg-7,075 pcs. pitwood-Nimmo & Son"
8. p. 68-71 - Imports - July 25 1885 - Timber Trades Journal 1885_p003.txt,41,Helene,Holmestrand,ALLOA,"23,842 pit",props-Fischer & Co.,16,7,1885,25,7,1885,False,"16 Helene-Holmestrand-23,842 pit-props-Fischer & Co."
8. p. 68-71 - Imports - July 25 1885 - Timber Trades Journal 1885_p003.txt,43,Leonhard,Riga,ALLOA,"12,252 fir pit",props-Alloa Coal Co.,20,7,1885,25,7,1885,False,"20 Leonhard-Riga-12,252 fir pit-props-Alloa Coal Co."
8. p. 68-71 - Imports - July 25 1885 - Timber Trades Journal 1885_p003.txt,53,Felicie,Cronstadt,AYR,"9,966 deals and battens",Paton & Sons,17,7,1885,25,7,1885,False,"July 17 Felicie-Cronstadt-9,966 deals and battens-Paton & Sons"
8. p. 68-71 - Imports - July 25 1885 - Timber Trades Journal 1885_p003.txt,55,Mercur,Drammen,BORROWSTOUNNESS,"42,327 pit",props-Love & Stewart,14,7,1885,25,7,1885,False,"July 14 Mercur-Drammen-42,327 pit-props-Love & Stewart"
8. p. 68-71 - Imports - July 25 1885 - Timber Trades Journal 1885_p003.txt,56,Newcastle Packet,Christiansan 1,BORROWSTOUNNESS,"8,000 props",Denholm & Co.,15,7,1885,25,7,1885,False,"15 Newcastle Packet-Christiansan 1-8,000 props-Denholm & Co."
8. p. 68-71 - Imports - July 25 1885 - Timber Trades Journal 1885_p003.txt,59,Ellida,Christiansand,BORROWSTOUNNESS,"5,747 pcs. pitwood",Denholm & Co.,16,7,1885,25,7,1885,False,"16 Ellida-Christiansand-5,747 pcs. pitwood-Denholm & Co."
8. p. 68-71 - Imports - July 25 1885 - Timber Trades Journal 1885_p003.txt,60,Svionia,Stettin,BORROWSTOUNNESS,"64,455 pit",props-Love,17,7,1885,25,7,1885,True,"17 Svionia -Stettin-64,455 pit-props-Love"
8. p. 68-71 - Imports - July 25 1885 - Timber Trades Journal 1885_p003.txt,61,Sangvig,Christiansand,BORROWSTOUNNESS,"5,450 pit",props-Denholm & Co.,20,7,1885,25,7,1885,False,"20 Sangvig-Christiansand-5,450 pit-props-Denholm & Co."
8. p. 68-71 - Imports - July 25 1885 - Timber Trades Journal 1885_p003.txt,64,Loch Maree,Abo,DUNDEE,"41,357 deals, battens, and boards",Bell & Sime,14,7,1885,25,7,1885,True,"July 14 Loch Maree -Abo-41,357 deals, battens, and boards-Bell & Sime"
8. p. 68-71 - Imports - July 25 1885 - Timber Trades Journal 1885_p003.txt,67,Primus,Forsmarck,DUNDEE,"2,925 pcs. sawn fir, 1,217 deals",Bell & Sime,18,7,1885,25,7,1885,False,"18 Primus-Forsmarck-2,925 pcs. sawn fir, 1,217 deals-Bell & Sime"
8. p. 68-71 - Imports - July 25 1885 - Timber Trades Journal 1885_p003.txt,71,Lithuania,Memel,"[JULY 25, 1885.]","6,500 sleeper blocks, 1,000 half",sleeper blocks-W. Christie,16,7,1885,25,7,1885,True,"16 Lithuania -Memel-6,500 sleeper blocks, 1,000 half-sleeper blocks-W. Christie"
8. p. 68-71 - Imports - July 25 1885 - Timber Trades Journal 1885_p003.txt,73,Princess Alexandra,Quebec,GREENOCK,"9,000 pcs. oak, 200 pcs. elm, 844 pcs. square white pine, 14 pcs. waney white pine, 10,000 birch, 3,228 pine deals, 1,100 pine ends, 7,200 r.o.w.i. staves",Order,14,7,1885,25,7,1885,False,"July 14 Princess Alexandra-Quebec-9,000 pcs. oak, 200 pcs. elm, 844 pcs. square white pine, 14 pcs. waney white pine, 10,000 birch, 3,228 pine deals, 1,100 pine ends, 7,200 r.o.w.i. staves-Order"
8. p. 68-71 - Imports - July 25 1885 - Timber Trades Journal 1885_p003.txt,74,Gatineau,Quebec,GREENOCK,"689 pcs. square pine, 300 pcs. waney pine, 308 pcs. oak, 3,903 deals and ends","Eingleton, Dunn, & Co.",15,7,1885,25,7,1885,False,"15 Gatineau-Quebec-689 pcs. square pine, 300 pcs. waney pine, 308 pcs. oak, 3,903 deals and ends-Eingleton, Dunn, & Co."
8. p. 68-71 - Imports - July 25 1885 - Timber Trades Journal 1885_p003.txt,75,Arran,Quebec,GREENOCK,"461 pcs. square white pine, 100 pcs. elm, 416 pcs. waney white pine, 166 pcs. ash, 143 pcs. red pine, 1,367 deals, 348 pine deal ends, 1,988 pipe staves, 4,095 r.o.w.i. staves","Allison, Coulsland & Co.",15,7,1885,25,7,1885,False,"15 Arran-Quebec-461 pcs. square white pine, 100 pcs. elm, 416 pcs. waney white pine, 166 pcs. ash, 143 pcs. red pine, 1,367 deals, 348 pine deal ends, 1,988 pipe staves, 4,095 r.o.w.i. staves-Allison, Coulsland & Co."
8. p. 68-71 - Imports - July 25 1885 - Timber Trades Journal 1885_p003.txt,77,Camilla,Hernosand,INVERNESS,"12,064 battens",Walker & Co.,13,7,1885,25,7,1885,False,"July 13 Camilla-Hernosand-12,064 battens-Walker & Co."
8. p. 68-71 - Imports - July 25 1885 - Timber Trades Journal 1885_p003.txt,79,Harald Haarfager,Rafso,INVERNESS,"19,717 battens and spars, 4 lds. firewood",Walker & Co.,18,7,1885,25,7,1885,False,"18 Harald Haarfager-Rafso-19,717 battens and spars, 4 lds. firewood-Walker & Co."
8. p. 68-71 - Imports - July 25 1885 - Timber Trades Journal 1885_p003.txt,81,Balder,Christiania,KIRKCALDY,"5,635 battens",Balfour & Co.,15,7,1885,25,7,1885,False,"July 15 Balder-Christiania-5,635 battens-Balfour & Co."
8. p. 68-71 - Imports - July 25 1885 - Timber Trades Journal 1885_p003.txt,82,Christianshaab,Laurvig,KIRKCALDY,"2,402 battens, 14 lds. firewood",H. Lindsay,18,7,1885,25,7,1885,False,"18 Christianshaab-Laurvig-2,402 battens, 14 lds. firewood-H. Lindsay"
8. p. 68-71 - Imports - July 25 1885 - Timber Trades Journal 1885_p003.txt,84,Mars,Rafso,LEITH,"13,082 battens",Duncan,14,7,1885,25,7,1885,False,"July 14 Mars-Rafso-13,082 battens-Duncan"
8. p. 68-71 - Imports - July 25 1885 - Timber Trades Journal 1885_p003.txt,85,Mountpack,Danzig,LEITH,"30,051 oak staves",Liebenthal & Co.,15,7,1885,25,7,1885,True,"15 Mountpack -Danzig-30,051 oak staves-Liebenthal & Co. ; 40 pcs. hewn oak-H. K. Coupar"
8. p. 68-71 - Imports - July 25 1885 - Timber Trades Journal 1885_p003.txt,85,Mountpack,Danzig,LEITH,40 pcs. hewn oak,H. K. Coupar,15,7,1885,25,7,1885,True,"15 Mountpack -Danzig-30,051 oak staves-Liebenthal & Co. ; 40 pcs. hewn oak-H. K. Coupar"
8. p. 68-71 - Imports - July 25 1885 - Timber Trades Journal 1885_p003.txt,87,Amazone,Drammen,LEITH,"9,559 battens",Dobson,17,7,1885,25,7,1885,False,"17 Amazone-Drammen-9,559 battens-Dobson"
8. p. 68-71 - Imports - July 25 1885 - Timber Trades Journal 1885_p003.txt,89,Nymphona,New York,LEITH,"3,200 staves",Blaik & Co.,18,7,1885,25,7,1885,True,"18 Nymphona -New York-3,200 staves-Blaik & Co."
8. p. 68-71 - Imports - July 25 1885 - Timber Trades Journal 1885_p003.txt,90,Ellida,Helsingfors,LEITH,"7,873 deals and battens",D. W. Beattie,20,7,1885,25,7,1885,False,"20 Ellida-Helsingfors-7,873 deals and battens-D. W. Beattie"
8. p. 68-71 - Imports - July 25 1885 - Timber Trades Journal 1885_p003.txt,100,Joseph,Sundswall,MONTROSE,"24,663 battens, 25 spars",Millar & Sons,14,7,1885,25,7,1885,True,"July 14 Joseph -Sundswall-24,663 battens, 25 spars-Millar & Sons"
8. p. 68-71 - Imports - July 25 1885 - Timber Trades Journal 1885_p003.txt,101,Valund,Bo'lsta,MONTROSE,"20,142 battens",Millar,17,7,1885,25,7,1885,True,"17 Valund -Bo'lsta-20,142 battens-Millar"
8. p. 68-71 - Imports - July 25 1885 - Timber Trades Journal 1885_p003.txt,102,Charlotta,Johannedal,MONTROSE,"6,417 battens",Millar,20,7,1885,25,7,1885,False,"20 Charlotta-Johannedal-6,417 battens-Millar"
8. p. 68-71 - Imports - July 25 1885 - Timber Trades Journal 1885_p003.txt,105,Ida,Sundswall,PERTH,"17,421 battens",Cameron & Son,14,7,1885,25,7,1885,False,"July 14 Ida-Sundswall-17,421 battens-Cameron & Son"
8. p. 68-71 - Imports - July 25 1885 - Timber Trades Journal 1885_p003.txt,107,Shelburne,Mobile,PORT GLASGOW,"730 pcs. hewn pitch pine, 1,969 pitch pine deals",Order,17,7,1885,25,7,1885,False,"July 17 Shelburne-Mobile-730 pcs. hewn pitch pine, 1,969 pitch pine deals-Order"
