source_file,line_number,ship_name,origin_port,destination_port,cargo,merchant,arrival_day,arrival_month,arrival_year,publication_day,publication_month,publication_year,is_steamship,raw_segment,extraction_method,needs_review,original_extracted_ship
"1. p. 10-12 - May 1 1875 - Imports of Timber, &c. Timber Trades Journal Vol. 3 1875_p001.txt",44,Caroline,Gothenburg,LONDON,—1,135 doz,,,1875,1,5,1875,False,"Caroline @ Gothenburg,—1,135 doz. deals, Order.",SMALL_MULTI_SPLIT,True,Caroline
"1. p. 10-12 - May 1 1875 - Imports of Timber, &c. Timber Trades Journal Vol. 3 1875_p001.txt",44,Neptionus,Sannesund,LONDON,—151 t,,,,1875,1,5,1875,False,"Neptionus @ Sannesund,—151 t. firewood, Order. A quantity of sapanwood was brought to the docks in barges from the wreck of the Border Chieftain at Dover.",SMALL_MULTI_SPLIT,True,Caroline
"1. p. 10-12 - May 1 1875 - Imports of Timber, &c. Timber Trades Journal Vol. 3 1875_p001.txt",45,Albert Edward,Gothenburg,LONDON,—14 bxs,,,,1875,1,5,1875,True,"Albert Edward (s) @ Gothenburg,—14 bxs. firewood, Stahlgren; 235 doz. battens, 380 doz. boards, 25 fms. firewood, 40 prs. oars, Order.",SMALL_MULTI_SPLIT,True,Albert Edward
"1. p. 10-12 - May 1 1875 - Imports of Timber, &c. Timber Trades Journal Vol. 3 1875_p001.txt",45,Avena,Uddewalla,LONDON,—3,720 bdls,,,1875,1,5,1875,True,"Avena (s) @ Uddewalla,—3,720 bdls. mouldings, Esdaile & Co.",SMALL_MULTI_SPLIT,True,Albert Edward
"1. p. 299-300 - January 6 1877 - Imports of Timber, &c. - Timber Trades Journal Vol. 4 1877_p002.txt",36,Frida,Falkenberg,GREENOCK,—49 fathoms firewood,Order,,,1877,6,1,1877,False,"Frida @ Falkenberg,—49 fathoms firewood, Order.",SMALL_MULTI_SPLIT,True,Frida
"1. p. 299-300 - January 6 1877 - Imports of Timber, &c. - Timber Trades Journal Vol. 4 1877_p002.txt",36,Hoffnung,Memel,GREENOCK,—416 pcs,,,,1877,6,1,1877,False,"Hoffnung @ Memel,—416 pcs. timber, 7 fms. lathwood, 2,035 deals, A. Thomson & Nephews. Henriette,—3,278 props, Macpherson & McLaren ; 2,580 staves, Order.",SMALL_MULTI_SPLIT,True,Frida
"1. p. 299-300 - January 6 1877 - Imports of Timber, &c. - Timber Trades Journal Vol. 4 1877_p002.txt",36,Georg,Christiania,GREENOCK,"—4,559 props",J,,,1877,6,1,1877,False,"Georg @ Christiania,—4,559 props, J. T. Salvesen & Co.",SMALL_MULTI_SPLIT,True,Frida
"1. p. 422-424 - April 28 1877 - Imports of Timber, &c. -  Timber Trades Journal Vol. 5 1877._p001.txt",158,Louis Walsh,New Orleans,CREDITORS FULLY SECURED,"—1,800 staves",Chaloner & Co,,,1877,28,4,1877,False,"Louis Walsh @ New Orleans,—1,800 staves, Chaloner & Co. H.",SMALL_MULTI_SPLIT,True,Louis Walsh
"1. p. 422-424 - April 28 1877 - Imports of Timber, &c. -  Timber Trades Journal Vol. 5 1877._p001.txt",158,Haafager,Fredrikstad,CREDITORS FULLY SECURED,"—66,729 boards",Order,,,1877,28,4,1877,False,"Haafager @ Fredrikstad,—66,729 boards, Order.",SMALL_MULTI_SPLIT,True,Louis Walsh
"1. p. 422-424 - April 28 1877 - Imports of Timber, &c. -  Timber Trades Journal Vol. 5 1877._p001.txt",158,Joinville,Rangoon,CREDITORS FULLY SECURED,"—183 planks, 46 ventilators",Order,,,1877,28,4,1877,False,"Joinville @ Rangoon,—183 planks, 46 ventilators, Order.",SMALL_MULTI_SPLIT,True,Louis Walsh
"1. p. 422-424 - April 28 1877 - Imports of Timber, &c. -  Timber Trades Journal Vol. 5 1877._p001.txt",158,Lilian,Pensacola,CREDITORS FULLY SECURED,240 logs cedar,Farnworth & Co,,,1877,28,4,1877,False,"Lilian @ Pensacola, 240 logs cedar, Farnworth & Co. ; 629",SMALL_MULTI_SPLIT,True,Louis Walsh
"1. p. 422-424 - April 28 1877 - Imports of Timber, &c. -  Timber Trades Journal Vol. 5 1877._p002.txt",50,Embla,Christiansand,CREDITORS FULLY SECURED,"—39,597 logs pit props",Hall Brothers,,,1877,28,4,1877,False,"Embla @ Christiansand,—39,597 logs pit props, Hall Brothers.",SMALL_MULTI_SPLIT,True,Embla
"1. p. 422-424 - April 28 1877 - Imports of Timber, &c. -  Timber Trades Journal Vol. 5 1877._p002.txt",50,Ellida,Christiansand,CREDITORS FULLY SECURED,"—123,000 feet staves",Order,,,1877,28,4,1877,False,"Ellida @ Christiansand,—123,000 feet staves, Order.",SMALL_MULTI_SPLIT,True,Embla
"1. p. 422-424 - April 28 1877 - Imports of Timber, &c. -  Timber Trades Journal Vol. 5 1877._p002.txt",50,Admiralen,Fredrikstadt,CREDITORS FULLY SECURED,—145,892 pcs,,,1877,28,4,1877,False,"Admiralen @ Fredrikstadt,—145,892 pcs. staves, Order.",SMALL_MULTI_SPLIT,True,Embla
"1. p. 422-424 - April 28 1877 - Imports of Timber, &c. -  Timber Trades Journal Vol. 5 1877._p002.txt",50,Heimskringla,Frederiksvoern,CREDITORS FULLY SECURED,—4,918 pcs,,,1877,28,4,1877,False,"Heimskringla @ Frederiksvoern,—4,918 pcs. timber, 181 pcs. pit props, Order.",SMALL_MULTI_SPLIT,True,Embla
"1. p. 422-424 - April 28 1877 - Imports of Timber, &c. -  Timber Trades Journal Vol. 5 1877._p002.txt",54,Stadt,Christiania,CREDITORS FULLY SECURED,—qty,,,,1877,28,4,1877,False,"Stadt @ Christiania,—qty. pit props and staves, P. Osbeck.",SMALL_MULTI_SPLIT,True,Stadt
"1. p. 422-424 - April 28 1877 - Imports of Timber, &c. -  Timber Trades Journal Vol. 5 1877._p002.txt",54,Vertranen,Gothenburg,CREDITORS FULLY SECURED,—qty,,,,1877,28,4,1877,False,"Vertranen @ Gothenburg,—qty. crown trees and pit props, qty. staves, Pyman, Bell & Co.",SMALL_MULTI_SPLIT,True,Stadt
"1. p. 422-424 - April 28 1877 - Imports of Timber, &c. -  Timber Trades Journal Vol. 5 1877._p002.txt",54,Vertranen,Danzig,CREDITORS FULLY SECURED,—109 oak crooks,501 pcs,,,1877,28,4,1877,False,"Vertranen @ Danzig,—109 oak crooks, 501 pcs. timber, 173 pcs. deals, 413 deal ends, J. H. Wilson.",SMALL_MULTI_SPLIT,True,Stadt
"1. p. 6 a╠Ç 8 - May 2 1874 - Imports of Timber, &c. - Timber Trades Journal Vol. 2 1875_p001.txt",15,Alette,Memel,LONDON,—1,524 pcs,,,1874,2,5,1874,False,"Alette @ Memel,—1,524 pcs. timber, P. Rolt & Co.; 8,329 staves, Order.",SMALL_MULTI_SPLIT,True,Alette
"1. p. 6 a╠Ç 8 - May 2 1874 - Imports of Timber, &c. - Timber Trades Journal Vol. 2 1875_p001.txt",15,Passaroeang,Memel,LONDON,—915 pcs,,,,1874,2,5,1874,False,"Passaroeang @ Memel,—915 pcs. 6r timber, P. Rolt & Co. ; 11,073 staves, Order.",SMALL_MULTI_SPLIT,True,Alette
"1. p. 6 a╠Ç 8 - May 2 1874 - Imports of Timber, &c. - Timber Trades Journal Vol. 2 1875_p001.txt",15,Lillie,Warberg,LONDON,—6 pcs,,,,1874,2,5,1874,True,"Lillie (s) @ Warberg,—6 pcs. oak timber, P. wood, Churchill & Sim.",SMALL_MULTI_SPLIT,True,Alette
"1. p. 6 a╠Ç 8 - May 2 1874 - Imports of Timber, &c. - Timber Trades Journal Vol. 2 1875_p001.txt",15,Rubenovitch,Danzig,LONDON,—900 pcs,,,,1874,2,5,1874,False,"Rubenovitch @ Danzig,—900 pcs. timber, 13,000 staves, Order.",SMALL_MULTI_SPLIT,True,Alette
"1. p. 6 a╠Ç 8 - May 2 1874 - Imports of Timber, &c. - Timber Trades Journal Vol. 2 1875_p001.txt",15,Passaroeang,Memel,LONDON,—915 pcs,,,,1874,2,5,1874,False,"Passaroeang @ Memel,—915 pcs. 6r timber, P. Rolt & Co. ; 11,073 staves, Order.",SMALL_MULTI_SPLIT,True,Passaroeang
"1. p. 6 a╠Ç 8 - May 2 1874 - Imports of Timber, &c. - Timber Trades Journal Vol. 2 1875_p001.txt",15,Lillie,Warberg,LONDON,—6 pcs,,,,1874,2,5,1874,True,"Lillie (s) @ Warberg,—6 pcs. oak timber, P. wood, Churchill & Sim.",SMALL_MULTI_SPLIT,True,Passaroeang
"1. p. 6 a╠Ç 8 - May 2 1874 - Imports of Timber, &c. - Timber Trades Journal Vol. 2 1875_p001.txt",15,Rubenovitch,Danzig,LONDON,—900 pcs,,,,1874,2,5,1874,False,"Rubenovitch @ Danzig,—900 pcs. timber, 13,000 staves, Order.",SMALL_MULTI_SPLIT,True,Passaroeang
"1. p. 6 a╠Ç 8 - May 2 1874 - Imports of Timber, &c. - Timber Trades Journal Vol. 2 1875_p001.txt",16,Star,Windau,LONDON,—1,726 pcs,,,1874,2,5,1874,False,"Star @ Windau,—1,726 pcs. square sleepers, 220 pcs. ½ square sleepers, T. Gabriel & Sons.",SMALL_MULTI_SPLIT,True,Star
"1. p. 6 a╠Ç 8 - May 2 1874 - Imports of Timber, &c. - Timber Trades Journal Vol. 2 1875_p001.txt",16,Pansy,Riga,LONDON,"—8,482 sleeper blocks",Order,,,1874,2,5,1874,True,"Pansy (s) @ Riga,—8,482 sleeper blocks, Order.",SMALL_MULTI_SPLIT,True,Star
"1. p. 6 a╠Ç 8 - May 2 1874 - Imports of Timber, &c. - Timber Trades Journal Vol. 2 1875_p001.txt",16,Helen Campbell,Port Royal,LONDON,"12 logs satinwood, 35,722 oak staves",40 bdls,,,1874,2,5,1874,False,"Helen Campbell @ Port Royal, 12 logs satinwood, 35,722 oak staves, 40 bdls. cane wood, Order.",SMALL_MULTI_SPLIT,True,Star
"1. p. 6 a╠Ç 8 - May 2 1874 - Imports of Timber, &c. - Timber Trades Journal Vol. 2 1875_p001.txt",25,Indiana,Fredrikstad,LIVERPOOL,—63 cs,,,,1874,2,5,1874,False,"Indiana @ Fredrikstad,—63 cs. moulding and architraves, 62,863 pcs. boards, 1,225 pcs. battens, 970 pcs. battens, Order.",SMALL_MULTI_SPLIT,True,Indiana
"1. p. 6 a╠Ç 8 - May 2 1874 - Imports of Timber, &c. - Timber Trades Journal Vol. 2 1875_p001.txt",25,Ludvig,Fredrikstad,LIVERPOOL,—32,801 pcs,,,1874,2,5,1874,False,"Ludvig @ Fredrikstad,—32,801 pcs. boards, 22,491 pcs. pit props, Order.",SMALL_MULTI_SPLIT,True,Indiana
"1. p. 6 a╠Ç 8 - May 2 1874 - Imports of Timber, &c. - Timber Trades Journal Vol. 2 1875_p001.txt",25,Emanuel,Gothenburg,LIVERPOOL,—99 t,,,,1874,2,5,1874,False,"Emanuel @ Gothenburg,—99 t. 24 bgs. boxwood, Order.",SMALL_MULTI_SPLIT,True,Indiana
"1. p. 6 a╠Ç 8 - May 2 1874 - Imports of Timber, &c. - Timber Trades Journal Vol. 2 1875_p001.txt",29,John Pardew,St. John,LIVERPOOL,N,,,,1874,2,5,1874,False,"John Pardew @ St. John, N. B., 9,500 pcs. palings, 8,850 pcs. deals, Carvill & Son.",SMALL_MULTI_SPLIT,True,John Pardew
"1. p. 6 a╠Ç 8 - May 2 1874 - Imports of Timber, &c. - Timber Trades Journal Vol. 2 1875_p001.txt",29,Jannetje,Darien,LIVERPOOL,—250 pcs,,,,1874,2,5,1874,False,"Jannetje @ Darien,—250 pcs. plank, 454 pcs. timber, Bland & Co.",SMALL_MULTI_SPLIT,True,John Pardew
"1. p. 6 a╠Ç 8 - May 2 1874 - Imports of Timber, &c. - Timber Trades Journal Vol. 2 1875_p001.txt",29,Lydia,Darien,LIVERPOOL,—489 pcs,,,,1874,2,5,1874,False,"Lydia @ Darien,—489 pcs. timber, 176 pcs. deals, Crow & Co.",SMALL_MULTI_SPLIT,True,John Pardew
"1. p. 6 a╠Ç 8 - May 2 1874 - Imports of Timber, &c. - Timber Trades Journal Vol. 2 1875_p001.txt",29,Talwin,Doboy,LIVERPOOL,—377 pcs,,,,1874,2,5,1874,False,"Talwin @ Doboy,—377 pcs. timber, 179 pcs. deals, 300 staves, Order.",SMALL_MULTI_SPLIT,True,John Pardew
"1. p. 6 a╠Ç 8 - May 2 1874 - Imports of Timber, &c. - Timber Trades Journal Vol. 2 1875_p002.txt",29,Mercur,Dram,BRISTOL,—13,640 pcs,,,1874,2,5,1874,False,"Mercur @ Dram,—13,640 pcs. battens, R. Melville & Co.",SMALL_MULTI_SPLIT,True,Mercur
"1. p. 6 a╠Ç 8 - May 2 1874 - Imports of Timber, &c. - Timber Trades Journal Vol. 2 1875_p002.txt",29,Francis,Dram,BRISTOL,—5,922 pcs,,,1874,2,5,1874,False,"Francis @ Dram,—5,922 pcs. battens, W. Kerr & Co.",SMALL_MULTI_SPLIT,True,Mercur
"1. p. 6 a╠Ç 8 - May 2 1874 - Imports of Timber, &c. - Timber Trades Journal Vol. 2 1875_p002.txt",29,Pauline,Sannesund,BRISTOL,—6,129 pcs,,,1874,2,5,1874,False,"Pauline @ Sannesund,—6,129 pcs. battens, Williamson Bros.",SMALL_MULTI_SPLIT,True,Mercur
"1. p. 6 a╠Ç 8 - May 2 1874 - Imports of Timber, &c. - Timber Trades Journal Vol. 2 1875_p002.txt",29,Den Gode Hensigt,Dram,BRISTOL,—7,575 pcs,,,1874,2,5,1874,False,"Den Gode Hensigt @ Dram,—7,575 pcs. battens, G. T. Salvesen & Co.",SMALL_MULTI_SPLIT,True,Mercur
"1. p. 6 a╠Ç 8 - May 2 1874 - Imports of Timber, &c. - Timber Trades Journal Vol. 2 1875_p002.txt",29,Oscar,Dram,BRISTOL,—9,380 pcs,,,1874,2,5,1874,False,"Oscar @ Dram, —9,380 pcs. battens, Macpherson & McLaren.",SMALL_MULTI_SPLIT,True,Mercur
"1. p. 6 a╠Ç 8 - May 2 1874 - Imports of Timber, &c. - Timber Trades Journal Vol. 2 1875_p002.txt",31,Najaden,Dram,BRISTOL,"—6,405 battens",J,,,1874,2,5,1874,False,"Najaden @ Dram,—6,405 battens, J. T. Salvesen & Co.",SMALL_MULTI_SPLIT,True,Najaden
"1. p. 6 a╠Ç 8 - May 2 1874 - Imports of Timber, &c. - Timber Trades Journal Vol. 2 1875_p002.txt",31,Trabant,Danzig,BRISTOL,—326 pcs,,,,1874,2,5,1874,False,"Trabant @ Danzig,—326 pcs. oak timber, 430 pcs. fir timber, 15 fathoms lathwood, A. Thomson & Nephews.",SMALL_MULTI_SPLIT,True,Najaden
"1. p. 6 a╠Ç 8 - May 2 1874 - Imports of Timber, &c. - Timber Trades Journal Vol. 2 1875_p002.txt",31,Nexo,Memel,BRISTOL,"—3,619 deals",Order,,,1874,2,5,1874,False,"Nexo @ Memel,—3,619 deals, Order.",SMALL_MULTI_SPLIT,True,Najaden
"1. p. 6 a╠Ç 8 - May 2 1874 - Imports of Timber, &c. - Timber Trades Journal Vol. 2 1875_p002.txt",31,Drache,Memel,BRISTOL,"—1,486 deals",Order,,,1874,2,5,1874,False,"Drache @ Memel,—1,486 deals, Order.",SMALL_MULTI_SPLIT,True,Najaden
"1. p. 6 a╠Ç 8 - May 2 1874 - Imports of Timber, &c. - Timber Trades Journal Vol. 2 1875_p002.txt",32,Emily Lowther,Doboy,BRISTOL,—639 pcs,,,,1874,2,5,1874,False,"Emily Lowther @ Doboy,—639 pcs. pitch pine timber, 326 pcs. pitch pine deals, A. Thomson & Nephews.",SMALL_MULTI_SPLIT,True,Emily Lowther
"1. p. 6 a╠Ç 8 - May 2 1874 - Imports of Timber, &c. - Timber Trades Journal Vol. 2 1875_p002.txt",32,"Louise Alwardi,",Memel,BRISTOL,—439 pcs,,,,1874,2,5,1874,False,"Louise Alwardi, @ Memel,—439 pcs. timber, 438 pcs. deals, J. T. Salvesen & Co.",SMALL_MULTI_SPLIT,True,Emily Lowther
"1. p. 6 a╠Ç 8 - May 2 1874 - Imports of Timber, &c. - Timber Trades Journal Vol. 2 1875_p002.txt",32,Augnste,Memel,BRISTOL,—500 pcs,,,,1874,2,5,1874,False,"Augnste @ Memel,—500 pcs. timber, 573 pcs. deals, 22 pcs. deal ends, 6 fms. lathwood, J. T. Salvesen & Co.",SMALL_MULTI_SPLIT,True,Emily Lowther
"1. p. 6 a╠Ç 8 - May 2 1874 - Imports of Timber, &c. - Timber Trades Journal Vol. 2 1875_p002.txt",52,Sangvid,Christiansand,BO'NESS,"—3,600 props",J,,,1874,2,5,1874,False,"Sangvid @ Christiansand,—3,600 props, J. Denholm.",SMALL_MULTI_SPLIT,True,Sangvid
"1. p. 6 a╠Ç 8 - May 2 1874 - Imports of Timber, &c. - Timber Trades Journal Vol. 2 1875_p002.txt",52,Andrea,Christiania,BO'NESS,"—4,946 props",J,,,1874,2,5,1874,False,"Andrea @ Christiania,—4,946 props, J. T. Salvesen & Co.",SMALL_MULTI_SPLIT,True,Sangvid
"1. p. 6 a╠Ç 8 - May 2 1874 - Imports of Timber, &c. - Timber Trades Journal Vol. 2 1875_p002.txt",52,Proven,Falkenburg,BO'NESS,"—8,304 props",Love & Stewart,,,1874,2,5,1874,False,"Proven @ Falkenburg,—8,304 props, Love & Stewart.",SMALL_MULTI_SPLIT,True,Sangvid
"1. p. 6 a╠Ç 8 - May 2 1874 - Imports of Timber, &c. - Timber Trades Journal Vol. 2 1875_p002.txt",52,Bore,Christiansand,BO'NESS,"—6,000 props",J,,,1874,2,5,1874,False,"Bore @ Christiansand,—6,000 props, J. Denholm.",SMALL_MULTI_SPLIT,True,Sangvid
"10. 152-155 - September 4 1875 - Imports Timber, &c. - Timber Trades Journal Vol. 3 1875_p003.txt",14,Allegro,Stockholm,CURRENT PRICES,—10 fms,,,,1875,4,9,1875,True,"Allegro (s) @ Stockholm,—10 fms. firewood, 1,826 billets, 23 c. deals, &c., Cammel.",SMALL_MULTI_SPLIT,True,Allegro
"10. 152-155 - September 4 1875 - Imports Timber, &c. - Timber Trades Journal Vol. 3 1875_p003.txt",14,Orlando,Cronstadt,CURRENT PRICES,"—1,500 rickers, 1",000 pcs,,,1875,4,9,1875,True,"Orlando (s) @ Cronstadt,—1,500 rickers, 1,000 pcs.",SMALL_MULTI_SPLIT,True,Allegro
"10. 152-155 - September 4 1875 - Imports Timber, &c. - Timber Trades Journal Vol. 3 1875_p003.txt",14,"lathwood, Marsden",Cronstadt,CURRENT PRICES,—3 c,,,,1875,4,9,1875,True,"lathwood, Marsden (s) @ Cronstadt,—3 c. deals, &c., Brownlow.",SMALL_MULTI_SPLIT,True,Allegro
"10. 152-155 - September 4 1875 - Imports Timber, &c. - Timber Trades Journal Vol. 3 1875_p003.txt",16,Oxford,Cronstadt,CURRENT PRICES,"—1,396 rickers, 2",900 pcs,,,1875,4,9,1875,True,"Oxford (s) @ Cronstadt,—1,396 rickers, 2,900 pcs. lathwood, 62 c. deals, 17 c. battens, Bailey.",SMALL_MULTI_SPLIT,True,Oxford
"10. 152-155 - September 4 1875 - Imports Timber, &c. - Timber Trades Journal Vol. 3 1875_p003.txt",16,Angelo,Christiania,CURRENT PRICES,&c,,,,1875,4,9,1875,True,"Angelo (s) @ Christiania, &c.,—264 c. battens, &c., Wilson.",SMALL_MULTI_SPLIT,True,Oxford
"10. 152-155 - September 4 1875 - Imports Timber, &c. - Timber Trades Journal Vol. 3 1875_p003.txt",16,Sirocco,Quebec,CURRENT PRICES,—738 pcs,,,,1875,4,9,1875,False,"Sirocco @ Quebec,—738 pcs. timber, 36 c. staves, 88 c. deals, &c., Burstall.",SMALL_MULTI_SPLIT,True,Oxford
"10. 152-155 - September 4 1875 - Imports Timber, &c. - Timber Trades Journal Vol. 3 1875_p003.txt",20,Margaret,Quebec,BRISTOL,—1,102 pcs,,,1875,4,9,1875,False,"Margaret @ Quebec,—1,102 pcs. timber, 1,906 deals and ends, 21 cords lathwood, B. C. Taylor & Co. Elizabeth M.",SMALL_MULTI_SPLIT,True,Margaret
"10. 152-155 - September 4 1875 - Imports Timber, &c. - Timber Trades Journal Vol. 3 1875_p003.txt",20,Cook,Calais,BRISTOL,U,,,,1875,4,9,1875,False,"Cook @ Calais, U. S.,—15,400 pcs. lathwood, Barnes.",SMALL_MULTI_SPLIT,True,Margaret
"10. 152-155 - September 4 1875 - Imports Timber, &c. - Timber Trades Journal Vol. 3 1875_p003.txt",20,Ida,Quebec,BRISTOL,"—10,793 deals",&c,,,1875,4,9,1875,False,"Ida @ Quebec,—10,793 deals, &c., 1,200 deals, 21 cords lathwood, Order.",SMALL_MULTI_SPLIT,True,Margaret
"10. 152-155 - September 4 1875 - Imports Timber, &c. - Timber Trades Journal Vol. 3 1875_p003.txt",24,Alpheld,Burea,BRISTOL,—16,780 pcs,,,1875,4,9,1875,False,"Alpheld @ Burea,—16,780 pcs. deals, battens, and boards, R. Wade, Sons, & Co.",SMALL_MULTI_SPLIT,True,Alpheld
"10. 152-155 - September 4 1875 - Imports Timber, &c. - Timber Trades Journal Vol. 3 1875_p003.txt",24,Mentor,Kotka,BRISTOL,—13,082 pcs,,,1875,4,9,1875,False,"Mentor @ Kotka,—13,082 pcs. deals, &c., J. Rhodes & Co.",SMALL_MULTI_SPLIT,True,Alpheld
"10. 152-155 - September 4 1875 - Imports Timber, &c. - Timber Trades Journal Vol. 3 1875_p003.txt",24,Albert Newman,Darien,BRISTOL,—153 pcs,,,,1875,4,9,1875,False,"Albert Newman @ Darien,—153 pcs. hewn pitch pine timber, 375 pcs. sawn pitch pine timber, 934 pcs. pitch pine planks, Harrison & Singleton.",SMALL_MULTI_SPLIT,True,Alpheld
"10. 152-155 - September 4 1875 - Imports Timber, &c. - Timber Trades Journal Vol. 3 1875_p003.txt",26,Gratia,Pensacola,BRISTOL,—756 pcs,,,,1875,4,9,1875,False,"Gratia @ Pensacola,—756 pcs. pitch pine timber, 228 pcs. pitch pine deal, T. Walker & Co.; 2 pcs. timber, 950 pcs. oak stavee, 20 pcs. cedar, J. H. Swenson.",SMALL_MULTI_SPLIT,True,Gratia
"10. 152-155 - September 4 1875 - Imports Timber, &c. - Timber Trades Journal Vol. 3 1875_p003.txt",26,Caroline,Stettin,BRISTOL,—178 pcs,,,,1875,4,9,1875,False,"Caroline @ Stettin, —178 pcs. oak timber, 74 pcs. fir timber, Pickford & Co.",SMALL_MULTI_SPLIT,True,Gratia
"10. 152-155 - September 4 1875 - Imports Timber, &c. - Timber Trades Journal Vol. 3 1875_p004.txt",20,Bethel,Sandefjord,GREENOCK,—105 loads props,Lassoodie Colly,,,1875,4,9,1875,False,"Bethel @ Sandefjord,—105 loads props, Lassoodie Colly.",SMALL_MULTI_SPLIT,True,Bethel
"10. 152-155 - September 4 1875 - Imports Timber, &c. - Timber Trades Journal Vol. 3 1875_p004.txt",20,Arken,Ronnergen,GREENOCK,"—1,785 props",Lochgelly Iron Co,,,1875,4,9,1875,False,"Arken @ Ronnergen,—1,785 props, Lochgelly Iron Co.",SMALL_MULTI_SPLIT,True,Bethel
"10. 152-155 - September 4 1875 - Imports Timber, &c. - Timber Trades Journal Vol. 3 1875_p004.txt",20,Speculation,Sandefjord,GREENOCK,—79 loads props,Halbeath Coal Co,,,1875,4,9,1875,False,"Speculation @ Sandefjord,—79 loads props, Halbeath Coal Co.",SMALL_MULTI_SPLIT,True,Bethel
"10. 152-155 - September 4 1875 - Imports Timber, &c. - Timber Trades Journal Vol. 3 1875_p004.txt",20,Helga,Riga,GREENOCK,—240 loads deals,Blelloch & Son,,,1875,4,9,1875,False,"Helga @ Riga,—240 loads deals, Blelloch & Son.",SMALL_MULTI_SPLIT,True,Bethel
"10. 153-157 - September 1 1877 - Imports of Timber, &c. - Timber Trades Journal Vol. 5 1877_p003.txt",8,Anna,Torefors,SOUND LIST,"—19,002 battens and boards",Bennetts & Co,,,1877,1,9,1877,False,"Anna @ Torefors,—19,002 battens and boards, Bennetts & Co.",SMALL_MULTI_SPLIT,True,Anna
"10. 153-157 - September 1 1877 - Imports of Timber, &c. - Timber Trades Journal Vol. 5 1877_p003.txt",8,Annie,Riga,SOUND LIST,"—800 sawn, 10,598 sleeper blocks",Price & Co,,,1877,1,9,1877,True,"Annie (s) @ Riga,—800 sawn, 10,598 sleeper blocks, Price & Co.",SMALL_MULTI_SPLIT,True,Anna
"10. 153-157 - September 1 1877 - Imports of Timber, &c. - Timber Trades Journal Vol. 5 1877_p003.txt",8,Bertha,Danzig,SOUND LIST,—770 pcs,,,,1877,1,9,1877,False,"Bertha @ Danzig,—770 pcs. fir timber, 507 pcs. lathwood, Price & Co.",SMALL_MULTI_SPLIT,True,Anna
"10. 153-157 - September 1 1877 - Imports of Timber, &c. - Timber Trades Journal Vol. 5 1877_p003.txt",8,Clara,Archangel,SOUND LIST,"—8,539 deals and ends",Bennetts & Co,,,1877,1,9,1877,False,"Clara @ Archangel,—8,539 deals and ends, Bennetts & Co.",SMALL_MULTI_SPLIT,True,Anna
"10. 153-157 - September 1 1877 - Imports of Timber, &c. - Timber Trades Journal Vol. 5 1877_p003.txt",13,Horinghorn,Sundswall,SOUND LIST,"—13,131 pit props",Order,,,1877,1,9,1877,False,"Horinghorn @ Sundswall,—13,131 pit props, Order. battens, Wm. Southern & Son.",SMALL_MULTI_SPLIT,True,Horinghorn
"10. 153-157 - September 1 1877 - Imports of Timber, &c. - Timber Trades Journal Vol. 5 1877_p003.txt",13,Mercury,Nyvik,SOUND LIST,—quantity of deals and battens,2 fms,,,1877,1,9,1877,False,"Mercury @ Nyvik,—quantity of deals and battens, 2 fms. firewood, Order.",SMALL_MULTI_SPLIT,True,Horinghorn
"10. 153-157 - September 1 1877 - Imports of Timber, &c. - Timber Trades Journal Vol. 5 1877_p003.txt",13,Anna,Archangel,SOUND LIST,"—6,657 deals, battens, and ends",J,,,1877,1,9,1877,False,"Anna @ Archangel,—6,657 deals, battens, and ends, J. P. Sword.",SMALL_MULTI_SPLIT,True,Horinghorn
"10. 153-157 - September 1 1877 - Imports of Timber, &c. - Timber Trades Journal Vol. 5 1877_p003.txt",13,Industrie,Nyvik,SOUND LIST,—quantity of deals and battens,J,,,1877,1,9,1877,False,"Industrie @ Nyvik,—quantity of deals and battens, J. P. Sword.",SMALL_MULTI_SPLIT,True,Horinghorn
"10. 153-157 - September 1 1877 - Imports of Timber, &c. - Timber Trades Journal Vol. 5 1877_p003.txt",16,Skibsvoerftet,Laurvig,SOUND LIST,—473 pcs,,,,1877,1,9,1877,False,"Skibsvoerftet @ Laurvig,—473 pcs. timber, 409 pcs. poles, 1,615 pcs. props, W. Southern & Son.",SMALL_MULTI_SPLIT,True,Skibsvoerftet
"10. 153-157 - September 1 1877 - Imports of Timber, &c. - Timber Trades Journal Vol. 5 1877_p003.txt",16,Marianne Bertha,Memel,SOUND LIST,"— 3,920 battens",W,,,1877,1,9,1877,False,"Marianne Bertha @ Memel,— 3,920 battens, W. Southern & Son. Borries, Craig, & Co.",SMALL_MULTI_SPLIT,True,Skibsvoerftet
"10. 153-157 - September 1 1877 - Imports of Timber, &c. - Timber Trades Journal Vol. 5 1877_p003.txt",16,Stella,Gothenburg,SOUND LIST,—8,565 pcs,,,1877,1,9,1877,False,"Stella @ Gothenburg,—8,565 pcs. pit props, Order.",SMALL_MULTI_SPLIT,True,Skibsvoerftet
"10. 153-157 - September 1 1877 - Imports of Timber, &c. - Timber Trades Journal Vol. 5 1877_p003.txt",16,Marie,Nyvik,SOUND LIST,—148,500 pcs,,,1877,1,9,1877,False,"Marie @ Nyvik,—148,500 pcs. staves, 1,192 pcs. deals, Order.",SMALL_MULTI_SPLIT,True,Skibsvoerftet
"10. 153-157 - September 1 1877 - Imports of Timber, &c. - Timber Trades Journal Vol. 5 1877_p005.txt",6,Amalie,Kopmansholmen,BO'NESS,—331 pcs,,,,1877,1,9,1877,False,"Amalie @ Kopmansholmen,—331 pcs. wainscot, 185 pieces fir timber, Order.",SMALL_MULTI_SPLIT,True,Amalie
"10. 153-157 - September 1 1877 - Imports of Timber, &c. - Timber Trades Journal Vol. 5 1877_p005.txt",6,Germania,Memel,BO'NESS,—331 pcs,,,,1877,1,9,1877,False,"Germania @ Memel,—331 pcs. wainscot, 185 pieces fir timber, 200 deals, 9 fms. lathwood, Mitchell, Thomson, & Co.",SMALL_MULTI_SPLIT,True,Amalie
"10. 153-157 - September 1 1877 - Imports of Timber, &c. - Timber Trades Journal Vol. 5 1877_p005.txt",6,Elise,Tonsberg,BO'NESS,"—5,467 props, Madsen, Borck",& Co,,,1877,1,9,1877,False,"Elise @ Tonsberg,—5,467 props, Madsen, Borck, & Co.",SMALL_MULTI_SPLIT,True,Amalie
"10. p. 146-149 - September 5 1874 - Imports of Timber, &c. - Timber Trades Journal Vol. 2 1875_p003.txt",6,Agawtyr,Quebec,LIVERPOOL,—527 pcs,,,,1874,5,9,1874,False,"Agawtyr @ Quebec,—527 pcs. timber, 126 c. deals, &c., Johnson.",SMALL_MULTI_SPLIT,True,Agawtyr
"10. p. 146-149 - September 5 1874 - Imports of Timber, &c. - Timber Trades Journal Vol. 2 1875_p003.txt",6,Ostsee,Soderhamn,LIVERPOOL,—92 c,,,,1874,5,9,1874,False,"Ostsee @ Soderhamn,—92 c. deals, &c., Winter.",SMALL_MULTI_SPLIT,True,Agawtyr
"10. p. 146-149 - September 5 1874 - Imports of Timber, &c. - Timber Trades Journal Vol. 2 1875_p003.txt",6,Aristides,Sundswall,LIVERPOOL,—545 pcs,,,,1874,5,9,1874,False,"Aristides @ Sundswall,—545 pcs. timber, 13 c. deals, &c., Winter.",SMALL_MULTI_SPLIT,True,Agawtyr
"10. p. 146-149 - September 5 1874 - Imports of Timber, &c. - Timber Trades Journal Vol. 2 1875_p003.txt",6,Uno,Wyborg,LIVERPOOL,—49 c,,,,1874,5,9,1874,False,"Uno @ Wyborg,—49 c. deals, &c., Steweni.",SMALL_MULTI_SPLIT,True,Agawtyr
"10. p. 146-149 - September 5 1874 - Imports of Timber, &c. - Timber Trades Journal Vol. 2 1875_p003.txt",6,Lofoten,Archangel,LIVERPOOL,— 51 c,,,,1874,5,9,1874,False,"Lofoten @ Archangel,— 51 c. deals, &c., Brown.",SMALL_MULTI_SPLIT,True,Agawtyr
"10. p. 146-149 - September 5 1874 - Imports of Timber, &c. - Timber Trades Journal Vol. 2 1875_p003.txt",7,Triton,Gillsta,LIVERPOOL,—71c,,,,1874,5,9,1874,False,"Triton @ Gillsta,—71c. battens, &c., Steweni.",SMALL_MULTI_SPLIT,True,Triton
"10. p. 146-149 - September 5 1874 - Imports of Timber, &c. - Timber Trades Journal Vol. 2 1875_p003.txt",7,Flos,Bjorneborg,LIVERPOOL,—140 c,,,,1874,5,9,1874,False,"Flos @ Bjorneborg,—140 c. deals, &c., lathwood, Briggs.",SMALL_MULTI_SPLIT,True,Triton
"10. p. 146-149 - September 5 1874 - Imports of Timber, &c. - Timber Trades Journal Vol. 2 1875_p003.txt",7,Kaitaiso,Arendal,LIVERPOOL,—137 pcs,,,,1874,5,9,1874,False,"Kaitaiso @ Arendal,—137 pcs. props, Haagensen.",SMALL_MULTI_SPLIT,True,Triton
"10. p. 146-149 - September 5 1874 - Imports of Timber, &c. - Timber Trades Journal Vol. 2 1875_p003.txt",7,Patria,Cronstadt,LIVERPOOL,—48 c,,,,1874,5,9,1874,False,"Patria @ Cronstadt,—48 c. deals, 100 c. deals, &c., Johnson.",SMALL_MULTI_SPLIT,True,Triton
"10. p. 146-149 - September 5 1874 - Imports of Timber, &c. - Timber Trades Journal Vol. 2 1875_p003.txt",7,Opgaaende Sve,Cronstadt,LIVERPOOL,—500 pcs,,,,1874,5,9,1874,False,"Opgaaende Sve @ Cronstadt,—500 pcs. lathwood, 750 rickers, 76 c. deals, Wilson.",SMALL_MULTI_SPLIT,True,Triton
"10. p. 146-149 - September 5 1874 - Imports of Timber, &c. - Timber Trades Journal Vol. 2 1875_p003.txt",14,Survey,Helsingfors,LIVERPOOL,—2,605 pcs,,,1874,5,9,1874,True,"Survey (s) @ Helsingfors,—2,605 pcs. lathwood, 700 rickers, 108 c. deals, &c., Wilson.",SMALL_MULTI_SPLIT,True,Survey
"10. p. 146-149 - September 5 1874 - Imports of Timber, &c. - Timber Trades Journal Vol. 2 1875_p003.txt",14,Ovington,Vefsen,LIVERPOOL,—324 c,,,,1874,5,9,1874,True,"Ovington (s) @ Vefsen,—324 c. deals, &c., Wilson.",SMALL_MULTI_SPLIT,True,Survey
"10. p. 146-149 - September 5 1874 - Imports of Timber, &c. - Timber Trades Journal Vol. 2 1875_p003.txt",14,Orrington,Wasa,LIVERPOOL,—91 pcs,,,,1874,5,9,1874,True,"Orrington (s) @ Wasa,—91 pcs. wood, Massey.",SMALL_MULTI_SPLIT,True,Survey
"10. p. 146-149 - September 5 1874 - Imports of Timber, &c. - Timber Trades Journal Vol. 2 1875_p003.txt",14,Johanna,La Plata,LIVERPOOL,"—101,040 staves",Simony,,,1874,5,9,1874,False,"Johanna @ La Plata,—101,040 staves, Simony.",SMALL_MULTI_SPLIT,True,Survey
"10. p. 146-149 - September 5 1874 - Imports of Timber, &c. - Timber Trades Journal Vol. 2 1875_p003.txt",14,Fennia,Wasa,LIVERPOOL,—91 pcs,,,,1874,5,9,1874,True,"Fennia (s) @ Wasa,—91 pcs. wood, Massey.",SMALL_MULTI_SPLIT,True,Survey
"10. p. 146-149 - September 5 1874 - Imports of Timber, &c. - Timber Trades Journal Vol. 2 1875_p003.txt",16,Ernst and Elise,Soroka,LIVERPOOL,—104 c,,,,1874,5,9,1874,False,"Ernst and Elise @ Soroka,—104 c. deals, &c., Winter.",SMALL_MULTI_SPLIT,True,Ernst and Elise
"10. p. 146-149 - September 5 1874 - Imports of Timber, &c. - Timber Trades Journal Vol. 2 1875_p003.txt",16,Eugenie,Pitea,LIVERPOOL,—35 c,,,,1874,5,9,1874,False,"Eugenie @ Pitea,—35 c. deals, &c., Granberg.",SMALL_MULTI_SPLIT,True,Ernst and Elise
"10. p. 146-149 - September 5 1874 - Imports of Timber, &c. - Timber Trades Journal Vol. 2 1875_p003.txt",16,Hero (s.),Christiania,LIVERPOOL,—341 pkgs,,,,1874,5,9,1874,False,"Hero (s.) @ Christiania,—341 pkgs. wood pulp, 64 c. boards, 74 c. battens, Wilson.",SMALL_MULTI_SPLIT,True,Ernst and Elise
"10. p. 146-149 - September 5 1874 - Imports of Timber, &c. - Timber Trades Journal Vol. 2 1875_p003.txt",16,Rolls (s.),Gothenburg,LIVERPOOL,—3,450 bdls,,,1874,5,9,1874,False,"Rolls (s.) @ Gothenburg,—3,450 bdls. laths, 400 bdls. wood pulp, 32",SMALL_MULTI_SPLIT,True,Ernst and Elise
"10. p. 146-149 - September 5 1874 - Imports of Timber, &c. - Timber Trades Journal Vol. 2 1875_p003.txt",23,India,Kotka,BRISTOL,"—9,896 deals",&c,,,1874,5,9,1874,True,"India (s) @ Kotka,—9,896 deals, &c., Barnes & Sons.",SMALL_MULTI_SPLIT,True,India
"10. p. 146-149 - September 5 1874 - Imports of Timber, &c. - Timber Trades Journal Vol. 2 1875_p003.txt",23,Martha Cobb,Cronstadt,BRISTOL,"—21,887 deals",&c,,,1874,5,9,1874,False,"Martha Cobb @ Cronstadt,—21,887 deals, &c., 662 planks, 1,063 pcs. timber, 1,876 deals, 10,619 staves, Barnes & Sons. St.",SMALL_MULTI_SPLIT,True,India
"10. p. 146-149 - September 5 1874 - Imports of Timber, &c. - Timber Trades Journal Vol. 2 1875_p003.txt",23,Louis,Cronstadt,BRISTOL,—8,983 pcs,,,1874,5,9,1874,False,"Louis @ Cronstadt,—8,983 pcs. deals, Barnes & Sons.",SMALL_MULTI_SPLIT,True,India
"10. p. 146-149 - September 5 1874 - Imports of Timber, &c. - Timber Trades Journal Vol. 2 1875_p003.txt",27,Edith,Harburg,BRISTOL,—3,052 pcs,,,1874,5,9,1874,False,"Edith @ Harburg,—3,052 pcs. pit props, Richtering Bros.",SMALL_MULTI_SPLIT,True,Edith
"10. p. 146-149 - September 5 1874 - Imports of Timber, &c. - Timber Trades Journal Vol. 2 1875_p003.txt",27,Mimer,Archangel,BRISTOL,—8,275 pcs,,,1874,5,9,1874,False,"Mimer @ Archangel,—8,275 pcs. deals and battens, Order.",SMALL_MULTI_SPLIT,True,Edith
"10. p. 146-149 - September 5 1874 - Imports of Timber, &c. - Timber Trades Journal Vol. 2 1875_p003.txt",27,Spica,Memel,BRISTOL,—4,580 pcs,,,1874,5,9,1874,False,"Spica @ Memel,—4,580 pcs. deals and ends, 841 pcs. mining timber, 644 pcs. square timber, Order.",SMALL_MULTI_SPLIT,True,Edith
"10. p. 146-149 - September 5 1874 - Imports of Timber, &c. - Timber Trades Journal Vol. 2 1875_p003.txt",29,Sandra,Wyborg,BRISTOL,—5,752 pcs,,,1874,5,9,1874,False,"Sandra @ Wyborg,—5,752 pcs. deals and battens, Order.",SMALL_MULTI_SPLIT,True,Sandra
"10. p. 146-149 - September 5 1874 - Imports of Timber, &c. - Timber Trades Journal Vol. 2 1875_p003.txt",29,Christine,Memel,BRISTOL,—3,205 pcs,,,1874,5,9,1874,False,"Christine @ Memel,—3,205 pcs. deals and battens, E. Wood & Co.",SMALL_MULTI_SPLIT,True,Sandra
"10. p. 146-149 - September 5 1874 - Imports of Timber, &c. - Timber Trades Journal Vol. 2 1875_p003.txt",29,Huntley Berner,Wyborg,BRISTOL,—23,930 pcs,,,1874,5,9,1874,False,"Huntley Berner @ Wyborg,—23,930 pcs. deals, battens, and boards, Harrison & Singleton.",SMALL_MULTI_SPLIT,True,Sandra
"10. p. 146-149 - September 5 1874 - Imports of Timber, &c. - Timber Trades Journal Vol. 2 1875_p003.txt",35,George Howard,Brevig,BRISTOL,—a full cargo props and mining timber,Order,,,1874,5,9,1874,False,"George Howard @ Brevig,—a full cargo props and mining timber, Order.",SMALL_MULTI_SPLIT,True,George Howard
"10. p. 146-149 - September 5 1874 - Imports of Timber, &c. - Timber Trades Journal Vol. 2 1875_p003.txt",35,Petronelle,Sundswall,BRISTOL,—14,610 pcs,,,1874,5,9,1874,False,"Petronelle @ Sundswall,—14,610 pcs. boards, Order.",SMALL_MULTI_SPLIT,True,George Howard
"10. p. 146-149 - September 5 1874 - Imports of Timber, &c. - Timber Trades Journal Vol. 2 1875_p003.txt",35,Emilie,Helsingfors,BRISTOL,—13,918 pcs,,,1874,5,9,1874,False,"Emilie @ Helsingfors,—13,918 pcs. deals, battens, and boards, Order.",SMALL_MULTI_SPLIT,True,George Howard
"10. p. 146-149 - September 5 1874 - Imports of Timber, &c. - Timber Trades Journal Vol. 2 1875_p003.txt",35,Elizabeth,Brevig,BRISTOL,—a full cargo mining timber,C,,,1874,5,9,1874,False,"Elizabeth @ Brevig,—a full cargo mining timber, C. Neilson & Co.",SMALL_MULTI_SPLIT,True,George Howard
"10. p. 146-149 - September 5 1874 - Imports of Timber, &c. - Timber Trades Journal Vol. 2 1875_p004.txt",25,Telegraph,Pensacola,DUNDEE,—393 pcs,,,,1874,5,9,1874,False,"Telegraph @ Pensacola, —393 pcs. pitch pine, 400 deals, W. Donaldson.",SMALL_MULTI_SPLIT,True,Telegraph
"10. p. 146-149 - September 5 1874 - Imports of Timber, &c. - Timber Trades Journal Vol. 2 1875_p004.txt",25,Verona,Cronstadt,DUNDEE,"—1,792 rickers, 69 loads lathwood",Quosbarth & Co,,,1874,5,9,1874,False,"Verona @ Cronstadt, —1,792 rickers, 69 loads lathwood, Quosbarth & Co.",SMALL_MULTI_SPLIT,True,Telegraph
"10. p. 146-149 - September 5 1874 - Imports of Timber, &c. - Timber Trades Journal Vol. 2 1875_p004.txt",25,Bride,Cronstadt,DUNDEE,—268 pcs,,,,1874,5,9,1874,False,"Bride @ Cronstadt, —268 pcs. fir, 2 hickory, 20 deals, Order.",SMALL_MULTI_SPLIT,True,Telegraph
"10. p. 146-149 - September 5 1874 - Imports of Timber, &c. - Timber Trades Journal Vol. 2 1875_p004.txt",25,Alexander Hall,Quebec,DUNDEE,—4,593 pcs,,,1874,5,9,1874,False,"Alexander Hall @ Quebec, —4,593 pcs. oak, 67 birch, 2 ash, 1 walnut, 25 elm, 1,200 deals, Order.",SMALL_MULTI_SPLIT,True,Telegraph
"10. p. 146-149 - September 5 1874 - Imports of Timber, &c. - Timber Trades Journal Vol. 2 1875_p004.txt",48,Elizabeth,Danzig,GREENOCK,—644 pcs,,,,1874,5,9,1874,False,"Elizabeth @ Danzig, —644 pcs. timber, 776 pcs. lathwood, A. Thomson & Nephews; 1,260 pcs. oak spokes, Order.",SMALL_MULTI_SPLIT,True,Elizabeth
"10. p. 146-149 - September 5 1874 - Imports of Timber, &c. - Timber Trades Journal Vol. 2 1875_p004.txt",48,Adolph Werner,Riga,GREENOCK,—256 pcs,,,,1874,5,9,1874,False,"Adolph Werner @ Riga, —256 pcs. timber, 1,563 deals, A. Thomson & Nephews.",SMALL_MULTI_SPLIT,True,Elizabeth
"10. p. 146-149 - September 5 1874 - Imports of Timber, &c. - Timber Trades Journal Vol. 2 1875_p004.txt",48,Peter Baben,Danzig,GREENOCK,—345 pcs,,,,1874,5,9,1874,False,"Peter Baben @ Danzig, —345 pcs. fir timber, a quantity of lathwood, 1,968 staves, Order.",SMALL_MULTI_SPLIT,True,Elizabeth
"10. p. 146-149 - September 5 1874 - Imports of Timber, &c. - Timber Trades Journal Vol. 2 1875_p004.txt",60,Melia,Sandiefiord,BO'NESS,"—3,000 pit wood",Denholm and Co,,,1874,5,9,1874,False,"Melia @ Sandiefiord, —3,000 pit wood, Denholm and Co.",SMALL_MULTI_SPLIT,True,Melia
"10. p. 146-149 - September 5 1874 - Imports of Timber, &c. - Timber Trades Journal Vol. 2 1875_p004.txt",60,Reform,Christiansand,BO'NESS,"—2,500 pit wood",Denholm and Co,,,1874,5,9,1874,False,"Reform @ Christiansand, —2,500 pit wood, Denholm and Co.",SMALL_MULTI_SPLIT,True,Melia
"10. p. 146-149 - September 5 1874 - Imports of Timber, &c. - Timber Trades Journal Vol. 2 1875_p004.txt",60,Copernicus,Christiansand,BO'NESS,"—21,347 pit wood",Gulstadt and Co,,,1874,5,9,1874,False,"Copernicus @ Christiansand, —21,347 pit wood, Gulstadt and Co.",SMALL_MULTI_SPLIT,True,Melia
"10. p. 146-149 - September 5 1874 - Imports of Timber, &c. - Timber Trades Journal Vol. 2 1875_p004.txt",60,Mary Jane,Christiansand,BO'NESS,"—3,847 pit wood",Gulstadt and Co,,,1874,5,9,1874,False,"Mary Jane @ Christiansand, —3,847 pit wood, Gulstadt and Co.",SMALL_MULTI_SPLIT,True,Melia
"11. 171-173 - September 15 1877 - Imports of Timber, &c. - Timber Trades Journal Vol. 5 1877_p002.txt",4,Carrie Delap,Rangoon,DUNDEE,— 72 planks,Cox Bros,,,1877,15,9,1877,False,"Carrie Delap @ Rangoon,— 72 planks, Cox Bros.",SMALL_MULTI_SPLIT,True,Carrie Delap
"11. 171-173 - September 15 1877 - Imports of Timber, &c. - Timber Trades Journal Vol. 5 1877_p002.txt",4,Hippolyta,Rangoon,DUNDEE,—53 planks,Heap & Son,,,1877,15,9,1877,False,"Hippolyta @ Rangoon,—53 planks, Heap & Son.",SMALL_MULTI_SPLIT,True,Carrie Delap
"11. 171-173 - September 15 1877 - Imports of Timber, &c. - Timber Trades Journal Vol. 5 1877_p002.txt",4,Carnarvonshire,Rangoon,DUNDEE,"—450 planks, 110 ventilators",Order,,,1877,15,9,1877,False,"Carnarvonshire @ Rangoon,—450 planks, 110 ventilators, Order.",SMALL_MULTI_SPLIT,True,Carrie Delap
"11. 171-173 - September 15 1877 - Imports of Timber, &c. - Timber Trades Journal Vol. 5 1877_p002.txt",4,Grampian,Rangoon,DUNDEE,—400 planks,Order,,,1877,15,9,1877,False,"Grampian @ Rangoon,—400 planks, Order.",SMALL_MULTI_SPLIT,True,Carrie Delap
"11. 171-173 - September 15 1877 - Imports of Timber, &c. - Timber Trades Journal Vol. 5 1877_p002.txt",4,Benguela,Africa,DUNDEE,W,,,,1877,15,9,1877,True,"Benguela (s) @ Africa, W.C.,—200 pcs. ebony.",SMALL_MULTI_SPLIT,True,Carrie Delap
"11. 171-173 - September 15 1877 - Imports of Timber, &c. - Timber Trades Journal Vol. 5 1877_p002.txt",4,Vandyck,Bahia,DUNDEE,—93 logs boxwood,,,,1877,15,9,1877,True,"Vandyck (s) @ Bahia,—93 logs boxwood.",SMALL_MULTI_SPLIT,True,Carrie Delap
"11. 171-173 - September 15 1877 - Imports of Timber, &c. - Timber Trades Journal Vol. 5 1877_p003.txt",19,Joequinna,Tusket,DUNDEE,N,,,,1877,15,9,1877,False,"Joequinna @ Tusket, N.S.—333,509 ft. deals, 5,139 ft. deal ends, 5,672 deck planks, 7,785 scantlings, 3,180 pickets, Colin S. Cavid & Co.",SMALL_MULTI_SPLIT,True,Joequinna
"11. 171-173 - September 15 1877 - Imports of Timber, &c. - Timber Trades Journal Vol. 5 1877_p003.txt",19,Mexico,Chiltpec,DUNDEE,—456 logs,75 pcs,,,1877,15,9,1877,False,"Mexico @ Chiltpec,—456 logs, 75 pcs. mahogany, Edmiston & Mitchell; 15 logs, 20 log ends mahogany, The Master.",SMALL_MULTI_SPLIT,True,Joequinna
"11. 171-173 - September 15 1877 - Imports of Timber, &c. - Timber Trades Journal Vol. 5 1877_p003.txt",24,Lady Allan,Quebec,GREENOCK,"—1,882 squares, 1",529 pcs,,,1877,15,9,1877,False,"Lady Allan @ Quebec,—1,882 squares, 1,529 pcs. deal ends, Order.",SMALL_MULTI_SPLIT,True,Lady Allan
"11. 171-173 - September 15 1877 - Imports of Timber, &c. - Timber Trades Journal Vol. 5 1877_p003.txt",24,Portlaw,Quebec,GREENOCK,—159 pcs,,,,1877,15,9,1877,False,"Portlaw @ Quebec,—159 pcs. oak, 112 pcs. elm, 125 pcs. red pine, 493 pcs. square white pine, 4,264 pcs. spruce deals, 3,586 pcs. pipe staves, 7,200 W.O.W.I. oak, Edmiston & Mitchell.",SMALL_MULTI_SPLIT,True,Lady Allan
"11. 171-173 - September 15 1877 - Imports of Timber, &c. - Timber Trades Journal Vol. 5 1877_p003.txt",59,Success,Riga,BO'NESS,"—10,198 sleepers, 1,200 halves, 46 loads mining timber, 400 bundles laths, 188 loads props, 478 loads battens",Order,,,1877,15,9,1877,False,"Success @ Riga,—10,198 sleepers, 1,200 halves, 46 loads mining timber, 400 bundles laths, 188 loads props, 478 loads battens, Order.",SMALL_MULTI_SPLIT,True,Success
"11. 171-173 - September 15 1877 - Imports of Timber, &c. - Timber Trades Journal Vol. 5 1877_p003.txt",59,Bjorn,Christiania,BO'NESS,"—7,800 battens, Mitchell, Thomson",& Co,,,1877,15,9,1877,False,"Bjorn @ Christiania,—7,800 battens, Mitchell, Thomson, & Co.",SMALL_MULTI_SPLIT,True,Success
"11. p. 169-172 - September 18 1875 - Imports of Timber, &c. - Timber Trades Journal Vol. 3 1875_p003.txt",8,Carl Oscar,Gothenburg,WICK,—20,353 pit props,,,1875,18,9,1875,False,"Carl Oscar @ Gothenburg,—20,353 pit props.",SMALL_MULTI_SPLIT,True,Carl Oscar
"11. p. 169-172 - September 18 1875 - Imports of Timber, &c. - Timber Trades Journal Vol. 3 1875_p003.txt",8,Janet Jazat,Gefle,WICK,"—6,736 deals and battens",A Hoo[?],,,1875,18,9,1875,False,"Janet Jazat @ Gefle,—6,736 deals and battens, A Hoo[?].",SMALL_MULTI_SPLIT,True,Carl Oscar
"11. p. 169-172 - September 18 1875 - Imports of Timber, &c. - Timber Trades Journal Vol. 3 1875_p003.txt",8,Jones,Gothenburg,WICK,"—9,713 pit props",Order,,,1875,18,9,1875,False,"Jones @ Gothenburg,—9,713 pit props, Order. San [?] stadt,—7,464 pcs. lathwood, Johnson.",SMALL_MULTI_SPLIT,True,Carl Oscar
"11. p. 169-172 - September 18 1875 - Imports of Timber, &c. - Timber Trades Journal Vol. 3 1875_p003.txt",8,17 di Mai,6,WICK,949 deals and battens,Hardy Bros,,,1875,18,9,1875,False,"17 di Mai @ 6,949 deals and battens, Hardy Bros.",SMALL_MULTI_SPLIT,True,Carl Oscar
"11. p. 169-172 - September 18 1875 - Imports of Timber, &c. - Timber Trades Journal Vol. 3 1875_p003.txt",17,Guildfax,Chatham,BRISTOL,N,,,,1875,18,9,1875,False,"Guildfax @ Chatham, N.B.,—18,743 deals. & Co.",SMALL_MULTI_SPLIT,True,Guildfax
"11. p. 169-172 - September 18 1875 - Imports of Timber, &c. - Timber Trades Journal Vol. 3 1875_p003.txt",17,Equator,Onega,BRISTOL,"—11,049 deals",&c,,,1875,18,9,1875,False,"Equator @ Onega,—11,049 deals, &c., T. Bar[nes]. stadt,—10,905 deals, &c., Taylor & Co.",SMALL_MULTI_SPLIT,True,Guildfax
"11. p. 169-172 - September 18 1875 - Imports of Timber, &c. - Timber Trades Journal Vol. 3 1875_p003.txt",17,Rosina,[?] deals,BRISTOL,"1,086 ends, 5",709 pcs,,,1875,18,9,1875,False,"Rosina @ [?] deals, 1,086 ends, 5,709 pcs. lathwood, Jones & Co.",SMALL_MULTI_SPLIT,True,Guildfax
"11. p. 169-172 - September 18 1875 - Imports of Timber, &c. - Timber Trades Journal Vol. 3 1875_p003.txt",21,Consul Parry,Soderhamn,BRISTOL,—14,386 fir deals,,,1875,18,9,1875,False,"Consul Parry @ Soderhamn,—14,386 fir deals. Son, & Co.",SMALL_MULTI_SPLIT,True,Consul Parry
"11. p. 169-172 - September 18 1875 - Imports of Timber, &c. - Timber Trades Journal Vol. 3 1875_p003.txt",21,; Fanny,Uleaborg,BRISTOL,—12,162 deals and battens,,,1875,18,9,1875,False,"; Fanny @ Uleaborg,—12,162 deals and battens.",SMALL_MULTI_SPLIT,True,Consul Parry
"11. p. 169-172 - September 18 1875 - Imports of Timber, &c. - Timber Trades Journal Vol. 3 1875_p003.txt",21,cock ; Emanuel,Fredrikstad,BRISTOL,"— 6,037 battens",[Order],,,1875,18,9,1875,False,"cock ; Emanuel @ Fredrikstad,— 6,037 battens, [Order]. Kotka,—5,754 deals and boards, J. Rhodes & Co. ; A[?] —3,737 battens, J. Walker & Co.",SMALL_MULTI_SPLIT,True,Consul Parry
"11. p. 169-172 - September 18 1875 - Imports of Timber, &c. - Timber Trades Journal Vol. 3 1875_p003.txt",21,; Sovereign,Soderhamn,BRISTOL,—13,169,,,1875,18,9,1875,False,"; Sovereign @ Soderhamn,—13,169",SMALL_MULTI_SPLIT,True,Consul Parry
"11. p. 169-172 - September 18 1875 - Imports of Timber, &c. - Timber Trades Journal Vol. 3 1875_p003.txt",21,Fanny,Uleaborg,BRISTOL,—12,162 deals and battens,,,1875,18,9,1875,False,"Fanny @ Uleaborg,—12,162 deals and battens.",SMALL_MULTI_SPLIT,True,Fanny
"11. p. 169-172 - September 18 1875 - Imports of Timber, &c. - Timber Trades Journal Vol. 3 1875_p003.txt",21,cock ; Emanuel,Fredrikstad,BRISTOL,"— 6,037 battens",[Order],,,1875,18,9,1875,False,"cock ; Emanuel @ Fredrikstad,— 6,037 battens, [Order]. Kotka,—5,754 deals and boards, J. Rhodes & Co. ; A[?] —3,737 battens, J. Walker & Co.",SMALL_MULTI_SPLIT,True,Fanny
"11. p. 169-172 - September 18 1875 - Imports of Timber, &c. - Timber Trades Journal Vol. 3 1875_p003.txt",21,; Sovereign,Soderhamn,BRISTOL,—13,169,,,1875,18,9,1875,False,"; Sovereign @ Soderhamn,—13,169",SMALL_MULTI_SPLIT,True,Fanny
"11. p. 169-172 - September 18 1875 - Imports of Timber, &c. - Timber Trades Journal Vol. 3 1875_p003.txt",25,Maria,Riga,BRISTOL,—6,900 fir deals and ends,,,1875,18,9,1875,False,"Maria @ Riga,—6,900 fir deals and ends.",SMALL_MULTI_SPLIT,True,Maria
"11. p. 169-172 - September 18 1875 - Imports of Timber, &c. - Timber Trades Journal Vol. 3 1875_p003.txt",25,& Singleton ; Jenny,Hudikswall,BRISTOL,"—17,717 boards",Order,,,1875,18,9,1875,False,"& Singleton ; Jenny @ Hudikswall,—17,717 boards, Order.",SMALL_MULTI_SPLIT,True,Maria
"11. p. 169-172 - September 18 1875 - Imports of Timber, &c. - Timber Trades Journal Vol. 3 1875_p003.txt",27,Ocean Mail,Helsingfors,BRISTOL,—12,304 deals,,,1875,18,9,1875,False,"Ocean Mail @ Helsingfors,—12,304 deals. Order.",SMALL_MULTI_SPLIT,True,Ocean Mail
"11. p. 169-172 - September 18 1875 - Imports of Timber, &c. - Timber Trades Journal Vol. 3 1875_p003.txt",27,Catherine Roberts,Skutskar,BRISTOL,—12,363 deals,,,1875,18,9,1875,False,"Catherine Roberts @ Skutskar,—12,363 deals. W. Dawbarn & Co.",SMALL_MULTI_SPLIT,True,Ocean Mail
"11. p. 169-172 - September 18 1875 - Imports of Timber, &c. - Timber Trades Journal Vol. 3 1875_p003.txt",27,; Laura,Memel,BRISTOL,—31,468 oak staves,,,1875,18,9,1875,False,"; Laura @ Memel,—31,468 oak staves. Co.",SMALL_MULTI_SPLIT,True,Ocean Mail
"11. p. 169-172 - September 18 1875 - Imports of Timber, &c. - Timber Trades Journal Vol. 3 1875_p003.txt",27,; Gitana,Gothenburg,BRISTOL,—8,491 bdls,,,1875,18,9,1875,True,"; Gitana (s) @ Gothenburg,—8,491 bdls. laths, 5,0[?]",SMALL_MULTI_SPLIT,True,Ocean Mail
"11. p. 169-172 - September 18 1875 - Imports of Timber, &c. - Timber Trades Journal Vol. 3 1875_p003.txt",38,Tobine,Sandefjord,BRISTOL,—3,472 battens,,,1875,18,9,1875,False,"Tobine @ Sandefjord,—3,472 battens.",SMALL_MULTI_SPLIT,True,Tobine
"11. p. 169-172 - September 18 1875 - Imports of Timber, &c. - Timber Trades Journal Vol. 3 1875_p003.txt",38,Gem,Drammen,BRISTOL,"—5,132 battens",J,,,1875,18,9,1875,False,"Gem @ Drammen,—5,132 battens, J. T. Salvesen. carshamn,—69 cut fathoms, 7ft.",SMALL_MULTI_SPLIT,True,Tobine
"11. p. 169-172 - September 18 1875 - Imports of Timber, &c. - Timber Trades Journal Vol. 3 1875_p003.txt",38,"lathwood, M[?] Pollux",Archangel,BRISTOL,"—5,451 deals and battens",[Order],,,1875,18,9,1875,False,"lathwood, M[?] Pollux @ Archangel,—5,451 deals and battens, [Order].",SMALL_MULTI_SPLIT,True,Tobine
"11. p. 169-172 - September 18 1875 - Imports of Timber, &c. - Timber Trades Journal Vol. 3 1875_p003.txt",38,Eleonore Von Florow,Athens,BRISTOL,—5,536 deals and Primula,,,1875,18,9,1875,False,"Eleonore Von Florow @ Athens,—5,536 deals and Primula",SMALL_MULTI_SPLIT,True,Tobine
"11. p. 169-172 - September 18 1875 - Imports of Timber, &c. - Timber Trades Journal Vol. 3 1875_p003.txt",38,"Eleonore Von Florow @ Athens,—5,536 deals and Primula",Fredrikstadt,BRISTOL,"—500,430 staves",A,,,1875,18,9,1875,False,"Eleonore Von Florow @ Athens,—5,536 deals and Primula @ Fredrikstadt,—500,430 staves, A. [?]",SMALL_MULTI_SPLIT,True,Tobine
"11. p. 169-172 - September 18 1875 - Imports of Timber, &c. - Timber Trades Journal Vol. 3 1875_p003.txt",59,Malvina,Gefle,BRISTOL,"—5,054 deals",Harrison & Singleton,,,1875,18,9,1875,False,"Malvina @ Gefle,—5,054 deals, Harrison & Singleton.",SMALL_MULTI_SPLIT,True,Malvina
"11. p. 169-172 - September 18 1875 - Imports of Timber, &c. - Timber Trades Journal Vol. 3 1875_p003.txt",59,Rosa,Drammen,BRISTOL,"—10,284 deals",Harrison & Singleton,,,1875,18,9,1875,False,"Rosa @ Drammen,—10,284 deals, Harrison & Singleton. Matthew F.",SMALL_MULTI_SPLIT,True,Malvina
"11. p. 169-172 - September 18 1875 - Imports of Timber, &c. - Timber Trades Journal Vol. 3 1875_p003.txt",59,Mauny,Gefle,BRISTOL,—[?] deals and ends,R,,,1875,18,9,1875,False,"Mauny @ Gefle,—[?] deals and ends, R. Wade, Sons, boards,—R. Wade, Sons.",SMALL_MULTI_SPLIT,True,Malvina
"11. p.163-166 - September 19 1874 - Imports of Timber, &c. - Timber Trades Journal Vol. 2 1875_p002.txt",7,Proteus,Quebec,LIVERPOOL,—4,034 pcs,,,1874,19,9,1874,False,"Proteus @ Quebec,—4,034 pcs. pine deals, 264 deal ends, 4,911 pcs. staves, Order.",SMALL_MULTI_SPLIT,True,Proteus
"11. p.163-166 - September 19 1874 - Imports of Timber, &c. - Timber Trades Journal Vol. 2 1875_p002.txt",7,Venancio,Cienfuegos,LIVERPOOL,"—328 logs mahogany, 317 spars",Zarsa & Co,,,1874,19,9,1874,False,"Venancio @ Cienfuegos,—328 logs mahogany, 317 spars, Zarsa & Co.",SMALL_MULTI_SPLIT,True,Proteus
"11. p.163-166 - September 19 1874 - Imports of Timber, &c. - Timber Trades Journal Vol. 2 1875_p002.txt",7,Demarara,Trieste,LIVERPOOL,—12,000 oak staves,,,1874,19,9,1874,True,"Demarara (s) @ Trieste,—12,000 oak staves.",SMALL_MULTI_SPLIT,True,Proteus
"11. p.163-166 - September 19 1874 - Imports of Timber, &c. - Timber Trades Journal Vol. 2 1875_p002.txt",7,Wentworth,St. Margaret's Bay,LIVERPOOL,—7,250 pcs,,,1874,19,9,1874,False,"Wentworth @ St. Margaret's Bay,—7,250 pcs. palings, Order.",SMALL_MULTI_SPLIT,True,Proteus
"11. p.163-166 - September 19 1874 - Imports of Timber, &c. - Timber Trades Journal Vol. 2 1875_p002.txt",10,Osmo,Tornea,LIVERPOOL,—9,147 pcs,,,1874,19,9,1874,False,"Osmo @ Tornea,—9,147 pcs. deals, &c., 631 pcs. timber, Order.",SMALL_MULTI_SPLIT,True,Osmo
"11. p.163-166 - September 19 1874 - Imports of Timber, &c. - Timber Trades Journal Vol. 2 1875_p002.txt",10,Celta,St. Domingo,LIVERPOOL,—500 pcs,,,,1874,19,9,1874,True,"Celta (s) @ St. Domingo,—500 pcs. mahogany, 102 logs satinwood, 1,009 pcs. lignum vitae, Chaloner & Co.",SMALL_MULTI_SPLIT,True,Osmo
"11. p.163-166 - September 19 1874 - Imports of Timber, &c. - Timber Trades Journal Vol. 2 1875_p002.txt",10,Conder,Curacoa,LIVERPOOL,—33 t,,,,1874,19,9,1874,False,"Conder @ Curacoa,—33 t. fustic, 39 t. lignum vitae, 26 t. logwood, Duranty & Co.",SMALL_MULTI_SPLIT,True,Osmo
"11. p.163-166 - September 19 1874 - Imports of Timber, &c. - Timber Trades Journal Vol. 2 1875_p002.txt",13,Cameron,Africa,LIVERPOOL,—865 billets ebony,Sundry Consignees,,,1874,19,9,1874,True,"Cameron (s) @ Africa,—865 billets ebony, Sundry Consignees.",SMALL_MULTI_SPLIT,True,Cameron
"11. p.163-166 - September 19 1874 - Imports of Timber, &c. - Timber Trades Journal Vol. 2 1875_p002.txt",13,Cassandra,Sundswall,LIVERPOOL,—2,225 pcs,,,1874,19,9,1874,False,"Cassandra @ Sundswall,—2,225 pcs. battens, 658 pcs. timber, Order.",SMALL_MULTI_SPLIT,True,Cameron
"11. p.163-166 - September 19 1874 - Imports of Timber, &c. - Timber Trades Journal Vol. 2 1875_p002.txt",13,Charlotte and Anna,Petersburg,LIVERPOOL,—7,386 pcs,,,1874,19,9,1874,False,"Charlotte and Anna @ Petersburg,—7,386 pcs. deals, 929 pcs. deal ends, 709 battens, Order.",SMALL_MULTI_SPLIT,True,Cameron
"11. p.163-166 - September 19 1874 - Imports of Timber, &c. - Timber Trades Journal Vol. 2 1875_p002.txt",17,Scandinavian,Quebec,LIVERPOOL,—4,059 pcs,,,1874,19,9,1874,True,"Scandinavian (s) @ Quebec,—4,059 pcs. deals, 690 pcs. oars, Sundry Consignees. T.",SMALL_MULTI_SPLIT,True,Scandinavian
"11. p.163-166 - September 19 1874 - Imports of Timber, &c. - Timber Trades Journal Vol. 2 1875_p002.txt",17,Smith,Parrsbro,LIVERPOOL,—11,122 pcs,,,1874,19,9,1874,False,"Smith @ Parrsbro,—11,122 pcs. deals, 856 pcs. ends, 4 pcs. scantling, 4,000 palings or pickets Vaughan, Bros., & Co.",SMALL_MULTI_SPLIT,True,Scandinavian
"11. p.163-166 - September 19 1874 - Imports of Timber, &c. - Timber Trades Journal Vol. 2 1875_p002.txt",17,Caledonia,Bangor,LIVERPOOL,—26,172 pcs,,,1874,19,9,1874,False,"Caledonia @ Bangor,—26,172 pcs. deals, Order.",SMALL_MULTI_SPLIT,True,Scandinavian
"11. p.163-166 - September 19 1874 - Imports of Timber, &c. - Timber Trades Journal Vol. 2 1875_p002.txt",25,Eastham,Quebec,LIVERPOOL,—543 pcs,,,,1874,19,9,1874,False,"Eastham @ Quebec,—543 pcs. timber, 78 c. deals, &c., Steweni. Dalton.",SMALL_MULTI_SPLIT,True,Eastham
"11. p.163-166 - September 19 1874 - Imports of Timber, &c. - Timber Trades Journal Vol. 2 1875_p002.txt",25,Franz & Erust,Archangel,LIVERPOOL,—69 c,,,,1874,19,9,1874,False,"Franz & Erust @ Archangel,—69 c. deals, &c., Winter.",SMALL_MULTI_SPLIT,True,Eastham
"11. p.163-166 - September 19 1874 - Imports of Timber, &c. - Timber Trades Journal Vol. 2 1875_p002.txt",25,Thomas Wilson,Riga,LIVERPOOL,—83 c,,,,1874,19,9,1874,True,"Thomas Wilson (s) @ Riga,—83 c. deals, 34 fms. lathwood, Wilson.",SMALL_MULTI_SPLIT,True,Eastham
"11. p.163-166 - September 19 1874 - Imports of Timber, &c. - Timber Trades Journal Vol. 2 1875_p002.txt",25,Lencottea,Stettin,LIVERPOOL,—267 pcs,,,,1874,19,9,1874,False,"Lencottea @ Stettin,—267 pcs. timber, Winter.",SMALL_MULTI_SPLIT,True,Eastham
"11. p.163-166 - September 19 1874 - Imports of Timber, &c. - Timber Trades Journal Vol. 2 1875_p002.txt",26,Condor,Skelleftea,LIVERPOOL,—11 c,,,,1874,19,9,1874,False,"Condor @ Skelleftea,—11 c. deals, &c., &c., Granberg. 94 pcs. timber, Johnson.",SMALL_MULTI_SPLIT,True,Ericsson.
"11. p.163-166 - September 19 1874 - Imports of Timber, &c. - Timber Trades Journal Vol. 2 1875_p002.txt",26,Atle,Sundswall,LIVERPOOL,—119 c,,,,1874,19,9,1874,False,"Atle @ Sundswall,—119 c. deals, &c., Steweni.",SMALL_MULTI_SPLIT,True,Ericsson.
"11. p.163-166 - September 19 1874 - Imports of Timber, &c. - Timber Trades Journal Vol. 2 1875_p002.txt",26,Orlaudo,Gothenburg,LIVERPOOL,—12 c,,,,1874,19,9,1874,True,"Orlaudo (s) @ Gothenburg,—12 c. battens, 570 pkgs. wood pulp, 350 doors, 19,251 pkgs. pit props, Wilson.",SMALL_MULTI_SPLIT,True,Ericsson.
"11. p.163-166 - September 19 1874 - Imports of Timber, &c. - Timber Trades Journal Vol. 2 1875_p002.txt",28,Carolina,Mem,LIVERPOOL,—39 c,,,,1874,19,9,1874,False,"Carolina @ Mem,—39 c. deals, &c., Bjufstrom.",SMALL_MULTI_SPLIT,True,Carolina
"11. p.163-166 - September 19 1874 - Imports of Timber, &c. - Timber Trades Journal Vol. 2 1875_p002.txt",28,Christopher Hage,Stockholm,LIVERPOOL,"—1,001 battens",Raahange,,,1874,19,9,1874,False,"Christopher Hage @ Stockholm,—1,001 battens, Raahange.",SMALL_MULTI_SPLIT,True,Carolina
"11. p.163-166 - September 19 1874 - Imports of Timber, &c. - Timber Trades Journal Vol. 2 1875_p002.txt",28,Onni,Wyburg,LIVERPOOL,46 c,,,,1874,19,9,1874,False,"Onni @ Wyburg, 46 c. deals, &c., Granberg.",SMALL_MULTI_SPLIT,True,Carolina
"11. p.163-166 - September 19 1874 - Imports of Timber, &c. - Timber Trades Journal Vol. 2 1875_p002.txt",28,Luvia,Helsingfor,LIVERPOOL,—33 c,,,,1874,19,9,1874,False,"Luvia @ Helsingfor,—33 c. deals, &c., 7,029 pcs. timber, Granberg.",SMALL_MULTI_SPLIT,True,Carolina
"11. p.163-166 - September 19 1874 - Imports of Timber, &c. - Timber Trades Journal Vol. 2 1875_p002.txt",28,Lina,Bjorueborg,LIVERPOOL,—51 deals,&c,,,1874,19,9,1874,False,"Lina @ Bjorueborg,—51 deals, &c., Granberg.",SMALL_MULTI_SPLIT,True,Carolina
"11. p.163-166 - September 19 1874 - Imports of Timber, &c. - Timber Trades Journal Vol. 2 1875_p003.txt",14,Aurora,Norkoping,BRISTOL,—8,229 pcs,,,1874,19,9,1874,False,"Aurora @ Norkoping,—8,229 pcs. deals, Order.",SMALL_MULTI_SPLIT,True,Aurora
"11. p.163-166 - September 19 1874 - Imports of Timber, &c. - Timber Trades Journal Vol. 2 1875_p003.txt",14,Longhurst,Riga,BRISTOL,—7,594 pcs,,,1874,19,9,1874,True,"Longhurst (s) @ Riga,—7,594 pcs. square sleepers, 656 [?] sleepers, a quantity of lathwood, Order.",SMALL_MULTI_SPLIT,True,Aurora
"11. p.163-166 - September 19 1874 - Imports of Timber, &c. - Timber Trades Journal Vol. 2 1875_p003.txt",14,Jannetze,[?] 12,BRISTOL,618 pcs,,,,1874,19,9,1874,False,"Jannetze @ [?] 12,618 pcs. boards, Order.",SMALL_MULTI_SPLIT,True,Aurora
"11. p.163-166 - September 19 1874 - Imports of Timber, &c. - Timber Trades Journal Vol. 2 1875_p003.txt",14,Bellona,Onega,BRISTOL,"—18,246 [?] battens and boards",May & Hassell,,,1874,19,9,1874,False,"Bellona @ Onega,—18,246 [?] battens and boards, May & Hassell.",SMALL_MULTI_SPLIT,True,Aurora
"11. p.163-166 - September 19 1874 - Imports of Timber, &c. - Timber Trades Journal Vol. 2 1875_p003.txt",24,Hilda,Wyburg,BRISTOL,"—8,592 battens and deals, Ferguson, Davidson",& Co,,,1874,19,9,1874,False,"Hilda @ Wyburg,—8,592 battens and deals, Ferguson, Davidson, & Co.",SMALL_MULTI_SPLIT,True,Hilda
"11. p.163-166 - September 19 1874 - Imports of Timber, &c. - Timber Trades Journal Vol. 2 1875_p003.txt",24,August,Memel,BRISTOL,"—12,370 oak staves",Y,,,1874,19,9,1874,False,"August @ Memel,—12,370 oak staves, Y. J. Pentland & Son.",SMALL_MULTI_SPLIT,True,Hilda
"11. p.163-166 - September 19 1874 - Imports of Timber, &c. - Timber Trades Journal Vol. 2 1875_p003.txt",24,Veritas,Wyborg,BRISTOL,"—6,720 deals, Ferguson, Davidson",& Co,,,1874,19,9,1874,False,"Veritas @ Wyborg,—6,720 deals, Ferguson, Davidson, & Co.",SMALL_MULTI_SPLIT,True,Hilda
"11. p.163-166 - September 19 1874 - Imports of Timber, &c. - Timber Trades Journal Vol. 2 1875_p003.txt",24,Margaret,Riga,BRISTOL,"—2,900 sleepers",D,,,1874,19,9,1874,False,"Margaret @ Riga,—2,900 sleepers, D. W. Gledden.",SMALL_MULTI_SPLIT,True,Hilda
"11. p.163-166 - September 19 1874 - Imports of Timber, &c. - Timber Trades Journal Vol. 2 1875_p003.txt",27,Dale,Cronstadt,BRISTOL,"—130 loads lathwood, 25 rickers",A,,,1874,19,9,1874,False,"Dale @ Cronstadt,—130 loads lathwood, 25 rickers, A. R. Rennie.",SMALL_MULTI_SPLIT,True,Dale
"11. p.163-166 - September 19 1874 - Imports of Timber, &c. - Timber Trades Journal Vol. 2 1875_p003.txt",27,Nikanor,Wyborg,BRISTOL,"—6,783 deals",Ferguson Davidson & Co,,,1874,19,9,1874,False,"Nikanor @ Wyborg,—6,783 deals, Ferguson Davidson & Co.",SMALL_MULTI_SPLIT,True,Dale
"11. p.163-166 - September 19 1874 - Imports of Timber, &c. - Timber Trades Journal Vol. 2 1875_p003.txt",27,Caroline Gjessing,Norway,BRISTOL,"—7,920 battens",Order,,,1874,19,9,1874,False,"Caroline Gjessing @ Norway,—7,920 battens, Order.",SMALL_MULTI_SPLIT,True,Dale
"11. p.163-166 - September 19 1874 - Imports of Timber, &c. - Timber Trades Journal Vol. 2 1875_p003.txt",27,Glen,Soroka,BRISTOL,"—5,475 deals, 6,233 boards, 283 ends",Order,,,1874,19,9,1874,False,"Glen @ Soroka,—5,475 deals, 6,233 boards, 283 ends, Order.",SMALL_MULTI_SPLIT,True,Dale
"11. p.163-166 - September 19 1874 - Imports of Timber, &c. - Timber Trades Journal Vol. 2 1875_p003.txt",27,Glen,Onega,BRISTOL,"—6,157 deals",A,,,1874,19,9,1874,False,"Glen @ Onega,—6,157 deals, A. R. Rennie.",SMALL_MULTI_SPLIT,True,Dale
"11. p.163-166 - September 19 1874 - Imports of Timber, &c. - Timber Trades Journal Vol. 2 1875_p003.txt",35,Nordstzernen,Skonvick,DUNDEE,"—609 pieces timber, 2,049 pieces battens",Quosbarth & Pettersen,,,1874,19,9,1874,False,"Nordstzernen @ Skonvick,—609 pieces timber, 2,049 pieces battens, Quosbarth & Pettersen.",SMALL_MULTI_SPLIT,True,Nordstzernen
"11. p.163-166 - September 19 1874 - Imports of Timber, &c. - Timber Trades Journal Vol. 2 1875_p003.txt",35,Success,[?] 300 rickers,DUNDEE,"Mitchell & Ramsay ; 100 rickers, 1,056 deals",J,,,1874,19,9,1874,False,"Success @ [?] 300 rickers, Mitchell & Ramsay ; 100 rickers, 1,056 deals, J. [?]; 400 rickers, D. Martin & Co. ; 15 loads lathwood, Quosbarth & Co.",SMALL_MULTI_SPLIT,True,Nordstzernen
"11. p.163-166 - September 19 1874 - Imports of Timber, &c. - Timber Trades Journal Vol. 2 1875_p003.txt",42,Snowdown,Hamburg,DUNDEE,—20 wainscot logs,Kirkland & Son,,,1874,19,9,1874,False,"Snowdown @ Hamburg,—20 wainscot logs, Kirkland & Son.",SMALL_MULTI_SPLIT,True,Snowdown
"11. p.163-166 - September 19 1874 - Imports of Timber, &c. - Timber Trades Journal Vol. 2 1875_p003.txt",42,Ogir,Skonvik,DUNDEE,"—668 pieces timber, 601 pieces deals, 24 loads firewood",Quosbarth & Co,,,1874,19,9,1874,False,"Ogir @ Skonvik,—668 pieces timber, 601 pieces deals, 24 loads firewood, Quosbarth & Co.",SMALL_MULTI_SPLIT,True,Snowdown
"11. p.163-166 - September 19 1874 - Imports of Timber, &c. - Timber Trades Journal Vol. 2 1875_p003.txt",42,Gefion,Sundswall,DUNDEE,"—730 pieces timber, 1,514 deals",Quosbarth & Co,,,1874,19,9,1874,False,"Gefion @ Sundswall,—730 pieces timber, 1,514 deals, Quosbarth & Co.",SMALL_MULTI_SPLIT,True,Snowdown
"12. 187-191 - September 29 1877 - Imports of Timber, &c. - Timber Trades Journal Vol. 5 1877_p003.txt",8,Mentor,Gothenburg,REDWOOD,—4,502 pcs,,,1877,29,9,1877,False,"Mentor @ Gothenburg,—4,502 pcs. deals and battens, W. Southern & Son. D. A.",SMALL_MULTI_SPLIT,True,Mentor
"12. 187-191 - September 29 1877 - Imports of Timber, &c. - Timber Trades Journal Vol. 5 1877_p003.txt",8,Preston,Pensacola,REDWOOD,—885 pcs,,,,1877,29,9,1877,False,"Preston @ Pensacola,—885 pcs. pine timber, 389 pcs. deals, J. Carr, jun. & Co.",SMALL_MULTI_SPLIT,True,Mentor
"12. 187-191 - September 29 1877 - Imports of Timber, &c. - Timber Trades Journal Vol. 5 1877_p003.txt",8,Carl,Uddevalla,REDWOOD,—3,817 pcs,,,1877,29,9,1877,False,"Carl @ Uddevalla,—3,817 pcs. pit props, Pyman, Bell, & Co.",SMALL_MULTI_SPLIT,True,Mentor
"12. 187-191 - September 29 1877 - Imports of Timber, &c. - Timber Trades Journal Vol. 5 1877_p003.txt",28,Minerva,Skelleftea,REDWOOD,"—deals, ends, and boards fir, sawn; 1 dozen spars fir, hewn; 1 dozen handspikes fir, hewn",The Master,,,1877,29,9,1877,False,"Minerva @ Skelleftea,—deals, ends, and boards fir, sawn; 1 dozen spars fir, hewn; 1 dozen handspikes fir, hewn, The Master. G. B.",SMALL_MULTI_SPLIT,True,Minerva
"12. 187-191 - September 29 1877 - Imports of Timber, &c. - Timber Trades Journal Vol. 5 1877_p003.txt",28,Doane,Miramichi,REDWOOD,"—31,723 deals, scantlings and ends fir, sawn, Price, Potter, Walker",& Co,,,1877,29,9,1877,False,"Doane @ Miramichi,—31,723 deals, scantlings and ends fir, sawn, Price, Potter, Walker, & Co.",SMALL_MULTI_SPLIT,True,Minerva
"12. p. 179-182 - October 3 1874 - Imports of Timber, &c. - Timber Trades Journal Vol. 2 1875_p001.txt",57,Matthew Cay,Three Rivers,LONDON,—23,001 pcs,,,1874,3,10,1874,False,"Matthew Cay @ Three Rivers,—23,001 pcs. deal ends, 1,622 pcs. deal ends, Churchill & Sim.",SMALL_MULTI_SPLIT,True,Matthew Cay
"12. p. 179-182 - October 3 1874 - Imports of Timber, &c. - Timber Trades Journal Vol. 2 1875_p001.txt",57,Speculationem,Archangel,LONDON,"—9,360 deals and battens",Order,,,1874,3,10,1874,False,"Speculationem @ Archangel,—9,360 deals and battens, Order.",SMALL_MULTI_SPLIT,True,Matthew Cay
"12. p. 179-182 - October 3 1874 - Imports of Timber, &c. - Timber Trades Journal Vol. 2 1875_p001.txt",57,August Fredrich,Archangel,LONDON,—492,213 pcs,,,1874,3,10,1874,False,"August Fredrich @ Archangel,—492, 213 pcs. staves, Duus, Brown & Co.",SMALL_MULTI_SPLIT,True,Matthew Cay
"12. p. 179-182 - October 3 1874 - Imports of Timber, &c. - Timber Trades Journal Vol. 2 1875_p003.txt",11,Concordia,Gallsta,LIVERPOOL,—34 c,,,,1874,3,10,1874,False,"Concordia @ Gallsta,—34 c. deals, Bjustrom.",SMALL_MULTI_SPLIT,True,Concordia
"12. p. 179-182 - October 3 1874 - Imports of Timber, &c. - Timber Trades Journal Vol. 2 1875_p003.txt",11,Alma,Skelleftea,LIVERPOOL,—49 c,,,,1874,3,10,1874,False,"Alma @ Skelleftea,—49 c. deals, Bjustrom.",SMALL_MULTI_SPLIT,True,Concordia
"12. p. 179-182 - October 3 1874 - Imports of Timber, &c. - Timber Trades Journal Vol. 2 1875_p003.txt",11,Oxford,Cronstadt,LIVERPOOL,—95 fms,,,,1874,3,10,1874,True,"Oxford (s) @ Cronstadt,—95 fms. firewood, Voigt. deals, &c., Bailey, wood, 6 fms. firewood, 231 c. deals, &c., Bailey.",SMALL_MULTI_SPLIT,True,Concordia
"12. p. 179-182 - October 3 1874 - Imports of Timber, &c. - Timber Trades Journal Vol. 2 1875_p003.txt",18,Agra,Quebec,LIVERPOOL,—484 pcs,,,,1874,3,10,1874,False,"Agra @ Quebec,—484 pcs. timber, 72 c. deals, &c., Steweni.",SMALL_MULTI_SPLIT,True,Agra
"12. p. 179-182 - October 3 1874 - Imports of Timber, &c. - Timber Trades Journal Vol. 2 1875_p003.txt",18,Johns,Rüsoer,LIVERPOOL,—1,594 pcs,,,1874,3,10,1874,False,"Johns @ Rüsoer,—1,594 pcs. timber, Jenkins.",SMALL_MULTI_SPLIT,True,Agra
"12. p. 179-182 - October 3 1874 - Imports of Timber, &c. - Timber Trades Journal Vol. 2 1875_p003.txt",18,Vikingen,Porsgrund,LIVERPOOL,"—1,827 poles, 2,193 pit props, 735 balks",29 c,,,1874,3,10,1874,False,"Vikingen @ Porsgrund,—1,827 poles, 2,193 pit props, 735 balks, 29 c. deals, &c., Wilson.",SMALL_MULTI_SPLIT,True,Agra
"12. p. 179-182 - October 3 1874 - Imports of Timber, &c. - Timber Trades Journal Vol. 2 1875_p003.txt",18,Erato,Riga,LIVERPOOL,—1,099 pcs,,,1874,3,10,1874,True,"Erato (s) @ Riga,—1,099 pcs. lathwood, Wilson.",SMALL_MULTI_SPLIT,True,Agra
"12. p. 179-182 - October 3 1874 - Imports of Timber, &c. - Timber Trades Journal Vol. 2 1875_p003.txt",19,Kelso,Riga,LIVERPOOL,—89 c,,,,1874,3,10,1874,True,"Kelso (s) @ Riga,—89 c. deals, 4,491 pcs. lathwood, 95 c. deal ends, Wilson.",SMALL_MULTI_SPLIT,True,Kelso
"12. p. 179-182 - October 3 1874 - Imports of Timber, &c. - Timber Trades Journal Vol. 2 1875_p003.txt",19,Volante,Cronstadt,LIVERPOOL,—2,059 pcs,,,1874,3,10,1874,True,"Volante (s) @ Cronstadt,—2,059 pcs. lathwood, 2,767 rickers, 151 c. deals, &c., Hornstedt.",SMALL_MULTI_SPLIT,True,Kelso
"12. p. 179-182 - October 3 1874 - Imports of Timber, &c. - Timber Trades Journal Vol. 2 1875_p003.txt",19,Milan,Cronstadt,LIVERPOOL,—1,099 pcs,,,1874,3,10,1874,True,"Milan (s) @ Cronstadt,—1,099 pcs. rickers, 25 c. deals, 28 c. boards, &c., Ericsson.",SMALL_MULTI_SPLIT,True,Kelso
"12. p. 179-182 - October 3 1874 - Imports of Timber, &c. - Timber Trades Journal Vol. 2 1875_p003.txt",24,Cairs,Quebec,BRISTOL,—1,150 pcs,,,1874,3,10,1874,False,"Cairs @ Quebec,—1,150 pcs. timber, 1,440 pcs. deals, 953 staves, Bayley & Co.",SMALL_MULTI_SPLIT,True,G. M. Cairs
"12. p. 179-182 - October 3 1874 - Imports of Timber, &c. - Timber Trades Journal Vol. 2 1875_p003.txt",24,Ceres,Archangel,BRISTOL,"—6,336 deals",&c,,,1874,3,10,1874,False,"Ceres @ Archangel,—6,336 deals, &c., Jones & Co.",SMALL_MULTI_SPLIT,True,G. M. Cairs
"12. p. 179-182 - October 3 1874 - Imports of Timber, &c. - Timber Trades Journal Vol. 2 1875_p003.txt",24,Cathinka,Archangel,BRISTOL,"—8,700 deals",Taylor & Co,,,1874,3,10,1874,False,"Cathinka @ Archangel,—8,700 deals, Taylor & Co.",SMALL_MULTI_SPLIT,True,G. M. Cairs
"12. p. 179-182 - October 3 1874 - Imports of Timber, &c. - Timber Trades Journal Vol. 2 1875_p003.txt",24,Elsinore,Cronstadt,BRISTOL,"—8,959 deals, 553 battens, 1,889 deal ends",[?],,,1874,3,10,1874,False,"Elsinore @ Cronstadt,—8,959 deals, 553 battens, 1,889 deal ends, [?].",SMALL_MULTI_SPLIT,True,G. M. Cairs
"12. p. 179-182 - October 3 1874 - Imports of Timber, &c. - Timber Trades Journal Vol. 2 1875_p003.txt",29,Elisa,Bjorneborg,BRISTOL,"—8,198 deals, 1,904 boards",Order,,,1874,3,10,1874,False,"Elisa @ Bjorneborg,—8,198 deals, 1,904 boards, Order. St.",SMALL_MULTI_SPLIT,True,Elisa
"12. p. 179-182 - October 3 1874 - Imports of Timber, &c. - Timber Trades Journal Vol. 2 1875_p003.txt",29,Peter,Bjorneborg,BRISTOL,"—14,100 deals, and boards",J,,,1874,3,10,1874,False,"Peter @ Bjorneborg,—14,100 deals, and boards, J. Rhodes & Co.",SMALL_MULTI_SPLIT,True,Elisa
"12. p. 179-182 - October 3 1874 - Imports of Timber, &c. - Timber Trades Journal Vol. 2 1875_p003.txt",29,Frederik de Minden,Memel,BRISTOL,—7,720 pcs,,,1874,3,10,1874,False,"Frederik de Minden @ Memel,—7,720 pcs. deals and boards, Order.",SMALL_MULTI_SPLIT,True,Elisa
"12. p. 179-182 - October 3 1874 - Imports of Timber, &c. - Timber Trades Journal Vol. 2 1875_p003.txt",29,Emma,Mem,BRISTOL,—7,391 pcs,,,1874,3,10,1874,False,"Emma @ Mem,—7,391 pcs. deals, battens and boards, a quantity of cork in bulk, R. Wade, Sons & Co.",SMALL_MULTI_SPLIT,True,Elisa
"12. p. 179-182 - October 3 1874 - Imports of Timber, &c. - Timber Trades Journal Vol. 2 1875_p003.txt",32,May,Archangel,BRISTOL,—10,118 pcs,,,1874,3,10,1874,False,"May @ Archangel,—10,118 pcs. deals, battens and boards, Order.",SMALL_MULTI_SPLIT,True,May
"12. p. 179-182 - October 3 1874 - Imports of Timber, &c. - Timber Trades Journal Vol. 2 1875_p003.txt",32,Coral Queen,Gothenburg,BRISTOL,"—15,849 bundles laths, Order; 2,256 battens",Harrison & Singleton,,,1874,3,10,1874,True,"Coral Queen (s) @ Gothenburg,—15,849 bundles laths, Order; 2,256 battens, Harrison & Singleton.",SMALL_MULTI_SPLIT,True,May
"12. p. 179-182 - October 3 1874 - Imports of Timber, &c. - Timber Trades Journal Vol. 2 1875_p003.txt",32,Prins Oscar,Mem,BRISTOL,—3,469 pcs,,,1874,3,10,1874,False,"Prins Oscar @ Mem,—3,469 pcs. battens and boards, R. Wade, Sons & Co.",SMALL_MULTI_SPLIT,True,May
"12. p. 179-182 - October 3 1874 - Imports of Timber, &c. - Timber Trades Journal Vol. 2 1875_p003.txt",34,Emilie,Bjorneborg,BRISTOL,—16,054 pcs,,,1874,3,10,1874,False,"Emilie @ Bjorneborg,—16,054 pcs. deals, battens and boards, May & Hassell.",SMALL_MULTI_SPLIT,True,Emilie
"12. p. 179-182 - October 3 1874 - Imports of Timber, &c. - Timber Trades Journal Vol. 2 1875_p003.txt",34,Inrika,Mem,BRISTOL,—4,674 pcs,,,1874,3,10,1874,False,"Inrika @ Mem,—4,674 pcs. deals, battens and boards, R. Wade, Sons & Co.",SMALL_MULTI_SPLIT,True,Emilie
"12. p. 179-182 - October 3 1874 - Imports of Timber, &c. - Timber Trades Journal Vol. 2 1875_p003.txt",34,Cedia,Rufso,BRISTOL,—15,278 pcs,,,1874,3,10,1874,False,"Cedia @ Rufso,—15,278 pcs. deals, battens and boards, R. Wade, Sons & Co.",SMALL_MULTI_SPLIT,True,Emilie
"13. p. 193-195 - October 17 1874 - Imports of Timber, &c. - Timber Trades Journal Vol. 2 1875_p002.txt",15,Eolus,Wyburg,LIVERPOOL,—57 c,,,,1874,17,10,1874,False,"Eolus @ Wyburg,—57 c. deals, &c., Brown.",SMALL_MULTI_SPLIT,True,Eolus
"13. p. 193-195 - October 17 1874 - Imports of Timber, &c. - Timber Trades Journal Vol. 2 1875_p002.txt",15,Stowelr,Cronstadt,LIVERPOOL,—12 fms,,,,1874,17,10,1874,True,"Stowelr (s) @ Cronstadt,—12 fms. firewood, 127 c. deals, &c., 5 fms. lathwood, Steweni.",SMALL_MULTI_SPLIT,True,Eolus
"13. p. 193-195 - October 17 1874 - Imports of Timber, &c. - Timber Trades Journal Vol. 2 1875_p002.txt",15,Adina,Tornea,LIVERPOOL,—36 c,,,,1874,17,10,1874,False,"Adina @ Tornea,—36 c. deals, &c., Steweni.",SMALL_MULTI_SPLIT,True,Eolus
"13. p. 193-195 - October 17 1874 - Imports of Timber, &c. - Timber Trades Journal Vol. 2 1875_p002.txt",15,Wells,Wyburg,LIVERPOOL,—255 c,,,,1874,17,10,1874,True,"Wells (s) @ Wyburg,—255 c. deals, &c., Wells. St.",SMALL_MULTI_SPLIT,True,Eolus
"13. p. 193-195 - October 17 1874 - Imports of Timber, &c. - Timber Trades Journal Vol. 2 1875_p002.txt",15,Paul,Archangel,LIVERPOOL,—232 c,,,,1874,17,10,1874,False,"Paul @ Archangel,—232 c. deals, &c., Shields.",SMALL_MULTI_SPLIT,True,Eolus
"13. p. 193-195 - October 17 1874 - Imports of Timber, &c. - Timber Trades Journal Vol. 2 1875_p002.txt",16,Orlando,Gothenburg,LIVERPOOL,—400 bls,,,,1874,17,10,1874,True,"Orlando (s) @ Gothenburg,—400 bls. wood pulp, 10,811 pit props, Wilson.",SMALL_MULTI_SPLIT,True,Orlando
"13. p. 193-195 - October 17 1874 - Imports of Timber, &c. - Timber Trades Journal Vol. 2 1875_p002.txt",16,Rapide,Ny Carleby,LIVERPOOL,—76 c,,,,1874,17,10,1874,False,"Rapide @ Ny Carleby,—76 c. deals, &c., Shields.",SMALL_MULTI_SPLIT,True,Orlando
"13. p. 193-195 - October 17 1874 - Imports of Timber, &c. - Timber Trades Journal Vol. 2 1875_p002.txt",16,Fermia,Wasa,LIVERPOOL,—79 c,,,,1874,17,10,1874,True,"Fermia (s) @ Wasa,—79 c. deals, &c., Massey.",SMALL_MULTI_SPLIT,True,Orlando
"13. p. 193-195 - October 17 1874 - Imports of Timber, &c. - Timber Trades Journal Vol. 2 1875_p002.txt",16,Angelo,Christiania,LIVERPOOL,—160 cs,,,,1874,17,10,1874,True,"Angelo (s) @ Christiania,—160 cs. wood pulp, 7,906 pit props, 131 c. deals, &c., Wilson.",SMALL_MULTI_SPLIT,True,Orlando
"13. p. 193-195 - October 17 1874 - Imports of Timber, &c. - Timber Trades Journal Vol. 2 1875_p002.txt",17,Xanthos,Cronstadt,LIVERPOOL,—11 c,,,,1874,17,10,1874,True,"Xanthos (s) @ Cronstadt,—11 c. boards, 8,412 rickers, Wilson.",SMALL_MULTI_SPLIT,True,Xanthos
"13. p. 193-195 - October 17 1874 - Imports of Timber, &c. - Timber Trades Journal Vol. 2 1875_p002.txt",17,Ceres,Helsingfors,LIVERPOOL,—256 c,,,,1874,17,10,1874,True,"Ceres (s) @ Helsingfors,—256 c. deals, &c., 100 pcs. timber, Massey.",SMALL_MULTI_SPLIT,True,Xanthos
"13. p. 193-195 - October 17 1874 - Imports of Timber, &c. - Timber Trades Journal Vol. 2 1875_p002.txt",17,Emma,Wyburg,LIVERPOOL,—128 c,,,,1874,17,10,1874,False,"Emma @ Wyburg,—128 c. deals, &c., Shields.",SMALL_MULTI_SPLIT,True,Xanthos
"13. p. 193-195 - October 17 1874 - Imports of Timber, &c. - Timber Trades Journal Vol. 2 1875_p002.txt",17,Juno,Ullanger,LIVERPOOL,—75 c,,,,1874,17,10,1874,False,"Juno @ Ullanger,—75 c. deals, &c., Granberg.",SMALL_MULTI_SPLIT,True,Xanthos
"13. p. 193-195 - October 17 1874 - Imports of Timber, &c. - Timber Trades Journal Vol. 2 1875_p002.txt",47,Wilhelm,Gefle,BRISTOL,—8,023 pcs,,,1874,17,10,1874,False,"Wilhelm @ Gefle,—8,023 pcs. deals, battens, and stocks, 300 pcs. ½-sleeper blocks, Order.",SMALL_MULTI_SPLIT,True,Wilhelm
"13. p. 193-195 - October 17 1874 - Imports of Timber, &c. - Timber Trades Journal Vol. 2 1875_p002.txt",47,Julia,Pitea,BRISTOL,—11,457 pcs,,,1874,17,10,1874,False,"Julia @ Pitea,—11,457 pcs. deals, battens, and boards, Order.",SMALL_MULTI_SPLIT,True,Wilhelm
"13. p. 193-195 - October 17 1874 - Imports of Timber, &c. - Timber Trades Journal Vol. 2 1875_p002.txt",47,Venus,Hernosand,BRISTOL,—12,550 pcs,,,1874,17,10,1874,False,"Venus @ Hernosand,—12,550 pcs. battens, Order.",SMALL_MULTI_SPLIT,True,Wilhelm
"13. p. 193-195 - October 17 1874 - Imports of Timber, &c. - Timber Trades Journal Vol. 2 1875_p002.txt",47,Anemone,Soderhamn,BRISTOL,—4,705 pcs,,,1874,17,10,1874,False,"Anemone @ Soderhamn,—4,705 pcs. deals, battens, and boards, Order.",SMALL_MULTI_SPLIT,True,Wilhelm
"13. p. 193-195 - October 17 1874 - Imports of Timber, &c. - Timber Trades Journal Vol. 2 1875_p002.txt",49,Mercur,Memel,BRISTOL,—4,130 pcs,,,1874,17,10,1874,False,"Mercur @ Memel,—4,130 pcs. deals and battens, R. Wade, Sons, & Co.",SMALL_MULTI_SPLIT,True,Mercur
"13. p. 193-195 - October 17 1874 - Imports of Timber, &c. - Timber Trades Journal Vol. 2 1875_p002.txt",49,Diana (s.),Riga,BRISTOL,—13,630 pcs,,,1874,17,10,1874,False,"Diana (s.) @ Riga,—13,630 pcs. deal, 1,089 pcs. deal ends, J. Rhodes & Co.",SMALL_MULTI_SPLIT,True,Mercur
"13. p. 193-195 - October 17 1874 - Imports of Timber, &c. - Timber Trades Journal Vol. 2 1875_p002.txt",49,Brilliant,Windau,BRISTOL,—2,191 pcs,,,1874,17,10,1874,False,"Brilliant @ Windau,—2,191 pcs. sleepers, firewood, Fleetham & Co.",SMALL_MULTI_SPLIT,True,Mercur
"13. p. 193-195 - October 17 1874 - Imports of Timber, &c. - Timber Trades Journal Vol. 2 1875_p002.txt",49,Soskende,Bjorneborg,BRISTOL,—12,221 pcs,,,1874,17,10,1874,False,"Soskende @ Bjorneborg,—12,221 pcs. sleepers, R. Wade, Sons, & Co.",SMALL_MULTI_SPLIT,True,Mercur
"13. p. 193-195 - October 17 1874 - Imports of Timber, &c. - Timber Trades Journal Vol. 2 1875_p002.txt",53,Arnon,Gefle,BRISTOL,—12,235 pcs,,,1874,17,10,1874,False,"Arnon @ Gefle,—12,235 pcs. deals, battens, and boards, T. Walker & Co.",SMALL_MULTI_SPLIT,True,Arnon
"13. p. 193-195 - October 17 1874 - Imports of Timber, &c. - Timber Trades Journal Vol. 2 1875_p002.txt",53,Alpha,Riga,BRISTOL,—2,291 pcs,,,1874,17,10,1874,False,"Alpha @ Riga,—2,291 pcs. deals, J. Rhodes & Co.",SMALL_MULTI_SPLIT,True,Arnon
"13. p. 193-195 - October 17 1874 - Imports of Timber, &c. - Timber Trades Journal Vol. 2 1875_p002.txt",53,Velox,Bjorneborg,BRISTOL,—3,252 pcs,,,1874,17,10,1874,False,"Velox @ Bjorneborg,—3,252 pcs. deals and boards, J. Rhodes & Co.",SMALL_MULTI_SPLIT,True,Arnon
"13. p. 193-195 - October 17 1874 - Imports of Timber, &c. - Timber Trades Journal Vol. 2 1875_p002.txt",53,Amelie,Miramichi,BRISTOL,—14,991 pcs,,,1874,17,10,1874,False,"Amelie @ Miramichi,—14,991 pcs. deals, battens, and boards, Order.",SMALL_MULTI_SPLIT,True,Arnon
"13. p. 193-195 - October 17 1874 - Imports of Timber, &c. - Timber Trades Journal Vol. 2 1875_p002.txt",73,Wilhelm,Gefle,BRISTOL,—8,023 pcs,,,1874,17,10,1874,False,"Wilhelm @ Gefle,—8,023 pcs. deals, battens, and stocks, 300 pcs. ½-sleeper blocks, Order.",SMALL_MULTI_SPLIT,True,Wilhelm
"13. p. 193-195 - October 17 1874 - Imports of Timber, &c. - Timber Trades Journal Vol. 2 1875_p002.txt",73,Julia,Pitea,BRISTOL,—11,457 pcs,,,1874,17,10,1874,False,"Julia @ Pitea,—11,457 pcs. deals, battens, and boards, Order.",SMALL_MULTI_SPLIT,True,Wilhelm
"13. p. 193-195 - October 17 1874 - Imports of Timber, &c. - Timber Trades Journal Vol. 2 1875_p002.txt",73,Venus,Hernosand,BRISTOL,—12,550 pcs,,,1874,17,10,1874,False,"Venus @ Hernosand,—12,550 pcs. battens, Order.",SMALL_MULTI_SPLIT,True,Wilhelm
"13. p. 193-195 - October 17 1874 - Imports of Timber, &c. - Timber Trades Journal Vol. 2 1875_p002.txt",73,Anemone,Soderhamn,BRISTOL,—4,705 pcs,,,1874,17,10,1874,False,"Anemone @ Soderhamn,—4,705 pcs. deals, battens, and boards, Order.",SMALL_MULTI_SPLIT,True,Wilhelm
"13. p. 193-195 - October 17 1874 - Imports of Timber, &c. - Timber Trades Journal Vol. 2 1875_p002.txt",79,Arnon,Gefle,BRISTOL,—12,235 pcs,,,1874,17,10,1874,False,"Arnon @ Gefle,—12,235 pcs. deals, battens, and boards, T. Walker & Co.",SMALL_MULTI_SPLIT,True,Arnon
"13. p. 193-195 - October 17 1874 - Imports of Timber, &c. - Timber Trades Journal Vol. 2 1875_p002.txt",79,Alpha,Riga,BRISTOL,—2,291 pcs,,,1874,17,10,1874,False,"Alpha @ Riga,—2,291 pcs. deals, J. Rhodes & Co.",SMALL_MULTI_SPLIT,True,Arnon
"13. p. 193-195 - October 17 1874 - Imports of Timber, &c. - Timber Trades Journal Vol. 2 1875_p002.txt",79,Velox,Bjorneborg,BRISTOL,—3,252 pcs,,,1874,17,10,1874,False,"Velox @ Bjorneborg,—3,252 pcs. deals and boards, J. Rhodes & Co.",SMALL_MULTI_SPLIT,True,Arnon
"13. p. 193-195 - October 17 1874 - Imports of Timber, &c. - Timber Trades Journal Vol. 2 1875_p002.txt",79,Amelie,Miramichi,BRISTOL,—14,991 pcs,,,1874,17,10,1874,False,"Amelie @ Miramichi,—14,991 pcs. deals, battens, and boards, Order.",SMALL_MULTI_SPLIT,True,Arnon
"13. p. 193-195 - October 17 1874 - Imports of Timber, &c. - Timber Trades Journal Vol. 2 1875_p002.txt",87,Vesta,Dram,BRISTOL,—8,640 pcs,,,1874,17,10,1874,False,"Vesta @ Dram,—8,640 pcs. battens, R. Melville & Co.",SMALL_MULTI_SPLIT,True,Vesta
"13. p. 193-195 - October 17 1874 - Imports of Timber, &c. - Timber Trades Journal Vol. 2 1875_p002.txt",87,Neva,Riga,BRISTOL,—885 pcs,,,,1874,17,10,1874,False,"Neva @ Riga,—885 pcs. deal ends, 372 pcs. timber, Order.",SMALL_MULTI_SPLIT,True,Vesta
"13. p. 193-195 - October 17 1874 - Imports of Timber, &c. - Timber Trades Journal Vol. 2 1875_p002.txt",87,Elgin,Riga,BRISTOL,—1,075 pcs,,,1874,17,10,1874,False,"Elgin @ Riga,—1,075 pcs. timber, 1,235 deals, M. Thomson & Co. Heinrich III.",SMALL_MULTI_SPLIT,True,Vesta
"13. p. 193-195 - October 17 1874 - Imports of Timber, &c. - Timber Trades Journal Vol. 2 1875_p002.txt",87,Friederik Wilhelmine,Danzig,BRISTOL,346 pcs,,,,1874,17,10,1874,False,"Friederik Wilhelmine @ Danzig, 346 pcs. timber, 606 pcs. lathwood, Order.",SMALL_MULTI_SPLIT,True,Vesta
13. p. 197-200 - October 16 1875 - Timber Trades Journal Vol. 3 1875_p002.txt,5,Calista Hava,Pensacola,NEW YORK,—786 pcs,,,,1875,16,10,1875,False,"Calista Hava @ Pensacola,—786 pcs. timber, 59 deals, Order.",SMALL_MULTI_SPLIT,True,Calista Hava
13. p. 197-200 - October 16 1875 - Timber Trades Journal Vol. 3 1875_p002.txt,5,Sarah Andrews,Pensacola,NEW YORK,"—2,643 spruce deals, 1,552 ends, 7,560 palings, 15,373 battens",A,,,1875,16,10,1875,False,"Sarah Andrews @ Pensacola,—2,643 spruce deals, 1,552 ends, 7,560 palings, 15,373 battens, A.",SMALL_MULTI_SPLIT,True,Calista Hava
13. p. 197-200 - October 16 1875 - Timber Trades Journal Vol. 3 1875_p002.txt,5,Baltgae von Platen,Lulea,NEW YORK,—19,828 deals and Wikstrom,,,1875,16,10,1875,True,"Baltgae von Platen (s) @ Lulea,—19,828 deals and Wikstrom.",SMALL_MULTI_SPLIT,True,Calista Hava
13. p. 197-200 - October 16 1875 - Timber Trades Journal Vol. 3 1875_p002.txt,23,Dania,Swartwick,NEW YORK,—205 c,,,,1875,16,10,1875,True,"Dania (s) @ Swartwick,—205 c. deals, &c., Brown.",SMALL_MULTI_SPLIT,True,Dania
13. p. 197-200 - October 16 1875 - Timber Trades Journal Vol. 3 1875_p002.txt,23,Oxford,Wyburg,NEW YORK,—233 c,,,,1875,16,10,1875,True,"Oxford (s) @ Wyburg,—233 c. deals, &c., 3 c. deal ends, 3,432 pcs. lathwood, Bailey. St.",SMALL_MULTI_SPLIT,True,Dania
13. p. 197-200 - October 16 1875 - Timber Trades Journal Vol. 3 1875_p002.txt,23,Mattheus,Archangel,NEW YORK,—66 c,,,,1875,16,10,1875,False,"Mattheus @ Archangel,—66 c. deal deals, Granberg. A.",SMALL_MULTI_SPLIT,True,Dania
13. p. 197-200 - October 16 1875 - Timber Trades Journal Vol. 3 1875_p002.txt,23,Nanninger,Neder Kalix,NEW YORK,—5 lds,,,,1875,16,10,1875,False,"Nanninger @ Neder Kalix,—5 lds. firewood, 43 c. deals, &c., Voigt.",SMALL_MULTI_SPLIT,True,Dania
13. p. 197-200 - October 16 1875 - Timber Trades Journal Vol. 3 1875_p002.txt,24,Egden,Arendal,NEW YORK,"—2,495 poles",443 pcs,,,1875,16,10,1875,False,"Egden @ Arendal,—2,495 poles, 443 pcs. timber, Briggs.",SMALL_MULTI_SPLIT,True,Egden
13. p. 197-200 - October 16 1875 - Timber Trades Journal Vol. 3 1875_p002.txt,24,Hero,Christiania,NEW YORK,—127 c,,,,1875,16,10,1875,False,"Hero @ Christiania,—127 c. deals, &c., 20 c. battens, Wilson.",SMALL_MULTI_SPLIT,True,Egden
13. p. 197-200 - October 16 1875 - Timber Trades Journal Vol. 3 1875_p002.txt,24,Pacific,Gothenburg,NEW YORK,—17 c,,,,1875,16,10,1875,True,"Pacific (s) @ Gothenburg,—17 c. battens, 945 bdls. laths, Wilson.",SMALL_MULTI_SPLIT,True,Egden
13. p. 197-200 - October 16 1875 - Timber Trades Journal Vol. 3 1875_p002.txt,24,Emily,Fernandina,NEW YORK,—10 c,,,,1875,16,10,1875,False,"Emily @ Fernandina,—10 c. deals, Johnson.",SMALL_MULTI_SPLIT,True,Egden
13. p. 197-200 - October 16 1875 - Timber Trades Journal Vol. 3 1875_p002.txt,24,Veritas,Wyburg,NEW YORK,—77 c,,,,1875,16,10,1875,False,"Veritas @ Wyburg,—77 c. deals,",SMALL_MULTI_SPLIT,True,Egden
"14. 217-220 - October 27 1877 - Imports of Timbers, &c. - Timber Trades Journal Vol. 5 1877_p003.txt",53,Triton,Gothenburg,DUNDEE,—quantity pit props,P,,,1877,27,10,1877,False,"Triton @ Gothenburg,—quantity pit props, P. Osbeck; quantity pit props, P. Osbeck; quantity staves and headings, Hall Brothers.",SMALL_MULTI_SPLIT,True,Triton
"14. 217-220 - October 27 1877 - Imports of Timbers, &c. - Timber Trades Journal Vol. 5 1877_p003.txt",53,Sebastian,Quebec,DUNDEE,—280 pieces oak,51 pcs,,,1877,27,10,1877,False,"Sebastian @ Quebec,—280 pieces oak, 51 pcs. birch, 19 pcs. elm, 74 pcs. ash, 184 pcs. red pine, 128 pcs. white pine, 8,692 deals, 1,053 deal ends, 1,200 staves, Order.",SMALL_MULTI_SPLIT,True,Triton
"14. p. 207-209 - October 31 1874 - Imports of TImber, &c. - Timber Trades Journal Vol. 2 1875_p001.txt",13,Proven,Libau,LONDON,"—23,905 oak staves",Order,,,1874,31,10,1874,False,"Proven @ Libau,—23,905 oak staves, Order.",SMALL_MULTI_SPLIT,True,Proven
"14. p. 207-209 - October 31 1874 - Imports of TImber, &c. - Timber Trades Journal Vol. 2 1875_p001.txt",13,Constantin,Sundswall,LONDON,"—19,623 deals, battens, and ends",Order,,,1874,31,10,1874,False,"Constantin @ Sundswall,—19,623 deals, battens, and ends, Order.",SMALL_MULTI_SPLIT,True,Proven
"14. p. 207-209 - October 31 1874 - Imports of TImber, &c. - Timber Trades Journal Vol. 2 1875_p001.txt",13,Colonist,Miramichi,LONDON,—15,117 pcs,,,1874,31,10,1874,False,"Colonist @ Miramichi,—15,117 pcs. deals, 637 pcs. ends, 4,900 pcs. palings, Holmsund,—1,131 doz. deals, Order.",SMALL_MULTI_SPLIT,True,Proven
"14. p. 207-209 - October 31 1874 - Imports of TImber, &c. - Timber Trades Journal Vol. 2 1875_p001.txt",14,Loch Lomond,St. John,LONDON,N,,,,1874,31,10,1874,False,"Loch Lomond @ St. John, N.B.,—50 logs wood, 18 pcs. pine, 1,586 pcs. deals, 9,886 pcs. deal ends, 6 fms. firewood, Order.",SMALL_MULTI_SPLIT,True,Loch Lomond
"14. p. 207-209 - October 31 1874 - Imports of TImber, &c. - Timber Trades Journal Vol. 2 1875_p001.txt",14,Isle,Cronstadt,LONDON,"—3,802 deals, 574 deal ends",Notterbohm & Co,,,1874,31,10,1874,False,"Isle @ Cronstadt,—3,802 deals, 574 deal ends, Notterbohm & Co. Sarah B. C.",SMALL_MULTI_SPLIT,True,Loch Lomond
"14. p. 207-209 - October 31 1874 - Imports of TImber, &c. - Timber Trades Journal Vol. 2 1875_p002.txt",24,Favorite,Tunadal,LIVERPOOL,—117 c,,,,1874,31,10,1874,False,"Favorite @ Tunadal,—117 c. deals, &c., Winter. Archangel,—49 c. deals, &c., Winter.",SMALL_MULTI_SPLIT,True,Favorite
"14. p. 207-209 - October 31 1874 - Imports of TImber, &c. - Timber Trades Journal Vol. 2 1875_p002.txt",24,Fanny,Skutskar,LIVERPOOL,Speculation,,,,1874,31,10,1874,False,"Fanny @ Skutskar, Speculation",SMALL_MULTI_SPLIT,True,Favorite
"14. p. 207-209 - October 31 1874 - Imports of TImber, &c. - Timber Trades Journal Vol. 2 1875_p002.txt",24,"Fanny @ Skutskar, Speculation",Riga,LIVERPOOL,—30 c,,,,1874,31,10,1874,False,"Fanny @ Skutskar, Speculation @ Riga,—30 c. deals, &c., Winter.",SMALL_MULTI_SPLIT,True,Favorite
"14. p. 207-209 - October 31 1874 - Imports of TImber, &c. - Timber Trades Journal Vol. 2 1875_p002.txt",24,Agnes Lynch,Uleaborg,LIVERPOOL,—227 c,,,,1874,31,10,1874,False,"Agnes Lynch @ Uleaborg,—227 c. deals, &c., Stanton.",SMALL_MULTI_SPLIT,True,Favorite
"14. p. 207-209 - October 31 1874 - Imports of TImber, &c. - Timber Trades Journal Vol. 2 1875_p002.txt",24,Nore,Ranea,LIVERPOOL,—122 c,,,,1874,31,10,1874,True,"Nore (s) @ Ranea,—122 c. deals, &c., Steweni.",SMALL_MULTI_SPLIT,True,Favorite
"14. p. 207-209 - October 31 1874 - Imports of TImber, &c. - Timber Trades Journal Vol. 2 1875_p002.txt",32,Craggs,Soderhamn,LIVERPOOL,—11,231 pcs,,,1874,31,10,1874,False,"Craggs @ Soderhamn,—11,231 pcs. deals, battens, and boards, Dawbarn & Co.",SMALL_MULTI_SPLIT,True,Craggs
"14. p. 207-209 - October 31 1874 - Imports of TImber, &c. - Timber Trades Journal Vol. 2 1875_p002.txt",32,Ingeborg,Memel,LIVERPOOL,—43,951 pcs,,,1874,31,10,1874,True,"Ingeborg (s) @ Memel,—43,951 pcs. oak staves, Pickford & Co.",SMALL_MULTI_SPLIT,True,Craggs
"14. p. 207-209 - October 31 1874 - Imports of TImber, &c. - Timber Trades Journal Vol. 2 1875_p002.txt",32,Theodore Bernice,Pitea,LIVERPOOL,—5,529 pcs,,,1874,31,10,1874,False,"Theodore Bernice @ Pitea,—5,529 pcs. deals, J. Shaw & Co.",SMALL_MULTI_SPLIT,True,Craggs
"14. p. 207-209 - October 31 1874 - Imports of TImber, &c. - Timber Trades Journal Vol. 2 1875_p002.txt",32,Bellona,Hudiksvall,LIVERPOOL,—6,331 pcs,,,1874,31,10,1874,False,"Bellona @ Hudiksvall,—6,331 pcs. deals, battens, and boards, Harston & Sheraton.",SMALL_MULTI_SPLIT,True,Craggs
"14. p. 207-209 - October 31 1874 - Imports of TImber, &c. - Timber Trades Journal Vol. 2 1875_p003.txt",12,Kong Sverre,Riga,DUNDEE,"—757 pieces timber, 1,679 deals and ends, Mitchell, Somervills",and Co,,,1874,31,10,1874,False,"Kong Sverre @ Riga,—757 pieces timber, 1,679 deals and ends, Mitchell, Somervills, and Co.",SMALL_MULTI_SPLIT,True,Kong Sverre
"14. p. 207-209 - October 31 1874 - Imports of TImber, &c. - Timber Trades Journal Vol. 2 1875_p003.txt",12,Boadicea,Danzig,DUNDEE,"—11,175 oak staves",Order,,,1874,31,10,1874,False,"Boadicea @ Danzig,—11,175 oak staves, Order.",SMALL_MULTI_SPLIT,True,Kong Sverre
"14. p. 207-209 - October 31 1874 - Imports of TImber, &c. - Timber Trades Journal Vol. 2 1875_p003.txt",12,Egmon,Laurvig,DUNDEE,"—8,472 battens",C,,,1874,31,10,1874,False,"Egmon @ Laurvig, —8,472 battens, C. Salvesen & Co.",SMALL_MULTI_SPLIT,True,Kong Sverre
"14. p. 207-209 - October 31 1874 - Imports of TImber, &c. - Timber Trades Journal Vol. 2 1875_p003.txt",12,Sophie Marie Kintore,Memel,DUNDEE,"—14,522 oak staves",Order,,,1874,31,10,1874,False,"Sophie Marie Kintore @ Memel,—14,522 oak staves, Order.",SMALL_MULTI_SPLIT,True,Kong Sverre
"14. p. 207-209 - October 31 1874 - Imports of TImber, &c. - Timber Trades Journal Vol. 2 1875_p003.txt",25,Augusta Frderike,Memel,BO'NESS,—236 pcs,,,,1874,31,10,1874,False,"Augusta Frderike @ Memel,—236 pcs. timber, 12 fms. lathwood, A. Thomson & Nephews.",SMALL_MULTI_SPLIT,True,Augusta Frderike
"14. p. 207-209 - October 31 1874 - Imports of TImber, &c. - Timber Trades Journal Vol. 2 1875_p003.txt",25,Christian Studemaun,Riga,BO'NESS,—408 pcs,,,,1874,31,10,1874,False,"Christian Studemaun @ Riga,—408 pcs. timber, 305 pcs. deals, 5 fms. lathwood, Order.",SMALL_MULTI_SPLIT,True,Augusta Frderike
"14. p. 207-209 - October 31 1874 - Imports of TImber, &c. - Timber Trades Journal Vol. 2 1875_p003.txt",25,Titania,Danzig,BO'NESS,—454 pcs,,,,1874,31,10,1874,False,"Titania @ Danzig,—454 pcs. timber, 1,017 pcs. lathwood, Order.",SMALL_MULTI_SPLIT,True,Augusta Frderike
"14. p. 207-209 - October 31 1874 - Imports of TImber, &c. - Timber Trades Journal Vol. 2 1875_p003.txt",27,Gesine,Orkedalsoren,BO'NESS,—4,672 pcs,,,1874,31,10,1874,False,"Gesine @ Orkedalsoren,—4,672 pcs. battens, J. T. Salvesen & Co.",SMALL_MULTI_SPLIT,True,Gesine
"14. p. 207-209 - October 31 1874 - Imports of TImber, &c. - Timber Trades Journal Vol. 2 1875_p003.txt",27,Heinrich & Emil,Cruskoldevik,BO'NESS,—499 pcs,,,,1874,31,10,1874,False,"Heinrich & Emil @ Cruskoldevik,—499 pcs. timber, 1,015 battens, Order.",SMALL_MULTI_SPLIT,True,Gesine
"14. p. 207-209 - October 31 1874 - Imports of TImber, &c. - Timber Trades Journal Vol. 2 1875_p003.txt",27,Louise & Laura,Zaborowski,BO'NESS,—412 pcs,,,,1874,31,10,1874,False,"Louise & Laura @ Zaborowski,—412 pcs. timber, 1,347 deals, A. Thomson & Nephews.",SMALL_MULTI_SPLIT,True,Gesine
"14. p. 207-209 - October 31 1874 - Imports of TImber, &c. - Timber Trades Journal Vol. 2 1875_p003.txt",27,Mars,Archangel,BO'NESS,—[?] pcs,,,,1874,31,10,1874,False,"Mars @ Archangel,—[?] pcs. whitewood timber, 177 pcs.",SMALL_MULTI_SPLIT,True,Gesine
"14. p. 207-209 - October 31 1874 - Imports of TImber, &c. - Timber Trades Journal Vol. 2 1875_p003.txt",30,Amie,Jamaica,BO'NESS,—629 ts,,,,1874,31,10,1874,False,"Amie @ Jamaica,—629 ts. logwood, 27 t. fustic, John Dawson & Co.",SMALL_MULTI_SPLIT,True,Amie
"14. p. 207-209 - October 31 1874 - Imports of TImber, &c. - Timber Trades Journal Vol. 2 1875_p003.txt",30,Andaluza,Honduras,BO'NESS,"—107 logs mahogany, 41 logs cedar, 50 tons logwood",James Steven & Sons,,,1874,31,10,1874,False,"Andaluza @ Honduras,—107 logs mahogany, 41 logs cedar, 50 tons logwood, James Steven & Sons. St.",SMALL_MULTI_SPLIT,True,Amie
"14. p. 207-209 - October 31 1874 - Imports of TImber, &c. - Timber Trades Journal Vol. 2 1875_p003.txt",30,Patrick,Quebec,BO'NESS,—3,068 pcs,,,1874,31,10,1874,True,"Patrick (s) @ Quebec,—3,068 pcs. pine deals, Order.",SMALL_MULTI_SPLIT,True,Amie
14. p. 212-215 - October 30 1875 - Timber Trades Journal Vol. 3 1875_p002.txt,9,Astarte,Cronstadt,LONDON,—4,502 pcs,,,1875,30,10,1875,True,"Astarte (s) @ Cronstadt,—4,502 pcs. lathwood, 109 c. deals, &c., Hornstedt.",SMALL_MULTI_SPLIT,True,Astarte
14. p. 212-215 - October 30 1875 - Timber Trades Journal Vol. 3 1875_p002.txt,9,Munin,Gothenburg,LONDON,—177 c,,,,1875,30,10,1875,True,"Munin (s) @ Gothenburg,—177 c. deals, &c., Smith.",SMALL_MULTI_SPLIT,True,Astarte
14. p. 212-215 - October 30 1875 - Timber Trades Journal Vol. 3 1875_p002.txt,9,Orlando,Gothenburg,LONDON,—54 c,,,,1875,30,10,1875,True,"Orlando (s) @ Gothenburg,—54 c. deals, &c., 2,000 bdls. laths, Wilson.",SMALL_MULTI_SPLIT,True,Astarte
14. p. 212-215 - October 30 1875 - Timber Trades Journal Vol. 3 1875_p002.txt,10,Volga,Cronstadt,LONDON,78 c,,,,1875,30,10,1875,False,"Volga @ Cronstadt, 78 c. deals, &c., 3,000 handspikes, Brown.",SMALL_MULTI_SPLIT,True,Volga
14. p. 212-215 - October 30 1875 - Timber Trades Journal Vol. 3 1875_p002.txt,10,Gerhadina,Mesane,LONDON,101 c,,,,1875,30,10,1875,False,"Gerhadina @ Mesane, 101 c. boards, &c., Voigt. Wasa,—8,300 handspikes, 7,305 fms. firewood, Wilson.",SMALL_MULTI_SPLIT,True,Volga
14. p. 212-215 - October 30 1875 - Timber Trades Journal Vol. 3 1875_p002.txt,10,Solide,Toreefors,LONDON,95 c,,,,1875,30,10,1875,False,"Solide @ Toreefors, 95 c. deals, &c., 5 fms. firewood, Wilson.",SMALL_MULTI_SPLIT,True,Volga
14. p. 212-215 - October 30 1875 - Timber Trades Journal Vol. 3 1875_p002.txt,15,Natalia,Ljusne,LONDON,—111 c,,,,1875,30,10,1875,False,"Natalia @ Ljusne,—111 c. deals, &c., Granberg.",SMALL_MULTI_SPLIT,True,Natalia
14. p. 212-215 - October 30 1875 - Timber Trades Journal Vol. 3 1875_p002.txt,15,Nikolina,Pitea,LONDON,—67 c,,,,1875,30,10,1875,False,"Nikolina @ Pitea,—67 c. deals, &c., Granberg.",SMALL_MULTI_SPLIT,True,Natalia
14. p. 212-215 - October 30 1875 - Timber Trades Journal Vol. 3 1875_p002.txt,15,Eli,Bjorneborg,LONDON,—141 c,,,,1875,30,10,1875,False,"Eli @ Bjorneborg,—141 c. battens, &c., Granberg.",SMALL_MULTI_SPLIT,True,Natalia
14. p. 212-215 - October 30 1875 - Timber Trades Journal Vol. 3 1875_p002.txt,15,Milan,Cronstadt,LONDON,—2,558 pcs,,,1875,30,10,1875,True,"Milan (s) @ Cronstadt,—2,558 pcs. lathwood, 35 c. deals, &c., Wilson.",SMALL_MULTI_SPLIT,True,Natalia
14. p. 212-215 - October 30 1875 - Timber Trades Journal Vol. 3 1875_p002.txt,15,Rinaldo,Cronstadt,LONDON,—4,858 pcs,,,1875,30,10,1875,True,"Rinaldo (s) @ Cronstadt,—4,858 pcs. lathwood, 368 rickers, Brown.",SMALL_MULTI_SPLIT,True,Natalia
14. p. 212-215 - October 30 1875 - Timber Trades Journal Vol. 3 1875_p002.txt,18,Carl Shumacher,Riga,LONDON,—18,393 pcs,,,1875,30,10,1875,False,"Carl Shumacher @ Riga,—18,393 pcs. lathwood, Cronstadt,—62 c. deals, &c., Ronngren.",SMALL_MULTI_SPLIT,True,Oscar I.
14. p. 212-215 - October 30 1875 - Timber Trades Journal Vol. 3 1875_p002.txt,18,Prince Albert,Riga,LONDON,—109 c,,,,1875,30,10,1875,False,"Prince Albert @ Riga,—109 c. battens, Ronngren.",SMALL_MULTI_SPLIT,True,Oscar I.
14. p. 212-215 - October 30 1875 - Timber Trades Journal Vol. 3 1875_p002.txt,18,Major,Skonvik,LONDON,—97 c,,,,1875,30,10,1875,False,"Major @ Skonvik,—97 c. deals, &c., Winter.",SMALL_MULTI_SPLIT,True,Oscar I.
14. p. 212-215 - October 30 1875 - Timber Trades Journal Vol. 3 1875_p002.txt,18,Freundchaft,Kotka,LONDON,61 c,,,,1875,30,10,1875,False,"Freundchaft @ Kotka, 61 c. deals, &c., Briggs.",SMALL_MULTI_SPLIT,True,Oscar I.
14. p. 212-215 - October 30 1875 - Timber Trades Journal Vol. 3 1875_p002.txt,19,Theodor Behrend,Gefle,LONDON,—157 c,,,,1875,30,10,1875,False,"Theodor Behrend @ Gefle,—157 c. deals, &c., Winter.",SMALL_MULTI_SPLIT,True,Theodor Behrend
14. p. 212-215 - October 30 1875 - Timber Trades Journal Vol. 3 1875_p002.txt,19,Carl,Gefle,LONDON,—48 c,,,,1875,30,10,1875,False,"Carl @ Gefle,—48 c. deals, &c., Ericsson.",SMALL_MULTI_SPLIT,True,Theodor Behrend
14. p. 212-215 - October 30 1875 - Timber Trades Journal Vol. 3 1875_p002.txt,19,Emelie,Gefle,LONDON,—106 c,,,,1875,30,10,1875,False,"Emelie @ Gefle,—106 c. deals, &c., Winter. Stourton,—51 c. deals, &c., Granberg.",SMALL_MULTI_SPLIT,True,Theodor Behrend
14. p. 212-215 - October 30 1875 - Timber Trades Journal Vol. 3 1875_p002.txt,19,Onnen Toivo,Soderhamn,LONDON,—97 c,,,,1875,30,10,1875,False,"Onnen Toivo @ Soderhamn,—97 c. deals, &c., Granberg.",SMALL_MULTI_SPLIT,True,Theodor Behrend
14. p. 212-215 - October 30 1875 - Timber Trades Journal Vol. 3 1875_p002.txt,19,Nidaros,Skonvik,LONDON,—220 bdls,,,,1875,30,10,1875,False,"Nidaros @ Skonvik,—220 bdls. staves, &c., Winter.",SMALL_MULTI_SPLIT,True,Theodor Behrend
14. p. 212-215 - October 30 1875 - Timber Trades Journal Vol. 3 1875_p003.txt,11,Halcyon,Gothenburg,LONDON,—9,013 pcs,,,1875,30,10,1875,False,"Halcyon @ Gothenburg,—9,013 pcs. deals and battens, J. Harle & Son.",SMALL_MULTI_SPLIT,True,Halcyon
14. p. 212-215 - October 30 1875 - Timber Trades Journal Vol. 3 1875_p003.txt,11,Urdur,Oscarshamn,LONDON,—4,476 pcs,,,1875,30,10,1875,False,"Urdur @ Oscarshamn,—4,476 pcs. deals, 700 headings, J. Black & Co.",SMALL_MULTI_SPLIT,True,Halcyon
14. p. 212-215 - October 30 1875 - Timber Trades Journal Vol. 3 1875_p003.txt,11,Eclipse,Hamburg,LONDON,—3,099 pcs,,,1875,30,10,1875,False,"Eclipse @ Hamburg,—3,099 pcs. mining timber, Rayner & Moller.",SMALL_MULTI_SPLIT,True,Halcyon
14. p. 212-215 - October 30 1875 - Timber Trades Journal Vol. 3 1875_p003.txt,13,Familier,Ornskolksvik,LONDON,—5,268 pcs,,,1875,30,10,1875,False,"Familier @ Ornskolksvik,—5,268 pcs. deals and battens, Order.",SMALL_MULTI_SPLIT,True,Familier
14. p. 212-215 - October 30 1875 - Timber Trades Journal Vol. 3 1875_p003.txt,13,Prinz Adalbert,Danzig,LONDON,—69 pcs,,,,1875,30,10,1875,False,"Prinz Adalbert @ Danzig,—69 pcs. oak timber, 1,123 pcs. fir whitewood timber, 1,058 pcs. lathwood, Borris, Craig, & Co.",SMALL_MULTI_SPLIT,True,Familier
14. p. 212-215 - October 30 1875 - Timber Trades Journal Vol. 3 1875_p003.txt,13,Sunderland,Wifstawarf,LONDON,—10,192 pcs,,,1875,30,10,1875,False,"Sunderland @ Wifstawarf,—10,192 pcs. boards, Borris, Craig, & Co.",SMALL_MULTI_SPLIT,True,Familier
14. p. 212-215 - October 30 1875 - Timber Trades Journal Vol. 3 1875_p003.txt,15,Brother's Pride,St. John,BRISTOL,N,,,,1875,30,10,1875,False,"Brother's Pride @ St. John, N.B.,—13,070 deals, &c., T. Barnes.",SMALL_MULTI_SPLIT,True,Brother's Pride
14. p. 212-215 - October 30 1875 - Timber Trades Journal Vol. 3 1875_p003.txt,15,Sparkenhoe,Quebec,BRISTOL,—1,403 pcs,,,1875,30,10,1875,False,"Sparkenhoe @ Quebec,—1,403 pcs. timber, 2,100 deals, 12 cords lathwood, Bayly & Co.",SMALL_MULTI_SPLIT,True,Brother's Pride
14. p. 212-215 - October 30 1875 - Timber Trades Journal Vol. 3 1875_p003.txt,15,Uranus,Archangel,BRISTOL,"—7,185 deals",&c,,,1875,30,10,1875,False,"Uranus @ Archangel,—7,185 deals, &c., G. M. Barnes.",SMALL_MULTI_SPLIT,True,Brother's Pride
14. p. 212-215 - October 30 1875 - Timber Trades Journal Vol. 3 1875_p003.txt,16,Kosmos,Quebec,BRISTOL,"—8,695 deals, 750 staves, 5 cords lathwood",Order,,,1875,30,10,1875,False,"Kosmos @ Quebec,—8,695 deals, 750 staves, 5 cords lathwood, Order.",SMALL_MULTI_SPLIT,True,Kosmos
14. p. 212-215 - October 30 1875 - Timber Trades Journal Vol. 3 1875_p003.txt,16,Carrie Humphrey,Bath,BRISTOL,"—29,635 deals",&c,,,1875,30,10,1875,False,"Carrie Humphrey @ Bath,—29,635 deals, &c., Farnworth & Co.",SMALL_MULTI_SPLIT,True,Kosmos
14. p. 212-215 - October 30 1875 - Timber Trades Journal Vol. 3 1875_p003.txt,16,Otilla,Fredrikstad,BRISTOL,"38,585 boards",&c,,,1875,30,10,1875,False,"Otilla @ Fredrikstad, 38,585 boards, &c., Jones & Co. J. B. Old &c. 3,318 pcs. lathwood, May & Co.",SMALL_MULTI_SPLIT,True,Kosmos
14. p. 212-215 - October 30 1875 - Timber Trades Journal Vol. 3 1875_p003.txt,36,Louise,Riga,BRISTOL,"—3,922 deals and ends",A,,,1875,30,10,1875,False,"Louise @ Riga,—3,922 deals and ends, A. Thomson & Nephews.",SMALL_MULTI_SPLIT,True,Louise
14. p. 212-215 - October 30 1875 - Timber Trades Journal Vol. 3 1875_p003.txt,36,Lidsjalf,Skonvik,BRISTOL,—415 pcs,,,,1875,30,10,1875,False,"Lidsjalf @ Skonvik,—415 pcs. timber, 1,793 battens, A. Thomson & Nephews.",SMALL_MULTI_SPLIT,True,Louise
14. p. 212-215 - October 30 1875 - Timber Trades Journal Vol. 3 1875_p003.txt,36,Louise,Konigsberg,BRISTOL,—197 pcs,,,,1875,30,10,1875,False,"Louise @ Konigsberg,—197 pcs. timber, 136 deals, Order.",SMALL_MULTI_SPLIT,True,Louise
14. p. 212-215 - October 30 1875 - Timber Trades Journal Vol. 3 1875_p003.txt,36,Therese,Bjorneberg,BRISTOL,"—11,192 battens",J,,,1875,30,10,1875,False,"Therese @ Bjorneberg,—11,192 battens, J. T. Salvesen & Co.",SMALL_MULTI_SPLIT,True,Louise
14. p. 212-215 - October 30 1875 - Timber Trades Journal Vol. 3 1875_p003.txt,51,Louise,Riga,BRISTOL,"—3,922 deals and ends",A,,,1875,30,10,1875,False,"Louise @ Riga,—3,922 deals and ends, A. Thomson & Nephews.",SMALL_MULTI_SPLIT,True,Louise
14. p. 212-215 - October 30 1875 - Timber Trades Journal Vol. 3 1875_p003.txt,51,Lidsjalf,Skonvik,BRISTOL,—415 pcs,,,,1875,30,10,1875,False,"Lidsjalf @ Skonvik,—415 pcs. timber, 1,793 battens, A. Thomson & Nephews.",SMALL_MULTI_SPLIT,True,Louise
14. p. 212-215 - October 30 1875 - Timber Trades Journal Vol. 3 1875_p003.txt,51,Louise,Konigsberg,BRISTOL,—197 pcs,,,,1875,30,10,1875,False,"Louise @ Konigsberg,—197 pcs. timber, 136 deals, Order.",SMALL_MULTI_SPLIT,True,Louise
14. p. 212-215 - October 30 1875 - Timber Trades Journal Vol. 3 1875_p003.txt,51,Therese,Bjorneberg,BRISTOL,"—11,192 battens",J,,,1875,30,10,1875,False,"Therese @ Bjorneberg,—11,192 battens, J. T. Salvesen & Co.",SMALL_MULTI_SPLIT,True,Louise
14. p. 212-215 - October 30 1875 - Timber Trades Journal Vol. 3 1875_p004.txt,71,Christine,Moss,BIRKBECK BUILDING SOCIETY'S,"—5,119 props, Grieve",Madson & Co,,,1875,30,10,1875,False,"Christine @ Moss,—5,119 props, Grieve, Madson & Co.",SMALL_MULTI_SPLIT,True,Christine
14. p. 212-215 - October 30 1875 - Timber Trades Journal Vol. 3 1875_p004.txt,71,Familien Haab,Cronstadt,BIRKBECK BUILDING SOCIETY'S,"—5,645 deals and battens, Mitchell",Thomson & Co,,,1875,30,10,1875,False,"Familien Haab @ Cronstadt,—5,645 deals and battens, Mitchell, Thomson & Co.",SMALL_MULTI_SPLIT,True,Christine
14. p. 212-215 - October 30 1875 - Timber Trades Journal Vol. 3 1875_p004.txt,71,Von Rosterff Rosenhagan,Danzig,BIRKBECK BUILDING SOCIETY'S,—667 pcs,,,,1875,30,10,1875,False,"Von Rosterff Rosenhagan @ Danzig,—667 pcs. timber, 217 half sleepers, 663 pcs. lathwood, Mitchell, Thomson & Co.",SMALL_MULTI_SPLIT,True,Christine
14. p. 212-215 - October 30 1875 - Timber Trades Journal Vol. 3 1875_p004.txt,80,Helmuth Mentz,Riga,BO'NESS,"—2,134 sleepers",2 fms,,,1875,30,10,1875,False,"Helmuth Mentz @ Riga,—2,134 sleepers, 2 fms. lath-wood, Calder & Co.",SMALL_MULTI_SPLIT,True,Helmuth Mentz
14. p. 212-215 - October 30 1875 - Timber Trades Journal Vol. 3 1875_p004.txt,80,Bernard,Sannesund,BO'NESS,"—330 planks, 1",910 pcs,,,1875,30,10,1875,False,"Bernard @ Sannesund,—330 planks, 1,910 pcs. mining timber, 2,876 props, 83 spars, W. Donaldson.",SMALL_MULTI_SPLIT,True,Helmuth Mentz
14. p. 212-215 - October 30 1875 - Timber Trades Journal Vol. 3 1875_p004.txt,80,Mercur,Christiania,BO'NESS,"—9,104 props",Gulstadt & Co,,,1875,30,10,1875,False,"Mercur @ Christiania,—9,104 props, Gulstadt & Co.",SMALL_MULTI_SPLIT,True,Helmuth Mentz
"15. p. 221-223 - November 14 1874 - Imports of Timber, &c. - Timber Trades Journal Vol. 2 1875_p002.txt",9,Kockum,Saguenay,LONDON,—26,855 pcs,,,1874,14,11,1874,False,"Kockum @ Saguenay,—26,855 pcs. deals, 2,335 pcs. ends, 4,220 pcs. palings, Order.",SMALL_MULTI_SPLIT,True,F. H. Kockum
"15. p. 221-223 - November 14 1874 - Imports of Timber, &c. - Timber Trades Journal Vol. 2 1875_p002.txt",9,Solertia,Sundswall,LONDON,— 987 doz,,,,1874,14,11,1874,False,"Solertia @ Sundswall,— 987 doz. deals and battens, W. K.",SMALL_MULTI_SPLIT,True,F. H. Kockum
"15. p. 221-223 - November 14 1874 - Imports of Timber, &c. - Timber Trades Journal Vol. 2 1875_p002.txt",9,Thornton,Wyburg,LONDON,—670 doz,,,,1874,14,11,1874,False,"Thornton @ Wyburg,—670 doz. deals and battens, W. K. & Son.",SMALL_MULTI_SPLIT,True,F. H. Kockum
"15. p. 221-223 - November 14 1874 - Imports of Timber, &c. - Timber Trades Journal Vol. 2 1875_p002.txt",9,Margaret Edwards,Archangel,LONDON,"— 11,797 deals, battens, boards, and ends",Order,,,1874,14,11,1874,False,"Margaret Edwards @ Archangel,— 11,797 deals, battens, boards, and ends, Order.",SMALL_MULTI_SPLIT,True,F. H. Kockum
"15. p. 221-223 - November 14 1874 - Imports of Timber, &c. - Timber Trades Journal Vol. 2 1875_p002.txt",18,Sidon,New York,LIVERPOOL,—376 sticks lignum vitæ,Order,,,1874,14,11,1874,True,"Sidon (s) @ New York,—376 sticks lignum vitæ, Order.",SMALL_MULTI_SPLIT,True,Sidon
"15. p. 221-223 - November 14 1874 - Imports of Timber, &c. - Timber Trades Journal Vol. 2 1875_p002.txt",18,Red Jacket Claudia,Rangoon,LIVERPOOL,—27 ventilators,,,,1874,14,11,1874,False,"Red Jacket Claudia @ Rangoon,—27 ventilators",SMALL_MULTI_SPLIT,True,Sidon
"15. p. 221-223 - November 14 1874 - Imports of Timber, &c. - Timber Trades Journal Vol. 2 1875_p002.txt",18,"Red Jacket Claudia @ Rangoon,—27 ventilators",Constantinople,LIVERPOOL,—9 t,,,,1874,14,11,1874,False,"Red Jacket Claudia @ Rangoon,—27 ventilators @ Constantinople,—9 t. boxwood, 85 planks, Order.",SMALL_MULTI_SPLIT,True,Sidon
"15. p. 221-223 - November 14 1874 - Imports of Timber, &c. - Timber Trades Journal Vol. 2 1875_p002.txt",18,Red Jacket,Quebec,LIVERPOOL,"—38,356 deals, 2,996 ends, 10,240 boards",Order,,,1874,14,11,1874,False,"Red Jacket @ Quebec,—38,356 deals, 2,996 ends, 10,240 boards, Order.",SMALL_MULTI_SPLIT,True,Sidon
"15. p. 221-223 - November 14 1874 - Imports of Timber, &c. - Timber Trades Journal Vol. 2 1875_p002.txt",23,Prins Carl,Cronstadt,LIVERPOOL,"—6,366 deals",Order,,,1874,14,11,1874,False,"Prins Carl @ Cronstadt,—6,366 deals, Order.",SMALL_MULTI_SPLIT,True,Prins Carl
"15. p. 221-223 - November 14 1874 - Imports of Timber, &c. - Timber Trades Journal Vol. 2 1875_p002.txt",23,Agia Sophia,Constantinople,LIVERPOOL,—20,688 pcs,,,1874,14,11,1874,True,"Agia Sophia (s) @ Constantinople,—20,688 pcs. boxwood. George A.",SMALL_MULTI_SPLIT,True,Prins Carl
"15. p. 221-223 - November 14 1874 - Imports of Timber, &c. - Timber Trades Journal Vol. 2 1875_p002.txt",23,Holt,St. John,LIVERPOOL,N,,,,1874,14,11,1874,False,"Holt @ St. John, N.B.,—28,834 deals, &c., 1,799 pcs. scantling, 2,455 boards, Farnworth & Co.",SMALL_MULTI_SPLIT,True,Prins Carl
"15. p. 221-223 - November 14 1874 - Imports of Timber, &c. - Timber Trades Journal Vol. 2 1875_p003.txt",6,Heimrod,Mesane,LIVERPOOL,—5 lds,,,,1874,14,11,1874,False,"Heimrod @ Mesane,—5 lds. firewood, 2 spars, 38 c. deals, &c., Voigt.",SMALL_MULTI_SPLIT,True,Heimrod
"15. p. 221-223 - November 14 1874 - Imports of Timber, &c. - Timber Trades Journal Vol. 2 1875_p003.txt",6,Como,Cronstadt,LIVERPOOL,—3,040 pcs,,,1874,14,11,1874,False,"Como @ Cronstadt,—3,040 pcs. lathwood, Wilson.",SMALL_MULTI_SPLIT,True,Heimrod
"15. p. 221-223 - November 14 1874 - Imports of Timber, &c. - Timber Trades Journal Vol. 2 1875_p003.txt",6,Hero,Christiania,LIVERPOOL,—504 pkgs,,,,1874,14,11,1874,True,"Hero (s) @ Christiania,—504 pkgs. wood pulp, 27 c. battens, 66 c. deals, &c., Wilson.",SMALL_MULTI_SPLIT,True,Heimrod
"15. p. 221-223 - November 14 1874 - Imports of Timber, &c. - Timber Trades Journal Vol. 2 1875_p003.txt",6,Rollo,Gothenburg,LIVERPOOL,—3,677 bdls,,,1874,14,11,1874,False,"Rollo @ Gothenburg,—3,677 bdls. laths, 3,339 pit props, 960 bls. 683 pkgs. wood pulp, Wilson.",SMALL_MULTI_SPLIT,True,Heimrod
"15. p. 221-223 - November 14 1874 - Imports of Timber, &c. - Timber Trades Journal Vol. 2 1875_p003.txt",13,Lady Cartier,Quebec,BRISTOL,—493 pcs,,,,1874,14,11,1874,False,"Lady Cartier @ Quebec,—493 pcs. timber, 10,823 deals, 937 deal ends, 1,634 staves, Jones & Co.",SMALL_MULTI_SPLIT,True,Lady Cartier
"15. p. 221-223 - November 14 1874 - Imports of Timber, &c. - Timber Trades Journal Vol. 2 1875_p003.txt",13,Kalerwo,Raso,BRISTOL,"—1,974 deals",&c,,,1874,14,11,1874,False,"Kalerwo @ Raso,—1,974 deals, &c., Emblin & Co.",SMALL_MULTI_SPLIT,True,Lady Cartier
"15. p. 221-223 - November 14 1874 - Imports of Timber, &c. - Timber Trades Journal Vol. 2 1875_p003.txt",13,Union,Ny Carleby,BRISTOL,"—14,089 deals",Jones & Co,,,1874,14,11,1874,False,"Union @ Ny Carleby,—14,089 deals, Jones & Co.",SMALL_MULTI_SPLIT,True,Lady Cartier
"15. p. 221-223 - November 14 1874 - Imports of Timber, &c. - Timber Trades Journal Vol. 2 1875_p003.txt",13,Nevasota,Cronstadt,BRISTOL,"—5,451 deals",May & Co,,,1874,14,11,1874,False,"Nevasota @ Cronstadt,—5,451 deals, May & Co.",SMALL_MULTI_SPLIT,True,Lady Cartier
"15. p. 221-223 - November 14 1874 - Imports of Timber, &c. - Timber Trades Journal Vol. 2 1875_p003.txt",17,Tafvar,Skelleftea,BRISTOL,—9,273 pcs,,,1874,14,11,1874,False,"Tafvar @ Skelleftea,—9,273 pcs. battens and boards, R. Wade, Sons, & Co.",SMALL_MULTI_SPLIT,True,Tafvar
"15. p. 221-223 - November 14 1874 - Imports of Timber, &c. - Timber Trades Journal Vol. 2 1875_p003.txt",17,Hertna,Monsteras,BRISTOL,—4,866 pcs,,,1874,14,11,1874,False,"Hertna @ Monsteras,—4,866 pcs. props, E. S. Jobson & Co.",SMALL_MULTI_SPLIT,True,Tafvar
"15. p. 221-223 - November 14 1874 - Imports of Timber, &c. - Timber Trades Journal Vol. 2 1875_p003.txt",17,Ist,Stockholm,BRISTOL,—5,901 pcs,,,1874,14,11,1874,False,"Ist @ Stockholm,—5,901 pcs. deals, battens, and ends, Harston & Sheraton.",SMALL_MULTI_SPLIT,True,Tafvar
"15. p. 221-223 - November 14 1874 - Imports of Timber, &c. - Timber Trades Journal Vol. 2 1875_p003.txt",22,Felicity,Sundswall,BRISTOL,"—17,235 deals, battens, and boards",May & Hassell,,,1874,14,11,1874,False,"Felicity @ Sundswall,—17,235 deals, battens, and boards, May & Hassell.",SMALL_MULTI_SPLIT,True,Felicity
"15. p. 221-223 - November 14 1874 - Imports of Timber, &c. - Timber Trades Journal Vol. 2 1875_p003.txt",22,Mary Ann,Danzig,BRISTOL,—1,164 pcs,,,1874,14,11,1874,False,"Mary Ann @ Danzig,—1,164 pcs. round fir sleepers, 175 pcs. half-round sleepers, R. Wade, Sons, & Co.",SMALL_MULTI_SPLIT,True,Felicity
"15. p. 221-223 - November 14 1874 - Imports of Timber, &c. - Timber Trades Journal Vol. 2 1875_p003.txt",22,Rosa,Riga,BRISTOL,—8,909 pcs,,,1874,14,11,1874,True,"Rosa (s) @ Riga,—8,909 pcs. square sleepers, 740 pcs. half-square sleepers; Order; a quantity of wood, T. Walker & Co.",SMALL_MULTI_SPLIT,True,Felicity
"15. p. 221-223 - November 14 1874 - Imports of Timber, &c. - Timber Trades Journal Vol. 2 1875_p003.txt",32,Success,Cronstadt,DUNDEE,—13 lds,,,,1874,14,11,1874,False,"Success @ Cronstadt,—13 lds. firewood, J. Machan.",SMALL_MULTI_SPLIT,True,Success
"15. p. 221-223 - November 14 1874 - Imports of Timber, &c. - Timber Trades Journal Vol. 2 1875_p003.txt",32,Mountaineer,Sundswall,DUNDEE,—830 pcs,,,,1874,14,11,1874,False,"Mountaineer @ Sundswall,—830 pcs. timber, 753 deals, G. Jessiman. October 29th.",SMALL_MULTI_SPLIT,True,Success
"15. p. 221-223 - November 14 1874 - Imports of Timber, &c. - Timber Trades Journal Vol. 2 1875_p003.txt",32,Ernestine,Sundswall,DUNDEE,"—6,115 battens",Order,,,1874,14,11,1874,False,"Ernestine @ Sundswall,—6,115 battens, Order.",SMALL_MULTI_SPLIT,True,Success
"15. p. 221-223 - November 14 1874 - Imports of Timber, &c. - Timber Trades Journal Vol. 2 1875_p003.txt",32,Emily,Cronstadt,DUNDEE,"—5,188 battens and deals",J,,,1874,14,11,1874,False,"Emily @ Cronstadt,—5,188 battens and deals, J. Donaldson.",SMALL_MULTI_SPLIT,True,Success
15. p. 228-230 - November 13 1875 - Timber Trades Journal Vol. 3 1875_p002.txt,5,Messer,Skonvik,BRISTOL,"—16,206 deals",&c,,,1875,13,11,1875,False,"Messer @ Skonvik,—16,206 deals, &c., Taylor & Co.",SMALL_MULTI_SPLIT,True,R. W. Messer
15. p. 228-230 - November 13 1875 - Timber Trades Journal Vol. 3 1875_p002.txt,5,Arno,Husum,BRISTOL,"—7,898 deals",&c,,,1875,13,11,1875,False,"Arno @ Husum,—7,898 deals, &c., Jones & Co.",SMALL_MULTI_SPLIT,True,R. W. Messer
15. p. 228-230 - November 13 1875 - Timber Trades Journal Vol. 3 1875_p002.txt,5,Aldebaran,Kotka,BRISTOL,"—1,886 battens, 8,598 battens",Taylor & Co,,,1875,13,11,1875,False,"Aldebaran @ Kotka,—1,886 battens, 8,598 battens, Taylor & Co.",SMALL_MULTI_SPLIT,True,R. W. Messer
15. p. 228-230 - November 13 1875 - Timber Trades Journal Vol. 3 1875_p002.txt,5,Wilbur,Fredrikstad,BRISTOL,"—54,151 boards, 163,232 staves",Taylor & Co,,,1875,13,11,1875,False,"Wilbur @ Fredrikstad,—54,151 boards, 163,232 staves, Taylor & Co.",SMALL_MULTI_SPLIT,True,R. W. Messer
15. p. 228-230 - November 13 1875 - Timber Trades Journal Vol. 3 1875_p002.txt,5,[?],Fredrikstad,BRISTOL,"—18,400 deals",G,,,1875,13,11,1875,False,"[?] @ Fredrikstad,—18,400 deals, G. M. Barnes.",SMALL_MULTI_SPLIT,True,R. W. Messer
15. p. 228-230 - November 13 1875 - Timber Trades Journal Vol. 3 1875_p002.txt,7,Roving Sailor,Ljusne,BRISTOL,"—18,001 deals",&c,,,1875,13,11,1875,False,"Roving Sailor @ Ljusne,—18,001 deals, &c., Taylor & Co.",SMALL_MULTI_SPLIT,True,Roving Sailor
15. p. 228-230 - November 13 1875 - Timber Trades Journal Vol. 3 1875_p002.txt,7,Agenora,Hudikswall,BRISTOL,"—7,181 deals, 1,085 ends",157 pcs,,,1875,13,11,1875,False,"Agenora @ Hudikswall,—7,181 deals, 1,085 ends, 157 pcs. lathwood, Taylor & Co.",SMALL_MULTI_SPLIT,True,Roving Sailor
15. p. 228-230 - November 13 1875 - Timber Trades Journal Vol. 3 1875_p002.txt,7,Sawark,Cronstadt,BRISTOL,"—16,830 deals",&c,,,1875,13,11,1875,False,"Sawark @ Cronstadt,—16,830 deals, &c., Taylor & Co.",SMALL_MULTI_SPLIT,True,Roving Sailor
15. p. 228-230 - November 13 1875 - Timber Trades Journal Vol. 3 1875_p002.txt,7,Marie,Skonvik,BRISTOL,"—88,133 boards",Order,,,1875,13,11,1875,False,"Marie @ Skonvik,—88,133 boards, Order.",SMALL_MULTI_SPLIT,True,Roving Sailor
15. p. 228-230 - November 13 1875 - Timber Trades Journal Vol. 3 1875_p002.txt,16,Carl Frederick,Sundswall,BRISTOL,—1,374 pcs,,,1875,13,11,1875,False,"Carl Frederick @ Sundswall,—1,374 pcs. fir timber, 1,490 deals, R. Wade, Sons & Co.",SMALL_MULTI_SPLIT,True,Carl Frederick
15. p. 228-230 - November 13 1875 - Timber Trades Journal Vol. 3 1875_p002.txt,16,Lord Palmerston,Hietanen,BRISTOL,—7,730 pcs,,,1875,13,11,1875,False,"Lord Palmerston @ Hietanen,—7,730 pcs. deals, battens, and boards, R. Wade, Sons & Co.",SMALL_MULTI_SPLIT,True,Carl Frederick
15. p. 228-230 - November 13 1875 - Timber Trades Journal Vol. 3 1875_p002.txt,16,Sophie Wilhelmine,Brevig,BRISTOL,—495 pcs,,,,1875,13,11,1875,False,"Sophie Wilhelmine @ Brevig,—495 pcs. fir timber, 896 pcs. round timber, 2,196 pcs. props, R. Evans & Co.",SMALL_MULTI_SPLIT,True,Carl Frederick
15. p. 228-230 - November 13 1875 - Timber Trades Journal Vol. 3 1875_p002.txt,19,August Edward,Dantzic,BRISTOL,—2,786 pcs,,,1875,13,11,1875,False,"August Edward @ Dantzic,—2,786 pcs. fir timber, 231 pcs. half sleepers, R. Wade, Sons & Co.",SMALL_MULTI_SPLIT,True,August Edward
15. p. 228-230 - November 13 1875 - Timber Trades Journal Vol. 3 1875_p002.txt,19,Express,Dantzic,BRISTOL,534 pcs,,,,1875,13,11,1875,False,"Express @ Dantzic, 534 pcs. sleepers, 79 pcs. half sleepers, R. Wade, Sons & Co.",SMALL_MULTI_SPLIT,True,August Edward
15. p. 228-230 - November 13 1875 - Timber Trades Journal Vol. 3 1875_p002.txt,19,Alma Thorburn,Helsingfors,BRISTOL,—9,107 pcs,,,1875,13,11,1875,False,"Alma Thorburn @ Helsingfors,—9,107 pcs. battens, Mitchell & Co.",SMALL_MULTI_SPLIT,True,August Edward
15. p. 228-230 - November 13 1875 - Timber Trades Journal Vol. 3 1875_p002.txt,34,Emanuel,Wifstawarf,BRISTOL,—Battens and deals,W,,,1875,13,11,1875,False,"Emanuel @ Wifstawarf,—Battens and deals, W. J. Harding.",SMALL_MULTI_SPLIT,True,Emanuel
15. p. 228-230 - November 13 1875 - Timber Trades Journal Vol. 3 1875_p002.txt,34,Star,Gothenburg,BRISTOL,—11,251 pcs,,,1875,13,11,1875,False,"Star @ Gothenburg,—11,251 pcs. deals, Jefferson & Trotter.",SMALL_MULTI_SPLIT,True,Emanuel
15. p. 228-230 - November 13 1875 - Timber Trades Journal Vol. 3 1875_p002.txt,34,Albert and Anne,Memel,BRISTOL,—7,161 pcs,,,1875,13,11,1875,False,"Albert and Anne @ Memel,—7,161 pcs. pit props, Hunter & Ericksen. deals and ends, 205 pcs. deals and ends, Order.",SMALL_MULTI_SPLIT,True,Emanuel
15. p. 228-230 - November 13 1875 - Timber Trades Journal Vol. 3 1875_p002.txt,38,Johanna,Skien,BRISTOL,"—57,290 staves",J,,,1875,13,11,1875,False,"Johanna @ Skien,—57,290 staves, J. & R. Cooper.",SMALL_MULTI_SPLIT,True,Johanna
15. p. 228-230 - November 13 1875 - Timber Trades Journal Vol. 3 1875_p002.txt,38,Susanna,Gefle,BRISTOL,"—8,297 deals and boards",Order,,,1875,13,11,1875,False,"Susanna @ Gefle,—8,297 deals and boards, Order.",SMALL_MULTI_SPLIT,True,Johanna
15. p. 228-230 - November 13 1875 - Timber Trades Journal Vol. 3 1875_p002.txt,38,Balder,Riga,BRISTOL,"—3,283 deals and ends",Order,,,1875,13,11,1875,False,"Balder @ Riga,—3,283 deals and ends, Order.",SMALL_MULTI_SPLIT,True,Johanna
15. p. 228-230 - November 13 1875 - Timber Trades Journal Vol. 3 1875_p002.txt,38,Ariel,Sundswall,BRISTOL,433 pcs,,,,1875,13,11,1875,False,"Ariel @ Sundswall, 433 pcs. timber, 1,246 battens, Order.",SMALL_MULTI_SPLIT,True,Johanna
15. p. 228-230 - November 13 1875 - Timber Trades Journal Vol. 3 1875_p002.txt,56,Anna,Fredrickshamn,GREENOCK,—114 c,,,,1875,13,11,1875,False,"Anna @ Fredrickshamn,—114 c. deals, &c., Brown.",SMALL_MULTI_SPLIT,True,Anna
15. p. 228-230 - November 13 1875 - Timber Trades Journal Vol. 3 1875_p002.txt,56,Aurelius,Stockholm,GREENOCK,—28 c,,,,1875,13,11,1875,False,"Aurelius @ Stockholm,—28 c. deals, &c., Wester.",SMALL_MULTI_SPLIT,True,Anna
15. p. 228-230 - November 13 1875 - Timber Trades Journal Vol. 3 1875_p002.txt,56,Yeddo,Wyburg,GREENOCK,—3,126 pcs,,,1875,13,11,1875,True,"Yeddo (s) @ Wyburg,—3,126 pcs. lathwood, 794 rickers, 6 c. deals, Wilson.",SMALL_MULTI_SPLIT,True,Anna
15. p. 228-230 - November 13 1875 - Timber Trades Journal Vol. 3 1875_p002.txt,56,Othilia,Wyburg,GREENOCK,199 c,,,,1875,13,11,1875,False,"Othilia @ Wyburg, 199 c. deals, &c., Rosengren.",SMALL_MULTI_SPLIT,True,Anna
"16. p. 241-243 - November 27 1875 - Imports of Timber, &c. -Timber Trades Journal Vol. 3 1875_p002.txt",94,Carl Richard,Danzig,BRISTOL,—82 pcs,,,,1875,27,11,1875,False,"Carl Richard @ Danzig,—82 pcs. crooks, 414 pcs. fir timber, fms. lathwood, A. Hood & Co.",SMALL_MULTI_SPLIT,True,Carl Richard
"16. p. 241-243 - November 27 1875 - Imports of Timber, &c. -Timber Trades Journal Vol. 3 1875_p002.txt",94,Hertha,Riga,BRISTOL,"—4,280 deal ends, Harley, Clark",& Berkley,,,1875,27,11,1875,False,"Hertha @ Riga,—4,280 deal ends, Harley, Clark, & Berkley.",SMALL_MULTI_SPLIT,True,Carl Richard
"16. p. 241-243 - November 27 1875 - Imports of Timber, &c. -Timber Trades Journal Vol. 3 1875_p002.txt",94,Altermom Mees,Soderhamn,BRISTOL,—1,610 pcs,,,1875,27,11,1875,False,"Altermom Mees @ Soderhamn, —1,610 pcs. deals and battens, 2,494 bds., Jefferson & Trother.",SMALL_MULTI_SPLIT,True,Carl Richard
"16. p. 241-243 - November 27 1875 - Imports of Timber, &c. -Timber Trades Journal Vol. 3 1875_p003.txt",48,Alma,Christiansand,DUNDEE,"—7,560 handspokes",Qwosbarth & Co,,,1875,27,11,1875,False,"Alma @ Christiansand,—7,560 handspokes, Qwosbarth & Co.",SMALL_MULTI_SPLIT,True,Alma
"16. p. 241-243 - November 27 1875 - Imports of Timber, &c. -Timber Trades Journal Vol. 3 1875_p003.txt",48,Allersten,Cronstadt,DUNDEE,"—6,535 deals",J,,,1875,27,11,1875,False,"Allersten @ Cronstadt,—6,535 deals, J. Kirkland & Son.",SMALL_MULTI_SPLIT,True,Alma
"16. p. 241-243 - November 27 1875 - Imports of Timber, &c. -Timber Trades Journal Vol. 3 1875_p003.txt",48,Victory,Quebec,DUNDEE,"—21 oak, 25 elm, 384 birch, 428 pine, 1,200 deals",J,,,1875,27,11,1875,False,"Victory @ Quebec,—21 oak, 25 elm, 384 birch, 428 pine, 1,200 deals, J. Kirkland & Son.",SMALL_MULTI_SPLIT,True,Alma
"17. p. 253-255 - December 12 1874 - Imports of Timber, &c. - Timber Trades Journal Vol. 2 1875_p002.txt",3,Sarfsen,Sheet Harbor,REVIEW,"—11,623 deals, 600 deal ends",Order,,,1874,12,12,1874,False,"Sarfsen @ Sheet Harbor,—11,623 deals, 600 deal ends, Order.",SMALL_MULTI_SPLIT,True,Sarfsen
"17. p. 253-255 - December 12 1874 - Imports of Timber, &c. - Timber Trades Journal Vol. 2 1875_p002.txt",3,Vision,Cronstadt,REVIEW,"—3,104 deals",2 pcs,,,1874,12,12,1874,False,"Vision @ Cronstadt,—3,104 deals, 2 pcs. scantlings, 1,556 deal ends, 4 spars, Order.",SMALL_MULTI_SPLIT,True,Sarfsen
"17. p. 253-255 - December 12 1874 - Imports of Timber, &c. - Timber Trades Journal Vol. 2 1875_p002.txt",3,Charlotte,Shediac,REVIEW,—12,181 t,,,1874,12,12,1874,False,"Charlotte @ Shediac,—12,181 t. deals, 14 knees, 50 boards, Sundry Consignees.",SMALL_MULTI_SPLIT,True,Sarfsen
"17. p. 253-255 - December 12 1874 - Imports of Timber, &c. - Timber Trades Journal Vol. 2 1875_p002.txt",4,Lady Clare,Riga,REVIEW,"—9,491 sleepers, 850 ½-sleepers",Order,,,1874,12,12,1874,True,"Lady Clare (s) @ Riga,—9,491 sleepers, 850 ½-sleepers, Order.",SMALL_MULTI_SPLIT,True,Lady Clare
"17. p. 253-255 - December 12 1874 - Imports of Timber, &c. - Timber Trades Journal Vol. 2 1875_p002.txt",4,Louise,Quebec,REVIEW,"—22,165 deals, 458 deal ends, 3,256 staves",M,,,1874,12,12,1874,False,"Louise @ Quebec,—22,165 deals, 458 deal ends, 3,256 staves, M.",SMALL_MULTI_SPLIT,True,Lady Clare
"17. p. 253-255 - December 12 1874 - Imports of Timber, &c. - Timber Trades Journal Vol. 2 1875_p002.txt",4,Young,Tumbez,REVIEW,"—358 logs mahogany, 19 logs mahogany ends",Order,,,1874,12,12,1874,False,"Young @ Tumbez,—358 logs mahogany, 19 logs mahogany ends, Order.",SMALL_MULTI_SPLIT,True,Lady Clare
"17. p. 253-255 - December 12 1874 - Imports of Timber, &c. - Timber Trades Journal Vol. 2 1875_p002.txt",4,Helene,Wyborg,REVIEW,—521 pcs,,,,1874,12,12,1874,False,"Helene @ Wyborg,—521 pcs. timber, 444 doz. deals, Order.",SMALL_MULTI_SPLIT,True,Lady Clare
"17. p. 253-255 - December 12 1874 - Imports of Timber, &c. - Timber Trades Journal Vol. 2 1875_p002.txt",5,Louise Ann Fanny,Gothenburg,REVIEW,—905 doz,,,,1874,12,12,1874,True,"Louise Ann Fanny (s) @ Gothenburg,—905 doz. boards, 10 bdls. rickers, Phillipps, Graves, & Co.",SMALL_MULTI_SPLIT,True,Louise Ann Fanny
"17. p. 253-255 - December 12 1874 - Imports of Timber, &c. - Timber Trades Journal Vol. 2 1875_p002.txt",5,Sirio,Cronstadt,REVIEW,"—11,944 deals, 1,497 deal ends",Order,,,1874,12,12,1874,False,"Sirio @ Cronstadt,—11,944 deals, 1,497 deal ends, Order.",SMALL_MULTI_SPLIT,True,Louise Ann Fanny
"17. p. 253-255 - December 12 1874 - Imports of Timber, &c. - Timber Trades Journal Vol. 2 1875_p002.txt",5,Aaron Eaton,Holmsund,REVIEW,—1,570 doz,,,1874,12,12,1874,False,"Aaron Eaton @ Holmsund,—1,570 doz. deals and battens, 16,301 staves, Order.",SMALL_MULTI_SPLIT,True,Louise Ann Fanny
"17. p. 253-255 - December 12 1874 - Imports of Timber, &c. - Timber Trades Journal Vol. 2 1875_p002.txt",10,Loanda,W. C. Africa,LIVERPOOL,—727 pcs,,,,1874,12,12,1874,True,"Loanda (s) @ W. C. Africa,—727 pcs. ebony.",SMALL_MULTI_SPLIT,True,Loanda
"17. p. 253-255 - December 12 1874 - Imports of Timber, &c. - Timber Trades Journal Vol. 2 1875_p002.txt",10,Anne,Fredrikstad,LIVERPOOL,"—27,906 boards",Order,,,1874,12,12,1874,False,"Anne @ Fredrikstad,—27,906 boards, Order.",SMALL_MULTI_SPLIT,True,Loanda
"17. p. 253-255 - December 12 1874 - Imports of Timber, &c. - Timber Trades Journal Vol. 2 1875_p002.txt",10,Esna,Riga,LIVERPOOL,—7,664 sleepers,,,1874,12,12,1874,False,"Esna @ Riga,—7,664 sleepers.",SMALL_MULTI_SPLIT,True,Loanda
"17. p. 253-255 - December 12 1874 - Imports of Timber, &c. - Timber Trades Journal Vol. 2 1875_p002.txt",10,Angola,Benin,LIVERPOOL,—11,060 pcs,,,1874,12,12,1874,True,"Angola (s) @ Benin,—11,060 pcs. barwood, 806 pcs. ebony, Hatton & Co.",SMALL_MULTI_SPLIT,True,Loanda
"17. p. 253-255 - December 12 1874 - Imports of Timber, &c. - Timber Trades Journal Vol. 2 1875_p002.txt",10,Holfide,Uleaborg,LIVERPOOL,"—19,262 deals",&c,,,1874,12,12,1874,False,"Holfide @ Uleaborg,—19,262 deals, &c., Order.",SMALL_MULTI_SPLIT,True,Loanda
"17. p. 253-255 - December 12 1874 - Imports of Timber, &c. - Timber Trades Journal Vol. 2 1875_p002.txt",10,Emigrant,Lulea,LIVERPOOL,"—22,340 battens",&c,,,1874,12,12,1874,False,"Emigrant @ Lulea,—22,340 battens, &c.",SMALL_MULTI_SPLIT,True,Loanda
"17. p. 253-255 - December 12 1874 - Imports of Timber, &c. - Timber Trades Journal Vol. 2 1875_p002.txt",11,Strathearn,Quebec,LIVERPOOL,"—9,908 deals, 12",575 pcs,,,1874,12,12,1874,False,"Strathearn @ Quebec,—9,908 deals, 12,575 pcs. lumber, Sundry Consignees.",SMALL_MULTI_SPLIT,True,Strathearn
"17. p. 253-255 - December 12 1874 - Imports of Timber, &c. - Timber Trades Journal Vol. 2 1875_p002.txt",11,Sam King,St. John,LIVERPOOL,N,,,,1874,12,12,1874,False,"Sam King @ St. John, N.B.,—28,918 deals, &c., 3,038 pcs. timbers, C.",SMALL_MULTI_SPLIT,True,Strathearn
"17. p. 253-255 - December 12 1874 - Imports of Timber, &c. - Timber Trades Journal Vol. 2 1875_p002.txt",11,Martha,Memel,LIVERPOOL,—521 pcs,,,,1874,12,12,1874,False,"Martha @ Memel,—521 pcs. timber, 500 deals, 15 fms. lathwood, Order.",SMALL_MULTI_SPLIT,True,Strathearn
"17. p. 253-255 - December 12 1874 - Imports of Timber, &c. - Timber Trades Journal Vol. 2 1875_p002.txt",13,William Leavitt,Rangoon,LIVERPOOL,"—160 planks, 20 ventilators",Co,,,1874,12,12,1874,False,"William Leavitt @ Rangoon,—160 planks, 20 ventilators, Co.",SMALL_MULTI_SPLIT,True,William Leavitt
"17. p. 253-255 - December 12 1874 - Imports of Timber, &c. - Timber Trades Journal Vol. 2 1875_p002.txt",13,Roberts,Galas,LIVERPOOL,—305 t,,,,1874,12,12,1874,False,"Roberts @ Galas,—305 t. logwood, 52 t. candle wood, 45 t. fustic, 18 t. braziletto, 175 t. ebony, Hall & Co. H. W.",SMALL_MULTI_SPLIT,True,William Leavitt
"17. p. 253-255 - December 12 1874 - Imports of Timber, &c. - Timber Trades Journal Vol. 2 1875_p002.txt",13,Workman,St. John,LIVERPOOL,N,,,,1874,12,12,1874,False,"Workman @ St. John, N.B.,—27,595 deals, &c., 148 pcs. scantling, 1,734 deal ends, Order.",SMALL_MULTI_SPLIT,True,William Leavitt
"17. p. 253-255 - December 12 1874 - Imports of Timber, &c. - Timber Trades Journal Vol. 2 1875_p002.txt",15,Elmina,W. C. Africa,LIVERPOOL,"—426 billets camwood, Order; 1,058 billets ebony, 11,550 billets barwood",Irvine & Co,,,1874,12,12,1874,True,"Elmina (s) @ W. C. Africa,—426 billets camwood, Order; 1,058 billets ebony, 11,550 billets barwood, Irvine & Co.",SMALL_MULTI_SPLIT,True,Elmina
"17. p. 253-255 - December 12 1874 - Imports of Timber, &c. - Timber Trades Journal Vol. 2 1875_p002.txt",15,Robert Gedfrey,Miramichi,LIVERPOOL,"—10,479 deals, 8",330 pcs,,,1874,12,12,1874,False,"Robert Gedfrey @ Miramichi,—10,479 deals, 8,330 pcs. scantlings, 1,269 deal ends, 9,138 boards, 59,810 palings, Order.",SMALL_MULTI_SPLIT,True,Elmina
"17. p. 253-255 - December 12 1874 - Imports of Timber, &c. - Timber Trades Journal Vol. 2 1875_p002.txt",17,Ahto,Tornea,LIVERPOOL,"—14,679 deals",&c,,,1874,12,12,1874,False,"Ahto @ Tornea,—14,679 deals, &c., Order.",SMALL_MULTI_SPLIT,True,Ahto
"17. p. 253-255 - December 12 1874 - Imports of Timber, &c. - Timber Trades Journal Vol. 2 1875_p002.txt",17,Christine,Azua,LIVERPOOL,—917 pcs,,,,1874,12,12,1874,False,"Christine @ Azua,—917 pcs. lignum vitæ, 748 pcs. fustic, 363 crotches, 309 logs mahogany, Chaloner & Co.",SMALL_MULTI_SPLIT,True,Ahto
"17. p. 253-255 - December 12 1874 - Imports of Timber, &c. - Timber Trades Journal Vol. 2 1875_p002.txt",17,John Pascal,Bangor,LIVERPOOL,U,,,,1874,12,12,1874,False,"John Pascal @ Bangor, U.S.,—33,812 deals, 3,864 ends, 18,260 palings, A. F. & J. D. Mackay.",SMALL_MULTI_SPLIT,True,Ahto
"17. p. 253-255 - December 12 1874 - Imports of Timber, &c. - Timber Trades Journal Vol. 2 1875_p003.txt",8,Elise,Miramichi,BRISTOL,"—8,912 deals and battens, 1,271 deal ends, 3,625 palings",R,,,1874,12,12,1874,False,"Elise @ Miramichi,—8,912 deals and battens, 1,271 deal ends, 3,625 palings, R. Wade, Sons, & Co.",SMALL_MULTI_SPLIT,True,Elise
"17. p. 253-255 - December 12 1874 - Imports of Timber, &c. - Timber Trades Journal Vol. 2 1875_p003.txt",8,Union,Holmstrand,BRISTOL,"—6,087 battens",R,,,1874,12,12,1874,False,"Union @ Holmstrand,—6,087 battens, R. Wade, Sons, & Co.",SMALL_MULTI_SPLIT,True,Elise
"17. p. 253-255 - December 12 1874 - Imports of Timber, &c. - Timber Trades Journal Vol. 2 1875_p003.txt",8,Ann and Sarah,Hudikswall,BRISTOL,"—9,600 deals, battens, and ends",W,,,1874,12,12,1874,False,"Ann and Sarah @ Hudikswall,—9,600 deals, battens, and ends, W. Dawbarn & Co.",SMALL_MULTI_SPLIT,True,Elise
"17. p. 253-255 - December 12 1874 - Imports of Timber, &c. - Timber Trades Journal Vol. 2 1875_p003.txt",16,Fancy,Danzig,BRISTOL,—449 sq,,,,1874,12,12,1874,False,"Fancy @ Danzig,—449 sq. sleepers, 149 round fir sleepers, 338 half-round sleepers, a qty. of lathwood, R. Wade, Sons, & Co.",SMALL_MULTI_SPLIT,True,Fancy
"17. p. 253-255 - December 12 1874 - Imports of Timber, &c. - Timber Trades Journal Vol. 2 1875_p003.txt",16,Bjorneborg,Bjorneborg,BRISTOL,"—18,306 battens and boards",R,,,1874,12,12,1874,False,"Bjorneborg @ Bjorneborg,—18,306 battens and boards, R. Wade, Sons, & Co.",SMALL_MULTI_SPLIT,True,Fancy
"17. p. 253-255 - December 12 1874 - Imports of Timber, &c. - Timber Trades Journal Vol. 2 1875_p003.txt",19,Althausse,Cronstadt,BRISTOL,"—4,371 deals, boards",and J,,,1874,12,12,1874,False,"Althausse @ Cronstadt,—4,371 deals, boards, and J. Rhodes & Co.",SMALL_MULTI_SPLIT,True,F. E. Althausse
"17. p. 253-255 - December 12 1874 - Imports of Timber, &c. - Timber Trades Journal Vol. 2 1875_p003.txt",19,Capella,Wyborg,BRISTOL,"—14,949 boards, and boards",R,,,1874,12,12,1874,False,"Capella @ Wyborg,—14,949 boards, and boards, R. Wade, Sons, & Co.",SMALL_MULTI_SPLIT,True,F. E. Althausse
"17. p. 253-255 - December 12 1874 - Imports of Timber, &c. - Timber Trades Journal Vol. 2 1875_p003.txt",19,Wladimar,Cronstadt,BRISTOL,"—14,259 deals",Order,,,1874,12,12,1874,False,"Wladimar @ Cronstadt,—14,259 deals, Order.",SMALL_MULTI_SPLIT,True,F. E. Althausse
"17. p. 253-255 - December 12 1874 - Imports of Timber, &c. - Timber Trades Journal Vol. 2 1875_p003.txt",19,Mars,Cronstadt,BRISTOL,"—14,259 deals",J,,,1874,12,12,1874,False,"Mars @ Cronstadt,—14,259 deals, J. Rhodes & Co.",SMALL_MULTI_SPLIT,True,F. E. Althausse
"17. p. 253-255 - December 12 1874 - Imports of Timber, &c. - Timber Trades Journal Vol. 2 1875_p003.txt",19,Victoria,Lulea,BRISTOL,"—2,641 deals",R,,,1874,12,12,1874,False,"Victoria @ Lulea,—2,641 deals, R. Wade, Sons, & Co.",SMALL_MULTI_SPLIT,True,F. E. Althausse
"17. p. 253-255 - December 12 1874 - Imports of Timber, &c. - Timber Trades Journal Vol. 2 1875_p003.txt",60,Brazilian,Laurvig,DUNDEE,"—6,984 battens",C,,,1874,12,12,1874,False,"Brazilian @ Laurvig,—6,984 battens, C. Salvenen & Co.",SMALL_MULTI_SPLIT,True,Brazilian
"17. p. 253-255 - December 12 1874 - Imports of Timber, &c. - Timber Trades Journal Vol. 2 1875_p003.txt",60,John,Helsingfors,DUNDEE,"—6,964 battens",C,,,1874,12,12,1874,False,"John @ Helsingfors,—6,964 battens, C. Salvenen & Co.",SMALL_MULTI_SPLIT,True,Brazilian
"17. p. 253-255 - December 12 1874 - Imports of Timber, &c. - Timber Trades Journal Vol. 2 1875_p003.txt",60,Euphemia @ Campbell,Danzig,DUNDEE,"—5,921 oak staves",Order,,,1874,12,12,1874,False,"Euphemia @ Campbell @ Danzig,—5,921 oak staves, Order.",SMALL_MULTI_SPLIT,True,Brazilian
"17. p. 253-255 - December 12 1874 - Imports of Timber, &c. - Timber Trades Journal Vol. 2 1875_p003.txt",60,Baynes,Memel,DUNDEE,"—12,699 oak staves",Order,,,1874,12,12,1874,False,"Baynes @ Memel,—12,699 oak staves, Order.",SMALL_MULTI_SPLIT,True,Brazilian
"17. p. 253-255 - December 12 1874 - Imports of Timber, &c. - Timber Trades Journal Vol. 2 1875_p003.txt",60,Bonnie Lass,Memel,DUNDEE,"—20,267 oak staves",H,,,1874,12,12,1874,False,"Bonnie Lass @ Memel,—20,267 oak staves, H. Knoblaugh.",SMALL_MULTI_SPLIT,True,Brazilian
"17. p. 253-255 - December 12 1874 - Imports of Timber, &c. - Timber Trades Journal Vol. 2 1875_p003.txt",65,Rankeillar,Cronstadt,DUNDEE,"—4,148 deals, 839 ends, Mitchell",Somerville & Co,,,1874,12,12,1874,False,"Rankeillar @ Cronstadt,—4,148 deals, 839 ends, Mitchell, Somerville & Co.",SMALL_MULTI_SPLIT,True,Rankeillar
"17. p. 253-255 - December 12 1874 - Imports of Timber, &c. - Timber Trades Journal Vol. 2 1875_p003.txt",65,Eblana,Hamburg,DUNDEE,"—2,434 props",W,,,1874,12,12,1874,False,"Eblana @ Hamburg,—2,434 props, W. Gifford & Co.",SMALL_MULTI_SPLIT,True,Rankeillar
"17. p. 253-255 - December 12 1874 - Imports of Timber, &c. - Timber Trades Journal Vol. 2 1875_p003.txt",65,Triton,Cronstadt,DUNDEE,"—2,684 deals, 388 ends, 649 battens",Hutchison & Rodger,,,1874,12,12,1874,False,"Triton @ Cronstadt,—2,684 deals, 388 ends, 649 battens, Hutchison & Rodger.",SMALL_MULTI_SPLIT,True,Rankeillar
"17. p. 256-258 - December 11 1875 - Imports of Timber, &c. -Timber Trades Journal Vol. 3 1875 _p002.txt",100,Mamelin,Quebec,DUNDEE,—96 pcs,,,,1875,11,12,1875,False,"Mamelin @ Quebec,—96 pcs. oak timber, 124 pcs. red pine, 626 pcs. white pine, 1,194 deals, 600 deal ends, Order.",SMALL_MULTI_SPLIT,True,Mamelin
"17. p. 256-258 - December 11 1875 - Imports of Timber, &c. -Timber Trades Journal Vol. 3 1875 _p002.txt",100,Heindale,Gothenburg,DUNDEE,—a qnty,,,,1875,11,12,1875,False,"Heindale @ Gothenburg,—a qnty. of staves, deals, boards, laths, and pit wood, Order.",SMALL_MULTI_SPLIT,True,Mamelin
"17. p. 256-258 - December 11 1875 - Imports of Timber, &c. -Timber Trades Journal Vol. 3 1875 _p002.txt",108,Udjus,Christiania,BRISTOL,"—971 whitewood deals, 59 rickers",Taylor & Low Bros,,,1875,11,12,1875,False,"Udjus @ Christiania,—971 whitewood deals, 59 rickers, Taylor & Low Bros. 1,047 spars, 573 poles, 59 rickers, 1,000 small spars, 1,737 battens, G. M. Barnes.",SMALL_MULTI_SPLIT,True,Udjus
"17. p. 256-258 - December 11 1875 - Imports of Timber, &c. -Timber Trades Journal Vol. 3 1875 _p002.txt",108,"1,200 whitewood spars, 868 poles, 1,045 spars, Dryaden",Sundswall,BRISTOL,—861 pcs,,,,1875,11,12,1875,False,"1,200 whitewood spars, 868 poles, 1,045 spars, Dryaden @ Sundswall,—861 pcs. timber, G. M. Barnes.",SMALL_MULTI_SPLIT,True,Udjus
"17. p. 256-258 - December 11 1875 - Imports of Timber, &c. -Timber Trades Journal Vol. 3 1875 _p003.txt",22,Betty,Quebec,DUNDEE,"—8,129 pine deals and ends, 8,329 spruce deals and ends",Wright & Breakenridge,,,1875,11,12,1875,False,"Betty @ Quebec,—8,129 pine deals and ends, 8,329 spruce deals and ends, Wright & Breakenridge.",SMALL_MULTI_SPLIT,True,Betty
"17. p. 256-258 - December 11 1875 - Imports of Timber, &c. -Timber Trades Journal Vol. 3 1875 _p003.txt",22,Eliada,Quebec,DUNDEE,"—5,908 pine deals, 558 pine deal ends",Wright & Breakenridge,,,1875,11,12,1875,False,"Eliada @ Quebec,—5,908 pine deals, 558 pine deal ends, Wright & Breakenridge. 13,700 staves per steamers from New York.",SMALL_MULTI_SPLIT,True,Betty
"18. 283-286 - December 22 1877 - Imports of Timber, &c. - Timber Trades Journal Vol. 5 1877_p003.txt",132,Varna,Riga,DUNDEE,"—5,386 deals and ends",J,,,1877,22,12,1877,False,"Varna @ Riga,—5,386 deals and ends, J. T. Salvesen & Co.",SMALL_MULTI_SPLIT,True,Varna
"18. 283-286 - December 22 1877 - Imports of Timber, &c. - Timber Trades Journal Vol. 5 1877_p003.txt",132,Queen,Riga,DUNDEE,"—6,732 whitewood deals",Macpherson & McLaren,,,1877,22,12,1877,False,"Queen @ Riga,—6,732 whitewood deals, Macpherson & McLaren.",SMALL_MULTI_SPLIT,True,Varna
"18. 283-286 - December 22 1877 - Imports of Timber, &c. - Timber Trades Journal Vol. 5 1877_p003.txt",132,Zampa,Laurvig,DUNDEE,"—9,346 battens",G,,,1877,22,12,1877,False,"Zampa @ Laurvig,—9,346 battens, G. G. Mackay.",SMALL_MULTI_SPLIT,True,Varna
"18. 283-286 - December 22 1877 - Imports of Timber, &c. - Timber Trades Journal Vol. 5 1877_p003.txt",132,Thankful,Christiania,DUNDEE,"—3,745 pit props",G,,,1877,22,12,1877,False,"Thankful @ Christiania,—3,745 pit props, G. G. Mackay.",SMALL_MULTI_SPLIT,True,Varna
"18. 283-286 - December 22 1877 - Imports of Timber, &c. - Timber Trades Journal Vol. 5 1877_p003.txt",132,Anna,Christiania,DUNDEE,"—251,642 fir staves",Order,,,1877,22,12,1877,False,"Anna @ Christiania,—251,642 fir staves, Order.",SMALL_MULTI_SPLIT,True,Varna
"18. p. 268-269 - December 26 1874 - Imports of Timber, &c. - Timber Trades Journal Vol. 2 1875_p001.txt",8,Josephine,Quebec,LONDON,—726 deal ends,Order,,,1874,26,12,1874,False,"Josephine @ Quebec,—726 deal ends, Order.",SMALL_MULTI_SPLIT,True,Josephine
"18. p. 268-269 - December 26 1874 - Imports of Timber, &c. - Timber Trades Journal Vol. 2 1875_p001.txt",8,Edith,Lulea,LONDON,"—15,893 deals and deals",Order,,,1874,26,12,1874,False,"Edith @ Lulea,—15,893 deals and deals, Order.",SMALL_MULTI_SPLIT,True,Josephine
"18. p. 268-269 - December 26 1874 - Imports of Timber, &c. - Timber Trades Journal Vol. 2 1875_p001.txt",8,Marie,Drams With,LONDON,Webster,& Co,,,1874,26,12,1874,False,"Marie @ Drams With, Webster, & Co. E.",SMALL_MULTI_SPLIT,True,Josephine
"18. p. 268-269 - December 26 1874 - Imports of Timber, &c. - Timber Trades Journal Vol. 2 1875_p001.txt",8,Gothenburg,Libau,LONDON,"—50,250 465 deals",Churchill & Co,,,1874,26,12,1874,False,"Gothenburg @ Libau,—50,250 465 deals, Churchill & Co.",SMALL_MULTI_SPLIT,True,Josephine
"18. p. 268-269 - December 26 1874 - Imports of Timber, &c. - Timber Trades Journal Vol. 2 1875_p001.txt",8,Cowan,Cronstadt,LONDON,—262 doz,,,,1874,26,12,1874,False,"Cowan @ Cronstadt,—262 doz.",SMALL_MULTI_SPLIT,True,Josephine
"18. p. 268-269 - December 26 1874 - Imports of Timber, &c. - Timber Trades Journal Vol. 2 1875_p001.txt",8,Maria,Riga,LONDON,"—100,000 staves, logs",P,,,1874,26,12,1874,False,"Maria @ Riga,—100,000 staves, logs, P. Roll & Co.",SMALL_MULTI_SPLIT,True,Josephine
"18. p. 268-269 - December 26 1874 - Imports of Timber, &c. - Timber Trades Journal Vol. 2 1875_p001.txt",14,Regina,Boston,LONDON,"—8,897 sleepers, 778 1/2-sleepers",Order,,,1874,26,12,1874,False,"Regina @ Boston,—8,897 sleepers, 778 1/2-sleepers, Order. Gardner & Son ; 1,500 staves, Order.",SMALL_MULTI_SPLIT,True,Regina
"18. p. 268-269 - December 26 1874 - Imports of Timber, &c. - Timber Trades Journal Vol. 2 1875_p001.txt",14,Princess,Trieste,LONDON,"—19,200 staves",Order,,,1874,26,12,1874,True,"Princess (s) @ Trieste,—19,200 staves, Order.",SMALL_MULTI_SPLIT,True,Regina
"18. p. 268-269 - December 26 1874 - Imports of Timber, &c. - Timber Trades Journal Vol. 2 1875_p001.txt",14,Golgotha,Riga,LONDON,"—1,100 wainscot logs, 93,400 staves",Order,,,1874,26,12,1874,False,"Golgotha @ Riga,—1,100 wainscot logs, 93,400 staves, Order.",SMALL_MULTI_SPLIT,True,Regina
"18. p. 268-269 - December 26 1874 - Imports of Timber, &c. - Timber Trades Journal Vol. 2 1875_p001.txt",14,Remembrance,Danzig,LONDON,—290 lds,,,,1874,26,12,1874,False,"Remembrance @ Danzig,—290 lds. staves, 1 1/2 fms. lathwood, Order.",SMALL_MULTI_SPLIT,True,Regina
"18. p. 268-269 - December 26 1874 - Imports of Timber, &c. - Timber Trades Journal Vol. 2 1875_p001.txt",22,Athalaska,St. Mark,LIVERPOOL,—102 t,,,,1874,26,12,1874,False,"Athalaska @ St. Mark,—102 t. logwood, 304 pcs. mahogany, Duranty & Co.",SMALL_MULTI_SPLIT,True,Athalaska
"18. p. 268-269 - December 26 1874 - Imports of Timber, &c. - Timber Trades Journal Vol. 2 1875_p001.txt",22,Inveresk,St. John,LIVERPOOL,N,,,,1874,26,12,1874,False,"Inveresk @ St. John, N.B.,—20,295 deals, 151 pcs. scantlings, 1,672 ends, 5,000 palings, Farnworth & Co.",SMALL_MULTI_SPLIT,True,Athalaska
"18. p. 268-269 - December 26 1874 - Imports of Timber, &c. - Timber Trades Journal Vol. 2 1875_p001.txt",22,Industrie,Baltimore,LIVERPOOL,—15,886 treenails,,,1874,26,12,1874,False,"Industrie @ Baltimore,—15,886 treenails.",SMALL_MULTI_SPLIT,True,Athalaska
"18. p. 268-269 - December 26 1874 - Imports of Timber, &c. - Timber Trades Journal Vol. 2 1875_p001.txt",30,Zancha,New York,LIVERPOOL,"—2,408 oars",Order,,,1874,26,12,1874,True,"Zancha (s) @ New York,—2,408 oars, Order.",SMALL_MULTI_SPLIT,True,Zancha
"18. p. 268-269 - December 26 1874 - Imports of Timber, &c. - Timber Trades Journal Vol. 2 1875_p001.txt",30,Soudan,W. C. Africa,LIVERPOOL,"—285 billets, 5",294 pcs,,,1874,26,12,1874,True,"Soudan (s) @ W. C. Africa,—285 billets, 5,294 pcs. ebony, 12,054 pcs. barwood, 294 t. redwood, Sundry Consignees ; 226 billets, 72 pcs. camwood, Dickinson & Co.",SMALL_MULTI_SPLIT,True,Zancha
"18. p. 268-269 - December 26 1874 - Imports of Timber, &c. - Timber Trades Journal Vol. 2 1875_p001.txt",31,City of Antwerp,New York,LIVERPOOL,"—79 wheels, 91 poles",50 pcs,,,1874,26,12,1874,True,"City of Antwerp (s) @ New York,—79 wheels, 91 poles, 50 pcs. timber, Sundry Consignees. L. B.",SMALL_MULTI_SPLIT,True,City of Antwerp
"18. p. 268-269 - December 26 1874 - Imports of Timber, &c. - Timber Trades Journal Vol. 2 1875_p001.txt",31,Gillchrist,Savannah,LIVERPOOL,—2,400 staves,,,1874,26,12,1874,False,"Gillchrist @ Savannah,—2,400 staves.",SMALL_MULTI_SPLIT,True,City of Antwerp
"18. p. 268-269 - December 26 1874 - Imports of Timber, &c. - Timber Trades Journal Vol. 2 1875_p001.txt",31,Killarney,New York,LIVERPOOL,"—3,600 staves",Order,,,1874,26,12,1874,True,"Killarney (s) @ New York,—3,600 staves, Order.",SMALL_MULTI_SPLIT,True,City of Antwerp
"18. p. 268-269 - December 26 1874 - Imports of Timber, &c. - Timber Trades Journal Vol. 2 1875_p001.txt",31,Life Brigade,New Orleans,LIVERPOOL,"—6,000 staves",Order,,,1874,26,12,1874,True,"Life Brigade (s) @ New Orleans,—6,000 staves, Order.",SMALL_MULTI_SPLIT,True,City of Antwerp
"18. p. 268-269 - December 26 1874 - Imports of Timber, &c. - Timber Trades Journal Vol. 2 1875_p001.txt",39,Orlando,Miramichi,LIVERPOOL,—228 c,,,,1874,26,12,1874,True,"Orlando (s) @ Miramichi,—228 c. deals, &c., Granberg.",SMALL_MULTI_SPLIT,True,Orlando
"18. p. 268-269 - December 26 1874 - Imports of Timber, &c. - Timber Trades Journal Vol. 2 1875_p001.txt",39,Haco,Gothenburg,LIVERPOOL,—869 pkgs,,,,1874,26,12,1874,False,"Haco @ Gothenburg,—869 pkgs. wood pulp, 7,590 pit props, 50 c. battens, 1,500 bdls. laths, Wilson.",SMALL_MULTI_SPLIT,True,Orlando
"18. p. 268-269 - December 26 1874 - Imports of Timber, &c. - Timber Trades Journal Vol. 2 1875_p001.txt",39,Haltingen,St. John,LIVERPOOL,N,,,,1874,26,12,1874,False,"Haltingen @ St. John, N.B.,—103 c. deals, &c., Haagensen.",SMALL_MULTI_SPLIT,True,Orlando
"18. p. 268-269 - December 26 1874 - Imports of Timber, &c. - Timber Trades Journal Vol. 2 1875_p001.txt",39,De Salabey,Miramichi,LIVERPOOL,—83 c,,,,1874,26,12,1874,False,"De Salabey @ Miramichi,—83 c. palings, 177 c. deals, &c., Jackson.",SMALL_MULTI_SPLIT,True,Orlando
"18. p. 268-269 - December 26 1874 - Imports of Timber, &c. - Timber Trades Journal Vol. 2 1875_p001.txt",48,Nicaragua,Helsingfors,BRISTOL,"—9,046 deals",Barnes & Sons,,,1874,26,12,1874,False,"Nicaragua @ Helsingfors,—9,046 deals, Barnes & Sons.",SMALL_MULTI_SPLIT,True,Nicaragua
"18. p. 268-269 - December 26 1874 - Imports of Timber, &c. - Timber Trades Journal Vol. 2 1875_p001.txt",48,Alma,Gothenburg,BRISTOL,"—11,391 battens",Taylor & Co,,,1874,26,12,1874,False,"Alma @ Gothenburg,—11,391 battens, Taylor & Co.",SMALL_MULTI_SPLIT,True,Nicaragua
"18. p. 268-269 - December 26 1874 - Imports of Timber, &c. - Timber Trades Journal Vol. 2 1875_p001.txt",48,Charles Chaloner,Quebec,BRISTOL,—754 pcs,,,,1874,26,12,1874,False,"Charles Chaloner @ Quebec,—754 pcs. timber, 940 pine deals, 12 cords lathwood, Bayly & Co.",SMALL_MULTI_SPLIT,True,Nicaragua
"18. p. 268-269 - December 26 1874 - Imports of Timber, &c. - Timber Trades Journal Vol. 2 1875_p001.txt",48,Neptun,Helsingfors,BRISTOL,"—6,028 deals",&c,,,1874,26,12,1874,False,"Neptun @ Helsingfors,—6,028 deals, &c., Barnes & Sons.",SMALL_MULTI_SPLIT,True,Nicaragua
"18. p. 269-270 - December 25 1875 - IMports of Timber, &c. - Timber Trades Journal Vol. 3 1875_p002.txt",10,Adolph,Riga,DUNDEE,—14,214 pcs,,,1875,25,12,1875,False,"Adolph @ Riga,—14,214 pcs. lathwood, Order.",SMALL_MULTI_SPLIT,True,Adolph
"18. p. 269-270 - December 25 1875 - IMports of Timber, &c. - Timber Trades Journal Vol. 3 1875_p002.txt",10,Coral Queen (s.),Gothenburg,DUNDEE,—8,030 bdls,,,1875,25,12,1875,False,"Coral Queen (s.) @ Gothenburg,—8,030 bdls.",SMALL_MULTI_SPLIT,True,Adolph
"18. p. 269-270 - December 25 1875 - IMports of Timber, &c. - Timber Trades Journal Vol. 3 1875_p002.txt",10,"laths, (s.)",Pillau,DUNDEE,"—21,600 oak crown staves, 38",310 pcs,,,1875,25,12,1875,False,"laths, (s.) @ Pillau,—21,600 oak crown staves, 38,310 pcs. oak staves, Pickford & Co.",SMALL_MULTI_SPLIT,True,Adolph
"18. p. 269-270 - December 25 1875 - IMports of Timber, &c. - Timber Trades Journal Vol. 3 1875_p002.txt",10,Cycla,Quebec,DUNDEE,—121 pcs,,,,1875,25,12,1875,False,"Cycla @ Quebec,—121 pcs. oak timber, T. Walker & Co.",SMALL_MULTI_SPLIT,True,Adolph
"18. p. 269-270 - December 25 1875 - IMports of Timber, &c. - Timber Trades Journal Vol. 3 1875_p002.txt",35,Henrys,Quebec,GRIMSBY,—425 pcs,,,,1875,25,12,1875,False,"Henrys @ Quebec,—425 pcs. birch, 6,466 pine deals, 7,123 W. O. W. I. staves, Wright & Breakenridge.",SMALL_MULTI_SPLIT,True,Henrys
"18. p. 269-270 - December 25 1875 - IMports of Timber, &c. - Timber Trades Journal Vol. 3 1875_p002.txt",35,Gaspee,Quebec,GRIMSBY,1,180 pcs,,,1875,25,12,1875,False,"Gaspee @ Quebec, 1,180 pcs., oak planks, 213 ash planks, 20,581 pine deals 2,712 deal ends, 1,381 pipe staves,—Singleton, Dunn, & Co.",SMALL_MULTI_SPLIT,True,Henrys
"18. p. 269-270 - December 25 1875 - IMports of Timber, &c. - Timber Trades Journal Vol. 3 1875_p002.txt",43,Kenilworth,Pensacola,GREENOCK,—1,038 pcs,,,1875,25,12,1875,False,"Kenilworth @ Pensacola,—1,038 pcs. pitch pine timber, 2,415 pcs. yellow pine deals, Allison, Coustand & Hamilton.",SMALL_MULTI_SPLIT,True,Kenilworth
"18. p. 269-270 - December 25 1875 - IMports of Timber, &c. - Timber Trades Journal Vol. 3 1875_p002.txt",43,Ocean Gem,Quebec,GREENOCK,—191 pcs,,,,1875,25,12,1875,False,"Ocean Gem @ Quebec,—191 pcs. square pine, 4,959 deals and ends, Wright & Breakenridge.",SMALL_MULTI_SPLIT,True,Kenilworth
18760108TTJt_p001.txt,47,Monrovia,Africa,FULLY SECURED,W,,,,1876,8,1,1876,False,"Monrovia @ Africa, W.C.,—52 billets, N. Waterhouse & Sons.",SMALL_MULTI_SPLIT,True,Monrovia
18760108TTJt_p001.txt,47,Africa,Africa,FULLY SECURED,W,,,,1876,8,1,1876,False,"Africa @ Africa, W.C. — 1,000 pcs., Stuart & Douglas; 40 billets, E. G. Gunnell.",SMALL_MULTI_SPLIT,True,Monrovia
18760108TTJt_p001.txt,47,Eugenie & Andre,Jamaica,FULLY SECURED,—7 tons green and 12 tons logwood ebony,J,,,1876,8,1,1876,False,"Eugenie & Andre @ Jamaica,—7 tons green and 12 tons logwood ebony, J. Anderson.",SMALL_MULTI_SPLIT,True,Monrovia
18760108TTJt_p001.txt,50,Duke of Northumberland,Bassein,FULLY SECURED,"—20 ventilators, 94 boards",Order,,,1876,8,1,1876,False,"Duke of Northumberland @ Bassein,—20 ventilators, 94 boards, Order.",SMALL_MULTI_SPLIT,True,Duke of Northumberland
18760108TTJt_p001.txt,50,Bertha Marion,Rangoon,FULLY SECURED,"—114 planks, 36 ventilators",Order,,,1876,8,1,1876,False,"Bertha Marion @ Rangoon,—114 planks, 36 ventilators, Order.",SMALL_MULTI_SPLIT,True,Duke of Northumberland
18760108TTJt_p001.txt,50,India,Rangoon,FULLY SECURED,"— 100 boards, 40 ventilators",Order,,,1876,8,1,1876,False,"India @ Rangoon, — 100 boards, 40 ventilators, Order.",SMALL_MULTI_SPLIT,True,Duke of Northumberland
18760108TTJt_p001.txt,50,Othello,Rangoon,FULLY SECURED,—75 planks,J,,,1876,8,1,1876,False,"Othello @ Rangoon,—75 planks, J. G. White & Co.",SMALL_MULTI_SPLIT,True,Duke of Northumberland
18760108TTJt_p001.txt,88,Lancewood Spars.—Cuban,Vera Cruz,FULLY SECURED,"—265 spars, Leech, Harrison",& Co,,,1876,8,1,1876,False,"Lancewood Spars.—Cuban @ Vera Cruz,—265 spars, Leech, Harrison, & Co. ; 222 spars, Order.",SMALL_MULTI_SPLIT,True,Lancewood
18760108TTJt_p001.txt,88,Wilhelmina Agatha,Curagoa,FULLY SECURED,—76 spars,T,,,1876,8,1,1876,False,"Wilhelmina Agatha @ Curagoa,—76 spars, T. D. Shaw & Co.",SMALL_MULTI_SPLIT,True,Lancewood
18760108TTJt_p001.txt,88,West Indian,Kingston,FULLY SECURED,—123 spars,Order,,,1876,8,1,1876,False,"West Indian @ Kingston,—123 spars, Order.",SMALL_MULTI_SPLIT,True,Lancewood
18760108TTJt_p001.txt,166,Rapid,Laurvig,FULLY SECURED,"—11,576 pit props",W,,,1876,8,1,1876,False,"Rapid @ Laurvig,—11,576 pit props, W.",SMALL_MULTI_SPLIT,True,Rapid
18760108TTJt_p001.txt,166,Southern & Sons ; Hilda,Gothenburg,FULLY SECURED,"—6,807 deals and battens",Hardy Bros,,,1876,8,1,1876,False,"Southern & Sons ; Hilda @ Gothenburg,—6,807 deals and battens, Hardy Bros.",SMALL_MULTI_SPLIT,True,Rapid
18760108TTJt_p001.txt,166,; Preste,Gothenburg,FULLY SECURED,—quantity of laths,Order,,,1876,8,1,1876,False,"; Preste @ Gothenburg,—quantity of laths, Order. quantity of pit props, sleepers, firewood, sawn, hewn, and lathwood staves, P. Osbeck.",SMALL_MULTI_SPLIT,True,Rapid
18760108TTJt_p001.txt,167,Turku,Pensacola,FULLY SECURED,—584 pcs,,,,1876,8,1,1876,False,"Turku @ Pensacola,—584 pcs. timber, 1,165 pcs. deals, Order.",SMALL_MULTI_SPLIT,True,Turku
18760108TTJt_p001.txt,167,Janua,Laurvig,FULLY SECURED,—4,089 pcs,,,1876,8,1,1876,False,"Janua @ Laurvig,—4,089 pcs. battens, Hardy Bros.",SMALL_MULTI_SPLIT,True,Turku
18760108TTJt_p001.txt,167,Dannemark,Laurvig,FULLY SECURED,"—16,846 pit props",W,,,1876,8,1,1876,False,"Dannemark @ Laurvig,—16,846 pit props, W. Southern & Sons.",SMALL_MULTI_SPLIT,True,Turku
18760108TTJt_p001.txt,167,Murrin,Gothenburg,FULLY SECURED,"—quantity of firewood, sawn and hewn",P,,,1876,8,1,1876,False,"Murrin @ Gothenburg,—quantity of firewood, sawn and hewn, P. Osbeck.",SMALL_MULTI_SPLIT,True,Turku
"2. p. 26-28 - May 15 1875 - Imports of Timber, &c. - Timber Trades Journal Vol. 3 1875_p001.txt",181,Sheffield,New Orleans,LIVERPOOL,—1,200 hhd,,,1875,15,5,1875,False,"Sheffield @ New Orleans,—1,200 hhd.",SMALL_MULTI_SPLIT,True,Sheffield
"2. p. 26-28 - May 15 1875 - Imports of Timber, &c. - Timber Trades Journal Vol. 3 1875_p001.txt",181,"staves, Chaloner & Co.; Arran @ New Orleans,—1,800 staves, Chaloner & Co.; Haytian",New Orleans,LIVERPOOL,—3,300 pcs,,,1875,15,5,1875,True,"staves, Chaloner & Co.; Arran @ New Orleans,—1,800 staves, Chaloner & Co.; Haytian (s) @ New Orleans,—3,300 pcs.",SMALL_MULTI_SPLIT,True,Sheffield
"2. p. 26-28 - May 15 1875 - Imports of Timber, &c. - Timber Trades Journal Vol. 3 1875_p001.txt",181,"staves, Chaloner & Co.; Sanspareil",New Orleans,LIVERPOOL,—1,800 pp,,,1875,15,5,1875,False,"staves, Chaloner & Co.; Sanspareil @New Orleans, —1,800 pp., 2,400 brls, 1,950 hhds., and 150 butt staves, Chaloner & Co.",SMALL_MULTI_SPLIT,True,Sheffield
"2. p. 26-28 - May 15 1875 - Imports of Timber, &c. - Timber Trades Journal Vol. 3 1875_p001.txt",181,Haytian,New Orleans,LIVERPOOL,—3,300 pcs,,,1875,15,5,1875,True,"Haytian (s) @ New Orleans,—3,300 pcs.",SMALL_MULTI_SPLIT,True,Arran
"2. p. 26-28 - May 15 1875 - Imports of Timber, &c. - Timber Trades Journal Vol. 3 1875_p001.txt",181,"staves, Chaloner & Co.; Sanspareil",New Orleans,LIVERPOOL,—1,800 pp,,,1875,15,5,1875,False,"staves, Chaloner & Co.; Sanspareil @New Orleans, —1,800 pp., 2,400 brls, 1,950 hhds., and 150 butt staves, Chaloner & Co.",SMALL_MULTI_SPLIT,True,Arran
"2. p. 26-28 - May 15 1875 - Imports of Timber, &c. - Timber Trades Journal Vol. 3 1875_p003.txt",4,Elisa,Vamsos,BO'NESS,"—1,313 planks, 2",729 pcs,,,1875,15,5,1875,False,"Elisa @ Vamsos,—1,313 planks, 2,729 pcs. battens, Wm. Southern & Sons.",SMALL_MULTI_SPLIT,True,Elisa
"2. p. 26-28 - May 15 1875 - Imports of Timber, &c. - Timber Trades Journal Vol. 3 1875_p003.txt",4,Auguste Blanche,Gothenburg,BO'NESS,"—laths and battens, Order; sleepers and mining timber, pit props, deals, and battens",P,,,1875,15,5,1875,False,"Auguste Blanche @ Gothenburg,—laths and battens, Order; sleepers and mining timber, pit props, deals, and battens, P. Osbeck.",SMALL_MULTI_SPLIT,True,Elisa
"2. p. 26-28 - May 15 1875 - Imports of Timber, &c. - Timber Trades Journal Vol. 3 1875_p003.txt",9,Vesta,Gothenburg,BO'NESS,"—7,358 pit props",Order,,,1875,15,5,1875,False,"Vesta @ Gothenburg,—7,358 pit props, Order.",SMALL_MULTI_SPLIT,True,Vesta
"2. p. 26-28 - May 15 1875 - Imports of Timber, &c. - Timber Trades Journal Vol. 3 1875_p003.txt",9,Lauritz,Laurvig,BO'NESS,"—10,057 pit props",Wm,,,1875,15,5,1875,False,"Lauritz @ Laurvig,—10,057 pit props, Wm.",SMALL_MULTI_SPLIT,True,Vesta
"2. p. 26-28 - May 15 1875 - Imports of Timber, &c. - Timber Trades Journal Vol. 3 1875_p003.txt",9,"Southern & Sons; Pylades @ Sandefjord,—4,512 pit props, Hall Bros.; Tordenskjold",Langesund,BO'NESS,—1,623 pcs,,,1875,15,5,1875,False,"Southern & Sons; Pylades @ Sandefjord,—4,512 pit props, Hall Bros.; Tordenskjold @ Langesund,—1,623 pcs.",SMALL_MULTI_SPLIT,True,Vesta
"2. p. 26-28 - May 15 1875 - Imports of Timber, &c. - Timber Trades Journal Vol. 3 1875_p003.txt",9,"pit props, Hall Bros.; Orvador",Porsgrund,BO'NESS,"—1,846 pit props",Hardy Bros,,,1875,15,5,1875,False,"pit props, Hall Bros.; Orvador @ Porsgrund,—1,846 pit props, Hardy Bros.",SMALL_MULTI_SPLIT,True,Vesta
"2. p. 26-28 - May 15 1875 - Imports of Timber, &c. - Timber Trades Journal Vol. 3 1875_p003.txt",10,Amalie,Christiania,BO'NESS,—17,322 pcs,,,1875,15,5,1875,False,"Amalie @ Christiania,—17,322 pcs. pit props, Order.",SMALL_MULTI_SPLIT,True,Amalie
"2. p. 26-28 - May 15 1875 - Imports of Timber, &c. - Timber Trades Journal Vol. 3 1875_p003.txt",10,Oscar,Drammen,BO'NESS,—10,966 pcs,,,1875,15,5,1875,False,"Oscar @ Drammen,—10,966 pcs. battens, Order.",SMALL_MULTI_SPLIT,True,Amalie
"2. p. 26-28 - May 15 1875 - Imports of Timber, &c. - Timber Trades Journal Vol. 3 1875_p003.txt",10,Alliance,Porsgrund,BO'NESS,"—6,791 battens",Lorck & Co,,,1875,15,5,1875,False,"Alliance @ Porsgrund,—6,791 battens, Lorck & Co.",SMALL_MULTI_SPLIT,True,Amalie
"2. p. 26-28 - May 15 1875 - Imports of Timber, &c. - Timber Trades Journal Vol. 3 1875_p003.txt",10,Carolina Louisa,Mandal,BO'NESS,—47,111 pcs,,,1875,15,5,1875,False,"Carolina Louisa @ Mandal,—47,111 pcs.",SMALL_MULTI_SPLIT,True,Amalie
"2. p. 26-28 - May 15 1875 - Imports of Timber, &c. - Timber Trades Journal Vol. 3 1875_p003.txt",10,"staves, 13,069 boards and battens, Hall; Niord",Sheen,BO'NESS,—1,000 fms,,,1875,15,5,1875,False,"staves, 13,069 boards and battens, Hall; Niord @ Sheen,—1,000 fms. wooden spouts, Order.",SMALL_MULTI_SPLIT,True,Amalie
"2. p. 26-28 - May 15 1875 - Imports of Timber, &c. - Timber Trades Journal Vol. 3 1875_p003.txt",11,Emmanuel,Christiansand,BO'NESS,—7,273 pcs,,,1875,15,5,1875,False,"Emmanuel @ Christiansand,—7,273 pcs. battens, 48 pcs. square timber, W. Southern & Son.",SMALL_MULTI_SPLIT,True,Emmanuel
"2. p. 26-28 - May 15 1875 - Imports of Timber, &c. - Timber Trades Journal Vol. 3 1875_p003.txt",11,Hercules,Fredrikshald,BO'NESS,"—14,276 pit props",J,,,1875,15,5,1875,False,"Hercules @ Fredrikshald,—14,276 pit props, J. Lawrence. Bell, & Co.",SMALL_MULTI_SPLIT,True,Emmanuel
"2. p. 26-28 - May 15 1875 - Imports of Timber, &c. - Timber Trades Journal Vol. 3 1875_p003.txt",11,Sleipner,Arendal,BO'NESS,"—1,030 pit props",1½ fms,,,1875,15,5,1875,False,"Sleipner @ Arendal,—1,030 pit props, 1½ fms. props, Order.",SMALL_MULTI_SPLIT,True,Emmanuel
"2. p. 26-28 - May 15 1875 - Imports of Timber, &c. - Timber Trades Journal Vol. 3 1875_p003.txt",13,Ammanda,Christiansand,BO'NESS,—110,000 pcs,,,1875,15,5,1875,False,"Ammanda @ Christiansand,—110,000 pcs. staves, J. Black & Co.",SMALL_MULTI_SPLIT,True,Ammanda
"2. p. 26-28 - May 15 1875 - Imports of Timber, &c. - Timber Trades Journal Vol. 3 1875_p003.txt",13,Hilda,Gothenburg,BO'NESS,"—a quantity of deals, battens, and wood props, 11",968 pcs,,,1875,15,5,1875,False,"Hilda @ Gothenburg,—a quantity of deals, battens, and wood props, 11,968 pcs. pit props, Order.",SMALL_MULTI_SPLIT,True,Ammanda
"2. p. 26-28 - May 15 1875 - Imports of Timber, &c. - Timber Trades Journal Vol. 3 1875_p003.txt",13,Overman,Uddevalla,BO'NESS,—1,848 pcs,,,1875,15,5,1875,False,"Overman @ Uddevalla,—1,848 pcs. birch and alder pit props, Order.",SMALL_MULTI_SPLIT,True,Ammanda
"2. p. 26-28 - May 15 1875 - Imports of Timber, &c. - Timber Trades Journal Vol. 3 1875_p003.txt",13,Bai,Laurvig,BO'NESS,"—8,504 pit props",Order,,,1875,15,5,1875,False,"Bai @ Laurvig,—8,504 pit props, Order.",SMALL_MULTI_SPLIT,True,Ammanda
"3. p. 35-37 - May 30 1874 - Imports of Timber, &c. - Timber Trades Journal Vol. 2 1875_p001.txt",29,Nordstern,Riga,LONDON,"—253,900 staves",J,,,1874,30,5,1874,False,"Nordstern @ Riga,—253,900 staves, J. C. Johnson.",SMALL_MULTI_SPLIT,True,Nordstern
"3. p. 35-37 - May 30 1874 - Imports of Timber, &c. - Timber Trades Journal Vol. 2 1875_p001.txt",29,Charlotte and Anna,Danzig,LONDON,—812 sleeper blocks,839 pcs,,,1874,30,5,1874,False,"Charlotte and Anna @ Danzig,—812 sleeper blocks, 839 pcs. fir timber, 2,520 pcs. staves, Order.",SMALL_MULTI_SPLIT,True,Nordstern
"3. p. 35-37 - May 30 1874 - Imports of Timber, &c. - Timber Trades Journal Vol. 2 1875_p001.txt",29,Svea,Memel,LONDON,—932 pcs,,,,1874,30,5,1874,False,"Svea @ Memel,—932 pcs. timber, 721 pcs. deals, 300 pcs. ends, Order.",SMALL_MULTI_SPLIT,True,Nordstern
"3. p. 35-37 - May 30 1874 - Imports of Timber, &c. - Timber Trades Journal Vol. 2 1875_p001.txt",32,Louisa Ann Fanny,Gothenburg,LONDON,—298 doz,,,,1874,30,5,1874,True,"Louisa Ann Fanny (s) @ Gothenburg,—298 doz. battens, P. Walton ; 100 pairs oars, A. Knos & Co. ; 1,059 bdls. boards, With, Webster, & Co. ; 80 pairs oars, Order.",SMALL_MULTI_SPLIT,True,Louisa Ann Fanny
"3. p. 35-37 - May 30 1874 - Imports of Timber, &c. - Timber Trades Journal Vol. 2 1875_p001.txt",32,Belgium,Ostend,LONDON,5,558 pcs,,,1874,30,5,1874,True,"Belgium (s) @ Ostend, 5,558 pcs. oak, A. Polly & Co.",SMALL_MULTI_SPLIT,True,Louisa Ann Fanny
"3. p. 43-45 - May 26 1877 - Imports of Timber, &c. - Timber Trades Journal Vol. 5 1877_p001.txt",63,Wassenaar,Fredrikstad,BRISTOL,"—29,892 staves, 77,098 boards, 485 spars",Tagart & Co,,,1877,26,5,1877,False,"Wassenaar @ Fredrikstad,—29,892 staves, 77,098 boards, 485 spars, Tagart & Co.",SMALL_MULTI_SPLIT,True,Wassenaar
"3. p. 43-45 - May 26 1877 - Imports of Timber, &c. - Timber Trades Journal Vol. 5 1877_p001.txt",63,Johann Frederick,Memel,BRISTOL,—641 pcs,,,,1877,26,5,1877,False,"Johann Frederick @ Memel, —641 pcs. timber, 30 wainscot logs, 600 deals, 600 staves, 9 fms. lath-wood, Order.",SMALL_MULTI_SPLIT,True,Wassenaar
"3. p. 43-45 - May 26 1877 - Imports of Timber, &c. - Timber Trades Journal Vol. 5 1877_p001.txt",63,Pennsylvania,Philadelphia,BRISTOL,"—7,000 staves, 2",000,,,1877,26,5,1877,True,"Pennsylvania (s) @ Philadelphia,—7,000 staves, 2,000",SMALL_MULTI_SPLIT,True,Wassenaar
"3. p. 43-45 - May 26 1877 - Imports of Timber, &c. - Timber Trades Journal Vol. 5 1877_p003.txt",5,Fanny,Fredrikstad,BO'NESS,"—10,579 props, 360 mining timber",W,,,1877,26,5,1877,False,"Fanny @ Fredrikstad, —10,579 props, 360 mining timber, W. Donaldson.",SMALL_MULTI_SPLIT,True,Fanny
"3. p. 43-45 - May 26 1877 - Imports of Timber, &c. - Timber Trades Journal Vol. 5 1877_p003.txt",5,Copernicus,Christiansand,BO'NESS,"—5,275 props",Gulstad & Co,,,1877,26,5,1877,False,"Copernicus @ Christiansand, —5,275 props, Gulstad & Co.",SMALL_MULTI_SPLIT,True,Fanny
"3. p. 43-45 - May 26 1877 - Imports of Timber, &c. - Timber Trades Journal Vol. 5 1877_p003.txt",5,Elgin,Christiansand,BO'NESS,"—5,071 props",Gulstad & Co,,,1877,26,5,1877,False,"Elgin @ Christiansand, —5,071 props, Gulstad & Co.",SMALL_MULTI_SPLIT,True,Fanny
"3. p. 43-45 - May 26 1877 - Imports of Timber, &c. - Timber Trades Journal Vol. 5 1877_p003.txt",5,Eliezer,Christiansand,BO'NESS,"—4,053 props",Gulstad & Co,,,1877,26,5,1877,False,"Eliezer @ Christiansand, —4,053 props, Gulstad & Co.",SMALL_MULTI_SPLIT,True,Fanny
"3. p. 43-45 - May 26 1877 - Imports of Timber, &c. - Timber Trades Journal Vol. 5 1877_p003.txt",14,Stewart Freeman,Pensacola,GREENOCK,—2,385 pcs,,,1877,26,5,1877,False,"Stewart Freeman @ Pensacola, —2,385 pcs. sawn timber, 895 deals, Allison, Cousland, & Hamilton.",SMALL_MULTI_SPLIT,True,Stewart Freeman
"3. p. 43-45 - May 26 1877 - Imports of Timber, &c. - Timber Trades Journal Vol. 5 1877_p003.txt",14,Joseph Milberry,Pensacola,GREENOCK,—638 pcs,,,,1877,26,5,1877,False,"Joseph Milberry @ Pensacola, —638 pcs. hewn timber, 54 pcs. sawn timber, 617 deals, Allison, Cousland, & Hamilton.",SMALL_MULTI_SPLIT,True,Stewart Freeman
"3. p. 43-45 - May 26 1877 - Imports of Timber, &c. - Timber Trades Journal Vol. 5 1877_p003.txt",15,Riga,Richmond,GREENOCK,U,,,,1877,26,5,1877,False,"Riga @ Richmond, U. S., —179 pcs. oak, 9 pcs. walnut, 19 pcs. whitewood, 978 oak planks, Order.",SMALL_MULTI_SPLIT,True,Riga
"3. p. 43-45 - May 26 1877 - Imports of Timber, &c. - Timber Trades Journal Vol. 5 1877_p003.txt",15,Natant,Pensacola,GREENOCK,—215 pcs,,,,1877,26,5,1877,False,"Natant @ Pensacola, —215 pcs. hewn timber, 85 pcs. sawn timber, 742 pcs. deals, Edmiston & Mitchells.",SMALL_MULTI_SPLIT,True,Riga
"3. p. 43-45 - May 26 1877 - Imports of Timber, &c. - Timber Trades Journal Vol. 5 1877_p003.txt",15,Chippawa,Pensacola,GREENOCK,—215 pcs,,,,1877,26,5,1877,False,"Chippawa @ Pensacola, —215 pcs. hewn timber, 1,249 pcs. sawn timber, 535 deals, Order.",SMALL_MULTI_SPLIT,True,Riga
"3. p. 43-45 - May 26 1877 - Imports of Timber, &c. - Timber Trades Journal Vol. 5 1877_p003.txt",23,Dorthea,Danzig,GREENOCK,—60 pcs,,,,1877,26,5,1877,False,"Dorthea @ Danzig, —60 pcs. oak timber, 351 pcs. deal ends, Order. J. F.",SMALL_MULTI_SPLIT,True,Dorthea
"3. p. 43-45 - May 26 1877 - Imports of Timber, &c. - Timber Trades Journal Vol. 5 1877_p003.txt",23,Heydtmann,Memel,GREENOCK,"—4,260 oak staves, 162 wainscot logs",19 pcs,,,1877,26,5,1877,False,"Heydtmann @ Memel, —4,260 oak staves, 162 wainscot logs, 19 pcs. oak timber, 21 pcs. ash timber, 3,476 pcs. deals and ends, 3 fathoms lathwood, Order.",SMALL_MULTI_SPLIT,True,Dorthea
"3. p. 43-45 - May 26 1877 - Imports of Timber, &c. - Timber Trades Journal Vol. 5 1877_p003.txt",23,Hermann,Memel,GREENOCK,"—4,800 oak staves",Order,,,1877,26,5,1877,False,"Hermann @ Memel, —4,800 oak staves, Order.",SMALL_MULTI_SPLIT,True,Dorthea
"3. p. 44-46 - May 29 1875 - Imports of Timber, &c. - Timber Trades Journal Vol. 3 1875_p001.txt",29,Rainbow,Hamburg,LONDON,55 pcs,,,,1875,29,5,1875,True,"Rainbow (s) @ Hamburg, 55 pcs. ashwood, D. Winckelmann.",SMALL_MULTI_SPLIT,True,Rainbow
"3. p. 44-46 - May 29 1875 - Imports of Timber, &c. - Timber Trades Journal Vol. 3 1875_p001.txt",29,Vingara,Victoria,LONDON,V,,,,1875,29,5,1875,False,"Vingara @ Victoria, V.I.,—294 spars, Order.",SMALL_MULTI_SPLIT,True,Rainbow
"3. p. 44-46 - May 29 1875 - Imports of Timber, &c. - Timber Trades Journal Vol. 3 1875_p001.txt",29,Elise,Danzig,LONDON,518 pcs,,,,1875,29,5,1875,False,"Elise @ Danzig, 518 pcs. timber, 150 pcs. deals, 5,303 pcs. oak staves, J. Dowson & Co.; 305 pcs. timber, 290 pcs. sleepers, T. Gabriel & Son.",SMALL_MULTI_SPLIT,True,Rainbow
"3. p. 44-46 - May 29 1875 - Imports of Timber, &c. - Timber Trades Journal Vol. 3 1875_p001.txt",29,Martaban,Rangoon,LONDON,—500 blocks teak,Order,,,1875,29,5,1875,True,"Martaban (s) @ Rangoon,—500 blocks teak, Order.",SMALL_MULTI_SPLIT,True,Rainbow
"3. p. 44-46 - May 29 1875 - Imports of Timber, &c. - Timber Trades Journal Vol. 3 1875_p001.txt",32,Vingolf,Drammen,LONDON,—39,162 pcs,,,1875,29,5,1875,False,"Vingolf @ Drammen,—39,162 pcs. boards, 2,478 pcs. battens, Tagart & Co.",SMALL_MULTI_SPLIT,True,Vingolf
"3. p. 44-46 - May 29 1875 - Imports of Timber, &c. - Timber Trades Journal Vol. 3 1875_p001.txt",32,Nicolaus Heinrich,Danzig,LONDON,—1,027 pcs,,,1875,29,5,1875,False,"Nicolaus Heinrich @ Danzig,—1,027 pcs. timber, 372 pcs. sleepers, Order.",SMALL_MULTI_SPLIT,True,Vingolf
"3. p. 44-46 - May 29 1875 - Imports of Timber, &c. - Timber Trades Journal Vol. 3 1875_p001.txt",32,Marianna Bartha,Memel,LONDON,—1,801 pcs,,,1875,29,5,1875,False,"Marianna Bartha @ Memel,—1,801 pcs. timber, N. Sexton; 7,815 staves, Order.",SMALL_MULTI_SPLIT,True,Vingolf
"3. p. 44-46 - May 29 1875 - Imports of Timber, &c. - Timber Trades Journal Vol. 3 1875_p001.txt",39,Drammen,Drammen,LONDON,83 fms,,,,1875,29,5,1875,False,"Drammen @ Drammen—83 fms. firewood, 389,633 pcs. staves, Duus, Brown, & Co.",SMALL_MULTI_SPLIT,True,Drammen
"3. p. 44-46 - May 29 1875 - Imports of Timber, &c. - Timber Trades Journal Vol. 3 1875_p001.txt",39,Atalanta,Stockholm,LONDON,—50 cs,,,,1875,29,5,1875,True,"Atalanta (s) @ Stockholm,—50 cs. wood matches, H. Hill; 3,065 pkgs. wood goods, 16 cs. matches, Order.",SMALL_MULTI_SPLIT,True,Drammen
"3. p. 44-46 - May 29 1875 - Imports of Timber, &c. - Timber Trades Journal Vol. 3 1875_p001.txt",39,Erling,Sannesund,LONDON,—150 fms,,,,1875,29,5,1875,False,"Erling @ Sannesund,—150 fms. firewood, Order.",SMALL_MULTI_SPLIT,True,Drammen
"3. p. 44-46 - May 29 1875 - Imports of Timber, &c. - Timber Trades Journal Vol. 3 1875_p001.txt",39,Panther,Boulogne,LONDON,5 pkgs,,,,1875,29,5,1875,True,"Panther (s) @ Boulogne—5 pkgs. veneers, Flageollet Bros.",SMALL_MULTI_SPLIT,True,Drammen
"3. p. 44-46 - May 29 1875 - Imports of Timber, &c. - Timber Trades Journal Vol. 3 1875_p002.txt",6,Beemah,New York,LIVERPOOL,"—3,201 staves",Order,,,1875,29,5,1875,False,"Beemah @ New York,—3,201 staves, Order.",SMALL_MULTI_SPLIT,True,Beemah
"3. p. 44-46 - May 29 1875 - Imports of Timber, &c. - Timber Trades Journal Vol. 3 1875_p002.txt",6,Jolo,Laguna de Terminos,LIVERPOOL,"—244 logs mahogany and cedar, 16 logs mahogany",Skelton & Co,,,1875,29,5,1875,False,"Jolo @ Laguna de Terminos,—244 logs mahogany and cedar, 16 logs mahogany, Skelton & Co.",SMALL_MULTI_SPLIT,True,Beemah
"3. p. 44-46 - May 29 1875 - Imports of Timber, &c. - Timber Trades Journal Vol. 3 1875_p002.txt",6,Ternen,Christiania,LIVERPOOL,—294,290 pcs,,,1875,29,5,1875,False,"Ternen @ Christiania,—294,290 pcs. staves, 22 pcs. masts, 12 pcs. spars, 188 pcs. poles, 806 pcs. rickers, Order.",SMALL_MULTI_SPLIT,True,Beemah
"3. p. 44-46 - May 29 1875 - Imports of Timber, &c. - Timber Trades Journal Vol. 3 1875_p002.txt",7,Queenstown,New Orleans,LIVERPOOL,—2,700 pcs,,,1875,29,5,1875,False,"Queenstown @ New Orleans,—2,700 pcs. staves, Chaloner & Co.",SMALL_MULTI_SPLIT,True,Queenstown
"3. p. 44-46 - May 29 1875 - Imports of Timber, &c. - Timber Trades Journal Vol. 3 1875_p002.txt",7,Volga,Africa,LIVERPOOL,W,,,,1875,29,5,1875,True,"Volga (s) @ Africa, W.C.,—64 pcs. ebony, N. W. House & Sons.",SMALL_MULTI_SPLIT,True,Queenstown
"3. p. 44-46 - May 29 1875 - Imports of Timber, &c. - Timber Trades Journal Vol. 3 1875_p002.txt",7,Clive,Boston,LIVERPOOL,—62 cs,,,,1875,29,5,1875,True,"Clive (s) @ Boston,—62 cs. sawn wood, Order.",SMALL_MULTI_SPLIT,True,Queenstown
"3. p. 44-46 - May 29 1875 - Imports of Timber, &c. - Timber Trades Journal Vol. 3 1875_p002.txt",7,Cashmere,New York,LIVERPOOL,—3,600 pcs,,,1875,29,5,1875,False,"Cashmere @ New York,—3,600 pcs. staves, 2,000 staves, Order.",SMALL_MULTI_SPLIT,True,Queenstown
"3. p. 44-46 - May 29 1875 - Imports of Timber, &c. - Timber Trades Journal Vol. 3 1875_p002.txt",9,Fuller,New Orleans,LIVERPOOL,"—2,400 staves",E,,,1875,29,5,1875,False,"Fuller @ New Orleans,—2,400 staves, E. Chaloner & Co.",SMALL_MULTI_SPLIT,True,R. B. Fuller
"3. p. 44-46 - May 29 1875 - Imports of Timber, &c. - Timber Trades Journal Vol. 3 1875_p002.txt",9,City of Berlin,New York,LIVERPOOL,1,252 pcs,,,1875,29,5,1875,True,"City of Berlin (s) @ New York—1,252 pcs. timber, P. W. & Co.",SMALL_MULTI_SPLIT,True,R. B. Fuller
"3. p. 44-46 - May 29 1875 - Imports of Timber, &c. - Timber Trades Journal Vol. 3 1875_p002.txt",9,Celtic,New York,LIVERPOOL,"—2,400 staves",E,,,1875,29,5,1875,True,"Celtic (s) @ New York,—2,400 staves, E. Chaloner & Co.",SMALL_MULTI_SPLIT,True,R. B. Fuller
"3. p. 44-46 - May 29 1875 - Imports of Timber, &c. - Timber Trades Journal Vol. 3 1875_p002.txt",9,Vanguard,St. John,LIVERPOOL,N,,,,1875,29,5,1875,True,"Vanguard (s) @ St. John, N.B.—27,129 pcs. deals, &c., 5,207 pcs. deals, 20,000 palings, Farnworth & Jardine.",SMALL_MULTI_SPLIT,True,R. B. Fuller
"3. p. 44-46 - May 29 1875 - Imports of Timber, &c. - Timber Trades Journal Vol. 3 1875_p002.txt",14,Damietta,Vefsen,LIVERPOOL,—420 c,,,,1875,29,5,1875,True,"Damietta (s) @ Vefsen,—420 c. Boards, Brown, Atkinson & Co.",SMALL_MULTI_SPLIT,True,Damietta
"3. p. 44-46 - May 29 1875 - Imports of Timber, &c. - Timber Trades Journal Vol. 3 1875_p002.txt",14,Helene Elizabeth,Kalmar,LIVERPOOL,—47 fms,,,,1875,29,5,1875,False,"Helene Elizabeth @ Kalmar,—47 fms. lathwood, Steweni.",SMALL_MULTI_SPLIT,True,Damietta
"3. p. 44-46 - May 29 1875 - Imports of Timber, &c. - Timber Trades Journal Vol. 3 1875_p002.txt",14,Fredrik,Skien,LIVERPOOL,—477 pkgs,,,,1875,29,5,1875,False,"Fredrik @ Skien,—477 pkgs. wood pulp, 3 fms. firewood, 4 c. battens, Steweni.",SMALL_MULTI_SPLIT,True,Damietta
"3. p. 44-46 - May 29 1875 - Imports of Timber, &c. - Timber Trades Journal Vol. 3 1875_p002.txt",14,Garibaldi,Minatitlan,LIVERPOOL,"—430 logs mahogany, 77 log ends",Steweni,,,1875,29,5,1875,False,"Garibaldi @ Minatitlan,—430 logs mahogany, 77 log ends, Steweni.",SMALL_MULTI_SPLIT,True,Damietta
"3. p. 44-46 - May 29 1875 - Imports of Timber, &c. - Timber Trades Journal Vol. 3 1875_p002.txt",19,Angelo,Christiania,LIVERPOOL,&c,,,,1875,29,5,1875,True,"Angelo (s) @ Christiania, &c.,—488 cs. wood pulp, 18 c. battens, 73 c. boards, &c., Wilson.",SMALL_MULTI_SPLIT,True,Angelo
"3. p. 44-46 - May 29 1875 - Imports of Timber, &c. - Timber Trades Journal Vol. 3 1875_p002.txt",19,Urbino,Riga,LIVERPOOL,—5,310 pcs,,,1875,29,5,1875,True,"Urbino (s) @ Riga,—5,310 pcs. lathwood, Wilson.",SMALL_MULTI_SPLIT,True,Angelo
"3. p. 44-46 - May 29 1875 - Imports of Timber, &c. - Timber Trades Journal Vol. 3 1875_p002.txt",19,Orlando,Gothenburg,LIVERPOOL,—26 c,,,,1875,29,5,1875,True,"Orlando (s) @ Gothenburg,—26 c. battens, 20 brls. bdls. laths, Wilson.",SMALL_MULTI_SPLIT,True,Angelo
"3. p. 44-46 - May 29 1875 - Imports of Timber, &c. - Timber Trades Journal Vol. 3 1875_p002.txt",19,Irwell,Danzig &c.,LIVERPOOL,—20 brls,,,,1875,29,5,1875,True,"Irwell (s) @ Danzig &c.,—20 brls. laths, 26 c. battens, Wilson.",SMALL_MULTI_SPLIT,True,Angelo
"3. p. 44-46 - May 29 1875 - Imports of Timber, &c. - Timber Trades Journal Vol. 3 1875_p002.txt",37,Henriette,Danzig,BRISTOL,—919 pcs,,,,1875,29,5,1875,False,"Henriette @ Danzig,—919 pcs. fir timber, 6,596 lathwood, R. Wade, Sons, & Co.",SMALL_MULTI_SPLIT,True,Henriette
"3. p. 44-46 - May 29 1875 - Imports of Timber, &c. - Timber Trades Journal Vol. 3 1875_p002.txt",37,Argo,Krageroe,BRISTOL,"—6,596 lathwood, 813 sleepers",G,,,1875,29,5,1875,False,"Argo @ Krageroe,—6,596 lathwood, 813 sleepers, G. Pyman & Co.",SMALL_MULTI_SPLIT,True,Henriette
"3. p. 44-46 - May 29 1875 - Imports of Timber, &c. - Timber Trades Journal Vol. 3 1875_p002.txt",37,Phoenix,Fredrikstad,BRISTOL,—20,712 pcs,,,1875,29,5,1875,False,"Phoenix @ Fredrikstad,—20,712 pcs. of prepared flooring boards, Mitchell & Co.",SMALL_MULTI_SPLIT,True,Henriette
"3. p. 44-46 - May 29 1875 - Imports of Timber, &c. - Timber Trades Journal Vol. 3 1875_p002.txt",42,Friendship,Memel,BRISTOL,—904 pcs,,,,1875,29,5,1875,False,"Friendship @ Memel,—904 pcs. timber, 365 deal ends, 2,100 oak pipe staves, R. Wade, Sons, & Co.",SMALL_MULTI_SPLIT,True,Friendship
"3. p. 44-46 - May 29 1875 - Imports of Timber, &c. - Timber Trades Journal Vol. 3 1875_p002.txt",42,Titania,Danzig,BRISTOL,—578 pcs,,,,1875,29,5,1875,False,"Titania @ Danzig,—578 pcs. oak timber, 392 pcs. half fir sleepers, Order.",SMALL_MULTI_SPLIT,True,Friendship
"3. p. 44-46 - May 29 1875 - Imports of Timber, &c. - Timber Trades Journal Vol. 3 1875_p002.txt",42,Thule,Pensacola,BRISTOL,—490 pcs,,,,1875,29,5,1875,False,"Thule @ Pensacola,—490 pcs. pitch pine timber, 260 pcs. pitch pine deals, J. Rhodes & Co.",SMALL_MULTI_SPLIT,True,Friendship
"3. p. 44-46 - May 29 1875 - Imports of Timber, &c. - Timber Trades Journal Vol. 3 1875_p002.txt",52,Elizabeth,Danzig,BRISTOL,"—2,735 staves",462 pcs,,,1875,29,5,1875,False,"Elizabeth @ Danzig,—2,735 staves, 462 pcs. timber, Carosus, Bock & Co.",SMALL_MULTI_SPLIT,True,Elizabeth
"3. p. 44-46 - May 29 1875 - Imports of Timber, &c. - Timber Trades Journal Vol. 3 1875_p002.txt",52,Gut Heil,Danzig,BRISTOL,—554 pcs,,,,1875,29,5,1875,False,"Gut Heil @ Danzig,—554 pcs. timber, 3,445 staves, Carosus, Bock & Co.",SMALL_MULTI_SPLIT,True,Elizabeth
"3. p. 44-46 - May 29 1875 - Imports of Timber, &c. - Timber Trades Journal Vol. 3 1875_p002.txt",52,Concordia,Christiania,BRISTOL,"—18,695 pit props",G,,,1875,29,5,1875,False,"Concordia @ Christiania,—18,695 pit props, G. G. Mackay.",SMALL_MULTI_SPLIT,True,Elizabeth
"4. p. 55-56 - June 13 1874 - Imports of Timber, &c. - Timber Trades Journal Vol. 2 1875_p001.txt",6,Quito,Cronstadt,LONDON,—4,954 pcs,,,1874,13,6,1874,True,"Quito (s) @ Cronstadt,—4,954 pcs. lathwood, Reynolds & Sons ; 1,043 deals, 100 deal ends, 509 pcs. 49 fantails mahogany, 250 t. logwood, British Honduras Co.",SMALL_MULTI_SPLIT,True,Quito
"4. p. 55-56 - June 13 1874 - Imports of Timber, &c. - Timber Trades Journal Vol. 2 1875_p001.txt",6,Medelpad,Minatitlan,LONDON,"—392 logs mahogany, 40 log ends",J,,,1874,13,6,1874,False,"Medelpad @ Minatitlan,—392 logs mahogany, 40 log ends, J. Graham & Co.",SMALL_MULTI_SPLIT,True,Quito
"4. p. 55-56 - June 13 1874 - Imports of Timber, &c. - Timber Trades Journal Vol. 2 1875_p001.txt",7,Nordkyn,Savannah,LONDON,—3 masts,368 pcs,,,1874,13,6,1874,False,"Nordkyn @ Savannah,—3 masts, 368 pcs. timber, 348 pcs. timber, 82 pcs. deals, Order.",SMALL_MULTI_SPLIT,True,Nordkyn
"4. p. 55-56 - June 13 1874 - Imports of Timber, &c. - Timber Trades Journal Vol. 2 1875_p001.txt",7,Cornhill,Jamaica,LONDON,252 t,,,,1874,13,6,1874,False,"Cornhill @ Jamaica, 252 t. logwood, 150 t. fustic, Order.",SMALL_MULTI_SPLIT,True,Nordkyn
"4. p. 55-56 - June 13 1874 - Imports of Timber, &c. - Timber Trades Journal Vol. 2 1875_p001.txt",7,Olivet,Fremantle,LONDON,W,,,,1874,13,6,1874,False,"Olivet @ Fremantle, W.A.,—8 pkgs. timber, J. T. Hosker ; 320 logs sandalwood, Dalgety & Co.",SMALL_MULTI_SPLIT,True,Nordkyn
"4. p. 55-56 - June 13 1874 - Imports of Timber, &c. - Timber Trades Journal Vol. 2 1875_p001.txt",21,Christabel,Jamaica,LIVERPOOL,15 t,,,,1874,13,6,1874,False,"Christabel @ Jamaica, 15 t. fustic, 1 t. logwood, Gladstone & Co.",SMALL_MULTI_SPLIT,True,Christabel
"4. p. 55-56 - June 13 1874 - Imports of Timber, &c. - Timber Trades Journal Vol. 2 1875_p001.txt",21,Eva,Pensacola,LIVERPOOL,—474 pcs,,,,1874,13,6,1874,False,"Eva @ Pensacola,—474 pcs. timber, 728 pcs. deals, 436 pcs. deals, 600 pcs. staves, 8 pcs. deals, &c., Farnworth & Co.",SMALL_MULTI_SPLIT,True,Christabel
"4. p. 55-56 - June 13 1874 - Imports of Timber, &c. - Timber Trades Journal Vol. 2 1875_p001.txt",21,———,St. George,LIVERPOOL,N,,,,1874,13,6,1874,False,"——— @ St. George, N.B., 27,016 pcs. deals, &c., Farnworth & Co.",SMALL_MULTI_SPLIT,True,Christabel
"4. p. 55-56 - June 13 1874 - Imports of Timber, &c. - Timber Trades Journal Vol. 2 1875_p001.txt",27,Gracia,Black River,LIVERPOOL,—36 c,,,,1874,13,6,1874,True,"Gracia (s) @ Black River,—36 c. fustic, 27 t. logwood, Gladstone & Co.",SMALL_MULTI_SPLIT,True,Gracia
"4. p. 55-56 - June 13 1874 - Imports of Timber, &c. - Timber Trades Journal Vol. 2 1875_p001.txt",27,Eva,Pensacola,LIVERPOOL,—452 logs timber,728 pcs,,,1874,13,6,1874,False,"Eva @ Pensacola,—452 logs timber, 728 pcs. deals, wood, Order.",SMALL_MULTI_SPLIT,True,Gracia
"4. p. 55-56 - June 13 1874 - Imports of Timber, &c. - Timber Trades Journal Vol. 2 1875_p001.txt",27,Charles,St. George,LIVERPOOL,N,,,,1874,13,6,1874,False,"Charles @ St. George, N.B., 27,016 pcs. deals, &c., Order. W. G.",SMALL_MULTI_SPLIT,True,Gracia
"4. p. 55-56 - June 13 1874 - Imports of Timber, &c. - Timber Trades Journal Vol. 2 1875_p001.txt",27,Hatfield,St. George,LIVERPOOL,N,,,,1874,13,6,1874,False,"Hatfield @ St. George, N.B., 27,016 pcs. deals, &c., 2,210 pcs. deal ends, Farnworth & Co.",SMALL_MULTI_SPLIT,True,Gracia
"4. p. 55-56 - June 13 1874 - Imports of Timber, &c. - Timber Trades Journal Vol. 2 1875_p001.txt",29,nois,Philadelphia,LIVERPOOL,"—24,500 treenails",Pool Scar,,,1874,13,6,1874,True,"nois (s) @ Philadelphia,—24,500 treenails, Pool Scar",SMALL_MULTI_SPLIT,True,nois
"4. p. 55-56 - June 13 1874 - Imports of Timber, &c. - Timber Trades Journal Vol. 2 1875_p001.txt",29,"nois  @ Philadelphia,—24,500 treenails, Pool Scar",Pensacola,LIVERPOOL,—648 pcs,,,,1874,13,6,1874,True,"nois (s) @ Philadelphia,—24,500 treenails, Pool Scar @ Pensacola,—648 pcs. timber, 370 pcs. deals, Bland & Co.",SMALL_MULTI_SPLIT,True,nois
"4. p. 55-56 - June 13 1874 - Imports of Timber, &c. - Timber Trades Journal Vol. 2 1875_p001.txt",29,Braats,Pensacola,LIVERPOOL,—395 deals,Order,,,1874,13,6,1874,False,"Braats @ Pensacola,—395 deals, Order.",SMALL_MULTI_SPLIT,True,nois
"4. p. 55-56 - June 13 1874 - Imports of Timber, &c. - Timber Trades Journal Vol. 2 1875_p001.txt",29,Formose,Pensacola,LIVERPOOL,—1,543 pcs,,,1874,13,6,1874,False,"Formose @ Pensacola,—1,543 pcs. timber, 383 pcs. deals, &c., Order.",SMALL_MULTI_SPLIT,True,nois
"4. p. 55-56 - June 13 1874 - Imports of Timber, &c. - Timber Trades Journal Vol. 2 1875_p002.txt",13,Pacha,Hamburg,LIVERPOOL,—1,164 pcs,,,1874,13,6,1874,True,"Pacha (s) @ Hamburg,—1,164 pcs. lignum vitæ, Gee.",SMALL_MULTI_SPLIT,True,Pacha
"4. p. 55-56 - June 13 1874 - Imports of Timber, &c. - Timber Trades Journal Vol. 2 1875_p002.txt",13,Harriet Wade,Pensacola,LIVERPOOL,—545 pcs,,,,1874,13,6,1874,False,"Harriet Wade @ Pensacola,—545 pcs. timber, Wade.",SMALL_MULTI_SPLIT,True,Pacha
"4. p. 55-56 - June 13 1874 - Imports of Timber, &c. - Timber Trades Journal Vol. 2 1875_p002.txt",13,Alma,Stockholm,LIVERPOOL,—107 c,,,,1874,13,6,1874,False,"Alma @ Stockholm,—107 c. deals, &c. Steweni.",SMALL_MULTI_SPLIT,True,Pacha
"4. p. 55-56 - June 13 1874 - Imports of Timber, &c. - Timber Trades Journal Vol. 2 1875_p002.txt",13,Freya,Riga,LIVERPOOL,—51 c,,,,1874,13,6,1874,False,"Freya @ Riga,—51 c. deals, &c. Winter.",SMALL_MULTI_SPLIT,True,Pacha
"4. p. 55-56 - June 13 1874 - Imports of Timber, &c. - Timber Trades Journal Vol. 2 1875_p002.txt",13,Aura,Soderhawn,LIVERPOOL,—155 c,,,,1874,13,6,1874,False,"Aura @ Soderhawn,—155 c. deals, &c., Granberg.",SMALL_MULTI_SPLIT,True,Pacha
"4. p. 55-56 - June 13 1874 - Imports of Timber, &c. - Timber Trades Journal Vol. 2 1875_p002.txt",17,Rosa,Stettin,BRISTOL,—287 pcs,,,,1874,13,6,1874,False,"Rosa @ Stettin,—287 pcs. battens, 364 pcs. timber, May & Co.",SMALL_MULTI_SPLIT,True,Rosa
"4. p. 55-56 - June 13 1874 - Imports of Timber, &c. - Timber Trades Journal Vol. 2 1875_p002.txt",17,Ernst Wilhelm,Stettin,BRISTOL,—560 pcs,,,,1874,13,6,1874,False,"Ernst Wilhelm @ Stettin,—560 pcs. timber, May & Co.",SMALL_MULTI_SPLIT,True,Rosa
"4. p. 55-56 - June 13 1874 - Imports of Timber, &c. - Timber Trades Journal Vol. 2 1875_p002.txt",17,Johannes,Riga,BRISTOL,—83 fms,,,,1874,13,6,1874,False,"Johannes @ Riga,—83 fms. lathwood, Order.",SMALL_MULTI_SPLIT,True,Rosa
"4. p. 55-56 - June 13 1874 - Imports of Timber, &c. - Timber Trades Journal Vol. 2 1875_p002.txt",17,Friedrich Sealla,Stettin,BRISTOL,—716 pcs,,,,1874,13,6,1874,False,"Friedrich Sealla @ Stettin,—716 pcs. timber, Barnes & Son.",SMALL_MULTI_SPLIT,True,Rosa
"4. p. 55-56 - June 13 1874 - Imports of Timber, &c. - Timber Trades Journal Vol. 2 1875_p002.txt",22,Julie,Memel,BRISTOL,—7,552 pcs,,,1874,13,6,1874,False,"Julie @ Memel,—7,552 pcs. deals and ends, 2,174 pcs. staves, Order.",SMALL_MULTI_SPLIT,True,Julie
"4. p. 55-56 - June 13 1874 - Imports of Timber, &c. - Timber Trades Journal Vol. 2 1875_p002.txt",22,Danube,Soderhamn,BRISTOL,—15,865 pcs,,,1874,13,6,1874,False,"Danube @ Soderhamn,—15,865 pcs. deals and boards, Harrison & Singleton.",SMALL_MULTI_SPLIT,True,Julie
"4. p. 55-56 - June 13 1874 - Imports of Timber, &c. - Timber Trades Journal Vol. 2 1875_p002.txt",22,Monitor,Gefle,BRISTOL,—33,166 pcs,,,1874,13,6,1874,False,"Monitor @ Gefle,—33,166 pcs. deals and boards, J. Rhodes & Co.",SMALL_MULTI_SPLIT,True,Julie
"4. p. 55-56 - June 13 1874 - Imports of Timber, &c. - Timber Trades Journal Vol. 2 1875_p002.txt",72,Eurine,Pensacola,GREENOCK,—304 pcs,,,,1874,13,6,1874,False,"Eurine @ Pensacola,—304 pcs. hewn pitch pine timber, 891 pcs. sawn pitch pine timber, 531 pcs. pitch pine timber deals. Robinson, Dunn, & Co.",SMALL_MULTI_SPLIT,True,Eurine
"4. p. 55-56 - June 13 1874 - Imports of Timber, &c. - Timber Trades Journal Vol. 2 1875_p002.txt",72,Traveller,Darien,GREENOCK,—556 pcs,,,,1874,13,6,1874,False,"Traveller @ Darien,—556 pcs. hewn pitch pine, 371 deals, Order.",SMALL_MULTI_SPLIT,True,Eurine
"5. p. 68-70 - June 27 1874 - Imports of Timber, &c. - Timber Trades Journal Vol. 2 1875_p001.txt",30,Talisman,Dram,LONDON,—714 doz,,,,1874,27,6,1874,False,"Talisman @ Dram,—714 doz. deals and battens, 327 doz. deals, 7 fms. firewood, J. Neck & Sons.",SMALL_MULTI_SPLIT,True,Talisman
"5. p. 68-70 - June 27 1874 - Imports of Timber, &c. - Timber Trades Journal Vol. 2 1875_p001.txt",30,Glen-avon,Riga,LONDON,—10 fms,,,,1874,27,6,1874,True,"Glen-avon (s) @ Riga,—10 fms. lathwood, G. R. Boyce; 6,976 sleepers, 511 half-sleepers, Order.",SMALL_MULTI_SPLIT,True,Talisman
"5. p. 68-70 - June 27 1874 - Imports of Timber, &c. - Timber Trades Journal Vol. 2 1875_p001.txt",30,Antelope,Riga,LONDON,"—1,627 sleepers, 11,400 half-sleepers",16 fms,,,1874,27,6,1874,True,"Antelope (s) @ Riga,—1,627 sleepers, 11,400 half-sleepers, 16 fms. lathwood, Order.",SMALL_MULTI_SPLIT,True,Talisman
"5. p. 68-70 - June 27 1874 - Imports of Timber, &c. - Timber Trades Journal Vol. 2 1875_p002.txt",12,President,Pensacola,LIVERPOOL,—830 pcs,,,,1874,27,6,1874,False,"President @ Pensacola,—830 pcs. timber, Steweni.",SMALL_MULTI_SPLIT,True,President
"5. p. 68-70 - June 27 1874 - Imports of Timber, &c. - Timber Trades Journal Vol. 2 1875_p002.txt",12,Ocean,Riga,LIVERPOOL,—50 wainscot logs,&c,,,1874,27,6,1874,False,"Ocean @ Riga,—50 wainscot logs, &c., 39 c. deals, 2 fms. firewood, 3 fms. lathwood, Winter.",SMALL_MULTI_SPLIT,True,President
"5. p. 68-70 - June 27 1874 - Imports of Timber, &c. - Timber Trades Journal Vol. 2 1875_p002.txt",12,Lanks,Riga,LIVERPOOL,42 c,,,,1874,27,6,1874,False,"Lanks @ Riga, 42 c. deals, &c., Steweni.",SMALL_MULTI_SPLIT,True,President
"5. p. 68-70 - June 27 1874 - Imports of Timber, &c. - Timber Trades Journal Vol. 2 1875_p002.txt",12,Rapide,Sundswall 120 c. deals,LIVERPOOL,&c,,,,1874,27,6,1874,False,"Rapide @ Sundswall 120 c. deals, &c. Steweni.",SMALL_MULTI_SPLIT,True,President
"5. p. 68-70 - June 27 1874 - Imports of Timber, &c. - Timber Trades Journal Vol. 2 1875_p002.txt",12,Ailo,Riga,LIVERPOOL,—56 c,,,,1874,27,6,1874,False,"Ailo @ Riga,—56 c. deals, &c., Steweni.",SMALL_MULTI_SPLIT,True,President
"5. p. 68-70 - June 27 1874 - Imports of Timber, &c. - Timber Trades Journal Vol. 2 1875_p002.txt",14,Eleizer,Hudikswall,LIVERPOOL,—197 c,,,,1874,27,6,1874,False,"Eleizer @ Hudikswall,—197 c. battens, &c., Jenkins.",SMALL_MULTI_SPLIT,True,Eleizer
"5. p. 68-70 - June 27 1874 - Imports of Timber, &c. - Timber Trades Journal Vol. 2 1875_p002.txt",14,Egia,Swartwik,LIVERPOOL,—167 c,,,,1874,27,6,1874,False,"Egia @ Swartwik,—167 c. deals, &c., Granberg.",SMALL_MULTI_SPLIT,True,Eleizer
"5. p. 68-70 - June 27 1874 - Imports of Timber, &c. - Timber Trades Journal Vol. 2 1875_p002.txt",14,John,Soderhamn,LIVERPOOL,—125,c,,,1874,27,6,1874,False,"John @ Soderhamn, —125, c. deals, &c., Bjufstrom.",SMALL_MULTI_SPLIT,True,Eleizer
"5. p. 68-70 - June 27 1874 - Imports of Timber, &c. - Timber Trades Journal Vol. 2 1875_p002.txt",14,Clara Maria,Pensacola,LIVERPOOL,—565 pcs,,,,1874,27,6,1874,False,"Clara Maria @ Pensacola,—565 pcs. timber, &c., Steweni.",SMALL_MULTI_SPLIT,True,Eleizer
"5. p. 68-70 - June 27 1874 - Imports of Timber, &c. - Timber Trades Journal Vol. 2 1875_p002.txt",14,Hilda,Wyburg,LIVERPOOL,—239 c,,,,1874,27,6,1874,True,"Hilda (s) @ Wyburg,—239 c. deals, &c. Wells.",SMALL_MULTI_SPLIT,True,Eleizer
"5. p. 68-70 - June 27 1874 - Imports of Timber, &c. - Timber Trades Journal Vol. 2 1875_p002.txt",16,Clio,Gefle,LIVERPOOL,—198 c,,,,1874,27,6,1874,False,"Clio @ Gefle,—198 c. boards, Granberg.",SMALL_MULTI_SPLIT,True,Clio
"5. p. 68-70 - June 27 1874 - Imports of Timber, &c. - Timber Trades Journal Vol. 2 1875_p002.txt",16,Iane,Doboy,LIVERPOOL,—422 logs timber,1 c,,,1874,27,6,1874,False,"Iane @ Doboy, —422 logs timber, 1 c. deals, Granberg.",SMALL_MULTI_SPLIT,True,Clio
"5. p. 68-70 - June 27 1874 - Imports of Timber, &c. - Timber Trades Journal Vol. 2 1875_p002.txt",16,Westaby,Mem,LIVERPOOL,—109c,,,,1874,27,6,1874,False,"Westaby @ Mem,—109c. deals, &c., Granberg.",SMALL_MULTI_SPLIT,True,Clio
"5. p. 68-70 - June 27 1874 - Imports of Timber, &c. - Timber Trades Journal Vol. 2 1875_p002.txt",16,Bravo,Riga,LIVERPOOL,—19c,,,,1874,27,6,1874,True,"Bravo (s) @ Riga,—19c. deals, 1,136 pcs. lathwood, Wilson.",SMALL_MULTI_SPLIT,True,Clio
"5. p. 68-70 - June 27 1874 - Imports of Timber, &c. - Timber Trades Journal Vol. 2 1875_p002.txt",16,Thor,Skien,LIVERPOOL,—120c,,,,1874,27,6,1874,False,"Thor @ Skien,—120c. boards, Simoney.",SMALL_MULTI_SPLIT,True,Clio
"5. p. 68-70 - June 27 1874 - Imports of Timber, &c. - Timber Trades Journal Vol. 2 1875_p002.txt",24,Lady Emma Bruce,Pensacola,BRISTOL,—638 pcs,,,,1874,27,6,1874,False,"Lady Emma Bruce @ Pensacola,—638 pcs. timber, 464 deals,—Jones & Co.",SMALL_MULTI_SPLIT,True,Lady Emma Bruce
"5. p. 68-70 - June 27 1874 - Imports of Timber, &c. - Timber Trades Journal Vol. 2 1875_p002.txt",24,Alku,Bjorneborg,BRISTOL,—31,158 pcs,,,1874,27,6,1874,False,"Alku @ Bjorneborg,—31,158 pcs. deals, &c., Emblin & Co.",SMALL_MULTI_SPLIT,True,Lady Emma Bruce
"5. p. 68-70 - June 27 1874 - Imports of Timber, &c. - Timber Trades Journal Vol. 2 1875_p002.txt",24,Pasis,St. John's,BRISTOL,N,,,,1874,27,6,1874,False,"Pasis @ St. John's, N. B.,—23,125 pcs. deals, &c., 3,226 boards, Farnworth & Co.",SMALL_MULTI_SPLIT,True,Lady Emma Bruce
"5. p. 68-70 - June 27 1874 - Imports of Timber, &c. - Timber Trades Journal Vol. 2 1875_p002.txt",30,Content,Gefle,BRISTOL,—21,000 pcs,,,1874,27,6,1874,False,"Content @ Gefle,—21,000 pcs. deals, battens, and boards, Order.",SMALL_MULTI_SPLIT,True,Content
"5. p. 68-70 - June 27 1874 - Imports of Timber, &c. - Timber Trades Journal Vol. 2 1875_p002.txt",30,Farnley Hall,Riga,BRISTOL,—8,344 pcs,,,1874,27,6,1874,True,"Farnley Hall (s) @ Riga,—8,344 pcs. sleepers, 435 pcs. half sleepers, Lander & Co. A quantity of lathwood, Fleetham & Co.",SMALL_MULTI_SPLIT,True,Content
"5. p. 68-70 - June 27 1874 - Imports of Timber, &c. - Timber Trades Journal Vol. 2 1875_p002.txt",30,Care,Riga,BRISTOL,—4,274 pcs,,,1874,27,6,1874,False,"Care @ Riga,—4,274 pcs. deals and ends, Order.",SMALL_MULTI_SPLIT,True,Content
"5. p. 68-70 - June 27 1874 - Imports of Timber, &c. - Timber Trades Journal Vol. 2 1875_p002.txt",43,Hilda,Wyburg,BRISTOL,"—5,872 deals, Mitchell",Somerville & Co,,,1874,27,6,1874,False,"Hilda @ Wyburg,—5,872 deals, Mitchell, Somerville & Co.",SMALL_MULTI_SPLIT,True,Hilda
"5. p. 68-70 - June 27 1874 - Imports of Timber, &c. - Timber Trades Journal Vol. 2 1875_p002.txt",43,Dale,Cronstadt,BRISTOL,"—75 loads lathwood, 200 rickers",A,,,1874,27,6,1874,False,"Dale @ Cronstadt,—75 loads lathwood, 200 rickers, A. R. Rennie.",SMALL_MULTI_SPLIT,True,Hilda
"5. p. 68-70 - June 27 1874 - Imports of Timber, &c. - Timber Trades Journal Vol. 2 1875_p002.txt",43,Carl Heinrich,Riga,BRISTOL,—50 pcs,,,,1874,27,6,1874,False,"Carl Heinrich @ Riga,—50 pcs. wainscot logs, 419 pcs. timber, 398 pcs. timber, 564 deals, 9 fms. lathwood, Ferguson, Davidson & Co.",SMALL_MULTI_SPLIT,True,Hilda
"5. p.75-77 - June 26 1875 - Import of Timber, &c. Timber Trades Journal Vol. 3 1875_p001.txt",53,Der Versuch,Riga,LONDON,"—530 wainscot logs, 5,938 deals",5 fms,,,1875,26,6,1875,False,"Der Versuch @ Riga,—530 wainscot logs, 5,938 deals, 5 fms. deal ends, T. P. Jordensen & Co.",SMALL_MULTI_SPLIT,True,Der Versuch
"5. p.75-77 - June 26 1875 - Import of Timber, &c. Timber Trades Journal Vol. 3 1875_p001.txt",53,Queen of Ceylon,New York,LONDON,1,620 gross hd,,,1875,26,6,1875,False,"Queen of Ceylon @ New York, 1,620 gross hd. staves, Order.",SMALL_MULTI_SPLIT,True,Der Versuch
"5. p.75-77 - June 26 1875 - Import of Timber, &c. Timber Trades Journal Vol. 3 1875_p001.txt",53,Rosa,Pensacola,LONDON,—494 pcs,,,,1875,26,6,1875,False,"Rosa @ Pensacola,—494 pcs. timber, 573 deals, Order.",SMALL_MULTI_SPLIT,True,Der Versuch
"5. p.75-77 - June 26 1875 - Import of Timber, &c. Timber Trades Journal Vol. 3 1875_p001.txt",54,Kalos,Pensacola,LONDON,—374 pcs,,,,1875,26,6,1875,False,"Kalos @ Pensacola,—374 pcs. hewn, 461 pcs. sawn timber, 364 deals, Order.",SMALL_MULTI_SPLIT,True,Kalos
"5. p.75-77 - June 26 1875 - Import of Timber, &c. Timber Trades Journal Vol. 3 1875_p001.txt",54,Whampoa,Sydney,LONDON,"—4,250 treenails, Levy",Smith & Co,,,1875,26,6,1875,True,"Whampoa (s) @ Sydney,—4,250 treenails, Levy, Smith & Co.",SMALL_MULTI_SPLIT,True,Kalos
"5. p.75-77 - June 26 1875 - Import of Timber, &c. Timber Trades Journal Vol. 3 1875_p001.txt",54,Hutton Clapton,Gothenburg,LONDON,"—64,013 boards",Order,,,1875,26,6,1875,True,"Hutton Clapton (s) @ Gothenburg,—64,013 boards, Order.",SMALL_MULTI_SPLIT,True,Kalos
"5. p.75-77 - June 26 1875 - Import of Timber, &c. Timber Trades Journal Vol. 3 1875_p001.txt",54,Annie,Memel,LONDON,—615 pcs,,,,1875,26,6,1875,False,"Annie @ Memel,—615 pcs. timber, 7 pcs. ends, 6 fms. firewood, wood, 166 deals, 2,220 pipe staves, Order.",SMALL_MULTI_SPLIT,True,Kalos
"5. p.75-77 - June 26 1875 - Import of Timber, &c. Timber Trades Journal Vol. 3 1875_p002.txt",2,Inconstant,Windau,LONDON,"—1,765 sleepers, 210 1/2 sleepers",Order,,,1875,26,6,1875,False,"Inconstant @ Windau,—1,765 sleepers, 210 1/2 sleepers, Order.",SMALL_MULTI_SPLIT,True,Inconstant
"5. p.75-77 - June 26 1875 - Import of Timber, &c. Timber Trades Journal Vol. 3 1875_p002.txt",2,Prins Oscar,Gothenburg,LONDON,—20 fms,,,,1875,26,6,1875,True,"Prins Oscar (s) @ Gothenburg,—20 fms. firewood, Duus, Brown & Co.",SMALL_MULTI_SPLIT,True,Inconstant
"5. p.75-77 - June 26 1875 - Import of Timber, &c. Timber Trades Journal Vol. 3 1875_p002.txt",2,Isabella,Riga,LONDON,"—3,082 sleepers, 252 1/2 sleepers",5 fms,,,1875,26,6,1875,False,"Isabella @ Riga,—3,082 sleepers, 252 1/2 sleepers, 5 fms. lathwood, Order.",SMALL_MULTI_SPLIT,True,Inconstant
"5. p.75-77 - June 26 1875 - Import of Timber, &c. Timber Trades Journal Vol. 3 1875_p002.txt",2,Aaron Eaton,Windau,LONDON,"—1,126 sleepers, 2,323 1/2 sleepers",Order,,,1875,26,6,1875,False,"Aaron Eaton @ Windau,—1,126 sleepers, 2,323 1/2 sleepers, Order.",SMALL_MULTI_SPLIT,True,Inconstant
"5. p.75-77 - June 26 1875 - Import of Timber, &c. Timber Trades Journal Vol. 3 1875_p002.txt",10,Elmina,Africa,LIVERPOOL,W,,,,1875,26,6,1875,True,"Elmina (s) @ Africa, W.C.,—324 blts. ebony, B. & C. African Co.",SMALL_MULTI_SPLIT,True,Elmina
"5. p.75-77 - June 26 1875 - Import of Timber, &c. Timber Trades Journal Vol. 3 1875_p002.txt",10,Brilliant,Africa,LIVERPOOL,W,,,,1875,26,6,1875,False,"Brilliant @ Africa, W.C.,—90,000 pcs. barwood, 2 t. ebony, Whyte & Co.",SMALL_MULTI_SPLIT,True,Elmina
"5. p.75-77 - June 26 1875 - Import of Timber, &c. Timber Trades Journal Vol. 3 1875_p002.txt",10,Louise,Africa,LIVERPOOL,W,,,,1875,26,6,1875,False,"Louise @ Africa, W.C.,—333 pcs. hewn and 127 pcs. sawn pitch pine, 883 deals, Harrison, Robinson, & Co.",SMALL_MULTI_SPLIT,True,Elmina
"5. p.75-77 - June 26 1875 - Import of Timber, &c. Timber Trades Journal Vol. 3 1875_p002.txt",12,Germanic,New York,LIVERPOOL,"—3,000 pipe staves",Baring Bros,,,1875,26,6,1875,True,"Germanic (s) @ New York,—3,000 pipe staves, Baring Bros.",SMALL_MULTI_SPLIT,True,Germanic
"5. p.75-77 - June 26 1875 - Import of Timber, &c. Timber Trades Journal Vol. 3 1875_p002.txt",12,Sarmatian,Quebec,LIVERPOOL,"—8,932 deals",J,,,1875,26,6,1875,True,"Sarmatian (s) @ Quebec,—8,932 deals, J. Bland & Co.",SMALL_MULTI_SPLIT,True,Germanic
"5. p.75-77 - June 26 1875 - Import of Timber, &c. Timber Trades Journal Vol. 3 1875_p002.txt",12,Siam,Africa,LIVERPOOL,W,,,,1875,26,6,1875,True,"Siam (s) @ Africa, W.C.,—15,651 billets ebony, Harrison & Co. ; 549 pcs. timber, 906 deals, Crow & Co.",SMALL_MULTI_SPLIT,True,Germanic
"5. p.75-77 - June 26 1875 - Import of Timber, &c. Timber Trades Journal Vol. 3 1875_p002.txt",12,Atlas,Mediterranean,LIVERPOOL,"—3,000 staves",Drysdale Bros,,,1875,26,6,1875,False,"Atlas @ Mediterranean,—3,000 staves, Drysdale Bros.",SMALL_MULTI_SPLIT,True,Germanic
"5. p.75-77 - June 26 1875 - Import of Timber, &c. Timber Trades Journal Vol. 3 1875_p002.txt",14,Metcalf,New York,LIVERPOOL,"—1,092 handspikes, 4,100 staves",Baring Bros,,,1875,26,6,1875,False,"Metcalf @ New York,—1,092 handspikes, 4,100 staves, Baring Bros.",SMALL_MULTI_SPLIT,True,B. D. Metcalf
"5. p.75-77 - June 26 1875 - Import of Timber, &c. Timber Trades Journal Vol. 3 1875_p002.txt",14,Carl Tottie,Fredrikstadt,LIVERPOOL,"—52,054 boards",Tagart & Co,,,1875,26,6,1875,False,"Carl Tottie @ Fredrikstadt,—52,054 boards, Tagart & Co.",SMALL_MULTI_SPLIT,True,B. D. Metcalf
"5. p.75-77 - June 26 1875 - Import of Timber, &c. Timber Trades Journal Vol. 3 1875_p002.txt",14,Wild Hunter,Pensacola,LIVERPOOL,"—10,052 deals",Order,,,1875,26,6,1875,False,"Wild Hunter @ Pensacola,—10,052 deals, Order.",SMALL_MULTI_SPLIT,True,B. D. Metcalf
"5. p.75-77 - June 26 1875 - Import of Timber, &c. Timber Trades Journal Vol. 3 1875_p002.txt",14,Orion,Riga,LIVERPOOL,"—6,800 sleepers",5 fms,,,1875,26,6,1875,False,"Orion @ Riga,—6,800 sleepers, 5 fms. lathwood, Order.",SMALL_MULTI_SPLIT,True,B. D. Metcalf
"5. p.75-77 - June 26 1875 - Import of Timber, &c. Timber Trades Journal Vol. 3 1875_p002.txt",15,Bertha,Danzig,LIVERPOOL,"—5,812 sleepers",970 pcs,,,1875,26,6,1875,False,"Bertha @ Danzig,—5,812 sleepers, 970 pcs. timber, Order.",SMALL_MULTI_SPLIT,True,Bertha
"5. p.75-77 - June 26 1875 - Import of Timber, &c. Timber Trades Journal Vol. 3 1875_p002.txt",15,Emel,Tuxillo,LIVERPOOL,"—390 logs, 36 log ends mahogany",10 t,,,1875,26,6,1875,False,"Emel @ Tuxillo,—390 logs, 36 log ends mahogany, 10 t. logwood, 11 1/2 t. fustic, C. W. Dieseldorff & Co.",SMALL_MULTI_SPLIT,True,Bertha
"5. p.75-77 - June 26 1875 - Import of Timber, &c. Timber Trades Journal Vol. 3 1875_p002.txt",15,James Duncan,Charlotte Town,LIVERPOOL,—808 pcs,,,,1875,26,6,1875,False,"James Duncan @ Charlotte Town,—808 pcs. timber, 9,800 deals, 208 deal ends, 8,000 palings, J. Malcolm.",SMALL_MULTI_SPLIT,True,Bertha
"5. p.75-77 - June 26 1875 - Import of Timber, &c. Timber Trades Journal Vol. 3 1875_p002.txt",27,Tricolor,Porsgrund,LIVERPOOL,"—2,714 poles, 4,138 pit props",Haagensen,,,1875,26,6,1875,False,"Tricolor @ Porsgrund,—2,714 poles, 4,138 pit props, Haagensen.",SMALL_MULTI_SPLIT,True,Tricolor
"5. p.75-77 - June 26 1875 - Import of Timber, &c. Timber Trades Journal Vol. 3 1875_p002.txt",27,Albanian,Cronstadt,LIVERPOOL,—106 c,,,,1875,26,6,1875,True,"Albanian (s) @ Cronstadt,—106 c. deals, &c., Brown.",SMALL_MULTI_SPLIT,True,Tricolor
"5. p.75-77 - June 26 1875 - Import of Timber, &c. Timber Trades Journal Vol. 3 1875_p002.txt",27,Ndive,Minatitlan,LIVERPOOL,"—321 logs, 41 ends mahogany",Winter,,,1875,26,6,1875,False,"Ndive @ Minatitlan,—321 logs, 41 ends mahogany, Winter.",SMALL_MULTI_SPLIT,True,Tricolor
"5. p.75-77 - June 26 1875 - Import of Timber, &c. Timber Trades Journal Vol. 3 1875_p002.txt",27,Oder,Gothenburg,LIVERPOOL,—3,234 bdls,,,1875,26,6,1875,True,"Oder (s) @ Gothenburg,—3,234 bdls. laths, 30 c. deals, &c., Wilson.",SMALL_MULTI_SPLIT,True,Tricolor
"5. p.75-77 - June 26 1875 - Import of Timber, &c. Timber Trades Journal Vol. 3 1875_p002.txt",28,Irwell,Danzig,LIVERPOOL,—50 bl,,,,1875,26,6,1875,True,"Irwell (s) @ Danzig,—50 bl. wood pulp, 106 pcs. timber, Wilson.",SMALL_MULTI_SPLIT,True,Irwell
"5. p.75-77 - June 26 1875 - Import of Timber, &c. Timber Trades Journal Vol. 3 1875_p002.txt",28,Nauna,Minatitlan,LIVERPOOL,318 logs mahogany,Good,,,1875,26,6,1875,False,"Nauna @ Minatitlan, 318 logs mahogany, Good.",SMALL_MULTI_SPLIT,True,Irwell
"5. p.75-77 - June 26 1875 - Import of Timber, &c. Timber Trades Journal Vol. 3 1875_p002.txt",28,Ebenezer,Memel,LIVERPOOL,"—15,000 staves",Good,,,1875,26,6,1875,False,"Ebenezer @ Memel,—15,000 staves, Good.",SMALL_MULTI_SPLIT,True,Irwell
"5. p.75-77 - June 26 1875 - Import of Timber, &c. Timber Trades Journal Vol. 3 1875_p002.txt",28,Como,Riga,LIVERPOOL,—12,351 pcs,,,1875,26,6,1875,True,"Como (s) @ Riga,—12,351 pcs. lathwood, Good, 103 c. deals, 48 c. deal ends.",SMALL_MULTI_SPLIT,True,Irwell
"5. p.75-77 - June 26 1875 - Import of Timber, &c. Timber Trades Journal Vol. 3 1875_p002.txt",38,Avance,Oscarshamn,LIVERPOOL,—10,863 pcs,,,1875,26,6,1875,False,"Avance @ Oscarshamn,—10,863 pcs. pit props, Pyman, Bell & Co.",SMALL_MULTI_SPLIT,True,Avance
"5. p.75-77 - June 26 1875 - Import of Timber, &c. Timber Trades Journal Vol. 3 1875_p002.txt",38,Gustav,Oscarshamn,LIVERPOOL,—1,175 pcs,,,1875,26,6,1875,False,"Gustav @ Oscarshamn,—1,175 pcs. boards, 450 staves, Pyman. Bell & Co.",SMALL_MULTI_SPLIT,True,Avance
"5. p.75-77 - June 26 1875 - Import of Timber, &c. Timber Trades Journal Vol. 3 1875_p002.txt",38,Gustav,Gothenburg,LIVERPOOL,"—mining and pit wood, Pyman",Bell & Co,,,1875,26,6,1875,False,"Gustav @ Gothenburg,—mining and pit wood, Pyman, Bell & Co.",SMALL_MULTI_SPLIT,True,Avance
"5. p.75-77 - June 26 1875 - Import of Timber, &c. Timber Trades Journal Vol. 3 1875_p002.txt",38,Gustaf,Gothenburg,LIVERPOOL,—deals,Hardy Brothers,,,1875,26,6,1875,False,"Gustaf @ Gothenburg,—deals, Hardy Brothers.",SMALL_MULTI_SPLIT,True,Avance
"5. p.75-77 - June 26 1875 - Import of Timber, &c. Timber Trades Journal Vol. 3 1875_p002.txt",38,Gustaf,Gothenburg,LIVERPOOL,—boards,Order,,,1875,26,6,1875,False,"Gustaf @ Gothenburg,—boards, Order.",SMALL_MULTI_SPLIT,True,Avance
"5. p.75-77 - June 26 1875 - Import of Timber, &c. Timber Trades Journal Vol. 3 1875_p002.txt",42,Eliza,Oscarshamn,LIVERPOOL,—7,324 pcs,,,1875,26,6,1875,False,"Eliza @ Oscarshamn,—7,324 pcs. pit props, Pyman, Bell & Co.",SMALL_MULTI_SPLIT,True,Eliza
"5. p.75-77 - June 26 1875 - Import of Timber, &c. Timber Trades Journal Vol. 3 1875_p002.txt",42,Hansire @ Maria,Gothenburg,LIVERPOOL,—17,715 pcs,,,1875,26,6,1875,False,"Hansire @ Maria @ Gothenburg,—17,715 pcs. pit props, Hall Brothers.",SMALL_MULTI_SPLIT,True,Eliza
"5. p.75-77 - June 26 1875 - Import of Timber, &c. Timber Trades Journal Vol. 3 1875_p002.txt",42,Emma,Danzig,LIVERPOOL,—222 pcs,,,,1875,26,6,1875,False,"Emma @ Danzig,—222 pcs. oak timber, 168 pcs. fir timber. 9 fathoms lathwood, J. H. Wilson.",SMALL_MULTI_SPLIT,True,Eliza
"5. p.75-77 - June 26 1875 - Import of Timber, &c. Timber Trades Journal Vol. 3 1875_p003.txt",45,Anaconda,Laurvig,GREENOCK,"—7,090 battens",J,,,1875,26,6,1875,False,"Anaconda @ Laurvig,—7,090 battens, J. T. Salvesen & Co.",SMALL_MULTI_SPLIT,True,Anaconda
"5. p.75-77 - June 26 1875 - Import of Timber, &c. Timber Trades Journal Vol. 3 1875_p003.txt",45,; Amanda,Skien,GREENOCK,"—557 spars, 189 poles, 819 props",J,,,1875,26,6,1875,False,"; Amanda @ Skien,—557 spars, 189 poles, 819 props, J. T. Salvesen & Co.",SMALL_MULTI_SPLIT,True,Anaconda
"5. p.75-77 - June 26 1875 - Import of Timber, &c. Timber Trades Journal Vol. 3 1875_p003.txt",45,; Nicodemus,Mandal,GREENOCK,"—2,623 battens, 2,869 boards; a quantity of firewood, Allison",Coustand & Hamilton,,,1875,26,6,1875,False,"; Nicodemus @ Mandal,—2,623 battens, 2,869 boards; a quantity of firewood, Allison, Coustand & Hamilton.",SMALL_MULTI_SPLIT,True,Anaconda
"5. p.75-77 - June 26 1875 - Import of Timber, &c. Timber Trades Journal Vol. 3 1875_p003.txt",51,Leah,Darien,GREENOCK,—216 pcs,,,,1875,26,6,1875,False,"Leah @ Darien,—216 pcs. pitch pine, 234 deals, R. Park & Co.",SMALL_MULTI_SPLIT,True,Leah
"5. p.75-77 - June 26 1875 - Import of Timber, &c. Timber Trades Journal Vol. 3 1875_p003.txt",51,Undine,Windau,GREENOCK,—457 pcs,,,,1875,26,6,1875,False,"Undine @ Windau,—457 pcs. timber, 108 sleepers, 780 battens, R. Park & Co.",SMALL_MULTI_SPLIT,True,Leah
"5. p.75-77 - June 26 1875 - Import of Timber, &c. Timber Trades Journal Vol. 3 1875_p003.txt",51,Oscar,Cronstadt,GREENOCK,—8 fms,,,,1875,26,6,1875,False,"Oscar @ Cronstadt,—8 fms. lathwood, J. Smith & Co.",SMALL_MULTI_SPLIT,True,Leah
"5. p.75-77 - June 26 1875 - Import of Timber, &c. Timber Trades Journal Vol. 3 1875_p003.txt",51,Johanna,Riga,GREENOCK,—15,790 pcs,,,1875,26,6,1875,False,"Johanna @ Riga,—15,790 pcs. lathwood, Order.",SMALL_MULTI_SPLIT,True,Leah
"6. 90-93 - July 7 1877 - Imports of Timber, &c. - Timber Trades Journal Vol. 5 1877_p002.txt",56,Immanuel,Gothenburg,DUNDEE,—quantity staves Order,,,,1877,7,7,1877,False,"Immanuel @ Gothenburg,—quantity staves Order.",SMALL_MULTI_SPLIT,True,Immanuel
"6. 90-93 - July 7 1877 - Imports of Timber, &c. - Timber Trades Journal Vol. 5 1877_p002.txt",56,Stjernon,Drammen,DUNDEE,"—7,746 battens",M,,,1877,7,7,1877,False,"Stjernon @ Drammen,—7,746 battens, M. A. Lohre.",SMALL_MULTI_SPLIT,True,Immanuel
"6. 90-93 - July 7 1877 - Imports of Timber, &c. - Timber Trades Journal Vol. 5 1877_p002.txt",56,Fortuna,Frederiksvoern,DUNDEE,—8,686 pcs,,,1877,7,7,1877,False,"Fortuna @ Frederiksvoern,—8,686 pcs. pit props, W. Southern.",SMALL_MULTI_SPLIT,True,Immanuel
"6. 90-93 - July 7 1877 - Imports of Timber, &c. - Timber Trades Journal Vol. 5 1877_p002.txt",56,Pilen,Rusoer,DUNDEE,—4,248 pcs,,,1877,7,7,1877,False,"Pilen @ Rusoer,—4,248 pcs. pit props, Hall Bros.",SMALL_MULTI_SPLIT,True,Immanuel
"6. 90-93 - July 7 1877 - Imports of Timber, &c. - Timber Trades Journal Vol. 5 1877_p002.txt",57,Mathilda,Slite,DUNDEE,—143,756 pcs,,,1877,7,7,1877,False,"Mathilda @ Slite,—143,756 pcs. firwood, J. Black & Co.",SMALL_MULTI_SPLIT,True,Mathilda
"6. 90-93 - July 7 1877 - Imports of Timber, &c. - Timber Trades Journal Vol. 5 1877_p002.txt",57,Helga,Halmstad,DUNDEE,—10,613 pcs,,,1877,7,7,1877,False,"Helga @ Halmstad,—10,613 pcs. pit props, J. Atkinson.",SMALL_MULTI_SPLIT,True,Mathilda
"6. 90-93 - July 7 1877 - Imports of Timber, &c. - Timber Trades Journal Vol. 5 1877_p002.txt",57,Colibri,Arendal,DUNDEE,—3,245 pcs,,,1877,7,7,1877,False,"Colibri @ Arendal,—3,245 pcs. pit props, H. Hoeck. Carlscrona,—7,473 pcs. pit props, H. Hoeck.",SMALL_MULTI_SPLIT,True,Mathilda
"6. 90-93 - July 7 1877 - Imports of Timber, &c. - Timber Trades Journal Vol. 5 1877_p002.txt",58,Success,Vefsen,DUNDEE,—792,666 pcs,,,1877,7,7,1877,False,"Success @ Vefsen,—792,666 pcs. staves, J. Black & Co.",SMALL_MULTI_SPLIT,True,Success
"6. 90-93 - July 7 1877 - Imports of Timber, &c. - Timber Trades Journal Vol. 5 1877_p002.txt",58,Goteburg,Gothenburg,DUNDEE,—quantity pit props and staves,P,,,1877,7,7,1877,False,"Goteburg @ Gothenburg,—quantity pit props and staves, P. Bell & Co.",SMALL_MULTI_SPLIT,True,Success
"6. 90-93 - July 7 1877 - Imports of Timber, &c. - Timber Trades Journal Vol. 5 1877_p002.txt",58,Auguste Blanche,Gothenburg,DUNDEE,"—quantity firwood, sawn and hewn",Order,,,1877,7,7,1877,False,"Auguste Blanche @ Gothenburg,—quantity firwood, sawn and hewn, Order.",SMALL_MULTI_SPLIT,True,Success
"6. 90-93 - July 7 1877 - Imports of Timber, &c. - Timber Trades Journal Vol. 5 1877_p004.txt",7,Helmrich,Riga,BRISTOL,—465 pcs,,,,1877,7,7,1877,False,"Helmrich @ Riga,—465 pcs. timber, 230 deals, 4 fms. lathwood, Macpherson & McLaren.",SMALL_MULTI_SPLIT,True,H. A. Helmrich
"6. 90-93 - July 7 1877 - Imports of Timber, &c. - Timber Trades Journal Vol. 5 1877_p004.txt",7,Louise Auguste,Dram,BRISTOL,"—1,906 battens, 3,323 pit props",G,,,1877,7,7,1877,False,"Louise Auguste @ Dram,—1,906 battens, 3,323 pit props, G. G. Mackay.",SMALL_MULTI_SPLIT,True,H. A. Helmrich
"6. 90-93 - July 7 1877 - Imports of Timber, &c. - Timber Trades Journal Vol. 5 1877_p004.txt",7,Thor,Drammen,BRISTOL,"—7,068 battens",Order,,,1877,7,7,1877,False,"Thor @ Drammen,—7,068 battens, Order.",SMALL_MULTI_SPLIT,True,H. A. Helmrich
"6. 90-93 - July 7 1877 - Imports of Timber, &c. - Timber Trades Journal Vol. 5 1877_p004.txt",7,Johanne Emilie,Windau,BRISTOL,"—5,984 deals and ends",J,,,1877,7,7,1877,False,"Johanne Emilie @ Windau,—5,984 deals and ends, J. T. Salvesen & Co.",SMALL_MULTI_SPLIT,True,H. A. Helmrich
"6. 90-93 - July 7 1877 - Imports of Timber, &c. - Timber Trades Journal Vol. 5 1877_p004.txt",22,Karen Elise,Christiania,BO'NESS,"—4,330 props",Gulstad & Co,,,1877,7,7,1877,False,"Karen Elise @ Christiania,—4,330 props, Gulstad & Co. Co.",SMALL_MULTI_SPLIT,True,Karen Elise
"6. 90-93 - July 7 1877 - Imports of Timber, &c. - Timber Trades Journal Vol. 5 1877_p004.txt",22,Fortuna,Dram,BO'NESS,"—6,886 props",Love & Stewart,,,1877,7,7,1877,False,"Fortuna @ Dram,—6,886 props, Love & Stewart.",SMALL_MULTI_SPLIT,True,Karen Elise
"6. 90-93 - July 7 1877 - Imports of Timber, &c. - Timber Trades Journal Vol. 5 1877_p004.txt",22,Dagmar,Christiania,BO'NESS,"—3,757 props",Love & Stewart,,,1877,7,7,1877,False,"Dagmar @ Christiania,—3,757 props, Love & Stewart.",SMALL_MULTI_SPLIT,True,Karen Elise
"6. 90-93 - July 7 1877 - Imports of Timber, &c. - Timber Trades Journal Vol. 5 1877_p004.txt",22,Enigheden,Christiania,BO'NESS,"8,968 props",Christie & Co,,,1877,7,7,1877,False,"Enigheden @ Christiania, 8,968 props, Christie & Co.",SMALL_MULTI_SPLIT,True,Karen Elise
"6. 90-93 - July 7 1877 - Imports of Timber, &c. - Timber Trades Journal Vol. 5 1877_p004.txt",22,Lydia,Riga,BO'NESS,"—2,806 sleepers",Christie & Co,,,1877,7,7,1877,False,"Lydia @ Riga,—2,806 sleepers, Christie & Co.",SMALL_MULTI_SPLIT,True,Karen Elise
"6. p. 378 - March 17 1877 - Imports of Timber, &c. - Timber Trades Journal Vol. 4 1877.txt",85,Pudsey Dawson,Pensacola,NEWRY,—377 pcs,,,,1877,17,3,1877,False,"Pudsey Dawson @ Pensacola,—377 pcs. hewn, 107 pcs. sawn, 476 deals pitch pine, G. M. Barnes.",SMALL_MULTI_SPLIT,True,Pudsey Dawson
"6. p. 378 - March 17 1877 - Imports of Timber, &c. - Timber Trades Journal Vol. 4 1877.txt",85,Fair Wind,Pensacola,NEWRY,—791 pcs,,,,1877,17,3,1877,False,"Fair Wind @ Pensacola,—791 pcs. hewn pitch pine, Jones & Nash.",SMALL_MULTI_SPLIT,True,Pudsey Dawson
"6. p. 378 - March 17 1877 - Imports of Timber, &c. - Timber Trades Journal Vol. 4 1877.txt",85,Atlantic,Savannah,NEWRY,—166 pcs,,,,1877,17,3,1877,False,"Atlantic @ Savannah,—166 pcs. hewn, 1,449 sawn pitch pine, Taylor & Low Bros.",SMALL_MULTI_SPLIT,True,Pudsey Dawson
"6. p. 378 - March 17 1877 - Imports of Timber, &c. - Timber Trades Journal Vol. 4 1877.txt",90,Admiral,Hamburg,NEWRY,—12 pcs,,,,1877,17,3,1877,False,"Admiral @ Hamburg,—12 pcs. wainscot, Order.",SMALL_MULTI_SPLIT,True,Admiral
"6. p. 378 - March 17 1877 - Imports of Timber, &c. - Timber Trades Journal Vol. 4 1877.txt",90,Goteborg,Gothenburg,NEWRY,—qty,,,,1877,17,3,1877,False,"Goteborg @ Gothenburg,—qty. of birch wood, North Eastern Railway Co. ; qty. pit props, P. Osbeck ; a qty. of birch wood, North Eastern Railway Co. ; qty. pit props, Pyman, Bell, & Co.",SMALL_MULTI_SPLIT,True,Admiral
"6. p. 378 - March 17 1877 - Imports of Timber, &c. - Timber Trades Journal Vol. 4 1877.txt",111,Ocean Pearl,Pensacola,GREENOCK,—520 pcs,,,,1877,17,3,1877,False,"Ocean Pearl @ Pensacola,—520 pcs. hewn, 111 pcs. sawn pitch pine ; 675 pcs. deals, Allison, Cousland, & Hamilton.",SMALL_MULTI_SPLIT,True,Ocean Pearl
"6. p. 378 - March 17 1877 - Imports of Timber, &c. - Timber Trades Journal Vol. 4 1877.txt",111,Lady Clarendon,Pensacola,GREENOCK,—436 pcs,,,,1877,17,3,1877,False,"Lady Clarendon @ Pensacola,—436 pcs. hewn pitch pine timber, 910 pcs. sawn, 445 deals, Edmiston & Mitchells.",SMALL_MULTI_SPLIT,True,Ocean Pearl
"6. p. 82-83 - July 11 1874 - Imports of Timber, &c. -  Timber Trades Journal Vol. 2 1875_p001.txt",95,Maroon,Jamaica,LONDON,—Cottam & Co,,,,1874,11,7,1874,False,"Maroon @ Jamaica,—Cottam & Co.",SMALL_MULTI_SPLIT,True,Maroon
"6. p. 82-83 - July 11 1874 - Imports of Timber, &c. -  Timber Trades Journal Vol. 2 1875_p001.txt",95,Nelson,Pensacola,LONDON,—Crow & Co,,,,1874,11,7,1874,False,"Nelson @ Pensacola,—Crow & Co.",SMALL_MULTI_SPLIT,True,Maroon
"6. p. 82-83 - July 11 1874 - Imports of Timber, &c. -  Timber Trades Journal Vol. 2 1875_p001.txt",95,Jane Francis,Jamaica,LONDON,—Guiseppe Prota,,,,1874,11,7,1874,False,"Jane Francis @ Jamaica,—Guiseppe Prota",SMALL_MULTI_SPLIT,True,Maroon
"6. p. 82-83 - July 11 1874 - Imports of Timber, &c. -  Timber Trades Journal Vol. 2 1875_p001.txt",95,"Jane Francis @ Jamaica,—Guiseppe Prota",Genoa,LONDON,"—4,000 stocks",W,,,1874,11,7,1874,False,"Jane Francis @ Jamaica,—Guiseppe Prota @ Genoa,—4,000 stocks, W. Scott & Son; 3,431 pcs. muda,—247 logs mahogany, 28 logs J. Graham & Co.",SMALL_MULTI_SPLIT,True,Maroon
"6. p. 91-94 - July 10 1875 - Imports of Timber, &c. - Timber Trades Journal Vol. 3 1875_p003.txt",7,Jens Mondbergs Minde,Laurvig,LONDON,—3,890 pcs,,,1875,10,7,1875,False,"Jens Mondbergs Minde @ Laurvig,—3,890 pcs. battens, Order.",SMALL_MULTI_SPLIT,True,Jens Mondbergs Minde
"6. p. 91-94 - July 10 1875 - Imports of Timber, &c. - Timber Trades Journal Vol. 3 1875_p003.txt",7,Jens Gustav,Gothenburg,LONDON,—a qnty,,,,1875,10,7,1875,False,"Jens Gustav @ Gothenburg,—a qnty. bgd. sleepers, 30 wood knees, Syman, Bell & Co.; a qnty. mining and pit props, P. Osbeck; a qnty. staves, James Black & Co. boards, Hardy Bros.",SMALL_MULTI_SPLIT,True,Jens Mondbergs Minde
"6. p. 91-94 - July 10 1875 - Imports of Timber, &c. - Timber Trades Journal Vol. 3 1875_p003.txt",13,Levant,Gefle,LONDON,—6,713 pcs,,,1875,10,7,1875,False,"Levant @ Gefle,—6,713 pcs. deals, battens, and boards, W. and C. Burwup.",SMALL_MULTI_SPLIT,True,Levant
"6. p. 91-94 - July 10 1875 - Imports of Timber, &c. - Timber Trades Journal Vol. 3 1875_p003.txt",13,Eleanora,Sundswall,LONDON,"—7,112 deals",W,,,1875,10,7,1875,False,"Eleanora @ Sundswall,—7,112 deals, W. and C. Burwup.",SMALL_MULTI_SPLIT,True,Levant
"6. p. 91-94 - July 10 1875 - Imports of Timber, &c. - Timber Trades Journal Vol. 3 1875_p003.txt",13,Marie Julie,Memel,LONDON,—106 pcs,,,,1875,10,7,1875,False,"Marie Julie @ Memel,—106 pcs. timber, J. P. Sword.",SMALL_MULTI_SPLIT,True,Levant
"6. p. 91-94 - July 10 1875 - Imports of Timber, &c. - Timber Trades Journal Vol. 3 1875_p003.txt",13,Marie Julie,Memel,LONDON,—106 pcs,,,,1875,10,7,1875,False,"Marie Julie @ Memel,—106 pcs. timber, 566 deals, 300 staves, 4 fms. lathwood.",SMALL_MULTI_SPLIT,True,Levant
"6. p. 91-94 - July 10 1875 - Imports of Timber, &c. - Timber Trades Journal Vol. 3 1875_p003.txt",16,Willie McLaren,Georgetown,BRISTOL,P,,,,1875,10,7,1875,False,"Willie McLaren @ Georgetown, P.E.I.,—1,290 deals, Order.",SMALL_MULTI_SPLIT,True,Willie McLaren
"6. p. 91-94 - July 10 1875 - Imports of Timber, &c. - Timber Trades Journal Vol. 3 1875_p003.txt",16,Harmony,St. John,BRISTOL,—14,241 pcs,,,1875,10,7,1875,False,"Harmony @ St. John,—14,241 pcs. deals, Order.",SMALL_MULTI_SPLIT,True,Willie McLaren
"6. p. 91-94 - July 10 1875 - Imports of Timber, &c. - Timber Trades Journal Vol. 3 1875_p003.txt",16,Camilla,Stettin,BRISTOL,"—949 deal ends, 10,000 palings",Jones & Co,,,1875,10,7,1875,False,"Camilla @ Stettin,—949 deal ends, 10,000 palings, Jones & Co. Order.",SMALL_MULTI_SPLIT,True,Willie McLaren
"6. p. 91-94 - July 10 1875 - Imports of Timber, &c. - Timber Trades Journal Vol. 3 1875_p003.txt",16,Calypso,Bordeaux,BRISTOL,—pit props,Order,,,1875,10,7,1875,True,"Calypso (s) @ Bordeaux,—pit props, Order.",SMALL_MULTI_SPLIT,True,Willie McLaren
"6. p. 91-94 - July 10 1875 - Imports of Timber, &c. - Timber Trades Journal Vol. 3 1875_p003.txt",25,Scandinav,Gefle,BRISTOL,—16,242 pcs,,,1875,10,7,1875,False,"Scandinav @ Gefle,—16,242 pcs. deals and battens, J. Rhodes & Co.",SMALL_MULTI_SPLIT,True,Scandinav
"6. p. 91-94 - July 10 1875 - Imports of Timber, &c. - Timber Trades Journal Vol. 3 1875_p003.txt",25,"Nottingham, Theodor",Gefle,BRISTOL,"—18,434 deals, and boards",T,,,1875,10,7,1875,False,"Nottingham, Theodor @ Gefle,—18,434 deals, and boards, T. Walker & Co.",SMALL_MULTI_SPLIT,True,Scandinav
"6. p. 91-94 - July 10 1875 - Imports of Timber, &c. - Timber Trades Journal Vol. 3 1875_p003.txt",25,Eleanor Dobson,Riga,BRISTOL,—7,215 pcs,,,1875,10,7,1875,False,"Eleanor Dobson @ Riga,—7,215 pcs. deal and deal ends, Harrison & Singleton.",SMALL_MULTI_SPLIT,True,Scandinav
"6. p. 91-94 - July 10 1875 - Imports of Timber, &c. - Timber Trades Journal Vol. 3 1875_p003.txt",25,Commandeur of Sharon,Riga,BRISTOL,—7,047 pcs,,,1875,10,7,1875,False,"Commandeur of Sharon @ Riga, —7,047 pcs. deal and deal ends, Order.",SMALL_MULTI_SPLIT,True,Scandinav
"6. p. 91-94 - July 10 1875 - Imports of Timber, &c. - Timber Trades Journal Vol. 3 1875_p003.txt",26,Horening,Gefle,BRISTOL,"—6,078 deals and boards",Order,,,1875,10,7,1875,False,"Horening @ Gefle,—6,078 deals and boards, Order.",SMALL_MULTI_SPLIT,True,Horening
"6. p. 91-94 - July 10 1875 - Imports of Timber, &c. - Timber Trades Journal Vol. 3 1875_p003.txt",26,Concord,Soderhamn,BRISTOL,—662 pcs,,,,1875,10,7,1875,False,"Concord @ Soderhamn,—662 pcs. deals, 5,324 battens, 4,880 pcs. boards, J. Rhodes & Co.",SMALL_MULTI_SPLIT,True,Horening
"6. p. 91-94 - July 10 1875 - Imports of Timber, &c. - Timber Trades Journal Vol. 3 1875_p003.txt",26,Maeives,Memel,BRISTOL,"—10,226 oak staves",J,,,1875,10,7,1875,False,"Maeives @ Memel,—10,226 oak staves, J. Rhodes & Co.",SMALL_MULTI_SPLIT,True,Horening
"6. p. 91-94 - July 10 1875 - Imports of Timber, &c. - Timber Trades Journal Vol. 3 1875_p003.txt",26,Wilhelm,Kotka,BRISTOL,—4,216 pcs,,,1875,10,7,1875,False,"Wilhelm @ Kotka,—4,216 pcs. deals, battens, and boards, J. Rhodes & Co.",SMALL_MULTI_SPLIT,True,Horening
"6. p. 91-94 - July 10 1875 - Imports of Timber, &c. - Timber Trades Journal Vol. 3 1875_p003.txt",30,Lydia,Soderhamn,BRISTOL,"—17,438 deals and boards",J,,,1875,10,7,1875,False,"Lydia @ Soderhamn,—17,438 deals and boards, J. Rhodes & Co. H. P.",SMALL_MULTI_SPLIT,True,Lydia
"6. p. 91-94 - July 10 1875 - Imports of Timber, &c. - Timber Trades Journal Vol. 3 1875_p003.txt",30,Wilsson,Skutskar,BRISTOL,"—deals, battens, and boards",Wm,,,1875,10,7,1875,False,"Wilsson @ Skutskar,—deals, battens, and boards, Wm. Dawbarn & Co.",SMALL_MULTI_SPLIT,True,Lydia
"6. p. 91-94 - July 10 1875 - Imports of Timber, &c. - Timber Trades Journal Vol. 3 1875_p003.txt",30,Osnabruck,Kramfors,BRISTOL,5,552 pcs,,,1875,10,7,1875,False,"Osnabruck @ Kramfors, 5,552 pcs. deals, battens, and boards, Order.",SMALL_MULTI_SPLIT,True,Lydia
"6. p. 91-94 - July 10 1875 - Imports of Timber, &c. - Timber Trades Journal Vol. 3 1875_p003.txt",30,Najaden,Kramfors,BRISTOL,5,552 pcs,,,1875,10,7,1875,False,"Najaden @ Kramfors, 5,552 pcs. deals, battens, and boards, Order.",SMALL_MULTI_SPLIT,True,Lydia
"6. p. 91-94 - July 10 1875 - Imports of Timber, &c. - Timber Trades Journal Vol. 3 1875_p003.txt",37,Othello,Gefle,BRISTOL,—10,109 pcs,,,1875,10,7,1875,False,"Othello @ Gefle,—10,109 pcs. deal battens, Jas. Rhodes & Co.",SMALL_MULTI_SPLIT,True,Othello
"6. p. 91-94 - July 10 1875 - Imports of Timber, &c. - Timber Trades Journal Vol. 3 1875_p003.txt",37,Alice,Gefle,BRISTOL,—5,770 pcs,,,1875,10,7,1875,False,"Alice @ Gefle,—5,770 pcs. battens, Jas. Rhodes & Co. Memel,—9,693 pcs. battens and boards, Jas. Rhodes & Co. Memel,—4,300 pcs. fir sleepers, 4,800 pcs. fir timber, Jas. Rhodes & Co.",SMALL_MULTI_SPLIT,True,Othello
"6. p. 91-94 - July 10 1875 - Imports of Timber, &c. - Timber Trades Journal Vol. 3 1875_p003.txt",40,Frederick Wilhelm Jebens,Danzig,BRISTOL,—377 pcs,,,,1875,10,7,1875,False,"Frederick Wilhelm Jebens @ Danzig,—377 pcs. fir timber, 1,303 fir deals, 53 oak planks, 366 pcs. fir sleeper logs, 10 fathoms lathwood, James Brownlee.",SMALL_MULTI_SPLIT,True,Frederick Wilhelm Jebens
"6. p. 91-94 - July 10 1875 - Imports of Timber, &c. - Timber Trades Journal Vol. 3 1875_p003.txt",40,Mimmi,Stockholm,BRISTOL,711 deals,362 pcs,,,1875,10,7,1875,False,"Mimmi @ Stockholm, 711 deals, 362 pcs. timber, Order.",SMALL_MULTI_SPLIT,True,Frederick Wilhelm Jebens
"6. p. 91-94 - July 10 1875 - Imports of Timber, &c. - Timber Trades Journal Vol. 3 1875_p003.txt",42,Haabet,Christiania,BRISTOL,—4,604 pcs,,,1875,10,7,1875,False,"Haabet @ Christiania,—4,604 pcs. props, J. T. Salvesen & Co; 106,738 pcs. staves, J. L. Johansen & Co.",SMALL_MULTI_SPLIT,True,Haabet
"6. p. 91-94 - July 10 1875 - Imports of Timber, &c. - Timber Trades Journal Vol. 3 1875_p003.txt",42,De Paul Amer-sin,Riga,BRISTOL,—741 pcs,,,,1875,10,7,1875,False,"De Paul Amer-sin @ Riga,—741 pcs. timber, 358 deals, 102 deal ends, Alex. Thomson & Nephews.",SMALL_MULTI_SPLIT,True,Haabet
"6. p. 91-94 - July 10 1875 - Imports of Timber, &c. - Timber Trades Journal Vol. 3 1875_p003.txt",44,Forschritt,Riga,BRISTOL,"—5,106 deals and ends",Order,,,1875,10,7,1875,False,"Forschritt @ Riga,—5,106 deals and ends, Order.",SMALL_MULTI_SPLIT,True,Forschritt
"6. p. 91-94 - July 10 1875 - Imports of Timber, &c. - Timber Trades Journal Vol. 3 1875_p003.txt",44,Martin,Riga,BRISTOL,—791 pcs,,,,1875,10,7,1875,False,"Martin @ Riga,—791 pcs. timber, 497 deals and ends, Alex. Thomson & Nephews.",SMALL_MULTI_SPLIT,True,Forschritt
"6. p. 91-94 - July 10 1875 - Imports of Timber, &c. - Timber Trades Journal Vol. 3 1875_p003.txt",44,Rap,Sandefjord,BRISTOL,"—3,203 battens",Macpherson & McLaren,,,1875,10,7,1875,False,"Rap @ Sandefjord,—3,203 battens, Macpherson & McLaren.",SMALL_MULTI_SPLIT,True,Forschritt
"6. p. 91-94 - July 10 1875 - Imports of Timber, &c. - Timber Trades Journal Vol. 3 1875_p003.txt",44,Vesta,Dram,BRISTOL,"—7,342 battens",R,,,1875,10,7,1875,False,"Vesta @ Dram,—7,342 battens, R. Melville & Co.",SMALL_MULTI_SPLIT,True,Forschritt
"6. p. 91-94 - July 10 1875 - Imports of Timber, &c. - Timber Trades Journal Vol. 3 1875_p003.txt",44,Tvende Brodre,Dram,BRISTOL,"—5,700 battens",R,,,1875,10,7,1875,False,"Tvende Brodre @ Dram,—5,700 battens, R. Melville & Co.",SMALL_MULTI_SPLIT,True,Forschritt
"6. p. 91-94 - July 10 1875 - Imports of Timber, &c. - Timber Trades Journal Vol. 3 1875_p004.txt",31,Gleniffer,Quebec,DUNDEE,"—8,098 pine deals, Hunter",Sheriff & Co,,,1875,10,7,1875,False,"Gleniffer @ Quebec,—8,098 pine deals, Hunter, Sheriff & Co. Lake St.",SMALL_MULTI_SPLIT,True,Gleniffer
"6. p. 91-94 - July 10 1875 - Imports of Timber, &c. - Timber Trades Journal Vol. 3 1875_p004.txt",31,Clair,Quebec,DUNDEE,"—5,062 pine deals, Hunter",Sheriff & Co,,,1875,10,7,1875,False,"Clair @ Quebec,—5,062 pine deals, Hunter, Sheriff & Co.",SMALL_MULTI_SPLIT,True,Gleniffer
"6. p. 91-94 - July 10 1875 - Imports of Timber, &c. - Timber Trades Journal Vol. 3 1875_p004.txt",31,Queen of Hearts,Miramichi,DUNDEE,"—8,310 pine deals, 16,077 spruce deals",A,,,1875,10,7,1875,False,"Queen of Hearts @ Miramichi,—8,310 pine deals, 16,077 spruce deals, A. G. Kidston & Co.",SMALL_MULTI_SPLIT,True,Gleniffer
"6. p. 91-94 - July 10 1875 - Imports of Timber, &c. - Timber Trades Journal Vol. 3 1875_p004.txt",31,Canadian,Quebec,DUNDEE,"—11,144 pine deals, Hunter",Sheriff & Co,,,1875,10,7,1875,False,"Canadian @ Quebec,—11,144 pine deals, Hunter, Sheriff & Co.",SMALL_MULTI_SPLIT,True,Gleniffer
"6. p. 91-94 - July 10 1875 - Imports of Timber, &c. - Timber Trades Journal Vol. 3 1875_p004.txt",34,Josephine,Bathurst,DUNDEE,—13,676 d,,,1875,10,7,1875,False,"Josephine @ Bathurst,—13,676 d",SMALL_MULTI_SPLIT,True,Josephine
"6. p. 91-94 - July 10 1875 - Imports of Timber, &c. - Timber Trades Journal Vol. 3 1875_p004.txt",34,"Josephine @ Bathurst,—13,676 deals and ends, Hunter, Sheriff & Co.; Spes Nostra",Chiltepec,DUNDEE,"—229 logs, 139 crotchets, 12 log ends mahogany, Singleton",Dunn & Co,,,1875,10,7,1875,False,"Josephine @ Bathurst,—13,676 deals and ends, Hunter, Sheriff & Co.; Spes Nostra @ Chiltepec,—229 logs, 139 crotchets, 12 log ends mahogany, Singleton, Dunn & Co. ; 2 logs and 8 log ends, Order.",SMALL_MULTI_SPLIT,True,Josephine
"6. p. 91-94 - July 10 1875 - Imports of Timber, &c. - Timber Trades Journal Vol. 3 1875_p004.txt",34,Active,Miramichi,DUNDEE,"—10,701 deals, scantlings and ends",Order,,,1875,10,7,1875,False,"Active @ Miramichi,—10,701 deals, scantlings and ends, Order.",SMALL_MULTI_SPLIT,True,Josephine
"7. 106-110 - July 21 1877 - Imports of Timber, &c. - Timber Trades Journal Vol. 5 1877_p002.txt",78,Amanda,Riga,DUNDEE,"—15,774 sleeper blocks",H,,,1877,21,7,1877,False,"Amanda @ Riga,—15,774 sleeper blocks, H. Langford.",SMALL_MULTI_SPLIT,True,Amanda
"7. 106-110 - July 21 1877 - Imports of Timber, &c. - Timber Trades Journal Vol. 5 1877_p002.txt",78,Elpis,Bjorneborg,DUNDEE,"—3,604 deals",Order,,,1877,21,7,1877,False,"Elpis @ Bjorneborg,—3,604 deals, Order.",SMALL_MULTI_SPLIT,True,Amanda
"7. 106-110 - July 21 1877 - Imports of Timber, &c. - Timber Trades Journal Vol. 5 1877_p002.txt",78,Gyller,Riga,DUNDEE,"—1,695 deals",180 lds,,,1877,21,7,1877,False,"Gyller @ Riga,—1,695 deals, 180 lds. lathwood, Order.",SMALL_MULTI_SPLIT,True,Amanda
"7. 106-110 - July 21 1877 - Imports of Timber, &c. - Timber Trades Journal Vol. 5 1877_p002.txt",78,John,Soderhamn,DUNDEE,"—9,840 deals and boards",Order,,,1877,21,7,1877,False,"John @ Soderhamn,—9,840 deals and boards, Order.",SMALL_MULTI_SPLIT,True,Amanda
"7. 106-110 - July 21 1877 - Imports of Timber, &c. - Timber Trades Journal Vol. 5 1877_p002.txt",78,Gyller,Soderhamn,DUNDEE,"—16,513 deals and lathwood",J,,,1877,21,7,1877,False,"Gyller @ Soderhamn,—16,513 deals and lathwood, J. Stephenson.",SMALL_MULTI_SPLIT,True,Amanda
"7. 106-110 - July 21 1877 - Imports of Timber, &c. - Timber Trades Journal Vol. 5 1877_p003.txt",6,Goldfinch,Quebec,DUNDEE,—99 pieces oak,160 pcs,,,1877,21,7,1877,False,"Goldfinch @ Quebec,—99 pieces oak, 160 pcs. birch, 46 pcs. white pine, 25,947 pcs. pine deals, 1,292 pcs. deal ends, R. Thubron & Co.",SMALL_MULTI_SPLIT,True,Goldfinch
"7. 106-110 - July 21 1877 - Imports of Timber, &c. - Timber Trades Journal Vol. 5 1877_p003.txt",6,Gebeders,Laurvig,DUNDEE,"—2,826 battens",W,,,1877,21,7,1877,False,"Gebeders @ Laurvig,—2,826 battens, W. Southern & Son.",SMALL_MULTI_SPLIT,True,Goldfinch
"7. 106-110 - July 21 1877 - Imports of Timber, &c. - Timber Trades Journal Vol. 5 1877_p003.txt",6,Toivo,Kotka,DUNDEE,—1,336 pcs,,,1877,21,7,1877,False,"Toivo @ Kotka,—1,336 pcs. battens, 323,530 staves, J. Black & Co.",SMALL_MULTI_SPLIT,True,Goldfinch
"7. 106-110 - July 21 1877 - Imports of Timber, &c. - Timber Trades Journal Vol. 5 1877_p003.txt",10,Anna Maria,Riga,DUNDEE,17,537 pcs,,,1877,21,7,1877,False,"Anna Maria @ Riga, 17,537 pcs. lathwood, Order.",SMALL_MULTI_SPLIT,True,Anna Maria
"7. 106-110 - July 21 1877 - Imports of Timber, &c. - Timber Trades Journal Vol. 5 1877_p003.txt",10,Karine,Laurvig,DUNDEE,—902 pcs,,,,1877,21,7,1877,False,"Karine @ Laurvig,—902 pcs. timber, 936 pcs. props, Order.",SMALL_MULTI_SPLIT,True,Anna Maria
"7. 106-110 - July 21 1877 - Imports of Timber, &c. - Timber Trades Journal Vol. 5 1877_p003.txt",10,Caroline,Oscarshamn,DUNDEE,"—108,714 staves",J,,,1877,21,7,1877,False,"Caroline @ Oscarshamn,—108,714 staves, J. Black & Co.",SMALL_MULTI_SPLIT,True,Anna Maria
"7. 106-110 - July 21 1877 - Imports of Timber, &c. - Timber Trades Journal Vol. 5 1877_p003.txt",10,Anne,Gothenburg,DUNDEE,—7,640 pcs,,,1877,21,7,1877,False,"Anne @ Gothenburg,—7,640 pcs. pit props, 174,230 staves, Order.",SMALL_MULTI_SPLIT,True,Anna Maria
"7. 106-110 - July 21 1877 - Imports of Timber, &c. - Timber Trades Journal Vol. 5 1877_p003.txt",14,Eastern Star,Quebec,DUNDEE,—132 pcs,,,,1877,21,7,1877,False,"Eastern Star @ Quebec,—132 pcs. oak, 167 pcs. elm, 117 pcs. red pine, 15 pcs. ash, 115 pcs. red pine, 789 pcs. white pine, 8,608 deals, 1,052 pcs. deal ends, J. P. Wardle.",SMALL_MULTI_SPLIT,True,Eastern Star
"7. 106-110 - July 21 1877 - Imports of Timber, &c. - Timber Trades Journal Vol. 5 1877_p003.txt",14,Auguste Blanche,Gothenburg,DUNDEE,"—quantity firewood, sawn and hewn",Order,,,1877,21,7,1877,False,"Auguste Blanche @ Gothenburg,—quantity firewood, sawn and hewn, Order.",SMALL_MULTI_SPLIT,True,Eastern Star
"7. 106-110 - July 21 1877 - Imports of Timber, &c. - Timber Trades Journal Vol. 5 1877_p003.txt",30,De Salaberry,Quebec,DUNDEE,—20,560 pcs,,,1877,21,7,1877,False,"De Salaberry @ Quebec,—20,560 pcs. spruce deals, 1,041 ends, 1,948 pine deals, James Brownlee; 18 cords firewood, Master.",SMALL_MULTI_SPLIT,True,De Salaberry
"7. 106-110 - July 21 1877 - Imports of Timber, &c. - Timber Trades Journal Vol. 5 1877_p003.txt",30,Frithjof,Quebec,DUNDEE,"—15,441 pine deals, 1,916 pine ends, Robinson, Dunn",& Co,,,1877,21,7,1877,False,"Frithjof @ Quebec,—15,441 pine deals, 1,916 pine ends, Robinson, Dunn, & Co.",SMALL_MULTI_SPLIT,True,De Salaberry
"7. p. 100-103 - July 25 1874 - Imports of Timber, &c. - Timber Trades Journal Vol. 2 1875_p002.txt",4,Prince Frederick,St. John,SOUND LIST,N,,,,1874,25,7,1874,False,"Prince Frederick @ St. John, N.B.—39,605 pcs. deals, &c., 1,044 pcs. scantling, 1,611 pcs. palings, 2,300 palings, Sundry Consignees.",SMALL_MULTI_SPLIT,True,Prince Frederick
"7. p. 100-103 - July 25 1874 - Imports of Timber, &c. - Timber Trades Journal Vol. 2 1875_p002.txt",4,Bifrost,Gothenburg,SOUND LIST,"—78 and 28,908 pit props",Sundry Consignees,,,1874,25,7,1874,True,"Bifrost (s) @ Gothenburg,—78 and 28,908 pit props, Sundry Consignees.",SMALL_MULTI_SPLIT,True,Prince Frederick
"7. p. 100-103 - July 25 1874 - Imports of Timber, &c. - Timber Trades Journal Vol. 2 1875_p002.txt",9,Sally,Quebec,SOUND LIST,—403 pcs,,,,1874,25,7,1874,False,"Sally @ Quebec,—403 pcs. timber, 2,692 pcs. staves, Harrison & Co. pcs. timber, 3,018 pcs.",SMALL_MULTI_SPLIT,True,Sally
"7. p. 100-103 - July 25 1874 - Imports of Timber, &c. - Timber Trades Journal Vol. 2 1875_p002.txt",9,"deals, 10,301 staves, Lucy",Quebec,SOUND LIST,—843 pcs,,,,1874,25,7,1874,False,"deals, 10,301 staves, Lucy @ Quebec,—843 pcs. timber, 8,288 pcs. deals, &c., 6,680 staves, Order.",SMALL_MULTI_SPLIT,True,Sally
"7. p. 100-103 - July 25 1874 - Imports of Timber, &c. - Timber Trades Journal Vol. 2 1875_p002.txt",9,Beltiste,St. John,SOUND LIST,N,,,,1874,25,7,1874,False,"Beltiste @ St. John, N.B.,—10,226 pcs. redwood, 6,365 pcs. deals, 1,002 pcs. ends, Order.",SMALL_MULTI_SPLIT,True,Sally
"7. p. 100-103 - July 25 1874 - Imports of Timber, &c. - Timber Trades Journal Vol. 2 1875_p002.txt",11,Elise,Memel,SOUND LIST,—492 pcs,,,,1874,25,7,1874,False,"Elise @ Memel,—492 pcs. timber, 75 pcs. wainscot logs, 3,600 staves, Order.",SMALL_MULTI_SPLIT,True,Elise
"7. p. 100-103 - July 25 1874 - Imports of Timber, &c. - Timber Trades Journal Vol. 2 1875_p002.txt",11,Louisiana,St. John,SOUND LIST,N,,,,1874,25,7,1874,False,"Louisiana @ St. John, N.B.,—37,309 pcs. deals, &c., 955 pcs. scantling, 2,985 pcs. deal ends, 1,361 pcs. boards, 15,850 pcs. palings, Farnworth & Co.",SMALL_MULTI_SPLIT,True,Elise
"7. p. 100-103 - July 25 1874 - Imports of Timber, &c. - Timber Trades Journal Vol. 2 1875_p002.txt",26,Arthur,Helsingfors,SOUND LIST,—324 pcs,,,,1874,25,7,1874,False,"Arthur @ Helsingfors,—324 pcs. timber, 13 c. deals, &c., Winter.",SMALL_MULTI_SPLIT,True,Arthur
"7. p. 100-103 - July 25 1874 - Imports of Timber, &c. - Timber Trades Journal Vol. 2 1875_p002.txt",26,Wells,Wyburg,SOUND LIST,—162 c,,,,1874,25,7,1874,True,"Wells (s) @ Wyburg,—162 c. deals, &c., Wills.",SMALL_MULTI_SPLIT,True,Arthur
"7. p. 100-103 - July 25 1874 - Imports of Timber, &c. - Timber Trades Journal Vol. 2 1875_p002.txt",26,Oregrund,Hudikswall,SOUND LIST,184 c,,,,1874,25,7,1874,True,"Oregrund (s) @ Hudikswall, 184 c. deals, &c., Granberg.",SMALL_MULTI_SPLIT,True,Arthur
"7. p. 100-103 - July 25 1874 - Imports of Timber, &c. - Timber Trades Journal Vol. 2 1875_p002.txt",26,Elektra,Riga,SOUND LIST,—20 c,,,,1874,25,7,1874,False,"Elektra @ Riga,—20 c. deals, 4,799 pcs. lathwood, Granberg.",SMALL_MULTI_SPLIT,True,Arthur
"7. p. 100-103 - July 25 1874 - Imports of Timber, &c. - Timber Trades Journal Vol. 2 1875_p002.txt",31,Titania,Ljusne,BRISTOL,"—8,761 deals",&c,,,1874,25,7,1874,False,"Titania @ Ljusne,—8,761 deals, &c., Barnes & Sons.",SMALL_MULTI_SPLIT,True,Titania
"7. p. 100-103 - July 25 1874 - Imports of Timber, &c. - Timber Trades Journal Vol. 2 1875_p002.txt",31,Gunhilda,Cronstadt,BRISTOL,"—6,436 deals, 644 deal ends, 17",217 pcs,,,1874,25,7,1874,False,"Gunhilda @ Cronstadt,—6,436 deals, 644 deal ends, 17,217 pcs. lathwood, Jones & Co.",SMALL_MULTI_SPLIT,True,Titania
"7. p. 100-103 - July 25 1874 - Imports of Timber, &c. - Timber Trades Journal Vol. 2 1875_p002.txt",31,Constantia,Sandarne,BRISTOL,"—12,956 deals",May & Co,,,1874,25,7,1874,False,"Constantia @ Sandarne,—12,956 deals, May & Co.",SMALL_MULTI_SPLIT,True,Titania
"7. p. 100-103 - July 25 1874 - Imports of Timber, &c. - Timber Trades Journal Vol. 2 1875_p002.txt",31,Peru,Hudikswall,BRISTOL,—13,306 pcs,,,1874,25,7,1874,False,"Peru @ Hudikswall,—13,306 pcs. deals, &c., Jones & Co.",SMALL_MULTI_SPLIT,True,Titania
"7. p. 100-103 - July 25 1874 - Imports of Timber, &c. - Timber Trades Journal Vol. 2 1875_p002.txt",33,Proteus,Cronstadt,BRISTOL,—10,485 pcs,,,1874,25,7,1874,False,"Proteus @ Cronstadt,—10,485 pcs. deals, &c.",SMALL_MULTI_SPLIT,True,Proteus
"7. p. 100-103 - July 25 1874 - Imports of Timber, &c. - Timber Trades Journal Vol. 2 1875_p002.txt",33,Ludwig Heyn,Quebec,BRISTOL,—12,967 pcs,,,1874,25,7,1874,False,"Ludwig Heyn @ Quebec,—12,967 pcs. deals, &c., Barnes & Sons.",SMALL_MULTI_SPLIT,True,Proteus
"7. p. 100-103 - July 25 1874 - Imports of Timber, &c. - Timber Trades Journal Vol. 2 1875_p002.txt",33,Heivetia,Quebec,BRISTOL,—12,967 pcs,,,1874,25,7,1874,False,"Heivetia @ Quebec,—12,967 pcs. deals, &c., Jones & Co.",SMALL_MULTI_SPLIT,True,Proteus
"7. p. 100-103 - July 25 1874 - Imports of Timber, &c. - Timber Trades Journal Vol. 2 1875_p002.txt",33,Midas,W. C. Africa,BRISTOL,—30 c,,,,1874,25,7,1874,False,"Midas @ W. C. Africa,—30 c. camwood, Order.",SMALL_MULTI_SPLIT,True,Proteus
"7. p. 100-103 - July 25 1874 - Imports of Timber, &c. - Timber Trades Journal Vol. 2 1875_p002.txt",33,Calypso,Bordeaux,BRISTOL,—20 bdls,,,,1874,25,7,1874,True,"Calypso (s) @ Bordeaux,—20 bdls., 4 brls., staves, aqty. pit props, Order.",SMALL_MULTI_SPLIT,True,Proteus
"7. p. 100-103 - July 25 1874 - Imports of Timber, &c. - Timber Trades Journal Vol. 2 1875_p003.txt",2,Dolphin,Wyburg,BRISTOL,—9,803 pcs,,,1874,25,7,1874,False,"Dolphin @ Wyburg,—9,803 pcs. deals, battens, and boards, Order.",SMALL_MULTI_SPLIT,True,Dolphin
"7. p. 100-103 - July 25 1874 - Imports of Timber, &c. - Timber Trades Journal Vol. 2 1875_p003.txt",2,Emanuel,Wyburg,BRISTOL,—8,611 pcs,,,1874,25,7,1874,False,"Emanuel @ Wyburg,—8,611 pcs. deals and boards, Order.",SMALL_MULTI_SPLIT,True,Dolphin
"7. p. 100-103 - July 25 1874 - Imports of Timber, &c. - Timber Trades Journal Vol. 2 1875_p003.txt",2,Embros,Gefle,BRISTOL,—22,074 pcs,,,1874,25,7,1874,False,"Embros @ Gefle,—22,074 pcs. deals, battens, and boards, Order.",SMALL_MULTI_SPLIT,True,Dolphin
"7. p. 100-103 - July 25 1874 - Imports of Timber, &c. - Timber Trades Journal Vol. 2 1875_p003.txt",2,Orion,Pensacola,BRISTOL,—461 pcs,,,,1874,25,7,1874,False,"Orion @ Pensacola,—461 pcs. timber, 338 pcs. deals, Order.",SMALL_MULTI_SPLIT,True,Dolphin
"7. p. 100-103 - July 25 1874 - Imports of Timber, &c. - Timber Trades Journal Vol. 2 1875_p003.txt",20,Ida,Riga,BRISTOL,"—2,781 sleepers, 809 half ditto",Order,,,1874,25,7,1874,False,"Ida @ Riga,—2,781 sleepers, 809 half ditto, Order.",SMALL_MULTI_SPLIT,True,Ida
"7. p. 100-103 - July 25 1874 - Imports of Timber, &c. - Timber Trades Journal Vol. 2 1875_p003.txt",20,Hertha,Narva,BRISTOL,"—11,560 battens",Order,,,1874,25,7,1874,False,"Hertha @ Narva,—11,560 battens, Order.",SMALL_MULTI_SPLIT,True,Ida
"7. p. 100-103 - July 25 1874 - Imports of Timber, &c. - Timber Trades Journal Vol. 2 1875_p003.txt",20,Experiment,Kopmanholman,BRISTOL,"—7,440 deals",Hutchinson Brothers,,,1874,25,7,1874,False,"Experiment @ Kopmanholman,—7,440 deals, Hutchinson Brothers.",SMALL_MULTI_SPLIT,True,Ida
"7. p. 100-103 - July 25 1874 - Imports of Timber, &c. - Timber Trades Journal Vol. 2 1875_p003.txt",20,Hoffnung,Windau.,BRISTOL,"482 pieces timber, 818 battens",2 fms,,,1874,25,7,1874,False,"Hoffnung @ Windau.—482 pieces timber, 818 battens, 2 fms. lathwood, R. Park & Co.",SMALL_MULTI_SPLIT,True,Ida
"7. p. 100-103 - July 25 1874 - Imports of Timber, &c. - Timber Trades Journal Vol. 2 1875_p003.txt",20,Enigkeit,Narva,BRISTOL,"—4,106 battens, Mitchell, Somerville",& Co,,,1874,25,7,1874,False,"Enigkeit @ Narva,—4,106 battens, Mitchell, Somerville, & Co.",SMALL_MULTI_SPLIT,True,Ida
"7. p. 100-103 - July 25 1874 - Imports of Timber, &c. - Timber Trades Journal Vol. 2 1875_p003.txt",43,Nordstjernen,Halifax,DUNDEE,N,,,,1874,25,7,1874,False,"Nordstjernen @ Halifax, N.S.,—664 timber, 2,087 pcs. deals, 12 scantlings, 71 battens, 322 deal ends, 276 bdls palings, 433 laths, Edmiston & Mitchell.",SMALL_MULTI_SPLIT,True,Nordstjernen
"7. p. 100-103 - July 25 1874 - Imports of Timber, &c. - Timber Trades Journal Vol. 2 1875_p003.txt",43,Waldensian,Quebec,DUNDEE,—1,447 pcs,,,1874,25,7,1874,False,"Waldensian @ Quebec,—1,447 pcs. pine deals, Order.",SMALL_MULTI_SPLIT,True,Nordstjernen
"7. p. 100-103 - July 25 1874 - Imports of Timber, &c. - Timber Trades Journal Vol. 2 1875_p003.txt",44,City of Montreal,Quebec,DUNDEE,—7,290 pcs,,,1874,25,7,1874,False,"City of Montreal @ Quebec,—7,290 pcs. deals, Order.",SMALL_MULTI_SPLIT,True,City of Montreal
"7. p. 100-103 - July 25 1874 - Imports of Timber, &c. - Timber Trades Journal Vol. 2 1875_p003.txt",44,Eumenides,Quebec,DUNDEE,—10,195 pcs,,,1874,25,7,1874,False,"Eumenides @ Quebec,—10,195 pcs. deals, Allison, Cousland & Hamil. ton.",SMALL_MULTI_SPLIT,True,City of Montreal
"7. p. 100-103 - July 25 1874 - Imports of Timber, &c. - Timber Trades Journal Vol. 2 1875_p003.txt",44,Ida,Jamaica,DUNDEE,"481 tons logwood, 155 tons fustic, 446 spars",R,,,1874,25,7,1874,False,"Ida @ Jamaica, 481 tons logwood, 155 tons fustic, 446 spars, R. Denniston & Co.",SMALL_MULTI_SPLIT,True,City of Montreal
"7. p. 100-103 - July 25 1874 - Imports of Timber, &c. - Timber Trades Journal Vol. 2 1875_p003.txt",45,Anna,Richibucto,DUNDEE,—7,030 pcs,,,1874,25,7,1874,False,"Anna @ Richibucto,—7,030 pcs. deals, ends, &c. Single, ton, Dunn & Co.",SMALL_MULTI_SPLIT,True,Anna
"7. p. 100-103 - July 25 1874 - Imports of Timber, &c. - Timber Trades Journal Vol. 2 1875_p003.txt",45,Julia Fisher,St. John,DUNDEE,N,,,,1874,25,7,1874,False,"Julia Fisher @ St. John, N.B.,—6,000 deals, 95 pcs. white pine, 418 pcs. birch, 4 cords lathwood, 16,325 pcs. palings, Clerk, Dixon & Co.",SMALL_MULTI_SPLIT,True,Anna
"7. p. 106-110 - July 24 1875 - Imports of Timber, &c. Timber Trades Journal Vol. 3 1875_p001.txt",40,Windward,Hobart Town,GREENOCK,"—16,000 treenails",Fenwick & Co,,,1875,24,7,1875,False,"Windward @ Hobart Town,—16,000 treenails, Fenwick & Co.",SMALL_MULTI_SPLIT,True,Windward
"7. p. 106-110 - July 24 1875 - Imports of Timber, &c. Timber Trades Journal Vol. 3 1875_p001.txt",40,Carnarvon Castle,New York,GREENOCK,—56 logs satinwood,R,,,1875,24,7,1875,False,"Carnarvon Castle @ New York,—56 logs satinwood, R. Isaacson & Co.",SMALL_MULTI_SPLIT,True,Windward
"7. p. 106-110 - July 24 1875 - Imports of Timber, &c. Timber Trades Journal Vol. 3 1875_p001.txt",40,Seafield,Colombo,GREENOCK,—106 logs ebony,Order,,,1875,24,7,1875,False,"Seafield @ Colombo,—106 logs ebony, Order.",SMALL_MULTI_SPLIT,True,Windward
"7. p. 106-110 - July 24 1875 - Imports of Timber, &c. Timber Trades Journal Vol. 3 1875_p001.txt",40,Presto,Demerara,GREENOCK,—197 logs greenheart timber,G,,,1875,24,7,1875,False,"Presto @ Demerara,—197 logs greenheart timber, G. Booker.",SMALL_MULTI_SPLIT,True,Windward
"7. p. 106-110 - July 24 1875 - Imports of Timber, &c. Timber Trades Journal Vol. 3 1875_p003.txt",15,Damiette,Windau,BRISTOL,"—4,626 square sleepers, 510 half square sleepers, a quantity of lathwood",Order,,,1875,24,7,1875,True,"Damiette (s) @ Windau,—4,626 square sleepers, 510 half square sleepers, a quantity of lathwood, Order.",SMALL_MULTI_SPLIT,True,Damiette
"7. p. 106-110 - July 24 1875 - Imports of Timber, &c. Timber Trades Journal Vol. 3 1875_p003.txt",15,Harefield,Riga,BRISTOL,—8,318 pcs,,,1875,24,7,1875,True,"Harefield (s) @ Riga,—8,318 pcs. square sleepers, 692 half square sleepers, a quantity of lathwood, Order.",SMALL_MULTI_SPLIT,True,Damiette
"7. p. 106-110 - July 24 1875 - Imports of Timber, &c. Timber Trades Journal Vol. 3 1875_p003.txt",24,Chevalier,Quebec,GREENOCK,—113 pcs,,,,1875,24,7,1875,False,"Chevalier @ Quebec,—113 pcs. oak, 56 pcs. elm, 812 pine deals, 201 pine deal ends, 3,760 pipe staves, Order.",SMALL_MULTI_SPLIT,True,Chevalier
"7. p. 106-110 - July 24 1875 - Imports of Timber, &c. Timber Trades Journal Vol. 3 1875_p003.txt",24,Chevalier,Quebec,GREENOCK,—42 pcs,,,,1875,24,7,1875,False,"Chevalier @ Quebec,—42 pcs. oak, 576 pcs. white pine, 2,132 pine deals, Thomson & Gray.",SMALL_MULTI_SPLIT,True,Chevalier
"7. p. 106-110 - July 24 1875 - Imports of Timber, &c. Timber Trades Journal Vol. 3 1875_p003.txt",28,Mangerton,Quebec,GREENOCK,—54 pcs,,,,1875,24,7,1875,False,"Mangerton @ Quebec,—54 pcs. oak, 747 pcs. white pine, 10,800 W.I.W.O. staves, J. Bunten & Co.",SMALL_MULTI_SPLIT,True,Mangerton
"7. p. 106-110 - July 24 1875 - Imports of Timber, &c. Timber Trades Journal Vol. 3 1875_p003.txt",28,Tornado,Quebec,GREENOCK,—86 pcs,,,,1875,24,7,1875,False,"Tornado @ Quebec,—86 pcs. square white pine, 2,553 pine deals, 7,200 W.O.W.I. staves, 334 pcs. red pine, 300 pcs square white pine, Order.",SMALL_MULTI_SPLIT,True,Mangerton
"7. p. 106-110 - July 24 1875 - Imports of Timber, &c. Timber Trades Journal Vol. 3 1875_p003.txt",29,Chippewa,Quebec,GREENOCK,—773 pcs,,,,1875,24,7,1875,False,"Chippewa @ Quebec,—773 pcs. red pine, 318 pcs. waney square white pine, 305 pcs. square white pine, 2,119 pine staves, Singleton, Dunn, & Co.",SMALL_MULTI_SPLIT,True,Chippewa
"7. p. 106-110 - July 24 1875 - Imports of Timber, &c. Timber Trades Journal Vol. 3 1875_p003.txt",29,Eagle,Quebec,GREENOCK,—167 pcs,,,,1875,24,7,1875,False,"Eagle @ Quebec,—167 pcs. red pine, 1,019 pcs. white pine, 1,000 W.O.W.I. staves, Order.",SMALL_MULTI_SPLIT,True,Chippewa
"7. p. 106-110 - July 24 1875 - Imports of Timber, &c. Timber Trades Journal Vol. 3 1875_p003.txt",34,Von Buch Wendoff,Sundswall,GREENOCK,"—9,149 battens and deals",Macpherson & McLaren,,,1875,24,7,1875,False,"Von Buch Wendoff @ Sundswall,—9,149 battens and deals, Macpherson & McLaren.",SMALL_MULTI_SPLIT,True,Von Buch Wendoff
"7. p. 106-110 - July 24 1875 - Imports of Timber, &c. Timber Trades Journal Vol. 3 1875_p003.txt",34,Elizabeth Rose,Memel,GREENOCK,"—4,243 deals and battens",R,,,1875,24,7,1875,False,"Elizabeth Rose @ Memel,—4,243 deals and battens, R. Melrose.",SMALL_MULTI_SPLIT,True,Von Buch Wendoff
"7. p. 106-110 - July 24 1875 - Imports of Timber, &c. Timber Trades Journal Vol. 3 1875_p003.txt",34,Mecklenburg Hanswirth,Gefle,GREENOCK,"—8,924 deals and battens",J,,,1875,24,7,1875,False,"Mecklenburg Hanswirth @ Gefle,—8,924 deals and battens, J. Walker & Co.",SMALL_MULTI_SPLIT,True,Von Buch Wendoff
"7. p. 106-110 - July 24 1875 - Imports of Timber, &c. Timber Trades Journal Vol. 3 1875_p003.txt",35,Der Alte Peter,Riga,GREENOCK,"—3,636 deals, 231 deal ends",A,,,1875,24,7,1875,False,"Der Alte Peter @ Riga,—3,636 deals, 231 deal ends, A. Thomson & Nephews. M. B.",SMALL_MULTI_SPLIT,True,Der Alte Peter
"7. p. 106-110 - July 24 1875 - Imports of Timber, &c. Timber Trades Journal Vol. 3 1875_p003.txt",35,Cohn,Nyland,GREENOCK,—868 1/2 doz,,,,1875,24,7,1875,False,"Cohn @ Nyland,—868 1/2 doz. battens, A. Thomson & Nephews.",SMALL_MULTI_SPLIT,True,Der Alte Peter
"7. p. 106-110 - July 24 1875 - Imports of Timber, &c. Timber Trades Journal Vol. 3 1875_p003.txt",35,Otto Wigward,Skien,GREENOCK,"774 battens, 82,970 staves",Order,,,1875,24,7,1875,False,"Otto Wigward @ Skien, 774 battens, 82,970 staves, Order.",SMALL_MULTI_SPLIT,True,Der Alte Peter
"7. p. 106-110 - July 24 1875 - Imports of Timber, &c. Timber Trades Journal Vol. 3 1875_p003.txt",36,Herzog George,Skonvik,GREENOCK,—607 pcs,,,,1875,24,7,1875,False,"Herzog George @ Skonvik,—607 pcs. timber, 1,347 deals, 585 battens, A. Thomson & Nephews.",SMALL_MULTI_SPLIT,True,Herzog George
"7. p. 106-110 - July 24 1875 - Imports of Timber, &c. Timber Trades Journal Vol. 3 1875_p003.txt",36,Record,Wyborg,GREENOCK,"—2,382 deals and battens",A,,,1875,24,7,1875,False,"Record @ Wyborg, —2,382 deals and battens, A. Thomson & Nephews.",SMALL_MULTI_SPLIT,True,Herzog George
"7. p. 106-110 - July 24 1875 - Imports of Timber, &c. Timber Trades Journal Vol. 3 1875_p003.txt",36,Louise Otto Warbelow,Brad-hering,GREENOCK,—567 pcs,,,,1875,24,7,1875,False,"Louise Otto Warbelow @ Brad-hering,—567 pcs. timber, 461 deals, 585 battens, A. Thomson & Nephews.",SMALL_MULTI_SPLIT,True,Herzog George
"7. p. 106-110 - July 24 1875 - Imports of Timber, &c. Timber Trades Journal Vol. 3 1875_p003.txt",43,Diamant,Memel,GREENOCK,"—a full cargo of deals and battens, and ends",R,,,1875,24,7,1875,False,"Diamant @ Memel,—a full cargo of deals and battens, and ends, R. Wade, Sons, & Co.",SMALL_MULTI_SPLIT,True,Diamant
"7. p. 106-110 - July 24 1875 - Imports of Timber, &c. Timber Trades Journal Vol. 3 1875_p003.txt",43,William and Ann,Gefle,GREENOCK,—16,860 pcs,,,1875,24,7,1875,False,"William and Ann @ Gefle,—16,860 pcs. deals and battens, and ends, T. Walker & Co.",SMALL_MULTI_SPLIT,True,Diamant
"7. p. 106-110 - July 24 1875 - Imports of Timber, &c. Timber Trades Journal Vol. 3 1875_p003.txt",43,Antare,Soderhamn,GREENOCK,—18,969 pcs,,,1875,24,7,1875,False,"Antare @ Soderhamn, —18,969 pcs. boards, T. Walker & Co.",SMALL_MULTI_SPLIT,True,Diamant
"7. p. 106-110 - July 24 1875 - Imports of Timber, &c. Timber Trades Journal Vol. 3 1875_p003.txt",45,Eros,Miramichi,GREENOCK,"—9,858 deals, 933 ends, Singleton, Dunn",& Co,,,1875,24,7,1875,False,"Eros @ Miramichi,—9,858 deals, 933 ends, Singleton, Dunn, & Co.",SMALL_MULTI_SPLIT,True,Eros
"7. p. 106-110 - July 24 1875 - Imports of Timber, &c. Timber Trades Journal Vol. 3 1875_p003.txt",45,Protector,Dalhousie,GREENOCK,—60 pcs,,,,1875,24,7,1875,False,"Protector @ Dalhousie,—60 pcs. birch timber, 8 pcs. walnut timber, 32 pcs. red pine timber, 198 pcs. spruce timber, 8,647 spruce deals, 1,208 pcs. pine deals, 317 pcs. spruce deals, 6,223 pit props, Order.",SMALL_MULTI_SPLIT,True,Eros
"7. p. 106-110 - July 24 1875 - Imports of Timber, &c. Timber Trades Journal Vol. 3 1875_p003.txt",49,Arran,Quebec,GREENOCK,—129 pcs,,,,1875,24,7,1875,False,"Arran @ Quebec,—129 pcs. oak, 70 pcs. ash, 675 pcs.",SMALL_MULTI_SPLIT,True,Arran
"7. p. 106-110 - July 24 1875 - Imports of Timber, &c. Timber Trades Journal Vol. 3 1875_p003.txt",49,"white wood, 3,723 pipe staves, 3,352 deals, 6,723 pipe staves, Forganhill",Quebec,GREENOCK,—239 pcs,,,,1875,24,7,1875,False,"white wood, 3,723 pipe staves, 3,352 deals, 6,723 pipe staves, Forganhill @ Quebec,—239 pcs. waney board pine, 239 pcs. standard staves, Cousland & Hamilton.",SMALL_MULTI_SPLIT,True,Arran
"7. p. 106-110 - July 24 1875 - Imports of Timber, &c. Timber Trades Journal Vol. 3 1875_p003.txt",51,Mangerton,Quebec,GREENOCK,—124 pcs,,,,1875,24,7,1875,False,"Mangerton @ Quebec,—124 pcs. oak, 747 pcs.",SMALL_MULTI_SPLIT,True,Mangerton
"7. p. 106-110 - July 24 1875 - Imports of Timber, &c. Timber Trades Journal Vol. 3 1875_p003.txt",51,"white pine, 2,966 pine deals, 1,700 pipe staves, nado",Quebec,GREENOCK,—124 pcs,,,,1875,24,7,1875,False,"white pine, 2,966 pine deals, 1,700 pipe staves, nado @ Quebec,—124 pcs. oak, 747 pcs. white pine, 2,350 pipe staves, 341 pcs. wany white pine, Order.",SMALL_MULTI_SPLIT,True,Mangerton
"7. p. 106-110 - July 24 1875 - Imports of Timber, &c. Timber Trades Journal Vol. 3 1875_p003.txt",52,Chippewa,Quebec,GREENOCK,—129 pcs,,,,1875,24,7,1875,False,"Chippewa @ Quebec,—129 pcs. oak, 70 pcs. ash, board pine, 1,683 deals, 7,200 W.O.W.I. staves, 48 pcs. elm, 103 pcs. red pine, 1,495 spruce deals, 12,000 W.O.W.I. staves, Order.",SMALL_MULTI_SPLIT,True,Chippewa
"7. p. 106-110 - July 24 1875 - Imports of Timber, &c. Timber Trades Journal Vol. 3 1875_p003.txt",52,Zealander,Quebec,GREENOCK,—375 pcs,,,,1875,24,7,1875,False,"Zealander @ Quebec,—375 pcs. red pine, 1,858 pcs. white pine, 1,858 pcs. deals, Order.",SMALL_MULTI_SPLIT,True,Chippewa
"8. 122-126 - August 4 1877 - Imports of Timber, &c. - Timber Trades Journal Vol. 5 1877_p004.txt",44,Fredrik Peterson,Cronstadt,DUNDEE,"—7,991 deals, Mitchell, Somerville",& Co,,,1877,4,8,1877,False,"Fredrik Peterson @ Cronstadt,—7,991 deals, Mitchell, Somerville, & Co.",SMALL_MULTI_SPLIT,True,Fredrik Peterson
"8. 122-126 - August 4 1877 - Imports of Timber, &c. - Timber Trades Journal Vol. 5 1877_p004.txt",44,John,Sundswall,DUNDEE,"—6,133 battens, Mitchell, Somerville",& Co,,,1877,4,8,1877,False,"John @ Sundswall,—6,133 battens, Mitchell, Somerville, & Co.",SMALL_MULTI_SPLIT,True,Fredrik Peterson
"8. 122-126 - August 4 1877 - Imports of Timber, &c. - Timber Trades Journal Vol. 5 1877_p004.txt",44,John Reay,Iggesund,DUNDEE,"—12,477 battens, Mitchell, Somerville",& Co,,,1877,4,8,1877,False,"John Reay @ Iggesund,—12,477 battens, Mitchell, Somerville, & Co.",SMALL_MULTI_SPLIT,True,Fredrik Peterson
"8. 122-126 - August 4 1877 - Imports of Timber, &c. - Timber Trades Journal Vol. 5 1877_p004.txt",44,Ida,Riga,DUNDEE,"—322 pieces timber, 1,096 deals",W,,,1877,4,8,1877,False,"Ida @ Riga,—322 pieces timber, 1,096 deals, W. Stewart & Co.",SMALL_MULTI_SPLIT,True,Fredrik Peterson
"8. 122-126 - August 4 1877 - Imports of Timber, &c. - Timber Trades Journal Vol. 5 1877_p005.txt",13,Carl Fredrik,Riga,BO'NESS,"—1,205 sleepers",Christie & Co,,,1877,4,8,1877,False,"Carl Fredrik @ Riga,—1,205 sleepers, Christie & Co.",SMALL_MULTI_SPLIT,True,Carl Fredrik
"8. 122-126 - August 4 1877 - Imports of Timber, &c. - Timber Trades Journal Vol. 5 1877_p005.txt",13,Helvetin,Laurvig,BO'NESS,"—14,568 props",Love & Stewart,,,1877,4,8,1877,False,"Helvetin @ Laurvig,—14,568 props, Love & Stewart.",SMALL_MULTI_SPLIT,True,Carl Fredrik
"8. 122-126 - August 4 1877 - Imports of Timber, &c. - Timber Trades Journal Vol. 5 1877_p005.txt",13,Adolph,Riga,BO'NESS,"—4,549 sleepers",Order,,,1877,4,8,1877,False,"Adolph @ Riga, —4,549 sleepers, Order.",SMALL_MULTI_SPLIT,True,Carl Fredrik
"8. 122-126 - August 4 1877 - Imports of Timber, &c. - Timber Trades Journal Vol. 5 1877_p005.txt",13,Phœnix,Christiania,BO'NESS,"—2,117 props",Love & Stewart,,,1877,4,8,1877,False,"Phœnix @ Christiania,—2,117 props, Love & Stewart.",SMALL_MULTI_SPLIT,True,Carl Fredrik
"8. 122-126 - August 4 1877 - Imports of Timber, &c. - Timber Trades Journal Vol. 5 1877_p005.txt",18,Aurora,Riga,BO'NESS,—165 pcs,,,,1877,4,8,1877,False,"Aurora @ Riga,—165 pcs. timber, 2,937 deals, 6 fms. lathwood, Order.",SMALL_MULTI_SPLIT,True,Aurora
"8. 122-126 - August 4 1877 - Imports of Timber, &c. - Timber Trades Journal Vol. 5 1877_p005.txt",18,Mathilda,Danzig,BO'NESS,"—1,618 sleepers",Calder & Co,,,1877,4,8,1877,False,"Mathilda @ Danzig,—1,618 sleepers, Calder & Co.",SMALL_MULTI_SPLIT,True,Aurora
"8. 122-126 - August 4 1877 - Imports of Timber, &c. - Timber Trades Journal Vol. 5 1877_p005.txt",18,Oberst Lieutenant Von Suldorff,Riga,BO'NESS,—555 pcs,,,,1877,4,8,1877,False,"Oberst Lieutenant Von Suldorff @ Riga,—555 pcs. timber, 526 lathwood, 685 battens, Mitchell, Thomson, & Co.",SMALL_MULTI_SPLIT,True,Aurora
"8. p. 116-119 - August 8 1874 - Imports of Timber, &c. - Timber Trades Journal Vol. 2 1875_p001.txt",94,John Bull,Havre,LONDON,"—60 logs wood, 38 logs rosewood",Order,,,1874,8,8,1874,True,"John Bull (s) @ Havre,—60 logs wood, 38 logs rosewood, Order. 5 cs. 498 gunstocks, 600 planks, 4 cs. 20,000 fore ends gunstocks, Order. 17,842 pcs. deals, 748 ends, 2,725 pcs. elm, Order.",SMALL_MULTI_SPLIT,True,John Bull
"8. p. 116-119 - August 8 1874 - Imports of Timber, &c. - Timber Trades Journal Vol. 2 1875_p001.txt",94,Hanna,Chatham,LONDON,—226 bdls,,,,1874,8,8,1874,False,"Hanna @ Chatham,—226 bdls. palings, Order.",SMALL_MULTI_SPLIT,True,John Bull
"8. p. 116-119 - August 8 1874 - Imports of Timber, &c. - Timber Trades Journal Vol. 2 1875_p002.txt",9,Amicitia,Quebec,LONDON,—10,518 pcs,,,1874,8,8,1874,False,"Amicitia @ Quebec,—10,518 pcs. deals, Order.",SMALL_MULTI_SPLIT,True,Amicitia
"8. p. 116-119 - August 8 1874 - Imports of Timber, &c. - Timber Trades Journal Vol. 2 1875_p002.txt",9,Gene,Gene,LONDON,—[?] pcs,,,,1874,8,8,1874,False,"Gene @ Gene,—[?] pcs. deal ends, Order.",SMALL_MULTI_SPLIT,True,Amicitia
"8. p. 116-119 - August 8 1874 - Imports of Timber, &c. - Timber Trades Journal Vol. 2 1875_p002.txt",9,John,Quebec,LONDON,"—10,100 palings, ends",110 pcs,,,1874,8,8,1874,False,"John @ Quebec,—10,100 palings, ends, 110 pcs. birch, 6,584 staves, 124 pcs. oak, Order.",SMALL_MULTI_SPLIT,True,Amicitia
"8. p. 116-119 - August 8 1874 - Imports of Timber, &c. - Timber Trades Journal Vol. 2 1875_p002.txt",9,George,Soderhamn,LONDON,"—17,137 battens",Order,,,1874,8,8,1874,False,"George @ Soderhamn,—17,137 battens, Order. F. Platite.",SMALL_MULTI_SPLIT,True,Amicitia
"8. p. 116-119 - August 8 1874 - Imports of Timber, &c. - Timber Trades Journal Vol. 2 1875_p002.txt",9,Columbus,Sunnas,LONDON,—147 fms,,,,1874,8,8,1874,False,"Columbus @ Sunnas,—147 fms. firewood, Dahll & Sadler.",SMALL_MULTI_SPLIT,True,Amicitia
"8. p. 116-119 - August 8 1874 - Imports of Timber, &c. - Timber Trades Journal Vol. 2 1875_p002.txt",15,Rochester,Quebec,LIVERPOOL,—4,979 pcs,,,1874,8,8,1874,False,"Rochester @ Quebec,—4,979 pcs. deals, &c., Order.",SMALL_MULTI_SPLIT,True,Rochester
"8. p. 116-119 - August 8 1874 - Imports of Timber, &c. - Timber Trades Journal Vol. 2 1875_p002.txt",15,Langan,Quebec,LIVERPOOL,—29,405 pcs,,,1874,8,8,1874,False,"Langan @ Quebec,—29,405 pcs. deals, 1,640 pcs. deal ends, 1,000 pcs. palings, Carter & Co.",SMALL_MULTI_SPLIT,True,Rochester
"8. p. 116-119 - August 8 1874 - Imports of Timber, &c. - Timber Trades Journal Vol. 2 1875_p002.txt",15,Mayna,Halifax,LIVERPOOL,—9,908 pcs,,,1874,8,8,1874,False,"Mayna @ Halifax,—9,908 pcs. deals, &c., 1,071 pcs. ends, 12,300 pcs. palings, 111 pcs. timber, Sundry Consignees.",SMALL_MULTI_SPLIT,True,Rochester
"8. p. 116-119 - August 8 1874 - Imports of Timber, &c. - Timber Trades Journal Vol. 2 1875_p002.txt",18,City of Liverpool,Quebec,LIVERPOOL,—3,390 pcs,,,1874,8,8,1874,False,"City of Liverpool @ Quebec,—3,390 pcs. deals, 480 pcs. deal ends, 1,040 pcs. timber, Order.",SMALL_MULTI_SPLIT,True,City of Liverpool
"8. p. 116-119 - August 8 1874 - Imports of Timber, &c. - Timber Trades Journal Vol. 2 1875_p002.txt",18,Melmerbly,Quebec,LIVERPOOL,"—11,734 staves, 1",559 pcs,,,1874,8,8,1874,False,"Melmerbly @ Quebec,—11,734 staves, 1,559 pcs. timber, Order.",SMALL_MULTI_SPLIT,True,City of Liverpool
"8. p. 116-119 - August 8 1874 - Imports of Timber, &c. - Timber Trades Journal Vol. 2 1875_p002.txt",18,Chrysolite,Quebec,LIVERPOOL,—293 pcs,,,,1874,8,8,1874,False,"Chrysolite @ Quebec,—293 pcs. timber, Order.",SMALL_MULTI_SPLIT,True,City of Liverpool
"8. p. 116-119 - August 8 1874 - Imports of Timber, &c. - Timber Trades Journal Vol. 2 1875_p002.txt",18,Agathe,New Orleans,LIVERPOOL,—291 pcs,,,,1874,8,8,1874,False,"Agathe @ New Orleans,—291 pcs. timber, 240 pcs. deals, 200 pcs. deal ends, Order.",SMALL_MULTI_SPLIT,True,City of Liverpool
"8. p. 116-119 - August 8 1874 - Imports of Timber, &c. - Timber Trades Journal Vol. 2 1875_p004.txt",27,Lovett,Richibucto,BO'NESS,—6,571 pcs,,,1874,8,8,1874,False,"Lovett @ Richibucto,—6,571 pcs.",SMALL_MULTI_SPLIT,True,John W. Lovett
"8. p. 116-119 - August 8 1874 - Imports of Timber, &c. - Timber Trades Journal Vol. 2 1875_p004.txt",27,"deals and scantlings, Singleton, Dunn, and Co.; Morning Star",Miramichi,BO'NESS,—9,829 pcs,,,1874,8,8,1874,False,"deals and scantlings, Singleton, Dunn, and Co.; Morning Star @ Miramichi, —9,829 pcs.",SMALL_MULTI_SPLIT,True,John W. Lovett
"8. p. 116-119 - August 8 1874 - Imports of Timber, &c. - Timber Trades Journal Vol. 2 1875_p004.txt",27,"deals, ends, &c., Singleton, Dunn and Co.; Tinten",Quebec,BO'NESS,—23,777 pcs,,,1874,8,8,1874,False,"deals, ends, &c., Singleton, Dunn and Co.; Tinten @ Quebec,—23,777 pcs. deal, ends, &c., John Jex Long.",SMALL_MULTI_SPLIT,True,John W. Lovett
"8. p. 116-119 - August 8 1874 - Imports of Timber, &c. - Timber Trades Journal Vol. 2 1875_p004.txt",33,Orpheus,Quebec,BO'NESS,—13,896 pcs,,,1874,8,8,1874,False,"Orpheus @ Quebec,—13,896 pcs.",SMALL_MULTI_SPLIT,True,Orpheus
"8. p. 116-119 - August 8 1874 - Imports of Timber, &c. - Timber Trades Journal Vol. 2 1875_p004.txt",33,"deals, ends and battens, Edmiston and Mitchell; Madras",Quebec,BO'NESS,—73 pcs,,,,1874,8,8,1874,False,"deals, ends and battens, Edmiston and Mitchell; Madras @ Quebec,—73 pcs. oak, 19 pcs. elm, 180 pcs. red pine, 831 pcs. white pine, 1,250 pcs. pine deals, 4,800 pcs. pipe staves, 7,200 pcs. puncheon staves, John Robb and Co.",SMALL_MULTI_SPLIT,True,Orpheus
"8. p. 116-119 - August 8 1874 - Imports of Timber, &c. - Timber Trades Journal Vol. 2 1875_p004.txt",58,Petronelle,Christiania,GREENOCK,"—7,953 battens",Order,,,1874,8,8,1874,False,"Petronelle @ Christiania,—7,953 battens, Order.",SMALL_MULTI_SPLIT,True,Petronelle
"8. p. 116-119 - August 8 1874 - Imports of Timber, &c. - Timber Trades Journal Vol. 2 1875_p004.txt",58,Sun,Gothenburg,GREENOCK,"—10,050 battens",J,,,1874,8,8,1874,False,"Sun @ Gothenburg,—10,050 battens, J. T. Salvesen & Co.",SMALL_MULTI_SPLIT,True,Petronelle
"8. p. 116-119 - August 8 1874 - Imports of Timber, &c. - Timber Trades Journal Vol. 2 1875_p004.txt",58,Neptunus,Christiania,GREENOCK,"—11,357 battens",Macpherson & McLaren,,,1874,8,8,1874,False,"Neptunus @ Christiania,—11,357 battens, Macpherson & McLaren.",SMALL_MULTI_SPLIT,True,Petronelle
"8. p. 116-119 - August 8 1874 - Imports of Timber, &c. - Timber Trades Journal Vol. 2 1875_p004.txt",58,Triton,Dram,GREENOCK,"—7,370 pit props",Kennedy & Voigt,,,1874,8,8,1874,False,"Triton @ Dram,—7,370 pit props, Kennedy & Voigt.",SMALL_MULTI_SPLIT,True,Petronelle
"8. p. 121-124 - Augus 7 1875 - Imports of Timber, &c. - Timber Trades Journal Vol. 3 1875_p004.txt",3,Edward,Sundswall,BRISTOL,"—2,974 battens",W,,,1875,7,8,1875,False,"Edward @ Sundswall,—2,974 battens, W. Stewart & Co.",SMALL_MULTI_SPLIT,True,Edward
"8. p. 121-124 - Augus 7 1875 - Imports of Timber, &c. - Timber Trades Journal Vol. 3 1875_p004.txt",3,Sophie,Cronstadt,BRISTOL,"—7,307 deals",Ferguson & Davidson,,,1875,7,8,1875,False,"Sophie @ Cronstadt,—7,307 deals, Ferguson & Davidson.",SMALL_MULTI_SPLIT,True,Edward
"8. p. 121-124 - Augus 7 1875 - Imports of Timber, &c. - Timber Trades Journal Vol. 3 1875_p004.txt",3,Aljeld,Kopmanholman,BRISTOL,"—10,842 deals",Libertas,,,1875,7,8,1875,False,"Aljeld @ Kopmanholman,—10,842 deals, Libertas",SMALL_MULTI_SPLIT,True,Edward
"8. p. 121-124 - Augus 7 1875 - Imports of Timber, &c. - Timber Trades Journal Vol. 3 1875_p004.txt",3,"Aljeld @ Kopmanholman,—10,842 deals, Libertas",Wyborg,BRISTOL,"—7,424 battens and deals",Order,,,1875,7,8,1875,False,"Aljeld @ Kopmanholman,—10,842 deals, Libertas @ Wyborg,—7,424 battens and deals, Order.",SMALL_MULTI_SPLIT,True,Edward
"8. p. 121-124 - Augus 7 1875 - Imports of Timber, &c. - Timber Trades Journal Vol. 3 1875_p004.txt",3,Samson,Memel,BRISTOL,"—20,129 oak staves",Breysig & Co,,,1875,7,8,1875,False,"Samson @ Memel,—20,129 oak staves, Breysig & Co.",SMALL_MULTI_SPLIT,True,Edward
"8. p. 121-124 - Augus 7 1875 - Imports of Timber, &c. - Timber Trades Journal Vol. 3 1875_p004.txt",4,Claus,Ljusne,BRISTOL,"—1,721 deals",362 pcs,,,1875,7,8,1875,False,"Claus @ Ljusne,—1,721 deals, 362 pcs. timber, Order.",SMALL_MULTI_SPLIT,True,Claus
"8. p. 121-124 - Augus 7 1875 - Imports of Timber, &c. - Timber Trades Journal Vol. 3 1875_p004.txt",4,Margaretha,Danzig,BRISTOL,"—6,471 deals and battens",W,,,1875,7,8,1875,False,"Margaretha @ Danzig,—6,471 deals and battens, W. Thom- & Co.",SMALL_MULTI_SPLIT,True,Claus
"8. p. 121-124 - Augus 7 1875 - Imports of Timber, &c. - Timber Trades Journal Vol. 3 1875_p004.txt",4,Namen,Tabasco,BRISTOL,—209 logs mahogany,Shadbolt & Sons,,,1875,7,8,1875,False,"Namen @ Tabasco,—209 logs mahogany, Shadbolt & Sons.",SMALL_MULTI_SPLIT,True,Claus
"8. p. 121-124 - Augus 7 1875 - Imports of Timber, &c. - Timber Trades Journal Vol. 3 1875_p004.txt",4,Iceland,Cronstadt,BRISTOL,"—100 loads lathwood, 738 rickers",J,,,1875,7,8,1875,False,"Iceland @ Cronstadt,—100 loads lathwood, 738 rickers, J. Smith & Co.",SMALL_MULTI_SPLIT,True,Claus
"8. p. 121-124 - Augus 7 1875 - Imports of Timber, &c. - Timber Trades Journal Vol. 3 1875_p004.txt",20,Sylvester,Christiansand,BO'NESS,— 170 lds,,,,1875,7,8,1875,False,"Sylvester @ Christiansand,— 170 lds. pit props, W. Donaldson.",SMALL_MULTI_SPLIT,True,Sylvester
"8. p. 121-124 - Augus 7 1875 - Imports of Timber, &c. - Timber Trades Journal Vol. 3 1875_p004.txt",20,Dagmar,Riga,BO'NESS,"—1,344 sleepers",Calder & Co,,,1875,7,8,1875,False,"Dagmar @ Riga,—1,344 sleepers, Calder & Co.",SMALL_MULTI_SPLIT,True,Sylvester
"8. p. 121-124 - Augus 7 1875 - Imports of Timber, &c. - Timber Trades Journal Vol. 3 1875_p004.txt",20,Joanna,Riga,BO'NESS,"—1,452 sleepers",Calder & Co,,,1875,7,8,1875,False,"Joanna @ Riga,—1,452 sleepers, Calder & Co.",SMALL_MULTI_SPLIT,True,Sylvester
"8. p. 121-124 - Augus 7 1875 - Imports of Timber, &c. - Timber Trades Journal Vol. 3 1875_p004.txt",20,Solid,Christiansand,BO'NESS,"—3,900 props",W,,,1875,7,8,1875,False,"Solid @ Christiansand,—3,900 props, W. Donaldson.",SMALL_MULTI_SPLIT,True,Sylvester
"8. p. 121-124 - Augus 7 1875 - Imports of Timber, &c. - Timber Trades Journal Vol. 3 1875_p004.txt",20,Marie Kirstine,Christiansand,BO'NESS,"—10,764 props",Order,,,1875,7,8,1875,False,"Marie Kirstine @ Christiansand, —10,764 props, Order.",SMALL_MULTI_SPLIT,True,Sylvester
"8. p. 121-124 - Augus 7 1875 - Imports of Timber, &c. - Timber Trades Journal Vol. 3 1875_p004.txt",27,Wik,Fredrikstad,DUNDEE,"—8,294 battens",Order,,,1875,7,8,1875,False,"Wik @ Fredrikstad,—8,294 battens, Order.",SMALL_MULTI_SPLIT,True,Wik
"8. p. 121-124 - Augus 7 1875 - Imports of Timber, &c. - Timber Trades Journal Vol. 3 1875_p004.txt",27,Zampa,Bjorneborg,DUNDEE,"—6,281 battens",J,,,1875,7,8,1875,False,"Zampa @ Bjorneborg,—6,281 battens, J. Kirkland & Son.",SMALL_MULTI_SPLIT,True,Wik
"8. p. 121-124 - Augus 7 1875 - Imports of Timber, &c. - Timber Trades Journal Vol. 3 1875_p004.txt",27,Llama,Rotterdam,DUNDEE,—230 pcs,,,,1875,7,8,1875,False,"Llama @ Rotterdam,—230 pcs. timber, Hopkin & Co.",SMALL_MULTI_SPLIT,True,Wik
"8. p. 121-124 - Augus 7 1875 - Imports of Timber, &c. - Timber Trades Journal Vol. 3 1875_p004.txt",27,Orienten,Swartwick,DUNDEE,—968 pcs,,,,1875,7,8,1875,False,"Orienten @ Swartwick, —968 pcs. timber, 541 battens, J. Kirkland & Son.",SMALL_MULTI_SPLIT,True,Wik
"8. p. 121-124 - Augus 7 1875 - Imports of Timber, &c. - Timber Trades Journal Vol. 3 1875_p004.txt",27,Thelmarken,Sannesund,DUNDEE,"—5,612 battens",Order,,,1875,7,8,1875,False,"Thelmarken @ Sannesund,—5,612 battens, Order.",SMALL_MULTI_SPLIT,True,Wik
"8. p. 121-124 - Augus 7 1875 - Imports of Timber, &c. - Timber Trades Journal Vol. 3 1875_p004.txt",44,Studemann,Skonvik,DUNDEE,—473 pcs,,,,1875,7,8,1875,False,"Studemann @ Skonvik,—473 pcs. timber, 1,001 battens, J. T. Salvesen & Co.",SMALL_MULTI_SPLIT,True,Bankier Lietke et Comp.
"8. p. 121-124 - Augus 7 1875 - Imports of Timber, &c. - Timber Trades Journal Vol. 3 1875_p004.txt",44,Elizabeth,Riga,DUNDEE,"—5,866 deals and ends",R,,,1875,7,8,1875,False,"Elizabeth @ Riga,—5,866 deals and ends, R. Melville & Co.",SMALL_MULTI_SPLIT,True,Bankier Lietke et Comp.
"8. p. 121-124 - Augus 7 1875 - Imports of Timber, &c. - Timber Trades Journal Vol. 3 1875_p004.txt",44,Phoenix,Dram,DUNDEE,"—3,990 battens",J,,,1875,7,8,1875,False,"Phoenix @ Dram,—3,990 battens, J. McLean & Co.",SMALL_MULTI_SPLIT,True,Bankier Lietke et Comp.
"8. p. 407-409 - April 14 1877 - Imports of Timber, &c. - Trades Journal Vol. 4 1877_p001.txt",126,Bayard,Fredrikstad,DUNDEE,"—401 battens, 70,723 boards",Order,,,1877,14,4,1877,False,"Bayard @ Fredrikstad,—401 battens, 70,723 boards, Order.",SMALL_MULTI_SPLIT,True,Bayard
"8. p. 407-409 - April 14 1877 - Imports of Timber, &c. - Trades Journal Vol. 4 1877_p001.txt",126,Emanuel,Fredrikstad,DUNDEE,"—813 battens, 52,125 boards",Order,,,1877,14,4,1877,False,"Emanuel @ Fredrikstad,—813 battens, 52,125 boards, Order.",SMALL_MULTI_SPLIT,True,Bayard
"8. p. 407-409 - April 14 1877 - Imports of Timber, &c. - Trades Journal Vol. 4 1877_p001.txt",126,Ellen Goodspeed,New Orleans,DUNDEE,"—4,080 staves",Chaloner & Co,,,1877,14,4,1877,False,"Ellen Goodspeed @ New Orleans,—4,080 staves, Chaloner & Co.",SMALL_MULTI_SPLIT,True,Bayard
"8. p. 407-409 - April 14 1877 - Imports of Timber, &c. - Trades Journal Vol. 4 1877_p001.txt",126,Patriot,Gothenburg,DUNDEE,"—13,879 pit props",467 bdls,,,1877,14,4,1877,False,"Patriot @ Gothenburg,—13,879 pit props, 467 bdls. boards, P.",SMALL_MULTI_SPLIT,True,Bayard
"8. p. 407-409 - April 14 1877 - Imports of Timber, &c. - Trades Journal Vol. 4 1877_p002.txt",26,Three Sisters,Bordeaux,BRISTOL,—83 tons pitwood,F,,,1877,14,4,1877,False,"Three Sisters @ Bordeaux,—83 tons pitwood, F. H. Smith & Co.",SMALL_MULTI_SPLIT,True,Three Sisters
"8. p. 407-409 - April 14 1877 - Imports of Timber, &c. - Trades Journal Vol. 4 1877_p002.txt",26,Sarah,New York,BRISTOL,—240 pipe staves,R,,,1877,14,4,1877,False,"Sarah @ New York,—240 pipe staves, R. & H. Taylor & Bros. Darien,—356 pcs. timber, 279 deals, Taylor & Low Bros.",SMALL_MULTI_SPLIT,True,Three Sisters
"8. p. 407-409 - April 14 1877 - Imports of Timber, &c. - Trades Journal Vol. 4 1877_p002.txt",26,Eyr,Fredrickstadt,BRISTOL,"—49,497 flooring boards",Taylor & Low Bros,,,1877,14,4,1877,False,"Eyr @ Fredrickstadt,—49,497 flooring boards, Taylor & Low Bros.",SMALL_MULTI_SPLIT,True,Three Sisters
"8. p. 407-409 - April 14 1877 - Imports of Timber, &c. - Trades Journal Vol. 4 1877_p002.txt",26,Ifigenia,New York,BRISTOL,—4,320 staves Emblin & Jones,,,1877,14,4,1877,False,"Ifigenia @ New York,—4,320 staves Emblin & Jones.",SMALL_MULTI_SPLIT,True,Three Sisters
"8. p. 407-409 - April 14 1877 - Imports of Timber, &c. - Trades Journal Vol. 4 1877_p002.txt",54,Ceres,Dram,GREENOCK,"—5,642 pit props",G,,,1877,14,4,1877,False,"Ceres @ Dram,—5,642 pit props, G. G. Mackay.",SMALL_MULTI_SPLIT,True,Ceres
"8. p. 407-409 - April 14 1877 - Imports of Timber, &c. - Trades Journal Vol. 4 1877_p002.txt",54,Orest,Sandefiord,GREENOCK,"—8,909 pit props, 355 birch props",P,,,1877,14,4,1877,False,"Orest @ Sandefiord,—8,909 pit props, 355 birch props, P. & J. Wilkie.",SMALL_MULTI_SPLIT,True,Ceres
"8. p. 407-409 - April 14 1877 - Imports of Timber, &c. - Trades Journal Vol. 4 1877_p002.txt",54,Jeanette,Christiania,GREENOCK,"—5,733 battens, Robinson, Dunn",& Co,,,1877,14,4,1877,False,"Jeanette @ Christiania,—5,733 battens, Robinson, Dunn, & Co.",SMALL_MULTI_SPLIT,True,Ceres
"8. p. 407-409 - April 14 1877 - Imports of Timber, &c. - Trades Journal Vol. 4 1877_p002.txt",54,Sophie,Dram,GREENOCK,"—10,963 battens",Order,,,1877,14,4,1877,False,"Sophie @ Dram,—10,963 battens, Order.",SMALL_MULTI_SPLIT,True,Ceres
"8. p. 407-409 - April 14 1877 - Imports of Timber, &c. - Trades Journal Vol. 4 1877_p002.txt",54,Protector,Dram,GREENOCK,"—9,600 battens",Order,,,1877,14,4,1877,False,"Protector @ Dram,—9,600 battens, Order.",SMALL_MULTI_SPLIT,True,Ceres
"8. p. 407-409 - April 14 1877 - Imports of Timber, &c. - Trades Journal Vol. 4 1877_p003.txt",4,Æolus,Krageroe,GRIMSBY,—5,177 pcs,,,1877,14,4,1877,False,"Æolus @ Krageroe,—5,177 pcs. mining timber, 117 battens, J. F. Anderson & Co.",SMALL_MULTI_SPLIT,True,Æolus
"8. p. 407-409 - April 14 1877 - Imports of Timber, &c. - Trades Journal Vol. 4 1877_p003.txt",4,Friheden,Christiansand,GRIMSBY,"—4,721 battens",J,,,1877,14,4,1877,False,"Friheden @ Christiansand,—4,721 battens, J. T. Salvesen and Co.",SMALL_MULTI_SPLIT,True,Æolus
"8. p. 407-409 - April 14 1877 - Imports of Timber, &c. - Trades Journal Vol. 4 1877_p003.txt",4,Axel,Drammen,GRIMSBY,"—10,751 battens",D,,,1877,14,4,1877,False,"Axel @ Drammen,—10,751 battens, D. Swann and Co.",SMALL_MULTI_SPLIT,True,Æolus
"9. 138-142 - August 18 1877 - Imports of Timber, &c. - Timber Trades Journal Vol. 5 1877_p003.txt",10,Hertha,Bjorneborg,DUNDEE,"7,887 deals and boards",J,,,1877,18,8,1877,False,"Hertha @ Bjorneborg, 7,887 deals and boards, J. Chapman & Co.",SMALL_MULTI_SPLIT,True,Hertha
"9. 138-142 - August 18 1877 - Imports of Timber, &c. - Timber Trades Journal Vol. 5 1877_p003.txt",10,Mentor,Wyburg,DUNDEE,"—23,311 battens and boards",J,,,1877,18,8,1877,False,"Mentor @ Wyburg,—23,311 battens and boards, J. Chapman & Co.",SMALL_MULTI_SPLIT,True,Hertha
"9. 138-142 - August 18 1877 - Imports of Timber, &c. - Timber Trades Journal Vol. 5 1877_p003.txt",10,Electra,Ahlafors,DUNDEE,"—23,643 deals, battens and boards",J,,,1877,18,8,1877,False,"Electra @ Ahlafors,—23,643 deals, battens and boards, J. Chapman & Co.",SMALL_MULTI_SPLIT,True,Hertha
"9. 138-142 - August 18 1877 - Imports of Timber, &c. - Timber Trades Journal Vol. 5 1877_p003.txt",10,Kyle,Kotka,DUNDEE,"—9,428 deals and battens",Order,,,1877,18,8,1877,False,"Kyle @ Kotka,—9,428 deals and battens, Order.",SMALL_MULTI_SPLIT,True,Hertha
"9. 138-142 - August 18 1877 - Imports of Timber, &c. - Timber Trades Journal Vol. 5 1877_p003.txt",20,Auguste Mathilde,Memel.,DUNDEE,177,500 pes,,,1877,18,8,1877,False,"Auguste Mathilde @ Memel.—177,500 pes. staves, J. Black & Co.",SMALL_MULTI_SPLIT,True,Auguste Mathilde
"9. 138-142 - August 18 1877 - Imports of Timber, &c. - Timber Trades Journal Vol. 5 1877_p003.txt",20,Erik den 6tes Minde,Memel.,DUNDEE,383 pcs,,,,1877,18,8,1877,False,"Erik den 6tes Minde @ Memel.—383 pcs. timber, 2,728 battens, Order.",SMALL_MULTI_SPLIT,True,Auguste Mathilde
"9. 138-142 - August 18 1877 - Imports of Timber, &c. - Timber Trades Journal Vol. 5 1877_p003.txt",20,Sovento,Nyvik,DUNDEE,—4,604 pcs,,,1877,18,8,1877,False,"Sovento @ Nyvik,—4,604 pcs. deals and battens Order.",SMALL_MULTI_SPLIT,True,Auguste Mathilde
"9. 138-142 - August 18 1877 - Imports of Timber, &c. - Timber Trades Journal Vol. 5 1877_p003.txt",20,Cornhill,Kramfert,DUNDEE,"—8,540 deals and battens, a quantity of staves and pit props",J,,,1877,18,8,1877,False,"Cornhill @ Kramfert,—8,540 deals and battens, a quantity of staves and pit props, J. P. Sword.",SMALL_MULTI_SPLIT,True,Auguste Mathilde
"9. 138-142 - August 18 1877 - Imports of Timber, &c. - Timber Trades Journal Vol. 5 1877_p005.txt",7,Joseph,Riga,DUNDEE,"—75 loads lath wood, Rennie, Master-ton",& Co,,,1877,18,8,1877,False,"Joseph @ Riga,—75 loads lath wood, Rennie, Master-ton, & Co.",SMALL_MULTI_SPLIT,True,Joseph
"9. 138-142 - August 18 1877 - Imports of Timber, &c. - Timber Trades Journal Vol. 5 1877_p005.txt",7,United,Soderhamn,DUNDEE,"—2,270 bales wood pulp",Order,,,1877,18,8,1877,False,"United @ Soderhamn,—2,270 bales wood pulp, Order.",SMALL_MULTI_SPLIT,True,Joseph
"9. 138-142 - August 18 1877 - Imports of Timber, &c. - Timber Trades Journal Vol. 5 1877_p005.txt",7,Joanna,Windau,DUNDEE,—300 pcs,,,,1877,18,8,1877,False,"Joanna @ Windau,—300 pcs. timber, 925 batten ends, Order.",SMALL_MULTI_SPLIT,True,Joseph
"9. 138-142 - August 18 1877 - Imports of Timber, &c. - Timber Trades Journal Vol. 5 1877_p005.txt",7,Dragen,Riga,DUNDEE,"—5,826 deal ends",Risk & Co,,,1877,18,8,1877,False,"Dragen @ Riga,—5,826 deal ends, Risk & Co.",SMALL_MULTI_SPLIT,True,Joseph
"9. 138-142 - August 18 1877 - Imports of Timber, &c. - Timber Trades Journal Vol. 5 1877_p005.txt",7,Atlas,Sundswall,DUNDEE,"—9,474 battens",Order,,,1877,18,8,1877,False,"Atlas @ Sundswall,—9,474 battens, Order.",SMALL_MULTI_SPLIT,True,Joseph
"9. 138-142 - August 18 1877 - Imports of Timber, &c. - Timber Trades Journal Vol. 5 1877_p005.txt",12,Glide,Salsaker,DUNDEE,"11,501 battens",R,,,1877,18,8,1877,False,"Glide @ Salsaker, 11,501 battens, R. Melville & Co.",SMALL_MULTI_SPLIT,True,Glide
"9. 138-142 - August 18 1877 - Imports of Timber, &c. - Timber Trades Journal Vol. 5 1877_p005.txt",12,Gideon,Bjorneborg,DUNDEE,"—11,368 battens",Order,,,1877,18,8,1877,False,"Gideon @ Bjorneborg,—11,368 battens, Order.",SMALL_MULTI_SPLIT,True,Glide
"9. 138-142 - August 18 1877 - Imports of Timber, &c. - Timber Trades Journal Vol. 5 1877_p005.txt",12,Kronprincesse,Hango,DUNDEE,"—14,890 pit props",Order,,,1877,18,8,1877,False,"Kronprincesse @ Hango,—14,890 pit props, Order.",SMALL_MULTI_SPLIT,True,Glide
"9. 138-142 - August 18 1877 - Imports of Timber, &c. - Timber Trades Journal Vol. 5 1877_p005.txt",12,Peter,Bjorneborg,DUNDEE,"—10,040 battens",J,,,1877,18,8,1877,False,"Peter @ Bjorneborg,—10,040 battens, J. Brownlee.",SMALL_MULTI_SPLIT,True,Glide
"9. 138-142 - August 18 1877 - Imports of Timber, &c. - Timber Trades Journal Vol. 5 1877_p005.txt",13,Navigator,Riga,DUNDEE,358 pcs,,,,1877,18,8,1877,False,"Navigator @ Riga, 358 pcs. small timber, 163 pcs. battens, 4 fathoms lathwood, Macpherson & McLaren.",SMALL_MULTI_SPLIT,True,Navigator
"9. 138-142 - August 18 1877 - Imports of Timber, &c. - Timber Trades Journal Vol. 5 1877_p005.txt",13,Gustav,Johannesvik,DUNDEE,"9,649 battens",Macpherson & McLaren,,,1877,18,8,1877,False,"Gustav @ Johannesvik, 9,649 battens, Macpherson & McLaren.",SMALL_MULTI_SPLIT,True,Navigator
"9. 138-142 - August 18 1877 - Imports of Timber, &c. - Timber Trades Journal Vol. 5 1877_p005.txt",13,Ines,Kotka,DUNDEE,"—570,240 staves",A,,,1877,18,8,1877,False,"Ines @ Kotka, —570,240 staves, A. & G. Paterson ; 955 battens, Order.",SMALL_MULTI_SPLIT,True,Navigator
"9. 138-142 - August 18 1877 - Imports of Timber, &c. - Timber Trades Journal Vol. 5 1877_p005.txt",13,Emma,Nyvik,DUNDEE,"—90,700 staves, 786 battens",Order,,,1877,18,8,1877,False,"Emma @ Nyvik,—90,700 staves, 786 battens, Order.",SMALL_MULTI_SPLIT,True,Navigator
"9. 138-142 - August 18 1877 - Imports of Timber, &c. - Timber Trades Journal Vol. 5 1877_p005.txt",19,Aberavon,Riga,DUNDEE,—27,071 pcs,,,1877,18,8,1877,False,"Aberavon @ Riga,—27,071 pcs. lathwood, Order.",SMALL_MULTI_SPLIT,True,Aberavon
"9. 138-142 - August 18 1877 - Imports of Timber, &c. - Timber Trades Journal Vol. 5 1877_p005.txt",19,Sjofna,Mandal,DUNDEE,—180 loads pit props and mining timber,J,,,1877,18,8,1877,False,"Sjofna @ Mandal,—180 loads pit props and mining timber, J. T. Salvesen & Co.",SMALL_MULTI_SPLIT,True,Aberavon
"9. 138-142 - August 18 1877 - Imports of Timber, &c. - Timber Trades Journal Vol. 5 1877_p005.txt",19,Buzar,Gefle,DUNDEE,"—7,886 battens",J,,,1877,18,8,1877,False,"Buzar @ Gefle,—7,886 battens, J. Brownlee.",SMALL_MULTI_SPLIT,True,Aberavon
"9. 138-142 - August 18 1877 - Imports of Timber, &c. - Timber Trades Journal Vol. 5 1877_p005.txt",19,William,Riga,DUNDEE,"—1,211 deals",828 pcs,,,1877,18,8,1877,False,"William @ Riga,—1,211 deals, 828 pcs. timber, 2 fathoms lathwood, J. Potter & Co.",SMALL_MULTI_SPLIT,True,Aberavon
"9. 138-142 - August 18 1877 - Imports of Timber, &c. - Timber Trades Journal Vol. 5 1877_p005.txt",23,Franzisca,Bjorneborg,DUNDEE,"—7,470 battens",Order,,,1877,18,8,1877,False,"Franzisca @ Bjorneborg,—7,470 battens, Order.",SMALL_MULTI_SPLIT,True,Franzisca
"9. 138-142 - August 18 1877 - Imports of Timber, &c. - Timber Trades Journal Vol. 5 1877_p005.txt",23,Postulant,Hernosand,DUNDEE,"—7,069 battens",Order,,,1877,18,8,1877,False,"Postulant @ Hernosand,—7,069 battens, Order.",SMALL_MULTI_SPLIT,True,Franzisca
"9. 138-142 - August 18 1877 - Imports of Timber, &c. - Timber Trades Journal Vol. 5 1877_p005.txt",23,Hermann,Christi-ania,DUNDEE,"—4,961 pit props",J,,,1877,18,8,1877,False,"Hermann @ Christi-ania,—4,961 pit props, J. & R. Cooper.",SMALL_MULTI_SPLIT,True,Franzisca
"9. 138-142 - August 18 1877 - Imports of Timber, &c. - Timber Trades Journal Vol. 5 1877_p005.txt",23,Uller,Nyvik,DUNDEE,"—6,652 battens",Order,,,1877,18,8,1877,False,"Uller @ Nyvik,—6,652 battens, Order.",SMALL_MULTI_SPLIT,True,Franzisca
"9. 138-142 - August 18 1877 - Imports of Timber, &c. - Timber Trades Journal Vol. 5 1877_p005.txt",23,Harmonien,Sundswall,DUNDEE,"—9,078 battens",Order,,,1877,18,8,1877,False,"Harmonien @ Sundswall,—9,078 battens, Order.",SMALL_MULTI_SPLIT,True,Franzisca
"9. 138-142 - August 18 1877 - Imports of Timber, &c. - Timber Trades Journal Vol. 5 1877_p005.txt",23,Neptunus,Nyvik,DUNDEE,"—10,449 battens",Order,,,1877,18,8,1877,False,"Neptunus @ Nyvik,—10,449 battens, Order.",SMALL_MULTI_SPLIT,True,Franzisca
"9. 138-142 - August 18 1877 - Imports of Timber, &c. - Timber Trades Journal Vol. 5 1877_p005.txt",29,Robert and Paul,Riga,BO'NESS,"3,589 sleepers",Order,,,1877,18,8,1877,False,"Robert and Paul @ Riga, 3,589 sleepers, Order.",SMALL_MULTI_SPLIT,True,Robert and Paul
"9. 138-142 - August 18 1877 - Imports of Timber, &c. - Timber Trades Journal Vol. 5 1877_p005.txt",29,Copernicus,Christiansand,BO'NESS,"—3,588 props",Gulstad & Co,,,1877,18,8,1877,False,"Copernicus @ Christiansand,—3,588 props, Gulstad & Co.",SMALL_MULTI_SPLIT,True,Robert and Paul
"9. 138-142 - August 18 1877 - Imports of Timber, &c. - Timber Trades Journal Vol. 5 1877_p005.txt",29,Emanuel,Christiansand,BO'NESS,"—5,109 props",Gulstad & Co,,,1877,18,8,1877,False,"Emanuel @ Christiansand,—5,109 props, Gulstad & Co.",SMALL_MULTI_SPLIT,True,Robert and Paul
"9. 138-142 - August 18 1877 - Imports of Timber, &c. - Timber Trades Journal Vol. 5 1877_p005.txt",29,Marie,Tonsberg,BO'NESS,"—5,706 props",Denholm & Co,,,1877,18,8,1877,False,"Marie @ Tonsberg,—5,706 props, Denholm & Co.",SMALL_MULTI_SPLIT,True,Robert and Paul
"9. 138-142 - August 18 1877 - Imports of Timber, &c. - Timber Trades Journal Vol. 5 1877_p005.txt",43,Trityac,Sandefiord,BO'NESS,"—8,349 props",Madsen & Borck,,,1877,18,8,1877,False,"Trityac @ Sandefiord,—8,349 props, Madsen & Borck.",SMALL_MULTI_SPLIT,True,Trityac
"9. 138-142 - August 18 1877 - Imports of Timber, &c. - Timber Trades Journal Vol. 5 1877_p005.txt",43,Alfida,Kopmanholman,BO'NESS,"—7,082 deals, 143 pieces timber, Mitchell, Thomson",& Co,,,1877,18,8,1877,False,"Alfida @ Kopmanholman,—7,082 deals, 143 pieces timber, Mitchell, Thomson, & Co.",SMALL_MULTI_SPLIT,True,Trityac
"9. 138-142 - August 18 1877 - Imports of Timber, &c. - Timber Trades Journal Vol. 5 1877_p005.txt",43,Aslagrange,Riga,BO'NESS,"—4,800 sleepers",74 fms,,,1877,18,8,1877,False,"Aslagrange @ Riga,—4,800 sleepers, 74 fms. lath-wood, Order.",SMALL_MULTI_SPLIT,True,Trityac
"9. 138-142 - August 18 1877 - Imports of Timber, &c. - Timber Trades Journal Vol. 5 1877_p005.txt",43,Asia,Riga,BO'NESS,"—21,260 sleepers",Order,,,1877,18,8,1877,False,"Asia @ Riga,—21,260 sleepers, Order.",SMALL_MULTI_SPLIT,True,Trityac
"9. 138-142 - August 18 1877 - Imports of Timber, &c. - Timber Trades Journal Vol. 5 1877_p005.txt",44,Marie,Wyborg,BO'NESS,"—16,577 battens, Mitchell, Thom-son",& Co,,,1877,18,8,1877,False,"Marie @ Wyborg,—16,577 battens, Mitchell, Thom-son, & Co.",SMALL_MULTI_SPLIT,True,Marie
"9. 138-142 - August 18 1877 - Imports of Timber, &c. - Timber Trades Journal Vol. 5 1877_p005.txt",44,Emilie,Sundswall,BO'NESS,"—10,616 battens, Mitchell",Thomson & Co,,,1877,18,8,1877,False,"Emilie @ Sundswall,—10,616 battens, Mitchell, Thomson & Co.",SMALL_MULTI_SPLIT,True,Marie
"9. 138-142 - August 18 1877 - Imports of Timber, &c. - Timber Trades Journal Vol. 5 1877_p005.txt",44,Ingeborg,Gothenburg,BO'NESS,"—168 packages pulp, 62 loads props",Order,,,1877,18,8,1877,False,"Ingeborg @ Gothenburg,—168 packages pulp, 62 loads props, Order.",SMALL_MULTI_SPLIT,True,Marie
"9. 138-142 - August 18 1877 - Imports of Timber, &c. - Timber Trades Journal Vol. 5 1877_p005.txt",44,Malvina,Aasgaardtrurd,BO'NESS,"—4,996 props",Madsen & Borck,,,1877,18,8,1877,False,"Malvina @ Aasgaardtrurd,—4,996 props, Madsen & Borck.",SMALL_MULTI_SPLIT,True,Marie
"9. p. 131-134 - August 22 1874 - Imports of Timber, &c. - Timber Trades Journal Vol. 2 1875_p003.txt",14,Aurora,Helsingfors,BRISTOL,—7,688 pcs,,,1874,22,8,1874,False,"Aurora @ Helsingfors,—7,688 pcs. deals and battens, Order.",SMALL_MULTI_SPLIT,True,Aurora
"9. p. 131-134 - August 22 1874 - Imports of Timber, &c. - Timber Trades Journal Vol. 2 1875_p003.txt",14,Electra,Soderhamn,BRISTOL,—13,660 pcs,,,1874,22,8,1874,False,"Electra @ Soderhamn,—13,660 pcs. deal and boards, Order.",SMALL_MULTI_SPLIT,True,Aurora
"9. p. 131-134 - August 22 1874 - Imports of Timber, &c. - Timber Trades Journal Vol. 2 1875_p003.txt",14,Rudolph,Gefle,BRISTOL,—15,392 pcs,,,1874,22,8,1874,False,"Rudolph @ Gefle,—15,392 pcs. deals and boards, G. N. Wilson.",SMALL_MULTI_SPLIT,True,Aurora
"9. p. 131-134 - August 22 1874 - Imports of Timber, &c. - Timber Trades Journal Vol. 2 1875_p003.txt",14,Kinson,Riga,BRISTOL,—full cargo of sleepers,R,,,1874,22,8,1874,True,"Kinson (s) @ Riga,—full cargo of sleepers, R. Wade, Sons, & Co.",SMALL_MULTI_SPLIT,True,Aurora
"9. p. 131-134 - August 22 1874 - Imports of Timber, &c. - Timber Trades Journal Vol. 2 1875_p003.txt",24,May & Hassell Alpha,Dantzic,BRISTOL,—1,800 pcs,,,1874,22,8,1874,False,"May & Hassell Alpha @ Dantzic,—1,800 pcs. square sleepers, 50 pcs. elm, 80 pcs. birch, 234 pcs. white pine, 2,358 pcs. deal ends, 1,572 pcs. pipe staves, Order.",SMALL_MULTI_SPLIT,True,May & Hassell Alpha
"9. p. 131-134 - August 22 1874 - Imports of Timber, &c. - Timber Trades Journal Vol. 2 1875_p003.txt",24,Agnes,Quebec,BRISTOL,—163 pcs,,,,1874,22,8,1874,False,"Agnes @ Quebec,—163 pcs. deals and boards, R. Wade, Sons, & Co.",SMALL_MULTI_SPLIT,True,May & Hassell Alpha
"9. p. 131-134 - August 22 1874 - Imports of Timber, &c. - Timber Trades Journal Vol. 2 1875_p003.txt",39,Mimi,Sandefiord,BRISTOL,"3,912 battens",W,,,1874,22,8,1874,False,"Mimi @ Sandefiord, 3,912 battens, W. Stewart & Co.",SMALL_MULTI_SPLIT,True,Mimi
"9. p. 131-134 - August 22 1874 - Imports of Timber, &c. - Timber Trades Journal Vol. 2 1875_p003.txt",39,Wilhelmina,Dram,BRISTOL,9,072 battens,,,1874,22,8,1874,False,"Wilhelmina @ Dram, 9,072 battens. Mitchell, Somerville & Co. St.",SMALL_MULTI_SPLIT,True,Mimi
"9. p. 131-134 - August 22 1874 - Imports of Timber, &c. - Timber Trades Journal Vol. 2 1875_p003.txt",39,Clair,Riga,BRISTOL,2,798 battens,,,1874,22,8,1874,False,"Clair @ Riga, 2,798 battens.",SMALL_MULTI_SPLIT,True,Mimi
"9. p. 131-134 - August 22 1874 - Imports of Timber, &c. - Timber Trades Journal Vol. 2 1875_p003.txt",39,Charlie,Dram,BRISTOL,"4,209 battens, Mitchell",Somerville & Co,,,1874,22,8,1874,False,"Charlie @ Dram, 4,209 battens, Mitchell, Somerville & Co.",SMALL_MULTI_SPLIT,True,Mimi
"9. p. 131-134 - August 22 1874 - Imports of Timber, &c. - Timber Trades Journal Vol. 2 1875_p004.txt",29,Venus,Orkedalsoren,GREENOCK,"—2,769 battens, 1 1/2 fathoms firewood",J,,,1874,22,8,1874,False,"Venus @ Orkedalsoren,—2,769 battens, 1 1/2 fathoms firewood, J. T. Salvesen & Co.",SMALL_MULTI_SPLIT,True,Venus
"9. p. 131-134 - August 22 1874 - Imports of Timber, &c. - Timber Trades Journal Vol. 2 1875_p004.txt",29,Excelsior,Cronstadt,GREENOCK,"—6,811 deals and battens",600 pcs,,,1874,22,8,1874,False,"Excelsior @ Cronstadt,—6,811 deals and battens, 600 pcs. lathwood, Order.",SMALL_MULTI_SPLIT,True,Venus
"9. p. 131-134 - August 22 1874 - Imports of Timber, &c. - Timber Trades Journal Vol. 2 1875_p004.txt",29,Skulda,Nedercalix,GREENOCK,"9,584 deals and battens",A,,,1874,22,8,1874,False,"Skulda @ Nedercalix, 9,584 deals and battens, A. Thomson & Nephews.",SMALL_MULTI_SPLIT,True,Venus
"9. p. 131-134 - August 22 1874 - Imports of Timber, &c. - Timber Trades Journal Vol. 2 1875_p004.txt",36,Despatch,Archangel,DUNDEE,—100 pcs,,,,1874,22,8,1874,False,"Despatch @ Archangel,—100 pcs. oars, 160 pcs. boards, 100 rickers, J. Mitchell.",SMALL_MULTI_SPLIT,True,Despatch
"9. p. 131-134 - August 22 1874 - Imports of Timber, &c. - Timber Trades Journal Vol. 2 1875_p004.txt",36,Solvan,Sundswall,DUNDEE,—1,729 pcs,,,1874,22,8,1874,False,"Solvan @ Sundswall,—1,729 pcs. timber, 1,740 pcs. deals, George Jessiman.",SMALL_MULTI_SPLIT,True,Despatch
"9. p. 131-134 - August 22 1874 - Imports of Timber, &c. - Timber Trades Journal Vol. 2 1875_p004.txt",36,Charlotte Stringer,Cronstadt,DUNDEE,"—9,652 battens",581 lds,,,1874,22,8,1874,False,"Charlotte Stringer @ Cronstadt,—9,652 battens, 581 lds. sawn fir, Order.",SMALL_MULTI_SPLIT,True,Despatch
"9. p. 131-134 - August 22 1874 - Imports of Timber, &c. - Timber Trades Journal Vol. 2 1875_p004.txt",38,Thooder Parker,Sundswall,DUNDEE,—1,056 pcs,,,1874,22,8,1874,False,"Thooder Parker @ Sundswall,—1,056 pcs. timber, 3,426 battens, Quosbarth & Co.",SMALL_MULTI_SPLIT,True,Thooder Parker
"9. p. 131-134 - August 22 1874 - Imports of Timber, &c. - Timber Trades Journal Vol. 2 1875_p004.txt",38,Expert,Riga,DUNDEE,—245 pcs,,,,1874,22,8,1874,False,"Expert @ Riga,—245 pcs. fir, 351 deals, 20 loads laths, H. Gibson.",SMALL_MULTI_SPLIT,True,Thooder Parker
"9. p. 131-134 - August 22 1874 - Imports of Timber, &c. - Timber Trades Journal Vol. 2 1875_p004.txt",38,Alecta,Skelleftea,DUNDEE,—3,104 pcs,,,1874,22,8,1874,False,"Alecta @ Skelleftea,—3,104 pcs. timber, 1,454 battens, G. Jessiman.",SMALL_MULTI_SPLIT,True,Thooder Parker
"9. p. 137-140 - August 21 1875 - Imports of Timber, &c. - Timber Trades Journal Vol. 3 1875_p001.txt",40,Liberia,Genoa,BO'NESS,"—1,700 walnut planks",Order,,,1875,21,8,1875,False,"Liberia @ Genoa,—1,700 walnut planks, Order.",SMALL_MULTI_SPLIT,True,Liberia
"9. p. 137-140 - August 21 1875 - Imports of Timber, &c. - Timber Trades Journal Vol. 3 1875_p001.txt",40,Gauntlett,Brisbane,BO'NESS,—112 logs cedar,Order,,,1875,21,8,1875,False,"Gauntlett @ Brisbane,—112 logs cedar, Order.",SMALL_MULTI_SPLIT,True,Liberia
"9. p. 137-140 - August 21 1875 - Imports of Timber, &c. - Timber Trades Journal Vol. 3 1875_p001.txt",40,Flora,Minatitlan,BO'NESS,—386 logs mahogany and 40 planks cedar,W,,,1875,21,8,1875,False,"Flora @ Minatitlan,—386 logs mahogany and 40 planks cedar, W. L. Lacheur & Son.",SMALL_MULTI_SPLIT,True,Liberia
"9. p. 137-140 - August 21 1875 - Imports of Timber, &c. - Timber Trades Journal Vol. 3 1875_p001.txt",40,Nicoya,Punta Arenas,BO'NESS,"—40 planks cedar, 103 log ends",Graham & Co,,,1875,21,8,1875,False,"Nicoya @ Punta Arenas,—40 planks cedar, 103 log ends, Graham & Co.",SMALL_MULTI_SPLIT,True,Liberia
"9. p. 137-140 - August 21 1875 - Imports of Timber, &c. - Timber Trades Journal Vol. 3 1875_p001.txt",40,Paquete de la Habana,Cienfuegos,BO'NESS,—992 pcs,,,,1875,21,8,1875,False,"Paquete de la Habana @ Cienfuegos,—992 pcs. mahogany, 128 pcs.",SMALL_MULTI_SPLIT,True,Liberia
"9. p. 137-140 - August 21 1875 - Imports of Timber, &c. - Timber Trades Journal Vol. 3 1875_p002.txt",1,Irrawaddy,Rangoon,BO'NESS,"—3,460 teak blocks",Order,,,1875,21,8,1875,True,"Irrawaddy (s) @ Rangoon,—3,460 teak blocks, Order.",SMALL_MULTI_SPLIT,True,Irrawaddy
"9. p. 137-140 - August 21 1875 - Imports of Timber, &c. - Timber Trades Journal Vol. 3 1875_p002.txt",1,Norden,Quebec,BO'NESS,—36 pcs,,,,1875,21,8,1875,False,"Norden @ Quebec,—36 pcs. elm, 331 pcs. ash, 136 oak logs, 195 oak crooks, Order.",SMALL_MULTI_SPLIT,True,Irrawaddy
"9. p. 137-140 - August 21 1875 - Imports of Timber, &c. - Timber Trades Journal Vol. 3 1875_p002.txt",1,Vestlandet,Tupilco,BO'NESS,"— 1,150 logs mahogany, 50 log ends, 7 crutches",Valcother & Co,,,1875,21,8,1875,False,"Vestlandet @ Tupilco, — 1,150 logs mahogany, 50 log ends, 7 crutches, Valcother & Co.",SMALL_MULTI_SPLIT,True,Irrawaddy
"9. p. 137-140 - August 21 1875 - Imports of Timber, &c. - Timber Trades Journal Vol. 3 1875_p002.txt",12,Quito,Riga,BO'NESS,—86 c,,,,1875,21,8,1875,True,"Quito (s) @ Riga,—86 c. deals, 100 std. deals, 22,480 pcs. lathwood, Wilson.",SMALL_MULTI_SPLIT,True,Quito
"9. p. 137-140 - August 21 1875 - Imports of Timber, &c. - Timber Trades Journal Vol. 3 1875_p002.txt",12,European,Amsterdam,BO'NESS,—400 staves,Ringrose,,,1875,21,8,1875,True,"European (s) @ Amsterdam,—400 staves, Ringrose.",SMALL_MULTI_SPLIT,True,Quito
"9. p. 137-140 - August 21 1875 - Imports of Timber, &c. - Timber Trades Journal Vol. 3 1875_p002.txt",12,Evadne,Cronstadt,BO'NESS,"—600 rickers, 1",204 pcs,,,1875,21,8,1875,True,"Evadne (s) @ Cronstadt,—600 rickers, 1,204 pcs. lathwood, Hornstedt.",SMALL_MULTI_SPLIT,True,Quito
"9. p. 137-140 - August 21 1875 - Imports of Timber, &c. - Timber Trades Journal Vol. 3 1875_p002.txt",15,Maghinld,Christiania,BO'NESS,"—200 spars, 3,912 poles, 301 rickers",Haagensen,,,1875,21,8,1875,False,"Maghinld @ Christiania,—200 spars, 3,912 poles, 301 rickers, Haagensen.",SMALL_MULTI_SPLIT,True,Maghinld
"9. p. 137-140 - August 21 1875 - Imports of Timber, &c. - Timber Trades Journal Vol. 3 1875_p002.txt",15,Dagmar,Archangel,BO'NESS,—57 c,,,,1875,21,8,1875,False,"Dagmar @ Archangel,—57 c. deals, Simony.",SMALL_MULTI_SPLIT,True,Maghinld
"9. p. 137-140 - August 21 1875 - Imports of Timber, &c. - Timber Trades Journal Vol. 3 1875_p002.txt",15,Erato,Riga,BO'NESS,—22,286 pcs,,,1875,21,8,1875,True,"Erato (s) @ Riga,—22,286 pcs. lathwood, 204 lds. deal ends, 129 c. battens, &c., Wilson.",SMALL_MULTI_SPLIT,True,Maghinld
"9. p. 137-140 - August 21 1875 - Imports of Timber, &c. - Timber Trades Journal Vol. 3 1875_p002.txt",16,Rollo,Gothenburg,BO'NESS,—2,847 bdls,,,1875,21,8,1875,True,"Rollo (s) @ Gothenburg,—2,847 bdls. laths, 6,848 pit props, &c., Wilson.",SMALL_MULTI_SPLIT,True,Rollo
"9. p. 137-140 - August 21 1875 - Imports of Timber, &c. - Timber Trades Journal Vol. 3 1875_p002.txt",16,Pan,Darien,BO'NESS,—2 c,,,,1875,21,8,1875,False,"Pan @ Darien,—2 c. deals, 502 pcs. timber, 98 c. deals, &c., Granberg.",SMALL_MULTI_SPLIT,True,Rollo
"9. p. 137-140 - August 21 1875 - Imports of Timber, &c. - Timber Trades Journal Vol. 3 1875_p002.txt",16,Heimo,Kotka,BO'NESS,—212 c,,,,1875,21,8,1875,False,"Heimo @ Kotka,—212 c. deals, &c., Wilson.",SMALL_MULTI_SPLIT,True,Rollo
"9. p. 137-140 - August 21 1875 - Imports of Timber, &c. - Timber Trades Journal Vol. 3 1875_p002.txt",16,Cameo,Pillau,BO'NESS,"—9,303 staves",Clarkson,,,1875,21,8,1875,False,"Cameo @ Pillau,—9,303 staves, Clarkson.",SMALL_MULTI_SPLIT,True,Rollo
"9. p. 137-140 - August 21 1875 - Imports of Timber, &c. - Timber Trades Journal Vol. 3 1875_p002.txt",16,Pacific,Gothenberg,BO'NESS,—74 c,,,,1875,21,8,1875,True,"Pacific (s) @ Gothenberg,—74 c. battens, Wilson.",SMALL_MULTI_SPLIT,True,Rollo
"9. p. 137-140 - August 21 1875 - Imports of Timber, &c. - Timber Trades Journal Vol. 3 1875_p002.txt",20,Cingalee,Archangel,BO'NESS,—280 c,,,,1875,21,8,1875,False,"Cingalee @ Archangel,—280 c. deal ends, Brown.",SMALL_MULTI_SPLIT,True,Cingalee
"9. p. 137-140 - August 21 1875 - Imports of Timber, &c. - Timber Trades Journal Vol. 3 1875_p002.txt",20,Nile,Cronstadt,BO'NESS,"—2,320 rickers",774 pcs,,,1875,21,8,1875,True,"Nile (s) @ Cronstadt,—2,320 rickers, 774 pcs. lathwood, Dunkerley.",SMALL_MULTI_SPLIT,True,Cingalee
"9. p. 137-140 - August 21 1875 - Imports of Timber, &c. - Timber Trades Journal Vol. 3 1875_p002.txt",20,Surrey,Cronstadt,BO'NESS,—1,272 pcs,,,1875,21,8,1875,True,"Surrey (s) @ Cronstadt,—1,272 pcs. lathwood, 6 c. deals, Bailey.",SMALL_MULTI_SPLIT,True,Cingalee
"9. p. 137-140 - August 21 1875 - Imports of Timber, &c. - Timber Trades Journal Vol. 3 1875_p002.txt",20,Gustav,Savannah,BO'NESS,—891 pcs,,,,1875,21,8,1875,False,"Gustav @ Savannah,—891 pcs. timber, 7 pcs. spars, 10 c. deals, Winter.",SMALL_MULTI_SPLIT,True,Cingalee
"9. p. 137-140 - August 21 1875 - Imports of Timber, &c. - Timber Trades Journal Vol. 3 1875_p002.txt",24,Sator,Cronstadt,BRISTOL,"—8,634 deals, 2,132 ends, 205 battens, 32 ends",Jones & Co,,,1875,21,8,1875,False,"Sator @ Cronstadt,—8,634 deals, 2,132 ends, 205 battens, 32 ends, Jones & Co. C. B.",SMALL_MULTI_SPLIT,True,Sator
"9. p. 137-140 - August 21 1875 - Imports of Timber, &c. - Timber Trades Journal Vol. 3 1875_p002.txt",24,Hazeltine,Cronstadt,BRISTOL,"—17,412 deals",&c,,,1875,21,8,1875,False,"Hazeltine @ Cronstadt,—17,412 deals, &c., Jones & Co. A. F.",SMALL_MULTI_SPLIT,True,Sator
"9. p. 137-140 - August 21 1875 - Imports of Timber, &c. - Timber Trades Journal Vol. 3 1875_p002.txt",24,Stoneman,Ljusne,BRISTOL,"—19,594 deals, Soderhamn,—14,503 deals",&c,,,1875,21,8,1875,False,"Stoneman @ Ljusne,—19,594 deals, Soderhamn,—14,503 deals, &c., Areskog.",SMALL_MULTI_SPLIT,True,Sator
"9. p. 137-140 - August 21 1875 - Imports of Timber, &c. - Timber Trades Journal Vol. 3 1875_p002.txt",24,Echo,Helsingfors,BRISTOL,"—9,519 deals",&c,,,1875,21,8,1875,False,"Echo @ Helsingfors,—9,519 deals, &c., Jones & Co.",SMALL_MULTI_SPLIT,True,Sator
"9. p. 137-140 - August 21 1875 - Imports of Timber, &c. - Timber Trades Journal Vol. 3 1875_p003.txt",12,Aero,Skutskar,BRISTOL,"—18,828 deals",&c,,,1875,21,8,1875,False,"Aero @ Skutskar,—18,828 deals, &c., J. Rhodes & Co.",SMALL_MULTI_SPLIT,True,Aero
"9. p. 137-140 - August 21 1875 - Imports of Timber, &c. - Timber Trades Journal Vol. 3 1875_p003.txt",12,Tiber,Nyhamn,BRISTOL,"—17,895 deals",&c,,,1875,21,8,1875,False,"Tiber @ Nyhamn,—17,895 deals, &c., Harrison & Singleton.",SMALL_MULTI_SPLIT,True,Aero
"9. p. 137-140 - August 21 1875 - Imports of Timber, &c. - Timber Trades Journal Vol. 3 1875_p003.txt",12,Smales,Kotka,BRISTOL,"—7,439 deals and boards",J,,,1875,21,8,1875,False,"Smales @ Kotka,—7,439 deals and boards, J. Rhodes & Co.",SMALL_MULTI_SPLIT,True,Aero
"9. p. 137-140 - August 21 1875 - Imports of Timber, &c. - Timber Trades Journal Vol. 3 1875_p003.txt",12,Clara,Stettin,BRISTOL,—222 pcs,,,,1875,21,8,1875,False,"Clara @ Stettin,—222 pcs. oak timber, 66 pcs. fir timber, Order.",SMALL_MULTI_SPLIT,True,Aero
"9. p. 137-140 - August 21 1875 - Imports of Timber, &c. - Timber Trades Journal Vol. 3 1875_p003.txt",12,Caroline,Wyborg,BRISTOL,"—3,408 deals",&c,,,1875,21,8,1875,False,"Caroline @ Wyborg,—3,408 deals, &c., J. Rhodes & Co.",SMALL_MULTI_SPLIT,True,Aero
"9. p. 137-140 - August 21 1875 - Imports of Timber, &c. - Timber Trades Journal Vol. 3 1875_p003.txt",24,Marie,Sandefiord,BRISTOL,"—5,422 props, Kennedy, Bennet",& Co,,,1875,21,8,1875,False,"Marie @ Sandefiord,—5,422 props, Kennedy, Bennet, & Co.",SMALL_MULTI_SPLIT,True,Marie
"9. p. 137-140 - August 21 1875 - Imports of Timber, &c. - Timber Trades Journal Vol. 3 1875_p003.txt",24,Runeberg,Helsingfors,BRISTOL,"—7,051 deals, 6,320 boards",J,,,1875,21,8,1875,False,"Runeberg @ Helsingfors,—7,051 deals, 6,320 boards, J. T. Salvesen & Co.",SMALL_MULTI_SPLIT,True,Marie
"9. p. 137-140 - August 21 1875 - Imports of Timber, &c. - Timber Trades Journal Vol. 3 1875_p003.txt",24,Mercur,Christiania,BRISTOL,"—9,118 props",J,,,1875,21,8,1875,False,"Mercur @ Christiania,—9,118 props, J. T. Salvesen & Co.",SMALL_MULTI_SPLIT,True,Marie
"9. p. 137-140 - August 21 1875 - Imports of Timber, &c. - Timber Trades Journal Vol. 3 1875_p003.txt",24,Forening,Wifstawarf,BRISTOL,—656 pcs,,,,1875,21,8,1875,False,"Forening @ Wifstawarf,—656 pcs. square timber, 1,905 battens, Williamson Brothers.",SMALL_MULTI_SPLIT,True,Marie
"9. p. 137-140 - August 21 1875 - Imports of Timber, &c. - Timber Trades Journal Vol. 3 1875_p003.txt",58,Rosendale,Gothenburg,BO'NESS,"—9,000 props",Denholm & Co,,,1875,21,8,1875,False,"Rosendale @ Gothenburg,—9,000 props, Denholm & Co.",SMALL_MULTI_SPLIT,True,Rosendale
"9. p. 137-140 - August 21 1875 - Imports of Timber, &c. - Timber Trades Journal Vol. 3 1875_p003.txt",58,Pegasu,Riga,BO'NESS,"—3,361 deals",Gulstad & Co,,,1875,21,8,1875,False,"Pegasu @ Riga,—3,361 deals, Gulstad & Co.",SMALL_MULTI_SPLIT,True,Rosendale
"9. p. 137-140 - August 21 1875 - Imports of Timber, &c. - Timber Trades Journal Vol. 3 1875_p003.txt",58,Margaretha,Riga,BO'NESS,"—2,848 round sleepers",Calder & Co,,,1875,21,8,1875,False,"Margaretha @ Riga,—2,848 round sleepers, Calder & Co.",SMALL_MULTI_SPLIT,True,Rosendale
"9. p. 137-140 - August 21 1875 - Imports of Timber, &c. - Timber Trades Journal Vol. 3 1875_p003.txt",58,Doris,Riga,BO'NESS,"—3,074 round sleepers",Denholm & Co,,,1875,21,8,1875,False,"Doris @ Riga,—3,074 round sleepers, Denholm & Co.",SMALL_MULTI_SPLIT,True,Rosendale
