source_file,line_number,ship_name,origin_port,destination_port,cargo,merchant,arrival_day,arrival_month,arrival_year,publication_day,publication_month,publication_year,is_steamship,raw_line
18890112p.34.txt,8,Mod,Drammen,BRISTOL,"59,580 planed boards",Taylor & Low Bros.,3,1,1889,12,1,1889,False,"Jan. 3 Mod-Drammen-59,580 planed boards-Taylor & Low Bros."
18890112p.34.txt,12,Reaper,Drammen,CASTLETOWN,"10,073 flooring boards",Coole & Qualtrough,4,1,1889,12,1,1889,False,"Jan. 4 Reaper-Drammen-10,073 flooring boards-Coole & Qualtrough"
18890112p.34.txt,14,Dordogne,Bordeaux,CARDIFF,800 lds. pitwood,"Watts Ward, & Co.",1,1,1889,12,1,1889,False,"Jan. 1 Dordogne-Bordeaux-800 lds. pitwood-Watts Ward, & Co."
18890112p.34.txt,16,Roxburgh,Bordeaux,CARDIFF,800 lds. pitwood,Watts,2,1,1889,12,1,1889,False,2 Roxburgh-Bordeaux-800 lds. pitwood-Watts
18890112p.34.txt,17,Helsinger,Bordeaux,CARDIFF,938 lds. pitwood,Simkin Bros.,3,1,1889,12,1,1889,False,3 Helsinger -Bordeaux-938 lds. pitwood-Simkin Bros.
18890112p.34.txt,20,Valin,Bayonne,CARDIFF,800 lds. pitwood,Watts,5,1,1889,12,1,1889,False,5 Valin-Bayonne-800 lds. pitwood-Watts
18890112p.34.txt,22,Whitehall,Bordeaux,CARDIFF,750 lds. pitwood,"Watts, Ward, & Co.",7,1,1889,12,1,1889,True,"7 Whitehall -Bordeaux-750 lds. pitwood-Watts, Ward, & Co."
18890112p.34.txt,26,Star of Hope,Sandarne,COLCHESTER,24 lds. firewood,Robert Aldons,2,1,1889,12,1,1889,False,Jan. 2 Star of Hope-Sandarne-24 lds. firewood-Robert Aldons
18890112p.34.txt,28,Willem,Harlingen,FAVERSHAM,"9,243 deals and battens",Whitstable Shipping Co.,2,1,1889,12,1,1889,False,"Jan. 2 Willem-Harlingen-9,243 deals and battens-Whitstable Shipping Co."
18890112p.34.txt,30,Eutella,"Chatham, N.B.",GLOUCESTER,"30,078 deals",Barkworth & Spaldin,2,1,1889,12,1,1889,False,"Jan. 2 Eutella-Chatham, N.B.-30,078 deals-Barkworth & Spaldin"
18890112p.34.txt,31,Libertas,Riga,GLOUCESTER,"26,766 laths",Price & Co.,7,1,1889,12,1,1889,False,"7 Libertas-Riga-26,766 laths-Price & Co."
18890112p.34.txt,33,F. W. Jabens,Danzig,GRIMSBY,"750 pcs, oak, 60 sleepers",S. Ellis,3,1,1889,12,1,1889,False,"Jan. 3 F. W. Jabens-Danzig-750 pcs, oak, 60 sleepers-S. Ellis"
18890112p.34.txt,34,Hevelius,Danzig,GRIMSBY,"6 pcs. hewn fir, 704 pcs. hewn oak",W. Hitzen,4,1,1889,12,1,1889,False,"4 Hevelius-Danzig-6 pcs. hewn fir, 704 pcs. hewn oak-W. Hitzen"
18890112p.34.txt,37,Anton,Riga,HARTLEPOOL (WEST),"990 fir sleepers, 2,889 pcs. sawn fir",Lauder & Co.,2,1,1889,12,1,1889,False,"Jan. 2 Anton-Riga-990 fir sleepers, 2,889 pcs. sawn fir-Lauder & Co."
18890112p.34.txt,39,Sinloo,Memel,HARTLEPOOL (WEST),"145,413 oak staves",Pickford,3,1,1889,12,1,1889,False,"3 Sinloo-Memel-145,413 oak staves-Pickford"
18890112p.34.txt,42,Charlaw,Riga,HARTLEPOOL (WEST),"67,414 deals and boards",May & Hassell,4,1,1889,12,1,1889,True,"4 Charlaw -Riga-67,414 deals and boards-May & Hassell"
18890112p.34.txt,44,Gipsy Queen,Gothenburg,HARTLEPOOL (WEST),"8,911 props, 13,228 fir battens",T. Barraclough,7,1,1889,12,1,1889,True,"7 Gipsy Queen -Gothenburg-8,911 props, 13,228 fir battens-T. Barraclough"
18890112p.34.txt,47,Sappho,Riga,HULL,"37 fms. firewood, 14,181 deals",Order,3,1,1889,12,1,1889,True,"Jan. 3 Sappho -Riga-37 fms. firewood, 14,181 deals-Order"
18890112p.34.txt,51,Flamingo,Hamburg,HULL,121 pcs. wood,Wilson,7,1,1889,12,1,1889,True,7 Flamingo-Hamburg-121 pcs. wood-Wilson
18890112p.34.txt,52,Seagull,Rotterdam,HULL,800 pkgs. hoops,Order,8,1,1889,12,1,1889,True,8 Seagull -Rotterdam-800 pkgs. hoops-Order
18890112p.34.txt,55,Orlando,Gothenburg,HULL,"1,289 props",Smith,9,1,1889,12,1,1889,True,"9 Orlando -Gothenburg-1,289 props-Smith"
18890112p.34.txt,61,Istrian,Boston,LIVERPOOL,"600 bt. and 4,800 new staves",Hattley Hay,4,1,1889,12,1,1889,True,"Jan. 4 Istrian -Boston-600 bt. and 4,800 new staves-Hattley Hay"
18890112p.34.txt,90,Flown,Danzig,SURREY COMMERCIAL DOCKS,"13,063 oak staves",Churchill & Sim,3,1,1889,12,1,1889,False,"3 Flown-Danzig-13,063 oak staves-Churchill & Sim"
18890112p.34.txt,101,Saxon,Stockholm,MILLWALL DOCKS,"1,360 doors","J. Stewart ; 617 doors, 90 cs. trellis, 1,068 cs. mouldings-J. Smith & Co. ; 2,139 bdls., 217 cs. mouldings, 36 bdls., 1,964 no. doors, 102 bdls. shutter laths-H. Smyth",4,1,1889,12,1,1889,True,"4 Saxon -Stockholm-1,360 doors-J. Stewart ; 617 doors, 90 cs. trellis, 1,068 cs. mouldings-J. Smith & Co. ; 2,139 bdls., 217 cs. mouldings, 36 bdls., 1,964 no. doors, 102 bdls. shutter laths-H. Smyth"
18890112p.34.txt,109,Albatross,Bremen,ST. KATHARINE'S DOCKS,"1,263 beech planks",Order,8,1,1889,12,1,1889,True,"8 Albatross -Bremen-1,263 beech planks-Order"
18890112p.34.txt,111,Gyda,Sundswall,VICTORIA DOCKS,195 fms. firewood,"With, Webster, & Co.",3,1,1889,12,1,1889,False,"3 Gyda-Sundswall-195 fms. firewood-With, Webster, & Co."
18890112p.34.txt,113,Soldier Prince,Riga,BURT'S WHARF,"1,136 sleepers, 5,093 sleeper blocks, 6,000 half",sleepers-Order,9,1,1889,12,1,1889,True,"9 Soldier Prince -Riga-1,136 sleepers, 5,093 sleeper blocks, 6,000 half-sleepers-Order"
18890112p.34.txt,115,Edmund,Carlscrona,GRAYS,"599,382 staves",Order,3,1,1889,12,1,1889,False,"Jan. 3 Edmund-Carlscrona-599,382 staves-Order"
18890112p.34.txt,117,Hermann,Carlscrona,GREENHITHE,"688,383 staves",Order,4,1,1889,12,1,1889,False,"Jan. 4 Hermann-Carlscrona-688,383 staves-Order"
18890112p.34.txt,119,Moss Rose,Oaen,OTHER DOCKS AND WHARVES,90 lds. timber,Order,8,1,1889,12,1,1889,False,Jan. 8 Moss Rose-Oaen-90 lds. timber-Order
18890112p.34.txt,120,Brunette,Danzig,OTHER DOCKS AND WHARVES,"18,440 oak staves",Churchill,9,1,1889,12,1,1889,False,"9 Brunette-Danzig-18,440 oak staves-Churchill"
18890112p.34.txt,122,Louise,Passages,MIDDLESBROUGH,"632 pcs. sawn fir, 411 deals",Owners of Middlesbrough Estate,1,1,1889,12,1,1889,False,"Jan. 1 Louise-Passages-632 pcs. sawn fir, 411 deals-Owners of Middlesbrough Estate"
18890112p.34.txt,124,Finnoid,Christianand,NEWPORT,"193 lds. mining timber, 15 lds. pit props",R. Gething & Co.,3,1,1889,12,1,1889,False,"Jan. 3 Finnoid-Christianand-193 lds. mining timber, 15 lds. pit props-R. Gething & Co."
18890112p.34.txt,125,Tremgang,Grimstad,NEWPORT,"5,322 pcs. mining timber, 15 lds. fir deals, 3 lds. sawn fir",Newport Wood Co.,4,1,1889,12,1,1889,False,"4 Tremgang-Grimstad-5,322 pcs. mining timber, 15 lds. fir deals, 3 lds. sawn fir-Newport Wood Co."
18890112p.34.txt,126,Columbus,Riga,NEWPORT,"9,075 battens and batten ends, 12,602 pcs. lathwood, 405 pcs. hewn fir",Nicholas & Co.,5,1,1889,12,1,1889,False,"5 Columbus-Riga-9,075 battens and batten ends, 12,602 pcs. lathwood, 405 pcs. hewn fir-Nicholas & Co."
18890112p.34.txt,127,Italia,Stettin,NEWPORT,"25 lds. lathwood, 240 lds. hewn fir","G. W. Jones, & Co.",7,1,1889,12,1,1889,False,"7 Italia-Stettin-25 lds. lathwood, 240 lds. hewn fir-G. W. Jones, & Co."
18890112p.34.txt,130,Agnes,Stettin,PLYMOUTH,45 pcs. hewn fir,R. & R. Bayly,1,1,1889,12,1,1889,False,Jan. 1 Agnes-Stettin-45 pcs. hewn fir-R. & R. Bayly
18890112p.34.txt,133,Felix,Archangel,PLYMOUTH,404 lds. sawn fir,Weekes,3,1,1889,12,1,1889,False,3 Felix-Archangel-404 lds. sawn fir-Weekes
18890112p.34.txt,134,Johanna,Danzig,PLYMOUTH,"1,225 pcs. hewn fir",R. & R. Bayly ; 227 pcs. hewn fir-Harris & Co.,4,1,1889,12,1,1889,False,"4 Johanna-Danzig-1,225 pcs. hewn fir-R. & R. Bayly ; 227 pcs. hewn fir-Harris & Co."
18890112p.34.txt,137,Boline Marie,Gefle,PORTSMOUTH,"6,238 deals, battens, and boards",A. Winter & Son,1,1,1889,12,1,1889,False,"Jan. 1 Boline Marie-Gefle-6,238 deals, battens, and boards-A. Winter & Son"
18890112p.34.txt,139,Hill,Dalkarlsa,RAMSEY,"2,150 pcs. hewn fir, 224 fir deals, 4 lds. firewood",Robert Cowley,4,1,1889,12,1,1889,False,"Jan. 4 Hill-Dalkarlsa-2,150 pcs. hewn fir, 224 fir deals, 4 lds. firewood-Robert Cowley"
18890112p.34.txt,142,Sotlomster,Kotka,ROCHESTER,"937,631 fir staves","Burham Brick, Lime, and Cement Co.",5,1,1889,12,1,1889,False,"Jan. 5 Sotlomster-Kotka-937,631 fir staves-Burham Brick, Lime, and Cement Co."
18890112p.34.txt,144,Goethe,Danzig,SOUTHAMPTON,"727 pcs. hewn fir, 411 pcs fir lathwood",Driver,2,1,1889,12,1,1889,False,"Jan. 2 Goethe-Danzig-727 pcs. hewn fir, 411 pcs fir lathwood-Driver"
18890112p.34.txt,146,Trakfuglen,Christiania,SUNDERLAND,"11,635 fir spars, 6,000 fir sleepers",Marquis of Londonderry,1,1,1889,12,1,1889,False,"Jan. 1 Trakfuglen-Christiania-11,635 fir spars, 6,000 fir sleepers-Marquis of Londonderry"
18890112p.34.txt,147,Thyra,Carlskrona,SUNDERLAND,"24,624 birch props, 490 pitchel, Pedersen, & Co.",,2,1,1889,12,1,1889,False,"2 Thyra-Carlskrona-24,624 birch props, 490 pitchel, Pedersen, & Co."
18890112p.34.txt,149,Norley,Nantes,SWANSEA,93 lds. pitwood,W. Bevan & Co.,2,1,1889,12,1,1889,True,Jan. 2 Norley -Nantes-93 lds. pitwood-W. Bevan & Co.
18890112p.34.txt,150,Concordia,Drammen,SWANSEA,"28,439 fir boards, 91 fir spars",Marcus Moxham & Co.,5,1,1889,12,1,1889,False,"5 Concordia-Drammen-28,439 fir boards, 91 fir spars-Marcus Moxham & Co."
18890112p.34.txt,153,Express,Gefle,TYNE,"31,662 deals, battens, and boards",Order,2,1,1889,12,1,1889,False,"Jan. 2 Express-Gefle-31,662 deals, battens, and boards-Order"
18890112p.34.txt,156,Effective,New York,TYNE,"1,043 pcs. oak timber","C. Furness ; 792 handspikes, 31 bdls. oars, 12 bdls. oars, 417 handles-Order",3,1,1889,12,1,1889,True,"3 Effective -New York-1,043 pcs. oak timber-C. Furness ; 792 handspikes, 31 bdls. oars, 12 bdls. oars, 417 handles-Order"
18890112p.34.txt,157,Gwent,Drontheim,TYNE,"17,056 deals, battens, and boards",Order,7,1,1889,12,1,1889,True,"7 Gwent -Drontheim-17,056 deals, battens, and boards-Order"
18890112p.34.txt,162,Ribnitz,Riga,WISBECH,"8,444 deals, battens, and boards, 1,977 pcs. lathwood",Brown & Sons,1,1,1889,12,1,1889,False,"Jan. 1 Ribnitz-Riga-8,444 deals, battens, and boards, 1,977 pcs. lathwood-Brown & Sons"
18890112p.34.txt,165,Aurora,Drammen,BELFAST,"52,067 fir boards",T. Dixon & Sons,1,1,1889,12,1,1889,False,"Jan. 1 Aurora-Drammen-52,067 fir boards-T. Dixon & Sons"
18890112p.34.txt,166,White Head,Riga,BELFAST,"2,690 battens, 337 deals",G. Heyn & Sons,3,1,1889,12,1,1889,False,"3 White Head-Riga-2,690 battens, 337 deals-G. Heyn & Sons"
18890112p.34.txt,168,Black Head,Riga,BELFAST,"9 lds. lathwood, 240 deals",G. Heyn & Sons,4,1,1889,12,1,1889,False,"4 Black Head-Riga-9 lds. lathwood, 240 deals-G. Heyn & Sons"
18890112p.34.txt,170,Ellida,Fredrikstad,DUBLIN,"67,281 flooring boards",Y. & C. Martin,7,1,1889,12,1,1889,False,"Jan. 7 Ellida-Fredrikstad-67,281 flooring boards-Y. & C. Martin"
18890112p.34.txt,172,Black Head,Riga,LONDONDERRY,50 lds. lathwood,G. Heyn & Sons,1,1,1889,12,1,1889,True,Jan. 1 Black Head -Riga-50 lds. lathwood-G. Heyn & Sons
18890112p.34.txt,174,Etta,"St. John, N.B.",WATERFORD,"32,853 deals",Wm. Bariler,3,1,1889,12,1,1889,False,"Jan. 3 Etta-St. John, N.B.-32,853 deals-Wm. Bariler"
18890112p.3_p001.txt,31,Elizabeth,Laurvig,ALLOA,"25,419 props",Love,1,1,1889,12,1,1889,False,"Jan. 1 Elizabeth-Laurvig-25,419 props-Love"
18890112p.3_p001.txt,32,Hermod,Sandefjord,ALLOA,"24,922 props",The Cowdenbeath Coal Co.,2,1,1889,12,1,1889,False,"2 Hermod-Sandefjord-24,922 props-The Cowdenbeath Coal Co."
18890112p.3_p001.txt,34,Martha,Gothenburg,ALLOA,"18,320 props",Love,3,1,1889,12,1,1889,False,"3 Martha-Gothenburg-18,320 props-Love"
18890112p.3_p001.txt,35,Kirstina,Christiania,ALLOA,"7,476 props",Love,5,1,1889,12,1,1889,False,"5 Kirstina-Christiania-7,476 props-Love"
18890112p.3_p001.txt,38,John Emanuel,"Riga 324 pcs. hewn fir, 3,653 deals and battens",AYR,Paton & Sons,,5,1,1889,12,1,1889,False,"Jan. 5 John Emanuel-Riga 324 pcs. hewn fir, 3,653 deals and battens-Paton & Sons"
18890112p.3_p001.txt,41,Dolphin,Kragerroe,BANFF,"690 pcs. hewn fir, 190 battens, 8 spars, 7 lds. firewood",Paterson & Co.,2,1,1889,12,1,1889,False,"Jan. 2 Dolphin-Kragerroe-690 pcs. hewn fir, 190 battens, 8 spars, 7 lds. firewood-Paterson & Co."
18890112p.3_p001.txt,43,Ida,Oscarshamn,BORROWSTOUNNESS,"5,741 props",Love,1,1,1889,12,1,1889,False,"Jan. 1 Ida-Oscarshamn-5,741 props-Love"
18890112p.3_p001.txt,45,Helios,Fredrikshald,BORROWSTOUNNESS,"67,297 props",Love,4,1,1889,12,1,1889,False,"4 Helios-Fredrikshald-67,297 props-Love"
18890112p.3_p001.txt,48,Jasper,Riga,DUNDEE,"1,803 pcs. lathwood",Duncan,4,1,1889,12,1,1889,False,"Jan. 4 Jasper-Riga-1,803 pcs. lathwood-Duncan"
18890112p.3_p001.txt,50,Manitoban,Philadelphia,GLASGOW,"1,800 staves",Order,31,12,1889,12,1,1889,False,"Dec. 31 Manitoban-Philadelphia-1,800 staves-Order"
18890112p.3_p001.txt,53,Furnessia,New York,GLASGOW,139 pcs. oak lumber,Edmiston & Mitchells; 6 cs. bobbins-J. & P. Coats; 254 pcs. oak lumber-J. Kennedy & Co.,2,1,1889,12,1,1889,False,Jan. 2 Furnessia-New York-139 pcs. oak lumber-Edmiston & Mitchells; 6 cs. bobbins-J. & P. Coats; 254 pcs. oak lumber-J. Kennedy & Co.
18890112p.3_p002.txt,4,Balance,Riga,GRANGEMOUTH,"6,866 deals and ends",Order,31,12,1889,12,1,1889,False,"Dec. 31 Balance-Riga-6,866 deals and ends-Order"
18890112p.3_p002.txt,8,Adela C.,Rangoon,GREENOCK,"4,880 pcs. teak timber, 931 teak squares, 401 pkgs. teak timber",Order,5,1,1889,12,1,1889,False,"Jan. 5 Adela C.-Rangoon-4,880 pcs. teak timber, 931 teak squares, 401 pkgs. teak timber-Order"
18890112p.3_p002.txt,11,Persante,Sundswall,LEITH,"13,078 battens and ends","Park, Dobson, & Co.",3,1,1889,12,1,1889,False,"Jan. 3 Persante-Sundswall-13,078 battens and ends-Park, Dobson, & Co."
18890112p.3_p002.txt,12,Julianshaab,Riga,LEITH,393 lds. lathwood,Thorburn & Renwick,4,1,1889,12,1,1889,False,4 Julianshaab-Riga-393 lds. lathwood-Thorburn & Renwick
18890112p.3_p002.txt,16,Argus,Sundswall,LEITH,"4 lds. firewood, 8,826 deals and battens",M. J. Ellingsen,7,1,1889,12,1,1889,False,"7 Argus-Sundswall-4 lds. firewood, 8,826 deals and battens-M. J. Ellingsen"
18890112p.3_p002.txt,19,Starleyhall,Cadiz,LEITH,222 bdls. hoops,Aitken,9,1,1889,12,1,1889,False,9 Starleyhall-Cadiz-222 bdls. hoops-Aitken
18890119p.48_p001.txt,8,Commerzienrath Fowler,Memel,BOSTON,"80,086 pcs. sawn fir",Bennetts & Co.,8,1,1889,19,1,1889,True,"Jan. 8 Commerzienrath Fowler -Memel-80,086 pcs. sawn fir-Bennetts & Co."
18890119p.48_p001.txt,11,Emilie,Riga,BRISTOL,"31,289 pcs. wood",Taylor,10,1,1889,19,1,1889,False,"Jan. 10 Emilie-Riga-31,289 pcs. wood-Taylor"
18890119p.48_p001.txt,18,Leone,Arcachon,CARDIFF,170 lds. pitwood,Order,8,1,1889,19,1,1889,False,Jan. 8 Leone - Arcachon-170 lds. pitwood-Order
18890119p.48_p001.txt,24,Barcan,Bayonne,CARDIFF,"1,100 lds. pitwood",A. Capelle,9,1,1889,19,1,1889,True,"9 Barcan -Bayonne-1,100 lds. pitwood-A. Capelle"
18890119p.48_p001.txt,27,St. Patrick,Bordeaux,CARDIFF,750 lds. pitwood,"Powley, Thomas, & Co.",11,1,1889,19,1,1889,False,"11 St. Patrick-Bordeaux-750 lds. pitwood-Powley, Thomas, & Co."
18890119p.48_p001.txt,28,Toblastum,Bordeaux,CARDIFF,900 lds. pitwood,A. Capelle,14,1,1889,19,1,1889,False,14 Toblastum-Bordeaux-900 lds. pitwood-A. Capelle
18890119p.48_p001.txt,31,Star of Hope,Sandarne,COLCHESTER,42 lds. firewood,Robt. Aldous,8,1,1889,19,1,1889,False,Jan. 8 Star of Hope-Sandarne-42 lds. firewood-Robt. Aldous
18890119p.48_p001.txt,34,Anna,Gefle,DOUGLAS,"31,867 deals, boards, and battens",Timber Co.,7,1,1889,19,1,1889,False,"Jan. 7 Anna-Gefle-31,867 deals, boards, and battens-Timber Co."
18890119p.48_p001.txt,37,Tyne,Stettin,GLOUCESTER,"437 pcs. hewn fir, 300 pcs. oak",Nicks & Co.,8,1,1889,19,1,1889,False,"Jan. 8 Tyne-Stettin-437 pcs. hewn fir, 300 pcs. oak-Nicks & Co."
18890119p.48_p001.txt,38,Lincelles,Stettin,GLOUCESTER,"74 pcs. hewn fir, 912 pcs. hewn oak",T. Adams & Co.,9,1,1889,19,1,1889,False,"9 Lincelles-Stettin-74 pcs. hewn fir, 912 pcs. hewn oak-T. Adams & Co."
18890119p.48_p001.txt,41,River Garry,Danzig,GRIMSBY,"10,000 fir sleepers, 500 pcs. sawn fir",Gabriel & Son,11,1,1889,19,1,1889,True,"Jan. 11 River Garry -Danzig-10,000 fir sleepers, 500 pcs. sawn fir-Gabriel & Son"
18890119p.48_p001.txt,44,Borussia,Danzig,HARTLEPOOL (WEST),"1,890 crossing sleepers, 280 pcs. hewn fir",R. Wade & Co.,8,1,1889,19,1,1889,False,"Jan. 8 Borussia - Danzig-1,890 crossing sleepers, 280 pcs. hewn fir-R. Wade & Co."
18890119p.48_p001.txt,48,Goteborg,Gothenburg,HARTLEPOOL (WEST),"2,020 props","C. Nielsen & Son; 12,630 props-G. Horsley",10,1,1889,19,1,1889,True,"10 Goteborg -Gothenburg-2,020 props-C. Nielsen & Son; 12,630 props-G. Horsley"
18890119p.48_p001.txt,49,Nicoline,Falkenberg,HARTLEPOOL (WEST),"4,258 props",Horsley,11,1,1889,19,1,1889,False,"11 Nicoline-Falkenberg-4,258 props-Horsley"
18890119p.48_p001.txt,50,Formok,Soderhamn,HARTLEPOOL (WEST),"27,157 props",V. Nilsson,14,1,1889,19,1,1889,False,"14 Formok-Soderhamn-27,157 props-V. Nilsson"
18890119p.48_p002.txt,4,Stanley,Christiansand,ROCHESTER,216 lds. firewood,W. & S. Scott,14,1,1889,19,1,1889,False,Jan. 14 Stanley-Christiansand-216 lds. firewood-W. & S. Scott
18890119p.48_p002.txt,7,Chevy Chase,Halmstad,SUNDERLAND,"14,840 fir props","Mitshel, Pedersen, & Co.",8,1,1889,19,1,1889,True,"Jan. 8 Chevy Chase -Halmstad-14,840 fir props-Mitshel, Pedersen, & Co."
18890119p.48_p002.txt,8,Jarl,Laurvig,SUNDERLAND,"21,357 sleepers, 5,188 birch chocks",Rayner & Moller,9,1,1889,19,1,1889,False,"9 Jarl-Laurvig-21,357 sleepers, 5,188 birch chocks-Rayner & Moller"
18890119p.48_p002.txt,9,Pernambuco,Stettin,SUNDERLAND,"137,584 pit props",Rayner & Moller,11,1,1889,19,1,1889,True,"11 Pernambuco -Stettin-137,584 pit props-Rayner & Moller"
18890119p.48_p002.txt,10,Munin,Gothenburg,SUNDERLAND,"70,000 props, 1,150 rails",F..C. Huntley,14,1,1889,19,1,1889,True,"14 Munin -Gothenburg-70,000 props, 1,150 rails-F..C. Huntley"
18890119p.48_p002.txt,14,Marie Victorine,Nantes,SWANSEA,85 lds. pitwood,W. Bevan & Co.,8,1,1889,19,1,1889,False,Jan. 8 Marie Victorine-Nantes-85 lds. pitwood-W. Bevan & Co.
18890119p.48_p002.txt,17,Gracieuse,Pauillac,SWANSEA,103 lds. pitwood,William Davies & Co.,9,1,1889,19,1,1889,False,9 Gracieuse-Pauillac-103 lds. pitwood-William Davies & Co.
18890119p.48_p002.txt,20,Louise Marie,Pouliguen,SWANSEA,105 lds. pitwood,"North's Navigation Co., Limited",14,1,1889,19,1,1889,False,"14 Louise Marie-Pouliguen-105 lds. pitwood-North's Navigation Co., Limited"
18890119p.48_p002.txt,23,Prospero,Christiania,TYNE,100 lds. mining timber,Order; from Laurvig-60 lds. pit props-Order; 70 lds. planed boards-James Scott,8,1,1889,19,1,1889,True,Jan. 8 Prospero -Christiania-100 lds. mining timber-Order; from Laurvig-60 lds. pit props-Order; 70 lds. planed boards-James Scott
18890119p.48_p002.txt,24,Seierskransen,Arendal,TYNE,"996 pcs. mining timber, 8,376 pit props",Order,9,1,1889,19,1,1889,False,"9 Seierskransen-Arendal-996 pcs. mining timber, 8,376 pit props-Order"
18890119p.48_p002.txt,27,Indien,Westervik,TYNE,"28,774 pit props",Order,11,1,1889,19,1,1889,False,"11 Indien-Westervik-28,774 pit props-Order"
18890119p.48_p002.txt,30,Dagmar,Drammen,TYNE,"392,075 staves, 2,431 pcs. floorings",Order,12,1,1889,19,1,1889,False,"12 Dagmar-Drammen-392,075 staves, 2,431 pcs. floorings-Order"
18890119p.48_p002.txt,36,Hild,Christiansand,TYNE,"52,869 battens, 7, 334 crowntrees, 2,300 pit props",Order,14,1,1889,19,1,1889,False,"14 Hild-Christiansand-52,869 battens, 7, 334 crowntrees, 2,300 pit props-Order"
18890119p.48_p002.txt,47,Johann,Laurvig,TYNE,"21,937 crowntrees",Order,15,1,1889,19,1,1889,False,"15 Johann-Laurvig-21,937 crowntrees-Order"
18890119p.48_p002.txt,55,Sophie,Laurvig,BELFAST,"57,570 fir boards, 1,916 deals",J. P. Corry & Co.,7,1,1889,19,1,1889,False,"Jan. 7 Sophie-Laurvig-57,570 fir boards, 1,916 deals-J. P. Corry & Co."
18890119p.48_p002.txt,58,Killia Lass,Drammen,NEWRY,"37,455 flooring boards",W. F. Redmond & Co.,7,1,1889,19,1,1889,False,"Jan. 7 Killia Lass-Drammen-37,455 flooring boards-W. F. Redmond & Co."
18890209p.106_p002.txt,4,Nessmore,Baltimore,"FEBRUARY 9, 1889","122 pcs. walnut, 264 walnut boards, 13 pcs. hickory",Coltart,4,2,1889,9,2,1889,True,"4 Nessmore -Baltimore-122 pcs. walnut, 264 walnut boards, 13 pcs. hickory-Coltart"
18890209p.106_p002.txt,6,City of Chicago,New York,"FEBRUARY 9, 1889","83 lancewood spars B. Hall & Co. ; 633 lancewood spars, 329 pcs. lignum vitæ",Order,5,2,1889,9,2,1889,True,"5 City of Chicago -New York-83 lancewood spars B. Hall & Co. ; 633 lancewood spars, 329 pcs. lignum vitæ-Order"
18890209p.106_p002.txt,7,Hebe,Demerara,"FEBRUARY 9, 1889",338 logs greenheart timber,"Sandbach, Tinne, & Co.",6,2,1889,9,2,1889,True,"6 Hebe -Demerara-338 logs greenheart timber-Sandbach, Tinne, & Co."
18890209p.106_p002.txt,9,Ville de Maranhao,Rio,HAVRE,258 logs rosewood,,31,1,1889,9,2,1889,True,Jan. 31 Ville de Maranhao -Rio-258 logs rosewood
18890209p.106_p002.txt,11,British Queen,Liverpool,HAVRE,"480 pcs. boxwood, 898 pcs. ebony, 203 pcs. lignum",vitæ,4,1,1889,9,2,1889,False,"4 British Queen-Liverpool-480 pcs. boxwood, 898 pcs. ebony, 203 pcs. lignum-vitæ"
18890209p.106_p002.txt,12,Ville de Rosario,Rio Janeiro,HAVRE,84 pcs. rosewood,,5,1,1889,9,2,1889,False,5 Ville de Rosario-Rio Janeiro-84 pcs. rosewood
18890323p.326_p001.txt,7,Ontario,Baltimore,BRISTOL,"1,722 pcs. staves",Order,14,3,1889,23,3,1889,True,"March 14 Ontario -Baltimore-1,722 pcs. staves-Order"
18890323p.326_p001.txt,8,Toronto,"Portland, Maine",BRISTOL,"7,382 pcs. deals",R. R. Dobell & Co.,18,3,1889,23,3,1889,True,"18 Toronto -Portland, Maine-7,382 pcs. deals-R. R. Dobell & Co."
18890323p.326_p001.txt,12,Chatsworth,Bordeaux,CARDIFF,950 lds. pitwood,Simkin Bros.,12,3,1889,23,3,1889,False,March 12 Chatsworth-Bordeaux-950 lds. pitwood-Simkin Bros.
18890323p.326_p001.txt,15,Venio,Corunna,CARDIFF,363 lds. pitwood,Manzanos,13,3,1889,23,3,1889,False,13 Venio-Corunna-363 lds. pitwood-Manzanos
18890323p.326_p001.txt,17,Boucan,Bayonne,CARDIFF,"1,100 lds. pitwood",A. Capelle,14,3,1889,23,3,1889,True,"14 Boucan -Bayonne-1,100 lds. pitwood-A. Capelle"
18890323p.326_p001.txt,18,Pontiac,Bordeaux,CARDIFF,751 lds. pitwood,Simkin,15,3,1889,23,3,1889,False,15 Pontiac-Bordeaux-751 lds. pitwood-Simkin
18890323p.326_p001.txt,20,Minister Achenbach,Bordeaux,CARDIFF,900 lds. pitwood,"Watts, Ward, & Co.",16,3,1889,23,3,1889,True,"16 Minister Achenbach -Bordeaux-900 lds. pitwood-Watts, Ward, & Co."
18890323p.326_p001.txt,21,Marie Francoise,Port Launay,CARDIFF,115 lds. firewood,Order,18,3,1889,23,3,1889,False,18 Marie Francoise-Port Launay-115 lds. firewood-Order
18890323p.326_p001.txt,27,Sirius,Lysekil,GOOLE,"16,016 fir battens",Maude & Sons,13,3,1889,23,3,1889,False,"March 13 Sirius-Lysekil-16,016 fir battens-Maude & Sons"
18890323p.326_p001.txt,30,Sweden,Gothenburg,HARTLEPOOL (WEST),"7,300 poles, 1,650 posts, 8,306 deals and battens, 1,444 bdls. laths",T. Barraclough,12,3,1889,23,3,1889,True,"March 12 Sweden -Gothenburg-7,300 poles, 1,650 posts, 8,306 deals and battens, 1,444 bdls. laths-T. Barraclough"
18890323p.326_p001.txt,31,Triton,Gothenburg,HARTLEPOOL (WEST),"1,341 pcs. hewn fir","C. A. Forslind & Co. ; 950 poles-Pyman, Bell, & Co. ; 11,888 props-G. Pyman & Co. ; 22,578 props-Victor Nilsson & Co. ; 10,827 props-W. D. Coxon ; 144 lds. firewood-G. Horsley & Co. ; 2,000 bdls. lath",13,3,1889,23,3,1889,True,"13 Triton -Gothenburg-1,341 pcs. hewn fir-C. A. Forslind & Co. ; 950 poles-Pyman, Bell, & Co. ; 11,888 props-G. Pyman & Co. ; 22,578 props-Victor Nilsson & Co. ; 10,827 props-W. D. Coxon ; 144 lds. firewood-G. Horsley & Co. ; 2,000 bdls. laths-North-Eastern Railway Co."
18890323p.326_p001.txt,32,Rap,Skien,HARTLEPOOL (WEST),"998 pcs. hewn fir, 691 pcs. props",Order,14,3,1889,23,3,1889,False,"14 Rap-Skien-998 pcs. hewn fir, 691 pcs. props-Order"
18890323p.326_p001.txt,34,Oroma,Newport News,HARTLEPOOL (WEST),335 oak planks,Potts & Redhead,16,3,1889,23,3,1889,True,16 Oroma -Newport News-335 oak planks-Potts & Redhead
18890323p.326_p001.txt,38,Ohio,New York,HARTLEPOOL (WEST),700 hhd. and 200 staves,Hattley Hay,18,3,1889,23,3,1889,True,18 Ohio -New York-700 hhd. and 200 staves-Hattley Hay
18890323p.326_p001.txt,48,Bostonian,Boston,HARTLEPOOL (WEST),"6,159 staves",Hattley Hay; 520 pcs. ash scantling-Order,19,3,1889,23,3,1889,True,"19 Bostonian -Boston-6,159 staves-Hattley Hay; 520 pcs. ash scantling-Order"
18890323p.326_p001.txt,53,Cephalonia,Boston,HARTLEPOOL (WEST),133 bdls. staves,"Crowther Bros. ; 9,000 staves-Drysdale",20,3,1889,23,3,1889,True,"20 Cephalonia -Boston-133 bdls. staves-Crowther Bros. ; 9,000 staves-Drysdale"
18890323p.326_p001.txt,60,Sirius,Christiania,SURREY COMMERCIAL DOCKS,"97,194 boards","Tagart, Beaton, & Co. ; 28,467 boards-With, Webster, & Co. ; 20,056 boards-Order",14,3,1889,23,3,1889,True,"March 14 Sirius -Christiania-97,194 boards-Tagart, Beaton, & Co. ; 28,467 boards-With, Webster, & Co. ; 20,056 boards-Order"
18890323p.326_p001.txt,61,Capella,Laurvig,SURREY COMMERCIAL DOCKS,"7,721 battens, 98,498 planed boards",Simson & Mason,15,3,1889,23,3,1889,True,"15 Capella -Laurvig-7,721 battens, 98,498 planed boards-Simson & Mason"
18890323p.326_p001.txt,64,Ivega,Memel,SURREY COMMERCIAL DOCKS,"20,815 deals, 169 deal ends",Order,18,3,1889,23,3,1889,True,"18 Ivega -Memel-20,815 deals, 169 deal ends-Order"
18890323p.326_p001.txt,67,Bjorn,Skien,THE TIMBER TRADES JOURNAL,40 fms. splitwood,Daus,19,3,1889,23,3,1889,True,19 Bjorn -Skien-40 fms. splitwood-Daus
18890323p.326_p001.txt,71,Bucentaur,Odessa,MILLWALL DOCKS,"6 planks, 3 logs",G. F. Neame & Co.,14,3,1889,23,3,1889,True,"March 14 Bucentaur -Odessa-6 planks, 3 logs-G. F. Neame & Co."
18890323p.326_p001.txt,72,Glenmorven,New York,MILLWALL DOCKS,20 bdls. oars,Order,15,3,1889,23,3,1889,True,15 Glenmorven -New York-20 bdls. oars-Order
18890323p.326_p001.txt,73,Egyptian Monarch,New York,MILLWALL DOCKS,556 pcs. oak,"B. F. Dowdeswell ; 600 bdls. box boards-W. E. Bott & Co. ; 2,907 no. staves-Churchill & Sim ; 1,200 no. staves-Hattley Hay; 2,263 pkgs. lumber-C. Hofferberth; 400 bdls. hoops, 1,442 doors-Order",16,3,1889,23,3,1889,True,"16 Egyptian Monarch -New York-556 pcs. oak-B. F. Dowdeswell ; 600 bdls. box boards-W. E. Bott & Co. ; 2,907 no. staves-Churchill & Sim ; 1,200 no. staves-Hattley Hay; 2,263 pkgs. lumber-C. Hofferberth; 400 bdls. hoops, 1,442 doors-Order"
18890323p.326_p001.txt,77,Germanic,New York,"[MARCH 23, 1889",21 cs. handles,"Cunningham, Shaw, & Co. ; 12 cs. handles-A. Field & Co. ; 6,050 pcs. lumber-White-side, Johrs, & Co. ; 1,600 staves-Hay",15,3,1889,23,3,1889,True,"15 Germanic -New York-21 cs. handles-Cunningham, Shaw, & Co. ; 12 cs. handles-A. Field & Co. ; 6,050 pcs. lumber-White-side, Johrs, & Co. ; 1,600 staves-Hay"
18890323p.326_p001.txt,84,Avance,Drontheim,"[MARCH 23, 1889","4,995 battens",Erichsen,15,3,1889,23,3,1889,False,"15 Avance-Drontheim-4,995 battens-Erichsen"
18890323p.326_p001.txt,87,Resource,Christiansand,"[MARCH 23, 1889","5,650 pcs. round timber, 2,230 props",E. A. Casper & Co.,18,3,1889,23,3,1889,False,"18 Resource-Christiansand-5,650 pcs. round timber, 2,230 props-E. A. Casper & Co."
18890323p.326_p001.txt,91,Marshal Keith  Drontheim,"28,990 boards",HULL,"Brown, Toogood, & Co. ; 2,331 deals","Thornham, Reynoldson, & Co.",14,3,1889,23,3,1889,True,"March 14 Marshal Keith  Drontheim-28,990 boards-Brown, Toogood, & Co. ; 2,331 deals-Thornham, Reynoldson, & Co."
18890323p.326_p001.txt,93,Cameo,Gothenburg,HULL,"9,383 props, 1,691 sleepers","Wilson, Sons, & Co. ; 2,000 props-Haagensen, Watt, & Co. ; 10,450 props-H. Smith & Co. ; 1,000 props-Order",18,3,1889,23,3,1889,True,"18 Cameo -Gothenburg-9,383 props, 1,691 sleepers-Wilson, Sons, & Co. ; 2,000 props-Haagensen, Watt, & Co. ; 10,450 props-H. Smith & Co. ; 1,000 props-Order"
18890323p.326_p001.txt,94,Lepanto,New York,HULL,"7,966 staves","Wilson, Sons, & Co. ; 1,081 pcs. wood-Order",19,3,1889,23,3,1889,True,"19 Lepanto -New York-7,966 staves-Wilson, Sons, & Co. ; 1,081 pcs. wood-Order"
18890323p.326_p001.txt,100,Domino  Drontheim,"2,299 deals",HULL,"Thornham, Reynoldson, & Co.",,20,3,1889,23,3,1889,True,"20 Domino  Drontheim-2,299 deals-Thornham, Reynoldson, & Co."
18890323p.326_p001.txt,103,Gem,Norfolk,LIVERPOOL,"2,400 staves","Farnworth & Jardine ; 1,121 wo. planks-Order",14,3,1889,23,3,1889,True,"March 14 Gem -Norfolk-2,400 staves-Farnworth & Jardine ; 1,121 wo. planks-Order"
18890323p.326_p001.txt,112,Bolivar,Bordeaux,"MARCH 23, 1889",600 lds. pitwood,Carl Johannsen,15,3,1889,23,3,1889,False,15 Bolivar-Bordeaux-600 lds. pitwood-Carl Johannsen
18890323p.326_p001.txt,114,Thomas Coats,Bordeaux,"MARCH 23, 1889",950 lds. pitwood,"Newport (Mon.) Pitwood Co., Lim.",16,3,1889,23,3,1889,False,"16 Thomas Coats-Bordeaux-950 lds. pitwood-Newport (Mon.) Pitwood Co., Lim."
18890323p.326_p001.txt,115,Adour,Bordeaux,"MARCH 23, 1889",750 lds. pitwood,A. Capelle,18,3,1889,23,3,1889,True,18 Adour -Bordeaux-750 lds. pitwood-A. Capelle
18890323p.326_p001.txt,120,Norge,Lulea,PLYMOUTH,1 ld. firewood,Best,15,3,1889,23,3,1889,False,March 15 Norge-Lulea-1 ld. firewood-Best
18890323p.326_p001.txt,123,Vesta,Fredrikshald,POOLE,"34,081 boards, 1,748 battens",J. T. Sydenham & Co.,12,3,1889,23,3,1889,False,"March 12 Vesta-Fredrikshald-34,081 boards, 1,748 battens-J. T. Sydenham & Co."
18890323p.326_p001.txt,126,Lucina,Gothenburg,SHOREHAM,"9,551 deals and battens",Hole & Co.,15,3,1889,23,3,1889,False,"March 15 Lucina-Gothenburg-9,551 deals and battens-Hole & Co."
18890323p.326_p001.txt,129,George Watson,Pensacola,SUNDERLAND,"1,287 pcs. pitch pine, 193 pitch pine deals",Wm. Briggs & Son,12,3,1889,23,3,1889,False,"March 12 George Watson-Pensacola-1,287 pcs. pitch pine, 193 pitch pine deals-Wm. Briggs & Son"
18890323p.326_p001.txt,131,Granmar,Drammen,SUNDERLAND,"30,170 props",Mitshel,18,3,1889,23,3,1889,False,"18 Granmar-Drammen-30,170 props-Mitshel"
18890323p.326_p001.txt,134,Marguerite,Royan,SWANSEA,75 lds. pitwood,Davies & Co.,12,3,1889,23,3,1889,False,March 12 Marguerite-Royan-75 lds. pitwood-Davies & Co.
18890323p.326_p001.txt,137,Abdhalla,Pauillac,SWANSEA,160 lds. pitwood,Grai-gyr Co.,13,3,1889,23,3,1889,False,13 Abdhalla-Pauillac-160 lds. pitwood-Grai-gyr Co.
18890323p.326_p001.txt,140,Fanny,Arcachon,SWANSEA,125 lds. pitwood,Wm. Pauillac-125 lds. pitwood-Wm. Davies & Co.,14,3,1889,23,3,1889,False,14 Fanny-Arcachon-125 lds. pitwood-Wm. Pauillac-125 lds. pitwood-Wm. Davies & Co.
18890323p.326_p001.txt,141,Souverain,Pauillac,SWANSEA,125 lds. pit props,Vivian,15,3,1889,23,3,1889,False,15 Souverain-Pauillac-125 lds. pit props-Vivian
18890323p.326_p001.txt,145,Eduard Michel,Bordeaux,SWANSEA,380 lds. pitwood,Martin Michael,16,3,1889,23,3,1889,False,16 Eduard Michel-Bordeaux-380 lds. pitwood-Martin Michael
18890323p.326_p001.txt,149,Munin,Gothenburg,TYNE,"250 lds. deals, battens, and boards, 130 lds. props, 90 lds. sleepers, 10 lds. mining timber",Order,13,3,1889,23,3,1889,True,"March 13 Munin -Gothenburg-250 lds. deals, battens, and boards, 130 lds. props, 90 lds. sleepers, 10 lds. mining timber-Order"
18890323p.326_p001.txt,151,Ganger Rolf,Drammen,TYNE,70 lds. planed boards,Scott,14,3,1889,23,3,1889,False,14 Ganger Rolf-Drammen-70 lds. planed boards-Scott
18890323p.326_p001.txt,153,Eliza,Laurvig,TYNE,"104,986 props, 14,511 sleepers",Order,15,3,1889,23,3,1889,False,"15 Eliza-Laurvig-104,986 props, 14,511 sleepers-Order"
18890323p.326_p001.txt,157,Theodora,Holmestrand,YARMOUTH,"1,000 boards, 50 lds. firewood",Order,13,3,1889,23,3,1889,False,"March 13 Theodora-Holmestrand-1,000 boards, 50 lds. firewood-Order"
18890323p.326_p001.txt,158,Rose,Holmestrand,YARMOUTH,"1,000 props, 1,000 deals and battens",Order,15,3,1889,23,3,1889,False,"15 Rose-Holmestrand-1,000 props, 1,000 deals and battens-Order"
18890323p.326_p001.txt,162,City of Amsterdam,New York,BELFAST,J. C. Pinkerton,,13,3,1889,23,3,1889,True,March 13 City of Amsterdam -New York-J. C. Pinkerton
18890323p.326_p001.txt,163,Rognbuen,Christiania,BELFAST,"1,000 props, 1,000 sleepers",Order,16,3,1889,23,3,1889,False,"16 Rognbuen-Christiania-1,000 props, 1,000 sleepers-Order"
18890323p.326_p001.txt,165,Grenadier,Rotterdam,BELFAST,"1,000 props",Order,18,3,1889,23,3,1889,True,"18 Grenadier -Rotterdam-1,000 props-Order"
18890323p.326_p001.txt,167,Sylphiden,Christiania,BELFAST,"1,000 props",Order,19,3,1889,23,3,1889,False,"19 Sylphiden-Christiania-1,000 props-Order"
18890323p.326_p002.txt,2,Rognbuen,Christiania,"MARCH 23, 1889","40,714 props, 1,389 sleepers",Order,18,3,1889,23,3,1889,False,"18 Rognbuen-Christiania-40,714 props, 1,389 sleepers-Order"
18890323p.326_p002.txt,3,Pontecorvo,Christiania,"MARCH 23, 1889","54,565 props",Pyman,18,3,1889,23,3,1889,False,"18 Pontecorvo-Christiania-54,565 props-Pyman"
18890323p.326_p002.txt,4,Grenadier,Rotterdam,"MARCH 23, 1889","2,279 bdls. hoops",Order,18,3,1889,23,3,1889,True,"18 Grenadier -Rotterdam-2,279 bdls. hoops-Order"
18890323p.326_p002.txt,5,Oeta,Gothenburg,"MARCH 23, 1889",236 wood doors,Order,18,3,1889,23,3,1889,True,18 Oeta -Gothenburg-236 wood doors-Order
18890323p.326_p002.txt,6,Sylphiden,Christiania,"MARCH 23, 1889","9,549 props",Order,18,3,1889,23,3,1889,False,"18 Sylphiden-Christiania-9,549 props-Order"
18890323p.326_p002.txt,7,Semafor,Porsgrund,"MARCH 23, 1889","1,968 balks, 865 props",Order,19,3,1889,23,3,1889,False,"19 Semafor-Porsgrund-1,968 balks, 865 props-Order"
18890323p.326_p002.txt,10,Theodora,Drammen,YARMOUTH,"19,257 fir boards, 50 lds. firewood",W. Brown & Co.,13,3,1889,23,3,1889,False,"March 13 Theodora - Drammen - 19,257 fir boards, 50 lds. firewood-W. Brown & Co."
18890323p.326_p002.txt,11,Rose,Holmestrand,YARMOUTH,"393,363 fir staves, 1,065 deals and battens",W. Brown & Co.,15,3,1889,23,3,1889,False,"15 Rose-Holmestrand-393,363 fir staves, 1,065 deals and battens-W. Brown & Co."
18890323p.326_p002.txt,15,City of Amsterdam,Rotterdam,BELFAST,"1,400 bdls. hoops",J. C. Pinkerton,13,3,1889,23,3,1889,False,"March 13 City of Amsterdam-Rotterdam-1,400 bdls. hoops-J. C. Pinkerton"
18890323p.326_p002.txt,19,Arcturus,"St. John, N.B.",LONDONDERRY,"20,527 deals and ends",A. Major & Co.,9,3,1889,23,3,1889,False,"March 9 Arcturus-St. John, N.B.-20,527 deals and ends-A. Major & Co."
18890323p.326_p002.txt,22,Belle Star,"St. John, N.B.",SLIGO,"8,919 sawn fir",O'Connor & Cullen,16,3,1889,23,3,1889,False,"March 16 Belle Star-St. John, N.B.-8,919 sawn fir-O'Connor & Cullen"
18890413p.382_p001.txt,9,Fred,Grimstad,BOSTON,246 lds. mining timber,A. Beeby & Son,8,4,1889,13,4,1889,False,April 8 Fred-Grimstad-246 lds. mining timber -A. Beeby & Son
18890413p.382_p001.txt,12,Flora,"Charleston, S.C.",BRISTOL,"2,400 oak staves",W. Butler & Co.,4,4,1889,13,4,1889,False,"April 4 Flora-Charleston, S.C.-2,400 oak staves -W. Butler & Co."
18890413p.382_p001.txt,13,Sylvia,Fredrikstad,BRISTOL,"51,929 flooring boards",Taylor & Low Bros.,8,4,1889,13,4,1889,False,"8 Sylvia-Fredrikstad-51,929 flooring boards-Taylor & Low Bros."
18890413p.382_p001.txt,18,Boucan,Bayonne,CARDIFF,"1,110 lds. pitwood",A. Capelle,2,4,1889,13,4,1889,True,"April 2 Boucan -Bayonne-1,110 lds. pitwood -A. Capelle"
18890413p.382_p001.txt,21,Deux Freres,Brest,CARDIFF,175 lds. pitwood,Budd,3,4,1889,13,4,1889,False,3 Deux Freres-Brest-175 lds. pitwood-Budd
18890413p.382_p001.txt,22,Ouse,Bordeaux,CARDIFF,730 lds. pitwood,Simkin,4,4,1889,13,4,1889,False,4 Ouse-Bordeaux-730 lds. pitwood-Simkin
18890413p.382_p001.txt,24,Louise,Drammen,CARDIFF,"47,929 pcs. sawn fir",Morris & Smith,5,4,1889,13,4,1889,False,"5 Louise-Drammen-47,929 pcs. sawn fir - Morris & Smith"
18890413p.382_p001.txt,25,Flyingdale,Memel,CARDIFF,"20,309 pcs. sawn fir, 14,270 pcs. lathwood",J. Bland & Co.,8,4,1889,13,4,1889,False,"8 Flyingdale-Memel-20,309 pcs. sawn fir, 14,270 pcs. lathwood-J. Bland & Co."
18890413p.382_p001.txt,30,Edward Seymour,"Halifax, N.S.",CARNARVON,"5,091 deals, 78 spruce deal ends",Thomas Parry,4,4,1889,13,4,1889,False,"Apl 4 Edward Seymour-Halifax, N.S.-5,091 deals, 78 spruce deal ends-Thomas Parry"
18890413p.382_p001.txt,33,Hersen,Porsgrund,CHESTER,"4,157 poles and props",R. Grandidge,3,4,1889,13,4,1889,False,"April 3 Hersen-Porsgrund-4,157 poles and props-R. Grandidge"
18890413p.382_p001.txt,36,Fatum,Sundswall,FALMOUTH,"568 pcs. hewn fir, 3,483 battens, 605 fir boards",G. Week & Co.,4,4,1889,13,4,1889,False,"April 4 Fatum-Sundswall-568 pcs. hewn fir, 3,483 battens, 605 fir boards-G. Week & Co."
18890413p.382_p001.txt,39,Gladstone,Pensacola,FLEETWOOD,"195 pcs. hewn fir, 1,163 pcs. sawn fir, 205 fir deals",H. & G. Curwen & Co.,2,4,1889,13,4,1889,False,"April 2 Gladstone-Pensacola-195 pcs. hewn fir, 1,163 pcs. sawn fir, 205 fir deals-H. & G. Curwen & Co."
18890413p.382_p001.txt,42,Machrihanish,San Francisco,GLOUCESTER,"1,050 boards",H. Hodder,2,4,1889,13,4,1889,False,"April 2 Machrihanish-San Francisco-1,050 boards-H. Hodder"
18890413p.382_p001.txt,43,John,Christiania,GLOUCESTER,"3,767 poles",J. Bland & Co.,4,4,1889,13,4,1889,False,"4 John-Christiania-3,767 poles-J. Bland & Co."
18890413p.382_p001.txt,46,Sigrid,Gothenburg,GOOLE,"14,452 battens","Illingworth, Ingham, & Co.",3,4,1889,13,4,1889,False,"April 3 Sigrid-Gothenburg-14,452 battens-Illingworth, Ingham, & Co."
18890413p.382_p001.txt,49,Admiral Tromp,Nyland,GRIMSBY,"30,256 pcs. sawn fir",Bennetts & Co.,4,4,1889,13,4,1889,False,"April 4 Admiral Tromp-Nyland-30,256 pcs. sawn fir-Bennetts & Co."
18890413p.382_p001.txt,50,Vega,Halmstad,GRIMSBY,"29,268 battens, boards, and ends","Hardy, Hewson, & Co.",6,4,1889,13,4,1889,False,"6 Vega-Halmstad-29,268 battens, boards, and ends-Hardy, Hewson, & Co."
18890413p.382_p001.txt,54,Gipsy Queen,Gothenburg,HARTLEPOOL (WEST),"7,284 deals and battens, 5,000 rails, 2,552 sleepers, 2,350 boards, 2,500 props, 94 lds. deals, 6,032 bdls. laths",T. Barraclough,2,4,1889,13,4,1889,True,"April 2 Gipsy Queen -Gothenburg-7,284 deals and battens, 5,000 rails, 2,552 sleepers, 2,350 boards, 2,500 props, 94 lds. deals, 6,032 bdls. laths-T. Barraclough"
18890413p.382_p001.txt,55,Bjornvig,Laurvig,HARTLEPOOL (WEST),"39,955 props",Moller,3,4,1889,13,4,1889,False,"3 Bjornvig-Laurvig-39,955 props-Moller"
18890413p.382_p001.txt,56,Bethel,Tonsberg,HARTLEPOOL (WEST),"12,475 props, 122 pcs. mining timber",Hans Erichsen & Co.,4,4,1889,13,4,1889,False,"4 Bethel-Tonsberg-12,475 props, 122 pcs. mining timber-Hans Erichsen & Co."
18890413p.382_p001.txt,57,Congal,Christiansand,HARTLEPOOL (WEST),"4,073 pcs. round timber, 1,150 props",E. A. Casper & Co.,5,4,1889,13,4,1889,False,"5 Congal-Christiansand-4,073 pcs. round timber, 1,150 props-E. A. Casper & Co."
18890413p.382_p002.txt,4,Damara,St. John,VICTORIA DOCKS,"9,294 deals and battens, 2,329 ends","Churchill & Sim; from Halifax-1,700 cs. splints-Bryant & May; 156 cs. splints-G. Boor & Co.",5,4,1889,13,4,1889,True,"April 5 Damara -St. John-9,294 deals and battens, 2,329 ends-Churchill & Sim; from Halifax-1,700 cs. splints-Bryant & May; 156 cs. splints-G. Boor & Co."
18890413p.382_p002.txt,7,Gannet,Bordeaux,B. & F. S. WHARF,569 bdls. wood,Order,8,4,1889,13,4,1889,True,April 8 Gannet -Bordeaux-569 bdls. wood-Order
18890413p.382_p002.txt,10,Memento,Porsgrund,NORTHFLEET,"14,909 log ends",Order,8,4,1889,13,4,1889,False,"April 8 Memento-Porsgrund-14,909 log ends-Order"
18890413p.382_p002.txt,13,Oliva,Danzig,OTHER DOCKS AND WHARVES,"6,007 staves",Foy,8,4,1889,13,4,1889,True,"April 8 Oliva -Danzig-6,007 staves-Foy"
18890413p.382_p002.txt,15,Intrepide,Landerneau,LLANELLY,120 lds. pit,"wood-Nevill, Druce, & Co.",6,4,1889,13,4,1889,False,"April 6 Intrepide-Landerneau-120 lds. pit-wood-Nevill, Druce, & Co."
18890413p.382_p002.txt,18,Emanuel,Skien,MIDDLESBROUGH,"1,121 pcs. square timber, 1,325 props",W. J. Watson & Co.,5,4,1889,13,4,1889,False,"April 5 Emanuel-Skien-1,121 pcs. square timber, 1,325 props-W. J. Watson & Co."
18890413p.382_p002.txt,19,Sandoan,Arendal,MIDDLESBROUGH,"1,957 pcs. square timber, W. J. Watson & Co.",,8,4,1889,13,4,1889,False,"April 8 Sandoan-Arendal-1,957 pcs. square timber, W. J. Watson & Co."
18890413p.382_p002.txt,22,Scandia,Fredrikstad,NEWHAVEN,"24,983 battens and boards",Parsons Bros.,9,4,1889,13,4,1889,False,"April 9 Scandia-Fredrikstad-24,983 battens and boards-Parsons Bros."
18890413p.382_p002.txt,23,Hjalmar,Fredrikstad,NEWHAVEN,"53,162 boards",The Baltic Saw-mills Co.,9,4,1889,13,4,1889,False,"April 9 Hjalmar-Fredrikstad-53,162 boards-The Baltic Saw-mills Co."
18890413p.382_p002.txt,26,Union,Rochefort,NEWPORT,500 lds. pitwood,Newport Pitwood Co.,9,4,1889,13,4,1889,False,April 9 Union-Rochefort-500 lds. pitwood-Newport Pitwood Co.
18890413p.382_p002.txt,27,Bak,Bordeaux,NEWPORT,700 lds. pitwood,Ebbw Vale Co.,1,4,1889,13,4,1889,True,April 1 Bak -Bordeaux-700 lds. pitwood-Ebbw Vale Co.
18890413p.382_p002.txt,28,Thomas Coats,Bordeaux,NEWPORT,990 lds. pitwood,Newport Pitwood Co.,1,4,1889,13,4,1889,True,April 1 Thomas Coats -Bordeaux-990 lds. pitwood -Newport Pitwood Co.
18890413p.382_p002.txt,29,Paul,Hennebont,NEWPORT,220 lds. pit props,Budd,1,4,1889,13,4,1889,False,April 1 Paul-Hennebont-220 lds. pit props-Budd
18890413p.382_p002.txt,30,Vilar,Bordeaux,NEWPORT,600 lds. pitwood,New-port Pitwood Co.,1,4,1889,13,4,1889,True,April 1 Vilar -Bordeaux-600 lds. pitwood-New-port Pitwood Co.
18890413p.382_p002.txt,31,Scheldt,Bordeaux,NEWPORT,"1,000 lds. pitwood Simkin Bros.",,1,4,1889,13,4,1889,True,"April 1 Scheldt -Bordeaux-1,000 lds. pitwood Simkin Bros."
18890413p.382_p002.txt,32,Ernestine,"Pontaven,",NEWPORT,140 lds. pit props,Budd & Co.,1,4,1889,13,4,1889,False,"April 1 Ernestine-Pontaven,-140 lds. pit props-Budd & Co."
18890413p.382_p002.txt,33,Maurice,Roche Bernard,NEWPORT,197 lds. pitwood Newport Pitwood Co.,,1,4,1889,13,4,1889,False,April 1 Maurice-Roche Bernard-197 lds. pitwood Newport Pitwood Co.
18890413p.382_p002.txt,34,Dom Queen,"Halifax, N.S.",NEWPORT,"6,249 deals and ends",T. B. & S. Batchelor & Co.,1,4,1889,13,4,1889,False,"April 1 Dom Queen-Halifax, N.S.-6,249 deals and ends-T. B. & S. Batchelor & Co."
18890413p.382_p002.txt,35,Mabel,Bordeaux,NEWPORT,"1,250 lds. pitwood",Filleul,1,4,1889,13,4,1889,False,"April 1 Mabel-Bordeaux-1,250 lds. pitwood-Filleul"
18890413p.382_p002.txt,36,Pordenskjold,Bordeaux,NEWPORT,380 lds. pitwood Newport Pitwood Co.,,1,4,1889,13,4,1889,False,April 1 Pordenskjold-Bordeaux-380 lds. pitwood Newport Pitwood Co.
18890413p.382_p002.txt,39,Onn[?],Frey,PENZANCE,Porsgrund,"851 pcs. hewn and 2,180 sawn timber, 209 spars-Thos. Coulson & Co.",10,4,1889,13,4,1889,False,"April 10 Onn[?]-Frey-Porsgrund-851 pcs. hewn and 2,180 sawn timber, 209 spars-Thos. Coulson & Co."
18890413p.382_p002.txt,42,Sirius,Drammen,PLYMOUTH,"31,953 pcs. sawn fir",James Bros. & Co.,9,4,1889,13,4,1889,False,"April 9 Sirius-Drammen-31,953 pcs. sawn fir-James Bros. & Co."
18890413p.382_p002.txt,43,Haabet,Fredriksbald,PLYMOUTH,"58,171 pcs. sawn fir","Pox, Elliott, & Co.",9,4,1889,13,4,1889,False,"April 9 Haabet-Fredriksbald-58,171 pcs. sawn fir-Pox, Elliott, & Co."
18890413p.382_p002.txt,44,Miletus,Drammen,PLYMOUTH,"34,692 pcs. sawn fir",Jewson Bros.,9,4,1889,13,4,1889,False,"April 9 Miletus-Drammen-34,692 pcs. sawn fir-Jewson Bros."
18890413p.382_p002.txt,47,Wavelet,Christiania,PORTSMOUTH,"6,596 spars","Store-keeper, Dockyard",6,4,1889,13,4,1889,False,"April 6 Wavelet-Christiania-6,596 spars-Store-keeper, Dockyard"
18890413p.382_p002.txt,50,Saphir,Christiansand,ROCHESTER,"210 lds. firewood, 18 lds. staves",W. & S. Scott,10,4,1889,13,4,1889,False,"April 10 Saphir-Christiansand-210 lds. firewood, 18 lds. staves-W. & S. Scott"
18890413p.382_p002.txt,51,Emil,Skien,ROCHESTER,"600,200 staves",Formbys Cement Co.,10,4,1889,13,4,1889,False,"April 10 Emil-Skien-600,200 staves-Formbys Cement Co."
18890413p.382_p002.txt,52,Elna,Dordt,ROCHESTER,"6,250 bdls. split noe. wood",B. P. Harris,10,4,1889,13,4,1889,False,"April 10 Elna-Dordt-6,250 bdls. split noe. wood-B. P. Harris"
18890413p.382_p002.txt,55,Concordia,Fredrikshald,SOUTHAMPTON,"24,372 pcs. sawn fir","Dolton, Bournes, & Dolton",6,4,1889,13,4,1889,False,"April 6 Concordia-Fredrikshald-24,372 pcs. sawn fir-Dolton, Bournes, & Dolton"
18890413p.382_p002.txt,56,Emanuel,Fredrikshald,SOUTHAMPTON,"38,161 pcs. sawn fir",Elliott & Sons,6,4,1889,13,4,1889,False,"April 6 Emanuel-Fredrikshald-38,161 pcs. sawn fir-Elliott & Sons"
18890413p.382_p002.txt,59,Anna,Halmstad,SUNDERLAND,"15,034 props",Mitshel,6,4,1889,13,4,1889,False,"April 6 Anna-Halmstad-15,034 props-Mitshel"
18890413p.382_p002.txt,60,Indal,Halmstad,SUNDERLAND,"13,186 pit props",Mitshel,6,4,1889,13,4,1889,False,"April 6 Indal-Halmstad-13,186 pit props-Mitshel"
18890413p.382_p002.txt,61,Ideal,Holmestrand,SUNDERLAND,"38,330 pit props",Wiener,6,4,1889,13,4,1889,False,"April 6 Ideal-Holmestrand-38,330 pit props-Wiener"
18890413p.382_p002.txt,62,Susanne,Mandal,SUNDERLAND,"3,842 props",Wiener & Co.; 106 pcs. mining timber-E. W. Wancke,6,4,1889,13,4,1889,False,"April 6 Susanne-Mandal-3,842 props-Wiener & Co.; 106 pcs. mining timber-E. W. Wancke"
18890413p.382_p002.txt,63,Favorite,Laurvig,SUNDERLAND,"31,108 pit props",Wiener,6,4,1889,13,4,1889,False,"April 6 Favorite-Laurvig-31,108 pit props-Wiener"
18890413p.382_p002.txt,64,Sarpsborg,Holmestrand,SUNDERLAND,"14,860 pit props",Mayer & Moller,6,4,1889,13,4,1889,False,"April 6 Sarpsborg-Holmestrand-14,860 pit props-Mayer & Moller"
18890413p.382_p002.txt,65,Sophia,Halmatad,SUNDERLAND,"17,023 props","Mit-Pedersen, & Co.",8,4,1889,13,4,1889,False,"April 8 Sophia-Halmatad-17,023 props-Mit-Pedersen, & Co."
18890413p.382_p002.txt,66,Hope,Uddevalla,SUNDERLAND,"34,042 pit props",Mayer & Moller,8,4,1889,13,4,1889,False,"April 8 Hope-Uddevalla-34,042 pit props-Mayer & Moller"
18890413p.382_p002.txt,67,Elmar,Moss,SUNDERLAND,"33,466 pit props",Moller,8,4,1889,13,4,1889,False,"April 8 Elmar-Moss-33,466 pit props-Moller"
18890413p.382_p002.txt,68,Vestfold,Halmstad,SUNDERLAND,"13,906 props",Mitshel & Co.,8,4,1889,13,4,1889,False,"April 8 Vestfold-Halmstad-13,906 props-Mitshel & Co."
18890413p.382_p002.txt,69,Vestfold,Drammen,SUNDERLAND,"47,785 pit props",Moller,8,4,1889,13,4,1889,False,"April 8 Vestfold-Drammen-47,785 pit props-Moller"
18890413p.382_p002.txt,70,Vestfold,Drammen,SUNDERLAND,"37,485 pit props",Moller,8,4,1889,13,4,1889,False,"April 8 Vestfold-Drammen-37,485 pit props-Moller"
18890413p.382_p002.txt,71,Adclair,Laurvig,SUNDERLAND,968 pcs. mining tim,"ber, 1,309 pit props-T. Atkinson",8,4,1889,13,4,1889,False,"April 8 Adclair-Laurvig-968 pcs. mining tim-ber, 1,309 pit props-T. Atkinson"
18890413p.382_p002.txt,74,Valla,Bayonne,SWANSEA,850 lds. pitwood,A. Capelle,6,4,1889,13,4,1889,True,April 6 Valla -Bayonne-850 lds. pitwood-A. Capelle
18890413p.382_p002.txt,77,Viking,Gothenburg,TYNE,"160 lds. pit props, 20 lds. birch props",Order,9,4,1889,13,4,1889,True,"April 9 Viking -Gothenburg-160 lds. pit props, 20 lds. birch props-Order"
18890413p.382_p002.txt,78,Gefion,Gothenburg,TYNE,"6,000 sleepers, 10,000 pit props",Order,9,4,1889,13,4,1889,True,"April 9 Gefion -Gothenburg-6,000 sleepers, 10,000 pit props-Order"
18890413p.382_p002.txt,79,Odin,Holmestrand,TYNE,"17,711 pit props",Order,9,4,1889,13,4,1889,False,"April 9 Odin-Holmestrand-17,711 pit props-Order"
18890413p.382_p002.txt,80,Gothenburg,"10,307 deals, battens, and boards",TYNE,Order,,9,4,1889,13,4,1889,False,"April 9 Gothenburg-10,307 deals, battens, and boards-Order"
18890413p.382_p002.txt,81,Holmestrand,"14,366 pit props",TYNE,Order,,9,4,1889,13,4,1889,False,"April 9 Holmestrand - 14,366 pit props-Order"
18890413p.382_p002.txt,85,City of Sparta,"Port Royal, S.C.",BELFAST,"13,159 pcs. sawn pitch pine",H. & J. Martin,8,4,1889,13,4,1889,False,"April 8 City of Sparta-Port Royal, S.C.-13,159 pcs. sawn pitch pine-H. & J. Martin"
18890413p.382_p002.txt,86,Esmeralda,Fredrikshald,BELFAST,"64,404 boards",J. P. Corry & Co.,8,4,1889,13,4,1889,False,"April 8 Esmeralda-Fredrikshald-64,404 boards-J. P. Corry & Co."
18890413p.382_p002.txt,87,City of Hamburg,Rotterdam,BELFAST,"1,300 bdls. hoops",J. C. Pinkerton,8,4,1889,13,4,1889,False,"April 8 City of Hamburg-Rotterdam-1,300 bdls. hoops-J. C. Pinkerton"
18890413p.382_p002.txt,88,Petrus,Drammen,BELFAST,"79,825 pcs. sawn fir",Robb Bros.,8,4,1889,13,4,1889,False,"April 8 Petrus-Drammen-79,825 pcs. sawn fir-Robb Bros."
18890413p.382_p002.txt,93,Litu[?]nia,Memel,BELFAST,"13,568 deals","J. Scott; 1,300 pipe staves-J. Grey",4,4,1889,13,4,1889,True,"4 Litu[?]nia -Memel-13,568 deals-J. Scott; 1,300 pipe staves-J. Grey"
18890413p.382_p002.txt,94,Lief,Risoer,BELFAST,"37,841 props",Ord r,5,4,1889,13,4,1889,False,"5 Lief-Risoer-37,841 props-Ord r"
18890413p.382_p002.txt,100,Plimsoll,Risoer,BELFAST,"1,275 pcs. mining timber, 15,862 props",Order,6,4,1889,13,4,1889,False,"6 Plimsoll-Risoer-1,275 pcs. mining timber, 15,862 props-Order"
18890413p.382_p002.txt,106,Newton,Arendal,BELFAST,"949 pcs. mining timber, 293 props",Order,8,4,1889,13,4,1889,False,"8 Newton-Arendal-949 pcs. mining timber, 293 props-Order"
18890413p.382_p002.txt,137,Tana,Nederkalix,WEYMOUTH,"6,350 deals and bat","tens, 379 pcs. hewn fir-Geo. W. Betts",6,4,1889,13,4,1889,False,"April 6 Tana-Nederkalix-6,350 deals and bat-tens, 379 pcs. hewn fir-Geo. W. Betts"
18890413p.382_p002.txt,138,Gustaf Adolf,Gothenburg,WEYMOUTH,"36,320 battens and boards",Betts & Co.,6,4,1889,13,4,1889,False,"April 6 Gustaf Adolf-Gothenburg-36,320 battens and boards-Betts & Co."
18890413p.382_p002.txt,140,Selma,Gothenburg,YARMOUTH,"5,159 deals and battens",James Porter,8,4,1889,13,4,1889,False,"April 8 Selma-Gothenburg-5,159 deals and battens-James Porter"
18890413p.382_p002.txt,141,Martha,Christiania,YARMOUTH,"30 lds. firewood, 2,199 poles, 1,464 props",W. & J. Brown,8,4,1889,13,4,1889,False,"April 8 Martha-Christiania-30 lds. firewood, 2,199 poles, 1,464 props-W. & J. Brown"
18890413p.382_p002.txt,142,City of Sparta,"Port Royal, S.C.",YARMOUTH,"13,159 pcs. sawn pitch pine",H. & J. Martin,8,4,1889,13,4,1889,False,"April 8 City of Sparta-Port Royal, S.C.-13,159 pcs. sawn pitch pine-H. & J. Martin"
18890413p.382_p002.txt,143,Esmeralda,Fredrikshald,YARMOUTH,"64,404 boards",J. P. Corry & Co.,8,4,1889,13,4,1889,False,"April 8 Esmeralda-Fredrikshald-64,404 boards-J. P. Corry & Co."
18890413p.382_p002.txt,144,City of Hamburg,Rotterdam,YARMOUTH,"1,300 bdls. hoops",J. C. Pinkerton,8,4,1889,13,4,1889,False,"April 8 City of Hamburg-Rotterdam-1,300 bdls. hoops-J. C. Pinkerton"
18890427p.419_p001.txt,27,Diana,Fredrikstad,BARROW,"79,041 boards ends","Price, Potter, & Co.",18,4,1889,27,4,1889,False,"April 18 Diana-Fredrikstad-79,041 boards ends-Price, Potter, & Co."
18890427p.419_p001.txt,29,Satama,Doboy,BERWICK,"789 pcs. sawn fir, deals",Allan Bros.,18,4,1889,27,4,1889,False,"April 18 Satama-Doboy-789 pcs. sawn fir, deals-Allan Bros."
18890427p.419_p001.txt,31,Prins Chr.,Christiania,BLYTH,"96,898 props","Watts, Ward, & Co.",15,4,1889,27,4,1889,False,"April 15 Prins Chr.-Christiania-96,898 props-Watts, Ward, & Co."
18890427p.419_p001.txt,32,Tuspan,Gothenburg,BLYTH,"63,859 pit props",Osbeck & Co.,17,4,1889,27,4,1889,False,"17 Tuspan-Gothenburg-63,859 pit props-Osbeck & Co."
18890427p.419_p001.txt,33,Illeri,Trouville,BLYTH,88 pcs. oak,Darling Wagon and Engineering Co.,18,4,1889,27,4,1889,False,18 Illeri-Trouville-88 pcs. oak-Darling Wagon and Engineering Co.
18890427p.419_p001.txt,36,Superior,Pensacola,BRISTOL,"278 pcs. hewn, 1,465 pcs. sawn pitch pine, 714 deals",M. & Hassell,23,4,1889,27,4,1889,False,"April 23 Superior-Pensacola-278 pcs. hewn, 1,465 pcs. sawn pitch pine, 714 deals-M. & Hassell"
18890427p.419_p001.txt,40,Huso,Arendal,BOSTON,316 lds. mining timber and props,A. Beeby & Son,16,4,1889,27,4,1889,False,April 16 Huso-Arendal-316 lds. mining timber and props-A. Beeby & Son
18890427p.419_p001.txt,42,Nyborg,Fredrikshald,BRIDGWATER,"36,688 fir boards, 348 bdls. battens",W. Hicks,16,4,1889,27,4,1889,False,"April 16 Nyborg-Fredrikshald - 36,688 fir boards, 348 bdls. battens-W. Hicks"
18890427p.419_p001.txt,43,Felix,Fredrikshald,BRIDGWATER,"32,285 flooring boards, 2,000 deals",Thos. Penny,18,4,1889,27,4,1889,False,"18 Felix-Fredrikshald-32,285 flooring boards, 2,000 deals-Thos. Penny"
18890427p.419_p001.txt,45,Empress,Laurvig,CARDIFF,"16,467 props","Simkin Bros. ; 1,852 props-E. Pritchard",16,4,1889,27,4,1889,False,"April 16 Empress-Laurvig-16,467 props-Simkin Bros. ; 1,852 props-E. Pritchard"
18890427p.419_p001.txt,46,Buneborg,Christiansand,CARDIFF,"5,853 pcs. mining timber","Tellefsen, Wills, & Co,",17,4,1889,27,4,1889,False,"17 Buneborg-Christiansand-5,853 pcs. mining timber-Tellefsen, Wills, & Co,"
18890427p.419_p001.txt,49,Expertise,Auray,CARDIFF,150 lds. pitwood,Order,18,4,1889,27,4,1889,False,18 Expertise-Auray-150 lds. pitwood-Order
18890427p.419_p001.txt,60,Anette,Fredrikstad,DOUGLAS,"21,340 battens and flooring boards",R. E. Christian,20,4,1889,27,4,1889,False,"April 20 Anette-Fredrikstad-21,340 battens and flooring boards-R. E. Christian"
18890427p.419_p001.txt,62,Eastern Monarch,Astoria,GLOUCESTER,"1,100 boards",Browning,17,4,1889,27,4,1889,False,"April 17 Eastern Monarch-Astoria-1,100 boards-Browning"
18890427p.419_p001.txt,63,Hygea,Fredrikshald,GLOUCESTER,"36,765 boards",T. Adams & Co.,19,4,1889,27,4,1889,False,"19 Hygea - Fredrikshald - 36,765 boards-T. Adams & Co."
18890427p.419_p001.txt,65,St. Christopher,Brunswick,GRIMSBY,"6 lds. firewood, 1 ld. spars",W. Hitzen,18,4,1889,27,4,1889,False,"April 18 St. Christopher-Brunswick-6 lds. firewood, 1 ld. spars-W. Hitzen"
18890427p.419_p001.txt,66,Frugal,Laurvig,GRIMSBY,"25,618 deals",J. Chapman,19,4,1889,27,4,1889,True,"19 Frugal -Laurvig-25,618 deals-J. Chapman"
18890427p.419_p001.txt,69,Nor,Arendal,HARTLEPOOL (WEST),"320 pcs. square timber, 2,002 pcs. round timber, 1,153 props",E. Casper & Co.,16,4,1889,27,4,1889,False,"April 16 Nor-Arendal-320 pcs. square timber, 2,002 pcs. round timber, 1,153 props-E. Casper & Co."
18890427p.419_p001.txt,74,Valkyrien,Porsgrund,HULL,"2,347 pcs. square timber, 758 props",Order,18,4,1889,27,4,1889,False,"April 18 Valkyrien-Porsgrund-2,347 pcs. square timber, 758 props-Order"
18890427p.419_p001.txt,87,Juni,Grimstad,IPSWICH,"17,881 fir battens",W. Brown & Co.,16,4,1889,27,4,1889,False,"April 16 Juni-Grimstad-17,881 fir battens-W. Brown & Co."
18890427p.419_p001.txt,89,British Princess,Philadelphia,LIVERPOOL,"8,540 staves",Drysdale Bros.,18,4,1889,27,4,1889,True,"April 18 British Princess -Philadelphia-8,540 staves-Drysdale Bros."
18890427p.419_p001.txt,93,The Queen,New York,LIVERPOOL,"1,500 staves, 400 bdls., 46 crts., 25 cs. handles",Order,20,4,1889,27,4,1889,True,"20 The Queen -New York-1,500 staves, 400 bdls., 46 crts., 25 cs. handles-Order"
18890427p.419_p001.txt,105,Cephalonia,Boston,LIVERPOOL,"9,600 staves","Drysdale Bros. ; 1,840 blocks-T. Mitchell",23,4,1889,27,4,1889,True,"23 Cephalonia  - Boston-9,600 staves-Drysdale Bros. ; 1,840 blocks-T. Mitchell"
18890427p.419_p001.txt,118,City of Paris,New York,LIVERPOOL,600 staves Hay,,24,4,1889,27,4,1889,True,24 City of Paris -New York-600 staves Hay
18890427p.419_p001.txt,123,Gaa Paa,Fredrikstad,SURREY COMMERCIAL DOCKS,36 fms. fire,"wood-With, Webster, & Co. ; 226,260 staves, 2,997 battens, 14,542 floorings, 1,910 bdls. mouldings Order",20,4,1889,27,4,1889,True,"April 20 Gaa Paa -Fredrikstad-36 fms. fire-wood-With, Webster, & Co. ; 226,260 staves, 2,997 battens, 14,542 floorings, 1,910 bdls. mouldings Order"
18890427p.419_p001.txt,125,Asiatic Prince,Mobile,SURREY COMMERCIAL DOCKS,"17,120 pcs., 4,280 no. oak staves, 2,590 pcs. timber, 6,000 pine deals",Price & Pierce,23,4,1889,27,4,1889,True,"23 Asiatic Prince -Mobile-17,120 pcs., 4,280 no. oak staves, 2,590 pcs. timber, 6,000 pine deals-Price & Pierce"
18890427p.419_p001.txt,127,National,Libau,SURREY COMMERCIAL DOCKS,531 pcs. aspenwood,C. Arendt,24,4,1889,27,4,1889,True,24 National -Libau-531 pcs. aspenwood-C. Arendt
18890427p.419_p001.txt,129,Panther,Christiania,MILLWALL DOCKS,591 bgs. blocks,"J. Keen ; 397 poles, 1,102 boat-hooks-With, Webster, & Co. ; 1,800 bdls. boxboards-Order",23,4,1889,27,4,1889,True,"April 23 Panther -Christiania-591 bgs. blocks-J. Keen ; 397 poles, 1,102 boat-hooks-With, Webster, & Co. ; 1,800 bdls. boxboards-Order"
18890427p.419_p001.txt,132,Toronto,Boston,TILBURY DOCKS,"10,000 staves",Order,16,4,1889,27,4,1889,True,"April 16 Toronto -Boston-10,000 staves-Order"
18890427p.419_p001.txt,133,Wilson,Gothenburg,TILBURY DOCKS,118 prs. oak,Order,18,4,1889,27,4,1889,True,18 Wilson -Gothenburg-118 prs. oak-Order
18890427p.419_p001.txt,140,"St. John, N.B.",27 birch scant,VICTORIA DOCKS,"lings, 365 birch boards, 241 birch ends, 3,998 birch planks, 3,652 deals and battens, 2,163 deal ends",Churchill,20,4,1889,27,4,1889,False,"20 St. John, N.B.-27 birch scant-lings, 365 birch boards, 241 birch ends, 3,998 birch planks, 3,652 deals and battens, 2,163 deal ends-Churchill"
18890427p.419_p001.txt,144,Christiane,Laurvig,NORTHFLEET,"745,676 staves","Brown, & Co.",18,4,1889,27,4,1889,False,"April 18 Christiane-Laurvig-745,676 staves-Brown, & Co."
18890427p.419_p001.txt,146,Sambo,Christiania,SHEERNESS,"6,449 fir poles and spars",H.M. Dockyard,21,4,1889,27,4,1889,False,"April 21 Sambo-Christiania-6,449 fir poles and spars-H.M. Dockyard"
18890427p.419_p001.txt,148,Capella,Hambro',OTHER DOCKS AND WHARVES,511 pkgs. wool,Order,18,4,1889,27,4,1889,True,April 18 Capella -Hambro'-511 pkgs. wool-Order
18890427p.419_p001.txt,150,Agnes,Danzig,OTHER DOCKS AND WHARVES,"8,767 staves",Order,20,4,1889,27,4,1889,True,"20 Agnes -Danzig-8,767 staves-Order"
18890427p.419_p001.txt,153,Pauline,Morlaix,LLANELLY,144 lds. pitwood,David Rees,17,4,1889,27,4,1889,False,April 17 Pauline-Morlaix-144 lds. pitwood-David Rees
18890427p.419_p001.txt,155,Frederique,Fredrikstad,MILFORD,"19,108 flooring boards, 1,731 battens, 81 spars",Barker,18,4,1889,27,4,1889,False,"April 18 Frederique-Fredrikstad-19,108 flooring boards, 1,731 battens, 81 spars-Barker"
18890427p.419_p001.txt,156,Emma,Gothenburg,MILFORD,"6,286 deals and battens",McMaster & Co.,20,4,1889,27,4,1889,False,"20 Emma-Gothenburg-6,286 deals and battens-McMaster & Co."
18890427p.419_p001.txt,158,Olaf Trygvason,Mandal,NEWPORT,"1,139 pcs. mining timber",The Newport (Mon.) Pitwood Co.,16,4,1889,27,4,1889,False,"April 16 Olaf Trygvason-Mandal-1,139 pcs. mining timber-The Newport (Mon.) Pitwood Co."
18890427p.419_p001.txt,159,Leo,Risoer,NEWPORT,320 lds. pitwood,Budd & Co.,17,4,1889,27,4,1889,False,17 Leo-Risoer-320 lds. pitwood-Budd & Co.
18890427p.419_p001.txt,166,Ursula,St. Nazaire,NEWPORT,205 lds. pit props,Budd,18,4,1889,27,4,1889,False,18 Ursula-St. Nazaire-205 lds. pit props-Budd
18890427p.419_p001.txt,169,Emilianne,Audierne,NEWPORT,150 lds. pit props,Budd,20,4,1889,27,4,1889,False,20 Emilianne-Audierne-150 lds. pit props-Budd
18890427p.419_p001.txt,179,Rafa,Fredrikstad,PADSTOW,"23,857 fir boards",S. Symons Martyn,17,4,1889,27,4,1889,False,"April 17 Rafa-Fredrikstad-23,857 fir boards-S. Symons Martyn"
18890427p.419_p001.txt,181,Alma,Drammen,PLYMOUTH,"31,924 pcs. sawn fir, Magnus",James Bros. & Co.,17,4,1889,27,4,1889,False,"April 17 Alma-Drammen-31,924 pcs. sawn fir, Magnus-James Bros. & Co."
18890427p.419_p001.txt,182,Famine,Gothenburg,PLYMOUTH,"10,781 pcs. sawn fir",R. & R. Bayly,18,4,1889,27,4,1889,False,"18 Famine-Gothenburg-10,781 pcs. sawn fir-R. & R. Bayly"
18890427p.419_p001.txt,185,Jeanette,Porsgrund,PORTSMOUTH,"16,709 battens, 42 lds. sawn fir",T. Bailey,16,4,1889,27,4,1889,False,"April 16 Jeanette-Porsgrund-16,709 battens, 42 lds. sawn fir-T. Bailey"
18890427p.419_p001.txt,187,Vesta,Christiania,RAMSEY,"8,668 flooring boards, 3,508 deals and battens",R. Seare,20,4,1889,27,4,1889,False,"April 20 Vesta-Christiania-8,668 flooring boards, 3,508 deals and battens-R. Seare"
18890427p.419_p001.txt,189,Odin,Fredrikstad,ROCHESTER,"419,000 fir staves",Tingey & Son,16,4,1889,27,4,1889,False,"April 16 Odin-Fredrikstad-419,000 fir staves-Tingey & Son"
18890427p.419_p001.txt,191,Olaf Trygvason,Mandal,RUNCORN,"1,139 pcs. mining timber, 355 props",Langley,16,4,1889,27,4,1889,False,"April 16 Olaf Trygvason-Mandal-1,139 pcs. mining timber, 355 props-Langley"
18890427p.419_p001.txt,193,Freya,Wisby,SCARBOROUGH,420 lds. firewood,Thomas Wilkinson ; 16 lds. deals and boards-W. Robson,16,4,1889,27,4,1889,False,April 16 Freya-Wisby-420 lds. firewood-Thomas Wilkinson ; 16 lds. deals and boards-W. Robson
18890427p.419_p002.txt,5,Julius,Halmstad,SUNDERLAND,"44,050 props","Mitshel, Federsen, & Co.",16,4,1889,27,4,1889,False,"April 16 Julius-Halmstad-44,050 props-Mitshel, Federsen, & Co."
18890427p.419_p002.txt,13,Urania,Christiania,SUNDERLAND,"36,231 pit props",Rayner & Moller,17,4,1889,27,4,1889,False,"17 Urania-Christiania-36,231 pit props-Rayner & Moller"
18890427p.419_p002.txt,18,Anna,Halmstad,SUNDERLAND,"17,251 fir props",Wiener,18,4,1889,27,4,1889,False,"18 Anna-Halmstad-17,251 fir props-Wiener"
18890427p.419_p002.txt,22,Jeune Louise,Blaye,SWANSEA,135 lds. props,Wm. Davies & Co.,16,4,1889,27,4,1889,False,April 16 Jeune Louise-Blaye-135 lds. props-Wm. Davies & Co.
18890427p.419_p002.txt,26,Y.G.V.,Trouville,SWANSEA,120 lds. pitwood,John Glasbrook,17,4,1889,27,4,1889,False,17 Y.G.V.-Trouville-120 lds. pitwood-John Glasbrook
18890427p.419_p002.txt,28,Estelle,Bordeaux,SWANSEA,120 lds. pitwood,Williams & Co.,20,4,1889,27,4,1889,False,20 Estelle-Bordeaux-120 lds. pitwood-Williams & Co.
18890427p.419_p002.txt,31,Alpha,Drammen,TEIGNMOUTH,"19,878 pcs. sawn fir, 1,816 deals",Thos. J. Crossman,16,4,1889,27,4,1889,False,"April 16 Alpha-Drammen-19,878 pcs. sawn fir, 1,816 deals-Thos. J. Crossman"
18890427p.419_p002.txt,34,Coriolan,Porsgrund,TRURO,"2,076 pcs. hewn fir, 950 pcs. sawn fir, 10 fir spars",Harvey,16,4,1889,27,4,1889,False,"April 16 Coriolan-Porsgrund-2,076 pcs. hewn fir, 950 pcs. sawn fir, 10 fir spars-Harvey"
18890427p.419_p002.txt,38,Viking,Gothenburg,TYNE,"50 lds. battens, 100 lds. props, 80 lds. sleepers",Order,17,4,1889,27,4,1889,True,"April 17 Viking -Gothenburg-50 lds. battens, 100 lds. props, 80 lds. sleepers-Order"
18890427p.419_p002.txt,39,Millia,Hangesund,TYNE,full cargo of timber props,Order,20,4,1889,27,4,1889,False,20 Millia-Hangesund-full cargo of timber props-Order
18890427p.419_p002.txt,42,Grenadier,Rotterdam,TYNE,640 bdls. hoops,Order,23,4,1889,27,4,1889,True,23 Grenadier -Rotterdam-640 bdls. hoops-Order
18890427p.419_p002.txt,48,Mercur,Drontheim,YARMOUTH,"6,873 battens and boards, 290 lds. firewood",Brown & Co.,16,4,1889,27,4,1889,False,"April 16 Mercur-Drontheim-6,873 battens and boards, 290 lds. firewood-Brown & Co."
18890427p.419_p002.txt,53,City of Amsterdam,Rotterdam,BELFAST,580 bdls. hoops,J. C. Pinkerton & Co.,17,4,1889,27,4,1889,False,April 17 City of Amsterdam-Rotterdam-580 bdls. hoops-J. C. Pinkerton & Co.
18890427p.419_p002.txt,54,Mauritius,Bordeaux,BELFAST,450 bdls. hoops,Pinkerton,18,4,1889,27,4,1889,False,18 Mauritius-Bordeaux-450 bdls. hoops-Pinkerton
18890427p.419_p002.txt,57,Arklow,"St. John, N.B.",CORK,"12,623 deals, 9,093 ends and battens",J. J. Eustace & Co.,18,4,1889,27,4,1889,False,"April 18 Arklow-St. John, N.B.-12,623 deals, 9,093 ends and battens-J. J. Eustace & Co."
18890427p.419_p002.txt,60,Gemsen,Drammen,LIMERICK,"21,289 boards, 144 deals, 50 spars",R. McDonnell,18,4,1889,27,4,1889,False,"April 18 Gemsen-Drammen-21,289 boards, 144 deals, 50 spars-R. McDonnell"
18890427p.419_p002.txt,63,Alexander,Fredrikshald,SLIGO,"28,777 pcs. sawn fir, 65 pcs. hewn fir",O'Connor,20,4,1889,27,4,1889,False,"April 20 Alexander-Fredrikshald-28,777 pcs. sawn fir, 65 pcs. hewn fir-O'Connor"
18890427p.419_p002.txt,67,Sommerset,Christiania,DUBLIN,"37,806 boards, 850 poles",Locke & Woods,5,4,1889,27,4,1889,False,"April 5 Sommerset-Christiania-37,806 boards, 850 poles-Locke & Woods"
18890427p.419_p002.txt,68,Harold Haarfager,Fredrikstad,DUBLIN,"72,531 boards",R. Martin & Co.,9,4,1889,27,4,1889,False,"9 Harold Haarfager - Fredrikstad - 72,531 boards-R. Martin & Co."
18890427p.419_p002.txt,69,Titania,Christiania,DUBLIN,"51,597 boards, 437 spars",Wm. Graham,16,4,1889,27,4,1889,False,"16 Titania-Christiania-51,597 boards, 437 spars-Wm. Graham"
18890427p.419_p002.txt,70,Celeritas,Fredrickstad,DUBLIN,"31,062 boards","Brooks, Thomas, & Co.",17,4,1889,27,4,1889,False,"April 17 Celeritas-Fredrickstad-31,062 boards-Brooks, Thomas, & Co."
18890427p.419_p002.txt,72,Familien,Christiania,DUBLIN,"56,544 boards",W. J. Robinson,20,4,1889,27,4,1889,False,"20 Familien-Christiania-56,544 boards-W. J. Robinson"
18890427p.419_p002.txt,76,North Star,Pensacola,THE TIMBER TRADES JOURNAL,"1,243 pitch pine timber deals",Wm. Graham,23,4,1889,27,4,1889,False,"23 North Star-Pensacola-1,243 pitch pine timber deals-Wm. Graham"
18890427p.4_p002.txt,3,Silvanus,Windau,GRANGEMOUTH,"6,912 deals and ends",R. Melville & Co.,15,4,1889,27,4,1889,False,"April 15 Silvanus-Windau-6,912 deals and ends-R. Melville & Co."
18890427p.4_p002.txt,4,Tronda,Drontheim,GRANGEMOUTH,"14,560 deals and battens",R. Melville & Co.,16,4,1889,27,4,1889,False,"16 Tronda-Drontheim-14,560 deals and battens-R. Melville & Co."
18890427p.4_p002.txt,6,Normann,Namsos,GRANGEMOUTH,"6,205 deals and battens",P. & J. Wilkie,20,4,1889,27,4,1889,False,"20 Normann-Namsos-6,205 deals and battens-P. & J. Wilkie"
18890427p.4_p002.txt,8,Stadacona,Pensacola,GREENOCK,"187 pcs. hewn pitch pine timber, 1,031 pcs. sawn pitch pine timber, 1,111 pcs. pitch pine lumber","Robinson, Dunn, & Co.",16,4,1889,27,4,1889,False,"April 16 Stadacona-Pensacola-187 pcs. hewn pitch pine timber, 1,031 pcs. sawn pitch pine timber, 1,111 pcs. pitch pine lumber-Robinson, Dunn, & Co."
18890427p.4_p002.txt,9,Barnardo Chiozza,Rangoon,GREENOCK,"1,242 teak squares, 485 teak planks, 45 teak blocks",F. Briggs & Co.; 117 teak blocks-Edmiston & Mitchells,17,4,1889,27,4,1889,False,"17 Barnardo Chiozza-Rangoon-1,242 teak squares, 485 teak planks, 45 teak blocks-F. Briggs & Co.; 117 teak blocks-Edmiston & Mitchells"
18890427p.4_p002.txt,10,Reolut,Christiania,GREENOCK,"1,189 spars and poles, 250 poles, 3,194 pit props",McLean & Co.,20,4,1889,27,4,1889,False,"20 Reolut-Christiania-1,189 spars and poles, 250 poles, 3,194 pit props-McLean & Co."
18890427p.4_p002.txt,12,Hanna,Mandal,KIRKCALDY,"73,500 birch staves",T. Cormack,16,4,1889,27,4,1889,False,"16 Hanna-Mandal-73,500 birch staves-T. Cormack"
18890427p.4_p002.txt,13,Salween,Christiania,KIRKCALDY,"15,988 props",Lochgelly Iron & Coal Co.,18,4,1889,27,4,1889,False,"18 Salween-Christiania-15,988 props-Lochgelly Iron & Coal Co."
18890427p.4_p002.txt,15,Dinorah,Oplo,LEITH,"24,580 battens, 112 lds. firewood",A. Garland & Roger,16,4,1889,27,4,1889,False,"April 16 Dinorah-Oplo-24,580 battens, 112 lds. firewood-A. Garland & Roger"
18890427p.4_p002.txt,16,Aspirant,Oplo,LEITH,"5,698 battens",A. Garland,17,4,1889,27,4,1889,False,"17 Aspirant-Oplo-5,698 battens-A. Garland"
18890427p.4_p002.txt,18,Tana,Hommelvik,LEITH,"18,016 deals and battens","John Mitchell & Co.; from Drontheim -49 lds. firewood, 33,545 deals and battens -C. Salvesen & Co.",20,4,1889,27,4,1889,True,"20 Tana -Hommelvik-18,016 deals and battens-John Mitchell & Co.; from Drontheim -49 lds. firewood, 33,545 deals and battens -C. Salvesen & Co."
18890427p.4_p002.txt,22,Eliso,Porsgrund,PETERHEAD,"476 pcs. hewn fir, 682 fir battens",D. Carnegie,20,4,1889,27,4,1889,False,"April 20 Eliso-Porsgrund-476 pcs. hewn fir, 682 fir battens-D. Carnegie"
18890427p.4_p002.txt,26,Active,Christiansand,WICK,"80,000 birch staves",J. G. Duncan,20,4,1889,27,4,1889,False,"April 20 Active-Christiansand-80,000 birch staves-J. G. Duncan"
18890427p.419_p001.txt,27,Diana,Fredrikstad,BARROW,"79,041 boards ends","Price, Potter, & Co.",18,4,1889,27,4,1889,False,"April 18 Diana-Fredrikstad-79,041 boards ends-Price, Potter, & Co."
18890427p.419_p001.txt,29,Satama,Doboy,BERWICK,"789 pcs. sawn fir, deals",Allan Bros.,18,4,1889,27,4,1889,False,"April 18 Satama-Doboy-789 pcs. sawn fir, deals-Allan Bros."
18890427p.419_p001.txt,31,Prins Chr.,Christiania,BLYTH,"96,898 props","Watts, Ward, & Co.",15,4,1889,27,4,1889,False,"April 15 Prins Chr.-Christiania-96,898 props-Watts, Ward, & Co."
18890427p.419_p001.txt,32,Tuspan,Gothenburg,BLYTH,"63,859 pit props",Osbeck & Co.,17,4,1889,27,4,1889,False,"17 Tuspan-Gothenburg-63,859 pit props-Osbeck & Co."
18890427p.419_p001.txt,33,Illeri,Trouville,BLYTH,88 pcs. oak,Darling Wagon and Engineering Co.,18,4,1889,27,4,1889,False,18 Illeri-Trouville-88 pcs. oak-Darling Wagon and Engineering Co.
18890427p.419_p001.txt,36,Superior,Pensacola,BRISTOL,"278 pcs. hewn, 1,465 pcs. sawn pitch pine, 714 deals",M. & Hassell,23,4,1889,27,4,1889,False,"April 23 Superior-Pensacola-278 pcs. hewn, 1,465 pcs. sawn pitch pine, 714 deals-M. & Hassell"
18890427p.419_p001.txt,40,Huso,Arendal,BOSTON,316 lds. mining timber and props,A. Beeby & Son,16,4,1889,27,4,1889,False,April 16 Huso-Arendal-316 lds. mining timber and props-A. Beeby & Son
18890427p.419_p001.txt,42,Nyborg,Fredrikshald,BRIDGWATER,"36,688 fir boards, 348 bdls. battens",W. Hicks,16,4,1889,27,4,1889,False,"April 16 Nyborg-Fredrikshald - 36,688 fir boards, 348 bdls. battens-W. Hicks"
18890427p.419_p001.txt,43,Felix,Fredrikshald,BRIDGWATER,"32,285 flooring boards, 2,000 deals",Thos. Penny,18,4,1889,27,4,1889,False,"18 Felix-Fredrikshald-32,285 flooring boards, 2,000 deals-Thos. Penny"
18890427p.419_p001.txt,45,Empress,Laurvig,CARDIFF,"16,467 props","Simkin Bros. ; 1,852 props-E. Pritchard",16,4,1889,27,4,1889,False,"April 16 Empress-Laurvig-16,467 props-Simkin Bros. ; 1,852 props-E. Pritchard"
18890427p.419_p001.txt,46,Buneborg,Christiansand,CARDIFF,"5,853 pcs. mining timber","Tellefsen, Wills, & Co,",17,4,1889,27,4,1889,False,"17 Buneborg-Christiansand-5,853 pcs. mining timber-Tellefsen, Wills, & Co,"
18890427p.419_p001.txt,49,Expertise,Auray,CARDIFF,150 lds. pitwood,Order,18,4,1889,27,4,1889,False,18 Expertise-Auray-150 lds. pitwood-Order
18890427p.419_p001.txt,60,Anette,Fredrikstad,DOUGLAS,"21,340 battens and flooring boards",R. E. Christian,20,4,1889,27,4,1889,False,"April 20 Anette-Fredrikstad-21,340 battens and flooring boards-R. E. Christian"
18890427p.419_p001.txt,62,Eastern Monarch,Astoria,GLOUCESTER,"1,100 boards",Browning,17,4,1889,27,4,1889,False,"April 17 Eastern Monarch-Astoria-1,100 boards-Browning"
18890427p.419_p001.txt,63,Hygea,Fredrikshald,GLOUCESTER,"36,765 boards",T. Adams & Co.,19,4,1889,27,4,1889,False,"19 Hygea - Fredrikshald - 36,765 boards-T. Adams & Co."
18890427p.419_p001.txt,65,St. Christopher,Brunswick,GRIMSBY,"6 lds. firewood, 1 ld. spars",W. Hitzen,18,4,1889,27,4,1889,False,"April 18 St. Christopher-Brunswick-6 lds. firewood, 1 ld. spars-W. Hitzen"
18890427p.419_p001.txt,66,Frugal,Laurvig,GRIMSBY,"25,618 deals",J. Chapman,19,4,1889,27,4,1889,True,"19 Frugal -Laurvig-25,618 deals-J. Chapman"
18890427p.419_p001.txt,69,Nor,Arendal,HARTLEPOOL (WEST),"320 pcs. square timber, 2,002 pcs. round timber, 1,153 props",E. Casper & Co.,16,4,1889,27,4,1889,False,"April 16 Nor-Arendal-320 pcs. square timber, 2,002 pcs. round timber, 1,153 props-E. Casper & Co."
18890427p.419_p001.txt,74,Valkyrien,Porsgrund,HULL,"2,347 pcs. square timber, 758 props",Order,18,4,1889,27,4,1889,False,"April 18 Valkyrien-Porsgrund-2,347 pcs. square timber, 758 props-Order"
18890427p.419_p001.txt,87,Juni,Grimstad,IPSWICH,"17,881 fir battens",W. Brown & Co.,16,4,1889,27,4,1889,False,"April 16 Juni-Grimstad-17,881 fir battens-W. Brown & Co."
18890427p.419_p001.txt,89,British Princess,Philadelphia,LIVERPOOL,"8,540 staves",Drysdale Bros.,18,4,1889,27,4,1889,True,"April 18 British Princess -Philadelphia-8,540 staves-Drysdale Bros."
18890427p.419_p001.txt,93,The Queen,New York,LIVERPOOL,"1,500 staves, 400 bdls., 46 crts., 25 cs. handles",Order,20,4,1889,27,4,1889,True,"20 The Queen -New York-1,500 staves, 400 bdls., 46 crts., 25 cs. handles-Order"
18890427p.419_p001.txt,105,Cephalonia,Boston,LIVERPOOL,"9,600 staves","Drysdale Bros. ; 1,840 blocks-T. Mitchell",23,4,1889,27,4,1889,True,"23 Cephalonia  - Boston-9,600 staves-Drysdale Bros. ; 1,840 blocks-T. Mitchell"
18890427p.419_p001.txt,118,City of Paris,New York,LIVERPOOL,600 staves Hay,,24,4,1889,27,4,1889,True,24 City of Paris -New York-600 staves Hay
18890427p.419_p001.txt,123,Gaa Paa,Fredrikstad,SURREY COMMERCIAL DOCKS,36 fms. fire,"wood-With, Webster, & Co. ; 226,260 staves, 2,997 battens, 14,542 floorings, 1,910 bdls. mouldings Order",20,4,1889,27,4,1889,True,"April 20 Gaa Paa -Fredrikstad-36 fms. fire-wood-With, Webster, & Co. ; 226,260 staves, 2,997 battens, 14,542 floorings, 1,910 bdls. mouldings Order"
18890427p.419_p001.txt,125,Asiatic Prince,Mobile,SURREY COMMERCIAL DOCKS,"17,120 pcs., 4,280 no. oak staves, 2,590 pcs. timber, 6,000 pine deals",Price & Pierce,23,4,1889,27,4,1889,True,"23 Asiatic Prince -Mobile-17,120 pcs., 4,280 no. oak staves, 2,590 pcs. timber, 6,000 pine deals-Price & Pierce"
18890427p.419_p001.txt,127,National,Libau,SURREY COMMERCIAL DOCKS,531 pcs. aspenwood,C. Arendt,24,4,1889,27,4,1889,True,24 National -Libau-531 pcs. aspenwood-C. Arendt
18890427p.419_p001.txt,129,Panther,Christiania,MILLWALL DOCKS,591 bgs. blocks,"J. Keen ; 397 poles, 1,102 boat-hooks-With, Webster, & Co. ; 1,800 bdls. boxboards-Order",23,4,1889,27,4,1889,True,"April 23 Panther -Christiania-591 bgs. blocks-J. Keen ; 397 poles, 1,102 boat-hooks-With, Webster, & Co. ; 1,800 bdls. boxboards-Order"
18890427p.419_p001.txt,132,Toronto,Boston,TILBURY DOCKS,"10,000 staves",Order,16,4,1889,27,4,1889,True,"April 16 Toronto -Boston-10,000 staves-Order"
18890427p.419_p001.txt,133,Wilson,Gothenburg,TILBURY DOCKS,118 prs. oak,Order,18,4,1889,27,4,1889,True,18 Wilson -Gothenburg-118 prs. oak-Order
18890427p.419_p001.txt,140,"St. John, N.B.",27 birch scant,VICTORIA DOCKS,"lings, 365 birch boards, 241 birch ends, 3,998 birch planks, 3,652 deals and battens, 2,163 deal ends",Churchill,20,4,1889,27,4,1889,False,"20 St. John, N.B.-27 birch scant-lings, 365 birch boards, 241 birch ends, 3,998 birch planks, 3,652 deals and battens, 2,163 deal ends-Churchill"
18890427p.419_p001.txt,144,Christiane,Laurvig,NORTHFLEET,"745,676 staves","Brown, & Co.",18,4,1889,27,4,1889,False,"April 18 Christiane-Laurvig-745,676 staves-Brown, & Co."
18890427p.419_p001.txt,146,Sambo,Christiania,SHEERNESS,"6,449 fir poles and spars",H.M. Dockyard,21,4,1889,27,4,1889,False,"April 21 Sambo-Christiania-6,449 fir poles and spars-H.M. Dockyard"
18890427p.419_p001.txt,148,Capella,Hambro',OTHER DOCKS AND WHARVES,511 pkgs. wool,Order,18,4,1889,27,4,1889,True,April 18 Capella -Hambro'-511 pkgs. wool-Order
18890427p.419_p001.txt,150,Agnes,Danzig,OTHER DOCKS AND WHARVES,"8,767 staves",Order,20,4,1889,27,4,1889,True,"20 Agnes -Danzig-8,767 staves-Order"
18890427p.419_p001.txt,153,Pauline,Morlaix,LLANELLY,144 lds. pitwood,David Rees,17,4,1889,27,4,1889,False,April 17 Pauline-Morlaix-144 lds. pitwood-David Rees
18890427p.419_p001.txt,155,Frederique,Fredrikstad,MILFORD,"19,108 flooring boards, 1,731 battens, 81 spars",Barker,18,4,1889,27,4,1889,False,"April 18 Frederique-Fredrikstad-19,108 flooring boards, 1,731 battens, 81 spars-Barker"
18890427p.419_p001.txt,156,Emma,Gothenburg,MILFORD,"6,286 deals and battens",McMaster & Co.,20,4,1889,27,4,1889,False,"20 Emma-Gothenburg-6,286 deals and battens-McMaster & Co."
18890427p.419_p001.txt,158,Olaf Trygvason,Mandal,NEWPORT,"1,139 pcs. mining timber",The Newport (Mon.) Pitwood Co.,16,4,1889,27,4,1889,False,"April 16 Olaf Trygvason-Mandal-1,139 pcs. mining timber-The Newport (Mon.) Pitwood Co."
18890427p.419_p001.txt,159,Leo,Risoer,NEWPORT,320 lds. pitwood,Budd & Co.,17,4,1889,27,4,1889,False,17 Leo-Risoer-320 lds. pitwood-Budd & Co.
18890427p.419_p001.txt,166,Ursula,St. Nazaire,NEWPORT,205 lds. pit props,Budd,18,4,1889,27,4,1889,False,18 Ursula-St. Nazaire-205 lds. pit props-Budd
18890427p.419_p001.txt,169,Emilianne,Audierne,NEWPORT,150 lds. pit props,Budd,20,4,1889,27,4,1889,False,20 Emilianne-Audierne-150 lds. pit props-Budd
18890427p.419_p001.txt,179,Rafa,Fredrikstad,PADSTOW,"23,857 fir boards",S. Symons Martyn,17,4,1889,27,4,1889,False,"April 17 Rafa-Fredrikstad-23,857 fir boards-S. Symons Martyn"
18890427p.419_p001.txt,181,Alma,Drammen,PLYMOUTH,"31,924 pcs. sawn fir, Magnus",James Bros. & Co.,17,4,1889,27,4,1889,False,"April 17 Alma-Drammen-31,924 pcs. sawn fir, Magnus-James Bros. & Co."
18890427p.419_p001.txt,182,Famine,Gothenburg,PLYMOUTH,"10,781 pcs. sawn fir",R. & R. Bayly,18,4,1889,27,4,1889,False,"18 Famine-Gothenburg-10,781 pcs. sawn fir-R. & R. Bayly"
18890427p.419_p001.txt,185,Jeanette,Porsgrund,PORTSMOUTH,"16,709 battens, 42 lds. sawn fir",T. Bailey,16,4,1889,27,4,1889,False,"April 16 Jeanette-Porsgrund-16,709 battens, 42 lds. sawn fir-T. Bailey"
18890427p.419_p001.txt,187,Vesta,Christiania,RAMSEY,"8,668 flooring boards, 3,508 deals and battens",R. Seare,20,4,1889,27,4,1889,False,"April 20 Vesta-Christiania-8,668 flooring boards, 3,508 deals and battens-R. Seare"
18890427p.419_p001.txt,189,Odin,Fredrikstad,ROCHESTER,"419,000 fir staves",Tingey & Son,16,4,1889,27,4,1889,False,"April 16 Odin-Fredrikstad-419,000 fir staves-Tingey & Son"
18890427p.419_p001.txt,191,Olaf Trygvason,Mandal,RUNCORN,"1,139 pcs. mining timber, 355 props",Langley,16,4,1889,27,4,1889,False,"April 16 Olaf Trygvason-Mandal-1,139 pcs. mining timber, 355 props-Langley"
18890427p.419_p001.txt,193,Freya,Wisby,SCARBOROUGH,420 lds. firewood,Thomas Wilkinson ; 16 lds. deals and boards-W. Robson,16,4,1889,27,4,1889,False,April 16 Freya-Wisby-420 lds. firewood-Thomas Wilkinson ; 16 lds. deals and boards-W. Robson
18890427p.419_p002.txt,5,Julius,Halmstad,SUNDERLAND,"44,050 props","Mitshel, Federsen, & Co.",16,4,1889,27,4,1889,False,"April 16 Julius-Halmstad-44,050 props-Mitshel, Federsen, & Co."
18890427p.419_p002.txt,13,Urania,Christiania,SUNDERLAND,"36,231 pit props",Rayner & Moller,17,4,1889,27,4,1889,False,"17 Urania-Christiania-36,231 pit props-Rayner & Moller"
18890427p.419_p002.txt,18,Anna,Halmstad,SUNDERLAND,"17,251 fir props",Wiener,18,4,1889,27,4,1889,False,"18 Anna-Halmstad-17,251 fir props-Wiener"
18890427p.419_p002.txt,22,Jeune Louise,Blaye,SWANSEA,135 lds. props,Wm. Davies & Co.,16,4,1889,27,4,1889,False,April 16 Jeune Louise-Blaye-135 lds. props-Wm. Davies & Co.
18890427p.419_p002.txt,26,Y.G.V.,Trouville,SWANSEA,120 lds. pitwood,John Glasbrook,17,4,1889,27,4,1889,False,17 Y.G.V.-Trouville-120 lds. pitwood-John Glasbrook
18890427p.419_p002.txt,28,Estelle,Bordeaux,SWANSEA,120 lds. pitwood,Williams & Co.,20,4,1889,27,4,1889,False,20 Estelle-Bordeaux-120 lds. pitwood-Williams & Co.
18890427p.419_p002.txt,31,Alpha,Drammen,TEIGNMOUTH,"19,878 pcs. sawn fir, 1,816 deals",Thos. J. Crossman,16,4,1889,27,4,1889,False,"April 16 Alpha-Drammen-19,878 pcs. sawn fir, 1,816 deals-Thos. J. Crossman"
18890427p.419_p002.txt,34,Coriolan,Porsgrund,TRURO,"2,076 pcs. hewn fir, 950 pcs. sawn fir, 10 fir spars",Harvey,16,4,1889,27,4,1889,False,"April 16 Coriolan-Porsgrund-2,076 pcs. hewn fir, 950 pcs. sawn fir, 10 fir spars-Harvey"
18890427p.419_p002.txt,38,Viking,Gothenburg,TYNE,"50 lds. battens, 100 lds. props, 80 lds. sleepers",Order,17,4,1889,27,4,1889,True,"April 17 Viking -Gothenburg-50 lds. battens, 100 lds. props, 80 lds. sleepers-Order"
18890427p.419_p002.txt,39,Millia,Hangesund,TYNE,full cargo of timber props,Order,20,4,1889,27,4,1889,False,20 Millia-Hangesund-full cargo of timber props-Order
18890427p.419_p002.txt,42,Grenadier,Rotterdam,TYNE,640 bdls. hoops,Order,23,4,1889,27,4,1889,True,23 Grenadier -Rotterdam-640 bdls. hoops-Order
18890427p.419_p002.txt,48,Mercur,Drontheim,YARMOUTH,"6,873 battens and boards, 290 lds. firewood",Brown & Co.,16,4,1889,27,4,1889,False,"April 16 Mercur-Drontheim-6,873 battens and boards, 290 lds. firewood-Brown & Co."
18890427p.419_p002.txt,53,City of Amsterdam,Rotterdam,BELFAST,580 bdls. hoops,J. C. Pinkerton & Co.,17,4,1889,27,4,1889,False,April 17 City of Amsterdam-Rotterdam-580 bdls. hoops-J. C. Pinkerton & Co.
18890427p.419_p002.txt,54,Mauritius,Bordeaux,BELFAST,450 bdls. hoops,Pinkerton,18,4,1889,27,4,1889,False,18 Mauritius-Bordeaux-450 bdls. hoops-Pinkerton
18890427p.419_p002.txt,57,Arklow,"St. John, N.B.",CORK,"12,623 deals, 9,093 ends and battens",J. J. Eustace & Co.,18,4,1889,27,4,1889,False,"April 18 Arklow-St. John, N.B.-12,623 deals, 9,093 ends and battens-J. J. Eustace & Co."
18890427p.419_p002.txt,60,Gemsen,Drammen,LIMERICK,"21,289 boards, 144 deals, 50 spars",R. McDonnell,18,4,1889,27,4,1889,False,"April 18 Gemsen-Drammen-21,289 boards, 144 deals, 50 spars-R. McDonnell"
18890427p.419_p002.txt,63,Alexander,Fredrikshald,SLIGO,"28,777 pcs. sawn fir, 65 pcs. hewn fir",O'Connor,20,4,1889,27,4,1889,False,"April 20 Alexander-Fredrikshald-28,777 pcs. sawn fir, 65 pcs. hewn fir-O'Connor"
18890427p.419_p002.txt,67,Sommerset,Christiania,DUBLIN,"37,806 boards, 850 poles",Locke & Woods,5,4,1889,27,4,1889,False,"April 5 Sommerset-Christiania-37,806 boards, 850 poles-Locke & Woods"
18890427p.419_p002.txt,68,Harold Haarfager,Fredrikstad,DUBLIN,"72,531 boards",R. Martin & Co.,9,4,1889,27,4,1889,False,"9 Harold Haarfager - Fredrikstad - 72,531 boards-R. Martin & Co."
18890427p.419_p002.txt,69,Titania,Christiania,DUBLIN,"51,597 boards, 437 spars",Wm. Graham,16,4,1889,27,4,1889,False,"16 Titania-Christiania-51,597 boards, 437 spars-Wm. Graham"
18890427p.419_p002.txt,70,Celeritas,Fredrickstad,DUBLIN,"31,062 boards","Brooks, Thomas, & Co.",17,4,1889,27,4,1889,False,"April 17 Celeritas-Fredrickstad-31,062 boards-Brooks, Thomas, & Co."
18890427p.419_p002.txt,72,Familien,Christiania,DUBLIN,"56,544 boards",W. J. Robinson,20,4,1889,27,4,1889,False,"20 Familien-Christiania-56,544 boards-W. J. Robinson"
18890427p.419_p002.txt,76,North Star,Pensacola,THE TIMBER TRADES JOURNAL,"1,243 pitch pine timber deals",Wm. Graham,23,4,1889,27,4,1889,False,"23 North Star-Pensacola-1,243 pitch pine timber deals-Wm. Graham"
18890504p.440_p002.txt,5,Anund Tveten,Porsgrund,CHESTER,"9,755 mining poles and props",R. Grandidge,20,4,1889,4,5,1889,False,"April 20 Anund Tveten - Porsgrund-9,755 mining poles and props-R. Grandidge"
18890504p.440_p002.txt,6,Omon,Fredrikstad,CHESTER,"20,511 fir boards, 5,832 slating battens",Chas. Jones & Sons,26,4,1889,4,5,1889,False,"26 Omon-Fredrikstad-20,511 fir boards, 5,832 slating battens-Chas. Jones & Sons"
18890504p.440_p002.txt,8,Ethel,Drammen,COLCHESTER,"5,088 pcs. sawn fir",Brown & Sons,23,4,1889,4,5,1889,False,"April 23 Ethel-Drammen-5,088 pcs. sawn fir-Brown & Sons"
18890504p.440_p002.txt,10,Ilo,"Christiania 187 lds. hewn fir, 33 lds. sawn fir, 17 lds. firewood",DOVER,Finnis & Son,,18,4,1889,4,5,1889,False,"April 18 Ilo-Christiania 187 lds. hewn fir, 33 lds. sawn fir, 17 lds. firewood-Finnis & Son"
18890504p.440_p002.txt,12,Veritas,"St. John, N.B.",FLEETWOOD,"31,205 fir deals",H. & G. Curwen & Co.,26,4,1889,4,5,1889,False,"April 26 Veritas-St. John, N.B.-31,205 fir deals-H. & G. Curwen & Co."
18890504p.440_p002.txt,14,Concordia,Grimstadt,GLOUCESTER,"20,808 deals",T. Adams & Co.,23,4,1889,4,5,1889,False,"April 23 Concordia-Grimstadt-20,808 deals-T. Adams & Co."
18890504p.440_p002.txt,16,Gipsy Queen,Gothenburg,HARTLEPOOL (WEST),"808 deals and battens, 1,693 posts, 14,855 rails, 5,000 sleepers, 3,793 props, 6,915 poles, 3,156 bdlk. laths","T. Barraclough ; 9,358 props-Rayner & Moller",23,4,1889,4,5,1889,True,"April 23 Gipsy Queen -Gothenburg-808 deals and battens, 1,693 posts, 14,855 rails, 5,000 sleepers, 3,793 props, 6,915 poles, 3,156 bdlk. laths-T. Barraclough ; 9,358 props-Rayner & Moller"
18890504p.440_p002.txt,17,Gotlies,Halmstad,HARTLEPOOL (WEST),"5,600 props",Forslind,23,4,1889,4,5,1889,False,"23 Gotlies-Halmstad-5,600 props-Forslind"
18890504p.440_p002.txt,18,Marie,Carlshamn,HARTLEPOOL (WEST),270 lds. props,Nilsson & Co.,23,4,1889,4,5,1889,False,23 Marie-Carlshamn-270 lds. props-Nilsson & Co.
18890504p.440_p002.txt,19,Uhlenhorst,Windau,HARTLEPOOL (WEST),"17,271 deals and battens","R. Wade, Sons, & Co.",23,4,1889,4,5,1889,False,"23 Uhlenhorst-Windau-17,271 deals and battens-R. Wade, Sons, & Co."
18890504p.440_p002.txt,20,Thor,Falkenberg,HARTLEPOOL (WEST),130 lds. props,Moller,24,4,1889,4,5,1889,False,24 Thor-Falkenberg-130 lds. props-Moller
18890504p.440_p002.txt,21,Hebe,Christiania,HARTLEPOOL (WEST),"5,681 pcs. mining timber, 4,889 pcs. hewn fir",H. Erichsen & Co.,25,4,1889,4,5,1889,False,"25 Hebe-Christiania-5,681 pcs. mining timber, 4,889 pcs. hewn fir-H. Erichsen & Co."
18890504p.440_p002.txt,22,Anna,Porsgrund,HARTLEPOOL (WEST),"800 poles, 2,924 pcs. mining timber, 397 props",Victor Nilsson & Co.,25,4,1889,4,5,1889,False,"25 Anna-Porsgrund-800 poles, 2,924 pcs. mining timber, 397 props-Victor Nilsson & Co."
18890504p.440_p002.txt,23,Kaleb,Skien,HARTLEPOOL (WEST),"1,745 pcs. square timber, 1,089 props",E. A. Casper & Co.,25,4,1889,4,5,1889,False,"25 Kaleb-Skien-1,745 pcs. square timber, 1,089 props-E. A. Casper & Co."
18890504p.440_p003.txt,11,Eolus,Pensacola,WHITEHAVEN,"1,343 pcs. pitch pine timber, 175 pitch pine deals",J. Jackson,29,4,1889,4,5,1889,False,"April 29 Eolus-Pensacola-1,343 pcs. pitch pine timber, 175 pitch pine deals-J. Jackson"
18890504p.440_p003.txt,13,Altona,Gothenburg,YARMOUTH,"11,820 deals and battens, 29,544 fir boards, 21 lds. firewood",Order,29,4,1889,4,5,1889,False,"April 29 Altona-Gothenburg-11,820 deals and battens, 29,544 fir boards, 21 lds. firewood-Order"
18890504p.440_p003.txt,17,Marie,Drammen,BELFAST,"46,248 fir boards",R. Johnston,23,4,1889,4,5,1889,False,"April 23 Marie-Drammen-46,248 fir boards-R. Johnston"
18890504p.440_p003.txt,18,Donald Ferguson,Apalachicola,BELFAST,"200 pcs. hewn pine, 217 pcs. sawn pine, 285 deals, 2,485 boards Robb Bros.",,24,4,1889,4,5,1889,False,"24 Donald Ferguson-Apalachicola-200 pcs. hewn pine, 217 pcs. sawn pine, 285 deals, 2,485 boards Robb Bros."
18890504p.440_p003.txt,21,Silistria,Sapello,CORK,"134 pcs. hewn pitch pine, 701 pcs. sawn pitch pine, 159 deals",J. J. Eustace & Co.,24,4,1889,4,5,1889,False,"April 24 Silistria-Sapello-134 pcs. hewn pitch pine, 701 pcs. sawn pitch pine, 159 deals-J. J. Eustace & Co."
18890504p.440_p003.txt,23,Hildar,Laguna,DUBLIN,"147 pcs. mahogany, 47 ends, 67 pcs. logwood",R. Martin & Co.,29,4,1889,4,5,1889,False,"April 29 Hildar-Laguna-147 pcs. mahogany, 47 ends, 67 pcs. logwood-R. Martin & Co."
18890504p.440_p003.txt,25,Rubens,Drammen,LONDONDERRY,6 lds. sawn fir,MacDevette & Donnell,23,4,1889,4,5,1889,False,April 23 Rubens-Drammen-6 lds. sawn fir-MacDevette & Donnell
18890504p.440_p003.txt,27,Oskar,"Brunswick, Georgia",SLIGO,"130 lds. hewn fir, 1,105 pcs. sawn fir",O. Connor,27,4,1889,4,5,1889,False,"April 27 Oskar-Brunswick, Georgia-130 lds. hewn fir, 1,105 pcs. sawn fir-O. Connor"
18890504p.440_p003.txt,29,Lina,Darien,WATERFORD,"125 pcs. pitch pine, 808 pcs. sawn pine, 293 pitch pine planks",J. P. Graves & Co.,24,4,1889,4,5,1889,False,"April 24 Lina-Darien-125 pcs. pitch pine, 808 pcs. sawn pine, 293 pitch pine planks-J. P. Graves & Co."
18890504p.4_p001.txt,11,Carolina,Gothenburg,ALLOA,"25,732 pit props",J. L. Johanson & Co.,24,4,1889,4,5,1889,False,"April 24 Carolina-Gothenburg-25,732 pit props-J. L. Johanson & Co."
18890504p.4_p001.txt,13,Terje Viken,Porsgrund,ALLOA,"12, 619 pit props_ Kirkwood & Co.",,26,4,1889,4,5,1889,False,"26 Terje Viken-Porsgrund-12, 619 pit props_ Kirkwood & Co."
18890504p.4_p001.txt,15,Marie,Tonsberg,ALLOA,142 lds. pit props,Jas. Cairns,27,4,1889,4,5,1889,False,27 Marie-Tonsberg-142 lds. pit props-Jas. Cairns
18890504p.4_p001.txt,18,Scandinavia,Skien,ALLOA,"14,371 pit props",Kirkwood & Co.,29,4,1889,4,5,1889,False,"29 Scandinavia-Skien-14,371 pit props-Kirkwood & Co."
18890504p.4_p001.txt,25,Urda,Christiansand,BORROWSTOUNNESS,"9,331 pcs. pit",wood-John Denholm & Co.,29,4,1889,4,5,1889,False,"April 29 Urda-Christiansand-9,331 pcs. pit-wood-John Denholm & Co."
18890504p.4_p001.txt,29,Neptunus,Gothenburg,DUNDEE,"7,343 fir deals and battens",Jas. Donaldson & Son,29,4,1889,4,5,1889,False,"April 29 Neptunus-Gothenburg-7,343 fir deals and battens-Jas. Donaldson & Son"
18890504p.4_p002.txt,7,Jane,Christiansand,MONTROSE,"54,500 birch staves",J. Johnston & Sons,27,4,1889,4,5,1889,False,"April 27 Jane-Christiansand-54,500 birch staves-J. Johnston & Sons"
18890504p.440_p002.txt,5,Anund Tveten,Porsgrund,CHESTER,"9,755 mining poles and props",R. Grandidge,20,4,1889,4,5,1889,False,"April 20 Anund Tveten - Porsgrund-9,755 mining poles and props-R. Grandidge"
18890504p.440_p002.txt,6,Omon,Fredrikstad,CHESTER,"20,511 fir boards, 5,832 slating battens",Chas. Jones & Sons,26,4,1889,4,5,1889,False,"26 Omon-Fredrikstad-20,511 fir boards, 5,832 slating battens-Chas. Jones & Sons"
18890504p.440_p002.txt,8,Ethel,Drammen,COLCHESTER,"5,088 pcs. sawn fir",Brown & Sons,23,4,1889,4,5,1889,False,"April 23 Ethel-Drammen-5,088 pcs. sawn fir-Brown & Sons"
18890504p.440_p002.txt,10,Ilo,"Christiania 187 lds. hewn fir, 33 lds. sawn fir, 17 lds. firewood",DOVER,Finnis & Son,,18,4,1889,4,5,1889,False,"April 18 Ilo-Christiania 187 lds. hewn fir, 33 lds. sawn fir, 17 lds. firewood-Finnis & Son"
18890504p.440_p002.txt,12,Veritas,"St. John, N.B.",FLEETWOOD,"31,205 fir deals",H. & G. Curwen & Co.,26,4,1889,4,5,1889,False,"April 26 Veritas-St. John, N.B.-31,205 fir deals-H. & G. Curwen & Co."
18890504p.440_p002.txt,14,Concordia,Grimstadt,GLOUCESTER,"20,808 deals",T. Adams & Co.,23,4,1889,4,5,1889,False,"April 23 Concordia-Grimstadt-20,808 deals-T. Adams & Co."
18890504p.440_p002.txt,16,Gipsy Queen,Gothenburg,HARTLEPOOL (WEST),"808 deals and battens, 1,693 posts, 14,855 rails, 5,000 sleepers, 3,793 props, 6,915 poles, 3,156 bdlk. laths","T. Barraclough ; 9,358 props-Rayner & Moller",23,4,1889,4,5,1889,True,"April 23 Gipsy Queen -Gothenburg-808 deals and battens, 1,693 posts, 14,855 rails, 5,000 sleepers, 3,793 props, 6,915 poles, 3,156 bdlk. laths-T. Barraclough ; 9,358 props-Rayner & Moller"
18890504p.440_p002.txt,17,Gotlies,Halmstad,HARTLEPOOL (WEST),"5,600 props",Forslind,23,4,1889,4,5,1889,False,"23 Gotlies-Halmstad-5,600 props-Forslind"
18890504p.440_p002.txt,18,Marie,Carlshamn,HARTLEPOOL (WEST),270 lds. props,Nilsson & Co.,23,4,1889,4,5,1889,False,23 Marie-Carlshamn-270 lds. props-Nilsson & Co.
18890504p.440_p002.txt,19,Uhlenhorst,Windau,HARTLEPOOL (WEST),"17,271 deals and battens","R. Wade, Sons, & Co.",23,4,1889,4,5,1889,False,"23 Uhlenhorst-Windau-17,271 deals and battens-R. Wade, Sons, & Co."
18890504p.440_p002.txt,20,Thor,Falkenberg,HARTLEPOOL (WEST),130 lds. props,Moller,24,4,1889,4,5,1889,False,24 Thor-Falkenberg-130 lds. props-Moller
18890504p.440_p002.txt,21,Hebe,Christiania,HARTLEPOOL (WEST),"5,681 pcs. mining timber, 4,889 pcs. hewn fir",H. Erichsen & Co.,25,4,1889,4,5,1889,False,"25 Hebe-Christiania-5,681 pcs. mining timber, 4,889 pcs. hewn fir-H. Erichsen & Co."
18890504p.440_p002.txt,22,Anna,Porsgrund,HARTLEPOOL (WEST),"800 poles, 2,924 pcs. mining timber, 397 props",Victor Nilsson & Co.,25,4,1889,4,5,1889,False,"25 Anna-Porsgrund-800 poles, 2,924 pcs. mining timber, 397 props-Victor Nilsson & Co."
18890504p.440_p002.txt,23,Kaleb,Skien,HARTLEPOOL (WEST),"1,745 pcs. square timber, 1,089 props",E. A. Casper & Co.,25,4,1889,4,5,1889,False,"25 Kaleb-Skien-1,745 pcs. square timber, 1,089 props-E. A. Casper & Co."
18890504p.440_p003.txt,11,Eolus,Pensacola,WHITEHAVEN,"1,343 pcs. pitch pine timber, 175 pitch pine deals",J. Jackson,29,4,1889,4,5,1889,False,"April 29 Eolus-Pensacola-1,343 pcs. pitch pine timber, 175 pitch pine deals-J. Jackson"
18890504p.440_p003.txt,13,Altona,Gothenburg,YARMOUTH,"11,820 deals and battens, 29,544 fir boards, 21 lds. firewood",Order,29,4,1889,4,5,1889,False,"April 29 Altona-Gothenburg-11,820 deals and battens, 29,544 fir boards, 21 lds. firewood-Order"
18890504p.440_p003.txt,17,Marie,Drammen,BELFAST,"46,248 fir boards",R. Johnston,23,4,1889,4,5,1889,False,"April 23 Marie-Drammen-46,248 fir boards-R. Johnston"
18890504p.440_p003.txt,18,Donald Ferguson,Apalachicola,BELFAST,"200 pcs. hewn pine, 217 pcs. sawn pine, 285 deals, 2,485 boards Robb Bros.",,24,4,1889,4,5,1889,False,"24 Donald Ferguson-Apalachicola-200 pcs. hewn pine, 217 pcs. sawn pine, 285 deals, 2,485 boards Robb Bros."
18890504p.440_p003.txt,21,Silistria,Sapello,CORK,"134 pcs. hewn pitch pine, 701 pcs. sawn pitch pine, 159 deals",J. J. Eustace & Co.,24,4,1889,4,5,1889,False,"April 24 Silistria-Sapello-134 pcs. hewn pitch pine, 701 pcs. sawn pitch pine, 159 deals-J. J. Eustace & Co."
18890504p.440_p003.txt,23,Hildar,Laguna,DUBLIN,"147 pcs. mahogany, 47 ends, 67 pcs. logwood",R. Martin & Co.,29,4,1889,4,5,1889,False,"April 29 Hildar-Laguna-147 pcs. mahogany, 47 ends, 67 pcs. logwood-R. Martin & Co."
18890504p.440_p003.txt,25,Rubens,Drammen,LONDONDERRY,6 lds. sawn fir,MacDevette & Donnell,23,4,1889,4,5,1889,False,April 23 Rubens-Drammen-6 lds. sawn fir-MacDevette & Donnell
18890504p.440_p003.txt,27,Oskar,"Brunswick, Georgia",SLIGO,"130 lds. hewn fir, 1,105 pcs. sawn fir",O. Connor,27,4,1889,4,5,1889,False,"April 27 Oskar-Brunswick, Georgia-130 lds. hewn fir, 1,105 pcs. sawn fir-O. Connor"
18890504p.440_p003.txt,29,Lina,Darien,WATERFORD,"125 pcs. pitch pine, 808 pcs. sawn pine, 293 pitch pine planks",J. P. Graves & Co.,24,4,1889,4,5,1889,False,"April 24 Lina-Darien-125 pcs. pitch pine, 808 pcs. sawn pine, 293 pitch pine planks-J. P. Graves & Co."
18890511p.464_p001.txt,21,Otto,Darien,BEAUMARIS,"515 pcs. pitch pine, 469 pitch pine deals",P. & H. Lewis,30,4,1889,11,5,1889,False,"April 30 Otto-Darien-515 pcs. pitch pine, 469 pitch pine deals-P. & H. Lewis"
18890511p.464_p001.txt,23,Breslau,Danzig,BOSTON,450 lds. fir sleepers,Gabriel & Son,2,5,1889,11,5,1889,False,May 2 Breslau-Danzig-450 lds. fir sleepers-Gabriel & Son
18890511p.464_p001.txt,25,Borussia,Danzig,BOSTON,"359 lds. hewn fir, 6 lds. sawn fir",Harrison & Lewin,6,5,1889,11,5,1889,False,"6 Borussia-Danzig-359 lds. hewn fir, 6 lds. sawn fir-Harrison & Lewin"
18890511p.464_p001.txt,27,Montreal,Portland,BRISTOL,215 pkgs. broom handles,"E. A. & W. Greenslade; 9,169 boards, 2,665 deals-Taylor & Low Bros.; 1,406 red pine deals, 4,207 red pine deals, 4,207 red pine boards-Price & Pierce",2,5,1889,11,5,1889,False,"May 2 Montreal-Portland-215 pkgs. broom handles-E. A. & W. Greenslade; 9,169 boards, 2,665 deals-Taylor & Low Bros.; 1,406 red pine deals, 4,207 red pine deals, 4,207 red pine boards-Price & Pierce"
18890511p.464_p001.txt,28,Dominion,Baltimore,BRISTOL,144 oak planks,Alexanders & Co.; 114 oak planks-Batchelor & Co.; 470 pps. staves-J. Heaven & Son,6,5,1889,11,5,1889,True,6 Dominion -Baltimore-144 oak planks-Alexanders & Co.; 114 oak planks-Batchelor & Co.; 470 pps. staves-J. Heaven & Son
18890511p.464_p001.txt,30,Neptun,Uddevalla,BLYTH,"31,299 pit props",T. Atkinson,30,4,1889,11,5,1889,False,"April 30 Neptun-Uddevalla-31,299 pit props-T. Atkinson"
18890511p.464_p001.txt,32,Maria Joaquina,Carril,CARDIFF,280 lds. pit,"wood-Manzanos, Cristobal, & Co.",30,4,1889,11,5,1889,False,"April 30 Maria Joaquina-Carril-280 lds. pit-wood-Manzanos, Cristobal, & Co."
18890511p.464_p001.txt,39,Guldregn,Pensacola,CARDIFF,"169 pcs. hewn fir, 1,033 pcs. sawn fir, 383 deals",Morris,1,5,1889,11,5,1889,False,"May 1 Guldregn-Pensacola-169 pcs. hewn fir, 1,033 pcs. sawn fir, 383 deals-Morris"
18890511p.464_p001.txt,41,Elie,Ferrol,CARDIFF,200 lds. pitwood,Order,2,5,1889,11,5,1889,False,2 Elie-Ferrol-200 lds. pitwood-Order
18890511p.464_p001.txt,43,J. P. Lassen,Risoer,CARDIFF,137 lds. pitwood,Wm. Thomas,4,5,1889,11,5,1889,False,4 J. P. Lassen-Risoer-137 lds. pitwood-Wm. Thomas
18890511p.464_p001.txt,46,Jupiter,Nantes,CARDIFF,160 lds. pitwood,Order,6,5,1889,11,5,1889,False,6 Jupiter-Nantes-160 lds. pitwood-Order
18890511p.464_p001.txt,49,Hope,Darien,CARNARVON,"103 pcs. hewn pine, 164 pcs. sawn pine, 674 sawn deals",Owen,30,4,1889,11,5,1889,False,"April 30 Hope-Darien-103 pcs. hewn pine, 164 pcs. sawn pine, 674 sawn deals-Owen"
18890511p.464_p001.txt,51,Louise,Gothenburg,CASTLETOWN (ISLE OF MAN),"3,347 deals and battens, 1,152 flooring boards",Coole,2,5,1889,11,5,1889,False,"May 2 Louise-Gothenburg-3,347 deals and battens, 1,152 flooring boards-Coole"
18890511p.464_p001.txt,53,Lovespring,Porsgrund,CHESTER,"4,302 mining poles and props",T. Parry & Co.,30,4,1889,11,5,1889,False,"April 30 Lovespring-Porsgrund-4,302 mining poles and props-T. Parry & Co."
18890511p.464_p001.txt,55,Juno,Drammen,FLEETWOOD,"1,389 lds. boards",H. & G. Curwen & Co.,3,5,1889,11,5,1889,True,"May 3 Juno -Drammen-1,389 lds. boards-H. & G. Curwen & Co."
18890511p.464_p001.txt,57,Nordstjernen,"Doboy 312 lds. hewn fir, 278 lds. sawn fir, 158 deals",GLOUCESTER,Booth & Co.,,30,4,1889,11,5,1889,False,"April 30 Nordstjernen-Doboy 312 lds. hewn fir, 278 lds. sawn fir, 158 deals-Booth & Co."
18890511p.464_p001.txt,59,Mandarin,Fredrikshald,GLOUCESTER,"34,685 deals","Price, Walker, & Co.",6,5,1889,11,5,1889,False,"May 6 Mandarin-Fredrikshald-34,685 deals-Price, Walker, & Co."
18890511p.464_p001.txt,61,Ida Mathilde,Stettin,GRIMSBY,"1,088 pcs. oak",Bennetts & Co.,1,5,1889,11,5,1889,False,"May 1 Ida Mathilde-Stettin-1,088 pcs. oak-Bennetts & Co."
18890511p.464_p001.txt,63,C. F. Naas,"Stettin 892 oak logs, 279 pcs. fir timber",GRIMSBY,Bennetts & Co.,,4,5,1889,11,5,1889,False,"4 C. F. Naas-Stettin 892 oak logs, 279 pcs. fir timber-Bennetts & Co."
18890511p.464_p001.txt,65,Nanna,Skien,HARTLEPOOL (WEST),"1,194 pcs. square timber, 909 props",G. Horsley & Co.,30,4,1889,11,5,1889,False,"April 30 Nanna-Skien-1,194 pcs. square timber, 909 props-G. Horsley & Co."
18890511p.464_p001.txt,83,Lehna,Memel,"MAY 11, 1889","40,248 staves","Pickford & Co.; 1,200 staves-Harrison & Singleton",1,5,1889,11,5,1889,False,"May 1 Lehna-Memel-40,248 staves-Pickford & Co.; 1,200 staves-Harrison & Singleton"
18890511p.464_p001.txt,85,Gogen,Stettin,"MAY 11, 1889","122,460 pcs. hewn fir",Rayner & Moller,2,5,1889,11,5,1889,True,"2 Gogen -Stettin-122,460 pcs. hewn fir-Rayner & Moller"
18890511p.464_p002.txt,3,Roman de Larrinaga,New Orleans,LIVERPOOL,"14,400 staves","Ellison, Murphy, & Co. ; 288 pcs. lumber-Order",9,5,1889,11,5,1889,False,"May 9 Roman de Larrinaga-New Orleans-14,400 staves-Ellison, Murphy, & Co. ; 288 pcs. lumber-Order"
18890511p.464_p002.txt,23,Philotaxe,Porsgrund,SURREY COMMERCIAL DOCKS,28 stds. planed boards,"F. Briesemann & Co. ; 28 fms. firewood-Frampe & Flood ; 33 fms. firewood-Order ; from Skien-35 fms. firewood, 39 stds. deals and battens-Duus, Brown, & Co.",2,5,1889,11,5,1889,False,"May 2 Philotaxe-Porsgrund-28 stds. planed boards-F. Briesemann & Co. ; 28 fms. firewood-Frampe & Flood ; 33 fms. firewood-Order ; from Skien-35 fms. firewood, 39 stds. deals and battens-Duus, Brown, & Co."
18890511p.464_p002.txt,46,Calla,Laurvig,REGENT'S CANAL DOCKS,150 fms. firewood,"With, Webster, & Co.",2,5,1889,11,5,1889,False,"May 2 Calla-Laurvig-150 fms. firewood-With, Webster, & Co."
18890511p.464_p002.txt,48,Duke of Westminster,New York,ROYAL ALBERT DOCKS,200 pcs. lumber,"G. Neighbour & Sons ; 106 pcs. lumber-C. Gold & Co. ; 1,234 pcs. lumber-J. H. Leash & Co. ; 275 brls. bungs -H. Stopes & Co. ; 8,368 pcs., 2 cars boards, 2,980 staves-Churchill & Sim ; 31 bdls. hoops,",3,5,1889,11,5,1889,True,"May 3 Duke of Westminster -New York-200 pcs. lumber-G. Neighbour & Sons ; 106 pcs. lumber-C. Gold & Co. ; 1,234 pcs. lumber-J. H. Leash & Co. ; 275 brls. bungs -H. Stopes & Co. ; 8,368 pcs., 2 cars boards, 2,980 staves-Churchill & Sim ; 31 bdls. hoops, 141 brls. skewers, 594 bdls. headings, 1,655 bdls. staves-Order"
18890511p.464_p002.txt,60,Magnus Barfod,Hommelvik,GRAYS,2 fms. firewood,"With, Webster, & Co. ; 1,082,650 staves-Order",3,5,1889,11,5,1889,True,"May 3 Magnus Barfod -Hommelvik-2 fms. firewood-With, Webster, & Co. ; 1,082,650 staves-Order"
18890511p.464_p002.txt,62,Argyle,Konigsberg,HANOVER HOLE,"5,188 sleepers",Order,6,5,1889,11,5,1889,True,"May 6 Argyle -Konigsberg-5,188 sleepers-Order"
18890511p.464_p002.txt,64,Hermann,Fredrikshald,NORTHFLEET,"584,200 staves","Duus, Brown & Co.",4,5,1889,11,5,1889,False,"May 4 Hermann-Fredrikshald-584,200 staves-Duus, Brown & Co."
18890511p.464_p002.txt,66,Hans Krohn,Memel,REGENT'S WHARF,"11,050 sleeper blocks",Order,6,5,1889,11,5,1889,True,"May 6 Hans Krohn -Memel-11,050 sleeper blocks-Order"
18890511p.464_p002.txt,68,Maharajah,Danzic,SILVERTOWN,"1,245 sleepers, 935 sleeper blocks",Order,7,5,1889,11,5,1889,True,"May 7 Maharajah -Danzic-1,245 sleepers, 935 sleeper blocks-Order"
18890511p.464_p002.txt,70,Annie,Danzig,OTHER DOCKS AND WHARVES,173 pcs. scantlings,Order,6,5,1889,11,5,1889,True,May 6 Annie -Danzig-173 pcs. scantlings-Order
18890511p.464_p002.txt,72,Guldberg,Halmstad,LITTLEHAMPTON,"11,034 battens",John Eede Butt & Sons,6,5,1889,11,5,1889,False,"May 6 Guldberg-Halmstad-11,034 battens-John Eede Butt & Sons"
18890511p.464_p002.txt,74,Hunstanton,Memel,LYNN,"12,442 deals scantlings, 587 pcs. bewn fir, 24 pcs. hewn oak, 600 staves,1,228 blds. lathwood","Thoson, Pattrick, & Woodward",6,4,1889,11,5,1889,True,"April 6 Hunstanton -Memel-12,442 deals scantlings, 587 pcs. bewn fir, 24 pcs. hewn oak, 600 staves,1,228 blds. lathwood-Thoson, Pattrick, & Woodward"
18890511p.464_p002.txt,76,Agder,Skien,MIDDLESBROUGH,"326 pcs. square timber, 1,957 props",W. J. Watson & Co.,1,5,1889,11,5,1889,True,"May 1 Agder -Skien-326 pcs. square timber, 1,957 props-W. J. Watson & Co."
18890511p.464_p002.txt,81,Primus,Halmstad,NEWHAVEN,"17,741 fir battens",John Hunt & Co.,3,5,1889,11,5,1889,False,"May 3 Primus-Halmstad-17,741 fir battens-John Hunt & Co."
18890511p.464_p002.txt,83,Thos. Coats,Bordeaux,NEWPORT,"1,000 lds. pitwood","Newport (Mon.) Pitwood Co., Lim.",30,4,1889,11,5,1889,True,"April 30 Thos. Coats -Bordeaux-1,000 lds. pitwood-Newport (Mon.) Pitwood Co., Lim."
18890511p.464_p002.txt,84,J. B. H.,Rivadeo,NEWPORT,350 lds. hewn fir,Tapson,1,5,1889,11,5,1889,False,May 1 J. B. H.-Rivadeo-350 lds. hewn fir-Tapson
18890511p.464_p002.txt,90,Preference,Gothenburg,PORTSMOUTH,"25,542 battens and boards",H. Moody,6,5,1889,11,5,1889,False,"May 6 Preference-Gothenburg-25,542 battens and boards-H. Moody"
18890511p.464_p002.txt,91,Norrkoping,441 srds. deals and battens,PORTSMOUTH,Order,,6,5,1889,11,5,1889,False,May 6 Norrkoping-441 srds. deals and battens-Order
18890511p.464_p002.txt,94,Egyptian Monarch,New York,MILLWALL DOCKS,239 pcs. oak,"B. F. Dowdeswell ; 1,296 pcs., 16 pcs. lumber-H. Herrmann ; 2,455 staves-Churchill & Sim ; 485 bdls. hoops, 147 pcs. wood, 2,518 doors-Order",1,5,1889,11,5,1889,True,"May 1 Egyptian Monarch -New York-239 pcs. oak-B. F. Dowdeswell ; 1,296 pcs., 16 pcs. lumber-H. Herrmann ; 2,455 staves-Churchill & Sim ; 485 bdls. hoops, 147 pcs. wood, 2,518 doors-Order"
18890511p.464_p002.txt,95,Gothenburg,419 deals,MILLWALL DOCKS,"B. Peterson ; 1,000 bdls. laths","Foy, Morgan, & Co. ; 250 stds. deals-M. D. Co. ; 120 boxboards-T. Gabriel ; 400 doz. deals, 1,102 doz. deals and battens, 10 fms. firewood-Order",2,5,1889,11,5,1889,False,"May 2 Gothenburg-419 deals-B. Peterson ; 1,000 bdls. laths-Foy, Morgan, & Co. ; 250 stds. deals-M. D. Co. ; 120 boxboards-T. Gabriel ; 400 doz. deals, 1,102 doz. deals and battens, 10 fms. firewood-Order"
18890511p.464_p002.txt,101,Thekla Maria,Gothenburg,RAMSGATE,"22,285 battens and boards",J. Adams,6,5,1889,11,5,1889,False,"May 6 Thekla Maria-Gothenburg-22,285 battens and boards-J. Adams"
18890511p.464_p002.txt,103,Christiane,Drammen,ROCHESTER,"600,100 fir staves",S. Booth & Co.,3,5,1889,11,5,1889,False,"May 3 Christiane-Drammen-600,100 fir staves -S. Booth & Co."
18890511p.464_p002.txt,105,Nordsoen,Drammen,ROCHESTER,"468,665 fir staves","Formby's Cement Works Co., Ltd.",3,5,1889,11,5,1889,False,"3 Nordsoen-Drammen-468,665 fir staves-Formby's Cement Works Co., Ltd."
18890511p.464_p002.txt,108,Feodor,Libau,SHOREHAM,"4 lds. spar ends, 3 lds. fir",Muggeridge,30,4,1889,11,5,1889,False,"April 30 Feodor-Libau-4 lds. spar ends, 3 lds. fir-Muggeridge"
18890511p.464_p002.txt,110,Amanda,Gothenburg,SOUTHAMPTON,"11,207 pcs. sawn fir","Dolton, Bournes, & Dolton",4,5,1889,11,5,1889,False,"May 4 Amanda-Gothenburg-11,207 pcs. sawn fir-Dolton, Bournes, & Dolton"
18890511p.464_p002.txt,112,Emma,Stettin,SUNDERLAND,203 lds. hewn oak,"Jowina-Stettin-384 pcs. redwood fir-Armstrong, Addison, & Co. ; 182 pcs. hewn fir-John Thompson & Son ; 104 pcs. sawn oak -J. & W. Wilson & Sons",30,4,1889,11,5,1889,False,"April 30 Emma-Stettin-203 lds. hewn oak-Jowina-Stettin-384 pcs. redwood fir-Armstrong, Addison, & Co. ; 182 pcs. hewn fir-John Thompson & Son ; 104 pcs. sawn oak -J. & W. Wilson & Sons"
18890511p.464_p002.txt,116,Ariel,Warberg,SUNDERLAND,"30,588 props",Mitshel,1,5,1889,11,5,1889,False,"May 1 Ariel-Warberg-30,588 props-Mitshel"
18890511p.464_p002.txt,119,Martha,Danzig,SUNDERLAND,"18,718 beechwood chocks",Charles Calder & Co.,2,5,1889,11,5,1889,False,"2 Martha-Danzig-18,718 beechwood chocks -Charles Calder & Co."
18890511p.464_p002.txt,121,Petronella,Fredrikshald,SUNDERLAND,"460 birch props, 12,282 pit props",Rayner & Moller,3,5,1889,11,5,1889,False,"3 Petronella - Fredrikshald-460 birch props, 12,282 pit props-Rayner & Moller"
18890511p.464_p002.txt,122,St. Thomas,Christiania,SUNDERLAND,"18,706 fir spars",Marquis of Londonderry,4,5,1889,11,5,1889,False,"4 St. Thomas-Christiania-18,706 fir spars-Marquis of Londonderry"
18890511p.464_p002.txt,123,Herdis,Tvedestrand,SUNDERLAND,"6,734 pit props",Moller,6,5,1889,11,5,1889,False,"6 Herdis-Tvedestrand-6,734 pit props-Moller"
18890511p.464_p002.txt,126,Reine Elizabeth,Vannes,SWANSEA,80 lds. pitwood,North's Navigation Collieries (1889) Lim.,30,4,1889,11,5,1889,False,April 30 Reine Elizabeth-Vannes-80 lds. pitwood-North's Navigation Collieries (1889) Lim.
18890511p.464_p002.txt,127,Esperance,Binic,SWANSEA,160 lds. pit props,L. G. Mouchel,2,5,1889,11,5,1889,False,May 2 Esperance-Binic-160 lds. pit props-L. G. Mouchel
18890511p.464_p002.txt,135,Colonel Cassaigne,Nantes,SWANSEA,70 lds. pit props,William Bevan,3,5,1889,11,5,1889,False,3 Colonel Cassaigne-Nantes-70 lds. pit props-William Bevan
18890511p.464_p002.txt,136,W. W. d'Esperance,St. Malo,SWANSEA,210 lds. pitwood,North's Navigation Collieries,4,5,1889,11,5,1889,False,4 W. W. d'Esperance-St. Malo-210 lds. pitwood-North's Navigation Collieries
18890511p.464_p002.txt,139,Pluvier,Bordeaux,SWANSEA,175 lds. pitwood,Cook,6,5,1889,11,5,1889,False,6 Pluvier-Bordeaux-175 lds. pitwood-Cook
18890511p.464_p002.txt,142,Berhardina Saltan,"21,093 props",TYNE,Osbeck & Co.,,1,5,1889,11,5,1889,False,"May 1 Berhardina Saltan-21,093 props-Osbeck & Co."
18890511p.464_p002.txt,143,Columbus,Holmestrand,TYNE,"26,067 pit props",Order,2,5,1889,11,5,1889,False,"2 Columbus-Holmestrand-26,067 pit props-Order"
18890511p.464_p002.txt,145,Eden,Laurvig,TYNE,"899 pcs. partly sq. timber, 941 pcs. mining timber",Order,3,5,1889,11,5,1889,False,"3 Eden-Laurvig-899 pcs. partly sq. timber, 941 pcs. mining timber-Order"
18890511p.464_p002.txt,146,Dorette,Slite,TYNE,"18,835 hewn props",Order,4,5,1889,11,5,1889,False,"4 Dorette-Slite-18,835 hewn props-Order"
18890511p.464_p002.txt,149,Orrik,Gothenburg,TYNE,"2,428 pit props",Order ; 250 doors-J. Scott,6,5,1889,11,5,1889,True,"6 Orrik -Gothenburg-2,428 pit props-Order ; 250 doors-J. Scott"
18890511p.464_p002.txt,152,Talisman,Holmestrand,TYNE,"27,573 pit props, 22,535 props",Order,7,5,1889,11,5,1889,False,"7 Talisman-Holmestrand-27,573 pit props, 22,535 props-Order"
18890511p.464_p003.txt,4,Vera,Fiume,WEYMOUTH,15 lds. oak boards,William Butt,6,5,1889,11,5,1889,True,May 6 Vera -Fiume-15 lds. oak boards-William Butt
18890511p.464_p003.txt,7,Marie,Memel,WISBECH,"260 lds. fir timber, 25 lds. lathwood","Stanley, Bristow, & Copley",3,5,1889,11,5,1889,False,"May 3 Marie-Memel-260 lds. fir timber, 25 lds. lathwood-Stanley, Bristow, & Copley"
18890511p.464_p003.txt,10,Otto,Skien,YARMOUTH,"392,085 staves, 13 lds. firewood",G. H. Newton,30,4,1889,11,5,1889,False,"April 30 Otto-Skien-392,085 staves, 13 lds. firewood-G. H. Newton"
18890511p.464_p003.txt,11,Carl,Stettin,YARMOUTH,"35 lds. hewn fir, 163 lds. hewn oak",Jewson & Sons,1,5,1889,11,5,1889,False,"May 1 Carl-Stettin-35 lds. hewn fir, 163 lds. hewn oak-Jewson & Sons"
18890511p.464_p003.txt,16,Orontes,"St. John, N.B.",BELFAST,"21,669 spruce deals",Robb Bros.,30,4,1889,11,5,1889,False,"April 30 Orontes-St. John, N.B.-21,669 spruce deals-Robb Bros."
18890511p.464_p003.txt,17,City of Amsterdam,Rotterdam,BELFAST,"1,290 bdls. hoops",J. C. Pinkerton,1,5,1889,11,5,1889,False,"May 1 City of Amsterdam-Rotterdam-1,290 bdls. hoops-J. C. Pinkerton"
18890511p.464_p003.txt,18,Bengore Head,"Baltimore 268 pcs. oak, 9,720 staves",BELFAST,G. Heyn & Sons,,3,5,1889,11,5,1889,False,"3 Bengore Head-Baltimore 268 pcs. oak, 9,720 staves-G. Heyn & Sons"
18890511p.464_p003.txt,22,Eva,Apalachicola,LIMERICK,"518 logs sawn pine, 248 deals",R. McDonnell,30,4,1889,11,5,1889,False,"April 30 Eva-Apalachicola-518 logs sawn pine, 248 deals-R. McDonnell"
18890511p.464_p003.txt,25,North,San Francisco,LONDONDERRY,20 lds. dunnage boards John W. Corbett,,30,4,1889,11,5,1889,False,April 30 North-San Francisco-20 lds. dunnage boards John W. Corbett
18890511p.5.txt,5,Peritia,Windau,ABERDEEN,"9,609 pit props",Thos. Tait & Sons,2,5,1889,11,5,1889,True,"May 2 Peritia -Windau-9,609 pit props-Thos. Tait & Sons"
18890511p.5.txt,7,Maria,Sandefjord,ALLOA,"33,257 pit props",Madsen & Borck,30,4,1889,11,5,1889,False,"April 30 Maria-Sandefjord-33,257 pit props-Madsen & Borck"
18890511p.5.txt,14,Skulda,Holmestrand,ALLOA,"6,265 pit props",T. Spowart & Co.,2,5,1889,11,5,1889,False,"May 2 Skulda-Holmestrand-6,265 pit props-T. Spowart & Co."
18890511p.5.txt,18,Otto,Christiania,ALLOA,"12,684 props",C. Salvesen & Co.,3,5,1889,11,5,1889,False,"3 Otto-Christiania-12,684 props-C. Salvesen & Co."
18890511p.5.txt,20,Wemyss Castle,Laurvig,ALLOA,"22,885 props",Kennedy & Co.,4,5,1889,11,5,1889,False,"4 Wemyss Castle-Laurvig-22,885 props-Kennedy & Co."
18890511p.5.txt,23,Kirk,Krageroe,BORROWSTOUNNESS,"4,944 battens",Thomson,30,4,1889,11,5,1889,False,"April 30 Kirk-Krageroe-4,944 battens-Thomson"
18890511p.5.txt,24,Peter,Christiania,BORROWSTOUNNESS,"15,509 props",Love,1,5,1889,11,5,1889,False,"May 1 Peter-Christiania-15,509 props-Love"
18890511p.5.txt,26,Regine,Fredrikshald,BORROWSTOUNNESS,"29,044 props",Love,2,5,1889,11,5,1889,False,"2 Regine-Fredrikshald-29,044 props-Love"
18890511p.5.txt,32,Sylvia,Drammen,BORROWSTOUNNESS,"46,804 pcs. pitwood",J. Denholm & Co.,4,5,1889,11,5,1889,False,"4 Sylvia-Drammen-46,804 pcs. pitwood-J. Denholm & Co."
18890511p.5.txt,35,Johanna and Lina,Stettin,DUNDEE,693 pcs. hewn fir,John Jessiman,30,4,1889,11,5,1889,False,April 30 Johanna and Lina-Stettin-693 pcs. hewn fir-John Jessiman
18890511p.5.txt,38,Bengore Head,Baltimore,GLASGOW,"21 cherry logs, 20 walnut logs","Allison, Cousland, & Co. ; 3,035 pcs. oak lumber-J. Kennedy",30,4,1889,11,5,1889,False,"April 30 Bengore Head-Baltimore-21 cherry logs, 20 walnut logs-Allison, Cousland, & Co. ; 3,035 pcs. oak lumber-J. Kennedy"
18890511p.5.txt,42,Faerder,Christiania,GRANGEMOUTH,"1,190 battens",J. T. Salvesen & Co.,29,4,1889,11,5,1889,False,"April 29 Faerder-Christiania-1,190 battens-J. T. Salvesen & Co."
18890511p.5.txt,43,Romulus,Pensacola,GRANGEMOUTH,"914 pcs. pitch pine timber, 245 pitch pine deals",Wilkie,1,5,1889,11,5,1889,False,"May 1 Romulus-Pensacola-914 pcs. pitch pine timber, 245 pitch pine deals-Wilkie"
18890511p.5.txt,44,Fido,Drontheim,GRANGEMOUTH,"8,465 deals and battens",Order,2,5,1889,11,5,1889,False,"2 Fido-Drontheim-8,465 deals and battens-Order"
18890511p.5.txt,46,Alpha,Ahus,GRANTON,"9,146 pit props",Madsen,1,5,1889,11,5,1889,False,"May 1 Alpha-Ahus-9,146 pit props-Madsen"
18890511p.5.txt,47,Endelave,Memel,GRANTON,"37,200 oak staves",W. Lindsay & Son,4,5,1889,11,5,1889,False,"4 Endelave-Memel-37,200 oak staves-W. Lindsay & Son"
18890511p.5.txt,49,Willy,Christiania,KIRKCALDY,"10,500 pit props",Bowman & Co.,30,4,1889,11,5,1889,False,"April 30 Willy-Christiania-10,500 pit props-Bowman & Co."
18890511p.5.txt,53,Nordstjernen,Christiansand,LEITH,"3,333 pit props",Preston Grange Colliery Co.,30,4,1889,11,5,1889,False,"April 30 Nordstjernen-Christiansand-3,333 pit props-Preston Grange Colliery Co."
18890511p.5.txt,55,Lidsjolf,Tvedestrand,LEITH,"502 lds. sawn fir, 973 pcs. sawn fir",C. Salvesen & Co.,2,5,1889,11,5,1889,False,"May 2 Lidsjolf-Tvedestrand-502 lds. sawn fir, 973 pcs. sawn fir-C. Salvesen & Co."
18890511p.5.txt,57,Kate,Rotterdam,LEITH,770 bdls. hoops,Geo. Gibson & Co.,3,5,1889,11,5,1889,False,3 Kate-Rotterdam-770 bdls. hoops-Geo. Gibson & Co.
18890511p.5.txt,60,Cito,Drammen,MONTROSE,"14,499 fir battens",R. Millar & Sons,30,4,1889,11,5,1889,False,"April 30 Cito-Drammen-14,499 fir battens-R. Millar & Sons"
18890511p.5.txt,62,Rosenklippe,Drontheim,PETERHEAD,"6,677 battens",A. Creighton & Co.,3,5,1889,11,5,1889,False,"May 3 Rosenklippe-Drontheim-6,677 battens-A. Creighton & Co."
18890518p.484_p002.txt,3,Fredriksborg,Memel,LOWESTOFT,"2,238 pcs. hewn fir, 1,058 pcs. sawn fir",Great Eastern Railway Co.,7,5,1889,18,5,1889,True,"May 7 Fredriksborg -Memel-2,238 pcs. hewn fir, 1,058 pcs. sawn fir-Great Eastern Railway Co."
18890518p.484_p002.txt,6,Courier,Danzig,LYNN,"132 pcs. oak, 157 pcs. fir","Thompson, Patrick, & Co.",8,5,1889,18,5,1889,False,"May 8 Courier-Danzig-132 pcs. oak, 157 pcs. fir-Thompson, Patrick, & Co."
18890518p.484_p002.txt,9,Svanen,Memel,MIDDLESBROUGH,"4,963 deals",Owners Middlesbrough Estate,7,5,1889,18,5,1889,False,"May 7 Svanen-Memel-4,963 deals-Owners Middlesbrough Estate"
18890518p.484_p002.txt,10,Alma,Gothenburg,MIDDLESBROUGH,"46,938 props, 6,534 sleepers",W. J. Watson & Co.,11,5,1889,18,5,1889,False,"11 Alma-Gothenburg-46,938 props, 6,534 sleepers-W. J. Watson & Co."
18890518p.484_p002.txt,11,Rap,Brevig,MIDDLESBROUGH,"1,300 pcs. square timber, 1,204 props",W. J. Watson & Co.,13,5,1889,18,5,1889,False,"13 Rap-Brevig-1,300 pcs. square timber, 1,204 props-W. J. Watson & Co."
18890518p.484_p002.txt,15,Gaite,Port Launay,NEWPORT,175 lds. pit props,Budd & Co.,7,5,1889,18,5,1889,False,May 7 Gaite-Port Launay-175 lds. pit props-Budd & Co.
18890518p.484_p002.txt,16,Auguste Louise,La Tremblade,NEWPORT,200 lds. pit props,Budd & Co.,8,5,1889,18,5,1889,False,8 Auguste Louise-La Tremblade-200 lds. pit props-Budd & Co.
18890518p.484_p002.txt,17,Malabar,Pont l'Abbe,NEWPORT,125 lds. pit props,Budd & Co.,9,5,1889,18,5,1889,False,9 Malabar-Pont l'Abbe-125 lds. pit props-Budd & Co.
18890518p.484_p002.txt,19,Marie Louise,Bordeaux,NEWPORT,512 lds. pitwood,"G. W. Jones, Heard, & Co.",10,5,1889,18,5,1889,False,"10 Marie Louise-Bordeaux-512 lds. pitwood-G. W. Jones, Heard, & Co."
18890518p.484_p002.txt,20,Ernest,Bordeaux,NEWPORT,800 lds. pitwood,"Newport (Mon.) Pitwood Co., Lim.",11,5,1889,18,5,1889,True,"11 Ernest -Bordeaux-800 lds. pitwood-Newport (Mon.) Pitwood Co., Lim."
18890518p.484_p002.txt,23,Paroer,Laurvig,NEWPORT,"39,220 boards and board ends, 270 spars",T. B. & S. Batchelor & Co.,13,5,1889,18,5,1889,False,"13 Paroer-Laurvig-39,220 boards and board ends, 270 spars-T. B. & S. Batchelor & Co."
18890518p.484_p002.txt,26,Montrose,Gothenburg,PLYMOUTH,"17,436 pcs. sawn fir",R. & R. Bayly,8,5,1889,18,5,1889,False,"May 8 Montrose-Gothenburg-17,436 pcs. sawn fir-R. & R. Bayly"
18890518p.484_p002.txt,29,Charles Kahl,Stettin,PLYMOUTH,787 pcs. hewn fir,R. & R. Bayly,10,5,1889,18,5,1889,False,10 Charles Kahl-Stettin-787 pcs. hewn fir-R. & R. Bayly
18890518p.484_p002.txt,32,Vigo,Drammen,POOLE,"27,193 fir boards","The Poole, Baltic, & Quebec Co., Limited",10,5,1889,18,5,1889,False,"May 10 Vigo-Drammen-27,193 fir boards-The Poole, Baltic, & Quebec Co., Limited"
18890518p.484_p002.txt,35,Sophie,Gothenburg,PORTSMOUTH,"13,389 deals and battens",Van Den Bergh & Son,11,5,1889,18,5,1889,False,"May 11 Sophie-Gothenburg-13,389 deals and battens-Van Den Bergh & Son"
18890518p.484_p002.txt,38,Sparkling Foam,Drammen,ROCHESTER,"599,961 fir staves",F. C. Barron & Co.,7,5,1889,18,5,1889,False,"May 7 Sparkling Foam-Drammen-599,961 fir staves-F. C. Barron & Co."
18890518p.484_p002.txt,41,Scotia,Drammen,ROCHESTER,"1,275,700 fir staves","Hilton, Anderson, & Co.",13,5,1889,18,5,1889,False,"13 Scotia-Drammen-1,275,700 fir staves-Hilton, Anderson, & Co."
18890518p.484_p002.txt,44,Volharding,Thisted,SCARBOROUGH,120 lds. firewood,Thos. Wilkinson,13,5,1889,18,5,1889,False,May 13 Volharding-Thisted-120 lds. firewood-Thos. Wilkinson
18890518p.484_p002.txt,47,Norden,Christiania,SOUTHAMPTON,"2,521 round spars and poles","Tagart, Morgan, & Co.",7,5,1889,18,5,1889,False,"May 7 Norden-Christiania-2,521 round spars and poles-Tagart, Morgan, & Co."
18890518p.484_p002.txt,48,Anna Elise,Gothenburg,SOUTHAMPTON,"14,560 boards and battens",E. B. Loxton,9,5,1889,18,5,1889,False,"9 Anna Elise-Gothenburg-14,560 boards and battens-E. B. Loxton"
18890518p.484_p002.txt,51,Haabet,Holmestrand,SUNDERLAND,"35,675 pit props",Hayner & Moller,7,5,1889,18,5,1889,False,"May 7 Haabet-Holmestrand-35,675 pit props-Hayner & Moller"
18890518p.484_p002.txt,63,Louis Joseph,Quimper,SWANSEA,85 lds. pitwood,North's Navigation Collieries,8,5,1889,18,5,1889,False,May 8 Louis Joseph-Quimper-85 lds. pitwood-North's Navigation Collieries
18890518p.484_p002.txt,68,Tabor,Fredrikstad,THE TIMBER TRADES JOURNAL,84 boards,Ford & Co.,9,5,1889,18,5,1889,False,9 Tabor-Fredrikstad-84 boards-Ford & Co.
18890518p.484_p002.txt,71,Techem,Quimper,THE TIMBER TRADES JOURNAL,80 lds. pitwood,North's Navigation Collieries,10,5,1889,18,5,1889,False,10 Techem-Quimper-80 lds. pitwood-North's Navigation Collieries
18890518p.484_p002.txt,72,Theophile Felix,Bordeaux,THE TIMBER TRADES JOURNAL,115 lds. pitwood,Williams & Co.,11,5,1889,18,5,1889,False,11 Theophile Felix-Bordeaux-115 lds. pitwood-Williams & Co.
18890518p.484_p002.txt,74,Rose,Redon,THE TIMBER TRADES JOURNAL,180 lds. pitwood,D. Jenkins,13,5,1889,18,5,1889,False,13 Rose-Redon-180 lds. pitwood-D. Jenkins
18890518p.484_p002.txt,83,Alia,Porsgrund,TRURO,"1,271 pcs. hewn fir, 345 pcs. sawn fir, 180 spars",Harvey & Co.,11,5,1889,18,5,1889,False,"May 11 Alia-Porsgrund-1,271 pcs. hewn fir, 345 pcs. sawn fir, 180 spars-Harvey & Co."
18890518p.484_p002.txt,86,Odin,Christiania,TYNE,"80 lds. birch props, 48 lds. pit props, 100 bales wood pulp","Order; 22 lds. spars-James Scott; from Laurvig-75 lds. planed boards, 12 lds. firewood-James Scott",7,5,1889,18,5,1889,True,"May 7 Odin -Christiania-80 lds. birch props, 48 lds. pit props, 100 bales wood pulp-Order; 22 lds. spars-James Scott; from Laurvig-75 lds. planed boards, 12 lds. firewood-James Scott"
18890518p.484_p002.txt,88,Da Capa,Namsos,TYNE,"13,274 battens",J. Scott,8,5,1889,18,5,1889,False,"8 Da Capa-Namsos-13,274 battens-J. Scott"
18890518p.484_p002.txt,89,Northern,Pensacola,TYNE,"1,609 pcs. sawn timber, 2,215 deals",J. Graham & Co.,9,5,1889,18,5,1889,True,"9 Northern -Pensacola-1,609 pcs. sawn timber, 2,215 deals-J. Graham & Co."
18890518p.484_p002.txt,94,Duisburg,Pensacola,TYNE,"1,545 pcs. square timber, 504 deals",J. Graham & Co.,10,5,1889,18,5,1889,False,"10 Duisburg-Pensacola-1,545 pcs. square timber, 504 deals-J. Graham & Co."
18890518p.484_p002.txt,95,Lector Schweigaord,Namsos,TYNE,"1,806 battens, 5,846 scantlings, 25,946 boards",Order,11,5,1889,18,5,1889,False,"11 Lector Schweigaord-Namsos-1,806 battens, 5,846 scantlings, 25,946 boards-Order"
18890518p.484_p002.txt,97,Karel,Memel,TYNE,"7,170 white deals and deal ends",Order,13,5,1889,18,5,1889,False,"13 Karel-Memel-7,170 white deals and deal ends-Order"
18890518p.484_p002.txt,103,Twelve Apostles,Stettin,WHITEHAVEN,"900 pcs. hewn fir, 160 fir sleepers",J. & W. Jackson,13,5,1889,18,5,1889,False,"May 13 Twelve Apostles-Stettin-900 pcs. hewn fir, 160 fir sleepers-J. & W. Jackson"
18890518p.484_p002.txt,106,"Ludwig Capobus, Sen.",Danzig,WISBECH,"741 pcs. sawn fir, 338 fir sleepers",English Bros.,13,5,1889,18,5,1889,False,"May 13 Ludwig Capobus, Sen.-Danzig-741 pcs. sawn fir, 338 fir sleepers-English Bros."
18890518p.484_p002.txt,110,Samson,Laurvig,YARMOUTH,"50 lds. firewood, 107,642 staves",W. Palgrave Brown & Co.,7,5,1889,18,5,1889,False,"May 7 Samson-Laurvig-50 lds. firewood, 107,642 staves-W. Palgrave Brown & Co."
18890518p.484_p002.txt,111,J. M. Nielsen,Windau,YARMOUTH,"3,924 half fir sleepers",Turrell & Torkildsen,9,5,1889,18,5,1889,False,"9 J. M. Nielsen-Windau-3,924 half fir sleepers-Turrell & Torkildsen"
18890518p.484_p002.txt,113,Kierstine Elise,Windau,YARMOUTH,"4,288 half fir sleepers",Turrell & Torkildsen,11,5,1889,18,5,1889,False,"11 Kierstine Elise-Windau-4,288 half fir sleepers-Turrell & Torkildsen"
18890518p.484_p002.txt,114,Three Sisters,Gothenburg,YARMOUTH,"7,920 deals and battens",Cushion Bros.,13,5,1889,18,5,1889,False,"13 Three Sisters-Gothenburg-7,920 deals and battens-Cushion Bros."
18890518p.484_p002.txt,118,Black Head,Riga,BELFAST,"29 lds. lathwood, 4,603 deals",G. Heyn & Sons,7,5,1889,18,5,1889,False,"May 7 Black Head-Riga-29 lds. lathwood, 4,603 deals-G. Heyn & Sons"
18890518p.484_p002.txt,120,Terlin Head,Riga,BELFAST,"2,200 deals, 603 battens, 23 lds. lathwood",G. Heyn & Sons,10,5,1889,18,5,1889,False,"10 Terlin Head-Riga-2,200 deals, 603 battens, 23 lds. lathwood-G. Heyn & Sons"
18890518p.484_p002.txt,121,Princess Alexandra,Bordeaux,BELFAST,170 bdls. hoops,J. C. Pinkerton,11,5,1889,18,5,1889,False,11 Princess Alexandra-Bordeaux-170 bdls. hoops-J. C. Pinkerton
18890518p.4_p002.txt,3,Triton,Drontheim,DUNDEE,"8,689 deals and battens",John Tessiman,9,5,1889,18,5,1889,False,"May 9 Triton-Drontheim-8,689 deals and battens-John Tessiman"
18890518p.4_p002.txt,4,Emigkert,Stettin,DUNDEE,596 pcs. hewn fir,Bell,11,5,1889,18,5,1889,False,11 Emigkert-Stettin-596 pcs. hewn fir-Bell
18890518p.4_p002.txt,6,Greata,Gothenburg,GLASGOW,"234 battens, 177 bdls. mouldings, 1,000 bdls. laths, 21 bgs. bobbins",Order,6,5,1889,18,5,1889,False,"May 6 Greata-Gothenburg-234 battens, 177 bdls. mouldings, 1,000 bdls. laths, 21 bgs. bobbins-Order"
18890518p.4_p002.txt,7,State of Georgia,New York,GLASGOW,580 pkgs. wood,ware-Singer Manufacturing Co.,7,5,1889,18,5,1889,False,7 State of Georgia-New York-580 pkgs. wood-ware-Singer Manufacturing Co.
18890518p.4_p002.txt,8,Scandinavian,Philadelphia,GLASGOW,"1,200 staves",Edmiston & Mitchells,8,5,1889,18,5,1889,False,"8 Scandinavian-Philadelphia-1,200 staves-Edmiston & Mitchells"
18890518p.4_p002.txt,9,Lord O'Neill,Baltimore,GLASGOW,"10,897 hhd. staves","Hattley Hay; 1,342 pcs. oak lumber-Edmiston & Mitchells; 1,312 pcs. oak lumber-Jas. Kennedy & Co.; 8 poplar logs-Govan & Co.; 21 whitewood logs, 123 whitewood planks, 2,026 pcs. oak lumber, 92 walnut ",9,5,1889,18,5,1889,False,"9 Lord O'Neill-Baltimore-10,897 hhd. staves-Hattley Hay; 1,342 pcs. oak lumber-Edmiston & Mitchells; 1,312 pcs. oak lumber-Jas. Kennedy & Co.; 8 poplar logs-Govan & Co.; 21 whitewood logs, 123 whitewood planks, 2,026 pcs. oak lumber, 92 walnut logs, 34 oak planks-Allison"
18890518p.4_p002.txt,11,Corean,Boston,GLASGOW,"5,400 staves",Wright & Breakenridge; 66 pcs. birch-Order,11,5,1889,18,5,1889,False,"11 Corean-Boston-5,400 staves-Wright & Breakenridge; 66 pcs. birch-Order"
18890518p.4_p002.txt,12,Ranee,Havre and Rouen,GLASGOW,35 logs wood,J. & P. Hutchison,13,5,1889,18,5,1889,False,13 Ranee-Havre and Rouen-35 logs wood-J. & P. Hutchison
18890518p.4_p002.txt,15,Emil Devrient,Stettin,GRANGEMOUTH,640 pcs. timber,P. & J. Wilkie,8,5,1889,18,5,1889,False,May 8 Emil Devrient-Stettin-640 pcs. timber-P. & J. Wilkie
18890518p.4_p002.txt,16,Martha,Christiania,GRANGEMOUTH,"282 spars, 50 poles, 2,713 pit props",Order,10,5,1889,18,5,1889,False,"10 Martha-Christiania-282 spars, 50 poles, 2,713 pit props-Order"
18890518p.4_p002.txt,18,Troy,Drontheim,GRANTON,"14,252 battens",Mitchell Thomson & Co.,7,5,1889,18,5,1889,False,"May 7 Troy-Drontheim-14,252 battens-Mitchell Thomson & Co."
18890518p.484_p002.txt,3,Fredriksborg,Memel,LOWESTOFT,"2,238 pcs. hewn fir, 1,058 pcs. sawn fir",Great Eastern Railway Co.,7,5,1889,18,5,1889,True,"May 7 Fredriksborg -Memel-2,238 pcs. hewn fir, 1,058 pcs. sawn fir-Great Eastern Railway Co."
18890518p.484_p002.txt,6,Courier,Danzig,LYNN,"132 pcs. oak, 157 pcs. fir","Thompson, Patrick, & Co.",8,5,1889,18,5,1889,False,"May 8 Courier-Danzig-132 pcs. oak, 157 pcs. fir-Thompson, Patrick, & Co."
18890518p.484_p002.txt,9,Svanen,Memel,MIDDLESBROUGH,"4,963 deals",Owners Middlesbrough Estate,7,5,1889,18,5,1889,False,"May 7 Svanen-Memel-4,963 deals-Owners Middlesbrough Estate"
18890518p.484_p002.txt,10,Alma,Gothenburg,MIDDLESBROUGH,"46,938 props, 6,534 sleepers",W. J. Watson & Co.,11,5,1889,18,5,1889,False,"11 Alma-Gothenburg-46,938 props, 6,534 sleepers-W. J. Watson & Co."
18890518p.484_p002.txt,11,Rap,Brevig,MIDDLESBROUGH,"1,300 pcs. square timber, 1,204 props",W. J. Watson & Co.,13,5,1889,18,5,1889,False,"13 Rap-Brevig-1,300 pcs. square timber, 1,204 props-W. J. Watson & Co."
18890518p.484_p002.txt,15,Gaite,Port Launay,NEWPORT,175 lds. pit props,Budd & Co.,7,5,1889,18,5,1889,False,May 7 Gaite-Port Launay-175 lds. pit props-Budd & Co.
18890518p.484_p002.txt,16,Auguste Louise,La Tremblade,NEWPORT,200 lds. pit props,Budd & Co.,8,5,1889,18,5,1889,False,8 Auguste Louise-La Tremblade-200 lds. pit props-Budd & Co.
18890518p.484_p002.txt,17,Malabar,Pont l'Abbe,NEWPORT,125 lds. pit props,Budd & Co.,9,5,1889,18,5,1889,False,9 Malabar-Pont l'Abbe-125 lds. pit props-Budd & Co.
18890518p.484_p002.txt,19,Marie Louise,Bordeaux,NEWPORT,512 lds. pitwood,"G. W. Jones, Heard, & Co.",10,5,1889,18,5,1889,False,"10 Marie Louise-Bordeaux-512 lds. pitwood-G. W. Jones, Heard, & Co."
18890518p.484_p002.txt,20,Ernest,Bordeaux,NEWPORT,800 lds. pitwood,"Newport (Mon.) Pitwood Co., Lim.",11,5,1889,18,5,1889,True,"11 Ernest -Bordeaux-800 lds. pitwood-Newport (Mon.) Pitwood Co., Lim."
18890518p.484_p002.txt,23,Paroer,Laurvig,NEWPORT,"39,220 boards and board ends, 270 spars",T. B. & S. Batchelor & Co.,13,5,1889,18,5,1889,False,"13 Paroer-Laurvig-39,220 boards and board ends, 270 spars-T. B. & S. Batchelor & Co."
18890518p.484_p002.txt,26,Montrose,Gothenburg,PLYMOUTH,"17,436 pcs. sawn fir",R. & R. Bayly,8,5,1889,18,5,1889,False,"May 8 Montrose-Gothenburg-17,436 pcs. sawn fir-R. & R. Bayly"
18890518p.484_p002.txt,29,Charles Kahl,Stettin,PLYMOUTH,787 pcs. hewn fir,R. & R. Bayly,10,5,1889,18,5,1889,False,10 Charles Kahl-Stettin-787 pcs. hewn fir-R. & R. Bayly
18890518p.484_p002.txt,32,Vigo,Drammen,POOLE,"27,193 fir boards","The Poole, Baltic, & Quebec Co., Limited",10,5,1889,18,5,1889,False,"May 10 Vigo-Drammen-27,193 fir boards-The Poole, Baltic, & Quebec Co., Limited"
18890518p.484_p002.txt,35,Sophie,Gothenburg,PORTSMOUTH,"13,389 deals and battens",Van Den Bergh & Son,11,5,1889,18,5,1889,False,"May 11 Sophie-Gothenburg-13,389 deals and battens-Van Den Bergh & Son"
18890518p.484_p002.txt,38,Sparkling Foam,Drammen,ROCHESTER,"599,961 fir staves",F. C. Barron & Co.,7,5,1889,18,5,1889,False,"May 7 Sparkling Foam-Drammen-599,961 fir staves-F. C. Barron & Co."
18890518p.484_p002.txt,41,Scotia,Drammen,ROCHESTER,"1,275,700 fir staves","Hilton, Anderson, & Co.",13,5,1889,18,5,1889,False,"13 Scotia-Drammen-1,275,700 fir staves-Hilton, Anderson, & Co."
18890518p.484_p002.txt,44,Volharding,Thisted,SCARBOROUGH,120 lds. firewood,Thos. Wilkinson,13,5,1889,18,5,1889,False,May 13 Volharding-Thisted-120 lds. firewood-Thos. Wilkinson
18890518p.484_p002.txt,47,Norden,Christiania,SOUTHAMPTON,"2,521 round spars and poles","Tagart, Morgan, & Co.",7,5,1889,18,5,1889,False,"May 7 Norden-Christiania-2,521 round spars and poles-Tagart, Morgan, & Co."
18890518p.484_p002.txt,48,Anna Elise,Gothenburg,SOUTHAMPTON,"14,560 boards and battens",E. B. Loxton,9,5,1889,18,5,1889,False,"9 Anna Elise-Gothenburg-14,560 boards and battens-E. B. Loxton"
18890518p.484_p002.txt,51,Haabet,Holmestrand,SUNDERLAND,"35,675 pit props",Hayner & Moller,7,5,1889,18,5,1889,False,"May 7 Haabet-Holmestrand-35,675 pit props-Hayner & Moller"
18890518p.484_p002.txt,63,Louis Joseph,Quimper,SWANSEA,85 lds. pitwood,North's Navigation Collieries,8,5,1889,18,5,1889,False,May 8 Louis Joseph-Quimper-85 lds. pitwood-North's Navigation Collieries
18890518p.484_p002.txt,68,Tabor,Fredrikstad,THE TIMBER TRADES JOURNAL,84 boards,Ford & Co.,9,5,1889,18,5,1889,False,9 Tabor-Fredrikstad-84 boards-Ford & Co.
18890518p.484_p002.txt,71,Techem,Quimper,THE TIMBER TRADES JOURNAL,80 lds. pitwood,North's Navigation Collieries,10,5,1889,18,5,1889,False,10 Techem-Quimper-80 lds. pitwood-North's Navigation Collieries
18890518p.484_p002.txt,72,Theophile Felix,Bordeaux,THE TIMBER TRADES JOURNAL,115 lds. pitwood,Williams & Co.,11,5,1889,18,5,1889,False,11 Theophile Felix-Bordeaux-115 lds. pitwood-Williams & Co.
18890518p.484_p002.txt,74,Rose,Redon,THE TIMBER TRADES JOURNAL,180 lds. pitwood,D. Jenkins,13,5,1889,18,5,1889,False,13 Rose-Redon-180 lds. pitwood-D. Jenkins
18890518p.484_p002.txt,83,Alia,Porsgrund,TRURO,"1,271 pcs. hewn fir, 345 pcs. sawn fir, 180 spars",Harvey & Co.,11,5,1889,18,5,1889,False,"May 11 Alia-Porsgrund-1,271 pcs. hewn fir, 345 pcs. sawn fir, 180 spars-Harvey & Co."
18890518p.484_p002.txt,86,Odin,Christiania,TYNE,"80 lds. birch props, 48 lds. pit props, 100 bales wood pulp","Order; 22 lds. spars-James Scott; from Laurvig-75 lds. planed boards, 12 lds. firewood-James Scott",7,5,1889,18,5,1889,True,"May 7 Odin -Christiania-80 lds. birch props, 48 lds. pit props, 100 bales wood pulp-Order; 22 lds. spars-James Scott; from Laurvig-75 lds. planed boards, 12 lds. firewood-James Scott"
18890518p.484_p002.txt,88,Da Capa,Namsos,TYNE,"13,274 battens",J. Scott,8,5,1889,18,5,1889,False,"8 Da Capa-Namsos-13,274 battens-J. Scott"
18890518p.484_p002.txt,89,Northern,Pensacola,TYNE,"1,609 pcs. sawn timber, 2,215 deals",J. Graham & Co.,9,5,1889,18,5,1889,True,"9 Northern -Pensacola-1,609 pcs. sawn timber, 2,215 deals-J. Graham & Co."
18890518p.484_p002.txt,94,Duisburg,Pensacola,TYNE,"1,545 pcs. square timber, 504 deals",J. Graham & Co.,10,5,1889,18,5,1889,False,"10 Duisburg-Pensacola-1,545 pcs. square timber, 504 deals-J. Graham & Co."
18890518p.484_p002.txt,95,Lector Schweigaord,Namsos,TYNE,"1,806 battens, 5,846 scantlings, 25,946 boards",Order,11,5,1889,18,5,1889,False,"11 Lector Schweigaord-Namsos-1,806 battens, 5,846 scantlings, 25,946 boards-Order"
18890518p.484_p002.txt,97,Karel,Memel,TYNE,"7,170 white deals and deal ends",Order,13,5,1889,18,5,1889,False,"13 Karel-Memel-7,170 white deals and deal ends-Order"
18890518p.484_p002.txt,103,Twelve Apostles,Stettin,WHITEHAVEN,"900 pcs. hewn fir, 160 fir sleepers",J. & W. Jackson,13,5,1889,18,5,1889,False,"May 13 Twelve Apostles-Stettin-900 pcs. hewn fir, 160 fir sleepers-J. & W. Jackson"
18890518p.484_p002.txt,106,"Ludwig Capobus, Sen.",Danzig,WISBECH,"741 pcs. sawn fir, 338 fir sleepers",English Bros.,13,5,1889,18,5,1889,False,"May 13 Ludwig Capobus, Sen.-Danzig-741 pcs. sawn fir, 338 fir sleepers-English Bros."
18890518p.484_p002.txt,110,Samson,Laurvig,YARMOUTH,"50 lds. firewood, 107,642 staves",W. Palgrave Brown & Co.,7,5,1889,18,5,1889,False,"May 7 Samson-Laurvig-50 lds. firewood, 107,642 staves-W. Palgrave Brown & Co."
18890518p.484_p002.txt,111,J. M. Nielsen,Windau,YARMOUTH,"3,924 half fir sleepers",Turrell & Torkildsen,9,5,1889,18,5,1889,False,"9 J. M. Nielsen-Windau-3,924 half fir sleepers-Turrell & Torkildsen"
18890518p.484_p002.txt,113,Kierstine Elise,Windau,YARMOUTH,"4,288 half fir sleepers",Turrell & Torkildsen,11,5,1889,18,5,1889,False,"11 Kierstine Elise-Windau-4,288 half fir sleepers-Turrell & Torkildsen"
18890518p.484_p002.txt,114,Three Sisters,Gothenburg,YARMOUTH,"7,920 deals and battens",Cushion Bros.,13,5,1889,18,5,1889,False,"13 Three Sisters-Gothenburg-7,920 deals and battens-Cushion Bros."
18890518p.484_p002.txt,118,Black Head,Riga,BELFAST,"29 lds. lathwood, 4,603 deals",G. Heyn & Sons,7,5,1889,18,5,1889,False,"May 7 Black Head-Riga-29 lds. lathwood, 4,603 deals-G. Heyn & Sons"
18890518p.484_p002.txt,120,Terlin Head,Riga,BELFAST,"2,200 deals, 603 battens, 23 lds. lathwood",G. Heyn & Sons,10,5,1889,18,5,1889,False,"10 Terlin Head-Riga-2,200 deals, 603 battens, 23 lds. lathwood-G. Heyn & Sons"
18890518p.484_p002.txt,121,Princess Alexandra,Bordeaux,BELFAST,170 bdls. hoops,J. C. Pinkerton,11,5,1889,18,5,1889,False,11 Princess Alexandra-Bordeaux-170 bdls. hoops-J. C. Pinkerton
18890525p.513_p001.txt,33,Thyra,Laurvig,BARROW,"58,617 boards and ends, 700 spars, 90 lds. firewood",Price,16,5,1889,25,5,1889,False,"May 16 Thyra-Laurvig-58,617 boards and ends, 700 spars, 90 lds. firewood-Price"
18890525p.513_p001.txt,34,North Erin,St. John,BARROW,"59,585 deals, boards, and ends","Price, Potter, & Co.",20,5,1889,25,5,1889,True,"May 20 North Erin -St. John-59,585 deals, boards, and ends-Price, Potter, & Co."
18890525p.513_p001.txt,36,Gladiator,Arendal,BOSTON,240 lds. mining props,A. Beeby & Son,14,5,1889,25,5,1889,False,May 14 Gladiator-Arendal-240 lds. mining props-A. Beeby & Son
18890525p.513_p001.txt,38,Brooklyn City,New York,BRISTOL,100 bdls. handles,E. & A. W. Greenlsade,16,5,1889,25,5,1889,True,May 16 Brooklyn City -New York-100 bdls. handles-E. & A. W. Greenlsade
18890525p.513_p001.txt,39,Clara,Bordeaux,BRISTOL,qty. pit props,Turner,14,5,1889,25,5,1889,True,May 14 Clara -Bordeaux-qty. pit props-Turner
18890525p.513_p001.txt,42,Fannie,Bordeaux,CARDIFF,700 lds. pitwood,"Ward, & Co.",14,5,1889,25,5,1889,False,"May 14 Fannie-Bordeaux-700 lds. pitwood-Ward, & Co."
18890525p.513_p001.txt,47,Huldren,"St. John, N.B.",CARDIFF,"11,774 spruce deals","Williams, Thomas, & Co.",15,5,1889,25,5,1889,False,"15 Huldren-St. John, N.B.-11,774 spruce deals-Williams, Thomas, & Co."
18890525p.513_p001.txt,48,Rugby,Bordeaux,CARDIFF,900 lds. pitwood,"Simkin Fry, Holman & Fry",17,5,1889,25,5,1889,True,"17 Rugby -Bordeaux-900 lds. pitwood-Simkin Fry, Holman & Fry"
18890525p.513_p001.txt,49,Pomac,Bordeaux,CARDIFF,400 lds. pitwood,Esmorf,18,5,1889,25,5,1889,False,18 Pomac-Bordeaux-400 lds. pitwood-Esmorf
18890525p.513_p001.txt,51,Orion,Pensacola,CARDIFF,"877 pcs. sawn fir, 534 deals",Alexander & Co.,20,5,1889,25,5,1889,False,"20 Orion-Pensacola-877 pcs. sawn fir, 534 deals-Alexander & Co."
18890525p.513_p001.txt,59,Rex,Krageroe,COLCHESTER,"4,797 pcs. sawn fir, 8 lds. firewood","Groom, Daniel, & Co.",20,5,1889,25,5,1889,False,"May 20 Rex-Krageroe-4,797 pcs. sawn fir, 8 lds. firewood-Groom, Daniel, & Co."
18890525p.513_p001.txt,61,Raithwaite Hall,Gefle,DOVER,"33,323 deals, battens, and boards",Steriker Finnis,16,5,1889,25,5,1889,False,"May 16 Raithwaite Hall-Gefle-33,323 deals, battens, and boards-Steriker Finnis"
18890525p.513_p001.txt,63,Campbell,Pensacola,FLEETWOOD,"2,309 pcs. pitch pine, 288 pitch pine deals","Bryant, Powis",14,5,1889,25,5,1889,False,"May 14 Campbell-Pensacola-2,309 pcs. pitch pine, 288 pitch pine deals-Bryant, Powis"
18890525p.513_p001.txt,64,Belle of Bath,San Francisco,FLEETWOOD,15 lds. sawn fir,C. Carlis,15,5,1889,25,5,1889,False,15 Belle of Bath-San Francisco-15 lds. sawn fir-C. Carlis
18890525p.513_p001.txt,66,Siren,San Francisco,GLOUCESTER,"2,000 boards",Romans & Co.,14,5,1889,25,5,1889,False,"May 14 Siren-San Francisco-2,000 boards-Romans & Co."
18890525p.513_p001.txt,67,Cimbria,Libau,GLOUCESTER,"2,950 pcs. aspen, 1,799 pcs. birch",S. J. Moreland,15,5,1889,25,5,1889,False,"15 Cimbria-Libau-2,950 pcs. aspen, 1,799 pcs. birch-S. J. Moreland"
18890525p.513_p001.txt,70,Adolph Fredrick,Danzig,GOOLE,822 pcs. sawn fir,H. Wilson,14,5,1889,25,5,1889,False,May 14 Adolph Fredrick-Danzig-822 pcs. sawn fir-H. Wilson
18890525p.513_p001.txt,71,Albert,Stettin,GOOLE,"767 fir ends, 68 sleepers",H. Wilson,18,5,1889,25,5,1889,False,"18 Albert-Stettin-767 fir ends, 68 sleepers-H. Wilson"
18890525p.513_p001.txt,73,Giraldi,Memel,GRIMSBY,"11,355 sleepers",Christie,14,5,1889,25,5,1889,False,"May 14 Giraldi-Memel-11,355 sleepers-Christie"
18890525p.513_p001.txt,74,Erik,Danzig,GRIMSBY,129 timber ends,Gabriel & Sons,16,5,1889,25,5,1889,False,16 Erik-Danzig-129 timber ends-Gabriel & Sons
18890525p.513_p001.txt,76,Elizabeth,Konigsberg,GRIMSBY,"4,870 pcs. hewn fir, 460 fir sleepers",T. Gabriel & Sons,17,5,1889,25,5,1889,False,"17 Elizabeth-Konigsberg-4,870 pcs. hewn fir, 460 fir sleepers-T. Gabriel & Sons"
18890525p.513_p001.txt,77,Florence,Stettin,GRIMSBY,"238 pcs. oak, 40 pcs. hewn fir",Walter Pinder,18,5,1889,25,5,1889,False,"18 Florence-Stettin-238 pcs. oak, 40 pcs. hewn fir-Walter Pinder"
18890525p.513_p001.txt,80,Ashton,Riga,GRIMSBY,"13,542 fir blocks, 1,973 fir sleepers",W. Christie & Co.,20,5,1889,25,5,1889,True,"20 Ashton -Riga-13,542 fir blocks, 1,973 fir sleepers-W. Christie & Co."
18890525p.513_p001.txt,84,Sweden,Gothenburg,HARTLEPOOL (WEST),"2,173 fir battens, 9,305 fir sleepers, 9,832 fir poles, 1,150 fir props, 8,000 bdls. laths",T. Barra-clough,14,5,1889,25,5,1889,False,"May 14 Sweden-Gothenburg-2,173 fir battens, 9,305 fir sleepers, 9,832 fir poles, 1,150 fir props, 8,000 bdls. laths-T. Barra-clough"
18890525p.513_p001.txt,86,Heinrich Molt,Danzig,HARTLEPOOL (WEST),"126 pcs. oak, 363 pcs. fir timber, 270 pcs. sleepers","R. Wade, Sons, & Co.",16,5,1889,25,5,1889,False,"16 Heinrich Molt-Danzig-126 pcs. oak, 363 pcs. fir timber, 270 pcs. sleepers-R. Wade, Sons, & Co."
18890525p.513_p002.txt,13,Cimbriaham,Oscarshamn,BLYTH,"8,528 log props","Watts, Ward, & Co.",18,5,1889,25,5,1889,False,"18 Cimbriaham-Oscarshamn-8,528 log props-Watts, Ward, & Co."
18890525p.513_p002.txt,16,Mindora,Memel,HARWICH,"621 pcs. hewn fir, 1,669 pcs. sawn fir",Groom & Son,18,5,1889,25,5,1889,False,"May 18 Mindora-Memel-621 pcs. hewn fir, 1,669 pcs. sawn fir-Groom & Son"
18890525p.513_p002.txt,19,Edith,Rotterdam,HULL,500 bdls. hoops,Order,17,5,1889,25,5,1889,True,May 17 Edith -Rotterdam-500 bdls. hoops-Order
18890525p.513_p002.txt,21,Sea Gull,Rotterdam,HULL,"1,652 pkgs. wood",Order,18,5,1889,25,5,1889,True,"18 Sea Gull -Rotterdam-1,652 pkgs. wood-Order"
18890525p.513_p002.txt,24,Elizabeth,Konigsberg,HULL,"1,920 rollers",Order,21,5,1889,25,5,1889,True,"21 Elizabeth -Konigsberg-1,920 rollers-Order"
18890525p.513_p002.txt,36,Beryl,Riga,HULL,"10,482 battens, 8,630 deals, 1,547 pcs., 13 fms. lathwood",Order,22,5,1889,25,5,1889,True,"22 Beryl -Riga-10,482 battens, 8,630 deals, 1,547 pcs., 13 fms. lathwood-Order"
18890525p.513_p002.txt,41,Tuscany,Fiume,LIVERPOOL,"1,085 oak planks",Order,16,5,1889,25,5,1889,True,"May 16 Tuscany -Fiume-1,085 oak planks-Order"
18890525p.513_p002.txt,54,Istrian,Boston,LIVERPOOL,"2,800 new staves",Hattley Hay ; 665 bdls. hickory squares-Order,17,5,1889,25,5,1889,True,"17 Istrian -Boston-2,800 new staves-Hattley Hay ; 665 bdls. hickory squares-Order"
18890525p.513_p002.txt,59,Palestine,Boston,LIVERPOOL,"4,000 staves",Hay,18,5,1889,25,5,1889,True,"18 Palestine -Boston-4,000 staves-Hay"
18890525p.513_p002.txt,65,Penelope,Drammen,LIVERPOOL,"461,518 staves",Order,20,5,1889,25,5,1889,False,"20 Penelope-Drammen-461,518 staves-Order"
18890525p.513_p002.txt,73,Theodore H. Rand,"St. John, N.B.",LIVERPOOL,"22,640 spruce deals, 162 spruce scantlings, 2,227 spruce deal ends","Order ; 12,129 birch planks, 2,020 birch ends-Ellison & Co.",21,5,1889,25,5,1889,False,"21 Theodore H. Rand-St. John, N.B.-22,640 spruce deals, 162 spruce scantlings, 2,227 spruce deal ends-Order ; 12,129 birch planks, 2,020 birch ends-Ellison & Co."
18890525p.513_p002.txt,81,Catalonia,Boston,LIVERPOOL,2 cs. bobbins,"S. Brooks ; 12,000 staves-Order",22,5,1889,25,5,1889,True,"22 Catalonia -Boston-2 cs. bobbins-S. Brooks ; 12,000 staves-Order"
18890525p.513_p002.txt,89,Cassandra,Danzig,SURREY COMMERCIAL DOCKS,"890 pcs. red fir timber, 307 red fir sleepers",Order,16,5,1889,25,5,1889,False,"May 16 Cassandra-Danzig-890 pcs. red fir timber, 307 red fir sleepers-Order"
18890525p.513_p002.txt,92,Mary,Riga,SURREY COMMERCIAL DOCKS,"4,907 deal ends, 3,385 battens",Order,17,5,1889,25,5,1889,True,"17 Mary -Riga-4,907 deal ends, 3,385 battens -Order"
18890525p.513_p002.txt,93,Brackley,Riga,SURREY COMMERCIAL DOCKS,"1,400 deals",Order,18,5,1889,25,5,1889,True,"18 Brackley -Riga-1,400 deals-Order"
18890525p.513_p002.txt,96,Avena,Uddovalla,SURREY COMMERCIAL DOCKS,"265 doors, 34 crts. trellis, 10 crts. planed wood, 275 bdls. laths, 950 bdls. mouldings",J. Brown,20,5,1889,25,5,1889,True,"20 Avena -Uddovalla-265 doors, 34 crts. trellis, 10 crts. planed wood, 275 bdls. laths, 950 bdls. mouldings-J. Brown"
18890525p.513_p002.txt,97,Vivo,Nyhamn,SURREY COMMERCIAL DOCKS,"26,301 deals, battens, and boards",Order,21,5,1889,25,5,1889,True,"21 Vivo -Nyhamn-26,301 deals, battens, and boards-Order"
18890525p.513_p002.txt,100,Mabel,Soderhamn,SURREY COMMERCIAL DOCKS,"23,957 deals, battens and boards",Wilson & Watson,22,5,1889,25,5,1889,True,"22 Mabel -Soderhamn-23,957 deals, battens and boards-Wilson & Watson"
18890525p.513_p002.txt,103,Mereddo,Riga,MILLWALL DOCKS,"782,413 deals, battens, and boards, 120 fms. firewood",Order,16,5,1889,25,5,1889,True,"May 16 Mereddo -Riga-782,413 deals, battens, and boards, 120 fms. firewood-Order"
18890525p.513_p002.txt,104,Raleigh,Riga,MILLWALL DOCKS,"23 fms. lathwood, 3,548 battens",Order,17,5,1889,25,5,1889,True,"17 Raleigh -Riga-23 fms. lathwood, 3,548 battens-Order"
18890525p.513_p002.txt,107,Prins Oscar,Gothenburg,MILLWALL DOCKS,"43,263 lds. boards","With, Webster, & Co. ; 1,056 lds. boards, 1,193 deals and battens-Berner & Nielsen ; 500 bdls. box boards, 20 prs. oars, 3 doz. rickers, 28 fms. firewood, 218 doz. deals, 12 spars, 11 poles, 517 doz. ",20,5,1889,25,5,1889,True,"20 Prins Oscar -Gothenburg-43,263 lds. boards -With, Webster, & Co. ; 1,056 lds. boards, 1,193 deals and battens-Berner & Nielsen ; 500 bdls. box boards, 20 prs. oars, 3 doz. rickers, 28 fms. firewood, 218 doz. deals, 12 spars, 11 poles, 517 doz. boards-Order"
18890525p.513_p002.txt,112,Ludgate Hill,New York,MILLWALL DOCKS,"2,146 pcs. oak lumber",H. Herrmann ; 168 bdls. oak staves-Order,21,5,1889,25,5,1889,True,"21 Ludgate Hill -New York-2,146 pcs. oak lumber-H. Herrmann ; 168 bdls. oak staves-Order"
18890525p.513_p002.txt,113,Bjorn,Gothenburg,MILLWALL DOCKS,"1,575 deals","Farquharson Bros. & Co. ; 18,763 boards-With, Webster, & Co. ; 818 battens-Berner & Nielsen ; 2,000 bdls. laths-Simson & Mason ; 165,929 staves, 15 fms. firewood, 848 doz. boards-Order",22,5,1889,25,5,1889,True,"22 Bjorn -Gothenburg-1,575 deals-Farquharson Bros. & Co. ; 18,763 boards-With, Webster, & Co. ; 818 battens-Berner & Nielsen ; 2,000 bdls. laths-Simson & Mason ; 165,929 staves, 15 fms. firewood, 848 doz. boards-Order"
18890525p.513_p002.txt,116,Missouri,Baltimore,TILBURY DOCKS,"3,115 staves","Hattley Hay ; 839 pcs. poplar, 35 logs elm ; 10 logs oak-G. Saun- oak-W. Mallinson ; 3,150 bdls., 215 pcs. lumber, 2,332 more-33 logs-Churchill & Hattley Hay ; 124 pcs. & Mason ; 10,845 pcs. 1 logs-Or",18,5,1889,25,5,1889,True,"May 18 Missouri -Baltimore-3,115 staves-Hattley Hay ; 839 pcs. poplar, 35 logs elm ; 10 logs oak-G. Saun- oak-W. Mallinson ; 3,150 bdls., 215 pcs. lumber, 2,332 more-33 logs-Churchill & Hattley Hay ; 124 pcs. & Mason ; 10,845 pcs. 1 logs-Order"
18890525p.513_p002.txt,119,Marke To,Namsos,REGENT'S CANAL DOCKS,"275,000 staves, 150 fms. firewood",Brown & Co.,21,5,1889,25,5,1889,False,"May 21 Marke To-Namsos-275,000 staves, 150 fms. firewood-Brown & Co."
18890525p.513_p002.txt,122,Damara,St. John,GRAND CANAL DOCKS,"7,961 spruce deals, 4 spruce deals, 7,503 birch planks, 1,164 birch ends, 472 deal ends",Order,22,5,1889,25,5,1889,True,"May 22 Damara -St. John-7,961 spruce deals, 4 spruce deals, 7,503 birch planks, 1,164 birch ends, 472 deal ends-Order"
18890525p.513_p002.txt,125,De Ruyter,Harlingen,ST. KATHERINE'S WHARF,"9,001 sleepers",Order,22,5,1889,25,5,1889,True,"May 22 De Ruyter -Harlingen-9,001 sleepers-Order"
18890525p.513_p002.txt,128,Jadar,Namsos,LIMEHOUSE REACH,"5,006 wood firewood","Duus, Brown, & Co.",22,5,1889,25,5,1889,False,"May 22 Jadar-Namsos-5,006 wood firewood-Duus, Brown, & Co."
18890525p.513_p002.txt,134,Andrew Longmore,Danzig,"MAY 25, 1889.]","1,500 oak chocks, 17,043 beech chocks",Order,17,5,1889,25,5,1889,False,"17 Andrew Longmore-Danzig-1,500 oak chocks, 17,043 beech chocks-Order"
18890525p.513_p002.txt,135,Wustrow,Stettin,"MAY 25, 1889.]","396 pcs. hewn fir, 396 crooks",Short Bros.,18,5,1889,25,5,1889,False,"18 Wustrow-Stettin-396 pcs. hewn fir, 396 crooks-Short Bros."
18890525p.513_p002.txt,139,Immanuel,Langsund,"MAY 25, 1889.]",2417 pcs. timber,Rayner & Moller,20,5,1889,25,5,1889,False,20 Immanuel-Langsund-2417 pcs. timber-Rayner & Moller
18890525p.513_p002.txt,144,Bouganville,Auray,SWANSEA,80 lds. pitwood,"North's Navigation Col., Lim.",14,5,1889,25,5,1889,False,"May 14 Bouganville-Auray-80 lds. pitwood-North's Navigation Col., Lim."
18890525p.513_p002.txt,146,Vikingen,Fredrikstad,SWANSEA,"34,400 planed boards, 452 battens, 34 spars",Order,15,5,1889,25,5,1889,False,"15 Vikingen-Fredrikstad - 34,400 planed boards, 452 battens, 34 spars-Order"
18890525p.513_p002.txt,149,Rene Seraphine,Pauillac,SWANSEA,70 lds. pitwood,W. Perch & Co.,20,5,1889,25,5,1889,False,20 Rene Seraphine-Pauillac-70 lds. pitwood-W. Perch & Co.
18890525p.513_p002.txt,153,Familliens Haab,Christiania,TRURO,"2,100 pcs. sawn fir",R. Michell & Son,20,5,1889,25,5,1889,False,"May 20 Familliens Haab-Christiania-2,100 pcs. sawn fir-R. Michell & Son"
18890525p.513_p002.txt,156,Folke,Stettin,WHITEHAVEN,857 pcs. hewn fir,J. W. Jackson,15,5,1889,25,5,1889,False,May 15 Folke-Stettin-857 pcs. hewn fir-J. W. Jackson
18890525p.513_p002.txt,157,Skjoldmen,Drammen,WHITEHAVEN,"41,132 pcs. sawn fir",J. & W. Jackson,20,5,1889,25,5,1889,False,"20 Skjoldmen-Drammen-41,132 pcs. sawn fir-J. & W. Jackson"
18890525p.513_p002.txt,161,Metz,Ahus,TYNE,"22,357 pit props",Order,13,5,1889,25,5,1889,False,"May 13 Metz-Ahus-22,357 pit props-Order"
18890525p.513_p002.txt,162,Munin,Gothenburg,TYNE,"20 lds. pit props, 110 lds. birch props",Order,14,5,1889,25,5,1889,True,"14 Munin -Gothenburg-20 lds. pit props, 110 lds. birch props-Order"
18890525p.513_p002.txt,163,Prospero,Christiania,TYNE,"15 lds. fir props, 25 lds. crowntrees, 25 lds. spars, 41 boards,108 lds. props",Order ; from Gothenburg-70 lds.planed boards-James Scott,15,5,1889,25,5,1889,True,"15 Prospero -Christiania-15 lds. fir props, 25 lds. crowntrees, 25 lds. spars, 41 boards,108 lds. props-Order ; from Gothenburg-70 lds.planed boards-James Scott"
18890525p.513_p002.txt,164,Annie Largie,Warberg,TYNE,"38,930 props",Osbeck & Co.,16,5,1889,25,5,1889,False,"16 Annie Largie-Warberg-38,930 props-Osbeck & Co."
18890525p.513_p002.txt,168,Familien,Drontheim,TYNE,"9,998 deals and battens, 7 fms. firewood",Order,20,5,1889,25,5,1889,False,"20 Familien-Drontheim-9,998 deals and battens, 7 fms. firewood-Order"
18890525p.513_p002.txt,176,Fritz,Danzig,WISBECH,"811 pcs. sawn fir, 2,611 fir sleepers",English Brothers,15,5,1889,25,5,1889,False,"May 15 Fritz-Danzig-811 pcs. sawn fir, 2,611 fir sleepers-English Brothers"
18890525p.513_p002.txt,179,Clara,Carlskrona,YARMOUTH,"8,483 deals, battens and boards",A. & W. Cushion,17,5,1889,25,5,1889,False,"May 17 Clara-Carlskrona-8,483 deals, battens and boards-A. & W. Cushion"
18890525p.513_p002.txt,180,Axel,Mandal,YARMOUTH,"555,450 staves",Brown,18,5,1889,25,5,1889,False,"18 Axel-Mandal-555,450 staves-Brown"
18890525p.513_p002.txt,184,Fair Head,Pernau,BELFAST,141 lds. hewn fir,G. Heyn & Sons,14,5,1889,25,5,1889,False,May 14 Fair Head-Pernau-141 lds. hewn fir-G. Heyn & Sons
18890525p.513_p002.txt,189,City of Amsterdam,Rotterdam,BELFAST,500 bdls. hoops,J. C. Pinkerton,15,5,1889,25,5,1889,False,15 City of Amsterdam-Rotterdam-500 bdls. hoops-J. C. Pinkerton
18890525p.513_p002.txt,190,Memel,Memel,BELFAST,"1,401 pcs. hewn fir, 1,069 pcs. firwood split",John Browne & Co.,16,5,1889,25,5,1889,False,"16 Memel-Memel-1,401 pcs. hewn fir, 1,069 pcs. firwood split-John Browne & Co."
18890525p.513_p002.txt,194,R. Leyens,Riga,DUNDALK,"10,966 pcs. hewn fir","Burt, Boulton, & Haywood",7,5,1889,25,5,1889,False,"May 7 R. Leyens-Riga-10,966 pcs. hewn fir-Burt, Boulton, & Haywood"
18890525p.513_p002.txt,197,Echo,"St. John, N.B.",SLIGO,"12,815 pcs. sawn fir",O'Connor & Cullen,15,5,1889,25,5,1889,False,"May 15 Echo-St. John, N.B.-12,815 pcs. sawn fir-O'Connor & Cullen"
18890525p.513_p003.txt,4,Andrew Longmore,Danzig,"MAY 25, 1889.]","11,298 chocks, 17,043 beech chocks",Calder,17,5,1889,25,5,1889,False,"17 Andrew Longmore-Danzig-11,298 chocks, 17,043 beech chocks-Calder"
18890525p.513_p003.txt,5,Wustrow,Stettin,"MAY 25, 1889.]","396 pcs. hewn oak, 36 crooks",Short Bros.,18,5,1889,25,5,1889,False,"18 Wustrow-Stettin-396 pcs. hewn oak, 36 crooks-Short Bros."
18890525p.513_p003.txt,9,Immanuel,Langsund,"MAY 25, 1889.]",2417 pcs. hewn Rayner & Moller,,20,5,1889,25,5,1889,False,20 Immanuel-Langsund-2417 pcs. hewn Rayner & Moller
18890525p.513_p003.txt,14,Bougainville,Auray,SWANSEA,"80 lds. pitw North's Navigation Col., Lim., 1889",,14,5,1889,25,5,1889,False,"May 14 Bougainville-Auray-80 lds. pitw North's Navigation Col., Lim., 1889"
18890525p.513_p003.txt,16,Vikingen,Fredrikstad,SWANSEA,"34,489 floo [?] battens, 34 spars",Hopkins,15,5,1889,25,5,1889,False,"15 Vikingen-Fredrikstad - 34,489 floo [?] battens, 34 spars-Hopkins"
18890525p.513_p003.txt,19,Rene Seraphine,Pauillac,SWANSEA,70 lds. pitw,W. Perch & Co.,20,5,1889,25,5,1889,False,20 Rene Seraphine-Pauillac-70 lds. pitw -W. Perch & Co.
18890525p.513_p003.txt,23,Familliens Haab,Christiania,TRURO,"27, sawn fir",R. Michell & Son,20,5,1889,25,5,1889,False,"May 20 Familliens Haab-Christiania-27, sawn fir-R. Michell & Son"
18890525p.513_p003.txt,26,Folke,Stettin,WHITEHAVEN,857 pcs. hewn fir,J. W. Jackson,15,5,1889,25,5,1889,False,May 15 Folke-Stettin-857 pcs. hewn fir-J. W. Jackson
18890525p.513_p003.txt,27,Skjoldmen,Drammen,WHITEHAVEN,"41,132 pcs. sa fir",J. & W. Jackson,20,5,1889,25,5,1889,False,"20 Skjoldmen-Drammen-41,132 pcs. sa fir-J. & W. Jackson"
18890525p.513_p003.txt,31,Metz,Ahus,TYNE,"23,357 pit props",Osbeck,13,5,1889,25,5,1889,False,"May 13 Metz-Ahus-23,357 pit props-Osbeck"
18890525p.513_p003.txt,32,Munin,Gothenburg,TYNE,"20 lds. pit poles, 2 lds. pit props, 110 lds. birch props",Order,14,5,1889,25,5,1889,True,"14 Munin -Gothenburg-20 lds. pit poles, 2 lds. pit props, 110 lds. birch props-Order"
18890525p.513_p003.txt,33,Prospero,Christiania,TYNE,"15 lds. fir staves, lds. crowntrees, 25 lds. spars, 41 cs. mi boards, 108 lds. props",Order; from Laurvi 70 lds. planed boards-James Scott,15,5,1889,25,5,1889,True,"15 Prospero -Christiania-15 lds. fir staves, lds. crowntrees, 25 lds. spars, 41 cs. mi boards, 108 lds. props-Order; from Laurvi 70 lds. planed boards-James Scott"
18890525p.513_p003.txt,34,Annie Largie,Warberg,TYNE,"38,990 prop Osbeck & Co.",,16,5,1889,25,5,1889,False,"16 Annie Largie-Warberg-38,990 prop Osbeck & Co."
18890525p.513_p003.txt,38,Familien,Drontheim,TYNE,"9,398 deals and bat tens, 7 fms. firewood",Order,20,5,1889,25,5,1889,False,"20 Familien-Drontheim-9,398 deals and bat tens, 7 fms. firewood-Order"
18890525p.513_p003.txt,46,Fritz,Danzig,WISBECH,"811 pcs. sawn fir, 27 fir sleepers",English Brothers,15,5,1889,25,5,1889,False,"May 15 Fritz-Danzig-811 pcs. sawn fir, 27 fir sleepers-English Brothers"
18890525p.513_p003.txt,49,Clara,Carlskrona,YARMOUTH,"8,483 deals, battens and boards",A. & W. Cushion,17,5,1889,25,5,1889,False,"May 17 Clara-Carlskrona-8,483 deals, battens and boards-A. & W. Cushion"
18890525p.513_p003.txt,50,Axel,Mandal,YARMOUTH,"555,450 staves",Brown,18,5,1889,25,5,1889,False,"18 Axel-Mandal-555,450 staves-Brown"
18890525p.513_p003.txt,55,Fair Head,Pernau,BELFAST,141 lds. pit,props- G. Heyn & Sons,14,5,1889,25,5,1889,False,May 14 Fair Head-Pernau-141 lds. pit-props- G. Heyn & Sons
18890525p.513_p003.txt,57,Nils,Laurvig,BELFAST,"59,195 boards, 3,797 deals, 116 pcs. hewn fir",J. D. Corry & Co.,15,5,1889,25,5,1889,False,"15 Nils-Laurvig-59,195 boards, 3,797 deals, 116 pcs. hewn fir-J. D. Corry & Co."
18890525p.513_p003.txt,60,City of Amsterdam,Rotterdam,BELFAST,500 bdls. hoops,J. C. Pinkerton,16,5,1889,25,5,1889,False,16 City of Amsterdam-Rotterdam-500 bdls. hoops-J. C. Pinkerton
18890525p.513_p003.txt,65,R. Loyens,Riga,DUNDALK,"10,966 pcs. hewn fir","W. Boston, & Haywood",18,5,1889,25,5,1889,False,"May 18 R. Loyens-Riga-10,966 pcs. hewn fir- W. Boston, & Haywood"
18890525p.513_p003.txt,68,Balio,"St. John, N.B.",SLIGO,"12,815 pcs. sawn fir",O'Connor & Cullen,18,5,1889,25,5,1889,False,"May 18 Balio-St. John, N.B.-12,815 pcs. sawn fir-O'Connor & Cullen"
18890525p.513_p003.txt,73,Margat,Fredrikstad,LIMERICK,360 lds. sawn fir,"Condensed Milk Co. of Ireland; 6,862 boards, 100 spars-Robert MacDonnell",20,5,1889,25,5,1889,False,"May 20 Margat-Fredrikstad-360 lds. sawn fir-Condensed Milk Co. of Ireland; 6,862 boards, 100 spars-Robert MacDonnell"
18890601p.4_p002.txt,7,Nicolette,Pensacola,GREENOCK,"247 pcs. hewn pitch pine timber, 925 pcs. sawn pitch pine timber, 475 pcs. sawn pitch pine deals","Robinson, Dunn, & Co.",21,5,1889,1,6,1889,False,"May 21 Nicolette-Pensacola-247 pcs. hewn pitch pine timber, 925 pcs. sawn pitch pine timber, 475 pcs. sawn pitch pine deals-Robinson, Dunn, & Co."
18890601p.4_p002.txt,9,C. E. Spooner,Stettin,GRANGEMOUTH,803 pcs. cak timber,Order,21,5,1889,1,6,1889,False,May 21 C. E. Spooner-Stettin-803 pcs. cak timber-Order
18890601p.4_p002.txt,10,Nordenskjold,Drontheim,GRANGEMOUTH,"484,587 staves","A Paterson; 2,268 scantling boards-Order",24,5,1889,1,6,1889,False,"24 Nordenskjold-Drontheim-484,587 staves-A Paterson; 2,268 scantling boards-Order"
18890601p.4_p002.txt,13,Frithiof,"Gothenburg 1,507 bdls. birch squares, 63 lds. props",GRANTON,O. Salvesen,,21,5,1889,1,6,1889,True,"May 21 Frithiof -Gothenburg 1,507 bdls. birch squares, 63 lds. props-O. Salvesen"
18890601p.4_p002.txt,19,Victoria Dock,Stettin,LEITH,200 oak logs,J. Currie & Co.,21,5,1889,1,6,1889,False,May 21 Victoria Dock-Stettin-200 oak logs-J. Currie & Co.
18890601p.537_p002.txt,3,Eagle,Darien,HARWICH,"15 pcs. hewn and 1,401 pcs. sawn timber, 865 deals",Taylor,22,5,1889,1,6,1889,True,"May 22 Eagle -Darien-15 pcs. hewn and 1,401 pcs. sawn timber, 865 deals-Taylor"
18890601p.537_p002.txt,5,Bur,Skutskar,HULL,"33,338 deals, &c.",Order,23,5,1889,1,6,1889,True,"May 23 Bur -Skutskar-33,338 deals, &c.-Order"
18890601p.537_p002.txt,6,Sjoelland,Norrkoping,HULL,"16,799 props","Haagensen, Watt, & Co.",24,5,1889,1,6,1889,True,"24 Sjoelland -Norrkoping-16,799 props-Haagensen, Watt, & Co."
18890601p.537_p002.txt,11,Malmo,Gothenburg,HULL,"1,822 props","Pyman, Bell, & Co. ; 2,072 props-Haagensen",25,5,1889,1,6,1889,True,"25 Malmo -Gothenburg-1,822 props-Pyman, Bell, & Co. ; 2,072 props-Haagensen"
18890601p.537_p002.txt,15,Fido,Skutskar,HULL,"35,218 deals",Order,26,5,1889,1,6,1889,False,"26 Fido-Skutskar-35,218 deals-Order"
18890601p.537_p002.txt,25,Strauss,Bremen,HULL,"2,285 beech planks",Order,29,5,1889,1,6,1889,True,"29 Strauss -Bremen-2,285 beech planks-Order"
18890601p.537_p002.txt,30,Hildur,Danzig,LITTLEHAMPTON,"1,138 pcs. hewn fir",John Eede Butt & Co.,24,5,1889,1,6,1889,False,"May 24 Hildur-Danzig-1,138 pcs. hewn fir-John Eede Butt & Co."
18890601p.537_p002.txt,32,St. Ronan's,New York,LIVERPOOL,"2,255 bdls. staves, 489 bdls. hoops, 457 bdls. headings, 200 pcs. oak lumber, 2,228 maple rollers",Order,23,5,1889,1,6,1889,True,"May 23 St. Ronan's -New York-2,255 bdls. staves, 489 bdls. hoops, 457 bdls. headings, 200 pcs. oak lumber, 2,228 maple rollers-Order"
18890601p.537_p002.txt,39,Britannia,New York,LIVERPOOL,20 crts. lumber,"Pickford & Co. ; 1,189 pcs. lumber-Whiteside, Johns, & Co. ; 2,000 staves-Hattley Hay ; 39 cs. handles-Order",24,5,1889,1,6,1889,True,"24 Britannia -New York-20 crts. lumber-Pickford & Co. ; 1,189 pcs. lumber-Whiteside, Johns, & Co. ; 2,000 staves-Hattley Hay ; 39 cs. handles-Order"
18890601p.537_p002.txt,43,Toronto,Montreal,LIVERPOOL,"245 deals, 11,976 deals and ends, 10,711 boards","R. Cox & Co. ; 207 maple blocks-T. Mitchell ; 1,397 maple blocks-Order ; from Quebec-1,163 pine and 1,981 spruce deals-Order",27,5,1889,1,6,1889,True,"27 Toronto -Montreal-245 deals, 11,976 deals and ends, 10,711 boards-R. Cox & Co. ; 207 maple blocks-T. Mitchell ; 1,397 maple blocks-Order ; from Quebec-1,163 pine and 1,981 spruce deals-Order"
18890601p.537_p002.txt,57,British Princess,Philadelphia,LIVERPOOL,"29,502 staves",Drysdale Bros. ; 81 crts. blocks-J. Gardner & Son,28,5,1889,1,6,1889,True,"28 British Princess -Philadelphia-29,502 staves-Drysdale Bros. ; 81 crts. blocks-J. Gardner & Son"
18890601p.537_p002.txt,62,Lestrois Socurs,Drammen,LIVERPOOL,"276,145 boxboards",Order,29,5,1889,1,6,1889,False,"29 Lestrois Socurs-Drammen-276,145 boxboards-Order"
18890601p.537_p002.txt,65,Proven,Christiania,SURREY COMMERCIAL DOCKS,"3,507 pcs. sawn wood, 11 fms. firewood","Churchill & Sim ; 15,858 battens-A. Kallevig",23,5,1889,1,6,1889,False,"May 23 Proven-Christiania-3,507 pcs. sawn wood, 11 fms. firewood-Churchill & Sim ; 15,858 battens-A. Kallevig"
18890601p.537_p002.txt,98,Hawthorn,Riga,MILLWALL DOCKS,"27,061 deals",Order,28,5,1889,1,6,1889,True,"28 Hawthorn -Riga-27,061 deals-Order"
18890601p.537_p002.txt,102,Thorsten,Gothenburg,MILLWALL DOCKS,"445 doors, 109 pkgs. turned wood","J. W. King & Co. ; 192 pkgs. turned wood-Maxime & Co. ; 192 pkgs. joinery-W. Sandell & Co. ; 487 pkgs. joinery-W. R. Cross & Sons ; 342 bdls. joinery-Foy, Morgan, & Co.",27,5,1889,1,6,1889,True,"27 Thorsten -Gothenburg-445 doors, 109 pkgs. turned wood-J. W. King & Co. ; 192 pkgs. turned wood-Maxime & Co. ; 192 pkgs. joinery-W. Sandell & Co. ; 487 pkgs. joinery-W. R. Cross & Sons ; 342 bdls. joinery-Foy, Morgan, & Co."
18890601p.537_p002.txt,107,Craiglands,Riga,REGENT'S CANAL DOCKS,"31,907 deals and battens",Order,29,5,1889,1,6,1889,True,"May 29 Craiglands -Riga-31,907 deals and battens-Order"
18890601p.537_p002.txt,109,Reiher,Bremen,ST. KATHERINE'S DOCKS,"2,276 beech planks",Order,24,5,1889,1,6,1889,True,"May 24 Reiher -Bremen-2,276 beech planks-Order"
18890601p.537_p002.txt,111,Hipparchus,New York,VICTORIA DOCKS,"28 bdls., 200 pcs., 10,000 sq. ft. squares lumber, 3,030 squares, 1,123 boards, 2,002 no. staves","ash-H. Herrmann ; 2,002 no. staves-Churchill & Sim ; 1,600 doors, 2,085 bdls. staves, 453 bdls. hoops-Order",27,5,1889,1,6,1889,True,"May 27 Hipparchus -New York-28 bdls., 200 pcs., 10,000 sq. ft. squares lumber, 3,030 squares, 1,123 boards, 2,002 no. staves-ash-H. Herrmann ; 2,002 no. staves-Churchill & Sim ; 1,600 doors, 2,085 bdls. staves, 453 bdls. hoops-Order"
18890601p.537_p002.txt,112,Durham City,Boston,VICTORIA DOCKS,"6,777 pcs. lumber",Order,28,5,1889,1,6,1889,True,"28 Durham City -Boston-6,777 pcs. lumber-Order"
18890601p.537_p002.txt,114,Tempo,Danzig,ST. GEORGE'S WHARF,"10,721 sleeper blocks, 1,000 sleeper blocks",Order,28,5,1889,1,6,1889,True,"May 28 Tempo -Danzig-10,721 sleeper blocks, 1,000 sleeper blocks-Order"
18890601p.537_p002.txt,116,Monica,Ljusne,TEMPLE PIER WHARF,"20,399 deals and battens",Order,29,5,1889,1,6,1889,True,"May 29 Monica -Ljusne-20,399 deals and battens-Order"
18890601p.537_p002.txt,118,Queen,Drammen,NORTHFLEET,"847,420 staves","Duns, Brown, & Co. ; 1,200 doz. boards-Master",23,5,1889,1,6,1889,False,"May 23 Queen-Drammen-847,420 staves-Duns, Brown, & Co. ; 1,200 doz. boards-Master"
18890601p.537_p002.txt,120,Ihn & Sohn,Danzig,QUEENBOROUGH,"733 pcs. timber, 210 crossings",Crundall & Co.,28,5,1889,1,6,1889,False,"May 28 Ihn & Sohn-Danzig-733 pcs. timber, 210 crossings-Crundall & Co."
18890601p.537_p002.txt,123,Jenny,Danzig,OTHER DOCKS,783 scantlings,"R. Wade, Sons, & Co. ; 664 pcs. timber-Order",23,5,1889,1,6,1889,True,"May 23 Jenny -Danzig-783 scantlings-R. Wade, Sons, & Co. ; 664 pcs. timber-Order"
18890601p.537_p002.txt,124,Ida,Danzig,OTHER DOCKS,"1,375 scantlings",Wade,27,5,1889,1,6,1889,True,"27 Ida -Danzig-1,375 scantlings-Wade"
18890601p.537_p002.txt,128,Julien Marie,Nantes,LLANELLY,165 lds. pitwood,"Nevill, Druce, & Co.",27,5,1889,1,6,1889,False,"May 27 Julien Marie-Nantes-165 lds. pitwood-Nevill, Druce, & Co."
18890601p.537_p002.txt,130,Sinloo,Riga,LOWESTOFT,"10,823 sleeper blocks, 1,021 half",sleepers-Burt & Boulton,22,5,1889,1,6,1889,False,"May 22 Sinloo-Riga-10,823 sleeper blocks, 1,021 half-sleepers-Burt & Boulton"
18890601p.537_p002.txt,131,Betty,Drammen,LOWESTOFT,2 lds. firewood,Hansen,24,5,1889,1,6,1889,False,24 Betty-Drammen-2 lds. firewood-Hansen
18890601p.537_p002.txt,132,Bertha Alwine,Memel,LOWESTOFT,"890 pcs. hewn fir, 246 pcs. sawn fir",Great Eastern Railway Co.,27,5,1889,1,6,1889,False,"27 Bertha Alwine-Memel-890 pcs. hewn fir, 246 pcs. sawn fir-Great Eastern Railway Co."
18890601p.537_p002.txt,134,Rydal Water,Pensacola,MIDDLESBROUGH,"2,597 pcs. sawn fir, 1,283 deals",Owners Middlesbrough Estate,27,5,1889,1,6,1889,False,"May 27 Rydal Water-Pensacola-2,597 pcs. sawn fir, 1,283 deals-Owners Middlesbrough Estate"
18890601p.537_p002.txt,136,Fratello Mazzole,Pensacola,NEWPORT,"941 pcs. sawn fir, 404 deals","Price, Walker, & Co.",21,5,1889,1,6,1889,False,"May 21 Fratello Mazzole-Pensacola-941 pcs. sawn fir, 404 deals-Price, Walker, & Co."
18890601p.537_p002.txt,138,Aigrette,Hennebont,NEWPORT,200 lds. pitwood,Budd & Co.,22,5,1889,1,6,1889,False,22 Aigrette-Hennebont-200 lds. pitwood-Budd & Co.
18890601p.537_p002.txt,139,N. D. de' Beleau,Concarneau,NEWPORT,99 lds. pitwood,Alfred H. Tapson & Co.,27,5,1889,1,6,1889,False,27 N. D. de' Beleau-Concarneau-99 lds. pitwood-Alfred H. Tapson & Co.
18890601p.537_p002.txt,142,Ihn & Sohn,Danzig,QUEENBOROUGH,"733 pcs. hewn fir, 210 crossings",W. Crundall & Co.,27,5,1889,1,6,1889,False,"May 27 Ihn & Sohn-Danzig-733 pcs. hewn fir, 210 crossings-W. Crundall & Co."
18890601p.537_p002.txt,144,Louise Bache,Danzig,ROCHESTER,"192 pcs. hewn fir, scantlings",P. H. Rehtz & Co. ; 847 pcs. hewn fir-The Baltic Saw-mills Co.,27,5,1889,1,6,1889,False,"May 27 Louise Bache-Danzig-192 pcs. hewn fir, scantlings-P. H. Rehtz & Co. ; 847 pcs. hewn fir-The Baltic Saw-mills Co."
18890601p.537_p002.txt,147,Richard Cobden,Gothenburg,SOUTHAMPTON,"37,586 pcs. sawn fir","Tagart, Morgan, & Co.",22,5,1889,1,6,1889,False,"May 22 Richard Cobden-Gothenburg-37,586 pcs. sawn fir-Tagart, Morgan, & Co."
18890601p.537_p002.txt,148,Johann Friedrich,Danzig,SOUTHAMPTON,"511 pcs. hewn fir, 345 pcs. sawn fir",T. Gabriel & Sons,24,5,1889,1,6,1889,False,"24 Johann Friedrich-Danzig-511 pcs. hewn fir, 345 pcs. sawn fir-T. Gabriel & Sons"
18890601p.537_p002.txt,149,William Hunter,Hudikswall,SOUTHAMPTON,"40,092 pcs. sawn fir",Elliott & Sons,27,5,1889,1,6,1889,False,"27 William Hunter-Hudikswall-40,092 pcs. sawn fir-Elliott & Sons"
18890601p.537_p002.txt,151,Wik,Fredrikshald,SUNDERLAND,"5,015 fir sleepers",Rayner & Moller,21,5,1889,1,6,1889,False,"May 21 Wik-Fredrikshald-5,015 fir sleepers-Rayner & Moller"
18890601p.537_p002.txt,153,Ture,Figeholm,SUNDERLAND,592 lds. pit props,"Mitshel, Johansen ; 8,111 lds. pit props-Pedersen",24,5,1889,1,6,1889,False,"24 Ture-Figeholm-592 lds. pit props-Mitshel, Johansen ; 8,111 lds. pit props-Pedersen"
18890601p.537_p002.txt,154,General Lieutenant von Witzleben,Memel,SUNDERLAND,"4,726 fir deals, 40 pcs. hewn fir",J. Thompson & Co.,27,5,1889,1,6,1889,False,"27 General Lieutenant von Witzleben-Memel-4,726 fir deals, 40 pcs. hewn fir-J. Thompson & Co."
18890601p.537_p002.txt,160,Marie Emelie,Landerneau,SWANSEA,125 lds. pitwood,"Powley, Thomas, & Co.",22,5,1889,1,6,1889,False,"May 22 Marie Emelie-Landerneau-125 lds. pitwood-Powley, Thomas, & Co."
18890601p.537_p002.txt,161,Francois,Landerneau,SWANSEA,125 lds. pitwood,William Davis & Co.,27,5,1889,1,6,1889,False,27 Francois-Landerneau-125 lds. pitwood-William Davis & Co.
18890601p.537_p002.txt,163,Ella,Skien,TYNE,"46,380 deals",Order,22,5,1889,1,6,1889,False,"May 22 Ella-Skien-46,380 deals-Order"
18890601p.537_p002.txt,167,Schump zu Tulle,Gothenburg,TYNE,"1,822 props",G. & N. Wright (Blyth),21,5,1889,1,6,1889,False,"21 Schump zu Tulle-Gothenburg-1,822 props-G. & N. Wright (Blyth)"
18890601p.537_p002.txt,168,John Ormston,Hamburg,TYNE,"1,196 bdls. hoops",Order,24,5,1889,1,6,1889,True,"24 John Ormston -Hamburg-1,196 bdls. hoops-Order"
18890601p.537_p002.txt,174,Penelope,Uddevalla,WEST HARTLEPOOL,"38,000 pit props",Order,27,5,1889,1,6,1889,False,"27 Penelope-Uddevalla-38,000 pit props-Order"
18890601p.537_p002.txt,186,Delphin,Krageroe,WEST HARTLEPOOL,"7,232 props",Order,28,5,1889,1,6,1889,False,"28 Delphin-Krageroe-7,232 props-Order"
18890601p.537_p002.txt,192,Dacopo,Fredrikstad,WHITBY,"16,873 fir battens, 84 lds. fir",Charles Smales,21,5,1889,1,6,1889,False,"May 21 Dacopo-Fredrikstad-16,873 fir battens, 84 lds. fir-Charles Smales"
18890601p.537_p002.txt,194,Figaro,Carlscrona,YARMOUTH,"9,322 battens",Thoma & Saul & Son,21,5,1889,1,6,1889,False,"May 21 Figaro-Carlscrona-9,322 battens-Thoma & Saul & Son"
18890601p.537_p002.txt,196,Telefon,Memel,YARMOUTH,"6,742 fir deals",Order,27,5,1889,1,6,1889,False,"27 Telefon-Memel-6,742 fir deals-Order"
18890601p.537_p002.txt,201,Andes,"St. John, N.B.",BELFAST,"23,635 spruce ends",John Browne & Co.,23,5,1889,1,6,1889,False,"May 23 Andes-St. John, N.B.-23,635 spruce ends-John Browne & Co."
18890601p.537_p002.txt,204,Lord Damshire,"St. John, N.B.",BELFAST,"6,800 deals",James P. Corry & Co.,24,5,1889,1,6,1889,False,"24 Lord Damshire-St. John, N.B.-6,800 deals-James P. Corry & Co."
18890601p.537_p002.txt,206,Schiller,Memel,DUBLIN,482 logs hewn oak,Short Bros.,23,5,1889,1,6,1889,False,May 23 Schiller-Memel-482 logs hewn oak-Short Bros.
18890601p.537_p002.txt,208,Belle of Dunquerke,Riga,DUNDALK,"9,605 logs sawn fir",Patrick Jennings & Co.,20,5,1889,1,6,1889,False,"May 20 Belle of Dunquerke-Riga-9,605 logs sawn fir-Patrick Jennings & Co."
18890601p.537_p002.txt,212,Culdoon,"St. John, N.B.",SLIGO,"13,883 deals sawn fir",O'Connor & Cullen,24,5,1889,1,6,1889,False,"May 24 Culdoon-St. John, N.B.-13,883 deals sawn fir-O'Connor & Cullen"
18890601p.537_p003.txt,6,Marie Emelie,Bordeaux,SWANSEA,125 lds. pitwood,"Powley, Thomas, & Co.",29,5,1889,1,6,1889,False,"May 29 Marie Emelie-Bordeaux-125 lds. pitwood-Powley, Thomas, & Co."
18890601p.537_p003.txt,9,Ella,Skien,TYNE,"46,182 props",Order,29,5,1889,1,6,1889,False,"May 29 Ella-Skien-46,182 props-Order"
18890601p.537_p003.txt,14,John Ormston,Hamburg,TYNE,4 cs. mouldings,Order,31,5,1889,1,6,1889,True,31 John Ormston -Hamburg-4 cs. mouldings-Order
18890601p.537_p003.txt,30,Dolphin,Krageroe,TYNE,"7,232 props",Order,31,5,1889,1,6,1889,False,"31 Dolphin-Krageroe-7,232 props-Order"
18890601p.537_p003.txt,35,Dacopo,Fredrikstad,WHITBY,"16,618 pcs. sawn fir, 673 fir battens, 84 lds. firewood",Charles Smales,31,5,1889,1,6,1889,False,"May 31 Dacopo-Fredrikstad-16,618 pcs. sawn fir, 673 fir battens, 84 lds. firewood-Charles Smales"
18890601p.537_p003.txt,37,Figaro,Carlscrona,YARMOUTH,"9,322 deals and battens",Thos. Saul & Son,31,5,1889,1,6,1889,False,"May 31 Figaro-Carlscrona-9,322 deals and battens-Thos. Saul & Son"
18890601p.537_p003.txt,44,Andes,"St. John, N.B.",BELFAST,"23,635 deals and ends",John Browne & Co.,29,5,1889,1,6,1889,False,"May 29 Andes-St. John, N.B.-23,635 deals and ends-John Browne & Co."
18890601p.537_p003.txt,49,Schill,Memel,DUNDALK,"482 logs hewn fir, 200 pcs. sawn fir",Patrick Jennings & Co.,29,5,1889,1,6,1889,False,"May 29 Schill-Memel-482 logs hewn fir, 200 pcs. sawn fir-Patrick Jennings & Co."
18890601p.537_p003.txt,51,Belle of Dunquerke,Riga,LIMERICK,"9,605 deals",McDonnell,29,5,1889,1,6,1889,False,"May 29 Belle of Dunquerke-Riga-9,605 deals-McDonnell"
18890601p.537_p003.txt,53,Caldoon,"St. John, N.B.",SLIGO,"13,887 pcs. sawn fir",O'Connor & Cullen,29,5,1889,1,6,1889,False,"May 29 Caldoon-St. John, N.B.-13,887 pcs. sawn fir-O'Connor & Cullen"
18890608p.4_p002.txt,4,Gazelle,Christiania,KIRKCALDY,"14,328 pit props",Wemyss Coal & Iron Co.,27,5,1889,8,6,1889,False,"May 27 Gazelle-Christiania-14,328 pit props-Wemyss Coal & Iron Co."
18890608p.4_p002.txt,5,Gazelle,Westerwik,KIRKCALDY,"7,693 pit props",J. Budge,27,5,1889,8,6,1889,False,"May 27 Gazelle-Westerwik-7,693 pit props-J. Budge"
18890608p.4_p002.txt,7,Rebecca,Danzig,LEITH,"1,064 pcs. pitwood",J. Garland & Roger,28,5,1889,8,6,1889,False,"May 28 Rebecca-Danzig-1,064 pcs. pitwood-J. Garland & Roger"
18890608p.4_p002.txt,8,Katharina,Abo,LEITH,"1,900 battens, 210 lds. firewood",F. W. Brickman & Co.,28,5,1889,8,6,1889,False,"May 28 Katharina-Abo-1,900 battens, 210 lds. firewood-F. W. Brickman & Co."
18890608p.4_p002.txt,9,Olga,Pensacola,LEITH,"1,051 pcs. sawn pitch pine, 487 deals","Park, Dobson, & Co.",28,5,1889,8,6,1889,False,"May 28 Olga-Pensacola-1,051 pcs. sawn pitch pine, 487 deals-Park, Dobson, & Co."
18890608p.4_p002.txt,10,Starley,Royhall,LEITH,Bordeaux,5 lds. hoops-Aitken,30,5,1889,8,6,1889,False,May 30 Starley-Royhall-Bordeaux-5 lds. hoops-Aitken
18890608p.4_p002.txt,11,Britannia,Rotterdam,LEITH,500 bdls. hoops,Gibson & Co.,31,5,1889,8,6,1889,False,May 31 Britannia-Rotterdam - 500 bdls. hoops-Gibson & Co.
18890608p.4_p002.txt,12,Derwent,Fiume,LEITH,49 oak logs,La Cour,1,6,1889,8,6,1889,True,June 1 Derwent -Fiume-49 oak logs-La Cour
18890608p.4_p002.txt,13,Rebecca,Danzig,LEITH,"8,967 staves, 47 deals and battens",Thomson & Co.,3,6,1889,8,6,1889,False,"June 3 Rebecca-Danzig-8,967 staves, 47 deals and battens-Thomson & Co."
18890608p.4_p002.txt,14,Venus,Reval,LEITH,"1,950 pcs. lathwood",Thomson,1,6,1889,8,6,1889,False,"June 1 Venus-Reval-1,950 pcs. lathwood-Thomson"
18890608p.4_p002.txt,15,Primus,Drammen,LEITH,261 lds. firewood,Forsyth & Rex,3,6,1889,8,6,1889,False,June 3 Primus-Drammen-261 lds. firewood-Forsyth & Rex
18890608p.4_p002.txt,16,J. Martin,Hommelvik,LEITH,"181 lds. firewood, 3,892 deals and battens",M. J. Ellingsen,3,6,1889,8,6,1889,False,"June 3 J. Martin-Hommelvik-181 lds. firewood, 3,892 deals and battens-M. J. Ellingsen"
18890608p.4_p002.txt,17,Amalie,Rotterdam,LEITH,20 bdls. hoops Gibson & Co.,,3,6,1889,8,6,1889,False,June 3 Amalie-Rotterdam-20 bdls. hoops Gibson & Co.
18890608p.4_p002.txt,19,Pan,Drammen,GRANTON,"440,460 staves, 44 lds. firewood",Hutchison & Co.,29,5,1889,8,6,1889,False,"May 29 Pan-Drammen-440,460 staves, 44 lds. firewood-Hutchison & Co."
18890608p.4_p002.txt,20,Proven,Krageroe,GRANTON,"2,406 hewn fir props",M. J. Ellingsen,3,6,1889,8,6,1889,False,"June 3 Proven-Krageroe-2,406 hewn fir props-M. J. Ellingsen"
18890608p.4_p002.txt,22,Arecibo,Pensacola,GREENOCK,"2,615 pcs. sawn pp. timber, 1,954 pcs. pp. lumber",Dunn,29,5,1889,8,6,1889,False,"May 29 Arecibo-Pensacola-2,615 pcs. sawn pp. timber, 1,954 pcs. pp. lumber-Dunn"
18890608p.4_p002.txt,23,Rosalind,Sundswall,GREENOCK,"21,127 pcs. timber",J. McLean & Co.,3,6,1889,8,6,1889,False,"June 3 Rosalind-Sundswall-21,127 pcs. timber-J. McLean & Co."
18890608p.4_p002.txt,25,Garry,Riga,MONTROSE,"2,339 pcs. lathwood","Paton, Low & Co.",27,5,1889,8,6,1889,True,"May 27 Garry -Riga-2,339 pcs. lathwood-Paton, Low & Co."
18890608p.4_p002.txt,26,Lochnagar,Christiansand,MONTROSE,"75,000 birch staves",J. Johnston & Sons,29,5,1889,8,6,1889,False,"May 29 Lochnagar-Christiansand-75,000 birch staves-J. Johnston & Sons"
18890608p.4_p002.txt,27,Alacrity,Hernösand,MONTROSE,"38,568 fir battens",J. Millar & Sons,31,5,1889,8,6,1889,True,"May 31 Alacrity -Hernösand-38,568 fir battens-J. Millar & Sons"
18890608p.4_p002.txt,29,Haabet,Christiansand,PETERHEAD,"60,000 birch staves",Leask & Co.,29,5,1889,8,6,1889,False,"May 29 Haabet-Christiansand-60,000 birch staves-Leask & Co."
18890608p.4_p002.txt,31,Concordia,"Halifax, N.S.",TROON,"9,146 deals and ends",Jno. Wright & Son,31,5,1889,8,6,1889,False,"May 31 Concordia-Halifax, N.S.-9,146 deals and ends-Jno. Wright & Son"
18890608p.4_p002.txt,33,Raphael,Christiansand,WICK,"82,500 staves, 3 lds. sawn fir",J. G. Duncan,27,5,1889,8,6,1889,False,"May 27 Raphael-Christiansand-82,500 staves, 3 lds. sawn fir-J. G. Duncan"
18890615p.575_p001.txt,27,Roseville,Gefle,BARROW,"501,662 boards, 1,622 battens",F. J. Crossfield,10,6,1889,15,6,1889,True,"June 10 Roseville -Gefle-501,662 boards, 1,622 battens-F. J. Crossfield"
18890615p.575_p001.txt,29,Banan,Riga,BOSTON,"1,057 blocks and sleepers",A. Bruce & Co.,4,6,1889,15,6,1889,True,"June 4 Banan -Riga-1,057 blocks and sleepers-A. Bruce & Co."
18890615p.575_p001.txt,32,Southgate,Skutskar and Ljusne,BRISTOL,"67,944 deals and boards, 37,705 planks, battens, and boards",Jones & Wainwright,6,6,1889,15,6,1889,True,"June 6 Southgate -Skutskar and Ljusne-67,944 deals and boards, 37,705 planks, battens, and boards-Jones & Wainwright"
18890615p.575_p001.txt,36,Gala,Muros,CARDIFF,190 lds. pitwood,Thomas & Co.,4,6,1889,15,6,1889,False,June 4 Gala-Muros-190 lds. pitwood-Thomas & Co.
18890615p.575_p001.txt,49,Atlantique,Bayonne,IMPORTERS OF,750 lds. pitwood,A. Capelle,6,6,1889,15,6,1889,False,6 Atlantique - Bayonne - 750 lds. pitwood-A. Capelle
18890615p.575_p001.txt,50,Tiber,Bordeaux,IMPORTERS OF,"1,600 lds. pitwood",Simkin,7,6,1889,15,6,1889,False,"7 Tiber-Bordeaux-1,600 lds. pitwood-Simkin"
18890615p.575_p001.txt,52,Catherine & Margaret,Fredrikstad,CARNARVON,"12,703 boards, 15 fir poles",Thos. Parry,4,6,1889,15,6,1889,False,"June 4 Catherine & Margaret-Fredrikstad-12,703 boards, 15 fir poles-Thos. Parry"
18890615p.575_p001.txt,53,Norrona,"West Bay, N.S.",CARNARVON,"11,381 deals",Parry,10,6,1889,15,6,1889,False,"10 Norrona-West Bay, N.S.-11,381 deals-Parry"
18890615p.575_p001.txt,55,Avance,Drammen,COLCHESTER,"28,944 fir boards",Brown & Son,6,6,1889,15,6,1889,False,"June 6 Avance-Drammen-28,944 fir boards-Brown & Son"
18890615p.575_p001.txt,56,Leif,Fredrikstad,COLCHESTER,"31,981 boards and deals, 189 poles hewn fir",Nicholl & Co.,8,6,1889,15,6,1889,False,"8 Leif-Fredrikstad-31,981 boards and deals, 189 poles hewn fir-Nicholl & Co."
18890615p.575_p001.txt,58,Lodore,Ljusne,EXETER,"30,202 deals, battens, and boards",R. W. & F. C. Sharp,4,6,1889,15,6,1889,True,"June 4 Lodore -Ljusne-30,202 deals, battens, and boards-R. W. & F. C. Sharp"
18890615p.575_p001.txt,60,Hebe,Abo,FAVERSHAM,"14,468 battens and scantlings, 4 lds. firewood",T. A. Whittle & Co.,8,6,1889,15,6,1889,False,"June 8 Hebe-Abo-14,468 battens and scantlings, 4 lds. firewood-T. A. Whittle & Co."
18890615p.575_p001.txt,63,Oscar,Fredrikstad,FOLKESTONE,"18,868 pcs. sawn fir, 49 pcs. hewn fir",Thomas Hinds & Son,5,6,1889,15,6,1889,False,"June 5 Oscar-Fredrikstad-18,868 pcs. sawn fir, 49 pcs. hewn fir-Thomas Hinds & Son"
18890615p.575_p001.txt,65,Isle of Ella,Klampenborg,GLOUCESTER,"22,931 deals","Price, Walker, & Co.",5,6,1889,15,6,1889,True,"June 5 Isle of Ella -Klampenborg-22,931 deals-Price, Walker, & Co."
18890615p.575_p001.txt,67,Vesta,Gefle,GRIMSBY,16 lds. firewood,Taylor,4,6,1889,15,6,1889,True,June 4 Vesta -Gefle-16 lds. firewood-Taylor
18890615p.575_p001.txt,68,Kramfort,Drontheim,GRIMSBY,"63,616 deals, battens, and boards",S. Ellis,5,6,1889,15,6,1889,False,"5 Kramfort-Drontheim-63,616 deals, battens, and boards-S. Ellis"
18890615p.575_p001.txt,70,Frederick,Konigsberg,GRIMSBY,"5,000 hewn sleepers, 200 sawn sleepers",T. Gabriel & Son,8,6,1889,15,6,1889,False,"8 Frederick-Konigsberg-5,000 hewn sleepers, 200 sawn sleepers-T. Gabriel & Son"
18890615p.575_p001.txt,74,Gipsy Queen,Gothenburg,HARTLEPOOL (WEST),"17,203 rails, 8,472 poles, 17,200 props, 13,730 sleepers, 661 boards, 1,819 posts, 6,750 bdls. laths",T. Barraclough,4,6,1889,15,6,1889,True,"June 4 Gipsy Queen -Gothenburg-17,203 rails, 8,472 poles, 17,200 props, 13,730 sleepers, 661 boards, 1,819 posts, 6,750 bdls. laths-T. Barraclough"
18890615p.575_p001.txt,76,Eppleton,Saltvik,HARTLEPOOL (WEST),"51,750 deals and battens",Harrison & Singleton,5,6,1889,15,6,1889,False,"5 Eppleton-Saltvik-51,750 deals and battens-Harrison & Singleton"
18890615p.575_p001.txt,88,Rothbury,Gefle,HARWICH,"22,162 deals and battens",Groom & Son,8,6,1889,15,6,1889,True,"June 8 Rothbury -Gefle-22,162 deals and battens-Groom & Son"
18890615p.575_p001.txt,90,Joseph Somes,Sundswall,HULL,"46,298 deals, &c.",B. & H. Thorp,6,6,1889,15,6,1889,True,"June 6 Joseph Somes -Sundswall-46,298 deals, &c.-B. & H. Thorp"
18890615p.575_p001.txt,92,Una,Konigsberg,HULL,"47,645 deals",Horsley,7,6,1889,15,6,1889,True,"7 Una -Konigsberg-47,645 deals-Horsley"
18890615p.575_p001.txt,102,Erato,St. Petersburg,HULL,"8,229 props",Order,10,6,1889,15,6,1889,True,"10 Erato -St. Petersburg-8,229 props-Order"
18890615p.575_p001.txt,107,Westwood,Rafso,HULL,"96,933 deals, &c., 11,744 bdls. laths",Order,12,6,1889,15,6,1889,True,"12 Westwood -Rafso-96,933 deals, &c., 11,744 bdls. laths-Order"
18890615p.575_p002.txt,9,Floridian,New Orleans,LIVERPOOL,"4,614 pcs. lumber, 600 staves",Order,6,6,1889,15,6,1889,True,"June 6 Floridian -New Orleans-4,614 pcs. lumber, 600 staves-Order"
18890615p.575_p002.txt,23,Virginian,Boston,LIVERPOOL,"6,600 staves",Hattley Hay; 645 bdls. hickory squares-Order,11,6,1889,15,6,1889,True,"11 Virginian -Boston-6,600 staves-Hattley Hay; 645 bdls. hickory squares-Order"
18890615p.575_p002.txt,31,Pavonia,Boston,LIVERPOOL,"4,600 staves",Drysdale,12,6,1889,15,6,1889,True,"12 Pavonia -Boston-4,600 staves-Drysdale"
18890615p.575_p002.txt,36,Loch Lomond,Montreal,SURREY COMMERCIAL DOCKS,"57,966 deals, 11,870 boards, 9,376 ends",Order,6,6,1889,15,6,1889,True,"June 6 Loch Lomond -Montreal-57,966 deals, 11,870 boards, 9,376 ends-Order"
18890615p.575_p002.txt,39,Tyr,Norrkoping,SURREY COMMERCIAL DOCKS,"6,390 deals",Nicks,7,6,1889,15,6,1889,True,"7 Tyr -Norrkoping-6,390 deals-Nicks"
18890615p.575_p002.txt,41,Clodian,Kotka,SURREY COMMERCIAL DOCKS,196 fms. firewood,With,8,6,1889,15,6,1889,False,8 Clodian-Kotka-196 fms. firewood-With
18890615p.575_p002.txt,46,Eclipse,St. Petersburg,SURREY COMMERCIAL DOCKS,"5,855 pcs. lathwood, 593 rickers",Order,11,6,1889,15,6,1889,True,"11 Eclipse -St. Petersburg-5,855 pcs. lathwood, 593 rickers-Order"
18890615p.575_p002.txt,52,Ethiopian,Soderhamn,SURREY COMMERCIAL DOCKS,327 fms. firewood,Lines Bros.,12,6,1889,15,6,1889,False,12 Ethiopian-Soderhamn-327 fms. firewood-Lines Bros.
18890615p.575_p002.txt,58,Assyrian,Montreal,MILLWALL DOCKS,"18,654 deals","Order; from Quebec-940 boxes splints-Bryant & May; 1,425 deals-Order",7,6,1889,15,6,1889,True,"June 7 Assyrian -Montreal-18,654 deals-Order; from Quebec-940 boxes splints-Bryant & May; 1,425 deals-Order"
18890615p.575_p002.txt,60,Richmond Hill,New York,MILLWALL DOCKS,"207 crts., 6 cs. cooperage, 1,199 pcs. ash, 4,448 bdls. staves, 2,158 hoops, 634 bdls. headings, 5,699 pcs. oak",Order,8,6,1889,15,6,1889,True,"8 Richmond Hill -New York-207 crts., 6 cs. cooperage, 1,199 pcs. ash, 4,448 bdls. staves, 2,158 hoops, 634 bdls. headings, 5,699 pcs. oak-Order"
18890615p.575_p002.txt,61,Thorsten,Gothenburg,MILLWALL DOCKS,"1,000 doors","Burt, Boulton, & Co.; 781 doors, 497 bdls. mouldings-W. R. Crow & Son; 570 doors-Nicks & Penton; 202 bdls. mouldings-Churchill & Sim; 3,000 bdls. laths-Order",11,6,1889,15,6,1889,True,"11 Thorsten -Gothenburg-1,000 doors-Burt, Boulton, & Co.; 781 doors, 497 bdls. mouldings-W. R. Crow & Son; 570 doors-Nicks & Penton; 202 bdls. mouldings-Churchill & Sim; 3,000 bdls. laths-Order"
18890615p.575_p002.txt,65,Argo,Christiania,MILLWALL DOCKS,420 bdls. listwood,"Doulton, Bournes, & Co.; 325 bdls. box boards-J. Terry & Co.; 9,726 boards-Nicks & Penton; 5,076 scantlings-Tagart, Beaton, & Co.; 205 bgs. blocks-J. Keen; 12 cs. mouldings, 6,061 bdls. box boards-Ord",12,6,1889,15,6,1889,True,"12 Argo -Christiania-420 bdls. listwood-Doulton, Bournes, & Co.; 325 bdls. box boards-J. Terry & Co.; 9,726 boards-Nicks & Penton; 5,076 scantlings-Tagart, Beaton, & Co.; 205 bgs. blocks-J. Keen; 12 cs. mouldings, 6,061 bdls. box boards-Order"
18890615p.575_p002.txt,68,Maisi Bhan,Melbourne,LONDON DOCKS,67 pcs. timber,"Wade, Wingfield, & Co.",12,6,1889,15,6,1889,False,"June 12 Maisi Bhan-Melbourne-67 pcs. timber-Wade, Wingfield, & Co."
18890615p.575_p002.txt,70,Gerda,Ljusne,REGENT'S CANAL DOCKS,207 fms. firewood,R. Durrell,8,6,1889,15,6,1889,False,June 8 Gerda-Ljusne-207 fms. firewood-R. Durrell
18890615p.575_p002.txt,71,Coquimbo,Sundswall,REGENT'S CANAL DOCKS,177 fms. firewood,"Tagart, Beaton, & Co.",11,6,1889,15,6,1889,False,"11 Coquimbo-Sundswall-177 fms. firewood-Tagart, Beaton, & Co."
18890615p.575_p002.txt,74,Minnesota,Baltimore,TILBURY DOCKS,"1,600 pcs. oak, 765 pcs., 238 bdls. poplar, 134 bdls. lumber","Cobbett & Co.; 1,394 pcs. oak-J. Smith & Co.; 1,348 pcs. poplar-Witt & Palmer; 146 pcs. oak-Simson & Mason; 20 logs elm, 10 logs, 5,854 pcs. oak-Churchill & Sim; 3,067 staves-Hattley Hay; 139 pcs. oak",8,6,1889,15,6,1889,True,"June 8 Minnesota -Baltimore-1,600 pcs. oak, 765 pcs., 238 bdls. poplar, 134 bdls. lumber-Cobbett & Co.; 1,394 pcs. oak-J. Smith & Co.; 1,348 pcs. poplar-Witt & Palmer; 146 pcs. oak-Simson & Mason; 20 logs elm, 10 logs, 5,854 pcs. oak-Churchill & Sim; 3,067 staves-Hattley Hay; 139 pcs. oak, 1,371 pcs., 134 pkgs. oak, 410 pcs. poplar-Order"
18890615p.575_p002.txt,76,Eastern Star,Ljusne,VICTORIA DOCKS,"488 stds. deals, battens, and boards",Order,8,6,1889,15,6,1889,True,"June 8 Eastern Star -Ljusne-488 stds. deals, battens, and boards-Order"
18890615p.575_p002.txt,77,Chelydra,Montreal,VICTORIA DOCKS,"8,207 deals, 4,014 battens",Order,11,6,1889,15,6,1889,True,"11 Chelydra -Montreal-8,207 deals, 4,014 battens-Order"
18890615p.575_p002.txt,79,Milanese,Boston,VICTORIA DOCKS,5 cs. pegwood,"Clark & Co.; 2,400 staves-Drysdale Bros.; 9 cs. handles-Order",12,6,1889,15,6,1889,True,"12 Milanese -Boston-5 cs. pegwood-Clark & Co.; 2,400 staves-Drysdale Bros.; 9 cs. handles-Order"
18890615p.575_p002.txt,81,Lapwig,Bordeaux,B. AND F. S. WHARF,"4,108 bdls. wood hoops",Order,11,6,1889,15,6,1889,True,"June 11 Lapwig -Bordeaux-4,108 bdls. wood hoops-Order"
18890615p.575_p002.txt,83,Iron Prince,Domsjo,SILVERTOWN,"3,178 boards, 80 logs, 30,768 scantlings and battens, 29,101 deals and battens",Order,6,6,1889,15,6,1889,False,"June 6 Iron Prince-Domsjo-3,178 boards, 80 logs, 30,768 scantlings and battens, 29,101 deals and battens-Order"
18890615p.575_p002.txt,85,Howards,Riga,LOWESTOFT,"7,136 sleeper blocks, 6,647 sleepers","Burt, Boulton, & Co.",8,6,1889,15,6,1889,True,"June 8 Howards -Riga-7,136 sleeper blocks, 6,647 sleepers-Burt, Boulton, & Co."
18890615p.575_p002.txt,87,Kalvin,"St. John, N.B.",NEWPORT,"35,309 deals, ends, and battens",Nicholas & Co.,5,6,1889,15,6,1889,False,"June 5 Kalvin-St. John, N.B.-35,309 deals, ends, and battens-Nicholas & Co."
18890615p.575_p002.txt,94,Luvo,Abo,NEWPORT,20 lds. firewood,E. Marshall,4,6,1889,15,6,1889,False,June 4 Luvo-Abo-20 lds. firewood-E. Marshall
18890615p.575_p002.txt,96,Berthel,Memel,POOLE,"6,560 deals and battens, 775 pcs. lathwood","Poole, Baltic, and Quebec Timber Co., Limited",7,6,1889,15,6,1889,False,"June 7 Berthel-Memel-6,560 deals and battens, 775 pcs. lathwood-Poole, Baltic, and Quebec Timber Co., Limited"
18890615p.575_p002.txt,100,Frieda Grampp,Danzig,POOLE,"4,616 fir deals, 221 fir sleepers",Churchill & Sim; 476 pcs. oak-Gabriel & Sons,8,6,1889,15,6,1889,False,"8 Frieda Grampp-Danzig-4,616 fir deals, 221 fir sleepers-Churchill & Sim; 476 pcs. oak-Gabriel & Sons"
18890615p.575_p002.txt,103,Stjernen,Drammen,RAMSGATE,"14,124 floorings, 112 spars",William Crundall,8,6,1889,15,6,1889,False,"June 8 Stjernen-Drammen-14,124 floorings, 112 spars-William Crundall"
18890615p.575_p002.txt,105,County of Durham,Abo,ROCHESTER,"48,043 pcs. sawn fir",C. Besent & Son,7,6,1889,15,6,1889,False,"June 7 County of Durham-Abo-48,043 pcs. sawn fir-C. Besent & Son"
18890615p.575_p002.txt,107,Oceana,Abo,SHOREHAM,"23,650 fir battens Baves",,6,6,1889,15,6,1889,False,"June 6 Oceana-Abo-23,650 fir battens Baves"
18890615p.575_p002.txt,109,Julia Wiener,Skönvik,SOUTHAMPTON,"27,183 pcs. sawn fir","Elliott, Sons, & Co.",3,6,1889,15,6,1889,False,"June 3 Julia Wiener-Skönvik-27,183 pcs. sawn fir-Elliott, Sons, & Co."
18890615p.575_p002.txt,111,Sir Bevis,Soderhamn,SOUTHAMPTON,"29,442 pcs. sawn fir",Driver & Co.,8,6,1889,15,6,1889,False,"8 Sir Bevis-Soderhamn-29,442 pcs. sawn fir-Driver & Co."
18890615p.575_p002.txt,113,Ann,Hamburg,SUNDERLAND,"25,925 beech chocks, 204 fir planks",E. Wiener & Co.,4,6,1889,15,6,1889,False,"June 4 Ann-Hamburg-25,925 beech chocks, 204 fir planks-E. Wiener & Co."
18890615p.575_p002.txt,114,Albatross,Risoer,SUNDERLAND,"5,286 deals and battens, 6,976 pit props",Rayner & Moller,5,6,1889,15,6,1889,False,"5 Albatross-Risoer-5,286 deals and battens, 6,976 pit props-Rayner & Moller"
18890615p.575_p002.txt,117,Lanchester,Gothenburg,SUNDERLAND,"17,292 pit props",T. J. Reay,6,6,1889,15,6,1889,False,"6 Lanchester-Gothenburg-17,292 pit props-T. J. Reay"
18890615p.575_p002.txt,119,Thomas,Altona,SUNDERLAND,"16,700 beech chocks",E. Wiener & Co.,7,6,1889,15,6,1889,False,"7 Thomas-Altona-16,700 beech chocks-E. Wiener & Co."
18890615p.575_p002.txt,122,Jules Marie,Audierne,SWANSEA,130 lds. pit props,Dynevor Co.,4,6,1889,15,6,1889,False,June 4 Jules Marie-Audierne-130 lds. pit props-Dynevor Co.
18890615p.575_p002.txt,125,Pilote,Hennebont,SWANSEA,160 lds. pitwood,Livingston & Co.,6,6,1889,15,6,1889,False,6 Pilote-Hennebont-160 lds. pitwood-Livingston & Co.
18890615p.575_p002.txt,126,Avenir,Pont l'Abbe,SWANSEA,120 lds. pitwood,Jones,8,6,1889,15,6,1889,False,8 Avenir-Pont l'Abbe-120 lds. pitwood-Jones
18890615p.575_p002.txt,129,Viking,Gothenburg,TYNE,"120 lds. battens, 250 lds. pit props, 20 lds. mining timber, 50 lds. sleepers, 5 lds. splits",Order,4,6,1889,15,6,1889,False,"June 4 Viking-Gothenburg-120 lds. battens, 250 lds. pit props, 20 lds. mining timber, 50 lds. sleepers, 5 lds. splits-Order"
18890615p.575_p002.txt,130,Dido,Skien,TYNE,"1,003 doz. props",Thos. Atkinson,6,6,1889,15,6,1889,False,"6 Dido-Skien-1,003 doz. props-Thos. Atkinson"
18890615p.575_p002.txt,138,Axel,Monsteras,TYNE,full and complete cargo of props,Hall Bros. (Blyth),7,6,1889,15,6,1889,False,7 Axel-Monsteras-full and complete cargo of props-Hall Bros. (Blyth)
18890615p.575_p002.txt,140,Octa,Gothenburg,TYNE,"14,884 pit props, 2,041 battens",Order,11,6,1889,15,6,1889,False,"11 Octa-Gothenburg-14,884 pit props, 2,041 battens-Order"
18890615p.575_p002.txt,144,Cumbrian,Sundswall,WHITEHAVEN,"8,496 pcs. hewn fir, 30,212 fir boards, 127 lds. firewood",J. & W. Jackson,8,6,1889,15,6,1889,False,"June 8 Cumbrian-Sundswall-8,496 pcs. hewn fir, 30,212 fir boards, 127 lds. firewood-J. & W. Jackson"
18890615p.575_p002.txt,146,Brighton,Soderhamn,WISBECH,"81,625 deals, battens, and boards",English Bros.,4,6,1889,15,6,1889,False,"June 4 Brighton-Soderhamn-81,625 deals, battens, and boards-English Bros."
18890615p.575_p002.txt,148,Loch Leven,Narva,YARMOUTH,"31,570 deals, battens, and boards",Jewson & Sons,4,6,1889,15,6,1889,True,"June 4 Loch Leven -Narva-31,570 deals, battens, and boards-Jewson & Sons"
18890615p.575_p002.txt,149,Roskva,Fredrikstad,YARMOUTH,"20,218 flooring boards, 21 lds. firewood, 91 lds. sawn fir",Wright,5,6,1889,15,6,1889,False,"5 Roskva-Fredrikstad-20,218 flooring boards, 21 lds. firewood, 91 lds. sawn fir-Wright"
18890615p.575_p002.txt,153,Black Head,Riga,BELFAST,"1,004 fir sleepers, 247 pcs. hewn fir",G. Heyn & Sons,6,6,1889,15,6,1889,False,"June 6 Black Head-Riga-1,004 fir sleepers, 247 pcs. hewn fir-G. Heyn & Sons"
18890615p.575_p002.txt,155,Galatea,San Francisco,CORK,8 lds. sawn fir,Joseph Woodward,4,6,1889,15,6,1889,False,June 4 Galatea-San Francisco-8 lds. sawn fir-Joseph Woodward
18890615p.575_p002.txt,157,Eva Lynch,"St. John, N.B.",DUNDALK,"16,369 deals and battens","Pattrick, Jennings & Co.",6,6,1889,15,6,1889,False,"June 6 Eva Lynch-St. John, N.B.-16,369 deals and battens-Pattrick, Jennings & Co."
18890615p.575_p002.txt,159,Oliver,"St. John, N.B.",WATERFORD,"18,141 deals",J. F. Graves & Co.,8,6,1889,15,6,1889,False,"June 8 Oliver-St. John, N.B.-18,141 deals-J. F. Graves & Co."
18890615p.5_p002.txt,11,Golden Horn,Pascagoula,GREENOCK,"463 pcs. hewn, 431 pcs. sawn timber, 583 deals",Order,3,6,1889,15,6,1889,False,"June 3 Golden Horn-Pascagoula-463 pcs. hewn, 431 pcs. sawn timber, 583 deals-Order"
18890615p.5_p002.txt,14,Howard,Quebec,GREENOCK,"388 logs waney board wood, 145 logs oak, 83 logs square yellow pine, Edmiston & Mitchell; 77 pcs. oak, 116 pcs. elm, 201 pcs. birch, 454 pcs. square white pine, 4,178 bright pine deals, 1,434 bright p",Hunter & Co.,10,6,1889,15,6,1889,False,"10 Howard-Quebec-388 logs waney board wood, 145 logs oak, 83 logs square yellow pine, Edmiston & Mitchell; 77 pcs. oak, 116 pcs. elm, 201 pcs. birch, 454 pcs. square white pine, 4,178 bright pine deals, 1,434 bright pine deal ends, 1,120 bright spruce deals-Hunter & Co."
18890615p.5_p002.txt,17,Dagmar,Skien,GRANGEMOUTH,"492 spars, 3,720 props",P. & J. Wilkie,3,6,1889,15,6,1889,False,"June 3 Dagmar-Skien-492 spars, 3,720 props-P. & J. Wilkie"
18890615p.5_p002.txt,20,Sivia,Abo,GRANGEMOUTH,"6,788 deals",J. T. Salvesen & Co.,6,6,1889,15,6,1889,False,"6 Sivia-Abo-6,788 deals-J. T. Salvesen & Co."
18890615p.5_p002.txt,21,Samuel,Riga,GRANGEMOUTH,"222 pcs. timber, 1,329 deals and ends",J. D. Thomson,7,6,1889,15,6,1889,False,"7 Samuel-Riga-222 pcs. timber, 1,329 deals and ends-J. D. Thomson"
18890615p.5_p002.txt,23,Mary Hogarth,Brunswick,GRANGEMOUTH,"949 pcs. timber, 146 deals",J. D. Thomson,8,6,1889,15,6,1889,False,"8 Mary Hogarth-Brunswick-949 pcs. timber, 146 deals-J. D. Thomson"
18890615p.5_p002.txt,29,Ran,Mem,GRANTON,"13,820 deals and battens",Mitchell Thomson & Co.,4,6,1889,15,6,1889,False,"June 4 Ran-Mem-13,820 deals and battens-Mitchell Thomson & Co."
18890615p.5_p002.txt,33,Aurora,Christiansand,KIRKCALDY,"3,500 pcs. pit",wood-Joseph Budge,4,6,1889,15,6,1889,False,"June 4 Aurora-Christiansand-3,500 pcs. pit-wood-Joseph Budge"
18890615p.5_p002.txt,34,Orient,Konigsberg,KIRKCALDY,"3,305 pcs. hewn fir",A. Bruce & Co.,6,6,1889,15,6,1889,True,"6 Orient -Konigsberg-3,305 pcs. hewn fir-A. Bruce & Co."
18890615p.5_p002.txt,35,Salem,Oscarshamn,KIRKCALDY,"9,657 pit props",Lochgelly Iron and Coal Co.,8,6,1889,15,6,1889,False,"8 Salem-Oscarshamn-9,657 pit props-Lochgelly Iron and Coal Co."
18890615p.5_p002.txt,38,Laurine,Laurvig,LEITH,"2,249 deals and battens, 23 lds. firewood",Duncan & Co.,5,6,1889,15,6,1889,False,"June 5 Laurine-Laurvig-2,249 deals and battens, 23 lds. firewood-Duncan & Co."
18890615p.5_p002.txt,39,Czar,Cronstadt,LEITH,"3,359 deal and batten ends, 2,496 pcs. lathwood, 1,136 rickers",Thomson,7,6,1889,15,6,1889,False,"7 Czar-Cronstadt-3,359 deal and batten ends, 2,496 pcs. lathwood, 1,136 rickers-Thomson"
18890615p.5_p002.txt,41,Julianshaab,Riga,LEITH,"6,713 deals and battens",Forslind & Rex,10,6,1889,15,6,1889,False,"10 Julianshaab-Riga-6,713 deals and battens-Forslind & Rex"
18890615p.5_p002.txt,44,Craighill,Sundswall,MONTROSE,"40,462 fir battens, 5 lds. firewood",Millar & Sons,4,6,1889,15,6,1889,True,"June 4 Craighill -Sundswall-40,462 fir battens, 5 lds. firewood-Millar & Sons"
18890615p.5_p002.txt,45,Veritas,Rafso,MONTROSE,"42,338 battens and boards",Robert Millar & Sons,5,6,1889,15,6,1889,False,"5 Veritas-Rafso-42,338 battens and boards-Robert Millar & Sons"
18890615p.5_p002.txt,47,Emerald,Riga,MONTROSE,"2,374 pcs. lathwood",Fleming & Robertson,10,6,1889,15,6,1889,True,"10 Emerald -Riga-2,374 pcs. lathwood-Fleming & Robertson"
18890615p.5_p002.txt,50,Greata,Gothenburg,STORNOWAY,"12,746 pcs. sawn fir",J. M. Morison,1,6,1889,15,6,1889,True,"June 1 Greata -Gothenburg-12,746 pcs. sawn fir-J. M. Morison"
18890615p.5_p002.txt,53,Diana,Soderhamn,WICK,"16,048 pcs. sawn fir",Ewen & Sons,4,6,1889,15,6,1889,False,"June 4 Diana-Soderhamn-16,048 pcs. sawn fir-Ewen & Sons"
18890622p.4_p002.txt,5,[?],Riga,ALLOA,"7,730 props",A. Wallace,11,6,1889,22,6,1889,False,"June 11 [?]-Riga-7,730 props-A. Wallace"
18890622p.4_p002.txt,6,[?],Sundsvall,ALLOA,"13,924 props",Doni-,12,6,1889,22,6,1889,False,"12 [?]-Sundsvall-13,924 props-Doni-"
18890622p.4_p002.txt,8,[?],Riga,BO'NESS,"7,475 deals and battens",J. T. Salvesen,11,6,1889,22,6,1889,False,"June 11 [?]-Riga-7,475 deals and battens-J. T. Salvesen"
18890622p.4_p002.txt,9,[?],Riga,BO'NESS,"11,729 props",Kennedy & Co.,12,6,1889,22,6,1889,False,"12 [?]-Riga-11,729 props-Kennedy & Co."
18890622p.4_p002.txt,10,[?],Riga,BO'NESS,"11,729 props",Kennedy & Co.,13,6,1889,22,6,1889,False,"13 [?]-Riga-11,729 props-Kennedy & Co."
18890622p.4_p002.txt,12,[?],Sundsvall,GRANGEMOUTH,"1,804 pcs. hewn fir, 370 pcs. sawn fir",Rankine & Co.,11,6,1889,22,6,1889,False,"June 11 [?]-Sundsvall-1,804 pcs. hewn fir, 370 pcs. sawn fir-Rankine & Co."
18890622p.4_p002.txt,14,[?],Westerwik,GLASGOW,"23,538 props",Kennedy & Co.,11,6,1889,22,6,1889,False,"June 11 [?]-Westerwik-23,538 props-Kennedy & Co."
18890622p.4_p002.txt,15,[?],Riga,GLASGOW,"15,083 props",Stevenson,12,6,1889,22,6,1889,False,"12 [?]-Riga-15,083 props-Stevenson"
18890622p.4_p002.txt,16,[?],Riga,GLASGOW,"11,727 pcs. hewn fir, 24,062 props",J. & A. Stewart,13,6,1889,22,6,1889,False,"13 [?]-Riga-11,727 pcs. hewn fir, 24,062 props-J. & A. Stewart"
18890622p.4_p002.txt,17,[?],Riga,GLASGOW,"12,000 props",Denholm,14,6,1889,22,6,1889,False,"14 [?]-Riga-12,000 props-Denholm"
18890622p.4_p002.txt,18,[?],Riga,GLASGOW,"10,000 battens and deals",Balfour,15,6,1889,22,6,1889,False,"15 [?]-Riga-10,000 battens and deals-Balfour"
18890622p.4_p002.txt,19,[?],Riga,GLASGOW,"7,360 pcs. pitwood",J. Kennedy & Co.,17,6,1889,22,6,1889,False,"17 [?]-Riga-7,360 pcs. pitwood-J. Kennedy & Co."
18890622p.4_p002.txt,20,[?],Riga,GLASGOW,"12,484 pcs. pitwood",J. Kennedy & Co.,18,6,1889,22,6,1889,False,"18 [?]-Riga-12,484 pcs. pitwood-J. Kennedy & Co."
18890622p.4_p002.txt,22,[?],Mobile,GREENOCK,"4,925 pcs. lathwood",Edmiston & Mitchells,11,6,1889,22,6,1889,False,"June 11 [?]-Mobile-4,925 pcs. lathwood-Edmiston & Mitchells"
18890622p.4_p002.txt,24,[?],Pensacola,ARDROSSAN,"1,375 pcs. sawn pine, 1,089 pcs. m. pine, 3,894 pcs. m. pine",R. L. Alpine & Co.,11,6,1889,22,6,1889,False,"June 11 [?]-Pensacola-1,375 pcs. sawn pine, 1,089 pcs. m. pine, 3,894 pcs. m. pine-R. L. Alpine & Co."
18890622p.4_p002.txt,25,[?],Mobile,ARDROSSAN,"1,885 pcs. oak lumber",Order,12,6,1889,22,6,1889,False,"12 [?]-Mobile-1,885 pcs. oak lumber-Order"
18890622p.4_p002.txt,26,[?],New York,ARDROSSAN,"12 cs. woodware, 580 bkhd. staves",Order,13,6,1889,22,6,1889,False,"13 [?]-New York-12 cs. woodware, 580 bkhd. staves-Order"
18890622p.4_p002.txt,27,[?],New York,ARDROSSAN,234 pkgs. wood,"manufacturing Co. ; 4,816 pcs. oak staves-R. Hamilton & Co. ; 1,000 pcs. oak logs-Order",14,6,1889,22,6,1889,False,"14 [?]-New York-234 pkgs. wood-manufacturing Co. ; 4,816 pcs. oak staves-R. Hamilton & Co. ; 1,000 pcs. oak logs-Order"
18890622p.4_p002.txt,29,[?],Drontheim,IRVINE,"12,760 deals and battens",Edmiston & Mitchells,11,6,1889,22,6,1889,False,"June 11 [?]-Drontheim-12,760 deals and battens-Edmiston & Mitchells"
18890622p.4_p002.txt,31,[?],Drontheim,AYR,"4,825 bdls. box boards",P. & J. Wilkie,11,6,1889,22,6,1889,False,"June 11 [?]-Drontheim-4,825 bdls. box boards-P. & J. Wilkie"
18890622p.4_p002.txt,33,[?],Drontheim,TROON,"18,927 battens",Wilkie,11,6,1889,22,6,1889,False,"June 11 [?]-Drontheim-18,927 battens-Wilkie"
18890622p.4_p002.txt,34,[?],Drontheim,TROON,"604 deals, 30 stds. deals",Wilkie,12,6,1889,22,6,1889,False,"12 [?]-Drontheim-604 deals, 30 stds. deals-Wilkie"
18890622p.4_p002.txt,60,Emeline,Riga,GLASGOW,"8,780 deals and ends",McPherson & McLaren,12,6,1889,22,6,1889,False,"12 Emeline-Riga-8,780 deals and ends-McPherson & McLaren"
18890622p.4_p002.txt,61,Matwey,Narva,GLASGOW,"10,855 battens",J. Thomson,13,6,1889,22,6,1889,False,"13 Matwey-Narva-10,855 battens-J. Thomson"
18890622p.4_p002.txt,62,Palomares,Riga,GLASGOW,"12,320 sleeper blocks, 1,196 sleepers",W. Christie & Co.,14,6,1889,22,6,1889,False,"14 Palomares-Riga-12,320 sleeper blocks, 1,196 sleepers-W. Christie & Co."
18890622p.4_p002.txt,64,Suppicich,Pensacola,GRANTON,"1,572 pcs. pitch pine, 65 pcs. hewn pitch pine deals",Mitchell Thomson & Co.,11,6,1889,22,6,1889,False,"June 11 Suppicich-Pensacola-1,572 pcs. pitch pine, 65 pcs. hewn pitch pine deals-Mitchell Thomson & Co."
18890622p.4_p002.txt,65,Carl Hirschberg,Riga,GRANTON,"5,337 sleeper blocks, 1,260 round sleepers, 9,301 half",sleeper fir blocks-C. Salvesen,13,6,1889,22,6,1889,True,"13 Carl Hirschberg -Riga-5,337 sleeper blocks, 1,260 round sleepers, 9,301 half-sleeper fir blocks-C. Salvesen"
18890622p.4_p002.txt,66,Allegra,Risoer,GRANTON,"47,322 pit props",Madsden,13,6,1889,22,6,1889,False,"13 Allegra-Risoer-47,322 pit props-Madsden"
18890622p.4_p002.txt,68,Express,Stettin,KIRKCALDY,"801 pcs. hewn fir, 10 pcs. hewn oak",J. Donaldson & Son,11,6,1889,22,6,1889,False,"June 11 Express-Stettin-801 pcs. hewn fir, 10 pcs. hewn oak-J. Donaldson & Son"
18890622p.4_p002.txt,70,Alma,Abo,LEITH,"12,179 deals and battens",A. Garland & Roger,11,6,1889,22,6,1889,False,"June 11 Alma-Abo-12,179 deals and battens-A. Garland & Roger"
18890622p.4_p002.txt,71,Axel,Abo,LEITH,"20,116 battens",D. W. Beattie,12,6,1889,22,6,1889,False,"12 Axel-Abo-20,116 battens-D. W. Beattie"
18890622p.4_p002.txt,72,Joar,Oplo,LEITH,"3,777 deals and battens",W. N. Lindsay,13,6,1889,22,6,1889,False,"13 Joar-Oplo-3,777 deals and battens-W. N. Lindsay"
18890622p.4_p002.txt,74,Joar,Namsos,LEITH,7 lds. firewood,C. Salvesen,14,6,1889,22,6,1889,False,14 Joar-Namsos-7 lds. firewood-C. Salvesen
18890622p.4_p002.txt,75,Axel,Kinnito,LEITH,8 lds. firewood,M. Easson,15,6,1889,22,6,1889,False,15 Axel-Kinnito-8 lds. firewood-M. Easson
18890622p.4_p002.txt,76,Britannia,Rotterdam,LEITH,100 bdls. hoops,Gibson & Co.,17,6,1889,22,6,1889,False,17 Britannia-Rotterdam-100 bdls. hoops-Gibson & Co.
18890629p.619_p002.txt,18,Lizzie English,Cronstadt,SURREY COMMERCIAL DOCKS,"600 stds. deals and battens, 18 fms. firewood","Foy, Morgan & Co.",20,6,1889,29,6,1889,True,"June 20 Lizzie English -Cronstadt-600 stds. deals and battens, 18 fms. firewood-Foy, Morgan & Co."
18890629p.619_p002.txt,20,Axel,Kotka,SURREY COMMERCIAL DOCKS,212 fms. firewood,Order,21,6,1889,29,6,1889,False,21 Axel-Kotka-212 fms. firewood-Order
18890629p.619_p002.txt,27,Louisa H.,St. Petersburg,SURREY COMMERCIAL DOCKS,"870 pcs. redwood, 5,357 pcs. lathwood, 1,493 rickers","Foy, Morgan, & Co. ; 200 wood bowls-Order",22,6,1889,29,6,1889,True,"22 Louisa H. -St. Petersburg-870 pcs. redwood, 5,357 pcs. lathwood, 1,493 rickers-Foy, Morgan, & Co. ; 200 wood bowls-Order"
18890629p.619_p002.txt,35,Holderness,Cronstadt,SURREY COMMERCIAL DOCKS,"7,984 bdls. staves, 36,355 deals and boards",Order,24,6,1889,29,6,1889,True,"24 Holderness -Cronstadt-7,984 bdls. staves, 36,355 deals and boards-Order"
18890629p.619_p002.txt,41,Isle of Iona,Neder Kalix,SURREY COMMERCIAL DOCKS,"35,160 deals, battens, and boards, 20,349 deals and battens, 20 fms. firewood",Wilson,25,6,1889,29,6,1889,True,"25 Isle of Iona -Neder Kalix-35,160 deals, battens, and boards, 20,349 deals and battens, 20 fms. firewood-Wilson"
18890629p.619_p002.txt,45,Rosedale,Skelleftea,SURREY COMMERCIAL DOCKS,"696 deals, 7,191 spars, 76,140 battens",Nicholson,26,6,1889,29,6,1889,True,"26 Rosedale -Skelleftea-696 deals, 7,191 spars, 76,140 battens-Nicholson"
18890629p.619_p002.txt,48,Terra Nova,Laurvig,NORTHFLEET,"540,651 staves","Duus, Brown, & Co. ; 7 doz. boards-O. Larsen",21,6,1889,29,6,1889,False,"June 21 Terra Nova-Laurvig-540,651 staves-Duus, Brown, & Co. ; 7 doz. boards-O. Larsen"
18890629p.619_p002.txt,50,Skjold,Kaunissaari,NORTHFLEET,"991,470 staves",Order,29,6,1889,29,6,1889,False,"29 Skjold-Kaunissaari-991,470 staves-Order"
18890629p.619_p002.txt,52,Delphin,Abo,WOOLWICH BUOYS,126 fms. firewood,Wilson & Watson,20,6,1889,29,6,1889,False,June 20 Delphin-Abo-126 fms. firewood-Wilson & Watson
18890629p.619_p002.txt,54,Amcock,Gagra,WEST INDIA DOCKS,"247 beech planks, 845 pcs. ash, 107 pcs. Oregon beech, 13,073 staves, 40 tons firewood",G. Tweedy.,24,6,1889,29,6,1889,False,"June 24 Amcock-Gagra-247 beech planks, 845 pcs. ash, 107 pcs. Oregon beech, 13,073 staves, 40 tons firewood-G. Tweedy."
18890629p.619_p002.txt,56,Marie,Bordeaux,LLANELLY,120 lds. pitwood,"Trimsaran Co., Limited",21,6,1889,29,6,1889,False,"June 21 Marie-Bordeaux-120 lds. pitwood-Trimsaran Co., Limited"
18890629p.619_p002.txt,57,St. Anne,La Tremblade,LLANELLY,156 lds. pitwood,William Davies & Co.,24,6,1889,29,6,1889,False,24 St. Anne-La Tremblade-156 lds. pitwood-William Davies & Co.
18890629p.619_p002.txt,64,Bergsund,Hernösand,MILLWALL DOCKS,"8 fms. firewood, 24,030 deals",Order,20,6,1889,29,6,1889,True,"June 20 Bergsund -Hernösand-8 fms. firewood, 24,030 deals-Order"
18890629p.619_p002.txt,67,Albano,Christiania,MILLWALL DOCKS,263 bgs. brush blocks,"J. Keen; 6,927 boards, 1,300 spars-With, Webster, & Co.; 4,000 bdls. staves-Order",24,6,1889,29,6,1889,True,"24 Albano -Christiania-263 bgs. brush blocks -J. Keen; 6,927 boards, 1,300 spars-With, Webster, & Co.; 4,000 bdls. staves-Order"
18890629p.619_p002.txt,73,East Anglia,Odessa,MILLWALL DOCKS,"238 hewn oak logs, 103 round logs","G. F. Neame & Co.; 13 logs wood, 5,341 staves, 73 square oak logs-Order",26,6,1889,29,6,1889,True,"26 East Anglia -Odessa-238 hewn oak logs, 103 round logs-G. F. Neame & Co.; 13 logs wood, 5,341 staves, 73 square oak logs-Order"
18890629p.619_p002.txt,76,Truro City,New York,VICTORIA DOCKS,"2,515 staves","Churchill & Sim; 2 gross thousand pipe staves-Hattley Hay; 2,052 pcs., 33 bdls. lumber-Order",24,6,1889,29,6,1889,True,"June 24 Truro City -New York-2,515 staves-Churchill & Sim; 2 gross thousand pipe staves-Hattley Hay; 2,052 pcs., 33 bdls. lumber-Order"
18890629p.619_p002.txt,78,Lisnacrieve,Baltimore,VICTORIA DOCKS,20 logs oak,"Govan & Co.; 2,586 planks-Simson & Mason; 918 pcs. lumber-Colbett & Co.; 9,618 pcs. lumber, 1,688 pcs. oak-Churchill & Sim; 902 pcs. lumber-Order",26,6,1889,29,6,1889,True,"26 Lisnacrieve -Baltimore-20 logs oak-Govan & Co.; 2,586 planks-Simson & Mason; 918 pcs. lumber-Colbett & Co.; 9,618 pcs. lumber, 1,688 pcs. oak-Churchill & Sim; 902 pcs. lumber-Order"
18890629p.619_p002.txt,81,Albatross,Bremen,ST. KATHARINE'S DOCK,"1,296 beech planks",Order,24,6,1889,29,6,1889,True,"June 24 Albatross -Bremen-1,296 beech planks-Order"
18890629p.619_p002.txt,83,Annie Danzig,8 cs. mouldings,HERMITAGE TR,"Becher & Ulrich; 200 boards, 884 crossings",Order,24,6,1889,29,6,1889,False,"June 24 Annie Danzig-8 cs. mouldings-Becher & Ulrich; 200 boards, 884 crossings-Order"
18890629p.619_p002.txt,85,Argyle,Konigsberg,HANOVER HOLE,"4,069 sleepers, 250 half",sleepers-Order,21,6,1889,29,6,1889,True,"June 21 Argyle -Konigsberg-4,069 sleepers, 250 half-sleepers-Order"
18890629p.619_p002.txt,87,Ariadne,Kotka,GRAVESEND,"1,052,643 staves",Order,22,6,1889,29,6,1889,False,"June 22 Ariadne-Kotka-1,052,643 staves-Order"
18890629p.619_p002.txt,90,Stanley,Sundswall,REGENT'S CANAL DOCKS,218 fms. firewood,R. Durell; 120 boards-Master,20,6,1889,29,6,1889,False,June 20 Stanley-Sundswall-218 fms. firewood-R. Durell; 120 boards-Master
18890629p.619_p002.txt,91,Ellen Lines,Sundswall,REGENT'S CANAL DOCKS,265 fms. firewood,Lines Bros.,21,6,1889,29,6,1889,False,21 Ellen Lines-Sundswall-265 fms. firewood-Lines Bros.
18890629p.619_p002.txt,93,Emelie,Bjorneborg,REGENT'S CANAL DOCKS,274 fms. firewood,With,24,6,1889,29,6,1889,False,24 Emelie-Bjorneborg-274 fms. firewood-With
18890629p.619_p002.txt,96,Denmark,New York,ROYAL ALBERT DOCKS,337 logs wood,"C. F. Gerhart; 2 cs. mouldings-Horne & Co.; 17 cs. lumber-Hillier Organ Co.; 2,551 pcs. lumber-Cobbett & Co.; 2,575 pcs. lumber-Churchill & Sim; 102 logs wood-Order",22,6,1889,29,6,1889,True,"June 22 Denmark -New York-337 logs wood-C. F. Gerhart; 2 cs. mouldings-Horne & Co.; 17 cs. lumber-Hillier Organ Co.; 2,551 pcs. lumber-Cobbett & Co.; 2,575 pcs. lumber-Churchill & Sim; 102 logs wood-Order"
18890629p.619_p002.txt,98,Tempo,Riga,BARNARD'S WHARF,"1,400 lds. sleepers",Order,22,6,1889,29,6,1889,True,"June 22 Tempo -Riga-1,400 lds. sleepers-Order"
18890629p.619_p002.txt,100,Ardbeg,Sundswall,MILL HOLE,"62,102 deals and battens, 18 fms. firewood",Order,21,6,1889,29,6,1889,True,"June 21 Ardbeg -Sundswall-62,102 deals and battens, 18 fms. firewood-Order"
18890629p.619_p002.txt,101,Raven,Sundswall,MILL HOLE,"11,212 deals, 1,141 battens, 1,018 pcs. mining timber, square timber",Order,19,6,1889,29,6,1889,True,"June 19 Raven -Sundswall-11,212 deals, 1,141 battens, 1,018 pcs. mining timber, square timber-Order"
18890629p.619_p002.txt,102,Agder,Krageroe,MILL HOLE,"1,008 pcs. round timber",J. Watson,20,6,1889,29,6,1889,True,"June 20 Agder -Krageroe-1,008 pcs. round timber-J. Watson"
18890629p.619_p002.txt,103,Afghan,Gothenburg,MILL HOLE,"1,200 pcs. sawn fir, battens",Order,24,6,1889,29,6,1889,True,"24 Afghan -Gothenburg-1,200 pcs. sawn fir, battens-Order"
18890629p.619_p002.txt,105,Hebe,Gothenburg,MIDDLESBROUGH,"10,216 deals and battens",Order,18,6,1889,29,6,1889,True,"June 18 Hebe -Gothenburg-10,216 deals and battens-Order"
18890629p.619_p002.txt,108,Aurore,Auray,NEWPORT,130 lds. pit props,Budd & Co.,19,6,1889,29,6,1889,False,19 Aurore-Auray-130 lds. pit props-Budd & Co.
18890629p.619_p002.txt,110,Malabar,Pontaven,NEWPORT,120 lds. pit props,Budd & Co.,24,6,1889,29,6,1889,False,24 Malabar-Pontaven-120 lds. pit props-Budd & Co.
18890629p.619_p002.txt,119,Kenmore,Sundswall,PLYMOUTH,"995 lds. sawn fir, 2 lds. firewood",Jewson Bros.,20,6,1889,29,6,1889,False,"June 20 Kenmore-Sundswall-995 lds. sawn fir, 2 lds. firewood-Jewson Bros."
18890629p.619_p002.txt,121,Olaus,Sundswall,POOLE,"18,995 fir battans",May & Hassell,22,6,1889,29,6,1889,False,"June 22 Olaus-Sundswall-18,995 fir battans-May & Hassell"
18890629p.619_p002.txt,123,Jeanette,Danzig,PORTSMOUTH,894 pcs. sawn fir,A. Kressmann,20,6,1889,29,6,1889,False,June 20 Jeanette-Danzig-894 pcs. sawn fir-A. Kressmann
18890629p.619_p002.txt,125,Eros,Carlskrona,ROCHESTER,"817,189 staves",Steriker & Sons,21,6,1889,29,6,1889,False,"June 21 Eros-Carlskrona-817,189 staves-Steriker & Sons"
18890629p.619_p002.txt,127,Volharding,Thisted,SCARBOROUGH,120 lds. firewood,Thomas Wilkinson,24,6,1889,29,6,1889,False,June 24 Volharding-Thisted-120 lds. firewood-Thomas Wilkinson
18890629p.619_p002.txt,129,King Ermyr,Sundswall,SOUTHAMPTON,"21,752 pcs. sawn fir","Tagart, Morgan, & Co.",18,6,1889,29,6,1889,False,"June 18 King Ermyr-Sundswall-21,752 pcs. sawn fir-Tagart, Morgan, & Co."
18890629p.619_p002.txt,130,Hilma,Abo,SOUTHAMPTON,112 lds. firewood,Sandell & Son,21,6,1889,29,6,1889,False,21 Hilma-Abo-112 lds. firewood-Sandell & Son
18890629p.619_p002.txt,132,Lydia,Abo,STOCKTON,"52 lds. firewood, 230 boards",Mandall & Co.,20,6,1889,29,6,1889,False,"June 20 Lydia-Abo-52 lds. firewood, 230 boards-Mandall & Co."
18890629p.619_p002.txt,134,Ostindia,Oscarshamn,SUNDERLAND,"14,198 props","Mitshel, Andersen & Co.",19,6,1889,29,6,1889,False,"June 19 Ostindia-Oscarshamn-14,198 props-Mitshel, Andersen & Co."
18890629p.619_p002.txt,135,Julius,Carlskrona,SUNDERLAND,"16,194 props",Mitshel,20,6,1889,29,6,1889,False,"20 Julius-Carlskrona-16,194 props-Mitshel"
18890629p.619_p002.txt,138,Vorwarts,Memel,SUNDERLAND,"3,661 deals",Thos. Elliot & Sons; 100 oak staves-Napier & Co.,21,6,1889,29,6,1889,False,"21 Vorwarts-Memel-3,661 deals-Thos. Elliot & Sons; 100 oak staves-Napier & Co."
18890629p.619_p002.txt,141,Ida,Uddevalla,SUNDERLAND,"32,779 pit props",Moller,24,6,1889,29,6,1889,False,"24 Ida-Uddevalla-32,779 pit props-Moller"
18890629p.619_p002.txt,145,Louie,Marie,SWANSEA,Bordeaux,120 lds. pitwood-B. J. Rosser & Co.,21,6,1889,29,6,1889,False,June 21 Louie-Marie-Bordeaux-120 lds. pitwood-B. J. Rosser & Co.
18890629p.619_p002.txt,146,Matheo R.,Bordeaux,SWANSEA,450 lds. pitwood,Williams & Co.,24,6,1889,29,6,1889,False,24 Matheo R.-Bordeaux-450 lds. pitwood-Williams & Co.
18890629p.619_p002.txt,150,Augusta,Laurvig,TYNE,"32,862 pit props",W. Southern & Son,19,6,1889,29,6,1889,True,"June 19 Augusta -Laurvig-32,862 pit props-W. Southern & Son"
18890629p.619_p002.txt,152,Hero,Krageroe,TYNE,"1,018 pcs. mining timber, 920 pit props",Order,20,6,1889,29,6,1889,False,"20 Hero-Krageroe-1,018 pcs. mining timber, 920 pit props-Order"
18890629p.619_p002.txt,153,Amor,Husum,TYNE,"1,450 pit props",Order,21,6,1889,29,6,1889,False,"21 Amor-Husum-1,450 pit props-Order"
18890629p.619_p002.txt,159,Busy Bee,Drontheim,TYNE,"9,166 pit props",Order,24,6,1889,29,6,1889,True,"24 Busy Bee -Drontheim-9,166 pit props-Order"
18890629p.619_p002.txt,165,Springhill,Narva,"JUNE 29, 1889.]","14,887 deals and battens, 18 fms. firewood",Thompson & Co,21,6,1889,29,6,1889,True,"June 21 Springhill -Narva-14,887 deals and battens, 18 fms. firewood-Thompson & Co"
18890629p.619_p002.txt,167,Haworth,Junisker,MARYPORT,"455 deals, 8,399 boards, 8,220 pcs. battens",Ritson & Co.,20,6,1889,29,6,1889,True,"June 20 Haworth -Junisker-455 deals, 8,399 boards, 8,220 pcs. battens-Ritson & Co."
18890629p.619_p002.txt,176,Robert,Gothenburg,WHITBY,"9,842 props, 20 tons, and boards, 199 laths",Order,21,6,1889,29,6,1889,False,"June 21 Robert-Gothenburg-9,842 props, 20 tons, and boards, 199 laths-Order"
18890629p.619_p002.txt,177,Wylam,Nyhamn,WHITBY,"11,350 deals, battens, and boards",Hiscox & Co.,22,6,1889,29,6,1889,True,"June 22 Wylam -Nyhamn-11,350 deals, battens, and boards-Hiscox & Co."
18890629p.619_p002.txt,179,City of Amsterdam,Riga,WISBECH,"274 lds. sawn fir, bdls. hoops",J. C. Pinkerton,21,6,1889,29,6,1889,False,"June 21 City of Amsterdam-Riga-274 lds. sawn fir, bdls. hoops-J. C. Pinkerton"
18890629p.619_p002.txt,180,Clara,Bordeaux,WISBECH,250 bdls. hoops,J. C. Pinkerton,22,6,1889,29,6,1889,True,22 Clara -Bordeaux-250 bdls. hoops-J. C. Pinkerton
18890629p.619_p002.txt,183,Deodata,Fredrikstad,CORK,"5,446,280 staves",Order,19,6,1889,29,6,1889,False,"June 19 Deodata-Fredrikstad-5,446,280 staves-Order"
18890629p.619_p002.txt,185,Elise,Memel,DUBLIN,"756 pcs. sawn fir, deals, 6 fms. lathwood",Wm. Graham,11,6,1889,29,6,1889,False,"June 11 Elise-Memel-756 pcs. sawn fir, deals, 6 fms. lathwood-Wm. Graham"
18890629p.619_p002.txt,187,Carvia,St. John,DUBLIN,"37,638 deals",Order,15,6,1889,29,6,1889,False,"15 Carvia-St. John-37,638 deals-Order"
18890629p.619_p002.txt,188,Clydesdale,Riga,DUBLIN,241 lds. lathwood,Order,22,6,1889,29,6,1889,False,22 Clydesdale-Riga-241 lds. lathwood-Order
18890629p.619_p003.txt,10,Robert,Gothenburg,WHITBY,"9,794 deals, battens, and boards, 199 laths",Coner & Bros.,21,6,1889,29,6,1889,False,"June 21 Robert-Gothenburg-9,794 deals, battens, and boards, 199 laths-Coner & Bros."
18890629p.619_p003.txt,12,Wylam,Nyhamn,WISBECH,"46,922 deals, battens, and boards",Hiscox & Smith,22,6,1889,29,6,1889,True,"June 22 Wylam -Nyhamn-46,922 deals, battens, and boards-Hiscox & Smith"
18890629p.619_p003.txt,15,City of Amsterdam,Rotterdam,BELFAST,"2,000 bdls. hoops",J. C. Pinkerton,21,6,1889,29,6,1889,False,"June 21 City of Amsterdam-Rotterdam-2,000 bdls. hoops-J. C. Pinkerton"
18890629p.619_p003.txt,16,Clara,Bordeaux,BELFAST,250 bdls. hoops,J. C. Pinkerton,22,6,1889,29,6,1889,True,22 Clara -Bordeaux-250 bdls. hoops-J. C. Pinkerton
18890629p.619_p003.txt,19,Deodata,Fredrikstad,CORK,"50 pcs. hewn fir, 11,084 pcs. sawn fir",Lawson & Smith,19,6,1889,29,6,1889,False,"June 19 Deodata-Fredrikstad-50 pcs. hewn fir, 11,084 pcs. sawn fir-Lawson & Smith"
18890629p.619_p003.txt,21,Elise,Memel,DUBLIN,"756 pcs. timber, 4,600 deals, 6 fms. lathwood",Wm. Graham,11,6,1889,29,6,1889,False,"June 11 Elise-Memel-756 pcs. timber, 4,600 deals, 6 fms. lathwood-Wm. Graham"
18890629p.619_p003.txt,23,Carvia,St. John,DUBLIN,"37,638 deals",Martin & Co.,15,6,1889,29,6,1889,False,"15 Carvia-St. John-37,638 deals-Martin & Co."
18890629p.619_p003.txt,24,Clydesdale,Riga,DUBLIN,241 lds. lathwood,Order,20,6,1889,29,6,1889,False,20 Clydesdale-Riga-241 lds. lathwood-Order
18890720p.4_p002.txt,4,Elvina,Sundswall,GRANGEMOUTH,"8,469 battens",Order,8,7,1889,20,7,1889,False,"July 8 Elvina-Sundswall-8,469 battens-Order"
18890720p.4_p002.txt,8,Faerder,Christiania,GRANGEMOUTH,"8,665 bdls. box boards",Order,9,7,1889,20,7,1889,False,"9 Faerder-Christiania-8,665 bdls. box boards-Order"
18890720p.4_p002.txt,9,Andreas Linnemann,Narva,GRANGEMOUTH,"6,760 deals and scantlings",J. T. Salvesen & Co.,11,7,1889,20,7,1889,False,"11 Andreas Linnemann-Narva-6,760 deals and scantlings-J. T. Salvesen & Co."
18890720p.4_p002.txt,17,Zephyr,Drammen,GRANTON,"394,070 staves, 47,831 pcs. pit",wood-C. Salvesen & Co.,11,7,1889,20,7,1889,False,"July 11 Zephyr-Drammen-394,070 staves, 47,831 pcs. pit-wood-C. Salvesen & Co."
18890720p.4_p002.txt,18,Athalia,Memel,GRANTON,"35,416 oak staves",Salvesen,12,7,1889,20,7,1889,False,"12 Athalia-Memel-35,416 oak staves-Salvesen"
18890720p.4_p002.txt,21,Kathleen,Brunswick,GREENOCK,"2,128 pcs. sawn timber, 77 pcs. hewn timber, 633 pcs. deals","Hunter, Sheriff, & Co.",9,7,1889,20,7,1889,False,"July 9 Kathleen-Brunswick-2,128 pcs. sawn timber, 77 pcs. hewn timber, 633 pcs. deals-Hunter, Sheriff, & Co."
18890720p.4_p002.txt,23,Industri,Sundswall,INVERNESS,"8,380 pcs. sawn fir",A. R. Watson & Co.,10,7,1889,20,7,1889,False,"July 10 Industri-Sundswall-8,380 pcs. sawn fir-A. R. Watson & Co."
18890720p.4_p002.txt,26,Gemsen,Holmestrand,KIRKCALDY,"18,698 props",Lochgelly Iron & Coal Co.,11,7,1889,20,7,1889,False,"July 11 Gemsen-Holmestrand-18,698 props-Lochgelly Iron & Coal Co."
18890720p.4_p002.txt,27,Azela,Riga,KIRKCALDY,"11,279 props",Lochgelly Iron & Coal Co.,13,7,1889,20,7,1889,False,"13 Azela-Riga-11,279 props-Lochgelly Iron & Coal Co."
18890720p.4_p002.txt,30,Jason,Cronstadt,MONTROSE,"73,514 battens and boards",R. Millar & Sons,11,7,1889,20,7,1889,False,"July 11 Jason-Cronstadt-73,514 battens and boards-R. Millar & Sons"
18890720p.4_p002.txt,31,Eros,Rafso,MONTROSE,"27,382 fir battens and boards",R. Millar & Sons,12,7,1889,20,7,1889,False,"12 Eros-Rafso-27,382 fir battens and boards-R. Millar & Sons"
18890720p.4_p002.txt,32,Cherton,Cronstadt,MONTROSE,"48,968 deals, battens, and boards, 125 lds. firewood",R. Millar & Sons,13,7,1889,20,7,1889,True,"13 Cherton -Cronstadt-48,968 deals, battens, and boards, 125 lds. firewood-R. Millar & Sons"
18890720p.4_p002.txt,34,Fix,Sundswall,PETERHEAD,"9,770 fir sawn battens",C. Carnegie,10,7,1889,20,7,1889,False,"July 10 Fix-Sundswall-9,770 fir sawn battens-C. Carnegie"
18890727p.4_p001.txt,14,Libelle,Ryske,ABERDEEN,"175,954 fir boards",G. Milne & Co.,18,7,1889,27,7,1889,False,"July 18 Libelle-Ryske-175,954 fir boards-G. Milne & Co."
18890727p.4_p001.txt,16,Dunrobin Castle,Riga,ABERDEEN,"1,386 pcs. hewn fir, 1,560 pcs. sawn fir, 121 fir spars, 28 lds. firewood",G. Milne & Co.,19,7,1889,27,7,1889,False,"19 Dunrobin Castle-Riga-1,386 pcs. hewn fir, 1,560 pcs. sawn fir, 121 fir spars, 28 lds. firewood-G. Milne & Co."
18890727p.4_p001.txt,17,Johanna and Sina,Stettin,ABERDEEN,758 pcs. hewn fir,J. Fleming & Co.,20,7,1889,27,7,1889,False,20 Johanna and Sina-Stettin-758 pcs. hewn fir-J. Fleming & Co.
18890727p.4_p001.txt,20,Immanuel,Tonsberg,ALLOA,"24,710 props",Madsen & Borck,17,7,1889,27,7,1889,False,"July 17 Immanuel-Tonsberg-24,710 props-Madsen & Borck"
18890727p.4_p001.txt,21,Sundswall,Archangel,ALLOA,"7,167 deals and ends",J. D. Thomson,19,7,1889,27,7,1889,False,"19 Sundswall-Archangel-7,167 deals and ends-J. D. Thomson"
18890727p.4_p001.txt,22,Tordenskjold,Throndhjem,ALLOA,"6,015 deals and battens",A. Thomson & Sons,20,7,1889,27,7,1889,False,"20 Tordenskjold-Throndhjem-6,015 deals and battens-A. Thomson & Sons"
18890727p.4_p001.txt,23,Ullo,Laurvig,ALLOA,"10,873 props",Denholm & Co.,22,7,1889,27,7,1889,False,"22 Ullo-Laurvig-10,873 props-Denholm & Co."
18890727p.4_p001.txt,27,Nicanor,Sundswall,AYR,"23,166 fir battens",William Alexander & Son,19,7,1889,27,7,1889,False,"July 19 Nicanor-Sundswall-23,166 fir battens-William Alexander & Son"
18890727p.4_p001.txt,29,Constance,Gothenburg,BANFF,"4,603 deals and battens",McPherson & Co.,20,7,1889,27,7,1889,False,"July 20 Constance-Gothenburg-4,603 deals and battens-McPherson & Co."
18890727p.4_p001.txt,31,Thyra,Sandefjord,BORROWSTOUNNESS,"11,478 props Love",,16,7,1889,27,7,1889,False,"July 16 Thyra-Sandefjord-11,478 props Love"
18890727p.4_p001.txt,33,Leif,Risoer,BORROWSTOUNNESS,"22,572 props",Stevenson,18,7,1889,27,7,1889,False,"18 Leif-Risoer-22,572 props-Stevenson"
18890727p.4_p002.txt,5,Exile,Riga,PETERHEAD,"1,007 pcs. hewn fir, 4,000 pcs. sawn fir",Brebner & Jenkins,17,7,1889,27,7,1889,False,"July 17 Exile-Riga-1,007 pcs. hewn fir, 4,000 pcs. sawn fir-Brebner & Jenkins"
18890727p.4_p002.txt,7,Africa,Pensacola,TROON,"1,493 pcs. sawn pitch pine",Brownlee & Co.,16,7,1889,27,7,1889,False,"July 16 Africa-Pensacola-1,493 pcs. sawn pitch pine-Brownlee & Co."
18890727p.4_p002.txt,8,Falken,"Campbellton, N.B.",TROON,"7,598 deals and ends, 284 deals",John Wright & Son,17,7,1889,27,7,1889,False,"17 Falken-Campbellton, N.B.-7,598 deals and ends, 284 deals-John Wright & Son"
18890727p.4_p002.txt,10,Active,Risoer,WICK,"60,000 birch staves, 3,000 pcs. hewn birch, 90 pcs. hewn fir",D. Sandison,16,7,1889,27,7,1889,False,"July 16 Active-Risoer-60,000 birch staves, 3,000 pcs. hewn birch, 90 pcs. hewn fir-D. Sandison"
18890803p.5_p002.txt,46,Sarmatian,Quebec & Montreal,DS,"5,650 deals","Singleton, Dunn, & Co.",26,8,1889,3,8,1889,False,"26 Sarmatian-Quebec & Montreal-5,650 deals-Singleton, Dunn, & Co."
18890803p.5_p002.txt,47,State of Nebraska,New York,DS,"41,634 pcs. walnut logs","Allison, Cousland, & Co; 3,664 pkgs. wood-Singer Manufacturing Co.",29,8,1889,3,8,1889,False,"29 State of Nebraska-New York-41,634 pcs. walnut logs-Allison, Cousland, & Co; 3,664 pkgs. wood-Singer Manufacturing Co."
18890803p.5_p002.txt,50,Harmonie,Bangkok,PORT GLASGOW,"540 squares, 952 planks teak timber",McDowall & Neilson,22,7,1889,3,8,1889,False,"July 22 Harmonie-Bangkok-540 squares, 952 planks teak timber-McDowall & Neilson"
18890803p.5_p002.txt,52,Prin,Riga,GRANTON,"9,694 sleeper blocks, 11,376 half",sleeper blocks-Salvesen & Co.,27,7,1889,3,8,1889,True,"July 27 Prin -Riga-9,694 sleeper blocks, 11,376 half-sleeper blocks-Salvesen & Co."
18890803p.5_p002.txt,53,Iris,Tvedestrand,GRANTON,"8,228 battens",Thomson & Co.,29,7,1889,3,8,1889,False,"29 Iris-Tvedestrand-8,228 battens-Thomson & Co."
18890803p.5_p002.txt,55,St. Olaf,Hommelvik,GRANGEMOUTH,"14,910 deals and battens",P. & J. Wilkie,22,7,1889,3,8,1889,False,"July 22 St. Olaf-Hommelvik-14,910 deals and battens-P. & J. Wilkie"
18890803p.5_p002.txt,59,Frida,Pensacola,GRANGEMOUTH,"1,347 pcs. sawn pitch pine timber, 434 pitch pine deals",J. Young,25,7,1889,3,8,1889,False,"25 Frida-Pensacola-1,347 pcs. sawn pitch pine timber, 434 pitch pine deals-J. Young"
18890803p.5_p002.txt,61,Courant,Quebec,GRANGEMOUTH,343 pcs. birch,"Edmiston & Mitchells; 91 pcs. oak, 112 pcs. red pine, 70 pcs. square white pine, 552 pcs. waney white pine, 4,021 spruce deals, 2,233 spruce deal ends, 147 pcs. waney white pine-McDowall & Neilson",26,7,1889,3,8,1889,False,"26 Courant-Quebec-343 pcs. birch-Edmiston & Mitchells; 91 pcs. oak, 112 pcs. red pine, 70 pcs. square white pine, 552 pcs. waney white pine, 4,021 spruce deals, 2,233 spruce deal ends, 147 pcs. waney white pine-McDowall & Neilson"
18890803p.5_p002.txt,62,Rock City,Quebec,GRANGEMOUTH,"489 pcs. ash, 243 pcs. square white pine, 50 pcs. waney white pine, 150 pine deals, 2,561 spruce deals, 680 spruce deal ends",Allison & Co.,27,7,1889,3,8,1889,False,"27 Rock City-Quebec-489 pcs. ash, 243 pcs. square white pine, 50 pcs. waney white pine, 150 pine deals, 2,561 spruce deals, 680 spruce deal ends-Allison & Co."
18890803p.5_p002.txt,65,Wopke,Riga,INVERNESS,"405 pcs. hewn fir, 688 deals, 10 lds. firewood",Geo. Milne & Co.,22,7,1889,3,8,1889,False,"July 22 Wopke-Riga-405 pcs. hewn fir, 688 deals, 10 lds. firewood-Geo. Milne & Co."
18890803p.5_p002.txt,66,Olaf,Hernosand,INVERNESS,"12,049 pcs. sawn fir",A. R. Watson & Co.,23,7,1889,3,8,1889,False,"23 Olaf-Hernosand-12,049 pcs. sawn fir-A. R. Watson & Co."
18890803p.5_p002.txt,67,Safeid,Ornskjoldsvik,INVERNESS,"15,009 battens, 4 lds. firewood",Jas. Walker & Co.,25,7,1889,3,8,1889,False,"25 Safeid-Ornskjoldsvik-15,009 battens, 4 lds. firewood-Jas. Walker & Co."
18890803p.5_p002.txt,69,Bertha,Riga,KIRKCALDY,"4,186 deals",Anderson,23,7,1889,3,8,1889,False,"July 23 Bertha-Riga-4,186 deals-Anderson"
18890803p.5_p002.txt,71,Falken,Falkenberg,KIRKCALDY,"18,938 pit props",Fife Coal Co.,26,7,1889,3,8,1889,False,"26 Falken-Falkenberg-18,938 pit props-Fife Coal Co."
18890810p.5_p002.txt,9,Gambetta,Archangel,DUNDEE,"8,862 deals and battens",Bell & Sime,30,7,1889,10,8,1889,False,"July 30 Gambetta-Archangel-8,862 deals and battens-Bell & Sime"
18890810p.5_p002.txt,10,Speed,Hernosand,DUNDEE,"18,093 battens",Donaldson & Sons,31,7,1889,10,8,1889,False,"31 Speed-Hernosand-18,093 battens-Donaldson & Sons"
18890810p.5_p002.txt,13,Daisy,Bjorneborg,DUNDEE,"18,881 fir deals and battens",J. Donaldson & Sons,1,8,1889,10,8,1889,True,"Aug. 1 Daisy -Bjorneborg-18,881 fir deals and battens-J. Donaldson & Sons"
18890810p.5_p002.txt,14,Jeanette,"Soderhamn 8,967 fir battens",DUNDEE,Bell,,2,8,1889,10,8,1889,False,"2 Jeanette-Soderhamn 8,967 fir battens-Bell"
18890810p.5_p002.txt,15,Joseph,Umea,DUNDEE,"34,005 deals and battens",Bell,3,8,1889,10,8,1889,False,"3 Joseph-Umea-34,005 deals and battens-Bell"
18890810p.5_p002.txt,17,Corean,Montreal,GLASGOW,"6,380 deals",Order,29,7,1889,10,8,1889,False,"July 29 Corean-Montreal-6,380 deals-Order"
18890810p.5_p002.txt,20,Circe,Montreal,GLASGOW,"4,242 battens","Allison, Cousland, & Co. ; 167 pcs. oak lumber-J. Kennedy & Co.",31,7,1889,10,8,1889,False,"31 Circe-Montreal-4,242 battens-Allison, Cousland, & Co. ; 167 pcs. oak lumber-J. Kennedy & Co."
18890810p.5_p002.txt,21,Turquoise,Baltimore,GLASGOW,"18 poplar logs, 3,390 pcs. oak lumber, 332 pcs. sycamore lumber, 773 oak planks","Allison, Cousland, & Co. ; 113 black walnut logs, 7,336 staves, 2,560 pcs. oak lumber, 2,063 pcs. walnut lumber, 27 walnut logs, 1,640 walnut boards, 1,601 planks-Order",1,8,1889,10,8,1889,False,"Aug. 1 Turquoise-Baltimore-18 poplar logs, 3,390 pcs. oak lumber, 332 pcs. sycamore lumber, 773 oak planks-Allison, Cousland, & Co. ; 113 black walnut logs, 7,336 staves, 2,560 pcs. oak lumber, 2,063 pcs. walnut lumber, 27 walnut logs, 1,640 walnut boards, 1,601 planks-Order"
18890810p.5_p002.txt,23,Norwegian,Montreal,GLASGOW,"4,896 deals",Singleton,2,8,1889,10,8,1889,False,"2 Norwegian-Montreal-4,896 deals-Singleton"
18890810p.5_p002.txt,26,Grea'a,Gothenburg,GLASGOW,"70 prs. oar blocks, 55 bgs., 1 cs., 16 bdls. turned wood Order",,3,8,1889,10,8,1889,False,"3 Grea'a-Gothenburg-70 prs. oar blocks, 55 bgs., 1 cs., 16 bdls. turned wood Order"
18890810p.5_p002.txt,28,Ernst David,Riga,GRANGEMOUTH,"831 pcs. timber, 4,431 deals and ends",Order,31,7,1889,10,8,1889,False,"July 31 Ernst David-Riga-831 pcs. timber, 4,431 deals and ends-Order"
18890810p.5_p003.txt,3,Amanda,Sundswall,MONTROSE,"17,000 fir battens and boards, 2 lds. firewood",Millar & Sons,30,7,1889,10,8,1889,False,"July 30 Amanda-Sundswall-17,000 fir battens and boards, 2 lds. firewood-Millar & Sons"
18890810p.5_p003.txt,4,Veritas,Rafso,MONTROSE,"38,537 fir battens and boards",Robt. Millar & Sons,31,7,1889,10,8,1889,False,"31 Veritas-Rafso-38,537 fir battens and boards -Robt. Millar & Sons"
18890810p.5_p003.txt,9,Albert,Stettin,MONTROSE,616 pcs. sawn fir,Millar,3,8,1889,10,8,1889,False,Aug. 3 Albert-Stettin-616 pcs. sawn fir-Millar
18890810p.5_p003.txt,12,Janet,Sundswall,PETERHEAD,"236 pcs. hewn fir, 1,734 fir battens, 144 fir spars",Creighton,30,7,1889,10,8,1889,False,"July 30 Janet-Sundswall-236 pcs. hewn fir, 1,734 fir battens, 144 fir spars-Creighton"
18890810p.5_p003.txt,13,Vibelia,Soderhamn,PETERHEAD,"12,300 fir battens, 7 lds. firewood",C. Carnegie,2,8,1889,10,8,1889,False,"Aug. 2 Vibelia-Soderhamn-12,300 fir battens, 7 lds. firewood-C. Carnegie"
18890810p.5_p003.txt,14,Oal,Sundswall,PETERHEAD,"6,313 fir battens",Creighton,3,8,1889,10,8,1889,False,"3 Oal-Sundswall-6,313 fir battens-Creighton"
18890810p.5_p003.txt,17,Gondola,Riga,TROON,"30,022 half",sleepers-A. Bruce & Co.,31,7,1889,10,8,1889,True,"July 31 Gondola -Riga-30,022 half-sleepers-A. Bruce & Co."
18890810p.5_p003.txt,18,Windsor,Campbellton,TROON,"8,638 spruce deals, 494 deal ends",Brownlee & Co.,2,8,1889,10,8,1889,False,"Aug. 2 Windsor-Campbellton-8,638 spruce deals, 494 deal ends-Brownlee & Co."
18890810p.5_p003.txt,21,Halvmaanee,Sundswall,WICK,"200 lds. sawn fir, 100 lds. hewn fir",McEwen & Sons,31,7,1889,10,8,1889,False,"July 31 Halvmaanee-Sundswall-200 lds. sawn fir, 100 lds. hewn fir-McEwen & Sons"
18890817p.147_p001.txt,30,Minnie,Quebec,BARNSTAPLE,"75 pcs. hewn birch, 3,299 white pine deals, 250 white pine deal ends, 249 red pine deals",Shapland & Petter,6,8,1889,17,8,1889,False,"Aug. 6 Minnie-Quebec-75 pcs. hewn birch, 3,299 white pine deals, 250 white pine deal ends, 249 red pine deals-Shapland & Petter"
18890817p.147_p001.txt,32,Emmiline,"Economy Point, N.S.",BEAUMARIS,"937 spruce deals, 10,051 bdls. and 33 cs. sawn fir",Roberts & Iggleden,7,8,1889,17,8,1889,False,"Aug. 7 Emmiline-Economy Point, N.S.-937 spruce deals, 10,051 bdls. and 33 cs. sawn fir-Roberts & Iggleden"
18890817p.147_p001.txt,35,Loch Leven,Kotka,BERWICK,"27,914 deals and battens",Allan Bros.,7,8,1889,17,8,1889,True,"Aug. 7 Loch Leven -Kotka-27,914 deals and battens-Allan Bros."
18890817p.147_p001.txt,37,Frankfort,Riga,BOSTON,"10,277 sleeper blocks, 1,117 fir sleepers",Calder & Co.,12,8,1889,17,8,1889,False,"Aug. 12 Frankfort-Riga-10,277 sleeper blocks, 1,117 fir sleepers-Calder & Co."
18890817p.147_p001.txt,39,Ida,Uddevalla,BLYTH,252 lds. mining timber,Thos. Atkinson,9,8,1889,17,8,1889,False,Aug. 9 Ida-Uddevalla-252 lds. mining timber-Thos. Atkinson
18890817p.147_p001.txt,42,Soar,Archangel,BRIDGWATER,"5,127 fir deals",Pollard,12,8,1889,17,8,1889,False,"Aug. 12 Soar-Archangel-5,127 fir deals-Pollard"
18890817p.147_p001.txt,45,Anna,Fredrikshald,BRISTOL,"32,394 flooring boards, 892 skirtings",Holmes & Co.,8,8,1889,17,8,1889,True,"Aug. 8 Anna -Fredrikshald-32,394 flooring boards, 892 skirtings-Holmes & Co."
18890817p.147_p001.txt,48,Corine Aimee,Hennebont,CARDIFF,115 lds. pitwood,Order,6,8,1889,17,8,1889,False,Aug. 6 Corine Aimee-Hennebont-115 lds. pitwood-Order
18890817p.147_p001.txt,50,Avenir,Bordeaux,CARDIFF,"1,725 lds. pitwood",Simkin Bros.,9,8,1889,17,8,1889,False,"Aug. 9 Avenir-Bordeaux-1,725 lds. pitwood-Simkin Bros."
18890817p.147_p001.txt,52,Emeline,Rivadeo,CARDIFF,150 lds. pitwood,Order,10,8,1889,17,8,1889,False,Aug. 10 Emeline-Rivadeo-150 lds. pitwood-Order
18890817p.147_p001.txt,55,Belle Aimee,Memel,CARDIFF,"1,654 pcs. sawn fir, 839 deals, 18,040 flooring boards, 921 pcs. sawn fir, 1,002 deals",Alexanders,12,8,1889,17,8,1889,False,"Aug. 12 Belle Aimee-Memel-1,654 pcs. sawn fir, 839 deals, 18,040 flooring boards, 921 pcs. sawn fir, 1,002 deals-Alexanders"
18890817p.147_p001.txt,63,Hirschberg,Riga,CARDIFF,"396 pcs. hewn fir, 155 pcs. lathwood","Watsons; 1,253 logs hewn fir, 10,368 pcs. lathwood-Sidney Robinson & Co.",9,8,1889,17,8,1889,False,"Aug. 9 Hirschberg-Riga-396 pcs. hewn fir, 155 pcs. lathwood-Watsons; 1,253 logs hewn fir, 10,368 pcs. lathwood-Sidney Robinson & Co."
18890817p.147_p001.txt,65,Paquita,Muros,CARDIFF,170 lds. pitwood,Torres,10,8,1889,17,8,1889,False,Aug. 10 Paquita-Muros-170 lds. pitwood-Torres
18890817p.147_p001.txt,69,Franklin,Bordeaux,CARDIFF,850 lds. pitwood,Simkin Bros.,12,8,1889,17,8,1889,True,Aug. 12 Franklin -Bordeaux-850 lds. pitwood-Simkin Bros.
18890817p.147_p001.txt,73,Immanuel,Campbellton,CARNARVON,"7,885 fir deals",Jones & Son,10,8,1889,17,8,1889,False,"Aug. 10 Immanuel-Campbellton-7,885 fir deals-Jones & Son"
18890817p.147_p001.txt,75,Edward Windus,Stettin,CHESTER,"1,566 mining poles",Napier & Co.,6,8,1889,17,8,1889,False,"Aug. 6 Edward Windus-Stettin-1,566 mining poles-Napier & Co."
18890817p.147_p001.txt,78,Nina,Helsingfors,COLCHESTER,"39,922 battens and boards",J. Sadd & Sons,7,8,1889,17,8,1889,False,"Aug. 7 Nina-Helsingfors-39,922 battens and boards-J. Sadd & Sons"
18890817p.147_p001.txt,79,Lulea,Bjorneborg,COLCHESTER,"15,650 deals, battens, and firewood",S. Johannesson,9,8,1889,17,8,1889,False,"Aug. 9 Lulea-Bjorneborg-15,650 deals, battens, and firewood-S. Johannesson"
18890817p.147_p001.txt,81,Sindbad,Riga,COLCHESTER,"18,358 fir sleepers",Calder,8,8,1889,17,8,1889,True,"Aug. 8 Sindbad -Riga-18,358 fir sleepers-Calder"
18890817p.147_p001.txt,83,Ariel,Christiania,FALMOUTH,"18,040 flooring boards, 881 fir battens, 201 lds. spars",Gweek Co.,9,8,1889,17,8,1889,False,"Aug. 9 Ariel-Christiania-18,040 flooring boards, 881 fir battens, 201 lds. spars-Gweek Co."
18890817p.147_p001.txt,86,Alma,"Bathurst, N.B.",FLEETWOOD,"59,257 fir deals",H. & G. Curwen & Co.,6,8,1889,17,8,1889,False,"Aug. 6 Alma-Bathurst, N.B.-59,257 fir deals-H. & G. Curwen & Co."
18890817p.147_p001.txt,90,St. Joseph,Quebec,FLEETWOOD,"871 pcs. hewn fir, 302 pcs. hewn elm, 9,441 pcs. hewn birch",H. & G. Curwen & Co.,9,8,1889,17,8,1889,False,"Aug. 9 St. Joseph-Quebec-871 pcs. hewn fir, 302 pcs. hewn elm, 9,441 pcs. hewn birch-H. & G. Curwen & Co."
18890817p.147_p001.txt,91,Barden Tower,Pensacola,FLEETWOOD,"2,506 pcs. sawn fir, 3,859 sawn fir deals",Curwen & Co.,10,8,1889,17,8,1889,False,"Aug. 10 Barden Tower-Pensacola-2,506 pcs. sawn fir, 3,859 sawn fir deals-Curwen & Co."
18890817p.147_p001.txt,93,Guldfaxe,Bathurst,GLOUCESTER,"25,805 deals",Price,6,8,1889,17,8,1889,False,"Aug. 6 Guldfaxe-Bathurst-25,805 deals-Price"
18890817p.147_p001.txt,95,Svea,Parrsboro',GLOUCESTER,"15,173 deals",Price & Co.,7,8,1889,17,8,1889,False,"Aug. 7 Svea-Parrsboro'-15,173 deals-Price & Co."
18890817p.147_p001.txt,97,Mercurius,Parrsboro',GLOUCESTER,"17,230 deals",Barkworth,8,8,1889,17,8,1889,False,"Aug. 8 Mercurius-Parrsboro'-17,230 deals-Barkworth"
18890817p.147_p001.txt,99,Bertha,Bathurst,GLOUCESTER,"24,817 deals",Price & Co.,10,8,1889,17,8,1889,False,"Aug. 10 Bertha-Bathurst-24,817 deals-Price & Co."
18890817p.147_p001.txt,102,Raleigh,Kem,GLOUCESTER,"37,071 deals",Price & Co.,12,8,1889,17,8,1889,True,"Aug. 12 Raleigh -Kem-37,071 deals-Price & Co."
18890817p.147_p001.txt,107,Dresden,Riga,GOOLE,"16,320 sleepers",York Coal & Steamship Co.,9,8,1889,17,8,1889,False,"Aug. 9 Dresden-Riga-16,320 sleepers-York Coal & Steamship Co."
18890817p.147_p001.txt,108,Berlin,Kopmanholmen,GOOLE,"85,908 deals, battens, and boards",Illingworth & Co.,12,8,1889,17,8,1889,True,"Aug. 12 Berlin -Kopmanholmen-85,908 deals, battens, and boards-Illingworth & Co."
18890817p.147_p001.txt,110,Ariel,Riga,GRIMSBY,9 lds. firewood,D. H. Bunnz,6,8,1889,17,8,1889,False,Aug. 6 Ariel-Riga-9 lds. firewood-D. H. Bunnz
18890817p.147_p001.txt,112,Zeus,Nederkalix,GRIMSBY,"49,777 pcs. sawn fir",G. A. Carr & Co.,8,8,1889,17,8,1889,True,"Aug. 8 Zeus -Nederkalix-49,777 pcs. sawn fir-G. A. Carr & Co."
18890817p.147_p001.txt,117,Dauntless,Kemi,GRIMSBY,"84,405 deals",Bennetts,10,8,1889,17,8,1889,True,"Aug. 10 Dauntless -Kemi-84,405 deals-Bennetts"
18890817p.147_p001.txt,120,Joseph Somes,Uleaborg,GRIMSBY,"43,136 deals, battens, and boards",J. Chapman & Co.,12,8,1889,17,8,1889,True,"Aug. 12 Joseph Somes -Uleaborg-43,136 deals, battens, and boards-J. Chapman & Co."
18890817p.147_p001.txt,125,Benalder,St. Petersburg,HARTLEPOOL (WEST),202 props,C. A. Forslind & Co.,6,8,1889,17,8,1889,True,Aug. 6 Benalder -St. Petersburg-202 props-C. A. Forslind & Co.
18890817p.147_p001.txt,131,Tromso,Drammen,HARTLEPOOL (WEST),"12,458 props",Pyman,7,8,1889,17,8,1889,False,"Aug. 7 Tromso-Drammen-12,458 props-Pyman"
18890817p.147_p001.txt,135,Rheola,St. Petersburg,HARTLEPOOL (WEST),"61,510 fir props",C. Nielsen & Sons,8,8,1889,17,8,1889,True,"Aug. 8 Rheola -St. Petersburg-61,510 fir props-C. Nielsen & Sons"
18890817p.147_p001.txt,139,Zealous,Wyborg,HARTLEPOOL (WEST),"29,562 deals, battens, and boards",A. Livingston & Co.,9,8,1889,17,8,1889,True,"Aug. 9 Zealous -Wyborg-29,562 deals, battens, and boards-A. Livingston & Co."
18890817p.147_p001.txt,141,Eros,Lillesand,HARTLEPOOL (WEST),"2,964 pcs. mining timber, 9,123 props",V. Nilsson & Co.,9,8,1889,17,8,1889,False,"Aug. 9 Eros-Lillesand-2,964 pcs. mining timber, 9,123 props-V. Nilsson & Co."
18890817p.147_p002.txt,13,Harwich,Rotterdam,HARWICH,400 hoops,J. Howard,9,8,1889,17,8,1889,True,Aug. 9 Harwich -Rotterdam-400 hoops-J. Howard
18890817p.147_p002.txt,15,Meta,Sundswall,HARWICH,"11,200 deals and battens",Groom & Son,10,8,1889,17,8,1889,False,"10 Meta-Sundswall-11,200 deals and battens-Groom & Son"
18890817p.147_p002.txt,17,Como,Trieste,HULL,72 bls. wood,Wilson,8,8,1889,17,8,1889,True,Aug. 8 Como -Trieste-72 bls. wood-Wilson
18890817p.147_p002.txt,20,Albert,Rotterdam,HULL,"1,308 pkgs. hoops",Order,9,8,1889,17,8,1889,True,"9 Albert -Rotterdam-1,308 pkgs. hoops-Order"
18890817p.147_p002.txt,23,Sea Gull,Rotterdam,HULL,100 pkgs. hoops,Order,10,8,1889,17,8,1889,True,10 Sea Gull -Rotterdam-100 pkgs. hoops -Order
18890817p.147_p002.txt,30,Borodino,St. Petersburg,HULL,"63 fms. firewood, 4,125 rickers, 24,751 deals and ends",Order,12,8,1889,17,8,1889,True,"12 Borodino -St. Petersburg-63 fms. firewood, 4,125 rickers, 24,751 deals and ends-Order"
18890817p.147_p002.txt,35,Elizabeth,Konigsberg,HULL,50 pcs. wood,Bailey & Leetham,13,8,1889,17,8,1889,True,13 Elizabeth -Konigsberg-50 pcs. wood-Bailey & Leetham
18890817p.147_p002.txt,43,Otto McCombie,Libau,HULL,"1,445 pcs. birch","wood, 2,563 pcs. alderwood-Order",14,8,1889,17,8,1889,True,"14 Otto McCombie -Libau-1,445 pcs. birch-wood, 2,563 pcs. alderwood-Order"
18890817p.147_p002.txt,51,Carl,Richibucto,LANCASTER,"9,149 deals",Preston Timber Co.,9,8,1889,17,8,1889,False,"Aug. 9 Carl-Richibucto-9,149 deals-Preston Timber Co."
18890817p.147_p002.txt,52,Svalen,Bay Verte,LANCASTER,"18,561 deals and ends",C. Blades,10,8,1889,17,8,1889,False,"10 Svalen-Bay Verte-18,561 deals and ends-C. Blades"
18890817p.147_p002.txt,54,Egypt,New York,LIVERPOOL,"2,980 staves",Drysdale Bros.,8,8,1889,17,8,1889,True,"Aug. 8 Egypt -New York-2,980 staves-Drysdale Bros."
18890817p.147_p002.txt,60,Wyoming,New York,LIVERPOOL,"900 staves, 74 crts., 12 bdls. handles, 257 bdls. lumber, 8 crts. hubs, 6 crts. wood",Order,9,8,1889,17,8,1889,True,"9 Wyoming -New York-900 staves, 74 crts., 12 bdls. handles, 257 bdls. lumber, 8 crts. hubs, 6 crts. wood-Order"
18890817p.147_p002.txt,63,Marava,"St. John, N.B.",LIVERPOOL,"43,287 deals and battens, 2,203 scantlings, 6,839 deal ends, 3,393 boards",Farnworth & Jardine,10,8,1889,17,8,1889,True,"10 Marava -St. John, N.B.-43,287 deals and battens, 2,203 scantlings, 6,839 deal ends, 3,393 boards-Farnworth & Jardine"
18890817p.147_p002.txt,72,Venetian,Boston,LIVERPOOL,"6,660 staves",Hay,12,8,1889,17,8,1889,True,"12 Venetian -Boston-6,660 staves-Hay"
18890817p.147_p002.txt,77,Gladiator,Neder Kalix,LIVERPOOL,"583,769 pcs. sawn fir",Order,13,8,1889,17,8,1889,False,"13 Gladiator-Neder Kalix-583,769 pcs. sawn fir-Order"
18890817p.147_p002.txt,81,Lord Clive,Philadelphia,LIVERPOOL,15 poplar logs,"R. Coltart & Co. ; 1,900 pcs. and qty. staves-Drysdale Bros.",14,8,1889,17,8,1889,True,"14 Lord Clive -Philadelphia-15 poplar logs-R. Coltart & Co. ; 1,900 pcs. and qty. staves-Drysdale Bros."
18890817p.147_p002.txt,89,Brooklands,Sandarne,SURREY COMMERCIAL DOCKS,468 stds. deals and battens,Order,8,8,1889,17,8,1889,True,Aug. 8 Brooklands -Sandarne-468 stds. deals and battens-Order
18890817p.147_p002.txt,99,Capella,Helsingfors,SURREY COMMERCIAL DOCKS,172 fms. firewood,Order,10,8,1889,17,8,1889,True,10 Capella -Helsingfors-172 fms. firewood-Order
18890817p.147_p002.txt,105,Chirton,Cronstadt,"[AUGUST 17, 1889.]","19,212 red and white deals, battens, and ends, 4,827 pcs. lathwood",Order,12,8,1889,17,8,1889,True,"12 Chirton -Cronstadt-19,212 red and white deals, battens, and ends, 4,827 pcs. lathwood-Order"
18890817p.147_p002.txt,109,Shildon,Skelleftea,"[AUGUST 17, 1889.]","550 stds. deals and battens, 4 fms. firewood",Order,13,8,1889,17,8,1889,True,"13 Shildon -Skelleftea-550 stds. deals and battens, 4 fms. firewood-Order"
18890817p.147_p002.txt,112,Courier,Fredrikstad,"[AUGUST 17, 1889.]",Sundswall,230 tons firewood-Durell,14,8,1889,17,8,1889,True,14 Courier -Fredrikstad-Sundswall-230 tons firewood-Durell
18890817p.147_p002.txt,113,Ugland,Wyborg,"[AUGUST 17, 1889.]",198 fms. firewood,Withy Lines Bros.,14,8,1889,17,8,1889,False,14 Ugland-Wyborg-198 fms. firewood-Withy Lines Bros.
18890817p.147_p002.txt,119,Denmark,New York,ROYAL ALBERT DOCKS,qty. lumber,"Churchill & Sim ; 197 pcs. lumber-Glipston ; 3,719 pcs. lumber, 23 cs. spokes -Order",12,8,1889,17,8,1889,True,"Aug. 12 Denmark -New York-qty. lumber-Churchill & Sim ; 197 pcs. lumber-Glipston ; 3,719 pcs. lumber, 23 cs. spokes -Order"
18890817p.147_p002.txt,121,Maryland,Baltimore,TILBURY DOCKS,"10 oak logs, 1,102 pcs. lumber","Govan & Co. ; 2,300 mouldings-Rigald & Bergman ; 7,056 pcs. lumber-Order",10,8,1889,17,8,1889,True,"Aug. 10 Maryland -Baltimore-10 oak logs, 1,102 pcs. lumber-Govan & Co. ; 2,300 mouldings-Rigald & Bergman ; 7,056 pcs. lumber-Order"
18890817p.147_p002.txt,123,Ravensheugh,New York,VICTORIA DOCKS,758 pcs. oak,"Cobbett Bros. ; 2,909 staves, 1,100 pcs. poplar, oak, and walnut-Churchill & Sim ; 12 pcs., 2 logs ash-W. Mallinson ; 6,000 staves, 1,677 pcs. poplar-Order",12,8,1889,17,8,1889,True,"Aug. 12 Ravensheugh -New York-758 pcs. oak-Cobbett Bros. ; 2,909 staves, 1,100 pcs. poplar, oak, and walnut-Churchill & Sim ; 12 pcs., 2 logs ash-W. Mallinson ; 6,000 staves, 1,677 pcs. poplar-Order"
18890817p.147_p002.txt,134,Elma,St. Petersburg,MILLWALL DOCKS,"6,846 pcs. lathwood, 2,624 pcs. whitewood props",Foy,8,8,1889,17,8,1889,True,"Aug. 8 Elma -St. Petersburg-6,846 pcs. lathwood, 2,624 pcs. whitewood props-Foy"
18890817p.147_p002.txt,135,Persian Monarch,New York 809 pcs. lumber,MILLWALL DOCKS,"B. F. Dowdeswell ; 3,449 pcs. lumber","Churchill & Sim ; 9,909 ft. lumber-W. M. Sim ; 42 bdls. lumber-J. H. Ladd ; 1,160 bdls. staves-Churchill & Sim",9,8,1889,17,8,1889,True,"9 Persian Monarch -New York 809 pcs. lumber-B. F. Dowdeswell ; 3,449 pcs. lumber-Churchill & Sim ; 9,909 ft. lumber-W. M. Sim ; 42 bdls. lumber-J. H. Ladd ; 1,160 bdls. staves-Churchill & Sim"
18890817p.147_p002.txt,139,Albert Edward,Gothenburg,MILLWALL DOCKS,334 doz. battens,"Prier, Wotton & Co. ; 12 stds. boards, 16,070 boards-Simson & Mason ; 3,110 bdls. laths, 2,990 bdls., 1,159 doz. boards, 4,941 pcs., 209 doz. battens-Order",10,8,1889,17,8,1889,True,"10 Albert Edward -Gothenburg-334 doz. battens-Prier, Wotton & Co. ; 12 stds. boards, 16,070 boards-Simson & Mason ; 3,110 bdls. laths, 2,990 bdls., 1,159 doz. boards, 4,941 pcs., 209 doz. battens-Order"
18890817p.147_p002.txt,141,Cameo,Konigsberg,MILLWALL DOCKS,309 bags birch blocks,"J. Konig & Co. ; 9,329 staves-Order",12,8,1889,17,8,1889,True,"12 Cameo -Konigsberg-309 bags birch blocks-J. Konig & Co. ; 9,329 staves-Order"
18890817p.147_p002.txt,147,Coquin,Colombo,REGENT'S CANAL DOCKS,Sundswall,17 fms. firewood-R. H. Dahl & Co. ; 1 fm. firewood-Master,12,8,1889,17,8,1889,True,Aug. 12 Coquin -Colombo-Sundswall-17 fms. firewood-R. H. Dahl & Co. ; 1 fm. firewood-Master
18890817p.147_p002.txt,149,Clodian,Kotka,REGENT'S CANAL DOCKS,197 fms. firewood,Durell,13,8,1889,17,8,1889,False,13 Clodian-Kotka-197 fms. firewood-Durell
18890817p.147_p002.txt,159,Maryland,Baltimore,REGENT'S CANAL DOCKS,"10 oak logs, 1,102 pcs. lumber","Govan & Co. ; 7,056 pcs. lumber-Order",10,8,1889,17,8,1889,True,"Aug. 10 Maryland -Baltimore-10 oak logs, 1,102 pcs. lumber-Govan & Co. ; 7,056 pcs. lumber-Order"
18890817p.147_p002.txt,160,Ravensheugh,New York,REGENT'S CANAL DOCKS,758 pcs. oak,"Cobbett Bros. ; 2,909 staves, 1,100 pcs. poplar, oak, and walnut-Churchill & Sim ; 12 pcs., 2 logs ash-W. Mallinson",12,8,1889,17,8,1889,True,"Aug. 12 Ravensheugh -New York-758 pcs. oak-Cobbett Bros. ; 2,909 staves, 1,100 pcs. poplar, oak, and walnut-Churchill & Sim ; 12 pcs., 2 logs ash-W. Mallinson"
18890817p.147_p002.txt,161,Woodburn,Riga,REGENT'S CANAL DOCKS,"1,200 half",sleeper blocks-Order,13,8,1889,17,8,1889,True,"13 Woodburn -Riga-1,200 half-sleeper blocks-Order"
18890817p.147_p002.txt,163,Annie Davies,Bremen,REGENT'S CANAL DOCKS,"1,977 pcs. beechwood, 78 lds. beechwood, 5 sks. broom handles",Order,12,8,1889,17,8,1889,False,"Aug. 12 Annie Davies-Bremen-1,977 pcs. beechwood, 78 lds. beechwood, 5 sks. broom handles-Order"
18890817p.147_p002.txt,165,Hebe,Fredrikstad,GREENHITHE,"390,572 staves",Petersen,13,8,1889,17,8,1889,False,"Aug. 13 Hebe-Fredrikstad-390,572 staves-Petersen"
18890817p.147_p002.txt,167,Marie,Bjorneborg,NORTHFLEET,"549,890 fir staves","Duus, Brown, & Co.",9,8,1889,17,8,1889,False,"Aug. 9 Marie-Bjorneborg-549,890 fir staves-Duus, Brown, & Co."
18890817p.147_p002.txt,168,Hamlet,St. Petersburg,NORTHFLEET,"3,851 deals, 245,252 staves","Duus, Brown, & Co.",12,8,1889,17,8,1889,True,"12 Hamlet -St. Petersburg-3,851 deals, 245,252 staves-Duus, Brown, & Co."
18890817p.147_p002.txt,170,Ashford,Riga,SILVERTOWN,"19,203 blocks and sleepers","Burt, Boulton, & Co.",13,8,1889,17,8,1889,True,"Aug. 13 Ashford -Riga-19,203 blocks and sleepers-Burt, Boulton, & Co."
18890817p.147_p002.txt,173,Ida,Danzig,OTHER DOCKS AND WHARVES,"1,738 oak staves",Order,12,8,1889,17,8,1889,True,"Aug. 12 Ida -Danzig-1,738 oak staves-Order"
18890817p.147_p002.txt,175,Sinloo,Riga,LOWESTOFT,"23,000 half","sleepers-Burt, Boulton, & Haywood",6,8,1889,17,8,1889,True,"Aug. 6 Sinloo -Riga-23,000 half-sleepers-Burt, Boulton, & Haywood"
18890817p.147_p002.txt,177,Presto,Riga,LOWESTOFT,"17,393 square sleepers","Burt, Boulton, & Haywood",10,8,1889,17,8,1889,True,"10 Presto -Riga-17,393 square sleepers-Burt, Boulton, & Haywood"
18890817p.147_p002.txt,179,Craighill,Archangel,LYNN,"20,694 deals","Thompson, Pattrick, & Woodwark",7,8,1889,17,8,1889,True,"Aug. 7 Craighill -Archangel-20,694 deals-Thompson, Pattrick, & Woodwark"
18890817p.147_p002.txt,180,Hunstanton,Gefle,LYNN,30 lds. firewood,"Thompson, Pattrick, & Woodwark",8,8,1889,17,8,1889,True,"8 Hunstanton -Gefle-30 lds. firewood-Thompson, Pattrick, & Woodwark"
18890817p.147_p002.txt,182,Firmafengr,Campbellton,MARYPORT,"500 lds. pitwood, 200 lds. battens, 149 lds. scantlings",Order,6,8,1889,17,8,1889,False,"Aug. 6 Firmafengr-Campbellton-500 lds. pitwood, 200 lds. battens, 149 lds. scantlings-Order"
18890817p.147_p002.txt,184,Elizabeth Norton,Skien,MIDDLESBROUGH,"1,447 props, 1,155 props",W. J. Watson,6,8,1889,17,8,1889,False,"Aug. 6 Elizabeth Norton-Skien-1,447 props, 1,155 props-W. J. Watson"
18890817p.147_p002.txt,189,Felicie,Archangel,NEWHAVEN,"7,239 deals, 150 fms. firewood",Parsons Bros.,6,8,1889,17,8,1889,False,"Aug. 6 Felicie-Archangel-7,239 deals, 150 fms. firewood-Parsons Bros."
18890817p.147_p002.txt,191,Jean Baptiste,Hennebont,NEWPORT,120 lds. pit props,Budd & Co.,6,8,1889,17,8,1889,False,Aug. 6 Jean Baptiste-Hennebont-120 lds. pit props-Budd & Co.
18890817p.147_p002.txt,197,Norma,Lorient,NEWPORT,115 lds. pit props,Budd & Co.,9,8,1889,17,8,1889,False,9 Norma-Lorient-115 lds. pit props-Budd & Co.
18890817p.147_p002.txt,198,Benton,Archangel,NEWPORT,"21,456 deals, battens, and ends",T. B. & S. Batchelor,10,8,1889,17,8,1889,False,"10 Benton-Archangel-21,456 deals, battens, and ends-T. B. & S. Batchelor"
18890817p.147_p002.txt,199,Jules Marie,Bayonne,NEWPORT,138 lds. pitwood,Budd & Co.,12,8,1889,17,8,1889,False,12 Jules Marie-Bayonne-138 lds. pitwood-Budd & Co.
18890817p.147_p002.txt,204,Josefine,Sundswall,PADSTOW,"9,492 deals, battens, and boards, 50 pcs. hewn fir",S. Martyn,7,8,1889,17,8,1889,False,"Aug. 7 Josefine-Sundswall-9,492 deals, battens, and boards, 50 pcs. hewn fir-S. Martyn"
18890817p.147_p003.txt,7,Denmark,New York,ROYAL ALBERT DOCKS,qty. lumber,"Churchill & Sim ; 197 pcs. lumber-J. Glipston ; 3,719 pcs. lumber, 23 cs. spokes-Order",12,8,1889,17,8,1889,True,"Aug. 12 Denmark -New York-qty. lumber-Churchill & Sim ; 197 pcs. lumber-J. Glipston ; 3,719 pcs. lumber, 23 cs. spokes-Order"
18890817p.147_p003.txt,9,Maryland,Baltimore,TILBURY DOCKS,"10 oak logs, 1,109 pcs. lumber","Govan & Co. ; 2 bxs. mouldings-Rigald & Bergman ; 7,056 pcs. lumber-Order",10,8,1889,17,8,1889,True,"Aug. 10 Maryland -Baltimore-10 oak logs, 1,109 pcs. lumber-Govan & Co. ; 2 bxs. mouldings-Rigald & Bergman ; 7,056 pcs. lumber-Order"
18890817p.147_p003.txt,11,Ravensheugh,New York,VICTORIA DOCKS,758 pcs. oak,"Cobbett Bros. ; 2,909 staves, 10,926 pcs. poplar, oak, and walnut-Churchill & Sim ; 12 pcs., 2 logs ash-W. Mallinson ; 6,000 staves, 1,677 pcs. poplar-Order",12,8,1889,17,8,1889,True,"Aug. 12 Ravensheugh -New York-758 pcs. oak-Cobbett Bros. ; 2,909 staves, 10,926 pcs. poplar, oak, and walnut-Churchill & Sim ; 12 pcs., 2 logs ash-W. Mallinson ; 6,000 staves, 1,677 pcs. poplar-Order"
18890817p.147_p003.txt,13,Michigan,Montreal,VICTORIA DOCKS,"17,691 deals",Order,14,8,1889,17,8,1889,True,"14 Michigan -Montreal-17,691 deals-Order"
18890817p.147_p003.txt,15,Woodhorn,Riga,BURT'S WHARF,"1,200 half","sleepers, 9,647 sleeper blocks-Order",12,8,1889,17,8,1889,True,"Aug. 12 Woodhorn -Riga-1,200 half-sleepers, 9,647 sleeper blocks-Order"
18890817p.147_p003.txt,17,Annie Davies,Bremen,CHINNOCK WHARF,"1,977 planks, 78 lds. beechwood, 5 sks. broom handles",Order,12,8,1889,17,8,1889,False,"Aug. 12 Annie Davies-Bremen-1,977 planks, 78 lds. beechwood, 5 sks. broom handles-Order"
18890817p.147_p003.txt,19,Hebe,Fredrikstad,GREENHITHE,"990,572 staves",B. Petersen,13,8,1889,17,8,1889,False,"Aug. 13 Hebe-Fredrikstad-990,572 staves-B. Petersen"
18890817p.147_p003.txt,21,Marie,Bjorneborg,NORTHFLEET,"549,890 fir staves","Duus, Brown, & Co.",9,8,1889,17,8,1889,False,"Aug. 9 Marie-Bjorneborg-549,890 fir staves-Duus, Brown, & Co."
18890817p.147_p003.txt,22,Hamlet,St. Petersburg,NORTHFLEET,"3,851 deal ends, 245,252 staves","Duus, Brown, & Co.",14,8,1889,17,8,1889,True,"14 Hamlet -St. Petersburg-3,851 deal ends, 245,252 staves-Duus, Brown, & Co."
18890817p.147_p003.txt,24,Ashford,Riga,SILVESTOWN,"19,203 blocks, 2,600 sleepers","Burt, Boulton, & Co.",13,8,1889,17,8,1889,True,"Aug. 13 Ashford -Riga-19,203 blocks, 2,600 sleepers-Burt, Boulton, & Co."
18890817p.147_p003.txt,27,Ida,Danzig,OTHER DOCKS AND WHARVES,"1,738 oak staves",Order,12,8,1889,17,8,1889,True,"Aug. 12 Ida -Danzig-1,738 oak staves-Order"
18890817p.147_p003.txt,29,Sinloo,Riga,LOWESTOFT,"23,000 half","square sleepers-Burt, Boulton, & Haywood",6,8,1889,17,8,1889,True,"Aug. 6 Sinloo -Riga-23,000 half-square sleepers-Burt, Boulton, & Haywood"
18890817p.147_p003.txt,31,Presto,Riga,LOWESTOFT,"17,393 square sleepers","Burt, Boulton, & Haywood",10,8,1889,17,8,1889,True,"10 Presto -Riga-17,393 square sleepers-Burt, Boulton, & Haywood"
18890817p.147_p003.txt,33,Craighill,Archangel,LYNN,"20,694 deals","Thompson, Pattrick, & Woodwark",7,8,1889,17,8,1889,True,"Aug. 7 Craighill -Archangel-20,694 deals-Thompson, Pattrick, & Woodwark"
18890817p.147_p003.txt,34,Hunstanton,Gefle,LYNN,30 lds. firewood,"Thompson, Pattrick, & Woodwark",8,8,1889,17,8,1889,True,"8 Hunstanton -Gefle-30 lds. firewood-Thompson, Pattrick, & Woodwark"
18890817p.147_p003.txt,36,Firmafengr,Campbellton,MARYPORT,"500 lds. deals, 200 lds. battens, 149 lds. scantlings",Ritson,6,8,1889,17,8,1889,False,"Aug. 6 Firmafengr-Campbellton-500 lds. deals, 200 lds. battens, 149 lds. scantlings-Ritson"
18890817p.147_p003.txt,38,Elizabeth Norton,Skien,MIDDLESBROUGH,"1,440 pcs. hewn fir, 1,155 props",W. J. Watson & Co.,6,8,1889,17,8,1889,False,"Aug. 6 Elizabeth Norton-Skien-1,440 pcs. hewn fir, 1,155 props-W. J. Watson & Co."
18890817p.147_p003.txt,43,Felicie,Archangel,NEWHAVEN,"7,239 deals, 16 lds. firewood",Parsons Bros.,6,8,1889,17,8,1889,False,"Aug. 6 Felicie-Archangel-7,239 deals, 16 lds. firewood-Parsons Bros."
18890817p.147_p003.txt,45,Jean Baptiste,Hennebont,NEWPORT,190 lds. pit props,Budd & Co.,6,8,1889,17,8,1889,False,Aug. 6 Jean Baptiste-Hennebont-190 lds. pit props-Budd & Co.
18890817p.147_p003.txt,51,Norma,Lorient,NEWPORT,115 lds. pit props,Budd,9,8,1889,17,8,1889,False,9 Norma-Lorient-115 lds. pit props-Budd
18890817p.147_p003.txt,53,Benton,Archangel,NEWPORT,"21,456 deals, battens, boards, and ends",T. B. & S. Batchelor,10,8,1889,17,8,1889,False,"10 Benton-Archangel-21,456 deals, battens, boards, and ends-T. B. & S. Batchelor"
18890817p.147_p003.txt,54,Jules Marie,Bayonne,NEWPORT,138 lds. pit props,Budd & Co.,12,8,1889,17,8,1889,False,12 Jules Marie-Bayonne-138 lds. pit props-Budd & Co.
18890817p.147_p003.txt,59,Josefine,Sundswall,PADSTOW,"9,432 deals, battens, and boards, 50 pcs. hewn fir",Symons Martyn,7,8,1889,17,8,1889,False,"Aug. 7 Josefine-Sundswall-9,432 deals, battens, and boards, 50 pcs. hewn fir-Symons Martyn"
18890817p.147_p003.txt,62,Wylam,Torefors,PLYMOUTH,"1,200 lds. sawn fir","Fox, Eliott, & Co.",9,8,1889,17,8,1889,False,"Aug. 9 Wylam-Torefors-1,200 lds. sawn fir-Fox, Eliott, & Co."
18890817p.147_p003.txt,67,Gerda,Stugsund,POOLE,"11,196 deals, battens, and boards",J. T. Sydenham & Co.,6,8,1889,17,8,1889,False,"Aug. 6 Gerda-Stugsund-11,196 deals, battens, and boards-J. T. Sydenham & Co."
18890817p.147_p003.txt,75,Neptunus,Ljusne,PORTSMOUTH,"8,549 deals, battens, and boards",L. A. Van den Bergh & Sons,6,8,1889,17,8,1889,False,"Aug. 6 Neptunus-Ljusne-8,549 deals, battens, and boards-L. A. Van den Bergh & Sons"
18890817p.147_p003.txt,78,Arturo,Pascagoula,SOUTHAMPTON,"62 pcs. hewn fir, 100 pcs. sawn fir","Tagart, Morgan, & Co.",6,8,1889,17,8,1889,False,"Aug. 6 Arturo-Pascagoula-62 pcs. hewn fir, 100 pcs. sawn fir-Tagart, Morgan, & Co."
18890817p.147_p003.txt,83,Hugin,Gothenburg,SUNDERLAND,"55,211 pit props, 233 rails, sleepers, &c.",F. C. Huntley,6,8,1889,17,8,1889,True,"Aug. 6 Hugin -Gothenburg-55,211 pit props, 233 rails, sleepers, &c.-F. C. Huntley"
18890817p.147_p003.txt,97,Marie Francoise,Binic,SWANSEA,105 lds. pit props,L. G. Mouchel,6,8,1889,17,8,1889,False,Aug. 6 Marie Francoise-Binic-105 lds. pit props-L. G. Mouchel
18890817p.147_p003.txt,110,Gustafva,Riga,TEIGNMOUTH,"14,226 deals and battens",J. Crossman,6,8,1889,17,8,1889,False,"Aug. 6 Gustafva-Riga-14,226 deals and battens-J. Crossman"
18890817p.147_p003.txt,113,Prospero,Christiania,TYNE,130 lds. timber,Order ; from Arendal-6 lds. wood-Order ; from Laurvig-72 lds. wood-Order,6,8,1889,17,8,1889,True,Aug. 6 Prospero -Christiania-130 lds. timber-Order ; from Arendal-6 lds. wood-Order ; from Laurvig-72 lds. wood-Order
18890817p.147_p003.txt,123,Tvende Familier,Christiansand,TYNE,"10,000 sleepers",Order,10,8,1889,17,8,1889,False,"10 Tvende Familier-Christiansand-10,000 sleepers-Order"
18890817p.147_p003.txt,124,Robert,Laurvig,TYNE,"24,629 deals and battens",Order,12,8,1889,17,8,1889,False,"12 Robert-Laurvig-24,629 deals and battens-Order"
18890817p.147_p003.txt,138,Dania,Gefle,TYNE,"6,484 deals and battens",Order,13,8,1889,17,8,1889,False,"13 Dania-Gefle-6,484 deals and battens-Order"
18890817p.147_p003.txt,142,Louise,Quebec,WHITEHAVEN,"47 pcs. hewn oak, 222 pcs. hewn fir, 4,807 fir deals",Jackson,12,8,1889,17,8,1889,False,"Aug. 12 Louise-Quebec-47 pcs. hewn oak, 222 pcs. hewn fir, 4,807 fir deals-Jackson"
18890817p.147_p003.txt,144,Abertay,Archangel,WISBECH,"40,276 deals, battens, and boards",English Brothers,7,8,1889,17,8,1889,False,"Aug. 7 Abertay-Archangel-40,276 deals, battens, and boards-English Brothers"
18890817p.147_p003.txt,147,Ida,Pascagoula,WISBECH,"647 pcs. hewn oak, 229 pcs. hewn fir, 539 deals",English Brothers,10,8,1889,17,8,1889,False,"10 Ida-Pascagoula-647 pcs. hewn oak, 229 pcs. hewn fir, 539 deals-English Brothers"
18890817p.147_p003.txt,148,Unity,Kotka,WISBECH,"36,964 deals, battens, and boards",English Brothers,12,8,1889,17,8,1889,False,"12 Unity-Kotka-36,964 deals, battens, and boards-English Brothers"
18890817p.147_p003.txt,150,Fremad,Laurvig,YARMOUTH,"1,738 boards",James,10,8,1889,17,8,1889,False,"Aug. 10 Fremad-Laurvig-1,738 boards-James"
18890817p.147_p003.txt,151,Amazone,Drammen,YARMOUTH,"21,779 boards, 4,250 battens",Thos. Saul & Co.,12,8,1889,17,8,1889,False,"12 Amazone-Drammen-21,779 boards, 4,250 battens-Thos. Saul & Co."
18890817p.147_p003.txt,154,City of Rotterdam,Rotterdam,BELFAST,"4,340 bdls. hoops",J. C. Pinkerton,7,8,1889,17,8,1889,False,"Aug. 7 City of Rotterdam-Rotterdam-4,340 bdls. hoops-J. C. Pinkerton"
18890817p.147_p003.txt,156,Dunmore Head,Riga,BELFAST,"2,484 fir deals, 3,504 battens, 693 pcs. hewn fir, 1,928 fir sleepers, 29 lds. lathwood",G. Heyn & Sons,9,8,1889,17,8,1889,False,"9 Dunmore Head-Riga-2,484 fir deals, 3,504 battens, 693 pcs. hewn fir, 1,928 fir sleepers, 29 lds. lathwood-G. Heyn & Sons"
18890817p.147_p003.txt,157,Fair Head,Riga,BELFAST,"297 pcs. hewn fir, 18 lds. lathwood",G. Heyn & Sons,10,8,1889,17,8,1889,False,"10 Fair Head-Riga-297 pcs. hewn fir, 18 lds. lathwood-G. Heyn & Sons"
18890817p.147_p003.txt,159,Ellida,Grand Pabos,CORK,"21,368 deals, battens, and ends",J. J. Eustace & Co.,9,8,1889,17,8,1889,False,"Aug. 9 Ellida-Grand Pabos-21,368 deals, battens, and ends-J. J. Eustace & Co."
18890817p.147_p003.txt,161,Mauritius,Riga,DUNDALK,"5,735 sleeper blocks","Burt, Boulton, & Haywood",6,8,1889,17,8,1889,True,"Aug. 6 Mauritius -Riga-5,735 sleeper blocks-Burt, Boulton, & Haywood"
18890817p.147_p003.txt,163,Satellite,"St. John, N.B.",LIMERICK,"8,699 deals and ends, 1,634 deal ends",Morgan & Co.,9,8,1889,17,8,1889,False,"Aug. 9 Satellite-St. John, N.B.-8,699 deals and ends, 1,634 deal ends-Morgan & Co."
18890817p.147_p003.txt,165,Eleanor,Fredrikstad,LIMERICK,"28,033 fir boards, 50 deals",F. Spaight & Sons,10,8,1889,17,8,1889,False,"10 Eleanor-Fredrikstad-28,033 fir boards, 50 deals-F. Spaight & Sons"
18890817p.147_p003.txt,167,Indiana,"Halifax, N.S.",NEWRY,"14,609 deals and ends",Carvill Bros.,6,8,1889,17,8,1889,False,"Aug. 6 Indiana-Halifax, N.S.-14,609 deals and ends-Carvill Bros."
18890817p.147_p003.txt,170,Kong Sverre,BayVerte,LONDONDERRY,"11,635 fir deals",M. M'Clelland,8,8,1889,17,8,1889,False,"Aug. 8 Kong Sverre-BayVerte-11,635 fir deals-M. M'Clelland"
18890817p.147_p003.txt,172,Aquatic,Quebec,SLIGO,"5 pcs. hewn oak, 5 pcs. hewn ash, 10 pcs. hewn elm, 5 pcs. hewn birch, 80 pcs. hewn fir, 12,297 pcs. sawn fir",O'Connor & Cullen,6,8,1889,17,8,1889,False,"Aug. 6 Aquatic-Quebec-5 pcs. hewn oak, 5 pcs. hewn ash, 10 pcs. hewn elm, 5 pcs. hewn birch, 80 pcs. hewn fir, 12,297 pcs. sawn fir-O'Connor & Cullen"
18890831p.4_p002.txt,19,Maren,Brevig,GRANTON,"8,019 pit props",Madsen,20,8,1889,31,8,1889,False,"Aug. 20 Maren-Brevig-8,019 pit props-Madsen"
18890831p.4_p002.txt,21,Julianna,Westervik,GRANTON,150 lds. props,Madsen,21,8,1889,31,8,1889,False,21 Julianna-Westervik-150 lds. props-Madsen
18890831p.4_p002.txt,23,Tiber,Portland,GREENOCK,"71,290 bdls. spoolwood",J. & P. Coats,20,8,1889,31,8,1889,False,"Aug. 20 Tiber-Portland-71,290 bdls. spoolwood-J. & P. Coats"
18890831p.4_p002.txt,25,Minnie Swift,Darien. U.S.A.,GREENOCK,"1,888 logs pitch pine, 2,374 planks sawn pitch pine",F. Briggs & Co.,23,8,1889,31,8,1889,False,"23 Minnie Swift-Darien. U.S.A.-1,888 logs pitch pine, 2,374 planks sawn pitch pine-F. Briggs & Co."
18890831p.4_p002.txt,27,Gefion,Hernosand,INVERNESS,"14,540 battens, 1 fir spar, 12 lds. firewood",Jas. Walker & Co.,21,8,1889,31,8,1889,False,"Aug. 21 Gefion-Hernosand-14,540 battens, 1 fir spar, 12 lds. firewood-Jas. Walker & Co."
18890831p.4_p002.txt,29,Carl,Westervik,KIRKCALDY,"13,593 props",Lochgelly Iron and Coal Co.,20,8,1889,31,8,1889,False,"Aug. 20 Carl-Westervik-13,593 props-Lochgelly Iron and Coal Co."
18890831p.4_p002.txt,31,Walter,"Drammen 6,042 deals and battens",KIRKCALDY,John Balfour & Co.,,21,8,1889,31,8,1889,False,"21 Walter-Drammen 6,042 deals and battens-John Balfour & Co."
18890907p.4_p002.txt,4,Cairngorm,Riga,GRANTON,"6,041 sleep blocks, 11,814 fir sleepers",C. Salvesen & Co.,31,8,1889,7,9,1889,True,"Aug. 31 Cairngorm -Riga-6,041 sleep blocks, 11,814 fir sleepers-C. Salvesen & Co."
18890907p.4_p002.txt,8,Sabina,QUEBEC,GREENOCK,"50 pcs. elm, 118 pcs. ash, 47 pcs. maple, 146 pcs. oak, 1,691 pcs. pine deal ends, 4,653 pcs. spruce deals, 3,000 pcs. pipe staves, 128 pcs. oak, 974 pcs. s. w. pine",Singleton & Co.,26,8,1889,7,9,1889,False,"Aug. 26 Sabina-QUEBEC-50 pcs. elm, 118 pcs. ash, 47 pcs. maple, 146 pcs. oak, 1,691 pcs. pine deal ends, 4,653 pcs. spruce deals, 3,000 pcs. pipe staves, 128 pcs. oak, 974 pcs. s. w. pine-Singleton & Co."
18890907p.4_p002.txt,9,Madura,QUEBEC,GREENOCK,"93 pcs. ash, 310 pcs. s. w. pine, 164 pcs. waney pine, 1,761 pcs. bright pine deals, 21 bright pine ends, 1,141 pcs. spruce deals, 1,740 pcs. spruce ends, 135 pcs. rock elm, 199 pcs. oak, 18 pcs. s.w.",Edmiston & Mitchells,26,8,1889,7,9,1889,False,"26 Madura-QUEBEC-93 pcs. ash, 310 pcs. s. w. pine, 164 pcs. waney pine, 1,761 pcs. bright pine deals, 21 bright pine ends, 1,141 pcs. spruce deals, 1,740 pcs. spruce ends, 135 pcs. rock elm, 199 pcs. oak, 18 pcs. s.w. pine, 7 pcs. waney white pine-Edmiston & Mitchells"
18890907p.4_p002.txt,10,Avanti Savoia,Rangoon,GREENOCK,"1,188 pcs. teak blocks","Thomson & Gray; 1,423 teak planks, 55,150 pcs. teak keys, 3,616 pcs. teak blocks-J. M. Mitchell & Co.",27,8,1889,7,9,1889,False,"27 Avanti Savoia-Rangoon-1,188 pcs. teak blocks-Thomson & Gray; 1,423 teak planks, 55,150 pcs. teak keys, 3,616 pcs. teak blocks-J. M. Mitchell & Co."
18890907p.4_p002.txt,12,Skulda,Bjorneborg,KIRCALDY,"6,013 deals and battens",Jas. Donaldson & Sons,28,8,1889,7,9,1889,False,"Aug. 28 Skulda-Bjorneborg-6,013 deals and battens-Jas. Donaldson & Sons"
18890907p.4_p002.txt,14,Livonia,Riga,LEITH,"300 lds. lathwood, 2,340 deals",Jas. Cormack,27,8,1889,7,9,1889,False,"Aug. 27 Livonia-Riga-300 lds. lathwood, 2,340 deals-Jas. Cormack"
18890907p.4_p002.txt,17,Georg,"Archangel 5,597 deals",LEITH,D. W. Beattie,,28,8,1889,7,9,1889,False,"28 Georg-Archangel 5,597 deals-D. W. Beattie"
18890907p.4_p002.txt,18,Hans,Gothenburg,LEITH,"2,199 deals and battens",J. Mitchell & Co.,29,8,1889,7,9,1889,False,"29 Hans-Gothenburg-2,199 deals and battens -J. Mitchell & Co."
18890907p.4_p002.txt,20,Petersburg,Cronstadt,LEITH,"10,009 deals and battens, 4,900 pcs. lathwood",Thomson,31,8,1889,7,9,1889,False,"31 Petersburg-Cronstadt-10,009 deals and battens, 4,900 pcs. lathwood-Thomson"
18890907p.4_p002.txt,24,Highlands,Cronstadt,LEITH,"27,524 battens","J. Mitchell & Co. ; 1,870 pcs. lathwood-Thorburn & Renwick",2,9,1889,7,9,1889,False,"Sept. 2 Highlands-Cronstadt-27,524 battens-J. Mitchell & Co. ; 1,870 pcs. lathwood-Thorburn & Renwick"
18890907p.4_p002.txt,29,Denham,Christianstad,MONTROSE,"25,868 fir battens",Robt. Millar & Sons,31,8,1889,7,9,1889,True,"Aug. 31 Denham -Christianstad-25,868 fir battens-Robt. Millar & Sons"
18890907p.4_p002.txt,31,Najaden,Drammen,PERTH,"7,033 deals and battens",Cameron Bros.,26,8,1889,7,9,1889,False,"Aug. 26 Najaden-Drammen-7,033 deals and battens-Cameron Bros."
18890907p.4_p002.txt,33,Concordia,"Dalhousie, N.B.",TROON,"9,625 deals and ends",Matthew Wright,31,8,1889,7,9,1889,False,"Aug. 31 Concordia-Dalhousie, N.B.-9,625 deals and ends-Matthew Wright"
18890907p.4_p002.txt,35,Solid,Cronstadt,WICK,"6,335 battens",A. McEwen & Son,26,8,1889,7,9,1889,False,"Aug. 26 Solid-Cronstadt-6,335 battens-A. McEwen & Son"
18890914p.217_p003.txt,2,Parana,St. Petersburg,GRAVESEND,"6,357 deals, 2,891 whitewood props","Foy, Morgan & Co.",5,9,1889,14,9,1889,True,"Sept. 5 Parana -St. Petersburg-6,357 deals, 2,891 whitewood props-Foy, Morgan & Co."
18890914p.217_p003.txt,8,Craiglands,Cronstadt,GRAVESEND,"516 cs. deals, battens, and boards, 31 cs. firewood, 16 cs. lathwood",Order,9,9,1889,14,9,1889,True,"9 Craiglands -Cronstadt - 516 cs. deals, battens, and boards, 31 cs. firewood, 16 cs. lathwood-Order"
18890914p.217_p003.txt,10,Rolf,Onega,GRAVESEND,"316 stds. deals, battens, and boards",Order,10,9,1889,14,9,1889,True,"10 Rolf -Onega-316 stds. deals, battens, and boards-Order"
18890914p.217_p003.txt,12,Palmas,Three Rivers,GRAVESEND,"73,065 deals and ends",Order,11,9,1889,14,9,1889,True,"11 Palmas -Three Rivers-73,065 deals and ends-Order"
18890914p.217_p003.txt,14,Hermanos,Pentecost,GREENHITHE,"29,277 deals, 1,551 ends",Order,9,9,1889,14,9,1889,False,"Sept. 9 Hermanos-Pentecost-29,277 deals, 1,551 ends-Order"
18890914p.217_p003.txt,16,Proven,Kramfors,LONG REACH,200 fms. firewood,Wilson & Watson,9,9,1889,14,9,1889,False,Sept. 9 Proven-Kramfors-200 fms. firewood-Wilson & Watson
18890914p.217_p003.txt,19,Johanne Augusta,Lockno,NORTHFLEET,"8,452 round logs, 4 fms. firewood",Order,5,9,1889,14,9,1889,False,"Sept. 5 Johanne Augusta-Lockno-8,452 round logs, 4 fms. firewood-Order"
18890914p.217_p003.txt,21,Uhlenhorst,Archangel,NORTHFLEET,"5,503 deals and ends","Sieveking, Droop, & Co. ; 3,880 deals and ends-Simson & Mason ; 5,946 deals and ends-Order",9,9,1889,14,9,1889,False,"9 Uhlenhorst-Archangel-5,503 deals and ends-Sieveking, Droop, & Co. ; 3,880 deals and ends-Simson & Mason ; 5,946 deals and ends-Order"
18890914p.217_p003.txt,23,Prins Carl,Nordmaling,PURFLEET,139 fms. firewood,"Duus, Brown, & Co.",6,9,1889,14,9,1889,False,"Sept. 6 Prins Carl-Nordmaling-139 fms. firewood-Duus, Brown, & Co."
18890914p.217_p003.txt,25,Sylvia,Fredrikstad,PURFLEET,"46,120 boards","Tagart, Beaton, & Co. ; 5,761 boards-Order",7,9,1889,14,9,1889,False,"7 Sylvia-Fredrikstad-46,120 boards-Tagart, Beaton, & Co. ; 5,761 boards-Order"
18890914p.217_p003.txt,27,Auguste,Danzig,PURFLEET,"484 deals, 290 pcs. mauerlatten, 2,182 oak boards",Churchill & Sim ; 439 pcs. timber-Order,9,9,1889,14,9,1889,False,"9 Auguste-Danzig-484 deals, 290 pcs. mauerlatten, 2,182 oak boards-Churchill & Sim ; 439 pcs. timber-Order"
18890914p.217_p003.txt,29,Almsford,Soroka,ROTHERHITHE,"48,668 deals, battens, boards, and ends","Order; from Keret -11,784 deals, boards, and ends-Boyson",9,9,1889,14,9,1889,True,"Sept. 9 Almsford -Soroka-48,668 deals, battens, boards, and ends-Order; from Keret -11,784 deals, boards, and ends-Boyson"
18890914p.217_p003.txt,31,Martin Fredrik,Gefle,LITTLEHAMPTON,"6,718 deals and battens",John Eede Butt & Sons,2,9,1889,14,9,1889,False,"Sept. 2 Martin Fredrik-Gefle-6,718 deals and battens-John Eede Butt & Sons"
18890914p.217_p003.txt,33,Sinloo,Riga,LOWESTOFT,"10,857 sleeper blocks, 1,100 square sleepers","Burt, Boulton, & Co.",3,9,1889,14,9,1889,True,"Sept. 3 Sinloo -Riga-10,857 sleeper blocks, 1,100 square sleepers-Burt, Boulton, & Co."
18890914p.217_p003.txt,34,Apollo,Sundswall,LOWESTOFT,700 lds. firewood,Wilton,9,9,1889,14,9,1889,False,9 Apollo-Sundswall-700 lds. firewood-Wilton
18890914p.217_p003.txt,36,Nina,Gefle,LYNN,"22,466 deals, battens, and boards",Jewson Bros.,4,9,1889,14,9,1889,True,"Sept. 4 Nina -Gefle-22,466 deals, battens, and boards-Jewson Bros."
18890914p.217_p003.txt,37,Hunstanton,Bjorneborg,LYNN,"74,188 deals, battens, and boards, 43 lds. firewood","Thompson, Pattrick, & Woodward",5,9,1889,14,9,1889,True,"5 Hunstanton -Bjorneborg-74,188 deals, battens, and boards, 43 lds. firewood-Thompson, Pattrick, & Woodward"
18890914p.217_p003.txt,38,Jessie,Sundswall,LYNN,"7,458 deals and boards",A. Hill,9,9,1889,14,9,1889,False,"9 Jessie-Sundswall-7,458 deals and boards-A. Hill"
18890914p.217_p003.txt,40,Foldin,Skien,MIDDLESBROUGH,432 pcs. hewn fir,W. J. Watson & Co.,5,9,1889,14,9,1889,False,Sept. 5 Foldin-Skien-432 pcs. hewn fir-W. J. Watson & Co.
18890914p.217_p003.txt,44,Agder,Christiania,MIDDLESBROUGH,"5,611 fir sleepers",W. J. Watson & Co.,9,9,1889,14,9,1889,True,"9 Agder -Christiania-5,611 fir sleepers-W. J. Watson & Co."
18890914p.217_p003.txt,46,St. Jean,Roche Bernard,NEWPORT,130 lds. pit props,Budd & Co.,3,9,1889,14,9,1889,False,Sept. 3 St. Jean-Roche Bernard-130 lds. pit props-Budd & Co.
18890914p.217_p003.txt,48,Paquebot de Brest No. 4,Auray,NEWPORT,110 lds. pit props,Budd & Co.,4,9,1889,14,9,1889,False,4 Paquebot de Brest No. 4-Auray-110 lds. pit props-Budd & Co.
18890914p.217_p003.txt,63,Alphonse Zelie,Nantes,NEWPORT,400 lds. pit props,Budd & Co.,5,9,1889,14,9,1889,False,5 Alphonse Zelie-Nantes-400 lds. pit props-Budd & Co.
18890914p.217_p003.txt,66,Celestine,Redon,NEWPORT,186 lds. pitwood,A. Tapson,6,9,1889,14,9,1889,False,6 Celestine-Redon-186 lds. pitwood-A. Tapson
18890914p.217_p003.txt,68,Duquesne,Redon,NEWPORT,224 lds. pitwood,Tapson,9,9,1889,14,9,1889,False,9 Duquesne-Redon-224 lds. pitwood-Tapson
18890914p.217_p003.txt,73,Oden,Skutskar,PLYMOUTH,"61,531 pcs. sawn fir",Fox,5,9,1889,14,9,1889,False,"Sept. 5 Oden-Skutskar-61,531 pcs. sawn fir-Fox"
18890914p.217_p003.txt,76,Troutbeck,Kemi,POOLE,"21,595 deals and battens","The Poole, Baltic, and Quebec Timber Company, Lim.",7,9,1889,14,9,1889,True,"Sept. 7 Troutbeck -Kemi-21,595 deals and battens-The Poole, Baltic, and Quebec Timber Company, Lim."
18890914p.217_p003.txt,77,Freyr,Ro (Hernosand),POOLE,"11,775 battens",John J. Norton,9,9,1889,14,9,1889,False,"9 Freyr-Ro (Hernosand)-11,775 battens-John J. Norton"
18890914p.217_p003.txt,80,Julius,Cronstadt,PORTSMOUTH,"5,485 deals and battens, 1,007 pcs. lathwood",Henry Wolfe,3,9,1889,14,9,1889,False,"Sept. 3 Julius-Cronstadt-5,485 deals and battens, 1,007 pcs. lathwood-Henry Wolfe"
18890914p.217_p003.txt,82,Deodata,Hernosand,PORTSMOUTH,592 lds. firewood,Lillie Brothers,5,9,1889,14,9,1889,False,5 Deodata-Hernosand-592 lds. firewood-Lillie Brothers
18890914p.217_p003.txt,83,Geir,Gefle,PORTSMOUTH,"6,293 deals",H. Moody,6,9,1889,14,9,1889,False,"6 Geir-Gefle-6,293 deals-H. Moody"
18890914p.217_p003.txt,84,Eva,Alfredshem,PORTSMOUTH,5 lds. firewood,Captain,7,9,1889,14,9,1889,False,7 Eva-Alfredshem-5 lds. firewood-Captain
18890914p.217_p003.txt,85,Gefion,Husum,PORTSMOUTH,"371 pcs. hewn fir, 277 lds. firewood",T. Bailey,9,9,1889,14,9,1889,False,"9 Gefion-Husum-371 pcs. hewn fir, 277 lds. firewood-T. Bailey"
18890914p.217_p003.txt,87,Marianne,Archangel,ROCHESTER,"448,870 fir staves","Burham Brick, Lime, & Cement Co.",6,9,1889,14,9,1889,False,"Sept. 6 Marianne-Archangel-448,870 fir staves -Burham Brick, Lime, & Cement Co."
18890914p.217_p003.txt,91,Chieftain,Hernosand,ROCHESTER,412 lds. fir staves,Gillingham Cement Co.,9,9,1889,14,9,1889,False,9 Chieftain-Hernosand-412 lds. fir staves-Gillingham Cement Co.
18890914p.217_p003.txt,93,Merchant,Umea,SHOREHAM,"548 lds. sawn fir, 6 fir spars",R. H. Penney,7,9,1889,14,9,1889,False,"Sept. 7 Merchant-Umea-548 lds. sawn fir, 6 fir spars-R. H. Penney"
18890914p.217_p003.txt,95,Pollux,Skutskar,SOUTHAMPTON,"21,544 pcs. sawn fir","Tagart, Morgan, & Cole",3,9,1889,14,9,1889,False,"Sept. 3 Pollux-Skutskar-21,544 pcs. sawn fir-Tagart, Morgan, & Cole"
18890914p.217_p003.txt,97,Neckrosen,Gothenburg,SOUTHAMPTON,"6,564 deals, battens, and boards",Bovil & Co.,7,9,1889,14,9,1889,False,"Sept. 7 Neckrosen-Gothenburg-6,564 deals, battens, and boards-Bovil & Co."
18890914p.217_p003.txt,98,Bernhard,Riga,SOUTHAMPTON,363 lds. lathwood,Driver,9,9,1889,14,9,1889,False,9 Bernhard-Riga-363 lds. lathwood-Driver
18890914p.217_p003.txt,103,Bos,Drammen,STOCKTON,"21,455 fir boards","Robinson, Anderson, & Co.",6,9,1889,14,9,1889,False,"Sept. 6 Bos-Drammen-21,455 fir boards-Robinson, Anderson, & Co."
18890914p.217_p003.txt,105,Wrights,Pataholm,SUNDERLAND,"10,875 props","Mitshel, Pedersen, & Co.",9,9,1889,14,9,1889,False,"Sept. 9 Wrights-Pataholm-10,875 props-Mitshel, Pedersen, & Co."
18890914p.217_p003.txt,110,Margaret Garton,Stettin,SUNDERLAND,"15,790 pit props",Rayner & Moller,4,9,1889,14,9,1889,False,"4 Margaret Garton-Stettin-15,790 pit props-Rayner & Moller"
18890914p.217_p003.txt,128,Balder,Holmestrand,SUNDERLAND,"23,104 pit props",Rayner & Moller,6,9,1889,14,9,1889,False,"6 Balder-Holmestrand-23,104 pit props-Rayner & Moller"
18890914p.217_p003.txt,130,Trakfuglen,Gothenburg,SUNDERLAND,"15,308 pit props",Moller,7,9,1889,14,9,1889,False,"7 Trakfuglen-Gothenburg-15,308 pit props-Moller"
18890914p.217_p003.txt,133,Pluvier,La Tremblade,SWANSEA,178 lds. pitwood,Wm. Davies,3,9,1889,14,9,1889,False,Sept. 3 Pluvier-La Tremblade-178 lds. pitwood-Wm. Davies
18890914p.217_p003.txt,135,Rene and Seraphine,Bordeaux,SWANSEA,70 lds. pitwood,John Jones & Co.,4,9,1889,14,9,1889,False,4 Rene and Seraphine-Bordeaux-70 lds. pitwood-John Jones & Co.
18890914p.217_p003.txt,139,Leonie,Arcachon,SWANSEA,190 lds. pitwood,Davies,5,9,1889,14,9,1889,False,5 Leonie-Arcachon-190 lds. pitwood-Davies
18890914p.217_p003.txt,143,Fawne,Arcachon,SWANSEA,200 lds. pitwood,Davies,6,9,1889,14,9,1889,False,6 Fawne-Arcachon-200 lds. pitwood-Davies
18890914p.217_p003.txt,144,Senator,Bordeaux,SWANSEA,580 lds. pitwood,E. Williams Co.,9,9,1889,14,9,1889,True,9 Senator -Bordeaux-580 lds. pitwood-E. Williams Co.
18890914p.217_p003.txt,150,Benedetto,Pensacola,TYNE,"461 pcs. sawn pitch pine, 2,990 pitch pine deals",Hood,3,9,1889,14,9,1889,False,"Sept. 3 Benedetto-Pensacola-461 pcs. sawn pitch pine, 2,990 pitch pine deals-Hood"
18890914p.217_p003.txt,152,Wolgast,Stettin,TYNE,725 pcs. red timber,Hall,4,9,1889,14,9,1889,False,4 Wolgast-Stettin-725 pcs. red timber-Hall
18890914p.3_p002.txt,5,Sapphire,Riga,DUNDEE,"2,072 fir deals",Ball,9,9,1889,14,9,1889,False,"Sept. 9 Sapphire-Riga-2,072 fir deals-Ball"
18890914p.3_p002.txt,6,Lord Clyde,Carlscrona,DUNDEE,"6,283 fir battens",J. Donaldson & Sons,4,9,1889,14,9,1889,False,"4 Lord Clyde-Carlscrona-6,283 fir battens-J. Donaldson & Sons"
18890914p.3_p002.txt,7,Joseph,Uleaborg,DUNDEE,"24,162 deals and battens, 13 lds. firewood",Bell & Sime,7,9,1889,14,9,1889,False,"7 Joseph-Uleaborg-24,162 deals and battens, 13 lds. firewood-Bell & Sime"
18890914p.3_p002.txt,8,Madda Sophia,Cronstadt,DUNDEE,"2,274 fir spars",Fleming & Barry,9,9,1889,14,9,1889,False,"9 Madda Sophia-Cronstadt-2,274 fir spars-Fleming & Barry"
18890914p.3_p002.txt,13,Sarmatian,Quebec and Montreal,GLASGOW,"11,891 deals","Singleton, Dunn, & Co.",2,9,1889,14,9,1889,False,"Sept. 2 Sarmatian-Quebec and Montreal-11,891 deals-Singleton, Dunn, & Co."
18890914p.3_p002.txt,15,March,Baltimore,GLASGOW,"65 poplar logs, 1,474 pcs. oak lumber, 2,842 oak planks","Allison, Cousland, & Co. ; 2,311 walnut logs, 3,936 poplar logs-Edmiston & Mitchells ; 1,405 pcs. oak staves-R. Hamilton & Co.",3,9,1889,14,9,1889,False,"3 March-Baltimore-65 poplar logs, 1,474 pcs. oak lumber, 2,842 oak planks - Allison, Cousland, & Co. ; 2,311 walnut logs, 3,936 poplar logs-Edmiston & Mitchells ; 1,405 pcs. oak staves-R. Hamilton & Co."
18890914p.3_p002.txt,18,Greata,Gothenburg,GLASGOW,"700 bdls. laths, 288 bdls. mouldings, 100 prs. oar blocks, 154 bags turned wood, 6,922 pit props",Order,4,9,1889,14,9,1889,False,"4 Greata-Gothenburg-700 bdls. laths, 288 bdls. mouldings, 100 prs. oar blocks, 154 bags turned wood, 6,922 pit props-Order"
18890914p.3_p002.txt,19,Arecibo,Baltimore,GLASGOW,"43 walnut logs, 472 oak planks, 264 pcs. oak lumber",Allison,5,9,1889,14,9,1889,False,"5 Arecibo-Baltimore-43 walnut logs, 472 oak planks, 264 pcs. oak lumber-Allison"
18890914p.3_p002.txt,22,Aquila,Bathurst,GLASGOW,"14,510 deals, scantlings, and ends","Robinson, Dunn, & Co.",9,9,1889,14,9,1889,False,"9 Aquila-Bathurst-14,510 deals, scantlings, and ends-Robinson, Dunn, & Co."
18890914p.3_p002.txt,24,Embla,Alfredshem,GRANGEMOUTH,"10,736 battens",McPherson & McLaren,2,9,1889,14,9,1889,False,"Sept. 2 Embla-Alfredshem - 10,736 battens-McPherson & McLaren"
18890914p.3_p002.txt,27,Augusta,Sundswall,GRANGEMOUTH,"10,815 battens",J. Baird,3,9,1889,14,9,1889,False,"3 Augusta-Sundswall-10,815 battens-J. Baird"
18890914p.3_p002.txt,28,Bertha Alurna,Riga,GRANGEMOUTH,"25,855 pcs. lathwood",McPherson & McLaren,4,9,1889,14,9,1889,False,"4 Bertha Alurna-Riga-25,855 pcs. lathwood-McPherson & McLaren"
18890914p.3_p002.txt,29,Newhaven,Riga,GRANGEMOUTH,"15,682 deals",Robinson & Co.,5,9,1889,14,9,1889,False,"5 Newhaven-Riga-15,682 deals-Robinson & Co."
18890914p.3_p002.txt,36,Aeren,Cronstadt,GRANGEMOUTH,"13,581 deals, battens, and ends",J. D. Thomson,6,9,1889,14,9,1889,False,"6 Aeren-Cronstadt-13,581 deals, battens, and ends-J. D. Thomson"
18890914p.3_p002.txt,43,Veranda,Memel,GRANTON,"36,000 oak staves",W. Lindsay & Son,3,9,1889,14,9,1889,False,"Sept. 3 Veranda-Memel-36,000 oak staves-W. Lindsay & Son"
18890914p.3_p002.txt,48,Rosalind,Helsingfors,GREENOCK,"1,923 fir deals","R. Hamilton & Co. ; 443,994 pcs. birch spoolwood-J. & P. Coats",6,9,1889,14,9,1889,False,"Sept. 6 Rosalind-Helsingfors-1,923 fir deals-R. Hamilton & Co. ; 443,994 pcs. birch spoolwood-J. & P. Coats"
18890914p.3_p003.txt,4,Columbine,Krageroe,LERWICK,"334 logs, 58 hewn spars, 24 birch billets, 880 battens",Hay,4,9,1889,14,9,1889,False,"Sept. 4 Columbine-Krageroe-334 logs, 58 hewn spars, 24 birch billets, 880 battens-Hay"
18890914p.3_p003.txt,7,Denham,Christinestad,MONTROSE,8 lds. firewood,R. Millar & Sons,4,9,1889,14,9,1889,True,Sept. 4 Denham -Christinestad-8 lds. firewood-R. Millar & Sons
18890914p.3_p003.txt,9,Helene,Narva,MONTROSE,"9,511 battens",Millar & Sons,5,9,1889,14,9,1889,False,"5 Helene-Narva-9,511 battens-Millar & Sons"
18890914p.3_p003.txt,10,Louis,Cronstadt,MONTROSE,"29,420 battens and boards",R. Millar & Sons,6,9,1889,14,9,1889,False,"6 Louis-Cronstadt-29,420 battens and boards-R. Millar & Sons"
18890914p.3_p003.txt,11,Clydesdale,Sundswall,MONTROSE,"32,209 battens",R. Millar & Sons,9,9,1889,14,9,1889,True,"9 Clydesdale -Sundswall-32,209 battens-R. Millar & Sons"
18890914p.3_p003.txt,18,Fiducia,Riga,PERTH,"7,489 sleepers",Calder,5,9,1889,14,9,1889,False,"Sept. 5 Fiducia-Riga-7,489 sleepers-Calder"
18890914p.3_p003.txt,19,Mercuur,Riga,PERTH,"7,788 deals and battens",Cameron Bros.,9,9,1889,14,9,1889,False,"9 Mercuur-Riga-7,788 deals and battens-Cameron Bros."
18890914p.3_p003.txt,22,Onward,Konigsberg,PETERHEAD,"4,167 pcs. hewn birchwood",R. H. Mitchell,3,9,1889,14,9,1889,False,"Sept. 3 Onward-Konigsberg-4,167 pcs. hewn birchwood-R. H. Mitchell"
18890914p.3_p003.txt,23,Helene,Moss,PETERHEAD,"149,020 birch staves",Carnegie,4,9,1889,14,9,1889,False,"4 Helene-Moss-149,020 birch staves-Carnegie"
18890914p.3_p003.txt,26,Marynish,Drammen,STRANRAER,"9,038 pcs. sawn fir, 24 fir spars",J. Adair & Co.,9,9,1889,14,9,1889,False,"Sept. 9 Marynish-Drammen-9,038 pcs. sawn fir, 24 fir spars-J. Adair & Co."
18890914p.3_p003.txt,29,Lord Roseberry,Matane,TROON,"69,783 bdls. sawn fir, 2,831 deals",J. & P. Coats,3,9,1889,14,9,1889,True,"Sept. 3 Lord Roseberry -Matane-69,783 bdls. sawn fir, 2,831 deals-J. & P. Coats"
18890914p.3_p003.txt,32,Rapid,Drontheim,WICK,"8,202 pcs. sawn fir",A. M. Ewen & Son,3,9,1889,14,9,1889,False,"Sept. 3 Rapid-Drontheim-8,202 pcs. sawn fir-A. M. Ewen & Son"
18890914p.3_p003.txt,33,Active,Risoer,WICK,"70,000 birch staves, 3,000 pcs. hewn birch, 4 pcs. hewn fir",Sandison,4,9,1889,14,9,1889,False,"4 Active-Risoer-70,000 birch staves, 3,000 pcs. hewn birch, 4 pcs. hewn fir-Sandison"
18890914p.3_p003.txt,34,Progress,Stettin,WICK,63 lds. hewn oak,D. Sutherland,6,9,1889,14,9,1889,False,6 Progress-Stettin-63 lds. hewn oak-D. Sutherland
18890914p.3_p003.txt,36,Kristine,Mandal,WICK,"66,000 birch staves",D. Sutherland,7,9,1889,14,9,1889,False,"7 Kristine-Mandal-66,000 birch staves-D. Sutherland"
18890928p.4_p001.txt,14,Girdleness,Riga,ABERDEEN,"18,688 battens",G. Milne & Co.,17,9,1889,28,9,1889,False,"Sept. 17 Girdleness-Riga-18,688 battens-G. Milne & Co."
18890928p.4_p001.txt,15,Helge,Archangel,ABERDEEN,"3 spars, 2 lds. boards",Smith and others,21,9,1889,28,9,1889,True,"21 Helge -Archangel-3 spars, 2 lds. boards-Smith and others"
18890928p.4_p001.txt,16,Grip Fast,Borga,ABERDEEN,"23,979 battens",J. Rust,23,9,1889,28,9,1889,False,"23 Grip Fast-Borga-23,979 battens-J. Rust"
18890928p.4_p001.txt,18,Urania,Mandal,ALLOA,100 lds. props,James Cairns,17,9,1889,28,9,1889,False,Sept. 17 Urania-Mandal-100 lds. props-James Cairns
18890928p.4_p001.txt,25,Emma Maria,Riga,ALLOA,"18,794 props",Townhill Coal Co.,18,9,1889,28,9,1889,False,"18 Emma Maria-Riga-18,794 props-Townhill Coal Co."
18890928p.4_p001.txt,27,Ala,Hudikswall,ALLOA,622 lds. firewood,J. Watt,23,9,1889,28,9,1889,False,23 Ala-Hudikswall-622 lds. firewood-J. Watt
18890928p.4_p001.txt,29,Amund Tveten,"Halifax, N.S.",ARDROSSAN,"6,715 deals",Russell & Fullarton,19,9,1889,28,9,1889,False,"Sept. 19 Amund Tveten-Halifax, N.S.-6,715 deals-Russell & Fullarton"
18890928p.4_p001.txt,31,Colonist,Fredrikshald,AYR,"75,644 props",Love & Stewart,21,9,1889,28,9,1889,False,"Sept. 21 Colonist-Fredrikshald-75,644 props-Love & Stewart"
18890928p.4_p001.txt,34,Jeannette,Drammen,AYR,"9,073 battens",Paton,23,9,1889,28,9,1889,False,"23 Jeannette-Drammen-9,073 battens-Paton"
18890928p.4_p001.txt,36,Phoenix,Drammen,BORROWSTOUNNESS,"25,052 pcs. pit",wood-J. Denholm & Co.,17,9,1889,28,9,1889,False,"Sept. 17 Phoenix-Drammen-25,052 pcs. pit-wood-J. Denholm & Co."
18890928p.4_p002.txt,4,Lettonia,Riga,KIRKCALDY,"22,923 pcs. pitwood",Love & Stewart,17,9,1889,28,9,1889,False,"Sept. 17 Lettonia-Riga-22,923 pcs. pitwood-Love & Stewart"
18890928p.4_p002.txt,5,Heinrich,Gothenburg,KIRKCALDY,"15,001 pcs. pitwood",J. Budge,18,9,1889,28,9,1889,False,"18 Heinrich-Gothenburg-15,001 pcs. pitwood-J. Budge"
18890928p.4_p002.txt,6,Mathilde,Laurvig,KIRKCALDY,293 lds. battens,Low,19,9,1889,28,9,1889,False,19 Mathilde-Laurvig-293 lds. battens-Low
18890928p.4_p002.txt,9,Olivia,Abo,LEITH,"11,934 deals and battens",D. W. Beattie,17,9,1889,28,9,1889,False,"Sept. 17 Olivia-Abo-11,934 deals and battens-D. W. Beattie"
18890928p.4_p002.txt,14,Alma,Rafso,LEITH,"17,009 fir battens",J. Mitchell,18,9,1889,28,9,1889,False,"18 Alma-Rafso-17,009 fir battens-J. Mitchell"
18890928p.4_p002.txt,16,Persanti,Hudikswall,LEITH,"9,063 deals and battens",Forslind & Rex,19,9,1889,28,9,1889,False,"19 Persanti-Hudikswall-9,063 deals and battens-Forslind & Rex"
18890928p.4_p002.txt,18,Tibar,Fiume,LEITH,"15,000 oak staves, 42 logs hewn oak",Lacour & Watson,20,9,1889,28,9,1889,True,"20 Tibar -Fiume-15,000 oak staves, 42 logs hewn oak-Lacour & Watson"
18890928p.4_p002.txt,21,Olivia,Abo,LEITH,2 lds. firewood,M. J. Ellingsen,23,9,1889,28,9,1889,False,23 Olivia-Abo-2 lds. firewood-M. J. Ellingsen
18890928p.4_p002.txt,27,Pactolus,Archangel,MONTROSE,"40,163 deals, &c.",R. Millar & Sons,18,9,1889,28,9,1889,False,"Sept. 18 Pactolus-Archangel-40,163 deals, &c. -R. Millar & Sons"
18890928p.4_p002.txt,28,Glenisla,Cronstadt,MONTROSE,"44,209 fir battens and boards, 57 lds. firewood",R. Millar & Sons,21,9,1889,28,9,1889,True,"21 Glenisla -Cronstadt-44,209 fir battens and boards, 57 lds. firewood-R. Millar & Sons"
18890928p.4_p002.txt,31,Livlig,Soderhamn,PETERHEAD,"10,999 pcs. sawn fir",C. Carnegie,17,9,1889,28,9,1889,False,"Sept. 17 Livlig-Soderhamn-10,999 pcs. sawn fir-C. Carnegie"
18890928p.4_p002.txt,32,Hago,Sundswall,PETERHEAD,"10,503 battens and deals",8 lds. firewood-A. Creighton & Co.,19,9,1889,28,9,1889,False,"19 Hago-Sundswall-10,503 battens and deals-8 lds. firewood-A. Creighton & Co."
18890928p.4_p002.txt,35,Union,Riga,STRANRAER,"11,515 pcs. sawn fir, 22 pcs. hewn fir",A. Thorburn,19,9,1889,28,9,1889,False,"Sept. 19 Union-Riga-11,515 pcs. sawn fir, 22 pcs. hewn fir-A. Thorburn"
18890928p.4_p002.txt,38,Morning Star,Cronstadt,WICK,150 lds. sawn fir,D. Sutherland,17,9,1889,28,9,1889,False,Sept. 17 Morning Star-Cronstadt-150 lds. sawn fir-D. Sutherland
18891005p.278_p001.txt,9,Lucy and Paul,Archangel,BARNSTAPLE,"9,376 deals, battens, and boards",Rawle,27,9,1889,5,10,1889,False,"Sept. 27 Lucy and Paul-Archangel-9,376 deals, battens, and boards-Rawle"
18891005p.278_p001.txt,12,Condor,St. Thomas (St. Lawrence),BARROW,"16,661 deals, &c.",Exors. of Wm. Gradwell,28,9,1889,5,10,1889,False,"Sept. 28 Condor-St. Thomas (St. Lawrence)-16,661 deals, &c.-Exors. of Wm. Gradwell"
18891005p.278_p001.txt,15,British Constitution,Quebec,BERWICK,"176 pcs. hewn fir, 41 pcs. hewn oak, 123 pcs. hewn timber, 3,989 deals and boards, 437 staves, 18 lds. lathwood",Allan Bros.,27,9,1889,5,10,1889,False,"Sept. 27 British Constitution-Quebec-176 pcs. hewn fir, 41 pcs. hewn oak, 123 pcs. hewn timber, 3,989 deals and boards, 437 staves, 18 lds. lathwood-Allan Bros."
18891005p.278_p001.txt,18,Miras,Sundswall,BOSTON,551 lds. firewood,A. Beehy & Son,24,9,1889,5,10,1889,False,Sept. 24 Miras-Sundswall-551 lds. firewood-A. Beehy & Son
18891005p.278_p001.txt,21,Arvid,Bollsta,BRIDGWATER,330 lds. deals,Hooper,24,9,1889,5,10,1889,False,Sept. 24 Arvid-Bollsta-330 lds. deals-Hooper
18891005p.278_p001.txt,22,Mathilda,Gothenburg,BRIDGWATER,"14,552 flooring boards, 657 battens, 3,346 deals and battens",G. H. Pollard,24,9,1889,5,10,1889,False,"Sept. 24 Mathilda-Gothenburg-14,552 flooring boards, 657 battens, 3,346 deals and battens-G. H. Pollard"
18891005p.278_p001.txt,25,Emma,Lulea,BRIDGWATER,"27,005 deals, battens, and boards",Colthurst & Co.,26,9,1889,5,10,1889,False,"26 Emma-Lulea-27,005 deals, battens, and boards-Colthurst & Co."
18891005p.278_p001.txt,27,Pax,Riga,BRIDGWATER,"17,765 battens",G. Hooper & Co.,27,9,1889,5,10,1889,False,"27 Pax-Riga-17,765 battens-G. Hooper & Co."
18891005p.278_p001.txt,28,Anna,Fredrikstad,BRIDGWATER,"24,960 boards, 17,300 battens",Somerset Trading Co.,30,9,1889,5,10,1889,False,"30 Anna-Fredrikstad-24,960 boards, 17,300 battens-Somerset Trading Co."
18891005p.278_p001.txt,31,Reinholdt,Abo,BRISTOL,"20,036 battens","Robins, Lane, & Pinniger",27,9,1889,5,10,1889,False,"Sept. 27 Reinholdt-Abo-20,036 battens-Robins, Lane, & Pinniger"
18891005p.278_p001.txt,33,Texas,Montreal,BRISTOL,"2,674 spruce deals","Somerset Trading Co. ; 936 pine deals-Taylor & Low Bros. ; 771 pine deals-Geo. Hooper & Co. ; 1,755 pine deals-Price",30,9,1889,5,10,1889,True,"30 Texas -Montreal-2,674 spruce deals-Somerset Trading Co. ; 936 pine deals-Taylor & Low Bros. ; 771 pine deals-Geo. Hooper & Co. ; 1,755 pine deals-Price"
18891005p.278_p001.txt,36,Mawka,Rochefort,CARDIFF,530 lds. pitwood,Simkin Bros.,24,9,1889,5,10,1889,False,Sept. 24 Mawka-Rochefort-530 lds. pitwood-Simkin Bros.
18891005p.278_p001.txt,40,Anna Camp,Quebec,CARDIFF,"408 pcs. hewn fir, 2,794 fir deals and ends",Sidney Robinson & Co.,25,9,1889,5,10,1889,False,"25 Anna Camp-Quebec-408 pcs. hewn fir, 2,794 fir deals and ends-Sidney Robinson & Co."
18891005p.278_p001.txt,41,St. Andrew,St. Petersburg,CARDIFF,"1,692 pcs. hewn fir",Alexanders & Co.,27,9,1889,5,10,1889,False,"27 St. Andrew-St. Petersburg-1,692 pcs. hewn fir-Alexanders & Co."
18891005p.278_p001.txt,42,Angelica,Bordeaux,CARDIFF,"1,100 lds. pitwood","Powley, Thomas, & Co.",28,9,1889,5,10,1889,True,"28 Angelica -Bordeaux-1,100 lds. pitwood-Powley, Thomas, & Co."
18891005p.278_p001.txt,47,Caterina G.,Miramichi,CARDIFF,"18,323 fir deals",Alexanders & Co.,30,9,1889,5,10,1889,False,"30 Caterina G.-Miramichi-18,323 fir deals-Alexanders & Co."
18891005p.278_p001.txt,52,Vaaren,Halifax,CARNARVON,"8,557 deals",Owen,25,9,1889,5,10,1889,False,"Sept. 25 Vaaren-Halifax-8,557 deals-Owen"
18891005p.278_p001.txt,55,Firm,Porsgrund,CHESTER,"3,623 mining poles and props",Parry & Co.,24,9,1889,5,10,1889,False,"Sept. 24 Firm-Porsgrund-3,623 mining poles and props-Parry & Co."
18891005p.278_p001.txt,56,Fortuna,"Campbellton, N.B.",CHESTER,"6,768 spruce deals, 22 deal ends",C. Jones & Sons,27,9,1889,5,10,1889,False,"27 Fortuna-Campbellton, N.B.-6,768 spruce deals, 22 deal ends-C. Jones & Sons"
18891005p.278_p001.txt,59,Harald,Skelleftea,DOVER,877 lds. sawn fir,Crundall & Co.,24,9,1889,5,10,1889,False,Sept. 24 Harald-Skelleftea-877 lds. sawn fir-Crundall & Co.
18891005p.278_p001.txt,60,Norma,Gefle,DOVER,"1,772 lds. sawn fir",Crundall,25,9,1889,5,10,1889,False,"25 Norma-Gefle-1,772 lds. sawn fir-Crundall"
18891005p.278_p001.txt,63,Rigel,Sundswall,DOUGLAS,"7,566 pcs. sawn fir, 86 pcs. hewn fir",Quiggin & Co.,25,9,1889,5,10,1889,False,"Sept. 25 Rigel-Sundswall-7,566 pcs. sawn fir, 86 pcs. hewn fir-Quiggin & Co."
18891005p.278_p001.txt,66,Caledonia,Mesane,FAVERSHAM,"13,499 deals and boards, 2 lds. firewood",T. A. Whittle & Co.,24,9,1889,5,10,1889,False,"Sept. 24 Caledonia-Mesane-13,499 deals and boards, 2 lds. firewood-T. A. Whittle & Co."
18891005p.278_p001.txt,69,Titania,Riga,FLEETWOOD,"16,854 redwood sleepers, 6,200 whitewood sleeper blocks, 3,374 pcs. lathwood",Dempsey & Co.,25,9,1889,5,10,1889,True,"Sept. 25 Titania -Riga-16,854 redwood sleepers, 6,200 whitewood sleeper blocks, 3,374 pcs. lathwood-Dempsey & Co."
18891005p.278_p001.txt,72,Volunteer,Porsgrund,FOWEY,"24,287 fir staves, 5,162 birch staves, 236 pcs. sawn fir, 68 fir spars",Chellew,26,9,1889,5,10,1889,False,"Sept. 26 Volunteer-Porsgrund-24,287 fir staves, 5,162 birch staves, 236 pcs. sawn fir, 68 fir spars-Chellew"
18891005p.278_p001.txt,75,Emilie,Stettin,GLOUCESTER,"1,090 pcs. sawn fir",Nicks & Co.,24,9,1889,5,10,1889,False,"Sept. 24 Emilie-Stettin-1,090 pcs. sawn fir-Nicks & Co."
18891005p.278_p001.txt,78,Kong Sverre,"Bathurst, N.B.",GLOUCESTER,"22,101 deals","Price, Walker, & Co.",25,9,1889,5,10,1889,False,"25 Kong Sverre-Bathurst, N.B.-22,101 deals-Price, Walker, & Co."
18891005p.278_p001.txt,82,Altona,Skutskar,GOOLE,"24,458 deals and battens","Illingworth, Ingham, & Co. ; 22 lds. firewood-York Coal Co.",24,9,1889,5,10,1889,False,"Sept. 24 Altona-Skutskar-24,458 deals and battens-Illingworth, Ingham, & Co. ; 22 lds. firewood-York Coal Co."
18891005p.278_p001.txt,85,Haverstoe,Lulea,GRIMSBY,"12,639 pcs. fir timber, 4,641 fir battens, 22 lds. firewood",Bennetts & Co.,24,9,1889,5,10,1889,False,"Sept. 24 Haverstoe-Lulea-12,639 pcs. fir timber, 4,641 fir battens, 22 lds. firewood-Bennetts & Co."
18891005p.278_p001.txt,87,Glendale,Bjorneborg,GRIMSBY,"6,954 pcs. sawn fir",G. A. Carr & Co.,25,9,1889,5,10,1889,True,"25 Glendale -Bjorneborg-6,954 pcs. sawn fir-G. A. Carr & Co."
18891005p.278_p001.txt,90,Glendale,Rafso,GRIMSBY,3 lds. sawn fir,Wilkin,26,9,1889,5,10,1889,True,26 Glendale -Rafso-3 lds. sawn fir-Wilkin
18891005p.278_p001.txt,92,Westella,Sundswall,GRIMSBY,"72,791 pcs. sawn fir",G. A. Carr & Co.,30,9,1889,5,10,1889,True,"30 Westella -Sundswall-72,791 pcs. sawn fir-G. A. Carr & Co."
18891005p.278_p001.txt,97,Venus,Onega,HARWICH,"7,066 pcs. sawn fir",Taylor & Butler,25,9,1889,5,10,1889,False,"Sept. 25 Venus-Onega-7,066 pcs. sawn fir-Taylor & Butler"
18891005p.278_p001.txt,100,Breeze,Holmsund,HARTLEPOOL (WEST),44 lds. sawn fir,"T. Appleby & Co. ; 69,992 deals and battens-Harrison & Singleton",25,9,1889,5,10,1889,False,"Sept. 25 Breeze-Holmsund-44 lds. sawn fir-T. Appleby & Co. ; 69,992 deals and battens-Harrison & Singleton"
18891005p.278_p001.txt,101,Baltzer von Platen,Gefle,HARTLEPOOL (WEST),2 lds. firewood,"G. Horsley & Co. ; 5,063 deals and boards from Skutskar-24,036 deals and battens-T. Walker & Co.",30,9,1889,5,10,1889,False,"30 Baltzer von Platen-Gefle-2 lds. firewood-G. Horsley & Co. ; 5,063 deals and boards from Skutskar-24,036 deals and battens-T. Walker & Co."
18891005p.278_p001.txt,104,Silvio,Riga,HULL,"50 logs, 50 fms. firewood, 19,377 pcs. lathwood, 34,806 deals and ends",Order,26,9,1889,5,10,1889,True,"Sept. 26 Silvio -Riga-50 logs, 50 fms. firewood, 19,377 pcs. lathwood, 34,806 deals and ends-Order"
18891005p.278_p001.txt,106,Swift,Rotterdam,HULL,854 bdls. hoops,Hutchinson & Son,27,9,1889,5,10,1889,True,27 Swift -Rotterdam-854 bdls. hoops-Hutchinson & Son
18891005p.278_p001.txt,107,Erato,St. Petersburg,HULL,"10,139 pcs. lathwood",Order,28,9,1889,5,10,1889,True,"28 Erato -St. Petersburg-10,139 pcs. lathwood-Order"
18891005p.278_p001.txt,109,Sea Gull,Rotterdam,HULL,"1,550 pkgs. hoops",Order,30,9,1889,5,10,1889,True,"30 Sea Gull -Rotterdam-1,550 pkgs. hoops-Order"
18891005p.278_p001.txt,112,Severn,Gefle,HULL,"11,093 deals and battens",Order,1,10,1889,5,10,1889,True,"Oct. 1 Severn -Gefle-11,093 deals and battens-Order"
18891005p.278_p001.txt,119,Holderness,Cronstadt,HULL,"37,636 deals, &c., 48 fms. firewood",Order,2,10,1889,5,10,1889,True,"2 Holderness -Cronstadt-37,636 deals, &c., 48 fms. firewood-Order"
18891005p.278_p001.txt,125,Thiis Lundegaard,West Bay,LANCASTER,"15,230 deals and scantlings, 402 deals",Wright,24,9,1889,5,10,1889,False,"Sept. 24 Thiis Lundegaard-West Bay-15,230 deals and scantlings, 402 deals-Wright"
18891005p.278_p001.txt,129,Teutonic,New York,LIVERPOOL,"1,800 staves",Hattley Hay,26,9,1889,5,10,1889,True,"Sept. 26 Teutonic -New York-1,800 staves-Hattley Hay"
18891005p.278_p001.txt,133,Nova Scotian,Baltimore,LIVERPOOL,"11,000 staves","A. Dobell & Co. ; 259 cs. blocks, 172 pcs. oak lumber, 268 oak planks, 1,820 staves-Order",27,9,1889,5,10,1889,True,"27 Nova Scotian -Baltimore-11,000 staves-A. Dobell & Co. ; 259 cs. blocks, 172 pcs. oak lumber, 268 oak planks, 1,820 staves-Order"
18891005p.278_p001.txt,139,Gallia,St. Nazaire,"[OCTOBER 5, 1889.]","1,439 deal ends",Order,28,9,1889,5,10,1889,True,"28 Gallia -St. Nazaire-1,439 deal ends-Order"
18891005p.278_p001.txt,143,Rossmore,Baltimore,"[OCTOBER 5, 1889.]",920 pcs. lumber,"R. Coltart & Co. ; 273 pcs. oak lumber-Churchill & Sim ; 95 pcs. oak-Farnworth & Jardine ; 910 pcs. oak-Duncan, Ewing & Co. ; 445 pcs. oak-T. Bilborough & Co. ; 2,111 w.o. planks, 13,277 staves, 938 p",30,9,1889,5,10,1889,True,"30 Rossmore -Baltimore-920 pcs. lumber-R. Coltart & Co. ; 273 pcs. oak lumber-Churchill & Sim ; 95 pcs. oak-Farnworth & Jardine ; 910 pcs. oak-Duncan, Ewing & Co. ; 445 pcs. oak-T. Bilborough & Co. ; 2,111 w.o. planks, 13,277 staves, 938 pcs. oak-Order"
18891005p.278_p001.txt,151,British Prince,Philadelphia,"[OCTOBER 5, 1889.]",516 pcs. staves,Drysdale Bros.,1,10,1889,5,10,1889,True,Oct. 1 British Prince -Philadelphia-516 pcs. staves-Drysdale Bros.
18891005p.278_p001.txt,152,St. Ronans,New York,"[OCTOBER 5, 1889.]","2,360 bdls. staves, 286 bdls. heads","Hatley Hay ; 4,000 staves-Order",2,10,1889,5,10,1889,True,"2 St. Ronans -New York-2,360 bdls. staves, 286 bdls. heads-Hatley Hay ; 4,000 staves-Order"
18891005p.278_p001.txt,157,Immanuel,Pitea,ROYAL ALBERT DOCKS,171 fms. firewood,Lines Bros.,1,10,1889,5,10,1889,False,Oct. 1 Immanuel-Pitea-171 fms. firewood-Lines Bros.
18891005p.278_p001.txt,161,Goorkha,Colombo,ROYAL ALBERT DOCKS,103 pcs. satinwood,Order,26,9,1889,5,10,1889,True,Sept. 26 Goorkha -Colombo-103 pcs. satinwood-Order
18891005p.278_p001.txt,162,Guadiana,Marseilles,ROYAL ALBERT DOCKS,19 pcs. wood,Order,1,10,1889,5,10,1889,True,Oct. 1 Guadiana -Marseilles-19 pcs. wood-Order
18891005p.278_p001.txt,165,Minnesota,Baltimore,TILBURY DOCKS,"10,000 staves","Hattley Hay ; 1,255 pcs. oak-Order",28,9,1889,5,10,1889,True,"Sept. 28 Minnesota -Baltimore-10,000 staves-Hattley Hay ; 1,255 pcs. oak-Order"
18891005p.278_p001.txt,168,European,New Orleans,VICTORIA DOCKS,"7,319 butts",Order,28,9,1889,5,10,1889,True,"Sept. 28 European -New Orleans-7,319 butts-Order"
18891005p.278_p001.txt,169,Teniers,New York,VICTORIA DOCKS,"43 bdls. staves, 1,602 doors, 10,437 bdls. shooks",Order,1,10,1889,5,10,1889,True,"Oct. 1 Teniers -New York-43 bdls. staves, 1,602 doors, 10,437 bdls. shooks-Order"
18891005p.278_p001.txt,172,Cygnet,Riga,WEST INDIA DOCKS BUOYS,45 fms. firewood,J. Langford,30,9,1889,5,10,1889,True,Sept. 30 Cygnet -Riga-45 fms. firewood-J. Langford
18891005p.278_p001.txt,175,Suby Colin,Montreal,SURREY COMMERCIAL DOCKS,"7,397 battens",B. R. Langford,26,9,1889,5,10,1889,True,"Sept. 26 Suby Colin -Montreal-7,397 battens-B. R. Langford"
18891005p.278_p001.txt,176,Jeanne d'Arc,Bordeaux,SURREY COMMERCIAL DOCKS,715 bdls. wood,Order,27,9,1889,5,10,1889,True,27 Jeanne d'Arc -Bordeaux-715 bdls. wood-Order
18891005p.278_p001.txt,177,Lapwing,Bordeaux,SURREY COMMERCIAL DOCKS,715 bdls. wood,Order,30,9,1889,5,10,1889,True,30 Lapwing -Bordeaux-715 bdls. wood-Order
18891005p.278_p001.txt,180,Urho,Abo,DEPTFORD,"193,068 staves, 69 fms. wood","With, Webster, & Co.",2,10,1889,5,10,1889,False,"Oct. 2 Urho-Abo-193,068 staves, 69 fms. wood-With, Webster, & Co."
18891005p.278_p001.txt,184,Svend,Riga,GRAVESEND,2 cs. boards,"M. teons ; 6,470 deal and batten ends-J. Langford ; 18,656 pcs. lathwood sleepers, 7,569 deal and batten ends, 2,228 deals-Order",26,9,1889,5,10,1889,True,"Sept. 26 Svend -Riga-2 cs. boards-M. teons ; 6,470 deal and batten ends-J. Langford ; 18,656 pcs. lathwood sleepers, 7,569 deal and batten ends, 2,228 deals-Order"
18891005p.278_p001.txt,187,North Britain,St. Petersburg,GRAVESEND,"1,000 pcs. lathwood","Foy, Morgan, & Co.",1,10,1889,5,10,1889,True,"Oct. 1 North Britain -St. Petersburg-1,000 pcs. lathwood-Foy, Morgan, & Co."
18891005p.278_p001.txt,188,Severona,Kemi,GRAVESEND,190 fms. firewood,Nicks,2,10,1889,5,10,1889,False,2 Severona-Kemi-190 fms. firewood-Nicks
18891005p.278_p001.txt,194,Loch Katrine,Libau,GRAVESEND BUOYS,71 fms. firewood,"Sieveking, Droop, & Co.",30,9,1889,5,10,1889,True,"Sept. 30 Loch Katrine -Libau-71 fms. firewood-Sieveking, Droop, & Co."
18891005p.278_p001.txt,197,Seierskrausen,Kotka,GREENHITHE,"702,150 staves",G. Johnson & Co.,2,10,1889,5,10,1889,False,"Oct. 2 Seierskrausen-Kotka-702,150 staves-G. Johnson & Co."
18891005p.278_p001.txt,200,Mary,Hernosand,NORTHFLEET,"15,448 pcs. sawn timber, 3 fms. firewood",Order,30,9,1889,5,10,1889,False,"Sept. 30 Mary-Hernosand-15,448 pcs. sawn timber, 3 fms. firewood-Order"
18891005p.278_p001.txt,201,Svafa,Lappvik,NORTHFLEET,"57 stds. staves, 3,250 battens and boards","Dunn, Brown, & Co.",1,10,1889,5,10,1889,False,"Oct. 1 Svafa-Lappvik-57 stds. staves, 3,250 battens and boards-Dunn, Brown, & Co."
18891005p.278_p001.txt,204,Denham,Riga,PRINCE REGENT'S WHARF,"9,824 sleepers",Order,26,9,1889,5,10,1889,True,"Sept. 26 Denham -Riga-9,824 sleepers-Order"
18891005p.278_p001.txt,205,Ada,Memel,PRINCE REGENT'S WHARF,"1,166 lds. sleepers",Order,2,10,1889,5,10,1889,True,"Oct. 2 Ada -Memel-1,166 lds. sleepers-Order"
18891005p.278_p001.txt,209,Presto,Riga,SILVERTOWN,"9,109 sleepers",Order,30,9,1889,5,10,1889,True,"Sept. 30 Presto -Riga-9,109 sleepers-Order"
18891005p.278_p001.txt,212,Melita,Arendal,ST. OLIVE'S WHARF,25 fms. firewood,Order,2,10,1889,5,10,1889,False,Oct. 2 Melita-Arendal-25 fms. firewood-Order
18891005p.278_p001.txt,215,Tyr,Norrkoping,OTHER DOCKS AND WHARVES,"9,694 deals and battens","Nicks & Penton ; 6,487 deals and battens-Order",26,9,1889,5,10,1889,True,"Sept. 26 Tyr -Norrkoping-9,694 deals and battens-Nicks & Penton ; 6,487 deals and battens-Order"
18891005p.278_p001.txt,216,Blonde,Danzig,OTHER DOCKS AND WHARVES,"6,620 oak staves",Order,30,9,1889,5,10,1889,True,"30 Blonde -Danzig-6,620 oak staves-Order"
18891005p.278_p001.txt,219,Isploven,Campbellton,LLANELLY,"59 pcs. hewn birch, 3,960 pcs. unrated sawn, 6,011 pcs. sawn fir","Williams, Davies, & Co.",26,9,1889,5,10,1889,False,"Sept. 26 Isploven-Campbellton-59 pcs. hewn birch, 3,960 pcs. unrated sawn, 6,011 pcs. sawn fir-Williams, Davies, & Co."
18891005p.278_p001.txt,223,Britannia,Riga,LOWESTOFT,"8,692 sleepers","Burt, Boulton, & Haywood",27,9,1889,5,10,1889,False,"Sept. 27 Britannia-Riga-8,692 sleepers-Burt, Boulton, & Haywood"
18891005p.278_p001.txt,227,Marie,Brevig,MIDDLESBROUGH,"1,933 pcs. square timber, 794 props",W. J. Watson & Co.,26,9,1889,5,10,1889,False,"Sept. 26 Marie-Brevig-1,933 pcs. square timber, 794 props-W. J. Watson & Co."
18891005p.278_p001.txt,228,Agder,Christiania,MIDDLESBROUGH,"4,526 sleepers",Wade,29,9,1889,5,10,1889,False,"29 Agder-Christiania-4,526 sleepers-Wade"
18891005p.278_p001.txt,232,Heska,Memel,NEWPORT,"1,500 oak staves",Harris & S. Batchelor & Co.,24,9,1889,5,10,1889,False,"Sept. 24 Heska-Memel-1,500 oak staves-Harris & S. Batchelor & Co."
18891005p.278_p001.txt,233,Thomas Coats,Bordeaux,NEWPORT,"1,000 lds. pitwood",Newport (Mon.) Pitwood Co.,25,9,1889,5,10,1889,False,"25 Thomas Coats-Bordeaux-1,000 lds. pitwood-Newport (Mon.) Pitwood Co."
18891005p.278_p001.txt,234,Atlantique,Bayonne,NEWPORT,700 lds. pitwood,Capelle,26,9,1889,5,10,1889,True,26 Atlantique -Bayonne-700 lds. pitwood-Capelle
18891005p.278_p001.txt,235,Marie Fanny,Lorient,NEWPORT,170 lds. pitwood,"W. Jones, Heard, & Co.",28,9,1889,5,10,1889,False,"28 Marie Fanny-Lorient-170 lds. pitwood-W. Jones, Heard, & Co."
18891005p.278_p001.txt,236,China,"Dalhousie, N.B.",NEWPORT,"24,966 deals, scantlings, and ends",Ford & Pickford,30,9,1889,5,10,1889,False,"30 China-Dalhousie, N.B.-24,966 deals, scantlings, and ends-Ford & Pickford"
18891005p.278_p001.txt,239,Lochlyn,Nederkalix,PENZANCE,"147 pcs. sawn fir, 14,935 deals, battens, and boards",Harvey & Co.,24,9,1889,5,10,1889,False,"Sept. 24 Lochlyn-Nederkalix-147 pcs. sawn fir, 14,935 deals, battens, and boards-Harvey & Co."
18891005p.278_p002.txt,7,Goorkha,Colombo,ROYAL ALBERT DOCKS,103 planks satinwood,Order,26,9,1889,5,10,1889,True,Sept. 26 Goorkha -Colombo-103 planks satinwood-Order
18891005p.278_p002.txt,8,Guadiana,Marseilles,ROYAL ALBERT DOCKS,19 pcs. wood,Order,1,10,1889,5,10,1889,True,Oct. 1 Guadiana -Marseilles-19 pcs. wood-Order
18891005p.278_p002.txt,12,European,New Orleans,VICTORIA DOCKS,"5,318 staves, 7,819 butts",Order,28,9,1889,5,10,1889,True,"Sept. 28 European -New Orleans-5,318 staves, 7,819 butts-Order"
18891005p.278_p002.txt,13,Teniers,New York,VICTORIA DOCKS,"43 bdls. oak staves, 1,602 doors, 10,437 bdls. shook",Order,1,10,1889,5,10,1889,True,"Oct. 1 Teniers -New York-43 bdls. oak staves, 1,602 doors, 10,437 bdls. shook-Order"
18891005p.278_p002.txt,15,Cygnet,Riga,WEST INDIA DOCKS BUOYS,45 fms. firewood,B. R. Langford,30,9,1889,5,10,1889,True,Sept. 30 Cygnet -Riga-45 fms. firewood-B. R. Langford
18891005p.278_p002.txt,17,Jeanne d'Arc,Bordeaux,B. & F. S. WHARF,"1,077 bdls. wood",Order,27,9,1889,5,10,1889,True,"Sept. 27 Jeanne d'Arc -Bordeaux-1,077 bdls. wood-Order"
18891005p.278_p002.txt,18,Lapwing,Bordeaux,B. & F. S. WHARF,715 bdls. wood hoop,Order,30,9,1889,5,10,1889,True,30 Lapwing -Bordeaux-715 bdls. wood hoop-Order
18891005p.278_p002.txt,20,Urho,Abo,DEPTFORD,"193,068 staves, 69 fms. firewood","With, Webster, & Co.",2,10,1889,5,10,1889,False,"Oct. 2 Urho-Abo-193,068 staves, 69 fms. firewood-With, Webster, & Co."
18891005p.278_p002.txt,23,Svend,Riga,GRAVESEND,2 cs. boards,"M. Porteous ; 6,470 deal and batten ends-J. B. R. Langford ; 18,656 pcs. lathwood, 750 sleepers, 7,569 deal and batten ends, 3,784 battens, 2,223 deals-Order",26,9,1889,5,10,1889,True,"Sept. 26 Svend -Riga-2 cs. boards-M. Porteous ; 6,470 deal and batten ends-J. B. R. Langford ; 18,656 pcs. lathwood, 750 sleepers, 7,569 deal and batten ends, 3,784 battens, 2,223 deals-Order"
18891005p.278_p002.txt,26,North Britain,St. Petersburg,GRAVESEND,"2,510 pcs. lathwood","Foy, Morgan, & Co.",1,10,1889,5,10,1889,True,"Oct. 1 North Britain -St. Petersburg-2,510 pcs. lathwood-Foy, Morgan, & Co."
18891005p.278_p002.txt,27,Severena,Kemi,GRAVESEND,190 fms. firewood,Nicholson,2,10,1889,5,10,1889,False,2 Severena-Kemi-190 fms. firewood-Nicholson
18891005p.278_p002.txt,32,Loch Katrine,Libau,GRAVESEND BUOYS,71 logs,"Sieveking, Droop, & Co.",30,9,1889,5,10,1889,True,"Sept. 30 Loch Katrine -Libau-71 logs-Sieveking, Droop, & Co."
18891005p.278_p002.txt,34,Seierskrausen,Kotka,GREENHITHE,"702,150 staves",J. G. Johnson & Co.,2,10,1889,5,10,1889,False,"Oct. 2 Seierskrausen-Kotka-702,150 staves-J. G. Johnson & Co."
18891005p.278_p002.txt,37,Albertina,Mesane,POOLE,14 lds. firewood,J. J. Norton,27,9,1889,5,10,1889,False,Sept. 27 Albertina-Mesane-14 lds. firewood-J. J. Norton
18891005p.278_p002.txt,39,Winifred,Quebec,PORTSMOUTH,"73 pcs. hewn elm, 55 pcs. waney pine fir, 693 pcs. white pine fir, 4,279 fir deals",Churchill & Sim,25,9,1889,5,10,1889,False,"Sept. 25 Winifred-Quebec-73 pcs. hewn elm, 55 pcs. waney pine fir, 693 pcs. white pine fir, 4,279 fir deals-Churchill & Sim"
18891005p.278_p002.txt,40,Wik,Sundswall,PORTSMOUTH,"6,040 fir deals and battens",H. Moody Exors.,26,9,1889,5,10,1889,False,"26 Wik-Sundswall-6,040 fir deals and battens-H. Moody Exors."
18891005p.278_p002.txt,42,Klyde,Mobile,QUEENBOROUGH,"485 pcs. sawn pitch pine timber, 71 pcs. ash timber, 727 pitch pine deals",Churchill & Sim,25,9,1889,5,10,1889,True,"Sept. 25 Klyde -Mobile-485 pcs. sawn pitch pine timber, 71 pcs. ash timber, 727 pitch pine deals-Churchill & Sim"
18891005p.278_p002.txt,44,Charlotte Marie,Sundswall,RAMSEY,"7,831 deals, battens, and boards, 60 pcs. hewn fir, 8 lds. firewood",Cowell & Wattleworth,25,9,1889,5,10,1889,False,"Sept. 25 Charlotte Marie-Sundswall-7,831 deals, battens, and boards, 60 pcs. hewn fir, 8 lds. firewood-Cowell & Wattleworth"
18891005p.278_p002.txt,47,Jonchild,Kaunessari,ROCHESTER,"987,170 fir staves",Burham Cement Co.,25,9,1889,5,10,1889,False,"Sept. 25 Jonchild-Kaunessari-987,170 fir staves-Burham Cement Co."
18891005p.278_p002.txt,49,Sir Bevis,Stockholm,SOUTHAMPTON,"24,746 deals and battens, 17,424 fir battens, 432 lds. sawn fir",Driver & Co.,24,9,1889,5,10,1889,False,"Sept. 24 Sir Bevis-Stockholm-24,746 deals and battens, 17,424 fir battens, 432 lds. sawn fir-Driver & Co."
18891005p.278_p002.txt,50,Hanna,Skutskar,SOUTHAMPTON,13 pcs. sawn fir,Tagart,27,9,1889,5,10,1889,False,27 Hanna-Skutskar-13 pcs. sawn fir-Tagart
18891005p.278_p002.txt,52,Strathbeg,Stettin,SUNDERLAND,"97,480 pit props",Rayner & Moller,24,9,1889,5,10,1889,True,"Sept. 24 Strathbeg -Stettin-97,480 pit props-Rayner & Moller"
18891005p.278_p002.txt,53,Hanna,Uddevalla,SUNDERLAND,"29,774 pit props",Wiener,25,9,1889,5,10,1889,False,"25 Hanna-Uddevalla-29,774 pit props-Wiener"
18891005p.278_p002.txt,54,Iris,Moss,SUNDERLAND,"28,740 pit props",Pyman & Co.,26,9,1889,5,10,1889,False,"26 Iris-Moss-28,740 pit props-Pyman & Co."
18891005p.278_p002.txt,56,Howards,Riga,SUNDERLAND,"2,500 sq. sleeper blocks, 3,107 round sleeper blocks, 11,874 half","square sleepers-Armstrong, Addison, & Co.",27,9,1889,5,10,1889,True,"27 Howards -Riga-2,500 sq. sleeper blocks, 3,107 round sleeper blocks, 11,874 half-square sleepers-Armstrong, Addison, & Co."
18891005p.278_p002.txt,57,Chevy Chase,Carlskrona,SUNDERLAND,"22,580 fir props","Mitshel, Pedersen, & Co.",28,9,1889,5,10,1889,True,"28 Chevy Chase -Carlskrona-22,580 fir props-Mitshel, Pedersen, & Co."
18891005p.278_p002.txt,61,Lady Ann,Gothenburg,SUNDERLAND,"6,726 pcs. sawn fir, 2,451 fir poies",T. J. Reay,30,9,1889,5,10,1889,True,"30 Lady Ann -Gothenburg-6,726 pcs. sawn fir, 2,451 fir poies-T. J. Reay"
18891005p.278_p002.txt,64,Ernest,Bordeaux,SWANSEA,800 lds. pitwood,"North's Navigation Collieries, 1889, Lim.",24,9,1889,5,10,1889,True,"Sept. 24 Ernest -Bordeaux-800 lds. pitwood-North's Navigation Collieries, 1889, Lim."
18891005p.278_p002.txt,65,Susan,Port Launay,SWANSEA,80 lds. pitwood,Wright,28,9,1889,5,10,1889,False,28 Susan-Port Launay-80 lds. pitwood-Wright
18891005p.278_p002.txt,67,Andalusia,Burea,TRURO,"60,966 pcs. sawn fir, 975 pcs. hewn fir",Harvey & Co.,27,9,1889,5,10,1889,False,"Sept. 27 Andalusia-Burea-60,966 pcs. sawn fir, 975 pcs. hewn fir-Harvey & Co."
18891005p.278_p002.txt,69,Flora,Quebec,TYNE,"160 pcs. elm, 87 pcs. birch, 22 pcs. ash, 15 pcs. whitewood, 760 pcs. white pine, 2,687 pine deals, 223 pine deal ends",J. Graham & Co.,25,9,1889,5,10,1889,False,"Sept. 25 Flora-Quebec-160 pcs. elm, 87 pcs. birch, 22 pcs. ash, 15 pcs. whitewood, 760 pcs. white pine, 2,687 pine deals, 223 pine deal ends-J. Graham & Co."
18891005p.278_p002.txt,73,Grenadier,Rotterdam,TYNE,100 bdls. hoops,Order,27,9,1889,5,10,1889,True,27 Grenadier -Rotterdam-100 bdls. hoops-Order
18891005p.278_p002.txt,75,Caducens,Laurvig,TYNE,600 lds. props,Hall Bros. ; 800 lds. props-Order,28,9,1889,5,10,1889,True,28 Caducens -Laurvig-600 lds. props-Hall Bros. ; 800 lds. props-Order
18891005p.278_p002.txt,76,Octa,Gothenburg,TYNE,114 lds. props,Order,30,9,1889,5,10,1889,True,30 Octa -Gothenburg-114 lds. props-Order
18891005p.278_p002.txt,78,Sylphiden,Brevig,TYNE,"1,239 pcs. square timber, 1,031 props",Order,1,10,1889,5,10,1889,False,"Oct. 1 Sylphiden - Brevig - 1,239 pcs. square timber, 1,031 props-Order"
18891005p.278_p002.txt,86,Adolph Friedrich,Stettin,WISBECH,"100 pcs. hewn oak, 949 pcs. sawn fir",English Bros.,24,9,1889,5,10,1889,False,"Sept. 24 Adolph Friedrich-Stettin-100 pcs. hewn oak, 949 pcs. sawn fir-English Bros."
18891005p.278_p002.txt,88,Fremad,Holmestrand,YARMOUTH,"310,449 staves, 60 deals, 28 lds. firewood","Brown, Sons",24,9,1889,5,10,1889,False,"Sept. 24 Fremad-Holmestrand-310,449 staves, 60 deals, 28 lds. firewood-Brown, Sons"
18891005p.278_p002.txt,89,Diamant Archangel,"9,799 deals and boards",YARMOUTH,"W. P. Brown, Sons. & Co.",,26,9,1889,5,10,1889,False,"26 Diamant Archangel-9,799 deals and boards-W. P. Brown, Sons. & Co."
18891005p.278_p002.txt,92,Rifondo,Drammen,BELFAST,"67,717 flooring boards",H. Hutton & Co.,24,9,1889,5,10,1889,False,"Sept. 24 Rifondo-Drammen-67,717 flooring boards-H. Hutton & Co."
18891005p.278_p002.txt,93,City of Lisbon,Rotterdam,BELFAST,"2,200 bdls. hoops",J. C. Pinkerton,27,9,1889,5,10,1889,False,"27 City of Lisbon-Rotterdam-2,200 bdls. hoops-J. C. Pinkerton"
18891005p.278_p002.txt,94,Fulen Head,Riga,BELFAST,"4,189 battens, 4,089 deals, 13,201 sleepers","G. Heyn & Sons ; 673 pcs. hewn fir, 1,000 sleepers, 130 lds. lathwood-J. Browne & Co.",28,9,1889,5,10,1889,True,"28 Fulen Head -Riga-4,189 battens, 4,089 deals, 13,201 sleepers-G. Heyn & Sons ; 673 pcs. hewn fir, 1,000 sleepers, 130 lds. lathwood-J. Browne & Co."
18891005p.278_p002.txt,98,Alba,Quebec,CORK,"16 pcs. hewn oak, 42 pcs. hewn fir, 526 pcs. sawn fir",Mary Coles-J. J. Eustace & Co.,27,9,1889,5,10,1889,False,"Sept. 27 Alba-Quebec-16 pcs. hewn oak, 42 pcs. hewn fir, 526 pcs. sawn fir-Mary Coles-J. J. Eustace & Co."
18891005p.278_p002.txt,101,Ravensdale,Windau,CORK,"24,000 pcs. sawn fir",W. Murphy,25,9,1889,5,10,1889,False,"25 Ravensdale-Windau-24,000 pcs. sawn fir-W. Murphy"
18891005p.278_p002.txt,103,Ellida,Drammen,DUBLIN,"3,210 pcs. flooring",Locke & Woods,18,9,1889,5,10,1889,False,"Sept. 18 Ellida-Drammen-3,210 pcs. flooring-Locke & Woods"
18891005p.278_p002.txt,104,Skien,Quebec,DUBLIN,"30 pcs. oak, 20 pcs. elm, 30 pcs. birch, 20 pcs. ash, 218 pcs. walnut, 14,664 deals, 30 pine boards",Wm. Graham,19,9,1889,5,10,1889,False,"19 Skien-Quebec-30 pcs. oak, 20 pcs. elm, 30 pcs. birch, 20 pcs. ash, 218 pcs. walnut, 14,664 deals, 30 pine boards-Wm. Graham"
18891005p.278_p002.txt,105,Hiawatha,Bay Verte,DUBLIN,"13,220 deals, 975 palings",Locke & Woods,21,9,1889,5,10,1889,False,"21 Hiawatha-Bay Verte-13,220 deals, 975 palings-Locke & Woods"
18891005p.278_p002.txt,106,Glencairn,Archangel,DUBLIN,"90,254 deals and ends, 92 fms. firwood",Robinsons,23,9,1889,5,10,1889,False,"23 Glencairn-Archangel-90,254 deals and ends, 92 fms. firwood-Robinsons"
18891005p.278_p002.txt,108,Scarmanga,Lulea,DUBLIN,48 fms. lathwood,"Geo. Perry & Co. ; 195,156 staves-M. Mooney",24,9,1889,5,10,1889,False,"24 Scarmanga-Lulea-48 fms. lathwood-Geo. Perry & Co. ; 195,156 staves-M. Mooney"
18891005p.278_p002.txt,111,Egmont,Drammen,DUNDALK,"43,621 boards, 20 spars, 328 deals",Thos. Williamson,24,9,1889,5,10,1889,False,"Sept. 24 Egmont-Drammen-43,621 boards, 20 spars, 328 deals-Thos. Williamson"
18891026p.4_p001.txt,5,Libelle,Rafso,ABERDEEN,"52,614 battens",Milne,16,10,1889,26,10,1889,False,"Oct. 16 Libelle-Rafso-52,614 battens-Milne"
18891026p.4_p001.txt,10,Dunaburg,Christiania,ALLOA,"13,177 props",Clackmannan Coal Co.,15,10,1889,26,10,1889,False,"Oct. 15 Dunaburg-Christiania-13,177 props-Clackmannan Coal Co."
18891026p.4_p001.txt,13,Alexander,Riga,ALLOA,"5,671 pcs. sawn fir",Jas. Thomson,17,10,1889,26,10,1889,False,"17 Alexander-Riga-5,671 pcs. sawn fir-Jas. Thomson"
18891026p.4_p001.txt,16,Rigmor,Narva,ALLOA,"6,453 pcs. sawn fir",Wilkie,18,10,1889,26,10,1889,False,"18 Rigmor-Narva-6,453 pcs. sawn fir-Wilkie"
18891026p.4_p001.txt,17,Tycho Brahe,Gothenburg,ALLOA,"14,862 props",L. Johanson & Co.,21,10,1889,26,10,1889,False,"21 Tycho Brahe-Gothenburg-14,862 props-L. Johanson & Co."
18891026p.4_p001.txt,25,Selma Fredrikshald,"27,704 props",ARDROSSAN,Love & Stewart,,18,10,1889,26,10,1889,False,"Oct. 18 Selma Fredrikshald-27,704 props-Love & Stewart"
18891026p.4_p001.txt,27,Amaranth,Riga,BORROWSTOUNNESS,"21,750 props",Love,15,10,1889,26,10,1889,False,"Oct. 15 Amaranth-Riga-21,750 props-Love"
18891026p.4_p001.txt,29,Plimsoll,Christiania,BORROWSTOUNNESS,"32,404 props",Love,16,10,1889,26,10,1889,False,"16 Plimsoll-Christiania-32,404 props-Love"
18891026p.4_p002.txt,2,Rosalind,Borga,"OCTOBER 26, 1889.]","710,642 pcs. spoolwood","J. & P. Coats; 3,026 deals-R. Hamilton",15,10,1889,26,10,1889,False,"15 Rosalind-Borga-710,642 pcs. spoolwood-J. & P. Coats; 3,026 deals-R. Hamilton"
18891026p.4_p002.txt,3,Johanne,Quebec,"OCTOBER 26, 1889.]","140 pcs. oak, 136 pcs. elm, 89 pcs. ash, 157 pcs. red pine, 371 pcs. white pine, 1,214 pine deals, 473 pine deal ends, 1,518 spruce deals, 1,053 spruce deal ends, 619 pine deals, 3,600 w. o. W. I. sta",Order,16,10,1889,26,10,1889,False,"16 Johanne-Quebec-140 pcs. oak, 136 pcs. elm, 89 pcs. ash, 157 pcs. red pine, 371 pcs. white pine, 1,214 pine deals, 473 pine deal ends, 1,518 spruce deals, 1,053 spruce deal ends, 619 pine deals, 3,600 w. o. W. I. staves, 104 pcs. red pine timber, 76 pcs. white pine-Order"
18891026p.4_p002.txt,6,Herculee,Frederikshald,KIRKCALDY,"30,694 pit props",Love & Stewart,17,10,1889,26,10,1889,False,"Oct. 17 Herculee-Frederikshald-30,694 pit props-Love & Stewart"
18891026p.4_p002.txt,8,Columbine,Stettin,KIRKCALDY,"11,840 pit props",Bowman & Co.,19,10,1889,26,10,1889,False,"19 Columbine-Stettin-11,840 pit props-Bowman & Co."
18891026p.4_p002.txt,10,Trekroner,Cronstadt,LEITH,"5,939 deals, battens, and ends","Park, Dobson, & Co.",15,10,1889,26,10,1889,False,"Oct. 15 Trekroner-Cronstadt-5,939 deals, battens, and ends-Park, Dobson, & Co."
18891026p.4_p002.txt,12,Catharina,Riga,LEITH,"488 pcs. sawn fir, 3,169 deals, battens, and ends","Park, Dobson",16,10,1889,26,10,1889,False,"16 Catharina-Riga-488 pcs. sawn fir, 3,169 deals, battens, and ends-Park, Dobson"
18891026p.4_p002.txt,15,Garry,Riga,LEITH,"4,842 fir battens Stevenson",,17,10,1889,26,10,1889,True,"17 Garry -Riga-4,842 fir battens Stevenson"
18891026p.4_p002.txt,17,Alma,Abo,LEITH,"6,200 battens",Mitchell,18,10,1889,26,10,1889,False,"18 Alma-Abo-6,200 battens-Mitchell"
18891026p.4_p002.txt,18,Iris,Archangel,LEITH,"5,981 deals",D. W. Beattie,19,10,1889,26,10,1889,False,"19 Iris-Archangel-5,981 deals-D. W. Beattie"
18891026p.4_p002.txt,23,Nellie,Cronstadt,MONTROSE,"42,470 fir deals and battens",Robert Millar & Sons,15,10,1889,26,10,1889,True,"Oct. 15 Nellie -Cronstadt-42,470 fir deals and battens-Robert Millar & Sons"
18891026p.4_p002.txt,25,Nellie,Rafso,MONTROSE,20 lds. firewood,Robt. Taylor,17,10,1889,26,10,1889,False,17 Nellie-Rafso-20 lds. firewood-Robt. Taylor
18891026p.4_p002.txt,27,Elena,Pensacola,TROON,"659 pcs. sawn fir, 257 pitch pine deals","J. Wright & Son; 120 pcs. sawn pine, 6,314 pine deals-Robinson, Dunn, & Co.",16,10,1889,26,10,1889,False,"Oct. 16 Elena-Pensacola-659 pcs. sawn fir, 257 pitch pine deals-J. Wright & Son; 120 pcs. sawn pine, 6,314 pine deals-Robinson, Dunn, & Co."
18891026p.4_p002.txt,28,Nistrok,Pensacola,TROON,"75 pcs. birch pine, 1,084 pine deals","Robinson, Dunn, & Co.",21,10,1889,26,10,1889,False,"21 Nistrok-Pensacola-75 pcs. birch pine, 1,084 pine deals-Robinson, Dunn, & Co."
18891026p.4_p002.txt,30,Pandora,Porsgrund,WICK,"65,200 birch staves",D. Sutherland,19,10,1889,26,10,1889,False,"Oct. 19 Pandora-Porsgrund-65,200 birch staves-D. Sutherland"
18891102p.5_p001.txt,5,Wagrien,Krageroe,ABERDEEN,"91,448 birch staves, 1,753 fir battens",Jas. Jack Stonehaven,23,10,1889,2,11,1889,False,"Oct. 23 Wagrien-Krageroe-91,448 birch staves, 1,753 fir battens-Jas. Jack Stonehaven"
18891102p.5_p001.txt,7,Freir,Porsgrund,ALLOA,"10,802 pcs. pitwood",Cowdenbeath Coal Co.,22,10,1889,2,11,1889,False,"Oct. 22 Freir-Porsgrund-10,802 pcs. pitwood-Cowdenbeath Coal Co."
18891102p.5_p001.txt,13,Condor,Krageroe,ALLOA,"5,934 pcs. pitwood",C. Salvesen & Co.,23,10,1889,2,11,1889,False,"23 Condor-Krageroe-5,934 pcs. pitwood-C. Salvesen & Co."
18891102p.5_p001.txt,17,Marstal,Risoer,ALLOA,",10,460 props",Madsen,24,10,1889,2,11,1889,False,"24 Marstal-Risoer-,10,460 props-Madsen"
18891102p.5_p001.txt,20,Emma Drammen,"27,157 props",ALLOA,Kirkwood,,25,10,1889,2,11,1889,False,"25 Emma Drammen-27,157 props-Kirkwood"
18891102p.5_p001.txt,24,Emilie,Oscarshamn,ALLOA,"8,647 props",Cowdenbeath Coal Co.,28,10,1889,2,11,1889,False,"28 Emilie-Oscarshamn-8,647 props-Cowdenbeath Coal Co."
18891102p.5_p001.txt,28,Jael,Sundswall,BANFF,"517 logs hewn fir, 1,721 deals and baltens, 1 ld. firewood",McPherson & Co.,24,10,1889,2,11,1889,False,"Oct. 24 Jael-Sundswall-517 logs hewn fir, 1,721 deals and baltens, 1 ld. firewood-McPherson & Co."
18891102p.5_p001.txt,30,Frederike,Fredrikshald,BORROWSTOUNNESS,"17,676 props",Love & Stewart,22,10,1889,2,11,1889,False,"Oct. 22 Frederike-Fredrikshald-17,676 props-Love & Stewart"
18891102p.5_p001.txt,31,Hilda,Toneberg,BORROWSTOUNNESS,"23,898 props",Donaldson,23,10,1889,2,11,1889,False,"23 Hilda-Toneberg-23,898 props-Donaldson"
18891102p.5_p001.txt,33,Talisman,Holmestrand,BORROWSTOUNNESS,"43,748 props","John S. Dymock, Smith, & Co.",24,10,1889,2,11,1889,False,"24 Talisman-Holmestrand-43,748 props-John S. Dymock, Smith, & Co."
18891102p.5_p001.txt,38,Concordia,Fredrikshald,BORROWSTOUNNESS,"20,793 props",Love,25,10,1889,2,11,1889,False,"25 Concordia-Fredrikshald-20,793 props-Love"
18891102p.5_p001.txt,42,Christine,Langesund,BORROWSTOUNNESS,"12,822 props",Stevenson & Dryman,28,10,1889,2,11,1889,False,"28 Christine-Langesund-12,822 props-Stevenson & Dryman"
18891102p.5_p001.txt,48,Firfur!,"Pataholm 10,665 battens",DUNDEE,J. Donaldson & Sons,,22,10,1889,2,11,1889,False,"Oct. 22 Firfur!-Pataholm 10,665 battens-J. Donaldson & Sons"
18891102p.5_p001.txt,56,State of Pennsylvania,New York,GLASGOW,436 pkgs. wood,"Singer Manufacturing Co. ; 1,200 hogsheads staves, 1,200 barrel staves R. Hamilton & Co. ; 5 cars lumber-Order",22,10,1889,2,11,1889,False,"Oct. 22 State of Pennsylvania-New York-436 pkgs. wood-Singer Manufacturing Co. ; 1,200 hogsheads staves, 1,200 barrel staves R. Hamilton & Co. ; 5 cars lumber-Order"
18891102p.5_p001.txt,62,Warwick,Montreal,GLASGOW,"970 pcs. whitewood, 1,115 deals","Dunn, & Co.",26,10,1889,2,11,1889,False,"26 Warwick - Montreal - 970 pcs. whitewood, 1,115 deals-Dunn, & Co."
18891102p.5_p001.txt,63,Nestorian,Boston,GLASGOW,810 pcs. lumber,"Allison, Cousland, & Co. ; 2,400 staves-Wright & Co. ; 626 pcs. whitewood-Singleton, Dunn, & Co.",28,10,1889,2,11,1889,False,"28 Nestorian-Boston-810 pcs. lumber-Allison, Cousland, & Co. ; 2,400 staves-Wright & Co. ; 626 pcs. whitewood-Singleton, Dunn, & Co."
18891102p.5_p001.txt,65,Komet,Konigsberg,GRANGEMOUTH,"4,787 sleepers, 200 half",sleepers-W. Christie & Co.,21,10,1889,2,11,1889,False,"Oct 21 Komet-Konigsberg-4,787 sleepers, 200 half-sleepers-W. Christie & Co."
18891102p.5_p001.txt,70,Zeus,Narva 37 073 deals and battens,GRANGEMOUTH,P. & J. Wilkie,,22,10,1889,2,11,1889,False,22 Zeus-Narva 37 073 deals and battens-P. & J. Wilkie
18891102p.5_p001.txt,74,Waldemar,Riga,GRANGEMOUTH,676 pcs. deals and ends,Order,23,10,1889,2,11,1889,False,23 Waldemar-Riga-676 pcs. deals and ends-Order
18891102p.5_p001.txt,76,Asger Ryg Bjorneborg,"15,515 deals and battens",GRANGEMOUTH,P. & J. Wilkie,,24,10,1889,2,11,1889,False,"24 Asger Ryg Bjorneborg-15,515 deals and battens-P. & J. Wilkie"
18891102p.5_p001.txt,79,Eva,Bjorneborg,GRANGEMOUTH,"8,193 deals",J. T. Salvesen,25,10,1889,2,11,1889,False,"25 Eva-Bjorneborg-8,193 deals-J. T. Salvesen"
18891102p.5_p001.txt,81,Frithiof,Gothenburg,GRANTON,"13,290 props",Salvesen & Co.,23,10,1889,2,11,1889,True,"Oct. 23 Frithiof -Gothenburg-13,290 props-Salvesen & Co."
18891102p.5_p001.txt,85,Venus,Riga,GRANTON,"6,286 deals",Thomson & Co.,24,10,1889,2,11,1889,False,"24 Venus-Riga-6,286 deals-Thomson & Co."
18891102p.5_p001.txt,86,Lyo,Gothenburg,GRANTON,"15,515 props",Madsen,28,10,1889,2,11,1889,False,"28 Lyo-Gothenburg-15,515 props-Madsen"
18891102p.5_p001.txt,88,Brockley Castle,Mobile,GREENOCK,"1,146 pcs. sawn pitch pine timber, 3,935 pitch pine boards, 2,246 pitch pine deals R. Hamilton & Co,",,25,10,1889,2,11,1889,False,"Oct. 25 Brockley Castle-Mobile-1,146 pcs. sawn pitch pine timber, 3,935 pitch pine boards, 2,246 pitch pine deals R. Hamilton & Co,"
18891102p.5_p002.txt,4,Eline,Porsgrund,KIRKCALDY,"21,836 pit props",Lochgelly Iron and Coal Co.,22,10,1889,2,11,1889,False,"Oct. 22 Eline-Porsgrund-21,836 pit props-Lochgelly Iron and Coal Co."
18891102p.5_p002.txt,5,Wemyss Castle,Krageroe,KIRKCALDY,"4,824 battens",A. B. Low,26,10,1889,2,11,1889,False,"26 Wemyss Castle-Krageroe-4,824 battens-A. B. Low"
18891102p.5_p002.txt,9,Trakfuglen,Christiania,KIRKCALDY,"14,313 props",Bowman & Co.,28,10,1889,2,11,1889,False,"28 Trakfuglen-Christiania-14,313 props-Bowman & Co."
18891102p.5_p002.txt,12,Agnese,Gnarp,LEITH,"48 fir boards, 2 lds. firewood M. J. Ellingsen",,22,10,1889,2,11,1889,False,"Oct. 22 Agnese-Gnarp-48 fir boards, 2 lds. firewood M. J. Ellingsen"
18891102p.5_p002.txt,15,Fylla,Kemi,LEITH,6 lds. firewood,F. Brickman,23,10,1889,2,11,1889,False,23 Fylla-Kemi-6 lds. firewood-F. Brickman
18891102p.5_p002.txt,18,Harboe,Brevig,LEITH,"4,028 fir battens",Garland,25,10,1889,2,11,1889,False,"25 Harboe-Brevig-4,028 fir battens-Garland"
18891102p.5_p002.txt,20,Orast,Sornas,LEITH,"2 lds. firewood, 48 fir boards","M. J. Ellingsen ; from Helsingfors-14,983 fir battens Thos. M. Summers & Co.",26,10,1889,2,11,1889,False,"26 Orast-Sornas-2 lds. firewood, 48 fir boards-M. J. Ellingsen ; from Helsingfors-14,983 fir battens Thos. M. Summers & Co."
18891102p.5_p002.txt,21,Anna,Narva,LEITH,"13,277 battens",D. W. Beattie,28,10,1889,2,11,1889,False,"28 Anna-Narva-13,277 battens-D. W. Beattie"
18891102p.5_p002.txt,25,Asta,Archangel,MONTROSE,8 lds. firewood,R. Millar & Sons,22,10,1889,2,11,1889,False,Oct. 22 Asta-Archangel-8 lds. firewood-R. Millar & Sons
18891102p.5_p002.txt,26,Opal  St. Petersburg,"4,347 fir battens",MONTROSE,Paton and others,,25,10,1889,2,11,1889,True,"25 Opal  St. Petersburg-4,347 fir battens-Paton and others"
18891102p.5_p002.txt,28,Pietro M.,Pensacola,TROON,"75 pcs. sawn pitch pine timber, 10,840 pitch pine deals","Robinson, Dunn, & Co.",21,10,1889,2,11,1889,False,"Oct. 21 Pietro M.-Pensacola-75 pcs. sawn pitch pine timber, 10,840 pitch pine deals-Robinson, Dunn, & Co."
18891102p.5_p002.txt,30,Odin,Fredrikshald,WICK,"170,000 birch staves",D. Sandison,22,10,1889,2,11,1889,False,"Oct. 22 Odin-Fredrikshald-170,000 birch staves-D. Sandison"
18891116p.2_p002.txt,3,Abram Young,St. Annes des Montes,GREENOCK,"2,638 spruce palings, 933 spruce deals","Order; 57,454 bdls. spoolwood-J. Coats",5,11,1889,16,11,1889,False,"Nov. 5 Abram Young-St. Annes des Montes-2,638 spruce palings, 933 spruce deals-Order; 57,454 bdls. spoolwood-J. Coats"
18891116p.2_p002.txt,6,Norway,Quebec,GREENOCK,"151 pcs. oak, 382 pcs. waney pine, 2,387 white pine deals, 503 white pine deal ends, 730 red pine deals",F. Briggs,7,11,1889,16,11,1889,False,"7 Norway-Quebec-151 pcs. oak, 382 pcs. waney pine, 2,387 white pine deals, 503 white pine deal ends, 730 red pine deals-F. Briggs"
18891116p.2_p002.txt,7,Festina Lente,Quebec,GREENOCK,166 pcs. oak,"Edmiston & Mitchells; 75 pcs. elm, 22 pcs. birch, 59 pcs. maple, 9 pcs. round hickory, 184 pcs. waney pine, 552 pcs. square white pine, 4,329 spruce deals, 1,000 spruce deal ends-Hunter, Sheriff, & Co",8,11,1889,16,11,1889,False,"8 Festina Lente-Quebec-166 pcs. oak-Edmiston & Mitchells; 75 pcs. elm, 22 pcs. birch, 59 pcs. maple, 9 pcs. round hickory, 184 pcs. waney pine, 552 pcs. square white pine, 4,329 spruce deals, 1,000 spruce deal ends-Hunter, Sheriff, & Co."
18891116p.2_p002.txt,10,Ploughman,Rafso,INVERNESS,"6,983 fir battens",G. Milne & Co.,6,11,1889,16,11,1889,False,"Nov. 6 Ploughman-Rafso-6,983 fir battens-G. Milne & Co."
18891116p.2_p002.txt,13,Meerkoenig,Riga,KIRKCALDY,"11,732 pit props",Fife Coal Co.,9,11,1889,16,11,1889,False,"Nov. 9 Meerkoenig-Riga-11,732 pit props-Fife Coal Co."
18891116p.2_p002.txt,16,Emblem,Hernosaud,LEITH,"11,341 fir battens",A. Garland & Roger,5,11,1889,16,11,1889,False,"Nov. 5 Emblem-Hernosaud-11,341 fir battens-A. Garland & Roger"
18891116p.2_p002.txt,19,Diamond,St. Petersburg,LEITH,"9,501 fir battens, 30 lds. firewood",Hugh Blaik & Co.,6,11,1889,16,11,1889,True,"6 Diamond -St. Petersburg-9,501 fir battens, 30 lds. firewood-Hugh Blaik & Co."
18891116p.2_p002.txt,21,Jason,Hallsta,LEITH,"4 lds. firewood, 72 fir boards",M. J. Ellingsen,7,11,1889,16,11,1889,False,"7 Jason-Hallsta-4 lds. firewood, 72 fir boards-M. J. Ellingsen"
18891116p.2_p002.txt,23,Czar,Cronstadt,LEITH,"7,114 deals and battens, 60 lds. firewood",W. Thomson & Co.,8,11,1889,16,11,1889,False,"8 Czar-Cronstadt-7,114 deals and battens, 60 lds. firewood-W. Thomson & Co."
18891116p.2_p002.txt,29,Mary,Konigsberg,PETERHEAD,"5,200 pcs. hewn birch",Mitchell Bros.,6,11,1889,16,11,1889,False,"Nov. 6 Mary-Konigsberg-5,200 pcs. hewn birch-Mitchell Bros."
18891116p.2_p002.txt,32,Roescliff,Porsgrund,TROON,"6,090 white battens",Brownlee & Co.,6,11,1889,16,11,1889,False,"Nov. 6 Roescliff-Porsgrund-6,090 white battens-Brownlee & Co."
18891116p.2_p002.txt,35,Amanda,Nacka,WIGTOWN,"9,330 deals and battens, [?]6,679 boards, 128 pcs. hewn fir",Callander,7,11,1889,16,11,1889,False,"Nov. 7 Amanda-Nacka-9,330 deals and battens, [?]6,679 boards, 128 pcs. hewn fir-Callander"
18891207p.3_p002.txt,6,Amulet,Rotterdam,LEITH,270 bdls. hoops,G. Gibson & Co.,29,11,1889,7,12,1889,False,Nov. 29 Amulet-Rotterdam-270 bdls. hoops-G. Gibson & Co.
18891207p.3_p002.txt,8,Livonia,Riga,LEITH,13 lds. lathwood,Jas. Cormack,2,12,1889,7,12,1889,False,Dec. 2 Livonia-Riga-13 lds. lathwood-Jas. Cormack
18891207p.3_p002.txt,14,Cupido,Drammen,LERWICK,"1,891 fir battens, 110 bdls, laths, 75 fir spars, 8 lds. firewood, 28 pcs. hewn birch",A. S. Stone,21,11,1889,7,12,1889,False,"Nov. 21 Cupido-Drammen-1,891 fir battens, 110 bdls, laths, 75 fir spars, 8 lds. firewood, 28 pcs. hewn birch-A. S. Stone"
18891207p.3_p002.txt,17,Mauritius,Memel,TROON,"11,000 fir sleepers",A. Bruce & Co.,30,11,1889,7,12,1889,False,"Nov. 30 Mauritius-Memel-11,000 fir sleepers-A. Bruce & Co."
18891207p.3_p002.txt,18,Clandine,Bay Verte,TROON,"20,737 deals and ends",Brownlee & Co.,2,12,1889,7,12,1889,False,"Dec. 2 Clandine-Bay Verte-20,737 deals and ends-Brownlee & Co."
18891207p.477_p001.txt,7,Castle Rising,Riga,BOSTON,"9,987 sleepers, 1,240 fir sleepers",Calder & Co.,26,11,1889,7,12,1889,False,"Nov. 26 Castle Rising-Riga-9,987 sleepers, 1,240 fir sleepers-Calder & Co."
18891207p.477_p001.txt,8,Banan,Riga,BOSTON,"16,030 fir sleepers",Bruce.,27,11,1889,7,12,1889,True,"27 Banan -Riga-16,030 fir sleepers-Bruce."
18891207p.477_p001.txt,10,Olympia,New York,BRISTOL,"219 bdls. hoops, 900 bdls. staves, 150 bdls. headings",Order,2,12,1889,7,12,1889,True,"Dec. 2 Olympia -New York-219 bdls. hoops, 900 bdls. staves, 150 bdls. headings-Order"
18891207p.477_p001.txt,11,Eda,Laurvig,BRISTOL,"83,541 boards",May & Hassell,5,12,1889,7,12,1889,False,"5 Eda-Laurvig-83,541 boards-May & Hassell"
18891207p.477_p001.txt,14,Thomas Perry,Bordeaux,CARDIFF,"1,100 lds. pitwood",Simkin Bros.,26,11,1889,7,12,1889,False,"Nov. 26 Thomas Perry-Bordeaux-1,100 lds. pitwood-Simkin Bros."
18891207p.477_p001.txt,15,Adalife,Cronstadt,CARDIFF,"103 lds. firewood, 2,106 pit props",Order,28,11,1889,7,12,1889,True,"28 Adalife -Cronstadt-103 lds. firewood, 2,106 pit props-Order"
18891207p.477_p001.txt,16,Capella,Helsingfors,CARDIFF,"360,852 pcs., 8,200 bdls. hoops, 3 fms. props",Order,29,11,1889,7,12,1889,True,"29 Capella -Helsingfors-360,852 pcs., 8,200 bdls. hoops, 3 fms. props-Order"
18891207p.477_p001.txt,22,Trafalgar,Hernosand,CARDIFF,"165,372 boards, &c.",Order,4,11,1889,7,12,1889,False,"4 Trafalgar-Hernosand-165,372 boards, &c.-Order"
18891207p.477_p001.txt,34,Gratitude,Gothenburg,IPSWICH,285 lds. sawn fir,Ransomes & Rapier,30,11,1889,7,12,1889,False,Nov. 30 Gratitude-Gothenburg-285 lds. sawn fir-Ransomes & Rapier
18891207p.477_p001.txt,36,Wanderer,Richibucto,LANCASTER,"10,173 deals and ends",W. Huntington,26,11,1889,7,12,1889,False,"Nov. 26 Wanderer-Richibucto-10,173 deals and ends-W. Huntington"
18891207p.477_p001.txt,38,Tarifa,Boston,LIVERPOOL,"4,600 staves",Drysdale Bros.; 203 bdls. shooks-Crowthers,28,11,1889,7,12,1889,True,"Nov. 28 Tarifa -Boston-4,600 staves-Drysdale Bros.; 203 bdls. shooks-Crowthers"
18891207p.477_p001.txt,43,Spain,New York,LIVERPOOL,800 staves,Drysdale Bros.; 12 cs. handles-J. C. Rollins & Co.; 100 doors-Order,29,11,1889,7,12,1889,True,29 Spain -New York-800 staves-Drysdale Bros.; 12 cs. handles-J. C. Rollins & Co.; 100 doors-Order
18891207p.477_p001.txt,48,Vesta,New Orleans,LIVERPOOL,"1,410 Canada butts",Order,30,11,1889,7,12,1889,True,"30 Vesta -New Orleans-1,410 Canada butts-Order"
18891207p.477_p001.txt,53,Erato,Sundswall,LIVERPOOL,"46,371 deals, battens, and boards","North, Ellis, & Co.",2,12,1889,7,12,1889,False,"Dec. 2 Erato-Sundswall-46,371 deals, battens, and boards-North, Ellis, & Co."
18891207p.477_p001.txt,55,Highlands,Danzig,LIVERPOOL,768 sleepers,Order,4,12,1889,7,12,1889,True,4 Highlands -Danzig-768 sleepers-Order
18891207p.477_p001.txt,57,Haabet,Drammen,HARTLEPOOL (WEST),587 lds. firewood,T. Briggs,26,11,1889,7,12,1889,False,Nov. 26 Haabet-Drammen-587 lds. firewood-T. Briggs
18891207p.477_p001.txt,59,Triton,Gothenburg,HARTLEPOOL (WEST),714 deals,"George Clark & Co.; 3,738 props-George Pyman & Co.; 4,875 props-Pearson & Co.; 12,875 props-Pyman, Bell, & Co.; 1,840 props-Victor Nilson & Co.; 11,239 props-Horsley & Co.",27,11,1889,7,12,1889,True,"27 Triton -Gothenburg-714 deals-George Clark & Co.; 3,738 props-George Pyman & Co.; 4,875 props-Pearson & Co.; 12,875 props-Pyman, Bell, & Co.; 1,840 props-Victor Nilson & Co.; 11,239 props-Horsley & Co."
18891207p.477_p001.txt,61,Adolf,Gothenburg,HARTLEPOOL (WEST),180 lds. hewn fir,"Horsley & Co.; 3,588 props and poles-Pyman & Co.; 2,008 poles-Osbeck & Co.; 72 lds. battens-Lane & Co.; 20,000 props, 1,252 sleepers-Victor Nilson & Co.; 10,104 sleepers-Watson & Co.",28,11,1889,7,12,1889,True,"28 Adolf -Gothenburg-180 lds. hewn fir-Horsley & Co.; 3,588 props and poles-Pyman & Co.; 2,008 poles-Osbeck & Co.; 72 lds. battens-Lane & Co.; 20,000 props, 1,252 sleepers-Victor Nilson & Co.; 10,104 sleepers-Watson & Co."
18891207p.477_p001.txt,62,President Blumenthal,Danzig,HARTLEPOOL (WEST),"521 oak logs, 405 fir blocks, 153 crossing sleepers","R. Wade, Sons, & Co.",2,12,1889,7,12,1889,False,"Dec. 2 President Blumenthal-Danzig-521 oak logs, 405 fir blocks, 153 crossing sleepers-R. Wade, Sons, & Co."
18891207p.477_p001.txt,71,Rosetta,Konigsberg,HULL,33 blocks wood,Bailey & Leetham,29,11,1889,7,12,1889,True,Nov. 29 Rosetta -Konigsberg-33 blocks wood-Bailey & Leetham
18891207p.477_p001.txt,73,Livorno,Gothenburg,HULL,"16,180 props","Wilson, Sons, & Co.; 4,500 props-H. Smith & Co.; 11,379 props, 2,720 bdls. laths-Order",30,11,1889,7,12,1889,True,"30 Livorno -Gothenburg-16,180 props-Wilson, Sons, & Co.; 4,500 props-H. Smith & Co.; 11,379 props, 2,720 bdls. laths-Order"
18891207p.477_p001.txt,77,Albert,Rotterdam,HULL,550 bdls. hoops,Order,2,12,1889,7,12,1889,True,Dec. 2 Albert -Rotterdam-550 bdls. hoops-Order
18891207p.477_p001.txt,82,Martmin,Miramichi,HULL,"27,463 deals, battens, and boards",Morris & Smith,29,12,1889,7,12,1889,False,"29 Martmin-Miramichi-27,463 deals, battens, and boards-Morris & Smith"
18891207p.477_p001.txt,86,Ouse,Bordeaux,HULL,730 lds. pitwood,Simkin Bros.,2,12,1889,7,12,1889,False,Dec. 2 Ouse-Bordeaux-730 lds. pitwood-Simkin Bros.
18891207p.477_p001.txt,89,Alpha,Gothenburg,CASTLETOWN,"13,197 pcs. sawn fir",Coole & Qualtrough,28,11,1889,7,12,1889,False,"Nov. 28 Alpha-Gothenburg-13,197 pcs. sawn fir-Coole & Qualtrough"
18891207p.477_p001.txt,91,Hertha,Shediac,FLEETWOOD,"19,059 fir deals",H. G. Curwen & Co.,2,12,1889,7,12,1889,False,"Dec. 2 Hertha-Shediac-19,059 fir deals-H. G. Curwen & Co."
18891207p.477_p001.txt,93,Hnos,Gefle,FOLKESTONE,"7,060 fir deals",Tolputt,25,11,1889,7,12,1889,False,"Nov. 25 Hnos-Gefle-7,060 fir deals-Tolputt"
18891207p.477_p001.txt,95,Kathleen,Miramichi,GLOUCESTER,"152 pcs. birch, 17,523 deals","Price, Walker, & Co.",29,11,1889,7,12,1889,False,"Nov. 29 Kathleen-Miramichi-152 pcs. birch, 17,523 deals-Price, Walker, & Co."
18891207p.477_p001.txt,96,Pacific,Bersimis,GLOUCESTER,"18,210 deals, 4,105 palings","T. Adams & Sons, Lim.",30,11,1889,7,12,1889,False,"30 Pacific-Bersimis-18,210 deals, 4,105 palings-T. Adams & Sons, Lim."
18891207p.477_p001.txt,98,Oneota,Mobile,GOOLE,"2,012 pcs. sawn fir, 191 deals",Aire and Calder Navigation Co.,26,11,1889,7,12,1889,False,"Nov. 26 Oneota-Mobile-2,012 pcs. sawn fir, 191 deals-Aire and Calder Navigation Co."
18891207p.477_p001.txt,100,Stern,Memel,GRIMSBY,"131,110 oak staves",J. Hay,30,11,1889,7,12,1889,False,"Nov. 30 Stern-Memel-131,110 oak staves-J. Hay"
18891207p.477_p001.txt,117,Castellano,New Orleans,GRIMSBY,"2,400 staves",Order,2,12,1889,7,12,1889,True,"Dec. 2 Castellano -New Orleans-2,400 staves-Order"
18891207p.477_p001.txt,136,British Prince,Philadelphia,GRIMSBY,"1,568 logs pitch pine, 12,000 staves",Drysdale Bros.,3,12,1889,7,12,1889,True,"3 British Prince -Philadelphia-1,568 logs pitch pine, 12,000 staves-Drysdale Bros."
18891207p.477_p001.txt,155,Niceto,New Orleans,COMMERCIAL DOCKS,"1,950 sleepers, 1,205 pcs. oak staves",Order,4,12,1889,7,12,1889,True,"4 Niceto -New Orleans-1,950 sleepers, 1,205 pcs. oak staves-Order"
18891207p.477_p001.txt,169,Hugin,Quebec,SURREY COMMERCIAL DOCKS,"3,136 spruce deals","Thorne Holme; 8,501 deal ends-Order",28,11,1889,7,12,1889,False,"Nov. 28 Hugin-Quebec-3,136 spruce deals-Thorne Holme; 8,501 deal ends-Order"
18891207p.477_p001.txt,173,Wensleydale,Riga,SURREY COMMERCIAL DOCKS,"6,766 bdls. slating battens",Order,30,11,1889,7,12,1889,True,"30 Wensleydale -Riga-6,766 bdls. slating battens-Order"
18891207p.477_p001.txt,185,Righi,Sundswall,SURREY COMMERCIAL DOCKS,"37,106 deals, battens, and boards",Order,2,12,1889,7,12,1889,True,"Dec. 2 Righi -Sundswall-37,106 deals, battens, and boards-Order"
18891207p.477_p002.txt,9,Thorsten,Gothenburg,MILLWALL DOCKS,"1,989 pkgs. joinery","J. Sandell & Co. ; 3 pkgs. turned wood-Maxime & Co. ; 56 pkgs. turned wood-J. W. Uloth & Co. ; 1,900 bdls. laths -Simson & Mason ; 1,070 pkgs. joinery, 15 fms. firewood-Order",2,12,1889,7,12,1889,True,"Dec. 2 Thorsten -Gothenburg-1,989 pkgs. joinery-J. Sandell & Co. ; 3 pkgs. turned wood-Maxime & Co. ; 56 pkgs. turned wood-J. W. Uloth & Co. ; 1,900 bdls. laths -Simson & Mason ; 1,070 pkgs. joinery, 15 fms. firewood-Order"
18891207p.477_p002.txt,15,Berlin,Stettin,MILLWALL DOCKS,51 bdls. pinewood,Order,4,12,1889,7,12,1889,True,4 Berlin -Stettin-51 bdls. pinewood-Order
18891207p.477_p002.txt,17,Leila,Stugsund,REGENT'S CANAL DOCKS,470 stds. deals and battens,Order,30,11,1889,7,12,1889,True,Nov 30 Leila -Stugsund-470 stds. deals and battens-Order
18891207p.477_p002.txt,18,Ane,Nysted,REGENT'S CANAL DOCKS,828 pcs. birchwood,Order,4,12,1889,7,12,1889,False,Dec. 4 Ane-Nysted-828 pcs. birchwood-Order
18891207p.477_p002.txt,20,Canada,New York,ROYAL ALBERT DOCKS,"1,150 pcs. lumber","Churchill & Sim; 150 cs. handspikes, 475 no., 1 cs. oars-Cunningham",30,11,1889,7,12,1889,True,"Nov. 30 Canada -New York-1,150 pcs. lumber-Churchill & Sim; 150 cs. handspikes, 475 no., 1 cs. oars-Cunningham"
18891207p.477_p002.txt,22,Reiher,Bremen,ST. KATHARINE'S DOCKS,"1,203 beech planks",Order,3,12,1889,7,12,1889,True,"Dec. 3 Reiher -Bremen-1,203 beech planks-Order"
18891207p.477_p002.txt,24,Maryland,Baltimore,TILBURY DOCKS,"897 pcs. lumber, 43 elm logs","Churchill & Sim; 8 bxs. mouldings-S. P. Lipscombe & Co. ; 3,600 hhd. staves-Hattley Hay; 616 pcs. lumber-Order",2,12,1889,7,12,1889,True,"Dec. 2 Maryland -Baltimore-897 pcs. lumber, 43 elm logs-Churchill & Sim; 8 bxs. mouldings-S. P. Lipscombe & Co. ; 3,600 hhd. staves-Hattley Hay; 616 pcs. lumber-Order"
18891207p.477_p002.txt,26,Oranmore,Baltimore,VICTORIA DOCKS,"3,545 pcs. oak lumber, 2,930 oak squares, 5,646 oak strips",Churchill & Sim; 536 pcs. oak-Order,2,12,1889,7,12,1889,True,"Dec. 2 Oranmore -Baltimore-3,545 pcs. oak lumber, 2,930 oak squares, 5,646 oak strips -Churchill & Sim; 536 pcs. oak-Order"
18891207p.477_p002.txt,28,Castlegate,Riga,VICTORIA DOCKS,"2,100 t. sleeper blocks",Order,4,12,1889,7,12,1889,True,"4 Castlegate -Riga-2,100 t. sleeper blocks-Order"
18891207p.477_p002.txt,30,Albatross,Bordeaux,B. & F. WHARF,590 rolls wood hoops,Order,2,12,1889,7,12,1889,True,Dec. 2 Albatross -Bordeaux-590 rolls wood hoops-Order
18891207p.477_p002.txt,32,Scandia,Drammen,NORTHFLEET,"1,167,660 staves","With, Webster, & Co.",30,11,1889,7,12,1889,False,"Nov. 30 Scandia-Drammen-1,167,660 staves-With, Webster, & Co."
18891207p.477_p002.txt,33,Dannevirke,Bjorneborg,NORTHFLEET,"493,106 staves","Duus, Brown, & Co.",4,12,1889,7,12,1889,False,"Dec. 4 Dannevirke-Bjorneborg-493,106 staves -Duus, Brown, & Co."
18891207p.477_p002.txt,35,Kottingham,Danzig,SILVERTOWN,"7,247 sleepers, 1,225 half","sleepers, 293 pcs. timber-Order",4,12,1889,7,12,1889,True,"Dec. 4 Kottingham -Danzig-7,247 sleepers, 1,225 half-sleepers, 293 pcs. timber-Order"
18891207p.477_p002.txt,37,Howards,Riga,MIDDLESBROUGH,"11,886 round poles, 2,447 square sleepers, 661 square sleeper blocks, 15 lds. firewood",C. Calder & Co.,27,11,1889,7,12,1889,True,"Nov. 27 Howards -Riga-11,886 round poles, 2,447 square sleepers, 661 square sleeper blocks, 15 lds. firewood-C. Calder & Co."
18891207p.477_p002.txt,38,Patterdale,Riga,MIDDLESBROUGH,"14,940 pcs. hewn fir, 3,708 sleepers, 2,706 pcs. firewood",C. Calder,30,11,1889,7,12,1889,True,"30 Patterdale -Riga-14,940 pcs. hewn fir, 3,708 sleepers, 2,706 pcs. firewood-C. Calder"
18891207p.477_p002.txt,39,Kvik,Krageroe,MIDDLESBROUGH,"778 pcs. square timber, 1,591 props",W. J. Watson & Co.,2,12,1889,7,12,1889,False,"Dec. 2 Kvik-Krageroe-778 pcs. square timber, 1,591 props-W. J. Watson & Co."
18891207p.477_p002.txt,42,Azira,Christiansand,NEWPORT,150 lds. pitwood,Tredegar Iron and Coal Co.,2,12,1889,7,12,1889,False,Dec. 2 Azira-Christiansand-150 lds. pitwood-Tredegar Iron and Coal Co.
18891207p.477_p002.txt,44,G. M. Carins,Quebec,PLYMOUTH,"77 pcs. hewn oak, 1,075 pcs. hewn fir, 4,133 pcs. sawn fir",R. & R. Bayly,30,11,1889,7,12,1889,False,"Nov. 30 G. M. Carins-Quebec-77 pcs. hewn oak, 1,075 pcs. hewn fir, 4,133 pcs. sawn fir-R. & R. Bayly"
18891207p.477_p002.txt,46,Helene,Memel,PORTSMOUTH,"1,182 pcs. hewn fir, 283 hewn fir ends, 365 deals and ends, 850 sleeper blocks",Thomas Bailey,27,11,1889,7,12,1889,False,"Nov. 27 Helene-Memel-1,182 pcs. hewn fir, 283 hewn fir ends, 365 deals and ends, 850 sleeper blocks-Thomas Bailey"
18891207p.477_p002.txt,47,Schadberg,Fredrikshald,PORTSMOUTH,"38,246 battens and boards",L. A. Van Den Bergh,2,12,1889,7,12,1889,False,"Dec. 2 Schadberg-Fredrikshald-38,246 battens and boards-L. A. Van Den Bergh"
18891207p.477_p002.txt,49,Atrato,Gefle,SHOREHAM,505 lds. sawn fir,Robt. H. Penney,2,12,1889,7,12,1889,False,Dec. 2 Atrato-Gefle-505 lds. sawn fir-Robt. H. Penney
18891207p.477_p002.txt,51,Alice Cooper,St. Simon's,SUNDERLAND,"1,541 pcs. pitch pine fir, 177 pitch pine deals",Short Bros.,2,12,1889,7,12,1889,False,"Dec. 2 Alice Cooper - St. Simon's - 1,541 pcs. pitch pine fir, 177 pitch pine deals-Short Bros."
18891207p.477_p002.txt,58,Annie,Campbellton,SWANSEA,"23,117 pcs. sawn birch, 816 pcs. sawn pine, 4,507 pcs. sawn fir",Gregor Bros.,26,11,1889,7,12,1889,False,"Nov. 26 Annie-Campbellton-23,117 pcs. sawn birch, 816 pcs. sawn pine, 4,507 pcs. sawn fir-Gregor Bros."
18891207p.477_p002.txt,59,Annie y Nonne,Bordeaux,SWANSEA,55 lds. pitwood,Vivian & Sons,27,11,1889,7,12,1889,False,27 Annie y Nonne-Bordeaux-55 lds. pitwood-Vivian & Sons
18891207p.477_p002.txt,62,Prospero,Christiania,TYNE,"190 lds. mining timber, 118 bales wood pulp","Order; from Laurvig-70 lds. flooring boards, 8 lds. firewood-J. Scott",26,11,1889,7,12,1889,True,"Nov. 26 Prospero -Christiania-190 lds. mining timber, 118 bales wood pulp-Order; from Laurvig-70 lds. flooring boards, 8 lds. firewood-J. Scott"
18891207p.477_p002.txt,65,Littuania,Memel,TYNE,"3,437 deals","J. P. Wardle; 4,054 deals-Robson, Miller, & Co. ; 468 deals-Clayton & Armstrong; 1,680 deal ends-R. Thubron & Co.",30,11,1889,7,12,1889,False,"30 Littuania-Memel-3,437 deals-J. P. Wardle; 4,054 deals-Robson, Miller, & Co. ; 468 deals-Clayton & Armstrong; 1,680 deal ends-R. Thubron & Co."
18891207p.477_p002.txt,67,Orrik,Gothenburg,TYNE,"5,406 sleepers, 32,786 pit props, 712 pkgs. doors",Order,2,12,1889,7,12,1889,True,"Dec. 2 Orrik -Gothenburg-5,406 sleepers, 32,786 pit props, 712 pkgs. doors-Order"
18891207p.477_p002.txt,88,Max,Wyborg,WISBECH,"12,097 deals and battens",English Bros.,30,11,1889,7,12,1889,False,"Nov. 30 Max-Wyborg-12,097 deals and battens -English Bros."
18891207p.477_p002.txt,90,Urda,Gefle,YARMOUTH,"7,790 deals, battens, and boards",Jewson & Sons,29,11,1889,7,12,1889,False,"Nov. 29 Urda-Gefle-7,790 deals, battens, and boards-Jewson & Sons"
18891207p.477_p002.txt,93,County of Forfar,Quebec,BELFAST,"33,042 pine deals",Robb Bros.,26,11,1889,7,12,1889,False,"Nov. 26 County of Forfar-Quebec-33,042 pine deals-Robb Bros."
18891207p.477_p002.txt,99,Concairen,Quebec,WATERFORD,"19,161 fir deals",Cox Bros. & Co.,30,11,1889,7,12,1889,False,"Nov. 30 Concairen-Quebec-19,161 fir deals-Cox Bros. & Co."
