source_file,line_number,ship_name,origin_port,destination_port,cargo,merchant,arrival_day,arrival_month,arrival_year,publication_day,publication_month,publication_year,is_steamship,raw_line
18790802p.121_p001.txt,8,Ganger Rolf,Saguenay,LONDON,deals,Price,17,7,1879,2,8,1879,False,July 17 Ganger Rolf-Saguenay-deals-Price
18790802p.121_p001.txt,21,Haabet,Xiania,LONDON,"poles, firewood",Churchill,18,7,1879,2,8,1879,False,"18 Haabet-Xiania-poles, firewood-Churchill"
18790802p.121_p001.txt,33,Hoppet,Uleaborg,LONDON,"deals, &c.",Order,19,7,1879,2,8,1879,False,"19 Hoppet-Uleaborg-deals, &c.-Order"
18790802p.121_p001.txt,51,Aurora,Skonvik,LONDON,deals,Order,26,7,1879,2,8,1879,True,26 Aurora -Skonvik-deals-Order
18790802p.121_p001.txt,65,Cameo,Xiania,LONDON,brush blocks,Keen,28,7,1879,2,8,1879,True,28 Cameo -Xiania-brush blocks-Keen
18790802p.121_p001.txt,83,Breeze,Danzig,LONDON,"sleepers, staves",Order,21,7,1879,2,8,1879,False,"21 Breeze-Danzig-sleepers, staves-Order"
18790802p.121_p001.txt,94,Roumania,Cronstadt,LONDON,lathwood,Reynolds,22,7,1879,2,8,1879,True,22 Roumania -Cronstadt-lathwood-Reynolds
18790802p.121_p001.txt,98,Harkaway,Skonvik,LONDON,firewood,Order,23,7,1879,2,8,1879,False,23 Harkaway-Skonvik-firewood-Order
18790802p.121_p001.txt,109,Parana,P'burg,LONDON,rickers,A. Kinloch,24,7,1879,2,8,1879,True,24 Parana -P'burg-rickers-A. Kinloch
18790802p.121_p001.txt,134,Valkyrien,Bjorneborg,LONDON,battens,With & Co.,25,7,1879,2,8,1879,False,25 Valkyrien-Bjorneborg-battens-With & Co.
18790802p.121_p001.txt,151,Fraternitas,Nyhamn,LONDON,deals,Thomson,29,7,1879,2,8,1879,False,29 Fraternitas-Nyhamn-deals-Thomson
18790802p.121_p001.txt,154,Harold,Hudikswall,LONDON,wood goods,Order,30,7,1879,2,8,1879,True,30 Harold -Hudikswall-wood goods-Order
18790802p.121_p001.txt,176,Scandinavian,Quebec,LIVERPOOL,deals,Order,12,7,1879,2,8,1879,False,July 12 Scandinavian-Quebec-deals-Order
18790802p.121_p001.txt,177,Shakespeare,Montreal,LIVERPOOL,deals,Cox & Co.,16,7,1879,2,8,1879,False,16 Shakespeare-Montreal-deals-Cox & Co.
18790802p.121_p001.txt,179,F. M. Carvill,Demerara,LIVERPOOL,timber,Order,17,7,1879,2,8,1879,False,17 F. M. Carvill-Demerara-timber-Order
18790802p.121_p001.txt,183,Marie & Helene,Puerto Cortes,LIVERPOOL,mahogany,,18,7,1879,2,8,1879,False,18 Marie & Helene-Puerto Cortes-mahogany
18790802p.121_p001.txt,185,Sidon,Turkey,LIVERPOOL,354 t. boxwood,,21,7,1879,2,8,1879,True,21 Sidon -Turkey-354 t. boxwood
18790802p.121_p001.txt,187,Gloire,St. Johu,LIVERPOOL,"deals, &c.",Order,23,7,1879,2,8,1879,False,"23 Gloire-St. Johu-deals, &c.-Order"
18790802p.121_p001.txt,193,Prince Charlie,St.John,LIVERPOOL,"dls., &c.",Farnworth,24,7,1879,2,8,1879,False,"24 Prince Charlie-St.John-dls., &c.-Farnworth"
18790802p.121_p001.txt,195,N. Mosher,Pensacola,LIVERPOOL,"timber, &c.",Smith,25,7,1879,2,8,1879,False,"25 N. Mosher-Pensacola-timber, &c.-Smith"
18790802p.121_p001.txt,200,Minde,Cronstadt,LIVERPOOL,lathwood,Order,26,7,1879,2,8,1879,False,26 Minde-Cronstadt-lathwood-Order
18790802p.121_p001.txt,205,Chippewa,Quebec,LIVERPOOL,"deals, &c.",Order,28,7,1879,2,8,1879,False,"28 Chippewa-Quebec-deals, &c.-Order"
18790802p.121_p001.txt,210,Eblana,St. John,LIVERPOOL,deals,Sund. Con.,29,7,1879,2,8,1879,False,29 Eblana-St. John-deals-Sund. Con.
18790802p.121_p001.txt,213,Bruce,Quebec,BARROW-IN-FURNESS,white oak & fir,Charles,21,7,1879,2,8,1879,False,July 21 Bruce-Quebec-white oak & fir-Charles
18790802p.121_p001.txt,216,Ebenezer,Halmstadt,BARROW-IN-FURNESS,boards,Crossfield,24,7,1879,2,8,1879,False,24 Ebenezer-Halmstadt-boards-Crossfield
18790802p.121_p001.txt,217,Lanarkshire,Quebec,BARROW-IN-FURNESS,"yel. pine deals, &c.","Price, Potter Walker, & Co.",25,7,1879,2,8,1879,False,"25 Lanarkshire-Quebec-yel. pine deals, &c.-Price, Potter Walker, & Co."
18790802p.121_p001.txt,218,Weljecset,Tornea,BARROW-IN-FURNESS,"deals, &c.",Price & Co.,29,7,1879,2,8,1879,False,"29 Weljecset-Tornea-deals, &c.-Price & Co."
18790802p.121_p001.txt,221,Emanuel,Arendal,HULL,"tim., btns.",Stourton,16,7,1879,2,8,1879,False,"July 16 Emanuel-Arendal-tim., btns.-Stourton"
18790802p.121_p001.txt,222,Erato,Cronstadt,HULL,"lathwood, deals",Order,17,7,1879,2,8,1879,True,"17 Erato -Cronstadt-lathwood, deals-Order"
18790802p.121_p001.txt,224,Marsdin,Cronstadt,HULL,lathwood,Order,18,7,1879,2,8,1879,True,18 Marsdin -Cronstadt-lathwood-Order
18790802p.121_p001.txt,225,Milo,Riga,HULL,lathwood,Order,19,7,1879,2,8,1879,True,19 Milo -Riga-lathwood-Order
18790802p.121_p001.txt,228,L'Esperance,Sundswall,HULL,"deals, &c.",Wade & Co.,21,7,1879,2,8,1879,False,"21 L'Esperance-Sundswall-deals, &c.-Wade & Co."
18790802p.121_p001.txt,234,Apollo,Gothenburg,HULL,"props, laths",Order,22,7,1879,2,8,1879,True,"22 Apollo -Gothenburg-props, laths-Order"
18790802p.121_p001.txt,238,Sappho,Kylorn,HULL,"deals, &c.","Horsley, Smith",23,7,1879,2,8,1879,False,"23 Sappho-Kylorn-deals, &c.-Horsley, Smith"
18790802p.121_p001.txt,243,Voss,Iggesund,HULL,"deals, &c.",Stone Bros.,24,7,1879,2,8,1879,False,"24 Voss-Iggesund-deals, &c.-Stone Bros."
18790802p.121_p002.txt,3,Hesperus,Skonvik,GRIMSBY,"deals, &c.",Order,16,7,1879,2,8,1879,False,"July 16 Hesperus-Skonvik-deals, &c.-Order"
18790802p.121_p002.txt,5,Irwell,Danzig,GRIMSBY,timber,Order,17,7,1879,2,8,1879,True,17 Irwell -Danzig-timber-Order
18790802p.121_p002.txt,6,Alma,Hudikswall,GRIMSBY,boards,Bennetts & Co.,18,7,1879,2,8,1879,False,18 Alma-Hudikswall-boards-Bennetts & Co.
18790802p.121_p002.txt,7,Spring Flower,Cronstadt,GRIMSBY,dls.,Wintringham,19,7,1879,2,8,1879,False,19 Spring Flower-Cronstadt-dls.-Wintringham
18790802p.121_p002.txt,8,Ero,Lockno,GRIMSBY,"battens, &c.",Bennetts & Co.,21,7,1879,2,8,1879,False,"21 Ero-Lockno-battens, &c.-Bennetts & Co."
18790802p.121_p002.txt,13,E. Dawson,Soderhamn,GRIMSBY,"deals, &c.",Order,22,7,1879,2,8,1879,False,"22 E. Dawson-Soderhamn-deals, &c.-Order"
18790802p.121_p002.txt,22,Queen Bee,Nyhamn,GRIMSBY,firewood,N. Taylor,23,7,1879,2,8,1879,False,23 Queen Bee-Nyhamn-firewood-N. Taylor
18790802p.121_p002.txt,26,Baldar,Soderhamn,GRIMSBY,boards,Price & Co.,25,7,1879,2,8,1879,True,25 Baldar -Soderhamn-boards-Price & Co.
18790802p.121_p002.txt,28,Welluno,Sikea,GRIMSBY,"deals, battens",Order,26,7,1879,2,8,1879,False,"26 Welluno-Sikea-deals, battens-Order"
18790802p.121_p002.txt,29,Hilma,Ahlafors,GRIMSBY,"battens, &c.",Chapman & Co.,28,7,1879,2,8,1879,False,"28 Hilma-Ahlafors-battens, &c.-Chapman & Co."
18790802p.121_p002.txt,30,Columbia,Neder Kalix,GRIMSBY,boards,C. Taylor,29,7,1879,2,8,1879,False,29 Columbia-Neder Kalix-boards-C. Taylor
18790802p.121_p002.txt,33,Valentine,Archangel,KING'S LYNN,deals,Hill & Co.,16,7,1879,2,8,1879,False,July 16 Valentine-Archangel-deals-Hill & Co.
18790802p.121_p002.txt,34,Paul Jones,Hudikswall,KING'S LYNN,scntling,Thompson,19,7,1879,2,8,1879,False,19 Paul Jones-Hudikswall-scntling-Thompson
18790802p.121_p002.txt,35,Celsus,Sundswall,KING'S LYNN,deals,Thompson,21,7,1879,2,8,1879,False,21 Celsus-Sundswall-deals-Thompson
18790802p.121_p002.txt,38,Undine,Cronstadt,KING'S LYNN,deals,Thompson & Co.,22,7,1879,2,8,1879,False,22 Undine-Cronstadt-deals-Thompson & Co.
18790802p.121_p002.txt,39,Kyle,Hernosand,KING'S LYNN,"deals, battens",Smith,23,7,1879,2,8,1879,False,"23 Kyle-Hernosand-deals, battens-Smith"
18790802p.121_p002.txt,40,Kotka,Skelleftea,KING'S LYNN,"deals, battens",Stanton,24,7,1879,2,8,1879,False,"24 Kotka-Skelleftea-deals, battens-Stanton"
18790802p.121_p002.txt,41,Unionen,Soderhamn,KING'S LYNN,"deals, bds.",Thompson,25,7,1879,2,8,1879,False,"25 Unionen-Soderhamn-deals, bds.-Thompson"
18790802p.121_p002.txt,44,Manna,Sundswall,KING'S LYNN,"deals, boards",Thompson,26,7,1879,2,8,1879,False,"26 Manna-Sundswall-deals, boards-Thompson"
18790802p.121_p002.txt,46,Albert,Kotka,KING'S LYNN,"deals, battens",Smith Bros.,28,7,1879,2,8,1879,False,"28 Albert-Kotka-deals, battens-Smith Bros."
18790802p.121_p002.txt,49,Hannibal,Sundswall,MALDON,battens,Sadd,14,7,1879,2,8,1879,False,July 14 Hannibal-Sundswall-battens-Sadd
18790802p.121_p002.txt,53,Felicity,Soderhamn,WEST HARTLEPOOL,deals & bats.,Order,17,7,1879,2,8,1879,False,July 17 Felicity-Soderhamn-deals & bats.-Order
18790802p.121_p002.txt,54,Lass o'Doon,Stettin,WEST HARTLEPOOL,oak staves,Pickford,19,7,1879,2,8,1879,False,19 Lass o'Doon-Stettin-oak staves-Pickford
18790802p.121_p002.txt,56,Wik,Ornskoldsvik,WEST HARTLEPOOL,"deals, battens",Harrison,21,7,1879,2,8,1879,False,"21 Wik-Ornskoldsvik-deals, battens-Harrison"
18790802p.121_p002.txt,58,Tilly,Bjorneborg,WEST HARTLEPOOL,"deals, battens",Harrison,22,7,1879,2,8,1879,False,"22 Tilly-Bjorneborg-deals, battens-Harrison"
18790802p.121_p002.txt,65,Paul et Marie,Stettin,WEST HARTLEPOOL,oak staves,Pickford,23,7,1879,2,8,1879,False,23 Paul et Marie-Stettin-oak staves-Pickford
18790802p.121_p002.txt,66,Zurich,Quebec,WEST HARTLEPOOL,"oak timber, &c.",R. Wade,24,7,1879,2,8,1879,False,"24 Zurich-Quebec-oak timber, &c.-R. Wade"
18790802p.121_p002.txt,67,Koik,Krageroe,WEST HARTLEPOOL,mining timber,G. Pyman,25,7,1879,2,8,1879,False,25 Koik-Krageroe-mining timber-G. Pyman
18790802p.121_p002.txt,68,Coral Queen,Gothenburg,WEST HARTLEPOOL,laths,Order,26,7,1879,2,8,1879,True,26 Coral Queen -Gothenburg-laths-Order
18790802p.121_p002.txt,75,Josephina,Calmar,WEST HARTLEPOOL,pit props,G. Pyman,28,7,1879,2,8,1879,False,28 Josephina-Calmar-pit props-G. Pyman
18790802p.121_p002.txt,77,Ebenezer,Memel,WEST HARTLEPOOL,oak staves,Pickford & Co.,29,7,1879,2,8,1879,False,29 Ebenezer-Memel-oak staves-Pickford & Co.
18790802p.121_p002.txt,80,Niord,Grimstad,WEST HARTLEPOOL,mining timber,G. Pyman,30,7,1879,2,8,1879,False,30 Niord-Grimstad-mining timber-G. Pyman
18790802p.121_p002.txt,83,Argo,Xiania,SUNDERLAND,props,Torkildsen & Co.,21,7,1879,2,8,1879,False,July 21 Argo-Xiania-props-Torkildsen & Co.
18790802p.121_p002.txt,86,Carl,Skien,SUNDERLAND,min. timber,Rayner & Moller,22,7,1879,2,8,1879,False,22 Carl-Skien-min. timber-Rayner & Moller
18790802p.121_p002.txt,93,Vapua,Skien,"[AUGUST 2, 1879",min. tim.,Rayner & Moller,25,7,1879,2,8,1879,False,25 Vapua-Skien-min. tim.-Rayner & Moller
18790802p.121_p002.txt,94,Fire Vermer,Xiansund,"[AUGUST 2, 1879",props,Rayner,26,7,1879,2,8,1879,False,26 Fire Vermer-Xiansund-props-Rayner
18790802p.121_p002.txt,95,Lumley,Bordeaux,"[AUGUST 2, 1879",props,T. J. Reay,28,7,1879,2,8,1879,True,28 Lumley -Bordeaux-props-T. J. Reay
18790802p.121_p002.txt,96,J. Esche,Nyvik,"[AUGUST 2, 1879","deals, &c.",Order,29,7,1879,2,8,1879,False,"29 J. Esche-Nyvik-deals, &c.-Order"
18790802p.121_p002.txt,100,Keturah,Dordt,NEWCASTLE-ON-TYNE,wood hoops,Black,17,7,1879,2,8,1879,False,July 17 Keturah-Dordt-wood hoops-Black
18790802p.121_p002.txt,104,Star of Hope,Dordt,NEWCASTLE-ON-TYNE,wood hoops,Clephans,18,7,1879,2,8,1879,False,18 Star of Hope-Dordt-wood hoops-Clephans
18790802p.121_p002.txt,107,Eliza,Rotterdam,NEWCASTLE-ON-TYNE,wood hoops,Jas. Black,19,7,1879,2,8,1879,False,19 Eliza-Rotterdam-wood hoops-Jas. Black
18790802p.121_p002.txt,109,Aphrodite,Lillesand,NEWCASTLE-ON-TYNE,"props, min. tim.",Order,21,7,1879,2,8,1879,False,"21 Aphrodite-Lillesand-props, min. tim.-Order"
18790802p.121_p002.txt,114,Tobine,Sandefjord,NEWCASTLE-ON-TYNE,pit props,Order,22,7,1879,2,8,1879,False,22 Tobine-Sandefjord-pit props-Order
18790802p.121_p002.txt,115,Transit,Arendal,NEWCASTLE-ON-TYNE,pit props,Order,23,7,1879,2,8,1879,False,23 Transit-Arendal-pit props-Order
18790802p.121_p002.txt,117,Sentinel,Rotterdam,NEWCASTLE-ON-TYNE,wood hoops,Tyne Shipping Co.,24,7,1879,2,8,1879,False,24 Sentinel-Rotterdam-wood hoops-Tyne Shipping Co.
18790802p.121_p002.txt,118,Ebenezer,Rotterdam,NEWCASTLE-ON-TYNE,wooden hoops,Van Hansbergen & Usher,25,7,1879,2,8,1879,False,25 Ebenezer-Rotterdam-wooden hoops-Van Hansbergen & Usher
18790802p.121_p002.txt,122,Rautha,Bjorneborg,NEWCASTLE-ON-TYNE,fir staves,Order,28,7,1879,2,8,1879,False,28 Rautha-Bjorneborg-fir staves-Order
18790802p.121_p002.txt,130,Johanna,Wyburg,NEWCASTLE-ON-TYNE,fir staves,J. Black & Co.,28,7,1879,2,8,1879,False,28 Johanna-Wyburg-fir staves-J. Black & Co.
18790802p.121_p002.txt,133,Katherine,Archangel,BRISTOL,"deals,",Wade,17,7,1879,2,8,1879,False,"July 17 Katherine-Archangel-deals,-Wade"
18790802p.121_p002.txt,134,Forest Belle,Pensacola,BRISTOL,pitch pine,King,24,7,1879,2,8,1879,False,24 Forest Belle-Pensacola-pitch pine-King
18790802p.121_p002.txt,137,Martha,Quebec,BRISTOL,deals,Barnes & Baker,28,7,1879,2,8,1879,False,28 Martha-Quebec-deals-Barnes & Baker
18790802p.121_p002.txt,159,Olivia,Quebec,CARDIFF,"deals, &c.",Alexanders,16,7,1879,2,8,1879,False,"July 16 Olivia-Quebec-deals, &c.-Alexanders"
18790802p.121_p002.txt,160,Alexandra,Quebec,CARDIFF,"deals, &c.",Order,23,7,1879,2,8,1879,False,"23 Alexandra-Quebec-deals, &c.-Order"
18790802p.121_p002.txt,161,Hedwig,G'burg,CARDIFF,"floorings, &c.",Watson,29,7,1879,2,8,1879,False,"29 Hedwig-G'burg-floorings, &c.-Watson"
18790802p.121_p002.txt,165,Nadir,Lorient,PITWOOD,118 t.,Order,17,7,1879,2,8,1879,False,July 17 Nadir-Lorient-118 t.-Order
18790802p.121_p002.txt,166,Rosas,Villa Garcia,PITWOOD,320 t.,"Jones, Heard",18,7,1879,2,8,1879,False,"18 Rosas-Villa Garcia-320 t.-Jones, Heard"
18790802p.121_p002.txt,168,Industry,Bridgwater,PITWOOD,30 t.,Order,21,7,1879,2,8,1879,False,21 Industry-Bridgwater-30 t.-Order
18790802p.121_p002.txt,171,Adrasten,Bordeaux,PITWOOD,300 t.,Order,22,7,1879,2,8,1879,False,22 Adrasten-Bordeaux-300 t.-Order
18790802p.121_p002.txt,176,Charlotte,Redon,AUGU,58 t.,Lowell & Co.,24,7,1879,2,8,1879,False,24 Charlotte-Redon-58 t.-Lowell & Co.
18790802p.121_p002.txt,179,Marguerite,Auray,AUGU,80 t.,"Jones, Heard",26,7,1879,2,8,1879,False,"26 Marguerite-Auray-80 t.-Jones, Heard"
18790802p.121_p002.txt,180,Jane,Bridgwater,AUGU,J. P. Lewis,,28,7,1879,2,8,1879,False,28 Jane-Bridgwater-J. P. Lewis
18790802p.121_p002.txt,182,Chase,Waterford,AUGU,60 t.,E. W. Nance,29,7,1879,2,8,1879,False,29 Chase-Waterford-60 t.-E. W. Nance
18790802p.121_p002.txt,186,Othello,Darien,SWANSEA,pitch pine,Glasbrook,17,7,1879,2,8,1879,False,July 17 Othello-Darien-pitch pine-Glasbrook
18790802p.121_p002.txt,187,Valkyrie,Quebec,SWANSEA,"oak, ash, elm",Gregory,18,7,1879,2,8,1879,False,"18 Valkyrie-Quebec-oak, ash, elm-Gregory"
18790802p.121_p002.txt,188,Ann Gwyn,F'stad,SWANSEA,"boards, &c.",G. Heard,21,7,1879,2,8,1879,False,"21 Ann Gwyn-F'stad-boards, &c.-G. Heard"
18790802p.121_p002.txt,189,Valkyrie,Isle de Coeur,SWANSEA,Hennebont,hewn fir-Cart,28,7,1879,2,8,1879,False,28 Valkyrie-Isle de Coeur-Hennebont-hewn fir-Cart
18790802p.121_p002.txt,193,Emilie & Marie,Pont Aven,PITWOOD,70 t.,Jones,16,7,1879,2,8,1879,False,July 16 Emilie & Marie-Pont Aven-70 t.-Jones
18790802p.121_p002.txt,194,Victoire,Redon,PITWOOD,105 t.,Letricheux,22,7,1879,2,8,1879,False,22 Victoire-Redon-105 t.-Letricheux
18790802p.121_p002.txt,195,L'Aigle,St. Nazaire,PITWOOD,127 t.,Letricheux,24,7,1879,2,8,1879,False,24 L'Aigle-St. Nazaire-127 t.-Letricheux
18790802p.121_p002.txt,197,M. Joseph,St. Nazaire,PITWOOD,106 t.,Letricheux,29,7,1879,2,8,1879,False,29 M. Joseph-St. Nazaire-106 t.-Letricheux
18790802p.121_p002.txt,201,Times,Bordeaux,PITWOOD,296 lds.,Order,21,7,1879,2,8,1879,False,July 21 Times-Bordeaux-296 lds.-Order
18790802p.121_p002.txt,202,Henriette,Hennebont,PITWOOD,100 lds.,Stonehouse,22,7,1879,2,8,1879,False,22 Henriette-Hennebont-100 lds.-Stonehouse
18790802p.121_p002.txt,203,Pere Benjamin,Belon,PITWOOD,112 lds.,Budd & Co.,23,7,1879,2,8,1879,False,23 Pere Benjamin-Belon-112 lds.-Budd & Co.
18790802p.121_p002.txt,204,Osprey,l'Orient,PITWOOD,181 lds.,"Jones, Heard",24,7,1879,2,8,1879,False,"24 Osprey-l'Orient-181 lds.-Jones, Heard"
18790802p.121_p002.txt,207,Le Bon Pere,Port Launay,PITWOOD,120 lds.,Stonehouse,26,7,1879,2,8,1879,False,26 Le Bon Pere-Port Launay-120 lds.-Stonehouse
18790802p.121_p002.txt,208,Aigrette,Hennebont,PITWOOD,170 lds.,Order,28,7,1879,2,8,1879,False,28 Aigrette-Hennebont-170 lds.-Order
18790802p.121_p002.txt,213,Palmen,Sundswall,SOUTHAMPTON,"battens, &c. Allen",,16,7,1879,2,8,1879,False,"July 16 Palmen-Sundswall-battens, &c. Allen"
18790802p.121_p002.txt,214,Adolphine,Skonvik,SOUTHAMPTON,"deals, &c.",Loxton & Son,18,7,1879,2,8,1879,False,"18 Adolphine-Skonvik-deals, &c.-Loxton & Son"
18790802p.121_p002.txt,215,Copenicus,Riga,SOUTHAMPTON,boards & deals,Tagart,19,7,1879,2,8,1879,False,19 Copenicus-Riga-boards & deals-Tagart
18790802p.121_p002.txt,220,Croesus,F'stad,SOUTHAMPTON,"boards, battens, &c.",Norton,21,7,1879,2,8,1879,False,"21 Croesus-F'stad-boards, battens, &c.-Norton"
18790802p.121_p002.txt,221,Alne,Archangel,SOUTHAMPTON,"deals, &c.",Allen & Son,23,7,1879,2,8,1879,False,"23 Alne-Archangel-deals, &c.-Allen & Son"
18790802p.121_p002.txt,222,Carl Felten,G'burg,SOUTHAMPTON,"deals, &c.",J. J. Norton,24,7,1879,2,8,1879,False,"24 Carl Felten-G'burg-deals, &c.-J. J. Norton"
18790802p.121_p002.txt,223,Zeus,Sundswall,SOUTHAMPTON,"timber, &c.",Tagart,25,7,1879,2,8,1879,False,"25 Zeus-Sundswall-timber, &c.-Tagart"
18790802p.121_p002.txt,224,Gloriana Holme  Riga,timber,SOUTHAMPTON,Burt & Co.,,26,7,1879,2,8,1879,True,26 Gloriana Holme  Riga-timber-Burt & Co.
18790802p.121_p002.txt,226,Clio,Bjorneborg,SOUTHAMPTON,"tim., deals",Driver & Co.,28,7,1879,2,8,1879,False,"28 Clio-Bjorneborg-tim., deals-Driver & Co."
18790802p.121_p002.txt,227,Don,Ljusne,SOUTHAMPTON,"deals, &c.",Norton & Kite,29,7,1879,2,8,1879,False,"29 Don-Ljusne-deals, &c.-Norton & Kite"
18790802p.121_p002.txt,244,Ceres,G'burg,GREAT YARMOUTH,"spars, &c.",Palgrave,21,7,1879,2,8,1879,False,"July 21 Ceres-G'burg-spars, &c.-Palgrave"
18790802p.121_p002.txt,245,Hannah,Cronstadt,GREAT YARMOUTH,deals,Order,24,7,1879,2,8,1879,False,24 Hannah-Cronstadt-deals-Order
18790802p.121_p002.txt,246,Nexo,Soderhamn,GREAT YARMOUTH,deals,Jewson,22,7,1879,2,8,1879,False,22 Nexo-Soderhamn-deals-Jewson
18790802p.121_p002.txt,247,Eugenie,Cronstadt,GREAT YARMOUTH,deals,"Palgrave, Brown",27,7,1879,2,8,1879,False,"27 Eugenie-Cronstadt-deals-Palgrave, Brown"
18790802p.121_p002.txt,248,Frederik William,Hernosand,GREAT YARMOUTH,bds.,Order,28,7,1879,2,8,1879,False,28 Frederik William-Hernosand-bds.-Order
18790802p.121_p002.txt,249,Ethel,Frederikstad,GREAT YARMOUTH,staves,Order,29,7,1879,2,8,1879,False,29 Ethel-Frederikstad-staves-Order
18790927p.189_p001.txt,6,Essex,Konigsberg,LONDON,sleepers,Order,11,9,1879,27,9,1879,True,Sept. 11 Essex -Konigsberg-sleepers-Order
18790927p.189_p001.txt,12,Bertha,Nuevitas,LONDON,"mahogany, &c.",Order,12,9,1879,27,9,1879,False,"12 Bertha-Nuevitas-mahogany, &c.-Order"
18790927p.189_p001.txt,17,Consort,Cronstadt,LONDON,lathwood,Reynolds,13,9,1879,27,9,1879,True,13 Consort -Cronstadt-lathwood-Reynolds
18790927p.189_p001.txt,23,Douglas,Holmsund,LONDON,"dls., &c.",Churchill,15,9,1879,27,9,1879,True,"15 Douglas -Holmsund-dls., &c.-Churchill"
18790927p.189_p001.txt,36,Agnes,Soderhamn,LONDON,deals,May & Hassell,16,9,1879,27,9,1879,False,16 Agnes-Soderhamn-deals-May & Hassell
18790927p.189_p001.txt,54,Familien,Porsgrund,LONDON,batteus,Neame & Co.,17,9,1879,27,9,1879,False,17 Familien-Porsgrund-batteus-Neame & Co.
18790927p.189_p001.txt,71,Allegro,Bjorneborg,LONDON,"deals, &c.",Order,18,9,1879,27,9,1879,True,"18 Allegro -Bjorneborg-deals, &c.-Order"
18790927p.189_p001.txt,80,Henry,Archangel,LONDON,deals and ends,Order,19,9,1879,27,9,1879,False,19 Henry-Archangel-deals and ends-Order
18790927p.189_p001.txt,86,Neva,Cronstadt,LONDON,lathwood,Boyce,20,9,1879,27,9,1879,True,20 Neva -Cronstadt-lathwood-Boyce
18790927p.189_p001.txt,99,Atlas,Bolls a Bruk,LONDON,firewood,With & Co.,22,9,1879,27,9,1879,False,22 Atlas-Bolls a Bruk-firewood-With & Co.
18790927p.189_p001.txt,117,Mai,Sund,LONDON,firewood,W. Dance,23,9,1879,27,9,1879,False,23 Mai-Sund-firewood-W. Dance
18790927p.189_p001.txt,130,Grevinde,Swartwik,LONDON,firewood,Dnus & Co.,24,9,1879,27,9,1879,False,24 Grevinde-Swartwik-firewood-Dnus & Co.
18790927p.189_p001.txt,141,Hugin,G'burg,LIVERPOOL,laths,Order,10,9,1879,27,9,1879,True,Sept. 10 Hugin -G'burg-laths-Order
18790927p.189_p001.txt,145,J. Shaw,Riga,LIVERPOOL,"sleepers, lathwood",Order,11,9,1879,27,9,1879,False,"11 J. Shaw-Riga-sleepers, lathwood-Order"
18790927p.189_p001.txt,146,Eskholme,Riga,LIVERPOOL,sleepers,Order,12,9,1879,27,9,1879,True,12 Eskholme -Riga-sleepers-Order
18790927p.189_p001.txt,147,Irwell,Drammen,LIVERPOOL,boards,Coltart & Co.,15,9,1879,27,9,1879,True,15 Irwell -Drammen-boards-Coltart & Co.
18790927p.189_p001.txt,150,Er Brockelmann,Hudikswall,LIVERPOOL,dls.,Rimmer,22,9,1879,27,9,1879,False,22 Er Brockelmann-Hudikswall-dls.-Rimmer
18790927p.189_p001.txt,156,Bertha,Uleaborg,HULL,"deals, &c.",Order,10,9,1879,27,9,1879,False,"Sept. 10 Bertha-Uleaborg-deals, &c.-Order"
18790927p.189_p001.txt,157,Valdemar,Riga,HULL,"deals, &c.",Order,12,9,1879,27,9,1879,True,"12 Valdemar -Riga-deals, &c.-Order"
18790927p.189_p001.txt,158,Astarte,Cronstadt,HULL,lathwood,Order,13,9,1879,27,9,1879,True,13 Astarte -Cronstadt-lathwood-Order
18790927p.189_p001.txt,159,Elizabeth,Riga,HULL,lathwood,Order,15,9,1879,27,9,1879,False,15 Elizabeth-Riga-lathwood-Order
18790927p.189_p001.txt,170,Nero,Riga,HULL,"lathwood, deals",Order,16,9,1879,27,9,1879,True,"16 Nero -Riga-lathwood, deals-Order"
18790927p.189_p001.txt,171,Stockholm,Stockholm,HULL,deals,Order,17,9,1879,27,9,1879,True,17 Stockholm -Stockholm-deals-Order
18790927p.189_p001.txt,172,Emla,G'burg,HULL,props,Order,18,9,1879,27,9,1879,True,18 Emla -G'burg-props-Order
18790927p.189_p001.txt,177,Rathwaite Hall,Kotka,HULL,"deals,",Wade,19,9,1879,27,9,1879,True,"19 Rathwaite Hall -Kotka-deals,-Wade"
18790927p.189_p001.txt,180,Sappho,Riga,HULL,"deals, lathwood",Order,20,9,1879,27,9,1879,True,"20 Sappho -Riga-deals, lathwood-Order"
18790927p.189_p001.txt,189,Hero,Christiania,HULL,boards,Heaven & Co.,22,9,1879,27,9,1879,True,22 Hero -Christiania-boards-Heaven & Co.
18790927p.189_p001.txt,201,Balance,Archangel,HULL,"deals, battens",Order,23,9,1879,27,9,1879,False,"23 Balance-Archangel-deals, battens-Order"
18790927p.189_p001.txt,205,Hithero,Neder Calix,GRIMSBY,battens,Bennetts,10,9,1879,27,9,1879,False,Sept. 10 Hithero-Neder Calix-battens-Bennetts
18790927p.189_p001.txt,207,Hardangen,Riga,GRIMSBY,deals,Order,11,9,1879,27,9,1879,False,11 Hardangen-Riga-deals-Order
18790927p.189_p001.txt,208,Dramanben,Porsgrund,GRIMSBY,"props, &c.",Wells,12,9,1879,27,9,1879,False,"12 Dramanben-Porsgrund-props, &c.-Wells"
18790927p.189_p001.txt,209,Euclid,Riga,GRIMSBY,sleepers,D. Gledden,15,9,1879,27,9,1879,True,15 Euclid -Riga-sleepers-D. Gledden
18790927p.189_p001.txt,210,Coronetta,Archangel,GRIMSBY,deals,Order,16,9,1879,27,9,1879,False,16 Coronetta-Archangel-deals-Order
18790927p.189_p001.txt,211,Dafila,Riga,GRIMSBY,sleepers,Order,17,9,1879,27,9,1879,True,17 Dafila -Riga-sleepers-Order
18790927p.189_p001.txt,213,Apelonia,Kramfors,GRIMSBY,deals,Bennetts,18,9,1879,27,9,1879,False,18 Apelonia-Kramfors-deals-Bennetts
18790927p.189_p001.txt,219,C. v. Doben,Skeppevik,GRIMSBY,"deals, &c",Price,19,9,1879,27,9,1879,False,"19 C. v. Doben-Skeppevik-deals, &c-Price"
18790927p.189_p001.txt,222,Active,Gefle,GRIMSBY,battens and boards,Price,20,9,1879,27,9,1879,False,20 Active-Gefle-battens and boards-Price
18790927p.189_p001.txt,224,M. Hydorn,Neder Calix,GRIMSBY,deals &c.,S. Eilis,22,9,1879,27,9,1879,False,22 M. Hydorn-Neder Calix-deals &c.-S. Eilis
18790927p.189_p001.txt,233,Fray,Soroka,KING'S LYNN,deals & boards,Thompson,10,9,1879,27,9,1879,False,Sept. 10 Fray-Soroka-deals & boards-Thompson
18790927p.189_p001.txt,234,Henriette,Bjorneborg,KING'S LYNN,deals,Thompson,12,9,1879,27,9,1879,False,12 Henriette-Bjorneborg-deals-Thompson
18790927p.189_p001.txt,235,Hugh Bourne,Soderhamn,KING'S LYNN,deals,Thompson,20,9,1879,27,9,1879,False,20 Hugh Bourne-Soderhamn-deals-Thompson
18790927p.189_p001.txt,236,Gylier,Hudikswall,KING'S LYNN,deals,Thompson & Co.,21,9,1879,27,9,1879,False,21 Gylier-Hudikswall-deals-Thompson & Co.
18790927p.189_p001.txt,238,Magenta,Arendal,WEST HARTLEPOOL,min. tim.,Wade,11,9,1879,27,9,1879,False,Sept. 11 Magenta-Arendal-min. tim.-Wade
18790927p.189_p001.txt,243,Hanstad,Arendal,WEST HARTLEPOOL,"min. tim., poles",Wade,12,9,1879,27,9,1879,False,"12 Hanstad-Arendal-min. tim., poles-Wade"
18790927p.189_p001.txt,244,Postulant,Porsgrund,WEST HARTLEPOOL,min. tim,Pyman,13,9,1879,27,9,1879,False,13 Postulant-Porsgrund-min. tim-Pyman
18790927p.189_p001.txt,248,Erling,Nadervalla,WEST HARTLEPOOL,pit props,Nielsen & Co.,15,9,1879,27,9,1879,False,15 Erling-Nadervalla-pit props-Nielsen & Co.
18790927p.189_p001.txt,251,Anna Queen,Gothenburg,WEST HARTLEPOOL,pit props,Ord.,16,9,1879,27,9,1879,True,16 Anna Queen -Gothenburg-pit props-Ord.
18790927p.189_p001.txt,254,Elise,Riga,WEST HARTLEPOOL,deals & ends,"Harrison, Singleton",18,9,1879,27,9,1879,False,"18 Elise-Riga-deals & ends-Harrison, Singleton"
18790927p.189_p001.txt,256,Esaias Folke,Calmar,WEST HARTLEPOOL,pit props,G. Pyman & Co.,19,9,1879,27,9,1879,False,19 Esaias Folke-Calmar-pit props-G. Pyman & Co.
18790927p.189_p001.txt,261,Leven,Elizabeth,WEST HARTLEPOOL,Arendal,props-G. Pearson & Co,20,9,1879,27,9,1879,False,20 Leven-Elizabeth-Arendal-props-G. Pearson & Co
18790927p.189_p001.txt,265,Zodiac,Riga,WEST HARTLEPOOL,deals,"R. Wade, Sons & Co.",22,9,1879,27,9,1879,False,"22 Zodiac-Riga-deals-R. Wade, Sons & Co."
18790927p.189_p002.txt,15,Emilie,G'burg,SUNDERLAND,"props, rails",Calder,11,9,1879,27,9,1879,False,"Sept. 11 Emilie-G'burg-props, rails-Calder"
18790927p.189_p002.txt,16,Vandringmanden,Holmestrand,SUNDERLAND,props,Rayner & Moller,12,9,1879,27,9,1879,False,12 Vandringmanden-Holmestrand-props-Rayner & Moller
18790927p.189_p002.txt,18,Primrose,Monsteras,SUNDERLAND,props,Rayner & Co.,13,9,1879,27,9,1879,False,13 Primrose-Monsteras-props-Rayner & Co.
18790927p.189_p002.txt,20,Domingo,Brevig,SUNDERLAND,"timber, &c.",Thompson,15,9,1879,27,9,1879,False,"15 Domingo-Brevig-timber, &c.-Thompson"
18790927p.189_p002.txt,22,Finn,F'shald,SUNDERLAND,pit props,Rayner & Moller,18,9,1879,27,9,1879,False,18 Finn-F'shald-pit props-Rayner & Moller
18790927p.189_p002.txt,24,Trio,Westerwick,SUNDERLAND,pit props,Rayner & Moller,19,9,1879,27,9,1879,False,19 Trio-Westerwick-pit props-Rayner & Moller
18790927p.189_p002.txt,27,J. Robinson,G'burg,SUNDERLAND,props,Rayner & Co.,20,9,1879,27,9,1879,False,20 J. Robinson-G'burg-props-Rayner & Co.
18790927p.189_p002.txt,31,Rosebud,Danzig,SUNDERLAND,pit props,Order,23,9,1879,27,9,1879,False,23 Rosebud-Danzig-pit props-Order
18790927p.189_p002.txt,32,Trebant,Danzig,SUNDERLAND,"props, &c.",Addison & Co.,24,9,1879,27,9,1879,False,"24 Trebant-Danzig-props, &c.-Addison & Co."
18790927p.189_p002.txt,35,Lucie Mary,Pensacola,NEWCASTLE-ON-TYNE,"tim., &c.",Carr,27,8,1879,27,9,1879,False,"Aug. 27 Lucie Mary-Pensacola-tim., &c.-Carr"
18790927p.189_p002.txt,36,Sapphire,Quebec,NEWCASTLE-ON-TYNE,"oak, hickory, walnut timber","Farley, Clark, & Berkley",30,8,1879,27,9,1879,False,"30 Sapphire-Quebec-oak, hickory, walnut timber-Farley, Clark, & Berkley"
18790927p.189_p002.txt,37,August Blanche,G'burg,NEWCASTLE-ON-TYNE,deals & btns.,P. Osbeck & Co.,1,9,1879,27,9,1879,False,Sept. 1 August Blanche-G'burg-deals & btns.-P. Osbeck & Co.
18790927p.189_p002.txt,38,De Tvende Brodre,Laurvig,NEWCASTLE-ON-TYNE,sleepers,Pyman,4,9,1879,27,9,1879,False,4 De Tvende Brodre-Laurvig-sleepers-Pyman
18790927p.189_p002.txt,42,Llama,Dordt,NEWCASTLE-ON-TYNE,wood hoops,Clephans & Co.,6,9,1879,27,9,1879,False,6 Llama-Dordt-wood hoops-Clephans & Co.
18790927p.189_p002.txt,43,Tvende Familier,Xiansand,NEWCASTLE-ON-TYNE,staves,Pyman,8,9,1879,27,9,1879,False,8 Tvende Familier-Xiansand-staves-Pyman
18790927p.189_p002.txt,47,Concordian,Laurvig,NEWCASTLE-ON-TYNE,pit props,Order,9,9,1879,27,9,1879,False,9 Concordian-Laurvig-pit props-Order
18790927p.189_p002.txt,50,Tobine,Laurvig,NEWCASTLE-ON-TYNE,props and poles,Order,10,9,1879,27,9,1879,False,10 Tobine-Laurvig-props and poles-Order
18790927p.189_p002.txt,59,Anne Margrethe,Laurvig,NEWCASTLE-ON-TYNE,pit props,Order,11,9,1879,27,9,1879,False,11 Anne Margrethe-Laurvig-pit props-Order
18790927p.189_p002.txt,62,Karine,Laurvig,NEWCASTLE-ON-TYNE,sleepers,Wm. Southern,12,9,1879,27,9,1879,False,12 Karine-Laurvig-sleepers-Wm. Southern
18790927p.189_p002.txt,68,Luna,Bjorneborg,NEWCASTLE-ON-TYNE,staves,J. Black & Co.,13,9,1879,27,9,1879,False,13 Luna-Bjorneborg-staves-J. Black & Co.
18790927p.189_p002.txt,69,Eutichius,Laurvig,NEWCASTLE-ON-TYNE,"props, sleepers",H. Hall,15,9,1879,27,9,1879,False,"15 Eutichius-Laurvig-props, sleepers-H. Hall"
18790927p.189_p002.txt,82,Ella,Rotterdam,NEWCASTLE-ON-TYNE,wood hoops,Stevenson,16,9,1879,27,9,1879,False,16 Ella-Rotterdam-wood hoops-Stevenson
18790927p.189_p002.txt,84,Nordstjernen,Langesund,NEWCASTLE-ON-TYNE,poles,Monday,17,9,1879,27,9,1879,False,17 Nordstjernen-Langesund-poles-Monday
18790927p.189_p002.txt,85,Johanne,Nyvik,NEWCASTLE-ON-TYNE,fir staves,Order,18,9,1879,27,9,1879,False,18 Johanne-Nyvik-fir staves-Order
18790927p.189_p002.txt,97,Waveny,Gothenburg,NEWCASTLE-ON-TYNE,pit props,Pyman,19,9,1879,27,9,1879,False,19 Waveny-Gothenburg-pit props-Pyman
18790927p.189_p002.txt,106,Harald Haarfager,Halmstadt,NEWCASTLE-ON-TYNE,props,Osbeck,20,9,1879,27,9,1879,False,20 Harald Haarfager-Halmstadt-props-Osbeck
18790927p.189_p002.txt,109,Mentor,Gefle,NEWCASTLE-ON-TYNE,"deals, boards",Order,22,9,1879,27,9,1879,False,"22 Mentor-Gefle-deals, boards-Order"
18790927p.189_p002.txt,118,Gallina,Philadelphia,NEWCASTLE-ON-TYNE,staves,Lawrence,23,9,1879,27,9,1879,False,23 Gallina-Philadelphia-staves-Lawrence
18790927p.189_p002.txt,121,Mysore,Skutskar,BRISTOL,"deals, &c.",Jones,11,9,1879,27,9,1879,False,"Sept. 11 Mysore-Skutskar-deals, &c.-Jones"
18790927p.189_p002.txt,122,Acme,Quebec,BRISTOL,"deals, &c.",Order,15,9,1879,27,9,1879,False,"15 Acme-Quebec-deals, &c.-Order"
18790927p.189_p002.txt,123,Lorma,Archangel,BRISTOL,"deals, &c.",Jones & Nash,16,9,1879,27,9,1879,False,"16 Lorma-Archangel-deals, &c.-Jones & Nash"
18790927p.189_p002.txt,124,H. Adelstein,"deals, &c.",BRISTOL,Jones & Nash,,18,9,1879,27,9,1879,False,"18 H. Adelstein-deals, &c.-Jones & Nash"
18790927p.189_p002.txt,128,Eslington,Kramfors,BRISTOL,"deals, &c.",Jones,22,9,1879,27,9,1879,True,"22 Eslington -Kramfors-deals, &c.-Jones"
18790927p.189_p002.txt,132,Glarus,Archangel,AT AVONMOUTH DOCKS,"deals, &c.",Jones,15,9,1879,27,9,1879,False,"Sept. 15 Glarus-Archangel-deals, &c.-Jones"
18790927p.189_p002.txt,145,Stadacona,Pensacola,CARDIFF,"dls., &c.",Trayes,10,9,1879,27,9,1879,False,"Sept. 10 Stadacona-Pensacola-dls., &c.-Trayes"
18790927p.189_p002.txt,146,Sylvanus,Drammen,CARDIFF,"boards, &c.",Trayes,23,9,1879,27,9,1879,False,"23 Sylvanus-Drammen-boards, &c.-Trayes"
18790927p.189_p002.txt,149,Vulture,Bordeaux,PITWOOD,500 tons,Jones,10,9,1879,27,9,1879,True,Sept. 10 Vulture -Bordeaux-500 tons-Jones
18790927p.189_p002.txt,161,Douze Apotres,Auray,PITWOOD,96 tons,Lowell,11,9,1879,27,9,1879,False,11 Douze Apotres-Auray-96 tons-Lowell
18790927p.189_p002.txt,168,Hebe,Bordeaux,PITWOOD,100 tons,Order,12,9,1879,27,9,1879,False,12 Hebe-Bordeaux-100 tons-Order
18790927p.189_p002.txt,176,Alexis,Corunna,PITWOOD,180 tons,Manzanos,15,9,1879,27,9,1879,False,15 Alexis-Corunna-180 tons-Manzanos
18790927p.189_p002.txt,179,M. A. Alexandrine,Redon,PITWOOD,124 tons,Order,18,9,1879,27,9,1879,False,18 M. A. Alexandrine-Redon-124 tons-Order
18790927p.189_p002.txt,180,Heros,Bordeaux,PITWOOD,385 tons,"Jones, Heard",19,9,1879,27,9,1879,False,"19 Heros-Bordeaux-385 tons-Jones, Heard"
18790927p.189_p002.txt,181,Petite Eugenie,Redon,PITWOOD,139 tons,Morel Bros.,20,9,1879,27,9,1879,False,20 Petite Eugenie-Redon-139 tons-Morel Bros.
18790927p.189_p002.txt,182,Lincoln,Riisoer,PITWOOD,"props, &c.",Jones Heard,22,9,1879,27,9,1879,False,"22 Lincoln-Riisoer-props, &c.-Jones Heard"
18790927p.189_p002.txt,183,Albion,Cork,PITWOOD,130 tons,Hutchins & Carrel,23,9,1879,27,9,1879,False,23 Albion-Cork-130 tons-Hutchins & Carrel
18790927p.189_p002.txt,187,Jeune Felix,Vannes,SWANSEA,hewn tim.,Carr,15,9,1879,27,9,1879,False,Sept. 15 Jeune Felix-Vannes-hewn tim.-Carr
18790927p.189_p002.txt,188,Scotsman,Sundswall,SWANSEA,"deals, &c.",Gregor,20,9,1879,27,9,1879,False,"20 Scotsman-Sundswall-deals, &c.-Gregor"
18790927p.189_p002.txt,189,Wissing,Drammen,SWANSEA,flooring,Gregor Bros.,22,9,1879,27,9,1879,False,22 Wissing-Drammen-flooring-Gregor Bros.
18790927p.189_p002.txt,192,Levyette,Bordeaux,PITWOOD,116 t.,J. Davies,15,9,1879,27,9,1879,False,Sept. 15 Levyette-Bordeaux-116 t.-J. Davies
18790927p.189_p002.txt,196,W. Harkness,Riga,NEWPORT,sleepers,Burt,11,9,1879,27,9,1879,True,Sept. 11 W. Harkness -Riga-sleepers-Burt
18790927p.189_p002.txt,197,Abbey,Riga,NEWPORT,sleepers,Burt & Co,13,9,1879,27,9,1879,True,13 Abbey -Riga-sleepers-Burt & Co
18790927p.189_p002.txt,200,Bretonne,Redon,PITWOOD,106 loads,Jones & Co.,15,9,1879,27,9,1879,False,Sept. 15 Bretonne-Redon-106 loads-Jones & Co.
18790927p.189_p002.txt,201,Ida,Pitea,PITWOOD,"1,200 t.",Ebbw Vale Co.,20,9,1879,27,9,1879,True,"20 Ida -Pitea-1,200 t.-Ebbw Vale Co."
18790927p.189_p002.txt,202,St. Julien,Bordeaux,PITWOOD,114 loads,Order,22,9,1879,27,9,1879,False,22 St. Julien-Bordeaux-114 loads-Order
18790927p.189_p002.txt,207,Medway,Riga,SOUTHAMPTON,fir timber,Order,10,9,1879,27,9,1879,True,Sept. 10 Medway -Riga-fir timber-Order
18790927p.189_p002.txt,211,Zwee Zuisters,G'burg,WHITBY,dls.,Corner,19,9,1879,27,9,1879,False,Sept. 19 Zwee Zuisters-G'burg-dls.-Corner
18790927p.189_p002.txt,220,Ekernas,Shediac,GREAT YARMOUTH,deals,Colman,12,9,1879,27,9,1879,False,Sept. 12 Ekernas-Shediac-deals-Colman
18790927p.189_p002.txt,222,Erwartung,Memel,GREAT YARMOUTH,deals,Orfeur,14,9,1879,27,9,1879,False,14 Erwartung-Memel-deals-Orfeur
18790927p.189_p002.txt,223,Charity,Memel,GREAT YARMOUTH,deals,Saul & Nash,17,9,1879,27,9,1879,False,17 Charity-Memel-deals-Saul & Nash
18790927p.189_p002.txt,224,Vigilant,Archangel,GREAT YARMOUTH,deals,Jewson,19,9,1879,27,9,1879,False,19 Vigilant-Archangel-deals-Jewson
18790927p.189_p002.txt,225,Betty,Riga,GREAT YARMOUTH,deals,Saul,22,9,1879,27,9,1879,False,22 Betty-Riga-deals-Saul
18800110.txt,7,Bessie Young,Quebec,BEAUMARIS,"527 pcs. oak, elm, and pine, 3,620 deals and boards, 1,200 staves, 8 cords lathwood, 30 spars",Davies and Sons,31,12,1880,10,1,1880,False,"Dec. 31 Bessie Young-Quebec-527 pcs. oak, elm, and pine, 3,620 deals and boards, 1,200 staves, 8 cords lathwood, 30 spars-Davies and Sons"
18800110.txt,10,Francois P.,L'Orient,CARDIFF,74 loads pitwood,Morel Bros.,30,12,1880,10,1,1880,False,Dec. 30 Francois P.-L'Orient-74 loads pitwood-Morel Bros.
18800110.txt,15,A. Bradshaw,New York,EXETER,10 cords firewood,Sandford,5,1,1880,10,1,1880,False,Jan. 5 A. Bradshaw-New York-10 cords firewood-Sandford
18800110.txt,18,Arthur,Charlottetown,FOWEY,350 deals,Hitchins,2,1,1880,10,1,1880,False,Jan. 2 Arthur-Charlottetown-350 deals-Hitchins
18800110.txt,21,Dictator,Baltimore,GLOUCESTER,8 lds. fir tim.,Pridal,2,1,1880,10,1,1880,False,Jan. 2 Dictator-Baltimore-8 lds. fir tim.-Pridal
18800110.txt,25,Andreas Riis,Baltimore,HARTLEPOOL (WEST),5 loads board,Hansen,31,12,1880,10,1,1880,False,Dec. 31 Andreas Riis-Baltimore-5 loads board-Hansen
18800110.txt,28,Sweden,G'burg,HARTLEPOOL (WEST),"20,976 props","3,772 deal, 802 bundles laths-Young",5,12,1880,10,1,1880,False,"5 Sweden-G'burg-20,976 props-3,772 deal, 802 bundles laths-Young"
18800110.txt,31,Hero,Xnia,HULL,"1,873 pkgs. wood pulp",Wilsons,1,1,1880,10,1,1880,True,"Jan. 1 Hero -Xnia-1,873 pkgs. wood pulp-Wilsons"
18800110.txt,32,Bollo,G'burg,HULL,"stds. 12,017 battens","Barkworth & Co. 2,003 props-Order.",5,1,1880,10,1,1880,True,"5 Bollo -G'burg-stds. 12,017 battens-Barkworth & Co. 2,003 props-Order."
18800110.txt,35,Amaranthe,Puerta Cortes,LIVERPOOL,"194 logs mahogany, 104 logs cedar, 103 ends, 171 pcs. fustic",C. W. Dieseldorff,1,1,1880,10,1,1880,False,"Jan. 1 Amaranthe-Puerta Cortes-194 logs mahogany, 104 logs cedar, 103 ends, 171 pcs. fustic-C. W. Dieseldorff"
18800110.txt,40,Gallia,New York,LIVERPOOL,"19 logs maple, 9 logs walnut",Order,2,1,1880,10,1,1880,True,"2 Gallia -New York-19 logs maple, 9 logs walnut-Order"
18800110.txt,44,Trentham Hall,Baltimore,LIVERPOOL,"31 logs walnut, 3,610 staves",Order,3,1,1880,10,1,1880,True,"3 Trentham Hall -Baltimore-31 logs walnut, 3,610 staves-Order"
18800110.txt,49,Alfarin,Belize,LIVERPOOL,"196 1/2 t. logwood, 322 logs, 50 fantails mahogany, 3 logs cedar",Order,5,1,1880,10,1,1880,False,"5 Alfarin-Belize-196 1/2 t. logwood, 322 logs, 50 fantails mahogany, 3 logs cedar-Order"
18800110.txt,52,Hero,Pensacola,LIVERPOOL,"1,039 pcs. timber, 400 deals",Crow & Co.,6,1,1880,10,1,1880,False,"6 Hero-Pensacola-1,039 pcs. timber, 400 deals-Crow & Co."
18800110.txt,55,Dunbritton,New York,LONDON,628 doors,"Jenkins-1,800 staves-Simson & Mason",1,1,1880,10,1,1880,False,"January 1 Dunbritton-New York-628 doors-Jenkins-1,800 staves-Simson & Mason"
18800110.txt,56,Falcon,Antwerp,LONDON,46 lgs. rosewood.,A. Holland,2,1,1880,10,1,1880,True,2 Falcon -Antwerp-46 lgs. rosewood.-A. Holland
18800110.txt,66,E. W. Stetson,New York,LONDON,"350 handspikes, 699 bdls. mldgs. 1,696 doors",Bradley & Currie,3,1,1880,10,1,1880,False,"3 E. W. Stetson-New York-350 handspikes, 699 bdls. mldgs. 1,696 doors-Bradley & Currie"
18800110.txt,75,Albert Ed.,G'burg,LONDON,120 bundles wood pulp,L. Tide,5,1,1880,10,1,1880,True,5 Albert Ed. -G'burg-120 bundles wood pulp-L. Tide
18800110.txt,79,Arcadia,Jamaica,LONDON,"530 spars, 13 t lgwd.",Order,6,1,1880,10,1,1880,False,"6 Arcadia-Jamaica-530 spars, 13 t lgwd.-Order"
18800110.txt,83,Constance,Pensacola,LYNN,"157 pcs. hewn p. pine, 897 pcs. sawn p. pine, 625 deals p. pine",English Bros.,31,12,1880,10,1,1880,False,"Dec. 31 Constance-Pensacola-157 pcs. hewn p. pine, 897 pcs. sawn p. pine, 625 deals p. pine-English Bros."
18800110.txt,86,Nonpariel,Boston,MARYPORT,30 loads bds.,Captain,30,12,1880,10,1,1880,False,Dec. 30 Nonpariel-Boston-30 loads bds.-Captain
18800110.txt,89,Paris,Dieppe,NEWHAVEN,20 cwts. veneers,Hervey,1,1,1880,10,1,1880,False,Jan. 1 Paris-Dieppe-20 cwts. veneers-Hervey
18800110.txt,92,Esk Holme,Riga,NEWHAVEN,8 fms. lathwood,Jones & Co.,31,12,1880,10,1,1880,False,Dec. 31 Esk Holme-Riga-8 fms. lathwood-Jones & Co.
18800110.txt,96,F. Lente,Quebec,PLYMOUTH,436 pairs oars,Captain.,30,12,1880,10,1,1880,False,Dec. 30 F. Lente-Quebec-436 pairs oars-Captain.
18800110.txt,97,Berkeley C.,Pensacola,PLYMOUTH,442 pcs. hewn fir timber,722 pcs. sawn fir timber-879 pcs. sawn firwood-R. & R. Bayley,3,1,1880,10,1,1880,False,Jan. 3 Berkeley C.-Pensacola-442 pcs. hewn fir timber-722 pcs. sawn fir timber-879 pcs. sawn firwood-R. & R. Bayley
18800110.txt,100,Comete,Bordeaux,SWANSEA,172 loads fir timber,Thomas & Carr,30,12,1880,10,1,1880,False,Dec. 30 Comete-Bordeaux-172 loads fir timber-Thomas & Carr
18800110.txt,102,Kate,Summerside,SWANSEA,242 pcs. sawn fir,Marcus & Co.,2,1,1880,10,1,1880,False,Jan. 2 Kate-Summerside-242 pcs. sawn fir-Marcus & Co.
18800110.txt,107,Frithiof,Gothenburg,GRANTON,"2,269 sleepers",720 battens-Salvesen and Co.,30,12,1880,10,1,1880,False,"Dec. 30 Frithiof-Gothenburg-2,269 sleepers-720 battens-Salvesen and Co."
18800110.txt,110,Ellida,Holmstrand,LEITH,3 1/2 fms. firewood,Mitchell Somerville,2,1,1880,10,1,1880,False,Jan. 2 Ellida-Holmstrand-3 1/2 fms. firewood-Mitchell Somerville
18800110.txt,113,J. Lefurgey,"Summerside P. E. I. 1,333 deals",DUBLIN,Order,,5,1,1880,10,1,1880,False,"Jan. 5 J. Lefurgey-Summerside P. E. I. 1,333 deals-Order"
18810108p.21_p001.txt,44,Phœnix,Gefle,BRIDGWATER,"14,303 dls and bttns.",Small,3,1,1881,8,1,1881,False,"Jan. 3 Phœnix-Gefle-14,303 dls and bttns.-Small"
18810108p.21_p001.txt,46,Mary Ann,Cardiff,BRISTOL,80 lds deals,Barnes,30,12,1881,8,1,1881,False,Dec. 30 Mary Ann-Cardiff-80 lds deals-Barnes
18810108p.21_p001.txt,48,Rival,Grimstadt,CARDIFF,"3,155 pcs. mining timber, 928 pit",props-Schroeter & Co.,28,12,1881,8,1,1881,False,"Dec. 28 Rival-Grimstadt-3,155 pcs. mining timber, 928 pit-props-Schroeter & Co."
18810108p.21_p001.txt,49,Freden,Bordeaux,CARDIFF,450 lds. pit,props-Jessen,29,12,1881,8,1,1881,False,29 Freden-Bordeaux-450 lds. pit-props-Jessen
18810108p.21_p001.txt,51,Marie,Bre,CARDIFF,t,62 lds fir hewn-Morel Bros. & Co.,30,12,1881,8,1,1881,False,30 Marie-Bre-t-62 lds fir hewn-Morel Bros. & Co.
18810108p.21_p001.txt,55,Fredericia,Bordeaux,CARDIFF,650 lds. fir hewn,"Jones, Heard, & Ingram",1,1,1881,8,1,1881,False,"Jan. 1 Fredericia-Bordeaux-650 lds. fir hewn-Jones, Heard, & Ingram"
18810108p.21_p001.txt,58,Da Capo,Fredrikstadt,EXETER,"21,977 boards fir planed, 12,864 slate laths",Gabriel & Sons,3,1,1881,8,1,1881,False,"Jan. 3 Da Capo-Fredrikstadt-21,977 boards fir planed, 12,864 slate laths-Gabriel & Sons"
18810108p.21_p001.txt,60,Anna,Soderhamn,GRIMSBY,"30,044 bds",Bennetts,30,12,1881,8,1,1881,False,"Dec. 30 Anna-Soderhamn-30,044 bds-Bennetts"
18810108p.21_p001.txt,61,& 4 Isabella Walker,Pillau,GRIMSBY,"32,667 staves",Marshall & Atkinson,3,1,1881,8,1,1881,False,"Jan. 3 & 4 Isabella Walker-Pillau-32,667 staves-Marshall & Atkinson"
18810108p.21_p001.txt,63,Emma,Philadelphia,HARWICH,12 lds. fir sawn,O. J. Williams,28,12,1881,8,1,1881,False,Dec. 28 Emma-Philadelphia-12 lds. fir sawn-O. J. Williams
18810108p.21_p001.txt,65,Stanley,Vefsen,HULL,515,"0-0 deals, battens, and boards-Order",29,12,1881,8,1,1881,True,"Dec. 29 Stanley -Vefsen-515-0-0 deals, battens, and boards-Order"
18810108p.21_p001.txt,66,Apollo,Odessa,HULL,8 logs timber,Dalton & Co.,30,12,1881,8,1,1881,True,30 Apollo -Odessa-8 logs timber-Dalton & Co.
18810108p.21_p001.txt,67,Rialto,New York,HULL,39 pkgs. woodenware,G. Lawson & Co.,31,12,1881,8,1,1881,True,31 Rialto -New York-39 pkgs. woodenware-G. Lawson & Co.
18810108p.21_p001.txt,69,Rinaldo,Trieste,HULL,20 oak planks,Order,3,1,1881,8,1,1881,False,Jan. 3 Rinaldo-Trieste-20 oak planks-Order
18810108p.21_p001.txt,74,Upperud,Stromstad,IPSWICH,138 lds. sawn firwood,Hewitt & Co.,3,1,1881,8,1,1881,False,Jan. 3 Upperud-Stromstad-138 lds. sawn firwood-Hewitt & Co.
18810108p.21_p001.txt,76,Mersey,Quebec,LANCASTER,"6 logs hewn oak, 12 logs hewn ash, 220 logs hewn fir, 8,452 deals",C. Blades,31,12,1881,8,1,1881,False,"Dec. 31 Mersey-Quebec-6 logs hewn oak, 12 logs hewn ash, 220 logs hewn fir, 8,452 deals-C. Blades"
18810108p.21_p001.txt,77,Gratia,Sundswall,LANCASTER,"801 logs hewn fir, 3,194 deals",C. Blades,1,1,1881,8,1,1881,False,"Jan. 1 Gratia-Sundswall-801 logs hewn fir, 3,194 deals-C. Blades"
18810108p.21_p001.txt,79,Lualaba,W. C. Africa,LIVERPOOL,808 billets camwood,Order,29,12,1881,8,1,1881,False,Dec. 29 Lualaba-W. C. Africa-808 billets camwood-Order
18810108p.21_p001.txt,81,Eurydice,Musquash,LIVERPOOL,"1,265 pcs. scantling, 31,542 deals, 3,741 ends, 7,347 boards",Order,30,12,1881,8,1,1881,False,"30 Eurydice-Musquash-1,265 pcs. scantling, 31,542 deals, 3,741 ends, 7,347 boards-Order"
18810108p.21_p001.txt,82,Roquelle,W.C.Africa,LIVERPOOL,400 t. brwd.,Order,1,1,1881,8,1,1881,True,Jan. 1 Roquelle -W.C.Africa-400 t. brwd.-Order
18810108p.21_p001.txt,85,Celtic,New York,LIVERPOOL,"1,051 pcs. lignum","vitæ, 83 crotches mahogany, 700 oars, 9 logs wood, 1,800 staves-Order",3,1,1881,8,1,1881,True,"3 Celtic -New York-1,051 pcs. lignum-vitæ, 83 crotches mahogany, 700 oars, 9 logs wood, 1,800 staves-Order"
18810108p.21_p001.txt,95,Sepia,Brisbane,LONDON,648 logs myallwood,Order,30,12,1881,8,1,1881,False,Dec. 30 Sepia-Brisbane-648 logs myallwood-Order
18810108p.21_p001.txt,99,Patriot,Riga,LONDON,"3,161 deals, 222 deal ends",Order,31,12,1881,8,1,1881,False,"31 Patriot-Riga-3,161 deals, 222 deal ends-Order"
18810108p.21_p001.txt,103,Ne Plus Ultra,New York,LONDON,20 logs white,"wood, 25 billets wainscot-Churchill & Sim; 987 bls. headings, 3,833 bls. staves-H. Tate & Sons; 4,305 doors-Bradley & Currier",1,1,1881,8,1,1881,False,"Jan. 1 Ne Plus Ultra-New York-20 logs white-wood, 25 billets wainscot-Churchill & Sim; 987 bls. headings, 3,833 bls. staves-H. Tate & Sons; 4,305 doors-Bradley & Currier"
18810108p.21_p001.txt,105,Zephyr,Dantzig,LONDON,"33,810 staves",Order,3,1,1881,8,1,1881,False,"3 Zephyr-Dantzig-33,810 staves-Order"
18810108p.21_p001.txt,111,Albert Edward,Gothenburc,LONDON,"1,500 doors","O. Eklund & Co.; 210 bls. laths-F. Wotton, & Co.; 1,935 collies [?] doors-Lawson & Co., 100 prs. oars, 12 doz. oars, 2,500 bls. laths-Order",4,1,1881,8,1,1881,True,"4 Albert Edward -Gothenburc-1,500 doors-O. Eklund & Co.; 210 bls. laths-F. Wotton, & Co.; 1,935 collies [?] doors-Lawson & Co., 100 prs. oars, 12 doz. oars, 2,500 bls. laths-Order"
18810108p.21_p001.txt,114,Mary Jane,Memel,LOWESTOFT,805 pcs. oak deals,Great Eastern Railway Co.,29,12,1881,8,1,1881,False,Dec. 29 Mary Jane-Memel-805 pcs. oak deals-Great Eastern Railway Co.
18810108p.21_p001.txt,117,George Bartram,Gefle,LYNN,"1,050 dls. & battens",Thompson & Co.,28,12,1881,8,1,1881,False,"Dec. 28 George Bartram-Gefle-1,050 dls. & battens-Thompson & Co."
18810108p.21_p001.txt,119,Avance,Kragero,MIDDLESBROUGH,"1,490 pcs. square timber, 1,097 pit",props-J. P. Hornung & Son,28,12,1881,8,1,1881,False,"Dec. 28 Avance-Kragero-1,490 pcs. square timber, 1,097 pit-props-J. P. Hornung & Son"
18810108p.21_p001.txt,120,Picciola,Uddevalla,MIDDLESBROUGH,"1,050 pcs. square timber",J. P. Hornung & Son,31,12,1881,8,1,1881,False,"31 Picciola-Uddevalla-1,050 pcs. square timber-J. P. Hornung & Son"
18810108p.21_p001.txt,122,Sussex,Dieppe,NEWHAVEN,3 tons veneers,Harvey,27,12,1881,8,1,1881,False,Dec. 27 Sussex-Dieppe-3 tons veneers-Harvey
18810108p.21_p001.txt,125,Sussex,Dieppe,NEWHAVEN,"70 cwts. furniture hardwood, 31 Bordeaux","Dieppe-2 tons furniture hardwood, 20 cwts. veneers-W. W. Harvey",30,12,1881,8,1,1881,False,"30 Sussex-Dieppe-70 cwts. furniture hardwood, 31 Bordeaux-Dieppe-2 tons furniture hardwood, 20 cwts. veneers-W. W. Harvey"
18810108p.21_p001.txt,127,Charlotte Dunbar,Morlaix,NEWPORT (MON.),95 lds. pit,props-Stonehouse & Co.,28,12,1881,8,1,1881,False,Dec. 28 Charlotte Dunbar-Morlaix-95 lds. pit-props-Stonehouse & Co.
18810108p.21_p001.txt,129,Felix Anna,Bayonne,NEWPORT (MON.),140 lds. pit,props-Stonehouse & Co.,29,12,1881,8,1,1881,False,29 Felix Anna-Bayonne-140 lds. pit-props-Stonehouse & Co.
18810108p.21_p001.txt,135,St. Anne,Hennebont,NEWPORT (MON.),118 lds. pit,props-Beynon,30,12,1881,8,1,1881,False,30 St. Anne-Hennebont-118 lds. pit-props-Beynon
18810108p.21_p001.txt,137,Anna M.,Bordeaux,NEWPORT (MON.),200 lds. pit,props-E. Dunn,31,12,1881,8,1,1881,False,31 Anna M.-Bordeaux-200 lds. pit-props-E. Dunn
18810108p.21_p001.txt,138,Nelly Schneider,Bordeaux,NEWPORT (MON.),"1,798 sleepers",Peacock Bros.,1,1,1881,8,1,1881,False,"Jan. 1 Nelly Schneider-Bordeaux-1,798 sleepers-Peacock Bros."
18810108p.21_p001.txt,139,Sadie,Stettin,NEWPORT (MON.),12 lds. firewood,E. Dunn,3,1,1881,8,1,1881,False,3 Sadie-Stettin-12 lds. firewood-E. Dunn
18810108p.21_p001.txt,142,Constance,Rotterdam,PLYMOUTH,600 bdls. hoops,Thos. Nicholson,28,12,1881,8,1,1881,False,Dec. 28 Constance-Rotterdam-600 bdls. hoops-Thos. Nicholson
18810108p.21_p001.txt,143,Annie,P. E. Island,PLYMOUTH,350 deals,Davies,1,1,1881,8,1,1881,False,Jan. 1 Annie-P. E. Island-350 deals-Davies
18810108p.21_p001.txt,144,Jure,Gothenburg,PLYMOUTH,"31,170 flooring boards, 3,281 pcs. sawn firwood","Fox, Elliott, & Co.",3,1,1881,8,1,1881,False,"3 Jure-Gothenburg-31,170 flooring boards, 3,281 pcs. sawn firwood-Fox, Elliott, & Co."
18810108p.21_p001.txt,146,Tore,Arno (Hudikswall),SOUTHAMPTON,"9,433 pcs. sawn fir","Driver, Jennings, & Capper",29,12,1881,8,1,1881,False,"Dec. 29 Tore-Arno (Hudikswall)-9,433 pcs. sawn fir-Driver, Jennings, & Capper"
18810108p.21_p001.txt,147,Hoopoe,Rotterdam,SOUTHAMPTON,400 bdls. wood sawn,Dawson Bros.,3,1,1881,8,1,1881,False,Jan. 3 Hoopoe-Rotterdam-400 bdls. wood sawn-Dawson Bros.
18810108p.21_p001.txt,149,Gwalior,Soderhamn,STOCKTON,"16,521 deals, battens, and boards",Joshua Byers & Son,29,12,1881,8,1,1881,False,"Dec. 29 Gwalior-Soderhamn-16,521 deals, battens, and boards-Joshua Byers & Son"
18810108p.21_p001.txt,151,Karen,Halmstad,SUNDERLAND,"5,227 pit",props-Moller,29,12,1881,8,1,1881,False,"Dec. 29 Karen-Halmstad-5,227 pit-props-Moller"
18810108p.21_p001.txt,154,Carl Oscar,Gothenburg,SUNDERLAND,"6,040 deals and battens",John Thompson & Co.,30,12,1881,8,1,1881,False,"30 Carl Oscar-Gothenburg-6,040 deals and battens-John Thompson & Co."
18810108p.21_p001.txt,156,Ungdums Ven,Stettin,SUNDERLAND,630 pcs. hewn oak,"Taylor, Potts, & Co.",31,12,1881,8,1,1881,False,"31 Ungdums Ven-Stettin-630 pcs. hewn oak-Taylor, Potts, & Co."
18810108p.21_p001.txt,161,Orion,Halmstad,SUNDERLAND,"6,573 pit",props-Moller,1,1,1881,8,1,1881,False,"Jan. 1 Orion-Halmstad-6,573 pit-props-Moller"
18810108p.21_p001.txt,164,Elinor,Arendal,SWANSEA,"2,008 pcs. fir hewn",Wm. Thomas,28,12,1881,8,1,1881,False,"Dec. 28 Elinor-Arendal-2,008 pcs. fir hewn-Wm. Thomas"
18810129p.74.txt,97,"Tjalfe—Laurvig—8,009 pit","props, 9,086 crown",TYNE,trees—Order,,14,1,1881,29,1,1881,False,"14 Tjalfe—Laurvig—8,009 pit-props, 9,086 crown-trees—Order"
18810514p.306_p002.txt,3,Auguste Blanche,Gothenburg,SUNDERLAND,"39,517 pit","props, 6,912 sleepers, 983 deals, 621 battens-F. Charleton Huntley",3,5,1881,14,5,1881,False,"May 3 Auguste Blanche-Gothenburg-39,517 pit-props, 6,912 sleepers, 983 deals, 621 battens-F. Charleton Huntley"
18810514p.306_p002.txt,5,Johansen,Christiania,SUNDERLAND,1 ld. firwood,Rayner,4,5,1881,14,5,1881,False,4 Johansen-Christiania-1 ld. firwood-Rayner
18810514p.306_p002.txt,20,St. Thomas,Christiania,SUNDERLAND,"23,830 fir sleepers, 1,122 pit",props-Marquis of Londonderry,6,5,1881,14,5,1881,False,"6 St. Thomas-Christiania-23,830 fir sleepers, 1,122 pit-props-Marquis of Londonderry"
18810514p.306_p002.txt,24,Familien,Christiania,SUNDERLAND,"11,423 fir spars",Robt. Thorman,9,5,1881,14,5,1881,False,"9 Familien-Christiania-11,423 fir spars-Robt. Thorman"
18810514p.306_p002.txt,40,Dolphin Desire,Port Launay,SWANSEA,timber split,Jeffrey,2,5,1881,14,5,1881,False,May 2 Dolphin Desire-Port Launay-timber split-Jeffrey
18810514p.306_p002.txt,43,Henrich Robertus,Darien,SWANSEA,815 logs sawn pitch pine,"Thompson, at Ptrick, & Woodwark",3,5,1881,14,5,1881,False,"May 3 Henrich Robertus-Darien-815 logs sawn pitch pine-Thompson, at Ptrick, & Woodwark"
18810514p.306_p002.txt,46,Gemma,Xiania,SWANSEA,"3,259 spars and battens","Thompson, Pattrick, & Co.",9,5,1881,14,5,1881,False,"9 Gemma-Xiania-3,259 spars and battens-Thompson, Pattrick, & Co."
18810514p.306_p002.txt,49,Point du Jour,Bayonne,NEWPORT,105 lds pit,props-R. W. Stonehouse & Co.,3,5,1881,14,5,1881,False,May 3 Point du Jour-Bayonne-105 lds pit-props-R. W. Stonehouse & Co.
18810514p.306_p002.txt,55,Star of England,"St. John, N.B.",NEWPORT,"2,070 lds. deals",Alexanders & Co.,4,5,1881,14,5,1881,False,"4 Star of England-St. John, N.B.-2,070 lds. deals-Alexanders & Co."
18810514p.306_p002.txt,58,Marie Madeleine,Donelan,NEWPORT,114 lds. pit,props-Pennington & Co.,5,5,1881,14,5,1881,False,5 Marie Madeleine-Donelan-114 lds. pit-props-Pennington & Co.
18810514p.306_p002.txt,60,Lucie Marie,l'Orient,NEWPORT,180 lds. pit,props-R. W. Stonehouse & Co.,6,5,1881,14,5,1881,False,6 Lucie Marie-l'Orient-180 lds. pit-props-R. W. Stonehouse & Co.
18810514p.306_p002.txt,63,St. Marie,l'Orient,NEWPORT,172 lds. pit,props-R. W. Stonehouse & Co.,9,5,1881,14,5,1881,False,9 St. Marie-l'Orient-172 lds. pit-props-R. W. Stonehouse & Co.
18810514p.306_p002.txt,66,Ida,Frederikstadt,PENZANCE,"119,375 staves, 866 pcs. firwood hewn",Coulson & Co.,4,5,1881,14,5,1881,False,"May 4 Ida-Frederikstadt-119,375 staves, 866 pcs. firwood hewn-Coulson & Co."
18810514p.306_p002.txt,68,Henry,Pensacola,PORTSMOUTH,"319 lds. fir hewn, 288 lds. fir sawn",H. T. & J. Dashwood,9,5,1881,14,5,1881,False,"May 9 Henry-Pensacola-319 lds. fir hewn, 288 lds. fir sawn-H. T. & J. Dashwood"
18810514p.306_p002.txt,70,Transit,Arendal,SCARBOROUGH,"26 lds. firwood sawn, 180 lds. firewood",Thos. Wilkinson,4,5,1881,14,5,1881,False,"May 4 Transit-Arendal-26 lds. firwood sawn, 180 lds. firewood-Thos. Wilkinson"
18810514p.306_p002.txt,72,Jadar,Bindalen,SHOREHAM,13 308 pcs. firwood sawn,Holloway & Fielders,4,5,1881,14,5,1881,False,May 4 Jadar-Bindalen-13 308 pcs. firwood sawn-Holloway & Fielders
18810514p.306_p002.txt,74,Josefina,Halmstad,STOCKTON,"7,788 battens",Foster,9,5,1881,14,5,1881,False,"May 9 Josefina-Halmstad-7,788 battens-Foster"
18810514p.306_p002.txt,96,Haabet,Fredrikshald,STOCKTON,134 fms. firewood,Neck,10,5,1881,14,5,1881,False,10 Haabet-Fredrikshald-134 fms. firewood-Neck
18810514p.306_p002.txt,106,Orion,Fredrikstadt,STOCKTON,"554,575 staves",Douglas,11,5,1881,14,5,1881,False,"11 Orion-Fredrikstadt-554,575 staves-Douglas"
18810514p.306_p002.txt,108,Lothair,Darien,LYNN,"408 pcs. firwood sawn, 276 deals","Oliver Enery-St. John-19,652 deals-H. Hatton",3,5,1881,14,5,1881,False,"May 3 Lothair-Darien-408 pcs. firwood sawn, 276 deals-Oliver Enery-St. John-19,652 deals-H. Hatton"
18810514p.306_p002.txt,109,Florence L.,Norfolk,LYNN,5 lds. firewood,Lowther & Co.,5,5,1881,14,5,1881,False,5 Florence L.-Norfolk-5 lds. firewood-Lowther & Co.
18810514p.306_p002.txt,110,Melbourne,St. John,LYNN,"21,482 deals and deal ends",T. Dixon & Sons,6,5,1881,14,5,1881,False,"6 Melbourne-St. John-21,482 deals and deal ends-T. Dixon & Sons"
18810514p.306_p002.txt,111,Louise,Pensacola,LYNN,"436 pcs. pitch pine hewn, 290 pcs. pitch pine sawn, 290 pcs. deals",Corry & Co.,9,5,1881,14,5,1881,False,"9 Louise-Pensacola-436 pcs. pitch pine hewn, 290 pcs. pitch pine sawn, 290 pcs. deals-Corry & Co."
18810514p.306_p002.txt,114,Roskva,Fredrikstadt,COLERAINE,"20,733 pcs. fir sawn and planed",H. & T. Bellas,2,5,1881,14,5,1881,False,"May 2 Roskva-Fredrikstadt-20,733 pcs. fir sawn and planed-H. & T. Bellas"
18810514p.306_p002.txt,116,Esperance,Lyngoer,CORK,"30 spars, 1 1/2 lds. battens",Captain Christopherson,3,5,1881,14,5,1881,False,"May 3 Esperance-Lyngoer-30 spars, 1 1/2 lds. battens-Captain Christopherson"
18810514p.306_p002.txt,117,Guldregor,Philadelphia,CORK,400 dunnage boards,Captain Jorgensen,5,5,1881,14,5,1881,False,5 Guldregor-Philadelphia-400 dunnage boards-Captain Jorgensen
18810514p.306_p002.txt,119,Agathe,Darien,DUBLIN,"1,151 pcs. timber, 365 deals",J. R. Martin & Co.,5,5,1881,14,5,1881,False,"May 5 Agathe-Darien-1,151 pcs. timber, 365 deals-J. R. Martin & Co."
18810514p.306_p002.txt,121,War King,Baltimore,LONDON,30 lds. dunnage boards,Capt. Gould,3,5,1881,14,5,1881,False,May 3 War King-Baltimore-30 lds. dunnage boards-Capt. Gould
18810514p.306_p002.txt,123,Arklow,"St. John, N.B.",NEWRY,4 fir spars,Hunter,2,5,1881,14,5,1881,False,"May 2 Arklow-St. John, N.B.-4 fir spars-Hunter"
18810514p.306_p002.txt,125,Orient,Pensacola,WATERFORD,"192 pcs. fir hewn, 869 deals",Cox Bros.,4,5,1881,14,5,1881,False,"May 4 Orient-Pensacola-192 pcs. fir hewn, 869 deals-Cox Bros."
18810514p.306_p002.txt,128,Urania,Namsos,ABERDEEN,"7,862 battens",J. Fleming,4,5,1881,14,5,1881,False,"May 4 Urania-Namsos-7,862 battens-J. Fleming"
18810514p.306_p002.txt,130,Erato,New York,ABERDEEN,"8 lds. dunnage boards, 4 lds. firewood",J. Sundbye,7,5,1881,14,5,1881,False,"7 Erato-New York-8 lds. dunnage boards, 4 lds. firewood-J. Sundbye"
18810514p.306_p002.txt,131,Emil,Baltimore,ABERDEEN,12 lds. dunnage boards,J. Holmstrom,9,5,1881,14,5,1881,False,9 Emil-Baltimore-12 lds. dunnage boards-J. Holmstrom
18810514p.306_p002.txt,139,Grenadille,Pont l'Abbé,ABERDEEN,110 lds. pitwood,Llynvi & Tondu Co.,3,5,1881,14,5,1881,False,3 Grenadille-Pont l'Abbé-110 lds. pitwood-Llynvi & Tondu Co.
18810514p.306_p002.txt,142,Alphonson Marie,Port Launay,ABERDEEN,120 lds. pit,props-Wm. Jeffrey,4,5,1881,14,5,1881,False,4 Alphonson Marie-Port Launay-120 lds. pit-props-Wm. Jeffrey
18810514p.306_p002.txt,144,Valentine,Pont l'Abbé,ABERDEEN,125 lds. pit,props-Llynvi & Tondu Co.,5,5,1881,14,5,1881,False,5 Valentine-Pont l'Abbé-125 lds. pit-props-Llynvi & Tondu Co.
18810514p.306_p002.txt,146,Eugenie,Redon,ABERDEEN,160 lds. pitwood,Governor & Co.'s Successors,6,5,1881,14,5,1881,False,6 Eugenie-Redon-160 lds. pitwood-Governor & Co.'s Successors
18810514p.306_p002.txt,147,Bernadotte,Bordeaux,ABERDEEN,107 lds. pitwood,Vivian,7,5,1881,14,5,1881,False,7 Bernadotte-Bordeaux-107 lds. pitwood-Vivian
18810514p.306_p002.txt,149,Vrd,Fredrikshald,TYNE,"1,104 spars","J. P. Wardle ; 2,800 pit-props-Palmer, Hall, & Co.",4,5,1881,14,5,1881,False,"May 4 Vrd-Fredrikshald-1,104 spars-J. P. Wardle ; 2,800 pit-props-Palmer, Hall, & Co."
18810514p.306_p002.txt,153,Thomas,Halmstad,TYNE,"5,978 pit",props-Order,5,5,1881,14,5,1881,False,"5 Thomas-Halmstad-5,978 pit-props-Order"
18810514p.306_p002.txt,157,Amor,Slite,TYNE,"176,000 fir staves",J. Black & Co.,6,5,1881,14,5,1881,False,"6 Amor-Slite-176,000 fir staves-J. Black & Co."
18810514p.306_p003.txt,4,Nordstjernen,Danzig,DUNDEE,"860 pcs. sawn red fir, 350 pcs. sawn pine, 134 pitch pine deals","Calder, Dixon, & Co.",5,5,1881,14,5,1881,False,"May 5 Nordstjernen-Danzig-860 pcs. sawn red fir, 350 pcs. sawn pine, 134 pitch pine deals-Calder, Dixon, & Co."
18810514p.306_p003.txt,5,Oberburgermeister Winter,Darien,DUNDEE,"230 pcs. hewn pitch pine, 268 sawn pitch pine deals",John Fleming,6,5,1881,14,5,1881,False,"6 Oberburgermeister Winter-Darien-230 pcs. hewn pitch pine, 268 sawn pitch pine deals-John Fleming"
18810514p.306_p003.txt,6,August,Danzig,DUNDEE,"860 pcs. hewn pitch pine, 40 pcs. hewn oak",J. Fleming,9,5,1881,14,5,1881,False,"9 August-Danzig-860 pcs. hewn pitch pine, 40 pcs. hewn oak-J. Fleming"
18810514p.306_p003.txt,8,Ingeborg Anna,Porsgrund,FRASERBURGH,"100,000 staves",W. Macconnachie & Co.,4,5,1881,14,5,1881,False,"May 4 Ingeborg Anna-Porsgrund-100,000 staves-W. Macconnachie & Co."
18810514p.306_p003.txt,12,Governor,Prince Edward's Island,GLASGOW,"13,911 deals, 975 deal ends","Allison, Cousland & Co.",26,4,1881,14,5,1881,False,"April 26 Governor-Prince Edward's Island-13,911 deals, 975 deal ends-Allison, Cousland & Co."
18810514p.306_p003.txt,13,Deak,Fiume,GLASGOW,300 oak planks,Morris & Co.,27,4,1881,14,5,1881,True,27 Deak -Fiume-300 oak planks-Morris & Co.
18810514p.306_p003.txt,15,Medelpad,Miramichi,GLASGOW,370 stds. deals,Edmiston & Mitchells; 8 stds. deals-Master,28,4,1881,14,5,1881,False,28 Medelpad-Miramichi-370 stds. deals-Edmiston & Mitchells; 8 stds. deals-Master
18810514p.306_p003.txt,16,Sabino,Mobile,GLASGOW,"710 pcs. pitch pine deals, 1,235 deals",Order,1,5,1881,14,5,1881,False,"May 1 Sabino-Mobile-710 pcs. pitch pine deals, 1,235 deals-Order"
18810514p.306_p003.txt,18,Vigo,Christiania,GLASGOW,"781 spars, 1,261 fms. firewood, 1,310 pit",props-Order,5,5,1881,14,5,1881,False,"5 Vigo-Christiania-781 spars, 1,261 fms. firewood, 1,310 pit-props-Order"
18810514p.306_p003.txt,20,Virginia,Pensacola,GLASGOW,"1,658 pcs. pitch pine deals, 666 pitch pine planks","Brock, Allison & Co.",6,5,1881,14,5,1881,False,"6 Virginia-Pensacola-1,658 pcs. pitch pine deals, 666 pitch pine planks-Brock, Allison & Co."
18810514p.306_p003.txt,21,Laura,Moss,GLASGOW,"336,820 staves, 2,256 battens, 10 1/2 cubic fms. firewood","Allison, Cousland & Co.",7,5,1881,14,5,1881,False,"7 Laura-Moss-336,820 staves, 2,256 battens, 10 1/2 cubic fms. firewood-Allison, Cousland & Co."
18810514p.306_p003.txt,23,Helene,Holmestrand,LEITH,"2,754 battens, 41 lds. firewood",M. J. Ellingsen,3,5,1881,14,5,1881,False,"May 3 Helene-Holmestrand-2,754 battens, 41 lds. firewood-M. J. Ellingsen"
18810514p.306_p003.txt,27,Cumberland,Stettin,LEITH,40 pcs. hewn oak,Gibson & Co.,4,5,1881,14,5,1881,False,4 Cumberland-Stettin-40 pcs. hewn oak-Gibson & Co.
18810514p.306_p003.txt,28,Indien,Pensacola,LEITH,"154 pcs. hewn fir, 422 pcs. sawn fir, 444 deals","Mitchell, Somerville & Co.",5,5,1881,14,5,1881,False,"5 Indien-Pensacola-154 pcs. hewn fir, 422 pcs. sawn fir, 444 deals-Mitchell, Somerville & Co."
18810514p.306_p003.txt,30,Louise,Porsgrund,LEITH,"7,711 battens",Hutchinson Bros.,6,5,1881,14,5,1881,False,"6 Louise-Porsgrund-7,711 battens-Hutchinson Bros."
18810514p.306_p003.txt,31,Talisman,Rotterdam,LEITH,300 bdls. hoops,G. V. Turnbull & Co.,9,5,1881,14,5,1881,False,9 Talisman-Rotterdam-300 bdls. hoops-G. V. Turnbull & Co.
18810514p.306_p003.txt,33,Sestri,Philadelphia,MONTROSE,15 lds. lining boards,Capt. Svendsen,5,5,1881,14,5,1881,False,May 5 Sestri-Philadelphia-15 lds. lining boards-Capt. Svendsen
18810514p.306_p003.txt,35,Maren,Christianfjord,PETERHEAD,"20,000 birch staves",Leask & Co.,4,5,1881,14,5,1881,False,"May 4 Maren-Christianfjord-20,000 birch staves-Leask & Co."
18810514p.306_p003.txt,39,Frithjof,Mandal,WICK,"48,000 birch staves",D. Sandison,4,5,1881,14,5,1881,False,"May 4 Frithjof-Mandal-48,000 birch staves-D. Sandison"
18810702p.14_p001.txt,8,Nathaniel,Drammen,ABERYSTWITH,"10,892 boards, 803 battens",R. Roberts & Sons,27,6,1881,2,7,1881,False,"June 27 Nathaniel-Drammen-10,892 boards, 803 battens-R. Roberts & Sons"
18810702p.14_p001.txt,11,Heimdahl,Halmstadt,BARROW,"59,695 boards",F. J. Crossfield,25,6,1881,2,7,1881,False,"June 25 Heimdahl-Halmstadt-59,695 boards-F. J. Crossfield"
18810702p.14_p001.txt,14,Lauretta,Mobile,BEAUMARIS,512 sawn pitch pine deals,P. & H. Lewis,24,6,1881,2,7,1881,False,June 24 Lauretta-Mobile-512 sawn pitch pine deals-P. & H. Lewis
18810702p.14_p001.txt,17,Maria Stone,"St. John, N.B.",BRISTOL,"28,824 deals, boards, battens, scantlings, and ends",King Bros.,20,6,1881,2,7,1881,False,"June 20 Maria Stone-St. John, N.B.-28,824 deals, boards, battens, scantlings, and ends-King Bros."
18810702p.14_p001.txt,19,Venus,Attu,BRISTOL,"23,649 battens",Jones & Nash,23,6,1881,2,7,1881,False,"23 Venus-Attu-23,649 battens-Jones & Nash"
18810702p.14_p001.txt,27,Foederis Arca,Corunna,CARDIFF,100 lds. fir hewn,"Jones, Heard & Ingram",21,6,1881,2,7,1881,False,"June 21 Foederis Arca-Corunna-100 lds. fir hewn-Jones, Heard & Ingram"
18810702p.14_p001.txt,38,Secunda Perla,Ferrol,CARDIFF,350 lds. pitwood,"Manzanos, Cristobal, & Co.",23,6,1881,2,7,1881,False,"23 Secunda Perla-Ferrol-350 lds. pitwood-Manzanos, Cristobal, & Co."
18810702p.14_p001.txt,44,Scotia,Gefle,CARDIFF,"29,763 fir deals, 12 lds. firewood",J. Bland & Co.,24,6,1881,2,7,1881,False,"24 Scotia-Gefle-29,763 fir deals, 12 lds. firewood-J. Bland & Co."
18810702p.14_p001.txt,47,Stada Cona,Pensacola,CARDIFF,"2,064 pcs. fir, 150 deals",Alexanders & Co.,25,6,1881,2,7,1881,False,"25 Stada Cona-Pensacola-2,064 pcs. fir, 150 deals-Alexanders & Co."
18810702p.14_p001.txt,49,J. F.,Carril,CARDIFF,230 lds. fir hewn,"Jones, Heard",27,6,1881,2,7,1881,False,"27 J. F.-Carril-230 lds. fir hewn-Jones, Heard"
18810702p.14_p001.txt,54,Ala Charlie,Fredrikstadt,CARNARVON,"8,213 planed flooring boards",Pierce Roberts,23,6,1881,2,7,1881,False,"June 23 Ala Charlie-Fredrikstadt-8,213 planed flooring boards-Pierce Roberts"
18810702p.14_p001.txt,57,Familien,Langesund,CHESTER,"3,400 mining poles",R. Grandidge,22,6,1881,2,7,1881,False,"June 22 Familien-Langesund-3,400 mining poles-R. Grandidge"
18810702p.14_p001.txt,60,Admiral Prinz Adelbert,Pensacola,GLOUCESTER,"477 lds. fir hewn, 453 lds. fir sawn, 283 deals",Barkworth & Spaldin,22,6,1881,2,7,1881,False,"June 22 Admiral Prinz Adelbert-Pensacola-477 lds. fir hewn, 453 lds. fir sawn, 283 deals-Barkworth & Spaldin"
18810702p.14_p001.txt,61,Louise,Miramichi,GLOUCESTER,"14,880 deals",Barkworth,27,6,1881,2,7,1881,False,"27 Louise-Miramichi-14,880 deals-Barkworth"
18810702p.14_p001.txt,65,Hermes,Pensacola,GRIMSBY,"1,108 pcs. pitch pine",Price & Co.,23,6,1881,2,7,1881,False,"June 23 Hermes-Pensacola-1,108 pcs. pitch pine-Price & Co."
18810702p.14_p001.txt,66,& 25 Chester,Riga,GRIMSBY,"16,256 sleepers",Burt,24,6,1881,2,7,1881,True,"24 & 25 Chester -Riga-16,256 sleepers-Burt"
18810702p.14_p001.txt,70,& 28 Alfgar,Riga,GRIMSBY,"640 sawn, 7,960 sleepers",Christie & Co.,27,6,1881,2,7,1881,True,"27 & 28 Alfgar -Riga-640 sawn, 7,960 sleepers-Christie & Co."
18810702p.14_p001.txt,76,Upperud,Fredrikshald,HARTLEPOOL (WEST),77 lds. pit,props-W. D. Coxon,21,6,1881,2,7,1881,False,June 21 Upperud-Fredrikshald-77 lds. pit-props-W. D. Coxon
18810702p.14_p001.txt,79,Acceso,Uto,HARTLEPOOL (WEST),"5,839 battens",H. & Singleton,22,6,1881,2,7,1881,False,"22 Acceso-Uto-5,839 battens-H. & Singleton"
18810702p.14_p001.txt,80,Ariel,Riga,HARTLEPOOL (WEST),"3,507 deals",May & Hassell,25,6,1881,2,7,1881,False,"25 Ariel-Riga-3,507 deals-May & Hassell"
18810702p.14_p001.txt,81,Emla,Gothenburg,HARTLEPOOL (WEST),"3,549 deals",May & Hassell,27,6,1881,2,7,1881,False,"27 Emla-Gothenburg-3,549 deals-May & Hassell"
18810702p.14_p002.txt,4,Bauebory,Riga,LYNN,"13,136 half",round sleepers-Jas. Bowker,21,6,1881,2,7,1881,False,"June 21 Bauebory-Riga-13,136 half-round sleepers-Jas. Bowker"
18810702p.14_p002.txt,5,Ida,Grimstadt,LYNN,"3,438 pcs. mining timber",A. Beeby & Son,22,6,1881,2,7,1881,False,"22 Ida-Grimstadt-3,438 pcs. mining timber-A. Beeby & Son"
18810702p.14_p002.txt,8,Oscar Wendt,Pensacola,LYNN,"697 pcs. pitch pine, 926 pitch pine deals","Thompson, Woodwark",23,6,1881,2,7,1881,False,"23 Oscar Wendt-Pensacola-697 pcs. pitch pine, 926 pitch pine deals-Thompson, Woodwark"
18810702p.14_p002.txt,10,Norma,Miramichi,MARYPORT,"12,683 deals and battens","Graham, Anderson, & Co.",27,6,1881,2,7,1881,False,"June 27 Norma-Miramichi-12,683 deals and battens-Graham, Anderson, & Co."
18810702p.14_p002.txt,12,St. Duthus,Konigsberg,MIDDLESBROUGH,995 pcs. round fir,J. P. Hornung & Son,22,6,1881,2,7,1881,False,June 22 St. Duthus-Konigsberg-995 pcs. round fir-J. P. Hornung & Son
18810702p.14_p002.txt,14,Viafrae,Brevig,MIDDLESBROUGH,"1,422 pcs. fir, 812 pit","props-Calder Dixon, & Co.",24,6,1881,2,7,1881,False,"24 Viafrae-Brevig-1,422 pcs. fir, 812 pit-props-Calder Dixon, & Co."
18810702p.14_p002.txt,15,Rugenwalde,Riga,MIDDLESBROUGH,"5,533 pcs. firwood, 63 sleepers","Calder, Dixon, & Co.",25,6,1881,2,7,1881,False,"25 Rugenwalde-Riga-5,533 pcs. firwood, 63 sleepers-Calder, Dixon, & Co."
18810702p.14_p002.txt,16,Mathilde,Brevig,MIDDLESBROUGH,"2,715 pcs. fir hewn",Calder,27,6,1881,2,7,1881,False,"27 Mathilde-Brevig-2,715 pcs. fir hewn-Calder"
18810702p.14_p002.txt,20,Marie Isidore,l'Orient,NEWPORT,80 lds. pitwood,R. W. Stonehouse & Co.,21,6,1881,2,7,1881,False,June 21 Marie Isidore-l'Orient-80 lds. pitwood-R. W. Stonehouse & Co.
18810702p.14_p002.txt,21,Bonne Union,Hennebont,NEWPORT,130 lds. pitwood,Budd & Co.,22,6,1881,2,7,1881,False,22 Bonne Union-Hennebont-130 lds. pitwood-Budd & Co.
18810702p.14_p002.txt,24,Lady Cortier,Pensacola,NEWPORT,"190 pcs. pitwood fir, 512 pcs. pitch pine sawn, 505 deals",T. B. & S. Batchelor,23,6,1881,2,7,1881,False,"23 Lady Cortier-Pensacola-190 pcs. pitwood fir, 512 pcs. pitch pine sawn, 505 deals-T. B. & S. Batchelor"
18810702p.14_p002.txt,30,Jeune Eugenie,St. Malo,NEWPORT,105 lds. pitwood,Budd & Co.,24,6,1881,2,7,1881,False,24 Jeune Eugenie-St. Malo-105 lds. pitwood-Budd & Co.
18810702p.14_p002.txt,32,Prosperite,Bordeaux,NEWPORT,65 lds. pitwood,London & South Wales Co.,25,6,1881,2,7,1881,False,25 Prosperite-Bordeaux-65 lds. pitwood-London & South Wales Co.
18810702p.14_p002.txt,33,Notre Dame de bon Secours,Bayonne,NEWPORT,180 lds. pitwood,R. W. Stonehouse & Co.,27,6,1881,2,7,1881,False,27 Notre Dame de bon Secours-Bayonne-180 lds. pitwood-R. W. Stonehouse & Co.
18810702p.14_p002.txt,35,Lionel,P. E. Island,PLYMOUTH,381 deals sawn,J. Searle,22,6,1881,2,7,1881,False,June 22 Lionel-P. E. Island-381 deals sawn-J. Searle
18810702p.14_p002.txt,36,Alphilda,Pascagonla,PLYMOUTH,"277 pcs. fir hewn, 54 pcs. fir sawn, 414 planks",T. E. Williams,27,6,1881,2,7,1881,False,"27 Alphilda-Pascagonla-277 pcs. fir hewn, 54 pcs. fir sawn, 414 planks-T. E. Williams"
18810702p.14_p002.txt,38,Anne Elene,Riga,PORTSMOUTH,7 lds. firwood sawn,Meienertz,22,6,1881,2,7,1881,False,June 22 Anne Elene-Riga-7 lds. firwood sawn-Meienertz
18810702p.14_p002.txt,41,Aldebaum,Porsgrund,RAMSGATE,"3,467 pcs. firwood sawn",Geo. Hammond,25,6,1881,2,7,1881,False,"June 25 Aldebaum-Porsgrund-3,467 pcs. firwood sawn-Geo. Hammond"
18810702p.14_p002.txt,43,Flora,Christiania,ROCHESTER,"18,080 boards prepared, 687 poles",Bessent & Sons,21,6,1881,2,7,1881,False,"June 21 Flora-Christiania-18,080 boards prepared, 687 poles-Bessent & Sons"
18810702p.14_p002.txt,45,Heinirich and Emil,Riga,SOUTHAMPTON,"42 spars fir, 33 lds. firewood, 33 pcs. firwood sawn",Horn,21,6,1881,2,7,1881,False,"June 21 Heinirich and Emil-Riga-42 spars fir, 33 lds. firewood, 33 pcs. firwood sawn-Horn"
18810702p.14_p002.txt,46,David Rees,Prince Edward Island,SOUTHAMPTON,9 lds. fir,"wood sawn-Smith, Sundius, & Co.",25,6,1881,2,7,1881,False,"25 David Rees-Prince Edward Island-9 lds. fir-wood sawn-Smith, Sundius, & Co."
18810702p.14_p002.txt,48,Alart,Drammen,ST. DAVID'S,"6,519 pit",props-Cairns,20,6,1881,2,7,1881,False,"June 20 Alart-Drammen-6,519 pit-props-Cairns"
18810702p.14_p002.txt,50,Augustius Guiseppe,Pensacola,STOCKTON,"863 pcs. fir sawn, 73 lds. fir sawn",R. Craggs & Son,27,6,1881,2,7,1881,False,"June 27 Augustius Guiseppe-Pensacola-863 pcs. fir sawn, 73 lds. fir sawn-R. Craggs & Son"
18810702p.14_p002.txt,52,Napoleon,Falkenburg,SUNDERLAND,"6,427 pit",props-Rayner & Moller,21,6,1881,2,7,1881,False,"June 21 Napoleon-Falkenburg-6,427 pit-props-Rayner & Moller"
18810702p.14_p002.txt,56,St. Clair,Dantzic,SUNDERLAND,"170 pcs. whitewood fir, 14,979 pcs. beechwood pit chocks",Short Bros.,24,6,1881,2,7,1881,False,"24 St. Clair-Dantzic-170 pcs. whitewood fir, 14,979 pcs. beechwood pit chocks-Short Bros."
18810702p.14_p002.txt,60,Atlas,Moss,SUNDERLAND,6 spars,Rayner & Moller,25,6,1881,2,7,1881,False,25 Atlas-Moss-6 spars-Rayner & Moller
18810702p.14_p002.txt,64,Skulda,Shediac,SWANSEA,"12,255 deals, 969 ends fir",D. W. Johns,21,6,1881,2,7,1881,False,"June 21 Skulda-Shediac-12,255 deals, 969 ends fir-D. W. Johns"
18810702p.14_p002.txt,74,Ange Gardien,Auray,SWANSEA,122 lds. pitwood,Dynevor Coal Co.,22,6,1881,2,7,1881,False,22 Ange Gardien-Auray-122 lds. pitwood-Dynevor Coal Co.
18810702p.14_p002.txt,78,Pauline,Morlaix,SWANSEA,70 lds. pitwood,Davies,23,6,1881,2,7,1881,False,23 Pauline-Morlaix-70 lds. pitwood-Davies
18810702p.14_p002.txt,83,Delphin Elizabeth,Bordeaux,SWANSEA,101 lds. pitwood,"G. W. Jones, Heard, & Ingram",24,6,1881,2,7,1881,False,"24 Delphin Elizabeth-Bordeaux-101 lds. pitwood-G. W. Jones, Heard, & Ingram"
18810702p.14_p002.txt,85,Marie Virginie,Pont l'Abbe,SWANSEA,86 lds. pitwood,Governor & Co.,25,6,1881,2,7,1881,False,25 Marie Virginie-Pont l'Abbe-86 lds. pitwood-Governor & Co.
18810702p.14_p002.txt,87,Tif,Kragero,TRURO,"1,513 pcs. fir hewn, 220 fir spars, 498 pcs. fir sawn",Harvey,25,6,1881,2,7,1881,False,"June 25 Tif-Kragero-1,513 pcs. fir hewn, 220 fir spars, 498 pcs. fir sawn-Harvey"
18810702p.14_p002.txt,89,Emilie,Dordt,TYNE,"3,800 bdls. hoops",S. Ver mehren & Co.,22,6,1881,2,7,1881,False,"June 22 Emilie-Dordt-3,800 bdls. hoops-S. Ver mehren & Co."
18810702p.14_p002.txt,91,Kingaloch,Dordt,TYNE,"5,650 bdls. hoops",Jas. Black,23,6,1881,2,7,1881,False,"23 Kingaloch-Dordt-5,650 bdls. hoops-Jas. Black"
18810702p.14_p002.txt,92,Lord Raglan,Rotterdam,TYNE,"1,200 bdls. hoops",Tyne Steamship Co.,24,6,1881,2,7,1881,False,"24 Lord Raglan-Rotterdam-1,200 bdls. hoops-Tyne Steamship Co."
18810702p.14_p002.txt,93,Dorthea,Moustera,TYNE,"3,841 pit",props-Hall Bros.,25,6,1881,2,7,1881,False,"25 Dorthea-Moustera-3,841 pit-props-Hall Bros."
18810709p.32_p001.txt,80,Ahkera,Bjorneborg,"JULY 9, 1881","7,072 pcs.",,30,6,1881,9,7,1881,False,"June 30 Ahkera-Bjorneborg-7,072 pcs."
18810709p.32_p001.txt,83,Elise,Oscarshamn,"JULY 9, 1881",Order,,2,6,1881,9,7,1881,False,2 Elise-Oscarshamn-Order
18810709p.32_p001.txt,92,Elizabeth,Riga,"JULY 9, 1881",Order,,6,6,1881,9,7,1881,True,6 Elizabeth -Riga-Order
18810709p.32_p001.txt,99,Sp[?],Quebec,"JULY 9, 1881",Order,,29,6,1881,9,7,1881,False,June 29 Sp[?]-Quebec-Order
18810709p.32_p001.txt,103,Otter,Quebec,"JULY 9, 1881",Order,,30,6,1881,9,7,1881,False,30 Otter-Quebec-Order
18810709p.32_p001.txt,113,Marquis of Lorne,Riga,BARROW,"8,398 pcs. fir hewn, 396 sleepers","Price, Potter, Walker, & Co.",1,7,1881,9,7,1881,False,"July 1 Marquis of Lorne-Riga-8,398 pcs. fir hewn, 396 sleepers-Price, Potter, Walker, & Co."
18810709p.32_p001.txt,114,Jason,Doboy,BARROW,"397 pcs. hewn, 371 pcs. sawn, 334 deals",King Bros.,4,7,1881,9,7,1881,False,"July 4 Jason-Doboy-397 pcs. hewn, 371 pcs. sawn, 334 deals-King Bros."
18810709p.32_p001.txt,117,Auguste et Charles,Auray,CARDIFF,63 lds. pitwood,Lowell,28,6,1881,9,7,1881,False,June 28 Auguste et Charles-Auray-63 lds. pitwood-Lowell
18810709p.32_p001.txt,118,Auguste,Auray,CARDIFF,125 lds. pitwood,"Jones, Heard",29,6,1881,9,7,1881,False,"June 29 Auguste-Auray-125 lds. pitwood-Jones, Heard"
18810709p.32_p001.txt,119,Windermere,Riga,CARDIFF,"9,000 pcs. fir sawn, 1,286 pcs. fir hewn",Watson & Co.,1,7,1881,9,7,1881,False,"July 1 Windermere-Riga-9,000 pcs. fir sawn, 1,286 pcs. fir hewn-Watson & Co."
18810709p.32_p001.txt,120,Eliza,Redon,CARDIFF,115 lds. pitwood,Morel,2,7,1881,9,7,1881,False,July 2 Eliza-Redon-115 lds. pitwood-Morel
18810709p.32_p001.txt,121,Johannes Koster,Stettin,CARDIFF,3 lds. firwood sawn,Capt. Schluck,2,7,1881,9,7,1881,False,July 2 Johannes Koster-Stettin-3 lds. firwood sawn -Capt. Schluck
18810709p.32_p001.txt,122,Helga,Miramichi,CARDIFF,"18,402 deals",J. Bland,1,7,1881,9,7,1881,False,"July 1 Helga-Miramichi-18,402 deals-J. Bland"
18810709p.32_p001.txt,123,Sutton,"St. John, N.B.",CARDIFF,"19,272 deals",Alexanders & Co.,2,7,1881,9,7,1881,False,"July 2 Sutton-St. John, N.B.-19,272 deals-Alexanders & Co."
18810709p.32_p001.txt,124,Manuel Antonito,Ferrol,CARDIFF,270 lds. pitwood,M. Christobal,2,7,1881,9,7,1881,False,July 2 Manuel Antonito-Ferrol-270 lds. pitwood-M. Christobal
18810709p.32_p001.txt,125,Salvatore,Pensacola,CARDIFF,"750 pcs. fir timber, 22,000 deals",John Bland & Co.,4,7,1881,9,7,1881,False,"July 4 Salvatore-Pensacola-750 pcs. fir timber, 22,000 deals-John Bland & Co."
18810709p.32_p001.txt,126,Paul and Marie,Redon,CARDIFF,95 lds. pitwood,Morel,4,7,1881,9,7,1881,False,July 4 Paul and Marie-Redon-95 lds. pitwood-Morel
18810709p.32_p001.txt,129,Jason,Doboy,BRISTOL,"397 pcs. hewn, 371 pcs. sawn, 334 deals",King Bros.,4,7,1881,9,7,1881,False,"July 4 Jason-Doboy-397 pcs. hewn, 371 pcs. sawn, 334 deals-King Bros."
18810709p.32_p001.txt,132,Avenir,Frederickstadt,EXETER,"25,921 boards",Gabriel & Sons,1,7,1881,9,7,1881,False,"July 1 Avenir-Frederickstadt-25,921 boards-Gabriel & Sons"
18810709p.32_p001.txt,135,Ben Lomond,Gefle,GLOUCESTER,"25,365 deals",Adams,1,7,1881,9,7,1881,False,"July 1 Ben Lomond-Gefle-25,365 deals-Adams"
18810709p.32_p001.txt,136,Ben Lomond,Gefle,GLOUCESTER,10 lds. firewood,R. Blink,2,7,1881,9,7,1881,False,July 2 Ben Lomond-Gefle-10 lds. firewood-R. Blink
18810709p.32_p001.txt,137,Celeste,Bjorneborg,GLOUCESTER,792 deals,Price & Co.,2,7,1881,9,7,1881,False,July 2 Celeste-Bjorneborg-792 deals-Price & Co.
18810709p.32_p001.txt,140,Behrend,Darien,GOOLE,"777 pcs. sawn, 193 deals pitch pine",Order,27,6,1881,9,7,1881,False,"June 27 Behrend-Darien-777 pcs. sawn, 193 deals pitch pine-Order"
18810709p.32_p001.txt,141,Olga,Wyburg,GOOLE,"16,851 deals, &c.",Order,1,7,1881,9,7,1881,False,"July 1 Olga-Wyburg-16,851 deals, &c.-Order"
18810709p.32_p001.txt,142,Hamalainen,Wyburg,GOOLE,"22,002 battens, &c.",Order,1,7,1881,9,7,1881,False,"July 1 Hamalainen-Wyburg-22,002 battens, &c. -Order"
18810709p.32_p001.txt,146,Ottoman,Riga,GRIMSBY,"6,865 deals and ends",Bennetts,29,6,1881,9,7,1881,False,"June 29 Ottoman-Riga-6,865 deals and ends-Bennetts"
18810709p.32_p001.txt,147,Johvat,Riga,GRIMSBY,"6,779 deals and ends",Bennetts,30,6,1881,9,7,1881,False,"June 30 Johvat-Riga-6,779 deals and ends-Bennetts"
18810709p.32_p001.txt,148,Helgesen,Ornskoldsvik,GRIMSBY,"11,367 battens",Chapman,1,7,1881,9,7,1881,False,"July 1 Helgesen-Ornskoldsvik-11,367 battens-Chapman"
18810709p.32_p001.txt,149,& 2 Melanie,Riga,GRIMSBY,"6,614 deals, &c.",Bennetts 75 wainscot logs-Order,1,7,1881,9,7,1881,False,"July 1 & 2 Melanie-Riga-6,614 deals, &c.-Bennetts 75 wainscot logs-Order"
18810709p.32_p001.txt,150,Neptun,Kotka,GRIMSBY,"7,549 deals, &c.",Wintringham,4,7,1881,9,7,1881,False,"July 4 Neptun-Kotka-7,549 deals, &c.-Wintringham"
18810709p.32_p001.txt,151,& 5 Johanna,Memel,GRIMSBY,"10,988 posts, 15,630 rails fir",Order,4,7,1881,9,7,1881,False,"July 4 & 5 Johanna-Memel-10,988 posts, 15,630 rails fir-Order"
18810709p.32_p001.txt,152,Beatrice,Memel,GRIMSBY,"38,289 oak staves",Order,5,7,1881,9,7,1881,False,"July 5 Beatrice-Memel-38,289 oak staves-Order"
18810709p.32_p001.txt,153,Dorthea,Riga,GRIMSBY,241 lds. firewood,Order,5,7,1881,9,7,1881,False,July 5 Dorthea-Riga-241 lds. firewood-Order
18810709p.32_p001.txt,154,& 5 Industrie,Riga,GRIMSBY,"17,400 deals and ends",Bennetts; 75 pcs. oak-Marshall & Atkinson,4,7,1881,9,7,1881,False,"July 4 & 5 Industrie-Riga-17,400 deals and ends-Bennetts; 75 pcs. oak-Marshall & Atkinson"
18810709p.32_p001.txt,155,Aimo,Slite,GRIMSBY,"12,063 battens, 5 fms. firewood",Order,5,7,1881,9,7,1881,False,"July 5 Aimo-Slite-12,063 battens, 5 fms. firewood-Order"
18810709p.32_p001.txt,156,Esperance,Gefle,GRIMSBY,"6,315 deals, &c.",Wintringham,5,7,1881,9,7,1881,False,"July 5 Esperance-Gefle-6,315 deals, &c.-Wintringham"
18810709p.32_p001.txt,157,Betty Saumber,Riga,GRIMSBY,"741 sawn, 8,678 sleepers",Order,5,7,1881,9,7,1881,True,"July 5 Betty Saumber -Riga-741 sawn, 8,678 sleepers-Order"
18810709p.32_p001.txt,158,H. von Schroeder,Doboy,GRIMSBY,"428 pcs. timber, 230 deals",Bennetts,5,7,1881,9,7,1881,False,"July 5 H. von Schroeder-Doboy-428 pcs. timber, 230 deals-Bennetts"
18810709p.32_p001.txt,161,H. Jorten,Solstadstrom,HARTLEPOOL (WEST),"8,756 pit",props-G. Horsley & Co.,29,6,1881,9,7,1881,False,"June 29 H. Jorten-Solstadstrom-8,756 pit-props-G. Horsley & Co."
18810709p.32_p001.txt,162,Nathalia,Monsteras,HARTLEPOOL (WEST),"6,119 pit",props-Coxon,29,6,1881,9,7,1881,False,"June 29 Nathalia-Monsteras-6,119 pit-props-Coxon"
18810709p.32_p001.txt,163,Coral Queen,Gothenburg,HARTLEPOOL (WEST),"14,833 deals, 12,003 pit","props, 5,000 bales laths-W. J. Young",30,6,1881,9,7,1881,False,"June 30 Coral Queen-Gothenburg-14,833 deals, 12,003 pit-props, 5,000 bales laths-W. J. Young"
18810709p.32_p001.txt,164,J. H. Van Gent,Windau,HARTLEPOOL (WEST),"2,303 sleepers, 444 half","sleepers-Calder, Dixon, & Co.",30,6,1881,9,7,1881,False,"June 30 J. H. Van Gent-Windau-2,303 sleepers, 444 half-sleepers-Calder, Dixon, & Co."
18810709p.32_p001.txt,165,Elizabeth,Brevig,HARTLEPOOL (WEST),"1,363 pcs. square timber, 560 pit",props-G. Horsley & Co.,30,6,1881,9,7,1881,False,"June 30 Elizabeth-Brevig-1,363 pcs. square timber, 560 pit-props-G. Horsley & Co."
18810709p.32_p001.txt,166,Anna,Calmar,HARTLEPOOL (WEST),"8,456 pit",props-G. Pyman,1,7,1881,9,7,1881,False,"July 1 Anna-Calmar-8,456 pit-props-G. Pyman"
18810709p.32_p001.txt,167,Windau,Windau,HARTLEPOOL (WEST),"4,002 square sleepers",Burt,1,7,1881,9,7,1881,False,"July 1 Windau-Windau-4,002 square sleepers-Burt"
18810709p.32_p001.txt,168,Peter,Oxelosund,HARTLEPOOL (WEST),"19,419 battens and boards",Henry Brown & Co.,1,7,1881,9,7,1881,False,"July 1 Peter-Oxelosund-19,419 battens and boards-Henry Brown & Co."
18810709p.32_p001.txt,169,Garibaldi,Quebec,HARTLEPOOL (WEST),"150 pcs. oak hewn, 53 pcs. elm hewn, 217 pcs. birch, 600 pcs. fir hewn, 2,843 deals and ends",W. Gray & Co.,1,7,1881,9,7,1881,False,"July 1 Garibaldi-Quebec-150 pcs. oak hewn, 53 pcs. elm hewn, 217 pcs. birch, 600 pcs. fir hewn, 2,843 deals and ends-W. Gray & Co."
18810709p.32_p001.txt,170,Renhas,Lappvik,HARTLEPOOL (WEST),"12,079 deals, battens, and boards","Pape, Day, & Co.",1,7,1881,9,7,1881,False,"July 1 Renhas-Lappvik-12,079 deals, battens, and boards-Pape, Day, & Co."
18810709p.32_p001.txt,171,Sarepta,Kotka,HARTLEPOOL (WEST),"9,413 battens",J. Rhodes & Co.,2,7,1881,9,7,1881,False,"July 2 Sarepta-Kotka-9,413 battens-J. Rhodes & Co."
18810709p.32_p001.txt,172,Carl,Riga,HARTLEPOOL (WEST),"5,205 deals, boards, and ends",Pickford & Co.,2,7,1881,9,7,1881,False,"July 2 Carl-Riga-5,205 deals, boards, and ends-Pickford & Co."
18810709p.32_p001.txt,173,Fritz,Riga,HARTLEPOOL (WEST),"5,228 deals",Harrison & Singleton,2,7,1881,9,7,1881,False,"July 2 Fritz-Riga-5,228 deals-Harrison & Singleton"
18810709p.32_p001.txt,174,Elma,Ekenas,HARTLEPOOL (WEST),"4,045 pit",props-Nielsen & Son,2,7,1881,9,7,1881,False,"July 2 Elma-Ekenas-4,045 pit-props-Nielsen & Son"
18810709p.32_p001.txt,175,Agnes,Westerwick,HARTLEPOOL (WEST),"6,448 pit",props-Nielsen,2,7,1881,9,7,1881,False,"July 2 Agnes-Westerwick-6,448 pit-props-Nielsen"
18810709p.32_p001.txt,176,Urda,Drammen,HARTLEPOOL (WEST),"217 spars, 58 pit","props - Groves, Maclean, & Co.",2,7,1881,9,7,1881,False,"July 2 Urda- Drammen - 217 spars, 58 pit-props - Groves, Maclean, & Co."
18810709p.32_p001.txt,177,Rokeby,"43,319 battens",HARTLEPOOL (WEST),Rhodes,,4,7,1881,9,7,1881,False,"July 4 Rokeby-43,319 battens-Rhodes"
18810709p.32_p001.txt,178,Toivo,Kotka,HARTLEPOOL (WEST),"16,166 boards",T. Walker & Co.,4,7,1881,9,7,1881,False,"July 4 Toivo-Kotka-16,166 boards-T. Walker & Co."
18810709p.32_p001.txt,179,Colibri,Wisby,HARTLEPOOL (WEST),"2,986 deals and battens",Nilsson,4,7,1881,9,7,1881,False,"July 4 Colibri-Wisby-2,986 deals and battens-Nilsson"
18810709p.32_p001.txt,180,Russia,Gefle,HARTLEPOOL (WEST),"18,135 deals and battens",Rhodes,4,7,1881,9,7,1881,False,"July 4 Russia-Gefle-18,135 deals and battens-Rhodes"
18810709p.32_p001.txt,181,Virago,Timmernnabben,HARTLEPOOL (WEST),"10,241 pit",props- G. T. Pearson & Co.,4,7,1881,9,7,1881,False,"July 4 Virago-Timmernnabben-10,241 pit-props- G. T. Pearson & Co."
18810709p.32_p001.txt,182,Hazard,Riga,HARTLEPOOL (WEST),"3,152 deals",May & Hassell,5,7,1881,9,7,1881,False,"July 5 Hazard-Riga-3,152 deals-May & Hassell"
18810709p.32_p001.txt,185,Familiens Haab,Kotka,HARWICH,"7,322 battens",Taylor & Jessup,2,7,1881,9,7,1881,False,"July 2 Familiens Haab-Kotka-7,322 battens-Taylor & Jessup"
18810709p.32_p002.txt,24,Celtic Monarch,New York,THE TIMBER TRADES JOURNAL,"7,681 bdls. staves,",,5,7,1881,9,7,1881,True,"5 Celtic Monarch -New York-7,681 bdls. staves,"
18810709p.32_p002.txt,43,Lina,Quebec,THE TIMBER TRADES JOURNAL,"2,469 deals, 149 pcs. timber,",,6,7,1881,9,7,1881,False,"6 Lina-Quebec-2,469 deals, 149 pcs. timber,"
18810709p.32_p002.txt,60,Sophie Maria,Memel,LOWESTOFT,"694 pcs. fir, 1,764",,29,6,1881,9,7,1881,False,"June 29 Sophie Maria-Memel-694 pcs. fir, 1,764"
18810709p.32_p002.txt,62,Charlaw,Riga,LOWESTOFT,"17,024 half",square,1,7,1881,9,7,1881,False,"July 1 Charlaw - Riga - 17,024 half-square"
18810709p.32_p002.txt,67,Sandsend,Wifstawarf,LYNN,"23,707 battens",,1,7,1881,9,7,1881,False,"July 1 Sandsend-Wifstawarf-23,707 battens-"
18810709p.32_p002.txt,77,Elizabeth,Konigsberg,LYNN,"6,738 sleepers, 600 tele",,4,7,1881,9,7,1881,False,"4 Elizabeth-Konigsberg-6,738 sleepers, 600 tele-"
18810709p.32_p002.txt,80,Lochnagar,Konigsberg,MIDDLESBROUGH,"1,124 pcs. round",,1,7,1881,9,7,1881,False,"July 1 Lochnagar-Konigsberg-1,124 pcs. round"
18810709p.32_p002.txt,88,Elizabeth,Carlskrona,MIDDLESBROUGH,"2,105 battens, 3,373 pit",,4,7,1881,9,7,1881,False,"4 Elizabeth-Carlskrona-2,105 battens, 3,373 pit-"
18810709p.32_p002.txt,93,Festina Lente,Darien,MILFORD,"193 pcs. hewn fir,",,2,7,1881,9,7,1881,False,"July 2 Festina Lente-Darien-193 pcs. hewn fir,"
18810709p.32_p002.txt,99,Goulta,"Chatham, N.B.",NEWPORT,"14,330 deals, bat",,1,7,1881,9,7,1881,False,"July 1 Goulta-Chatham, N.B.-14,330 deals, bat-"
18810709p.32_p002.txt,107,Jean Baptiste,Bordeaux,NEWPORT,206 lds. pitwood,,4,7,1881,9,7,1881,False,4 Jean Baptiste-Bordeaux-206 lds. pitwood-
18810709p.32_p002.txt,113,Lizzie Cameron,"Charlotte Town, P.E.I.",PLYMOUTH,,,28,6,1881,9,7,1881,False,"June 28 Lizzie Cameron-Charlotte Town, P.E.I.-"
18810709p.32_p002.txt,117,Ahkera,Bjorneborg,HULL,93,"1-15 deals, &c.-",30,6,1881,9,7,1881,False,"June 30 Ahkera-Bjorneborg-93-1-15 deals, &c.-"
18810709p.32_p002.txt,119,Silvio,Riga,HULL,161,"2-17 deals and ends,",1,7,1881,9,7,1881,True,"July 1 Silvio -Riga-161-2-17 deals and ends,"
18810709p.32_p002.txt,122,Elise,Oscarshamn,HULL,"9,858 pit","props, 2,240 spokes",2,7,1881,9,7,1881,False,"2 Elise-Oscarshamn-9,858 pit-props, 2,240 spokes"
18810709p.32_p002.txt,126,Johns,Arendal,HULL,"1,373 pcs. mining timber,",,4,7,1881,9,7,1881,False,"4 Johns-Arendal-1,373 pcs. mining timber,"
18810709p.32_p002.txt,132,Elizabeth,Konigsberg,HULL,"101 logs, 602 blocks",,6,7,1881,9,7,1881,True,"6 Elizabeth -Konigsberg-101 logs, 602 blocks"
18810709p.32_p002.txt,139,Spain,New York,LIVERPOOL,"3,200 staves",Order,29,6,1881,9,7,1881,True,"June 29 Spain -New York-3,200 staves-Order"
18810709p.32_p002.txt,143,Otteren,Richmond,LIVERPOOL,"275 walnut logs, 3,600",,30,6,1881,9,7,1881,False,"30 Otteren-Richmond-275 walnut logs, 3,600"
18810709p.32_p002.txt,148,Toronto,Quebec,LIVERPOOL,"140 blocks, 87 planks",,1,7,1881,9,7,1881,True,"July 1 Toronto -Quebec-140 blocks, 87 planks"
18810709p.32_p002.txt,158,Baltic,New York,LIVERPOOL,"1,000 staves",Order,2,7,1881,9,7,1881,True,"2 Baltic -New York-1,000 staves-Order"
18810709p.32_p002.txt,165,Shakespeare,Quebec,LIVERPOOL,"13,632 deals, 1,600 ends",,4,7,1881,9,7,1881,False,"4 Shakespeare-Quebec-13,632 deals, 1,600 ends-"
18810709p.32_p002.txt,179,Rita,Baltimore,LIVERPOOL,"44 logs walnut, 4,490",,5,7,1881,9,7,1881,True,"5 Rita -Baltimore-44 logs walnut, 4,490"
18810709p.32_p002.txt,188,Ydun,Stege,LONDON,"8,103 pcs. lathwood, 72",,30,6,1881,9,7,1881,False,"June 30 Ydun-Stege-8,103 pcs. lathwood, 72"
18810709p.32_p002.txt,193,Tern,Rotterdam,LONDON,qty. willow,Gun-,1,7,1881,9,7,1881,True,July 1 Tern -Rotterdam-qty. willow-Gun-
18810709p.32_p002.txt,203,Egyptian,New York,LONDON,"849 bdls. staves, 360",,2,7,1881,9,7,1881,True,"2 Egyptian -New York-849 bdls. staves, 360"
18810709p.32_p002.txt,215,Prins Oscar,154 doz. battens,LONDON,Prier Wot,,4,7,1881,9,7,1881,False,4 Prins Oscar-154 doz. battens-Prier Wot-
18810709p.32_p002.txt,226,Brilliant,Doboy,LONDON,"440 pcs. fir hewn, 230 pcs.",,1,7,1881,9,7,1881,False,"July 1 Brilliant-Doboy-440 pcs. fir hewn, 230 pcs."
18810709p.32_p002.txt,234,Iris,Skien,PORTSMOUTH,548 lds. firwood sawn,Lillie,4,7,1881,9,7,1881,False,July 4 Iris-Skien-548 lds. firwood sawn-Lillie
18810709p.32_p002.txt,236,Eliz Morton,Laurvig,RAMSGATE,"80 prs. oars, 5 spars",,2,7,1881,9,7,1881,False,"July 2 Eliz Morton-Laurvig-80 prs. oars, 5 spars-"
18810709p.32_p002.txt,239,Fix,Fredrikstad,ROCHESTER,"28,303 prepared boards,",,29,6,1881,9,7,1881,False,"June 29 Fix-Fredrikstad-28,303 prepared boards,"
18810709p.32_p002.txt,241,Maria,Stettin,ROCHESTER,"176 oak logs, 141 pcs. square",,4,7,1881,9,7,1881,False,"July 4 Maria-Stettin-176 oak logs, 141 pcs. square"
18810709p.32_p002.txt,246,Arnold,Riga,SHOREHAM,344 lds. lathwood,Beves,30,6,1881,9,7,1881,False,June 30 Arnold-Riga-344 lds. lathwood-Beves
18810709p.32_p002.txt,247,Brenda,Charlotte Town,SHOREHAM,"2,400 deals",Walsh,1,7,1881,9,7,1881,False,"July 1 Brenda-Charlotte Town-2,400 deals-Walsh"
18810709p.32_p002.txt,249,Ellida,Drammen,SHOREHAM,"37,632 fir boards, 448 slating",,2,7,1881,9,7,1881,False,"2 Ellida-Drammen-37,632 fir boards, 448 slating"
18810709p.32_p002.txt,252,Skandinavian,Moss,SUNDERLAND,"6,460 fir spars",,28,6,1881,9,7,1881,False,"June 28 Skandinavian - Moss - 6,460 fir spars-"
18810709p.32_p002.txt,255,Triton,Gothenburg,SUNDERLAND,"10,246 pcs. pit","props, 3,733",29,6,1881,9,7,1881,False,"29 Triton-Gothenburg-10,246 pcs. pit-props, 3,733"
18810709p.32_p002.txt,265,Carl Millberg,Konigsberg,SUNDERLAND,190 lds. pitwood,,2,7,1881,9,7,1881,False,July 2 Carl Millberg-Konigsberg-190 lds. pitwood-
18810709p.32_p002.txt,268,Benjamin,Redon,SWANSEA,145 lds. pitwood,Jones,28,6,1881,9,7,1881,False,June 28 Benjamin-Redon-145 lds. pitwood-Jones
18810709p.32_p002.txt,271,Emile Marie,Bordeaux,SWANSEA,"13,610 deals, 954 deal",,30,6,1881,9,7,1881,False,"30 Emile Marie-Bordeaux-13,610 deals, 954 deal"
18810709p.32_p002.txt,276,St. Marie François,St. Brieux,SWANSEA,50 lds. pit,,2,7,1881,9,7,1881,False,July 2 St. Marie François-St. Brieux-50 lds. pit-
18810709p.32_p002.txt,280,Lucie Marie,Bordeaux,SWANSEA,168 lds. pitwood,Thos.,4,7,1881,9,7,1881,False,4 Lucie Marie-Bordeaux-168 lds. pitwood-Thos.
18810709p.32_p002.txt,283,Gladiator,Porsgrund,TRURO,"1,653 pcs. fir hewn",,30,6,1881,9,7,1881,False,"June 30 Gladiator-Porsgrund-1,653 pcs. fir hewn"
18810709p.32_p002.txt,286,Bruno,Danzig,TYNE,477 pcs. timber,Hood,29,6,1881,9,7,1881,False,June 29 Bruno-Danzig-477 pcs. timber-Hood
18810709p.32_p002.txt,288,Activ,Katthammar,TYNE,"514 pcs. deals, 5,801",,30,6,1881,9,7,1881,False,"30 Activ-Katthammar-514 pcs. deals, 5,801"
18810709p.32_p002.txt,294,Brevig,Brevig,TYNE,"920 pcs. timber, 1,329 pcs.",,1,7,1881,9,7,1881,False,"July 1 Brevig-Brevig-920 pcs. timber, 1,329 pcs."
18810709p.32_p002.txt,300,Skandinavien,Oregrund,TYNE,"373,500 pcs. staves, 2,764",,4,7,1881,9,7,1881,False,"4 Skandinavien-Oregrund-373,500 pcs. staves, 2,764"
18810709p.32_p002.txt,309,Liverpool,Quebec,TYNE,"80 lds. oak, 30 lds. red fir,",,5,7,1881,9,7,1881,False,"5 Liverpool-Quebec-80 lds. oak, 30 lds. red fir,"
18810709p.32_p002.txt,315,Spes & Fides,Mobile,WISBECH,484 pcs. fir sawn,,25,6,1881,9,7,1881,False,June 25 Spes & Fides-Mobile-484 pcs. fir sawn-
18810709p.32_p002.txt,317,Lincoln,Fredrikstadt,WISBECH,"21,471 planed boards",,28,6,1881,9,7,1881,False,"28 Lincoln-Fredrikstadt-21,471 planed boards-"
18810709p.32_p002.txt,319,Margretha,Stockholm,WISBECH,"15,688 battens",Stanley,30,6,1881,9,7,1881,False,"30 Margretha-Stockholm-15,688 battens-Stanley"
18810709p.32_p002.txt,321,Rauha,Uto,WISBECH,8 lds. firewood,J. Stromberg,1,7,1881,9,7,1881,False,July 1 Rauha-Uto-8 lds. firewood-J. Stromberg
18810709p.32_p002.txt,323,Arnold,Riga,YARMOUTH,"9,600 deals",Saul & Son,30,6,1881,9,7,1881,False,"June 30 Arnold-Riga-9,600 deals-Saul & Son"
18810709p.32_p002.txt,324,Rauha,Wyborg,YARMOUTH,"11,868 deals and boards",,1,7,1881,9,7,1881,False,"July 1 Rauha-Wyborg-11,868 deals and boards-"
18810709p.32_p002.txt,328,Richard,Miramichi,BELFAST,"13,176 deals and deal",,27,6,1881,9,7,1881,False,"June 27 Richard-Miramichi-13,176 deals and deal"
18810723p.64_p002.txt,10,Henri,Bordeaux,LLANELLY,54 lds. pitwood,"Nevill, Druce, & Co.",13,7,1881,23,7,1881,False,"July 13 Henri-Bordeaux-54 lds. pitwood-Nevill, Druce, & Co."
18810723p.64_p002.txt,13,Johanna Victoria,Riga,LONDON,"3,553 fms. deals, 227 fms. fir ends",Order,14,7,1881,23,7,1881,False,"July 14 Johanna Victoria-Riga-3,553 fms. deals, 227 fms. fir ends-Order"
18810723p.64_p002.txt,31,Union,Drammen,LONDON,96 stds. deals,J. H. Douglas,15,7,1881,23,7,1881,False,15 Union-Drammen-96 stds. deals-J. H. Douglas
18810723p.64_p002.txt,37,Hawk,Antwerp,LONDON,a quantity firewood,Hecker & Co.,16,7,1881,23,7,1881,True,16 Hawk -Antwerp-a quantity firewood-Hecker & Co.
18810723p.64_p002.txt,47,Caroline,Kotka,LONDON,"561,630 staves",Order,18,7,1881,23,7,1881,False,"18 Caroline-Kotka-561,630 staves-Order"
18810723p.64_p002.txt,64,Achilles,Riga,LONDON,"1,792 deals, 11,277 pcs. lathwood",J. Rohde,15,7,1881,23,7,1881,False,"15 Achilles-Riga-1,792 deals, 11,277 pcs. lathwood-J. Rohde"
18810723p.64_p002.txt,65,Hahnemann,Quebec,LONDON,"40 pcs. hewn elm, 11 pcs. hewn oak, 100 pcs. hewn ash, 30 pcs. and red hewn pine birch, 1,221 pcs. yellow pine, 435 oak pine staves, fir, 22,975 sawn fir deals, 1,200 white oak staves, 26 lds. lathwoo","Fox, Elliott, & Co.",18,7,1881,23,7,1881,False,"18 Hahnemann-Quebec-40 pcs. hewn elm, 11 pcs. hewn oak, 100 pcs. hewn ash, 30 pcs. and red hewn pine birch, 1,221 pcs. yellow pine, 435 oak pine staves, fir, 22,975 sawn fir deals, 1,200 white oak staves, 26 lds. lathwood-Fox, Elliott, & Co."
18810723p.64_p002.txt,69,Familien,Hudikswall,POOLE,"11,143 pcs. firwood sawn",John J. Norton,16,7,1881,23,7,1881,False,"July 16 Familien-Hudikswall-11,143 pcs. firwood sawn-John J. Norton"
18810723p.64_p002.txt,72,R. W. Parry,Riga,PORTSMOUTH,2 fms. lathwood,Thomas Bailey,15,7,1881,23,7,1881,False,July 15 R. W. Parry-Riga-2 fms. lathwood-Thomas Bailey
18810723p.64_p002.txt,75,Elizabeth,Christiania,RAMSGATE,"20,940 planed boards, 586 spars, 240 battens",J. Adams,18,7,1881,23,7,1881,False,"July 18 Elizabeth - Christiania-20,940 planed boards, 586 spars, 240 battens-J. Adams"
18810723p.64_p002.txt,78,Endelave,Kotka,ROCHESTER,201 lds. fir sawn staves,Burham Brick & Lime Co.,16,7,1881,23,7,1881,False,July 16 Endelave-Kotka-201 lds. fir sawn staves-Burham Brick & Lime Co.
18810723p.64_p002.txt,79,Adelgunde,Drammen,ROCHESTER,350 lds. fir staves,Order,18,7,1881,23,7,1881,False,18 Adelgunde-Drammen-350 lds. fir staves-Order
18810723p.64_p002.txt,82,Amaranth,Soderhamn,SHOREHAM,"28,306 fir deals",Beves & Co.,16,7,1881,23,7,1881,False,"July 16 Amaranth-Soderhamn-28,306 fir deals-Beves & Co."
18810723p.64_p002.txt,85,Elsa,Abo,SOUTHAMPTON,"16,923 deals and battens",J. Allen & Son,12,7,1881,23,7,1881,False,"July 12 Elsa-Abo-16,923 deals and battens-J. Allen & Son"
18810723p.64_p002.txt,87,Borthwick,Riga,SOUTHAMPTON,"10,327 pcs. fir sawn",Haddon,16,7,1881,23,7,1881,False,"16 Borthwick-Riga-10,327 pcs. fir sawn-Haddon"
18810723p.64_p002.txt,91,Delphin,Gefle,STOCKTON,"8,057 pcs. fir sawn",Jos. Byers & Son,15,7,1881,23,7,1881,False,"July 15 Delphin-Gefle-8,057 pcs. fir sawn-Jos. Byers & Son"
18810723p.64_p002.txt,94,Lady Katherine,Gothenburg,SUNDERLAND,"38,000 pit",props-T. J. Reay,12,7,1881,23,7,1881,False,"July 12 Lady Katherine-Gothenburg-38,000 pit-props-T. J. Reay"
18810723p.64_p002.txt,100,Aurora,Halmstad,SUNDERLAND,"23,292 pit",props-Moller,13,7,1881,23,7,1881,False,"13 Aurora-Halmstad-23,292 pit-props-Moller"
18810723p.64_p002.txt,103,Consul Platen,Dantzic,SUNDERLAND,"65 pcs. oak wood sawn, 373 pcs. oak wood hewn",Short Bros.,14,7,1881,23,7,1881,False,"14 Consul Platen-Dantzic-65 pcs. oak wood sawn, 373 pcs. oak wood hewn-Short Bros."
18810723p.64_p002.txt,107,Ida,Halmstad,SUNDERLAND,"20,615 pit",props-Moller,15,7,1881,23,7,1881,False,"15 Ida-Halmstad-20,615 pit-props-Moller"
18810723p.64_p002.txt,113,Johannes,Falkenburg,SUNDERLAND,"7,812 pit",props-Moller,18,7,1881,23,7,1881,False,"18 Johannes-Falkenburg-7,812 pit-props-Moller"
18810723p.64_p002.txt,123,Anne,Prince Edward Island,SWANSEA,153 pcs. birch hewn,"Richards, Power, & Co.",8,7,1881,23,7,1881,False,"July 8 Anne-Prince Edward Island-153 pcs. birch hewn-Richards, Power, & Co."
18810723p.64_p002.txt,124,Souvenir,Roche Bernard,SWANSEA,72 lds. pitwood,Vivian & Son,12,7,1881,23,7,1881,False,12 Souvenir-Roche Bernard-72 lds. pitwood-Vivian & Son
18810723p.64_p002.txt,126,Hortense,Trehiguer,SWANSEA,130 lds. pit,"props-Heard, & Co.",13,7,1881,23,7,1881,False,"13 Hortense-Trehiguer-130 lds. pit-props-Heard, & Co."
18810723p.64_p002.txt,127,Jeune Emilie,Arcachon,SWANSEA,135 lds. pit,"props-Heard, & Co.",16,7,1881,23,7,1881,False,"16 Jeune Emilie-Arcachon-135 lds. pit-props-Heard, & Co."
18810723p.64_p002.txt,130,John,Sundswall,TYNE,"11,716 battens",J. Hurin,13,7,1881,23,7,1881,False,"July 13 John - Sundswall - 11,716 battens-J. Hurin"
18810723p.64_p003.txt,34,Alona,Soderhamn,WISBECH,"4,636 deals and battens, 232 fir logs",Stanley & Jameson,12,7,1881,23,7,1881,False,"July 12 Alona-Soderhamn-4,636 deals and battens, 232 fir logs-Stanley & Jameson"
18810723p.64_p003.txt,36,Wilhelmina,Abo,WISBECH,"7,660 deals",English Bros.,16,7,1881,23,7,1881,False,"16 Wilhelmina-Abo-7,660 deals-English Bros."
18810723p.64_p003.txt,37,Wisbech,Danzic,WISBECH,893 pcs. fir sawn,English Bros.,18,7,1881,23,7,1881,False,18 Wisbech-Danzic-893 pcs. fir sawn-English Bros.
18810723p.64_p003.txt,39,Eli,Abo,YARMOUTH,"12,214 pcs. fir sawn",Orfeur,13,7,1881,23,7,1881,False,"July 13 Eli-Abo-12,214 pcs. fir sawn-Orfeur"
18810723p.64_p003.txt,40,Halcyon,Soderhamn,YARMOUTH,"7,352 redwood deals",Jewson & Sons,15,7,1881,23,7,1881,False,"15 Halcyon-Soderhamn-7,352 redwood deals-Jewson & Sons"
18810723p.64_p003.txt,42,Veranda,Riga,YARMOUTH,"5,030 fir battens",Order,18,7,1881,23,7,1881,False,"18 Veranda-Riga-5,030 fir battens-Order"
18810723p.64_p003.txt,45,Forest Queen,Miramichi,BELFAST,"16,609 deals and deal ends",Black Bros. & Co.,14,7,1881,23,7,1881,False,"July 14 Forest Queen-Miramichi-16,609 deals and deal ends-Black Bros. & Co."
18810723p.64_p003.txt,47,Mizpa,Miramichi,BELFAST,"23,321 deals",Stewart Bros.,16,7,1881,23,7,1881,False,"16 Mizpa-Miramichi-23,321 deals-Stewart Bros."
18810723p.64_p003.txt,49,Ivanhoe,"Advocate, N.S.",BELFAST,"9,548 deals and deal ends",J. P. Corry & Co.,18,7,1881,23,7,1881,False,"18 Ivanhoe-Advocate, N.S.-9,548 deals and deal ends-J. P. Corry & Co."
18810723p.64_p003.txt,54,Jamaica,San Francisco,CORK,8 lds. fir dunnage boards,T. Woodward,11,7,1881,23,7,1881,False,July 11 Jamaica-San Francisco-8 lds. fir dunnage boards-T. Woodward
18810723p.64_p003.txt,55,Albinus,Quebec,CORK,"36 pcs. hewn timber, 401 pcs. hewn fir, 3,300 deals, 3,852 staves",J. W. Richey,14,7,1881,23,7,1881,False,"14 Albinus-Quebec-36 pcs. hewn timber, 401 pcs. hewn fir, 3,300 deals, 3,852 staves-J. W. Richey"
18810723p.64_p003.txt,57,Buskin,Miramichi,DUBLIN,"8,993 deals, 1,120 scantlings, 1,554 deal ends, 32 pcs. birch",Martin,7,7,1881,23,7,1881,False,"July 7 Buskin-Miramichi-8,993 deals, 1,120 scantlings, 1,554 deal ends, 32 pcs. birch-Martin"
18810723p.64_p003.txt,58,W. E. Heard,"St. John, N.B.",DUBLIN,"16,797 deals",T. Robinson,11,7,1881,23,7,1881,False,"11 W. E. Heard-St. John, N.B.-16,797 deals-T. Robinson"
18810723p.64_p003.txt,60,Dolphin,Miramichi,DUBLIN,"11,405 deals",Robins,14,7,1881,23,7,1881,False,"14 Dolphin-Miramichi-11,405 deals-Robins"
18810723p.64_p003.txt,61,Alne Holme,Riga,DUBLIN,"6,086 sleeper blocks, 14 fms. half","sleeper blocks-Calder, Dixon ; lathwood-Graham",17,7,1881,23,7,1881,False,"17 Alne Holme-Riga-6,086 sleeper blocks, 14 fms. half-sleeper blocks-Calder, Dixon ; lathwood-Graham"
18810723p.64_p003.txt,63,Nelson,Doboy,DUNDALK,"475 pcs. pitch pine, 178 pitch pine deals",T. Williamson,13,7,1881,23,7,1881,False,"July 13 Nelson-Doboy-475 pcs. pitch pine, 178 pitch pine deals-T. Williamson"
18810723p.64_p003.txt,68,Johann Benjamin,Darien,GALWAY,"224 pcs. hewn pitch pine, 219 pcs. sawn pitch pine, 429 deals",B. Hynes,11,7,1881,23,7,1881,False,"July 11 Johann Benjamin-Darien-224 pcs. hewn pitch pine, 219 pcs. sawn pitch pine, 429 deals-B. Hynes"
18810723p.64_p003.txt,69,Speranzas,"Halifax, N.S.",GALWAY,"8,000 deals, deal ends, and battens",B. Hynes,14,7,1881,23,7,1881,False,"14 Speranzas-Halifax, N.S.-8,000 deals, deal ends, and battens-B. Hynes"
18810723p.64_p003.txt,70,Midas,New York,GALWAY,"400 pcs. fir sawn, 4 lds. sawn",W. Bembidge,16,7,1881,23,7,1881,False,"16 Midas-New York-400 pcs. fir sawn, 4 lds. sawn-W. Bembidge"
18810723p.64_p003.txt,72,Heide,River Ouelle,NEWRY,"17,641 deals deal ends",Carvill Bros.,15,7,1881,23,7,1881,False,"July 15 Heide-River Ouelle-17,641 deals deal ends-Carvill Bros."
18810723p.64_p003.txt,74,Bergmeister Muller,Doboy,SLIGO,"485 pcs. pitch pine, 161 pitch pine planks",C. Anderson,11,7,1881,23,7,1881,False,"July 11 Bergmeister Muller-Doboy-485 pcs. pitch pine, 161 pitch pine planks-C. Anderson"
18810730p.82_p001.txt,10,Alpheus,Stettin,BARROW,"1,000 sleepers","Price, Potter, Walker, & Co.",20,7,1881,30,7,1881,True,"July 20 Alpheus -Stettin-1,000 sleepers-Price, Potter, Walker, & Co."
18810730p.82_p001.txt,12,Lohengrin,Doboy,BARROW,"473 pcs. fir sawn, 161 pcs. fir hewn, 164 deals",R. Davies & Son,25,7,1881,30,7,1881,False,"July 25 Lohengrin-Doboy-473 pcs. fir sawn, 161 pcs. fir hewn, 164 deals-R. Davies & Son"
18810730p.82_p001.txt,14,Westminster,Quebec,BEAUMARIS,"1,830 pcs. timber, 1,836 deals",Order,21,7,1881,30,7,1881,False,"July 21 Westminster-Quebec-1,830 pcs. timber, 1,836 deals-Order"
18810730p.82_p001.txt,15,Isabel,P. E. Island,BEAUMARIS,400 deals,Order,25,7,1881,30,7,1881,False,25 Isabel-P. E. Island-400 deals-Order
18810730p.82_p001.txt,21,Jacques Martel,Bordeaux,CARDIFF,300 lds. pitwood,Morel Bros.,20,7,1881,30,7,1881,False,July 20 Jacques Martel-Bordeaux-300 lds. pitwood-Morel Bros.
18810730p.82_p001.txt,23,Colonel Cassaignac,Penc,CARDIFF,Pont l'Abbé,78 lds. pit-wood-Morel Bros.,21,7,1881,30,7,1881,False,21 Colonel Cassaignac-Penc-Pont l'Abbé-78 lds. pit-wood-Morel Bros.
18810730p.82_p001.txt,27,Windsor,St. Brieux,CARDIFF,65 lds. deals,J. Rogers,23,7,1881,30,7,1881,False,23 Windsor-St. Brieux-65 lds. deals-J. Rogers
18810730p.82_p001.txt,31,Espérance,Auray,CARDIFF,107 lds. pitwood,Ingram,25,7,1881,30,7,1881,False,25 Espérance-Auray-107 lds. pitwood-Ingram
18810730p.82_p001.txt,37,Miss Hunt,Fredrikstadt,CARNARVON,"7,774 flooring boards, 300 deals",H. Owen & Son,23,7,1881,30,7,1881,False,"July 23 Miss Hunt-Fredrikstadt-7,774 flooring boards, 300 deals-H. Owen & Son"
18810730p.82_p001.txt,39,Charlotte,Stockholm,EXETER,"4,760 battens, 7 lds. timber",R. W. & F. C. Sharp,23,7,1881,30,7,1881,False,"July 23 Charlotte-Stockholm-4,760 battens, 7 lds. timber-R. W. & F. C. Sharp"
18810730p.82_p001.txt,40,Topsham,Fredrikshald,EXETER,"18,810 boards, 11,658 laths",R. W. & F. C. Sharp,25,7,1881,30,7,1881,False,"25 Topsham-Fredrikshald-18,810 boards, 11,658 laths-R. W. & F. C. Sharp"
18810730p.82_p001.txt,42,Milford,Pascagoula,FALMOUTH,"188 pcs. hewn, 40 pcs. sawn, 990 deals pitch pine",G. Week,23,7,1881,30,7,1881,False,"July 23 Milford-Pascagoula-188 pcs. hewn, 40 pcs. sawn, 990 deals pitch pine-G. Week"
18810730p.82_p001.txt,44,Huntley,Fredrikshald,FAVERSHAM,333 lds. fir,Payne,23,7,1881,30,7,1881,False,July 23 Huntley-Fredrikshald-333 lds. fir-Payne
18810730p.82_p001.txt,46,Dagmar,Shediac,FLEETWOOD,"14,840 deals",Ward,20,7,1881,30,7,1881,False,"July 20 Dagmar-Shediac-14,840 deals-Ward"
18810730p.82_p001.txt,47,St. Petersburg,"Dalhousie, N.B.",FLEETWOOD,"20,243 deals",H. & G. Curwin & Co.,23,7,1881,30,7,1881,False,"23 St. Petersburg-Dalhousie, N.B.-20,243 deals-H. & G. Curwin & Co."
18810730p.82_p001.txt,48,President Sverdrup,Miramichi,FLEETWOOD,"24,892 pcs. fir hewn, 2,500 bales lathwood, 9,533 pcs. fir sawn",W. J. Young,25,7,1881,30,7,1881,False,"25 President Sverdrup-Miramichi-24,892 pcs. fir hewn, 2,500 bales lathwood, 9,533 pcs. fir sawn-W. J. Young"
18810730p.82_p001.txt,52,Misselay,Gefle,HARWICH,"6,399 deals and battens",Taylor & Jessup,21,7,1881,30,7,1881,False,"July 21 Misselay-Gefle-6,399 deals and battens-Taylor & Jessup"
18810730p.82_p001.txt,54,Panther,Hull,HULL,"20 fms. deal ends, 2,442 pcs. lathwood",Order,21,7,1881,30,7,1881,True,"July 21 Panther -Hull-20 fms. deal ends, 2,442 pcs. lathwood-Order"
18810730p.82_p001.txt,60,Pacific,Danzig,HULL,"4,000 props, 8 cs. wooden","ware-Wilson, Sons, & Co.; 1,500 props-H. Smith & Co.; 1,457 birch props-Haagensen & Co.; 3,800 bdls. laths, 2,826 birch props, 4,052 props-Order",22,7,1881,30,7,1881,True,"22 Pacific -Danzig-4,000 props, 8 cs. wooden-ware-Wilson, Sons, & Co.; 1,500 props-H. Smith & Co.; 1,457 birch props-Haagensen & Co.; 3,800 bdls. laths, 2,826 birch props, 4,052 props-Order"
18810730p.82_p001.txt,62,Felix Brandt,Gefle,HULL,91,6-7 battens-Order,23,7,1881,30,7,1881,False,23 Felix Brandt-Gefle-91-6-7 battens-Order
18810730p.82_p001.txt,65,Romeo,Gothenburg,HULL,"1,689 pcs. timber, 848 props, 58 bgs. woodenware","Wilson, Sons, & Co.; 5,294 props and sleepers-H. Smith & Co.; 2,799 bdls. laths, 5,554 props, 2,023 sleepers-Order",25,7,1881,30,7,1881,True,"25 Romeo -Gothenburg-1,689 pcs. timber, 848 props, 58 bgs. woodenware-Wilson, Sons, & Co.; 5,294 props and sleepers-H. Smith & Co.; 2,799 bdls. laths, 5,554 props, 2,023 sleepers-Order"
18810730p.82_p001.txt,71,Milo,Stettin,HULL,"1,280 props",Order,26,7,1881,30,7,1881,True,"26 Milo -Stettin-1,280 props-Order"
18810730p.82_p001.txt,72,Evening Star,Doboy,HULL,"483 logs pitch pine timber, 3","1-12 deals-Wade, Sons, & Co.",27,7,1881,30,7,1881,False,"27 Evening Star-Doboy-483 logs pitch pine timber, 3-1-12 deals-Wade, Sons, & Co."
18810730p.82_p001.txt,76,Octavia,Richibucto,LANCASTER,"9,882 deals and battens",Preston Timber Co.,20,7,1881,30,7,1881,False,"July 20 Octavia-Richibucto-9,882 deals and battens-Preston Timber Co."
18810730p.82_p001.txt,78,Apollo,Christiania,LITTLEHAMPTON,9 lds. spars,Eede Butt,20,7,1881,30,7,1881,False,July 20 Apollo-Christiania-9 lds. spars-Eede Butt
18810730p.82_p001.txt,81,Rallus,Antwerp,LIVERPOOL,330 bdls. sleepers,,13,7,1881,30,7,1881,False,July 13 Rallus-Antwerp-330 bdls. sleepers
18810730p.82_p001.txt,82,Arabia,"St. John, N.B.",LIVERPOOL,"1,015 pcs. timber, 10,989 deals, &c., 3,307 ends, 22 pcs. scantlings, 15,810 palings",Order,20,7,1881,30,7,1881,False,"20 Arabia-St. John, N.B.-1,015 pcs. timber, 10,989 deals, &c., 3,307 ends, 22 pcs. scantlings, 15,810 palings-Order"
18810730p.82_p001.txt,88,Samaria,Boston,LIVERPOOL,"6,800 staves",Sundry Consignees,21,7,1881,30,7,1881,True,"21 Samaria -Boston-6,800 staves-Sundry Consignees"
18810730p.82_p001.txt,102,Pera,Mediterranean,LIVERPOOL,"32,200 pcs. boxwood",Sundry Consignees,22,7,1881,30,7,1881,True,"22 Pera -Mediterranean-32,200 pcs. boxwood-Sundry Consignees"
18810730p.82_p001.txt,108,Wyoming,New York,LIVERPOOL,29 cs. battens,Order,23,7,1881,30,7,1881,True,23 Wyoming -New York-29 cs. battens-Order
18810730p.82_p001.txt,115,British King,Philadelphia,LIVERPOOL,"634 logs, 72 pcs wood, 3,000 staves",Order,25,7,1881,30,7,1881,True,"25 British King -Philadelphia-634 logs, 72 pcs wood, 3,000 staves-Order"
18810730p.82_p001.txt,124,Tikoma,Richibucto,LIVERPOOL,"25,698 deals, &c.",Sundry Consignees,26,7,1881,30,7,1881,False,"26 Tikoma-Richibucto-25,698 deals, &c.-Sundry Consignees"
18810730p.82_p001.txt,134,Estelle,La Rochelle,LLANELLY,133 lds. pitwood,Margrave & Co.,20,7,1881,30,7,1881,False,July 20 Estelle-La Rochelle-133 lds. pitwood-Margrave & Co.
18810730p.82_p001.txt,136,Benayo,Annotto Bay,LONDON,60 t. logwood,"Anderson, Anderson, & Co.; 14 t. logwood-Order; 9 pcs. hardwood-Bosanquet, Curtis, & Co.; 3 t. logwood-A. Stewart; 60 t. satin-wood, 143 pcs. pimentowood, 954 pcs. ebony -J. Gardner & Sons; 3 t. ebony",21,7,1881,30,7,1881,True,"July 21 Benayo -Annotto Bay-60 t. logwood-Anderson, Anderson, & Co.; 14 t. logwood-Order; 9 pcs. hardwood-Bosanquet, Curtis, & Co.; 3 t. logwood-A. Stewart; 60 t. satin-wood, 143 pcs. pimentowood, 954 pcs. ebony -J. Gardner & Sons; 3 t. ebony, 6 c. mahogany, 103 bdls. sticks-Benekendorff & Co.; 2 t. satinwood-W. Morris"
18810730p.82_p001.txt,144,Sunbeam,Odessa,LONDON,"8,170 staves",Churchill & Sim; 95 staves-Order,22,7,1881,30,7,1881,True,"22 Sunbeam -Odessa-8,170 staves-Churchill & Sim; 95 staves-Order"
18810730p.82_p002.txt,5,President,Quebec,THE TIMBER TRADES JOURNAL,"23,907 deals","Bryant, Powis",23,7,1881,30,7,1881,False,"23 President-Quebec-23,907 deals-Bryant, Powis"
18810730p.82_p002.txt,19,Carmona,Montreal,THE TIMBER TRADES JOURNAL,"32,642 deals",Churchill,25,7,1881,30,7,1881,True,"25 Carmona -Montreal-32,642 deals-Churchill"
18810730p.82_p002.txt,29,France,New York,THE TIMBER TRADES JOURNAL,"2,459 staves",Order,26,7,1881,30,7,1881,True,"26 France -New York-2,459 staves-Order"
18810730p.82_p002.txt,37,Marie Agathe,St. Lucia,THE TIMBER TRADES JOURNAL,17 t. logwood,J. Marryat & Sons,27,7,1881,30,7,1881,False,27 Marie Agathe-St. Lucia-17 t. logwood-J. Marryat & Sons
18810730p.82_p002.txt,49,Cornforth,Riga,LOWESTOFT,"18,117 half","square sleepers-Burt, Boulton, & Haywood",23,7,1881,30,7,1881,False,"July 23 Cornforth-Riga-18,117 half-square sleepers-Burt, Boulton, & Haywood"
18810730p.82_p002.txt,51,Princess Alexandra,Cronstadt,LYNN,"6,112 deals and battens","Thompson, Pattrick, & Co.",23,7,1881,30,7,1881,False,"July 23 Princess Alexandra-Cronstadt-6,112 deals and battens-Thompson, Pattrick, & Co."
18810730p.82_p002.txt,52,Sarah Ann,Sundsvall,LYNN,"7,772 deals and battens","Thompson, Pattrick, & Co.",25,7,1881,30,7,1881,False,"25 Sarah Ann-Sundsvall-7,772 deals and battens-Thompson, Pattrick, & Co."
18810730p.82_p002.txt,54,Claribel,"Charlotte Town, P.E.I.",MARYPORT,160 pcs. sawn fir,R. McRae,23,7,1881,30,7,1881,False,"July 23 Claribel-Charlotte Town, P.E.I.-160 pcs. sawn fir-R. McRae"
18810730p.82_p002.txt,55,Fisher,Quebec,MARYPORT,"11 pcs. oak, 10 pcs. ash, 235 pcs. fir, 4,004 deals sawn, 402 oak staves, 15 lds. lathwood","Graham, Anderson",25,7,1881,30,7,1881,False,"25 Fisher-Quebec-11 pcs. oak, 10 pcs. ash, 235 pcs. fir, 4,004 deals sawn, 402 oak staves, 15 lds. lathwood-Graham, Anderson"
18810730p.82_p002.txt,57,King Coal,Riga,MIDDLESBROUGH,"4,015 round poles, 3,590 square sleeper blocks hewn, 3,609 square sleepers sawn","Calder, Dixon, & Co.",20,7,1881,30,7,1881,True,"July 20 King Coal -Riga-4,015 round poles, 3,590 square sleeper blocks hewn, 3,609 square sleepers sawn-Calder, Dixon, & Co."
18810730p.82_p002.txt,58,Trigga,Porsgrund,MIDDLESBROUGH,"1,054 square sleepers hewn, 447 pit",props-J. P. Hornung & Son,25,7,1881,30,7,1881,False,"25 Trigga-Porsgrund-1,054 square sleepers hewn, 447 pit-props-J. P. Hornung & Son"
18810730p.82_p002.txt,60,Excelsior,Gothenburg,NEWPORT (MON.),"16,410 pcs. fir hewn",Ebbw Vale Iron Co.,19,7,1881,30,7,1881,False,"July 19 Excelsior-Gothenburg-16,410 pcs. fir hewn-Ebbw Vale Iron Co."
18810730p.82_p002.txt,64,Felix Theopole,St. Malo,NEWPORT (MON.),112 lds. pitwood,R. W. Stonehouse & Co.,20,7,1881,30,7,1881,False,20 Felix Theopole-St. Malo-112 lds. pitwood-R. W. Stonehouse & Co.
18810730p.82_p002.txt,67,Athalie,l'Orient,NEWPORT (MON.),110 lds. pitwood,Stonehouse,21,7,1881,30,7,1881,False,21 Athalie-l'Orient-110 lds. pitwood-Stonehouse
18810730p.82_p002.txt,72,Hortense & Sidonie,Auray,NEWPORT (MON.),108 lds. pitwood,R. W. Stonehouse & Co.,22,7,1881,30,7,1881,False,22 Hortense & Sidonie-Auray-108 lds. pitwood-R. W. Stonehouse & Co.
18810730p.82_p002.txt,78,Minerve,Hennebont,NEWPORT (MON.),112 lds. pitwood,R. W. Stonehouse & Co.,23,7,1881,30,7,1881,False,23 Minerve-Hennebont-112 lds. pitwood-R. W. Stonehouse & Co.
18810730p.82_p002.txt,88,Nordsee,Riga,PLYMOUTH,3 lds. firewood,J. Rohde,22,7,1881,30,7,1881,False,July 22 Nordsee-Riga-3 lds. firewood-J. Rohde
18810730p.82_p002.txt,91,Familien,Hudikswall,POOLE,5 lds. firewood,Boye,25,7,1881,30,7,1881,False,July 25 Familien-Hudikswall-5 lds. firewood-Boye
18810730p.82_p002.txt,93,Hebe,Gefle,PORTSMOUTH,4 lds. fir sawn,J. Blomberg,20,7,1881,30,7,1881,False,July 20 Hebe-Gefle-4 lds. fir sawn-J. Blomberg
18810730p.82_p002.txt,95,Tonsberg,Quebec,ROCHESTER,"119 pcs. elm, 586 pcs. yellow pine, 4,751 pcs. yellow pine and spruce",Churchill & Sim,19,7,1881,30,7,1881,False,"July 19 Tonsberg-Quebec-119 pcs. elm, 586 pcs. yellow pine, 4,751 pcs. yellow pine and spruce-Churchill & Sim"
18810730p.82_p002.txt,96,Merkki,Abo,ROCHESTER,"13,607 battens and planks",Bessent & Son,20,7,1881,30,7,1881,False,"20 Merkki-Abo-13,607 battens and planks-Bessent & Son"
18810730p.82_p002.txt,98,Macedonian,Gothenburg,SHOREHAM,"10,045 pcs. fir sawn",Holloway & Fielders,20,7,1881,30,7,1881,False,"July 20 Macedonian-Gothenburg-10,045 pcs. fir sawn-Holloway & Fielders"
18810730p.82_p002.txt,100,Queen,Ljusne,SOUTHAMPTON,"7,691 pcs. fir sawn",Driver,19,7,1881,30,7,1881,False,"July 19 Queen-Ljusne-7,691 pcs. fir sawn-Driver"
18810730p.82_p002.txt,101,Giro,Abo,SOUTHAMPTON,4 lds. fir sawn,John Horn,20,7,1881,30,7,1881,False,20 Giro-Abo-4 lds. fir sawn-John Horn
18810730p.82_p002.txt,102,Fides,Riga,SOUTHAMPTON,"5,875 pcs. fir sawn, 116 pcs. fir hewn, 8 lds. lathwood","Driver, Jennings",23,7,1881,30,7,1881,False,"23 Fides-Riga-5,875 pcs. fir sawn, 116 pcs. fir hewn, 8 lds. lathwood-Driver, Jennings"
18810730p.82_p002.txt,104,Marie Louise,Uddevalla,SUNDERLAND,110 lds. pit,props-Rayner & Moller,19,7,1881,30,7,1881,False,July 19 Marie Louise-Uddevalla-110 lds. pit-props-Rayner & Moller
18810730p.82_p002.txt,108,St. Thomas,Christiania,SUNDERLAND,"13,969 pit",props-Marquis of Londonderry,20,7,1881,30,7,1881,False,"20 St. Thomas-Christiania-13,969 pit-props-Marquis of Londonderry"
18810730p.82_p002.txt,110,Ellida,Soderhamn,SUNDERLAND,3 lds. firewood,R. Todd,21,7,1881,30,7,1881,False,21 Ellida-Soderhamn-3 lds. firewood-R. Todd
18810730p.82_p002.txt,112,Gibson Craig,Quebec,SUNDERLAND,"126 pcs. oak, 72 pcs. timber, 1,080 pcs. fir, 1,211 fir deals",Briggs,22,7,1881,30,7,1881,False,"22 Gibson Craig-Quebec-126 pcs. oak, 72 pcs. timber, 1,080 pcs. fir, 1,211 fir deals-Briggs"
18810730p.82_p002.txt,113,Kelso,Riga,SUNDERLAND,"9,081 sleepers fir, 867 half","square sleepers-Burt, Boulton, & Haywood",23,7,1881,30,7,1881,False,"23 Kelso-Riga-9,081 sleepers fir, 867 half-square sleepers-Burt, Boulton, & Haywood"
18810730p.82_p002.txt,114,Chimborazo,Quebec,SUNDERLAND,"127 pcs. oak, 56 pcs. elm, 38 pcs. ash, 91 pcs. birch, 828 pcs. fir, 1,746 fir deals",Short Bros.,25,7,1881,30,7,1881,False,"25 Chimborazo-Quebec-127 pcs. oak, 56 pcs. elm, 38 pcs. ash, 91 pcs. birch, 828 pcs. fir, 1,746 fir deals-Short Bros."
18810730p.82_p002.txt,116,Espoir,Donelan,SWANSEA,95 lds. pitwood,Jones,19,7,1881,30,7,1881,False,July 19 Espoir-Donelan-95 lds. pitwood-Jones
18810730p.82_p002.txt,119,Albert,Donelan,SWANSEA,75 lds. pitwood,Jones & Co.,20,7,1881,30,7,1881,False,20 Albert-Donelan-75 lds. pitwood-Jones & Co.
18810730p.82_p002.txt,120,Ursule,Pont l'Abbé,SWANSEA,120 lds. pitwood,Dynevor Coal Co.,21,7,1881,30,7,1881,False,21 Ursule-Pont l'Abbé-120 lds. pitwood-Dynevor Coal Co.
18810730p.82_p002.txt,121,Celeste,St. Brieux,SWANSEA,80 lds. pitwood,James Davis,22,7,1881,30,7,1881,False,22 Celeste-St. Brieux-80 lds. pitwood-James Davis
18810730p.82_p002.txt,122,Samuel,Redon,SWANSEA,225 lds. pitwood,Vivian,23,7,1881,30,7,1881,False,23 Samuel-Redon-225 lds. pitwood-Vivian
18810730p.82_p002.txt,125,Estafette,Donelan,SWANSEA,120 lds. pitwood,Davis,25,7,1881,30,7,1881,False,25 Estafette-Donelan-120 lds. pitwood-Davis
18810730p.82_p002.txt,130,Thor,Pascagoula,TRURO,"180 pcs. hewn fir, 654 pcs. sawn fir",Harvey & Co.,20,7,1881,30,7,1881,False,"July 20 Thor-Pascagoula-180 pcs. hewn fir, 654 pcs. sawn fir-Harvey & Co."
18810730p.82_p002.txt,131,Avance,Kotka,TRURO,"11,243 pcs. sawn fir, 20 lds. firewood",Robt. Michell & Co.,21,7,1881,30,7,1881,False,"21 Avance-Kotka-11,243 pcs. sawn fir, 20 lds. firewood-Robt. Michell & Co."
18810730p.82_p002.txt,133,Spekulation,Frederikshald,TYNE,"21,628 props","Bildt, Wancke, & Co.",20,7,1881,30,7,1881,False,"July 20 Spekulation-Frederikshald-21,628 props-Bildt, Wancke, & Co."
18810730p.82_p002.txt,135,Goldfinder,Quebec,TYNE,"240 pcs. oak, 56 pcs. elm, 4,144 deals, 625 spruce deals, 803 pcs. white pine, 57 pcs. ash, 901 deal ends",Farley,21,7,1881,30,7,1881,False,"21 Goldfinder-Quebec-240 pcs. oak, 56 pcs. elm, 4,144 deals, 625 spruce deals, 803 pcs. white pine, 57 pcs. ash, 901 deal ends-Farley"
18810730p.82_p002.txt,137,Peter,Kalmar,TYNE,"3,578 pit",props-Order,22,7,1881,30,7,1881,False,"22 Peter-Kalmar-3,578 pit-props-Order"
18810730p.82_p002.txt,143,Carolus,Quebec,TYNE,"300 boards oak, 10 lds. hickory, 10 lds. walnut, 30 lds. waney white pine, 21 lds. buttonwood, 150 lds. deals and ends","Palmer, Hall, & Co.",23,7,1881,30,7,1881,False,"23 Carolus-Quebec-300 boards oak, 10 lds. hickory, 10 lds. walnut, 30 lds. waney white pine, 21 lds. buttonwood, 150 lds. deals and ends-Palmer, Hall, & Co."
18810730p.82_p002.txt,144,Elizabeth,Rotterdam,TYNE,"9,260 bdls. wood hoops","Stevenson, Vermehren, & Co.",25,7,1881,30,7,1881,False,"25 Elizabeth-Rotterdam-9,260 bdls. wood hoops-Stevenson, Vermehren, & Co."
18810730p.82_p002.txt,150,Gustaf,Sundswall,TYNE,168 redwood deals,Order,26,7,1881,30,7,1881,False,26 Gustaf-Sundswall - 168 redwood deals-Order
18810730p.82_p002.txt,153,Thomas Lee,Quebec,WHITEHAVEN,"42 pcs. hewn oak, 272 pcs. fir, 1,378 sawn fir deals, 15 lds. lathwood",J. & W. Jackson,19,7,1881,30,7,1881,False,"July 19 Thomas Lee-Quebec-42 pcs. hewn oak, 272 pcs. fir, 1,378 sawn fir deals, 15 lds. lathwood-J. & W. Jackson"
18810730p.82_p002.txt,154,Ardmoress,Riga,WHITEHAVEN,15 lds. lathwood,M. Kirk-patrick,25,7,1881,30,7,1881,False,25 Ardmoress-Riga-15 lds. lathwood-M. Kirk-patrick
18810730p.82_p002.txt,156,Nereide,Doboy,WISBECH,"205 pcs. pitch pine hewn, 292 pcs. pitch pine sawn, 133 deals",Stanley & Jameson,20,7,1881,30,7,1881,False,"July 20 Nereide - Doboy-205 pcs. pitch pine hewn, 292 pcs. pitch pine sawn, 133 deals-Stanley & Jameson"
18810730p.82_p002.txt,157,Mentor,Fernandina,WISBECH,213 pcs. cedar,English,21,7,1881,30,7,1881,False,21 Mentor-Fernandina-213 pcs. cedar-English
18810730p.82_p002.txt,158,Emilea,Gefle,WISBECH,"7,378 deals",English Brothers,23,7,1881,30,7,1881,False,"23 Emilea-Gefle-7,378 deals-English Brothers"
18810730p.82_p002.txt,161,Ostsee,Darien,YARMOUTH,"827 pcs. pitch pine hewn, 561 pcs. pitch pine sawn",Ofeur & Bellin,19,7,1881,30,7,1881,False,"July 19 Ostsee-Darien-827 pcs. pitch pine hewn, 561 pcs. pitch pine sawn-Ofeur & Bellin"
18810730p.82_p002.txt,162,Freya,Drammen,YARMOUTH,"26,823 flooring boards",Jewson & Sons,20,7,1881,30,7,1881,False,"20 Freya - Drammen-26,823 flooring boards-Jewson & Sons"
18810730p.82_p002.txt,163,Ingeborg,Sault au Cochon,YARMOUTH,"15,123 fir deals, 1,250 palings",J. & J. Colman,22,7,1881,30,7,1881,False,"22 Ingeborg-Sault au Cochon-15,123 fir deals, 1,250 palings-J. & J. Colman"
18810730p.82_p002.txt,166,Bella,Miramichi,BELFAST,"18,760 deals, 182 palings",W. F. Redmond & Co.,19,7,1881,30,7,1881,False,"July 19 Bella-Miramichi-18,760 deals, 182 palings-W. F. Redmond & Co."
18810730p.82_p002.txt,168,Baltic,Miramichi,BELFAST,"19,980 deals and scantlings",Dixon & Morrison,21,7,1881,30,7,1881,False,"21 Baltic-Miramichi-19,980 deals and scantlings-Dixon & Morrison"
18810730p.82_p002.txt,170,Black Head,Riga,BELFAST,"22,340 sleepers, 44 lds. lath",wood-J. P. Corry & Co.,23,7,1881,30,7,1881,False,"23 Black Head-Riga-22,340 sleepers, 44 lds. lath-wood-J. P. Corry & Co."
18810730p.82_p003.txt,5,Essex,"St. John, N.B.",COLERAINE,"7,393 deals, 5 cords lathwood",T. McCarthy,18,7,1881,30,7,1881,False,"July 18 Essex-St. John, N.B.-7,393 deals, 5 cords lathwood-T. McCarthy"
18810730p.82_p003.txt,7,Riberia,"St. John, N.B.",CORK,"10,906 deals, battens, and deal ends",Order,18,7,1881,30,7,1881,False,"July 18 Riberia-St. John, N.B.-10,906 deals, battens, and deal ends-Order"
18810730p.82_p003.txt,9,Ressource,Quebec,DROGHEDA,"21,437 deals, ends, and battens",Drogheda Saw-mill Co.,19,7,1881,30,7,1881,False,"July 19 Ressource-Quebec-21,437 deals, ends, and battens-Drogheda Saw-mill Co."
18810730p.82_p003.txt,11,Ruby,Quebec,DUBLIN,"870 pcs. timber, 8,614 deals, 5,231 staves",R. Martin & Co.,20,7,1881,30,7,1881,False,"July 20 Ruby-Quebec-870 pcs. timber, 8,614 deals, 5,231 staves-R. Martin & Co."
18810730p.82_p003.txt,12,City of Rotterdam,Riga,DUBLIN,"11,332 sleepers","Calder, Dixon, & Co.",21,7,1881,30,7,1881,False,"21 City of Rotterdam-Riga-11,332 sleepers-Calder, Dixon, & Co."
18810730p.82_p003.txt,13,Richmond,Quebec,DUBLIN,"109 pcs. timber, 5,465 deals","Brooks, Thomas, & Co.",23,7,1881,30,7,1881,False,"23 Richmond-Quebec-109 pcs. timber, 5,465 deals-Brooks, Thomas, & Co."
18810730p.82_p003.txt,15,Nina,Dalhousie,DUBLIN,"309 pcs. birch, 13,265 deals",W. Graham,24,7,1881,30,7,1881,False,"24 Nina-Dalhousie-309 pcs. birch, 13,265 deals-W. Graham"
18810730p.82_p003.txt,18,Apollo,Riga,DUNDALK,"4,285 lds. lathwood","Calder, Dixon, & Co.",23,7,1881,30,7,1881,False,"July 23 Apollo-Riga-4,285 lds. lathwood-Calder, Dixon, & Co."
18810730p.82_p003.txt,20,Ashlon,St. John,LIMERICK,"18,731 deals and deal ends",Colbourn Bros.,22,7,1881,30,7,1881,False,"July 22 Ashlon-St. John-18,731 deals and deal ends-Colbourn Bros."
18810730p.82_p003.txt,22,Sverre,"St. John, N.B.",LONDONDERRY,"12,974 deals and deal ends",Colbourn Bros.,18,7,1881,30,7,1881,False,"July 18 Sverre-St. John, N.B.-12,974 deals and deal ends-Colbourn Bros."
18810730p.82_p003.txt,23,Fimafengr,Miramichi,LONDONDERRY,"820 lds. deals and deal ends, 5 lds. birch",J. Ballantyne,20,7,1881,30,7,1881,False,"20 Fimafengr-Miramichi-820 lds. deals and deal ends, 5 lds. birch-J. Ballantyne"
18810730p.82_p003.txt,24,Biskof Brunn,Quebec,LONDONDERRY,"19,850 deals and deal ends",A. McElwee,22,7,1881,30,7,1881,False,"22 Biskof Brunn-Quebec-19,850 deals and deal ends-A. McElwee"
18810730p.82_p003.txt,26,Maud Scammell,"St. John, N.B.",NEWRY,"16,642 deals and deal ends",Carvill Bros.,20,7,1881,30,7,1881,False,"July 20 Maud Scammell-St. John, N.B.-16,642 deals and deal ends-Carvill Bros."
18810730p.82_p003.txt,28,Arethusa,Quebec,SLIGO,"11,567 deals, 13 lds. lathwood",O'Connor & Cullen,19,7,1881,30,7,1881,False,"July 19 Arethusa-Quebec-11,567 deals, 13 lds. lathwood-O'Connor & Cullen"
18810730p.82_p003.txt,31,Rowena,Quebec,ABERDEEN,"307 pcs. hewn pine, 102 pcs. hewn oak, 9,876 pcs. pine and spruce sawn",G. Milne & Co.,20,7,1881,30,7,1881,False,"July 20 Rowena-Quebec-307 pcs. hewn pine, 102 pcs. hewn oak, 9,876 pcs. pine and spruce sawn-G. Milne & Co."
18810730p.82_p003.txt,32,Dunrobin Castle,Quebec,ABERDEEN,830 staves,"Donald-son, Rose, & Co.; 20 pcs. hewn oak, 20 pcs. hewn elm, 455 pcs. hewn yellow pine, 210 pcs. hewn birch, 1,000 deals and deal ends-Neil, Smith, jun., & Co.",21,7,1881,30,7,1881,False,"21 Dunrobin Castle-Quebec-830 staves-Donald-son, Rose, & Co.; 20 pcs. hewn oak, 20 pcs. hewn elm, 455 pcs. hewn yellow pine, 210 pcs. hewn birch, 1,000 deals and deal ends-Neil, Smith, jun., & Co."
18810730p.82_p003.txt,33,Bon Accord,Riga,ABERDEEN,800 sleepers,Robb & Co.,25,7,1881,30,7,1881,False,25 Bon Accord-Riga-800 sleepers-Robb & Co.
18810730p.82_p003.txt,35,Haabet,Porsgrund,ALLOA,"3,872 battens",J. Johnstone,19,7,1881,30,7,1881,False,"July 19 Haabet-Porsgrund-3,872 battens-J. Johnstone"
18810730p.82_p003.txt,36,Chieftain,Bjorneborg,ALLOA,"8,055 deals and battens",J. D. Thomson,22,7,1881,30,7,1881,False,"22 Chieftain-Bjorneborg-8,055 deals and battens -J. D. Thomson"
18810730p.82_p003.txt,40,Mersey,Quebec,ARDROSSAN,"40 pcs. oak, 30 pcs. elm, 646 pcs. fir, 950 fir deals, 12 cords hemlock lathwood",Russell & Fullerton,20,7,1881,30,7,1881,False,"July 20 Mersey-Quebec-40 pcs. oak, 30 pcs. elm, 646 pcs. fir, 950 fir deals, 12 cords hemlock lathwood-Russell & Fullerton"
18810730p.82_p003.txt,42,New Brunswick,Quebec,AYR,"57 pcs. oak, 594 pcs. fir, 2,684 fir deals, 10 lds. lathwood",J. Paton & Sons,18,7,1881,30,7,1881,False,"July 18 New Brunswick-Quebec-57 pcs. oak, 594 pcs. fir, 2,684 fir deals, 10 lds. lathwood-J. Paton & Sons"
18810730p.82_p003.txt,43,Leonora,Miramichi,AYR,"8,468 deals",W. Alexander,21,7,1881,30,7,1881,False,"21 Leonora-Miramichi-8,468 deals-W. Alexander"
18810730p.82_p003.txt,45,Brodrene,Christiansand,BORROWSTOUNNESS,"10,000 pit",props-A. Gulstad & Co.,19,7,1881,30,7,1881,False,"July 19 Brodrene-Christiansand-10,000 pit-props-A. Gulstad & Co."
18810730p.82_p003.txt,47,Jens Ruffen,Christiania,BORROWSTOUNNESS,"6,081 pit","props, 519 battens-Lassodie Colliery Co.",20,7,1881,30,7,1881,False,"20 Jens Ruffen-Christiania-6,081 pit-props, 519 battens-Lassodie Colliery Co."
18810730p.82_p003.txt,51,Detre Sostre,Laurvig,BORROWSTOUNNESS,"9,022 pit",props-Denholm,22,7,1881,30,7,1881,False,"22 Detre Sostre-Laurvig-9,022 pit-props-Denholm"
18810730p.82_p003.txt,53,Garry,Archangel,DUNDEE,90 lds. deals,J. Mitchell,20,7,1881,30,7,1881,False,July 20 Garry-Archangel-90 lds. deals-J. Mitchell
18810730p.82_p003.txt,54,Norway,Quebec,DUNDEE,"80 pcs. elm, 643 pcs. pine, 1,379 deals",Gaulay Bros. & Co.,21,7,1881,30,7,1881,False,"21 Norway-Quebec-80 pcs. elm, 643 pcs. pine, 1,379 deals-Gaulay Bros. & Co."
18810730p.82_p003.txt,55,Silistria,Quebec,DUNDEE,"6 pcs. oak, 6 pcs. ash, 6 pcs. elm, 100 pcs. birch, 362 pcs. pine, 8,099 deals",J. Jessiman,23,7,1881,30,7,1881,False,"23 Silistria-Quebec-6 pcs. oak, 6 pcs. ash, 6 pcs. elm, 100 pcs. birch, 362 pcs. pine, 8,099 deals-J. Jessiman"
18810730p.82_p003.txt,57,Jeranos,Baltimore,GLASGOW,"645 oak planks, 18 oak logs","Allison, Cousland, & Hamilton; 204 oak planks, 58 walnut logs, 11,950 staves-Order",19,7,1881,30,7,1881,True,"July 19 Jeranos -Baltimore-645 oak planks, 18 oak logs-Allison, Cousland, & Hamilton; 204 oak planks, 58 walnut logs, 11,950 staves-Order"
18810730p.82_p003.txt,65,Trinacia,New York,THE TIMBER TRADES JOURNAL,"305 pcs. timber, 14 walnut logs, 400 staves",Order,22,7,1881,30,7,1881,True,"22 Trinacia -New York-305 pcs. timber, 14 walnut logs, 400 staves-Order"
18810730p.82_p003.txt,66,Meta,"Pictou, N.S.",THE TIMBER TRADES JOURNAL,"952 pcs. birch, 2,634 spruce deals and ends",Order,23,7,1881,30,7,1881,False,"23 Meta-Pictou, N.S.-952 pcs. birch, 2,634 spruce deals and ends-Order"
18810730p.82_p003.txt,67,Wearmouth,"St. John, N.B.",THE TIMBER TRADES JOURNAL,"28,984 deals, 1,336 scantlings, 8,227 deal ends, 1,646 boards","Singleton, Dunn, & Co.",25,7,1881,30,7,1881,True,"25 Wearmouth -St. John, N.B.-28,984 deals, 1,336 scantlings, 8,227 deal ends, 1,646 boards-Singleton, Dunn, & Co."
18810730p.82_p003.txt,70,Laurel,Christiania,GRANGEMOUTH,"7,580 flooring boards, 1,330 battens",J. T. Salvesen & Co.,18,7,1881,30,7,1881,False,"July 18 Laurel-Christiania-7,580 flooring boards, 1,330 battens-J. T. Salvesen & Co."
18810730p.82_p003.txt,71,Jessie,Abo,GRANGEMOUTH,"27,784 battens and ends","Robinson, Dunn, & Co.; a quantity firewood-Master",20,7,1881,30,7,1881,False,"20 Jessie-Abo-27,784 battens and ends-Robinson, Dunn, & Co.; a quantity firewood-Master"
18810730p.82_p003.txt,72,De Salaberry,Quebec,GRANGEMOUTH,"94 pcs. oak, 25 pcs. elm, 5 pcs. ash, 35 pcs. birch, 93 pcs. red pine, 447 pcs. waney pine, 292 pcs. square pine, 2,827 deals and ends",R. Melville & Co.,22,7,1881,30,7,1881,False,"22 De Salaberry-Quebec-94 pcs. oak, 25 pcs. elm, 5 pcs. ash, 35 pcs. birch, 93 pcs. red pine, 447 pcs. waney pine, 292 pcs. square pine, 2,827 deals and ends-R. Melville & Co."
18810730p.82_p003.txt,75,Gorm,Alfredsham,GRANGEMOUTH,"12,090 battens",R. Melville,23,7,1881,30,7,1881,False,"23 Gorm-Alfredsham-12,090 battens-R. Melville"
18810730p.82_p003.txt,77,Helene,Holmestrand,GRANTON,"3,986 battens","Mitchell, Thomson, & Co.",18,7,1881,30,7,1881,False,"July 18 Helene-Holmestrand-3,986 battens-Mitchell, Thomson, & Co."
18810730p.82_p003.txt,78,Halomanen,Sandefjord,GRANTON,"17,258 pit",props-Madsen & Borck,22,7,1881,30,7,1881,False,"22 Halomanen-Sandefjord-17,258 pit-props-Madsen & Borck"
18810730p.82_p003.txt,79,Svend Foyn,Vefsen,GRANTON,"13,890 deals and battens","Mitchell, Thomson, & Co.",25,7,1881,30,7,1881,False,"25 Svend Foyn-Vefsen-13,890 deals and battens-Mitchell, Thomson, & Co."
18810730p.82_p003.txt,82,Cavour,Quebec,GREENOCK,"334 pcs. oak, 111 pcs. elm, 995 pcs. white pine, 1,959 pine deals, 1,968 spruce deals",Brownlee & Co.,19,7,1881,30,7,1881,False,"July 19 Cavour-Quebec-334 pcs. oak, 111 pcs. elm, 995 pcs. white pine, 1,959 pine deals, 1,968 spruce deals-Brownlee & Co."
18810730p.82_p003.txt,87,Loch Simcoe,Montreal,GREENOCK,"6,148 oak planks",Order,20,7,1881,30,7,1881,False,"20 Loch Simcoe-Montreal-6,148 oak planks-Order"
18810730p.82_p003.txt,90,Trenton,Quebec,GREENOCK,"162 pcs. oak, 50 pcs. elm, 209 pcs. birch, 916 pcs. white pine, 269 pine deals, 981 deal ends",Edmiston & Mitchells,21,7,1881,30,7,1881,False,"21 Trenton-Quebec-162 pcs. oak, 50 pcs. elm, 209 pcs. birch, 916 pcs. white pine, 269 pine deals, 981 deal ends-Edmiston & Mitchells"
18810730p.82_p003.txt,93,Kalervo,Pensacola,GREENOCK,"809 pcs. sawn, 281 deals",Order,22,7,1881,30,7,1881,False,"22 Kalervo-Pensacola-809 pcs. sawn, 281 deals-Order"
18810730p.82_p003.txt,94,Amaranth,Quebec,GREENOCK,"222 pcs. elm, 22 pcs. hickory, 209 pcs. ash, 39 pcs. maple, 25 pcs. whitewood, 112 pcs. red pine, 738 pcs. white pine, 3,504 spruce deals, 719 pine deals, 8 cords lathwood",Order,23,7,1881,30,7,1881,False,"23 Amaranth-Quebec-222 pcs. elm, 22 pcs. hickory, 209 pcs. ash, 39 pcs. maple, 25 pcs. whitewood, 112 pcs. red pine, 738 pcs. white pine, 3,504 spruce deals, 719 pine deals, 8 cords lathwood-Order"
18810730p.82_p003.txt,95,Asia,Pensacola,GREENOCK,"1,137 pcs. sawn pitch pine, 304 pitch pine deals",Order,25,7,1881,30,7,1881,False,"25 Asia-Pensacola-1,137 pcs. sawn pitch pine, 304 pitch pine deals-Order"
18810730p.82_p003.txt,98,Rap,Sandefjord,KIRKCALDY,"2,492 battens",Lindsay,22,7,1881,30,7,1881,False,"July 22 Rap-Sandefjord-2,492 battens-Lindsay"
18810730p.82_p003.txt,101,Isabella Wilson,Archangel,KIRKWALL,182 spars,Mowatt & Hay,18,7,1881,30,7,1881,False,July 18 Isabella Wilson-Archangel-182 spars-Mowatt & Hay
18810730p.82_p003.txt,103,St. Johannes,Moss,LEITH,"4,697 battens, 68 spars, 2 fms. firewood",Hutchison Bros.,19,7,1881,30,7,1881,False,"July 19 St. Johannes-Moss-4,697 battens, 68 spars, 2 fms. firewood-Hutchison Bros."
18810730p.82_p003.txt,104,Silvanus,Windau,LEITH,"784 pcs. fir hewn, 1,559 pcs. fir sawn","Park, Dobson, & Co.",20,7,1881,30,7,1881,False,"20 Silvanus-Windau-784 pcs. fir hewn, 1,559 pcs. fir sawn-Park, Dobson, & Co."
18810813p.114_p001.txt,5,Conducto,"7,716 deals, 628 boards",BARNSTAPLE,"Symons & Baker; 7 spars, 48 fir poles, firewood",T. H. Hiswark,8,8,1881,13,8,1881,False,"Aug. 8 Conducto-7,716 deals, 628 boards-Symons & Baker; 7 spars, 48 fir poles, firewood-T. H. Hiswark"
18810813p.114_p001.txt,7,Sarah,"17,277 deals and battens",BARROW,Barrow S.T. Co.,,8,8,1881,13,8,1881,False,"Aug. 8 Sarah-17,277 deals and battens-Barrow S.T. Co."
18810813p.114_p001.txt,8,Otto,"1,628 pcs. oak, 54 pcs. elm, 337 deals",BARROW,Wm. Gradwell,,9,8,1881,13,8,1881,False,"9 Otto-1,628 pcs. oak, 54 pcs. elm, 337 deals-Wm. Gradwell"
18810813p.114_p001.txt,10,Erickstadt,"35,424 boards",BRISTOL,T. Adams & Co.,,8,8,1881,13,8,1881,False,"Aug. 8 Erickstadt-35,424 boards-T. Adams & Co."
18810813p.114_p001.txt,11,Venus,"15,860 deals and battens, 464 ends",BRISTOL,Taylor & Low,,9,8,1881,13,8,1881,False,"9 Venus-15,860 deals and battens, 464 ends-Taylor & Low"
18810813p.114_p001.txt,14,"Africa, N.B.","36,284 deals",CARDIFF,Bland & Co. ; 150 lds. pitwood,J. Rogers,3,8,1881,13,8,1881,False,"Aug. 3 Africa, N.B.-36,284 deals-Bland & Co. ; 150 lds. pitwood-J. Rogers"
18810813p.114_p001.txt,16,Emilie,150 lds. pitwood,CARDIFF,Morel Bros. ; 100 lds. pitwood,Rhymney Iron Co.,4,8,1881,13,8,1881,False,4 Emilie-150 lds. pitwood-Morel Bros. ; 100 lds. pitwood-Rhymney Iron Co.
18810813p.114_p001.txt,24,Fremad,Sandarne,CARNARVON,"10,584 deals and battens",H. Bannister,3,8,1881,13,8,1881,False,"Aug. 3 Fremad-Sandarne-10,584 deals and battens-H. Bannister"
18810813p.114_p001.txt,25,Frederick William,Sundswall,CARNARVON,"10,684 pcs. mining timber",Ashford,8,8,1881,13,8,1881,False,"8 Frederick William-Sundswall-10,684 pcs. mining timber-Ashford"
18810813p.114_p001.txt,26,Usko,Fernandina,CARNARVON,17 lds. firewood,C. P. Herlin,9,8,1881,13,8,1881,False,9 Usko-Fernandina-17 lds. firewood-C. P. Herlin
18810813p.114_p001.txt,28,Alpha,Gefle,COLCHESTER,"8,695 deals and battens","Groom, Daniels, & Co.",3,8,1881,13,8,1881,False,"Aug. 3 Alpha-Gefle-8,695 deals and battens-Groom, Daniels, & Co."
18810813p.114_p001.txt,30,Fremad,Sandarne,COWES,"4,666 deals",H. Bannister,3,8,1881,13,8,1881,False,"Aug. 3 Fremad-Sandarne-4,666 deals-H. Bannister"
18810813p.114_p001.txt,32,Frederick William,Sundswall,DARTMOUTH,"1,348 deals, 362 pcs. boards",J. P. Tolputt,8,8,1881,13,8,1881,False,"Aug. 8 Frederick William-Sundswall-1,348 deals, 362 pcs. boards-J. P. Tolputt"
18810813p.114_p001.txt,34,Usko,Fernandina,DOVER,17 lds. firewood,C. P. Herlin,2,8,1881,13,8,1881,False,Aug. 2 Usko-Fernandina-17 lds. firewood-C. P. Herlin
18810813p.114_p001.txt,36,Bravo,Pascagoula,FLEETWOOD,"576 pcs. hewn fir, 488 deals",Ward,8,8,1881,13,8,1881,False,"Aug. 8 Bravo-Pascagoula-576 pcs. hewn fir, 488 deals-Ward"
18810813p.114_p001.txt,39,Lilian,Hernösand,FOLKESTONE,"9,458 fms. firewood",J. B. Tolputt,8,8,1881,13,8,1881,False,"Aug. 8 Lilian-Hernösand-9,458 fms. firewood-J. B. Tolputt"
18810813p.114_p001.txt,41,Novo,Pascagoula,FOWEY,"250 pcs. sawn fir, 1,220 deals, 14,202 staves",J. Ward,8,8,1881,13,8,1881,False,"Aug. 8 Novo-Pascagoula-250 pcs. sawn fir, 1,220 deals, 14,202 staves-J. Ward"
18810813p.114_p001.txt,43,Safir,Porsgrund,GLOUCESTER,"200,126 staves, 57 battens",Wm. Chellew,4,8,1881,13,8,1881,False,"Aug. 4 Safir-Porsgrund-200,126 staves, 57 battens-Wm. Chellew"
18810813p.114_p001.txt,44,Argo,Parsborough,GLOUCESTER,"23,534 deals",Price & Co.,3,8,1881,13,8,1881,False,"August 3 Argo-Parsborough-23,534 deals-Price & Co."
18810813p.114_p001.txt,46,Fylde,Montreal,GLOUCESTER,"10,940 deals",Price & Co.,4,8,1881,13,8,1881,False,"4 Fylde-Montreal-10,940 deals-Price & Co."
18810813p.114_p001.txt,48,Helios,Miramichi,GLOUCESTER,"14,928 deals",J. Chadborn,8,8,1881,13,8,1881,False,"8 Helios-Miramichi-14,928 deals-J. Chadborn"
18810813p.114_p001.txt,51,Maria Regina,Gaboon,GOOLE,312 t. barwood,Order,2,8,1881,13,8,1881,False,Aug. 2 Maria Regina-Gaboon-312 t. barwood-Order
18810813p.114_p001.txt,53,& 4 Vidar,Cronstadt,GRIMSBY,"5,958 deals, battens, &c.",Wintringham & Son,3,8,1881,13,8,1881,False,"Aug. 3 & 4 Vidar-Cronstadt-5,958 deals, battens, &c.-Wintringham & Son"
18810813p.114_p001.txt,65,& 6 Louise,Dantzic,GRIMSBY,"1,000 sawn sleepers",Order,5,8,1881,13,8,1881,True,"5 & 6 Louise -Dantzic-1,000 sawn sleepers-Order"
18810813p.114_p001.txt,69,& 9 Regio,Libau,GRIMSBY,"385 sawn, 2,404 sleepers",Order,8,8,1881,13,8,1881,False,"8 & 9 Regio-Libau-385 sawn, 2,404 sleepers-Order"
18810813p.114_p001.txt,73,Martin,Hudikswall,HARTLEPOOL (WEST),"3,418 pcs. mining timber, 418 pit",props-George Horsley & Co.,2,8,1881,13,8,1881,False,"Aug. 2 Martin-Hudikswall-3,418 pcs. mining timber, 418 pit-props-George Horsley & Co."
18810813p.114_p001.txt,78,Eleanor,Ljusne,HARTLEPOOL (WEST),"8,287 deals, battens, and boards",Jas. Rhodes & Co.,3,8,1881,13,8,1881,False,"3 Eleanor - Ljusne-8,287 deals, battens, and boards-Jas. Rhodes & Co."
18810813p.114_p002.txt,5,California,New York,"AUGUST 13, 1881.]","386 boards, 41 bdls. mahogany, 22 bdls. whitewood","H. Herrmann ; 1,260 staves-Simson & Mason ; 119 logs walnut, 195 boards, 51 bdls. mahogany, 86 logs rosewood-Order",6,8,1881,13,8,1881,True,"6 California -New York-386 boards, 41 bdls. mahogany, 22 bdls. whitewood-H. Herrmann ; 1,260 staves-Simson & Mason ; 119 logs walnut, 195 boards, 51 bdls. mahogany, 86 logs rosewood-Order"
18810813p.114_p002.txt,22,Boodana,Calcutta,"AUGUST 13, 1881.]",18 logs timber,"Armitage, Fry, & Co. ; 74 logs ebony, 18 logs timber, 2,510 pcs. sapanwood-Order",8,8,1881,13,8,1881,True,"8 Boodana -Calcutta-18 logs timber-Armitage, Fry, & Co. ; 74 logs ebony, 18 logs timber, 2,510 pcs. sapanwood-Order"
18810813p.114_p002.txt,47,Saga,Skonvik,"AUGUST 13, 1881.]",230 stds. deals and battens,Order,9,8,1881,13,8,1881,False,9 Saga-Skonvik-230 stds. deals and battens-Order
18810813p.114_p002.txt,61,Napoleon,Quebec,THE TIMBER TRADES JOURNAL,"759 pcs. timber, 2,400 staves 3,716 deals, 900 deal ends",Order,10,8,1881,13,8,1881,False,"10 Napoleon-Quebec-759 pcs. timber, 2,400 staves 3,716 deals, 900 deal ends-Order"
18810813p.114_p002.txt,66,King's Lynn,Sundswall,LYNN,"14,284 deals and bittens",King's Lynn SS. Co.,3,8,1881,13,8,1881,False,"Aug. 3 King's Lynn-Sundswall-14,284 deals and bittens-King's Lynn SS. Co."
18810813p.114_p002.txt,67,James Duncan,Cronstadt,LYNN,"8,008 deals and battens","Thompson, Pattrick, & Co. ; firewood-P. Bird",4,8,1881,13,8,1881,False,"4 James Duncan - Cronstadt - 8,008 deals and battens-Thompson, Pattrick, & Co. ; firewood-P. Bird"
18810813p.114_p002.txt,69,Celsus,Cronstadt,LYNN,deals and battens,"Thompson, Pattrick",6,8,1881,13,8,1881,False,"6 Celsus-Cronstadt-deals and battens-Thompson, Pattrick"
18810813p.114_p002.txt,73,George Bartram,Bjorneborg,LYNN,"10,994 deals, battens, and boards",J. T. Stanton & Co. ; 8 lds. firewood-M. G. Tilson,8,8,1881,13,8,1881,False,"8 George Bartram-Bjorneborg - 10,994 deals, battens, and boards-J. T. Stanton & Co. ; 8 lds. firewood-M. G. Tilson"
18810813p.114_p002.txt,76,Valparaiso,San Francisco,MARYPORT,872 boards,Mills,6,8,1881,13,8,1881,False,Aug. 6 Valparaiso-San Francisco-872 boards-Mills
18810813p.114_p002.txt,78,Ines,Lovisa,MIDDLESBROUGH,"310 pcs. round timber, 10,480 pit",props-J. P. Hornung & Son,4,8,1881,13,8,1881,False,"Aug. 4 Ines-Lovisa-310 pcs. round timber, 10,480 pit-props-J. P. Hornung & Son"
18810813p.114_p002.txt,81,Die Ostsee,Stettin,MIDDLESBROUGH,"428 pcs. oak, 200 pcs. round timber","Calder, Dixon, Stewart, & Co.",8,8,1881,13,8,1881,False,"8 Die Ostsee-Stettin-428 pcs. oak, 200 pcs. round timber-Calder, Dixon, Stewart, & Co."
18810813p.114_p002.txt,83,Tre Venner,Soderhamn,NEWHAVEN,"5,729 pcs. sawn fir",Parsons Bros.,5,8,1881,13,8,1881,False,"Aug. 5 Tre Venner-Soderhamn-5,729 pcs. sawn fir-Parsons Bros."
18810813p.114_p002.txt,84,Venus,Langror,NEWHAVEN,428 lds. firewood,Braddick,8,8,1881,13,8,1881,False,8 Venus-Langror-428 lds. firewood-Braddick
18810813p.114_p002.txt,86,Sonnabend,Archangel,NEWPORT (MON.),"7,674 deals and deal ends",Nicholas & Co.,2,8,1881,13,8,1881,False,"Aug. 2 Sonnabend-Archangel-7,674 deals and deal ends-Nicholas & Co."
18810813p.114_p002.txt,94,Liffey,"St. John, N.B.",NEWPORT (MON.),"1,288 lds. deal ends and battens",Nicholas & Co.,8,8,1881,13,8,1881,False,"8 Liffey-St. John, N.B.-1,288 lds. deal ends and battens-Nicholas & Co."
18810813p.114_p002.txt,97,Dagmar,Quebec,PLYMOUTH,"1,405 pcs. hewn fir, 2,528 pcs. sawn fir, 38 lds. lathwood",Bayly,3,8,1881,13,8,1881,False,"Aug. 3 Dagmar-Quebec-1,405 pcs. hewn fir, 2,528 pcs. sawn fir, 38 lds. lathwood-Bayly"
18810813p.114_p002.txt,101,Heroine,Newfoundland,POOLE,"133 boards, 300 fir poles",W. Waterman & Co.,2,8,1881,13,8,1881,False,"Aug. 2 Heroine-Newfoundland-133 boards, 300 fir poles-W. Waterman & Co."
18810813p.114_p002.txt,102,Gustav,Archangel,POOLE,"6,354 deals and battens, 25 ft. fir, 4 lds. firewood",May & Hassell,5,8,1881,13,8,1881,False,"5 Gustav-Archangel-6,354 deals and battens, 25 ft. fir, 4 lds. firewood-May & Hassell"
18810813p.114_p002.txt,103,Gustav,Gefle,POOLE,"11,127 deals and battens","Sydenham, Hunt, & Co.",8,8,1881,13,8,1881,False,"8 Gustav-Gefle-11,127 deals and battens-Sydenham, Hunt, & Co."
18810813p.114_p002.txt,104,Taria,Gefle,POOLE,"4,643 deals, 16,107 fir boards dressed","Sydenham, Hunt, & Co.",8,8,1881,13,8,1881,False,"8 Taria-Gefle-4,643 deals, 16,107 fir boards dressed-Sydenham, Hunt, & Co."
18810813p.114_p002.txt,106,Charlotte Helburg,Sundswall,RAMSEY (ISLE OF MAN),"4,716 deals, battens, and boards, 700 pcs. square timber, 4 fms. firewood",Goldsmith & Cowley,4,8,1881,13,8,1881,False,"Aug. 4 Charlotte Helburg-Sundswall-4,716 deals, battens, and boards, 700 pcs. square timber, 4 fms. firewood-Goldsmith & Cowley"
18810813p.114_p002.txt,108,Ocean,Hernösand,ROCHESTER,"7,259 fir deals and battens",Horsenail & Reynolds,3,8,1881,13,8,1881,False,"Aug. 3 Ocean-Hernösand-7,259 fir deals and battens-Horsenail & Reynolds"
18810813p.114_p002.txt,109,Soren Peter,Hernösand,ROCHESTER,"27,590 deals",Bessent,5,8,1881,13,8,1881,False,"5 Soren Peter-Hernösand-27,590 deals-Bessent"
18810813p.114_p002.txt,111,Elise,Mandal,RUNCORN,"1,814 pcs. mining timber, 2,845 pit",props-Bridgwater Navigation Co.,2,8,1881,13,8,1881,False,"Aug. 2 Elise-Mandal-1,814 pcs. mining timber, 2,845 pit-props-Bridgwater Navigation Co."
18810813p.114_p002.txt,113,Eos,Ornskjoldsvik,SHOREHAM,"10,416 deals and battens",Beves & Co.,2,8,1881,13,8,1881,False,"Aug. 2 Eos-Ornskjoldsvik-10,416 deals and battens-Beves & Co."
18810813p.114_p002.txt,121,Gideon,Gefle,SOUTHAMPTON,"7,769 deals, boards",Tagart & Co.,3,8,1881,13,8,1881,False,"Aug. 3 Gideon-Gefle-7,769 deals, boards-Tagart & Co."
18810813p.114_p002.txt,122,Mercutio,Riga,SOUTHAMPTON,"7,550 pcs. timber",Burt & Co.,8,8,1881,13,8,1881,True,"8 Mercutio -Riga-7,550 pcs. timber-Burt & Co."
18810813p.114_p002.txt,125,Argo,Darien,SOUTHAMPTON,"650 pcs. timber, 24,649 pit",props-Short,9,8,1881,13,8,1881,False,"9 Argo-Darien-650 pcs. timber, 24,649 pit-props-Short"
18810813p.114_p002.txt,127,Midtakor,Halmstad,SUNDERLAND,"4,997 pit",props-Moller Rayner & Moller,2,8,1881,13,8,1881,False,"Aug. 2 Midtakor - Halmstad-4,997 pit-props-Moller Rayner & Moller"
18810813p.114_p002.txt,129,Goteborg,Gothenburg,SUNDERLAND,"21,008 pcs. pitch pine, 840 splits fir, 157 pcs. mining timber",Torkildsen,3,8,1881,13,8,1881,False,"3 Goteborg-Gothenburg-21,008 pcs. pitch pine, 840 splits fir, 157 pcs. mining timber-Torkildsen"
18810813p.114_p002.txt,134,Activ,Monsteras,SUNDERLAND,"3,656 pcs. firwood",Peacock Bros.,4,8,1881,13,8,1881,False,"4 Activ-Monsteras-3,656 pcs. firwood-Peacock Bros."
18810813p.114_p002.txt,139,Activ,Monsteras,SUNDERLAND,"3,656 pit",props-Thompson & Co.,5,8,1881,13,8,1881,False,"5 Activ-Monsteras-3,656 pit-props-Thompson & Co."
18810813p.114_p002.txt,143,Antonia,Rivadeo,SWANSEA,450 fms. pit,props-Bedford,5,8,1881,13,8,1881,False,Aug. 5 Antonia-Rivadeo-450 fms. pit-props-Bedford
18810813p.114_p002.txt,146,L. G.,Morlaix,SWANSEA,60 lds. pitwood,James Davis,8,8,1881,13,8,1881,False,8 L. G.-Morlaix-60 lds. pitwood-James Davis
18810813p.114_p002.txt,148,August Blanch,Gothenburg,TYNE,quantity pit,props-P. Osbeck,2,8,1881,13,8,1881,False,Aug. 2 August Blanch - Gothenburg - quantity pit-props-P. Osbeck
18810813p.114_p002.txt,149,Wangerland,Riga,TYNE,"17,661 pcs. lathwood",Order,3,8,1881,13,8,1881,False,"3 Wangerland-Riga-17,661 pcs. lathwood-Order"
18810813p.114_p002.txt,153,Cecile,Tornea,TYNE,"2,687 pcs. firwood sawn",Order,4,8,1881,13,8,1881,False,"4 Cecile-Tornea-2,687 pcs. firwood sawn-Order"
18810813p.114_p002.txt,155,Erna,Laurvig,TYNE,"2,539 pit","props, 18,870 sleepers-G. Skolem",5,8,1881,13,8,1881,False,"5 Erna-Laurvig-2,539 pit-props, 18,870 sleepers-G. Skolem"
18810813p.114_p002.txt,156,Dorette,Slite,TYNE,"247,000 staves",Order,6,8,1881,13,8,1881,False,"6 Dorette-Slite-247,000 staves-Order"
18810813p.114_p002.txt,158,Patriot,Malmo,TYNE,"2,935 bdls. laths",Order,8,8,1881,13,8,1881,False,"8 Patriot-Malmo-2,935 bdls. laths-Order"
18810813p.114_p002.txt,167,Catharina,Hudikswall,TYNE,"216,440 staves",J. Black,9,8,1881,13,8,1881,False,"9 Catharina-Hudikswall-216,440 staves-J. Black"
18810813p.114_p002.txt,172,Frigga,Hernösand,WHITBY,"6,477 deals",Corner,2,8,1881,13,8,1881,False,"Aug. 2 Frigga-Hernösand-6,477 deals-Corner"
18810813p.114_p002.txt,176,Elizabeth Dawson,Soderhamn,WISBECH,"23,100 deals and boards",English Bros.,2,8,1881,13,8,1881,False,"Aug. 2 Elizabeth Dawson - Soderhamn - 23,100 deals and boards-English Bros."
18810813p.114_p002.txt,178,Reform,Holmsund,WISBECH,19 lds. firewood,Stanley,4,8,1881,13,8,1881,False,4 Reform-Holmsund-19 lds. firewood-Stanley
18810813p.114_p002.txt,181,Julie,Soderhamn,WISBECH,"12,280 deals, battens, and boards",English Bros.,8,8,1881,13,8,1881,False,"8 Julie-Soderhamn-12,280 deals, battens, and boards-English Bros."
18810813p.114_p002.txt,183,Bertha,Cronstadt,YARMOUTH,"5,371 deals and battens, 1,958 pcs. lathwood",Palgrave Brown,2,8,1881,13,8,1881,False,"Aug. 2 Bertha - Cronstadt - 5,371 deals and battens, 1,958 pcs. lathwood-Palgrave Brown"
18810813p.114_p002.txt,184,Maggie F.,Nynamn,YARMOUTH,"15,006 deals and boards",J. Ranson,4,8,1881,13,8,1881,False,"4 Maggie F. - Nynamn-15,006 deals and boards-J. Ranson"
18810813p.114_p002.txt,185,Nyhamn,Nyhamn,YARMOUTH,"8,212 deals and boards",Jewson & Son,6,8,1881,13,8,1881,False,"6 Nyhamn-Nyhamn-8,212 deals and boards-Jewson & Son"
18810813p.114_p002.txt,187,Ruth,Betsiamitz,YARMOUTH,"5,886 deals",J. & J. Colman,8,8,1881,13,8,1881,False,"8 Ruth-Betsiamitz-5,886 deals-J. & J. Colman"
18810813p.114_p003.txt,86,Lieut.,"Gen. von Witzleben—Riga—2,039 square whitewood sleepers, 280 half",GRANTON,square white,wood sleepers—Dow & Co.,8,8,1881,13,8,1881,False,"8 Lieut.-Gen. von Witzleben—Riga—2,039 square whitewood sleepers, 280 half-square white-wood sleepers—Dow & Co."
18810910p.178_p003.txt,15,Janus,Langror,LOWESTOFT,"827 battens, 53,738 props",Wilton,31,8,1881,10,9,1881,False,"Aug. 31 Janus-Langror-827 battens, 53,738 props-Wilton"
18810910p.178_p003.txt,16,Levant,Fernavik,LOWESTOFT,"7,755 deals and battens",Saul & Son,5,9,1881,10,9,1881,False,"Sept. 5 Levant-Fernavik-7,755 deals and battens -Saul & Son"
18810910p.178_p003.txt,18,Myrtle,Wyburg,LYNN,"29,756 pcs. sawn fir","Thompson, Pattrick, & Co.",1,9,1881,10,9,1881,False,"Sept. 1 Myrtle-Wyburg-29,756 pcs. sawn fir-Thompson, Pattrick, & Co."
18810910p.178_p003.txt,22,Cora,Pitea,MALDON,"21,382 deals and battens",J. Sadd & Son,30,8,1881,10,9,1881,False,"Aug. 30 Cora-Pitea-21,382 deals and battens-J. Sadd & Son"
18810910p.178_p003.txt,24,Velharding,Gothenburg,MIDDLESBROUGH,"8,904 pit",props-J. P. Hornung & Son,30,8,1881,10,9,1881,False,"Aug. 30 Velharding-Gothenburg-8,904 pit-props-J. P. Hornung & Son"
18810910p.178_p003.txt,29,Mathilde,Moss,MIDDLESBROUGH,"25,021 pit",props-Hornung,2,9,1881,10,9,1881,False,"Sept. 2 Mathilde-Moss-25,021 pit-props-Hornung"
18810910p.178_p003.txt,31,Edw. Eccles,Riga,MIDDLESBROUGH,"9,660 poles, 1,000 square sleepers","Calder, Dixon, & Co.",5,9,1881,10,9,1881,False,"5 Edw. Eccles-Riga-9,660 poles, 1,000 square sleepers-Calder, Dixon, & Co."
18810910p.178_p003.txt,35,C. F. Maas,Riga,NEWHAVEN,"18,664 pcs. lathwood",Parsons Bros.,1,9,1881,10,9,1881,False,"Sept. 1 C. F. Maas-Riga-18,664 pcs. lathwood-Parsons Bros."
18810910p.178_p003.txt,39,Dagmar,Pitea,NEWHAVEN,8 lds. sawn firewood,Chri-tensen,2,9,1881,10,9,1881,False,2 Dagmar-Pitea-8 lds. sawn firewood-Chri-tensen
18810910p.178_p003.txt,43,Triton,Ljusne,NEWHAVEN,8 lds. firewood,J. Oram,3,9,1881,10,9,1881,False,3 Triton-Ljusne-8 lds. firewood-J. Oram
18810910p.178_p003.txt,45,Dagmar,Pitea,NEWHAVEN,"8,113 pcs. fir sawn, 319 pcs. fir hewn",Howell & Son,4,9,1881,10,9,1881,False,"4 Dagmar-Pitea-8,113 pcs. fir sawn, 319 pcs. fir hewn-Howell & Son"
18810910p.178_p003.txt,47,Still Water,"St. John, N.B.",NEWPORT (MON.),"37,041 deals, battens, and ends",Alexanders & Co.,1,9,1881,10,9,1881,False,"Sept. 1 Still Water-St. John, N.B.-37,041 deals, battens, and ends-Alexanders & Co."
18810910p.178_p003.txt,48,Arch Druid,Bordeaux,NEWPORT (MON.),"1,200 lds. pit","props-W. Jones, Heard, & Co.",4,9,1881,10,9,1881,False,"4 Arch Druid-Bordeaux-1,200 lds. pit-props-W. Jones, Heard, & Co."
18810910p.178_p003.txt,53,Ariadne,Sundswall,PENZANCE,"1,058 pcs. fir sawn, 699 pcs. fir hewn, 20 lds. firewood, 270 spars",T. Coulson & Co.,1,9,1881,10,9,1881,False,"Sept. 1 Ariadne-Sundswall-1,058 pcs. fir sawn, 699 pcs. fir hewn, 20 lds. firewood, 270 spars-T. Coulson & Co."
18810910p.178_p003.txt,55,Koomar,Quebec,PLYMOUTH,"1,342 pcs. fir hewn, 3,001 pcs. fir sawn, 38 lds. lathwood",R. Bayly,30,8,1881,10,9,1881,False,"Aug. 30 Koomar-Quebec-1,342 pcs. fir hewn, 3,001 pcs. fir sawn, 38 lds. lathwood-R. Bayly"
18810910p.178_p003.txt,56,Jessie,Sandarne,PLYMOUTH,"13,183 pcs. fir, 16 lds. firewood",R. & R. Bayly,1,9,1881,10,9,1881,False,"Sept. 1 Jessie-Sandarne-13,183 pcs. fir, 16 lds. firewood-R. & R. Bayly"
18810910p.178_p003.txt,59,Frey,Archangel,PLYMOUTH,"6,485 pcs. fir sawn, 8 lds. firewood",R. & R. Bayly,2,9,1881,10,9,1881,False,"2 Frey-Archangel-6,485 pcs. fir sawn, 8 lds. firewood-R. & R. Bayly"
18810910p.178_p003.txt,63,Immanuel,Gothenburg,PLYMOUTH,"9,753 pcs. fir",Fox,3,9,1881,10,9,1881,False,"3 Immanuel-Gothenburg-9,753 pcs. fir-Fox"
18810910p.178_p003.txt,64,Louise Hillman,Lulea,PLYMOUTH,"1,744 pcs. fir hewn, 789 pcs. fir sawn",R. & R. Bayly,4,9,1881,10,9,1881,False,"4 Louise Hillman-Lulea-1,744 pcs. fir hewn, 789 pcs. fir sawn-R. & R. Bayly"
18810910p.178_p003.txt,70,Noe,Hudikswall,POOLE,4 lds. spars,Sydenham,31,8,1881,10,9,1881,False,Aug. 31 Noe-Hudikswall-4 lds. spars-Sydenham
18810910p.178_p003.txt,72,Mathilde,Hudikswall,POOLE,638 battens,"Sydenham, Hunt, & Co.",2,9,1881,10,9,1881,False,"Sept. 2 Mathilde-Hudikswall-638 battens-Sydenham, Hunt, & Co."
18810910p.178_p003.txt,75,Minerva,Archangel,POOLE,"4,781 deals and battens",J. J. Norton,3,9,1881,10,9,1881,False,"3 Minerva-Archangel-4,781 deals and battens-J. J. Norton"
18810910p.178_p003.txt,80,Wohldorf,Lulea,PORTSMOUTH,"13,431 battens and deals",Henry Wolfe,30,8,1881,10,9,1881,False,"Aug. 30 Wohldorf-Lulea-13,431 battens and deals -Henry Wolfe"
18810910p.178_p003.txt,81,Leopard,Carlsvik,PORTSMOUTH,"644 pcs. fir, 19 fms. firewood",H. T. & J. Dashwood,1,9,1881,10,9,1881,False,"Sept. 1 Leopard-Carlsvik-644 pcs. fir, 19 fms. firewood-H. T. & J. Dashwood"
18810910p.178_p003.txt,85,Arendal,Hudikswall,PORTSMOUTH,"9,402 deals and battens",H. Moody,3,9,1881,10,9,1881,False,"3 Arendal-Hudikswall-9,402 deals and battens-H. Moody"
18810910p.178_p003.txt,88,Norman,Christiania,PORTSMOUTH,"2,041 pcs. fir, 5 lds. firewood","Tagart, Boyson, & Slee",4,9,1881,10,9,1881,False,"4 Norman-Christiania-2,041 pcs. fir, 5 lds. firewood-Tagart, Boyson, & Slee"
18810910p.178_p003.txt,91,Broders Minde,Sundswall,RAMSGATE,"7,272 deals, 20 lds. firewood, 2 spars",John Adams,1,9,1881,10,9,1881,False,"Sept. 1 Broders Minde-Sundswall-7,272 deals, 20 lds. firewood, 2 spars-John Adams"
18810910p.178_p003.txt,93,Ceres,Dantzic,ROCHESTER,"527 ends, 478 deals and ends, 9 lds. lathwood",Churchill & Sim,1,9,1881,10,9,1881,False,"Sept. 1 Ceres-Dantzic-527 ends, 478 deals and ends, 9 lds. lathwood-Churchill & Sim"
18810910p.178_p003.txt,94,Amalie,Fredrikshald,ROCHESTER,"1,305 spars, poles, and rickers, 35 lds. firewood",Hansbergen,2,9,1881,10,9,1881,False,"2 Amalie-Fredrikshald-1,305 spars, poles, and rickers, 35 lds. firewood-Hansbergen"
18810910p.178_p003.txt,97,Robert and Paul,Riga,ROCHESTER,"2,647 deals, 45 lds. lathwood",D. J. Elster & Co.,3,9,1881,10,9,1881,False,"3 Robert and Paul-Riga-2,647 deals, 45 lds. lathwood-D. J. Elster & Co."
18810910p.178_p003.txt,98,Flora,Uleaborg,ROCHESTER,"8,850 battens",Bessent & Son,4,9,1881,10,9,1881,False,"4 Flora-Uleaborg-8,850 battens-Bessent & Son"
18810910p.178_p003.txt,100,Martin Fredrik,Swartwick,SHOREHAM,50 boards,Gundersen Master,31,8,1881,10,9,1881,False,Aug. 31 Martin Fredrik-Swartwick-50 boards-Gundersen Master
18810910p.178_p003.txt,101,Anna,Gefle,SHOREHAM,"6,103 deals and battens",Austin & Lynn,1,9,1881,10,9,1881,False,"Sept. 1 Anna-Gefle-6,103 deals and battens-Austin & Lynn"
18810910p.178_p003.txt,104,Emilie,Neder Kalix,SHOREHAM,"13,183 deals and battens",Tooth & Co.,2,9,1881,10,9,1881,False,"2 Emilie-Neder Kalix-13,183 deals and battens-Tooth & Co."
18810910p.178_p003.txt,110,Lunden,Cronstadt,SHOREHAM,"4,118 battens and deals",Beves & Co.,3,9,1881,10,9,1881,False,"3 Lunden-Cronstadt-4,118 battens and deals-Beves & Co."
18810910p.178_p003.txt,112,Swift,Hernosand,SHOREHAM,"35,323 pcs. fir sawn",Corney,4,9,1881,10,9,1881,False,"4 Swift-Hernosand-35,323 pcs. fir sawn-Corney"
18810910p.178_p003.txt,114,Normania,Sundswall,SOUTHAMPTON,"886 pcs. fir hewn, 596 pcs. fir sawn","Driver, Jennings, & Capper",31,8,1881,10,9,1881,False,"Aug. 31 Normania-Sundswall-886 pcs. fir hewn, 596 pcs. fir sawn-Driver, Jennings, & Capper"
18810910p.178_p003.txt,115,Astrea,Abo,SOUTHAMPTON,"19,388 pcs. fir",Tagart,1,9,1881,10,9,1881,False,"Sept. 1 Astrea-Abo-19,388 pcs. fir-Tagart"
18810910p.178_p003.txt,117,Laura,Narva,SOUTHAMPTON,"13,917 pcs. fir",J. & J. Norton,2,9,1881,10,9,1881,False,"2 Laura-Narva-13,917 pcs. fir-J. & J. Norton"
18810910p.178_p003.txt,120,Emanuel,Archangel,SOUTHAMPTON,"6,445 pcs. fir sawn",Tagart,3,9,1881,10,9,1881,False,"3 Emanuel-Archangel-6,445 pcs. fir sawn-Tagart"
18810910p.178_p003.txt,122,Frithjof,Sundswall,SOUTHAMPTON,"3,669 deals and battens, 230 pcs. fir hewn",E. B. Loxton,4,9,1881,10,9,1881,False,"4 Frithjof-Sundswall-3,669 deals and battens, 230 pcs. fir hewn-E. B. Loxton"
18810910p.178_p003.txt,128,Garrison,Riga,SOUTHAMPTON,"1,127 lds. sleepers",Burt,6,9,1881,10,9,1881,True,"6 Garrison -Riga-1,127 lds. sleepers-Burt"
18810910p.178_p003.txt,130,Friend of the Isle,Hamburg,SUNDERLAND,"9,437 pcs. beech, ash, elm, 1,888 oak chocks",C. Meier,25,8,1881,10,9,1881,False,"Aug. 25 Friend of the Isle-Hamburg-9,437 pcs. beech, ash, elm, 1,888 oak chocks-C. Meier"
18810910p.178_p003.txt,131,Urda,Drammen,SUNDERLAND,"5,599 pit",props-L. Torkildsen & Co.,30,8,1881,10,9,1881,False,"30 Urda-Drammen - 5,599 pit-props-L. Torkildsen & Co."
18810910p.178_p003.txt,134,Theodora,Drammen,SUNDERLAND,"8,112 pit",props-L. Torkildsen,31,8,1881,10,9,1881,False,"31 Theodora-Drammen-8,112 pit-props-L. Torkildsen"
18810910p.178_p003.txt,138,Kurier,Oscarshamn,SUNDERLAND,"4,015 pit",props-Peacock Bros.,2,9,1881,10,9,1881,False,"Sept. 2 Kurier-Oscarshamn-4,015 pit-props-Peacock Bros."
18810910p.178_p004.txt,2,Elise Marie,Porsgrund,YARMOUTH,"76,235 staves",Edward Swan,30,8,1881,10,9,1881,False,"Aug. 30 Elise Marie-Porsgrund-76,235 staves-Edward Swan"
18810910p.178_p004.txt,4,Joolu Ines,Gothenburg,YARMOUTH,"574 spars, 50 oars, 7 lds. firewood",Wm. Palgrave Brown & Co.,2,9,1881,10,9,1881,False,"Sept. 2 Joolu Ines-Gothenburg-574 spars, 50 oars, 7 lds. firewood-Wm. Palgrave Brown & Co."
18810910p.178_p004.txt,5,Carl,Bjorneborg,YARMOUTH,"8,667deals and battens",T. Saul,3,9,1881,10,9,1881,False,"3 Carl-Bjorneborg-8,667deals and battens-T. Saul"
18810910p.178_p004.txt,9,Celia,Hudikswall,YARMOUTH,17 lds. firewood,Jewson,4,9,1881,10,9,1881,False,4 Celia-Hudikswall-17 lds. firewood-Jewson
18810910p.178_p004.txt,18,Fram,Drammen,BELFAST,"51,357 flooring boards, 2,564 battens",J. P. Corry & Co.,1,9,1881,10,9,1881,False,"Sept. 1 Fram-Drammen-51,357 flooring boards, 2,564 battens-J. P. Corry & Co."
18810910p.178_p004.txt,19,Arethusa,Stockholm,BELFAST,"981 pcs. fir hewn, 1,221 deals",T. Dixon & Sons,5,9,1881,10,9,1881,False,"5 Arethusa-Stockholm-981 pcs. fir hewn, 1,221 deals-T. Dixon & Sons"
18810910p.178_p004.txt,21,Professor Schweigann,Miramichi,CORK,"9,550 deals and deal ends",N. J. Walsh & Co.,3,9,1881,10,9,1881,False,"Sept. 3 Professor Schweigann-Miramichi-9,550 deals and deal ends-N. J. Walsh & Co."
18810910p.178_p004.txt,24,Mary Ann,Quebec,LIMERICK,"5 pcs. oak hewn, 10 pcs. ash hewn, 148 pcs. red pine hewn, 20 pcs. white pine hewn, 7,758 deals, 1,029 oak staves, 10 pcs. birch hewn",Mulloch & Sons,29,8,1881,10,9,1881,False,"Aug. 29 Mary Ann-Quebec-5 pcs. oak hewn, 10 pcs. ash hewn, 148 pcs. red pine hewn, 20 pcs. white pine hewn, 7,758 deals, 1,029 oak staves, 10 pcs. birch hewn-Mulloch & Sons"
18810910p.178_p004.txt,26,Andreas Russ,New York,NEWRY,900 fir dunnage boards,J. Wilson,2,9,1881,10,9,1881,False,Sept. 2 Andreas Russ-New York-900 fir dunnage boards-J. Wilson
18810910p.178_p004.txt,27,Canada,"Newcastle, N.B.",NEWRY,90 boards,J. Wilson,3,9,1881,10,9,1881,False,"3 Canada-Newcastle, N.B.-90 boards-J. Wilson"
18810910p.178_p004.txt,29,Addytha,"St. John, N.B.",WATERFORD,"7,834 deals, 648 deal ends","White, Budd, & Co.",2,9,1881,10,9,1881,False,"Sept. 2 Addytha-St. John, N.B.-7,834 deals, 648 deal ends-White, Budd, & Co."
18810910p.178_p004.txt,32,Benamain,Riga,ABERDEEN,60 boat masts and rickers,J. A. Davidson,2,9,1881,10,9,1881,False,Sept. 2 Benamain-Riga-60 boat masts and rickers-J. A. Davidson
18810910p.178_p004.txt,33,Rowena,Sundswall,ABERDEEN,"1,889 pcs. fir hewn, 4,198 pcs. fir sawn, 92 lds. firewood",G. Milne & Co.,5,9,1881,10,9,1881,False,"5 Rowena-Sundswall-1,889 pcs. fir hewn, 4,198 pcs. fir sawn, 92 lds. firewood-G. Milne & Co."
18810910p.178_p004.txt,37,Christiane,Stromfors,ALLOA,"7,426 battens, 829 deals",A. Thomson & Sons,31,8,1881,10,9,1881,False,"Aug. 31 Christiane-Stromfors-7,426 battens, 829 deals-A. Thomson & Sons"
18810910p.178_p004.txt,41,Glasgow,Sundswall,BANFF,"4,000 battens, 2,000 deals",P. & J. Macpherson,30,8,1881,10,9,1881,False,"Aug. 30 Glasgow-Sundswall-4,000 battens, 2,000 deals-P. & J. Macpherson"
18810910p.178_p004.txt,42,Deveron,Sundswall,BANFF,"467 pcs. fir hewn, 2,164 battens",Paterson & Co.,3,9,1881,10,9,1881,False,"Sept. 3 Deveron-Sundswall-467 pcs. fir hewn, 2,164 battens-Paterson & Co."
18810910p.178_p004.txt,44,Magenta,Christiania,BORROWSTOUNNESS,"21,997 pit",props-Love & Stewart,31,8,1881,10,9,1881,False,"Aug. 31 Magenta-Christiania-21,997 pit-props-Love & Stewart"
18810910p.178_p004.txt,46,Lina,Falkenberg,BORROWSTOUNNESS,"10,641 pit",props-Love & Stewart,1,9,1881,10,9,1881,False,"Sept. 1 Lina-Falkenberg-10,641 pit-props-Love & Stewart"
18810910p.178_p004.txt,51,Caroline Augusta,Falkenberg,BORROWSTOUNNESS,"9,131 pit",props-Love & Stewart,2,9,1881,10,9,1881,False,"2 Caroline Augusta-Falkenberg-9,131 pit-props-Love & Stewart"
18810910p.178_p004.txt,53,Frederikke,Falkenburg,BORROWSTOUNNESS,"8,227 pit",props-Stewart,3,9,1881,10,9,1881,False,"3 Frederikke-Falkenburg-8,227 pit-props-Stewart"
18810910p.178_p004.txt,61,Glenavon,Riga,BORROWSTOUNNESS,"7,310 blocks, 729 sleepers","Calder, Dixon, Stewart, & Co.",1,9,1881,10,9,1881,False,"Sept. 1 Glenavon-Riga-7,310 blocks, 729 sleepers-Calder, Dixon, Stewart, & Co."
18810910p.178_p004.txt,62,Peter & Wilhelm,Falkenburg,BORROWSTOUNNESS,"14,544 pit",props-Love & Stewart,2,9,1881,10,9,1881,False,"2 Peter & Wilhelm-Falkenburg-14,544 pit-props-Love & Stewart"
18810910p.178_p004.txt,65,S[?]jold,Falkenberg,BORROWSTOUNNESS,"15,431 pit",props-Love,3,9,1881,10,9,1881,False,"3 S[?]jold-Falkenberg-15,431 pit-props-Love"
18810910p.178_p004.txt,66,Anna,Konigsberg,BORROWSTOUNNESS,"979 square blocks, 100 square sleepers","Calder, Dixon, Stewart, & Co.",5,9,1881,10,9,1881,False,"5 Anna-Konigsberg-979 square blocks, 100 square sleepers-Calder, Dixon, Stewart, & Co."
18810910p.178_p004.txt,82,Arnold,Gefle,BORROWSTOUNNESS,"917 battens, 17,416 boards",Order,6,9,1881,10,9,1881,False,"6 Arnold-Gefle-917 battens, 17,416 boards-Order"
18810910p.178_p004.txt,88,Martin Luther,Skelleftea,WHITEHAVEN,"5,647 pcs. fir hewn, 846 battens",H. W. Jackson,30,8,1881,10,9,1881,False,"Aug. 30 Martin Luther-Skelleftea-5,647 pcs. fir hewn, 846 battens-H. W. Jackson"
18810910p.178_p004.txt,89,Lamartine,Skelleftea,WHITEHAVEN,"3,188 pcs. fir hewn, 335 battens, 9 lds. firewood",J. & W. Jackson,4,9,1881,10,9,1881,False,"Sept. 4 Lamartine-Skelleftea-3,188 pcs. fir hewn, 335 battens, 9 lds. firewood-J. & W. Jackson"
18810910p.178_p004.txt,91,Elpis,Abo,WISBECH,"4,967 deals",English Bros.,30,8,1881,10,9,1881,False,"Aug. 30 Elpis-Abo-4,967 deals-English Bros."
18810910p.178_p004.txt,92,Johanwik,Skelleftea,WISBECH,"22,121 fir boards",J. Jameson,4,9,1881,10,9,1881,False,"Sept. 4 Johanwik-Skelleftea-22,121 fir boards-J. Jameson"
18810910p.178_p004.txt,94,Petersburg,Cronstadt,DUNDEE,"1,200 rickers",J. Fleming,30,8,1881,10,9,1881,True,"Aug. 30 Petersburg -Cronstadt-1,200 rickers-J. Fleming"
18810910p.178_p004.txt,96,Sapphire,Archangel,DUNDEE,"1,238 pcs. fir sawn",Duncan & Son,31,8,1881,10,9,1881,False,"31 Sapphire-Archangel-1,238 pcs. fir sawn-Duncan & Son"
18810910p.178_p004.txt,99,Egean,Riga,DUNDEE,40 lds. lathwood,J. Mitchell,1,9,1881,10,9,1881,False,Sept. 1 Egean-Riga-40 lds. lathwood-J. Mitchell
18810910p.178_p004.txt,103,Czar,Cronstadt,DUNDEE,305 rickers,J. Mitchell,2,9,1881,10,9,1881,False,2 Czar-Cronstadt-305 rickers-J. Mitchell
18810910p.178_p004.txt,108,Charles Stuart Parnell,Miramichi,GLASGOW,"20,571 deals and ends",Order,29,8,1881,10,9,1881,False,"Aug. 29 Charles Stuart Parnell-Miramichi-20,571 deals and ends-Order"
18810910p.178_p004.txt,109,Olga,Richibucto,GLASGOW,"9,389 deals and ends","Singleton, Dunn, & Co.",30,8,1881,10,9,1881,False,"30 Olga-Richibucto-9,389 deals and ends-Singleton, Dunn, & Co."
18810910p.178_p004.txt,111,China,"St. John, N.B.",GLASGOW,"7,975 deals and battens, 1,531 pcs. scantling, 2,617 deal ends, 603 boards","Singleton, Dunn, & Co.",31,8,1881,10,9,1881,False,"31 China-St. John, N.B.-7,975 deals and battens, 1,531 pcs. scantling, 2,617 deal ends, 603 boards-Singleton, Dunn, & Co."
18810910p.178_p004.txt,112,Prussian,Boston,GLASGOW,"1,500 staves",Order,2,9,1881,10,9,1881,True,"Sept. 2 Prussian -Boston-1,500 staves-Order"
18810910p.178_p004.txt,115,Skulda,Richibucto,GLASGOW,"7,033 deals and ends","Robinson, Dunn, & Co.",2,9,1881,10,9,1881,False,"2 Skulda-Richibucto-7,033 deals and ends-Robinson, Dunn, & Co."
18810910p.178_p004.txt,116,Onaway,"Sackville, N.B.",GLASGOW,"15,788 deals, 1,057 deal ends, 10,825 palings","Allison, Cousland",3,9,1881,10,9,1881,False,"3 Onaway-Sackville, N.B.-15,788 deals, 1,057 deal ends, 10,825 palings-Allison, Cousland"
18810910p.178_p004.txt,117,Alexandria,New York,GLASGOW,"2,400 staves",Order,5,9,1881,10,9,1881,True,"5 Alexandria -New York-2,400 staves-Order"
18810910p.178_p004.txt,119,Doctor Kniep,Bjorneborg,GRANGEMOUTH,"6,200 battens and ends",R. Melville & Co.,30,8,1881,10,9,1881,False,"Aug. 30 Doctor Kniep-Bjorneborg-6,200 battens and ends-R. Melville & Co."
18810910p.178_p004.txt,122,Alhild,Bjorneborg,GRANGEMOUTH,"8,690 deals and battens",Order,31,8,1881,10,9,1881,False,"31 Alhild-Bjorneborg-8,690 deals and battens-Order"
18810910p.178_p004.txt,123,Golgotha,Riga,GRANGEMOUTH,"313 pcs. redwood mauerlatten, 203 pcs. whitewood mauerlatten, 253 pcs. whitewood, 212 deals and ends, 1,312 battens, 145 batten ends","R. Melville & Co.; 2,505 pcs. lathwood-J. T. Salvesen & Co.",2,9,1881,10,9,1881,False,"Sept. 2 Golgotha-Riga-313 pcs. redwood mauerlatten, 203 pcs. whitewood mauerlatten, 253 pcs. whitewood, 212 deals and ends, 1,312 battens, 145 batten ends-R. Melville & Co.; 2,505 pcs. lathwood-J. T. Salvesen & Co."
18810910p.178_p004.txt,130,Marie Anna,Riga,GRANGEMOUTH,"6,039 deals and ends",McPherson & McLaren,3,9,1881,10,9,1881,False,"3 Marie Anna-Riga-6,039 deals and ends-McPherson & McLaren"
18810910p.178_p004.txt,135,Frey,Stromfors,GRANTON,12 lds. fir sawn,M. J. Ellingsen,30,8,1881,10,9,1881,False,Aug. 30 Frey-Stromfors-12 lds. fir sawn-M. J. Ellingsen
18810910p.178_p004.txt,137,Sarah,Dantzic,GRANTON,"7,737 oak staves",W. Lindsay,31,8,1881,10,9,1881,False,"31 Sarah-Dantzic-7,737 oak staves-W. Lindsay"
18810910p.178_p004.txt,138,Elis,Mesane,GRANTON,"6,792 deals",Mitchell & Co.,1,9,1881,10,9,1881,False,"Sept. 1 Elis-Mesane-6,792 deals-Mitchell & Co."
18810910p.178_p004.txt,140,Anna Ottilie,Riga,GRANTON,"752 pcs. fir hewn, 1,615 deals","Mitchell, Thomson, & Co.",2,9,1881,10,9,1881,False,"2 Anna Ottilie-Riga-752 pcs. fir hewn, 1,615 deals-Mitchell, Thomson, & Co."
18810910p.178_p004.txt,142,Emma Sophia,Cronstadt,GRANTON,"3,858 pcs. lathwood","Mitchell, Thomson, & Co.",3,9,1881,10,9,1881,False,"3 Emma Sophia-Cronstadt-3,858 pcs. lathwood-Mitchell, Thomson, & Co."
18810910p.178_p004.txt,143,Sylvanus,Drammen,GRANTON,"7,475 battens",Stanley,5,9,1881,10,9,1881,False,"5 Sylvanus-Drammen-7,475 battens-Stanley"
18810910p.178_p004.txt,148,Heimdal,Sundswall,INVERNESS,"790 deals, 3,079 battens",H. & A. Ross,3,9,1881,10,9,1881,False,"Sept. 3 Heimdal-Sundswall-790 deals, 3,079 battens-H. & A. Ross"
18810910p.178_p004.txt,150,Wemyss Castle,Christiansand,KIRKCALDY,"10,214 pit","props, 70 battens-J. Bowman & Co.",30,8,1881,10,9,1881,False,"Aug. 30 Wemyss Castle-Christiansand-10,214 pit-props, 70 battens-J. Bowman & Co."
18810910p.178_p004.txt,151,Georg,Itzehoe,KIRKCALDY,420 spars,J. Masterton & Co.,5,9,1881,10,9,1881,False,Sept. 5 Georg-Itzehoe-420 spars-J. Masterton & Co.
18810910p.178_p004.txt,153,Hurricane,Riga,LEITH,"17,658 deals and deal ends","Ferguson, Davidson, & Co.",30,8,1881,10,9,1881,False,"Aug. 30 Hurricane-Riga-17,658 deals and deal ends-Ferguson, Davidson, & Co."
18810910p.178_p004.txt,161,Czar,Cronstadt,LEITH,950 pcs. lathwood,Thomson,31,8,1881,10,9,1881,False,31 Czar-Cronstadt-950 pcs. lathwood-Thomson
18810910p.178_p004.txt,164,Solo,Narva,LEITH,"6,519 deals and battens",Mitchell & Co.,1,9,1881,10,9,1881,False,"Sept. 1 Solo-Narva-6,519 deals and battens-Mitchell & Co."
18810910p.178_p004.txt,167,Albert,Cronstadt,LEITH,"6,906 pcs. fir sawn",Mitchell,2,9,1881,10,9,1881,False,"2 Albert-Cronstadt-6,906 pcs. fir sawn-Mitchell"
18810910p.178_p004.txt,172,Forsoget,Wyborg,LEITH,"7,746 deals and battens",Garland,3,9,1881,10,9,1881,False,"3 Forsoget-Wyborg-7,746 deals and battens-Garland"
18810910p.178_p004.txt,176,Dragen,Narva,LEITH,"5,483 pcs. lathwood","C. Salvesen-Cronstadt-4,930 bdls. wood hoops-G. J. Duncan & Co.; 1,260 bdls. wood hoops-G. Masterton & Co.",5,9,1881,10,9,1881,False,"5 Dragen-Narva-5,483 pcs. lathwood-C. Salvesen-Cronstadt-4,930 bdls. wood hoops-G. J. Duncan & Co.; 1,260 bdls. wood hoops-G. Masterton & Co."
18810910p.178_p004.txt,186,Dovre,Riga,MONTROSE,"2,210 lds. firewood",R. Millar,30,8,1881,10,9,1881,False,"Aug. 30 Dovre-Riga-2,210 lds. firewood-R. Millar"
18810910p.178_p004.txt,187,Lily,Muhlgraben,MONTROSE,6 spars,Captain Craig,31,8,1881,10,9,1881,False,31 Lily-Muhlgraben-6 spars-Captain Craig
18810910p.178_p004.txt,190,Fredrikke,Skelleftea,MONTROSE,"3,569 pcs. fir sawn, 489 battens",R. Millar & Sons,3,9,1881,10,9,1881,False,"Sept. 3 Fredrikke-Skelleftea-3,569 pcs. fir sawn, 489 battens-R. Millar & Sons"
18810910p.178_p004.txt,192,C. A. Brug,Dantzic,MONTROSE,"301 pcs. fir hewn, 9 lds. oak cuttings",R. Millar & Sons,5,9,1881,10,9,1881,False,"5 C. A. Brug-Dantzic-301 pcs. fir hewn, 9 lds. oak cuttings-R. Millar & Sons"
18810910p.178_p004.txt,194,Ala,Gefle,PERTH,"10,669 deals, battens, and boards",J. Cameron,30,8,1881,10,9,1881,False,"Aug. 30 Ala-Gefle-10,669 deals, battens, and boards-J. Cameron"
18810910p.178_p004.txt,196,Mount Pleasant,Quebec,FORT GLASGOW,"1,208 pcs. pine, 125 pcs. oak, 194 pcs. tamarac, 168 pcs. elm, 4,212 deals, 13,200 staves, 13 cords lathwood","Hunter, Sheriff, & Co.",1,9,1881,10,9,1881,False,"Sept. 1 Mount Pleasant-Quebec-1,208 pcs. pine, 125 pcs. oak, 194 pcs. tamarac, 168 pcs. elm, 4,212 deals, 13,200 staves, 13 cords lathwood-Hunter, Sheriff, & Co."
18810910p.178_p004.txt,198,Rap,Sandefjord,WICK,"10,000 pcs. birch hewn",D. Sandison,30,8,1881,10,9,1881,False,"Aug. 30 Rap-Sandefjord-10,000 pcs. birch hewn-D. Sandison"
18810910p.178_p004.txt,201,Urda,Sundswall,WICK,"1,472 pcs. fir hewn, 267 pcs. fir sawn",A. McEwan,31,8,1881,10,9,1881,False,"31 Urda-Sundswall-1,472 pcs. fir hewn, 267 pcs. fir sawn-A. McEwan"
18811008p.250_p002.txt,8,Montague,Bathurst,LLANELLY,"8,645 pcs. fir sawn",Howell & Son,28,9,1881,8,10,1881,False,"Sept. 28 Montague-Bathurst-8,645 pcs. fir sawn-Howell & Son"
18811008p.250_p002.txt,11,Gemma,Hambro',LONDON,232 planks beech,wood-Quitmann & Co.,29,9,1881,8,10,1881,True,Sept. 29 Gemma -Hambro'-232 planks beech-wood-Quitmann & Co.
18811008p.250_p002.txt,20,Oxfordshire,New York,LONDON,497 boards,"H. Herr-mann ; 1,171 doors-Bradley & Currier",30,9,1881,8,10,1881,True,"30 Oxfordshire -New York-497 boards-H. Herr-mann ; 1,171 doors-Bradley & Currier"
18811008p.250_p002.txt,28,Hugh Taylor,Cronstadt,LONDON,"12,055 deals","Order ; 6,125 pcs. lathwood-J. Knight",1,10,1881,8,10,1881,True,"Oct. 1 Hugh Taylor -Cronstadt-12,055 deals-Order ; 6,125 pcs. lathwood-J. Knight"
18811008p.250_p002.txt,41,Emperor,Venice,LONDON,311 pcs. oak,"C. Heaven ; 62,750 staves-Oppenheimer & Co. ; 64 wain-scot logs-Order",3,10,1881,8,10,1881,True,"3 Emperor -Venice-311 pcs. oak-C. Heaven ; 62,750 staves-Oppenheimer & Co. ; 64 wain-scot logs-Order"
18811008p.250_p002.txt,54,Parisian,Quebec,LONDON,"4,226 deals",Order,3,10,1881,8,10,1881,True,"3 Parisian -Quebec-4,226 deals-Order"
18811008p.250_p002.txt,62,City of Chester,New York,LONDON,15 crotches and 2 logs mahogany,Order,4,10,1881,8,10,1881,True,4 City of Chester -New York-15 crotches and 2 logs mahogany-Order
18811008p.250_p002.txt,65,Coleridge,Riga,LOWESTOFT,"20,489 sleepers","Burt, Boulton, & Co",28,9,1881,8,10,1881,False,"Sept. 28 Coleridge-Riga-20,489 sleepers-Burt, Boulton, & Co"
18811008p.250_p002.txt,66,Rosa,Riga,LOWESTOFT,"9,172 sleepers","Burt, Boulton, & Co",30,9,1881,8,10,1881,False,"30 Rosa-Riga-9,172 sleepers-Burt, Boulton, & Co"
18811008p.250_p002.txt,68,Hutton Clayton,Dantzic,LYNN,"559 pcs. fir timber, 2,183 pcs. fir balks, 618 sleepers","Thompson, Pattrick, & Co.",28,9,1881,8,10,1881,False,"Sept. 28 Hutton Clayton-Dantzic-559 pcs. fir timber, 2,183 pcs. fir balks, 618 sleepers-Thompson, Pattrick, & Co."
18811008p.250_p002.txt,70,Republic,Uleaborg,MALDON,295 lds. deals and battens,J. Sadd & Son,29,9,1881,8,10,1881,False,Sept. 29 Republic-Uleaborg-295 lds. deals and battens-J. Sadd & Son
18811008p.250_p002.txt,71,Castor,Pitea,MALDON,32 lds. firewood,Sadd & Son,3,10,1881,8,10,1881,False,Oct. 3 Castor-Pitea-32 lds. firewood-Sadd & Son
18811008p.250_p002.txt,74,Agatha,Miramichi,MARYPORT,"20,275 deals, battens, and boards",J. & A. McGowan,27,9,1881,8,10,1881,False,"Sept. 27 Agatha-Miramichi-20,275 deals, battens, and boards-J. & A. McGowan"
18811008p.250_p002.txt,76,Isabel,Christiania,MIDDLESBROUGH,"45,424 pit",props-J. P. Hornung & Son,27,9,1881,8,10,1881,False,"Sept. 27 Isabel-Christiania-45,424 pit-props-J. P. Hornung & Son"
18811008p.250_p002.txt,77,Craigallion,Riga,MIDDLESBROUGH,"160 lds. square sleepers, 1,802 sleepers, 8,497 pit","props-Calder, Dixon",29,9,1881,8,10,1881,False,"29 Craigallion-Riga-160 lds. square sleepers, 1,802 sleepers, 8,497 pit-props-Calder, Dixon"
18811008p.250_p002.txt,79,Louisa,Bathurst,MILFORD,"5,714 deals and ends, 10 pcs. birch hewn",Elford Bros.,27,9,1881,8,10,1881,False,"Sept. 27 Louisa-Bathurst-5,714 deals and ends, 10 pcs. birch hewn-Elford Bros."
18811008p.250_p002.txt,81,Shamrock,Cronstadt,NEWHAVEN,8 lds. firewood,"A. Grenyer ; 17,626 pcs. fir split-Boyce",27,9,1881,8,10,1881,False,"Sept. 27 Shamrock-Cronstadt-8 lds. firewood-A. Grenyer ; 17,626 pcs. fir split-Boyce"
18811008p.250_p002.txt,82,Inger Margrethe,Neder Kalix,NEWHAVEN,8 lds. firewood,"A. Clemmensen ; 29,932 pcs. fir sawn - Sydenham, Hunt, & Co.",30,9,1881,8,10,1881,False,"30 Inger Margrethe-Neder Kalix-8 lds. firewood-A. Clemmensen ; 29,932 pcs. fir sawn - Sydenham, Hunt, & Co."
18811008p.250_p002.txt,83,Presto,Lulea,NEWHAVEN,"9,278 pcs. fir sawn",Parsons,3,10,1881,8,10,1881,False,"Oct. 3 Presto-Lulea-9,278 pcs. fir sawn-Parsons"
18811008p.250_p002.txt,87,Jean Baptiste,Hennebont,NEWPORT (MON.),180 lds. pit,props-J. G. Watts,27,9,1881,8,10,1881,False,Sept. 27 Jean Baptiste-Hennebont-180 lds. pit-props-J. G. Watts
18811008p.250_p002.txt,89,Bertha,Quebec,NEWPORT (MON.),"166 logs oak, 322 logs fir hewn, 1,857 deals and deal ends",Nicholas & Co.,29,9,1881,8,10,1881,False,"29 Bertha-Quebec-166 logs oak, 322 logs fir hewn, 1,857 deals and deal ends-Nicholas & Co."
18811008p.250_p002.txt,90,Redento,Bordeaux,NEWPORT (MON.),390 lds. pit,props-Powell,30,9,1881,8,10,1881,False,30 Redento-Bordeaux-390 lds. pit-props-Powell
18811008p.250_p002.txt,94,Josephine Marie,Hennebont,NEWPORT (MON.),115 props,R. W. Stonehouse & Co.,1,10,1881,8,10,1881,False,Oct. 1 Josephine Marie-Hennebont-115 props-R. W. Stonehouse & Co.
18811008p.250_p002.txt,95,Ornen,Arendal,NEWPORT (MON.),"4,589 pcs. fir hewn",M. W. Stonehouse & Co.,3,10,1881,8,10,1881,False,"3 Ornen-Arendal-4,589 pcs. fir hewn-M. W. Stonehouse & Co."
18811008p.250_p002.txt,100,Constance,Rotterdam,PLYMOUTH,500 bdls. wood hoops,Thos. Nicholson,27,9,1881,8,10,1881,False,Sept. 27 Constance-Rotterdam-500 bdls. wood hoops-Thos. Nicholson
18811008p.250_p002.txt,104,Ernst Wilhelm,Cronstadt,PLYMOUTH,"3,562 pcs. fir sawn, 11,536 pcs. lathwood","Fox, Elliott",1,10,1881,8,10,1881,False,"Oct. 1 Ernst Wilhelm-Cronstadt-3,562 pcs. fir sawn, 11,536 pcs. lathwood-Fox, Elliott"
18811008p.250_p002.txt,105,Sylphiden,Cronstadt,PLYMOUTH,"5,140 pcs. fir sawn",Fox,3,10,1881,8,10,1881,False,"3 Sylphiden-Cronstadt-5,140 pcs. fir sawn-Fox"
18811008p.250_p002.txt,108,R. W. Parry,Riga,PORTSMOUTH,"4,934 deals",Ewart,27,9,1881,8,10,1881,False,"Sept. 27 R. W. Parry-Riga-4,934 deals-Ewart"
18811008p.250_p002.txt,110,Maria,Hernosaud,ROCHESTER,"13,223 pcs. fir sawn",Baltic Saw-mills Co.,28,9,1881,8,10,1881,False,"Sept. 28 Maria-Hernosaud-13,223 pcs. fir sawn-Baltic Saw-mills Co."
18811008p.250_p002.txt,111,Aino,Bjorneborg,ROCHESTER,"1,087,956 staves",Wouldham Cement Co.,30,9,1881,8,10,1881,False,"30 Aino-Bjorneborg-1,087,956 staves-Wouldham Cement Co."
18811008p.250_p002.txt,113,Cedar,Sundswall,SCARBOROUGH,"7,914 deals",Mawson,27,9,1881,8,10,1881,False,"Sept. 27 Cedar-Sundswall-7,914 deals-Mawson"
18811008p.250_p002.txt,116,Anna,Riga,SHOREHAM,250 lds. pit,props-R. H. Penney,28,9,1881,8,10,1881,False,Sept. 28 Anna-Riga-250 lds. pit-props-R. H. Penney
18811008p.250_p002.txt,117,Merchant,Hudikswall,SHOREHAM,50 fir boards,"Mitchell ; 66,446 pcs. fir sawn, 120 lds. fire-wood-Holloway & Field",1,10,1881,8,10,1881,False,"Oct. 1 Merchant-Hudikswall-50 fir boards-Mitchell ; 66,446 pcs. fir sawn, 120 lds. fire-wood-Holloway & Field"
18811008p.250_p002.txt,118,Pandora,Pitea,SHOREHAM,"742 pcs. fir hewn, 1,211 pcs. fir sawn",Beves & Co.,3,10,1881,8,10,1881,False,"3 Pandora-Pitea-742 pcs. fir hewn, 1,211 pcs. fir sawn-Beves & Co."
18811008p.250_p002.txt,120,Waldemar,Gothenburg,SOUTHAMPTON,"8,774 deals and battens","J. Bovill, jun.",27,9,1881,8,10,1881,False,"Sept. 27 Waldemar-Gothenburg-8,774 deals and battens-J. Bovill, jun."
18811008p.250_p002.txt,121,Britic,New York,SOUTHAMPTON,3 lds. fir sawn,John Horn,28,9,1881,8,10,1881,False,28 Britic-New York-3 lds. fir sawn-John Horn
18811008p.250_p002.txt,122,Mary Annius,Montreal,SOUTHAMPTON,3 lds. splitwood,G. T. Harper,29,9,1881,8,10,1881,False,29 Mary Annius-Montreal-3 lds. splitwood-G. T. Harper
18811008p.250_p002.txt,123,Antelope,Christiania,SOUTHAMPTON,3 lds. fir sawn,Horn,1,10,1881,8,10,1881,False,Oct. 1 Antelope-Christiania-3 lds. fir sawn-Horn
18811008p.250_p002.txt,124,Quail,Rotterdam,SOUTHAMPTON,16 lds. splitwood,Dawson,3,10,1881,8,10,1881,False,3 Quail-Rotterdam-16 lds. splitwood-Dawson
18811008p.250_p002.txt,127,Fonna,Dram,SUNDERLAND,"43,135 pit",props-Moller,27,9,1881,8,10,1881,False,"Sept. 27 Fonna-Dram-43,135 pit-props-Moller"
18811008p.250_p002.txt,131,Express,Harborg,SUNDERLAND,"4,290 pit",props-Calder Bros.,29,9,1881,8,10,1881,False,"29 Express-Harborg-4,290 pit-props-Calder Bros."
18811008p.250_p002.txt,137,Vorwarts,Gefle,SUNDERLAND,"6,789 deals and boards",Thompson & Co.,30,9,1881,8,10,1881,False,"30 Vorwarts - Gefle - 6,789 deals and boards-Thompson & Co."
18811008p.250_p002.txt,139,Manne du Ciel,l'Orient,SWANSEA,91 lds. fir hewn,Williams & Davis,27,9,1881,8,10,1881,False,Sept. 27 Manne du Ciel-l'Orient-91 lds. fir hewn-Williams & Davis
18811008p.250_p002.txt,140,Oberburgmeister von Winter,Quebec,SWANSEA,"400 pcs. pine hewn, 132 pcs. oak hewn, 3,954 pcs. pine sawn, 9 lds. lathwood",Gregor Bros.,28,9,1881,8,10,1881,False,"28 Oberburgmeister von Winter-Quebec-400 pcs. pine hewn, 132 pcs. oak hewn, 3,954 pcs. pine sawn, 9 lds. lathwood-Gregor Bros."
18811008p.250_p002.txt,141,Nasham,"Ship Harbour, N.S.",SWANSEA,"780 lds. deals, 23 lds. deal ends",D. W. Johns,29,9,1881,8,10,1881,False,"29 Nasham-Ship Harbour, N.S.-780 lds. deals, 23 lds. deal ends-D. W. Johns"
18811008p.250_p002.txt,145,Cecile,Bordeaux,SWANSEA,108 lds. pitwood,Davis,1,10,1881,8,10,1881,False,Oct. 1 Cecile-Bordeaux-108 lds. pitwood-Davis
18811008p.250_p002.txt,146,Leah,St. John,SWANSEA,348 lds. deals and deal ends,Davis & Thomas,3,10,1881,8,10,1881,False,3 Leah-St. John-348 lds. deals and deal ends-Davis & Thomas
18811008p.250_p002.txt,151,Regnbnen,Gothenburg,TEIGNMOUTH,"24,617 boards and deals",J. S. Cull,30,9,1881,8,10,1881,False,"Sept. 30 Regnbnen-Gothenburg-24,617 boards and deals-J. S. Cull"
18811008p.250_p002.txt,153,Skinfax,Kragero,TRURO,"1,359 pcs. fir hewn, 115 spars, 679 pcs. fir sawn",Harvey & Co.,30,9,1881,8,10,1881,False,"Sept. 30 Skinfax-Kragero-1,359 pcs. fir hewn, 115 spars, 679 pcs. fir sawn-Harvey & Co."
18811008p.250_p002.txt,154,Order,Porsgrund,TRURO,"1,634 pcs. fir hewn, 728 pcs. fir sawn",Harvey & Co.,1,10,1881,8,10,1881,False,"Oct. 1 Order-Porsgrund-1,634 pcs. fir hewn, 728 pcs. fir sawn-Harvey & Co."
18811008p.250_p003.txt,12,Wilhelmina,Wyborg,WISBECH,"18,300 boards, 4 lds. firewood",English Bro*.,27,9,1881,8,10,1881,False,"Sept. 27 Wilhelmina-Wyborg-18,300 boards, 4 lds. firewood-English Bro*."
18811008p.250_p003.txt,13,Annie,Uleaborg,WISBECH,10 lds. firewood,Stanley,28,9,1881,8,10,1881,False,28 Annie-Uleaborg-10 lds. firewood-Stanley
18811008p.250_p003.txt,14,Hoppet,Uleaborg,WISBECH,"10,360 deals, boards",English Bros.,28,9,1881,8,10,1881,False,"28 Hoppet-Uleaborg-10,360 deals, boards-English Bros."
18811008p.250_p003.txt,15,Isaac,Cronstadt,WISBECH,"9,160 deals, 1,000 poles",English Bros.,29,9,1881,8,10,1881,False,"29 Isaac-Cronstadt-9,160 deals, 1,000 poles-English Bros."
18811008p.250_p003.txt,16,Amanda,Tornea,WISBECH,"16,733 battens and bat",tens-English Bros.,3,10,1881,8,10,1881,False,"Oct. 3 Amanda-Tornea-16,733 battens and bat-tens-English Bros."
18811008p.250_p003.txt,18,Freya,Hernosand,YARMOUTH,"6,871 deals and battens, 5 lds. fir sawn",O. Olsen,29,9,1881,8,10,1881,False,"Sept. 29 Freya-Hernosand-6,871 deals and battens, 5 lds. fir sawn-O. Olsen"
18811008p.250_p003.txt,19,Venus,Halmstadt,YARMOUTH,"7,177 deals and battens",T. Small & Co.,3,10,1881,8,10,1881,False,"Oct. 3 Venus-Halmstadt-7,177 deals and battens-T. Small & Co."
18811008p.250_p003.txt,22,Colorado,St. John,BELFAST,"21,647 deals, deals ends",S. Lowther,27,9,1881,8,10,1881,False,"Sept. 27 Colorado-St. John-21,647 deals, deals ends-S. Lowther"
18811008p.250_p003.txt,23,Humber,Quebec,BELFAST,"10,211 pcs. sawn fir","Fer-guson, Davidson, & Co.",28,9,1881,8,10,1881,False,"28 Humber-Quebec-10,211 pcs. sawn fir-Fer-guson, Davidson, & Co."
18811008p.250_p003.txt,24,Andreas,Miramichi,BELFAST,"12,352 deals",Dixon,29,9,1881,8,10,1881,False,"29 Andreas-Miramichi-12,352 deals-Dixon"
18811008p.250_p003.txt,27,Charger,Quebec,BELFAST,"68 pcs. oak, 86 pcs. pine timber, 853 pcs. hewn fir, 9,041 deals",Carroll,1,10,1881,8,10,1881,False,"Oct. 1 Charger-Quebec-68 pcs. oak, 86 pcs. pine timber, 853 pcs. hewn fir, 9,041 deals-Carroll"
18811008p.250_p003.txt,29,Arklow,St. John,CORK,"8,705 deals, deals ends",N. Walsh,26,9,1881,8,10,1881,False,"Sept. 26 Arklow-St. John-8,705 deals, deals ends-N. Walsh"
18811008p.250_p003.txt,31,Alfred,St. John,LIMERICK,980 lds. sawn fir,J. Cooke,27,9,1881,8,10,1881,False,Sept. 27 Alfred-St. John-980 lds. sawn fir-J. Cooke
18811008p.250_p003.txt,33,Harvest Home,Miramichi,LONDONDERRY,880 lds. sawn fir,J. & J. Cooke,26,9,1881,8,10,1881,False,Sept. 26 Harvest Home-Miramichi-880 lds. sawn fir-J. & J. Cooke
18811008p.250_p003.txt,34,Twilight,St. John,LONDONDERRY,"1,125 lds. sawn fir",J. Cooke,1,10,1881,8,10,1881,False,"Oct. 1 Twilight-St. John-1,125 lds. sawn fir-J. Cooke"
18811008p.250_p003.txt,36,T. Smith,Bathurst,SKIBBEREEN,"19,441 pcs. sawn fir",S. Vickery,30,9,1881,8,10,1881,False,"Sept. 30 T. Smith-Bathurst-19,441 pcs. sawn fir-S. Vickery"
18811008p.250_p003.txt,38,Dux,Quebec,SLIGO,"10 pcs. oak, 217 pcs. sawn fir, 7,158 pcs. sawn fir, 15 lds. split wood",O'Connor & Cullen,27,9,1881,8,10,1881,False,"Sept. 27 Dux-Quebec-10 pcs. oak, 217 pcs. sawn fir, 7,158 pcs. sawn fir, 15 lds. split wood-O'Connor & Cullen"
18811008p.250_p003.txt,40,Amandus,Jordan River,TRALEE,"9,187 deal battens, 1,464 deal ends",R. McCowen,28,9,1881,8,10,1881,False,"Sept. 28 Amandus-Jordan River-9,187 deal battens, 1,464 deal ends-R. McCowen"
18811008p.250_p003.txt,42,Bellevue,Quebec,WATERFORD,"29 pcs. oak, 19 pcs. elm, 269 pcs. fir hewn, 14,689 deals",J. P. Graves & Co.,28,9,1881,8,10,1881,False,"Sept. 28 Bellevue-Quebec-29 pcs. oak, 19 pcs. elm, 269 pcs. fir hewn, 14,689 deals-J. P. Graves & Co."
18811008p.250_p003.txt,43,Orient,Bathurst,WATERFORD,"26,911 deals, 50,000 staves, 12,000 boards",Cox Bros.,29,9,1881,8,10,1881,False,"29 Orient-Bathurst-26,911 deals, 50,000 staves, 12,000 boards-Cox Bros."
18811008p.250_p003.txt,46,Daniel,Cronstadt,ALLOA,"4,580 deals, 889 battens",A. Thomson & Sons,27,9,1881,8,10,1881,False,"Sept. 27 Daniel-Cronstadt-4,580 deals, 889 battens-A. Thomson & Sons"
18811008p.250_p003.txt,50,Activ,Lappvik,ALLOA,"990 deals, 10,108 battens",Thomson & Sons,28,9,1881,8,10,1881,False,"28 Activ-Lappvik-990 deals, 10,108 battens-Thomson & Sons"
18811008p.250_p003.txt,51,Dorthea,Laurvig,ALLOA,"11,644 pit",props-Madsen,30,9,1881,8,10,1881,False,"30 Dorthea-Laurvig-11,644 pit-props-Madsen"
18811008p.250_p003.txt,53,Flora,Metis,AYR,"78 pcs. hewn timber, 10,767 deals",J. Paton & Sons,29,9,1881,8,10,1881,False,"Sept. 29 Flora-Metis-78 pcs. hewn timber, 10,767 deals-J. Paton & Sons"
18811008p.250_p003.txt,55,Adolph,Oscarshamn,BORROWSTOUNNESS,"6,645 pit",props-A. Wallace,29,9,1881,8,10,1881,False,"Sept. 29 Adolph-Oscarshamn-6,645 pit-props-A. Wallace"
18811008p.250_p003.txt,57,Louise Alwards,Rodestrand,BORROWSTOUNNESS,"11,523 pit",props-Thomson & Balfour,30,9,1881,8,10,1881,False,"30 Louise Alwards-Rodestrand-11,523 pit-props-Thomson & Balfour"
18811008p.250_p003.txt,59,Nordstjernen,Oscarshamn,BORROWSTOUNNESS,"4,663 pit",props-A. Wallace,1,10,1881,8,10,1881,False,"Oct. 1 Nordstjernen-Oscarshamn-4,663 pit-props-A. Wallace"
18811008p.250_p003.txt,61,Garry,Archangel,DUNDEE,"1,110 deals",Fleming,27,9,1881,8,10,1881,False,"Sept. 27 Garry-Archangel-1,110 deals-Fleming"
18811008p.250_p003.txt,62,Cimbritshamn,Ny Karleby,DUNDEE,"7,344 battens",J. Jessiman,28,9,1881,8,10,1881,False,"28 Cimbritshamn-Ny Karleby-7,344 battens-J. Jessiman"
18811008p.250_p003.txt,63,Loch Maree,Cronstadt,DUNDEE,"1,580 deals, 25 lds. firewood",Ireland & Co.,3,10,1881,8,10,1881,False,"Oct. 3 Loch Maree-Cronstadt-1,580 deals, 25 lds. firewood-Ireland & Co."
18811008p.250_p003.txt,66,Fremad,Grimstad,FRASERBURGH,"50,000 staves, 10,000 pcs. hewn fir",W. Macconnachie & Co.,28,9,1881,8,10,1881,False,"Sept. 28 Fremad-Grimstad-50,000 staves, 10,000 pcs. hewn fir-W. Macconnachie & Co."
18811008p.250_p003.txt,68,Adria,Fiume,GLASGOW,60 wainscot logs,Morris & Co.,27,9,1881,8,10,1881,True,Sept. 27 Adria -Fiume-60 wainscot logs-Morris & Co.
18811008p.250_p003.txt,70,Louis A. Martinez,Pictou,GLASGOW,"1,150 pcs. birch, 1,120 spruce deals",W. Kidston & Sons,28,9,1881,8,10,1881,False,"28 Louis A. Martinez-Pictou-1,150 pcs. birch, 1,120 spruce deals-W. Kidston & Sons"
18811008p.250_p003.txt,72,Austrian,"Boston 1,200 staves",GLASGOW,Drysdale,,29,9,1881,8,10,1881,True,"29 Austrian -Boston 1,200 staves-Drysdale"
18811008p.250_p003.txt,74,Bertha,Richibucto,GLASGOW,"9,253 deals and ends","Robinson, Dunn, & Co.",30,9,1881,8,10,1881,True,"30 Bertha -Richibucto-9,253 deals and ends-Robinson, Dunn, & Co."
18811008p.250_p003.txt,75,Earnest,New York,GLASGOW,"6,000 staves",Order,1,10,1881,8,10,1881,False,"Oct. 1 Earnest-New York-6,000 staves-Order"
18811008p.250_p003.txt,79,Josephine,Dantzie,GRANGEMOUTH,"615 pcs. deals, 152 pcs. fir",Order,26,9,1881,8,10,1881,False,"Sept. 26 Josephine-Dantzie-615 pcs. deals, 152 pcs. fir-Order"
18811008p.250_p003.txt,81,Glenavon,Riga,GRANGEMOUTH,"7,347 pcs. sleeper blocks, 4,119 pcs. lathwood",Brownlee & Co.,28,9,1881,8,10,1881,True,"28 Glenavon -Riga-7,347 pcs. sleeper blocks, 4,119 pcs. lathwood-Brownlee & Co."
18811008p.250_p003.txt,83,Jessie,Cronstadt,GRANGEMOUTH,"12,126 pcs. deals and ends",P. & J. Wilkie,30,9,1881,8,10,1881,False,"30 Jessie-Cronstadt-12,126 pcs. deals and ends-P. & J. Wilkie"
18811008p.250_p003.txt,86,Concordina,Cronstadt,GRANTON,"4 lds. deal ends, 1 pc. fir hewn",F. Behring,29,9,1881,8,10,1881,False,"Sept. 29 Concordina-Cronstadt-4 lds. deal ends, 1 pc. fir hewn-F. Behring"
18811008p.250_p003.txt,89,Johannes,Memel,THE TIMBER TRADES JOURNAL,"10,980 oak staves",Lind-say & Son,3,10,1881,8,10,1881,False,"Oct. 3 Johannes-Memel-10,980 oak staves-Lind-say & Son"
18811008p.250_p003.txt,93,George Gilroy,Quebec,GREENOCK,132 pcs. waney pine,"Allison, Cousland, & Hamilton; 377 pcs. white pine, 10 pcs. walnut, 6 pcs. white-wood, 5 pcs. ash, 2,292 pine deals, 1,441 staves, 140 pcs. oak, 6,972 staves-Edmiston & Mitchells; 23 pcs. oak-Brownlee",28,9,1881,8,10,1881,False,"Sept. 28 George Gilroy-Quebec-132 pcs. waney pine-Allison, Cousland, & Hamilton; 377 pcs. white pine, 10 pcs. walnut, 6 pcs. white-wood, 5 pcs. ash, 2,292 pine deals, 1,441 staves, 140 pcs. oak, 6,972 staves-Edmiston & Mitchells; 23 pcs. oak-Brownlee & Co.; 87 pcs. oak, 176 pcs. birch-Order"
18811008p.250_p003.txt,94,Leafing Water,Quebec,GREENOCK,"252 pcs. ash, 360 oak planks, 1,399 pine deals, 800 pine deal ends, 3,132 staves, 438 pcs. white pine, 114 pcs. square pine, 402 pcs. birch, 198 pcs. oak",Order,29,9,1881,8,10,1881,False,"29 Leafing Water-Quebec-252 pcs. ash, 360 oak planks, 1,399 pine deals, 800 pine deal ends, 3,132 staves, 438 pcs. white pine, 114 pcs. square pine, 402 pcs. birch, 198 pcs. oak-Order"
18811008p.250_p003.txt,95,Rutland,Quebec,GREENOCK,"731 pcs. square pine, 1,699 pine deals, 2,322 pine deal ends, 10½ cords lathwood, 19 pcs. waney pine, 1 pc. oak, 22,632 oak planks and scantlings",Order,3,10,1881,8,10,1881,False,"Oct. 3 Rutland-Quebec-731 pcs. square pine, 1,699 pine deals, 2,322 pine deal ends, 10½ cords lathwood, 19 pcs. waney pine, 1 pc. oak, 22,632 oak planks and scantlings-Order"
18811008p.250_p003.txt,98,Alf,Nyland,INVERNESS,"6,392 battens",Watson & Co.,27,9,1881,8,10,1881,False,"Sept. 27 Alf-Nyland-6,392 battens-Watson & Co."
18811008p.250_p003.txt,99,Etna,Kaumussan,INVERNESS,"16,746 deals and battens, 3 lds. firewood",J. Walker & Co.,3,10,1881,8,10,1881,False,"Oct. 3 Etna-Kaumussan-16,746 deals and battens, 3 lds. firewood-J. Walker & Co."
18811008p.250_p003.txt,101,Tobine,Sandefjord,KIRKCALDY,"12,480 pcs. birch billetwood",T. Cormack,27,9,1881,8,10,1881,False,"Sept. 27 Tobine-Sandefjord-12,480 pcs. birch billetwood-T. Cormack"
18811008p.250_p003.txt,103,Najaden,Cronstadt,LEITH,"6,859 deals and battens",J. Duncan & Co.,27,9,1881,8,10,1881,False,"Sept. 27 Najaden-Cronstadt-6,859 deals and battens-J. Duncan & Co."
18811008p.250_p003.txt,104,Najaden,Drammen,LEITH,"6,314 pcs. sawn fir","Park, Dobson, & Co.",28,9,1881,8,10,1881,False,"28 Najaden-Drammen-6,314 pcs. sawn fir-Park, Dobson, & Co."
18811008p.250_p003.txt,106,Hiram,Soderhamn,LEITH,13 lds. firewood,N. Gudmundson,29,9,1881,8,10,1881,False,29 Hiram-Soderhamn-13 lds. firewood-N. Gudmundson
18811008p.250_p003.txt,108,Kinghorn,Rotterdam,LEITH,"1,120 bdls. wood hoops",G. Gibson & Co.,30,9,1881,8,10,1881,False,"30 Kinghorn-Rotterdam-1,120 bdls. wood hoops-G. Gibson & Co."
18811008p.250_p003.txt,109,Amulet,Rotterdam,LEITH,200 bdls. wood hoops,G. Gibson & Co.,3,10,1881,8,10,1881,False,Oct. 3 Amulet-Rotterdam-200 bdls. wood hoops-G. Gibson & Co.
18811008p.250_p003.txt,113,Asken,Sundswall,MONTROSE,"689 pcs. hewn fir, 1,409 battens, 45 lds. firewood, 72 boards, 60 deals",R. Millar & Sons,28,9,1881,8,10,1881,False,"Sept. 28 Asken-Sundswall-689 pcs. hewn fir, 1,409 battens, 45 lds. firewood, 72 boards, 60 deals-R. Millar & Sons"
18811008p.250_p003.txt,114,Palmerston,Bjorneborg,MONTROSE,"19,379 battens",R. Millar & Sons,3,10,1881,8,10,1881,False,"Oct. 3 Palmerston-Bjorneborg-19,379 battens-R. Millar & Sons"
18811008p.250_p003.txt,116,Marion,Konigsberg,PETERHEAD,"4,328 birch billets",Leask & Co.,30,9,1881,8,10,1881,False,"Sept. 30 Marion-Konigsberg-4,328 birch billets-Leask & Co."
18811008p.250_p003.txt,118,Jehu,"Halifax, N.S.",TROON,"18,141 deals",Brownlee & Co.,30,9,1881,8,10,1881,False,"Sept. 30 Jehu-Halifax, N.S.-18,141 deals-Brownlee & Co."
18811008p.250_p003.txt,119,J. L. Stewart,Parrsborough,TROON,"7,093 deals and ends",J. Wright & Son,1,10,1881,8,10,1881,False,"Oct. 1 J. L. Stewart-Parrsborough-7,093 deals and ends-J. Wright & Son"
18811008p.250_p003.txt,121,Queen of the Isles,St. Petersburg,WICK,"4,879 pcs. fir sawn, 340 pcs. fir hewn",D. Sutherland,27,9,1881,8,10,1881,False,"Sept. 27 Queen of the Isles-St. Petersburg-4,879 pcs. fir sawn, 340 pcs. fir hewn-D. Sutherland"
18811008p.250_p003.txt,122,Urania,Mandal,WICK,"9,600 staves",D. Sandison,28,9,1881,8,10,1881,False,"28 Urania-Mandal-9,600 staves-D. Sandison"
18811015p.264_p002.txt,11,Una,Kotka,"OCTOBER 15, 1881","34,468 battens",Order,8,10,1881,15,10,1881,True,"8 Una -Kotka-34,468 battens-Order"
18811015p.264_p002.txt,28,Ebro,Uleaborg,"OCTOBER 15, 1881","359 stds. deals, battens, and boards",G. F. Neame & Co.,11,10,1881,15,10,1881,True,"11 Ebro -Uleaborg-359 stds. deals, battens, and boards-G. F. Neame & Co."
18811015p.264_p002.txt,38,Greyhound,Quebec,"OCTOBER 15, 1881","27,991 deals, 3,500 deal ends","Bryant, Powis, & Co. ; 3,958 deals-Order",12,10,1881,15,10,1881,False,"12 Greyhound-Quebec-27,991 deals, 3,500 deal ends-Bryant, Powis, & Co. ; 3,958 deals-Order"
18811015p.264_p002.txt,47,Aland,Kragero,LOWESTOFT,"109,560 birch staves",W. J. Wilton,12,10,1881,15,10,1881,False,"Oct. 12 Aland-Kragero-109,560 birch staves-W. J. Wilton"
18811015p.264_p002.txt,49,Rose Middleton,Nynamn,LYNN,"14,013 deals and battens",Order,7,10,1881,15,10,1881,False,"Oct. 7 Rose Middleton-Nynamn-14,013 deals and battens-Order"
18811015p.264_p002.txt,50,Susanna,Riga,LYNN,"2,842 pcs. hewn, 2,842 pcs. sawn",Bowker,7,10,1881,15,10,1881,False,"Oct. 7 Susanna-Riga-2,842 pcs. hewn, 2,842 pcs. sawn-Bowker"
18811015p.264_p002.txt,52,Richard Thrift,Neder Kalix,MALDON,350 pcs. fir deals,Brown & Son,5,10,1881,15,10,1881,False,Oct. 5 Richard Thrift-Neder Kalix-350 pcs. fir deals-Brown & Son
18811015p.264_p002.txt,54,Dagmar Fisher,Richibucto,MARYPORT,742 lds. deals,"Graham, Anderson, & Co.",4,10,1881,15,10,1881,False,"Oct. 4 Dagmar Fisher-Richibucto-742 lds. deals-Graham, Anderson, & Co."
18811015p.264_p002.txt,56,P. Hornung,Uddevalla,MIDDLESBROUGH,"27,790 pit",props-J. G. & Son,4,10,1881,15,10,1881,False,"Oct. 4 P. Hornung-Uddevalla-27,790 pit-props-J. G. & Son"
18811015p.264_p002.txt,60,Demokraten,"18,740 pit",MIDDLESBROUGH,props,J. P. Hornung,8,10,1881,15,10,1881,False,"8 Demokraten-18,740 pit-props-J. P. Hornung"
18811015p.264_p002.txt,66,Prins Oscar,Gothenburg,MIDDLESBROUGH,773 doz. boards,"W. W. Howard ; 220 doz. battens-H. Lighton ; 48 pkgs. wood-J. Batt & Co. ; 2,200 bdls. laths-Simson & Mason ; 76 doz. deals, 76 prs. oars-Order",10,10,1881,15,10,1881,True,"10 Prins Oscar -Gothenburg-773 doz. boards-W. W. Howard ; 220 doz. battens-H. Lighton ; 48 pkgs. wood-J. Batt & Co. ; 2,200 bdls. laths-Simson & Mason ; 76 doz. deals, 76 prs. oars-Order"
18811015p.264_p002.txt,76,Tryggve,Drammen,MIDDLESBROUGH,"39,428 pit","props, 84 spars, 100 boards-L. Torkildsen & Co.",8,10,1881,15,10,1881,False,"8 Tryggve-Drammen-39,428 pit-props, 84 spars, 100 boards-L. Torkildsen & Co."
18811015p.264_p002.txt,77,Luther,Figeholm,MIDDLESBROUGH,"6,975 pit",props-Moller,10,10,1881,15,10,1881,False,"10 Luther-Figeholm-6,975 pit-props-Moller"
18811015p.264_p002.txt,126,Emilie,Fredrikstadt,SHOREHAM,"22,534 boards",J. [?]land & Co.,10,10,1881,15,10,1881,False,"10 Emilie-Fredrikstadt-22,534 boards-J. [?]land & Co."
18811015p.264_p002.txt,130,Ousel,Rotterdam,SOUTHAMPTON,20 lds. split wood,Dawson Bros.,10,10,1881,15,10,1881,False,Oct. 10 Ousel-Rotterdam-20 lds. split wood-Dawson Bros.
18811015p.264_p002.txt,133,Ansgar,Tornea,STOCKTON,"8,194 battens",Byers & Son,5,10,1881,15,10,1881,False,"Oct. 5 Ansgar-Tornea-8,194 battens-Byers & Son"
18811015p.264_p002.txt,135,Harlingen,Dantzic,SUNDERLAND,"521 pcs. hewn oak, 9 lds. lathwood","Weslands, Robson, & Son",4,10,1881,15,10,1881,False,"Oct. 4 Harlingen-Dantzic-521 pcs. hewn oak, 9 lds. lathwood-Weslands, Robson, & Son"
18811015p.264_p002.txt,138,Ingvarsson,Oscarshamn,SUNDERLAND,"7,383 pit",props-Peacock Bros.,5,10,1881,15,10,1881,False,"5 Ingvarsson-Oscarshamn-7,383 pit-props-Peacock Bros."
18811015p.264_p002.txt,143,Onkel,Halmstad,SUNDERLAND,"29,243 pit",props-Calder Bros.,6,10,1881,15,10,1881,False,"6 Onkel-Halmstad-29,243 pit-props-Calder Bros."
18811015p.264_p002.txt,144,Oceanide,Stettin,SUNDERLAND,"184 pcs. oak hewn, 326 pcs. fir hewn",Thompson & Co.,7,10,1881,15,10,1881,False,"7 Oceanide-Stettin-184 pcs. oak hewn, 326 pcs. fir hewn-Thompson & Co."
18811015p.264_p002.txt,148,Alert,Kragero,SUNDERLAND,[?],,10,10,1881,15,10,1881,False,Oct. 10 Alert-Kragero-[?]
18811015p.264_p002.txt,166,Calypso,Bordeaux,-R. W. [?],[?],,7,10,1881,15,10,1881,False,7 Calypso-Bordeaux-[?]
18811015p.264_p002.txt,170,Pacific,Memel,J. G. W-[?],[?],,10,10,1881,15,10,1881,False,10 Pacific-Memel-[?]
18811015p.264_p002.txt,180,Augusta,Bordeaux,J. G. W-[?],[?],,8,10,1881,15,10,1881,False,8 Augusta-Bordeaux-[?]
18811015p.264_p002.txt,182,Anna,Bordeaux,SWANSEA,95 lds. fir hewn,William,4,10,1881,15,10,1881,False,Oct. 4 Anna-Bordeaux-95 lds. fir hewn-William
18811015p.264_p002.txt,185,Framat,Sundswall,SWANSEA,8 lds. splitwood,Holmquist,5,10,1881,15,10,1881,False,5 Framat-Sundswall-8 lds. splitwood-Holmquist
18811015p.264_p002.txt,187,George & Louise,Bordeaux,SWANSEA,308 lds. pit,props-James Davis,6,10,1881,15,10,1881,False,6 George & Louise-Bordeaux-308 lds. pit-props-James Davis
18811015p.264_p002.txt,188,Aimable Lucie,Meschers,SWANSEA,132 lds. pit,props-James Davis,7,10,1881,15,10,1881,False,7 Aimable Lucie-Meschers-132 lds. pit-props-James Davis
18811015p.264_p002.txt,191,Pauline,Morlaix,SWANSEA,75 lds. pitwood,J. Strick,8,10,1881,15,10,1881,False,8 Pauline-Morlaix-75 lds. pitwood-J. Strick
18811015p.264_p002.txt,193,G. P. Payzant,Pensacola,SWANSEA,"397 lds. fir hewn, 388 pcs. pine sawn, 604 deals",Thos. Watkins,10,10,1881,15,10,1881,False,"10 G. P. Payzant-Pensacola-397 lds. fir hewn, 388 pcs. pine sawn, 604 deals-Thos. Watkins"
18811015p.264_p002.txt,196,Caroline,Hudikswall,TEIGNMOUTH,"9,209 battens and deals",J. S. Cull,7,10,1881,15,10,1881,False,"Oct. 7 Caroline-Hudikswall-9,209 battens and deals-J. S. Cull"
18811015p.264_p002.txt,198,Gladiator,Uleaborg,TRURO,"1,115 pcs. fir hewn, 1,397 pcs. fir sawn",R. Michell & Son,4,10,1881,15,10,1881,False,"Oct. 4 Gladiator-Uleaborg-1,115 pcs. fir hewn, 1,397 pcs. fir sawn-R. Michell & Son"
18811015p.264_p002.txt,199,Nor,Kragero,TRURO,"2,169 pcs. fir hewn, 864 pcs. fir sawn",Harvey & Co.,10,10,1881,15,10,1881,False,"10 Nor-Kragero-2,169 pcs. fir hewn, 864 pcs. fir sawn-Harvey & Co."
18811015p.264_p002.txt,202,Alpha,Christiania,TYNE,"420 cs. wood pulp, 269 bales wood pulp, 28,724 props, 35 pkgs. battens",Order,4,10,1881,15,10,1881,False,"Oct. 4 Alpha-Christiania-420 cs. wood pulp, 269 bales wood pulp, 28,724 props, 35 pkgs. battens-Order"
18811029p.295_p002.txt,27,Kong Oscar,Bathurst,IPSWICH,"13,000 staves","Ransomes, Head, & Jeffries",18,10,1881,29,10,1881,False,"Oct. 18 Kong Oscar-Bathurst-13,000 staves-Ransomes, Head, & Jeffries"
18811029p.295_p002.txt,28,Antelope,Skutskar,IPSWICH,"6,580 deals and battens",Ransomes & Rapier,22,10,1881,29,10,1881,False,"22 Antelope-Skutskar-6,580 deals and battens-Ransomes & Rapier"
18811029p.295_p002.txt,30,Gazelle,Bjorneborg,KING'S LYNN,760 lds. firewood,Thompson & Co.,15,10,1881,29,10,1881,True,Oct. 15 Gazelle -Bjorneborg-760 lds. firewood-Thompson & Co.
18811029p.295_p002.txt,31,Emma,New York,KING'S LYNN,12 lds. firewood,Dickerson,21,10,1881,29,10,1881,False,21 Emma-New York-12 lds. firewood-Dickerson
18811029p.295_p002.txt,32,Jessie,Wyborg,KING'S LYNN,"109 lds. fir sawn, 25 lds. split wood",A. Hill,22,10,1881,29,10,1881,False,"22 Jessie-Wyborg-109 lds. fir sawn, 25 lds. split wood-A. Hill"
18811029p.295_p002.txt,33,Glenavon,Riga,KING'S LYNN,957 lds. sleepers,Bowker,25,10,1881,29,10,1881,True,25 Glenavon -Riga-957 lds. sleepers-Bowker
18811029p.295_p002.txt,35,Catalonia,New York,LIVERPOOL,"1,714 shooks, 800 bdls. staves, 54 cks. heading",Order,19,10,1881,29,10,1881,True,"Oct. 19 Catalonia -New York-1,714 shooks, 800 bdls. staves, 54 cks. heading-Order"
18811029p.295_p002.txt,37,Samaria,Boston,LIVERPOOL,"7,200 staves",Order,20,10,1881,29,10,1881,True,"20 Samaria -Boston-7,200 staves-Order"
18811029p.295_p002.txt,39,Lake Nepigon,Montreal,LIVERPOOL,"3,619 deals, 790 pcs. wood",Gardner & Sons,21,10,1881,29,10,1881,True,"21 Lake Nepigon -Montreal-3,619 deals, 790 pcs. wood-Gardner & Sons"
18811029p.295_p002.txt,41,Erin,New York,LIVERPOOL,"1,037 shooks, 2,500 staves",Order,22,10,1881,29,10,1881,True,"22 Erin -New York-1,037 shooks, 2,500 staves-Order"
18811029p.295_p002.txt,45,Canismuir,New Orleans,LIVERPOOL,"2,520 staves",Order,24,10,1881,29,10,1881,True,"24 Canismuir -New Orleans-2,520 staves-Order"
18811029p.295_p002.txt,49,Adriatic,New York,LIVERPOOL,"1,000 shooks, 8 logs maple, 25 logs walnut, 2,000 staves",Order,25,10,1881,29,10,1881,True,"25 Adriatic -New York-1,000 shooks, 8 logs maple, 25 logs walnut, 2,000 staves-Order"
18811029p.295_p002.txt,53,Baobab,Port Launay,LLANELLY,128 lds. pitwood,David Rees,19,10,1881,29,10,1881,False,Oct. 19 Baobab-Port Launay-128 lds. pitwood-David Rees
18811029p.295_p002.txt,55,Linden,Cronstadt,LONDON,"5,698 pcs. lathwood","J. Knights ; 15,608 deals-Order",20,10,1881,29,10,1881,True,"Oct. 20 Linden -Cronstadt-5,698 pcs. lathwood-J. Knights ; 15,608 deals-Order"
18811029p.295_p002.txt,68,Dalton,Santos,"[OCTOBER 29, 1881",150 logs rosewood,C. de Murrieta & Co.,21,10,1881,29,10,1881,True,21 Dalton -Santos-150 logs rosewood-C. de Murrieta & Co.
18811029p.295_p002.txt,80,Greece,New York,"[OCTOBER 29, 1881",630 pcs. 146 bds. lumber,"Herrmann ; 1,690 bds. lumber-Churchill & Sim ; 3,772 staves-Order",22,10,1881,29,10,1881,True,"22 Greece -New York-630 pcs. 146 bds. lumber-Herrmann ; 1,690 bds. lumber-Churchill & Sim ; 3,772 staves-Order"
18811112p.324_p002.txt,40,Halcyon,Savenas,LYNN,419 lds. battens and boards,J. T. Stanton & Co.,26,10,1881,12,11,1881,False,Oct. 26 Halcyon-Savenas-419 lds. battens and boards-J. T. Stanton & Co.
18811112p.324_p002.txt,43,Princess Alexandra,Ny Karleby,LYNN,448 lds. deals and boards,Thompson & Co.,27,10,1881,12,11,1881,False,27 Princess Alexandra-Ny Karleby-448 lds. deals and boards-Thompson & Co.
18811112p.324_p002.txt,49,William & Jane,Nyhamn,LYNN,"429 lds. deals, battens, and boards",Thompson & Co.,28,10,1881,12,11,1881,False,"28 William & Jane-Nyhamn-429 lds. deals, battens, and boards-Thompson & Co."
18811112p.324_p002.txt,54,John Clarke,Gefle,LYNN,363 lds. deals and boards,Thompson & Co.,29,10,1881,12,11,1881,False,29 John Clarke-Gefle-363 lds. deals and boards-Thompson & Co.
18811112p.324_p002.txt,58,Hugh Bourne,Sundswall,LYNN,"360 lds. deals, battens, and boards",Thompson & Co.,30,10,1881,12,11,1881,False,"30 Hugh Bourne-Sundswall-360 lds. deals, battens, and boards-Thompson & Co."
18811112p.324_p002.txt,60,Laura,Sundswall,MARYPORT,"6,883 deals, battens, and boards, 81 pcs. fir, 7 lds. firewood",Ritson & Co.,1,11,1881,12,11,1881,False,"Nov. 1 Laura-Sundswall-6,883 deals, battens, and boards, 81 pcs. fir, 7 lds. firewood-Ritson & Co."
18811112p.324_p002.txt,61,Alexandra,Quebec,MARYPORT,"39 lds. oak, 348 pcs. elm, 15 lds. hewn timber, 80 lds. pipe staves, 17 lds. lathwood",Creighton,3,11,1881,12,11,1881,False,"3 Alexandra-Quebec-39 lds. oak, 348 pcs. elm, 15 lds. hewn timber, 80 lds. pipe staves, 17 lds. lathwood-Creighton"
18811112p.324_p002.txt,62,Atlas,Quebec,MARYPORT,"80 lds. oak hewn, 15 lds. fir hewn, 290 lds. fir hewn, 90 lds. lathwood","J. & A. McGowan ; 20 lds. fir hewn, 45 lds. deals-W. Thompson & Co.",7,11,1881,12,11,1881,False,"7 Atlas-Quebec-80 lds. oak hewn, 15 lds. fir hewn, 290 lds. fir hewn, 90 lds. lathwood-J. & A. McGowan ; 20 lds. fir hewn, 45 lds. deals-W. Thompson & Co."
18811112p.324_p002.txt,67,Orvald,Morlaix,LLANELLY,264 lds. pitwood,Jones,3,11,1881,12,11,1881,False,Nov. 3 Orvald-Morlaix-264 lds. pitwood-Jones
18811112p.324_p002.txt,70,Opah,Holmsund,LONDON,380 stds. deals and battens,Simson & Mason ; 13 fms. firewood-Order,3,11,1881,12,11,1881,True,Nov. 3 Opah -Holmsund-380 stds. deals and battens-Simson & Mason ; 13 fms. firewood-Order
18811112p.324_p002.txt,82,Rothemay,"St. John, N.B.",LONDON,"32,703 deals and battens",Farnworth & Jardine ; 836 bdls. spoolwood-Order,4,11,1881,12,11,1881,False,"4 Rothemay-St. John, N.B.-32,703 deals and battens-Farnworth & Jardine ; 836 bdls. spoolwood-Order"
18811112p.324_p002.txt,91,Frivold,River Ouelle,LONDON,"15,303 deals, 1,435 ends",Order,5,11,1881,12,11,1881,False,"5 Frivold-River Ouelle-15,303 deals, 1,435 ends-Order"
18811112p.324_p002.txt,120,Lady Roslyn,Riga,MIDDLESBROUGH,"7,236 pcs. fir hewn, 3,553 sleepers","Calder, Dixon, & Co.",1,11,1881,12,11,1881,False,"Nov. 1 Lady Roslyn-Riga-7,236 pcs. fir hewn, 3,553 sleepers-Calder, Dixon, & Co."
18811112p.324_p002.txt,121,R L. Alston,Riga,MIDDLESBROUGH,"8,041 pcs. fir hewn, 754 saw sleepers","Calder, Dixon, & Co.",7,11,1881,12,11,1881,False,"7 R L. Alston-Riga-8,041 pcs. fir hewn, 754 saw sleepers-Calder, Dixon, & Co."
18811112p.324_p002.txt,123,Eros,Lulea,MILFORD,"1,229 pcs. fir hewn, 75 pcs. fir sawn",Elford Bros.,2,11,1881,12,11,1881,False,"Nov. 2 Eros-Lulea-1,229 pcs. fir hewn, 75 pcs. fir sawn-Elford Bros."
18811112p.324_p002.txt,126,George Moore,Riga,NEWPORT,269 lds. pit,props-Budd,2,11,1881,12,11,1881,False,Nov. 2 George Moore-Riga-269 lds. pit-props-Budd
18811112p.324_p002.txt,132,Norma,l'Orient,NEWPORT,109 lds. pit,props-R. W. Stonehouse & Co.,4,11,1881,12,11,1881,False,4 Norma-l'Orient-109 lds. pit-props-R. W. Stonehouse & Co.
18811112p.324_p002.txt,137,Betsey & Arnold,Quebec,NEWPORT,"15 pcs. oak, 16 pcs. elm, 20 pcs. wood hewn, 341 pcs. fir, 112 pcs. oak, 12,323 deals and ends, 2,834 boards, 2,250 pipe staves",T. B. Batchelor & Co.,5,11,1881,12,11,1881,False,"5 Betsey & Arnold-Quebec-15 pcs. oak, 16 pcs. elm, 20 pcs. wood hewn, 341 pcs. fir, 112 pcs. oak, 12,323 deals and ends, 2,834 boards, 2,250 pipe staves-T. B. Batchelor & Co."
18811112p.324_p002.txt,139,Maria,Bayonne,NEWPORT,100 lds. pit,props-Stonehouse,7,11,1881,12,11,1881,False,7 Maria-Bayonne-100 lds. pit-props-Stonehouse
18811112p.324_p002.txt,159,Hahnenmann,(?)Quebec,PLYMOUTH,"50 lds. oak hewn, 68 pcs. elm, 1,542 pcs. fir, 2,200 pcs. sawn fir, 298 pcs. fir, 1,944 pcs. sawn fir, 77 lds. lathwood",R. & R. Bayly,4,11,1881,12,11,1881,False,"Nov. 4 Hahnenmann-(?)Quebec-50 lds. oak hewn, 68 pcs. elm, 1,542 pcs. fir, 2,200 pcs. sawn fir, 298 pcs. fir, 1,944 pcs. sawn fir, 77 lds. lathwood-R. & R. Bayly"
18811112p.324_p002.txt,160,Dagmar,Quebec,PLYMOUTH,"31 pcs. oak, 68 pcs. elm, 1,542 pcs. fir, 1,944 pcs. sawn fir, 77 lds. lathwood",R. & R. Bayly,5,11,1881,12,11,1881,False,"5 Dagmar-Quebec-31 pcs. oak, 68 pcs. elm, 1,542 pcs. fir, 1,944 pcs. sawn fir, 77 lds. lathwood-R. & R. Bayly"
18811112p.324_p002.txt,161,Adriatic,Uleaborg,PLYMOUTH,16 lds. firewood,Capt. Blix,7,11,1881,12,11,1881,False,7 Adriatic-Uleaborg-16 lds. firewood-Capt. Blix
18811112p.324_p002.txt,164,Hoveding,Quebec,PORTSMOUTH,"813 yellow ends, 259 red ends, 133 pcs. elm hewn, 6,007 pcs. spruce pine",Churchill & Sim,4,11,1881,12,11,1881,False,"Nov. 4 Hoveding-Quebec-813 yellow ends, 259 red ends, 133 pcs. elm hewn, 6,007 pcs. spruce pine-Churchill & Sim"
18811112p.324_p002.txt,165,Normand,Drammen,PORTSMOUTH,"18,777 pcs. sawn fir, 266 battens, 419 spars",Henry Wolfe,5,11,1881,12,11,1881,False,"5 Normand-Drammen-18,777 pcs. sawn fir, 266 battens, 419 spars-Henry Wolfe"
18811217p.403_p003.txt,4,Bessie Young,Quebec,CORK,"378 pcs. fir hewn, 2,411 deals and ends, 1,500 staves",O'Connor.,5,12,1881,17,12,1881,False,"Dec. 5 Bessie Young-Quebec-378 pcs. fir hewn, 2,411 deals and ends, 1,500 staves-O'Connor."
18811217p.403_p003.txt,5,Oliver Emery,"St. John, |N.B.",CORK,"12,949 deals, 2,333 deal ends",Eustace & Co.,9,12,1881,17,12,1881,False,"9 Oliver Emery-St. John, |N.B.-12,949 deals, 2,333 deal ends-Eustace & Co."
18811217p.403_p003.txt,7,Pusnaes,St. John,DUBLIN,"12,686 deals",Fitzsimon.,5,12,1881,17,12,1881,False,"Dec. 5 Pusnaes-St. John-12,686 deals-Fitzsimon."
18811217p.403_p003.txt,8,Adolf Michelo,So'erhamn,DUBLIN,"5,508 deals",W. & H. M. Robinson.,10,12,1881,17,12,1881,False,"10 Adolf Michelo-So'erhamn-5,508 deals-W. & H. M. Robinson."
18811217p.403_p003.txt,9,Geraldine,Drammen,DUBLIN,"16,581 boards",Graham.,12,12,1881,17,12,1881,False,"12 Geraldine-Drammen-16,581 boards-Graham."
18811217p.403_p003.txt,11,Marie,Riga,LONDONDERRY,1 ld. split fir,J. & J. Cooke.,8,12,1881,17,12,1881,False,Dec. 8 Marie-Riga-1 ld. split fir-J. & J. Cooke.
18811217p.403_p003.txt,14,Liffey,"St. John's, N.B.",WEXFORD,"27,612 deals, scantlings, and ends",J. W. Walsh.,10,12,1881,17,12,1881,False,"Dec. 10 Liffey-St. John's, N.B.-27,612 deals, scantlings, and ends-J. W. Walsh."
18811217p.403_p003.txt,17,Heimdal,Sundswall,ABERDEEN,"3,481 pcs. fir sswn, 1,722 pcs. fir hewn, 12 lds. firewood",Milne.,6,12,1881,17,12,1881,False,"Dec. 6 Heimdal-Sundswall-3,481 pcs. fir sswn, 1,722 pcs. fir hewn, 12 lds. firewood-Milne."
18811217p.403_p003.txt,18,Jacob Arndt,Dantzic,ABERDEEN,"1,910 pcs. fir hewn",G. Milne.,7,12,1881,17,12,1881,False,"7 Jacob Arndt-Dantzic-1,910 pcs. fir hewn-G. Milne."
18811217p.403_p003.txt,20,Thyra,Konigsberg,ALLOA,"1,472 sleepers, 167 half","sleepers-Calder, Dixon, Stewart, & Co.",6,12,1881,17,12,1881,False,"Dec. 6 Thyra-Konigsberg-1,472 sleepers, 167 half-sleepers-Calder, Dixon, Stewart, & Co."
18811217p.403_p003.txt,21,Ariel,Konigsberg,ALLOA,"808 sleepers, 115 half","sleepers-Calder, Dixon, Stewart, & Co.",7,12,1881,17,12,1881,False,"7 Ariel-Konigsberg-808 sleepers, 115 half-sleepers-Calder, Dixon, Stewart, & Co."
18811217p.403_p003.txt,23,Urania,Konigsberg,ALLOA,"1,608 sleepers, 177 half","sleepers-Calder, Dixon, Stewart, & Co.",8,12,1881,17,12,1881,False,"8 Urania-Konigsberg-1,608 sleepers, 177 half-sleepers-Calder, Dixon, Stewart, & Co."
18811217p.403_p003.txt,25,Amy,Christiania,ALLOA,"12,917 pit",props-Alloa Coal Co.,9,12,1881,17,12,1881,False,"9 Amy-Christiania-12,917 pit-props-Alloa Coal Co."
18811217p.403_p003.txt,27,Ydun,Christiania,ALLOA,"12,925 pit",props-Madsen.,10,12,1881,17,12,1881,False,"10 Ydun-Christiania-12,925 pit-props-Madsen."
18811217p.403_p003.txt,30,Diana,Christiania,ALLOA,"5,453 pit",props-Wilkie.,12,12,1881,17,12,1881,False,"12 Diana-Christiania-5,453 pit-props-Wilkie."
18811217p.403_p003.txt,34,Anna,Riga,ARBROATH,"498 pcs. fir hewn, 498 deals, 1,207 pcs. lathwood",Wallace & Brown.,6,12,1881,17,12,1881,False,"Dec. 6 Anna-Riga-498 pcs. fir hewn, 498 deals, 1,207 pcs. lathwood-Wallace & Brown."
18811217p.403_p003.txt,36,Hortensia,Falkenburg,BORROWSTOUNNESS,"7,203 pit",props-Love & Stewart.,6,12,1881,17,12,1881,False,"Dec. 6 Hortensia-Falkenburg-7,203 pit-props-Love & Stewart."
18811217p.403_p003.txt,38,St. Clemens,Fredrikshald,BORROWSTOUNNESS,"17,854 pit",props-Denholm & Son.,7,12,1881,17,12,1881,False,"7 St. Clemens-Fredrikshald-17,854 pit-props-Denholm & Son."
18811217p.403_p003.txt,42,Fremad,Holmstad,BORROWSTOUNNESS,"7,442 pit",props-Love.,10,12,1881,17,12,1881,False,"10 Fremad-Holmstad-7,442 pit-props-Love."
18811217p.403_p003.txt,43,Petrine,Porsgrund,BORROWSTOUNNESS,"16,609 pit",props-Love.,12,12,1881,17,12,1881,False,"12 Petrine-Porsgrund-16,609 pit-props-Love."
18811217p.403_p003.txt,46,Garry,Riga,DUNDEE,45 lds. lathwood,Sliman.,6,12,1881,17,12,1881,False,Dec. 6 Garry-Riga-45 lds. lathwood-Sliman.
18811217p.403_p003.txt,47,Neptun,Sandarne,DUNDEE,"671 pcs. fir hewn, 1,836 deals",Donaldson & Son.,9,12,1881,17,12,1881,False,"9 Neptun-Sandarne-671 pcs. fir hewn, 1,836 deals-Donaldson & Son."
18811217p.403_p003.txt,48,Orienten,Sundswall,DUNDEE,"543 pcs. hewn fir, 15,563 deals",Kirkland & Son.,12,12,1881,17,12,1881,False,"12 Orienten-Sundswall-543 pcs. hewn fir, 15,563 deals-Kirkland & Son."
18811217p.403_p003.txt,50,Cavour,"Bathurst, N.B.",GLASGOW,"10,276 deals, ends, and scantlings, 49 pcs. timber",Allison.,6,12,1881,17,12,1881,False,"Dec. 6 Cavour-Bathurst, N.B.-10,276 deals, ends, and scantlings, 49 pcs. timber-Allison."
18811217p.403_p003.txt,53,Caledonia,New York,GLASGOW,"2,400 staves, 1,374 oak scantlings",Order.,7,12,1881,17,12,1881,True,"7 Caledonia -New York-2,400 staves, 1,374 oak scantlings-Order."
18811217p.403_p003.txt,57,Veile,Lovisa,GRANGEMOUTH,"16,626 battens",Brownlee.,5,12,1881,17,12,1881,False,"Dec. 5 Veile-Lovisa-16,626 battens-Brownlee."
18811217p.403_p003.txt,58,Anna,Bjorneborg,GRANGEMOUTH,"6,161 battens",Order.,6,12,1881,17,12,1881,False,"6 Anna-Bjorneborg-6,161 battens-Order."
18811217p.403_p003.txt,59,Staatsrath Von Brock,382 pcs. square timber,GRANGEMOUTH,Order.,,7,12,1881,17,12,1881,False,7 Staatsrath Von Brock-382 pcs. square timber-Order.
18811217p.403_p003.txt,63,Dora,Moss,GRANGEMOUTH,"141,064 staves",Order.,9,12,1881,17,12,1881,False,"9 Dora-Moss-141,064 staves-Order."
18811217p.403_p003.txt,65,Chatham,St. Petersburg,GRANTON,"12,089 battens","Mitchell, Thomson, & Co.",7,12,1881,17,12,1881,False,"Dec. 7 Chatham-St. Petersburg-12,089 battens-Mitchell, Thomson, & Co."
18811217p.403_p003.txt,66,Rasmus,Frederikshald,GRANTON,"5,490 pcs. hewn fir, 188 pcs. mining timber",Madsen & Boruk.,8,12,1881,17,12,1881,False,"8 Rasmus-Frederikshald-5,490 pcs. hewn fir, 188 pcs. mining timber-Madsen & Boruk."
18811217p.403_p003.txt,67,Maren,Memel,GRANTON,"11,318 oak staves",W. Lindsay.,9,12,1881,17,12,1881,False,"9 Maren-Memel-11,318 oak staves-W. Lindsay."
18811217p.403_p003.txt,68,Aura,Stromfors,GRANTON,"10,675 battens and deals","Mitchell, Thomson, & Co.",10,12,1881,17,12,1881,False,"10 Aura-Stromfors-10,675 battens and deals-Mitchell, Thomson, & Co."
18811217p.403_p003.txt,69,Emmanuel,Carlahamn,GRANTON,1 ld. staves,A. Stuart.,12,12,1881,17,12,1881,False,12 Emmanuel-Carlahamn-1 ld. staves-A. Stuart.
18811217p.403_p003.txt,72,Ala,Sundswall,INVERNESS,"1,119 pcs. fir hewn, 3,399 deals and battens",G. F. Neame & Co.,8,12,1881,17,12,1881,False,"Dec. 8 Ala-Sundswall-1,119 pcs. fir hewn, 3,399 deals and battens-G. F. Neame & Co."
18811217p.403_p003.txt,74,Adele,Holmestrand,KIRKWALL,"231 pcs. sawn timber, 9 spars",W. Cowper.,9,12,1881,17,12,1881,False,"Dec. 9 Adele-Holmestrand-231 pcs. sawn timber, 9 spars-W. Cowper."
18811217p.403_p003.txt,76,Madamen,Cronstadt,LEITH,"6,674 battens","Mitchell, Somerville, & Co.",6,12,1881,17,12,1881,False,"Dec. 6 Madamen-Cronstadt-6,674 battens-Mitchell, Somerville, & Co."
18811217p.403_p003.txt,79,Emil,Sundswall,LEITH,"7,069 deals",Thomson & Co.,7,12,1881,17,12,1881,False,"7 Emil-Sundswall-7,069 deals-Thomson & Co."
18811217p.403_p003.txt,82,Gerhardina,Hernösand,LEITH,"6,232 deals and battens, 41 pcs. fir hewn",J. & T. Kirkwood.,8,12,1881,17,12,1881,False,"8 Gerhardina-Hernösand-6,232 deals and battens, 41 pcs. fir hewn-J. & T. Kirkwood."
18811217p.403_p003.txt,83,Laura,Cronstadt,LEITH,"6,220 deals and battens",A. R. Rennie & Co.,9,12,1881,17,12,1881,False,"9 Laura-Cronstadt-6,220 deals and battens-A. R. Rennie & Co."
18811217p.403_p003.txt,85,Amullet,Rotterdam,LEITH,"1,540 bdls. wood hoops",G. Gibson & Co.,12,12,1881,17,12,1881,False,"12 Amullet-Rotterdam-1,540 bdls. wood hoops-G. Gibson & Co."
18811217p.403_p003.txt,87,Columbine,Porsgrund,LERWICK,"33 lds. fir staves, 42 lds. battens, 42 lds. hewn fir",Hay & Co.,5,12,1881,17,12,1881,False,"Dec. 5 Columbine-Porsgrund-33 lds. fir staves, 42 lds. battens, 42 lds. hewn fir-Hay & Co."
18811217p.403_p003.txt,90,Ida,Archangel,MONTROSE,"12,731 deals, battens, and boards",R. Millar & Sons.,9,12,1881,17,12,1881,False,"Dec. 9 Ida-Archangel-12,731 deals, battens, and boards-R. Millar & Sons."
18811217p.403_p003.txt,92,Baltic,Skonvik,PERTH,"360 redwood logs, 2,451 deals","Calder, Dixon, Stewart, & Co.",7,12,1881,17,12,1881,False,"Dec. 7 Baltic-Skonvik-360 redwood logs, 2,451 deals-Calder, Dixon, Stewart, & Co."
18811217p.403_p003.txt,94,Renown,Stettin,PETERHEAD,"321 pcs. redwood, 18 oak crooks",A. Creighton & Co.,6,12,1881,17,12,1881,False,"Dec. 6 Renown-Stettin-321 pcs. redwood, 18 oak crooks-A. Creighton & Co."
18811217p.403_p003.txt,96,Morning Star,Drammen,WICK,"19,200 birch staves, 30 pcs. fir sawn",D. Sandison.,6,12,1881,17,12,1881,False,"Dec. 6 Morning Star-Drammen-19,200 birch staves, 30 pcs. fir sawn-D. Sandison."
18811217p.403_p003.txt,97,Kate,Stettin,WICK,"158 pcs. fir hewn, 2 lds. oak hewn",W. Crear.,9,12,1881,17,12,1881,False,"9 Kate-Stettin-158 pcs. fir hewn, 2 lds. oak hewn-W. Crear."
18811217p.403_p003.txt,99,Nelson,Quebec,WIGTOWN,"6 pcs. elm hewn, 207 pcs. fir hewn, 2,026 deals and ends",Callander.,8,12,1881,17,12,1881,False,"Dec. 8 Nelson-Quebec-6 pcs. elm hewn, 207 pcs. fir hewn, 2,026 deals and ends-Callander."
18820107_p001.txt,118,Foscolia —Helsingfors—252,1,HULL,19 deals—Order,,29,12,1882,7,1,1882,True,Dec. 29 Foscolia —Helsingfors—252-1-19 deals—Order
18820107_p001.txt,119,"Margaret—Iggesund—312 pcs. timber, 69",2,HULL,9 deals—R. Wade & J. Harrison,,30,12,1882,7,1,1882,False,"30 Margaret—Iggesund—312 pcs. timber, 69-2-9 deals—R. Wade & J. Harrison"
18820107_p001.txt,123,"Argo —Riga—7 fms. deal ends, 133",0,HULL,27—Order,,31,12,1882,7,1,1882,True,"31 Argo —Riga—7 fms. deal ends, 133-0-27—Order"
18820107_p001.txt,128,"Pacific —Riga—13 fms. deal ends, 18",1,HULL,23 boards—Order,,4,12,1882,7,1,1882,True,"4 Pacific —Riga—13 fms. deal ends, 18-1-23 boards—Order"
18820107_p002.txt,5,Lucia Maria,Gefle,LONDON,"3,631 planed boards, 3,739 deals and battens, 67 bdls. handles",A. Gordon & Co.,29,12,1882,7,1,1882,False,"Dec. 29 Lucia Maria-Gefle-3,631 planed boards, 3,739 deals and battens, 67 bdls. handles-A. Gordon & Co."
18820107_p002.txt,10,Persian Monarch,New York,LONDON,"7,036 planks",Order,30,12,1882,7,1,1882,True,"30 Persian Monarch -New York-7,036 planks-Order"
18820107_p002.txt,21,Holland,New York,LONDON,760 doors,"Bradley & Co.; 456 bdls. mouldings, 456 pine boards-Order",31,12,1882,7,1,1882,True,"31 Holland -New York-760 doors-Bradley & Co.; 456 bdls. mouldings, 456 pine boards-Order"
18820107_p002.txt,25,Cameo,Christiania,LONDON,240 pcs. lignum,vitae-Order,2,1,1882,7,1,1882,True,Jan. 2 Cameo -Christiania-240 pcs. lignum-vitae-Order
18820107_p002.txt,39,Portia,Hambro',LONDON,188 planks beech,Quitmann & Co.,4,1,1882,7,1,1882,True,4 Portia -Hambro'-188 planks beech-Quitmann & Co.
18820107_p002.txt,41,Freyr,Fredrikstad,LYNN,"24,888 boards",Stanton & Co.,29,12,1882,7,1,1882,False,"Dec. 29 Freyr-Fredrikstad-24,888 boards-Stanton & Co."
18820107_p002.txt,43,Nelson,Quebec,MARYPORT,"57 pcs. oak hewn, 41 pcs. elm hewn, 200 oak staves",R. Ritson & Co.,31,12,1882,7,1,1882,False,"Dec. 31 Nelson-Quebec-57 pcs. oak hewn, 41 pcs. elm hewn, 200 oak staves-R. Ritson & Co."
18820107_p002.txt,45,Thor,Christiania,MIDDLESBROUGH,"3,307 pit",props-Hor-nung & Son,28,12,1882,7,1,1882,False,"Dec. 28 Thor-Christiania-3,307 pit-props-Hor-nung & Son"
18820107_p002.txt,47,Eliada,Memel,NEWHAVEN,193 pcs. fir sawn,Parsons Bros.,27,12,1882,7,1,1882,False,Dec. 27 Eliada-Memel-193 pcs. fir sawn-Parsons Bros.
18820107_p002.txt,49,Haven,Hudikswall,NEWHAVEN,"6,648 pcs. fir sawn",Parsons Bros.,29,12,1882,7,1,1882,False,"29 Haven - Hudikswall - 6,648 pcs. fir sawn-Parsons Bros."
18820107_p002.txt,51,Aigrette,Hennebont,NEWPORT,140 lds. pit,props-J. G. Watts,28,12,1882,7,1,1882,False,Dec. 28 Aigrette-Hennebont-140 lds. pit-props-J. G. Watts
18820107_p002.txt,53,Minde,Bordeaux,NEWPORT,470 lds. pit,props-Tredegar Co.,29,12,1882,7,1,1882,False,29 Minde-Bordeaux-470 lds. pit-props-Tredegar Co.
18820107_p002.txt,58,Marie Louise,Roche Bernard,NEWPORT,90 lds. pitwood,"Jones, Heard, & Co.",30,12,1882,7,1,1882,False,"30 Marie Louise-Roche Bernard-90 lds. pitwood-Jones, Heard, & Co."
18820107_p002.txt,67,Hortense Augustine,Roche Bernard,NEWPORT,105 lds. pit,props-Budd & Co.,2,1,1882,7,1,1882,False,Jan. 2 Hortense Augustine-Roche Bernard-105 lds. pit-props-Budd & Co.
18820107_p002.txt,70,Norsete,Fredrikstadt,PENZANCE,"4,817 pcs. fir sawn, 592 pcs. fir hewn",T. Coulson & Co.,28,12,1882,7,1,1882,False,"Dec. 28 Norsete-Fredrikstadt-4,817 pcs. fir sawn, 592 pcs. fir hewn-T. Coulson & Co."
18820107_p002.txt,71,Royal Adelaide,Fredrikstadt,PENZANCE,"18 035 pcs. fir sawn, 233 pcs. fir hewn",T. Coulson & Co.,29,12,1882,7,1,1882,False,"29 Royal Adelaide-Fredrikstadt-18 035 pcs. fir sawn, 233 pcs. fir hewn-T. Coulson & Co."
18820107_p002.txt,73,Mathilde,Dantzic,PLYMOUTH,"311 pcs. fir hewn, 2,425 deals, 616 oak planks",T. Bayly,27,12,1882,7,1,1882,False,"Dec. 27 Mathilde-Dantzic-311 pcs. fir hewn, 2,425 deals, 616 oak planks-T. Bayly"
18820107_p002.txt,74,St. Petrus,Skonvik,PLYMOUTH,"1,148 pcs. fir hewn, 4,635 pcs. fir sawn",R. & R. Bayly,28,12,1882,7,1,1882,False,"28 St. Petrus-Skonvik-1,148 pcs. fir hewn, 4,635 pcs. fir sawn-R. & R. Bayly"
18820107_p002.txt,77,Fredrick Gelpike,Skonvik,PLYMOUTH,"16,870 pcs. fir sawn, 18 lds. firewood",R. & R. Bayly,29,12,1882,7,1,1882,False,"29 Fredrick Gelpike-Skonvik-16,870 pcs. fir sawn, 18 lds. firewood-R. & R. Bayly"
18820107_p002.txt,79,St. Petrus,Skonvik,PLYMOUTH,30 lds. firewood,T. Bayly,31,12,1882,7,1,1882,False,31 St. Petrus-Skonvik-30 lds. firewood-T. Bayly
18820107_p002.txt,80,Baron von Pallandt,Moulmein,PLYMOUTH,"770 pcs. hewn teak, 285 pcs. sawn, 4,290 blocks sawn teak",Bellamy & Co.,2,1,1882,7,1,1882,False,"Jan. 2 Baron von Pallandt-Moulmein-770 pcs. hewn teak, 285 pcs. sawn, 4,290 blocks sawn teak-Bellamy & Co."
18820107_p002.txt,82,Gustav Fredrick,Dantzic,PORTSMOUTH,"320 lds. fir ends, 1,655 deals, 41 sleepers, 12 lds. lathwood",Churchill & Sim,27,12,1882,7,1,1882,False,"Dec. 27 Gustav Fredrick-Dantzic-320 lds. fir ends, 1,655 deals, 41 sleepers, 12 lds. lathwood-Churchill & Sim"
18820107_p002.txt,83,Porro,Skonvik,PORTSMOUTH,"709 pcs. fir sawn, 3,559 deals and battens",Thomas Bailey,29,12,1882,7,1,1882,False,"29 Porro-Skonvik-709 pcs. fir sawn, 3,559 deals and battens-Thomas Bailey"
18820107_p002.txt,84,Carbonaria,Soderhamn,PORTSMOUTH,"7,662 deals and battens, 24 lds. firewood",H. T. & J. Dashwood,30,12,1882,7,1,1882,False,"30 Carbonaria-Soderhamn-7,662 deals and battens, 24 lds. firewood-H. T. & J. Dashwood"
18820107_p002.txt,86,Raven,Sundswall,RYE,"346 pcs. fir hewn, 1,823 pcs, fir sawn",Vidler & Sons,28,12,1882,7,1,1882,False,"Dec. 28 Raven-Sundswall-346 pcs. fir hewn, 1,823 pcs, fir sawn-Vidler & Sons"
18820107_p002.txt,88,Wild Dayrell,Soderhamn,SHOREHAM,"20,500 deals and battens",Corney & Rigden,27,12,1882,7,1,1882,False,"Dec. 27 Wild Dayrell-Soderhamn-20,500 deals and battens-Corney & Rigden"
18820107_p002.txt,89,Atrulo,Hudikswall,SHOREHAM,"6,959 pcs. fir sawn",Penney,29,12,1882,7,1,1882,False,"29 Atrulo-Hudikswall-6,959 pcs. fir sawn-Penney"
18820107_p002.txt,90,Frank,Hudikswall,SHOREHAM,"51,643 pcs. fir sawn, 172 lds. firewood",Holloway & Fielders,2,1,1882,7,1,1882,False,"Jan. 2 Frank-Hudikswall-51,643 pcs. fir sawn, 172 lds. firewood-Holloway & Fielders"
18820107_p002.txt,93,Josefine,Sundswall,SOUTHAMPTON,459 lds. battens,J. Allen & Son,27,12,1882,7,1,1882,False,Dec. 27 Josefine-Sundswall-459 lds. battens-J. Allen & Son
18820107_p002.txt,94,Esperance,Hudikswall,SOUTHAMPTON,18 lds. fir sawn,John Horn,30,12,1882,7,1,1882,False,30 Esperance - Hudikswall - 18 lds. fir sawn-John Horn
18820107_p002.txt,96,Ingolf,Riga,STOCKTON,200 lds. sawn wood,John W. Watson,27,12,1882,7,1,1882,False,Dec. 27 Ingolf-Riga-200 lds. sawn wood-John W. Watson
18820107_p002.txt,98,Jens Brandt,Pensacola,SUNDERLAND,"118 logs fir hewn, 418 logs fir sawn, 460 deals",W. Robson,28,12,1882,7,1,1882,False,"Dec. 28 Jens Brandt-Pensacola-118 logs fir hewn, 418 logs fir sawn, 460 deals-W. Robson"
18820107_p002.txt,102,Curlew,Gothenburg,SUNDERLAND,"20,824 pit",props-Calder,29,12,1882,7,1,1882,False,"29 Curlew-Gothenburg-20,824 pit-props-Calder"
18820107_p002.txt,104,Moscow,Riga,SUNDERLAND,"10,667 sleeper blocks, 1,859 half","square sleepers-Burt, Boulton, & Co.",2,1,1882,7,1,1882,False,"Jan. 2 Moscow-Riga-10,667 sleeper blocks, 1,859 half-square sleepers-Burt, Boulton, & Co."
18820107_p002.txt,106,Amitie,Bordeaux,SWANSEA,112 lds. pit,props-James Davis,28,12,1882,7,1,1882,False,Dec. 28 Amitie-Bordeaux-112 lds. pit-props-James Davis
18820107_p002.txt,107,Golgotha,Riga,SWANSEA,"798 pcs. fir hewn, 86 lds. lathwood",Glasbrook & Co.,29,12,1882,7,1,1882,False,"29 Golgotha-Riga-798 pcs. fir hewn, 86 lds. lathwood-Glasbrook & Co."
18820107_p002.txt,110,Julia,Bordeaux,SWANSEA,670 lds. pitwood,James Davis,30,12,1882,7,1,1882,False,30 Julia-Bordeaux-670 lds. pitwood-James Davis
18820107_p002.txt,112,Francois,Brest,SWANSEA,110 lds. pitwood,Trounce,2,1,1882,7,1,1882,False,Jan. 2 Francois-Brest-110 lds. pitwood-Trounce
18820107_p002.txt,114,Juliet,New York,TYNE,"15 pcs. timber, 625 bdls. staves",Order,27,12,1882,7,1,1882,False,"Dec. 27 Juliet-New York-15 pcs. timber, 625 bdls. staves-Order"
18820107_p002.txt,115,Nanna,Gothenburg,TYNE,"27,006 pit",props-A. Reed,28,12,1882,7,1,1882,False,"28 Nanna-Gothenburg-27,006 pit-props-A. Reed"
18820107_p002.txt,118,Solon,Arendal,TYNE,"5,812 planks",Southern & Son,29,12,1882,7,1,1882,False,"29 Solon-Arendal-5,812 planks-Southern & Son"
18820107_p002.txt,120,Thyra,Arendal,TYNE,"660 cs. wood pulp, 53,511 pit",props-Order,30,12,1882,7,1,1882,False,"30 Thyra-Arendal-660 cs. wood pulp, 53,511 pit-props-Order"
18820107_p002.txt,121,Dragoon,Antwerp,TYNE,"150 bdls. basket rods, 35 bdls. laths",Tyne Steam Shipping Co.,31,12,1882,7,1,1882,False,"31 Dragoon-Antwerp-150 bdls. basket rods, 35 bdls. laths-Tyne Steam Shipping Co."
18820107_p002.txt,122,Lord Raglan,Rotterdam,TYNE,1 cs. mouldings,Tyne Steam Shipping Co.,2,1,1882,7,1,1882,False,Jan. 2 Lord Raglan-Rotterdam-1 cs. mouldings-Tyne Steam Shipping Co.
18830224p.142_p001.txt,7,Louise,Bordeaux,CARDIFF,850 lds. pitwood,L. & H. Gueret,14,2,1883,24,2,1883,True,Feb. 14 Louise -Bordeaux-850 lds. pitwood-L. & H. Gueret
18830224p.142_p001.txt,8,Vulture,Bordeaux,CARDIFF,500 lds. pitwood,"Jones, Heard, & Ingram",15,2,1883,24,2,1883,True,"15 Vulture -Bordeaux-500 lds. pitwood-Jones, Heard, & Ingram"
18830224p.142_p001.txt,11,Meniron,Bordeaux,CARDIFF,583 lds. pitwood,Newport Pitwood Co.,17,2,1883,24,2,1883,False,17 Meniron-Bordeaux-583 lds. pitwood-Newport Pitwood Co.
18830224p.142_p001.txt,12,Florence,Trehiguer,CARDIFF,145 lds. pitwood,Order,19,2,1883,24,2,1883,False,19 Florence-Trehiguer-145 lds. pitwood-Order
18830224p.142_p001.txt,16,Oban Bay,Oregon,FLEETWOOD,31 lds. boards,O'Neil & Co.,19,2,1883,24,2,1883,False,Feb. 19 Oban Bay-Oregon-31 lds. boards-O'Neil & Co.
18830224p.142_p001.txt,18,Annie,Rotterdam,GOOLE,"1,426 bdls. hoops",Goole Steamship Co.,17,2,1883,24,2,1883,False,"Feb. 17 Annie-Rotterdam-1,426 bdls. hoops-Goole Steamship Co."
18830224p.142_p001.txt,19,Romeo,Rotterdam,GOOLE,"1,535 bdls. hoops",Goole Steamship Co.,19,2,1883,24,2,1883,False,"19 Romeo-Rotterdam-1,535 bdls. hoops-Goole Steamship Co."
18830224p.142_p001.txt,21,Albert,Rotterdam,GRIMSBY,"2,070 bdls. hoops",J. Sutcliffe & Son,13,2,1883,24,2,1883,False,"Feb. 13 Albert-Rotterdam-2,070 bdls. hoops-J. Sutcliffe & Son"
18830224p.142_p001.txt,22,Bradford,Rotterdam,GRIMSBY,"1,692 bdls. hoops",J. Sutcliffe & Son,15,2,1883,24,2,1883,False,"15 Bradford-Rotterdam - 1,692 bdls. hoops - J. Sutcliffe & Son"
18830224p.142_p001.txt,24,Sweden,Gothenburg,HARTLEPOOL (WEST),"32,428 pcs. hewn fir, 1,800 bdls. lathwood, 13,292 boards",W. J. Young,19,2,1883,24,2,1883,True,"Feb. 19 Sweden -Gothenburg-32,428 pcs. hewn fir, 1,800 bdls. lathwood, 13,292 boards-W. J. Young"
18830224p.142_p001.txt,26,Romano,Boston,HULL,"6,000 staves",Order,14,2,1883,24,2,1883,True,"Feb. 14 Romano -Boston-6,000 staves-Order"
18830224p.142_p001.txt,28,Nero,Libau,HULL,"3,141 pcs. wood",T. W. Allen,16,2,1883,24,2,1883,True,"16 Nero -Libau-3,141 pcs. wood-T. W. Allen"
18830224p.142_p001.txt,29,Angelo,Gothenburg,HULL,"4,876 props","Smith & Co. ; 11,711 props-Bjorck ; 1,500 bdls. laths-Heaven & Co. ; 2,700 bdls. laths-Order",19,2,1883,24,2,1883,True,"19 Angelo -Gothenburg-4,876 props-Smith & Co. ; 11,711 props-Bjorck ; 1,500 bdls. laths-Heaven & Co. ; 2,700 bdls. laths-Order"
18830224p.142_p001.txt,61,Pacific,Gothenburg,"PATENTEE AND MANUFACTURER,","2,000 bdls. laths","Allen; 5,955 props, 1,000 sleepers-Smith",19,2,1883,24,2,1883,True,"19 Pacific -Gothenburg-2,000 bdls. laths-Allen; 5,955 props, 1,000 sleepers-Smith"
18830224p.142_p001.txt,63,Domino,Christiania,"PATENTEE AND MANUFACTURER,",13,0-19 battens-Heaven & Co.,20,2,1883,24,2,1883,True,20 Domino -Christiania-13-0-19 battens-Heaven & Co.
18830224p.142_p001.txt,65,Gaboon,W. C. Africa,LIVERPOOL,"8,170 billets ebony, 42 pcs. ebony",Order,14,2,1883,24,2,1883,True,"Feb. 14 Gaboon -W. C. Africa-8,170 billets ebony, 42 pcs. ebony-Order"
18830224p.142_p001.txt,66,British Crown,Philadelphia,LIVERPOOL,"1,200 staves",Order,15,2,1883,24,2,1883,True,"15 British Crown -Philadelphia-1,200 staves-Order"
18830224p.142_p001.txt,71,Kedar,"Charleston, S.C.",LIVERPOOL,2 m. staves,Order,16,2,1883,24,2,1883,False,"16 Kedar-Charleston, S.C.-2 m. staves-Order"
18830224p.142_p001.txt,76,Bretwalda,New Orleans,LIVERPOOL,"3,420 staves",Order,20,2,1883,24,2,1883,True,"20 Bretwalda -New Orleans-3,420 staves-Order"
18830224p.142_p001.txt,80,Ifafa,Colombo,LONDON,82 logs ebony,Order,16,2,1883,24,2,1883,False,Feb. 16 Ifafa-Colombo-82 logs ebony-Order
18830224p.142_p001.txt,81,Truchulo,Cardenas,LONDON,437 pcs. yaya wood,Order,17,2,1883,24,2,1883,False,17 Truchulo-Cardenas-437 pcs. yaya wood-Order
18830224p.142_p001.txt,83,Trafik,Gothenburg,LONDON,330 bdls. mouldings,"Crow & Co. ; 73 bdls. mouldings, 200 dozen prs. oars-Prier Wotton & Co.",19,2,1883,24,2,1883,True,"19 Trafik -Gothenburg-330 bdls. mouldings-Crow & Co. ; 73 bdls. mouldings, 200 dozen prs. oars-Prier Wotton & Co."
18830303p.161_p001.txt,185,Rollo —Christiania—25,2,HULL,10 deals—Order,,26,3,1883,3,3,1883,True,26 Rollo —Christiania—25-2-10 deals—Order
18830303p.161_p002.txt,6,Assam,Sydney,THE TIMBER TRADES JOURNAL,"21,060 pcs. sapanwood",Order,24,3,1883,3,3,1883,True,"24 Assam -Sydney-21,060 pcs. sapanwood-Order"
18830303p.161_p002.txt,24,Prins Oscar,Gothenburg,THE TIMBER TRADES JOURNAL,"3,642 bds","Gabriel & Son ; 2,655 battens-Berner & Nielsen ; 2,072 bdls. laths - Simson & Mason ; 300 bdls. mouldings-Gridley ; 100 prs. oars, 123 doz. deals, 410 doz. battens, 2,000 bdls. laths-Order",27,2,1883,3,3,1883,True,"Feb. 27 Prins Oscar -Gothenburg-3,642 bds -Gabriel & Son ; 2,655 battens-Berner & Nielsen ; 2,072 bdls. laths - Simson & Mason ; 300 bdls. mouldings-Gridley ; 100 prs. oars, 123 doz. deals, 410 doz. battens, 2,000 bdls. laths-Order"
18830303p.161_p002.txt,26,Antilles,Barbadoes,THE TIMBER TRADES JOURNAL,"1,051 pcs. wood",Gillespie & Co.,28,2,1883,3,3,1883,True,"28 Antilles -Barbadoes-1,051 pcs. wood-Gillespie & Co."
18830303p.161_p003.txt,4,Othello,San Francisco,NEWRY,900 boards,T. Hanna,28,2,1883,3,3,1883,False,Feb 28 Othello-San Francisco-900 boards-T. Hanna
18830303p.161_p003.txt,8,Leif,Drontheim,DUNDEE,"10,331 battens",J. Fleming,20,2,1883,3,3,1883,False,"Feb 20 Leif-Drontheim-10,331 battens-J. Fleming"
18830303p.161_p003.txt,9,Corona,Hamburg,DUNDEE,1 lsl. wooden hoops,D. Alexander,20,2,1883,3,3,1883,False,Feb 20 Corona-Hamburg-1 lsl. wooden hoops-D. Alexander
18830303p.161_p003.txt,12,Bolivia,New York,GLASGOW,"8,800 staves",James Kennedy & Co.,26,2,1883,3,3,1883,False,"Feb 26 Bolivia-New York-8,800 staves-James Kennedy & Co."
18830303p.161_p003.txt,15,Amulet,Rotterdam,LEITH,"2,242 bdls. wood hoops",G. Gibson & Co.,26,2,1883,3,3,1883,False,"Feb 26 Amulet-Rotterdam-2,242 bdls. wood hoops-G. Gibson & Co."
18830303p.161_p003.txt,16,Darina,Stenkjor,LEITH,"11,887 battens",W. Thomson & Co.,26,2,1883,3,3,1883,False,"Feb 26 Darina-Stenkjor-11,887 battens-W. Thomson & Co."
18830303p.161_p003.txt,17,Windsor,Rotterdam,LEITH,262 bdls. wood hoops,G. Gibson & Co.,26,2,1883,3,3,1883,False,Feb 26 Windsor-Rotterdam-262 bdls. wood hoops-G. Gibson & Co.
18830303p.161_p003.txt,18,Odin,New York,LEITH,"10 pcs. walnutwood, 1,000 staves",H. Blaik & Co.,26,2,1883,3,3,1883,False,"Feb 26 Odin-New York-10 pcs. walnutwood, 1,000 staves-H. Blaik & Co."
18830407p.244_p001.txt,7,Sleipner,Arendal,BARROW,"72,456 boards",F. J. Crossfield,27,3,1883,7,4,1883,False,"March 27 Sleipner-Arendal-72,456 boards-F. J. Crossfield"
18830407p.244_p001.txt,8,Barden,Porsgrund,BARROW,"47,332 boards",F. J. Crossfield,28,3,1883,7,4,1883,False,"28 Barden-Porsgrund-47,332 boards-F. J. Crossfield"
18830407p.244_p001.txt,11,Normen,Fredrikstadt,BEAUMARIS,"28,805 boards",P. & H. Lewis,27,3,1883,7,4,1883,False,"March 27 Normen-Fredrikstadt-28,805 boards-P. & H. Lewis"
18830505p.316_p002.txt,5,Bruno,Christiansand,"MAY 5, 1883.]","4,388 pcs. timber, 1,397 props",Thomas,1,5,1883,5,5,1883,False,"May 1 Bruno-Christiansand-4,388 pcs. timber, 1,397 props-Thomas"
18830505p.316_p002.txt,9,Lorenzo,Christiania,"MAY 5, 1883.]","1,237 spars, 727 poles, 831 deals",Tagart & Co.,28,5,1883,5,5,1883,False,"28 Lorenzo-Christiania-1,237 spars, 727 poles, 831 deals-Tagart & Co."
18830505p.316_p002.txt,11,Alliance,Bordeaux,LLANELLY,144 lds. pitwood,"Nevill, Druce, & Co.",27,4,1883,5,5,1883,False,"April 27 Alliance-Bordeaux-144 lds. pitwood-Nevill, Druce, & Co."
18830505p.316_p002.txt,13,Bolted Will,Manilla,LONDON,"5 t. timber, quantity sapanwood",Order,26,4,1883,5,5,1883,False,"April 26 Bolted Will-Manilla-5 t. timber, quantity sapanwood-Order"
18830505p.316_p002.txt,24,Egyptian Monarch,New York,LONDON,179 logs walnut,"Churchill; 3 cs. lumber-Quitmann; 900 oars-Cunningham & Co.; 36 bdls., 17,033 walnut squares-Churchill & Sim; 1,000 oars, 10 poplar logs, 60 logs, 23 bdls., 190 pcs. walnut-Order",28,4,1883,5,5,1883,True,"28 Egyptian Monarch -New York-179 logs walnut-Churchill; 3 cs. lumber-Quitmann; 900 oars-Cunningham & Co.; 36 bdls., 17,033 walnut squares-Churchill & Sim; 1,000 oars, 10 poplar logs, 60 logs, 23 bdls., 190 pcs. walnut-Order"
18830505p.316_p002.txt,30,Carl XV.,Gothenburg,LONDON,189 doz. battens,"Howard; 1,737 pkgs. joinery-Atkinson & Co.; 373 bdls. mouldings-Crow & Co.; 2,708 bdls. laths-Eklund & Co.; 60 prs. oars, 7 spars, 3 doz. rickers-Order",28,4,1883,5,5,1883,True,"28 Carl XV. -Gothenburg-189 doz. battens-Howard; 1,737 pkgs. joinery-Atkinson & Co.; 373 bdls. mouldings-Crow & Co.; 2,708 bdls. laths-Eklund & Co.; 60 prs. oars, 7 spars, 3 doz. rickers-Order"
18830505p.316_p002.txt,44,Sperbe,Bremen,LONDON,171 beech planks,Quitmann,1,5,1883,5,5,1883,True,May 1 Sperbe -Bremen-171 beech planks-Quitmann
18830505p.316_p002.txt,62,Peterborough,Hamburg,LYNN,80 lds. planed fir,King's Lynn Steamship Co.,24,4,1883,5,5,1883,True,April 24 Peterborough -Hamburg-80 lds. planed fir-King's Lynn Steamship Co.
18830505p.316_p002.txt,67,Irene,Skien,MIDDLESBROUGH,"33,040 props",Hornung,24,4,1883,5,5,1883,False,"April 24 Irene-Skien-33,040 props-Hornung"
18830505p.316_p002.txt,70,Sussex Bennett,Dieppe,NEWHAVEN,4 lds. hewn birch,F. Reeves,23,4,1883,5,5,1883,False,April 23 Sussex Bennett-Dieppe-4 lds. hewn birch-F. Reeves
18830505p.316_p002.txt,71,Newhaven Jenkins,Dieppe,NEWHAVEN,32 cwt. veneers,F. Reeves,24,4,1883,5,5,1883,False,24 Newhaven Jenkins-Dieppe-32 cwt. veneers-F. Reeves
18830505p.316_p002.txt,72,Dieppe Blampied,Dieppe,NEWHAVEN,"10 cwt. veneers, 9 t. hardwood",F. Reeves,28,4,1883,5,5,1883,False,"28 Dieppe Blampied-Dieppe-10 cwt. veneers, 9 t. hardwood-F. Reeves"
18830505p.316_p002.txt,73,Marseilles Payne,Dieppe,NEWHAVEN,1 1/2 t. hardwood,F. Reeves,30,4,1883,5,5,1883,False,30 Marseilles Payne-Dieppe-1 1/2 t. hardwood-F. Reeves
18830505p.316_p002.txt,75,Russia,Bayonne,NEWPORT,820 lds. hewn fir,Newport Pitwood Co.,25,4,1883,5,5,1883,True,April 25 Russia -Bayonne-820 lds. hewn fir-Newport Pitwood Co.
18830505p.316_p002.txt,84,Leonie Celine,Hennebont,NEWPORT,83 lds. pitwood,"Jones, Heard, & Co.",28,4,1883,5,5,1883,False,"28 Leonie Celine-Hennebont-83 lds. pitwood-Jones, Heard, & Co."
18830505p.316_p002.txt,87,Lydia,Risoer,PENZANCE,"850 pcs. hewn fir, 44 pcs. hewn oak, 292 pcs. sawn fir",Harvey,25,4,1883,5,5,1883,False,"April 25 Lydia-Risoer-850 pcs. hewn fir, 44 pcs. hewn oak, 292 pcs. sawn fir-Harvey"
18830505p.316_p002.txt,88,Vigor,Fredrikstadt,PENZANCE,"208 pcs. hewn fir, 18,095 pcs. sawn fir, 39,133 staves, 6 lds. firewood",T. Coulson & Co.,29,4,1883,5,5,1883,False,"29 Vigor-Fredrikstadt-208 pcs. hewn fir, 18,095 pcs. sawn fir, 39,133 staves, 6 lds. firewood-T. Coulson & Co."
18830505p.316_p002.txt,90,Adelheid,Memel,POOLE,"12,826 battens",Jno. J. Norton,24,4,1883,5,5,1883,False,"April 24 Adelheid-Memel-12,826 battens-Jno. J. Norton"
18830505p.316_p002.txt,91,Ophir,East Pascagoula,POOLE,"3,935 deals",Jno. J. Norton,25,4,1883,5,5,1883,False,"25 Ophir-East Pascagoula-3,935 deals-Jno. J. Norton"
18830505p.316_p002.txt,93,George Becker,Stettin,ROCHESTER,"39 pcs. hewn oak, 783 pcs. fir, 4,070 staves",G. Drayson,25,4,1883,5,5,1883,False,"April 25 George Becker-Stettin-39 pcs. hewn oak, 783 pcs. fir, 4,070 staves-G. Drayson"
18830505p.316_p002.txt,95,Wemis,Holmstadt,SOUTHAMPTON,"13,518 pcs. fir sawn",Messer & Co.,28,4,1883,5,5,1883,False,"April 28 Wemis-Holmstadt-13,518 pcs. fir sawn-Messer & Co."
18830505p.316_p002.txt,97,August,Dantzic,SOUTHAMPTON,45 pcs. fir sawn,A. Haddon,30,4,1883,5,5,1883,False,30 August-Dantzic-45 pcs. fir sawn-A. Haddon
18830505p.316_p002.txt,99,Goteborg,Gothenburg,SUNDERLAND,"3 lds. broom handles, 1,478 poles, 22,330 props, 8,950 sleepers, 2,030 crowntrees, 1,260 pcs. mining fir, 9,600 splits, 3,150 boards",L. Torkildsen & Co.,24,4,1883,5,5,1883,True,"April 24 Goteborg -Gothenburg-3 lds. broom handles, 1,478 poles, 22,330 props, 8,950 sleepers, 2,030 crowntrees, 1,260 pcs. mining fir, 9,600 splits, 3,150 boards-L. Torkildsen & Co."
18830505p.316_p002.txt,114,Dovey Belle,Hamburg,SUNDERLAND,"14,844 pcs. sawn beech, 1,192 pcs. hewn fir",C. W. Meier,25,4,1883,5,5,1883,False,"25 Dovey Belle-Hamburg-14,844 pcs. sawn beech, 1,192 pcs. hewn fir-C. W. Meier"
18830505p.316_p002.txt,121,Picton,Hamburg,SUNDERLAND,"11,020 props",C. W. Meier,26,4,1883,5,5,1883,False,"26 Picton-Hamburg-11,020 props-C. W. Meier"
18830505p.316_p002.txt,129,Albert,Stettin,SUNDERLAND,"144 pcs. hewn oak, 137 pcs. hewn fir",Wm. Briggs & Son,27,4,1883,5,5,1883,False,"27 Albert-Stettin-144 pcs. hewn oak, 137 pcs. hewn fir-Wm. Briggs & Son"
18830505p.316_p002.txt,132,Sovereign,Konigsberg,SUNDERLAND,727 sleepers,Burt,28,4,1883,5,5,1883,False,28 Sovereign-Konigsberg-727 sleepers-Burt
18830505p.316_p002.txt,134,Petit Louis,Nantes,SWANSEA,110 lds. pitwood,W. Johns,24,4,1883,5,5,1883,False,April 24 Petit Louis-Nantes-110 lds. pitwood-W. Johns
18830505p.316_p002.txt,135,Osterdalin,Fredrikstadt,SWANSEA,"27,074 pcs. sawn fir, 270 spars",D. W. Johns,25,4,1883,5,5,1883,False,"25 Osterdalin-Fredrikstadt-27,074 pcs. sawn fir, 270 spars-D. W. Johns"
18830505p.316_p002.txt,138,Jean Bart,Christiania,SWANSEA,"34,354 floorings, 670 spars",Gregor Bros.,26,4,1883,5,5,1883,False,"26 Jean Bart-Christiania-34,354 floorings, 670 spars-Gregor Bros."
18830505p.316_p002.txt,139,Balder,Porsgrund,SWANSEA,"4,155 poles, 1,930 props, 355 lds. hewn fir",W. Thomas Wrexham,27,4,1883,5,5,1883,False,"27 Balder-Porsgrund-4,155 poles, 1,930 props, 355 lds. hewn fir-W. Thomas Wrexham"
18830505p.316_p002.txt,141,Mathilde,Gothenburg,WEYMOUTH,"6 lds. sawn fir, 1,998 deals and battens, 3,558 boards",W. R. Jeffrey,24,4,1883,5,5,1883,False,"April 24 Mathilde-Gothenburg-6 lds. sawn fir, 1,998 deals and battens, 3,558 boards-W. R. Jeffrey"
18830505p.316_p002.txt,143,Victor,Laurvig,TRURO,"30,296 pcs. planed fir","Tregaskis, Brown, & Co.",25,4,1883,5,5,1883,False,"April 25 Victor-Laurvig-30,296 pcs. planed fir-Tregaskis, Brown, & Co."
18830505p.316_p002.txt,146,Talisman,Stettin,TYNE,"134 pcs. oak, 418 pcs. fir",Order,24,4,1883,5,5,1883,False,"April 24 Talisman-Stettin-134 pcs. oak, 418 pcs. fir-Order"
18830505p.316_p002.txt,147,Standard,New York,TYNE,"33 walnut logs, 25 bdls. mouldings, 23 cs. woodware",Order,25,4,1883,5,5,1883,True,"25 Standard -New York-33 walnut logs, 25 bdls. mouldings, 23 cs. woodware-Order"
18830505p.316_p002.txt,154,Busy Bee,Rotterdam,TYNE,"1,350 bdls. hoops, 3 cs. woodware",Tyne Steam Shipping Co.,26,4,1883,5,5,1883,True,"26 Busy Bee -Rotterdam-1,350 bdls. hoops, 3 cs. woodware-Tyne Steam Shipping Co."
18830505p.316_p002.txt,155,Carolina,Uddevalla,TYNE,"24,370 pit",props-John Ormston,27,4,1883,5,5,1883,True,"27 Carolina -Uddevalla-24,370 pit-props-John Ormston"
18830505p.316_p002.txt,159,Symbol,Rotterdam,TYNE,"3,036 deals",Order,28,4,1883,5,5,1883,False,"28 Symbol-Rotterdam-3,036 deals-Order"
18830505p.316_p002.txt,161,Gustaf,Rotterdam,TYNE,"8,726 bdls. hoops",Jas. Corner & Co.,27,4,1883,5,5,1883,False,"April 27 Gustaf-Rotterdam-8,726 bdls. hoops-Jas. Corner & Co."
18830505p.316_p002.txt,163,Gazelle,Gothenburg,WHITBY,"13,991 battens",Brown,28,4,1883,5,5,1883,False,"April 28 Gazelle-Gothenburg-13,991 battens-Brown"
18830505p.316_p002.txt,165,Lucie,Christiania,WISBECH,"2,172 pcs. hewn fir, 219 boathooks, 207 poles",Smith Bros.,24,4,1883,5,5,1883,False,"April 24 Lucie-Christiania-2,172 pcs. hewn fir, 219 boathooks, 207 poles-Smith Bros."
18830505p.316_p002.txt,167,Amicitia,Stettin,YARMOUTH,"540 pcs. hewn fir, 891 pcs. sawn lathwood, 155 pcs. hewn oak",Jewson & Sons,24,4,1883,5,5,1883,False,"April 24 Amicitia-Stettin-540 pcs. hewn fir, 891 pcs. sawn lathwood, 155 pcs. hewn oak-Jewson & Sons"
18830505p.316_p002.txt,168,Elma,Fredrikstadt,YARMOUTH,"24,072 pcs. sawn fir",Orfeur & Bellin,26,4,1883,5,5,1883,False,"26 Elma-Fredrikstadt-24,072 pcs. sawn fir-Orfeur & Bellin"
18830505p.316_p002.txt,169,Axil,Christiania,YARMOUTH,"23,347 battens",Palgrave,30,4,1883,5,5,1883,False,"30 Axil-Christiania-23,347 battens-Palgrave"
18830505p.316_p002.txt,173,Vigor,Drammen,BELFAST,"57,776 pcs. planed fir",Dixon & Sons,24,4,1883,5,5,1883,False,"April 24 Vigor-Drammen-57,776 pcs. planed fir-Dixon & Sons"
18830505p.316_p002.txt,174,Zephyr,Drammen,BELFAST,"38,342 flooring boards",R. Johnston,27,4,1883,5,5,1883,False,"27 Zephyr-Drammen-38,342 flooring boards-R. Johnston"
18830505p.316_p002.txt,176,Pehr,Fredrikstadt,DUBLIN,"35,772 boards",W. Graham,26,4,1883,5,5,1883,False,"April 26 Pehr-Fredrikstadt-35,772 boards-W. Graham"
18830505p.316_p002.txt,177,Aster,Drammen,DUBLIN,"51,453 boards",R. Martin & Co.,27,4,1883,5,5,1883,False,"27 Aster-Drammen-51,453 boards-R. Martin & Co."
18830505p.316_p002.txt,180,Galilei,Cleo,ABERDEEN,Stettin,600 pcs. hewn fir-G. Milne & Co.,24,4,1883,5,5,1883,False,April 24 Galilei-Cleo-Stettin-600 pcs. hewn fir-G. Milne & Co.
18830505p.316_p002.txt,181,Neptunus,Drammen,ABERDEEN,"19,965 flooring boards, 2,103 scantlings",J. Fleming,30,4,1883,5,5,1883,False,"30 Neptunus-Drammen-19,965 flooring boards, 2,103 scantlings-J. Fleming"
18830505p.316_p003.txt,4,Abba,Falkenburg,ALLOA,"10,493 pit",props-Love & Stewart,25,4,1883,5,5,1883,False,"April 25 Abba-Falkenburg-10,493 pit-props-Love & Stewart"
18830505p.316_p003.txt,5,Elizabeth,Laurvig,ALLOA,"6,330 battens",Thomson,26,4,1883,5,5,1883,False,"26 Elizabeth-Laurvig-6,330 battens-Thomson"
18830505p.316_p003.txt,6,Albatros,Sandefjord,ALLOA,"19,722 pit",props-Madsen & Borek,27,4,1883,5,5,1883,False,"27 Albatros-Sandefjord-19,722 pit-props-Madsen & Borek"
18830505p.316_p003.txt,8,Annie Marie,Christiania,ALLOA,"9,635 pit",props-Kennedy & Co.,28,4,1883,5,5,1883,False,"28 Annie Marie-Christiania-9,635 pit-props-Kennedy & Co."
18830505p.316_p003.txt,10,Castor,Halmstad,ALLOA,"8,290 pit",props-Love,30,4,1883,5,5,1883,False,"30 Castor-Halmstad-8,290 pit-props-Love"
18830505p.316_p003.txt,12,Franziska,Stettin,ARBROATH,"8 pcs. hewn oak, 746 pcs. hewn fir",Wallace & Brown,27,4,1883,5,5,1883,False,"April 27 Franziska-Stettin-8 pcs. hewn oak, 746 pcs. hewn fir-Wallace & Brown"
18830505p.316_p003.txt,14,Fannie,Christiania,AYR,"19,854 pcs. pit",wood-J. Denholm & Co.,27,4,1883,5,5,1883,False,"April 27 Fannie-Christiania-19,854 pcs. pit-wood-J. Denholm & Co."
18830505p.316_p003.txt,15,Trio,Christiania,AYR,"38,331 pit",props-Love,28,4,1883,5,5,1883,False,"28 Trio-Christiania-38,331 pit-props-Love"
18830505p.316_p003.txt,17,Nordstjernn,Oscarshamn,BORROWSTOUNNESS,"4,108 props",Denholm & Co,24,4,1883,5,5,1883,False,"April 24 Nordstjernn-Oscarshamn-4,108 props -Denholm & Co"
18830505p.316_p003.txt,20,Marion Ross,Konigsberg,BORROWSTOUNNESS,"930 square sleepers, 116 half square sleepers","Calder, Dixon",25,4,1883,5,5,1883,False,"25 Marion Ross-Konigsberg-930 square sleepers, 116 half square sleepers-Calder, Dixon"
18830505p.316_p003.txt,21,Odin,Porsgrund,BORROWSTOUNNESS,"14,972 pit",props-Denholm,26,4,1883,5,5,1883,False,"26 Odin-Porsgrund-14,972 pit-props-Denholm"
18830505p.316_p003.txt,22,Kurer,Oscarshamn,BORROWSTOUNNESS,"4,497 pit",props-J. Denholm & Co.,27,4,1883,5,5,1883,False,"27 Kurer-Oscarshamn-4,497 pit-props-J. Denholm & Co."
18830505p.316_p003.txt,24,Rei,Drontheim,BORROWSTOUNNESS,"5,200 battens",Thomson,30,4,1883,5,5,1883,False,"30 Rei-Drontheim-5,200 battens-Thomson"
18830505p.316_p003.txt,28,Export,Fredrikstadt,DUNDEE,"6,056 battens, 18 spars, 11 lds. firewood",H. Gibson,24,4,1883,5,5,1883,False,"April 24 Export-Fredrikstadt-6,056 battens, 18 spars, 11 lds. firewood-H. Gibson"
18830505p.316_p003.txt,32,Hanna,Mandal,FRASERBURGH,"10,0000 staves",T. D. Will & Co.,24,4,1883,5,5,1883,False,"April 24 Hanna-Mandal-10,0000 staves-T. D. Will & Co."
18830505p.316_p003.txt,35,Balder,Moss,FRASERBURGH,"130,000 staves, 450 pcs. sawn fir",Macconnachie & Co.,28,4,1883,5,5,1883,False,"28 Balder-Moss-130,000 staves, 450 pcs. sawn fir-Macconnachie & Co."
18830505p.316_p003.txt,37,State of Florida,New York,GLASGOW,437 pcs. scantling,"Wm. Glassey & Co. ; 4,800 brl. staves, 3,600 hhd. staves-Allison, Cousland, & Hamilton ; 31 planks, 621 ash boards, 59 maple logs, 24 walnut logs-Order",24,4,1883,5,5,1883,True,"April 24 State of Florida -New York-437 pcs. scantling-Wm. Glassey & Co. ; 4,800 brl. staves, 3,600 hhd. staves-Allison, Cousland, & Hamilton ; 31 planks, 621 ash boards, 59 maple logs, 24 walnut logs-Order"
18830505p.316_p003.txt,38,Ethiopia,New York,GLASGOW,8 cs. sawn timber,"W. Raitt ; 10 cs. sawn timber-J. S. Kinnear ; 21 wainscot billets, 3 poplar logs-Wright & Breakenridge ; 11 maple logs-J. Kennedy & Co. ; 88 maple logs, 3,600 hhd., 1,200 brl. staves-Order",27,4,1883,5,5,1883,True,"27 Ethiopia -New York-8 cs. sawn timber-W. Raitt ; 10 cs. sawn timber-J. S. Kinnear ; 21 wainscot billets, 3 poplar logs-Wright & Breakenridge ; 11 maple logs-J. Kennedy & Co. ; 88 maple logs, 3,600 hhd., 1,200 brl. staves-Order"
18830505p.316_p003.txt,39,Tiza,Fiume,GLASGOW,111 wainscot logs,"Allison, Cousland, & Hamilton",30,4,1883,5,5,1883,True,"30 Tiza -Fiume-111 wainscot logs-Allison, Cousland, & Hamilton"
18830505p.316_p003.txt,43,Odin,Christiania,GRANGEMOUTH,"891 spars, 757 boat","hook handles, 2,680 props, 387 poles-J. & P. Wilkie",21,4,1883,5,5,1883,False,"April 21 Odin-Christiania-891 spars, 757 boat-hook handles, 2,680 props, 387 poles-J. & P. Wilkie"
18830505p.316_p003.txt,44,Montrose,Dantzic,GRANGEMOUTH,"8,800 redwood square sleeper blocks",Order,23,4,1883,5,5,1883,True,"23 Montrose -Dantzic-8,800 redwood square sleeper blocks-Order"
18830505p.316_p003.txt,45,Therese,Stettin,GRANGEMOUTH,"48 pcs. oak, 643 pcs. fir",Order,24,4,1883,5,5,1883,False,"24 Therese-Stettin-48 pcs. oak, 643 pcs. fir -Order"
18830505p.316_p003.txt,47,Hardengeren,Orkedalsoren,GRANGEMOUTH,"381,425 staves, 1,824 battens",Order,27,4,1883,5,5,1883,False,"27 Hardengeren-Orkedalsoren-381,425 staves, 1,824 battens-Order"
18830505p.316_p003.txt,48,Triton,Throndhjem,GRANGEMOUTH,"16,761 battens",Order,28,4,1883,5,5,1883,False,"28 Triton-Throndhjem-16,761 battens-Order"
18830505p.316_p003.txt,50,Chelone,Drammen,GRANTON,"16,865 pcs. hewn fir",Madsen & Borek,25,4,1883,5,5,1883,False,"April 25 Chelone-Drammen-16,865 pcs. hewn fir-Madsen & Borek"
18830505p.316_p003.txt,51,Thora,Copenhagen,GRANTON,144 boards,G. Rander,27,4,1883,5,5,1883,False,27 Thora-Copenhagen-144 boards-G. Rander
18830505p.316_p003.txt,52,Frithiof,Gothenburg,GRANTON,"2,265 battens",Salvesen & Co.,30,4,1883,5,5,1883,True,"30 Frithiof -Gothenburg-2,265 battens-Salvesen & Co."
18830505p.316_p003.txt,54,Heimdal,Karlshamn,KIRKCALDY,"15,000 pcs. hewn birch",T. Cormack,23,4,1883,5,5,1883,False,"April 23 Heimdal-Karlshamn-15,000 pcs. hewn birch-T. Cormack"
18830512p.334_p001.txt,6,Haidee,San Francisco,BARROW,13 lds. boards,Little & Co.,4,5,1883,12,5,1883,False,May 4 Haidee-San Francisco-13 lds. boards-Little & Co.
18830512p.334_p001.txt,10,Anne Halland,Gothenburg,BEAUMARIS,"2,699 deals",P. & H. Lewis,4,5,1883,12,5,1883,False,"May 4 Anne Halland-Gothenburg-2,699 deals-P. & H. Lewis"
18830512p.334_p001.txt,13,Ocean,Fredrikshald,BRIDGWATER,"31,225 deals and flooring boards",Colthurst & Co.,5,5,1883,12,5,1883,False,"May 5 Ocean-Fredrikshald-31,225 deals and flooring boards-Colthurst & Co."
18830512p.334_p001.txt,16,Carmen Cobian,Carril,CARDIFF,180 lds. pitwood,"Manzanos, Cristobal, & Co.",1,5,1883,12,5,1883,False,"May 1 Carmen Cobian-Carril-180 lds. pitwood-Manzanos, Cristobal, & Co."
18830512p.334_p001.txt,21,Benjamin Mollen,Gothenburg,CARDIFF,"21,161 pcs. hewn fir",Rhymney Iron Co.,2,5,1883,12,5,1883,False,"2 Benjamin Mollen-Gothenburg-21,161 pcs. hewn fir-Rhymney Iron Co."
18830512p.334_p001.txt,22,Louise,Bordeaux,CARDIFF,850 lds. pit,props-L. & H. Gueret,4,5,1883,12,5,1883,False,4 Louise-Bordeaux-850 lds. pit-props-L. & H. Gueret
18830512p.334_p001.txt,23,Alfred,St. Malo,CARDIFF,115 lds. pit,props-Order,7,5,1883,12,5,1883,False,7 Alfred-St. Malo-115 lds. pit-props-Order
18830512p.334_p001.txt,27,Eos,Christiania,CHESTER,"12,968 pit",props-Grandidge,1,5,1883,12,5,1883,False,"May 1 Eos-Christiania-12,968 pit-props-Grandidge"
18830512p.334_p001.txt,30,Jorgen Bruncharst,Langesund,CHESTER,"2,820 pit","props, 47 battens-Hughes & Lancaster",2,5,1883,12,5,1883,False,"2 Jorgen Bruncharst-Langesund-2,820 pit-props, 47 battens-Hughes & Lancaster"
18830512p.334_p001.txt,32,Amalie,Porsgrund,CHESTER,"2,038 mining poles and pit",props-R. Grandidge,5,5,1883,12,5,1883,False,"5 Amalie-Porsgrund-2,038 mining poles and pit-props-R. Grandidge"
18830512p.334_p001.txt,35,Delphin,Krageroe,COLCHESTER,"777 battens, 162 fms. firewood","Groom, Daniels, & Co.",5,5,1883,12,5,1883,False,"May 5 Delphin-Krageroe-777 battens, 162 fms. firewood-Groom, Daniels, & Co."
18830512p.334_p001.txt,38,Eimar,Drontheim,COWES,"7,410 deals and battens",A. E. Marvin,7,5,1883,12,5,1883,False,"May 7 Eimar-Drontheim-7,410 deals and battens-A. E. Marvin"
18830512p.334_p001.txt,41,Pocahantas,Skien,DOUGLAS,"2,665 pcs. fir",,3,5,1883,12,5,1883,False,"May 3 Pocahantas-Skien-2,665 pcs. fir"
18830512p.334_p001.txt,44,August Sophie,Dantzic,EXETER,"44 pcs. hewn oak, 1,026 pcs. hewn fir, 800 oak staves",R. & F. C. Sharp,2,5,1883,12,5,1883,False,"May 2 August Sophie-Dantzic-44 pcs. hewn oak, 1,026 pcs. hewn fir, 800 oak staves-R. & F. C. Sharp"
18830512p.334_p001.txt,45,Trittey,Drammen,EXETER,"32,024 boards, 4,788 battens",R. W. & F. C. Sharp,7,5,1883,12,5,1883,False,"7 Trittey-Drammen-32,024 boards, 4,788 battens-R. W. & F. C. Sharp"
18830512p.334_p001.txt,48,Ellida,Gothenburg,FALMOUTH,"23,978 pcs. sawn fir",G. C. Fox & Co.,4,5,1883,12,5,1883,False,"May 4 Ellida-Gothenburg-23,978 pcs. sawn fir-G. C. Fox & Co."
18830512p.334_p001.txt,51,W. Coulman,Rotterdam,GOOLE,"2,976 bdls. hoops",Goole Steamship Co.,3,5,1883,12,5,1883,False,"May 3 W. Coulman-Rotterdam-2,976 bdls. hoops-Goole Steamship Co."
18830512p.334_p001.txt,52,Columbia,Hommelvik,GOOLE,"21,160 battens","Illingworth, Ingham, & Co.",5,5,1883,12,5,1883,False,"5 Columbia-Hommelvik-21,160 battens-Illingworth, Ingham, & Co."
18830512p.334_p001.txt,54,Columba,Drontheim,GOOLE,120 boards,Nielson & Co.,7,5,1883,12,5,1883,False,7 Columba-Drontheim-120 boards-Nielson & Co.
18830512p.334_p001.txt,57,Wolga,Danzig,GRIMSBY,1656 sawn sleepers,"Wade, Sons, & Co.",1,5,1883,12,5,1883,False,"May 1 Wolga-Danzig-1656 sawn sleepers-Wade, Sons, & Co."
18830512p.334_p001.txt,61,Dudley,Memel,GRIMSBY,"7,650 pcs. hewn fir, 610 pcs. sawn fir",T. Gabriel & Sons,2,5,1883,12,5,1883,False,"2 Dudley-Memel-7,650 pcs. hewn fir, 610 pcs. sawn fir-T. Gabriel & Sons"
18830512p.334_p001.txt,63,Medusa,Memel,GRIMSBY,"6,865 pcs. hewn fir, 1,000 pcs. sawn fir",T. Gabriel & Sons,3,5,1883,12,5,1883,False,"3 Medusa-Memel-6,865 pcs. hewn fir, 1,000 pcs. sawn fir-T. Gabriel & Sons"
18830512p.334_p001.txt,64,Constance,Memel,GRIMSBY,"10,304 hewn sleepers, 800 sawn sleepers",W. Christie & Co.,4,5,1883,12,5,1883,True,"4 Constance -Memel-10,304 hewn sleepers, 800 sawn sleepers-W. Christie & Co."
18830512p.334_p001.txt,67,Wildwood,Memel,GRIMSBY,"6,840 oak staves",Dock Co.,5,5,1883,12,5,1883,False,"5 Wildwood-Memel-6,840 oak staves-Dock Co."
18830512p.334_p001.txt,70,Louise,Konigsberg,GRIMSBY,"4,241 fir sleepers",W. Christie & Co.,7,5,1883,12,5,1883,True,"7 Louise -Konigsberg-4,241 fir sleepers-W. Christie & Co."
18830512p.334_p001.txt,73,Louise,Stettin,HARTLEPOOL (WEST),380 pcs. hewn oak,Walker & Co.,1,5,1883,12,5,1883,False,May 1 Louise-Stettin-380 pcs. hewn oak-Walker & Co.
18830512p.334_p001.txt,75,Merco,Pillau,HARTLEPOOL (WEST),47 pcs. hewn oak,"Pickford & Co. ; 7,024 pcs. hewn fir, 299 pcs. sawn fir-Burt, Boulton, & Haywood",2,5,1883,12,5,1883,False,"2 Merco-Pillau-47 pcs. hewn oak-Pickford & Co. ; 7,024 pcs. hewn fir, 299 pcs. sawn fir-Burt, Boulton, & Haywood"
18830512p.334_p001.txt,77,Johanna,Libau,HARTLEPOOL (WEST),181 lds. birch props,Horsley,3,5,1883,12,5,1883,False,3 Johanna-Libau-181 lds. birch props-Horsley
18830512p.334_p001.txt,78,Talma,Krageroe,HARTLEPOOL (WEST),"4,666 pcs. mining timber, 2,729 pit",props-G. Horsley & Co.,4,5,1883,12,5,1883,False,"4 Talma-Krageroe-4,666 pcs. mining timber, 2,729 pit-props-G. Horsley & Co."
18830512p.334_p001.txt,81,Regina,Christiania,HARTLEPOOL (WEST),"2,975 spars, 75 small spars, 825 props","Wade, Sons, & Co.",5,5,1883,12,5,1883,False,"5 Regina-Christiania-2,975 spars, 75 small spars, 825 props-Wade, Sons, & Co."
18830512p.334_p001.txt,82,Nachtingall,Labau,HARTLEPOOL (WEST),214 lds. hewn birch,G. Horsley & Co.,7,5,1883,12,5,1883,False,7 Nachtingall-Labau-214 lds. hewn birch-G. Horsley & Co.
18830512p.334_p001.txt,90,Skulda,Demerara,HULL,222 pcs. timber,Tealby & Co.,2,5,1883,12,5,1883,False,May 2 Skulda-Demerara-222 pcs. timber-Tealby & Co.
18830512p.334_p001.txt,91,Nero,Stettin,HULL,"3,080 props",Order,3,5,1883,12,5,1883,True,"3 Nero -Stettin- 3,080 props-Order"
18830512p.334_p001.txt,98,Alpha,Arendal,HULL,"1,658 pcs. round, 1,192 pcs. square mining timber",Mitchell ; 11-2-23 battens-Order,8,5,1883,12,5,1883,False,"8 Alpha-Arendal-1,658 pcs. round, 1,192 pcs. square mining timber-Mitchell ; 11-2-23 battens-Order"
18830512p.334_p001.txt,101,Emma,Drammen,IPSWICH,"15,432 floor boards, 2,156 fir balks",W. Brown & Co.,4,5,1883,12,5,1883,False,"May 4 Emma-Drammen-15,432 floor boards, 2,156 fir balks-W. Brown & Co."
18830512p.334_p001.txt,104,Spain,New York,LIVERPOOL,"3,150 staves",Order,2,5,1883,12,5,1883,True,"May 2 Spain -New York-3,150 staves-Order"
18830512p.334_p001.txt,109,Norseman,Boston,LIVERPOOL,"3,200 staves, 390 pcs., 1,157 blocks maple, 888 pcs. lumber, 1,358 pcs. wood, 686 doors",Order,3,5,1883,12,5,1883,True,"3 Norseman -Boston-3,200 staves, 390 pcs., 1,157 blocks maple, 888 pcs. lumber, 1,358 pcs. wood, 686 doors-Order"
18830512p.334_p001.txt,116,Salus,Porsgrund,LIVERPOOL,"3,697 poles, 402 props",Grandidge,4,5,1883,12,5,1883,False,"4 Salus-Porsgrund-3,697 poles, 402 props-Grandidge"
18830512p.334_p001.txt,121,Napier,"St. John, N.B.",LIVERPOOL,"12,223 deals and battens, 1,820 pcs. scantling, 19 boards, 4,054 ends, 10,750 palings, 1,036 pcs. timber",Order,5,5,1883,12,5,1883,False,"5 Napier-St. John, N.B.-12,223 deals and battens, 1,820 pcs. scantling, 19 boards, 4,054 ends, 10,750 palings, 1,036 pcs. timber-Order"
18830512p.334_p001.txt,126,Adriatic,New York,LIVERPOOL,"89 walnut logs, 4,726 pcs. wood, 600 staves, 875 and 1 crate oars, 124 planks, 2,980 pcs. hickory",Order,7,5,1883,12,5,1883,True,"7 Adriatic -New York-89 walnut logs, 4,726 pcs. wood, 600 staves, 875 and 1 crate oars, 124 planks, 2,980 pcs. hickory-Order"
18830512p.334_p001.txt,131,City of Berlin,New York,LIVERPOOL,"4,231 pcs. timber, 2,144 staves",Order,8,5,1883,12,5,1883,True,"8 City of Berlin -New York-4,231 pcs. timber, 2,144 staves-Order"
18830512p.334_p001.txt,134,Hiram,Stenkjoer,LONDON,"1,873,725 staves, 1 fm. firewood",Brooks & Co.,3,5,1883,12,5,1883,False,"May 3 Hiram-Stenkjoer-1,873,725 staves, 1 fm. firewood-Brooks & Co."
18830512p.334_p001.txt,140,Minnie,Drammen,LONDON,"68,580 staves",Duus & Co. ; 136 fms. firewood-Order,4,5,1883,12,5,1883,False,"4 Minnie - Drammen - 68,580 staves-Duus & Co. ; 136 fms. firewood-Order"
18830512p.334_p001.txt,143,York,Stettin,LONDON,"4,885 oak staves",Rosen-Order,5,5,1883,12,5,1883,True,"5 York -Stettin-4,885 oak staves-Rosen-Order"
18830512p.334_p001.txt,156,Fratelli,Odessa,LONDON,"2,249 staves","Rodocanachi & Co. ; 2 bdls. staves, 1,120 wainscot logs, 187 logs-Order",8,5,1883,12,5,1883,False,"8 Fratelli-Odessa-2,249 staves-Rodocanachi & Co. ; 2 bdls. staves, 1,120 wainscot logs, 187 logs-Order"
18830512p.334_p001.txt,157,Lydian,Alston,LONDON,Memel,"410 shooks staves, 245 pcs. timber, 1,081 oak wainscot logs, 900 bdls. hoops-Order",9,5,1883,12,5,1883,True,"9 Lydian -Alston -Memel-410 shooks staves, 245 pcs. timber, 1,081 oak wainscot logs, 900 bdls. hoops-Order"
18830512p.334_p001.txt,165,Augustine et Marie,Bordeaux,NEWPORT,180 lds. pitwood,"Jones, Heard, & Co.",30,5,1883,12,5,1883,False,"May 30 Augustine et Marie-Bordeaux-180 lds. pitwood-Jones, Heard, & Co."
18830512p.334_p001.txt,170,Belli,Mobile,NEWPORT,854 pcs. pitchpine deals,"Pickford, Ford & Co.",3,5,1883,12,5,1883,False,"May 3 Belli-Mobile-854 pcs. pitchpine deals-Pickford, Ford & Co."
18830512p.334_p001.txt,171,Mesange,Bayonne,NEWPORT,100 lds. pitwood,Newport Pitwood Co.,4,5,1883,12,5,1883,False,4 Mesange-Bayonne-100 lds. pitwood-Newport Pitwood Co.
18830512p.334_p001.txt,172,Calypso,Bordeaux,NEWPORT,"1,200 lds. pitwood",Newport Pitwood Co.,7,5,1883,12,5,1883,True,"7 Calypso -Bordeaux-1,200 lds. pitwood-Newport Pitwood Co."
18830512p.334_p001.txt,176,Ariadne,Porsgrund,PENZANCE,"2,000 deals, 429 spars, 1,039 battens",Order,5,5,1883,12,5,1883,False,"May 5 Ariadne-Porsgrund-2,000 deals, 429 spars, 1,039 battens-Order"
18830512p.334_p001.txt,179,Victoria,Dantzic,PLYMOUTH,"10,000 deals, 2,038 deals, 278 pcs. sawn fir",Collier & Co.,3,5,1883,12,5,1883,False,"May 3 Victoria-Dantzic-10,000 deals, 2,038 deals, 278 pcs. sawn fir-Collier & Co."
18830512p.334_p001.txt,182,Hilma,Gothenburg,POOLE,"1,000 deals, 2,689 boards, 167 bdls. battens, 2 fms. firewood",Sydenham & Co.,3,5,1883,12,5,1883,False,"May 3 Hilma-Gothenburg-1,000 deals, 2,689 boards, 167 bdls. battens, 2 fms. firewood-Sydenham & Co."
18830512p.334_p001.txt,185,Ferdinand,Dantzic,PORTSMOUTH,"1,000 deals, 461 sleepers",Thos. Burt & Sons,3,5,1883,12,5,1883,False,"May 3 Ferdinand-Dantzic-1,000 deals, 461 sleepers-Thos. Burt & Sons"
18830512p.334_p001.txt,188,Memel,Memel,ROCHESTER,469 lds. sawn fir and lathwood,Wm. Crundall & Co.,1,5,1883,12,5,1883,False,May 1 Memel-Memel-469 lds. sawn fir and lathwood-Wm. Crundall & Co.
18830512p.334_p001.txt,189,Emma & Johanna,Memel,ROCHESTER,"383 pcs. sawn wood, 383 pcs. sawn fir",C. Bessent & Son,2,5,1883,12,5,1883,False,"2 Emma & Johanna-Memel-383 pcs. sawn wood, 383 pcs. sawn fir-C. Bessent & Son"
18830512p.334_p001.txt,193,Preferance,Gothenburg,SHOREHAM,"1,000 deals, 7,991 pcs. planed boards, 1,000 deals and joiners' work",Toogood & Sons,2,5,1883,12,5,1883,False,"May 2 Preferance-Gothenburg-1,000 deals, 7,991 pcs. planed boards, 1,000 deals and joiners' work-Toogood & Sons"
18830512p.334_p001.txt,196,Freya,Christiania,SOUTHAMPTON,"1,000 deals, 866 pcs. sawn fir","Tagart, Dendy & Co.",3,5,1883,12,5,1883,False,"May 3 Freya-Christiania-1,000 deals, 866 pcs. sawn fir-Tagart, Dendy & Co."
18830512p.334_p001.txt,197,Auk,Rotterdam,SOUTHAMPTON,100 bdls. hoops,Dawson Bros.,7,5,1883,12,5,1883,False,7 Auk - Rotterdam - 100 bdls. hoops-Dawson Bros.
18830512p.334_p001.txt,201,Skudda,Christiania,SUNDERLAND,"1,000 deals",Bank of Londonderry,30,5,1883,12,5,1883,False,"30 Skudda-Christiania-1,000 deals-Bank of Londonderry"
18830512p.334_p001.txt,207,Lady Katherine,Memel,SUNDERLAND,"1,000 props",T. J. Reay,1,5,1883,12,5,1883,False,"May 1 Lady Katherine - Memel - 1,000 props-T. J. Reay"
18830512p.334_p001.txt,210,Nils,Oscarshamn,SUNDERLAND,"7,512 deals",Order,2,5,1883,12,5,1883,False,"2 Nils-Oscarshamn-7,512 deals-Order"
18830512p.334_p001.txt,215,Industrie,Christiansund,SUNDERLAND,"1,000 deals",Thompson & Moller,3,5,1883,12,5,1883,False,"3 Industrie-Christiansund-1,000 deals-Thompson & Moller"
18830512p.334_p001.txt,219,Palmen,Christiania,SUNDERLAND,340 fms. firewood,Thompson & Co.,4,5,1883,12,5,1883,False,4 Palmen-Christiania-340 fms. firewood-Thompson & Co.
18830512p.334_p001.txt,220,Ida,Stettin,SUNDERLAND,"26,141 props",Order,5,5,1883,12,5,1883,False,"5 Ida-Stettin-26,141 props-Order"
18830512p.334_p001.txt,223,Theodore,St. Vaast,SWANSEA,"1,000 deals",Mouchel,1,5,1883,12,5,1883,False,"May 1 Theodore-St. Vaast-1,000 deals-Mouchel"
18830512p.334_p001.txt,225,General Pelissier,Paimpol,SWANSEA,"1,000 deals",Poingdestre & Mesnier,2,5,1883,12,5,1883,False,"2 General Pelissier-Paimpol-1,000 deals-Poingdestre & Mesnier"
18830512p.334_p001.txt,229,Dragoon,Rotterdam,TYNE,"1,000 deals",Tyne Steam Shipping Co.,30,4,1883,12,5,1883,True,"April 30 Dragoon -Rotterdam-1,000 deals-Tyne Steam Shipping Co."
18830526p.367_p002.txt,9,Sweden,Gothenburg,HARTLEPOOL (WEST),"12,036 battens and boards, 17,828 props, 500 bdls. laths",W. J. Young,15,5,1883,26,5,1883,True,"May 15 Sweden -Gothenburg-12,036 battens and boards, 17,828 props, 500 bdls. laths-W. J. Young"
18830526p.367_p003.txt,75,City of Malaga,Rotterdam,THE TIMBER TRADES JOURNAL,500 bdls. wood,,16,5,1883,26,5,1883,False,16 City of Malaga-Rotterdam-500 bdls. wood
18830526p.367_p003.txt,77,Kallva,Mobile,THE TIMBER TRADES JOURNAL,"218 pcs. hewn fir, 731 pcs.",,19,5,1883,26,5,1883,False,"19 Kallva-Mobile-218 pcs. hewn fir, 731 pcs."
18830526p.367_p003.txt,82,Limerick,Windau,DUBLIN,"7,066 round",,18,5,1883,26,5,1883,True,"May 18 Limerick -Windau-7,066 round"
18830526p.367_p003.txt,85,Aboma,Memel,DUNDALK,"714 pcs. hewn fir, 821",,15,5,1883,26,5,1883,False,"May 15 Aboma-Memel-714 pcs. hewn fir, 821"
18830526p.367_p003.txt,88,Freya,New York,GALWAY,600 boards,H.,15,5,1883,26,5,1883,False,May 15 Freya-New York-600 boards-H.
18830526p.367_p003.txt,92,Emla,Gothenburg,ALLOA,"44,225 pit",props-,17,5,1883,26,5,1883,True,"May 17 Emla -Gothenburg-44,225 pit-props-"
18830526p.367_p003.txt,96,Emilia,Konigsberg,ALLOA,"2,103 square sleepers,",,19,5,1883,26,5,1883,False,"19 Emilia-Konigsberg-2,103 square sleepers,"
18830526p.367_p003.txt,98,Gottfried,Calmar,ALLOA,"6,661 pit",props-Kennedy,21,5,1883,26,5,1883,False,"21 Gottfried-Calmar-6,661 pit-props-Kennedy"
18830526p.367_p003.txt,100,Antelope,Riga,ARBROATH,"1,734 deals & battens",,18,5,1883,26,5,1883,True,"May 18 Antelope -Riga-1,734 deals & battens"
18830526p.367_p003.txt,104,Hortensia,Falkenberg,BORROWSTOUNNESS,"9,941 props",,16,5,1883,26,5,1883,False,"May 16 Hortensia-Falkenberg-9,941 props-"
18830526p.367_p003.txt,108,Union,Falkenberg,BORROWSTOUNNESS,"3,810 props",Love &,18,5,1883,26,5,1883,False,"18 Union - Falkenberg-3,810 props-Love &"
18830526p.367_p003.txt,111,Nicodemus,Warberg,BORROWSTOUNNESS,"9,272 props",Den-,19,5,1883,26,5,1883,False,"19 Nicodemus - Warberg - 9,272 props-Den-"
18830526p.367_p003.txt,118,Mercur,Namsos,DUNDEE,"15,901 deals and bat",,21,5,1883,26,5,1883,False,"May 21 Mercur-Namsos-15,901 deals and bat-"
18830526p.367_p003.txt,121,Elizabeth,Brevig,FRASERBURGH,"929 pcs. hewn fir, 122",,17,5,1883,26,5,1883,False,"May 17 Elizabeth-Brevig-929 pcs. hewn fir, 122"
18830526p.367_p003.txt,126,Glentruim,St. John,GLASGOW,"12,538 deals",,14,5,1883,26,5,1883,True,"May 14 Glentruim -St. John-12,538 deals"
18830526p.367_p003.txt,130,Alexandria,Boston,GLASGOW,"9,000 staves",Order,15,5,1883,26,5,1883,True,"15 Alexandria -Boston-9,000 staves-Order"
18830526p.367_p003.txt,135,Bolivia,New York,GLASGOW,19 maple logs,John,16,5,1883,26,5,1883,True,16 Bolivia -New York-19 maple logs-John
18830526p.367_p003.txt,146,Devonia,New York,GLASGOW,864 pcs. oak,Edmiston,17,5,1883,26,5,1883,False,17 Devonia-New York-864 pcs. oak-Edmiston
18830526p.367_p003.txt,152,Austrian,Boston,GLASGOW,"6,000 pcs. staves",Wright,18,5,1883,26,5,1883,False,"18 Austrian-Boston-6,000 pcs. staves-Wright"
18830526p.367_p003.txt,153,Szapary,Fiume,GLASGOW,160 wainscot logs,Allison,19,5,1883,26,5,1883,False,19 Szapary-Fiume-160 wainscot logs-Allison
18830526p.367_p003.txt,154,Ecuador,"St. John, N.B.",GLASGOW,"26,087 deals and",,21,5,1883,26,5,1883,False,"21 Ecuador-St. John, N.B.-26,087 deals and"
18830526p.367_p003.txt,162,Hellas,Memel,GRANGEMOUTH,"4,923 deals and ends",,18,5,1883,26,5,1883,False,"May 18 Hellas-Memel-4,923 deals and ends-"
18830526p.367_p003.txt,165,Frithiof,Gothenburg,GRANTON,"2,949 pit",props,15,5,1883,26,5,1883,True,"May 15 Frithiof -Gothenburg-2,949 pit-props"
18830526p.367_p003.txt,167,Falken,Fredrikshald,GRANTON,"7,616 pit",props-Sal-,21,5,1883,26,5,1883,False,"21 Falken -Fredrikshald-7,616 pit-props-Sal-"
18830526p.367_p003.txt,170,Mary,Tobago,GREENOCK,2 1/2 tons logwood,Barclay,15,5,1883,26,5,1883,False,May 15 Mary-Tobago-2 1/2 tons logwood-Barclay
18830526p.367_p003.txt,172,Dwina,Stettin,LEITH,20 pcs. hewn timber,,15,5,1883,26,5,1883,False,May 15 Dwina-Stettin-20 pcs. hewn timber-
18830526p.367_p003.txt,174,Charles Kahl,Dantzig,LEITH,"150 pcs. hewn oak, 559",,17,5,1883,26,5,1883,False,"17 Charles Kahl-Dantzig-150 pcs. hewn oak, 559"
18830526p.367_p003.txt,176,Agdanes,Hommelvik,LEITH,"8,947 deals and battens",,18,5,1883,26,5,1883,False,"18 Agdanes-Hommelvik-8,947 deals and battens"
18830526p.367_p003.txt,189,Ernst & Christine,Memel,MONTROSE,536 pcs. hewn,,18,5,1883,26,5,1883,False,May 18 Ernst & Christine-Memel-536 pcs. hewn
18830526p.367_p003.txt,192,Sarah,Porsgrund,PETERHEAD,"19,523 battens",Webster,17,5,1883,26,5,1883,False,"May 17 Sarah-Porsgrund-19,523 battens-Webster"
18830526p.367_p003.txt,194,Ida,Porsgrund,PETERHEAD,"16,094 battens",Webster,19,5,1883,26,5,1883,False,"19 Ida-Porsgrund-16,094 battens-Webster"
18830526p.367_p003.txt,196,Rudolph Ebel,Apalachicola,PORT GLASGOW,689 pcs.,,17,5,1883,26,5,1883,False,May 17 Rudolph Ebel-Apalachicola-689 pcs.
18830526p.367_p003.txt,200,Felix Anna,Bayonne,TROON,224 pcs. hewn,,12,5,1883,26,5,1883,False,May 12 Felix Anna-Bayonne-224 pcs. hewn
18830602p.382_p001.txt,7,Victoria,Fernandina,BRISTOL,"2,560 pcs. pitch pine, deals and ends",Taylor & Low Bros.,29,5,1883,2,6,1883,False,"May 29 Victoria-Fernandina-2,560 pcs. pitch pine, deals and ends-Taylor & Low Bros."
18830602p.382_p001.txt,9,Louis,Bordeaux,CARDIFF,850 lds. pit,props-L. & H. Gueret,22,5,1883,2,6,1883,True,May 22 Louis -Bordeaux-850 lds. pit-props-L. & H. Gueret
18830602p.382_p001.txt,10,Gironde,Bordeaux,CARDIFF,800 lds pitwood,"Jones, Heard, & Ingram",23,5,1883,2,6,1883,True,"23 Gironde -Bordeaux-800 lds pitwood-Jones, Heard, & Ingram"
18830602p.382_p001.txt,11,Marie Joseph,Roche Bernard,CARDIFF,110 lds. pitwood,"Jones, Heard, & Ingram",26,5,1883,2,6,1883,False,"26 Marie Joseph-Roche Bernard-110 lds. pitwood-Jones, Heard, & Ingram"
18830602p.382_p001.txt,14,Vulture,Bordeaux,CARDIFF,500 lds. pitwood,Ingram,28,5,1883,2,6,1883,False,28 Vulture-Bordeaux-500 lds. pitwood-Ingram
18830602p.382_p001.txt,17,Wellington,Darien,CARDIGAN,"114 pcs. hewn fir, 111 pcs. sawn fir, 265 deals",Cardigan Mercantile Co. (Limited),23,5,1883,2,6,1883,False,"May 23 Wellington-Darien-114 pcs. hewn fir, 111 pcs. sawn fir, 265 deals-Cardigan Mercantile Co. (Limited)"
18830602p.382_p001.txt,19,Louvain,Porsgrund,CHESTER,"2,267 mining poles",R. Grandidge,23,5,1883,2,6,1883,False,"May 23 Louvain-Porsgrund-2,267 mining poles-R. Grandidge"
18830602p.382_p001.txt,20,Skjold,Christiansand,CHESTER,"3,807 mining poles and props, 970 boards and sleepers",W. Thomas,26,5,1883,2,6,1883,False,"26 Skjold-Christiansand-3,807 mining poles and props, 970 boards and sleepers-W. Thomas"
18830602p.382_p001.txt,22,Nidot,Dantzic,DOVER,"604 pcs. hewn fir, 1,020 pcs. lathwood",W. Crundall,26,5,1883,2,6,1883,False,"May 26 Nidot-Dantzic-604 pcs. hewn fir, 1,020 pcs. lathwood-W. Crundall"
18830602p.382_p001.txt,24,Bessarabia,"St. John's, N.B.",GLOUCESTER,"37,855 deals and ends",Nicks & Co.,23,5,1883,2,6,1883,False,"May 23 Bessarabia-St. John's, N.B.-37,855 deals and ends-Nicks & Co."
18830602p.382_p001.txt,26,Svea,Halifax,GLOUCESTER,"20,944 deals",T. Adams & Co.,28,5,1883,2,6,1883,False,"28 Svea-Halifax-20,944 deals-T. Adams & Co."
18830602p.382_p001.txt,27,Ballockbine,Skutakar,GLOUCESTER,"14,214 deals, battens and ends (redwood)",T. Adams & Co.,29,5,1883,2,6,1883,True,"29 Ballockbine -Skutakar-14,214 deals, battens and ends (redwood)-T. Adams & Co."
18830602p.382_p001.txt,30,W. Coulman,Rotterdam,GOOLE,"2,009 bdls. hoops",Goole Steamship Co.,24,5,1883,2,6,1883,False,"May 24 W. Coulman-Rotterdam-2,009 bdls. hoops-Goole Steamship Co."
18830602p.382_p001.txt,31,R. Creyk,Rotterdam,GOOLE,"1,000 bdls. hoops",Goole Steamship Co.,28,5,1883,2,6,1883,False,"28 R. Creyk-Rotterdam-1,000 bdls. hoops-Goole Steamship Co."
18830602p.382_p001.txt,33,Nordsee,Windau,GRIMSBY,"6,445 hewn sleepers, 576 sawn sleepers",T. Gabriel & Sons,22,5,1883,2,6,1883,False,"May 22 Nordsee-Windau-6,445 hewn sleepers, 576 sawn sleepers-T. Gabriel & Sons"
18830602p.382_p001.txt,37,Baltic,Memel,GRIMSBY,724 pcs. hewn fir,Bennetts,23,5,1883,2,6,1883,False,23 Baltic-Memel-724 pcs. hewn fir-Bennetts
18830602p.382_p001.txt,38,Baltic,Memel,GRIMSBY,"7,711 oak staves",C. J. Hay,25,5,1883,2,6,1883,False,"25 Baltic-Memel-7,711 oak staves-C. J. Hay"
18830602p.382_p001.txt,42,Douglas,Riga,GRIMSBY,"4,151 pcs. sawn fir, 10,956 hewn sleepers, 150 sawn sleepers",Bennetts,28,5,1883,2,6,1883,True,"28 Douglas -Riga-4,151 pcs. sawn fir, 10,956 hewn sleepers, 150 sawn sleepers-Bennetts"
18830602p.382_p001.txt,44,May,Christiania,HARTLEPOOL (WEST),"4,651 pcs. round hewn fir, 1,081 props, 483 sawn crowntrees",G. Horsley & Co.,23,5,1883,2,6,1883,False,"May 23 May-Christiania-4,651 pcs. round hewn fir, 1,081 props, 483 sawn crowntrees -G. Horsley & Co."
18830602p.382_p001.txt,51,Emma,Calmar,HARTLEPOOL (WEST),"3,386 fir pit",props-Pyman,25,5,1883,2,6,1883,False,"25 Emma-Calmar-3,386 fir pit-props-Pyman"
18830602p.382_p001.txt,53,Carl Friedrich,Dantzic,HARTLEPOOL (WEST),"93 pcs. hewn fir, 1,284 hewn sleepers, 759 sawn sleepers","R. Wade, Sons, & Co.",26,5,1883,2,6,1883,False,"26 Carl Friedrich-Dantzic-93 pcs. hewn fir, 1,284 hewn sleepers, 759 sawn sleepers-R. Wade, Sons, & Co."
18830602p.382_p001.txt,57,Immanuel,Skien,HARTLEPOOL (WEST),"1,170 pcs. hewn fir, 707 props",C. Nielsen & Son,28,5,1883,2,6,1883,False,"28 Immanuel-Skien-1,170 pcs. hewn fir, 707 props-C. Nielsen & Son"
18830602p.382_p002.txt,11,Drinde,Redon,SWANSEA,182 lds. props,Dynevor Coal Co.,26,5,1883,2,6,1883,False,May 26 Drinde-Redon-182 lds. props-Dynevor Coal Co.
18830602p.382_p002.txt,27,Alpha,Arendal,TYNE,"8,718 pit","props-Knudsen, Matthiessen, & Co.",22,5,1883,2,6,1883,True,"May 22 Alpha -Arendal-8,718 pit-props-Knudsen, Matthiessen, & Co."
18830602p.382_p002.txt,48,Herodot,Dantzic,WHITEHAVEN,"365 pcs. hewn fir, 1,593 sleepers, 50 pcs. hewn oak, 250 staves, 5 fms. lathwood",J. & W. Jackson,25,5,1883,2,6,1883,False,"May 25 Herodot-Dantzic-365 pcs. hewn fir, 1,593 sleepers, 50 pcs. hewn oak, 250 staves, 5 fms. lathwood-J. & W. Jackson"
18830602p.382_p002.txt,50,Der Freischutz,Stettin,WISBECH,"206 pcs. hewn oak, 130 pcs. fir",Hiscox & Smith,22,5,1883,2,6,1883,False,"May 22 Der Freischutz-Stettin-206 pcs. hewn oak, 130 pcs. fir-Hiscox & Smith"
18830602p.382_p002.txt,54,Broomhaugh,"St. John, N.B.",BELFAST,"50,806 deals and deal ends",Browne & Co.,21,5,1883,2,6,1883,False,"May 21 Broomhaugh-St. John, N.B.-50,806 deals and deal ends-Browne & Co."
18830602p.382_p002.txt,61,Rambler,Skutskar,COLERAINE,"41,429 pcs. fir sawn and planed",H. & T. Sellers,21,5,1883,2,6,1883,False,"May 21 Rambler-Skutskar-41,429 pcs. fir sawn and planed-H. & T. Sellers"
18830602p.382_p002.txt,63,Privateer,"St. John, N.B.",CORK,"26,550 deals, battens, and ends",Eustace & Co.,22,5,1883,2,6,1883,False,"May 22 Privateer-St. John, N.B.-26,550 deals, battens, and ends-Eustace & Co."
18830602p.382_p002.txt,66,Lepreaux,St. John,DUBLIN,"21,387 deals",W. Graham,24,5,1883,2,6,1883,False,"May 24 Lepreaux-St. John-21,387 deals-W. Graham"
18830602p.382_p002.txt,72,Cariola,Baltimore,LIMERICK,6 lds. boards,Defferrary & Co.,23,5,1883,2,6,1883,False,May 23 Cariola-Baltimore-6 lds. boards-Defferrary & Co.
18830602p.382_p002.txt,74,Kate Sancton,"St. John, N.B.",LONDONDERRY,"18,914 deals and deal ends",Major & Co.,26,5,1883,2,6,1883,False,"May 26 Kate Sancton-St. John, N.B.-18,914 deals and deal ends-Major & Co."
18830602p.382_p002.txt,75,Bonito,"St. John, N.B.",LONDONDERRY,"17,372 deals",Graves & Co.,23,5,1883,2,6,1883,False,"May 23 Bonito-St. John, N.B.-17,372 deals-Graves & Co."
18830602p.382_p002.txt,78,Johanna & Lina,Stettin,ABERDEEN,"217 oak logs, 306 oak crooks, 34 oak butts, 251 pcs. hewn fir",Fleming,23,5,1883,2,6,1883,False,"May 23 Johanna & Lina-Stettin-217 oak logs, 306 oak crooks, 34 oak butts, 251 pcs. hewn fir-Fleming"
18830602p.382_p002.txt,80,Caleb,Calmar,ALLOA,"4,235 pit",props-Kennedy & Co.,23,5,1883,2,6,1883,False,"May 23 Caleb-Calmar-4,235 pit - props-Kennedy & Co."
18830602p.382_p002.txt,82,Kenmore,Riga,ARBROATH,"1,130 fir deals",Wallace & Brown,28,5,1883,2,6,1883,True,"May 28 Kenmore -Riga-1,130 fir deals-Wallace & Brown"
18830602p.382_p002.txt,84,Skirner,Brevig,BANFF,"741 pcs. square fir, 392 battens",Paterson & Co.,28,5,1883,2,6,1883,False,"May 28 Skirner-Brevig-741 pcs. square fir, 392 battens-Paterson & Co."
18830602p.382_p002.txt,86,Jael,Porsgrund,BORROWSTOUNNESS,"15,064 props",Denholm & Co.,22,5,1883,2,6,1883,False,"May 22 Jael-Porsgrund-15,064 props-Denholm & Co."
18830602p.382_p002.txt,91,Spey,Riga,DUNDEE,"39 fir spars, 21 lds. lathwood",Armistead & Co.,22,5,1883,2,6,1883,False,"May 22 Spey-Riga-39 fir spars, 21 lds. lathwood-Armistead & Co."
18830602p.382_p002.txt,94,Caduceus,"St. John's, N.B.",GLASGOW,"37,265 deals","Hunter, Sheriff, & Co.",23,5,1883,2,6,1883,True,"May 23 Caduceus -St. John's, N.B.-37,265 deals-Hunter, Sheriff, & Co."
18830602p.382_p002.txt,105,Edina,Hamburg,GRANGEMOUTH,1 cs. mouldings,Order,21,5,1883,2,6,1883,True,May 21 Edina -Hamburg-1 cs. mouldings-Order
18830602p.382_p002.txt,107,Werge,Risoer,GRANTON,"11,993 pcs. hewn fir, 8,118 oak props",Madsen & Borck,28,5,1883,2,6,1883,False,"May 28 Werge-Risoer-11,993 pcs. hewn fir, 8,118 oak props-Madsen & Borck"
18830602p.382_p002.txt,109,Moruca,Trinidad,GREENOCK,16 logs greenheart,Foulds & Bone,23,5,1883,2,6,1883,True,May 23 Moruca -Trinidad-16 logs greenheart-Foulds & Bone
18830602p.382_p002.txt,114,Wemyss Castle,Christiansand,KIRKCALDY,"10,775 pit","props, 72 battens-J. Budge",23,5,1883,2,6,1883,False,"May 23 Wemyss Castle-Christiansand-10,775 pit-props, 72 battens-J. Budge"
18830602p.382_p002.txt,117,Livonia,Riga,LEITH,34½ lds. lathwood,J. Cormack,23,5,1883,2,6,1883,True,May 23 Livonia -Riga-34½ lds. lathwood-J. Cormack
18830602p.382_p002.txt,123,Montrose,Riga,MONTROSE,"1,854 pcs. lathwood, 100 rickers",Millar & Sons,26,5,1883,2,6,1883,True,"May 26 Montrose -Riga-1,854 pcs. lathwood, 100 rickers-Millar & Sons"
18830602p.382_p002.txt,125,Favorit,Christiansand,PETERHEAD,"60,000 birch staves",Garden T. West,28,5,1883,2,6,1883,False,"May 28 Favorit-Christiansand-60,000 birch staves-Garden T. West"
18830707p.15_p003.txt,15,Christopher Kasten,Dantzic,LOWESTOFT,596 pcs. oak,Lucas Bros.,30,6,1883,7,7,1883,False,June 30 Christopher Kasten-Dantzic-596 pcs. oak-Lucas Bros.
18830707p.15_p003.txt,17,Neitto,Bjorneborg,LYNN,155 stds. battens,T. Stanton & Co.,30,6,1883,7,7,1883,False,June 30 Neitto-Bjorneborg-155 stds. battens-T. Stanton & Co.
18830707p.15_p003.txt,24,Carolina,Saltvik,MIDDLESBROUGH,"7,674 deals",Lessees of Cargo Fleet,28,6,1883,7,7,1883,False,"June 28 Carolina-Saltvik-7,674 deals-Lessees of Cargo Fleet"
18830707p.15_p003.txt,28,Hetty,Skien,MIDDLESBROUGH,"2,300 pcs. hewn fir",J. P. Hornung & Son,3,7,1883,7,7,1883,False,"July 3 Hetty-Skien-2,300 pcs. hewn fir-J. P. Hornung & Son"
18830707p.15_p003.txt,31,Newhaven Jenkins,Dieppe,NEWHAVEN,100 cwt. veneers,T. Reeves,26,6,1883,7,7,1883,False,June 26 Newhaven Jenkins-Dieppe-100 cwt. veneers-T. Reeves
18830707p.15_p003.txt,32,Newhaven Jenkins,Dieppe,NEWHAVEN,4 cwt. veneers,T. Reeves,28,6,1883,7,7,1883,False,28 Newhaven Jenkins-Dieppe-4 cwt. veneers-T. Reeves
18830707p.15_p003.txt,34,Anna Maria,Roche Bernard,NEWPORT,100 lds. pitwood,Newport Pitwood Co.,26,6,1883,7,7,1883,False,June 26 Anna Maria-Roche Bernard-100 lds. pitwood-Newport Pitwood Co.
18830707p.15_p003.txt,43,Pemcliffe,Riga,NEWPORT,120 lds. lathwood,"Jones, Heard, & Co.; 16,154 sleeper blocks, 1,042 sawn sleepers-Burt, Boulton, & Haywood",2,7,1883,7,7,1883,True,"July 2 Pemcliffe -Riga-120 lds. lathwood-Jones, Heard, & Co.; 16,154 sleeper blocks, 1,042 sawn sleepers-Burt, Boulton, & Haywood"
18830707p.15_p003.txt,48,S. Battestero,New York,PLYMOUTH,12 lds. firewood,Treeby & Co.,26,6,1883,7,7,1883,False,June 26 S. Battestero-New York-12 lds. firewood-Treeby & Co.
18830707p.15_p003.txt,53,Amee,Abo,THE TIMBER TRADES JOURNAL,"6,860 deals, 13 lds. firewood",Tooth & Co.,1,7,1883,7,7,1883,False,"July 1 Amee-Abo-6,860 deals, 13 lds. firewood-Tooth & Co."
18830707p.15_p003.txt,57,Fannie,Havre,SOUTHAMPTON,89 pcs. boxwood,Corke & Son,28,6,1883,7,7,1883,False,June 28 Fannie-Havre-89 pcs. boxwood-Corke & Son
18830707p.15_p003.txt,58,Flora,Bjorneborg,SOUTHAMPTON,15 lds. firewood,"Forster, Brotherton, & Co.",2,7,1883,7,7,1883,False,"July 2 Flora-Bjorneborg-15 lds. firewood-Forster, Brotherton, & Co."
18830707p.15_p003.txt,60,Johanne,Stettin,SUNDERLAND,"9,250 props",Mitshell,26,6,1883,7,7,1883,False,"June 26 Johanne-Stettin-9,250 props-Mitshell"
18830707p.15_p003.txt,65,Felix,Stettin,SUNDERLAND,"28 pcs. sawn oak, 123 pcs. hewn oak, 39 crooks, 254 pcs. hewn fir",L. L. Thompson & Co.,27,6,1883,7,7,1883,False,"27 Felix-Stettin-28 pcs. sawn oak, 123 pcs. hewn oak, 39 crooks, 254 pcs. hewn fir-L. L. Thompson & Co."
18830707p.15_p003.txt,68,Tirfing,Carlscrona,SUNDERLAND,"17,672 props",Mitshell,29,6,1883,7,7,1883,False,"29 Tirfing-Carlscrona-17,672 props-Mitshell"
18830707p.15_p003.txt,71,Heathpool,Ostend,SUNDERLAND,"7,082 props",T. J. Reay,30,6,1883,7,7,1883,False,"30 Heathpool - Ostend - 7,082 props - T. J. Reay"
18830707p.15_p003.txt,72,Tirfing,Oscarshamn,SUNDERLAND,"7,826 props",Rayner & Moller,2,7,1883,7,7,1883,False,"July 2 Tirfing-Oscarshamn-7,826 props-Rayner & Moller"
18830707p.15_p003.txt,74,Lovina,Bordeaux,SWANSEA,"3,890 pcs. hewn fir",Williams & Davies,26,6,1883,7,7,1883,False,"June 26 Lovina-Bordeaux-3,890 pcs. hewn fir-Williams & Davies"
18830707p.15_p003.txt,77,G. K. C.,Quimper,SWANSEA,80 lds. pitwood,"Jones, Heard, & Co.",27,6,1883,7,7,1883,False,"27 G. K. C.-Quimper-80 lds. pitwood-Jones, Heard, & Co."
18830707p.15_p003.txt,81,Jeune Benoni,Redon,SWANSEA,115 lds. pitwood,Dynevor Coal Co.,28,6,1883,7,7,1883,False,28 Jeune Benoni-Redon-115 lds. pitwood-Dynevor Coal Co.
18830707p.15_p003.txt,82,Stella,St. Brieux,SWANSEA,110 lds. pitwood,Evan David,29,6,1883,7,7,1883,False,29 Stella-St. Brieux-110 lds. pitwood-Evan David
18830707p.15_p003.txt,84,Marie Anne,Blaye,SWANSEA,145 lds. pitwood,"Jones, Heard, & Co.",30,6,1883,7,7,1883,False,"30 Marie Anne-Blaye-145 lds. pitwood-Jones, Heard, & Co."
18830707p.15_p003.txt,85,Marie Aime,Bordeaux,SWANSEA,"2,033 pcs. pitwood",Williams & Davies,2,7,1883,7,7,1883,False,"July 2 Marie Aime-Bordeaux-2,033 pcs. pitwood-Williams & Davies"
18830707p.15_p003.txt,88,Maria,Riga,TYNE,"16,658 props, 1,040 battens",James Scott,25,6,1883,7,7,1883,False,"June 25 Maria-Riga-16,658 props, 1,040 battens-James Scott"
18830707p.15_p003.txt,91,Neptun,Halmstadt,TYNE,qnty. pit,props - Order,26,6,1883,7,7,1883,True,26 Neptun -Halmstadt-qnty. pit-props - Order
18830707p.15_p003.txt,104,Othello,Riga,TYNE,"5,160 deals and deal ends",A. Hood & Co.,27,6,1883,7,7,1883,False,"27 Othello-Riga-5,160 deals and deal ends-A. Hood & Co."
18830707p.15_p003.txt,106,Marie,Fredrikstadt,TYNE,"29,111 pcs. flooring",Order,28,6,1883,7,7,1883,False,"28 Marie - Fredrikstadt - 29,111 pcs. flooring-Order"
18830707p.15_p003.txt,107,Lord Raglan,Rotterdam,TYNE,600 bdls. hoops,Tyne Steamship Co.,29,6,1883,7,7,1883,True,29 Lord Raglan -Rotterdam-600 bdls. hoops-Tyne Steamship Co.
18830707p.15_p003.txt,111,Balder,Riga,TYNE,"4,127 deals",Rennoldsen,30,6,1883,7,7,1883,False,"30 Balder-Riga-4,127 deals-Rennoldsen"
18830707p.15_p003.txt,112,Linea,Oscarshamn,TYNE,"144,753 staves",Order,2,7,1883,7,7,1883,False,"July 2 Linea-Oscarshamn-144,753 staves-Order"
18830707p.15_p003.txt,128,De Tvende Brodre,Bjorneborg,TYNE,"319,495 staves",Order,3,7,1883,7,7,1883,False,"3 De Tvende Brodre-Bjorneborg-319,495 staves-Order"
18830707p.15_p003.txt,133,Mauritania,Mem,WHITEHAVEN,"53,573 boards",J. & W. Jackson,26,6,1883,7,7,1883,False,"June 26 Mauritania-Mem-53,573 boards-J. & W. Jackson"
18830707p.15_p003.txt,134,Brigida,Miramichi,WHITEHAVEN,"14,330 deals and deal ends",J. & W. Jackson,2,7,1883,7,7,1883,False,"July 2 Brigida-Miramichi-14,330 deals and deal ends-J. & W. Jackson"
18830707p.15_p003.txt,136,Anna,Bjorneborg,WISBECH,"14,194 battens",English Bros.,26,6,1883,7,7,1883,False,"June 26 Anna-Bjorneborg-14,194 battens-English Bros."
18830707p.15_p003.txt,138,Sisters,Galveston,YARMOUTH,"100 boards, 17 lds. firewood",J. McLernon,26,6,1883,7,7,1883,False,"June 26 Sisters-Galveston-100 boards, 17 lds. firewood-J. McLernon"
18830707p.15_p003.txt,142,Fair Head,Pernau,BELFAST,"1,845 pcs. sawn fir, 308 pcs. hewn fir",Hogg & Co.,26,6,1883,7,7,1883,False,"June 26 Fair Head-Pernau-1,845 pcs. sawn fir, 308 pcs. hewn fir-Hogg & Co."
18830707p.15_p003.txt,144,L. G. Bigelow,Miramichi,BELFAST,"16,827 deals and deal ends, 12,012 palings",Hutton & Co.,28,6,1883,7,7,1883,False,"28 L. G. Bigelow-Miramichi-16,827 deals and deal ends, 12,012 palings-Hutton & Co."
18830707p.15_p003.txt,146,Minnie Gordon,Miramichi,DUBLIN,"21,580 deals",Brooks & Co.,18,6,1883,7,7,1883,False,"June 18 Minnie Gordon-Miramichi-21,580 deals-Brooks & Co."
18830707p.15_p003.txt,147,Albertine,St. John,DUBLIN,"16,562 deals",Fitzsimon,20,6,1883,7,7,1883,False,"20 Albertine-St. John-16,562 deals-Fitzsimon"
18830707p.15_p003.txt,148,City of Malaga,Riga,DUBLIN,"9,160 sleepers, quantity lathwood",R. Martin & Co.,21,6,1883,7,7,1883,True,"21 City of Malaga -Riga-9,160 sleepers, quantity lathwood-R. Martin & Co."
18830707p.15_p003.txt,149,Selma,Skutskar,DUBLIN,"24,758 boards, 672 deals",W. Graham,25,6,1883,7,7,1883,False,"25 Selma-Skutskar-24,758 boards, 672 deals-W. Graham"
18830707p.15_p003.txt,151,Sea Gull,Skutskar,LONDONDERRY,"3,463 deals, 16,070 pcs. planed or dressed fir, 132 spars",McClelland,27,6,1883,7,7,1883,False,"June 27 Sea Gull-Skutskar-3,463 deals, 16,070 pcs. planed or dressed fir, 132 spars-McClelland"
18830707p.15_p003.txt,152,Lothair,Miramichi,LONDONDERRY,"20,800 deals, ends, and 4 pcs. hewn birch, 5 pcs. hewn fir",J. Ballantyne,28,6,1883,7,7,1883,False,"28 Lothair-Miramichi-20,800 deals, ends, and 4 pcs. hewn birch, 5 pcs. hewn fir-J. Ballantyne"
18830707p.15_p003.txt,153,Theodore,Drammen,LONDONDERRY,"240 lds. planed fir, 50 lds. sawn fir",J. & J. Cooke,2,7,1883,7,7,1883,False,"July 2 Theodore-Drammen-240 lds. planed fir, 50 lds. sawn fir-J. & J. Cooke"
18830707p.15_p003.txt,155,Vif,Drammen,SLIGO,"18,479 boards, 100 spars",O'Connor & Cullen,2,7,1883,7,7,1883,False,"July 2 Vif-Drammen-18,479 boards, 100 spars -O'Connor & Cullen"
18830707p.15_p003.txt,157,Argyll,"St. John's, N.B.",WATERFORD,"10,081 deals",M. McCarthy,29,6,1883,7,7,1883,False,"June 29 Argyll-St. John's, N.B.-10,081 deals-M. McCarthy"
18830707p.15_p003.txt,159,Francisco Chizzaaro,Baltimore,WESTPORT,"1,000 deals",A. M. O'Malley,30,6,1883,7,7,1883,False,"June 30 Francisco Chizzaaro-Baltimore-1,000 deals-A. M. O'Malley"
18830707p.15_p003.txt,162,Kintor,Riga,ABERDEEN,"601 pcs. hewn fir, 1,548 pcs. sawn fir",Milne & Co.,27,6,1883,7,7,1883,False,"June 27 Kintor-Riga-601 pcs. hewn fir, 1,548 pcs. sawn fir-Milne & Co."
18830707p.15_p003.txt,167,Ballantyne,Archangel,ABERDEEN,40 lds. sawn wood,J. & A. Davidson,2,7,1883,7,7,1883,False,July 2 Ballantyne-Archangel-40 lds. sawn wood-J. & A. Davidson
18830707p.15_p003.txt,171,Reina,Falkenburg,ALLOA,"7,224 pit",props-Love & Stewart,26,6,1883,7,7,1883,False,"June 26 Reina-Falkenburg-7,224 pit-props-Love & Stewart"
18830707p.15_p003.txt,175,Patmos,Halmstadt,ALLOA,"8,249 pcs. hewn fir",Love & Stewart,27,6,1883,7,7,1883,False,"27 Patmos-Halmstadt-8,249 pcs. hewn fir-Love & Stewart"
18830707p.15_p003.txt,177,Kinghorn,Sundswall,ALLOA,"570 spars, 2,052 battens, 18 lds. firewood",Order,27,6,1883,7,7,1883,False,"June 27 Kinghorn-Sundswall-570 spars, 2,052 battens, 18 lds. firewood-Order"
18830707p.15_p004.txt,4,Bolette,Sandarne,18 THE TIMBER TRADES JOURNAL,270 lds. firewood,J. Thomson,28,7,1883,7,7,1883,False,28 Bolette-Sandarne-270 lds. firewood-J. Thomson
18830707p.15_p004.txt,6,Santa Maria,Laurvig,18 THE TIMBER TRADES JOURNAL,"19,327 pit",props-Madsen & Borck,30,7,1883,7,7,1883,False,"30 Santa Maria-Laurvig-19,327 pit-props-Madsen & Borck"
18830707p.15_p004.txt,7,Nordstjernen,Falkenburg,18 THE TIMBER TRADES JOURNAL,"7,693 pit",props-Love & Stewart,2,7,1883,7,7,1883,False,"July 2 Nordstjernen-Falkenburg-7,693 pit-props-Love & Stewart"
18830707p.15_p004.txt,11,Hamlet,Kotka,AYR,"9,356 deals and battens",Paton & Sons,27,6,1883,7,7,1883,False,"June 27 Hamlet-Kotka-9,356 deals and battens-Paton & Sons"
18830707p.15_p004.txt,13,Da Capo,Sundswall,BANFF,"39 lds. battens, 128 lds. hewn fir",McPherson & Co.,30,6,1883,7,7,1883,False,"June 30 Da Capo-Sundswall-39 lds. battens, 128 lds. hewn fir-McPherson & Co."
18830707p.15_p004.txt,15,Frederikke,Falkenberg,BORROWSTOUNNESS,"10,625 pit",props-Love & Stewart,26,6,1883,7,7,1883,False,"June 26 Frederikke-Falkenberg-10,625 pit-props-Love & Stewart"
18830707p.15_p004.txt,19,Hortensin,Falkenberg,BORROWSTOUNNESS,"17,232 pit",props-Love & Stewart,27,6,1883,7,7,1883,False,"27 Hortensin-Falkenberg-17,232 pit-props-Love & Stewart"
18830707p.15_p004.txt,21,Speculationen,Frederikshald,BORROWSTOUNNESS,"24,553 pit",props-Love & Stewart,28,6,1883,7,7,1883,False,"28 Speculationen-Frederikshald-24,553 pit-props-Love & Stewart"
18830707p.15_p004.txt,23,Phonix,Drammen,BORROWSTOUNNESS,"7,399 pit",props-Denholm & Co.,29,6,1883,7,7,1883,False,"29 Phonix-Drammen-7,399 pit-props-Denholm & Co."
18830707p.15_p004.txt,30,Cathrine,Laurvig,BORROWSTOUNNESS,"17,480 props",Denholm,30,6,1883,7,7,1883,False,"30 Cathrine-Laurvig-17,480 props-Denholm"
18830707p.15_p004.txt,33,Onkel,Drobak,BORROWSTOUNNESS,"4,602 props",Ord Adams,2,7,1883,7,7,1883,False,"July 2 Onkel-Drobak-4,602 props-Ord Adams"
18830707p.15_p004.txt,38,Export,Riga,DUNDEE,"120 pcs. hewn fir, 2,000 deals, 16 lds. firewood",H. Gibson,26,6,1883,7,7,1883,False,"June 26 Export-Riga-120 pcs. hewn fir, 2,000 deals, 16 lds. firewood-H. Gibson"
18830707p.15_p004.txt,40,Der Wanderer,Stettin,DUNDEE,595 pcs. hewn fir,Donaldson & Son,27,6,1883,7,7,1883,False,27 Der Wanderer-Stettin-595 pcs. hewn fir-Donaldson & Son
18830707p.15_p004.txt,42,Suppicich,Memel,DUNDEE,"1,068 pcs. sawn fir",J. Jessiman,29,6,1883,7,7,1883,True,"29 Suppicich -Memel-1,068 pcs. sawn fir-J. Jessiman"
18830707p.15_p004.txt,43,Thor Hovland,Riga,DUNDEE,"717 pcs. hewn fir, 1,259 pcs. sawn fir",Bell & Sime,30,6,1883,7,7,1883,False,"30 Thor Hovland-Riga-717 pcs. hewn fir, 1,259 pcs. sawn fir-Bell & Sime"
18830707p.15_p004.txt,46,State of Nevada  New York,500 oars,GLASGOW,"Henderson & Buchanan; 1,600 barrel, 3,600 hogshead staves","Allison, Cousland, & Hamilton; 60 logs walnut-Order",27,6,1883,7,7,1883,True,"June 27 State of Nevada  New York-500 oars-Henderson & Buchanan; 1,600 barrel, 3,600 hogshead staves-Allison, Cousland, & Hamilton; 60 logs walnut-Order"
18830707p.15_p004.txt,48,Corean,Quebec,GLASGOW,"8,907 deals","Singleton, Dunn, & Co.",28,6,1883,7,7,1883,True,"28 Corean -Quebec-8,907 deals-Singleton, Dunn, & Co."
18830707p.15_p004.txt,51,Phoenician,Boston,GLASGOW,"1,200 staves","C. Tennant & Co.; 3,600 staves-Order",29,6,1883,7,7,1883,True,"29 Phoenician -Boston-1,200 staves-C. Tennant & Co.; 3,600 staves-Order"
18830707p.15_p004.txt,54,Vorwarts,Danzig,"[JULY 7, 1883.]","607 pcs. timber, 12,315 red sleeper blocks",W. Christie & Co.,27,6,1883,7,7,1883,False,"27 Vorwarts-Danzig-607 pcs. timber, 12,315 red sleeper blocks-W. Christie & Co."
18830707p.15_p004.txt,57,Alice,Hernösand,"[JULY 7, 1883.]","10,238 battens",Order,28,6,1883,7,7,1883,False,"28 Alice-Hernösand-10,238 battens-Order"
18830707p.15_p004.txt,59,Gustav,Ulfvik,"[JULY 7, 1883.]","11,047 battens",Malcolm,30,6,1883,7,7,1883,False,"30 Gustav-Ulfvik-11,047 battens-Malcolm"
18830707p.15_p004.txt,62,Frithiof,Gothenburg,GRANTON,"4,950 deals",Salvesen & Co.,26,6,1883,7,7,1883,True,"June 26 Frithiof -Gothenburg-4,950 deals-Salvesen & Co."
18830707p.15_p004.txt,63,Nordenskiold,Wilmington,GRANTON,21 lds. firewood,Salvesen & Co.,28,6,1883,7,7,1883,False,28 Nordenskiold-Wilmington-21 lds. firewood-Salvesen & Co.
18830707p.15_p004.txt,64,Emmanuel,Sandefjord,GRANTON,"13,489 pcs. pit",props-Madsen & Borck,29,6,1883,7,7,1883,False,"29 Emmanuel-Sandefjord-13,489 pcs. pit-props-Madsen & Borck"
18830707p.15_p004.txt,66,Saga,Wilmington,GRANTON,60 boards,Salvesen & Co.,30,6,1883,7,7,1883,False,30 Saga-Wilmington-60 boards-Salvesen & Co.
18830707p.15_p004.txt,68,Christine,Wilmington,GRANTON,17 lds. firewood,Salvesen & Co.,2,7,1883,7,7,1883,False,July 2 Christine-Wilmington-17 lds. firewood-Salvesen & Co.
18830707p.15_p004.txt,70,Vause,Pensacola,GREENOCK,"497 pcs. sawn pitch pine, 4,766 pitch pine deals",Order,29,6,1883,7,7,1883,False,"June 29 Vause-Pensacola-497 pcs. sawn pitch pine, 4,766 pitch pine deals-Order"
18830707p.15_p004.txt,72,Peter,Skien,GREENOCK,"198,110 pcs. staves, 543 pcs. timber",James Craig,28,6,1883,7,7,1883,False,"28 Peter-Skien-198,110 pcs. staves, 543 pcs. timber-James Craig"
18830707p.15_p004.txt,73,Nelson,Moulmein,GREENOCK,"1,419 squares teak timber",Order,30,6,1883,7,7,1883,False,"30 Nelson-Moulmein-1,419 squares teak timber-Order"
18830707p.15_p004.txt,75,Wemyss Castle,Christiansand,KIRKCALDY,"21,510 pit","props, 60 battens-J. Budge",29,6,1883,7,7,1883,False,"June 29 Wemyss Castle-Christiansand-21,510 pit-props, 60 battens-J. Budge"
18830707p.15_p004.txt,77,Ceres,Drammen,KIRKWALL,"36 lds. sawn fir, 12 lds. dressed fir",Mowat & Hay,26,6,1883,7,7,1883,False,"June 26 Ceres-Drammen-36 lds. sawn fir, 12 lds. dressed fir-Mowat & Hay"
18830707p.15_p004.txt,79,Avvio,Helsingfors,LEITH,"11,376 deals and battens","Park, Dobson, & Co.",26,6,1883,7,7,1883,False,"June 26 Avvio-Helsingfors-11,376 deals and battens-Park, Dobson, & Co."
18830707p.15_p004.txt,83,Content,Sundswall,LEITH,"3,585 deals and battens",W. Thomson & Co.,27,6,1883,7,7,1883,False,"27 Content-Sundswall-3,585 deals and battens-W. Thomson & Co."
18830707p.15_p004.txt,85,Paulus,Harg,LEITH,"10,129 deals and battens",Duncan & Co.,28,6,1883,7,7,1883,False,"28 Paulus-Harg-10,129 deals and battens-Duncan & Co."
18830707p.15_p004.txt,86,Ulrike,Saltvik,LEITH,2 3/5 lds. firewood,Ellingsen,29,6,1883,7,7,1883,False,29 Ulrike-Saltvik-2 3/5 lds. firewood-Ellingsen
18830707p.15_p004.txt,90,Petersburg,Cronstadt,LEITH,695 rickers,Thomson,30,6,1883,7,7,1883,False,30 Petersburg-Cronstadt-695 rickers-Thomson
18830707p.15_p004.txt,91,Memoria,Cronstadt,LEITH,"16,312 pcs. sawn fir",J. Mitchell & Co.,2,7,1883,7,7,1883,False,"July 2 Memoria-Cronstadt-16,312 pcs. sawn fir-J. Mitchell & Co."
18830707p.15_p004.txt,97,Jenny,Gothenburg,LERWICK,"5,443 battens, 1,035 spars, 300 oars",Hay & Co.,28,6,1883,7,7,1883,False,"June 28 Jenny-Gothenburg-5,443 battens, 1,035 spars, 300 oars-Hay & Co."
18830707p.15_p004.txt,99,Montrose,Cronstadt,MONTROSE,"3,732 battens, 200 rickers",Millar & Sons,27,6,1883,7,7,1883,True,"June 27 Montrose -Cronstadt-3,732 battens, 200 rickers-Millar & Sons"
18830707p.15_p004.txt,100,Emanuel,Bollsta,MONTROSE,"21,917 battens",Millar,29,6,1883,7,7,1883,False,"29 Emanuel-Bollsta-21,917 battens-Millar"
18830707p.15_p004.txt,104,Thrudvang,Cronstadt,MONTROSE,"14,079 battens",Millar & Sons,30,6,1883,7,7,1883,False,"30 Thrudvang-Cronstadt-14,079 battens-Millar & Sons"
18830707p.15_p004.txt,105,Beryl,Archangel,MONTROSE,"100 spars, 4 pcs. sawn fir",Ramsay,2,7,1883,7,7,1883,True,"July 2 Beryl -Archangel-100 spars, 4 pcs. sawn fir-Ramsay"
18830707p.15_p004.txt,109,Ternen,Carlshamn,PETERHEAD,"1,515 battens, 193,244 birch staves",Leask & Co.,27,6,1883,7,7,1883,False,"June 27 Ternen-Carlshamn-1,515 battens, 193,244 birch staves-Leask & Co."
18830707p.15_p004.txt,111,Millia,Konigsberg,PETERHEAD,"7,621 hewn billets",A. Morrison,2,7,1883,7,7,1883,False,"July 2 Millia-Konigsberg-7,621 hewn billets-A. Morrison"
18830707p.15_p004.txt,115,Alamo,Halifax,TROON,"620 pcs. hewn birch, 6,986 deals, 413 deal ends",Brownlee,26,6,1883,7,7,1883,False,"June 26 Alamo-Halifax-620 pcs. hewn birch, 6,986 deals, 413 deal ends-Brownlee"
18830707p.15_p004.txt,117,Frithjof,Mandal,WICK,"50,000 staves",D. Sandison,28,6,1883,7,7,1883,False,"June 28 Frithjof-Mandal-50,000 staves-D. Sandison"
18830707p.15_p005.txt,12,Frithiof,Gothenburg,GRANTON,"4,992 deals",Salvesen & Co.,26,6,1883,7,7,1883,True,"June 26 Frithiof -Gothenburg-4,992 deals-Salvesen & Co."
18830707p.15_p005.txt,13,Nordenskiold,Wilmington,GRANTON,21 lds. firewood,Salvesen & Co.,28,6,1883,7,7,1883,False,28 Nordenskiold-Wilmington-21 lds. firewood-Salvesen & Co.
18830707p.15_p005.txt,14,Emmanuel,Sandefjord,GRANTON,"13,489 pcs. hewn fir",Madsen & Borek,29,6,1883,7,7,1883,False,"29 Emmanuel-Sandefjord-13,489 pcs. hewn fir-Madsen & Borek"
18830707p.15_p005.txt,16,Saga,Wilmington,GRANTON,60 boards,Salvesen & Co.,30,6,1883,7,7,1883,False,30 Saga-Wilmington-60 boards-Salvesen & Co.
18830707p.15_p005.txt,18,Christine,Wilmington,GRANTON,17 lds. firewood,Salvesen & Co.,2,7,1883,7,7,1883,False,July 2 Christine-Wilmington-17 lds. firewood-Salvesen & Co.
18830707p.15_p005.txt,21,Vauso,Pensacola,GREENOCK,"497 pcs. sawn pitch pine, 4,766 pitch pine deals",Order,29,6,1883,7,7,1883,False,"June 29 Vauso-Pensacola-497 pcs. sawn pitch pine, 4,766 pitch pine deals-Order"
18830707p.15_p005.txt,23,Peter,Skien,GREENOCK,"198,110 pcs. staves, 543 battens",James Craig,28,6,1883,7,7,1883,False,"28 Peter-Skien-198,110 pcs. staves, 543 battens-James Craig"
18830707p.15_p005.txt,24,Nelson,Moulmein,GREENOCK,"1,419 squares teak timber",Order,30,6,1883,7,7,1883,False,"30 Nelson-Moulmein-1,419 squares teak timber-Order"
18830707p.15_p005.txt,27,Wemyss Castle,Christiansand,KIRKCALDY,"9,882 pit","props, 60 battens-J. Budge",29,6,1883,7,7,1883,False,"June 29 Wemyss Castle-Christiansand-9,882 pit-props, 60 battens-J. Budge"
18830707p.15_p005.txt,30,Ceres,Drammen,KIRKWALL,"36 lds. sawn fir, 96 lds. dressed fir",Mowat & Hay,26,6,1883,7,7,1883,False,"June 26 Ceres-Drammen-36 lds. sawn fir, 96 lds. dressed fir-Mowat & Hay"
18830707p.15_p005.txt,33,Avvio,Helsingfors,LEITH,"11,976 deals and battens","Park, Dobson, & Co.",26,6,1883,7,7,1883,False,"June 26 Avvio-Helsingfors-11,976 deals and battens-Park, Dobson, & Co."
18830707p.15_p005.txt,45,Memoria,Cronstadt,LEITH,"16,312 pcs. sawn fir",J. Mitchell & Co.,2,7,1883,7,7,1883,False,"July 2 Memoria-Cronstadt-16,312 pcs. sawn fir-J. Mitchell & Co."
18830707p.15_p005.txt,52,Jenny,Gothenburg,LERWICK,"5,443 battens, 1,400 spars, 300 oars",Hay & Co.,28,6,1883,7,7,1883,False,"June 28 Jenny-Gothenburg-5,443 battens, 1,400 spars, 300 oars-Hay & Co."
18830707p.15_p005.txt,55,Montrose,Cronstadt,MONTROSE,"3,732 pcs. sawn fir, 200 rickers",Millar & Sons,27,6,1883,7,7,1883,True,"June 27 Montrose -Cronstadt-3,732 pcs. sawn fir, 200 rickers-Millar & Sons"
18830707p.15_p005.txt,56,Emanuel,Bollsta,MONTROSE,"21,917 battens",Millar & Sons,29,6,1883,7,7,1883,False,"29 Emanuel-Bollsta-21,917 battens-Millar & Sons"
18830707p.15_p005.txt,66,Ternen,Carlshamn,PETERHEAD,"1,515 pcs. timber, 103,244 birch staves",Leask & Co.,27,6,1883,7,7,1883,False,"June 27 Ternen-Carlshamn-1,515 pcs. timber, 103,244 birch staves-Leask & Co."
18830707p.15_p005.txt,68,Millie,Konigsberg,PETERHEAD,"7,621 hewn fir billets",A. Morrison,2,7,1883,7,7,1883,False,"July 2 Millie-Konigsberg-7,621 hewn fir billets-A. Morrison"
18830707p.15_p005.txt,74,Alamo,Halifax,TROON,"620 pcs. hewn birch, 6,066 deals, 413 deal ends",Brownlie & Co.,26,6,1883,7,7,1883,False,"June 26 Alamo-Halifax-620 pcs. hewn birch, 6,066 deals, 413 deal ends-Brownlie & Co."
18830707p.15_p005.txt,77,Frithjof,Mandal,WICK,"50,000 staves",D. Sandison,28,6,1883,7,7,1883,False,"June 28 Frithjof-Mandal-50,000 staves-D. Sandison"
18830707p.15_p005.txt,106,Sophie,Christiansand,THE TIMBER TRADES JOURNAL,"10,000 pcs. hewn birch, 1,000 staves",D. Lonttit & Co.,29,6,1883,7,7,1883,False,"29 Sophie-Christiansand-10,000 pcs. hewn birch, 1,000 staves-D. Lonttit & Co."
18830707p.15_p005.txt,107,Morgenstrund,Sandefjord,THE TIMBER TRADES JOURNAL,"6,763 pcs. hewn birch",D. Sandison,30,6,1883,7,7,1883,False,"30 Morgenstrund-Sandefjord-6,763 pcs. hewn birch-D. Sandison"
18830714p.33_p002.txt,6,Erato,Riga,HULL,139,"1-12 deals, 28 fms. ends, 1,845 props-Order",4,7,1883,14,7,1883,True,"July 4 Erato -Riga-139-1-12 deals, 28 fms. ends, 1,845 props-Order"
18830714p.33_p002.txt,16,B. Petersen,Gefle,HULL,83,3-0 deals -Order,5,7,1883,14,7,1883,False,5 B. Petersen-Gefle-83-3-0 deals -Order
18830714p.33_p002.txt,27,Activ,Narva,HULL,86,0-8 battens-Heaven,6,7,1883,14,7,1883,False,6 Activ-Narva-86-0-8 battens-Heaven
18830714p.33_p002.txt,37,Susanne,Narva,HULL,84,0-4 deals-Order,7,7,1883,14,7,1883,False,7 Susanne-Narva-84-0-4 deals-Order
18830714p.33_p002.txt,43,Rollo,Christiania,HULL,"1,600 boards","Wilson ; 3,876 props-Pope & Pearson ; 48-2-24 deals -Heaven & Co. ; 10 pkgs. boards-Shipstone & Co. ; 4,000 staves-Order",9,7,1883,14,7,1883,True,"9 Rollo -Christiania-1,600 boards-Wilson ; 3,876 props-Pope & Pearson ; 48-2-24 deals -Heaven & Co. ; 10 pkgs. boards-Shipstone & Co. ; 4,000 staves-Order"
18830714p.33_p002.txt,51,Regalia,Riga,HULL,159,2-3 deals-Order,11,7,1883,14,7,1883,True,11 Regalia -Riga-159-2-3 deals-Order
18830714p.33_p002.txt,55,Tvende Brodre,Drammen,IPSWICH,"6,170 boards",,5,7,1883,14,7,1883,False,"July 5 Tvende Brodre-Drammen-6,170 boards"
18830714p.33_p002.txt,57,Sirius,Soderhamn,IPSWICH,"6,188 deals and battens",W. Brown & Co.,6,7,1883,14,7,1883,False,"6 Sirius-Soderhamn-6,188 deals and battens-W. Brown & Co."
18830714p.33_p002.txt,60,Patriot Queen,"Newcastle, N.B.",LANCASTER,"17,582 deals",Preston Timber Co.,4,7,1883,14,7,1883,False,"July 4 Patriot Queen-Newcastle, N.B.-17,582 deals-Preston Timber Co."
18830714p.33_p002.txt,63,Skulaa,Christiania,LITTLEHAMPTON,"12,064 battens, &c.",Duke & Co.,6,7,1883,14,7,1883,False,"July 6 Skulaa-Christiania-12,064 battens, &c.-Duke & Co."
18830714p.33_p002.txt,66,H. A. Hartman,Riga,LIVERPOOL,"6,700 sleepers",Order,4,7,1883,14,7,1883,True,"July 4 H. A. Hartman -Riga-6,700 sleepers-Order"
18830714p.33_p002.txt,70,Helvetia,New York,LIVERPOOL,"3,600 staves",Order,5,7,1883,14,7,1883,True,"5 Helvetia -New York-3,600 staves-Order"
18830714p.33_p002.txt,81,Louise,Pugwash,"[JULY 14, 1883","15,589 deals, 1,460 deal ends",Order,6,7,1883,14,7,1883,False,"6 Louise-Pugwash-15,589 deals, 1,460 deal ends-Order"
18830714p.33_p002.txt,87,Wisconsin,New York,"[JULY 14, 1883",75 pcs. lignum,vitæ-Order,7,7,1883,14,7,1883,True,7 Wisconsin -New York-75 pcs. lignum-vitæ-Order
18830714p.33_p002.txt,95,Dido,Pensacola,"[JULY 14, 1883","562 pcs. timber, 137 deals",Crow & Co.,9,7,1883,14,7,1883,False,"9 Dido-Pensacola-562 pcs. timber, 137 deals-Crow & Co."
18830714p.33_p002.txt,97,City of Richmond,New York,"[JULY 14, 1883","111 pcs. timber, 100 shooks, 1,860 pcs. timber",Order,9,7,1883,14,7,1883,True,"9 City of Richmond -New York-111 pcs. timber, 100 shooks, 1,860 pcs. timber-Order"
18830714p.33_p002.txt,104,Trabant,Dantzic,"[JULY 14, 1883","1,082 timber ends, 8 fms. splitwood, 106 pcs. timber",Order,10,7,1883,14,7,1883,False,"10 Trabant-Dantzic-1,082 timber ends, 8 fms. splitwood, 106 pcs. timber-Order"
18830714p.33_p002.txt,112,L. C. E.,Port Launay,LLANELLY,120 lds. pitwood,"Nevill, Druce, & Co.",4,7,1883,14,7,1883,False,"July 4 L. C. E.-Port Launay-120 lds. pitwood-Nevill, Druce, & Co."
18830714p.33_p002.txt,113,Baobab,Port Launay,LLANELLY,120 lds. pitwood,Nevill,9,7,1883,14,7,1883,False,9 Baobab-Port Launay-120 lds. pitwood-Nevill
18830714p.33_p002.txt,116,Norway,Husum,LONDON,"25,731 deals and battens",Order,5,7,1883,14,7,1883,False,"July 5 Norway-Husum-25,731 deals and battens -Order"
18830714p.33_p002.txt,152,Albert Edward,Gothenburg,"[JULY 14, 1883.]",267 bdls. mouldings,"Eklund ; 32 bdls. mouldings-Phillips ; 5 cs. mouldings-Eccius & Co. ; 397 doors-Crow & Co. ; 162 bdls. boards-Horseshoe & Co. ; 1,089 collies joinery-Sanders & Co. ; 501 doz. boards, 100 prs. oars-Ord",9,7,1883,14,7,1883,True,"9 Albert Edward -Gothenburg-267 bdls. mouldings-Eklund ; 32 bdls. mouldings-Phillips ; 5 cs. mouldings-Eccius & Co. ; 397 doors-Crow & Co. ; 162 bdls. boards-Horseshoe & Co. ; 1,089 collies joinery-Sanders & Co. ; 501 doz. boards, 100 prs. oars-Order"
18830714p.33_p002.txt,171,Grecian Monarch,New York,"[JULY 14, 1883.]",10 logs timber,"Quitmann ; 10 logs walnut, 11,329 squares black walnut-Order ; Sim ; 129 pcs. whitewood, 1,000 logs, 405 pcs. walnut lumber-Order",11,7,1883,14,7,1883,True,"11 Grecian Monarch -New York-10 logs timber-Quitmann ; 10 logs walnut, 11,329 squares black walnut-Order ; Sim ; 129 pcs. whitewood, 1,000 logs, 405 pcs. walnut lumber-Order"
18830714p.33_p002.txt,184,Sandsend,Riga,LOWESTOFT,"13,656 deals",Order,4,7,1883,14,7,1883,False,"July 4 Sandsend-Riga-13,656 deals-Order"
18830714p.33_p002.txt,186,John Clarke,Soderhamn,LOWESTOFT,"33,170 deals and boards",J. F. Ranson,7,7,1883,14,7,1883,False,"7 John Clarke - Soderhamn - 33,170 deals and boards-J. F. Ranson"
18830714p.33_p002.txt,191,Zephyr,Wifstawarf,LYNN,"11,936 deals, 2,097 tens, and boards",Jensen & Co.,6,7,1883,14,7,1883,False,"July 6 Zephyr-Wifstawarf-11,936 deals, 2,097 tens, and boards-Jensen & Co."
18830714p.33_p002.txt,192,Rosedale,Sundswall,LYNN,"19,836 deals and boards","Thompson, Pattinson, & Co.",7,7,1883,14,7,1883,False,"7 Rosedale-Sundswall-19,836 deals and boards-Thompson, Pattinson, & Co."
18830714p.33_p002.txt,196,Camilla,Loscombe,MARYPORT,"12,025 deals, 6,000 tens",Graham & Co.,3,7,1883,14,7,1883,False,"July 3 Camilla-Loscombe-12,025 deals, 6,000 tens-Graham & Co."
18830714p.33_p002.txt,199,Rowan,Riga,MIDDLESBROUGH,740 sawn fir railway poles,"Calder, Dixon, Stewart, & Co.",4,7,1883,14,7,1883,True,"July 4 Rowan -Riga-740 sawn fir railway poles-Calder, Dixon, Stewart, & Co."
18830714p.33_p002.txt,200,Lubeck,Wyburg,MIDDLESBROUGH,"1,242 deals, 1,000 deals, 4,512 boards",Lessees Cargo Fleet,5,7,1883,14,7,1883,False,"5 Lubeck-Wyburg-1,242 deals, 1,000 deals, 4,512 boards-Lessees Cargo Fleet"
18830714p.33_p002.txt,202,Carl Christopher,Riga,MIDDLESBROUGH,"2,628 pcs. sawn lathwood",J. P. Hornung & Son,6,7,1883,14,7,1883,False,"6 Carl Christopher-Riga-2,628 pcs. sawn lathwood-J. P. Hornung & Son"
18830714p.33_p002.txt,204,Valmo,Riga,MIDDLESBROUGH,"8,616 poles, 500 sleepers","Calder, Dixon, Stewart, & Co.",9,7,1883,14,7,1883,True,"9 Valmo -Riga-8,616 poles, 500 sleepers-Calder, Dixon, Stewart, & Co."
18830714p.33_p002.txt,207,Regulator,Soderhamn,NEWHAVEN,335 lds. firewood,Parsons Bros.,2,7,1883,14,7,1883,False,July 2 Regulator-Soderhamn-335 lds. firewood -Parsons Bros.
18830714p.33_p002.txt,212,Marie,Hennebont,NEWPORT,120 lds. pitwood,London & South Wales Colliery Co.,5,7,1883,14,7,1883,False,July 5 Marie-Hennebont-120 lds. pitwood-London & South Wales Colliery Co.
18830714p.33_p002.txt,216,San Bartolomeo,Pensacola,NEWPORT,"1,221 pcs. timber, fir, 242 deals",Nicholas & Co.,6,7,1883,14,7,1883,False,"6 San Bartolomeo-Pensacola-1,221 pcs. timber, fir, 242 deals-Nicholas & Co."
18830714p.33_p002.txt,218,Myteline,Riga,NEWPORT,"14,904 sleepers, 1,246 sawn sleepers","Burt, Boulton",7,7,1883,14,7,1883,True,"7 Myteline -Riga-14,904 sleepers, 1,246 sawn sleepers-Burt, Boulton"
18830714p.33_p002.txt,223,Amelie,Tvedestrand,NEWPORT,"10,252 pcs. firewood",Budd & Co.,9,7,1883,14,7,1883,False,"9 Amelie-Tvedestrand-10,252 pcs. firewood-Budd & Co."
18830714p.33_p002.txt,227,Demokraten,Drammen,PLYMOUTH,"358,000 staves, 6,260 fir staves",John Webb,3,7,1883,14,7,1883,False,"July 3 Demokraten-Drammen-358,000 staves, 6,260 fir staves-John Webb"
18830714p.33_p002.txt,230,Urda,Skonvik,PORTSMOUTH,"640 lds. firewood, 3,587 boards",Thomas Bailey,4,7,1883,14,7,1883,False,"July 4 Urda-Skonvik-640 lds. firewood, 3,587 boards-Thomas Bailey"
18830714p.33_p002.txt,233,Telefour,Ljusne,RAMSGATE,"5,987 deals, 2,000 battens, 13 lds. firewood, 6 spars",Order,6,7,1883,14,7,1883,False,"July 6 Telefour-Ljusne-5,987 deals, 2,000 battens, 13 lds. firewood, 6 spars-Order"
18830714p.33_p002.txt,236,Avance,Soderham,ROCHESTER,"13,625 deals and battens",J. & A. S. Smythe.,4,7,1883,14,7,1883,False,"July 4 Avance-Soderham-13,625 deals and battens-J. & A. S. Smythe."
18830714p.33_p002.txt,239,Mathilde,Riga,SCARBOROUGH,"3,170 deals and ends",Brown & Porrett,6,7,1883,14,7,1883,False,"July 6 Mathilde-Riga-3,170 deals and ends-Brown & Porrett"
18830714p.33_p002.txt,242,Forsoget,Gefle,SHOREHAM,"9,840 deals and ends",Beves & Co.,5,7,1883,14,7,1883,False,"July 5 Forsoget-Gefle-9,840 deals and ends-Beves & Co."
18830714p.33_p002.txt,245,Niord,Borga,SOUTHAMPTON,"17,473 pcs. hewn agart, Morgan, & Coles",,3,7,1883,14,7,1883,False,"July 3 Niord-Borga-17,473 pcs. hewn agart, Morgan, & Coles"
18830714p.33_p004.txt,6,Elveruni,Drammen,AYR,"11,854 battens",Paton & Sons,7,7,1883,14,7,1883,False,"July 7 Elveruni-Drammen-11,854 battens-Paton & Sons"
18830714p.33_p004.txt,7,Isabella,Drammen,AYR,"10,944 battens",Paton & Sons,9,7,1883,14,7,1883,False,"9 Isabella-Drammen-10,944 battens-Paton & Sons"
18830714p.33_p004.txt,10,Sophia,Oscarshamn,BORROWSTOUNNESS,"3,067 props",Stenholm & Co.,3,7,1883,14,7,1883,False,"July 3 Sophia-Oscarshamn-3,067 props-Stenholm & Co."
18830714p.33_p004.txt,11,Nils,Figeholm,BORROWSTOUNNESS,"5,454 pcs. pitwood",Cowdenheath Coal Co.,4,7,1883,14,7,1883,False,"4 Nils-Figeholm-5,454 pcs. pitwood-Cowdenheath Coal Co."
18830714p.33_p004.txt,12,Ludvig Bay,Moss,BORROWSTOUNNESS,"10,591 pit",props-Stenholm & Co.,6,7,1883,14,7,1883,False,"6 Ludvig Bay-Moss-10,591 pit-props-Stenholm & Co."
18830714p.33_p004.txt,13,Thor,Westerwik,BORROWSTOUNNESS,"6,744 pcs. pitwood",Cowdenheath Coal Co.,7,7,1883,14,7,1883,False,"7 Thor-Westerwik-6,744 pcs. pitwood-Cowdenheath Coal Co."
18830714p.33_p004.txt,14,Roskilde,Falkenberg,BORROWSTOUNNESS,"6,216 pit","props-Leith, Newcastle Packet-Christiansand-9,753 pit-props-A. Gulstad & Co.",9,7,1883,14,7,1883,False,"9 Roskilde-Falkenberg-6,216 pit-props-Leith, Newcastle Packet-Christiansand-9,753 pit-props-A. Gulstad & Co."
18830714p.33_p004.txt,16,Victor H. G.,Bjorneborg,DUNDEE,"7,968 deals and battens, 7 lds. firewood",H. Gibson,3,7,1883,14,7,1883,False,"July 3 Victor H. G.-Bjorneborg-7,968 deals and battens, 7 lds. firewood-H. Gibson"
18830714p.33_p004.txt,17,Petersburg,Cronstadt,DUNDEE,"1,001 fir rickers",J. Fleming,4,7,1883,14,7,1883,False,"4 Petersburg-Cronstadt-1,001 fir rickers-J. Fleming"
18830714p.33_p004.txt,23,Polykarp,Pensacola,DUNDEE,"1,007 pcs. hewn pitch pine, 282 pcs. sawn pitch",pine-Bell & Sime,5,7,1883,14,7,1883,False,"5 Polykarp-Pensacola- 1,007 pcs. hewn pitch pine, 282 pcs. sawn pitch-pine-Bell & Sime"
18830714p.33_p004.txt,28,Fredrikke,Ornskjoldsvik,DUNDEE,"13,833 battens",Donaldson & Son,6,7,1883,14,7,1883,False,"6 Fredrikke-Ornskjoldsvik-13,833 battens-Donaldson & Son"
18830714p.33_p004.txt,29,Trio,Ulvik,DUNDEE,"9,800 battens",Bell & Sime,9,7,1883,14,7,1883,False,"9 Trio-Ulvik-9,800 battens-Bell & Sime"
18830714p.33_p004.txt,31,Kramfors,"17,959 battens and boards",GRANTON,Salvesen & Co.,,2,7,1883,14,7,1883,False,"July 2 Kramfors-17,959 battens and boards-Salvesen & Co."
18830714p.33_p004.txt,52,Erbrir,Apalachicola,GREENOCK,"112 pcs. hewn pine, 460 pcs. sawn pitch pine, 618 pcs. sawn pitch pine for stowage",Edmiston & Mitchells,6,7,1883,14,7,1883,False,"July 6 Erbrir-Apalachicola-112 pcs. hewn pine, 460 pcs. sawn pitch pine, 618 pcs. sawn pitch pine for stowage-Edmiston & Mitchells"
18830714p.33_p004.txt,55,Kvik,Sundswall,INVERNESS,346 pcs. hewn fir,Mackay & MacKenzie,5,7,1883,14,7,1883,False,July 5 Kvik-Sundswall-346 pcs. hewn fir-Mackay & MacKenzie
18830714p.33_p004.txt,60,State of Indiana,New York,GLASGOW,59 walnut logs,"Edmiston & Mitchells; 74 pcs. oak plank-W. Jarvis; 4,500 barrel staves-Allison, Cousland, & Hamilton",3,7,1883,14,7,1883,True,"July 3 State of Indiana -New York-59 walnut logs-Edmiston & Mitchells; 74 pcs. oak plank-W. Jarvis; 4,500 barrel staves-Allison, Cousland, & Hamilton"
18830714p.33_p004.txt,62,Scandinavian,Boston,GLASGOW,400 bdls. shooks,"C. Tennant; 6,000 staves-Order",5,7,1883,14,7,1883,True,"5 Scandinavian -Boston-400 bdls. shooks-C. Tennant; 6,000 staves-Order"
18830714p.33_p004.txt,64,Concordia,Montreal,GLASGOW,"3,190 deals","Brownlee & Co.; 3,972 deals-Singleton",7,7,1883,14,7,1883,True,"7 Concordia -Montreal-3,190 deals-Brownlee & Co.; 3,972 deals-Singleton"
18830714p.33_p004.txt,68,Express,Memel,GRANGEMOUTH,"4,801 deals and ends",Brownlee & Co.,2,7,1883,14,7,1883,False,"July 2 Express-Memel-4,801 deals and ends-Brownlee & Co."
18830714p.33_p004.txt,75,Wladimer,Riga,GRANGEMOUTH,"4,782 deals and ends",Wilkie,3,7,1883,14,7,1883,False,"3 Wladimer-Riga-4,782 deals and ends-Wilkie"
18830714p.33_p004.txt,77,James Duncan,Hernosand,GRANGEMOUTH,"7,109 deals and battens","W. Anderson; 4,979 deals and battens, 2 spars-R. Williamson",4,7,1883,14,7,1883,False,"4 James Duncan-Hernosand-7,109 deals and battens-W. Anderson; 4,979 deals and battens, 2 spars-R. Williamson"
18830714p.33_p004.txt,88,Martin,Sundswall,GRANGEMOUTH,"9,960 pit",props-Grange Coal Co.,5,7,1883,14,7,1883,False,"5 Martin-Sundswall-9,960 pit-props-Grange Coal Co."
18830714p.33_p004.txt,94,Emma,Stocka,GRANGEMOUTH,"25,345 staves",Order,6,7,1883,14,7,1883,False,"6 Emma-Stocka-25,345 staves-Order"
18830714p.33_p004.txt,95,Hnos,Cronstadt,GRANGEMOUTH,"3,055 deals",Order,3,7,1883,14,7,1883,False,"July 3 Hnos-Cronstadt-3,055 deals-Order"
18830714p.33_p004.txt,102,Rufoime,Norway,KIRKWALL,781 pcs. sawn fir,Baitree & Drever,4,7,1883,14,7,1883,False,July 4 Rufoime-Norway-781 pcs. sawn fir-Baitree & Drever
18830714p.33_p004.txt,104,Hnos,Cronstadt,LEITH,"9,113 battens","Davidson, & Co.",3,7,1883,14,7,1883,False,"July 3 Hnos-Cronstadt-9,113 battens-Davidson, & Co."
18830714p.33_p004.txt,105,Scandinavia,Sornas,LEITH,"3,249 deals","Dobson, & Co.",4,7,1883,14,7,1883,False,"4 Scandinavia-Sornas-3,249 deals-Dobson, & Co."
18830714p.33_p004.txt,106,Trafik,Egersund,LEITH,"9,960 pit",props-Grange Coal Co.,5,7,1883,14,7,1883,False,"5 Trafik-Egersund-9,960 pit-props-Grange Coal Co."
18830714p.33_p004.txt,113,Alpha,Drontheim,LEITH,"12,674 deals",W. Malcolm,7,7,1883,14,7,1883,False,"7 Alpha-Drontheim-12,674 deals-W. Malcolm"
18830714p.33_p004.txt,114,Orest,Cronstadt,LEITH,"7,197 battens",Garland & Roger,9,7,1883,14,7,1883,False,"9 Orest-Cronstadt-7,197 battens-Garland & Roger"
18830714p.33_p004.txt,120,Palmerston,Bollsta,MONTROSE,"15,804 battens",Millar & Sons,3,7,1883,14,7,1883,False,"July 3 Palmerston-Bollsta-15,804 battens-Millar & Sons"
18830714p.33_p004.txt,122,Diana,Langvik,MONTROSE,"23,106 battens",Millar & Sons,4,7,1883,14,7,1883,False,"4 Diana-Langvik-23,106 battens-Millar & Sons"
18830714p.33_p004.txt,123,Hilma,Bollsta,MONTROSE,"11,625 battens",Millar & Sons,5,7,1883,14,7,1883,False,"5 Hilma-Bollsta-11,625 battens-Millar & Sons"
18830714p.33_p004.txt,127,Resolute,Narva,MONTROSE,"18,032 battens",Millar & Sons,9,7,1883,14,7,1883,False,"9 Resolute-Narva-18,032 battens-Millar & Sons"
18830714p.33_p004.txt,129,Caleb,Swartwik,TROON,"1,445 deals, 517 pcs. hewn fir",Wright & Co.,5,7,1883,14,7,1883,False,"July 5 Caleb-Swartwik-1,445 deals, 517 pcs. hewn fir-Wright & Co."
18830714p.33_p005.txt,5,Rulolme,Norway,KIRKWALL,"781 pcs. hewn fir, 227 pcs. sawn fir",Baitree & Driver,4,7,1883,14,7,1883,False,"July 4 Rulolme-Norway-781 pcs. hewn fir, 227 pcs. sawn fir-Baitree & Driver"
18830714p.33_p005.txt,7,Hnos,Cronstadt,LEITH,"9,113 battens","Ferguson, Davidson, & Co.",3,7,1883,14,7,1883,False,"July 3 Hnos-Cronstadt-9,113 battens-Ferguson, Davidson, & Co."
18830714p.33_p005.txt,8,Scandinavia,Sornas,LEITH,"8,249 battens","Park, Dobson, & Co.",4,7,1883,14,7,1883,False,"4 Scandinavia-Sornas-8,249 battens-Park, Dobson, & Co."
18830714p.33_p005.txt,9,Trafik,Egersund,LEITH,"9,960 pit",props - Preston Grange Coal Co.,3,7,1883,14,7,1883,False,"3 Trafik-Egersund-9,960 pit-props - Preston Grange Coal Co."
18830714p.33_p005.txt,15,Alpha,Drontheim,LEITH,"12,674 deals and battens",W. Malcom,7,7,1883,14,7,1883,False,"7 Alpha-Drontheim-12,674 deals and battens-W. Malcom"
18830714p.33_p005.txt,16,Orest,Cronstadt,LEITH,"7,197 battens, 235 deals",Garland & Roger,9,7,1883,14,7,1883,False,"9 Orest-Cronstadt-7,197 battens, 235 deals-Garland & Roger"
18830714p.33_p005.txt,22,Palmerston,Bollsta,MONTROSE,"18,653 battens",Millar & Sons,3,7,1883,14,7,1883,False,"July 3 Palmerston-Bollsta-18,653 battens-Millar & Sons"
18830714p.33_p005.txt,24,Diana,Langvik,MONTROSE,"23,106 battens",Millar,4,7,1883,14,7,1883,False,"4 Diana-Langvik-23,106 battens-Millar"
18830714p.33_p005.txt,25,Hilma,Bollsta,MONTROSE,"11,625 battens, 9 lds. firewood",Millar & Sons,5,7,1883,14,7,1883,False,"5 Hilma-Bollsta-11,625 battens, 9 lds. firewood-Millar & Sons"
18830714p.33_p005.txt,29,Resolute,Narva,MONTROSE,"18,032 battens",Millar,9,7,1883,14,7,1883,False,"9 Resolute-Narva-18,032 battens-Millar"
18830714p.33_p005.txt,31,Caleb,Swartwik,TROON,"1,445 deals and battens, 517 pcs. hewn fir",Wright & Nephew,5,7,1883,14,7,1883,False,"July 5 Caleb-Swartwik-1,445 deals and battens, 517 pcs. hewn fir-Wright & Nephew"
18830825p.145_p002.txt,6,Baobab,Port Launay,LLANELLY,120 lds. pitwood,"Neville, Druce, & Co.",20,8,1883,25,8,1883,False,"Aug. 20 Baobab-Port Launay-120 lds. pitwood-Neville, Druce, & Co."
18830825p.145_p002.txt,8,Korsvei,Santa Ana,LONDON,483 logs mahogany and cedar,Skelton & Schofield,16,8,1883,25,8,1883,False,Aug. 16 Korsvei-Santa Ana-483 logs mahogany and cedar-Skelton & Schofield
18830825p.145_p002.txt,16,Baltic,Sundswall,LONDON,268 1/2 fms. firewood,W. Dance,17,8,1883,25,8,1883,False,17 Baltic-Sundswall-268 1/2 fms. firewood-W. Dance
18830825p.145_p002.txt,30,Stokesley,Munksund,LONDON,"45,364 battens",Loder,18,8,1883,25,8,1883,True,"18 Stokesley -Munksund-45,364 battens-Loder"
18830825p.145_p002.txt,42,Stella,St. Brieux,SWANSEA,108 lds. pitwood,Receiver Cwm Avon,15,8,1883,25,8,1883,False,Aug. 15 Stella-St. Brieux-108 lds. pitwood-Receiver Cwm Avon
18830825p.145_p002.txt,46,Martha & Clara,Sundswall,TEIGNMOUTH,"5,000 deals, boards, and battens, 59 sawn, 17 pcs. hewn fir",J. S. Cull,17,8,1883,25,8,1883,False,"17 Martha & Clara-Sundswall-5,000 deals, boards, and battens, 59 sawn, 17 pcs. hewn fir-J. S. Cull"
18830825p.145_p002.txt,48,Elise,Memel,TRURO,"786 pcs. hewn timber, 30 wainscot logs, 40 lds. lathwood",Harvey,13,8,1883,25,8,1883,False,"13 Elise-Memel-786 pcs. hewn timber, 30 wainscot logs, 40 lds. lathwood-Harvey"
18830825p.145_p002.txt,51,Daniel,Pensacola,TYNE,"1,276 pcs. pitch pine",Renoldson & Capper,14,8,1883,25,8,1883,False,"14 Daniel-Pensacola-1,276 pcs. pitch pine-Renoldson & Capper"
18830825p.145_p003.txt,5,Merenur,Bjorneborg,"AUGUST 25, 1883.]","302,874 staves","C. Von Platen-Sundswall-480 pcs. fir, 1,844 battens-J. Carr, jun., & Co.",21,8,1883,25,8,1883,False,"21 Merenur-Bjorneborg-302,874 staves-C. Von Platen-Sundswall-480 pcs. fir, 1,844 battens-J. Carr, jun., & Co."
18830825p.145_p003.txt,10,Toledo,Gefle,WISBECH,"41,868 deals and ends, 20 lds. firewood",English Bros.,15,8,1883,25,8,1883,False,"Aug. 15 Toledo-Gefle-41,868 deals and ends, 20 lds. firewood-English Bros."
18830825p.145_p003.txt,12,Stephenson,Soderhamn,WISBECH,"62,926 deals, boards, and battens",Hiscox & Smith,16,8,1883,25,8,1883,False,"16 Stephenson - Soderhamn - 62,926 deals, boards, and battens-Hiscox & Smith"
18830825p.145_p003.txt,13,Clifton,Pensacola,WISBECH,"799 pcs. sawn timber, 466 deals",English Bros.,18,8,1883,25,8,1883,False,"18 Clifton-Pensacola-799 pcs. sawn timber, 466 deals-English Bros."
18830825p.145_p003.txt,15,Maria,Skelleftea,WHITEHAVEN,"7,999 spars, 744 battens",J. & W. Jackson,17,8,1883,25,8,1883,False,"Aug. 17 Maria-Skelleftea-7,999 spars, 744 battens-J. & W. Jackson"
18830825p.145_p003.txt,18,Rubins,Skelleftea,WHITEHAVEN,"7,005 spars, 382 battens",J. & W. Jackson,18,8,1883,25,8,1883,False,"18 Rubins-Skelleftea-7,005 spars, 382 battens-J. & W. Jackson"
18830825p.145_p003.txt,20,Hanna,Neder Kalix,WHITEHAVEN,"1,454 pcs. hewn timber, 2,073 deals",J. E. A. McGowan,20,8,1883,25,8,1883,False,"20 Hanna-Neder Kalix-1,454 pcs. hewn timber, 2,073 deals-J. E. A. McGowan"
18830825p.145_p003.txt,22,Bessie Young,Quebec,WORKINGTON,"4 pcs. oak, 25 pcs. elm, 408 pcs. yellow pine, 510 spruce deals, 40 lds. lathwood",R. Williamson,20,8,1883,25,8,1883,False,"Aug. 20 Bessie Young-Quebec-4 pcs. oak, 25 pcs. elm, 408 pcs. yellow pine, 510 spruce deals, 40 lds. lathwood-R. Williamson"
18830825p.145_p003.txt,27,Helmik,Archangel,YARMOUTH,"5,593 deals and ends",J. & J. Colman,20,8,1883,25,8,1883,False,"20 Helmik-Archangel-5,593 deals and ends-J. & J. Colman"
18830825p.145_p003.txt,31,River Clyde,Riga,DUNDALK,"10,245 sleepers","Calder, Dixon, Stewart, & Co.",20,8,1883,25,8,1883,False,"Aug. 20 River Clyde-Riga-10,245 sleepers-Calder, Dixon, Stewart, & Co."
18830825p.145_p003.txt,34,Naomi,Quebec,GALWAY,"21,697 deals, spruce spars",Doherty & Semple,14,8,1883,25,8,1883,False,"Aug. 14 Naomi - Quebec - 21,697 deals, spruce spars-Doherty & Semple"
18830825p.145_p003.txt,36,Fleetwing,"St. John, N.B.",LONDONDERRY,"5,397 deals, 368 deal ends",Captain Sullivan,15,8,1883,25,8,1883,False,"Aug. 15 Fleetwing-St. John, N.B.-5,397 deals, 368 deal ends-Captain Sullivan"
18830825p.145_p003.txt,38,F. L. Richardson,"St. John, N.B.",NEWRY,"16,956 deals and deal ends",Carvill & Co.,15,8,1883,25,8,1883,False,"Aug. 15 F. L. Richardson-St. John, N.B.-16,956 deals and deal ends-Carvill & Co."
18830825p.145_p003.txt,40,Fama,Laurvig,TRALEE,"20,479 boards",R. McComan & Sons,16,8,1883,25,8,1883,False,"Aug. 16 Fama-Laurvig-20,479 boards-R. McComan & Sons"
18830825p.145_p003.txt,42,River Avon,Riga,WATERFORD,"12,425 sleepers","Calder, Dixon, Stewart, & Co.",10,8,1883,25,8,1883,False,"Aug. 10 River Avon-Riga-12,425 sleepers-Calder, Dixon, Stewart, & Co."
18830825p.145_p003.txt,43,Ceres,"St. John, N.B.",WATERFORD,"6,123 deals, 85 deal ends",M. Flynn,15,8,1883,25,8,1883,False,"15 Ceres-St. John, N.B.-6,123 deals, 85 deal ends-M. Flynn"
18830825p.145_p003.txt,47,Marx,Narva,ABERDEEN,"1,313 pcs. sawn timber",Milne & Co.,17,8,1883,25,8,1883,False,"Aug. 17 Marx-Narva-1,313 pcs. sawn timber-Milne & Co."
18830825p.145_p003.txt,49,Abba,Falkenberg,ALLOA,"11,349 pit",props-Love & Stewart,14,8,1883,25,8,1883,False,"Aug. 14 Abba-Falkenberg-11,349 pit-props-Love & Stewart"
18830825p.145_p003.txt,50,Glona,Sundswall,ALLOA,"8,115 battens",Thomson,15,8,1883,25,8,1883,False,"15 Glona-Sundswall-8,115 battens-Thomson"
18830825p.145_p003.txt,52,Cuba,Narva,ALLOA,"13,140 battens",J. D. Thomson,16,8,1883,25,8,1883,False,"16 Cuba-Narva-13,140 battens-J. D. Thomson"
18830825p.145_p003.txt,53,Marin Christensen,Sandefjord,ALLOA,"15,871 pit",props-Madsen & Borck,17,8,1883,25,8,1883,False,"17 Marin Christensen-Sandefjord-15,871 pit-props-Madsen & Borck"
18830825p.145_p003.txt,54,Maria,Riga,ALLOA,"4,340 deals",A. Thomson & Co.,20,8,1883,25,8,1883,False,"20 Maria-Riga-4,340 deals-A. Thomson & Co."
18830825p.145_p003.txt,56,Swan,Riga,ARDROSSAN,"13,476 sawn sleepers","Calder, Dixon, Stewart, & Co.",18,8,1883,25,8,1883,True,"Aug. 18 Swan -Riga-13,476 sawn sleepers-Calder, Dixon, Stewart, & Co."
18830825p.145_p003.txt,58,Friedericke Weyer,Richibucto,AYR,"10,028 deals",Alexander & Sons,17,8,1883,25,8,1883,False,"Aug. 17 Friedericke Weyer-Richibucto-10,028 deals-Alexander & Sons"
18830825p.145_p003.txt,59,Atlas,Quebec,AYR,"3,292 pine deals, 346 pcs. waney pine, 165 pcs. red pine, 20 pcs. oak, 10 pcs. elm, 38 pcs. birch, 4 lds. hewn lathwood",Alexander & Sons,20,8,1883,25,8,1883,False,"20 Atlas-Quebec-3,292 pine deals, 346 pcs. waney pine, 165 pcs. red pine, 20 pcs. oak, 10 pcs. elm, 38 pcs. birch, 4 lds. hewn lathwood-Alexander & Sons"
18830825p.145_p003.txt,61,Fanny,Sundswall,BANFF,"6,069 pcs. sawn timber, 178 pcs. hewn timber, 3 lds. firewood",Hendry & Co.,14,8,1883,25,8,1883,False,"Aug. 14 Fanny-Sundswall-6,069 pcs. sawn timber, 178 pcs. hewn timber, 3 lds. firewood-Hendry & Co."
18830825p.145_p003.txt,63,Familiens Haab,Laurvig,BORROWSTOUNNESS,"7,051 pit",props-Denholm & Co,14,8,1883,25,8,1883,False,"Aug. 14 Familiens Haab-Laurvig-7,051 pit-props-Denholm & Co"
18830825p.145_p003.txt,65,Eugene,Riga,BORROWSTOUNNESS,"1,000 square sleeper blocks, 3,999 round 9 in. sleeper blocks, 668 half 10in. sleeper blocks, 1,000 half 9in. sleepers",Love & Stewart,15,8,1883,25,8,1883,True,"15 Eugene -Riga-1,000 square sleeper blocks, 3,999 round 9 in. sleeper blocks, 668 half 10in. sleeper blocks, 1,000 half 9in. sleepers-Love & Stewart"
18830825p.145_p003.txt,70,Garrison,Riga,THE TIMBER TRADES JOURNAL,"1,500 half","round sleepers, 3,013 round 6 ft. sleepers, 11,563 round 8 ft. sleepers-Love & Stewart",16,8,1883,25,8,1883,True,"16 Garrison -Riga-1,500 half-round sleepers, 3,013 round 6 ft. sleepers, 11,563 round 8 ft. sleepers-Love & Stewart"
18830825p.145_p003.txt,72,Theodora,Drammen,THE TIMBER TRADES JOURNAL,"28,103 pcs. pitwood",Townhill Coal Co.,17,8,1883,25,8,1883,False,"17 Theodora-Drammen-28,103 pcs. pitwood-Townhill Coal Co."
18830825p.145_p003.txt,73,Spekulationen,Fredrikshald,THE TIMBER TRADES JOURNAL,"2,472 pit",props -Love & Stewart,20,8,1883,25,8,1883,False,"20 Spekulationen-Fredrikshald-2,472 pit-props -Love & Stewart"
18830825p.145_p003.txt,78,Livonia,Riga,DUNDEE,200 whitewood rickers,J. Fleming,14,8,1883,25,8,1883,False,Aug. 14 Livonia-Riga-200 whitewood rickers-J. Fleming
18830825p.145_p003.txt,80,Osterdalen,Cronstadt,DUNDEE,"8,066 deals and battens",J. Fleming,15,8,1883,25,8,1883,False,"15 Osterdalen-Cronstadt-8,066 deals and battens-J. Fleming"
18830825p.145_p003.txt,85,Wladimir,Riga,DUNDEE,"192 pcs. timber, 98 fms. lathwood",J. T. Salvesen & Co.,16,8,1883,25,8,1883,False,"16 Wladimir-Riga-192 pcs. timber, 98 fms. lathwood-J. T. Salvesen & Co."
18830825p.145_p003.txt,88,Nordstjernen,Oscarshamn,DUNDEE,"4,320 pit",props-James Kennedy & Co.,17,8,1883,25,8,1883,False,"17 Nordstjernen-Oscarshamn-4,320 pit-props-James Kennedy & Co."
18830825p.145_p003.txt,90,Admiralen,Frano,DUNDEE,"16,813 battens",Dow,18,8,1883,25,8,1883,False,"18 Admiralen-Frano-16,813 battens-Dow"
18830825p.145_p003.txt,92,Lutzburg,Lovisa,GRANTON,"8,926 battens","Mitchell, Thomson, & Co.",14,8,1883,25,8,1883,False,"Aug. 14 Lutzburg-Lovisa-8,926 battens-Mitchell, Thomson, & Co."
18830825p.145_p003.txt,93,Geneva,Konigsberg,GRANTON,"2,898 sleeper blocks, 204 sleepers",Salvesen & Co.,15,8,1883,25,8,1883,True,"15 Geneva -Konigsberg-2,898 sleeper blocks, 204 sleepers-Salvesen & Co."
18830825p.145_p003.txt,94,Record,Tonsberg,GRANTON,"2,757 battens","Mitchell, Thomson, & Co. ; 2,016 pit-props-Madsen",16,8,1883,25,8,1883,False,"16 Record-Tonsberg-2,757 battens - Mitchell, Thomson, & Co. ; 2,016 pit-props-Madsen"
18830825p.145_p003.txt,95,Fannie,Archangel,GRANTON,"8,589 deals and battens","Mitchell, Thomson, & Co.",20,8,1883,25,8,1883,False,"20 Fannie-Archangel-8,589 deals and battens-Mitchell, Thomson, & Co."
18830825p.145_p003.txt,98,Jane Law,Quebec,GREENOCK,"971 pcs. waney white pine, 1 pc. square white pine, 174 pcs. oak, 114 pcs. elm, 7,805 staves, 2,820 bright pine deals",M. Carswell & Co. ; 137 pcs. waney white pine-Brownlee & Co.,16,8,1883,25,8,1883,False,"Aug. 16 Jane Law-Quebec - 971 pcs. waney white pine, 1 pc. square white pine, 174 pcs. oak, 114 pcs. elm, 7,805 staves, 2,820 bright pine deals-M. Carswell & Co. ; 137 pcs. waney white pine-Brownlee & Co."
18830825p.145_p003.txt,99,Sandringham,Quebec,GREENOCK,"138 pcs. oak, 110 pcs. birch, 35 pcs. ash, 346 pcs. red pine, 628 pcs. yellow pine, 2,859 pine and spruce deals, 9,005 staves",Edmiston & Mitchells,17,8,1883,25,8,1883,False,"17 Sandringham-Quebec-138 pcs. oak, 110 pcs. birch, 35 pcs. ash, 346 pcs. red pine, 628 pcs. yellow pine, 2,859 pine and spruce deals, 9,005 staves - Edmiston & Mitchells"
18830825p.145_p003.txt,101,Chieftain,Quebec,GREENOCK,"173 pcs. oak, 1 pc. ash, 1 pc. maple, 720 pcs. white pine, 837 pine deals, 3,341 spruce deals, 382 spruce deal ends, 7 pine deal ends, 1,080 staves",Edmiston & Mitchells,20,8,1883,25,8,1883,False,"20 Chieftain-Quebec-173 pcs. oak, 1 pc. ash, 1 pc. maple, 720 pcs. white pine, 837 pine deals, 3,341 spruce deals, 382 spruce deal ends, 7 pine deal ends, 1,080 staves -Edmiston & Mitchells"
18830825p.145_p003.txt,103,Charlotte Hellberg,Byske,INVERNESS,"2,610 pcs. hewn timber",Watson & Co.,18,8,1883,25,8,1883,False,"Aug. 18 Charlotte Hellberg-Byske-2,610 pcs. hewn timber-Watson & Co."
18830825p.145_p003.txt,105,Glenmanna,Riga,KIRKCALDY,"14,460 half",square sleepers-W. Lannan & Co.,15,8,1883,25,8,1883,True,"Aug. 15 Glenmanna -Riga-14,460 half-square sleepers-W. Lannan & Co."
18830825p.145_p003.txt,106,Thor,Laurvig,KIRKCALDY,"5,733 battens",H. Lindsay,20,8,1883,25,8,1883,False,"20 Thor-Laurvig-5,733 battens-H. Lindsay"
18830825p.145_p003.txt,108,Courier,Drontheim,KIRKWALL,"3,598 battens, 58 spars, 8 lds. firewood",Peace & Son,17,8,1883,25,8,1883,False,"Aug. 17 Courier-Drontheim-3,598 battens, 58 spars, 8 lds. firewood-Peace & Son"
18830825p.145_p003.txt,113,Odin,Framnas,LEITH,"6,868 deals and battens",Mitchell & Co.,15,8,1883,25,8,1883,False,"Aug. 15 Odin-Framnas-6,868 deals and battens-Mitchell & Co."
18830825p.145_p003.txt,116,Jesmond,Cronstadt,LEITH,"10,364 deals and battens","Mitchell, Somerville, & Co.",16,8,1883,25,8,1883,False,"16 Jesmond-Cronstadt-10,364 deals and battens-Mitchell, Somerville, & Co."
18830825p.145_p003.txt,119,Curlew,Rotterdam,LEITH,"2,078 bdls. wood hoops",Currie & Co.,17,8,1883,25,8,1883,False,"17 Curlew-Rotterdam-2,078 bdls. wood hoops-Currie & Co."
18830825p.145_p003.txt,121,Ernest Friedrich,Cronstadt,LEITH,"7,505 deals and battens",W. Malcolm,18,8,1883,25,8,1883,False,"18 Ernest Friedrich-Cronstadt-7,505 deals and battens-W. Malcolm"
18830825p.145_p003.txt,123,Osborne,Rotterdam,LEITH,"2,360 bdls. wood",hoops-Gibson & Co.,20,8,1883,25,8,1883,False,"20 Osborne-Rotterdam-2,360 bdls. wood-hoops-Gibson & Co."
18830825p.145_p003.txt,125,Empress,Cronstadt,MONTROSE,"18,306 battens",Millar,14,8,1883,25,8,1883,False,"Aug. 14 Empress-Cronstadt-18,306 battens-Millar"
18830825p.145_p003.txt,126,Aerentie,Bjorneborg,MONTROSE,"19,592 battens",Millar,15,8,1883,25,8,1883,False,"15 Aerentie-Bjorneborg-19,592 battens-Millar"
18830825p.145_p003.txt,128,Stapan,Onega,MONTROSE,"6,650 fir battens",Millar,16,8,1883,25,8,1883,False,"16 Stapan-Onega-6,650 fir battens-Millar"
18830825p.145_p003.txt,130,Semafor,Bjorneborg,PETERHEAD,"1,504 fir battens, 295,490 birch staves",Leask & Co.,14,8,1883,25,8,1883,False,"Aug. 14 Semafor-Bjorneborg-1,504 fir battens, 295,490 birch staves-Leask & Co."
18830825p.145_p003.txt,132,Carl Friedrich,Port Royal,TROON,"100 pcs. hewn timber, 472 pcs. sawn timber, 684 deals",Wright & Breakenridge,17,8,1883,25,8,1883,False,"Aug. 17 Carl Friedrich-Port Royal-100 pcs. hewn timber, 472 pcs. sawn timber, 684 deals-Wright & Breakenridge"
18830825p.145_p003.txt,134,Elizabeth,Stettin,WICK,257 pcs. oak,D. Sutherland,15,8,1883,25,8,1883,False,Aug. 15 Elizabeth-Stettin-257 pcs. oak-D. Sutherland
18830825p.145_p003.txt,137,Sophie,Christiansand,WICK,"6,000 pcs. birch",D. Lonttit,17,8,1883,25,8,1883,False,"17 Sophie-Christiansand-6,000 pcs. birch-D. Lonttit"
18830915p.200_p002.txt,5,Scylla,Dalhousie,LLANELLY,"6,220 deals, 36 pcs. square timber",Brown,4,9,1883,15,9,1883,False,"Sept. 4 Scylla-Dalhousie-6,220 deals, 36 pcs. square timber-Brown"
18830915p.200_p002.txt,7,Glenisla,Cronstadt,LONDON,"5,275 deals, 3,275 deal ends, 2,763 battens, 351 batten ends, 50 boards, 22 board ends, 5,715 pcs. lathwood, 1,500 rickers",Order,6,9,1883,15,9,1883,True,"Sept. 6 Glenisla -Cronstadt-5,275 deals, 3,275 deal ends, 2,763 battens, 351 batten ends, 50 boards, 22 board ends, 5,715 pcs. lathwood, 1,500 rickers-Order"
18830915p.200_p003.txt,3,Mentor,Fernandina,CORK,"3,476 pcs. hewn fir, 334 pcs. cedar",G. B. Dawson,5,9,1883,15,9,1883,False,"Sept. 5 Mentor-Fernandina-3,476 pcs. hewn fir, 334 pcs. cedar-G. B. Dawson"
18830915p.200_p003.txt,4,Christina,Miramichi,CORK,"15,632 deals, 1,128 deal ends",J. Barry,6,9,1883,15,9,1883,False,"6 Christina-Miramichi-15,632 deals, 1,128 deal ends-J. Barry"
18830915p.200_p003.txt,7,Tjonie,St. Thomas,NEWRY,"1,000 pcs. firewood",B. Bach,3,9,1883,15,9,1883,False,"Sept. 3 Tjonie-St. Thomas-1,000 pcs. firewood-B. Bach"
18830915p.200_p003.txt,10,Wanbeck,"St. John, N.B.",SLIGO,"6,870 deals, battens, and ends",W. Neeley,3,9,1883,15,9,1883,False,"Sept. 3 Wanbeck-St. John, N.B.-6,870 deals, battens, and ends-W. Neeley"
18830915p.200_p003.txt,14,Duna,"St. John, N.B.",WESTPORT,"4,631 deals",Molloy & Son,8,9,1883,15,9,1883,False,"Sept. 8 Duna-St. John, N.B.-4,631 deals-Molloy & Son"
18830915p.200_p003.txt,18,Westalinden,Christiania,ALLOA,"36,245 pit",props-Love & Stewart,7,9,1883,15,9,1883,False,"Sept. 7 Westalinden - Christiania-36,245 pit-props-Love & Stewart"
18830915p.200_p003.txt,19,Skjold,Falkenberg,ALLOA,"11,005 pit",props-Love,8,9,1883,15,9,1883,False,"8 Skjold-Falkenberg-11,005 pit-props-Love"
18830915p.200_p003.txt,20,Bud,Christiania,ALLOA,"18,271 pit",props-Johnason,10,9,1883,15,9,1883,False,"10 Bud-Christiania-18,271 pit-props-Johnason"
18830915p.200_p003.txt,23,Viking,Pernau,ARBROATH,14 lds. lathwood,"D. McKenzie, jun.",4,9,1883,15,9,1883,True,"Sept. 4 Viking -Pernau-14 lds. lathwood-D. McKenzie, jun."
18830915p.200_p003.txt,24,Christiane,Brevig,ARBROATH,"8,269 pit",props-Madsen,5,9,1883,15,9,1883,False,"5 Christiane-Brevig-8,269 pit-props-Madsen"
18830915p.200_p003.txt,27,Augusta,Tonsberg,BORROWSTOUNNESS,"11,069 props",Denholm & Co.,4,9,1883,15,9,1883,False,"Sept. 4 Augusta-Tonsberg-11,069 props-Denholm & Co."
18830915p.200_p003.txt,30,De Forende,Mandal,BORROWSTOUNNESS,"1,250 pit",props-Love,5,9,1883,15,9,1883,False,"5 De Forende-Mandal-1,250 pit-props-Love"
18830915p.200_p003.txt,33,Alliance,Christiania,BORROWSTOUNNESS,"5,753 props",Denholm,6,9,1883,15,9,1883,False,"6 Alliance-Christiania-5,753 props-Denholm"
18830915p.200_p003.txt,35,Angantyer,Skien,BORROWSTOUNNESS,"9,960 props",Denholm,8,9,1883,15,9,1883,False,"8 Angantyer-Skien -9,960 props-Denholm"
18830915p.200_p003.txt,36,Enigheden,Brevig,BORROWSTOUNNESS,"9,702 props",Denholm,10,9,1883,15,9,1883,False,"10 Enigheden-Brevig-9,702 props-Denholm"
18830915p.200_p003.txt,40,Czar,Cronstadt,DUNDEE,"1,336 rickers",Fleming,6,9,1883,15,9,1883,False,"Sept. 6 Czar-Cronstadt-1,336 rickers-Fleming"
18830915p.200_p003.txt,57,Robert,Riga,MAURICE GANDY,"633 pcs. hewn fir, 1,178 deals",Bell & Sime,10,9,1883,15,9,1883,False,"10 Robert-Riga-633 pcs. hewn fir, 1,178 deals-Bell & Sime"
18830915p.200_p003.txt,60,State of Georgia,New York,GLASGOW,"4,800 brl. staves","Allison, Cousland, & Hamilton",4,9,1883,15,9,1883,True,"Sept. 4 State of Georgia -New York-4,800 brl. staves-Allison, Cousland, & Hamilton"
18830915p.200_p003.txt,62,Austrian,Boston,GLASGOW,"2,400 staves",Wright,5,9,1883,15,9,1883,True,"5 Austrian -Boston-2,400 staves-Wright"
18830915p.200_p003.txt,65,Corean,Quebec and Montreal,GLASGOW,"1,970 pcs. spoolwood, 3,531 deals",Order,6,9,1883,15,9,1883,True,"6 Corean -Quebec and Montreal-1,970 pcs. spoolwood, 3,531 deals-Order"
18830915p.200_p003.txt,68,Hoffnung,Belize,GLASGOW,300 tons logwood,Dawson,7,9,1883,15,9,1883,False,7 Hoffnung-Belize-300 tons logwood-Dawson
18830915p.200_p003.txt,70,Caledonia,New York,GLASGOW,"121 pcs. oak scantlings, 1,431 pcs. walnut lumber",Order,8,9,1883,15,9,1883,True,"8 Caledonia -New York-121 pcs. oak scantlings, 1,431 pcs. walnut lumber-Order"
18830915p.200_p003.txt,71,State of Nebraska,New York,GLASGOW,"528 oars, Henderson & Buchanan; 4,800 brl. and hhd. staves","Allison, Cousland, & Hamilton",10,9,1883,15,9,1883,True,"10 State of Nebraska -New York-528 oars, Henderson & Buchanan; 4,800 brl. and hhd. staves-Allison, Cousland, & Hamilton"
18830915p.200_p003.txt,75,Dawdon,Cronstadt,GRANGEMOUTH,"17,804 battens","P. & J. Wilkie; 3,861 pcs. lathwood-Macpherson & McLaren; 10,501 battens-Order",3,9,1883,15,9,1883,True,"Sept. 3 Dawdon -Cronstadt-17,804 battens-P. & J. Wilkie; 3,861 pcs. lathwood-Macpherson & McLaren; 10,501 battens-Order"
18830915p.200_p003.txt,77,Catherine Chalmers,Archangel,GRANGEMOUTH,"7,077 deals and ends",Brownlee & Co.,4,9,1883,15,9,1883,False,"4 Catherine Chalmers-Archangel-7,077 deals and ends-Brownlee & Co."
18830915p.200_p003.txt,100,Albertine,Carlscrona,"[SEPTEMBER 15, 1883.]","1,010 deals",J. Darling,6,9,1883,15,9,1883,False,"6 Albertine-Carlscrona-1,010 deals-J. Darling"
18830915p.200_p003.txt,102,Hugh Taylor,Cronstadt,"[SEPTEMBER 15, 1883.]","21,823 deals and battens, and ends","Brownlee & Co. deals,",7,9,1883,15,9,1883,True,"7 Hugh Taylor -Cronstadt-21,823 deals and battens, and ends-Brownlee & Co. deals,"
18830915p.200_p003.txt,103,Cicilie,Fredrikshamn,"[SEPTEMBER 15, 1883.]",554 t. birch bark,Order,8,9,1883,15,9,1883,False,8 Cicilie-Fredrikshamn-554 t. birch bark-Order
18830915p.200_p003.txt,109,Bethel,Sandefjord,GRANTON,"18,578 pcs. hewn fir",madsen & Borek,7,9,1883,15,9,1883,False,"Sept. 7 Bethel-Sandefjord-18,578 pcs. hewn fir-madsen & Borek"
18830915p.200_p003.txt,110,Carl Ritter,Hernossand,GRANTON,4½ lds. firewood,Salvesen & Co.,8,9,1883,15,9,1883,False,8 Carl Ritter-Hernossand-4½ lds. firewood-Salvesen & Co.
18830915p.200_p003.txt,111,Riga,Memel,GRANTON,"5,156 sleeper blocks, 68 half",sleeper blocks-Salvesen & Co.,10,9,1883,15,9,1883,True,"10 Riga -Memel-5,156 sleeper blocks, 68 half-sleeper blocks-Salvesen & Co."
18830915p.200_p003.txt,114,Amaranthus,Quebec,GREENOCK,"24 pcs. oak, 2 pcs. elm, 26 pcs. maple, 41 pcs. walnut, 66 pcs. redpine, 105 pcs. square white pine, 2,647 pcs. white pine, 2,647 pine deals, 779 pcs. spruce deal ends, 6,338 staves","Allison, Cousland, & Hamilton; 139 pcs. white pine-Thomson & Gray; 1,883 pcs. waney white pine-Edmiston & Mitchells; 83 pcs. oak-Order",6,9,1883,15,9,1883,False,"Sept. 6 Amaranthus-Quebec-24 pcs. oak, 2 pcs. elm, 26 pcs. maple, 41 pcs. walnut, 66 pcs. redpine, 105 pcs. square white pine, 2,647 pcs. white pine, 2,647 pine deals, 779 pcs. spruce deal ends, 6,338 staves-Allison, Cousland, & Hamilton; 139 pcs. white pine-Thomson & Gray; 1,883 pcs. waney white pine-Edmiston & Mitchells; 83 pcs. oak-Order"
18830915p.200_p003.txt,116,Red Cross,Quebec,GREENOCK,"62 pcs. oak, 19 pcs. elm, 78 pcs. ash, 2 pcs. whitewood, 774 pcs. white pine, 435 white pine deals, 2,148 spruce deals, 59 pine deal ends, 138 spruce deal ends","Edmiston & Mitchells; 5,331 staves-Order",10,9,1883,15,9,1883,False,"10 Red Cross-Quebec-62 pcs. oak, 19 pcs. elm, 78 pcs. ash, 2 pcs. whitewood, 774 pcs. white pine, 435 white pine deals, 2,148 spruce deals, 59 pine deal ends, 138 spruce deal ends-Edmiston & Mitchells; 5,331 staves-Order"
18830915p.200_p003.txt,120,Ludvig,Drammen,KIRKCALDY,"4,182 pcs. hewn white pine",Balfour & Co.,30,8,1883,15,9,1883,False,"Aug. 30 Ludvig-Drammen-4,182 pcs. hewn white pine-Balfour & Co."
18830915p.200_p003.txt,121,Anna,Christiansand,KIRKCALDY,"7,115 pcs. laths, 48 battens",J. Budge,8,9,1883,15,9,1883,False,"Sept. 8 Anna-Christiansand-7,115 pcs. laths, 48 battens-J. Budge"
18830915p.200_p003.txt,124,Arken,Sandefjord,LEITH,"2,940 props, 2,008 pit","props-quantity deals, and ends-Park, Dobson, & Co.",4,9,1883,15,9,1883,False,"Sept. 4 Arken-Sandefjord - 2,940 props, 2,008 pit-props-quantity deals, and ends-Park, Dobson, & Co."
18830915p.200_p003.txt,126,Savona,Cronstadt,LEITH,"34,918 pcs. firewood",Currie & Co.,5,9,1883,15,9,1883,False,"5 Savona - Cronstadt - 34,918 pcs. firewood-Currie & Co."
18830915p.200_p003.txt,129,Amulet,Rotterdam,LEITH,400 bdls. wood hoops,Gibson & Co.,7,9,1883,15,9,1883,False,7 Amulet-Rotterdam-400 bdls. wood hoops-Gibson & Co.
18830915p.200_p003.txt,130,Capella,Sundswall,LEITH,"2,927 deals",D. W. Beattie,8,9,1883,15,9,1883,False,"8 Capella-Sundswall-2,927 deals-D. W. Beattie"
18830915p.200_p003.txt,131,Axel,Memel,LEITH,"31,100 oak staves",W. N. Lindsay,10,9,1883,15,9,1883,False,"10 Axel-Memel-31,100 oak staves-W. N. Lindsay"
18830915p.200_p003.txt,136,Ivar,Ornskjoldsvik,MONTROSE,51 sps. firewood,Millar & Sons,5,9,1883,15,9,1883,False,Sept. 5 Ivar-Ornskjoldsvik-51 sps. firewood-Millar & Sons
18830915p.200_p003.txt,137,Try Again,Windau,MONTROSE,"369 pcs. hewn sleeper blocks, 1,066 deals and battens",Millar & Sons,6,9,1883,15,9,1883,False,"6 Try Again-Windau-369 pcs. hewn sleeper blocks, 1,066 deals and battens-Millar & Sons"
18830915p.200_p003.txt,138,Mary,Bollsta,MONTROSE,"24 lds. firewood, 1,000 pcs. fir, 75 spars, 8½ lds. firewood",Millar & Sons,7,9,1883,15,9,1883,False,"7 Mary-Bollsta-24 lds. firewood, 1,000 pcs. fir, 75 spars, 8½ lds. firewood-Millar & Sons"
18830915p.200_p003.txt,142,Sine,Sundswall,STRANRAER,"10,401 pcs. planed floorings, 17,657 pcs. planed floorings, 7,115 pcs. fir, 75 spars, 8½ lds. firewood",A. McWilliam,4,9,1883,15,9,1883,False,"Sept. 4 Sine-Sundswall-10,401 pcs. planed floorings, 17,657 pcs. planed floorings, 7,115 pcs. fir, 75 spars, 8½ lds. firewood-A. McWilliam"
18830915p.200_p003.txt,145,Kate,Konigsberg,WICK,"4,000 pcs. hewn fir",J. E. Harper,7,9,1883,15,9,1883,False,"Sept 7 Kate-Konigsberg-4,000 pcs. hewn fir-J. E. Harper"
18830915p.200_p004.txt,4,Ludwig,Drammen,KIRKCALDY,"4,182 pcs. sawn white pine",Balfour & Co.,30,8,1883,15,9,1883,False,"Aug. 30 Ludwig-Drammen-4,182 pcs. sawn white pine-Balfour & Co."
18830915p.200_p004.txt,5,Anna,Christiansand,KIRKCALDY,"7,115 pit","props, 48 battens-J. Budge",8,9,1883,15,9,1883,False,"Sept. 8 Anna-Christiansand-7,115 pit-props, 48 battens-J. Budge"
18830915p.200_p004.txt,8,Arken,Sandefjord,LEITH,"2,940 battens and ends","Park, Dobson, & Co.",4,9,1883,15,9,1883,False,"Sept. 4 Arken-Sandefjord - 2,940 battens and ends-Park, Dobson, & Co."
18830915p.200_p004.txt,10,Savona,Cronstadt,LEITH,"34,918 pcs. sawn fir",Currie & Co.,5,9,1883,15,9,1883,False,"5 Savona - Cronstadt - 34,918 pcs. sawn fir-Currie & Co."
18830915p.200_p004.txt,13,Amulet,Rotterdam,LEITH,400 bdls. wood hoops,Gibson & Co.,7,9,1883,15,9,1883,False,7 Amulet-Rotterdam-400 bdls. wood hoops-Gibson & Co.
18830915p.200_p004.txt,14,Capella,Sundswall,LEITH,"2,927 deals",Duncan & Co.,8,9,1883,15,9,1883,False,"8 Capella-Sundswall-2,927 deals-Duncan & Co."
18830915p.200_p004.txt,15,Axel,Memel,LEITH,"31,100 oak staves",Young & Osborne - Dunkirk - 23 pcs. sawn wood-Gibson & Co.,10,9,1883,15,9,1883,False,"10 Axel-Memel-31,100 oak staves-Young & Osborne - Dunkirk - 23 pcs. sawn wood-Gibson & Co."
18830915p.200_p004.txt,19,Ivar,Ornskjoldsvik,MONTROSE,"51 spars, 11 lds. firewood",Millar & Sons,5,9,1883,15,9,1883,False,"Sept. 5 Ivar-Ornskjoldsvik-51 spars, 11 lds. firewood-Millar & Sons"
18830915p.200_p004.txt,20,Try Again,Windau,MONTROSE,"369 pcs. hewn fir, 13 sleeper blocks, 1,066 deals and battens",Millar & Sons,6,9,1883,15,9,1883,False,"6 Try Again-Windau-369 pcs. hewn fir, 13 sleeper blocks, 1,066 deals and battens-Millar & Sons"
18830915p.200_p004.txt,21,Mary,Bollsta,MONTROSE,"24 lds. firewood, 72 boards",Millar & Sons,7,9,1883,15,9,1883,False,"7 Mary-Bollsta-24 lds. firewood, 72 boards-Millar & Sons"
18830915p.200_p004.txt,25,Sine,Sundswall,STRANRAER,"10,401 pcs. sawn fir, 17,657 pcs. planed floorings, 74 pcs. hewn fir, 75 spars, 8½ lds. firewood",Adair,4,9,1883,15,9,1883,False,"Sept. 4 Sine-Sundswall-10,401 pcs. sawn fir, 17,657 pcs. planed floorings, 74 pcs. hewn fir, 75 spars, 8½ lds. firewood-Adair"
18830915p.200_p004.txt,28,Kate,Konigsberg,WICK,"4,000 pcs. hewn birch",J. E. Harper,7,9,1883,15,9,1883,False,"Sept 7 Kate-Konigsberg-4,000 pcs. hewn birch-J. E. Harper"
18830922p.217_p001.txt,9,Benedict,Riga,ABERYSTWITH,"17,049 pcs. sawn fir, 87 lds. lathwood",A. Dempsey,17,9,1883,22,9,1883,False,"Sept. 17 Benedict-Riga-17,049 pcs. sawn fir, 87 lds. lathwood-A. Dempsey"
18830922p.217_p001.txt,12,Huntingdon,Miramichi,BARROW,"20,000 deals and ends","Price, Potter, Walker, & Co.",15,9,1883,22,9,1883,True,"Sept. 15 Huntingdon -Miramichi-20,000 deals and ends-Price, Potter, Walker, & Co."
18830922p.217_p001.txt,13,Opah,Kotka,BARROW,"21,517 deals and ends","Price, Potter, Walker, & Co.",17,9,1883,22,9,1883,True,"17 Opah -Kotka-21,517 deals and ends-Price, Potter, Walker, & Co."
18830922p.217_p001.txt,16,Columbus,Bjorneborg,BERWICK,"6,791 deals and battens",Allan Bros.,17,9,1883,22,9,1883,False,"Sept. 17 Columbus-Bjorneborg-6,791 deals and battens-Allan Bros."
18830922p.217_p001.txt,19,Ellida,Riga,BRIDGWATER,"18,190 pcs. sawn fir, 181 lds. lathwood",G. B. Sully & Co.,17,9,1883,22,9,1883,False,"Sept. 17 Ellida-Riga-18,190 pcs. sawn fir, 181 lds. lathwood-G. B. Sully & Co."
18830922p.217_p001.txt,22,Annan,Uleaborg,BRISTOL,259 3,8 deals and batten-Order,12,9,1883,22,9,1883,True,Sept. 12 Annan -Uleaborg-259 3-8 deals and batten-Order
18830922p.217_p001.txt,29,J. M. Lennard,Lulea,BRISTOL,"23,603 deals, battens, and ends",Taylor & Low Bros.; quantity oak firewood-James,13,9,1883,22,9,1883,True,"13 J. M. Lennard -Lulea-23,603 deals, battens, and ends-Taylor & Low Bros.; quantity oak firewood-James"
18830922p.217_p001.txt,30,Llandaff City,New York,BRISTOL,"44 pcs. oak planks, 26 wainscot logs King Bros.; 44 pcs. hickory",Baker & Robbins,17,9,1883,22,9,1883,True,"17 Llandaff City -New York-44 pcs. oak planks, 26 wainscot logs King Bros.; 44 pcs. hickory-Baker & Robbins"
18830922p.217_p001.txt,34,Felix Marie,Carril,CARDIFF,140 lds. pitwood,Manzanos & Co.,11,9,1883,22,9,1883,False,Sept. 11 Felix Marie-Carril-140 lds. pitwood-Manzanos & Co.
18830922p.217_p001.txt,35,Sappho,Halifax,CARDIFF,"15,022 pcs. sawn fir",Watsons & Co.,14,9,1883,22,9,1883,False,"14 Sappho - Halifax - 15,022 pcs. sawn fir-Watsons & Co."
18830922p.217_p001.txt,37,Rosa Amelia,Mobile,CARDIFF,1257 pcs. sawn fir,J. Bland & Co.,17,9,1883,22,9,1883,False,17 Rosa Amelia-Mobile-1257 pcs. sawn fir-J. Bland & Co.
18830922p.217_p001.txt,38,T. G. Ledger,Boulogne,CARDIFF,15 cwt. veneers,O. Pyman & Co.,17,9,1883,22,9,1883,False,17 T. G. Ledger - Boulogne - 15 cwt. veneers -O. Pyman & Co.
18830922p.217_p001.txt,39,Tother,Lulea,CARDIFF,"10,147 pcs. sawn wood",W. J. & T. T. Brown,15,9,1883,22,9,1883,False,"15 Tother-Lulea-10,147 pcs. sawn wood-W. J. & T. T. Brown"
18830922p.217_p001.txt,40,Staatsrath Von Brock,Wifstawarf,CARDIFF,"7,982 deals and battens",J. B. Tolputt,17,9,1883,22,9,1883,False,"17 Staatsrath Von Brock - Wifstawarf - 7,982 deals and battens-J. B. Tolputt"
18830922p.217_p001.txt,43,Haabet,Skelleftea,COLCHESTER,4 874 pcs. sawn fir,"Groom, Daniels, & Co.",17,9,1883,22,9,1883,False,"Sept. 17 Haabet-Skelleftea-4 874 pcs. sawn fir-Groom, Daniels, & Co."
18830922p.217_p001.txt,46,Gustave,Kotka,DOVER,143 lds. firewood,Prescott & Co.,12,9,1883,22,9,1883,False,Sept. 12 Gustave-Kotka-143 lds. firewood-Prescott & Co.
18830922p.217_p001.txt,48,Atalante,Sundswall,DOVER,"48,145 deals and boards",Crundall,15,9,1883,22,9,1883,False,"15 Atalante - Sundswall - 48,145 deals and boards-Crundall"
18830922p.217_p001.txt,53,Cormorant,New Richmond,DOUGLAS,"30 pcs. hewn fir, 7,678 deals, battens, and boards",Quiggen & Co.,12,9,1883,22,9,1883,False,"Sept. 12 Cormorant-New Richmond-30 pcs. hewn fir, 7,678 deals, battens, and boards-Quiggen & Co."
18830922p.217_p001.txt,56,Tore,Nyhamn,EXETER,"12,738 deals and battens",Gabriel & Sons,15,9,1883,22,9,1883,False,"Sept. 15 Tore-Nyhamn-12,738 deals and battens-Gabriel & Sons"
18830922p.217_p001.txt,59,St. Joseph,Fredrikstadt,FALMOUTH,"12,964 flooring boards, 702 deals and battens, 200 spars",G. Week & Co.,13,9,1883,22,9,1883,False,"Sept. 13 St. Joseph-Fredrikstadt-12,964 flooring boards, 702 deals and battens, 200 spars-G. Week & Co."
18830922p.217_p001.txt,62,Svea,Ship Harbour,FLEETWOOD,"19,785 deals and boards",Wolf Bros. & Co.,15,9,1883,22,9,1883,False,"Sept. 15 Svea-Ship Harbour-19,785 deals and boards-Wolf Bros. & Co."
18830922p.217_p001.txt,65,C. W. Eborall,Boulogne,FOLKESTONE,65 deals and ends,J. T. Ledger,5,9,1883,22,9,1883,False,Sept. 5 C. W. Eborall-Boulogne-65 deals and ends-J. T. Ledger
18830922p.217_p001.txt,66,Boulogne,Boulogne,FOLKESTONE,25 cwt. veneers,J. T. Ledger,11,9,1883,22,9,1883,False,11 Boulogne-Boulogne-25 cwt. veneers-J. T. Ledger
18830922p.217_p001.txt,69,Harmony,Fredrikstadt,FOWEY,"22,743 staves, 1,858 pcs. sawn fir",W. Chellew,17,9,1883,22,9,1883,False,"Sept. 17 Harmony-Fredrikstadt-22,743 staves, 1,858 pcs. sawn fir-W. Chellew"
18830922p.217_p001.txt,72,Alexander Keith,Miramichi,GLOUCESTER,"21,038 deals",T. Adams & Co.,11,9,1883,22,9,1883,False,"Sept. 11 Alexander Keith-Miramichi-21,038 deals-T. Adams & Co."
18830922p.217_p001.txt,73,Hiram,Quebec,GLOUCESTER,"21,356 deals",Adams & Co.,15,9,1883,22,9,1883,False,"15 Hiram-Quebec-21,356 deals-Adams & Co."
18830922p.217_p001.txt,78,W. Coulman,Rotterdam,GOOLE,698 bdls. hoops,Goole Steamship Co.,14,9,1883,22,9,1883,False,Sept. 14 W. Coulman-Rotterdam-698 bdls. hoops-Goole Steamship Co.
18830922p.217_p001.txt,79,John & Ann,Stettin,GOOLE,697 pcs. hewn oak,"Illingworth, Ingham, & Co.",17,9,1883,22,9,1883,False,"17 John & Ann-Stettin-697 pcs. hewn oak-Illingworth, Ingham, & Co."
18830922p.217_p001.txt,82,Neptun,Kotka,GRIMSBY,"6,440 pcs. sawn fir, 280 lds. firewood",Carr & Co.,11,9,1883,22,9,1883,False,"Sept. 11 Neptun-Kotka-6,440 pcs. sawn fir, 280 lds. firewood-Carr & Co."
18830922p.217_p001.txt,86,Stanley,Skelleftea,THE TIMBER TRADES JOURNAL,"54,169 deals, battens, and boards",S. Ellis,12,9,1883,22,9,1883,True,"12 Stanley -Skelleftea-54,169 deals, battens, and boards-S. Ellis"
18830922p.217_p001.txt,91,Sheffield,Rotterdam,THE TIMBER TRADES JOURNAL,899 bdls. hoops,J. Sutcliffe & Son,13,9,1883,22,9,1883,False,13 Sheffield - Rotterdam-899 bdls. hoops-J. Sutcliffe & Son
18830922p.217_p001.txt,96,Hotspur,Soderhamn,THE TIMBER TRADES JOURNAL,"36,296 pcs. sawn fir",J. Chapman & Co.,14,9,1883,22,9,1883,True,"14 Hotspur -Soderhamn-36,296 pcs. sawn fir-J. Chapman & Co."
18830922p.217_p001.txt,98,Thor,Bjorneborg,THE TIMBER TRADES JOURNAL,"12,501 battens",Wintringham & Sons,15,9,1883,22,9,1883,False,"15 Thor-Bjorneborg-12,501 battens-Wintringham & Sons"
18830922p.217_p001.txt,105,Anna,Oscarshamn,ERRATA,110 lds. pit,props-C. Nielsen & Son,10,9,1883,22,9,1883,False,Sept. 10 Anna-Oscarshamn-110 lds. pit-props-C. Nielsen & Son
18830922p.217_p001.txt,106,Schamhorst,Soroka,ERRATA,"2,221 deals and boards, 10,068 bdls. lathwood",Fickford & Co.,11,9,1883,22,9,1883,False,"11 Schamhorst-Soroka-2,221 deals and boards, 10,068 bdls. lathwood-Fickford & Co."
18830922p.217_p001.txt,113,Carl,Riga,ERRATA,"1,065 deals, 11,137 pcs. lathwood",Harrison & Singleton,12,9,1883,22,9,1883,False,"12 Carl-Riga-1,065 deals, 11,137 pcs. lathwood-Harrison & Singleton"
18830922p.217_p002.txt,24,Rosalie,Kotka,LONDON,"346,000 pcs. wood","Duus, Brown, & Co.",13,9,1883,22,9,1883,False,"Sept. 13 Rosalie-Kotka-346,000 pcs. wood-Duus, Brown, & Co."
18830922p.217_p002.txt,32,Achilles,Memel,LONDON,"1,185 pcs. timber, 6,400 staves",Order,14,9,1883,22,9,1883,False,"14 Achilles-Memel-1,185 pcs. timber, 6,400 staves-Order"
18830922p.217_p002.txt,52,Orange Blossom,Dantzig,LONDON,qnty. staves,Churchill & Sim,15,9,1883,22,9,1883,False,15 Orange Blossom - Dantzig-qnty. staves-Churchill & Sim
18830922p.217_p002.txt,66,Dagmar,Konigsberg,THE TIMBER TRADES JOURNAL,"3,110 sleepers, 70 half",sleepers-Order,17,9,1883,22,9,1883,True,"17 Dagmar -Konigsberg-3,110 sleepers, 70 half-sleepers-Order"
18830922p.217_p002.txt,77,Solon,Sundswall,THE TIMBER TRADES JOURNAL,190 fms. firewood,Order,18,9,1883,22,9,1883,False,18 Solon - Sundswall - 190 fms. firewood - Order
18830922p.217_p004.txt,6,Bervadore Held,Sandefjord,"[SEPTEMBER 22, 1883","12,358 pcs. hewn fir",Madsen & Bjorck,12,9,1883,22,9,1883,False,"12 Bervadore Held-Sandefjord-12,358 pcs. hewn fir-Madsen & Bjorck"
18830922p.217_p004.txt,7,Franz,Riga,"[SEPTEMBER 22, 1883","289 pcs. hewn fir, 1,279 deals","Mitchell, Thomson, & Co.",13,9,1883,22,9,1883,False,"13 Franz-Riga-289 pcs. hewn fir, 1,279 deals-Mitchell, Thomson, & Co."
18830922p.217_p004.txt,8,Jenny,Drammen,"[SEPTEMBER 22, 1883","407,227 staves",Salvesen,15,9,1883,22,9,1883,False,"15 Jenny-Drammen-407,227 staves-Salvesen"
18830922p.217_p004.txt,9,Fortschritt,Riga,"[SEPTEMBER 22, 1883","4,017 deals, 73 pcs. wainscot oak","Mitchell, Thomson, & Co.",17,9,1883,22,9,1883,False,"17 Fortschritt-Riga-4,017 deals, 73 pcs. wainscot oak-Mitchell, Thomson, & Co."
18830922p.217_p004.txt,14,John,Quebec,GREENOCK,"143 pcs. oak, 26 pcs. birch, 6 pcs. ash, 388 pcs. white pine, 1,128 pcs. pine deals, 2,486 pcs. pine deal ends, 3,432 pcs. spruce deals, 1,000 pcs. staves",Gillespie & Co.,12,9,1883,22,9,1883,False,"Sept. 12 John-Quebec-143 pcs. oak, 26 pcs. birch, 6 pcs. ash, 388 pcs. white pine, 1,128 pcs. pine deals, 2,486 pcs. pine deal ends, 3,432 pcs. spruce deals, 1,000 pcs. staves-Gillespie & Co."
18830922p.217_p004.txt,15,Nittisdale,Jamaica,GREENOCK,"6 cwt. logwood, 21 tons fustic",D. Caw & Co.,15,9,1883,22,9,1883,True,"15 Nittisdale -Jamaica-6 cwt. logwood, 21 tons fustic-D. Caw & Co."
18830922p.217_p004.txt,17,Luther,St. Lucia,GREENOCK,15 tons logwood,Leitch,17,9,1883,22,9,1883,False,17 Luther-St. Lucia-15 tons logwood-Leitch
18830922p.217_p004.txt,20,Rika,Skutskar,INVERNESS,"6,350 deals",Watson,11,9,1883,22,9,1883,False,"Sept. 11 Rika-Skutskar-6,350 deals-Watson"
18830922p.217_p004.txt,21,Fix,Nordmaling,INVERNESS,"17,124 battens, 21 lds. firewood, 84 boards, 4 spars",Walker & Co.,16,9,1883,22,9,1883,False,"16 Fix-Nordmaling-17,124 battens, 21 lds. firewood, 84 boards, 4 spars-Walker & Co."
18830922p.217_p004.txt,23,Eleonore,Christiania,KIRKCALDY,"10,931 pit",props-Lochgelly Iron & Coal Co.,11,9,1883,22,9,1883,False,"Sept. 11 Eleonore-Christiania-10,931 pit-props-Lochgelly Iron & Coal Co."
18830922p.217_p004.txt,24,Tobine,Sandefjord,KIRKCALDY,"13,932 pcs. hewn birch",T. Cormack,15,9,1883,22,9,1883,False,"15 Tobine-Sandefjord-13,932 pcs. hewn birch-T. Cormack"
18830922p.217_p004.txt,25,Wemyss Castle,Christiansand,KIRKCALDY,"8,272 pit","props, 60 battens-J. Budge",17,9,1883,22,9,1883,False,"17 Wemyss Castle-Christiansand-8,272 pit-props, 60 battens-J. Budge"
18830922p.217_p004.txt,27,Arken,Sandefjord,LEITH,"1,288 pit",props-Salvesen & Co.,11,9,1883,22,9,1883,False,"Sept. 11 Arken-Sandefjord-1,288 pit-props-Salvesen & Co."
18830922p.217_p004.txt,36,Stanton,Cronstadt,LEITH,813 rickers,Thomson,12,9,1883,22,9,1883,False,12 Stanton-Cronstadt-813 rickers-Thomson
18830922p.217_p004.txt,39,Cairngorm,Cronstadt,LEITH,"22,139 deals and battens","Duncan & Co.; 3,773 pcs. lathwood-Mitchell & Co.",13,9,1883,22,9,1883,True,"13 Cairngorm -Cronstadt-22,139 deals and battens-Duncan & Co.; 3,773 pcs. lathwood-Mitchell & Co."
18830922p.217_p004.txt,44,Julius Heinrich,Riga,LEITH,"8,622 deals and battens",Garland & Roger,17,9,1883,22,9,1883,False,"17 Julius Heinrich-Riga-8,622 deals and battens-Garland & Roger"
18830922p.217_p004.txt,54,Cupido,Drammen,LERWICK,"2,583 pcs. sawn fir, 55 pcs. hewn fir",Hay & Co.,10,9,1883,22,9,1883,False,"Sept. 10 Cupido-Drammen-2,583 pcs. sawn fir, 55 pcs. hewn fir-Hay & Co."
18830922p.217_p004.txt,56,Walhalla,Nycarleby,MONTROSE,"11,740 battens",Millar & Sons,10,9,1883,22,9,1883,False,"Sept. 10 Walhalla-Nycarleby-11,740 battens-Millar & Sons"
18830922p.217_p004.txt,82,Thandvary,Fredrikahamm,"SEPTEMBER 22, 1883","14,342 battens",Alexander-McEwen,12,9,1883,22,9,1883,False,"12 Thandvary-Fredrikahamm-14,342 battens-Alexander-McEwen"
18830922p.217_p004.txt,83,Loch Ness,Cronstadt,"SEPTEMBER 22, 1883","23,915 deals and battens, 1,860 pcs. lathwood, 62 lds. firewood",Millar & Sons,17,9,1883,22,9,1883,True,"17 Loch Ness -Cronstadt-23,915 deals and battens, 1,860 pcs. lathwood, 62 lds. firewood-Millar & Sons"
18830922p.217_p004.txt,84,Rein,Abo,"SEPTEMBER 22, 1883","9,792 battens, 11 lds. firewood",birch billets-C. Carnegie,10,9,1883,22,9,1883,False,"Sept. 10 Rein-Abo-9,792 battens, 11 lds. firewood-birch billets-C. Carnegie"
18830922p.217_p004.txt,88,Haabet,"Christiansand 60,000 birch staves, 100 pcs. sawn fir","SEPTEMBER 22, 1883",Garden T. West,,12,9,1883,22,9,1883,False,"12 Haabet-Christiansand 60,000 birch staves, 100 pcs. sawn fir-Garden T. West"
18830922p.217_p004.txt,89,Christianshaab,Lapvik,"SEPTEMBER 22, 1883","129,423 birch staves, 713 battens",McCombie & Co.,17,9,1883,22,9,1883,False,"17 Christianshaab-Lapvik-129,423 birch staves, 713 battens-McCombie & Co."
18830922p.217_p004.txt,90,Express,Konigsberg,"SEPTEMBER 22, 1883","4,530 pit props",birch-P. Laing,13,9,1883,22,9,1883,False,"Sept. 13 Express-Konigsberg-4,530 pit props-birch-P. Laing"
18830922p.217_p004.txt,91,Paragon,Konigsberg,"SEPTEMBER 22, 1883","1,190 pit props",McEwen,15,9,1883,22,9,1883,False,"15 Paragon-Konigsberg-1,190 pit props-McEwen"
18830922p.217_p004.txt,95,Mandal,Mandal,"SEPTEMBER 22, 1883","48,000 birch staves",D. Sandison,17,9,1883,22,9,1883,False,"17 Mandal-Mandal-48,000 birch staves-D. Sandison"
18831020p.294_p001.txt,7,Winifred,Drammen,ABERYSTWITH,"17,276 flooring boards",R. Roberts & Sons,15,10,1883,20,10,1883,False,"Oct. 15 Winifred-Drammen-17,276 flooring boards-R. Roberts & Sons"
18831020p.294_p001.txt,10,William,Wyborg,BOSTON,188 lds. deals,"Lewin, Son, & Harrison",15,10,1883,20,10,1883,False,"Oct. 15 William - Wyborg-188 lds. deals-Lewin, Son, & Harrison"
18831020p.294_p001.txt,13,Nancy,Riga,BRIDGWATER,"79 pcs. hewn timber, 417 deals, 17,478 pcs. lathwood",Somerset Trading Co.,15,10,1883,20,10,1883,False,"Oct. 15 Nancy-Riga-79 pcs. hewn timber, 417 deals, 17,478 pcs. lathwood-Somerset Trading Co."
18831020p.294_p001.txt,16,Ornen,Cronstadt,BRISTOL,"11,574 deals, battens, and ends",Taylor & Low Bros.,11,10,1883,20,10,1883,False,"Oct. 11 Ornen-Cronstadt-11,574 deals, battens, and ends-Taylor & Low Bros."
18831020p.294_p003.txt,4,Rata,Hernösand,YARMOUTH,"36 boards, 15 lds. firewood",Gullicksen,10,10,1883,20,10,1883,False,"Oct. 10 Rata-Hernösand-36 boards, 15 lds. firewood-Gullicksen"
18831020p.294_p003.txt,5,Anna Catharina,Cronstadt,YARMOUTH,12 lds. firewood,Brown & Sons,11,10,1883,20,10,1883,False,11 Anna Catharina-Cronstadt-12 lds. firewood -Brown & Sons
18831020p.294_p003.txt,8,Hertha,"Littleton, N.Z.",CORK,4 lds. teak,Guy & Co.,13,10,1883,20,10,1883,False,"Oct. 13 Hertha-Littleton, N.Z.-4 lds. teak-Guy & Co."
18831020p.294_p003.txt,10,Toronto,"Windsor, U.S.",LIMERICK,"14,134 deals and ends",W Carroll,10,10,1883,20,10,1883,False,"Oct. 10 Toronto-Windsor, U.S.-14,134 deals and ends-W Carroll"
18831020p.294_p003.txt,12,Hinatar,Miramichi,NEWRY,"18,852 deals and ends",Carvill Bros.,9,10,1883,20,10,1883,False,"Oct. 9 Hinatar-Miramichi-18,852 deals and ends-Carvill Bros."
18831020p.294_p003.txt,14,Hiram,Gefle,DUBLIN,"6,313 deals",W. Graham,11,10,1883,20,10,1883,False,"Oct. 11 Hiram-Gefle-6,313 deals-W. Graham"
18831020p.294_p003.txt,15,Triton,Quebec,DUBLIN,"16,654 deals",W. Graham,11,10,1883,20,10,1883,False,"11 Triton-Quebec-16,654 deals-W. Graham"
18831020p.294_p003.txt,16,Queen Victoria,Miramichi,DUBLIN,"23,523 deals",R. Martin & Co.,11,10,1883,20,10,1883,False,"11 Queen Victoria-Miramichi-23,523 deals-R. Martin & Co."
18831020p.294_p003.txt,17,Ostindia,Skutskar,DUBLIN,"32,144 boards, 47 fms. fir",W. J. Robinson,12,10,1883,20,10,1883,False,"12 Ostindia-Skutskar-32,144 boards, 47 fms. fir -W. J. Robinson"
18831020p.294_p003.txt,18,Mizpa,Miramichi,DUBLIN,"21,736 deals and ends",W. Carvill,15,10,1883,20,10,1883,False,"15 Mizpa-Miramichi-21,736 deals and ends-W. Carvill"
18831020p.294_p003.txt,19,Monaco,"St. Michael, Azores",DUBLIN,"15,000 deals and ends",W. Graham,16,10,1883,20,10,1883,True,"16 Monaco -St. Michael, Azores-15,000 deals and ends-W. Graham"
18831020p.294_p003.txt,22,Dunrobin Castle,Quebec,ABERDEEN,"28 pcs. oak, 22 pcs. ash, 45 pcs. birch, 448 pcs. fir, 2,095 oak staves, 2,287 pcs. sawn fir",G. Milne,11,10,1883,20,10,1883,False,"Oct. 11 Dunrobin Castle-Quebec-28 pcs. oak, 22 pcs. ash, 45 pcs. birch, 448 pcs. fir, 2,095 oak staves, 2,287 pcs. sawn fir-G. Milne"
18831020p.294_p003.txt,23,Ella,Riga,ABERDEEN,20 lds. lathwood,Ludvig & Co. ; 24 oars-A. Marr,13,10,1883,20,10,1883,True,13 Ella -Riga-20 lds. lathwood-Ludvig & Co. ; 24 oars-A. Marr
18831020p.294_p003.txt,25,Pylades,Laurvig,ALLOA,"13,501 pit",props-M. Madsen & Borck,12,10,1883,20,10,1883,False,"Oct. 12 Pylades-Laurvig-13,501 pit-props-M. Madsen & Borck"
18831020p.294_p003.txt,26,Cito,Laurvig,ALLOA,"13,504 pit",props-Madsen,15,10,1883,20,10,1883,False,"15 Cito-Laurvig-13,504 pit-props-Madsen"
18831020p.294_p003.txt,27,Maren,Risoer,ALLOA,"12,786 pit",props-M. Fischer,15,10,1883,20,10,1883,False,"15 Maren-Risoer-12,786 pit-props-M. Fischer"
18831020p.294_p003.txt,29,Vesta,Sundswall,BANFF,"4,210 pcs. sawn fir, 426 pcs. hewn fir, 10 lds. firewood",Stewart,10,10,1883,20,10,1883,False,"Oct. 10 Vesta-Sundswall-4,210 pcs. sawn fir, 426 pcs. hewn fir, 10 lds. firewood-Stewart"
18831020p.294_p003.txt,37,Alert,Krageroe,THE TIMBER TRADES JOURNAL,"89 pcs. hewn fir, 1,223 pcs. sawn fir, 1,710 pcs. dressed fir, 46,000 birch staves",Hendry & Co.,15,10,1883,20,10,1883,False,"15 Alert-Krageroe-89 pcs. hewn fir, 1,223 pcs. sawn fir, 1,710 pcs. dressed fir, 46,000 birch staves-Hendry & Co."
18831020p.294_p003.txt,39,Glenmanna,Riga,BORROWSTOUNNESS,"7,522 sleeper blocks","Calder, Dixon, Stewart, & Co.",9,10,1883,20,10,1883,True,"Oct. 9 Glenmanna -Riga-7,522 sleeper blocks-Calder, Dixon, Stewart, & Co."
18831020p.294_p003.txt,40,Marie,Halmstad,BORROWSTOUNNESS,"10,042 props",Denholm,10,10,1883,20,10,1883,False,"10 Marie-Halmstad-10,042 props-Denholm"
18831020p.294_p003.txt,41,Ellida,Christiansand,BORROWSTOUNNESS,"5,576 pcs. pitwood",S. H. Ohlsent & Co.,10,10,1883,20,10,1883,False,"10 Ellida-Christiansand-5,576 pcs. pitwood-S. H. Ohlsent & Co."
18831020p.294_p003.txt,42,Herleef Trolle,Halmstad,BORROWSTOUNNESS,"15,584 props",John Denholm & Co.,10,10,1883,20,10,1883,False,"10 Herleef Trolle-Halmstad-15,584 props-John Denholm & Co."
18831020p.294_p003.txt,43,Kjerstine Elise,Warberg,BORROWSTOUNNESS,"19,365 props",John Denholm & Co.,10,10,1883,20,10,1883,False,"10 Kjerstine Elise-Warberg-19,365 props-John Denholm & Co."
18831020p.294_p003.txt,44,Karen Kristine Roeskude,Halmstad,BORROWSTOUNNESS,"15,085 props",John Denholm & Co.,11,10,1883,20,10,1883,False,"11 Karen Kristine Roeskude-Halmstad-15,085 props-John Denholm & Co."
18831020p.294_p003.txt,45,Tvendre Brodre,Fredrikshald,BORROWSTOUNNESS,"43,521 props Love & Stewart",,11,10,1883,20,10,1883,False,"11 Tvendre Brodre-Fredrikshald-43,521 props Love & Stewart"
18831020p.294_p003.txt,46,Caroline Augusta,Falkenberg,BORROWSTOUNNESS,"12,973 props",Love & Stewart,12,10,1883,20,10,1883,False,"12 Caroline Augusta-Falkenberg-12,973 props-Love & Stewart"
18831020p.294_p003.txt,47,Frederikke,Falkenberg,BORROWSTOUNNESS,"7,154 props",Love,13,10,1883,20,10,1883,False,"13 Frederikke-Falkenberg-7,154 props-Love"
18831020p.294_p003.txt,48,Herman,Risoer,BORROWSTOUNNESS,"10,053 pcs. hewn fir",John Denholm & Co.,13,10,1883,20,10,1883,False,"13 Herman-Risoer-10,053 pcs. hewn fir-John Denholm & Co."
18831020p.294_p003.txt,49,Jane & Isabella,Porsgrund,BORROWSTOUNNESS,"6,550 pcs. hewn fir",J. Denholm & Co.,13,10,1883,20,10,1883,False,"13 Jane & Isabella-Porsgrund-6,550 pcs. hewn fir-J. Denholm & Co."
18831020p.294_p003.txt,50,Josvar,Riga,BORROWSTOUNNESS,"18,153 pcs. hewn fir",Love,13,10,1883,20,10,1883,False,"13 Josvar-Riga-18,153 pcs. hewn fir-Love"
18831020p.294_p003.txt,51,Cathrine,Risoer,BORROWSTOUNNESS,"11,200 pcs. hewn fir",J. Denholm & Co.,13,10,1883,20,10,1883,False,"13 Cathrine-Risoer-11,200 pcs. hewn fir-J. Denholm & Co."
18831020p.294_p003.txt,52,Asterdalen,Fredrikshald,BORROWSTOUNNESS,"29,457 pcs. hewn fir",Love & Stewart,13,10,1883,20,10,1883,False,"13 Asterdalen-Fredrikshald-29,457 pcs. hewn fir-Love & Stewart"
18831020p.294_p003.txt,54,Condor,Quebec,DUNDEE,"3,991 pine deals",Bell,15,10,1883,20,10,1883,False,"Oct. 15 Condor-Quebec-3,991 pine deals-Bell"
18831020p.294_p003.txt,56,Dromfner,Mandal,FRASERBURGH,"60,000 staves, 15,000 pcs. sawn fir",Macconnachie & Co.,12,10,1883,20,10,1883,False,"Oct. 12 Dromfner-Mandal - 60,000 staves, 15,000 pcs. sawn fir-Macconnachie & Co."
18831020p.294_p003.txt,58,Jessy,"Rio Hacha, U.S.",GLASGOW,11 tons fustic,Wm. Connal & Co.,2,10,1883,20,10,1883,False,"Oct. 2 Jessy-Rio Hacha, U.S.-11 tons fustic-Wm. Connal & Co."
18831020p.294_p003.txt,59,Marbella,Riga,GLASGOW,"6,391 sleepers, 718 half",sleepers-Brownlee & Co.,2,10,1883,20,10,1883,False,"2 Marbella-Riga-6,391 sleepers, 718 half-sleepers-Brownlee & Co."
18831020p.294_p003.txt,60,State of Florida,New York,GLASGOW,"7,200 hhd. staves","Allison, Cousland, & Hamilton ; 31 maple blocks-Order",9,10,1883,20,10,1883,True,"9 State of Florida -New York-7,200 hhd. staves-Allison, Cousland, & Hamilton ; 31 maple blocks-Order"
18831020p.294_p003.txt,61,Alma,Hayti,GLASGOW,350 tons logwood,Connal & Co.,9,10,1883,20,10,1883,False,9 Alma-Hayti-350 tons logwood-Connal & Co.
18831020p.294_p003.txt,62,Circassia,New York,GLASGOW,774 pcs. lumber,"J. Kennedy & Co. ; 3,600 hhd. staves-Order",10,10,1883,20,10,1883,True,"10 Circassia -New York-774 pcs. lumber-J. Kennedy & Co. ; 3,600 hhd. staves-Order"
18831020p.294_p003.txt,89,Corean,Boston,"[OCTOBER 20, 1883.]","1,200 staves",Order,12,10,1883,20,10,1883,True,"12 Corean -Boston-1,200 staves-Order"
18831020p.294_p003.txt,90,Austrian Head,Cronstadt,"[OCTOBER 20, 1883.]","28,405 deals and ends","Robinson, Dunn, & Co.",13,10,1883,20,10,1883,False,"13 Austrian Head-Cronstadt-28,405 deals and ends-Robinson, Dunn, & Co."
18831020p.294_p003.txt,91,Black Head,Santa Ana,"[OCTOBER 20, 1883.]",491 logs mahogany,Captain Ellefsen,15,10,1883,20,10,1883,False,15 Black Head-Santa Ana-491 logs mahogany-Captain Ellefsen
18831020p.294_p003.txt,93,Sigrid,Sundswall,GRANGEMOUTH,"485 pcs. timber, 2,118 deals and battens",Order,8,10,1883,20,10,1883,False,"Oct. 8 Sigrid-Sundswall-485 pcs. timber, 2,118 deals and battens-Order"
18831020p.294_p003.txt,94,Holsatia,Cronstadt,GRANGEMOUTH,"7,552 deals and ends","Orr, Melville & Co.",9,10,1883,20,10,1883,False,"9 Holsatia-Cronstadt-7,552 deals and ends-Orr, Melville & Co."
18831020p.294_p003.txt,95,Arisaig,Riga,GRANGEMOUTH,"5,088 deals and ends",Order,9,10,1883,20,10,1883,False,"9 Arisaig-Riga-5,088 deals and ends-Order"
18831020p.294_p003.txt,96,[?],Riga,GRANGEMOUTH,"10,349 sleepers, 894 pcs. timber, 1,649 pcs. deals, 3,639 deals and ends",Order,10,10,1883,20,10,1883,False,"10 [?]-Riga-10,349 sleepers, 894 pcs. timber, 1,649 pcs. deals, 3,639 deals and ends-Order"
18831020p.294_p003.txt,97,Martin,Riga,GRANGEMOUTH,"545 pcs. timber, 666 deals and ends",R. Melvill & Co.,11,10,1883,20,10,1883,False,"11 Martin-Riga-545 pcs. timber, 666 deals and ends-R. Melvill & Co."
18831020p.294_p003.txt,98,Hoffnung,Sundswall,GRANGEMOUTH,"5,410 battens",Order,12,10,1883,20,10,1883,False,"12 Hoffnung-Sundswall-5,410 battens-Order"
18831020p.294_p003.txt,99,Anna,Fredrikshald,GRANGEMOUTH,cargo of staves,Order,12,10,1883,20,10,1883,False,12 Anna-Fredrikshald-cargo of staves-Order
18831020p.294_p003.txt,101,Craigton,Matane,GREENOCK,"116,243 bdls. spars",J. & R. Coates,9,10,1883,20,10,1883,True,"Oct. 9 Craigton -Matane-116,243 bdls. spars-J. & R. Coates"
18831020p.294_p003.txt,102,George Gilroy,Quebec,GREENOCK,"40 pcs. oak, 59 pcs. white pine, 152 pcs. elm, 97 pcs. ash, 52 pcs. birch, 8 pcs. maple, 2,491 pcs. pipe staves, 3,600 staves",Order,11,10,1883,20,10,1883,False,"11 George Gilroy-Quebec-40 pcs. oak, 59 pcs. white pine, 152 pcs. elm, 97 pcs. ash, 52 pcs. birch, 8 pcs. maple, 2,491 pcs. pipe staves, 3,600 staves-Order"
18831020p.294_p003.txt,103,Ajmeer,Quebec,GREENOCK,"127 pcs. oak, 51 pcs. birch, 32 pcs. ash, 8 pcs. maple, 369 pcs. white pine, 3,090 deals, 1,918 pipe staves",W. I. staves-Singleton & Co.,11,10,1883,20,10,1883,False,"11 Ajmeer-Quebec-127 pcs. oak, 51 pcs. birch, 32 pcs. ash, 8 pcs. maple, 369 pcs. white pine, 3,090 deals, 1,918 pipe staves-W. I. staves-Singleton & Co."
18831020p.294_p003.txt,105,Meta,Kannissan,INVERNESS,"19,385 deals and ends, 21 lds. firewood, 72 fir boards",White,8,10,1883,20,10,1883,False,"Oct. 8 Meta-Kannissan-19,385 deals and ends, 21 lds. firewood, 72 fir boards-White"
18831020p.294_p003.txt,107,Rederinden,Christiania,KIRKCALDY,"4,989 pit",props-Lochgelly Iron & Coal Co.,9,10,1883,20,10,1883,False,"Oct. 9 Rederinden-Christiania-4,989 pit-props-Lochgelly Iron & Coal Co."
18831020p.294_p003.txt,109,Vincentius,Warberg,LEITH,"10,205 pit",props-Prestongrange Coal & Fire Brick Co.,8,10,1883,20,10,1883,False,"Oct. 8 Vincentius-Warberg-10,205 pit-props-Prestongrange Coal & Fire Brick Co."
18831020p.294_p003.txt,110,Moscow,Cronstadt,LEITH,"1,558 pcs. lathwood",Thomson & Co.,11,10,1883,20,10,1883,False,"11 Moscow-Cronstadt-1,558 pcs. lathwood-Thomson & Co."
18831020p.294_p003.txt,111,Immanuel,Sundswall,LEITH,"8,165 battens",A. A. Land & Roger,11,10,1883,20,10,1883,False,"11 Immanuel-Sundswall-8,165 battens-A. A. Land & Roger"
18831020p.294_p003.txt,112,Savona,Cronstadt,LEITH,"37,354 pcs. sawnwood",Currie & Co.,13,10,1883,20,10,1883,False,"13 Savona-Cronstadt-37,354 pcs. sawnwood-Currie & Co."
18831020p.294_p003.txt,113,Talisman,Rotterdam,LEITH,499 bdls. wood hoops,G. Gibson & Co.,15,10,1883,20,10,1883,False,15 Talisman-Rotterdam-499 bdls. wood hoops-G. Gibson & Co.
18831020p.294_p003.txt,114,Santa Maria,Laurvig,LEITH,"125 lds. firewood, 1,400 pit",props-Salvesen & Co.,15,10,1883,20,10,1883,False,"15 Santa Maria-Laurvig-125 lds. firewood, 1,400 pit-props-Salvesen & Co."
18831020p.294_p003.txt,116,Palmerston,Lugnvik,MONTROSE,"120 fir boards, 47 fir spars",R. Millar & Sons,11,10,1883,20,10,1883,False,"Oct. 11 Palmerston-Lugnvik-120 fir boards, 47 fir spars-R. Millar & Sons"
18831020p.294_p003.txt,118,Gazellen,Mandal,WICK,"90,000 birch staves",D. Sandison,10,10,1883,20,10,1883,False,"Oct. 10 Gazellen-Mandal-90,000 birch staves-D. Sandison"
18831020p.294_p004.txt,4,Rederinden,Christiania,KIRKCALDY,"4,989 pit",props -Lochgelly Iron & Coal Co.,9,10,1883,20,10,1883,False,"Oct. 9 Rederinden-Christiania-4,989 pit-props -Lochgelly Iron & Coal Co."
18831020p.294_p004.txt,6,Vincentius,Warberg,LEITH,"10,205 pit",props-Prestongrange Coal & Fire Brick Co.,8,10,1883,20,10,1883,False,"Oct. 8 Vincentius-Warberg-10,205 pit-props-Prestongrange Coal & Fire Brick Co."
18831020p.294_p004.txt,8,Immanuel,Sundswall,LEITH,"8,165 battens",A. land & Roger,11,10,1883,20,10,1883,False,"11 Immanuel-Sundswall-8,165 battens-A. land & Roger"
18831020p.294_p004.txt,9,Savona,Cronstadt,LEITH,"37,354 pcs. sawn wood",Currie & Co.,13,10,1883,20,10,1883,False,"13 Savona-Cronstadt-37,354 pcs. sawn wood-Currie & Co."
18831020p.294_p004.txt,10,Talisman,Rotterdam,LEITH,499 bdls. wood hoops,G. Gibson & Co.,15,10,1883,20,10,1883,False,15 Talisman-Rotterdam-499 bdls. wood hoops-G. Gibson & Co.
18831020p.294_p004.txt,13,Palmerston,Lugnvik,MONTROSE,"120 fir boards, 12 spars",R. Millar & Sons,11,10,1883,20,10,1883,False,"Oct. 11 Palmerston-Lugnvik-120 fir boards, 12 spars-R. Millar & Sons"
18831020p.294_p004.txt,15,Gazellen,Mandal,WICK,"90,000 birch staves",D. Sandison,10,10,1883,20,10,1883,False,"Oct. 10 Gazellen-Mandal-90,000 birch staves-D. Sandison"
18831117p.365_p002.txt,8,Sunbeam,Danzig,HARTLEPOOL (WEST),"248 pcs. hewn fir, 1,026 pcs. sawn fir","Calder, Dixon, & Co.",9,11,1883,17,11,1883,False,"Nov. 9 Sunbeam-Danzig-248 pcs. hewn fir, 1,026 pcs. sawn fir-Calder, Dixon, & Co."
18831117p.365_p002.txt,9,Tilly,Timmernabben,HARTLEPOOL (WEST),"6,190 pit",props-Groves,12,11,1883,17,11,1883,False,"12 Tilly-Timmernabben-6,190 pit-props-Groves"
18831117p.365_p002.txt,14,Radient,Stettin,HARTLEPOOL (WEST),"129 logs square oak, and 87 logs hewn oak",May & Hassell,13,11,1883,17,11,1883,False,"13 Radient-Stettin-129 logs square oak, and 87 logs hewn oak-May & Hassell"
18831117p.365_p002.txt,16,Nilson,Ljusne,HULL,378,3-9 deals-Order,8,11,1883,17,11,1883,False,Nov. 8 Nilson-Ljusne-378-3-9 deals-Order
18831117p.365_p002.txt,19,Cairo,Cronstadt,HULL,"1,133 rickers, 25",2-25 deals-Order,9,11,1883,17,11,1883,True,"9 Cairo -Cronstadt-1,133 rickers, 25-2-25 deals-Order"
18831117p.365_p002.txt,22,Otranto,New York,HULL,"3,079 staves",Wilson,12,11,1883,17,11,1883,True,"12 Otranto -New York-3,079 staves-Wilson"
18831117p.365_p002.txt,31,Milo,Stettin,HULL,727 props,Order,13,11,1883,17,11,1883,True,13 Milo -Stettin-727 props-Order
18831117p.365_p002.txt,35,Panther,Danzig,HULL,"5,940 sleepers, 6,000 pcs. oak",Order,14,11,1883,17,11,1883,True,"14 Panther  - Danzig - 5,940 sleepers, 6,000 pcs. oak-Order"
18831117p.365_p002.txt,44,Mediator,Carthagena,LIVERPOOL,"2,700 pipe staves",Drysdale Bros.,8,11,1883,17,11,1883,True,"Nov. 8 Mediator  - Carthagena-2,700 pipe staves-Drysdale Bros."
18831117p.365_p002.txt,50,Thanemore,Baltimore,LIVERPOOL,376 WO planks,Order,9,11,1883,17,11,1883,True,9 Thanemore -Baltimore-376 WO planks-Order
18831117p.365_p002.txt,63,Felix,Barranquila,LIVERPOOL,51 logs cedar,J. Meek,10,11,1883,17,11,1883,False,10 Felix-Barranquila-51 logs cedar-J. Meek
18831117p.365_p002.txt,65,Kansas,Boston,LIVERPOOL,"4,800 staves",Farnworth,12,11,1883,17,11,1883,True,"12 Kansas -Boston-4,800 staves-Farnworth"
18831117p.365_p002.txt,74,Duke of Argyle,New Orleans,LIVERPOOL,"4,50 staves",Order,13,11,1883,17,11,1883,True,"13 Duke of Argyle -New Orleans-4,50 staves-Order"
18831117p.365_p002.txt,80,Pennsylvania,Philadelphia,LIVERPOOL,"1,200 staves","Order; 1,000 maple rollers-Fraser; 1,607 staves-Drysdale",14,11,1883,17,11,1883,True,"14 Pennsylvania -Philadelphia-1,200 staves-Order; 1,000 maple rollers-Fraser; 1,607 staves-Drysdale"
18831117p.365_p002.txt,87,Marie,Bordeaux,LLANELLY,180 lds. pitwood,Margrave & Co.,6,11,1883,17,11,1883,False,Nov. 6 Marie-Bordeaux-180 lds. pitwood-Margrave & Co.
18831117p.365_p002.txt,88,François,Port Launay,LLANELLY,120 lds. pitwood,"Nevill, Druce, & Co.",8,11,1883,17,11,1883,False,"8 François-Port Launay-120 lds. pitwood-Nevill, Druce, & Co."
18831117p.365_p002.txt,90,Imbro,Cronstadt,LONDON,"970 rickers, 3,714 pcs. lathwood",Order,8,11,1883,17,11,1883,True,"Nov. 8 Imbro -Cronstadt-970 rickers, 3,714 pcs. lathwood-Order"
18831117p.365_p002.txt,101,Wilton,Gefle,LONDON,570 stds. deals and battens,Order,9,11,1883,17,11,1883,True,9 Wilton -Gefle-570 stds. deals and battens-Order
18831117p.365_p002.txt,113,Flid,St. Ana,LONDON,"353 logs, 16 log ends mahogany",Order,10,11,1883,17,11,1883,False,"10 Flid-St. Ana-353 logs, 16 log ends mahogany-Order"
18831117p.365_p002.txt,118,Advance,Drammen,LONDON,"12,918 pcs. deal ends, 800 bdls. laths","Order; 43,028 boards, deals and battens-Tagart, Boyson, & Co.",12,11,1883,17,11,1883,False,"12 Advance-Drammen-12,918 pcs. deal ends, 800 bdls. laths-Order; 43,028 boards, deals and battens-Tagart, Boyson, & Co."
18831117p.365_p002.txt,133,Peter,Danzig,LONDON,"121 oak squares, 39 oak logs, 276 pcs. timber, 168 sleepers",Churchill,13,11,1883,17,11,1883,True,"13 Peter -Danzig-121 oak squares, 39 oak logs, 276 pcs. timber, 168 sleepers-Churchill"
18831117p.365_p002.txt,142,Hugo,Calmar,LONDON,"1,069 boards",Neame & Co.,14,11,1883,17,11,1883,False,"14 Hugo-Calmar-1,069 boards-Neame & Co."
18831117p.365_p004.txt,4,"Freyer – Sarpsborg – 11,507 pit",props,ALLOA,Madsen & Borck,,8,11,1883,17,11,1883,False,"Nov. 8 Freyer – Sarpsborg – 11,507 pit-props-Madsen & Borck"
18831117p.365_p004.txt,5,Christian,Falkenberg,ALLOA,"11,470 pit",props-Love,12,11,1883,17,11,1883,False,"12 Christian-Falkenberg-11,470 pit-props-Love"
18831117p.365_p004.txt,8,Ludolfina Jantina,Gothenburg,BORROWSTOUNNESS,"20,832 pit",props-Denholm & Co.,6,11,1883,17,11,1883,False,"Nov. 6 Ludolfina Jantina-Gothenburg-20,832 pit-props-Denholm & Co."
18831117p.365_p004.txt,9,Alpha,Konigsberg,BORROWSTOUNNESS,"858 sleeper blocks, 118 half","blocks-Calder, Dixon, & Co.",10,11,1883,17,11,1883,False,"10 Alpha-Konigsberg-858 sleeper blocks, 118 half-blocks-Calder, Dixon, & Co."
18831117p.365_p004.txt,10,Baird,Gothenburg,BORROWSTOUNNESS,"73,174 pit",props-Denholm & Co.,12,11,1883,17,11,1883,True,"12 Baird -Gothenburg-73,174 pit-props-Denholm & Co."
18831117p.365_p004.txt,15,Agenose,Salsaker,DUNDEE,"9,312 deals and battens",J. Fleming,6,11,1883,17,11,1883,False,"Nov. 6 Agenose-Salsaker-9,312 deals and battens-J. Fleming"
18831117p.365_p004.txt,16,Glenrosa,Riga,DUNDEE,300 rickers,J. Jessiman,9,11,1883,17,11,1883,False,9 Glenrosa-Riga-300 rickers-J. Jessiman
18831117p.365_p004.txt,30,Helvetia,Hernosand,GRANGEMOUTH,"9,886 deals and battens",J. T. Salvesen & Co.,5,11,1883,17,11,1883,False,"Nov. 5 Helvetia-Hernosand-9,886 deals and battens-J. T. Salvesen & Co."
18831117p.365_p004.txt,31,Louise Allwardt,Riga,GRANGEMOUTH,"6,135 deals and ends",J. S. Dunn & Co.,6,11,1883,17,11,1883,False,"6 Louise Allwardt-Riga-6,135 deals and ends-J. S. Dunn & Co."
18831117p.365_p004.txt,32,Emil Devrient,Danzig,GRANGEMOUTH,704 pcs. sleepers,J. T. Salvesen & Co.,7,11,1883,17,11,1883,False,7 Emil Devrient-Danzig-704 pcs. sleepers-J. T. Salvesen & Co.
18831117p.365_p004.txt,33,Armin,Riga,GRANGEMOUTH,"502 pcs. timber, 1,115 deals and ends",Brownlee & Co.,8,11,1883,17,11,1883,False,"8 Armin-Riga-502 pcs. timber, 1,115 deals and ends-Brownlee & Co."
18831117p.365_p004.txt,37,Saga,Riga,GRANTON,"7,791 deals",Mitchell & Co.,9,11,1883,17,11,1883,False,"Nov. 9 Saga-Riga-7,791 deals-Mitchell & Co."
18831117p.365_p004.txt,40,Margaret Garton,Drammen,KIRKWALL,"2,842 pcs. planed fir, 1,670 pcs. sawn fir, 60 pcs. hewn fir",Peace & Son,8,11,1883,17,11,1883,False,"Nov. 8 Margaret Garton-Drammen-2,842 pcs. planed fir, 1,670 pcs. sawn fir, 60 pcs. hewn fir-Peace & Son"
18831117p.365_p004.txt,43,Moscow,Cronstadt,LEITH,"881 brls. tar, 1,798 pcs. lathwood",W. Thomson & Co.,6,11,1883,17,11,1883,False,"Nov. 6 Moscow-Cronstadt-881 brls. tar, 1,798 pcs. lathwood-W. Thomson & Co."
18831117p.365_p004.txt,44,Skjold,Bjorneborg,LEITH,"12,535 battens and ends","Park, Dobson, & Co.",8,11,1883,17,11,1883,False,"8 Skjold-Bjorneborg-12,535 battens and ends-Park, Dobson, & Co."
18831117p.365_p004.txt,46,Glenrosa,Riga,LEITH,29 pcs. lathwood,Cormack,9,11,1883,17,11,1883,False,9 Glenrosa-Riga-29 pcs. lathwood-Cormack
18831117p.365_p004.txt,48,Tana,Cronstadt,LEITH,"21,087 deals and battens","Salvesen & Co.; 2,717 pcs. lathwood-Grant & Co.",12,11,1883,17,11,1883,True,"12 Tana -Cronstadt-21,087 deals and battens-Salvesen & Co.; 2,717 pcs. lathwood-Grant & Co."
18831124p.382_p001.txt,10,Helgesen,"Newcastle, N.B.",BEAUMARIS,"9,345 deals and ends, 3,000 palings",Davies & Son,16,11,1883,24,11,1883,False,"Nov. 16 Helgesen-Newcastle, N.B.-9,345 deals and ends, 3,000 palings-Davies & Son"
18831124p.382_p001.txt,12,Urd,Fredrikstad,BRIDGWATER,"25,227 boards",G Hooper,17,11,1883,24,11,1883,False,"Nov. 17 Urd-Fredrikstad-25,227 boards-G Hooper"
18831124p.382_p001.txt,14,Prospero,Riga,BRISTOL,"14,326 pcs. lathwood","H. Denty; 12,433 pcs. lathwood-C. Smith",17,11,1883,24,11,1883,False,"Nov. 17 Prospero-Riga-14,326 pcs. lathwood-H. Denty; 12,433 pcs. lathwood-C. Smith"
18831124p.382_p001.txt,16,Cort Adler,Stettin,BRISTOL,"512 pcs. oak, 6 pcs. fir",King Bros.,20,11,1883,24,11,1883,False,"20 Cort Adler-Stettin-512 pcs. oak, 6 pcs. fir-King Bros."
18831124p.382_p001.txt,19,Wallace,Corunna,CARDIFF,700 lds. pitwood,"Jones, Heard, & Ingram",13,11,1883,24,11,1883,False,"Nov. 13 Wallace-Corunna-700 lds. pitwood-Jones, Heard, & Ingram"
18831124p.382_p001.txt,20,Dordogne,Bordeaux,CARDIFF,800 lds. pitwood,"Jones, Heard, & Ingram",14,11,1883,24,11,1883,True,"14 Dordogne -Bordeaux-800 lds. pitwood-Jones, Heard, & Ingram"
18831124p.382_p001.txt,23,Oscar Wendt,Halifax,CARDIFF,"14,279 deals and scantlings",J. Bland & Co.,15,11,1883,24,11,1883,False,"15 Oscar Wendt-Halifax-14,279 deals and scantlings-J. Bland & Co."
18831124p.382_p001.txt,24,Rhodora,New York,CARDIFF,54 oars,E. Robertson,16,11,1883,24,11,1883,False,16 Rhodora-New York-54 oars-E. Robertson
18831124p.382_p001.txt,29,Simon,Danzig,CARDIFF,"2,101 pcs. hewn fir",Trayes,19,11,1883,24,11,1883,False,"19 Simon-Danzig-2,101 pcs. hewn fir-Trayes"
18831124p.382_p001.txt,36,Dusty Miller,St. John,CARNARVON,"467 pcs. hewn birch, 8,332 deals and battens, 58 lds. lathwood",H. Owen & Son,13,11,1883,24,11,1883,False,"Nov. 13 Dusty Miller-St. John-467 pcs. hewn birch, 8,332 deals and battens, 58 lds. lathwood-H. Owen & Son"
18831124p.382_p001.txt,37,Plevna,"St. John, N.B.",CARNARVON,"635 pcs. birch, 5,420 deals and battens, 65 lds. lathwood",H. Owen & Son,19,11,1883,24,11,1883,False,"19 Plevna - St. John, N.B.-635 pcs. birch, 5,420 deals and battens, 65 lds. lathwood-H. Owen & Son"
18831124p.382_p001.txt,39,Anna,Umea,CHESTER,"5,398 pcs. hewn fir",J. H. Corrigall & Co.,16,11,1883,24,11,1883,False,"Nov. 16 Anna-Umea-5,398 pcs. hewn fir-J. H. Corrigall & Co."
18831124p.382_p001.txt,41,Louise,Wyborg,EXETER,"5,734 deals and battens",R. W. & F. C. Sharp,19,11,1883,24,11,1883,False,"Nov. 19 Louise-Wyborg-5,734 deals and battens-R. W. & F. C. Sharp"
18831124p.382_p001.txt,43,Victa,Uleaborg,FALMOUTH,"890 pcs. hewn fir, 1,260 deals and battens",G. Weeke,15,11,1883,24,11,1883,False,"Nov. 15 Victa-Uleaborg-890 pcs. hewn fir, 1,260 deals and battens-G. Weeke"
18831124p.382_p001.txt,45,Ingeborg,Laurvig,FAVERSHAM,"26,839 boards",T. A. Whittle & Co.,17,11,1883,24,11,1883,False,"Nov. 17 Ingeborg-Laurvig-26,839 boards-T. A. Whittle & Co."
18831124p.382_p001.txt,47,Folkestone,Boulogne,FOLKESTONE,5 cwt. veneers,T. G. Ledger,14,11,1883,24,11,1883,False,Nov. 14 Folkestone-Boulogne-5 cwt. veneers-T. G. Ledger
18831124p.382_p001.txt,49,Venere,Trieste,GLOUCESTER,"240,000 oak staves",Bass & Co.,15,11,1883,24,11,1883,False,"Nov. 15 Venere-Trieste-240,000 oak staves-Bass & Co."
18831124p.382_p001.txt,50,Tralsund,Cronstadt,GLOUCESTER,"12,998 deals",Price,17,11,1883,24,11,1883,False,"17 Tralsund-Cronstadt-12,998 deals-Price"
18831124p.382_p001.txt,51,Argo,Uleaborg,GLOUCESTER,"12,231 deals",Nicks & Co.,19,11,1883,24,11,1883,False,"19 Argo-Uleaborg-12,231 deals-Nicks & Co."
18831124p.382_p001.txt,55,Celia,Hernossand,GOOLE,"11,694 battens","Illingworth, Ingham, & Co.",13,11,1883,24,11,1883,False,"Nov. 13 Celia-Hernossand - 11,694 battens-Illingworth, Ingham, & Co."
18831124p.382_p001.txt,57,W. Coulman,Rotterdam,GOOLE,590 bdls. hoops,Goole Steam Shipping Co.,15,11,1883,24,11,1883,False,15 W. Coulman-Rotterdam-590 bdls. hoops-Goole Steam Shipping Co.
18831124p.382_p001.txt,58,Rigel,Gefle,GOOLE,"13,309 deals and boards",Maude,17,11,1883,24,11,1883,False,"17 Rigel-Gefle-13,309 deals and boards-Maude"
18831124p.382_p001.txt,59,Arthur,Hudikswall,GOOLE,"21,264 deals and boards","Illingworth, Ingham, & Co.",19,11,1883,24,11,1883,False,"19 Arthur-Hudikswall-21,264 deals and boards-Illingworth, Ingham, & Co."
18831124p.382_p001.txt,61,Eskdale,Sundswall,GRIMSBY,"32,732 battens","Price, Potter, Walker, & Co.",13,11,1883,24,11,1883,True,"Nov. 13 Eskdale -Sundswall-32,732 battens-Price, Potter, Walker, & Co."
18831124p.382_p001.txt,63,Olga,Gefle,GRIMSBY,"26,433 pcs. sawn fir",Bennetts,14,11,1883,24,11,1883,False,"14 Olga-Gefle-26,433 pcs. sawn fir-Bennetts"
18831124p.382_p001.txt,68,Alice Starett,Riga,GRIMSBY,"11,084 pcs. sawn fir",Bennetts & Co.,15,11,1883,24,11,1883,False,"15 Alice Starett-Riga-11,084 pcs. sawn fir-Bennetts & Co."
18831124p.382_p001.txt,73,Amalie,Wyborg,GRIMSBY,"16,902 deals and battens","Wintringham & Son; 23,406 pcs. sawn fir-G. A. Carr & Co.",16,11,1883,24,11,1883,False,"16 Amalie-Wyborg-16,902 deals and battens-Wintringham & Son; 23,406 pcs. sawn fir-G. A. Carr & Co."
18831124p.382_p001.txt,75,Carl Emil,Tillingnabben,HARTLEPOOL (WEST),150 lds. hewn fir,"Groves, Maclean, & Co.",13,11,1883,24,11,1883,False,"Nov. 13 Carl Emil-Tillingnabben-150 lds. hewn fir-Groves, Maclean, & Co."
18831124p.382_p001.txt,88,Jantina,Porsgrund,HARTLEPOOL (WEST),"2,616 deals",Erichsen,14,11,1883,24,11,1883,False,"14 Jantina-Porsgrund-2,616 deals-Erichsen"
18831124p.382_p002.txt,5,Venezuelan,W. Indies,"NOVEMBER 24, 1883.]",600 pitch pine staves,Drysdale,17,11,1883,24,11,1883,True,17 Venezuelan -W. Indies-600 pitch pine staves-Drysdale
18831124p.382_p002.txt,14,Iowa,Boston,"NOVEMBER 24, 1883.]","5,400 staves","Fairclough; 6 crts. and 196 oak planks, 846 pcs. lumber, 309 pcs. satinwood, 8,000 staves-Order",18,11,1883,24,11,1883,True,"18 Iowa -Boston-5,400 staves-Fairclough; 6 crts. and 196 oak planks, 846 pcs. lumber, 309 pcs. satinwood, 8,000 staves-Order"
18831124p.382_p002.txt,18,Victoria,Brevig,"NOVEMBER 24, 1883.]","4,203 poles, 360 props",Hughes & Lancaster,20,11,1883,24,11,1883,False,"20 Victoria-Brevig-4,203 poles, 360 props-Hughes & Lancaster"
18831124p.382_p002.txt,26,Oregon,Montreal,"NOVEMBER 24, 1883.]","3,577 deals, 2,201 planks boards R. Cox & Co.; 2,878 boards",Order,21,11,1883,24,11,1883,True,"21 Oregon -Montreal-3,577 deals, 2,201 planks boards R. Cox & Co.; 2,878 boards-Order"
18831124p.382_p002.txt,33,Isabella Walker,Danzig,LONDON,"469 pcs. timber, 6,605 staves",Order,15,11,1883,24,11,1883,False,"Nov. 15 Isabella Walker - Danzig - 469 pcs. timber, 6,605 staves-Order"
18840119p.67_p002.txt,21,Berbice,Tabasco,LONDON,"28 log ends, 562 logs mahogany","Skelton & Schofield; 70 log ends-Leary; 10,600 staves-Bremner",10,1,1884,19,1,1884,True,"Jan. 10 Berbice -Tabasco-28 log ends, 562 logs mahogany-Skelton & Schofield; 70 log ends-Leary; 10,600 staves-Bremner"
18840119p.67_p002.txt,23,Bertha,Laurvig,LONDON,169 stds. boards,Simson,11,1,1884,19,1,1884,False,11 Bertha-Laurvig-169 stds. boards-Simson
18840119p.67_p002.txt,25,Tern,Genoa,LONDON,10 logs walnut,Order,12,1,1884,19,1,1884,True,12 Tern -Genoa-10 logs walnut-Order
18840119p.67_p002.txt,31,Zaire,Venice,LONDON,625 planks walnut,"Order; 25 logs extra wainscot oak-May & Hassell; 54,600 oak staves-Order",14,1,1884,19,1,1884,True,"14 Zaire  - Venice - 625 planks walnut-Order; 25 logs extra wainscot oak-May & Hassell; 54,600 oak staves-Order"
18840119p.67_p002.txt,38,Austerlitz,Belize,LONDON,"29 pcs., 731 logs mahogany","Guild & Co.; 574 pcs., 48 ftls. mahogany, 14 pcs. cedar-Belize Estate Co.; 10 logs cedar, 103 logs mahogany-Anderson & Co.; 50 logs mahogany-Steven & Bros.",15,1,1884,19,1,1884,True,"15 Austerlitz  - Belize-29 pcs., 731 logs mahogany-Guild & Co.; 574 pcs., 48 ftls. mahogany, 14 pcs. cedar-Belize Estate Co.; 10 logs cedar, 103 logs mahogany-Anderson & Co.; 50 logs mahogany-Steven & Bros."
18840119p.67_p002.txt,39,Paul,Uleaborg,LONDON,"1,940 staves",Neame & Co.,16,1,1884,19,1,1884,False,"16 Paul-Uleaborg-1,940 staves-Neame & Co."
18840119p.67_p002.txt,44,Curlew,Bayonne,NEWPORT,170 lds. props,Heard,12,1,1884,19,1,1884,False,Jan. 12 Curlew-Bayonne-170 lds. props-Heard
18840119p.67_p002.txt,46,Cyprus,Mobile,PLYMOUTH,"2,747 pcs. sawn fir",R. & R. Bayly,8,1,1884,19,1,1884,False,"Jan. 8 Cyprus-Mobile-2,747 pcs. sawn fir-R. & R. Bayly"
18840119p.67_p002.txt,47,Carin,Mobile,PLYMOUTH,"541 pcs. hewn fir, 1,149 pcs. sawn fir",R. & R. Bayly,9,1,1884,19,1,1884,False,"9 Carin-Mobile-541 pcs. hewn fir, 1,149 pcs. sawn fir-R. & R. Bayly"
18840119p.67_p002.txt,49,Ousel,Rotterdam,SOUTHAMPTON,200 bdls. wood hoops,Dawson Bros.,7,1,1884,19,1,1884,False,Jan. 7 Ousel-Rotterdam-200 bdls. wood hoops-Dawson Bros.
18840119p.67_p002.txt,54,William,Stettin,SUNDERLAND,350 pcs. hewn oak,Order,9,1,1884,19,1,1884,False,Jan. 9 William-Stettin-350 pcs. hewn oak-Order
18840119p.67_p002.txt,55,Sleipner,Gothenburg,SUNDERLAND,"55,998 props",F. Charleton Huntley,14,1,1884,19,1,1884,True,"14 Sleipner -Gothenburg-55,998 props-F. Charleton Huntley"
18840119p.67_p002.txt,57,Paul & Marie,Redon,SWANSEA,96 lds. pit,props-L. G. Mouchel,8,1,1884,19,1,1884,False,Jan. 8 Paul & Marie-Redon-96 lds. pit-props-L. G. Mouchel
18840119p.67_p002.txt,59,Marie,Bordeaux,SWANSEA,90 lds. pit,props-D. Imrie,11,1,1884,19,1,1884,False,11 Marie-Bordeaux-90 lds. pit-props-D. Imrie
18840119p.67_p002.txt,61,Ornste,Rotterdam,TYNE,68 tons tree bark,De Hart,9,1,1884,19,1,1884,False,Jan. 9 Ornste-Rotterdam-68 tons tree bark-De Hart
18840119p.67_p002.txt,62,Odin,Arendal,TYNE,"280 lds. props, 206 bdls. wood pulp",Order,10,1,1884,19,1,1884,True,"10 Odin -Arendal-280 lds. props, 206 bdls. wood pulp-Order"
18840119p.67_p002.txt,65,Grenadier,Hamburg,TYNE,4 cs. mouldings,Tyne Steamship Co.,11,1,1884,19,1,1884,True,11 Grenadier -Hamburg-4 cs. mouldings-Tyne Steamship Co.
18840119p.67_p002.txt,66,John Ormston,Rotterdam,TYNE,550 bdls. hoops,Order,14,1,1884,19,1,1884,True,14 John Ormston -Rotterdam-550 bdls. hoops-Order
18840119p.67_p002.txt,73,Bertha Alina,Kotka,WISBECH,"25,525 battens and boards",Henry Brown & Sons,9,1,1884,19,1,1884,False,"Jan. 9 Bertha Alina-Kotka-25,525 battens and boards-Henry Brown & Sons"
18840119p.67_p002.txt,76,City of Bristol,Rotterdam,BELFAST,"1,900 bdls. wood hoops",J. C. Pinkerton,10,1,1884,19,1,1884,False,"Jan. 10 City of Bristol-Rotterdam-1,900 bdls. wood hoops-J. C. Pinkerton"
18840119p.67_p002.txt,79,Ida,Carlskrona,ALLOA,"6,184 props",Alloa Coal Company,11,1,1884,19,1,1884,False,"Jan. 11 Ida-Carlskrona-6,184 props-Alloa Coal Company"
18840119p.67_p002.txt,81,Peter Roed,Halmstad,BORROWSTOUNNESS,"5,172 props",Love & Stewart,8,1,1884,19,1,1884,False,"Jan. 8 Peter Roed - Halmstad-5,172 props-Love & Stewart"
18840119p.67_p002.txt,83,Garry,Riga,DUNDEE,"1,996 pcs. lathwood",Slimman & Robertson,14,1,1884,19,1,1884,True,"Jan. 14 Garry -Riga-1,996 pcs. lathwood-Slimman & Robertson"
18840119p.67_p002.txt,86,Furnessia,New York,GLASGOW,"9,900 hhd. staves",Drysdale Bros.,9,1,1884,19,1,1884,True,"Jan. 9 Furnessia -New York-9,900 hhd. staves-Drysdale Bros."
18840119p.67_p002.txt,91,Speculation,Fredrikshald,GRANGEMOUTH,"23,000 pit","props-Love, Stewart, & Co.",9,1,1884,19,1,1884,False,"Jan. 9 Speculation-Fredrikshald-23,000 pit-props-Love, Stewart, & Co."
18840119p.67_p002.txt,93,Drapner,Fredrikshald,KIRKCALDY,"5,572 props",Lochgelly Iron & Coal Co.,10,1,1884,19,1,1884,False,"Jan. 10 Drapner-Fredrikshald-5,572 props-Lochgelly Iron & Coal Co."
18840119p.67_p002.txt,95,Adler,Riga,LEITH,"5,600 deals",Ferguson & Co.,10,1,1884,19,1,1884,False,"Jan. 10 Adler-Riga-5,600 deals-Ferguson & Co."
18840119p.67_p002.txt,97,Siilo,Philadelphia,MONTROSE,25 lds. lining boards,Somerville & Co.,14,1,1884,19,1,1884,False,Jan. 14 Siilo-Philadelphia-25 lds. lining boards-Somerville & Co.
18840119p.67_p003.txt,3,Furnessia,New York,GLASGOW,"9,900 dressed staves",Drysdale Bros.,9,1,1884,19,1,1884,True,"Jan. 9 Furnessia -New York-9,900 dressed staves-Drysdale Bros."
18840119p.67_p003.txt,7,Speculation,Fredrikshald,GRANGEMOUTH,"23,260 pcs. props","Love, Stewart, & Co.",9,1,1884,19,1,1884,False,"Jan. 9 Speculation-Fredrikshald-23,260 pcs. props-Love, Stewart, & Co."
18840119p.67_p003.txt,9,Drapner,Fredrikshald,KIRKCALDY,"5,572 pit",props -Lochgelly Iron & Coal Co.,10,1,1884,19,1,1884,False,"Jan. 10 Drapner-Fredrikshald-5,572 pit-props -Lochgelly Iron & Coal Co."
18840119p.67_p003.txt,11,Adler,Riga,LEITH,"5,600 deals",Ferguson & Co.,10,1,1884,19,1,1884,False,"Jan. 10 Adler-Riga-5,600 deals-Ferguson & Co."
18840119p.67_p003.txt,13,Siilo,Philadelphia,MONTROSE,25 lds. lining boards,Somerville & Co.,14,1,1884,19,1,1884,False,Jan. 14 Siilo-Philadelphia-25 lds. lining boards -Somerville & Co.
18860109p25-26_p001.txt,112,Vivid,P.E. Island,BRIDGWATER,"700 deals, 88 pcs. hewn birch",Richards & Co.,2,1,1886,9,1,1886,False,"Jan. 2 Vivid-P.E. Island-700 deals, 88 pcs. hewn birch-Richards & Co."
18860109p25-26_p001.txt,114,Lisnacrieve,New York,BRISTOL,"600 bdls. staves, 150 bdls. hoops, 125 bdls. headings, 23 cs. handles",Order,31,12,1886,9,1,1886,True,"Dec. 31 Lisnacrieve -New York-600 bdls. staves, 150 bdls. hoops, 125 bdls. headings, 23 cs. handles-Order"
18860109p25-26_p001.txt,116,Ika,Bordeaux,CARDIFF,650 lds. pit,props-Martin & Marquand,29,12,1886,9,1,1886,False,Dec. 29 Ika-Bordeaux-650 lds. pit-props-Martin & Marquand
18860109p25-26_p001.txt,117,Dordogne,Bordeaux,CARDIFF,870 lds. pitwood,"Jones, Ingram, & Co.",2,1,1886,9,1,1886,False,"Jan. 2 Dordogne-Bordeaux-870 lds. pitwood-Jones, Ingram, & Co."
18860109p25-26_p001.txt,119,Pitre Marie,Carril,CARDIFF,140 lds. hewn fir,Manzanos,4,1,1886,9,1,1886,False,4 Pitre Marie-Carril-140 lds. hewn fir-Manzanos
18860109p25-26_p001.txt,122,Ireland,"St. John, N.B.",CARNARVON,"658 pcs. hewn birch, 14,974 spruce deals, 1,392 spruce deal ends, 62 lds. lathwood",Owen,29,12,1886,9,1,1886,False,"Dec. 29 Ireland-St. John, N.B.-658 pcs. hewn birch, 14,974 spruce deals, 1,392 spruce deal ends, 62 lds. lathwood-Owen"
18860109p25-26_p001.txt,124,Lord Clyde,Stettin,DOUGLAS,876 pcs. sawn and hewn oak,H. T. Graves,31,12,1886,9,1,1886,False,Dec. 31 Lord Clyde-Stettin-876 pcs. sawn and hewn oak-H. T. Graves
18860109p25-26_p001.txt,126,Fortuna,Gothenburg,FOLKESTONE,"20,330 deals",H. Tolputt,2,1,1886,9,1,1886,False,"Jan. 2 Fortuna-Gothenburg-20,330 deals-H. Tolputt"
18860109p25-26_p001.txt,128,W. Coulman,Rotterdam,GOOLE,826 bdls. hoops,Goole Steamship Co.,4,1,1886,9,1,1886,False,Jan. 4 W. Coulman-Rotterdam-826 bdls. hoops-Goole Steamship Co.
18860109p25-26_p001.txt,130,Ariel,Danzig,GRIMSBY,331 pcs. hewn fir,Bunz,29,12,1886,9,1,1886,False,Dec. 29 Ariel-Danzig-331 pcs. hewn fir-Bunz
18860109p25-26_p001.txt,132,Margarethe,Danzig,HARTLEPOOL (WEST),"499 pcs. hewn fir, 186 pcs. sawn fir","R. Wade, Sons, & Co.",2,1,1886,9,1,1886,False,"Jan. 2 Margarethe-Danzig-499 pcs. hewn fir, 186 pcs. sawn fir-R. Wade, Sons, & Co."
18860109p25-26_p001.txt,133,Emma,Memel,HARTLEPOOL (WEST),"3,600 staves","R. Wade, Sons, & Co. ; 1,200 staves-Harrison & Singleton ; 95,785 staves-Pickford & Co.",4,1,1886,9,1,1886,True,"4 Emma -Memel-3,600 staves-R. Wade, Sons, & Co. ; 1,200 staves-Harrison & Singleton ; 95,785 staves-Pickford & Co."
18860109p25-26_p001.txt,135,Marsdin,Christiania,HULL,"3,053 bdls. boards","Wilson, Sons, & Co. ; 3,387 boards-Heaven & Kesterton ; 1,198 pcs. timber-H. Haagensen & Co. ; 571 pcs. timber-Order",31,12,1886,9,1,1886,True,"Dec. 31 Marsdin -Christiania-3,053 bdls. boards-Wilson, Sons, & Co. ; 3,387 boards-Heaven & Kesterton ; 1,198 pcs. timber-H. Haagensen & Co. ; 571 pcs. timber-Order"
18860109p25-26_p001.txt,136,Rollo,Gothenburg,HULL,"3,000 props","Wilson, Sons, & Co. ; 500 bdls. laths-J. A. Hewetson ; 3,000 bdls. laths-Heaven & Kesterton ; 1,500 props-H. Haagensen & Co. ; 3,500 props, 300 sleepers-H. Smith & Co.",5,1,1886,9,1,1886,True,"Jan. 5 Rollo -Gothenburg-3,000 props-Wilson, Sons, & Co. ; 500 bdls. laths-J. A. Hewetson ; 3,000 bdls. laths-Heaven & Kesterton ; 1,500 props-H. Haagensen & Co. ; 3,500 props, 300 sleepers-H. Smith & Co."
18860109p25-26_p001.txt,138,Siberian,Baltimore,LIVERPOOL,"643 planks oak, 13,900 locust pins",Order,31,12,1886,9,1,1886,True,"Dec. 31 Siberian -Baltimore-643 planks oak, 13,900 locust pins-Order"
18860109p25-26_p001.txt,142,Jan. 1 Hugo,Norfolk,LIVERPOOL,"2,760 ppe. staves, 3,480 oct. staves","Order ; from Newport-952 oak planks, 934 white oak planks-Churchill & Sim ; 2,194 staves-Order",6,12,1886,9,1,1886,True,"6 Jan. 1 Hugo -Norfolk-2,760 ppe. staves, 3,480 oct. staves-Order ; from Newport-952 oak planks, 934 white oak planks-Churchill & Sim ; 2,194 staves-Order"
18860109p25-26_p001.txt,150,Explorer,New Orleans,LIVERPOOL,529 pcs. oak lumber,Order,2,12,1886,9,1,1886,True,2 Explorer -New Orleans-529 pcs. oak lumber-Order
18860109p25-26_p001.txt,154,Adriatic,New York,LIVERPOOL,10 cs. spokes,"W. E. Carey ; 135 cs. handles-Hardy Patent Pick Co. ; 4,033 staves-Order",4,12,1886,9,1,1886,True,"4 Adriatic -New York-10 cs. spokes-W. E. Carey ; 135 cs. handles-Hardy Patent Pick Co. ; 4,033 staves-Order"
18860109p25-26_p001.txt,168,Staffa,Pensacola,LIVERPOOL,"1,324 pcs. sawn pitch pine",A. Dobell & Co.,6,12,1886,9,1,1886,False,"6 Staffa-Pensacola-1,324 pcs. sawn pitch pine-A. Dobell & Co."
18860109p25-26_p001.txt,172,Sophie,Hudikswall,SURREY COMMERCIAL DOCKS,232 fms. firewood,Lines Bros.,1,1,1886,9,1,1886,False,Jan. 1 Sophie-Hudikswall-232 fms. firewood-Lines Bros.
18860109p25-26_p001.txt,173,Angelo,Memel,SURREY COMMERCIAL DOCKS,"61,140 staves","Simson & Mason ; 29,062 staves-Tagart, Boyson, & Co. ; 1,815 deals, 294 pcs. sawn timber, 4,874 deals-T. P. Jordeson & Co. ; 1,512 deals-E. Tyer-Albion yard, 24 deals-Price & Pierce-Railway sheds",2,1,1886,9,1,1886,True,"2 Angelo -Memel-61,140 staves-Simson & Mason ; 29,062 staves-Tagart, Boyson, & Co. ; 1,815 deals, 294 pcs. sawn timber, 4,874 deals-T. P. Jordeson & Co. ; 1,512 deals-E. Tyer-Albion yard, 24 deals-Price & Pierce-Railway sheds"
18860109p25-26_p001.txt,175,Sitona,Uddevalla,SURREY COMMERCIAL DOCKS,"7,519 deals and battens",Esdaile & Co.,4,1,1886,9,1,1886,True,"4 Sitona -Uddevalla-7,519 deals and battens-Esdaile & Co."
18860109p25-26_p001.txt,177,Chimea,Pascagoula,MILLWALL DOCKS,"7,519 deals and boards",Order,2,1,1886,9,1,1886,False,"Jan. 2 Chimea - Pascagoula - 7,519 deals and boards-Order"
18860109p25-26_p001.txt,178,Hero,Christiania,MILLWALL DOCKS,"15,177 planed boards","Tagart & Co. ; 8,000 bdls. staves-Order",4,1,1886,9,1,1886,True,"4 Hero -Christiania-15,177 planed boards-Tagart & Co. ; 8,000 bdls. staves-Order"
18860109p25-26_p001.txt,181,Boston,Boston,VICTORIA DOCKS,"3,315 staves",Order,2,1,1886,9,1,1886,True,"Jan. 2 Boston -Boston-3,315 staves-Order"
18860109p25-26_p001.txt,184,Strauss,Bremen,VICTORIA DOCKS,953 beech planks,Grover & Grover,4,1,1886,9,1,1886,True,Jan. 4 Strauss -Bremen-953 beech planks-Grover & Grover
18860109p25-26_p001.txt,186,Caledonia,Boston,ROYAL ALBERT DOCKS,"1,200 staves",Order,4,1,1886,9,1,1886,True,"Jan. 4 Caledonia -Boston-1,200 staves-Order"
18860109p25-26_p001.txt,187,Denmark,New York,ROYAL ALBERT DOCKS,"2,019 staves, 900 oars, 7 cs. handles, 159 bdls. lumber, 250 handspikes, 191 bdls. wood",Order,5,1,1886,9,1,1886,True,"5 Denmark -New York-2,019 staves, 900 oars, 7 cs. handles, 159 bdls. lumber, 250 handspikes, 191 bdls. wood-Order"
18860109p25-26_p001.txt,189,Agder,Skien,MIDDLESBROUGH,264 pcs. hewn fir,P. H. Matthiessen & Co.,29,12,1886,9,1,1886,False,Dec. 29 Agder-Skien-264 pcs. hewn fir-P. H. Matthiessen & Co.
18860109p25-26_p001.txt,190,Viken,Brevig,MIDDLESBROUGH,"2,725 props",Matthiessen,30,12,1886,9,1,1886,False,"30 Viken-Brevig-2,725 props-Matthiessen"
18860109p25-26_p001.txt,192,Fleur de Marie,Vannes,NEWPORT,107 lds. pit,wood-Newport Pitwood Co.,28,12,1886,9,1,1886,False,Dec. 28 Fleur de Marie-Vannes-107 lds. pit-wood-Newport Pitwood Co.
18860109p25-26_p001.txt,195,Jeanne Marie,Lorient,NEWPORT,229 lds. pitwood,Budd & Co.,29,12,1886,9,1,1886,False,29 Jeanne Marie-Lorient-229 lds. pitwood-Budd & Co.
18860109p25-26_p001.txt,199,Ines,Bayonne,NEWPORT,150 lds. pitwood,Budd & Co.,30,12,1886,9,1,1886,False,30 Ines-Bayonne-150 lds. pitwood-Budd & Co.
18860109p25-26_p001.txt,201,Lady Mostyn,Bayonne,NEWPORT,750 lds. pitwood,Newport Pitwood Co.,1,1,1886,9,1,1886,False,Jan. 1 Lady Mostyn-Bayonne-750 lds. pitwood-Newport Pitwood Co.
18860109p25-26_p001.txt,202,Thomas Coats,Bordeaux,NEWPORT,"1,000 lds. pit",wood-T. Beynon & Co.,2,1,1886,9,1,1886,True,"2 Thomas Coats -Bordeaux-1,000 lds. pit-wood-T. Beynon & Co."
18860109p25-26_p001.txt,204,Zamora,Portland (O.),PLYMOUTH,"1,100 boards",Master,30,12,1886,9,1,1886,False,"Dec. 30 Zamora-Portland (O.)-1,100 boards-Master"
18860109p25-26_p001.txt,206,Astracana,Mobile,SOUTHAMPTON,"494 pcs. hewn fir, 1,641 pcs. sawn fir",J. Horn,1,1,1886,9,1,1886,False,"Jan. 1 Astracana-Mobile-494 pcs. hewn fir, 1,641 pcs. sawn fir-J. Horn"
18860109p25-26_p001.txt,208,Avena,Uddevalla,SUNDERLAND,"72,897 pcs. pit",wood-Rayner & Moller,30,12,1886,9,1,1886,True,"Dec. 30 Avena -Uddevalla-72,897 pcs. pit-wood-Rayner & Moller"
18860109p25-26_p001.txt,209,Triton,Gothenburg,SUNDERLAND,"45,186 pcs. pit",wood-Barker & Bell,4,1,1886,9,1,1886,True,"Jan. 4 Triton -Gothenburg-45,186 pcs. pit-wood-Barker & Bell"
18860109p25-26_p001.txt,211,Adela,Bordeaux,SWANSEA,264 lds. pitwood,T. Robinson,29,12,1886,9,1,1886,False,Dec. 29 Adela-Bordeaux-264 lds. pitwood-T. Robinson
18860109p25-26_p001.txt,216,Theophil Felix,Bordeaux,SWANSEA,140 lds. props,John Jones & Co.,31,12,1886,9,1,1886,False,31 Theophil Felix-Bordeaux-140 lds. props-John Jones & Co.
18860109p25-26_p001.txt,218,Odin,Christiania,TYNE,110 lds. crown trees,Order,30,12,1886,9,1,1886,True,Dec. 30 Odin -Christiania-110 lds. crown trees-Order
18860109p25-26_p001.txt,219,Grenadier,Rotterdam,TYNE,"1,900 bdls. hoops",Order,4,1,1886,9,1,1886,True,"Jan. 4 Grenadier -Rotterdam-1,900 bdls. hoops-Order"
18860109p25-26_p002.txt,5,Hiawatha — Bay Verte,"12,156 deals and deal ends",BELFAST,Dixon & Sons,,29,12,1886,9,1,1886,False,"Dec. 29 Hiawatha — Bay Verte-12,156 deals and deal ends-Dixon & Sons"
18860109p25-26_p002.txt,8,Antoinette,"Yarmouth, N.S.",DUBLIN,"20,618 deals and ends",Loch & Woods,30,12,1886,9,1,1886,False,"Dec. 30 Antoinette-Yarmouth, N.S.-20,618 deals and ends-Loch & Woods"
18860109p25-26_p002.txt,11,Black Head,Riga,LONDONDERRY,"7,754 pcs. lathwood",Heyn & Sons,28,12,1886,9,1,1886,False,"Dec. 28 Black Head-Riga-7,754 pcs. lathwood -Heyn & Sons"
18860109p25-26_p002.txt,15,Ruby,Riga,DUNDEE,"4,728 pcs. lathwood",Slimman & Robertson,2,1,1886,9,1,1886,False,"Jan. 2 Ruby - Riga-4,728 pcs. lathwood-Slimman & Robertson"
18860109p25-26_p002.txt,19,Chandos,New York,GLASGOW,134 brl. pipe staves,Order,29,12,1886,9,1,1886,True,Dec. 29 Chandos -New York-134 brl. pipe staves-Order
18860109p25-26_p002.txt,21,India,New York,GLASGOW,386 pcs. oak lumber,James Kennedy & Co.,2,1,1886,9,1,1886,True,Jan. 2 India -New York-386 pcs. oak lumber -James Kennedy & Co.
18860109p25-26_p002.txt,25,Excelsior,Mobile,GREENOCK,"740 pcs. pitch pine, 768 deals",Wright & Breakenridge,29,12,1886,9,1,1886,False,"Dec. 29 Excelsior-Mobile-740 pcs. pitch pine, 768 deals-Wright & Breakenridge"
18860109p25-26_p002.txt,26,Canute,Mobile,GREENOCK,"812 pcs. hewn pitch pine, 122 pcs. hewn timber, 15 spars, 687 deals",Wright & Breakenridge,2,1,1886,9,1,1886,False,"Jan. 2 Canute-Mobile-812 pcs. hewn pitch pine, 122 pcs. hewn timber, 15 spars, 687 deals-Wright & Breakenridge"
18860109p25-26_p002.txt,29,Mascotte,Rotterdam,LEITH,"1,190 bdls. wood hoops",Gibson & Co.,2,1,1886,9,1,1886,False,"Jan. 2 Mascotte-Rotterdam-1,190 bdls. wood hoops-Gibson & Co."
18860109p25-26_p002.txt,30,Amethyst,Riga,LEITH,"8,753 deals",Blaik & Co.,4,1,1886,9,1,1886,True,"4 Amethyst -Riga-8,753 deals-Blaik & Co."
18880107p16-17_p001.txt,38,John Wesley,Fredrikstad,BRISTOL,"1,383,390 staves, 5,171 boards",Order,2,1,1888,7,1,1888,False,"Jan. 2 John Wesley-Fredrikstad-1,383,390 staves, 5,171 boards-Order"
18880107p16-17_p001.txt,40,Eberstein,Bordeaux,CARDIFF,"1,000 lds. pitwood",G. N. Jessen,27,12,1888,7,1,1888,True,"Dec. 27 Eberstein -Bordeaux-1,000 lds. pitwood-G. N. Jessen"
18880107p16-17_p001.txt,45,Birgette,Skutskar,CARDIFF,"17,240 deals",Alexanders,28,12,1888,7,1,1888,False,"28 Birgette-Skutskar-17,240 deals-Alexanders"
18880107p16-17_p001.txt,48,Notre Dame de Bon Secour,Arcachon,CARDIFF,170 lds. pitwood,Order,29,12,1888,7,1,1888,False,29 Notre Dame de Bon Secour-Arcachon-170 lds. pitwood-Order
18880107p16-17_p001.txt,49,Gironde,Bordeaux,CARDIFF,850 lds. pitwood,Simkin,30,12,1888,7,1,1888,False,30 Gironde-Bordeaux-850 lds. pitwood-Simkin
18880107p16-17_p001.txt,53,Albino,Bordeaux,CARDIFF,"1,260 lds. pitwood",Simkin Bros.,31,12,1888,7,1,1888,False,"31 Albino-Bordeaux-1,260 lds. pitwood-Simkin Bros."
18880107p16-17_p001.txt,59,Adga,Oscarshamn,GLOUCESTER,"17,176 pcs. hewn fir",G. Horsley & Co.,27,12,1888,7,1,1888,False,"Dec. 27 Adga-Oscarshamn-17,176 pcs. hewn fir-G. Horsley & Co."
18880107p16-17_p001.txt,60,Panscivita,Danzig,GLOUCESTER,"425 pcs. hewn oak, 1,197 oak staves","Price, Walker, & Co.",30,12,1888,7,1,1888,False,"30 Panscivita-Danzig-425 pcs. hewn oak, 1,197 oak staves-Price, Walker, & Co."
18880107p16-17_p001.txt,63,Baltic,Westerwik,GRIMSBY,"8,348 pcs. sawn fir",Bennett & Co.,29,12,1888,7,1,1888,False,"Dec. 29 Baltic-Westerwik-8,348 pcs. sawn fir-Bennett & Co."
18880107p16-17_p001.txt,65,Jane Cory,Riga,IPSWICH,"3,699 pcs. lathwood",W. Brown & Son,31,12,1888,7,1,1888,False,"Dec. 31 Jane Cory-Riga-3,699 pcs. lathwood-W. Brown & Son"
18880107p16-17_p001.txt,67,Coral Queen,Gothenburg,HARTLEPOOL (WEST),"20,766 props, 4,500 bdls. laths, 200 lds. fir sleepers",T. Barraclough,27,12,1888,7,1,1888,True,"Dec. 27 Coral Queen -Gothenburg-20,766 props, 4,500 bdls. laths, 200 lds. fir sleepers-T. Barraclough"
18880107p16-17_p001.txt,76,Galileo,New York,HULL,"2,400 staves","Wilson, Sons, & Co.",29,12,1888,7,1,1888,True,"Dec. 29 Galileo -New York-2,400 staves-Wilson, Sons, & Co."
18880107p16-17_p001.txt,81,Grodno,Riga,HULL,"7,316 deals",Order,30,12,1888,7,1,1888,True,"30 Grodno -Riga-7,316 deals-Order"
18880107p16-17_p001.txt,90,Arizona,Sheet Harbour,LANCASTER,"16,164 deals, boards, and ends",G. Blades,30,12,1888,7,1,1888,False,"Dec. 30 Arizona-Sheet Harbour-16,164 deals, boards, and ends-G. Blades"
18880107p16-17_p001.txt,92,Ohio,New York,LIVERPOOL,"2,531 bdls. and 2,536 pcs. staves",Consignees,29,12,1888,7,1,1888,True,"Dec. 29 Ohio -New York-2,531 bdls. and 2,536 pcs. staves-Consignees"
18880107p16-17_p001.txt,93,Rallus,Rotterdam 900 bdls. hoops,LIVERPOOL,Order,,30,12,1888,7,1,1888,True,30 Rallus -Rotterdam 900 bdls. hoops-Order
18880107p16-17_p001.txt,94,Catalonia,Boston,LIVERPOOL,"3,000 staves",Order,30,12,1888,7,1,1888,True,"30 Catalonia -Boston-3,000 staves-Order"
18880107p16-17_p001.txt,98,Lake Superior,Boston,LIVERPOOL,"1,053 Canada butt staves",Churchill & Sim ; 33 cs. spokes-Burgess & Co.,31,12,1888,7,1,1888,True,"31 Lake Superior -Boston-1,053 Canada butt staves-Churchill & Sim ; 33 cs. spokes-Burgess & Co."
18880107p16-17_p001.txt,103,Mercutio,Riga,SURREY COMMERCIAL DOCKS,13 stds. deals,E. Order,4,1,1888,7,1,1888,True,Jan. 4 Mercutio -Riga-13 stds. deals-E. Order
18880107p16-17_p001.txt,105,Loch Leven,Riga,MILLWALL DOCKS,"1,452 battens, 2,319 strips",Order,29,12,1888,7,1,1888,True,"Dec. 29 Loch Leven -Riga-1,452 battens, 2,319 strips-Order"
18880107p16-17_p001.txt,106,Lydian Monarch,New York,MILLWALL DOCKS,"1,310 staves","Churchill & Sim ; 459 pcs. oak-G. Kennedy & Co. ; 250 pcs. oak-Canadian Bank of Commerce ; 850 bdls. oak staves, 2,666 oak strips-Order",30,12,1888,7,1,1888,True,"30 Lydian Monarch -New York-1,310 staves-Churchill & Sim ; 459 pcs. oak-G. Kennedy & Co. ; 250 pcs. oak-Canadian Bank of Commerce ; 850 bdls. oak staves, 2,666 oak strips-Order"
18880107p16-17_p001.txt,107,Wolga,Stettin,MILLWALL DOCKS,113 bdls. firwood,Berlin Forwarding Co.,31,12,1888,7,1,1888,True,31 Wolga -Stettin-113 bdls. firwood-Berlin Forwarding Co.
18880107p16-17_p001.txt,108,Cameo,Christiania,MILLWALL DOCKS,254 bgs. blocks,"J. Keen ; 10,310 boards-296,400 staves-Churchill & Sim ; 174 bdls. box boards-Order",2,1,1888,7,1,1888,True,"Jan. 2 Cameo -Christiania-254 bgs. blocks-J. Keen ; 10,310 boards-296,400 staves-Churchill & Sim ; 174 bdls. box boards-Order"
18880107p16-17_p001.txt,110,Prins Oscar,Gothenburg,MILLWALL DOCKS,113 doz. deals,"Prier Wotton, & Co. ; 522 doz. deals, 818 doz battens, 15 prs. oars, 10 doz. rickers, 12 poles-Order",4,1,1888,7,1,1888,True,"4 Prins Oscar -Gothenburg-113 doz. deals-Prier Wotton, & Co. ; 522 doz. deals, 818 doz battens, 15 prs. oars, 10 doz. rickers, 12 poles-Order"
18880107p16-17_p001.txt,114,Haabet,Drammen,ROCHESTER,"450,626 staves","Burham Brick, Lime, & Cement Co. ; 725,314 staves-Wouldham Cement Co.",27,12,1888,7,1,1888,False,"Dec. 27 Haabet-Drammen-450,626 staves-Burham Brick, Lime, & Cement Co. ; 725,314 staves-Wouldham Cement Co."
18880107p16-17_p001.txt,115,Johann Friedrich,Danzig,ROCHESTER,895 fir deck planks,"Denny, Mott, & Dickson ; 331 pcs. fir, 352 fir crossings, 103 fir half-sleepers-Churchill & Sim",28,12,1888,7,1,1888,False,"28 Johann Friedrich-Danzig-895 fir deck planks-Denny, Mott, & Dickson ; 331 pcs. fir, 352 fir crossings, 103 fir half-sleepers-Churchill & Sim"
18880107p16-17_p001.txt,116,Era,Dordt,ROCHESTER,"8,078 bdls. split hoops",Bridge Cement Co.,2,1,1888,7,1,1888,False,"Jan. 2 Era-Dordt-8,078 bdls. split hoops-Bridge Cement Co."
18880107p16-17_p001.txt,118,Ida,Gefle,STOCKTON,"10,659 deals, battens, and boards","Forster, Brotherton, & Co.",28,12,1888,7,1,1888,False,"Dec. 28 Ida-Gefle-10,659 deals, battens, and boards-Forster, Brotherton, & Co."
18880107p16-17_p001.txt,120,Enigheden,Holmestrand,SUNDERLAND,"14,000 pit",props-Rayner & Moller,27,12,1888,7,1,1888,False,"Dec. 27 Enigheden - Holmestrand - 14,000 pit-props-Rayner & Moller"
18880107p16-17_p001.txt,123,Argus,Stettin,SUNDERLAND,467 pcs. hewn oak,Short Bros,28,12,1888,7,1,1888,False,28 Argus-Stettin-467 pcs. hewn oak-Short Bros
18880107p16-17_p001.txt,126,Friederike Marie,Stettin,SUNDERLAND,402 pcs. hewn oak,Short Bros.,29,12,1888,7,1,1888,False,29 Friederike Marie-Stettin-402 pcs. hewn oak-Short Bros.
18880107p16-17_p001.txt,128,Ida,Christiania,SUNDERLAND,"7,209 spars, 9,499 staves",Marquis of Londonderry,31,12,1888,7,1,1888,False,"31 Ida-Christiania-7,209 spars, 9,499 staves-Marquis of Londonderry"
18880107p16-17_p001.txt,130,Earl of Durham,Ostend,SUNDERLAND,"13,000 props",T. J. Reay,2,1,1888,7,1,1888,True,"Jan. 2 Earl of Durham -Ostend-13,000 props-T. J. Reay"
18880107p16-17_p001.txt,132,Valin,Bayonne,SWANSEA,850 lds. pitwood,Llynvi & Co.,27,12,1888,7,1,1888,True,Dec. 27 Valin -Bayonne-850 lds. pitwood-Llynvi & Co.
18880107p16-17_p001.txt,133,Marie Henriette,Bordeaux,SWANSEA,150 lds. hewn fir,Williams & Co.,28,12,1888,7,1,1888,False,28 Marie Henriette-Bordeaux-150 lds. hewn fir-Williams & Co.
18880107p16-17_p001.txt,134,Helena,Fredrikstad,SWANSEA,"24,277 pcs. hewn fir","Jno. Glasbrook, Sons, & Co.",29,12,1888,7,1,1888,False,"29 Helena-Fredrikstad-24,277 pcs. hewn fir-Jno. Glasbrook, Sons, & Co."
18880107p16-17_p001.txt,136,Emma Marie,Bayonne,SWANSEA,110 lds. pitwood,William Davies & Co.,30,12,1888,7,1,1888,False,30 Emma Marie-Bayonne-110 lds. pitwood-William Davies & Co.
18880107p16-17_p001.txt,140,Emma,Bordeaux,SWANSEA,210 lds. hewn fir,W. G. Fox & Co.,31,12,1888,7,1,1888,False,31 Emma-Bordeaux-210 lds. hewn fir-W. G. Fox & Co.
18880107p16-17_p001.txt,141,Lucie Marie,Bordeaux,SWANSEA,180 lds. hewn fir,W. G. Fox & Co.,2,1,1888,7,1,1888,False,Jan. 2 Lucie Marie-Bordeaux-180 lds. hewn fir-W. G. Fox & Co.
18880107p16-17_p001.txt,146,Odin,Christiania,TYNE,"120 pcs. square timber, 88 lds. props, 2 bdls. wood",Order,27,12,1888,7,1,1888,True,"Dec. 27 Odin -Christiania-120 pcs. square timber, 88 lds. props, 2 bdls. wood-Order"
18880107p16-17_p002.txt,3,Haabet,Drammen,ROCHESTER,"450,625 Burham Brick, Lime, & Cement Co. ; 725,314 staves",Wouldham Cement Co.,27,12,1888,7,1,1888,False,"Dec. 27 Haabet-Drammen-450,625 Burham Brick, Lime, & Cement Co. ; 725,314 staves-Wouldham Cement Co."
18880107p16-17_p002.txt,4,Johann Friedrich,Danzig,ROCHESTER,825 fir deck deals,"Denny, Mott, & Dickson; 331 pcs. fir, 352 fir crossings, 103 fir half-deals-Churchill & Sim",28,12,1888,7,1,1888,False,"28 Johann Friedrich-Danzig-825 fir deck deals -Denny, Mott, & Dickson; 331 pcs. fir, 352 fir crossings, 103 fir half-deals-Churchill & Sim"
18880107p16-17_p002.txt,5,Era,Dordt,ROCHESTER,"8,078 bdls. hoops",London Bridge Cement Co.,2,1,1888,7,1,1888,False,"Jan. 2 Era-Dordt-8,078 bdls. hoops-London Bridge Cement Co."
18880107p16-17_p002.txt,7,Ida,Gefle,STOCKTON,"10,659 deals, battens, and boards","Forster, Brotherton, & Co.",28,12,1888,7,1,1888,False,"Dec. 28 Ida-Gefle-10,659 deals, battens, and boards-Forster, Brotherton, & Co."
18880107p16-17_p002.txt,9,Enigheden,Holmestrand,SUNDERLAND,"11,496 pcs. pit",props-Rayner & Moller,27,12,1888,7,1,1888,False,"Dec. 27 Enigheden-Holmestrand-11,496 pcs. pit-props-Rayner & Moller"
18880107p16-17_p002.txt,12,Argus,Stettin,SUNDERLAND,467 pcs. hewn oak,Short Bros.,28,12,1888,7,1,1888,False,28 Argus-Stettin-467 pcs. hewn oak-Short Bros.
18880107p16-17_p002.txt,15,Friederike Marie,Stettin,SUNDERLAND,402 pcs. hewn oak,Short Bros.,29,12,1888,7,1,1888,False,29 Friederike Marie-Stettin-402 pcs. hewn oak -Short Bros.
18880107p16-17_p002.txt,17,Ida,Christiania,SUNDERLAND,"7,209 spars, 9,499 sleepers, 471 pit",props-Marquis of Londonderry,31,12,1888,7,1,1888,False,"31 Ida-Christiania-7,209 spars, 9,499 sleepers, 471 pit-props-Marquis of Londonderry"
18880107p16-17_p002.txt,19,Earl of Durham,Ostend,SUNDERLAND,"13,000 pit",props-T. J. Reay,2,1,1888,7,1,1888,True,"Jan. 2 Earl of Durham -Ostend-13,000 pit-props-T. J. Reay"
18880107p16-17_p002.txt,21,Valin,Bayonne,SWANSEA,850 lds. pitwood,Llynvi & Co.,27,12,1888,7,1,1888,True,Dec. 27 Valin -Bayonne-850 lds. pitwood-Llynvi & Co.
18880107p16-17_p002.txt,22,Marie Henriette,Bordeaux,SWANSEA,150 lds. hewn fir,Williams & Co.,28,12,1888,7,1,1888,False,28 Marie Henriette-Bordeaux-150 lds. hewn fir-Williams & Co.
18880107p16-17_p002.txt,23,Helena,Fredrikstad,SWANSEA,"24,277 pcs. sawn fir","Jno. Glasbrook, Sons, & Co.",29,12,1888,7,1,1888,False,"29 Helena-Fredrikstad-24,277 pcs. sawn fir-Jno. Glasbrook, Sons, & Co."
18880107p16-17_p002.txt,25,Emma Marie,Bayonne,SWANSEA,110 lds. hewn fir,William Davies & Co.,30,12,1888,7,1,1888,False,30 Emma Marie-Bayonne-110 lds. hewn fir-William Davies & Co.
18880107p16-17_p002.txt,29,Emma,Bordeaux,SWANSEA,210 lds. hewn,fir-Davies & Co.,31,12,1888,7,1,1888,False,31 Emma-Bordeaux-210 lds. hewn-fir-Davies & Co.
18880107p16-17_p002.txt,30,Lucie Marie,Bordeaux,SWANSEA,180 lds. hewn fir,W. G. Fox & Co.,2,1,1888,7,1,1888,False,Jan. 2 Lucie Marie-Bordeaux-180 lds. hewn fir-W. G. Fox & Co.
18880107p16-17_p002.txt,35,Odin,Christiania,TYNE,"120 lds. mining timber, 88 lds. props, 2 bdls. wood samples",Order,27,12,1888,7,1,1888,True,"Dec. 27 Odin -Christiania-120 lds. mining timber, 88 lds. props, 2 bdls. wood samples -Order"
18900111p.4.txt,13,Scandinavia,Skien,ALLOA,"6,130 pit props",Jas. Kennedy & Co.,30,12,1890,11,1,1890,False,"Dec. 30 Scandinavia-Skien-6,130 pit props-Jas. Kennedy & Co."
18900111p.4.txt,15,Louise,Laurvig,ALLOA,"21,058 pit props",Kirkwood,31,12,1890,11,1,1890,False,"31 Louise-Laurvig-21,058 pit props-Kirkwood"
18900111p.4.txt,16,S. J. Lund,Laurvig,ALLOA,"16,148 pit props",Kirkwood & Co.,2,1,1890,11,1,1890,False,"Jan. 2 S. J. Lund-Laurvig-16,148 pit props-Kirkwood & Co."
18900111p.4.txt,17,Martha,Risoer,ALLOA,"15,395 props, 551 deals",Madsen & Borch,3,1,1890,11,1,1890,False,"3 Martha-Risoer-15,395 props, 551 deals-Madsen & Borch"
18900111p.4.txt,18,Faders Minde,Krageroe,ALLOA,"12,943 props",Madsen & Borch,6,1,1890,11,1,1890,False,"6 Faders Minde-Krageroe-12,943 props-Madsen & Borch"
18900111p.4.txt,21,Cæsar,Falkenberg,BORROWSTOUNNESS,"8,865 pit props",Love & Stewart,31,12,1890,11,1,1890,False,"Dec. 31 Cæsar-Falkenberg-8,865 pit props-Love & Stewart"
18900111p.4.txt,23,Sella,Holmestrand,BORROWSTOUNNESS,"10,499 pcs. pitwood",Stevenson & Drynan,2,1,1890,11,1,1890,False,"Jan. 2 Sella-Holmestrand-10,499 pcs. pitwood-Stevenson & Drynan"
18900111p.4.txt,25,Eliezer,Gothenburg,BORROWSTOUNNESS,"7,432 pcs. pitwood",J. Denholm & Co.,6,1,1890,11,1,1890,False,"6 Eliezer-Gothenburg-7,432 pcs. pitwood-J. Denholm & Co."
18900111p.4.txt,28,Lorenzo,Mobile,DUNDEE,"40 pcs. hewn fir, 12,376 pcs. sawn fir",Bell & Sime,6,1,1890,11,1,1890,False,"Jan. 6 Lorenzo-Mobile-40 pcs. hewn fir, 12,376 pcs. sawn fir-Bell & Sime"
18900111p.4.txt,32,Serica,Baltimore,GLASGOW,847 pcs. oak lumber,"R. Hamilton & Co. ; 25 logs walnut, 3,438 pcs. walnut, 5,975 staves-Order",31,12,1890,11,1,1890,False,"Dec. 31 Serica-Baltimore-847 pcs. oak lumber-R. Hamilton & Co. ; 25 logs walnut, 3,438 pcs. walnut, 5,975 staves-Order"
18900111p.4.txt,35,Anchoria,New York,GLASGOW,"80 pcs. oak lumber, 2,200 hhd. staves, 1,827 brl. staves, 6,031 half",brl. staves-Order,2,1,1890,11,1,1890,False,"Jan. 2 Anchoria-New York-80 pcs. oak lumber, 2,200 hhd. staves, 1,827 brl. staves, 6,031 half-brl. staves-Order"
18900111p.41.txt,8,Moltke,Memel,BOSTON,"8,300 sleeper blocks, 1,175 fir sleepers",A. Bruce & Co.,6,1,1890,11,1,1890,False,"Jan. 6 Moltke-Memel-8,300 sleeper blocks, 1,175 fir sleepers-A. Bruce & Co."
18900111p.41.txt,11,Norma,Stettin,CARDIFF,"557 pcs. oak, 288 pcs. sawn fir",John Bland & Co.,31,12,1890,11,1,1890,False,"Dec. 31 Norma-Stettin-557 pcs. oak, 288 pcs. sawn fir-John Bland & Co."
18900111p.41.txt,15,Austra,Riga,CARDIFF,733 lds. sawn fir,Bland,1,1,1890,11,1,1890,False,Jan. 1 Austra-Riga-733 lds. sawn fir-Bland
18900111p.41.txt,16,"Paquebot de Brest, No. 1",Douarnenez,CARDIFF,132 lds. pitwood,Order,2,1,1890,11,1,1890,False,"2 Paquebot de Brest, No. 1-Douarnenez-132 lds. pitwood-Order"
18900111p.41.txt,19,Nore,Uddevalla,CARDIFF,"32,483 props",C. Schroeter,3,1,1890,11,1,1890,False,"3 Nore-Uddevalla-32,483 props-C. Schroeter"
18900111p.41.txt,22,Lativija,Riga,CARDIFF,"1,916 pcs. sawn fir, 2,838 pcs. lathwood, 864 pcs. hewn fir, 375 fir sleepers",F. E. Aitken,4,1,1890,11,1,1890,False,"4 Lativija-Riga-1,916 pcs. sawn fir, 2,838 pcs. lathwood, 864 pcs. hewn fir, 375 fir sleepers-F. E. Aitken"
18900111p.41.txt,23,Tabor,Risoer,CARDIFF,300 lds. pitwood,Wm. Thomas,6,1,1890,11,1,1890,False,6 Tabor-Risoer-300 lds. pitwood-Wm. Thomas
18900111p.41.txt,33,Physician,Gothenburg,CARNARVON,"878 deals, 7,117 flooring boards, 300 bdls. laths",Wm. Jones & Son,31,12,1890,11,1,1890,False,"Dec. 31 Physician-Gothenburg-878 deals, 7,117 flooring boards, 300 bdls. laths-Wm. Jones & Son"
18900111p.41.txt,34,Rosa Harriett,Fredrikstad,CARNARVON,"16,098 flooring boards",H. Owen & Son,3,1,1890,11,1,1890,False,"Jan. 3 Rosa Harriett-Fredrikstad-16,098 flooring boards-H. Owen & Son"
18900111p.41.txt,37,Sigrid,Porsgrund,CHESTER,"3,451 props",Wm. Williams,2,1,1890,11,1,1890,False,"Jan. 2 Sigrid-Porsgrund-3,451 props-Wm. Williams"
18900111p.41.txt,38,Kong Sverre,Krageroe,CHESTER,"3,559",props-Wm. Williams,6,1,1890,11,1,1890,False,"6 Kong Sverre-Krageroe-3,559-props-Wm. Williams"
18900111p.41.txt,41,Tirfing,Drammen,DOVER,"33,517 fir boards, 526 spars and poles",Wm. Crundall & Co.,6,1,1890,11,1,1890,False,"Jan. 6 Tirfing-Drammen-33,517 fir boards, 526 spars and poles-Wm. Crundall & Co."
18900111p.41.txt,44,Lord Hamilton,Dunkirk,EXETER,221 pcs. hornbeam,"West of England Iron, Timber, and Charcoal Co.",4,1,1890,11,1,1890,False,"Jan. 4 Lord Hamilton-Dunkirk-221 pcs. hornbeam-West of England Iron, Timber, and Charcoal Co."
18900111p.41.txt,47,Magnum,Sheet Harbour,FLEETWOOD,"3,773 birch deals, 26,157 deals",A. Naas,31,12,1890,11,1,1890,False,"Dec. 31 Magnum-Sheet Harbour-3,773 birch deals, 26,157 deals-A. Naas"
18900111p.41.txt,48,Australia,San Francisco,FLEETWOOD,30 lds. sawn fir,J. N. Ward & Son,2,1,1890,11,1,1890,False,Jan. 2 Australia-San Francisco-30 lds. sawn fir-J. N. Ward & Son
18900111p.41.txt,51,Middleton,Christiania,GOOLE,"13,838 pcs. sawn fir",W. Anny & Co.,2,1,1890,11,1,1890,False,"Jan. 2 Middleton-Christiania-13,838 pcs. sawn fir-W. Anny & Co."
18900111p.41.txt,54,Sappho,Riga,GRIMSBY,"4,850 deals","Chapman & Co. ; 4,226 deals, 10,913 pcs. lathwood-Bennetts & Co.",31,12,1890,11,1,1890,True,"Dec. 31 Sappho -Riga-4,850 deals-Chapman & Co. ; 4,226 deals, 10,913 pcs. lathwood-Bennetts & Co."
18900111p.41.txt,57,Framat,Fredrikshald,HARTLEPOOL (WEST),"46,931 props",Pearson & Co.,31,12,1890,11,1,1890,False,"Dec. 31 Framat-Fredrikshald-46,931 props-Pearson & Co."
18920102p.13_p001.txt,7,Hjalmar,Gothenburg,BARNSTAPLE,"6,344 deals and battens, 1,571 bdls. laths",A. J. Craig,23,12,1892,2,1,1892,False,"Dec. 23 Hjalmar-Gothenburg-6,344 deals and battens, 1,571 bdls. laths-A. J. Craig"
18920102p.13_p001.txt,10,Gazellen,Mandal,BERWICK,80 lds. barrel staves,F. Edricsson,28,12,1892,2,1,1892,False,Dec. 28 Gazellen-Mandal-80 lds. barrel staves-F. Edricsson
18920102p.13_p001.txt,13,Glenmanna,Memel,BOSTON,"5,950 sleepers, 700 fir sleeper blocks, 700 fir sleepers",A. Bruce & Co.,23,12,1892,2,1,1892,True,"Dec. 23 Glenmanna -Memel-5,950 sleepers, 700 fir sleeper blocks, 700 fir sleepers-A. Bruce & Co."
18920102p.13_p001.txt,16,Bayard,Christiania,BRISTOL,"46,032 boards and battens",Jones & Wainwright,21,12,1892,2,1,1892,False,"Dec. 21 Bayard-Christiania-46,032 boards and battens-Jones & Wainwright"
18920102p.13_p001.txt,17,Friuit Girl,"Harbor Grace, Newfoundland",BRISTOL,qty. dunnage wood,C. T. Bennett,24,12,1892,2,1,1892,False,"24 Friuit Girl-Harbor Grace, Newfoundland-qty. dunnage wood-C. T. Bennett"
18920102p.13_p001.txt,18,Sultana,"St. John, N.B.",BRISTOL,"1,252 scantlings, 18,084 deals and battens, 3,527 deal ends","Bancroft, Harris, & Budgett",30,12,1892,2,1,1892,False,"30 Sultana-St. John, N.B.-1,252 scantlings, 18,084 deals and battens, 3,527 deal ends-Bancroft, Harris, & Budgett"
18920102p.13_p001.txt,21,Marima,Memel,CARDIFF,"1,446 pcs. sawn fir, 1,235 fir deals, 600 pcs. hewn oak","Robinson, David, & Co.; 3,000 staves-Taylor & Low Bros.; 600 staves-T. B. & S. Batchelor & Co.",22,12,1892,2,1,1892,True,"Dec. 22 Marima -Memel-1,446 pcs. sawn fir, 1,235 fir deals, 600 pcs. hewn oak-Robinson, David, & Co.; 3,000 staves-Taylor & Low Bros.; 600 staves-T. B. & S. Batchelor & Co."
18920102p.13_p001.txt,26,Darent,Bordeaux,CARDIFF,800 lds. pitwood,Simkin Bros.,23,12,1892,2,1,1892,False,23 Darent-Bordeaux-800 lds. pitwood-Simkin Bros.
18920102p.13_p001.txt,32,Ursula,Auray,CARDIFF,160 lds. pitwood,Moral Bros.,24,12,1892,2,1,1892,False,24 Ursula-Auray-160 lds. pitwood-Moral Bros.
18920102p.13_p001.txt,33,Aludra,Bordeaux,CARDIFF,"1,200 lds. pitwood",Simkin Bros.,28,12,1892,2,1,1892,False,"28 Aludra-Bordeaux-1,200 lds. pitwood-Simkin Bros."
18920102p.13_p001.txt,54,Pilgrim,Fredrikstad,DOUGLAS,"18,653 flooring boards",Saw-mill Co.,24,12,1892,2,1,1892,False,"Dec. 24 Pilgrim-Fredrikstad-18,653 flooring boards-Saw-mill Co."
18920102p.13_p001.txt,60,Caspian,Charlotte Town (P.E.I.),GLOUCESTER,"5,529 pcs. sawn fir",Goodwin & Roman,28,12,1892,2,1,1892,False,"Dec. 28 Caspian-Charlotte Town (P.E.I.)-5,529 pcs. sawn fir-Goodwin & Roman"
18920102p.13_p001.txt,63,Wharfe,Rotterdam,GOOLE,"2,332 hoops",Goole Steam-hip Co.,28,12,1892,2,1,1892,False,"Dec. 28 Wharfe-Rotterdam-2,332 hoops-Goole Steam-hip Co."
18920102p.13_p001.txt,67,Northenden,Rotterdam,GRIMSBY,"4,402 bdls. hoops",John Sutcliffe & Son,24,12,1892,2,1,1892,False,"Dec. 24 Northenden-Rotterdam-4,402 bdls. hoops-John Sutcliffe & Son"
18920102p.13_p001.txt,68,Emma & Robert,Riga,GRIMSBY,63 lds. lathwood,Wintringham & Son,23,12,1892,2,1,1892,False,23 Emma & Robert-Riga-63 lds. lathwood-Wintringham & Son
18920102p.13_p001.txt,69,Duchess,Riga,GRIMSBY,"16,100 fir sleepers",Burt,28,12,1892,2,1,1892,True,"28 Duchess -Riga-16,100 fir sleepers-Burt"
18920102p.13_p001.txt,77,Capella,Memel,HARTLEPOOL (WEST),"70,508 staves",Pickford & Co.,22,12,1892,2,1,1892,True,"Dec. 22 Capella -Memel-70,508 staves-Pickford & Co."
18920102p.13_p001.txt,80,Luneburg,Memel,HARTLEPOOL (WEST),"233,096 staves",Pickford & Co.,23,12,1892,2,1,1892,True,"23 Luneburg -Memel-233,096 staves-Pickford & Co."
18920102p.13_p001.txt,81,Lufra,Grimstadt,HARTLEPOOL (WEST),"5,737 pcs. hewn fir","W. Baird, & Co.",28,12,1892,2,1,1892,False,"28 Lufra-Grimstadt-5,737 pcs. hewn fir-W. Baird, & Co."
18920102p.13_p002.txt,5,Historian,"Halifax, N.S.",THE TIMBER TRADES JOURNAL,701 pcs. lumber,"Bryce, Junor, & Co.",29,1,1892,2,1,1892,True,"29 Historian -Halifax, N.S.-701 pcs. lumber-Bryce, Junor, & Co."
18920102p.13_p002.txt,6,Ludgate Hill,New York,THE TIMBER TRADES JOURNAL,"1,506 pcs. lumber","B. F. Dowdeswell; 32 bxs. lumber-Amberg File & Index Co.; 24 cs. mouldings-S. H. Dodge & Co.; 1,348 bdls. staves-Order",30,1,1892,2,1,1892,True,"30 Ludgate Hill -New York-1,506 pcs. lumber-B. F. Dowdeswell; 32 bxs. lumber-Amberg File & Index Co.; 24 cs. mouldings-S. H. Dodge & Co.; 1,348 bdls. staves-Order"
18920102p.13_p002.txt,9,Glenorchy,Singapore,WEST INDIA DOCK,"50 lgs., 908 planks timber","Rahang Exploration & Development Co., Ld.",28,12,1892,2,1,1892,True,"Dec. 28 Glenorchy -Singapore-50 lgs., 908 planks timber-Rahang Exploration & Development Co., Ld."
18920102p.13_p002.txt,10,Oamana,Auckland 29 pcs. timber,WEST INDIA DOCK,Barker,,29,12,1892,2,1,1892,False,29 Oamana-Auckland 29 pcs. timber-Barker
18920102p.13_p002.txt,12,Cues,Messina,OTHER DOCKS AND WHARVES,1 bdl. hoops,Order,28,12,1892,2,1,1892,True,Dec. 28 Cues -Messina-1 bdl. hoops-Order
18920102p.13_p002.txt,18,Fredensborg,Memel,OTHER DOCKS AND WHARVES,"14,077 sleeper blocks",Order,1,12,1892,2,1,1892,True,"1 Fredensborg  - Memel-14,077 sleeper blocks-Order"
18920102p.13_p002.txt,21,Amelia,Blaye,LLANELLY,162 lds. pitwood,Nevill,22,12,1892,2,1,1892,False,Dec. 22 Amelia-Blaye-162 lds. pitwood-Nevill
18920102p.13_p002.txt,24,Commerzienrath Fowler,Memel,LOWESTOFT,"7,277 fir sleeper blocks, 875 half",square fir sleepers-Charles Calder & Co.,24,12,1892,2,1,1892,True,"Dec. 24 Commerzienrath Fowler -Memel-7,277 fir sleeper blocks, 875 half-square fir sleepers-Charles Calder & Co."
18920102p.13_p002.txt,27,Leda,Gothenburg,MIDDLESBROUGH,"17,018 pit props, 6,942 sawn fir sleepers",Watson & Co.,24,12,1892,2,1,1892,False,"Dec. 24 Leda-Gothenburg-17,018 pit props, 6,942 sawn fir sleepers-Watson & Co."
18920102p.13_p002.txt,30,Petit Joseph,Auray,NEWPORT,179 lds. pit props,Budd & Co.,23,12,1892,2,1,1892,False,Dec. 23 Petit Joseph-Auray-179 lds. pit props-Budd & Co.
18920102p.13_p002.txt,34,Thomas Coats,Bordeaux,NEWPORT,"1,100 lds. pitwood",Newport Pitwood Co.,24,12,1892,2,1,1892,True,"24 Thomas Coats -Bordeaux-1,100 lds. pitwood-Newport Pitwood Co."
18920102p.13_p002.txt,35,Paul,Auray,NEWPORT,240 lds. pit props,Tapson,28,12,1892,2,1,1892,False,28 Paul-Auray-240 lds. pit props-Tapson
18920102p.13_p002.txt,40,Gerda,Pitea,PLYMOUTH,"20,865 pcs. sawn fir",Fox,24,12,1892,2,1,1892,False,"Dec. 24 Gerda-Pitea-20,865 pcs. sawn fir-Fox"
18920102p.13_p002.txt,43,Embla,Gothenburg,RAMSGATE,"7,216 deals and battens",William Crundall & Co.,24,12,1892,2,1,1892,False,"Dec. 24 Embla-Gothenburg-7,216 deals and battens-William Crundall & Co."
18920102p.13_p002.txt,46,Wavelet,Soderhamn,SHOREHAM,"3,434 deals and battens, 16,848 fir boards, 85,000 fir laths, 173 lds. firewood",Peerless & Sons,22,12,1892,2,1,1892,False,"Dec. 22 Wavelet-Soderhamn-3,434 deals and battens, 16,848 fir boards, 85,000 fir laths, 173 lds. firewood-Peerless & Sons"
18920102p.13_p002.txt,49,Mas Job,Biga,SOUTHAMPTON,"17,431 pcs. sawn fir",Dolton,24,12,1892,2,1,1892,False,"Dec. 24 Mas Job-Biga-17,431 pcs. sawn fir-Dolton"
18920102p.13_p002.txt,52,Beta,Rangoon,SUNDERLAND,"3,975 teak blocks",Hoat & Brown,23,12,1892,2,1,1892,False,"Dec. 23 Beta-Rangoon-3,975 teak blocks-Hoat & Brown"
18920102p.13_p002.txt,53,Progress,Memel,SUNDERLAND,"5,218 fir deals","Short; 9,343 fir deals and ends-Joseph Thompson & Co. ; 2,713 fir deals and ends-Thos. Elliot & Sons",24,12,1892,2,1,1892,True,"24 Progress -Memel-5,218 fir deals-Short; 9,343 fir deals and ends-Joseph Thompson & Co. ; 2,713 fir deals and ends-Thos. Elliot & Sons"
18920102p.13_p002.txt,54,Lady Ann,Gothenburg,SUNDERLAND,"24,632 pit props, 19,054 fir splits",T. Nicholson,28,12,1892,2,1,1892,False,"28 Lady Ann-Gothenburg-24,632 pit props, 19,054 fir splits-T. Nicholson"
18920102p.13_p002.txt,60,Chateaubriand,Nantes,SWANSEA,350 lds. pitwood,A. T. O'Sullivan,22,12,1892,2,1,1892,False,Dec. 22 Chateaubriand-Nantes-350 lds. pitwood-A. T. O'Sullivan
18920102p.13_p002.txt,62,Deux Freres,Arcachon,SWANSEA,280 lds. pitwood,E. David,28,12,1892,2,1,1892,False,28 Deux Freres-Arcachon-280 lds. pitwood-E. David
18920102p.13_p002.txt,68,Munin,Gothenburg,TYNE,"156 lds. battens, 158 lds. pit props, 99 lds. deals and battens, 18 lds. sleepers, 89 bales pulpwood, 96 lds. pit props, 6 lds. mining timber, 42 lds. crowntrees",Order,15,12,1892,2,1,1892,True,"Dec. 15 Munin -Gothenburg-156 lds. battens, 158 lds. pit props, 99 lds. deals and battens, 18 lds. sleepers, 89 bales pulpwood, 96 lds. pit props, 6 lds. mining timber, 42 lds. crowntrees-Order"
18920102p.13_p002.txt,69,John Ornston,Hamburg,TYNE,3 cs. mouldings,Tyne Steam Shipping Co.,18,12,1892,2,1,1892,True,18 John Ornston -Hamburg-3 cs. mouldings-Tyne Steam Shipping Co.
18920123p.5.txt,5,Thea,Wanevik,ABERDEEN,5 lds. firewood,Townsend,16,1,1892,23,1,1892,False,Jan. 16 Thea-Wanevik-5 lds. firewood-Townsend
18920123p.5.txt,7,Concordia,Laurvig,ALLOA,"10,362 pit props",Kirkwood & Co.,18,1,1892,23,1,1892,False,"Jan. 18 Concordia-Laurvig-10,362 pit props-Kirkwood & Co."
18920123p.5.txt,8,Nina,Skien,ALLOA,"25,882 pit props",Kirkwood,14,1,1892,23,1,1892,False,"14 Nina-Skien-25,882 pit props-Kirkwood"
18920123p.5.txt,9,Christian,Fredrikshald,ALLOA,"7,430 pit props",Love & Stewart,18,1,1892,23,1,1892,False,"18 Christian-Fredrikshald-7,430 pit props-Love & Stewart"
18920123p.5.txt,10,Marie,Risoer,ALLOA,"26,682 pit props",Cowdenbeath Coal Co.,18,1,1892,23,1,1892,False,"18 Marie-Risoer-26,682 pit props-Cowdenbeath Coal Co."
18920123p.5.txt,11,Fride,Memel,ALLOA,"45,870 oak staves",Haldane,18,1,1892,23,1,1892,False,"18 Fride-Memel-45,870 oak staves-Haldane"
18920123p.5.txt,12,Catherina,Risoer,ALLOA,"9,875 pit props",Cowdenbeath Coal Co.,18,1,1892,23,1,1892,False,"18 Catherina-Risoer-9,875 pit props-Cowdenbeath Coal Co."
18920123p.5.txt,13,De Trende Brodre,Fredrikshald,ALLOA,"15,596 pit props",Love & Stewart,18,1,1892,23,1,1892,False,"18 De Trende Brodre-Fredrikshald-15,596 pit props-Love & Stewart"
18920123p.5.txt,15,Frederiksborg,Riga,ARBROATH,"5,515 pcs. lathwood",Slimman & Robertson,15,1,1892,23,1,1892,True,"Jan. 15 Frederiksborg -Riga-5,515 pcs. lathwood-Slimman & Robertson"
18920123p.5.txt,17,Petrus,Fredrikshald,AYR,"49,938 props",Love & Stewart,15,1,1892,23,1,1892,False,"Jan. 15 Petrus-Fredrikshald-49,938 props-Love & Stewart"
18920123p.5.txt,19,Oscar Eriksen,Holmestrand,BORROWSTOUNNESS,"14,405 fir props","J. S. Dymock, Smith, & Co.",16,1,1892,23,1,1892,False,"Jan. 16 Oscar Eriksen-Holmestrand-14,405 fir props-J. S. Dymock, Smith, & Co."
18920123p.5.txt,21,St. Olaf,Drontheim,FRASERBURGH,"263,000 fir staves, 655 deals and battens",T. D. Will,18,1,1892,23,1,1892,True,"Jan. 18 St. Olaf -Drontheim-263,000 fir staves, 655 deals and battens-T. D. Will"
18920123p.5.txt,23,Accomac,Baltimore,GLASGOW,"504 pcs. oak lumber, 9,480 staves","Wright & Breakenridge; 363 oak planks-Allison, Cousland, & Co.; 100 oak planks, 12 walnut logs-Singleton, Dunn, & Co.; 13 oak logs, 23 walnut logs-J. Kennedy & Co.; 12 oak logs-Edmiston & Mitchells; 2",11,1,1892,23,1,1892,False,"Jan. 11 Accomac-Baltimore-504 pcs. oak lumber, 9,480 staves-Wright & Breakenridge; 363 oak planks-Allison, Cousland, & Co.; 100 oak planks, 12 walnut logs-Singleton, Dunn, & Co.; 13 oak logs, 23 walnut logs-J. Kennedy & Co.; 12 oak logs-Edmiston & Mitchells; 251 poplar planks, 84 oak planks, 405 pcs. oak-Order"
18920123p.5.txt,25,Furnessia,New York,GLASGOW,402 pcs. oak lumber,"Edmiston & Mitchells; 530 pcs. oak lumber, 3,600 hhd. staves-Order",18,1,1892,23,1,1892,False,"18 Furnessia-New York-402 pcs. oak lumber-Edmiston & Mitchells; 530 pcs. oak lumber, 3,600 hhd. staves-Order"
18920123p.5.txt,26,Corean,Boston,GLASGOW,"4,800 barrel staves","Thomas Kerr & Co.; 2,156 pine boards-Allison, Cousland, & Co.",11,1,1892,23,1,1892,False,"11 Corean-Boston-4,800 barrel staves-Thomas Kerr & Co.; 2,156 pine boards-Allison, Cousland, & Co."
18920123p.5.txt,27,Hibernian,Philadelphia,GLASGOW,"1,000 hhd. staves",Edmiston & Mitchells,16,1,1892,23,1,1892,False,"16 Hibernian-Philadelphia-1,000 hhd. staves-Edmiston & Mitchells"
18920123p.5.txt,30,Toronto,Libau,GRANGEMOUTH,"8,350 deals",McPherson,16,1,1892,23,1,1892,False,"Jan. 16 Toronto-Libau-8,350 deals-McPherson"
18920123p.5.txt,32,Frithiof,Gothenburg,GRANTON,"13,868 props",C. Salvesen & Co.,12,1,1892,23,1,1892,True,"Jan. 12 Frithiof -Gothenburg-13,868 props-C. Salvesen & Co."
18920123p.5.txt,35,Kingsdale,New York,LEITH,"1,800 staves",H. Blaik & Co.,12,1,1892,23,1,1892,False,"Jan. 12 Kingsdale-New York-1,800 staves-H. Blaik & Co."
18920123p.5.txt,41,St. Olaf,Drontheim,PETERHEAD,"7,885 fir battens",C. Carnegie,12,1,1892,23,1,1892,True,"Jan. 12 St. Olaf -Drontheim-7,885 fir battens-C. Carnegie"
18920123p.5.txt,47,Toronto,Libau,PETERHEAD,"25,000 deals",McPherson,16,1,1892,23,1,1892,False,"Jan. 16 Toronto-Libau-25,000 deals-McPherson"
18920123p.5.txt,48,C. Salvesen,Gothenburg,PETERHEAD,"43,960 props",C. Salvesen & Co.,18,1,1892,23,1,1892,True,"Jan. 18 C. Salvesen -Gothenburg-43,960 props-C. Salvesen & Co."
18920123p.5.txt,49,Olaf Trygvesen,Mandal,PETERHEAD,"10 lds. pit props, 244 pcs. mining timber",Madsen & Borch,18,1,1892,23,1,1892,False,"Jan. 18 Olaf Trygvesen-Mandal-10 lds. pit props, 244 pcs. mining timber-Madsen & Borch"
18920123p.5.txt,50,Kingsdale,New York,PETERHEAD,"1,800 staves",H. Blaik & Co.,18,1,1892,23,1,1892,False,"Jan. 18 Kingsdale-New York-1,800 staves-H. Blaik & Co."
18920123p.5.txt,51,Tortona,Libau,PETERHEAD,75 pcs. hewn fir,Currie,18,1,1892,23,1,1892,True,18 Tortona -Libau-75 pcs. hewn fir-Currie
18920123p.5.txt,52,Ennismore,Riga,PETERHEAD,"14,905 deals",Cormack,18,1,1892,23,1,1892,True,"18 Ennismore -Riga-14,905 deals-Cormack"
18920123p.5.txt,53,Martinson,Riga,PETERHEAD,"619 fir logs, 3,489 fir deals",A. Garland & Roger,18,1,1892,23,1,1892,False,"18 Martinson-Riga-619 fir logs, 3,489 fir deals-A. Garland & Roger"
18920123p.5.txt,54,St. Olaf,Drontheim,PETERHEAD,"7,885 fir battens",C. Carnegie,12,1,1892,23,1,1892,True,"Jan. 12 St. Olaf -Drontheim-7,885 fir battens-C. Carnegie"
18920123p.5.txt,55,Hanna,Mandal,PETERHEAD,"85,000 birch staves",Leask,15,1,1892,23,1,1892,False,"15 Hanna-Mandal-85,000 birch staves-Leask"
