source_file,line_number,ship_name,origin_port,destination_port,cargo,merchant,arrival_day,arrival_month,arrival_year,publication_day,publication_month,publication_year,is_steamship,format_type,confidence,raw_line
18931118p.2_p001.txt,5,Timber Merchants and,Saw,CORK,millers,,30,Oct,1893,18,November,1893,False,condensed,0.9,"Timber Merchants and Saw-millers,"
18931118p.2_p001.txt,18,Telegraphic,Address,INVERNESS,"""TIMBER, INVERNESS.""",,30,Oct,1893,18,November,1893,False,condensed,1.0,"Telegraphic Address—""TIMBER, INVERNESS."""
18931118p.2_p001.txt,62,SD sawn yellow,,GREENOCK,pine 20 lgs 1 1,,30,Oct,1893,18,November,1893,False,condensed,0.9,10 SD sawn yellow pine— 20 lgs 1 1
18931118p.2_p001.txt,65,SD Quebec,,GREENOCK,oak 26 lgs 7½,,30,Oct,1893,18,November,1893,False,condensed,0.9,30 SD Quebec oak— 26 lgs 7½
18931118p.2_p001.txt,96,Magnus Lagaboter,Sundswall,GREENOCK,"401 lds. fir hewn, 407 lds. fir sawn-J. Fleming & Co.",J. Fleming & Co.,11,Nov,1893,18,November,1893,False,standard_dash,0.9,"Nov. 11 Magnus Lagaboter—Sundswall-401 lds. fir hewn, 407 lds. fir sawn—J. Fleming & Co."
18931118p.2_p001.txt,97,Richard Cobden,Lofvik,GREENOCK,"585 lds. deals, battens, &c., 48 lds. firewood-G. Gordon & Co.",G. Gordon & Co.,11,Nov,1893,18,November,1893,False,condensed,0.9,"Richard Cobden-Lofvik-585 lds. deals, battens, &c., 48 lds. firewood-G. Gordon & Co."
18931118p.2_p001.txt,98,Sophie,Fredrikvoern,GREENOCK,6 lds. firewood-C. Ludwig & Co.,C. Ludwig & Co.,11,Nov,1893,18,November,1893,False,condensed,0.9,Sophie - Fredrikvoern - 6 lds. firewood-C. Ludwig & Co.
18931118p.2_p001.txt,99,Nielsine,Wanevik,GREENOCK,5 lds.firewood-Ludwig,Ludwig,11,Nov,1893,18,November,1893,True,condensed,0.9,Nielsine (s)-Wanevik-5 lds.firewood-Ludwig
18931118p.2_p001.txt,101,Dovre,Fredrikshald,GREENOCK,"455 lds. pit props-Rennie, Bryson, & Co.","Rennie, Bryson, & Co.",10,Nov,1893,18,November,1893,False,standard_dash,0.9,"Nov. 10 Dovre-Fredrikshald-455 lds. pit props-Rennie, Bryson, & Co."
18931118p.2_p001.txt,102,Ansgar,Memel,GREENOCK,131 lds. oak staves-Pearson,Pearson,10,Nov,1893,18,November,1893,False,condensed,0.9,Ansgar-Memel-131 lds. oak staves-Pearson
18931118p.2_p001.txt,103,Harriet,Risoer,GREENOCK,249 lds. pit props-Madsen,Madsen,11,Nov,1893,18,November,1893,False,condensed,0.9,11 Harriet-Risoer-249 lds. pit props-Madsen
18931118p.2_p001.txt,104,Immanuel,Brevig,GREENOCK,215 lds. pit props-Rennie,Rennie,10,Nov,1893,18,November,1893,False,condensed,0.9,Immanuel-Brevig-215 lds. pit props-Rennie
18931118p.2_p001.txt,105,Carl,Riga,GREENOCK,216 lds. pit props-Spowart & Co.,Spowart & Co.,10,Nov,1893,18,November,1893,False,condensed,0.9,Carl-Riga-216 lds. pit props-Spowart & Co.
18931118p.2_p001.txt,106,Isaak,Riga,GREENOCK,450 lds.pit props-Love & Stewart,Love & Stewart,10,Nov,1893,18,November,1893,False,condensed,0.9,Isaak-Riga-450 lds.pit props-Love & Stewart
18931118p.2_p001.txt,107,Karm,Halmstad,GREENOCK,490 lds. pit props-Love,Love,10,Nov,1893,18,November,1893,True,condensed,0.9,Karm (s)-Halmstad-490 lds. pit props-Love
18931118p.2_p001.txt,108,Magnet,Gothenburg,GREENOCK,"180 lds. pit props-Rennie, Bryson, & Co.","Rennie, Bryson, & Co.",10,Nov,1893,18,November,1893,False,condensed,0.9,"Magnet-Gothenburg-180 lds. pit props-Rennie, Bryson, & Co."
18931118p.2_p001.txt,109,Zephyr,Gothenburg,GREENOCK,"210 lds. pit props-Rennie, Bryson & Co.","Rennie, Bryson & Co.",13,Nov,1893,18,November,1893,False,condensed,0.9,"13 Zephyr-Gothenburg-210 lds. pit props-Rennie, Bryson & Co."
18931118p.2_p001.txt,110,Rota,Gothenburg,GREENOCK,150 lds. pit props-Rennie,Rennie,13,Nov,1893,18,November,1893,False,condensed,0.9,Rota-Gothenburg-150 lds. pit props-Rennie
18931118p.2_p001.txt,111,Maven,Skien,GREENOCK,120 lds. props-Love & Stewart,Love & Stewart,13,Nov,1893,18,November,1893,False,condensed,0.9,Maven-Skien-120 lds. props-Love & Stewart
18931118p.2_p001.txt,112,Larus,Risoer,GREENOCK,300 lds. pit props-Madsen,Madsen,13,Nov,1893,18,November,1893,False,condensed,0.9,Larus-Risoer-300 lds. pit props-Madsen
18931118p.2_p001.txt,114,Andrew Longmore,Stettin,GREENOCK,150 lds. hewn fir-A. R. Watson & Co.,A. R. Watson & Co.,10,Nov,1893,18,November,1893,False,standard_dash,0.9,Nov. 10 Andrew Longmore-Stettin-150 lds. hewn fir-A. R. Watson & Co.
18931118p.2_p001.txt,116,Noas,Riga,BO'NESS,375 lds. fir props-Love,Love,8,Nov,1893,18,November,1893,False,standard_dash,1.0,Nov. 8 Noas-Riga-375 lds. fir props-Love
18931118p.2_p001.txt,117,Johannes,Riga,BO'NESS,480 lds. fir props-Love,Love,10,Nov,1893,18,November,1893,False,condensed,1.0,10 Johannes-Riga-480 lds. fir props-Love
18931118p.2_p001.txt,118,Roeskilde,Christiania,BO'NESS,114 lds. fir pitwood-J. Denholm & Co.,J. Denholm & Co.,8,Nov,1893,18,November,1893,False,condensed,1.0,Roeskilde-Christiania-114 lds. fir pitwood-J. Denholm & Co.
18931118p.2_p001.txt,119,Fortuna,Christiania,BO'NESS,190 lds. fir props-J. Kennedy & Co.,J. Kennedy & Co.,8,Nov,1893,18,November,1893,False,condensed,1.0,Fortuna-Christiania-190 lds. fir props-J. Kennedy & Co.
18931118p.2_p001.txt,134,Alette,Halmstad,DUNDEE,200 lds. fir props-Love & Stewart,Love & Stewart,7,Nov,1893,18,November,1893,False,standard_dash,0.9,Nov. 7 Alette-Halmstad-200 lds. fir props-Love & Stewart
18931118p.2_p001.txt,135,Sirius,Halmstad,DUNDEE,186 lds. fir props-Love & Stewart,Love & Stewart,13,Nov,1893,18,November,1893,False,condensed,0.9,13 Sirius-Halmstad-186 lds. fir props-Love & Stewart
18931118p.2_p001.txt,136,Hungaria,Cronstadt,DUNDEE,"1,592 lds. battens and boards, 81 lds. firewood-Bell & Co.",Bell & Co.,13,Nov,1893,18,November,1893,True,condensed,0.9,"13 Hungaria (s)-Cronstadt-1,592 lds. battens and boards, 81 lds. firewood-Bell & Co."
18931118p.2_p001.txt,138,Carl X. V.,Gothenburg,DUNDEE,"8,450 pcs. fir props-C. Salvesen & Co.",C. Salvesen & Co.,7,Nov,1893,18,November,1893,False,standard_dash,0.9,"Nov. 7 Carl X. V.-Gothenburg-8,450 pcs. fir props-C. Salvesen & Co."
18931118p.2_p001.txt,139,Frank,Riga,DUNDEE,595 lds. fir deals and battens-Mitchell Thomson & Co.,Mitchell Thomson & Co.,10,Nov,1893,18,November,1893,False,condensed,0.9,10 Frank-Riga-595 lds. fir deals and battens-Mitchell Thomson & Co.
18931118p.2_p001.txt,140,Anna,Kragero,DUNDEE,93 lds. fir pitprops-A. Walker,A. Walker,7,Nov,1893,18,November,1893,False,condensed,0.9,Anna-Kragero-93 lds. fir pitprops-A. Walker
18931118p.2_p001.txt,141,Frithiof,Gothenburg,DUNDEE,167 lds. fir props-C. Salvesen & Co.,C. Salvesen & Co.,13,Nov,1893,18,November,1893,False,condensed,0.9,13 Frithiof-Gothenburg-167 lds. fir props-C. Salvesen & Co.
18931118p.2_p001.txt,142,Christine,Sundswall,DUNDEE,298 lds. fir battens-Mitchell Thomson & Co.,Mitchell Thomson & Co.,7,Nov,1893,18,November,1893,False,condensed,0.9,Christine-Sundswall-298 lds. fir battens-Mitchell Thomson & Co.
18931118p.2_p001.txt,143,Marie,Kragero,DUNDEE,4 lds. firewood-C. Salvesen,C. Salvesen,7,Nov,1893,18,November,1893,False,condensed,0.9,Marie-Kragero-4 lds. firewood-C. Salvesen
18931118p.2_p001.txt,145,Prussian,Boston,DUNDEE,"25 logs mahogany-Edmiston & Mitchells 5,100 staves-T. Kerr",Edmiston & Mitchells,7,Nov,1893,18,November,1893,False,standard_dash,0.9,"Nov. 7 Prussian-Boston-25 logs mahogany-Edmiston & Mitchells ; 5,100 staves-T. Kerr"
18931118p.2_p001.txt,146,Durani,Montreal,DUNDEE,"10,984 deals-Singleton, Dunn, & Co. 1,702 deal ends, 12,231 deals-Allison, Cousland, & Co. ; 880 deals-F. A. Lightbody","Singleton, Dunn, & Co.",7,Nov,1893,18,November,1893,False,condensed,0.9,"Durani - Montreal-10,984 deals-Singleton, Dunn, & Co. ; 1,702 deal ends, 12,231 deals-Allison, Cousland, & Co. ; 880 deals-F. A. Lightbody"
18931118p.2_p001.txt,147,Clack Nerano,New York,DUNDEE,"1,157 bdls. staves, 5,722 bdls. and 390 pipe staves, 62 bdls. mouldings",,7,Nov,1893,18,November,1893,False,condensed,0.9,"Clack Nerano-New York-1,157 bdls. staves, 5,722 bdls. and 390 pipe staves, 62 bdls. mouldings-Order"
18931118p.2_p001.txt,149,Veram,Baltimore,DUNDEE,"2,363 pcs. oak boards, 2,590 pcs. walnut boards-Wright, Graham, & Co. 1,787 pcs. oak-J. Kennedy & Co.; 29 poplar logs, 52 walnut logs, 13,334 pcs. walnut, 20 white oak logs, 897 white oak planks, 1,031 walnut boards-Edmiston & Mitchells ; 8 poplar logs, 113 logs walnut, 852 oak squares, 732 oak planks, 628 walnut boards-Cant & Kemp ; 1,282 pine deals, 357 oak planks-Allison, Cousland, & Co. ; 510 pcs ash, 338 pcs. poplar, 2,761 pcs oak, 100 logs walnut-T. Kerr & Co.","Wright, Graham, & Co.",7,Nov,1893,18,November,1893,False,condensed,0.9,"Veram-Baltimore-2,363 pcs. oak boards, 2,590 pcs. walnut boards-Wright, Graham, & Co. ; 1,787 pcs. oak-J. Kennedy & Co.; 29 poplar logs, 52 walnut logs, 13,334 pcs. walnut, 20 white oak logs, 897 white oak planks, 1,031 walnut boards-Edmiston & Mitchells ; 8 poplar logs, 113 logs walnut, 852 oak squares, 732 oak planks, 628 walnut boards-Cant & Kemp ; 1,282 pine deals, 357 oak planks-Allison, Cousland, & Co. ; 510 pcs ash, 338 pcs. poplar, 2,761 pcs oak, 100 logs walnut-T. Kerr & Co."
18931118p.2_p001.txt,150,State of California,New York,DUNDEE,"3,600 hhd. staves-R. Hamilton & Co. 10,500 pcs. lumber-Order",R. Hamilton & Co.,7,Nov,1893,18,November,1893,False,condensed,0.9,"State of California-New York-3,600 hhd. staves-R. Hamilton & Co.; 10,500 pcs. lumber-Order"
18931118p.2_p001.txt,152,Souvorostra,Pensacola,GREENOCK,"2,244 pcs. pipe timber, 418 pipe deals-F. Briggs & Co.",F. Briggs & Co.,6,Nov,1893,18,November,1893,False,standard_dash,0.9,"Nov. 6 Souvorostra-Pensacola-2,244 pcs. pipe timber, 418 pipe deals-F. Briggs & Co."
18931118p.2_p001.txt,154,Lembit,Cronstadt,GREENOCK,"9,955 deals-Salvesen",Salvesen,6,Nov,1893,18,November,1893,False,standard_dash,0.9,"Nov. 6 Lembit-Cronstadt-9,955 deals-Salvesen"
18931118p.2_p001.txt,155,Brigitte,Cronstadt,GREENOCK,"18,276 battens-Salvesen",Salvesen,6,Nov,1893,18,November,1893,False,condensed,0.9,"Brigitte-Cronstadt-18,276 battens-Salvesen"
18931118p.2_p001.txt,156,Alexander,Riga,GREENOCK,"10,571 deals and battens-M'Pherson & M'Laren",M'Pherson & M'Laren,6,Nov,1893,18,November,1893,False,condensed,0.9,"Alexander-Riga-10,571 deals and battens-M'Pherson & M'Laren"
18931118p.2_p001.txt,157,Carmelita,Sundswall,GREENOCK,"13,668 battens, 570 spars-P. & J. Wilkie",P. & J. Wilkie,8,Nov,1893,18,November,1893,False,condensed,0.9,"8 Carmelita-Sundswall-13,668 battens, 570 spars-P. & J. Wilkie"
18931118p.2_p001.txt,158,Gustaf,Sundswall,GREENOCK,"18,844 deals and battens-W. Young & Co.",W. Young & Co.,6,Nov,1893,18,November,1893,False,condensed,0.9,"Gustaf-Sundswall-18,844 deals and battens-W. Young & Co."
18931118p.2_p001.txt,159,Anna Lina,Riga,GREENOCK,"774 pcs. timber, 1,370 deals-P. & J. Wilkie",P. & J. Wilkie,6,Nov,1893,18,November,1893,False,condensed,0.9,"Anna Lina-Riga-774 pcs. timber, 1,370 deals-P. & J. Wilkie"
18931118p.2_p001.txt,160,Mobil,Danzig,GREENOCK,691 logs timber-J. T. Salvesen,J. T. Salvesen,10,Nov,1893,18,November,1893,False,condensed,0.9,10 Mobil-Danzig-691 logs timber-J. T. Salvesen
18931118p.2_p001.txt,161,Eden,Riga,GREENOCK,"11,531 deals and battens-Young",Young,10,Nov,1893,18,November,1893,False,condensed,0.9,"Eden-Riga-11,531 deals and battens-Young"
18931118p.2_p001.txt,162,Julianhaab,Borga,GREENOCK,"10,594 battens and boards-J. Baird & Co.",J. Baird & Co.,11,Nov,1893,18,November,1893,False,condensed,0.9,"11 Julianhaab-Borga-10,594 battens and boards-J. Baird & Co."
18931118p.2_p001.txt,163,Bertha,Fredrikshald,GREENOCK,"1,308 props, 17,128 headings-Love & Stewart",Love & Stewart,11,Nov,1893,18,November,1893,False,condensed,0.9,"Bertha - Fredrikshald - 1,308 props, 17,128 headings-Love & Stewart"
18931118p.2_p001.txt,165,Eleanore,Christiana,GREENOCK,198 lds. fir pit props-Lochgelly Iron & Coal Co.,Lochgelly Iron & Coal Co.,9,Nov,1893,18,November,1893,False,standard_dash,0.9,Nov. 9 Eleanore-Christiana-198 lds. fir pit props-Lochgelly Iron & Coal Co.
18931118p.2_p001.txt,166,Berger,Figeholm,GREENOCK,270 lds. fir pit props-J. Budge,J. Budge,10,Nov,1893,18,November,1893,False,condensed,0.9,10 Berger-Figeholm-270 lds. fir pit props-J. Budge
18931118p.2_p001.txt,168,Gyldenlove,Cronstadt,GREENOCK,581 lds. fir battens-J. Mitchell & Co.,J. Mitchell & Co.,9,Nov,1893,18,November,1893,False,standard_dash,0.9,Nov. 9 Gyldenlove-Cronstadt - 581 lds. fir battens-J. Mitchell & Co.
18931118p.2_p001.txt,169,Alma,Ljusne,GREENOCK,"482 lds. fir battens and deals-Park, Dobson, & Co.","Park, Dobson, & Co.",9,Nov,1893,18,November,1893,False,condensed,0.9,"Alma-Ljusne-482 lds. fir battens and deals-Park, Dobson, & Co."
18931118p.2_p001.txt,170,Britannia,Rotterdam,GREENOCK,1 bd. hoops-G. Gibson,G. Gibson,9,Nov,1893,18,November,1893,False,condensed,0.9,Britannia-Rotterdam-1 bd. hoops-G. Gibson
18931118p.2_p001.txt,171,Regubuen,Cronstadt,GREENOCK,"553 lds. fir battens-Park, Dobson, & Co.","Park, Dobson, & Co.",9,Nov,1893,18,November,1893,False,condensed,0.9,"Regubuen-Cronstadt-553 lds. fir battens-Park, Dobson, & Co."
18931118p.2_p001.txt,172,Carl,Cronstadt,GREENOCK,"460 lds. fir battens and deals-Park, Dobson, & Co.","Park, Dobson, & Co.",9,Nov,1893,18,November,1893,False,condensed,0.9,"Carl-Cronstadt-460 lds. fir battens and deals-Park, Dobson, & Co."
18931118p.2_p001.txt,173,Moscow,St. Petersburg,GREENOCK,"126 lds. lathwood, 756 lds. fir battens and deals, 130 lds. rickers-W. Thomson & Co.",W. Thomson & Co.,9,Nov,1893,18,November,1893,True,condensed,0.9,"Moscow (s)-St. Petersburg-126 lds. lathwood, 756 lds. fir battens and deals, 130 lds. rickers-W. Thomson & Co."
18931118p.2_p001.txt,174,Therese Horn,Memel,GREENOCK,300 lds. oak staves-C. Salvesen & Co.,C. Salvesen & Co.,9,Nov,1893,18,November,1893,True,condensed,0.9,Therese Horn (s)-Memel-300 lds. oak staves-C. Salvesen & Co.
18931118p.2_p001.txt,175,Ingeborg,Kotka,GREENOCK,"180 lds. sawn fir, 180 lds. scantlings, 52 lds. battens-Forslind & Rex.",Forslind & Rex.,9,Nov,1893,18,November,1893,False,condensed,0.9,"Ingeborg-Kotka-180 lds. sawn fir, 180 lds. scantlings, 52 lds. battens-Forslind & Rex."
18931118p.2_p001.txt,200,Glasgow Veneer,Saw,IRON FENCING,Mills.,,9,Nov,1893,18,November,1893,False,condensed,0.9,Glasgow Veneer Saw-Mills.
18931118p.2_p002.txt,11,Alette,Hernösand,SUPPLEMENT,200 lds fir props,,9,Nov,1893,18,November,1893,False,condensed,0.9,Alette-Hernösand-200 lds fir props
18931118p.2_p002.txt,14,MISSING_FROM_OCR,Helsingfors,SUPPLEMENT,"181 lds fir deals-Park, Dobson, & Co.","Park, Dobson, & Co.",9,Nov,1893,18,November,1893,False,condensed,0.9,"Helsingfors-181 lds fir deals-Park, Dobson, & Co."
18931118p.2_p002.txt,17,Dobson & Co.,,SUPPLEMENT,and 314 lds fir deals and battens firewood-Forslind & Rex,Forslind & Rex,9,Nov,1893,18,November,1893,False,condensed,0.9,Dobson & Co. and-314 lds fir deals and battens firewood-Forslind & Rex
18931118p.2_p002.txt,22,Carl X. V.,Gothenburg,SUPPLEMENT,"8,430 props-C. Salvesen & Co.",C. Salvesen & Co.,7,Nov,1893,18,November,1893,False,standard_dash,0.9,"Nov. 7 Carl X. V.-Gothenburg-8,430 props-C. Salvesen & Co."
18931118p.2_p002.txt,23,Frisk,Riga,SUPPLEMENT,595 lds. fir deals and boards-Mitchell Thomson & Co.,Mitchell Thomson & Co.,10,Nov,1893,18,November,1893,False,condensed,0.9,10 Frisk-Riga-595 lds. fir deals and boards-Mitchell Thomson & Co.
18931118p.2_p002.txt,24,Anne,Kragero,SUPPLEMENT,93 lds. fir pitprop and firewood-Mitchell Thomson & Co.,Mitchell Thomson & Co.,7,Nov,1893,18,November,1893,False,condensed,0.9,Anne-Kragero-93 lds. fir pitprop and firewood-Mitchell Thomson & Co.
18931118p.2_p002.txt,25,Frithiof,Gothenburg,SUPPLEMENT,167 lds fir props-Salvesen & Co.,Salvesen & Co.,13,Nov,1893,18,November,1893,False,condensed,0.9,13 Frithiof-Gothenburg-167 lds fir props-Salvesen & Co.
18931118p.2_p002.txt,26,Christine,Sundswall,SUPPLEMENT,298 lds. fir deals-Mitchell Thomson & Co.,Mitchell Thomson & Co.,7,Nov,1893,18,November,1893,False,condensed,0.9,Christine-Sundswall-298 lds. fir deals-Mitchell Thomson & Co.
18931118p.2_p002.txt,27,Ane,Kragero,SUPPLEMENT,4 lds firewood-C. Salvesen,C. Salvesen,7,Nov,1893,18,November,1893,False,condensed,0.9,Ane-Kragero-4 lds firewood-C. Salvesen
18931118p.2_p002.txt,30,Prussian,Boston,SUPPLEMENT,"25 logs maple-Edmiston & Mitchells 5,100 staves-Order",Edmiston & Mitchells,7,Nov,1893,18,November,1893,False,standard_dash,0.9,"Nov. 7 Prussian-Boston-25 logs maple-Edmiston & Mitchells; 5,100 staves-Order"
18931118p.2_p002.txt,31,Indrani,Montreal,SUPPLEMENT,"10,984 deals-Dunn, & Co. 1,702 deal ends, 12,531 deals-Allison, Cousland, & Co; 880 deals-Lightbody","Dunn, & Co.",8,Nov,1893,18,November,1893,False,condensed,0.9,"8 Indrani - Montreal-10,984 deals-Dunn, & Co.; 1,702 deal ends, 12,531 deals-Allison, Cousland, & Co; 880 deals-Lightbody"
18931118p.2_p002.txt,32,New,York,SUPPLEMENT,"1,157 bdls. dowels, 1 hhd. and 390 pipe staves, 62 bdls. headings",,7,Nov,1893,18,November,1893,False,condensed,0.9,"New York-1,157 bdls. dowels, 1 hhd. and 390 pipe staves, 62 bdls. headings-Order"
18931118p.2_p002.txt,34,Neram,Baltimore,SUPPLEMENT,"2,363 pcs. oak scantling, 4,590 pcs. walnut boards-Wright Graham & Co. 1,787 pcs. oak-J. Kennedy & Co.; 29 poplar logs, 52 walnut logs, 113 logs walnut, 20 white oak logs, 897 white oak planks, 1,031 walnut boards-Edmiston & Mitchells; 8 poplar logs, 113 logs maple, 852 oak squares, 732 oak plank, 94 logs nut boards-Cant & Kemp; 1,262 pcs. ash and boards, 357 oak planks-Allison, Cousland, & Co.; 510 pcs ash, 338 pcs. poplar, 2,761 pcs. ash, 100 logs walnut-T. Kerr & Co.",Wright Graham & Co.,13,Nov,1893,18,November,1893,False,condensed,0.9,"13 Neram-Baltimore-2,363 pcs. oak scantling, 4,590 pcs. walnut boards-Wright Graham & Co.; 1,787 pcs. oak-J. Kennedy & Co.; 29 poplar logs, 52 walnut logs, 113 logs walnut, 20 white oak logs, 897 white oak planks, 1,031 walnut boards-Edmiston & Mitchells; 8 poplar logs, 113 logs maple, 852 oak squares, 732 oak plank, 94 logs nut boards-Cant & Kemp; 1,262 pcs. ash and boards, 357 oak planks-Allison, Cousland, & Co.; 510 pcs ash, 338 pcs. poplar, 2,761 pcs. ash, 100 logs walnut-T. Kerr & Co."
18931118p.2_p002.txt,35,State of California,New York,SUPPLEMENT,"4,610 pipe staves-R. Hamilton & Co. 10,500 pipe staves-Order",R. Hamilton & Co.,13,Nov,1893,18,November,1893,False,condensed,0.9,"State of California-New York-4,610 pipe staves-R. Hamilton & Co.; 10,500 pipe staves-Order"
18931118p.2_p002.txt,38,Souvorostra,Pensacola,GREENOCK,"2,241 pcs pitch pine timber, 418 pipe deals-F. Briggs & Co.",F. Briggs & Co.,6,Nov,1893,18,November,1893,False,standard_dash,0.9,"Nov. 6 Souvorostra-Pensacola-2,241 pcs pitch pine timber, 418 pipe deals-F. Briggs & Co."
18931118p.2_p002.txt,41,Lembit,Cronstadt,GREENOCK,"9,955 deals-Salvesen & Co.",Salvesen & Co.,6,Nov,1893,18,November,1893,False,standard_dash,0.9,"Nov. 6 Lembit-Cronstadt-9,955 deals-Salvesen & Co."
18931118p.2_p002.txt,42,Birgitte,Cronstadt,GREENOCK,"18,276 battens-Salvesen & Co.",Salvesen & Co.,8,Nov,1893,18,November,1893,False,condensed,0.9,"8 Birgitte-Cronstadt-18,276 battens-Salvesen & Co."
18931118p.2_p002.txt,43,Alexander,Riga,GREENOCK,"10,571 deals and battens-M'Pherson & M'Laren",M'Pherson & M'Laren,6,Nov,1893,18,November,1893,False,condensed,0.9,"Alexander-Riga-10,571 deals and battens-M'Pherson & M'Laren"
18931118p.2_p002.txt,44,Carmelita,Sundswall,GREENOCK,"13,668 battens and spars-P. & J. Wilkie",P. & J. Wilkie,10,Nov,1893,18,November,1893,False,condensed,0.9,"10 Carmelita-Sundswall-13,668 battens and spars-P. & J. Wilkie"
18931118p.2_p002.txt,45,Gustaf,Sundswall,GREENOCK,"18,844 deals and battens-W. Young & Co.",W. Young & Co.,6,Nov,1893,18,November,1893,False,condensed,0.9,"Gustaf-Sundswall-18,844 deals and battens-W. Young & Co."
18931118p.2_p002.txt,46,Anna Lina,Riga,GREENOCK,"774 pcs timber, 1,701 deals-P. & J. Wilkie",P. & J. Wilkie,6,Nov,1893,18,November,1893,False,condensed,0.9,"Anna Lina-Riga-774 pcs timber, 1,701 deals-P. & J. Wilkie"
18931118p.2_p002.txt,47,Mobil,Danzig,GREENOCK,691 logs timber-J. T. Salvesen,J. T. Salvesen,6,Nov,1893,18,November,1893,False,condensed,0.9,Mobil-Danzig-691 logs timber-J. T. Salvesen
18931118p.2_p002.txt,48,Eden,Riga,GREENOCK,"11,531 deals and battens-T. B. Callander",T. B. Callander,11,Nov,1893,18,November,1893,False,condensed,0.9,"11 Eden-Riga-11,531 deals and battens-T. B. Callander"
18931118p.2_p002.txt,49,Julianhaab,Borga,GREENOCK,"10,594 battens and boards-J. Baird & Co.",J. Baird & Co.,11,Nov,1893,18,November,1893,False,condensed,0.9,"Julianhaab-Borga-10,594 battens and boards-J. Baird & Co."
18931118p.2_p002.txt,50,Bertha,Fredrikshald,GREENOCK,"1,308 props, deals, and headings-Love & Stewart",Love & Stewart,11,Nov,1893,18,November,1893,False,condensed,0.9,"Bertha-Fredrikshald-1,308 props, deals, and headings-Love & Stewart"
18931118p.2_p002.txt,53,Eleanore,Christiania,GREENOCK,19 lds fir props-Lochgelly Iron & Coal Co.,Lochgelly Iron & Coal Co.,9,Nov,1893,18,November,1893,False,standard_dash,0.9,Nov. 9 Eleanore-Christiania-19 lds fir props-Lochgelly Iron & Coal Co.
18931118p.2_p002.txt,54,Jorgen,Gothenburg,GREENOCK,120 lds. fir pit props-Budge,Budge,13,Nov,1893,18,November,1893,False,condensed,0.9,13 Jorgen-Gothenburg-120 lds. fir pit props-Budge
18931118p.2_p002.txt,57,Gyhlenlove,Cronstadt,GREENOCK,591 lds fir battens-J. Mitchell & Co.,J. Mitchell & Co.,9,Nov,1893,18,November,1893,False,condensed,0.9,Gyhlenlove-Cronstadt-591 lds fir battens-J. Mitchell & Co.
18931118p.2_p002.txt,58,Co.,Britannia,GREENOCK,Rotterdam 1 bl. hoops,,9,Nov,1893,18,November,1893,False,condensed,0.9,Co. Britannia-Rotterdam 1 bl. hoops-Order
18931118p.2_p002.txt,60,Regrubuen,Cronstadt,GREENOCK,"553 lds fir battens-Park, Dobson, & Co.","Park, Dobson, & Co.",10,Nov,1893,18,November,1893,False,condensed,0.9,"10 Regrubuen-Cronstadt-553 lds fir battens-Park, Dobson, & Co."
18931118p.2_p002.txt,61,Earl,Cronstadt,GREENOCK,"460 lds. fir battens-and deals-Park, Dobson, & Co.","and deals-Park, Dobson, & Co.",10,Nov,1893,18,November,1893,False,condensed,0.9,"Earl-Cronstadt-460 lds. fir battens-and deals-Park, Dobson, & Co."
18931118p.2_p002.txt,62,Moscow,St. Petersburg,GREENOCK,"120 lds. fir deals, 756 lds. fir battens and boards, 14 lds fir rickers-W. Thomson & Co.",W. Thomson & Co.,10,Nov,1893,18,November,1893,True,condensed,0.9,"Moscow (s)-St. Petersburg-120 lds. fir deals, 756 lds. fir battens and boards, 14 lds fir rickers-W. Thomson & Co."
18931118p.2_p002.txt,63,Therese Horn,Memel,GREENOCK,800 pcs fir sleepers-C. Salvesen & Co.,C. Salvesen & Co.,10,Nov,1893,18,November,1893,True,condensed,0.9,Therese Horn (s)-Memel-800 pcs fir sleepers-C. Salvesen & Co.
18931118p.2_p002.txt,64,Ingeborg,Kotka,GREENOCK,"180 lds fir deals, 80 lds fir scantlings, 52 lds battens-Forslind & Rex",Forslind & Rex,10,Nov,1893,18,November,1893,False,condensed,0.9,"Ingeborg-Kotka-180 lds fir deals, 80 lds fir scantlings, 52 lds battens-Forslind & Rex"
18931118p.2_p002.txt,67,Majorca,Libau,GREENOCK,"1,286 pcs oak staves-J Scott & Co.",J Scott & Co.,10,Nov,1893,18,November,1893,False,condensed,0.9,"Majorca-Libau-1,286 pcs oak staves-J Scott & Co."
18931118p.2_p002.txt,68,Ketil Motzfeldt,Christiania,GREENOCK,"1,886 lds deals and battens-J. T. Salvesen & Co.",J. T. Salvesen & Co.,11,Nov,1893,18,November,1893,False,condensed,0.9,"11 Ketil Motzfeldt-Christiania-1,886 lds deals and battens-J. T. Salvesen & Co."
18931118p.2_p002.txt,69,Emblem,Karholm,GREENOCK,"1,100 lds battens-Park, Dobson & Co.","Park, Dobson & Co.",11,Nov,1893,18,November,1893,False,condensed,0.9,"Emblem-Karholm-1,100 lds battens-Park, Dobson & Co."
18931118p.2_p002.txt,70,Pinix,Hernösand,GREENOCK,"344 lds deals and battens, 34 lds firewood-Forslind & Rex",Forslind & Rex,13,Nov,1893,18,November,1893,False,condensed,0.9,"13 Pinix-Hernösand-344 lds deals and battens, 34 lds firewood-Forslind & Rex"
18931118p.2_p002.txt,71,Louis,Helsingfors,GREENOCK,352 lds battens-Forslind & Rex,Forslind & Rex,13,Nov,1893,18,November,1893,False,condensed,0.9,Louis-Helsingfors-352 lds battens-Forslind & Rex
18931118p.2_p002.txt,73,Charlotte,Lulea,GREENOCK,320 lds deals and battens-Cameron & Co.,Cameron & Co.,13,Nov,1893,18,November,1893,False,standard_dash,0.9,Nov. 13 Charlotte-Lulea-320 lds deals and battens-Cameron & Co.
18931118p.2_p002.txt,74,Hilda,Lulea,GREENOCK,320 lds deals and battens-Cameron & Co.,Cameron & Co.,13,Nov,1893,18,November,1893,False,condensed,0.9,Hilda-Lulea-320 lds deals and battens-Cameron & Co.
18931118p.2_p002.txt,77,Amethyst,Riga,DUNDEE,"446 lds. fir deals-P. M. Sime 1,888 pcs lathwood-W. Kinnear",P. M. Sime,9,Nov,1893,18,November,1893,False,standard_dash,0.9,"Nov. 9 Amethyst-Riga-446 lds. fir deals-P. M. Sime; 1,888 pcs lathwood-W. Kinnear"
18931118p.2_p002.txt,78,Elizabeth,Djupvik,DUNDEE,492 lds fir deals,,13,Nov,1893,18,November,1893,False,condensed,0.9,13 Elizabeth-Djupvik-492 lds fir deals-Order
18931118p.2_p002.txt,79,Hungarian,Cronstadt,DUNDEE,"1,592 lds fir deals and boards, 81 lds firewood-Bell & Sime",Bell & Sime,9,Nov,1893,18,November,1893,True,condensed,0.9,"Hungarian (s)-Cronstadt-1,592 lds fir deals and boards, 81 lds firewood-Bell & Sime"
18931118p.2_p002.txt,82,Carl X. V.,Gothenburg,DUNDEE,"8,430 props-C. Salvesen & Co.",C. Salvesen & Co.,7,Nov,1893,18,November,1893,False,standard_dash,0.9,"Nov. 7 Carl X. V.-Gothenburg-8,430 props-C. Salvesen & Co."
18931118p.2_p002.txt,83,Iona,Christiania,DUNDEE,234 lds fir staves-G. A. Creighton & Co.,G. A. Creighton & Co.,10,Nov,1893,18,November,1893,False,condensed,0.9,10 Iona-Christiania-234 lds fir staves-G. A. Creighton & Co.
18931118p.2_p002.txt,84,Dagny,Bjorneborg,DUNDEE,231 lds. fir boards-A. Creighton & Co.,A. Creighton & Co.,7,Nov,1893,18,November,1893,False,condensed,0.9,Dagny-Bjorneborg-231 lds. fir boards-A. Creighton & Co.
18931118p.2_p002.txt,85,Dorthea,Fredrikshald,DUNDEE,124 lds. staves-G. Stephen & Co.,G. Stephen & Co.,11,Nov,1893,18,November,1893,False,condensed,0.9,11 Dorthea-Fredrikshald-124 lds. staves-G. Stephen & Co.
18931118p.2_p002.txt,87,Strutby,Hommelvik,DUNDEE,"220 lds. staves, 90 lds. battens-J. Morison & Co.",J. Morison & Co.,7,Nov,1893,18,November,1893,False,standard_dash,0.9,"Nov. 7 Strutby-Hommelvik-220 lds. staves, 90 lds. battens-J. Morison & Co."
18931118p.2_p002.txt,89,Flink,Helsingfors,WICK,160 lds. birch staves-D. Citto,D. Citto,10,Nov,1893,18,November,1893,False,standard_dash,1.0,Nov. 10 Flink-Helsingfors-160 lds. birch staves-D. Citto
18931118p.2_p002.txt,90,Radiant,Laurvig,WICK,125 lds. birch staves-D. Sandison,D. Sandison,11,Nov,1893,18,November,1893,False,condensed,1.0,11 Radiant-Laurvig-125 lds. birch staves-D. Sandison
18931118p.2_p002.txt,120,Branches,CALEDONIAN SAW,PETITIONS FOR CESSIO,"MILLS, GRANGEMOUTH, & KILMARNOCK SAW-MILLS, KILMARNOCK.","MILLS, KILMARNOCK.",11,Nov,1893,18,November,1893,False,condensed,0.9,"Branches— CALEDONIAN SAW-MILLS, GRANGEMOUTH, & KILMARNOCK SAW-MILLS, KILMARNOCK."
18931118p.551_p001.txt,4,Amarynthia,Glasgow,PETITIONS FOR CESSIO,"34,904 deals",,11,Nov,1893,18,November,1893,True,condensed,0.9,"Amarynthia (s)-Glasgow-34,904 deals"
18931118p.551_p001.txt,5,Brazilian,London,PETITIONS FOR CESSIO,"5,189 deals",,11,Nov,1893,18,November,1893,True,condensed,0.9,"Brazilian (s)-London-5,189 deals"
18931118p.551_p001.txt,6,Pomeranian,Glasgow,PETITIONS FOR CESSIO,"10,000 deals",,11,Nov,1893,18,November,1893,True,condensed,0.9,"Pomeranian (s)-Glasgow-10,000 deals"
18931118p.551_p001.txt,7,Warwick,Glasgow,PETITIONS FOR CESSIO,"42,592 deals",,11,Nov,1893,18,November,1893,True,condensed,0.9,"Warwick (s)-Glasgow-42,592 deals"
18931118p.551_p001.txt,8,Vancouver,Liverpool,PETITIONS FOR CESSIO,"25,739 deals and boards",,11,Nov,1893,18,November,1893,True,condensed,0.9,"Vancouver (s)-Liverpool-25,739 deals and boards"
18931118p.551_p001.txt,9,Lake Nepigon,Liverpool,PETITIONS FOR CESSIO,"8,980 deals and 740 deals",,11,Nov,1893,18,November,1893,True,condensed,0.9,"Lake Nepigon (s) - Liverpool - 8,980 deals and 740 deals"
18931118p.551_p001.txt,10,Numidian,Liverpool,PETITIONS FOR CESSIO,"5,580 deals and 4 boards",,11,Nov,1893,18,November,1893,True,condensed,0.9,"Numidian (s) - Liverpool - 5,580 deals and 4 boards"
18931118p.551_p001.txt,11,Buenos Ayrean,Glasgow,PETITIONS FOR CESSIO,"10,361 deals",,11,Nov,1893,18,November,1893,True,condensed,0.9,"Buenos Ayrean (s)-Glasgow-10,361 deals"
18931118p.551_p001.txt,12,Sardinian,London,PETITIONS FOR CESSIO,"1,318 deals",,11,Nov,1893,18,November,1893,True,condensed,0.9,"Sardinian (s)-London-1,318 deals"
18931118p.551_p001.txt,14,Sheffield,Dieppe,QUEBEC,"17,793 pcs. spruce deals, 1,827 do. do. ends",,11,Nov,1893,18,November,1893,False,condensed,1.0,"Sheffield - Dieppe - 17,793 pcs. spruce deals, 1,827 do. do. ends"
18931118p.551_p001.txt,15,Lux,Cork,QUEBEC,"15,452 pcs. spruce deals, 2,225 do. do. ends",,11,Nov,1893,18,November,1893,False,condensed,1.0,"Lux - Cork-15,452 pcs. spruce deals, 2,225 do. do. ends"
18931118p.551_p001.txt,16,Normandie,London,QUEBEC,"41,186 pcs. spruce deals",,11,Nov,1893,18,November,1893,False,condensed,1.0,"Normandie - London-41,186 pcs. spruce deals"
18931118p.551_p001.txt,17,Commander Svend Fovn,London,QUEBEC,"41,864 pcs. spruce deals, 2,237 do. do. ends",,11,Nov,1893,18,November,1893,False,condensed,1.0,"Commander Svend Fovn-London-41,864 pcs. spruce deals, 2,237 do. do. ends"
18931118p.551_p001.txt,18,Alma,Bowling,QUEBEC,"25,656 pcs. spruce deals, 1,455 do. do. ends",,11,Nov,1893,18,November,1893,False,condensed,0.9,"Alma-Bowling-25,656 pcs. spruce deals, 1,455 do. do. ends"
18931118p.551_p001.txt,19,Texas,London,QUEBEC,"35,186 pcs. spruce deals, 2,112 do. do. ends",,11,Nov,1893,18,November,1893,False,condensed,0.9,"Texas-London-35,186 pcs. spruce deals, 2,112 do. do. ends"
18931118p.551_p001.txt,20,Gerona,Liverpool,QUEBEC,"14,530 pcs. spruce deals",,11,Nov,1893,18,November,1893,True,condensed,0.9,"Gerona (s)-Liverpool-14,530 pcs. spruce deals"
18931118p.551_p001.txt,21,Inverge,Cork,QUEBEC,"34,513 pcs. spruce deals, 1,830 do. ends",,11,Nov,1893,18,November,1893,False,condensed,0.9,"Inverge-Cork-34,513 pcs. spruce deals, 1,830 do. ends"
18931118p.551_p001.txt,22,Fremad,Newry,QUEBEC,"27,017 pcs. spruce deals, 1,000 do. ends",,11,Nov,1893,18,November,1893,False,condensed,0.9,"Fremad-Newry-27,017 pcs. spruce deals, 1,000 do. ends"
18931118p.551_p001.txt,23,Gaston,Limerick,QUEBEC,"30,014 pcs. spruce deals, 1,616 do. do. ends",,11,Nov,1893,18,November,1893,False,condensed,0.9,"Gaston-Limerick-30,014 pcs. spruce deals, 1,616 do. do. ends"
18931118p.551_p001.txt,24,Margarethe,Belfast,QUEBEC,"30,021 pcs. spruce deals, 1,212 do. do. ends",,11,Nov,1893,18,November,1893,False,condensed,0.9,"Margarethe-Belfast-30,021 pcs. spruce deals, 1,212 do. do. ends"
18931118p.551_p001.txt,25,Norma,London,QUEBEC,"40,863 pcs. spruce deals, 2,112 do. do. ends",,11,Nov,1893,18,November,1893,False,condensed,0.9,"Norma-London-40,863 pcs. spruce deals, 2,112 do. do. ends"
18931118p.551_p001.txt,29,composition,"engine, engine, and estate purposes. Mr. Smith gives especial attention to the export trade, and his firm, which has been established more than seventy years, has based its trade reputation on the sterling excellence of its manufactures. PROPOSED RAILWAY COMPETITION.",QUEBEC,At a meeting held at Cardiff Mr. Edwin Seward proposed a new scheme for a railway to compete with the Great Western Company's system.,,11,Nov,1893,18,November,1893,False,condensed,0.9,"composition engine, engine, and estate purposes. Mr. Smith gives especial attention to the export trade, and his firm, which has been established more than seventy years, has based its trade reputation on the sterling excellence of its manufactures. PROPOSED RAILWAY COMPETITION.—At a meeting held at Cardiff Mr. Edwin Seward proposed a new scheme for a railway to compete with the Great Western Company's system."
18931118p.551_p001.txt,46,Bato,Papenburg,QUEBEC,170 lds. mining timber,,10,Nov,1893,18,November,1893,False,standard_dash,0.9,Nov. 10 Bato-Papenburg-170 lds. mining timber-Order
18931118p.551_p001.txt,47,Shiepner,Halmstad,QUEBEC,190 lds. mining timber,,10,Nov,1893,18,November,1893,False,condensed,0.9,Shiepner-Halmstad-190 lds. mining timber-Order
18931118p.551_p001.txt,48,Patrician,Gothenburg,QUEBEC,246 lds. mining timber,,10,Nov,1893,18,November,1893,False,condensed,0.9,Patrician-Gothenburg-246 lds. mining timber-Order
18931118p.551_p001.txt,49,Fama,Fredrikshald,QUEBEC,222 lds. mining timber-Order.,Order.,11,Nov,1893,18,November,1893,False,condensed,0.9,11 Fama-Fredrikshald-222 lds. mining timber-Order.
18931118p.551_p001.txt,51,Atlantique,Bayonne,QUEBEC,750 lds. fir pitwood-A. Capelle,A. Capelle,8,Nov,1893,18,November,1893,False,standard_dash,0.9,Nov. 8 Atlantique-Bayonne-750 lds. fir pitwood-A. Capelle
18931118p.551_p001.txt,52,Baron Hambro,Bordeaux,QUEBEC,"700 lds. fir pitwood-Powley, Thomas, & Co.","Powley, Thomas, & Co.",9,Nov,1893,18,November,1893,True,condensed,0.9,"9 Baron Hambro (s)-Bordeaux-700 lds. fir pitwood-Powley, Thomas, & Co."
18931118p.551_p001.txt,53,Taff,Bordeaux,QUEBEC,900 lds. fir pitwood-Hooper,Hooper,8,Nov,1893,18,November,1893,False,condensed,0.9,Taff-Bordeaux-900 lds. fir pitwood-Hooper
18931118p.551_p001.txt,54,Jane,Bordeaux,QUEBEC,"1,100 lds. pitwood-Hooper",Hooper,8,Nov,1893,18,November,1893,True,condensed,0.9,"Jane (s)-Bordeaux-1,100 lds. pitwood-Hooper"
18931118p.551_p001.txt,55,Montahaire,Bordeaux,QUEBEC,"1,300 lds. pitwood-Simkin Bros.",Simkin Bros.,8,Nov,1893,18,November,1893,False,condensed,0.9,"Montahaire-Bordeaux-1,300 lds. pitwood-Simkin Bros."
18931118p.551_p001.txt,57,Valuta,Pensacola,QUEBEC,"334 lds. sawn timber, 18 lds. sawn fir deals-Price, Walker, & Co.","Price, Walker, & Co.",9,Nov,1893,18,November,1893,False,standard_dash,0.9,"Nov. 9 Valuta-Pensacola-334 lds. sawn timber, 18 lds. sawn fir deals-Price, Walker, & Co."
18931118p.551_p001.txt,58,Ruby,"St John, N.B.",QUEBEC,"2,132 lds. sawn fir deals-Barkworth & Spaldin",Barkworth & Spaldin,9,Nov,1893,18,November,1893,False,condensed,0.9,"Ruby-St John, N.B.-2,132 lds. sawn fir deals-Barkworth & Spaldin"
18931118p.551_p001.txt,59,W Harkess,Skutskar,QUEBEC,563 lds. fir deals; from Stagsund,,9,Nov,1893,18,November,1893,True,condensed,0.9,W Harkess (s)-Skutskar-563 lds. fir deals; from Stagsund-385 lds. fir deals; Gefle-385 lds. sawn fir deals-A. & Co.
18931118p.551_p001.txt,59,MISSING_FROM_OCR,Gefle,QUEBEC,385 lds. sawn fir deals-A. & Co.,A. & Co.,9,Nov,1893,18,November,1893,False,condensed,0.9,Gefle-385 lds. sawn fir deals-A. & Co.
18931118p.551_p001.txt,60,Talisman,Musquash,QUEBEC,"1,403 lds. fir sawn deals-Price, Walker, & Co.","Price, Walker, & Co.",9,Nov,1893,18,November,1893,False,condensed,0.9,"Talisman-Musquash-1,403 lds. fir sawn deals-Price, Walker, & Co."
18931118p.551_p001.txt,62,Nordenskjold,Nederkalix,GRIMSBY,9 stds. deal ends-H. Garbutt,H. Garbutt,9,Nov,1893,18,November,1893,False,condensed,0.9,Nordenskjold-Nederkalix-9 stds. deal ends-H. Garbutt
18931118p.551_p001.txt,63,Thyra,Abo,GRIMSBY,"440 lds deals, battens, and ends-North, Ellis, & Co.","North, Ellis, & Co.",8,Nov,1893,18,November,1893,False,condensed,0.9,"8 Thyra-Abo-440 lds deals, battens, and ends-North, Ellis, & Co."
18931118p.551_p001.txt,64,Jason,Lulea,GRIMSBY,990 lds. fir timber and deals-Bennetts & Co.,Bennetts & Co.,9,Nov,1893,18,November,1893,False,condensed,0.9,9 Jason-Lulea-990 lds. fir timber and deals-Bennetts & Co.
18931118p.551_p001.txt,65,Aina,Abo,GRIMSBY,"705 lds fir deals, battens, and ends-Seddon, Shepherd & Co.","Seddon, Shepherd & Co.",9,Nov,1893,18,November,1893,False,condensed,0.9,"Aina-Abo-705 lds fir deals, battens, and ends-Seddon, Shepherd & Co."
18931118p.551_p001.txt,66,Bornholm,Uleaborg,GRIMSBY,363 lds. deals-Bennetts & Co,Bennetts & Co,9,Nov,1893,18,November,1893,False,condensed,0.9,Bornholm-Uleaborg-363 lds. deals-Bennetts & Co
18931118p.551_p001.txt,67,Congal,Wyborg,GRIMSBY,"1,463 lds. sawn fir-G. A. Carr",G. A. Carr,9,Nov,1893,18,November,1893,False,condensed,0.9,"Congal-Wyborg-1,463 lds. sawn fir-G. A. Carr"
18931118p.551_p001.txt,68,John,Archangel,GRIMSBY,617 lds. sawn fir-G. A. Carr,G. A. Carr,9,Nov,1893,18,November,1893,False,condensed,0.9,John-Archangel-617 lds. sawn fir-G. A. Carr
18931118p.551_p001.txt,69,J. D. Auffort,Djupviken,GRIMSBY,"625 lds. fir deals, boards and ends-J. Hewson & Co.",J. Hewson & Co.,9,Nov,1893,18,November,1893,False,condensed,0.9,"J. D. Auffort-Djupviken-625 lds. fir deals, boards and ends-J. Hewson & Co."
18931118p.551_p001.txt,70,Svea,Skelleftea,GRIMSBY,510 lds. fir deals and boards-E. D. Northcote,E. D. Northcote,9,Nov,1893,18,November,1893,False,condensed,0.9,Svea-Skelleftea-510 lds. fir deals and boards-E. D. Northcote
18931118p.551_p001.txt,72,Charles,Lulea,GRIMSBY,435 lds. hewn fir-Bennetts,Bennetts,9,Nov,1893,18,November,1893,False,condensed,0.9,Charles-Lulea-435 lds. hewn fir-Bennetts
18931118p.551_p001.txt,73,Erik,Stromfors,GRIMSBY,438 lds. sawn timber-Marshall & Atkinson,Marshall & Atkinson,9,Nov,1893,18,November,1893,False,condensed,0.9,Erik-Stromfors-438 lds. sawn timber-Marshall & Atkinson
18931118p.551_p001.txt,74,Anna,Bjorneborg,GRIMSBY,500 lds. sawn fir-Wintringham & Son,Wintringham & Son,13,Nov,1893,18,November,1893,False,condensed,0.9,13 Anna-Bjorneborg-500 lds. sawn fir-Wintringham & Son
18931118p.551_p001.txt,75,Oxo,Cronstadt,GRIMSBY,833 lds. fir boards-Bennetts,Bennetts,13,Nov,1893,18,November,1893,False,condensed,0.9,Oxo-Cronstadt-833 lds. fir boards-Bennetts
18931118p.551_p001.txt,76,Birges,Uleaborg,GRIMSBY,990 lds. fir deals-Bennetts,Bennetts,13,Nov,1893,18,November,1893,False,condensed,0.9,Birges-Uleaborg-990 lds. fir deals-Bennetts
18931118p.551_p001.txt,77,Josva,Cronstadt,GRIMSBY,615 lds. fir boards-J. Hewson & Co.,J. Hewson & Co.,13,Nov,1893,18,November,1893,False,condensed,0.9,Josva-Cronstadt-615 lds. fir boards-J. Hewson & Co.
18931118p.551_p001.txt,78,Ostindia,Rafso,GRIMSBY,"570 lds. fir deals, battens, and boards-J. Hewson & Co.",J. Hewson & Co.,13,Nov,1893,18,November,1893,False,condensed,0.9,"Ostindia-Rafso-570 lds. fir deals, battens, and boards-J. Hewson & Co."
18931118p.551_p001.txt,79,Otto,Nederkalix,GRIMSBY,570 lds. fir deals and boards-S. Ellis,S. Ellis,13,Nov,1893,18,November,1893,False,condensed,0.9,Otto-Nederkalix-570 lds. fir deals and boards-S. Ellis
18931118p.551_p001.txt,80,Ida,Skelleftea,GRIMSBY,"1,500 lds. sawn fir-Wintringham & Sons",Wintringham & Sons,13,Nov,1893,18,November,1893,True,condensed,0.9,"Ida (s)-Skelleftea-1,500 lds. sawn fir-Wintringham & Sons"
18931118p.551_p001.txt,81,Gertrud,Stettin,GRIMSBY,156 lds. oak logs-Bennetts,Bennetts,13,Nov,1893,18,November,1893,False,condensed,0.9,Gertrud-Stettin-156 lds. oak logs-Bennetts
18931118p.551_p001.txt,83,Gipsy Queen,Gothenburg,GRIMSBY,"168 lds. fir sawn, 80 lds. props, 114 lds. laths-T. Barraclough",T. Barraclough,7,Nov,1893,18,November,1893,False,condensed,0.9,"7 Gipsy Queen-Gothenburg-168 lds. fir sawn, 80 lds. props, 114 lds. laths-T. Barraclough"
18931118p.551_p001.txt,84,Marin,Kalmar,GRIMSBY,215 lds. fir hewn-W. Pearson & Co.,W. Pearson & Co.,7,Nov,1893,18,November,1893,False,condensed,0.9,Marin-Kalmar-215 lds. fir hewn-W. Pearson & Co.
18931118p.551_p001.txt,85,Shildon,Uleaborg,GRIMSBY,"1,550 lds. fir sawn-A. Livingston & Co.",A. Livingston & Co.,7,Nov,1893,18,November,1893,False,condensed,0.9,"Shildon-Uleaborg-1,550 lds. fir sawn-A. Livingston & Co."
18931118p.551_p001.txt,86,Pernambuco,Riga,GRIMSBY,"946 lds. fir sleeper blocks, 88 lds. fir hewn-Charles Calder & Co.",Charles Calder & Co.,8,Nov,1893,18,November,1893,False,standard_dash,0.9,"Nov. 8 Pernambuco-Riga-946 lds. fir sleeper blocks, 88 lds. fir hewn-Charles Calder & Co."
18931118p.551_p001.txt,87,Sigrid,Porsgrund,GRIMSBY,20 lds. fir props-Napier,Napier,8,Nov,1893,18,November,1893,False,condensed,0.9,Sigrid-Porsgrund-20 lds. fir props-Napier
18931118p.551_p001.txt,88,Berghora,Fredrikstad,GRIMSBY,139 lds. fir poles-Hessler & Co. 35 lds. fir hewn-C. A. Forslind & Co.,Hessler & Co.,8,Nov,1893,18,November,1893,False,condensed,0.9,Berghora-Fredrikstad-139 lds. fir poles-Hessler & Co.; 35 lds. fir hewn-C. A. Forslind & Co.
18931118p.551_p001.txt,89,Ida,Sundswall,GRIMSBY,"343 lds square fir timber, 48 lds firewood-J. W. Baird & Co.",J. W. Baird & Co.,8,Nov,1893,18,November,1893,False,condensed,0.9,"Ida-Sundswall-343 lds square fir timber, 48 lds firewood-J. W. Baird & Co."
18931118p.551_p001.txt,90,Mermaid,Skelleftea,GRIMSBY,653 lds. fir deals and battens-G. Clark & Co.,G. Clark & Co.,8,Nov,1893,18,November,1893,False,condensed,0.9,Mermaid-Skelleftea-653 lds. fir deals and battens-G. Clark & Co.
18931118p.551_p001.txt,91,Solide,Sundswall,GRIMSBY,287 lds. fir props-G. Horsley & Co.,G. Horsley & Co.,13,Nov,1893,18,November,1893,False,condensed,0.9,13 Solide-Sundswall-287 lds. fir props-G. Horsley & Co.
18931118p.551_p001.txt,92,Lindholmen,Gothenburg,GRIMSBY,"24 lds. fir props-Pedersen & Co. 5 lds. firewood-G. Pyman & Co.; 22 lds. fir hewn, 45 lds. fir sawn-A. Reed; 58 lds. fir props-C. Nielsen & Son; 130 lds. fir hewn-Hessler & Co.; 6 lds. firewood-Armstrong & Co.; 4 lds. fire-wood-L. K. Fawcett; 153 lds. fir crown-trees-North German Pitwood Co.; 36 lds. fir crowntrees-W. J. Watson & Co.; 9 lds. fir sawn-C. Calder & Co.",Pedersen & Co.,13,Nov,1893,18,November,1893,True,condensed,0.9,"Lindholmen (s)-Gothenburg-24 lds. fir props-Pedersen & Co.; 5 lds. firewood-G. Pyman & Co.; 22 lds. fir hewn, 45 lds. fir sawn-A. Reed; 58 lds. fir props-C. Nielsen & Son; 130 lds. fir hewn-Hessler & Co.; 6 lds. firewood-Armstrong & Co.; 4 lds. fire-wood-L. K. Fawcett; 153 lds. fir crown-trees-North German Pitwood Co.; 36 lds. fir crowntrees-W. J. Watson & Co.; 9 lds. fir sawn-C. Calder & Co."
18931118p.551_p001.txt,93,Dona,Gefle,GRIMSBY,215 lds. fir props-W. Pearson,W. Pearson,13,Nov,1893,18,November,1893,False,condensed,0.9,Dona-Gefle-215 lds. fir props-W. Pearson
18931118p.551_p001.txt,94,Sure,Oscarshamn,GRIMSBY,160 lds. fir props-Hessler & Co.,Hessler & Co.,13,Nov,1893,18,November,1893,False,condensed,0.9,Sure-Oscarshamn-160 lds. fir props-Hessler & Co.
18931118p.551_p001.txt,95,William,Sundswall,GRIMSBY,319 lds. fir props-G. Horsley & Co.,G. Horsley & Co.,13,Nov,1893,18,November,1893,False,condensed,0.9,William-Sundswall-319 lds. fir props-G. Horsley & Co.
18931118p.551_p001.txt,96,Moray,Stettin,GRIMSBY,198 lds. fir hewn-Hessler & Co.,Hessler & Co.,13,Nov,1893,18,November,1893,False,condensed,0.9,Moray-Stettin-198 lds. fir hewn-Hessler & Co.
18931118p.551_p001.txt,97,Tilly,Calmar,GRIMSBY,120 lds. fir hewn-J. Graham & Co.,J. Graham & Co.,9,Nov,1893,18,November,1893,False,condensed,0.9,9 Tilly-Calmar-120 lds. fir hewn-J. Graham & Co.
18931118p.551_p001.txt,98,Ebba,Calmar,GRIMSBY,100 lds. fir hewn-W. Pearson & Co.,W. Pearson & Co.,9,Nov,1893,18,November,1893,False,condensed,0.9,Ebba-Calmar-100 lds. fir hewn-W. Pearson & Co.
18931118p.551_p001.txt,99,Ariel,Carlscrona,GRIMSBY,200 lds. fir props-Hessler & Co.,Hessler & Co.,9,Nov,1893,18,November,1893,False,condensed,0.9,Ariel-Carlscrona-200 lds. fir props-Hessler & Co.
18931118p.551_p001.txt,100,Anna,Bergvara,GRIMSBY,264 lds. fir deals and fir props-Hessler & Co.,Hessler & Co.,9,Nov,1893,18,November,1893,False,condensed,0.9,Anna-Bergvara-264 lds. fir deals and fir props-Hessler & Co.
18931118p.551_p001.txt,101,Marie,Brevig,GRIMSBY,310 lds. fir hewn-Hessler & Co.,Hessler & Co.,9,Nov,1893,18,November,1893,False,condensed,0.9,Marie-Brevig-310 lds. fir hewn-Hessler & Co.
18931118p.551_p001.txt,102,Maria,Ornskjoldsvik,GRIMSBY,"54 lds fir deals, 15 lds. fir hewn-Metcalfe & Co.",Metcalfe & Co.,10,Nov,1893,18,November,1893,False,condensed,0.9,"10 Maria-Ornskjoldsvik-54 lds fir deals, 15 lds. fir hewn-Metcalfe & Co."
18931118p.551_p001.txt,103,Anne Margrethe,Narva,GRIMSBY,"28 lds fir deals and battens, 45 lds. fir sawn, 3 lds. firewood-C. A. Forslind & Co.",C. A. Forslind & Co.,10,Nov,1893,18,November,1893,False,condensed,0.9,"Anne Margrethe-Narva-28 lds fir deals and battens, 45 lds. fir sawn, 3 lds. firewood-C. A. Forslind & Co."
18931118p.551_p001.txt,104,Haabet,Drammen,GRIMSBY,"166 lds. square fir timber, 26 lds. fir props-Napier",Napier,11,Nov,1893,18,November,1893,False,condensed,0.9,"11 Haabet-Drammen-166 lds. square fir timber, 26 lds. fir props-Napier"
18931118p.551_p001.txt,105,Carolina,Hernosand,GRIMSBY,"270 lds. fir props-G. Pyman & Co. 46 lds. fir hewn, 61 lds. fir sawn-W. J. Watson & Co.; 66 lds. fir sawn, 22 lds. fir hewn-E. Pritchard; 27 lds. fir crowntrees-Hessler & Co.; 40 lds. fir sleepers-H. Erichsen & Co.; 19 lds. sleepers-Pedersen & Co.; 160 lds. firewood-C. A. Forslind & Co.",G. Pyman & Co.,11,Nov,1893,18,November,1893,False,condensed,0.9,"Carolina-Hernosand-270 lds. fir props-G. Pyman & Co.; 46 lds. fir hewn, 61 lds. fir sawn-W. J. Watson & Co.; 66 lds. fir sawn, 22 lds. fir hewn-E. Pritchard; 27 lds. fir crowntrees-Hessler & Co.; 40 lds. fir sleepers-H. Erichsen & Co.; 19 lds. sleepers-Pedersen & Co.; 160 lds. firewood-C. A. Forslind & Co."
18931118p.551_p001.txt,106,Enigheden,Ronneby,GRIMSBY,290 lds. fir boards and deals-A. Livingston & Co.,A. Livingston & Co.,11,Nov,1893,18,November,1893,False,condensed,0.9,Enigheden-Ronneby-290 lds. fir boards and deals-A. Livingston & Co.
18931118p.551_p001.txt,107,Frey,Sundswall,GRIMSBY,680 lds. firewood-C. A. Forslind & Co.,C. A. Forslind & Co.,11,Nov,1893,18,November,1893,False,condensed,0.9,Frey-Sundswall-680 lds. firewood-C. A. Forslind & Co.
18931118p.551_p001.txt,110,Thurso,Riga,GRIMSBY,"36,294 pcs. wood",,11,Nov,1893,18,November,1893,True,standard_dash,0.9,"Nov. 11 Thurso (s)-Riga-36,294 pcs. wood-Order"
18931118p.551_p001.txt,111,Ganger Rolf,Risoer,GRIMSBY,qty. pit props,,11,Nov,1893,18,November,1893,False,condensed,0.9,Ganger Rolf-Risoer-qty. pit props-Order
18931118p.551_p001.txt,112,Romeo,Gothenburg,GRIMSBY,"1,500 bdls. laths-Hopkins & Co. 18 pkgs. doors-Hollis Bros. & Co.; 8,985 props, 7,395 bdls. laths-Order",Hopkins & Co.,13,Nov,1893,18,November,1893,True,condensed,0.9,"13 Romeo (s)-Gothenburg-1,500 bdls. laths-Hopkins & Co.; 18 pkgs. doors-Hollis Bros. & Co.; 8,985 props, 7,395 bdls. laths-Order"
18931118p.551_p001.txt,114,Johanne Marie,Lulea,GRIMSBY,"49,196 battens, &c.",,9,Nov,1893,18,November,1893,False,standard_dash,0.9,"Nov. 9 Johanne Marie-Lulea-49,196 battens, &c.-Order"
18931118p.551_p001.txt,115,Veranda,Hernosand,GRIMSBY,"126 bdls. laths-T. W. Allen 4,743 pcs. square timber-H. Smith",T. W. Allen,9,Nov,1893,18,November,1893,False,condensed,0.9,"Veranda-Hernosand-126 bdls. laths-T. W. Allen; 4,743 pcs. square timber-H. Smith"
18931118p.551_p001.txt,116,Urania,Helsingfors,GRIMSBY,"2,564 battens, &c.-Tadman & Horwood 12,600 birch squares-T. W. Allen",Tadman & Horwood,9,Nov,1893,18,November,1893,True,condensed,0.9,"Urania (s)-Helsingfors-2,564 battens, &c.-Tadman & Horwood; 12,600 birch squares-T. W. Allen"
18931118p.551_p001.txt,117,Marianne,Pitea,GRIMSBY,"14,487 deals, &c.",,9,Nov,1893,18,November,1893,False,condensed,0.9,"Marianne-Pitea-14,487 deals, &c.-Order"
18931118p.551_p001.txt,118,Tordenskjold,Bjorneborg,GRIMSBY,"57,415 boards",,10,Nov,1893,18,November,1893,False,condensed,0.9,"10 Tordenskjold - Bjorneborg - 57,415 boards-Order"
18931118p.551_p001.txt,119,Carolina,Rafso,GRIMSBY,"33,174 battens and boards",,11,Nov,1893,18,November,1893,False,condensed,0.9,"11 Carolina-Rafso-33,174 battens and boards-Order"
18931118p.551_p001.txt,120,Urho,Bjorneborg,GRIMSBY,"39,866 battens and boards",,11,Nov,1893,18,November,1893,False,condensed,0.9,"Urho-Bjorneborg-39,866 battens and boards-Order"
18931118p.551_p001.txt,121,Hildur,Ornskjoldsvik,GRIMSBY,"38,449 battens and boards",,11,Nov,1893,18,November,1893,False,condensed,0.9,"Hildur-Ornskjoldsvik - 38,449 battens and boards-Order"
18931118p.551_p001.txt,122,Adolphe,Lulea,GRIMSBY,"748 pcs. timber, 784 balks, 1,392 battens",,11,Nov,1893,18,November,1893,False,condensed,0.9,"Adolphe-Lulea-748 pcs. timber, 784 balks, 1,392 battens-Order"
18931118p.551_p001.txt,123,Tana,Tvedestrand,GRIMSBY,"568 telegraph poles-Wade, Sons, & Co. 485 pcs. partly square timber, 1,336 pit props-H. Smith & Co.","Wade, Sons, & Co.",11,Nov,1893,18,November,1893,False,condensed,0.9,"Tana-Tvedestrand-568 telegraph poles-Wade, Sons, & Co.; 485 pcs. partly square timber, 1,336 pit props-H. Smith & Co."
18931118p.551_p001.txt,124,Borodino,Riga,GRIMSBY,"7,212 deals, 5,011 battens, 13,716 ends",,11,Nov,1893,18,November,1893,True,condensed,0.9,"Borodino (s)-Riga-7,212 deals, 5,011 battens, 13,716 ends-Order"
18931118p.551_p001.txt,125,Como,Porsgrund,GRIMSBY,"1,665 telegraph poles-Wade, Sons, & Co. 1,057 pit props-Order","Wade, Sons, & Co.",11,Nov,1893,18,November,1893,False,condensed,0.9,"Como - Porsgrund-1,665 telegraph poles-Wade, Sons, & Co.; 1,057 pit props-Order"
18931118p.551_p001.txt,126,Nymphe,Lappvik,GRIMSBY,"20,878 deals, &c.",,11,Nov,1893,18,November,1893,False,condensed,0.9,"Nymphe-Lappvik-20,878 deals, &c.-Order"
18931118p.551_p001.txt,127,Richard,Oregrund,GRIMSBY,"24,132 deals, &c.",,11,Nov,1893,18,November,1893,False,condensed,0.9,"Richard-Oregrund-24,132 deals, &c.-Order"
18931118p.551_p001.txt,128,Axel Johnson,Ornskjoldsvik,GRIMSBY,"74,156 deals, &c.",,14,Nov,1893,18,November,1893,True,condensed,0.9,"14 Axel Johnson (s)-Ornskjoldsvik-74,156 deals, &c.-Order"
18931118p.551_p001.txt,129,Rosario,Riga,GRIMSBY,"6,483 pcs. wood, 31,546 deal ends, 18,343 deals",,15,Nov,1893,18,November,1893,True,condensed,0.9,"15 Rosario (s)-Riga-6,483 pcs. wood, 31,546 deal ends, 18,343 deals-Order"
18931118p.551_p001.txt,130,Finland,Cronstadt,GRIMSBY,"qty. firewood, 36,784 pcs. wood",,15,Nov,1893,18,November,1893,True,condensed,0.9,"Finland (s)-Cronstadt-qty. firewood, 36,784 pcs. wood-Order"
18931118p.551_p001.txt,132,Virgo,Gamla Karleby,QUEEN'S DOCK,"35,189 deals, &c.",,9,Nov,1893,18,November,1893,False,standard_dash,1.0,"Nov. 9 Virgo-Gamla Karleby-35,189 deals, &c.-Order"
18931118p.551_p001.txt,133,Patria,Gamla Karleby,QUEEN'S DOCK,"117,769 birch squares-T. W. Allen from Jacobstad-21,978 deals, &c.-Order",T. W. Allen,9,Nov,1893,18,November,1893,True,condensed,1.0,"Patria (s)-Gamla Karleby-117,769 birch squares-T. W. Allen; from Jacobstad-21,978 deals, &c.-Order"
18931118p.551_p001.txt,134,Annie,Blankaholm,QUEEN'S DOCK,"22,563 bdls. laths",,9,Nov,1893,18,November,1893,False,condensed,1.0,"Annie-Blankaholm-22,563 bdls. laths-Order"
18931118p.551_p001.txt,135,Marie,Domsjo,QUEEN'S DOCK,"65,748 boards, 105 bdls. laths",,9,Nov,1893,18,November,1893,False,condensed,1.0,"Marie-Domsjo-65,748 boards, 105 bdls. laths-Order"
18931118p.551_p001.txt,136,Edward,Hernosand,GRIMSBY (QUEEN'S DOCK),"10,480 deals, &c., 10 fms. firewood",,10,Nov,1893,18,November,1893,False,condensed,0.9,"10 Edward-Hernosand-10,480 deals, &c., 10 fms. firewood-Order"
18931118p.551_p001.txt,137,M. Christiansen,Helsingfors,GRIMSBY (QUEEN'S DOCK),"19,568 deals",,11,Nov,1893,18,November,1893,False,condensed,0.9,"11 M. Christiansen-Helsingfors-19,568 deals-Order"
18931118p.551_p001.txt,138,Gefion,Calmar,GRIMSBY (QUEEN'S DOCK),"4,369 pit props",,11,Nov,1893,18,November,1893,False,condensed,0.9,"Gefion-Calmar-4,369 pit props-Order"
18931118p.551_p001.txt,139,Cimbria,Hango,GRIMSBY (QUEEN'S DOCK),"4,827 deals, &c.",,11,Nov,1893,18,November,1893,False,condensed,0.9,"Cimbria-Hango-4,827 deals, &c.-Order"
18931118p.551_p001.txt,140,Thrine,Narva,GRIMSBY (QUEEN'S DOCK),64 fms. deal ends,,13,Nov,1893,18,November,1893,False,condensed,0.9,13 Thrine-Narva-64 fms. deal ends-Order
18931118p.551_p001.txt,142,Magdalene,Uleaborg,GRIMSBY (QUEEN'S DOCK),242 fms. firewood-T. W. Allen,T. W. Allen,10,Nov,1893,18,November,1893,False,standard_dash,0.9,Nov. 10 Magdalene-Uleaborg-242 fms. firewood-T. W. Allen
18931118p.551_p001.txt,143,Tasso,Drontheim,GRIMSBY (QUEEN'S DOCK),"89,249 staves-Wilson, Sons, & Co. 33,485 staves-Order","Wilson, Sons, & Co.",13,Nov,1893,18,November,1893,True,condensed,0.9,"13 Tasso (s)-Drontheim-89,249 staves-Wilson, Sons, & Co.; 33,485 staves-Order"
18931118p.551_p001.txt,144,Cameo,Christiania,GRIMSBY (QUEEN'S DOCK),"9,000 bdls. boards-Thomson, M'Kay, & Co.","Thomson, M'Kay, & Co.",14,Nov,1893,18,November,1893,True,condensed,0.9,"14 Cameo (s)-Christiania-9,000 bdls. boards-Thomson, M'Kay, & Co."
18931118p.551_p001.txt,146,Palmen,Gefle,GRIMSBY (QUEEN'S DOCK),"439 lds. fir deals, battens, and boards, 77 lds. fir firewood-F. A. Christie",F. A. Christie,10,Nov,1893,18,November,1893,False,standard_dash,0.9,"Nov. 10 Palmen-Gefle-439 lds. fir deals, battens, and boards, 77 lds. fir firewood-F. A. Christie"
18931118p.551_p001.txt,148,Asger,Ryg,GRIMSBY (QUEEN'S DOCK),Sundswall 13 lds. fire-wood-T. Wells & Co.,wood-T. Wells & Co.,9,Nov,1893,18,November,1893,False,standard_dash,0.9,Nov. 9 Asger Ryg-Sundswall 13 lds. fire-wood-T. Wells & Co.
18931118p.551_p001.txt,152,Sverre,Archangel,LIVERPOOL,"8,681 redwood deals",,11,Nov,1893,18,November,1893,False,standard_dash,0.9,"Nov. 11 Sverre-Archangel-8,681 redwood deals-Order"
18931118p.551_p001.txt,154,Ottoman,Boston,LIVERPOOL,"5,700 hhd. staves-Farnworth & Jardine",Farnworth & Jardine,11,Nov,1893,18,November,1893,True,standard_dash,0.9,"Nov. 11 Ottoman (s)-Boston-5,700 hhd. staves-Farnworth & Jardine"
18931118p.551_p001.txt,155,Jamaican,New Orleans,LIVERPOOL,"1,200 staves-E. Chaloner & Co. 96 waggon planks, 182 coffin planks-Order",E. Chaloner & Co.,12,Nov,1893,18,November,1893,True,condensed,0.9,"12 Jamaican (s)-New Orleans-1,200 staves-E. Chaloner & Co.; 96 waggon planks, 182 coffin planks-Order"
18931118p.551_p001.txt,156,Oregon,Montreal,LIVERPOOL,"16,910 deals and boards-R. Cox & Co.",R. Cox & Co.,11,Nov,1893,18,November,1893,True,condensed,0.9,"Oregon (s)-Montreal-16,910 deals and boards-R. Cox & Co."
18931118p.551_p001.txt,157,Cufic,New York,LIVERPOOL,"640 bdls. cooperage staves 840 bdls. cooperage, 3,400 staves-Order",,13,Nov,1893,18,November,1893,True,condensed,0.9,"13 Cufic (s)-New York-640 bdls. cooperage staves-Order; 840 bdls. cooperage, 3,400 staves-Order"
18931118p.551_p001.txt,158,Lake Winnipeg,Montreal,LIVERPOOL,"2,790 deals and boards-H. & C. Grayson 1,945 deals, 3,141 staves-Drysdale Bros.",H. & C. Grayson,11,Nov,1893,18,November,1893,True,condensed,0.9,"Lake Winnipeg (s)-Montreal-2,790 deals and boards-H. & C. Grayson; 1,945 deals, 3,141 staves-Drysdale Bros."
18931118p.551_p001.txt,159,Columbian,Boston,LIVERPOOL,"5,400 staves-Drysdale Bros.",Drysdale Bros.,14,Nov,1893,18,November,1893,True,condensed,0.9,"14 Columbian (s)-Boston-5,400 staves-Drysdale Bros."
18931118p.551_p001.txt,160,Mongolian,Montreal,LIVERPOOL,"1,176 deals-Williams & Davies 4,293 deals-Order",Williams & Davies,15,Nov,1893,18,November,1893,True,condensed,0.9,"15 Mongolian (s)-Montreal-1,176 deals-Williams & Davies; 4,293 deals-Order"
18931118p.551_p001.txt,161,Toronto,Montreal,LIVERPOOL,"17,980 deals and boards 92 deals-A. S. C. Smith; 837 boards-Order",,15,Nov,1893,18,November,1893,True,condensed,0.9,"Toronto (s)-Montreal-17,980 deals and boards-Order; 92 deals-A. S. C. Smith; 837 boards-Order"
18931118p.551_p001.txt,162,Labrador,Montreal,LIVERPOOL,"4,094 deals, 19,685 deal ends-R. Cox & Co. 3,679 pine deals, 9,710 boards, 5,866 deals-Order",R. Cox & Co.,15,Nov,1893,18,November,1893,True,condensed,0.9,"Labrador (s)-Montreal-4,094 deals, 19,685 deal ends-R. Cox & Co.; 3,679 pine deals, 9,710 boards, 5,866 deals-Order"
18931118p.551_p001.txt,164,Coringa,Noderkalix,LIVERPOOL,"1,342,083 staves, 14 1/2 fms. firewood, 19,519 bdls. laths",,10,Nov,1893,18,November,1893,True,standard_dash,0.9,"Nov. 10 Coringa (s)-Noderkalix-1,342,083 staves, 14 1/2 fms. firewood, 19,519 bdls. laths-Order"
18931118p.551_p001.txt,165,Trieste,Riga,LIVERPOOL,"35,866 deal ends, 10,969 pcs. red and white wood sleepers, 231 pcs. aspen wood, 2,202 pcs. lathwood",,14,Nov,1893,18,November,1893,True,condensed,0.9,"14 Trieste (s)-Riga-35,866 deal ends, 10,969 pcs. red and white wood sleepers, 231 pcs. aspen wood, 2,202 pcs. lathwood-Order"
18931118p.551_p001.txt,167,Gracia,New Orleans,LIVERPOOL,"6,000 staves-E. Chaloner & Co. 182 pkgs. dogwood blocks-Gardiner & Sons",E. Chaloner & Co.,13,Nov,1893,18,November,1893,True,standard_dash,0.9,"Nov. 13 Gracia (s)-New Orleans-6,000 staves-E. Chaloner & Co.; 182 pkgs. dogwood blocks-Gardiner & Sons"
18931118p.551_p001.txt,169,Highfield,Savannah,LIVERPOOL,"4,200 staves",,13,Nov,1893,18,November,1893,True,standard_dash,0.9,"Nov. 13 Highfield (s)-Savannah-4,200 staves-Order"
18931118p.551_p001.txt,171,William Cliff,New Orleans,LIVERPOOL,"3,600 staves-Chaloner & Co. 8 lds. lumber-Alcott",Chaloner & Co.,9,Nov,1893,18,November,1893,True,standard_dash,0.9,"Nov. 9 William Cliff (s)-New Orleans-3,600 staves-Chaloner & Co.; 8 lds. lumber-Alcott"
18931118p.551_p001.txt,172,British Princess,Philadelphia,LIVERPOOL,"641 pcs. lumber-S. R. Turner 15,200 staves-Order",S. R. Turner,15,Nov,1893,18,November,1893,True,condensed,0.9,"15 British Princess (s)-Philadelphia-641 pcs. lumber-S. R. Turner; 15,200 staves-Order"
18931118p.551_p001.txt,175,Kalos,Kotka,LONDON,340 fms. firewood-Dahl,Dahl,10,Nov,1893,18,November,1893,False,standard_dash,0.9,Nov. 10 Kalos-Kotka-340 fms. firewood-Dahl
18931118p.551_p001.txt,176,Nina,Gefle,LONDON,220 fms. firewood,,10,Nov,1893,18,November,1893,True,condensed,0.9,Nina (s)-Gefle-220 fms. firewood-Order
18931118p.551_p001.txt,177,Dronningen,Fredrikshald,LONDON,"189,194 boards-F. Brieseman & Co. 90 pcs., 7 bdls. mould-ings, 345 pcs. wood-Dolton, Bournes, & Dolton; 20 fms. firewood-Order",F. Brieseman & Co.,10,Nov,1893,18,November,1893,False,condensed,0.9,"Dronningen - Fredrikshald-189,194 boards-F. Brieseman & Co.; 90 pcs., 7 bdls. mould-ings, 345 pcs. wood-Dolton, Bournes, & Dolton; 20 fms. firewood-Order"
18931118p.551_p001.txt,178,Ulf,Gefle,LONDON,"26,993 battens, 16 fms. fire-wood-Order",wood-Order,10,Nov,1893,18,November,1893,True,condensed,0.9,"Ulf (s)-Gefle-26,993 battens, 16 fms. fire-wood-Order"
18931118p.551_p001.txt,179,Severn,Sundsvik,LONDON,"26,993 battens, 10 fms. firewood",,10,Nov,1893,18,November,1893,True,condensed,0.9,"Severn (s)-Sundsvik-26,993 battens, 10 fms. firewood-Order"
18931118p.551_p001.txt,180,Frus,Stockholm,LONDON,"8,813 deals",,10,Nov,1893,18,November,1893,False,condensed,0.9,"Frus-Stockholm-8,813 deals-Order"
18931118p.551_p001.txt,182,Germanie,Uddevalla,SURREY DOCKS,"15,226 boards-Brown",Brown,10,Nov,1893,18,November,1893,False,standard_dash,1.0,"Nov. 10 Germanie-Uddevalla-15,226 boards-Brown"
18931118p.551_p001.txt,183,Whitby,Quebec,SURREY DOCKS,"10,925 deals, 10,031 deals-Fairey, Crockford, & Co. 3,185 deals-H. Barton; 6,552 deals-Bryant & May; 12,336 pcs. waney wood-Howard Bros. & Co.; 11,176 deals-Order; 651 pcs. wood-Price & Pierce; 420 pcs. wood, 2,013 planks-Order","Fairey, Crockford, & Co.",10,Nov,1893,18,November,1893,False,condensed,1.0,"Whitby-Quebec-10,925 deals, 10,031 deals-Fairey, Crockford, & Co.; 3,185 deals-H. Barton; 6,552 deals-Bryant & May; 12,336 pcs. waney wood-Howard Bros. & Co.; 11,176 deals-Order; 651 pcs. wood-Price & Pierce; 420 pcs. wood, 2,013 planks-Order"
18931118p.551_p001.txt,184,Isle of Elba,Gefle,SURREY DOCKS,708 doz. deals and bat,,10,Nov,1893,18,November,1893,True,condensed,1.0,"Isle of Elba (s)-Gefle-708 doz. deals and bat-tens, 600 doz. deals, 616 doz. boards-Order"
18931118p.551_p001.txt,185,Elma,St. Petersburg,SURREY DOCKS,"6,767 boards, 700 board ends, 2,874 deals, 403 deal ends, 3 fms. firewood",,10,Nov,1893,18,November,1893,True,condensed,1.0,"Elma (s)-St. Petersburg-6,767 boards, 700 board ends, 2,874 deals, 403 deal ends, 3 fms. firewood-Order"
18931118p.551_p001.txt,186,Regina,Domsjo,LONDON (SURREY DOCKS),175 fms. firewood-Tagart,Tagart,10,Nov,1893,18,November,1893,False,condensed,0.9,Regina-Domsjo-175 fms. firewood-Tagart
18931118p.551_p001.txt,187,Luca,Hernosand,LONDON (SURREY DOCKS),161 fms. firewood,,10,Nov,1893,18,November,1893,False,condensed,0.9,Luca-Hernosand-161 fms. firewood-Order
18931118p.551_p001.txt,188,Argo,Kotka,LONDON (SURREY DOCKS),299 fms. firewood-C. H. Glover,C. H. Glover,10,Nov,1893,18,November,1893,False,condensed,0.9,Argo-Kotka-299 fms. firewood-C. H. Glover
18931118p.551_p001.txt,189,Sara,Kemi,LONDON (SURREY DOCKS),237 fms. firewood,,10,Nov,1893,18,November,1893,False,condensed,0.9,Sara-Kemi-237 fms. firewood-Order
18931118p.551_p001.txt,190,Anna,Umea,LONDON (SURREY DOCKS),229 fms. firewood,,10,Nov,1893,18,November,1893,False,condensed,0.9,Anna-Umea-229 fms. firewood-Order
18931118p.551_p001.txt,191,Jofnhar,Laurvig,LONDON (SURREY DOCKS),"89,088 boards",,10,Nov,1893,18,November,1893,False,condensed,0.9,"Jofnhar-Laurvig-89,088 boards-Order"
18931118p.551_p001.txt,192,Nyhamaaten,Bjorneborg,LONDON (SURREY DOCKS),"41,880 laths,12,172 deals and battens",,13,Nov,1893,18,November,1893,False,condensed,0.9,"13 Nyhamaaten-Bjorneborg-41,880 laths,12,172 deals and battens-Order"
18931118p.551_p001.txt,193,Dorthea,Skelleftea,LONDON (SURREY DOCKS),48 fms. firewood and staves,,13,Nov,1893,18,November,1893,False,condensed,0.9,Dorthea-Skelleftea-48 fms. firewood and staves-Order
18931118p.551_p001.txt,194,Stanley,Uraskoldsvik,LONDON (SURREY DOCKS),"353 stds. deals, &c., 4 fms. firewood",,13,Nov,1893,18,November,1893,True,condensed,0.9,"Stanley (s)-Uraskoldsvik-353 stds. deals, &c., 4 fms. firewood-Order"
18931118p.551_p001.txt,195,Mary,Fredrikshamn,LONDON (SURREY DOCKS),200 fms. firewood-Duus,Duus,13,Nov,1893,18,November,1893,False,condensed,0.9,Mary-Fredrikshamn-200 fms. firewood-Duus
18931118p.551_p001.txt,196,Seaham Harbour,Gefle,LONDON (SURREY DOCKS),"470 stds. deals and boards, 177 stds. boards, 41 fms. firewood",,13,Nov,1893,18,November,1893,True,condensed,0.9,"Seaham Harbour (s)-Gefle-470 stds. deals and boards, 177 stds. boards, 41 fms. firewood-Order"
18931118p.551_p001.txt,197,Skane,Soderhamn,LONDON (SURREY DOCKS),"10,215 bdls., 3,821 doz. deals",,13,Nov,1893,18,November,1893,True,condensed,0.9,"Skane (s)-Soderhamn-10,215 bdls., 3,821 doz. deals-Order"
18931118p.551_p001.txt,198,Sigurd,Holmsund,LONDON (SURREY DOCKS),"914 doz. deals, 343 doz. boards, 865 doz. deals and battens",,13,Nov,1893,18,November,1893,True,condensed,0.9,"Sigurd (s)-Holmsund-914 doz. deals, 343 doz. boards, 865 doz. deals and battens-Order"
18931118p.551_p001.txt,199,Venner,Sundswall,LONDON (SURREY DOCKS),650 lds. firewood-Glover,Glover,13,Nov,1893,18,November,1893,False,condensed,0.9,Venner-Sundswall-650 lds. firewood-Glover
18931118p.551_p001.txt,200,Patria,Blankaholm,LONDON (SURREY DOCKS),"22,585 battens",,13,Nov,1893,18,November,1893,False,condensed,0.9,"Patria-Blankaholm-22,585 battens-Order"
18931118p.551_p001.txt,201,Juno,Memel,LONDON (SURREY DOCKS),"819 pcs. timber, 62 crossings, 5,750 staves",,13,Nov,1893,18,November,1893,False,condensed,0.9,"Juno-Memel-819 pcs. timber, 62 crossings, 5,750 staves-Order"
18931118p.551_p001.txt,202,Vega,Sundswall,LONDON (SURREY DOCKS),"94,245 deals, 13,012 battens, &c.",,13,Nov,1893,18,November,1893,False,condensed,0.9,"Vega-Sundswall-94,245 deals, 13,012 battens, &c.-Order"
18931118p.551_p001.txt,203,Louise H.,St. Petersburg,LONDON (SURREY DOCKS),"4,001 pcs. lath",,14,Nov,1893,18,November,1893,True,condensed,0.9,"14 Louise H. (s)-St. Petersburg-4,001 pcs. lath-wood, 5 fms. whitewood, 367 rickers-Order"
18931118p.551_p001.txt,204,Ulf,Fredrikstad,LONDON (SURREY DOCKS),270 stds. boards,,14,Nov,1893,18,November,1893,True,condensed,0.9,Ulf (s)-Fredrikstad-270 stds. boards-Order
18931118p.551_p001.txt,205,Severn,Sundswall,LONDON (SURREY DOCKS),175 stds. deals and battens,,15,Nov,1893,18,November,1893,True,condensed,0.9,15 Severn (s)-Sundswall-175 stds. deals and battens-Order
18931118p.551_p001.txt,207,Germanie,New York,LONDON (SURREY DOCKS),"1,471 pcs. lumber-Whiteside, Johns, & Co. 700 bdls. shooks-Bessler, Waechter, & Co.; 4,040 staves-H. Hay","Whiteside, Johns, & Co.",10,Nov,1893,18,November,1893,True,standard_dash,0.9,"Nov. 10 Germanie (s)-New York-1,471 pcs. lumber-Whiteside, Johns, & Co.; 700 bdls. shooks-Bessler, Waechter, & Co.; 4,040 staves-H. Hay"
18931118p.551_p002.txt,2,Sardinian,Montreal,LONDON (SURREY DOCKS),"268 deals-Williams & Davies 373 deals-Neale, Harrison, & Co. ; 490 deals-Holme, Wainwright, & Co. ; 194 deals-C. Taylor, Son, & Co. ; 1,535 pine deals, 1,330 pine boards-Dobell, Beckett, & Co. ; from Quebec-3,000 cs. splints-Collard, Kendall, & Co. ; 500 cs. splints-Speck & Co. ; 90 cs. splints-J. W. Morgan & Co. ; 120 cs. splints-Collier; 200 cs. splints-Somas & Co.",Williams & Davies,10,Nov,1893,18,November,1893,True,condensed,0.9,"Sardinian (s)-Montreal-268 deals-Williams & Davies; 373 deals-Neale, Harrison, & Co. ; 490 deals-Holme, Wainwright, & Co. ; 194 deals-C. Taylor, Son, & Co. ; 1,535 pine deals, 1,330 pine boards-Dobell, Beckett, & Co. ; from Quebec-3,000 cs. splints-Collard, Kendall, & Co. ; 500 cs. splints-Speck & Co. ; 90 cs. splints-J. W. Morgan & Co. ; 120 cs. splints-Collier; 200 cs. splints-Somas & Co."
18931118p.551_p002.txt,4,Thorsten,Gothenburg,LONDON (SURREY DOCKS),"300 doors, 5 bdls. trellis-Crow & Son 1,820 bdls. blocks-Vigers Bros. ; 3,750 bdls. blocks, 4,166 bdls. box-boards, 17,826 box-boards, 271 doz. battens, 2,315 bdls. laths-Presto (s)-Stockholm-200 doors-Crow & Son ; 1,104 rickers-Foy & Co. ; 13,283 battens-Order",Crow & Son,11,Nov,1893,18,November,1893,True,standard_dash,0.9,"Nov. 11 Thorsten (s)-Gothenburg-300 doors, 5 bdls. trellis-Crow & Son; 1,820 bdls. blocks-Vigers Bros. ; 3,750 bdls. blocks, 4,166 bdls. box-boards, 17,826 box-boards, 271 doz. battens, 2,315 bdls. laths-Presto (s)-Stockholm-200 doors-Crow & Son ; 1,104 rickers-Foy & Co. ; 13,283 battens-Order"
18931118p.551_p002.txt,4,Presto,Stockholm,LONDON (SURREY DOCKS),"200 doors-Crow & Son 1,104 rickers-Foy & Co. ; 13,283 battens-Order",Crow & Son,11,Nov,1893,18,November,1893,True,condensed,0.9,"Presto (s)-Stockholm-200 doors-Crow & Son ; 1,104 rickers-Foy & Co. ; 13,283 battens-Order"
18931118p.551_p002.txt,5,Bjorn,Gothenburg,LONDON (SURREY DOCKS),"3,000 doors, 5 bdls. trellis-John May & Son 1,000 bdls. laths-Crow & Son; 365 bdls. laths-Foy, Morgan, & Sons ; 500 bdls. laths-H. Johnson & Sons ; 1,843 doz. doors, 2,347 deals and boards, 261 doz. battens-Order",John May & Son,14,Nov,1893,18,November,1893,True,standard_dash,0.9,"Nov. 14 Bjorn (s)-Gothenburg-3,000 doors, 5 bdls. trellis-John May & Son; 1,000 bdls. laths-Crow & Son; 365 bdls. laths-Foy, Morgan, & Sons ; 500 bdls. laths-H. Johnson & Sons ; 1,843 doz. doors, 2,347 deals and boards, 261 doz. battens-Order"
18931118p.551_p002.txt,6,Albano,Christiania,LONDON (SURREY DOCKS),"280 bags brush blocks-J. Keen 3,430 bdls. box-boards-Order",J. Keen,14,Nov,1893,18,November,1893,True,condensed,0.9,"Albano (s)-Christiania-280 bags brush blocks-J. Keen; 3,430 bdls. box-boards-Order"
18931118p.551_p002.txt,7,St.,Petersburg,LONDON (SURREY DOCKS),"1,104 rickers-Foy & Co.",Foy & Co.,14,Nov,1893,18,November,1893,False,condensed,0.9,"St. Petersburg-1,104 rickers-Foy & Co."
18931118p.551_p002.txt,10,Sognedaler,Skonvik,LONDON (SURREY DOCKS),246 fms. firewood-R. Durell,R. Durell,10,Nov,1893,18,November,1893,False,standard_dash,0.9,Nov. 10 Sognedaler-Skonvik-246 fms. firewood-R. Durell
18931118p.551_p002.txt,11,Beda,Umea,LONDON (SURREY DOCKS),200 fms. firewood,,11,Nov,1893,18,November,1893,False,condensed,0.9,11 Beda-Umea-200 fms. firewood-Order
18931118p.551_p002.txt,12,Hanna,Helsingfors,LONDON (SURREY DOCKS),216 fms. firewood,,13,Nov,1893,18,November,1893,False,condensed,0.9,13 Hanna-Helsingfors-216 fms. firewood-Order
18931118p.551_p002.txt,14,Missouri,Baltimore,TILBURY DOCKS,"520 pcs. timber 520 pcs. lumber-Order; 5,341 pcs. lumber-Cobbet & Co. ; 1 car lumber-Post, backer & Co. ; 2 cars lumber-Cobbett & Sim; 2 cars lumber-Cobbett & Co. ; 1 car lumber-C. Leary & Co.",,10,Nov,1893,18,November,1893,True,standard_dash,1.0,"Nov. 10 Missouri (s)-Baltimore-520 pcs. timber-Order; 520 pcs. lumber-Order; 5,341 pcs. lumber-Cobbet & Co. ; 1 car lumber-Post, backer & Co. ; 2 cars lumber-Cobbett & Sim; 2 cars lumber-Cobbett & Co. ; 1 car lumber-C. Leary & Co."
18931118p.551_p002.txt,16,Pluto,Wyborg,TILBURY DOCKS,"23,306 deals",,11,Nov,1893,18,November,1893,True,standard_dash,1.0,"Nov. 11 Pluto (s)-Wyborg-23,306 deals-Order"
18931118p.551_p002.txt,17,New,York,TILBURY DOCKS,"410 bdls. staves-Hattley Hay 2,400 bdls. staves-Order",Hattley Hay,11,Nov,1893,18,November,1893,False,condensed,1.0,"New York-410 bdls. staves-Hattley Hay; 2,400 bdls. staves-Order"
18931118p.551_p002.txt,20,Svend,Brahestadt,LONDON (TILBURY DOCKS),"270,931 staves",,10,Nov,1893,18,November,1893,False,standard_dash,0.9,"Nov. 10 Svend-Brahestadt-270,931 staves-Order"
18931118p.551_p002.txt,21,Penelope,Drammen,LONDON (TILBURY DOCKS),"4,122 doors, 71,841 deals-Foy, Morgan, & Co.","Foy, Morgan, & Co.",11,Nov,1893,18,November,1893,False,condensed,0.9,"11 Penelope-Drammen-4,122 doors, 71,841 deals-Foy, Morgan, & Co. ; Lesseps-Hudikswall-78 fms. deals, and boards-Order"
18931118p.551_p002.txt,21,Lesseps,Hudikswall,LONDON (TILBURY DOCKS),"78 fms. deals, and boards",,10,Nov,1893,18,November,1893,False,condensed,0.9,"Lesseps-Hudikswall-78 fms. deals, and boards-Order"
18931118p.551_p002.txt,22,Annie Therese,Skutskar,LONDON (TILBURY DOCKS),217 stds. deals-Foy &c.-Order,Foy &c.-Order,12,Nov,1893,18,November,1893,True,condensed,0.9,12 Annie Therese (s)-Skutskar-217 stds. deals-Foy &c.-Order
18931118p.551_p002.txt,23,Daphne,Kotka,LONDON (TILBURY DOCKS),194 fms. roundwood,,13,Nov,1893,18,November,1893,False,condensed,0.9,13 Daphne-Kotka-194 fms. roundwood-Order
18931118p.551_p002.txt,24,Olga,Luvia,LONDON (TILBURY DOCKS),"130 stds. staves-Duus, Brown & Co.","Duus, Brown & Co.",10,Nov,1893,18,November,1893,False,condensed,0.9,"Olga-Luvia-130 stds. staves-Duus, Brown & Co."
18931118p.551_p002.txt,25,Westphalia,Kotka,LONDON (TILBURY DOCKS),210 stds. staves-Finnis & Co.,Finnis & Co.,10,Nov,1893,18,November,1893,False,condensed,0.9,Westphalia-Kotka-210 stds. staves-Finnis & Co.
18931118p.551_p002.txt,26,Aino,Fredrikshamn,LONDON (TILBURY DOCKS),210 fms. roundwood,,15,Nov,1893,18,November,1893,False,condensed,0.9,15 Aino-Fredrikshamn-210 fms. roundwood-Order
18931118p.551_p002.txt,28,Falkon,Quebec,LONDON (TILBURY DOCKS),"36 lds. hewn elm, 13 lds. hewn birch, 285 lds. hewn fir, 1,883 sawn fir deals, &c., 13 lds. oak-C. Blades",C. Blades,10,Nov,1893,18,November,1893,False,standard_dash,0.9,"Nov. 10 Falkon-Quebec-36 lds. hewn elm, 13 lds. hewn birch, 285 lds. hewn fir, 1,883 sawn fir deals, &c., 13 lds. oak-C. Blades"
18931118p.551_p002.txt,30,Heldine,Wyborg,LONDON (TILBURY DOCKS),"130 lds. fir staves, 90 lds. deals and battens-Small & Co.",Small & Co.,9,Nov,1893,18,November,1893,False,standard_dash,0.9,"Nov. 9 Heldine-Wyborg-130 lds. fir staves, 90 lds. deals and battens-Small & Co."
18931118p.551_p002.txt,31,Der Friede,Danzig,LONDON (TILBURY DOCKS),"298 lds. hewn fir, 93 lds. sawn fir-Great Eastern Railway Co.",Great Eastern Railway Co.,13,Nov,1893,18,November,1893,False,condensed,0.9,"13 Der Friede-Danzig-298 lds. hewn fir, 93 lds. sawn fir-Great Eastern Railway Co."
18931118p.551_p002.txt,33,Hunstanton,Cronstadt,LYNN,"1,058 lds. fir deals and battens, 82 lds. firewood-Thompson, Patrick, & Co.","Thompson, Patrick, & Co.",13,Nov,1893,18,November,1893,True,standard_dash,1.0,"Nov. 13 Hunstanton (s)-Cronstadt-1,058 lds. fir deals and battens, 82 lds. firewood-Thompson, Patrick, & Co."
18931118p.551_p002.txt,34,Bride,Skutskar,LYNN,"1,334 lds. fir deals and battens-Thompson, Patrick, & Co.","Thompson, Patrick, & Co.",13,Nov,1893,18,November,1893,True,condensed,1.0,"Bride (s)-Skutskar-1,334 lds. fir deals and battens-Thompson, Patrick, & Co."
18931118p.551_p002.txt,36,Terrum,Porsgrund,LYNN,325 lds. fir-J. W. Baird & Co.,J. W. Baird & Co.,7,Nov,1893,18,November,1893,True,standard_dash,1.0,Nov. 7 Terrum (s)-Porsgrund-325 lds. fir-J. W. Baird & Co.
18931118p.551_p002.txt,37,Marie,Christiansand,LYNN,260 lds. fir-Dodds,Dodds,9,Nov,1893,18,November,1893,False,condensed,0.9,9 Marie-Christiansand-260 lds. fir-Dodds
18931118p.551_p002.txt,38,Helge,Carlshamn,LYNN,155 lds. hewn fir-Watson & Co.,Watson & Co.,10,Nov,1893,18,November,1893,False,condensed,0.9,10 Helge-Carlshamn-155 lds. hewn fir-Watson & Co.
18931118p.551_p002.txt,39,Fortuna,Porsgrund,LYNN,180 lds. hewn fir battens-W. J. Watson & Co.,W. J. Watson & Co.,7,Nov,1893,18,November,1893,False,condensed,0.9,Fortuna-Porsgrund-180 lds. hewn fir battens-W. J. Watson & Co.
18931118p.551_p002.txt,40,Louise,Fredrikstad,LYNN,330 lds. hewn fir-Calder & Co.,Calder & Co.,13,Nov,1893,18,November,1893,False,condensed,0.9,13 Louise-Fredrikstad-330 lds. hewn fir-Calder & Co.
18931118p.551_p002.txt,41,Vidfarne,Brevig,LYNN,"174 lds. hewn fir, 47 lds. props-W. J. Watson & Co.",W. J. Watson & Co.,13,Nov,1893,18,November,1893,False,condensed,0.9,"Vidfarne-Brevig-174 lds. hewn fir, 47 lds. props-W. J. Watson & Co."
18931118p.551_p002.txt,43,Psyche,Westervik,LYNN,218 lds. fir-St. John Hunt & Co.,St. John Hunt & Co.,11,Nov,1893,18,November,1893,False,standard_dash,0.9,Nov. 11 Psyche-Westervik-218 lds. fir-St. John Hunt & Co.
18931118p.551_p002.txt,45,Boncan,Bayonne,NEWPORT,"1,100 lds. pitwood-A. Capelle",A. Capelle,6,Nov,1893,18,November,1893,True,standard_dash,1.0,"Nov. 6 Boncan (s)-Bayonne-1,100 lds. pitwood-A. Capelle"
18931118p.551_p002.txt,47,Patrator,Hennebont,NEWPORT,"270 lds. pitwood-Watts, Ward, & Co.","Watts, Ward, & Co.",9,Nov,1893,18,November,1893,True,condensed,1.0,"9 Patrator (s)-Hennebont-270 lds. pitwood-Watts, Ward, & Co."
18931118p.551_p002.txt,51,Frigga,Gefle,NEWPORT,249 lds. firewood-Harvey,Harvey,7,Nov,1893,18,November,1893,False,standard_dash,0.9,Nov. 7 Frigga-Gefle-249 lds. firewood-Harvey
18931118p.551_p002.txt,53,Semaria,Fredrikstad,NEWPORT,"1,023 lds. sawn fir-Fox, Elliott, & Co.","Fox, Elliott, & Co.",7,Nov,1893,18,November,1893,False,standard_dash,0.9,"Nov. 7 Semaria-Fredrikstad-1,023 lds. sawn fir-Fox, Elliott, & Co."
18931118p.551_p002.txt,54,Vaarnen,Archangel,NEWPORT,833 lds. sawn fir-Jewson Bros.,Jewson Bros.,8,Nov,1893,18,November,1893,False,condensed,0.9,8 Vaarnen-Archangel-833 lds. sawn fir-Jewson Bros.
18931118p.551_p002.txt,55,Wylam,Gefle,NEWPORT,"1,060 lds. sawn fir-Fox & Co.",Fox & Co.,10,Nov,1893,18,November,1893,False,condensed,0.9,"10 Wylam-Gefle-1,060 lds. sawn fir-Fox & Co."
18931118p.551_p002.txt,56,Latona,Lulea,NEWPORT,"404 lds. hewn fir, 60 lds. sawn fir-R. & R. Bayly",R. & R. Bayly,13,Nov,1893,18,November,1893,False,condensed,0.9,"13 Latona-Lulea-404 lds. hewn fir, 60 lds. sawn fir-R. & R. Bayly"
18931118p.551_p002.txt,58,Gyller,Cronstadt,POOLE,291 lds. fir boards-J. J. Norton,J. J. Norton,11,Nov,1893,18,November,1893,False,standard_dash,1.0,Nov. 11 Gyller-Cronstadt-291 lds. fir boards-J. J. Norton
18931118p.551_p002.txt,60,Jupiter,"St. Margaret's Bay, N.S.",POOLE,612 lds. fir deals and ends-H. & G. Curwen & Co.,H. & G. Curwen & Co.,6,Nov,1893,18,November,1893,False,standard_dash,1.0,"Nov. 6 Jupiter-St. Margaret's Bay, N.S.-612 lds. fir deals and ends-H. & G. Curwen & Co."
18931118p.551_p002.txt,61,Kalstad,Bay Verte,POOLE,782 lds. fir deals and ends-H. & G. Curwen & Co.,H. & G. Curwen & Co.,6,Nov,1893,18,November,1893,False,condensed,1.0,Kalstad-Bay Verte-782 lds. fir deals and ends-H. & G. Curwen & Co.
18931118p.551_p002.txt,62,Alert,Hillsborough,POOLE,"1,122 lds. fir deals, scantlings, ends, and boards-Crossfield & Co.",Crossfield & Co.,11,Nov,1893,18,November,1893,False,condensed,0.9,"11 Alert-Hillsborough-1,122 lds. fir deals, scantlings, ends, and boards-Crossfield & Co."
18931118p.551_p002.txt,64,Charlotte,Skelleftea,POOLE,"39 lds. fir battens, 136 lds. fir staves, 129 lds. firewood-Finnis & Sons",Finnis & Sons,10,Nov,1893,18,November,1893,False,standard_dash,0.9,"Nov. 10 Charlotte-Skelleftea-39 lds. fir battens, 136 lds. fir staves, 129 lds. firewood-Finnis & Sons"
18931118p.551_p002.txt,65,Jenny,Fredrikstad,POOLE,388 lds. sawn fir-Baltic Saw-mill Co.,Baltic Saw-mill Co.,13,Nov,1893,18,November,1893,False,condensed,0.9,13 Jenny-Fredrikstad-388 lds. sawn fir-Baltic Saw-mill Co.
18931118p.551_p002.txt,67,Grimstad,Wyborg,POOLE,6 lds. firewood-Beves & Co.,Beves & Co.,9,Nov,1893,18,November,1893,False,standard_dash,0.9,Nov. 9 Grimstad-Wyborg-6 lds. firewood-Beves & Co.
18931118p.551_p002.txt,68,Reidulff,Gefle,POOLE,480 lds firewood-R. H. Penney,R. H. Penney,11,Nov,1893,18,November,1893,False,condensed,0.9,11 Reidulff-Gefle-480 lds firewood-R. H. Penney
18931118p.551_p002.txt,69,Presto,Gefle,POOLE,"440 lds. deals, battens, and boards-Beves & Co.",Beves & Co.,13,Nov,1893,18,November,1893,False,condensed,0.9,"13 Presto-Gefle-440 lds. deals, battens, and boards-Beves & Co."
18931118p.551_p002.txt,71,Johaanes,Riga,POOLE,392 lds. fir lathwood-Driver & Co.,Driver & Co.,10,Nov,1893,18,November,1893,False,standard_dash,0.9,Nov. 10 Johaanes-Riga-392 lds. fir lathwood-Driver & Co.
18931118p.551_p002.txt,72,S. Western,St. Malo,POOLE,4 lds. hoops-J. Dixon,J. Dixon,13,Nov,1893,18,November,1893,False,condensed,0.9,13 S. Western-St. Malo-4 lds. hoops-J. Dixon
18931118p.551_p002.txt,74,Vidar,Gefle,STOCKTON,"300 lds. fir deals, battens, and boards-Byers",Byers,9,Nov,1893,18,November,1893,False,standard_dash,1.0,"Nov. 9 Vidar-Gefle-300 lds. fir deals, battens, and boards-Byers"
18931118p.551_p002.txt,76,Phonix,Christinestad,STOCKTON,359 lds. pit props-H. Moller,H. Moller,9,Nov,1893,18,November,1893,False,standard_dash,1.0,Nov. 9 Phonix-Christinestad-359 lds. pit props-H. Moller
18931118p.551_p002.txt,77,Elise,Bergqvara,STOCKTON,225 lds. pitprops-Atkinson,Atkinson,11,Nov,1893,18,November,1893,False,condensed,1.0,11 Elise-Bergqvara-225 lds. pitprops-Atkinson
18931118p.551_p002.txt,78,Ottercaps,Gothenburg,STOCKTON,104 lds. pit props-T. Nicholson,T. Nicholson,9,Nov,1893,18,November,1893,False,condensed,0.9,Ottercaps-Gothenburg-104 lds. pit props-T. Nicholson
18931118p.551_p002.txt,79,Adelphi,Arendal,STOCKTON,"381 lds. hewn fir, 3 lds. pit props-R. Thurbon & Co.",R. Thurbon & Co.,9,Nov,1893,18,November,1893,False,condensed,0.9,"Adelphi-Arendal-381 lds. hewn fir, 3 lds. pit props-R. Thurbon & Co."
18931118p.551_p002.txt,80,Skarbo,Kragero,STOCKTON,240 lds. hewn fir-T. Atkinson 10 lds. pit props-Norck & Charlton,T. Atkinson,9,Nov,1893,18,November,1893,False,condensed,0.9,Skarbo-Kragero-240 lds. hewn fir-T. Atkinson; 10 lds. pit props-Norck & Charlton
18931118p.551_p002.txt,81,Ocean,Christiania,STOCKTON,400 lds. pitprops-Wiener,Wiener,9,Nov,1893,18,November,1893,False,condensed,0.9,Ocean-Christiania-400 lds. pitprops-Wiener
18931118p.551_p002.txt,82,Berlin,Danzig,STOCKTON,56 lds. hewn fir-Napier & Render 240 lds. hewn oak-M. Gibbon,Napier & Render,9,Nov,1893,18,November,1893,False,condensed,0.9,Berlin-Danzig-56 lds. hewn fir-Napier & Render; 240 lds. hewn oak-M. Gibbon
18931118p.551_p002.txt,83,Holger Danske,Helsingborg,STOCKTON,"40 lds. pit props, 93 lds. sawn beech chocks-H. M. Moller",H. M. Moller,9,Nov,1893,18,November,1893,False,condensed,0.9,"Holger Danske-Helsingborg-40 lds. pit props, 93 lds. sawn beech chocks-H. M. Moller"
18931118p.551_p002.txt,84,Thomas,Rendsburg,STOCKTON,100 lds. sawn oak chocks-Napier & Render,Napier & Render,9,Nov,1893,18,November,1893,False,condensed,0.9,Thomas-Rendsburg-100 lds. sawn oak chocks-Napier & Render
18931118p.551_p002.txt,85,Roskva,Kragero,STOCKTON,"323 lds. hewn fir mining timber, 10 lds. sawn unrated, 10 lds. pit props-Napier & Render",Napier & Render,9,Nov,1893,18,November,1893,False,condensed,0.9,"Roskva-Kragero-323 lds. hewn fir mining timber, 10 lds. sawn unrated, 10 lds. pit props-Napier & Render"
18931118p.551_p002.txt,86,Frankland,Gothenburg,STOCKTON,"50 lds. pit props, 60 lds. sawn fir-T. Nicholson",T. Nicholson,13,Nov,1893,18,November,1893,False,condensed,0.9,"13 Frankland-Gothenburg-50 lds. pit props, 60 lds. sawn fir-T. Nicholson"
18931118p.551_p002.txt,87,Vanadis,Gothenburg,STOCKTON,"494 lds. sawn fir, 230 lds. fir pit props-Lindsay & Hall",Lindsay & Hall,13,Nov,1893,18,November,1893,False,condensed,0.9,"Vanadis-Gothenburg-494 lds. sawn fir, 230 lds. fir pit props-Lindsay & Hall"
18931118p.551_p002.txt,90,William,Stockholm,STOCKTON,450 lds. sawn fir deals and boards-R. Williams,R. Williams,7,Nov,1893,18,November,1893,False,standard_dash,0.9,Nov. 7 William-Stockholm-450 lds. sawn fir deals and boards-R. Williams
18931118p.551_p002.txt,91,Monte Novo,"Halifax, N.S.",STOCKTON,600 lds. birch deals and ends-F. E. Aitken,F. E. Aitken,9,Nov,1893,18,November,1893,False,condensed,0.9,"9 Monte Novo-Halifax, N.S.-600 lds. birch deals and ends-F. E. Aitken"
18931118p.551_p002.txt,93,Skane,Nyhamn,TYNE,"16,888 deals, battens, and boards-Clayton & Armstrong",Clayton & Armstrong,8,Nov,1893,18,November,1893,False,standard_dash,1.0,"Nov. 8 Skane-Nyhamn-16,888 deals, battens, and boards-Clayton & Armstrong"
18931118p.551_p002.txt,94,Nicolai Zivland,Fredrikstad,TYNE,"2,006 pit props, 589 pcs. timber-Pyman, Bell, & Co. 1,832 telegraph poles-Postmaster-General","Pyman, Bell, & Co.",8,Nov,1893,18,November,1893,False,condensed,1.0,"Nicolai Zivland-Fredrikstad-2,006 pit props, 589 pcs. timber-Pyman, Bell, & Co. ; 1,832 telegraph poles-Postmaster-General"
18931118p.551_p002.txt,95,Hugo,Karlskrona,TYNE,"13,644 short props, 5,910 long props",,8,Nov,1893,18,November,1893,False,condensed,1.0,"Hugo-Karlskrona-13,644 short props, 5,910 long props-Order"
18931118p.551_p002.txt,96,Reidar,Fredrikstad,TYNE,"13,112 bdls. headings, 506 battens",,8,Nov,1893,18,November,1893,False,condensed,1.0,"Reidar-Fredrikstad-13,112 bdls. headings, 506 battens-Order"
18931118p.551_p002.txt,97,Marie,Haparanda,TYNE,"15,716 deals, battens, and boards-J. Carr, jun., & Co.","J. Carr, jun., & Co.",8,Nov,1893,18,November,1893,False,condensed,0.9,"Marie-Haparanda-15,716 deals, battens, and boards-J. Carr, jun., & Co."
18931118p.551_p002.txt,98,Marie,Gothenburg,TYNE,"176 lds. splits, 21 lds. props, 95 lds. sleepers",,8,Nov,1893,18,November,1893,True,condensed,0.9,"Marie (s)-Gothenburg-176 lds. splits, 21 lds. props, 95 lds. sleepers-Order"
18931118p.551_p002.txt,99,Vesta,Kotka,TYNE,"504,420 staves-J. Clark & Co.",J. Clark & Co.,8,Nov,1893,18,November,1893,False,condensed,0.9,"Vesta-Kotka-504,420 staves-J. Clark & Co."
18931118p.551_p002.txt,100,Ruth,Risoer,TYNE,"7,931 deals, battens, and boards",,8,Nov,1893,18,November,1893,False,condensed,0.9,"Ruth-Risoer-7,931 deals, battens, and boards-Order"
18931118p.551_p002.txt,101,Prinz Adalbert,Sundsvall,TYNE,"408 pcs. timber, 3,743 battens and boards-Robson",Robson,8,Nov,1893,18,November,1893,False,condensed,0.9,"Prinz Adalbert-Sundsvall-408 pcs. timber, 3,743 battens and boards-Robson"
18931118p.551_p002.txt,102,Vigo,Fredrikshald,TYNE,"85,286 headings-J. Clark",J. Clark,8,Nov,1893,18,November,1893,False,condensed,0.9,"Vigo-Fredrikshald-85,286 headings-J. Clark"
18931118p.551_p002.txt,103,Skirner,Jacobstadt,TYNE,"48,294 fms. pit props",,8,Nov,1893,18,November,1893,False,condensed,0.9,"Skirner-Jacobstadt-48,294 fms. pit props-Order"
18931118p.551_p002.txt,104,Jorgensen,Cronstadt,TYNE,"24,902 deals, battens, and boards-J. Herring and Co.",J. Herring and Co.,8,Nov,1893,18,November,1893,False,condensed,0.9,"Jorgensen-Cronstadt-24,902 deals, battens, and boards-J. Herring and Co."
18931118p.551_p002.txt,106,Colonist,Skien,TYNE,"919 telegraph poles 6,203 props-Armstrong, Addison and Co. 1,042 pcs. mining timber-Pyman, Bell & Co.","Armstrong, Addison and Co.",8,Nov,1893,18,November,1893,False,condensed,0.9,"Colonist-Skien-919 telegraph poles 6,203 props-Armstrong, Addison and Co. ; 1,042 pcs. mining timber-Pyman, Bell & Co."
18931118p.551_p002.txt,107,John Ormston,Hamburg,TYNE,"1 case woodware, 3 cases mouldings-Tyne Steamship Company",Tyne Steamship Company,11,Nov,1893,18,November,1893,True,condensed,0.9,"11 John Ormston (s)-Hamburg-1 case woodware, 3 cases mouldings-Tyne Steamship Company"
18931118p.551_p002.txt,108,Grenadier,Antwerp,TYNE,80 bdls. willows-Tyne Steamship Company,Tyne Steamship Company,11,Nov,1893,18,November,1893,True,condensed,0.9,Grenadier (s)-Antwerp-80 bdls. willows-Tyne Steamship Company
18931125p.2_p001.txt,3,Glasgow.,Telegrams,TYNE,"""Mackellar, Gallowgate, Glasgow."" Telephone No. 667.",,11,Nov,1893,25,November,1893,False,condensed,0.9,"Glasgow. Telegrams—""Mackellar, Gallowgate, Glasgow."" Telephone No. 667."
18931125p.2_p001.txt,15,Telegraphic,Address,INVERNESS,"""TIMBER, INVERNESS.""",,11,Nov,1893,25,November,1893,False,condensed,1.0,"Telegraphic Address—""TIMBER, INVERNESS."""
18931125p.2_p001.txt,56,Henry,Kalajoki,DUNDEE,"8 lds. firewood, 42 lds. pulpwood-C. Ludwig & Co.",C. Ludwig & Co.,14,Nov,1893,25,November,1893,False,standard_dash,0.9,"Nov. 14 Henry-Kalajoki-8 lds. firewood, 42 lds. pulpwood-C. Ludwig & Co."
18931125p.2_p001.txt,58,Amor,Porsgrund,DUNDEE,240 lds. pit props-J Kennedy & Co.,J Kennedy & Co.,16,Nov,1893,25,November,1893,False,standard_dash,0.9,Nov. 16 Amor-Porsgrund-240 lds. pit props-J Kennedy & Co.
18931125p.2_p001.txt,59,Rap,Christiania,DUNDEE,181 lds. pit props-J. Cairns,J. Cairns,16,Nov,1893,25,November,1893,False,condensed,0.9,16 Rap-Christiania-181 lds. pit props-J. Cairns
18931125p.2_p001.txt,60,Progress,Konigsberg,DUNDEE,"300 lds. pit props-Rennie, Bryson, & Co.","Rennie, Bryson, & Co.",17,Nov,1893,25,November,1893,False,condensed,0.9,"17 Progress - Konigsberg - 300 lds. pit props-Rennie, Bryson, & Co."
18931125p.2_p001.txt,61,Roma,Halmstad,DUNDEE,172 lds. pit props-Madsen,Madsen,18,Nov,1893,25,November,1893,False,condensed,0.9,18 Roma-Halmstad-172 lds. pit props-Madsen
18931125p.2_p001.txt,62,Ora et Labora,Halmstad,DUNDEE,145 lds. pit props-J. Kennedy & Co.,J. Kennedy & Co.,20,Nov,1893,25,November,1893,False,condensed,0.9,20 Ora et Labora-Halmstad-145 lds. pit props-J. Kennedy & Co.
18931125p.2_p001.txt,63,Fredrikke,Halmstad,DUNDEE,155 lds. pit props-J Kennedy & Co.,J Kennedy & Co.,20,Nov,1893,25,November,1893,False,condensed,0.9,Fredrikke-Halmstad-155 lds. pit props-J Kennedy & Co.
18931125p.2_p001.txt,65,Ceres,Fredrikshald,DUNDEE,202 lds. pit props-Napier & Render,Napier & Render,14,Nov,1893,25,November,1893,False,standard_dash,0.9,Nov. 14 Ceres-Fredrikshald-202 lds. pit props-Napier & Render
18931125p.2_p001.txt,67,Iberia,Gothenburg,DUNDEE,"360 lds. fir pit props, 153 lds. sawn fir-Love & Stewart",Love & Stewart,16,Nov,1893,25,November,1893,True,standard_dash,0.9,"Nov. 16 Iberia (s)-Gothenburg-360 lds. fir pit props, 153 lds. sawn fir-Love & Stewart"
18931125p.2_p001.txt,69,Medea,Gothenburg,BORROWSTOUNNESS,243 lds. fir props-Stevenson & Cowel,Stevenson & Cowel,14,Nov,1893,25,November,1893,False,standard_dash,1.0,Nov. 14 Medea-Gothenburg-243 lds. fir props-Stevenson & Cowel
18931125p.2_p001.txt,70,Medea,Gothenburg,BORROWSTOUNNESS,48 lds. fir pitwood-W. Donaldson,W. Donaldson,15,Nov,1893,25,November,1893,False,condensed,1.0,15 Medea-Gothenburg-48 lds. fir pitwood-W. Donaldson
18931125p.2_p001.txt,71,Gretina,Brahe,BORROWSTOUNNESS,90 lds. props-J. Denholm,J. Denholm,18,Nov,1893,25,November,1893,False,condensed,1.0,18 Gretina-Brahe-90 lds. props-J. Denholm
18931125p.2_p001.txt,73,Hibernian,Montreal,BORROWSTOUNNESS,"6,480 deals-Edmiston & Mitchells",Edmiston & Mitchells,15,Nov,1893,25,November,1893,False,standard_dash,0.9,"Nov. 15 Hibernian-Montreal-6,480 deals-Edmiston & Mitchells"
18931125p.2_p001.txt,74,Assyrian,Philadelphia,BORROWSTOUNNESS,"1,468 pcs., 84 bdls walnut and ash lumber-Jas. Kennedy & Co 2,400 staves-Edmiston & Mitchells; 18 logs walnut-Wright, Graham, & Co.",Jas. Kennedy & Co,15,Nov,1893,25,November,1893,False,condensed,0.9,"Assyrian-Philadelphia-1,468 pcs., 84 bdls walnut and ash lumber-Jas. Kennedy & Co ; 2,400 staves-Edmiston & Mitchells; 18 logs walnut-Wright, Graham, & Co."
18931125p.2_p001.txt,75,Tenasserim,Rangoon,BORROWSTOUNNESS,"50,850 teak keys, 1,865 teak blocks, 1,537 teak planks",,16,Nov,1893,25,November,1893,False,condensed,0.9,"16 Tenasserim-Rangoon-50,850 teak keys, 1,865 teak blocks, 1,537 teak planks-Order"
18931125p.2_p001.txt,76,Devonia,New York,BORROWSTOUNNESS,"340 bdls. staves, 3,510 hhd. staves",,15,Nov,1893,25,November,1893,False,condensed,0.9,"Devonia-New York-340 bdls. staves, 3,510 hhd. staves-Order"
18931125p.2_p002.txt,27,Henry,Kalajoki,MENT,"8 lds. firewood, 42 lds. pulpwood-C. Ludwig & Co.",C. Ludwig & Co.,14,Nov,1893,25,November,1893,False,standard_dash,0.9,"Nov. 14 Henry-Kalajoki-8 lds. firewood, 42 lds. pulpwood-C. Ludwig & Co."
18931125p.2_p002.txt,30,Amor,Porsgrund,MENT,240 lds. pit props-J. Kennedy & Co.,J. Kennedy & Co.,16,Nov,1893,25,November,1893,False,standard_dash,0.9,Nov. 16 Amor-Porsgrund-240 lds. pit props-J. Kennedy & Co.
18931125p.2_p002.txt,31,Rap,Christiania,MENT,181 lds. pit props-J. Kennedy & Co.,J. Kennedy & Co.,16,Nov,1893,25,November,1893,False,condensed,0.9,16 Rap-Christiania-181 lds. pit props-J. Kennedy & Co.
18931125p.2_p002.txt,32,Progress,Konigsberg,MENT,"300 lds. pit props-Rennie, Bryson, & Co.","Rennie, Bryson, & Co.",17,Nov,1893,25,November,1893,False,condensed,0.9,"17 Progress - Konigsberg - 300 lds. pit props-Rennie, Bryson, & Co."
18931125p.2_p002.txt,33,Roma,Halmstad,MENT,172 lds. pit props-Madsen & Borch.,Madsen & Borch.,18,Nov,1893,25,November,1893,False,condensed,0.9,18 Roma-Halmstad-172 lds. pit props-Madsen & Borch.
18931125p.2_p002.txt,34,Ora et Labora,Halmstad,MENT,145 lds. pit props-J. Kennedy & Co.,J. Kennedy & Co.,20,Nov,1893,25,November,1893,False,condensed,0.9,20 Ora et Labora-Halmstad-145 lds. pit props-J. Kennedy & Co.
18931125p.2_p002.txt,35,Fredrikke,Halmstad,MENT,155 lds. pit props-J. Kennedy & Co.,J. Kennedy & Co.,20,Nov,1893,25,November,1893,False,condensed,0.9,20 Fredrikke-Halmstad-155 lds. pit props-J. Kennedy & Co.
18931125p.2_p002.txt,38,Ceres,Fredrikshald,MENT,202 lds. pit props-Napier & Render,Napier & Render,14,Nov,1893,25,November,1893,False,standard_dash,0.9,Nov. 14 Ceres-Fredrikshald-202 lds. pit props-Napier & Render
18931125p.2_p002.txt,41,Iberia,Gothenburg,MENT,"360 lds. fir pit props, 153 lds. sawn fir-Love & Stewart",Love & Stewart,16,Nov,1893,25,November,1893,True,standard_dash,0.9,"Nov. 16 Iberia (s)-Gothenburg-360 lds. fir pit props, 153 lds. sawn fir-Love & Stewart"
18931125p.2_p002.txt,44,Medea,Gothenburg,BORROWSTOUNESS,243 lds. fir props-Stevenson & Cowel,Stevenson & Cowel,14,Nov,1893,25,November,1893,False,standard_dash,1.0,Nov. 14 Medea-Gothenburg-243 lds. fir props-Stevenson & Cowel
18931125p.2_p002.txt,45,Medea,Gothenburg,BORROWSTOUNESS,48 lds. fir pitwood-T. Donaldson,T. Donaldson,15,Nov,1893,25,November,1893,False,condensed,1.0,15 Medea-Gothenburg-48 lds. fir pitwood-T. Donaldson
18931125p.2_p002.txt,46,Gretina,Brahe,BORROWSTOUNESS,90 lds. props-J. Denholm,J. Denholm,18,Nov,1893,25,November,1893,False,condensed,1.0,18 Gretina-Brahe-90 lds. props-J. Denholm
18931125p.2_p002.txt,49,Hibernian,Montreal,BORROWSTOUNESS,"6,480 deals-Edmiston & Mitchells",Edmiston & Mitchells,15,Nov,1893,25,November,1893,False,standard_dash,0.9,"Nov. 15 Hibernian-Montreal-6,480 deals-Edmiston & Mitchells"
18931125p.2_p002.txt,50,Assyrian,Philadelphia,BORROWSTOUNESS,"1,468 pcs. 84 bdls. walnut and ash lumber-Jas. Kennedy & Co 2,400 staves-Edmiston & Mitchells; 18 logs walnut-Wright, Graham, & Co.",Jas. Kennedy & Co,15,Nov,1893,25,November,1893,False,condensed,0.9,"Assyrian-Philadelphia-1,468 pcs. 84 bdls. walnut and ash lumber-Jas. Kennedy & Co ; 2,400 staves-Edmiston & Mitchells; 18 logs walnut-Wright, Graham, & Co."
18931125p.2_p002.txt,51,Tenasserim,Rangoon,BORROWSTOUNESS,"50,850 teak keys, 1,870 teak blocks, 1,537 teak planks",,16,Nov,1893,25,November,1893,False,condensed,0.9,"16 Tenasserim-Rangoon-50,850 teak keys, 1,870 teak blocks, 1,537 teak planks-Order"
18931125p.2_p002.txt,52,Devonia,New York,BORROWSTOUNESS,"340 bdls staves, 4,000 hhd. staves",,15,Nov,1893,25,November,1893,False,condensed,0.9,"Devonia-New York-340 bdls staves, 4,000 hhd. staves-Order"
18931125p.2_p002.txt,55,Mereddio,Quebec,GREENOCK,"210 pcs. oak, 20 pcs. ash, 11 pcs. cherry, 100 pcs. birch, 71 pcs. whitewood, 116 pcs. square pine, 4,000 spruce deals, 1,652 spruce deal ends, 411 pcs. pine deals, 1,087 pine deal ends, 411 pcs. pine boards, 434 pcs. waney pine",,13,Nov,1893,25,November,1893,False,standard_dash,0.9,"Nov. 13 Mereddio-Quebec-210 pcs. oak, 20 pcs. ash, 11 pcs. cherry, 100 pcs. birch, 71 pcs. whitewood, 116 pcs. square pine, 4,000 spruce deals, 1,652 spruce deal ends, 411 pcs. pine deals, 1,087 pine deal ends, 411 pcs. pine boards, 434 pcs. waney pine-Order"
18931125p.2_p002.txt,58,Gottfried,Abo,GREENOCK,"6,269 deals-Salvesen",Salvesen,11,Nov,1893,25,November,1893,False,standard_dash,0.9,"Nov. 11 Gottfried-Abo-6,269 deals-Salvesen"
18931125p.2_p002.txt,59,Nornen,Cronstadt,GREENOCK,"10,206 battens-W. Thomson",W. Thomson,11,Nov,1893,25,November,1893,False,condensed,0.9,"Nornen-Cronstadt-10,206 battens-W. Thomson"
18931125p.2_p002.txt,60,Dido,Gefle,GREENOCK,"7,506 deals and battens-Wilkie",Wilkie,11,Nov,1893,25,November,1893,False,condensed,0.9,"Dido-Gefle-7,506 deals and battens-Wilkie"
18931125p.2_p002.txt,61,Wilhelm,Riga,GREENOCK,"5,579 deals-J. T. Salvesen & Co.",J. T. Salvesen & Co.,11,Nov,1893,25,November,1893,False,condensed,0.9,"Wilhelm-Riga-5,579 deals-J. T. Salvesen & Co."
18931125p.2_p002.txt,62,Anna Charlotte,Riga,GREENOCK,"6,661 deals and battens-M'Pherson & M'Laren",M'Pherson & M'Laren,13,Nov,1893,25,November,1893,False,condensed,0.9,"13 Anna Charlotte-Riga-6,661 deals and battens-M'Pherson & M'Laren"
18931125p.2_p002.txt,63,Markus,Riga,GREENOCK,"6,117 deals and ends-J. Hay",J. Hay,13,Nov,1893,25,November,1893,False,condensed,0.9,"Markus-Riga-6,117 deals and ends-J. Hay"
18931125p.2_p002.txt,64,Brownlee & Co.,Sirius,GREENOCK,"Riga 1,214 pcs. timber, 2,398 deals-P & J. Wilkie",P & J. Wilkie,13,Nov,1893,25,November,1893,False,condensed,0.9,"Brownlee & Co. Sirius-Riga 1,214 pcs. timber, 2,398 deals-P & J. Wilkie"
18931125p.2_p002.txt,66,Merold,Christiania,GREENOCK,"781 spars, 6,200 pit props-P & J. Wilkie",P & J. Wilkie,13,Nov,1893,25,November,1893,False,condensed,0.9,"Merold-Christiania-781 spars, 6,200 pit props-P & J. Wilkie"
18931125p.2_p002.txt,67,August,Riga,GREENOCK,"576 pcs. timber, 2,119 deals-P & J. Wilkie",P & J. Wilkie,13,Nov,1893,25,November,1893,False,condensed,0.9,"August-Riga-576 pcs. timber, 2,119 deals-P & J. Wilkie"
18931125p.2_p002.txt,68,Friedrich Hartvig,Sundsvall,GREENOCK,"6,609 deals-Salvesen & Co.",Salvesen & Co.,13,Nov,1893,25,November,1893,False,condensed,0.9,"Friedrich Hartvig-Sundsvall-6,609 deals-Salvesen & Co."
18931125p.2_p002.txt,69,Ima,Cronstadt,GREENOCK,"1,961 deals and battens-J. T. Salvesen & Co.",J. T. Salvesen & Co.,13,Nov,1893,25,November,1893,False,condensed,0.9,"Ima-Cronstadt-1,961 deals and battens-J. T. Salvesen & Co."
18931125p.2_p002.txt,70,Juno,Cronstadt,GREENOCK,"1,961 deals and battens-W. Thomson",W. Thomson,13,Nov,1893,25,November,1893,False,condensed,0.9,"Juno-Cronstadt-1,961 deals and battens-W. Thomson"
18931125p.2_p002.txt,71,Gjoja,Libau,GREENOCK,"1,733 deals and battens-Brownlee & Co.",Brownlee & Co.,14,Nov,1893,25,November,1893,False,condensed,0.9,"14 Gjoja-Libau-1,733 deals and battens-Brownlee & Co."
18931125p.2_p002.txt,72,Alma,Cronstadt,GREENOCK,"15,126 deals and battens-Brownlee & Co.",Brownlee & Co.,14,Nov,1893,25,November,1893,False,condensed,0.9,"Alma-Cronstadt-15,126 deals and battens-Brownlee & Co."
18931125p.2_p002.txt,73,Jorgen Larsen,Riga,GREENOCK,"1,733 deals-W. Thomson",W. Thomson,15,Nov,1893,25,November,1893,False,condensed,0.9,"15 Jorgen Larsen-Riga-1,733 deals-W. Thomson"
18931125p.2_p002.txt,74,Christiane Marie,Hernosand,GREENOCK,"10,136 deals and battens-P. & J. Wilkie",P. & J. Wilkie,15,Nov,1893,25,November,1893,False,condensed,0.9,"Christiane Marie - Hernosand - 10,136 deals and battens-P. & J. Wilkie"
18931125p.2_p002.txt,75,Upesgrihwa,Riga,GREENOCK,"2,500 pcs. timber-W. D. Thomson 5,122 deals and battens-Shanks & Son ; 6,516 deals and battens-Torrance & Co. ; 6,122 deals and battens, 22 pcs. timber-W. Young & Co.",W. D. Thomson,15,Nov,1893,25,November,1893,False,condensed,0.9,"Upesgrihwa-Riga-2,500 pcs. timber-W. D. Thomson ; 5,122 deals and battens-Shanks & Son ; 6,516 deals and battens-Torrance & Co. ; 6,122 deals and battens, 22 pcs. timber-W. Young & Co."
18931125p.2_p002.txt,76,Tasmania,Kotka,GREENOCK,"15,500 deals and battens-T. Salvesen & Co.",T. Salvesen & Co.,15,Nov,1893,25,November,1893,False,condensed,0.9,"Tasmania-Kotka-15,500 deals and battens-T. Salvesen & Co."
18931125p.2_p002.txt,79,Activ,Kragero,WICK,94 lds. fir staves-D. Sandison,D. Sandison,14,Nov,1893,25,November,1893,False,standard_dash,1.0,Nov. 14 Activ-Kragero-94 lds. fir staves-D. Sandison
18931125p.2_p002.txt,85,Gjoja,Libau,WICK,"1,733 deals, 858 pcs. timber-Brownlee & Co.",Brownlee & Co.,14,Nov,1893,25,November,1893,False,condensed,0.9,"14 Gjoja-Libau-1,733 deals, 858 pcs. timber-Brownlee & Co."
18931125p.2_p002.txt,86,Alma,Cronstadt,WICK,"15,126 deals and battens-Brownlee & Co.",Brownlee & Co.,14,Nov,1893,25,November,1893,False,condensed,0.9,"Alma-Cronstadt-15,126 deals and battens-Brownlee & Co."
18931125p.2_p002.txt,87,Jorgen Larsen,Riga,WICK,"3,443 deals-Robinson",Robinson,15,Nov,1893,25,November,1893,False,condensed,0.9,"15 Jorgen Larsen-Riga-3,443 deals-Robinson"
18931125p.2_p002.txt,88,Christiane Marie,Hudikswall,WICK,"12,496 deals and battens-P. & J. Wilkie",P. & J. Wilkie,15,Nov,1893,25,November,1893,False,condensed,0.9,"Christiane Marie-Hudikswall-12,496 deals and battens-P. & J. Wilkie"
18931125p.2_p002.txt,89,Upesgrihwa,Riga,WICK,"2,507 battens and ends-J. Kennedy & Co. 6,509 battens and ends-W. Young & Co. ; 5,118 deals and ends-J. W. Richards & Co. ; 6,236 deals and ends, 18 pcs. timber-J. Denholm",J. Kennedy & Co.,15,Nov,1893,25,November,1893,False,condensed,0.9,"Upesgrihwa-Riga-2,507 battens and ends-J. Kennedy & Co. ; 6,509 battens and ends-W. Young & Co. ; 5,118 deals and ends-J. W. Richards & Co. ; 6,236 deals and ends, 18 pcs. timber-J. Denholm"
18931125p.2_p002.txt,90,Tasmania,Kotka,WICK,"15,504 deals and battens-J. T. Salvesen & Co.",J. T. Salvesen & Co.,15,Nov,1893,25,November,1893,False,condensed,0.9,"Tasmania-Kotka-15,504 deals and battens-J. T. Salvesen & Co."
18931125p.2_p002.txt,93,Proven,Kragero,WICK,31 lds. fir poles-Calder & Co. 31 lds. fir props-Madsen & Borch,Calder & Co.,16,Nov,1893,25,November,1893,False,standard_dash,0.9,Nov. 16 Proven-Kragero-31 lds. fir poles-Calder & Co. ; 31 lds. fir props-Madsen & Borch
18931125p.2_p002.txt,96,Cortez,Djupvik,IRVINE,316 lds. fir sawn-M. Wright & Nephew,M. Wright & Nephew,14,Nov,1893,25,November,1893,False,standard_dash,1.0,Nov. 14 Cortez-Djupvik-316 lds. fir sawn-M. Wright & Nephew
18931125p.2_p002.txt,99,Balder,Brevig,IRVINE,432 lds. fir battens-Shepherd & Beveridge,Shepherd & Beveridge,14,Nov,1893,25,November,1893,False,standard_dash,1.0,Nov. 14 Balder-Brevig-432 lds. fir battens-Shepherd & Beveridge
18931125p.2_p002.txt,100,Hama,Mandal,IRVINE,70 lds. staves-G. Robertson,G. Robertson,14,Nov,1893,25,November,1893,False,condensed,0.9,14 Hama-Mandal-70 lds. staves-G. Robertson
18931125p.2_p002.txt,103,Cromer,New York,IRVINE,10 lds. staves-H. M. Blaik & Co.,H. M. Blaik & Co.,14,Nov,1893,25,November,1893,False,standard_dash,0.9,Nov. 14 Cromer-New York-10 lds. staves-H. M. Blaik & Co.
18931125p.2_p002.txt,104,Sir Walter,Bordeaux,IRVINE,7 lds. split hoops-T. Aitken,T. Aitken,15,Nov,1893,25,November,1893,False,condensed,0.9,15 Sir Walter-Bordeaux-7 lds. split hoops-T. Aitken
18931125p.2_p002.txt,105,Britannia,Rotterdam,IRVINE,9 lds. split hoops-G. Gibson & Co.,G. Gibson & Co.,16,Nov,1893,25,November,1893,False,condensed,0.9,16 Britannia-Rotterdam-9 lds. split hoops-G. Gibson & Co.
18931125p.2_p002.txt,106,Edinburgh,Quebec,IRVINE,"120 lds. birch timber, 511 lds. hewn fir, 442 lds. sawn fir-J. Mitchell",J. Mitchell,14,Nov,1893,25,November,1893,False,condensed,0.9,"Edinburgh-Quebec-120 lds. birch timber, 511 lds. hewn fir, 442 lds. sawn fir-J. Mitchell"
18931125p.2_p002.txt,107,Moravia,Riga,IRVINE,337 lds. fir deals and battens-J. Cormack,J. Cormack,20,Nov,1893,25,November,1893,False,condensed,0.9,20 Moravia-Riga-337 lds. fir deals and battens-J. Cormack
18931125p.2_p002.txt,110,Æolus,Kotka,IRVINE,220 lds. fir staves-Leask & Co.,Leask & Co.,18,Nov,1893,25,November,1893,False,standard_dash,0.9,Nov. 18 Æolus - Kotka - 220 lds. fir staves-Leask & Co.
18931125p.2_p002.txt,116,Telegraphic,Address,IRVINE,"""MITCHELL, LEITH."" Telephone No. 458.",,18,Nov,1893,25,November,1893,False,condensed,0.9,"Telegraphic Address—""MITCHELL, LEITH."" Telephone No. 458."
18931125p.2_p002.txt,121,Branches,CALEDONIAN SAW,IRVINE,"MILLS, GRANGEMOUTH, & KILMARNOCK SAW-MILLS, KILMARNOCK.","MILLS, KILMARNOCK.",18,Nov,1893,25,November,1893,False,condensed,0.9,"Branches— CALEDONIAN SAW-MILLS, GRANGEMOUTH, & KILMARNOCK SAW-MILLS, KILMARNOCK."
18931125p.575_p001.txt,9,Telegraphic,Address,PETITIONS PRESENTED FOR CESSIO,"""OAKLINGS, LONDON.""",,18,Nov,1893,25,November,1893,False,condensed,0.9,"Telegraphic Address—""OAKLINGS, LONDON."""
18931125p.575_p001.txt,38,Telegraphic,Address,BELLYWOOD,"""ACAJOU, LONDON.""",,18,Nov,1893,25,November,1893,False,condensed,0.9,"Telegraphic Address—""ACAJOU, LONDON."""
18931125p.575_p001.txt,52,Telegraphic and Cable,Address,BELLYWOOD,"""BURRWOOD, LIVERPOOL.""",,18,Nov,1893,25,November,1893,False,condensed,0.9,"Telegraphic and Cable Address—""BURRWOOD, LIVERPOOL."""
18931125p.575_p001.txt,55,Enigheden,Kragero,BELLYWOOD,120 lds. mining timber,,14,Nov,1893,25,November,1893,False,standard_dash,0.9,Nov. 14 Enigheden-Kragero-120 lds. mining timber-Order
18931125p.575_p001.txt,57,Arab Steed,Gothenburg,BRISTOL,"76,814 deals and battens-H. Denty",H. Denty,16,Nov,1893,25,November,1893,True,standard_dash,0.9,"Nov. 16 Arab Steed (s)-Gothenburg-76,814 deals and battens-H. Denty"
18931125p.575_p001.txt,58,Seaton,St. Petersburg,BRISTOL,"1,013 pcs. lathwood",,21,Nov,1893,25,November,1893,False,condensed,0.9,"21 Seaton-St. Petersburg-1,013 pcs. lathwood-Order"
18931125p.575_p001.txt,60,Alcides,Montreal,BRISTOL,"2,727 deals",,17,Nov,1893,25,November,1893,True,standard_dash,0.9,"Nov. 17 Alcides (s)-Montreal-2,727 deals-Order"
18931125p.575_p001.txt,61,Sicilia,Montreal,BRISTOL,3 stds. deals-Morris & Smith,Morris & Smith,20,Nov,1893,25,November,1893,True,condensed,0.9,20 Sicilia (s)-Montreal-3 stds. deals-Morris & Smith
18931125p.575_p001.txt,62,Angelica,Bordeaux,BRISTOL,"1,200 lds. pitwood-Powley, Thomas, & Co.","Powley, Thomas, & Co.",16,Nov,1893,25,November,1893,True,condensed,0.9,"16 Angelica (s)-Bordeaux-1,200 lds. pitwood-Powley, Thomas, & Co."
18931125p.575_p001.txt,63,Dordogne,Bordeaux,BRISTOL,"900 lds. pitwood-Hooper, Campbell, & Co.","Hooper, Campbell, & Co.",17,Nov,1893,25,November,1893,False,condensed,0.9,"Dordogne-Bordeaux-900 lds. pitwood-Hooper, Campbell, & Co."
18931125p.575_p001.txt,64,Rosebud,Bordeaux,BRISTOL,"1,100 lds. pitwood-Newport Pitwood Co.",Newport Pitwood Co.,16,Nov,1893,25,November,1893,True,condensed,0.9,"16 Rosebud (s)-Bordeaux-1,100 lds. pitwood-Newport Pitwood Co."
18931125p.575_p001.txt,65,Hawcah,Harnas,BRISTOL,720 lds. sawn fir-Watsons,Watsons,16,Nov,1893,25,November,1893,False,condensed,0.9,Hawcah-Harnas-720 lds. sawn fir-Watsons
18931125p.575_p001.txt,66,Garrison,Bayonne,BRISTOL,"1,000 lds. pitwood-Powley, Thomas, & Co.","Powley, Thomas, & Co.",16,Nov,1893,25,November,1893,True,condensed,0.9,"Garrison (s)-Bayonne-1,000 lds. pitwood-Powley, Thomas, & Co."
18931125p.575_p001.txt,67,Eclairen,Vannes,BRISTOL,250 lds. hewn fir-Tapson,Tapson,17,Nov,1893,25,November,1893,False,condensed,0.9,17 Eclairen-Vannes-250 lds. hewn fir-Tapson
18931125p.575_p001.txt,68,Julien Gabrielle,Hennebont,BRISTOL,150 lds. fir pitwood-Budd & Co.,Budd & Co.,17,Nov,1893,25,November,1893,False,condensed,0.9,Julien Gabrielle-Hennebont-150 lds. fir pitwood-Budd & Co.
18931125p.575_p001.txt,69,Prudent,Sundswall,BRISTOL,"718 lds. hewn fir, 85 lds. sawn fir, 26 lds. firewood-W. Thomas",W. Thomas,18,Nov,1893,25,November,1893,False,condensed,0.9,"18 Prudent-Sundswall-718 lds. hewn fir, 85 lds. sawn fir, 26 lds. firewood-W. Thomas"
18931125p.575_p001.txt,70,Marie,Uleaborg,BRISTOL,"1,045 lds. sawn fir-Robinson",Robinson,18,Nov,1893,25,November,1893,False,condensed,0.9,"Marie-Uleaborg-1,045 lds. sawn fir-Robinson"
18931125p.575_p001.txt,71,Amaranth,Skönvik,BRISTOL,446 lds. sawn fir-Morris & Smith,Morris & Smith,20,Nov,1893,25,November,1893,False,condensed,0.9,20 Amaranth-Skönvik-446 lds. sawn fir-Morris & Smith
18931125p.575_p001.txt,72,Ceres,Grimstad,BRISTOL,291 lds. hewn fir mining-Tellefsen & Co.,Tellefsen & Co.,20,Nov,1893,25,November,1893,False,condensed,0.9,Ceres-Grimstad-291 lds. hewn fir mining-Tellefsen & Co.
18931125p.575_p001.txt,73,Los Amigos,Puebla del Caraminal,BRISTOL,"460 lds. fir pitwood-Manzanos, Cristobal, & Co.","Manzanos, Cristobal, & Co.",20,Nov,1893,25,November,1893,False,condensed,0.9,"Los Amigos-Puebla del Caraminal-460 lds. fir pitwood-Manzanos, Cristobal, & Co."
18931125p.575_p001.txt,74,Fillipo,Stettin,BRISTOL,"400 lds. hewn oak, 75 lds. hewn fir-J. Bland & Co.",J. Bland & Co.,20,Nov,1893,25,November,1893,False,condensed,0.9,"Fillipo-Stettin-400 lds. hewn oak, 75 lds. hewn fir-J. Bland & Co."
18931125p.575_p001.txt,76,Gefion,Cronstadt,DOVER,"610 lds. fir boards and battens, 104 lds. fir lathwood-Steriker Finnis & Sons",Steriker Finnis & Sons,20,Nov,1893,25,November,1893,False,standard_dash,1.0,"Nov. 20 Gefion - Cronstadt-610 lds. fir boards and battens, 104 lds. fir lathwood-Steriker Finnis & Sons"
18931125p.575_p001.txt,78,Felicie,Fredrikshald,EXETER,"300 lds. fir boards, 72 lds. fir battens, 33 lds. fir laths-Taylor",Taylor,9,Nov,1893,25,November,1893,False,standard_dash,1.0,"Nov. 9 Felicie-Fredrikshald-300 lds. fir boards, 72 lds. fir battens, 33 lds. fir laths-Taylor"
18931125p.575_p001.txt,91,Telegraphic,Address,EXETER,"""GODFREY, LONDON.""",,9,Nov,1893,25,November,1893,False,condensed,0.9,"Telegraphic Address— ""GODFREY, LONDON."""
18931125p.575_p001.txt,93,MAHOGANY and other,Knife,EXETER,"cut VENEERS CURLS, &c.",,9,Nov,1893,25,November,1893,False,condensed,0.9,"MAHOGANY and other Knife-cut VENEERS CURLS, &c."
18931125p.575_p001.txt,101,Doune Castle,Drammen,FLEETWOOD,"1,584 lds. sawn fir boards-H. & G. Curwen & Co.",H. & G. Curwen & Co.,15,Nov,1893,25,November,1893,False,standard_dash,1.0,"Nov. 15 Doune Castle-Drammen-1,584 lds. sawn fir boards-H. & G. Curwen & Co."
18931125p.575_p001.txt,103,Jonathan,Cronstadt,FLEETWOOD,318 lds. fir deals; 239 lds. lathwood-H. Tolputt & Co.,H. Tolputt & Co.,16,Nov,1893,25,November,1893,False,standard_dash,1.0,Nov. 16 Jonathan-Cronstadt-318 lds. fir deals; 239 lds. lathwood-H. Tolputt & Co.
18931125p.575_p001.txt,105,John Dixon,Lulea,GRIMSBY,"1,360 lds. fir deals and battens-Seddon, Shepherd, & Co.","Seddon, Shepherd, & Co.",15,Nov,1893,25,November,1893,True,standard_dash,0.9,"Nov. 15 John Dixon (s)-Lulea-1,360 lds. fir deals and battens-Seddon, Shepherd, & Co."
18931125p.575_p001.txt,106,Charles,Lulea,GRIMSBY,50 lds. firewood-Taylor,Taylor,16,Nov,1893,25,November,1893,False,condensed,0.9,16 Charles-Lulea-50 lds. firewood-Taylor
18931125p.575_p001.txt,108,Sheksna,Fredrikshamn,GRIMSBY,270 lds. fir props-Pedersen & Co.,Pedersen & Co.,14,Nov,1893,25,November,1893,False,standard_dash,0.9,Nov. 14 Sheksna-Fredrikshamn-270 lds. fir props-Pedersen & Co.
18931125p.575_p001.txt,109,Kong Carl,Hernosand,GRIMSBY,440 lds. props-E. Nielsen,E. Nielsen,14,Nov,1893,25,November,1893,False,condensed,0.9,Kong Carl-Hernosand-440 lds. props-E. Nielsen
18931125p.575_p001.txt,110,Adolf,Gothenburg,GRIMSBY,"36 lds. crowntrees, 179 lds. props-J. W. Baird & Co.",J. W. Baird & Co.,14,Nov,1893,25,November,1893,True,condensed,0.9,"Adolf (s)-Gothenburg-36 lds. crowntrees, 179 lds. props-J. W. Baird & Co."
18931125p.575_p001.txt,111,Lindholmen,Gothenburg,GRIMSBY,63 lds. fir sleepers-North-Eastern Railway Company,North-Eastern Railway Company,14,Nov,1893,25,November,1893,True,condensed,0.9,Lindholmen (s)-Gothenburg-63 lds. fir sleepers-North-Eastern Railway Company
18931125p.575_p001.txt,112,Zephyr,Brevig,GRIMSBY,"210 lds. square fir timber, 12 lds. props-W. J. Watson & Co.",W. J. Watson & Co.,14,Nov,1893,25,November,1893,False,condensed,0.9,"Zephyr-Brevig-210 lds. square fir timber, 12 lds. props-W. J. Watson & Co."
18931125p.575_p001.txt,113,Sigrid,Forsgrund,GRIMSBY,30 lds. square fir timber-W. J. Watson & Co.,W. J. Watson & Co.,14,Nov,1893,25,November,1893,False,condensed,0.9,Sigrid-Forsgrund-30 lds. square fir timber-W. J. Watson & Co.
18931125p.575_p001.txt,114,Neptun,Halmstad,GRIMSBY,432 lds. props-E. Pritchard,E. Pritchard,14,Nov,1893,25,November,1893,True,condensed,0.9,Neptun (s)-Halmstad-432 lds. props-E. Pritchard
18931125p.575_p001.txt,115,Eunomia,Calmar,GRIMSBY,140 lds. props-W. Pearson,W. Pearson,14,Nov,1893,25,November,1893,False,condensed,0.9,Eunomia-Calmar-140 lds. props-W. Pearson
18931125p.575_p001.txt,116,Constance,Stettin,GRIMSBY,55 lds. fir props-Pedersen,Pedersen,14,Nov,1893,25,November,1893,False,condensed,0.9,Constance-Stettin-55 lds. fir props-Pedersen
18931125p.575_p001.txt,117,Cory,Skutskar,GRIMSBY,"6,941 boards-May",May,20,Nov,1893,25,November,1893,True,condensed,0.9,"20 Wm. Cory (s)-Skutskar-6,941 boards-May"
18931125p.575_p002.txt,4,T. Wilson,St. Petersburg,GRIMSBY,986 rickers,,17,Nov,1893,25,November,1893,True,standard_dash,0.9,Nov. 17 T. Wilson (s)-St. Petersburg-986 rickers-Order
18931125p.575_p002.txt,5,Fausto,Gothenburg,GRIMSBY,"17,474 props, 6,900 bdls. laths",,18,Nov,1893,25,November,1893,True,standard_dash,0.9,"Nov. 18 Fausto (s)-Gothenburg-17,474 props, 6,900 bdls. laths-Order"
18931125p.575_p002.txt,7,Westella,Iggesund,GRIMSBY,"31,421 deals",,17,Nov,1893,25,November,1893,True,standard_dash,0.9,"Nov. 17 Westella (s)-Iggesund-31,421 deals-Order"
18931125p.575_p002.txt,8,Roland,Iggesund,GRIMSBY,"18,516 deals, &c.",,18,Nov,1893,25,November,1893,True,standard_dash,0.9,"Nov. 18 Roland (s)-Iggesund-18,516 deals, &c.-Order"
18931125p.575_p002.txt,9,Argo,Soderhamn,GRIMSBY,"76,739 battens and boards",,20,Nov,1893,25,November,1893,True,standard_dash,0.9,"Nov. 20 Argo (s)-Soderhamn-76,739 battens and boards-Order"
18931125p.575_p002.txt,10,Iris,Kotka,GRIMSBY,"82,288 deals, &c.",,21,Nov,1893,25,November,1893,True,standard_dash,0.9,"Nov. 21 Iris (s)-Kotka-82,288 deals, &c.-Order"
18931125p.575_p002.txt,11,Carl and Mathilda,Hernosaud,GRIMSBY,"29,062 deals",,22,Nov,1893,25,November,1893,False,standard_dash,0.9,"Nov. 22 Carl and Mathilda-Hernosaud-29,062 deals-Order"
18931125p.575_p002.txt,13,Nelly,Oscarshamn,QUEEN'S DOCK,"27 stds. boards, qty. props from Stockholm-3,693 bdls. laths, 993 doors-Order",,18,Nov,1893,25,November,1893,True,standard_dash,1.0,"Nov. 18 Nelly (s)-Oscarshamn-27 stds. boards, qty. props-Order; from Stockholm-3,693 bdls. laths, 993 doors-Order"
18931125p.575_p002.txt,14,Fido,Oscarshamn,QUEEN'S DOCK,102 stds. deals and battens,,20,Nov,1893,25,November,1893,True,standard_dash,1.0,Nov. 20 Fido (s)-Oscarshamn-102 stds. deals and battens-Order
18931125p.575_p002.txt,15,Anna,Hango,QUEEN'S DOCK,"12,096 deals and battens",,21,Nov,1893,25,November,1893,False,standard_dash,1.0,"Nov. 21 Anna-Hango-12,096 deals and battens-Order"
18931125p.575_p002.txt,16,Adelma,Hernosaud,QUEEN'S DOCK,"8,668 bdls. staves from Domjo-12,382 bdls. staves, 42,300 boards-Order",,22,Nov,1893,25,November,1893,False,standard_dash,1.0,"Nov. 22 Adelma-Hernosaud-8,668 bdls. staves-Order; from Domjo-12,382 bdls. staves, 42,300 boards-Order"
18931125p.575_p002.txt,17,Scorpio,Sundswall,GRIMSBY (QUEEN'S DOCK),"29,062 deals, &c.",,22,Nov,1893,25,November,1893,False,standard_dash,0.9,"Nov. 22 Scorpio-Sundswall-29,062 deals, &c.-Order"
18931125p.575_p002.txt,20,Majestic,New York,LIVERPOOL,"3,000 staves, 1,000 bdls. shooks-H. Hay",H. Hay,18,Nov,1893,25,November,1893,True,standard_dash,0.9,"Nov. 18 Majestic (s)-New York-3,000 staves, 1,000 bdls. shooks-H. Hay"
18931125p.575_p002.txt,21,Servia,Boston,LIVERPOOL,"12,000 hhd. staves-Drys-dale Bros.",Drys-dale Bros.,20,Nov,1893,25,November,1893,True,standard_dash,0.9,"Nov. 20 Servia (s)-Boston-12,000 hhd. staves-Drys-dale Bros."
18931125p.575_p002.txt,22,Darien,New Orleans,LIVERPOOL,"1,800 staves-Chaloner & Co. 4,843 pcs. lumber-Order",Chaloner & Co.,21,Nov,1893,25,November,1893,True,standard_dash,0.9,"Nov. 21 Darien (s)-New Orleans-1,800 staves-Chaloner & Co.; 4,843 pcs. lumber-Order"
18931125p.575_p002.txt,23,Canopic,Boston,LIVERPOOL,"10,000 hhd. staves-Drysdale Bros.",Drysdale Bros.,22,Nov,1893,25,November,1893,True,standard_dash,0.9,"Nov. 22 Canopic (s)-Boston-10,000 hhd. staves-Drysdale Bros."
18931125p.575_p002.txt,24,Shenandoah,Newport News,LIVERPOOL,"3,340 split staves-Potts & Redhead",Potts & Redhead,21,Nov,1893,25,November,1893,True,standard_dash,0.9,"Nov. 21 Shenandoah (s)-Newport News-3,340 split staves-Potts & Redhead"
18931125p.575_p002.txt,25,Parisian,Montreal,LIVERPOOL,"4,786 deals 200 cs. splints-Dobbin, Ogilvie, & Co.; 200 cs. splints-Paterson & Co.; 200 cs. splints-Paterson & Co.; 200 cs. splints-Irish Match Co.; 240 cs. splints-J. Speck & Co.; 90 cs. splints-Lomas & Collier; 650 cs. splints-Kendall, & Co.",,21,Nov,1893,25,November,1893,True,standard_dash,0.9,"Nov. 21 Parisian (s)-Montreal-4,786 deals-Order; 200 cs. splints-Dobbin, Ogilvie, & Co.; 200 cs. splints-Paterson & Co.; 200 cs. splints-Paterson & Co.; 200 cs. splints-Irish Match Co.; 240 cs. splints-J. Speck & Co.; 90 cs. splints-Lomas & Collier; 650 cs. splints-Kendall, & Co."
18931125p.575_p002.txt,26,Lake Superior,Montreal,LIVERPOOL,"14,612 deals and ends, 8,107 boards-Watson & Todd",Watson & Todd,22,Nov,1893,25,November,1893,True,standard_dash,0.9,"Nov. 22 Lake Superior (s)-Montreal-14,612 deals and ends, 8,107 boards-Watson & Todd"
18931125p.575_p002.txt,27,Philadelphian,Boston,LIVERPOOL,"8,800 staves-Drys-dale Bros.",Drys-dale Bros.,22,Nov,1893,25,November,1893,True,standard_dash,0.9,"Nov. 22 Philadelphian (s)-Boston-8,800 staves-Drys-dale Bros."
18931125p.575_p002.txt,29,Ulunda,"Halifax, N.S.",LIVERPOOL,"7,152 deals-M'Kay 1,600 wood doors-Bryce, Junor, & White; 15,523 deals-Order",M'Kay,17,Nov,1893,25,November,1893,True,standard_dash,0.9,"Nov. 17 Ulunda (s)-Halifax, N.S.-7,152 deals-M'Kay; 1,600 wood doors-Bryce, Junor, & White; 15,523 deals-Order"
18931125p.575_p002.txt,30,Canopus,Montreal,LIVERPOOL,"48,281 deals, boards, and deal ends-R. Cox & Co.",R. Cox & Co.,20,Nov,1893,25,November,1893,True,standard_dash,0.9,"Nov. 20 Canopus (s)-Montreal-48,281 deals, boards, and deal ends-R. Cox & Co."
18931125p.575_p002.txt,32,Neptun,Fredriksta't,LIVERPOOL,"86,795 flooring boards, 21,417 mouldings-Harrison",Harrison,16,Nov,1893,25,November,1893,False,standard_dash,0.9,"Nov. 16 Neptun-Fredriksta't-86,795 flooring boards, 21,417 mouldings-Harrison"
18931125p.575_p002.txt,34,Indefatigable,Arendal,LIVERPOOL,"11,460 pcs. round mining timber, 863 props-Brodersen & Co.",Brodersen & Co.,17,Nov,1893,25,November,1893,False,standard_dash,0.9,"Nov. 17 Indefatigable-Arendal-11,460 pcs. round mining timber, 863 props-Brodersen & Co."
18931125p.575_p002.txt,35,Juno,Gothenburg,LIVERPOOL,"1,500 bdls. laths-Behrend, & Co. 750 bdls. laths-J. Holley & Co.; 2,000 bdls. laths-H. Brown & Co.; 600 bdls. laths-Buxton Lime Firms Co.; 285 bdls. laths-J. Griggs & Co.; 84 bdls. laths-Order; 38,036 props, 2,000 poles, 250 pcs. mining timber-Osbeck & Co.; 3,390 bdls. boxboards-Order","Behrend, & Co.",18,Nov,1893,25,November,1893,True,standard_dash,0.9,"Nov. 18 Juno (s)-Gothenburg-1,500 bdls. laths-Behrend, & Co.; 750 bdls. laths-J. Holley & Co.; 2,000 bdls. laths-H. Brown & Co.; 600 bdls. laths-Buxton Lime Firms Co.; 285 bdls. laths-J. Griggs & Co.; 84 bdls. laths-Order; 38,036 props, 2,000 poles, 250 pcs. mining timber-Osbeck & Co.; 3,390 bdls. boxboards-Order"
18931125p.575_p002.txt,36,Auguste,Riga,LIVERPOOL,"15,400 redwood half",,20,Nov,1893,25,November,1893,True,standard_dash,0.9,"Nov. 20 Auguste (s)-Riga-15,400 redwood half-square sleepers, 339 whitewood sleepers, 805 redwood half-square sleepers, 79,200 red and whitewood batten ends-Order"
18931125p.575_p002.txt,38,Vesta,New Orleans,LIVERPOOL,"1,400 staves-A. Dobell & Co.",A. Dobell & Co.,18,Nov,1893,25,November,1893,True,standard_dash,0.9,"Nov. 18 Vesta (s)-New Orleans-1,400 staves-A. Dobell & Co."
18931125p.575_p002.txt,40,Monkseaton,Miramichi,LIVERPOOL,"54,526 deals and battens, 3,348 scantlings, 19,716 boards, 1,488 deal ends",,18,Nov,1893,25,November,1893,True,standard_dash,0.9,"Nov. 18 Monkseaton (s)-Miramichi-54,526 deals and battens, 3,348 scantlings, 19,716 boards, 1,488 deal ends-Order"
18931125p.575_p002.txt,42,Isis,Quebec,LIVERPOOL,"442 pcs. waney pine, 2,753 spruce deals, 1,320 spruce ends, 1,596 pine ends-Neale, Harrison, & Co. 481 pcs. waney pine, 28,926 spruce deals, 213 bdls. shooks, 396 pine strips, 49 pcs. firewood-Order","Neale, Harrison, & Co.",16,Nov,1893,25,November,1893,True,standard_dash,0.9,"Nov. 16 Isis (s)-Quebec-442 pcs. waney pine, 2,753 spruce deals, 1,320 spruce ends, 1,596 pine ends-Neale, Harrison, & Co.; 481 pcs. waney pine, 28,926 spruce deals, 213 bdls. shooks, 396 pine strips, 49 pcs. firewood-Order"
18931125p.575_p002.txt,44,Inchisla,Savannah,LIVERPOOL,54 ash p'anks-Davies & Co.,Davies & Co.,16,Nov,1893,25,November,1893,True,standard_dash,0.9,Nov. 16 Inchisla (s)-Savannah-54 ash p'anks-Davies & Co.
18931125p.575_p002.txt,45,Sterling,Hennebont,LIVERPOOL,210 lds. pitwood-Newport Pitwood Co.-G. C. Gradwell,Newport Pitwood Co.-G. C. Gradwell,17,Nov,1893,25,November,1893,False,standard_dash,0.9,Nov. 17 Sterling-Hennebont-210 lds. pitwood-Newport Pitwood Co.-G. C. Gradwell
18931125p.575_p002.txt,46,Louise Ernest,Vannes,LIVERPOOL,100 lds. pitwood-W. G. Foy & Co.,W. G. Foy & Co.,18,Nov,1893,25,November,1893,False,standard_dash,0.9,Nov. 18 Louise Ernest-Vannes-100 lds. pitwood-W. G. Foy & Co.
18931125p.575_p002.txt,48,Fimafing,Sundswall,TRURO,"607 lds. hewn fir, 204 lds. firewood-Harvey & Co.",Harvey & Co.,14,Nov,1893,25,November,1893,False,standard_dash,1.0,"Nov. 14 Fimafing-Sundswall-607 lds. hewn fir, 204 lds. firewood-Harvey & Co."
18931125p.575_p002.txt,50,Viking,Gothenburg,TYNE,"90 lds. boards, 280 lds. pit props, 50 lds. sleepers, 10 lds. mining timber, 60 lds. crowntrees",,14,Nov,1893,25,November,1893,True,standard_dash,1.0,"Nov. 14 Viking (s)-Gothenburg-90 lds. boards, 280 lds. pit props, 50 lds. sleepers, 10 lds. mining timber, 60 lds. crowntrees-Order"
18931125p.575_p002.txt,51,Odin,Christiania,TYNE,130 lds. mining timber; from Laurvig,,15,Nov,1893,25,November,1893,True,standard_dash,1.0,Nov. 15 Odin (s)-Christiania-130 lds. mining timber; from Laurvig-60 bales woodpulp-Order
18931125p.575_p002.txt,52,Eden,Stromfors,TYNE,"436,952 staves",,15,Nov,1893,25,November,1893,True,standard_dash,1.0,"Nov. 15 Eden (s)-Stromfors-436,952 staves-Order"
18931125p.575_p002.txt,53,Royal Dane,Hamburg,TYNE,"36 bdls. willow, 2 cases mouldings-Tyne Steamship Co.",Tyne Steamship Co.,17,Nov,1893,25,November,1893,True,standard_dash,1.0,"Nov. 17 Royal Dane (s)-Hamburg-36 bdls. willow, 2 cases mouldings-Tyne Steamship Co."
18931125p.575_p002.txt,54,John Ormston,Rotterdam,TYNE,"136 bdls. willows, 1,465 bdls. hoops-Tyne Steamship Co.",Tyne Steamship Co.,20,Nov,1893,25,November,1893,True,standard_dash,0.9,"Nov. 20 John Ormston (s)-Rotterdam-136 bdls. willows, 1,465 bdls. hoops-Tyne Steamship Co."
18931125p.575_p002.txt,55,Storebelt,Aalborg,TYNE,36 bdls. wood,,20,Nov,1893,25,November,1893,True,standard_dash,0.9,Nov. 20 Storebelt (s)-Aalborg-36 bdls. wood-Order
18931125p.575_p002.txt,56,Octa,Gothenburg,TYNE,78 lds. battens-J. Scott.,J. Scott.,20,Nov,1893,25,November,1893,True,standard_dash,0.9,Nov. 20 Octa (s)-Gothenburg-78 lds. battens-J. Scott.
18931125p.575_p002.txt,57,Sterling,Christiania,TYNE,"38 lds. battens, 198 lds. crowntrees, 140 lds. mining timber from Arendal-1 parcel staves (sample)-Order",,20,Nov,1893,25,November,1893,True,standard_dash,0.9,"Nov. 20 Sterling (s)-Christiania-38 lds. battens, 198 lds. crowntrees, 140 lds. mining timber-Order; from Arendal-1 parcel staves (sample)-Order"
18931125p.575_p002.txt,58,Ragnvald Jarl,Bergen,TYNE,"4,727 battens-James Scott 2 cases wooden boxes-Order",James Scott,21,Nov,1893,25,November,1893,True,standard_dash,0.9,"Nov. 21 Ragnvald Jarl (s)-Bergen-4,727 battens-James Scott; 2 cases wooden boxes-Order"
18931125p.575_p002.txt,59,Viola,Figeholm,TYNE,"12,112 props",,21,Nov,1893,25,November,1893,False,standard_dash,0.9,"Nov. 21 Viola-Figeholm-12,112 props-Order"
18931125p.575_p002.txt,60,Gustaf,Halmstad,TYNE,"65,516 props",,21,Nov,1893,25,November,1893,False,standard_dash,0.9,"Nov. 21 Gustaf-Halmstad-65,516 props-Order"
18931125p.575_p002.txt,61,Gunnar,Abo,TYNE,"40,006 pit props",,22,Nov,1893,25,November,1893,False,standard_dash,0.9,"Nov. 22 Gunnar-Abo-40,006 pit props-Order"
18931125p.575_p002.txt,62,Carl,Kotka,TYNE,"2,879 deals and battens",,22,Nov,1893,25,November,1893,False,standard_dash,0.9,"Nov. 22 Carl-Kotka-2,879 deals and battens-Order"
18931125p.575_p002.txt,66,Quatto Fratelli,Nordmaling,TYNE,80 lds. sawn fir-R. T. Treebey & Co.,R. T. Treebey & Co.,15,Nov,1893,25,November,1893,False,standard_dash,0.9,Nov. 15 Quatto Fratelli-Nordmaling-80 lds. sawn fir-R. T. Treebey & Co.
18931125p.575_p002.txt,67,Hardwick,Wyborg,TYNE,"1,350 lds. sawn fir-Fox",Fox,16,Nov,1893,25,November,1893,False,standard_dash,0.9,"Nov. 16 Hardwick-Wyborg-1,350 lds. sawn fir-Fox"
18931125p.575_p002.txt,68,Hiram,Sundswall,TYNE,720 lds. sawn fir-Fox,Fox,16,Nov,1893,25,November,1893,False,standard_dash,0.9,Nov. 16 Hiram-Sundswall-720 lds. sawn fir-Fox
18931125p.575_p002.txt,69,Norren,Skien,TYNE,115 lds. sawn fir-Fox & Co.,Fox & Co.,16,Nov,1893,25,November,1893,False,standard_dash,0.9,Nov. 16 Norren-Skien-115 lds. sawn fir-Fox & Co.
18931125p.575_p002.txt,70,Emelie,Rafso,TYNE,235 lds. fir staves-Harvey,Harvey,16,Nov,1893,25,November,1893,False,standard_dash,0.9,Nov. 16 Emelie-Rafso-235 lds. fir staves-Harvey
18931125p.575_p002.txt,71,Petrus,Warberg,TYNE,423 lds. fir deals-James,James,18,Nov,1893,25,November,1893,False,standard_dash,0.9,Nov. 18 Petrus-Warberg-423 lds. fir deals-James
18931125p.575_p002.txt,73,Thor,Umea,TYNE,"230 lds. deals, battens, and boards-Chatham Timber Co.",Chatham Timber Co.,9,Nov,1893,25,November,1893,False,standard_dash,0.9,"Nov. 9 Thor-Umea-230 lds. deals, battens, and boards-Chatham Timber Co."
18931125p.575_p002.txt,75,Alida,Marieberg,TYNE,260 lds. firewood-Wilkinson.,Wilkinson.,15,Nov,1893,25,November,1893,False,standard_dash,0.9,Nov. 15 Alida-Marieberg-260 lds. firewood-Wilkinson.
18931125p.575_p002.txt,77,Fiona,Gothenburg,TYNE,388 lds. fir battens and boards-Beves & Co.,Beves & Co.,17,Nov,1893,25,November,1893,False,standard_dash,0.9,Nov. 17 Fiona-Gothenburg-388 lds. fir battens and boards-Beves & Co.
18931125p.575_p002.txt,79,Southampton,Havre,TYNE,4 tons rosewood-Dixon,Dixon,16,Nov,1893,25,November,1893,False,standard_dash,0.9,Nov. 16 Southampton-Havre-4 tons rosewood-Dixon
18931125p.575_p002.txt,80,Medway,Panama,TYNE,16 tons mahogany-J. E. Pailthorpe,J. E. Pailthorpe,17,Nov,1893,25,November,1893,False,standard_dash,0.9,Nov. 17 Medway-Panama-16 tons mahogany-J. E. Pailthorpe
18931125p.575_p002.txt,82,Anna,Porsgrund,TYNE,"246 lds. hewn fir mining timber, 12 lds. pit props-E. Wiener",E. Wiener,14,Nov,1893,25,November,1893,False,standard_dash,0.9,"Nov. 14 Anna-Porsgrund-246 lds. hewn fir mining timber, 12 lds. pit props-E. Wiener"
18931125p.575_p002.txt,83,Volant,Dantzic,TYNE,140 lds. beech chocks-E. Wiener & Co.,E. Wiener & Co.,16,Nov,1893,25,November,1893,False,standard_dash,0.9,Nov. 16 Volant-Dantzic-140 lds. beech chocks-E. Wiener & Co.
18931125p.575_p002.txt,85,Adour,Bayonne,TYNE,"1,000 lds. pitwood-A. Capelle",A. Capelle,14,Nov,1893,25,November,1893,True,standard_dash,0.9,"Nov. 14 Adour (s)-Bayonne-1,000 lds. pitwood-A. Capelle"
18931125p.575_p002.txt,86,Pepita,Umea,TYNE,"450 lds. fir deals, staves, and boards-Burgess & Co.",Burgess & Co.,16,Nov,1893,25,November,1893,False,standard_dash,0.9,"Nov. 16 Pepita-Umea-450 lds. fir deals, staves, and boards-Burgess & Co."
18931125p.575_p002.txt,87,Hirondelle,Bordeaux,TYNE,"118 lds. fir deals, staves, and boards-W. G. Foy & Co.",W. G. Foy & Co.,17,Nov,1893,25,November,1893,False,standard_dash,0.9,"Nov. 17 Hirondelle-Bordeaux-118 lds. fir deals, staves, and boards-W. G. Foy & Co."
18931125p.575_p002.txt,88,Venus,Riga,TYNE,"217 lds. sawn fir, 142 lds. hewn fir, 104 lds. split fir-J. Glasbrook, Sons, & Co.","J. Glasbrook, Sons, & Co.",17,Nov,1893,25,November,1893,False,standard_dash,0.9,"Nov. 17 Venus-Riga-217 lds. sawn fir, 142 lds. hewn fir, 104 lds. split fir-J. Glasbrook, Sons, & Co."
18931125p.575_p002.txt,89,Marie,Fredrikstad,TYNE,"225 lds. fir boards, 30 lds. fir battens-D. W. Johns",D. W. Johns,17,Nov,1893,25,November,1893,False,standard_dash,0.9,"Nov. 17 Marie-Fredrikstad-225 lds. fir boards, 30 lds. fir battens-D. W. Johns"
18931125p.575_p002.txt,90,Arago,Bordeaux,TYNE,"15 lds. hewn fir-Williams, Davies & Co.","Williams, Davies & Co.",18,Nov,1893,25,November,1893,False,standard_dash,0.9,"Nov. 18 Arago-Bordeaux-15 lds. hewn fir-Williams, Davies & Co."
18931125p.575_p002.txt,91,Alpha,Halmstad,TYNE,"15,323 battens",,22,Nov,1893,25,November,1893,True,standard_dash,0.9,"Nov. 22 Alpha (s)-Halmstad-15,323 battens-Order"
18931125p.575_p002.txt,92,Dores,Christinestad,TYNE,"155 stds. deals and boards-Scheydt Gellatly, & Co.","Scheydt Gellatly, & Co.",22,Nov,1893,25,November,1893,False,standard_dash,0.9,"Nov. 22 Dores-Christinestad-155 stds. deals and boards-Scheydt Gellatly, & Co."
18931125p.575_p002.txt,93,Marie,Skutskar,TYNE,230 fms. firewood-Duus,Duus,22,Nov,1893,25,November,1893,False,standard_dash,0.9,Nov. 22 Marie-Skutskar-230 fms. firewood-Duus
18931125p.575_p002.txt,94,Coronilla,St. Petersburg,TYNE,"1,539 rickers, 6 fms. firewood-Foy, Morgan, & Co.","Foy, Morgan, & Co.",22,Nov,1893,25,November,1893,True,standard_dash,0.9,"Nov. 22 Coronilla (s)-St. Petersburg-1,539 rickers, 6 fms. firewood-Foy, Morgan, & Co."
18931125p.575_p002.txt,95,Soari,Trangsund,TYNE,162 fms. firewood,,22,Nov,1893,25,November,1893,False,standard_dash,0.9,Nov. 22 Soari-Trangsund-162 fms. firewood-Order
18931125p.575_p002.txt,96,Toivo,Kotka,TYNE,204 fms. firewood-R. H. Dahl,R. H. Dahl,22,Nov,1893,25,November,1893,False,standard_dash,0.9,Nov. 22 Toivo-Kotka-204 fms. firewood-R. H. Dahl
18931125p.575_p002.txt,97,Olga,Riga,TYNE,"2,859 battens",,22,Nov,1893,25,November,1893,True,standard_dash,0.9,"Nov. 22 Olga (s)-Riga-2,859 battens-Order"
18931125p.575_p002.txt,98,Union,Fredrikstad,TYNE,"71,582 boards, 1,071 bdls. staves",,22,Nov,1893,25,November,1893,True,standard_dash,0.9,"Nov. 22 Union (s)-Fredrikstad-71,582 boards, 1,071 bdls. staves-Order"
18931125p.575_p002.txt,99,Constance,Fredrikstad,TYNE,"46,011 flooring",,22,Nov,1893,25,November,1893,True,standard_dash,0.9,"Nov. 22 Constance (s)-Fredrikstad-46,011 flooring-Order"
18931125p.575_p002.txt,100,Highflyer,Kotka,TYNE,365 fms. firewood,,22,Nov,1893,25,November,1893,False,standard_dash,0.9,Nov. 22 Highflyer-Kotka-365 fms. firewood-Tage Chapman-Kotka-176 1/2 fms. firewood-G. Hopton
18931125p.575_p002.txt,102,Forest Holme,Montreal,TYNE,119 stds. deals and ends,,17,Nov,1893,25,November,1893,True,standard_dash,0.9,Nov. 17 Forest Holme (s)-Montreal-119 stds. deals and ends-Order
18931125p.575_p002.txt,104,Milanese,Boston,TYNE,"1,675 pcs., 6 logs lumber-G. Becker",G. Becker,16,Nov,1893,25,November,1893,True,standard_dash,0.9,"Nov. 16 Milanese (s)-Boston-1,675 pcs., 6 logs lumber-G. Becker"
18931125p.575_p002.txt,105,Nessmore,Philadelphia,TYNE,"11,418 pcs. lumber",,16,Nov,1893,25,November,1893,True,standard_dash,0.9,"Nov. 16 Nessmore (s)-Philadelphia-11,418 pcs. lumber-Order"
18931125p.575_p002.txt,106,Rosarian,Montreal,TYNE,32 crates spokes-T. Hopton & Co. 20 crates spokes-G. May; from Quebec-817 cs. splints-Bryant & May,T. Hopton & Co.,17,Nov,1893,25,November,1893,True,standard_dash,0.9,Nov. 17 Rosarian (s)-Montreal-32 crates spokes-T. Hopton & Co.; 20 crates spokes-G. May; from Quebec-817 cs. splints-Bryant & May
18931125p.575_p002.txt,107,Madura,Halifax,TYNE,"552 doors, 792 pkgs. mouldings-Bryce, Junor, & White 1,634 match splints-Bryant & May; 3,590 deals-Order","Bryce, Junor, & White",17,Nov,1893,25,November,1893,True,standard_dash,0.9,"Nov. 17 Madura (s)-Halifax-552 doors, 792 pkgs. mouldings-Bryce, Junor, & White; 1,634 match splints-Bryant & May; 3,590 deals-Order"
18931125p.575_p002.txt,108,America,New York,TYNE,49 cs. splints-T. Hopton,T. Hopton,20,Nov,1893,25,November,1893,True,standard_dash,0.9,Nov. 20 America (s)-New York-49 cs. splints-T. Hopton
18931125p.575_p002.txt,110,Vera,Libau,TYNE,"150 staves, 2,761 sleeper blocks",,16,Nov,1893,25,November,1893,True,standard_dash,0.9,"Nov. 16 Vera (s)-Libau-150 staves, 2,761 sleeper blocks-Order"
18931125p.575_p002.txt,111,Regulus,Helsingfors,TYNE,"3,134 battens-Morgan, Gellibrand & Co.","Morgan, Gellibrand & Co.",20,Nov,1893,25,November,1893,True,standard_dash,0.9,"Nov. 20 Regulus (s)-Helsingfors-3,134 battens-Morgan, Gellibrand & Co."
18931125p.575_p002.txt,112,Thule,Gothenburg,TYNE,"700 bdls. mouldings-Crow & Son 515 bdls. mouldings-Order; 7,074 pkgs. joinery, 1,034 doz. boards, 7,940 boxes, 70 boxes boxboards, 89 doz. battens-Order",Crow & Son,20,Nov,1893,25,November,1893,True,standard_dash,0.9,"Nov. 20 Thule (s)-Gothenburg-700 bdls. mouldings-Crow & Son; 515 bdls. mouldings-Order; 7,074 pkgs. joinery, 1,034 doz. boards, 7,940 boxes, 70 boxes boxboards, 89 doz. battens-Order"
18931125p.575_p002.txt,113,Hero,Christiania,TYNE,"270 bags brush blocks-J. Keen 2,839 poles-Foy, Morgan, & Co.; 4,000 bdls. staves, 4,145 bdls., 188 cs. boxboards-Order",J. Keen,20,Nov,1893,25,November,1893,True,standard_dash,0.9,"Nov. 20 Hero (s)-Christiania-270 bags brush blocks-J. Keen; 2,839 poles-Foy, Morgan, & Co.; 4,000 bdls. staves, 4,145 bdls., 188 cs. boxboards-Order"
18931125p.575_p002.txt,114,Johannes Brun,Riga,TYNE,"1,860 deals",,22,Nov,1893,25,November,1893,True,standard_dash,0.9,"Nov. 22 Johannes Brun (s)-Riga-1,860 deals-Order"
18931125p.575_p002.txt,116,Bedlington,Montreal,TYNE,"2,937 deals, 250 ends",,16,Nov,1893,25,November,1893,True,standard_dash,0.9,"Nov. 16 Bedlington (s)-Montreal-2,937 deals, 250 ends-Order"
18931125p.575_p002.txt,117,Julia,Danzig,TYNE,"122 pcs. timber, 100 logs",,17,Nov,1893,25,November,1893,True,standard_dash,0.9,"Nov. 17 Julia (s)-Danzig-122 pcs. timber, 100 logs-Order"
18931125p.575_p002.txt,118,Sylvia,Montreal,TYNE,"3,671 deals",,17,Nov,1893,25,November,1893,True,standard_dash,0.9,"Nov. 17 Sylvia (s)-Montreal-3,671 deals-Order"
18931125p.575_p002.txt,119,Sunshine,Montreal,TYNE,"2,820 deals, 394 deal ends",,17,Nov,1893,25,November,1893,True,standard_dash,0.9,"Nov. 17 Sunshine (s)-Montreal-2,820 deals, 394 deal ends-Order"
18931125p.575_p002.txt,120,Pocklington,Montreal,TYNE,"2,511 deals",,21,Nov,1893,25,November,1893,True,standard_dash,0.9,"Nov. 21 Pocklington (s)-Montreal-2,511 deals-Order"
18931125p.575_p002.txt,121,Glenlivet,Montreal,TYNE,"2,533 deals, 247 ends",,21,Nov,1893,25,November,1893,True,standard_dash,0.9,"Nov. 21 Glenlivet (s)-Montreal-2,533 deals, 247 ends-Order"
18931125p.575_p002.txt,122,Agra,Sundswall,TYNE,244 fms. firewood-R. Durell,R. Durell,22,Nov,1893,25,November,1893,False,standard_dash,0.9,Nov. 22 Agra-Sundswall-244 fms. firewood-R. Durell
18931125p.575_p002.txt,123,Activ,Montreal,TYNE,"2,920 deals",,22,Nov,1893,25,November,1893,True,standard_dash,0.9,"Nov. 22 Activ (s)-Montreal-2,920 deals-Order"
18931125p.575_p002.txt,124,Carl,Kotka,TYNE,"979,000 staves",,22,Nov,1893,25,November,1893,False,standard_dash,0.9,"Nov. 22 Carl-Kotka-979,000 staves-Order"
18931125p.575_p002.txt,125,Baumwall,Montreal,TYNE,"4,279 deals and ends, 7,308 deals",,22,Nov,1893,25,November,1893,True,standard_dash,0.9,"Nov. 22 Baumwall (s)-Montreal-4,279 deals and ends, 7,308 deals-Order"
18931125p.575_p002.txt,126,Dorthea,Borga,TYNE,310 lds. staves,,22,Nov,1893,25,November,1893,False,standard_dash,0.9,Nov. 22 Dorthea-Borga-310 lds. staves-Order
18931125p.575_p002.txt,127,Blonde,Danzig,TYNE,"930 sleeper blocks, 3,250 pcs. timber, 4,852 boards and planks",,22,Nov,1893,25,November,1893,True,standard_dash,0.9,"Nov. 22 Blonde (s)-Danzig-930 sleeper blocks, 3,250 pcs. timber, 4,852 boards and planks-Order"
18931125p.575_p002.txt,130,Noah,Risoer,TYNE,"310 lds. mining timber, 60 lds. fir props-R. Gething, jun., & Co.","R. Gething, jun., & Co.",22,Nov,1893,25,November,1893,False,condensed,0.9,"Noah-Risoer-310 lds. mining timber, 60 lds. fir props-R. Gething, jun., & Co."
18931125p.575_p002.txt,131,Triumph,Risoer,TYNE,"250 lds. fir mining timber, 250 lds. fir props-R. Gething, jun., & Co.","R. Gething, jun., & Co.",17,Nov,1893,25,November,1893,False,standard_dash,0.9,"Nov. 17 Triumph-Risoer-250 lds. fir mining timber, 250 lds. fir props-R. Gething, jun., & Co."
18931125p.575_p002.txt,132,Joinville,Bordeaux,TYNE,600 lds. pitwood-Simkin,Simkin,17,Nov,1893,25,November,1893,False,standard_dash,0.9,Nov. 17 Joinville-Bordeaux-600 lds. pitwood-Simkin
18931125p.575_p002.txt,133,Carl Linck,Memel,TYNE,"792 lds. hewn fir sleeper blocks, 18 lds. sawn fir half-sleepers-Burt",sleepers-Burt,17,Nov,1893,25,November,1893,False,standard_dash,0.9,"Nov. 17 Carl Linck-Memel-792 lds. hewn fir sleeper blocks, 18 lds. sawn fir half-sleepers-Burt"
18931125p.575_p002.txt,134,La Bella,Tvedestrand,TYNE,"420 lds. hewn fir pit props-R. Gething, jun., & Co.","R. Gething, jun., & Co.",18,Nov,1893,25,November,1893,False,standard_dash,0.9,"Nov. 18 La Bella-Tvedestrand-420 lds. hewn fir pit props-R. Gething, jun., & Co."
18931125p.575_p002.txt,135,Memory,Arendal,TYNE,344 lds. hewn fir props-Newport Pitwood Co.,Newport Pitwood Co.,18,Nov,1893,25,November,1893,False,standard_dash,0.9,Nov. 18 Memory-Arendal-344 lds. hewn fir props-Newport Pitwood Co.
18931125p.575_p002.txt,136,Elie,Bordeaux,TYNE,190 lds. hewn fir pitwood-A. H. Tapson & Co.,A. H. Tapson & Co.,18,Nov,1893,25,November,1893,False,standard_dash,0.9,Nov. 18 Elie-Bordeaux-190 lds. hewn fir pitwood-A. H. Tapson & Co.
18931125p.575_p002.txt,137,Patrator,Hennebont,TYNE,240 lds. pit props-Watts,Watts,20,Nov,1893,25,November,1893,False,standard_dash,0.9,Nov. 20 Patrator-Hennebont-240 lds. pit props-Watts
18931125p.575_p002.txt,138,Industrie,Hennebont,TYNE,168 lds. pit props-Budd & Co.,Budd & Co.,20,Nov,1893,25,November,1893,False,standard_dash,0.9,Nov. 20 Industrie-Hennebont-168 lds. pit props-Budd & Co.
18931125p.575_p002.txt,140,Egia,Munksund,TYNE,393 lds. fir battens-Betts & Co.,Betts & Co.,15,Nov,1893,25,November,1893,False,standard_dash,0.9,Nov. 15 Egia-Munksund-393 lds. fir battens-Betts & Co.
18931125p.575_p002.txt,142,Fred,Tundal,TYNE,459 lds. fir battens and boards-English Bros.,English Bros.,14,Nov,1893,25,November,1893,False,standard_dash,0.9,Nov. 14 Fred-Tundal-459 lds. fir battens and boards-English Bros.
18931125p.575_p002.txt,143,Mount Stewart,Cronstadt,TYNE,786 lds. fir deals and battens-Ropkins & Co.,Ropkins & Co.,15,Nov,1893,25,November,1893,False,standard_dash,0.9,Nov. 15 Mount Stewart-Cronstadt-786 lds. fir deals and battens-Ropkins & Co.
18931125p.575_p002.txt,145,Primus,Goteborg,TYNE,"38 lds. fir deals, 318 lds. fir flooring boards-Farrow & Co.",Farrow & Co.,14,Nov,1893,25,November,1893,False,standard_dash,0.9,"Nov. 14 Primus-Goteborg-38 lds. fir deals, 318 lds. fir flooring boards-Farrow & Co."
18931125p.575_p002.txt,146,Walter,Soderhamn,TYNE,456 lds. firewood-West,West,16,Nov,1893,25,November,1893,False,standard_dash,0.9,Nov. 16 Walter-Soderhamn-456 lds. firewood-West
18931125p.575_p002.txt,147,Rowan,Cronstadt,TYNE,"1,970 lds. fir deals, battens, and boards, 58 lds. firewood-Jewson & Sons",Jewson & Sons,17,Nov,1893,25,November,1893,False,standard_dash,0.9,"Nov. 17 Rowan-Cronstadt-1,970 lds. fir deals, battens, and boards, 58 lds. firewood-Jewson & Sons"
18931125p.575_p003.txt,5,City of Liverpool,Rotterdam,TYNE,3 lds. wood hoops-J. C. Pinkerton,J. C. Pinkerton,11,Nov,1893,25,November,1893,False,standard_dash,0.9,Nov. 11 City of Liverpool-Rotterdam-3 lds. wood hoops—J. C. Pinkerton
18931125p.575_p003.txt,6,Minde,Fredrikshald,TYNE,"1,224 lds. fir flooring boards and scantlings-Gregg & Co.",Gregg & Co.,17,Nov,1893,25,November,1893,False,standard_dash,0.9,"Nov. 17 Minde-Fredrikshald-1,224 lds. fir flooring boards and scantlings—Gregg & Co."
18931125p.575_p003.txt,8,Noaz,Tvedestrand,DUBLIN,"1,784 deals, 18,954 oxards and scantlings-T. Martin",T. Martin,15,Nov,1893,25,November,1893,False,standard_dash,0.9,"Nov. 15 Noaz-Tvedestrand-1,784 deals, 18,954 oxards and scantlings—T. Martin"
18931125p.575_p003.txt,9,Tiverton,New Orleans,DUBLIN,"121 pcs. timber, 208,306 staves-T. B. Allen & Co.",T. B. Allen & Co.,17,Nov,1893,25,November,1893,False,standard_dash,0.9,"Nov. 17 Tiverton-New Orleans-121 pcs. timber, 208,306 staves—T. B. Allen & Co."
18931125p.575_p003.txt,11,Canning,"St. John, N.B.",LONDONDERRY,"1,164 lds. fir deals and ends-S. Donnelly",S. Donnelly,18,Nov,1893,25,November,1893,False,standard_dash,1.0,"Nov. 18 Canning-St. John, N.B.-1,164 lds. fir deals and ends—S. Donnelly"
18931125p.575_p003.txt,13,Samuel,Haliered,SKIBBEREEN,Fredrikstad,,17,Nov,1893,25,November,1893,False,standard_dash,1.0,Nov. 17 Samuel-Haliered-Fredrikstad-240 lds. ov sawn fir—W. Murphy
18931125p.575_p003.txt,18,Isis,New Orleans,LIVERPOOL,72 pcs. oak-E. Alcott,E. Alcott,17,Nov,1893,25,November,1893,True,standard_dash,0.9,Nov. 17 Isis (s)-New Orleans-72 pcs. oak—E. Alcott
18931125p.575_p003.txt,19,Shenandoah,Newport News,LIVERPOOL,"58 walnut logs, 240 pcs. persimmon, 24 poplar logs",,20,Nov,1893,25,November,1893,True,standard_dash,0.9,"Nov. 20 Shenandoah (s)-Newport News-58 walnut logs, 240 pcs. persimmon, 24 poplar logs—Order"
18931125p.575_p003.txt,20,Parisian,Montreal,LIVERPOOL,"1,116 maple blocks-Mitchell Bros.",Mitchell Bros.,21,Nov,1893,25,November,1893,True,condensed,0.9,"21 Parisian (s)-Montreal-1,116 maple blocks—Mitchell Bros."
18931125p.575_p003.txt,21,Lake Superior,Montreal,LIVERPOOL,12 maple logs-Moorhouse & Co.,Moorhouse & Co.,20,Nov,1893,25,November,1893,True,condensed,0.9,Lake Superior (s)-Montreal-12 maple logs—Moorhouse & Co.
18931125p.575_p003.txt,23,Isis,Quebec,LIVERPOOL,"51 pcs. hickory, 252 pcs. ash-Neale, Harrison, & Co. 210 pcs. oak—Order","Neale, Harrison, & Co.",17,Nov,1893,25,November,1893,True,standard_dash,0.9,"Nov. 17 Isis (s)-Quebec-51 pcs. hickory, 252 pcs. ash-Neale, Harrison, & Co. ; 210 pcs. oak—Order"
18931125p.575_p003.txt,23,pcs.,,LIVERPOOL,oak Order,,20,Nov,1893,25,November,1893,False,condensed,0.9,210 pcs. oak—Order
18931125p.575_p003.txt,25,Vesta,Galveston,LIVERPOOL,"31 oak logs-E. Chaloner & Co. 3,267 oak staves—Farnworth & Jardine",E. Chaloner & Co.,17,Nov,1893,25,November,1893,True,standard_dash,0.9,"Nov. 17 Vesta (s)-Galveston-31 oak logs—E. Chaloner & Co. ; 3,267 oak staves—Farnworth & Jardine"
18931125p.575_p003.txt,27,Vesta,New Orleans,LIVERPOOL,"5,956 pcs. oak, 950 pcs. oak, 1,286 pcs. hardwood-Duncan, Ewing & Co. 6,534 oak staves—A. Dobell & Co.","Duncan, Ewing & Co.",16,Nov,1893,25,November,1893,True,standard_dash,0.9,"Nov. 16 Vesta (s)-New Orleans-5,956 pcs. oak, 950 pcs. oak, 1,286 pcs. hardwood—Duncan, Ewing & Co. ; 6,534 oak staves—A. Dobell & Co."
18931125p.575_p003.txt,29,Vesta,Rangoon,LIVERPOOL,"1,182 teak scantlings, 325 squares-Farnworth & Jardine 525 teak planks—Order",Farnworth & Jardine,16,Nov,1893,25,November,1893,True,standard_dash,0.9,"Nov. 16 Vesta (s)-Rangoon-1,182 teak scantlings, 325 squares—Farnworth & Jardine ; 525 teak planks—Order"
18931125p.575_p003.txt,29,teak,,LIVERPOOL,planks Order,,16,Nov,1893,25,November,1893,False,condensed,0.9,525 teak planks—Order
18931125p.575_p003.txt,31,Queensmore,Baltimore,LIVERPOOL,"393 pcs. oak-Duncan, Ewing & Co 100 pcs oak—R. Coltart & Co. ; 1,230 pcs. oak, 21 walnut logs—A. Dobell & Co. ; 668 oak boards—Illingworth & Ingham, & Co. ; 470 sks, 708 pcs planks, 82 walnut logs, 14 poplar, 949 oak planks, 17 poplar logs—Potts & Redhead ; 114 poplar logs—Order","Duncan, Ewing & Co",16,Nov,1893,25,November,1893,True,standard_dash,0.9,"Nov. 16 Queensmore (s)-Baltimore-393 pcs. oak—Duncan, Ewing & Co ; 100 pcs oak—R. Coltart & Co. ; 1,230 pcs. oak, 21 walnut logs—A. Dobell & Co. ; 668 oak boards—Illingworth & Ingham, & Co. ; 470 sks, 708 pcs planks, 82 walnut logs, 14 poplar, 949 oak planks, 17 poplar logs—Potts & Redhead ; 114 poplar logs—Order"
18931125p.575_p003.txt,31,pcs,,LIVERPOOL,"oak R. Coltart & Co. ; 1,230 pcs. oak, 21 walnut logs-A. Dobell & Co. 668 oak boards—Illingworth & Ingham, & Co. ; 470 sks, 708 pcs planks, 82 walnut logs, 14 poplar, 949 oak planks, 17 poplar logs—Potts & Redhead ; 114 poplar logs—Order",A. Dobell & Co.,16,Nov,1893,25,November,1893,False,condensed,0.9,"100 pcs oak—R. Coltart & Co. ; 1,230 pcs. oak, 21 walnut logs—A. Dobell & Co. ; 668 oak boards—Illingworth & Ingham, & Co. ; 470 sks, 708 pcs planks, 82 walnut logs, 14 poplar, 949 oak planks, 17 poplar logs—Potts & Redhead ; 114 poplar logs—Order"
18931125p.575_p003.txt,31,poplar,,LIVERPOOL,logs Order,,16,Nov,1893,25,November,1893,False,condensed,0.9,114 poplar logs—Order
18931125p.575_p003.txt,32,William Stroud,Pensacola,LIVERPOOL,"1,183 pcs. oak-Duncan, Ewing & Co. 2,240 oak—Illingworth & Ingham ; 1,350 oak logs, 48 hickory logs, 1,071 walnut logs, 24 walnut logs—Order","Duncan, Ewing & Co.",16,Nov,1893,25,November,1893,True,standard_dash,0.9,"Nov. 16 William Stroud (s)-Pensacola-1,183 pcs. oak—Duncan, Ewing & Co. ; 2,240 oak—Illingworth & Ingham ; 1,350 oak logs, 48 hickory logs, 1,071 walnut logs, 24 walnut logs—Order"
18931125p.575_p003.txt,34,Freda,Mobile,BRISTOL,"1,596 deals and sleeper blocks-May & Hassell",May & Hassell,17,Nov,1893,25,November,1893,True,standard_dash,0.9,"Nov. 17 Freda (s)-Mobile-1,596 deals and sleeper blocks—May & Hassell"
18931125p.575_p003.txt,37,Picton,Bilbao,SURREY DOCK,"1,000 props",,22,Nov,1893,25,November,1893,True,standard_dash,1.0,"Nov. 22 Picton (s)-Bilbao-1,000 props—Order"
18931125p.575_p003.txt,39,Blonde,Bilbao,SURREY DOCK,"1,500 props",,22,Nov,1893,25,November,1893,True,standard_dash,1.0,"Nov. 22 Blonde (s)-Bilbao-1,500 props—Order"
18931125p.575_p003.txt,41,Sterling,Hennebont,FLEETWOOD,210 lds. pitwood-Newport Pitwood Co.-G. C. Gradwell,Newport Pitwood Co.-G. C. Gradwell,17,Nov,1893,25,November,1893,False,standard_dash,1.0,Nov. 17 Sterling-Hennebont-210 lds. pitwood—Newport Pitwood Co.-G. C. Gradwell
18931125p.575_p003.txt,42,MISSING_FROM_OCR,Hennebont,FLEETWOOD,185 lds. pitwood-Newport Pitwood Co.,Newport Pitwood Co.,17,Nov,1893,25,November,1893,False,condensed,1.0,Hennebont-185 lds. pitwood—Newport Pitwood Co.
18931125p.575_p003.txt,43,Louise Ernest,Vannes,FLEETWOOD,100 lds. pitwood-G. Foy & Co.,G. Foy & Co.,18,Nov,1893,25,November,1893,False,condensed,1.0,18 Louise Ernest-Vannes-100 lds. pitwood—G. Foy & Co.
18931125p.575_p003.txt,45,Fimafing,Sundswall,TRURO,607 lds. hewn & sawn-Harrey & Co.,Harrey & Co.,14,Nov,1893,25,November,1893,False,standard_dash,1.0,Nov. 14 Fimafing-Sundswall-607 lds. hewn & sawn—Harrey & Co.
18931125p.575_p003.txt,47,Viking,Gothenburg,TYNE,"90 lds. boards, 280 lds. pit props, 50 lds. sleepers, 10½ mining timber, 60 lds. crowntrees",,14,Nov,1893,25,November,1893,True,standard_dash,1.0,"Nov. 14 Viking (s)-Gothenburg-90 lds. boards, 280 lds. pit props, 50 lds. sleepers, 10½ mining timber, 60 lds. crowntrees—Order"
18931125p.575_p003.txt,48,Odin,Christiania,TYNE,130 lds. mining timber from Laurvig,,14,Nov,1893,25,November,1893,True,condensed,1.0,Odin (s)-Christiania-130 lds. mining timber from Laurvig-60 bales woodpulp—Order
18931125p.575_p003.txt,49,Eden,Stromfors,TYNE,"436,952 staves",,15,Nov,1893,25,November,1893,True,condensed,1.0,"15 Eden (s)-Stromfors-436,952 staves—Order"
18931125p.575_p003.txt,50,Royal Dane,Hamburg,TYNE,"36 bdls. willows, 2 cases mouldings-Tyne Steamship Co.",Tyne Steamship Co.,17,Nov,1893,25,November,1893,True,condensed,1.0,"17 Royal Dane (s)-Hamburg-36 bdls. willows, 2 cases mouldings—Tyne Steamship Co."
18931125p.575_p003.txt,51,John Ormston,Rotterdam,TYNE,"136 bdls. willows, 1,465 bdls. hoops-Tyne Steamship Co.",Tyne Steamship Co.,20,Nov,1893,25,November,1893,True,condensed,0.9,"20 John Ormston (s)-Rotterdam-136 bdls. willows, 1,465 bdls. hoops—Tyne Steamship Co."
18931125p.575_p003.txt,52,Storebelt,Aalborg,TYNE,36 bdls. wood,,20,Nov,1893,25,November,1893,True,condensed,0.9,Storebelt (s)-Aalborg-36 bdls. wood—Order
18931125p.575_p003.txt,53,Octa,Gothenburg,TYNE,78 lds. battens-J. Scott,J. Scott,20,Nov,1893,25,November,1893,True,condensed,0.9,Octa (s)-Gothenburg-78 lds. battens—J. Scott
18931125p.575_p003.txt,54,MISSING_FROM_OCR,Christiania,TYNE,"38 lds. battens, 10½ crowntrees, 140 lds. mining timber",,20,Nov,1893,25,November,1893,False,condensed,0.9,"Christiania-38 lds. battens, 10½ crowntrees, 140 lds. mining timber—Order"
18931125p.575_p003.txt,56,Viola,Figeholm,TYNE,"12,112 props",,20,Nov,1893,25,November,1893,False,condensed,0.9,"Viola-Figeholm-12,112 props—Order"
18931125p.575_p003.txt,59,Gustaf,Halmstad,TYNE,"65,516 props",,20,Nov,1893,25,November,1893,False,condensed,0.9,"Gustaf-Halmstad-65,516 props—Order"
18931125p.575_p003.txt,60,Gunnar,Abo,TYNE,"40,006 pit props",,20,Nov,1893,25,November,1893,False,condensed,0.9,"Gunnar-Abo-40,006 pit props—Order"
18931125p.575_p003.txt,61,Ernst,Gefle,TYNE,"2,270 deals and battens",,20,Nov,1893,25,November,1893,False,condensed,0.9,"Ernst-Gefle-2,270 deals and battens—Order"
18931125p.575_p003.txt,62,Rinuschen,Riga,TYNE,"8,260 deals, battens and boards-Palmer, Hall, & Co.","Palmer, Hall, & Co.",20,Nov,1893,25,November,1893,False,condensed,0.9,"Rinuschen-Riga-8,260 deals, battens and boards—Palmer, Hall, & Co."
18931125p.575_p003.txt,63,Familie,Riga,TYNE,"18,791 pcs. lathwood-J. Dove",J. Dove,20,Nov,1893,25,November,1893,False,condensed,0.9,"Familie-Riga-18,791 pcs. lathwood—J. Dove"
18931125p.575_p003.txt,65,Egia,Munksund,TYNE,39½ lds fir battens-Betts & Co.,Betts & Co.,15,Nov,1893,25,November,1893,False,standard_dash,0.9,Nov. 15 Egia-Munksund-39½ lds fir battens—Betts & Co.
18931125p.575_p003.txt,67,Fred,Tonsdal,TYNE,469 lds fir deals and boards-English Bros.,English Bros.,14,Nov,1893,25,November,1893,False,standard_dash,0.9,Nov. 14 Fred-Tonsdal-469 lds fir deals and boards—English Bros.
18931125p.575_p003.txt,68,Mount Stewart,Cronstadt,TYNE,796 lds fir deals and battens-Hopkins & Co.,Hopkins & Co.,14,Nov,1893,25,November,1893,False,condensed,0.9,Mount Stewart-Cronstadt-796 lds fir deals and battens—Hopkins & Co.
18931125p.575_p003.txt,70,Primas,Gotheby,TYNE,Farn,,14,Nov,1893,25,November,1893,False,standard_dash,0.9,Nov. 14 Primas-Gotheby-Farn-Bank-328 lds fir deals—T. Saul
18931125p.575_p003.txt,71,lds fir flooring,,TYNE,boards Jewson & Sons,,14,Nov,1893,25,November,1893,False,condensed,0.9,918 lds fir flooring boards—Jewson & Sons
18931125p.575_p003.txt,72,Walter,Soderhamn,TYNE,436 lds fir deals-Jewson,Jewson,16,Nov,1893,25,November,1893,False,condensed,0.9,16 Walter-Soderhamn-436 lds fir deals—Jewson
18931125p.575_p003.txt,73,Rowan,Cronstadt,TYNE,"1,200 lds fir deals, battens, and boards, with ends-Jewson & Sons",Jewson & Sons,17,Nov,1893,25,November,1893,False,condensed,0.9,"17 Rowan-Cronstadt-1,200 lds fir deals, battens, and boards, with ends—Jewson & Sons"
18931125p.575_p003.txt,78,Tunbridge,Wells.,TYNE,"This bankrupt attended at the Tunbridge Wells Bankruptcy Court on Thursday week before Mr. Bankes, the Registrar, for his adjourned public examination. Mr. A. H. Mackintosh, Senior Official Receiver, said valuable information was wanted as to deeds of property. The bankrupt was unable to be there when present, and he would ask for a further adjournment. No opposition was raised and this was granted.",,17,Nov,1893,25,November,1893,False,condensed,0.9,"Tunbridge Wells.—This bankrupt attended at the Tunbridge Wells Bankruptcy Court on Thursday week before Mr. Bankes, the Registrar, for his adjourned public examination. Mr. A. H. Mackintosh, Senior Official Receiver, said valuable information was wanted as to deeds of property. The bankrupt was unable to be there when present, and he would ask for a further adjournment. No opposition was raised and this was granted."
18931125p.575_p003.txt,80,St.,James.,TYNE,"The first meeting of creditors under this failure was held on Monday before Mr. H. Brougham. The debtor commenced the business, which was left to him by his uncle, in July, 1890, the liabilities being taken over by his cousin. He had for about nineteen years prior to July, 1890, been in the employ of his uncle, latterly at a salary of £150 per annum. The statutory accounts were not filed, but the liabilities were estimated at about £1,600, the failure being attributed to loss on a contract, want of capital, heavy expense of the business premises, liability of a bill for the accommodation of J. Foss, and to",,17,Nov,1893,25,November,1893,False,condensed,0.9,"St. James.—The first meeting of creditors under this failure was held on Monday before Mr. H. Brougham. The debtor commenced the business, which was left to him by his uncle, in July, 1890, the liabilities being taken over by his cousin. He had for about nineteen years prior to July, 1890, been in the employ of his uncle, latterly at a salary of £150 per annum. The statutory accounts were not filed, but the liabilities were estimated at about £1,600, the failure being attributed to loss on a contract, want of capital, heavy expense of the business premises, liability of a bill for the accommodation of J. Foss, and to"
18931125p.575_p003.txt,85,East,Greenwich.,TYNE,"Unsecured liabilities amount to £910 1s. 11d. The assets are returned at £97, thus leaving a deficiency of £815 1s. 11d. The receiving order was made on the 17th ult., on the petition of the creditor, an order of adjudication has since been made. The bankrupt states that he commenced business in 1884 with £100 capital, in his own name, and that he continued that business until July 31st last. The bankrupt also states that on that date a meeting of his creditors was held, and subsequently he executed a deed of assignment, a Mr. Woolf being the trustee. The bankrupt alleges his failure has been caused through loss through death of horses, bad debts, and law expenses. The bankrupt further states that all his assets have been handed over to Mr. Woolf, the trustee, under the deed of assignment. I have not yet been able to obtain from Mr. Woolf any accounts and particulars. Mr. Woolf also has the books.",,17,Nov,1893,25,November,1893,False,condensed,0.9,"East Greenwich.—Unsecured liabilities amount to £910 1s. 11d. The assets are returned at £97, thus leaving a deficiency of £815 1s. 11d. The receiving order was made on the 17th ult., on the petition of the creditor, an order of adjudication has since been made. The bankrupt states that he commenced business in 1884 with £100 capital, in his own name, and that he continued that business until July 31st last. The bankrupt also states that on that date a meeting of his creditors was held, and subsequently he executed a deed of assignment, a Mr. Woolf being the trustee. The bankrupt alleges his failure has been caused through loss through death of horses, bad debts, and law expenses. The bankrupt further states that all his assets have been handed over to Mr. Woolf, the trustee, under the deed of assignment. I have not yet been able to obtain from Mr. Woolf any accounts and particulars. Mr. Woolf also has the books."
18931125p.575_p003.txt,115,St.,Issey.,TYNE,"This failure has been previously reported, and the following are the unsecured creditors:—",,17,Nov,1893,25,November,1893,False,condensed,0.9,"St. Issey.—This failure has been previously reported, and the following are the unsecured creditors:—"
18931202p.2.txt,4,Timber Merchants and,Saw,TYNE,millers,,17,Nov,1893,2,December,1893,False,condensed,0.9,"Timber Merchants and Saw-millers,"
18931202p.2.txt,26,Telegraphic,Address,INVERNESS,"""TIMBER, INVERNESS.""",,17,Nov,1893,2,December,1893,False,condensed,1.0,"Telegraphic Address—""TIMBER, INVERNESS."""
18931202p.2.txt,66,Linno,Dee,GREENOCK,Hamburg,,17,Nov,1893,2,December,1893,False,condensed,0.9,Linno Dee-Hamburg
18931202p.2.txt,67,Elizabeth,Riga,GREENOCK,"250 lds. fir logs, 30 lds. fir battens, 30 lds. fir spars, 80 lds. firewood-G. Gordon & Co.",G. Gordon & Co.,23,Nov,1893,2,December,1893,False,condensed,0.9,"Elizabeth-Riga-250 lds. fir logs, 30 lds. fir battens, 30 lds. fir spars, 80 lds. firewood-G. Gordon & Co."
18931202p.2.txt,68,Venus,Wanevik,GREENOCK,10 lds. firewood-C. Ludwig,C. Ludwig,22,Nov,1893,2,December,1893,False,condensed,0.9,22 Venus-Wanevik-10 lds. firewood-C. Ludwig
18931202p.2.txt,69,Lisboa,Wanevik,GREENOCK,15 lds. firewood-Davidson,Davidson,23,Nov,1893,2,December,1893,False,condensed,0.9,Lisboa-Wanevik-15 lds. firewood-Davidson
18931202p.2.txt,70,Wemyss Castle,Norrkoping,GREENOCK,10 lds. firewood-A. Stewart,A. Stewart,23,Nov,1893,2,December,1893,False,condensed,0.9,Wemyss Castle-Norrkoping-10 lds. firewood-A. Stewart
18931202p.2.txt,71,Olaf,Hommelvik,GREENOCK,"36 lds. fir battens, 291 lds. spruce staves-Lewis, Miller, & Co.","Lewis, Miller, & Co.",23,Nov,1893,2,December,1893,False,condensed,0.9,"St. Olaf - Hommelvik - 36 lds. fir battens, 291 lds. spruce staves-Lewis, Miller, & Co."
18931202p.2.txt,73,Monsita,Lovisa,GREENOCK,382 lds. fir pit props-Kirkwood & Co.,Kirkwood & Co.,23,Nov,1893,2,December,1893,False,standard_dash,0.9,Nov. 23 Monsita-Lovisa-382 lds. fir pit props-Kirkwood & Co.
18931202p.2.txt,74,Herman,Langesund,GREENOCK,130 lds. fir pit props-Love & Stewart,Love & Stewart,23,Nov,1893,2,December,1893,False,condensed,0.9,Herman-Langesund-130 lds. fir pit props-Love & Stewart
18931202p.2.txt,75,Marie,Porsgrund,GREENOCK,159 lds. fir deals and battens-A. Thornson & Sons,A. Thornson & Sons,23,Nov,1893,2,December,1893,False,condensed,0.9,Marie-Porsgrund-159 lds. fir deals and battens-A. Thornson & Sons
18931202p.2.txt,76,Rigmor,Halmstad,GREENOCK,210 lds. fir props-Madsen,Madsen,24,Nov,1893,2,December,1893,False,condensed,0.9,24 Rigmor-Halmstad-210 lds. fir props-Madsen
18931202p.2.txt,77,Anna Ottilie,Riga,GREENOCK,290 lds. fir props-Fife Coal Co.,Fife Coal Co.,25,Nov,1893,2,December,1893,False,condensed,0.9,25 Anna Ottilie-Riga-290 lds. fir props-Fife Coal Co.
18931202p.2.txt,78,Europa,Riga,GREENOCK,303 lds fir props-Alloa Coal Co.,Alloa Coal Co.,25,Nov,1893,2,December,1893,False,condensed,0.9,Europa-Riga-303 lds fir props-Alloa Coal Co.
18931202p.2.txt,80,Strathbeg,Hommelvik,GREENOCK,"240 lds. fir staves, 6 lds. fir battens, 6 lds. firewood-Lewis Miller",Lewis Miller,21,Nov,1893,2,December,1893,False,standard_dash,0.9,"Nov. 21 Strathbeg-Hommelvik-240 lds. fir staves, 6 lds. fir battens, 6 lds. firewood-Lewis Miller"
18931202p.2.txt,82,Astrea,Christiansand,BORROWSTOUNNESS,303 lds. pitwood-J. Denholm & Co.,J. Denholm & Co.,23,Nov,1893,2,December,1893,False,standard_dash,1.0,Nov. 23 Astrea-Christiansand-303 lds. pitwood-J. Denholm & Co.
18931202p.2.txt,83,Niels,Drammen,BORROWSTOUNNESS,108 lds. pitwood-J. Denholm & Co.,J. Denholm & Co.,23,Nov,1893,2,December,1893,False,condensed,1.0,Niels-Drammen-108 lds. pitwood-J. Denholm & Co.
18931202p.2.txt,84,Baltic,Cronstadt,BORROWSTOUNNESS,680 lds. fir deals and battens-Thompson & Balfour.,Thompson & Balfour.,23,Nov,1893,2,December,1893,False,condensed,1.0,Baltic-Cronstadt-680 lds. fir deals and battens-Thompson & Balfour.
18931202p.2.txt,85,Amalia,Konigsberg,BORROWSTOUNNESS,201 lds. fir mining timber 16 lds. props Stevenson & Cowie,,23,Nov,1893,2,December,1893,False,condensed,1.0,24 Amalia-Konigsberg-201 lds. fir mining timber; 16 lds. props Stevenson & Cowie
18931202p.2.txt,86,Peder Amicus,Drammen,BORROWSTOUNNESS,397 lds. hewn fir-J. Denholm & Co.,J. Denholm & Co.,23,Nov,1893,2,December,1893,False,condensed,0.9,Peder Amicus-Drammen-397 lds. hewn fir-J. Denholm & Co.
18931202p.2.txt,88,Livonia,Riga,DUNDEE,157 lds. fir deals-Fleming & Barry 160 lds. lathwood-Slimman & Robertson,Fleming & Barry,23,Nov,1893,2,December,1893,True,standard_dash,0.9,Nov. 23 Livonia (s)-Riga-157 lds. fir deals-Fleming & Barry; 160 lds. lathwood-Slimman & Robertson
18931202p.2.txt,90,Haabet,Cronstadt,DUNDEE,"547 lds. fir deals and battens--Mitchell, Thomson, & Co.","-Mitchell, Thomson, & Co.",22,Nov,1893,2,December,1893,False,standard_dash,0.9,"Nov. 22 Haabet-Cronstadt-547 lds. fir deals and battens--Mitchell, Thomson, & Co."
18931202p.2.txt,91,Luer Forgensen,Memel,DUNDEE,100 lds. staves-W. Lindsay & Son.,W. Lindsay & Son.,22,Nov,1893,2,December,1893,False,condensed,0.9,Luer Forgensen-Memel-100 lds. staves-W. Lindsay & Son.
18931202p.2.txt,93,Carin,Sundsvall,DUNDEE,355 lds. fir battens-H. Lindsay & Sons.,H. Lindsay & Sons.,24,Nov,1893,2,December,1893,False,standard_dash,0.9,Nov. 24 Carin-Sundsvall-355 lds. fir battens-H. Lindsay & Sons.
18931202p.2.txt,95,Erda,Abo,DUNDEE,598 lds. fir battens-Garland & Roger,Garland & Roger,21,Nov,1893,2,December,1893,False,standard_dash,0.9,Nov. 21 Erda-Abo-598 lds. fir battens-Garland & Roger
18931202p.2.txt,96,Koidula,Helsingfors,DUNDEE,"448 lds. fir battens and deals-Park, Dobson, & Co.","Park, Dobson, & Co.",21,Nov,1893,2,December,1893,False,condensed,0.9,"Koidula-Helsingfors-448 lds. fir battens and deals-Park, Dobson, & Co."
18931202p.2.txt,97,Sir John Franklin,Borga,DUNDEE,"487 lds. fir battens-Park, Dobson, & Co.","Park, Dobson, & Co.",21,Nov,1893,2,December,1893,False,condensed,0.9,"Sir John Franklin-Borga-487 lds. fir battens-Park, Dobson, & Co."
18931202p.2.txt,98,Atlas,Helsingfors,DUNDEE,"334 lds. fir deals and battens-Park, Dobson, & Co.","Park, Dobson, & Co.",22,Nov,1893,2,December,1893,False,condensed,0.9,"22 Atlas-Helsingfors-334 lds. fir deals and battens-Park, Dobson, & Co."
18931202p.2.txt,99,A. W. Singleton,Cronstadt,DUNDEE,795 lds. fir battens and deals-Garland & Roger,Garland & Roger,23,Nov,1893,2,December,1893,False,condensed,0.9,23 A. W. Singleton-Cronstadt-795 lds. fir battens and deals-Garland & Roger
18931202p.2.txt,100,Croft,New York,DUNDEE,6 lds. fir staves-Hugh Blaik,Hugh Blaik,23,Nov,1893,2,December,1893,False,condensed,0.9,Croft-New York-6 lds. fir staves-Hugh Blaik
18931202p.2.txt,101,Goethe,Cronstadt,DUNDEE,"563 lds. fir battens and deals-Park, Dobson, & Co.","Park, Dobson, & Co.",23,Nov,1893,2,December,1893,False,condensed,0.9,"Goethe-Cronstadt-563 lds. fir battens and deals-Park, Dobson, & Co."
18931202p.2.txt,102,Caroline Smith,Riga,DUNDEE,99 lds. fir deal ends-Forslind & Rex,Forslind & Rex,23,Nov,1893,2,December,1893,False,condensed,0.9,Caroline Smith-Riga-99 lds. fir deal ends-Forslind & Rex
18931202p.2.txt,103,Die Geschwister,Windau,DUNDEE,"235 lds. hewn fir, 22 lds. deals and battens-Park, Dobson","Park, Dobson",23,Nov,1893,2,December,1893,False,condensed,0.9,"Die Geschwister-Windau-235 lds. hewn fir, 22 lds. deals and battens-Park, Dobson"
18931202p.2.txt,104,Nanna,Porsgrund,DUNDEE,227 lds. sawn fir-J. Mitchell & Co.,J. Mitchell & Co.,24,Nov,1893,2,December,1893,False,condensed,0.9,24 Nanna-Porsgrund-227 lds. sawn fir-J. Mitchell & Co.
18931202p.2.txt,105,Perwie,Memel,DUNDEE,"153 lds. oak staves-Hugo, Knoblarck, & Co.","Hugo, Knoblarck, & Co.",25,Nov,1893,2,December,1893,True,condensed,0.9,"25 Perwie (s)-Memel-153 lds. oak staves-Hugo, Knoblarck, & Co."
18931202p.2.txt,106,Morena,Libau,DUNDEE,203 lds. fir staves-J. Currie,J. Currie,27,Nov,1893,2,December,1893,False,condensed,0.9,27 Morena-Libau-203 lds. fir staves-J. Currie
18931202p.2.txt,108,Rosalie,Riga,DUNDEE,374 lds. fir deals-Donaldson & Son,Donaldson & Son,27,Nov,1893,2,December,1893,False,standard_dash,0.9,Nov. 27 Rosalie-Riga-374 lds. fir deals-Donaldson & Son
18931202p.2.txt,109,Gustave,Stettin,DUNDEE,243 lds. pit props-Fife Coal Co.,Fife Coal Co.,24,Nov,1893,2,December,1893,False,condensed,0.9,24 Gustave-Stettin-243 lds. pit props-Fife Coal Co.
18931202p.2.txt,111,Olaf,Hommelvik,MONTROSE,198 lds. fir staves-J. Johnston & Sons,J. Johnston & Sons,25,Nov,1893,2,December,1893,True,standard_dash,1.0,Nov. 25 St. Olaf (s)-Hommelvik-198 lds. fir staves-J. Johnston & Sons
18931202p.2.txt,113,Tronda,Drontheim,MONTROSE,"396 lds. sawn fir, 12 lds. fir staves-A. Creighton & Co.",A. Creighton & Co.,21,Nov,1893,2,December,1893,True,standard_dash,1.0,"Nov. 21 Tronda (s)-Drontheim-396 lds. sawn fir, 12 lds. fir staves-A. Creighton & Co."
18931202p.605_p001.txt,44,Genius,Carlsvik,EXPO,"147 lds. fir deals, 147 lds. fir battens, 9 lds. fir boards-Lewin",Lewin,21,Nov,1893,2,December,1893,False,standard_dash,0.9,"Nov. 21 Genius—Carlsvik—147 lds. fir deals, 147 lds. fir battens, 9 lds. fir boards—Lewin"
18931202p.605_p001.txt,45,Skuld,Gefle,EXPO,"261 lds. fir deals and flooring boards, 227 lds. fir battens-Robert Trading Co.",Robert Trading Co.,27,Nov,1893,2,December,1893,False,standard_dash,0.9,"Nov. 27 Skuld—Gefle—261 lds. fir deals and flooring boards, 227 lds. fir battens—Robert Trading Co."
18931202p.605_p001.txt,47,Florida,Riga,BOSTON,"265 lds. fir battens, 108 lds. fir boards-Stevenson, Dowsing & Co.","Stevenson, Dowsing & Co.",22,Nov,1893,2,December,1893,False,standard_dash,1.0,"Nov. 22 Florida—Riga—265 lds. fir battens, 108 lds. fir boards—Stevenson, Dowsing & Co."
18931202p.605_p001.txt,48,Anger,Christiania,BOSTON,"165 lds. fir battens, 227 lds. fir boards-Boston Timber Trading Co.",Boston Timber Trading Co.,22,Nov,1893,2,December,1893,False,condensed,1.0,"Anger—Christiania—165 lds. fir battens, 227 lds. fir boards—Boston Timber Trading Co."
18931202p.605_p001.txt,49,Jason,Gefle,BOSTON,"1,475 lds. fir deals, 1,391 planed boards, 1,400 lds. fir battens and ends-Taylors & Co.",Taylors & Co.,27,Nov,1893,2,December,1893,False,standard_dash,1.0,"Nov. 27 Jason—Gefle—1,475 lds. fir deals, 1,391 planed boards, 1,400 lds. fir battens and ends—Taylors & Co."
18931202p.605_p001.txt,51,Dominion,Montreal,BOSTON,240 cs. match splints-O. Hunt,O. Hunt,25,Nov,1893,2,December,1893,True,standard_dash,0.9,Nov. 25 Dominion (s)—Montreal—240 cs. match splints—O. Hunt
18931202p.605_p001.txt,52,Concordia,Montreal,BOSTON,"8,433 deals",,25,Nov,1893,2,December,1893,True,condensed,0.9,"Concordia (s)—Montreal—8,433 deals—Order"
18931202p.605_p001.txt,54,Lycke,Warberg,BOSTON,300 pcs. mining timber,,22,Nov,1893,2,December,1893,False,standard_dash,0.9,Nov. 22 Lycke—Warberg—300 pcs. mining timber—Order
18931202p.605_p001.txt,56,Augusta,Gefle,BOSTON,676 lds. fir deals-Meggitt & Jones,Meggitt & Jones,21,Nov,1893,2,December,1893,False,standard_dash,0.9,Nov. 21 Augusta – Gefle – 676 lds. fir deals – Meggitt & Jones
18931202p.605_p001.txt,57,Sichem,Tvedestrand,BOSTON,420 lds. fir spars-W. Thomas,W. Thomas,21,Nov,1893,2,December,1893,False,condensed,0.9,Sichem—Tvedestrand—420 lds. fir spars—W. Thomas
18931202p.605_p001.txt,58,Deodata,Gothenburg,BOSTON,"374 lds. fir props, 28 lds. hewn fir-C. Schroeter & Co.",C. Schroeter & Co.,21,Nov,1893,2,December,1893,False,condensed,0.9,"Deodata—Gothenburg—374 lds. fir props, 28 lds. hewn fir—C. Schroeter & Co."
18931202p.605_p001.txt,59,Marie Emilie,Bordeaux,BOSTON,125 lds. fir pitwood-New port Pitwood Co.,New port Pitwood Co.,23,Nov,1893,2,December,1893,False,condensed,0.9,23 Marie Emilie—Bordeaux—125 lds. fir pitwood—New port Pitwood Co.
18931202p.605_p001.txt,60,Baron Hambro,Bordeaux,BOSTON,"700 lds. fir pitwood-Powley, Thomas, & Co.","Powley, Thomas, & Co.",21,Nov,1893,2,December,1893,True,condensed,0.9,"Baron Hambro (s)—Bordeaux—700 lds. fir pitwood—Powley, Thomas, & Co."
18931202p.605_p001.txt,61,Isabella,Gefle,BOSTON,900 lds. sawn fir-J. Bland,J. Bland,24,Nov,1893,2,December,1893,False,condensed,0.9,24 Isabella—Gefle—900 lds. sawn fir—J. Bland
18931202p.605_p001.txt,62,Thor,Bordeaux,BOSTON,"1,500 lds. fir pitwood-Hooper",Hooper,24,Nov,1893,2,December,1893,True,condensed,0.9,"Thor (s)—Bordeaux—1,500 lds. fir pitwood—Hooper"
18931202p.605_p001.txt,63,Clandeboye,Bordeaux,BOSTON,"2,000 lds. fir pitwood-Simkin Bros.",Simkin Bros.,24,Nov,1893,2,December,1893,False,condensed,0.9,"Clandeboye—Bordeaux—2,000 lds. fir pitwood—Simkin Bros."
18931202p.605_p001.txt,64,Nador,Bordeaux,BOSTON,"2,000 lds. fir pitwood-A. Cristobel, & Co.","A. Cristobel, & Co.",24,Nov,1893,2,December,1893,False,condensed,0.9,"Nador—Bordeaux—2,000 lds. fir pitwood—A. Cristobel, & Co."
18931202p.605_p001.txt,65,Ely,Bordeaux,BOSTON,900 lds. fir pitwood-Marza,Marza,27,Nov,1893,2,December,1893,False,condensed,0.9,27 Ely—Bordeaux—900 lds. fir pitwood—Marza
18931202p.605_p001.txt,66,Garonne,Bordeaux,BOSTON,600 lds. fir pitwood-Otto Treckman,Otto Treckman,27,Nov,1893,2,December,1893,False,condensed,0.9,Garonne—Bordeaux – 600 lds. fir pitwood—Otto Treckman
18931202p.605_p001.txt,68,Boucan,Bayonne,BOSTON,"1,100 lds. fir pitwood",,27,Nov,1893,2,December,1893,False,condensed,0.9,"Boucan—Bayonne—1,100 lds. fir pitwood—du Caraminal—500 lds. fir pitwood—Capelle"
18931202p.605_p001.txt,69,Shjalm Hvide,Bordeaux,BOSTON,"500 lds. fir pitwood-Cristobel, & Co.","Cristobel, & Co.",27,Nov,1893,2,December,1893,False,condensed,0.9,"Shjalm Hvide—Bordeaux—500 lds. fir pitwood—Cristobel, & Co."
18931202p.605_p001.txt,70,Princesa Dagmar,Puebla,BOSTON,850 lds. fir deals-J. Bland & Co.,J. Bland & Co.,27,Nov,1893,2,December,1893,False,condensed,0.9,Princesa Dagmar—Puebla—850 lds. fir deals—J. Bland & Co.
18931202p.605_p001.txt,71,Christina,Skonvik,BOSTON,500 lds. sawn fir-J. Bland,J. Bland,27,Nov,1893,2,December,1893,False,condensed,0.9,Christina—Skonvik—500 lds. sawn fir—J. Bland
18931202p.605_p001.txt,72,Nor,Kotka,BOSTON,"850 lds. sawn fir-Powley, Thomas, & Co.","Powley, Thomas, & Co.",27,Nov,1893,2,December,1893,False,condensed,0.9,"Nor—Kotka—850 lds. sawn fir—Powley, Thomas, & Co."
18931202p.605_p001.txt,73,Osmo,St. Margaret's Bay,BOSTON,"1,050 lds. fir deals and battens-Williams, Thomas, & Co.","Williams, Thomas, & Co.",27,Nov,1893,2,December,1893,False,condensed,0.9,"Osmo—St. Margaret's Bay—1,050 lds. fir deals and battens—Williams, Thomas, & Co."
18931202p.605_p001.txt,74,Balder,Torejors,BOSTON,600 lds. fir pitwood-Newport Pitwood Co.,Newport Pitwood Co.,27,Nov,1893,2,December,1893,False,condensed,0.9,Balder—Torejors—600 lds. fir pitwood—Newport Pitwood Co.
18931202p.605_p001.txt,76,Hulda,Gothenburg,COWES,"303 lds. fir boards, 30 lds. fir battens, 8 lds. fir laths-A. Sharp",A. Sharp,24,Nov,1893,2,December,1893,False,standard_dash,1.0,"Nov. 24 Hulda—Gothenburg—303 lds. fir boards, 30 lds. fir battens, 8 lds. fir laths—A. Sharp"
18931202p.605_p001.txt,78,Hero,Uleaborg,DOVER,"94,150 deals and battens-Finnis & Son",Finnis & Son,22,Nov,1893,2,December,1893,False,standard_dash,1.0,"Nov. 22 Hero—Uleaborg—94,150 deals and battens—Finnis & Son"
18931202p.605_p001.txt,80,Eastland,Reval,EXETER,"373 lds. fir deals, battens, &c., 43 lds. fir rickers-R. W. & F. C. Sharp",R. W. & F. C. Sharp,27,Nov,1893,2,December,1893,False,standard_dash,1.0,"Nov. 27 Eastland—Reval—373 lds. fir deals, battens, &c., 43 lds. fir rickers—R. W. & F. C. Sharp"
18931202p.605_p001.txt,82,North,Quebec,FLEETWOOD,"500 lds. fir timber and deals des Mont, Canada-Brook & Son",Brook & Son,27,Nov,1893,2,December,1893,False,standard_dash,1.0,"Nov. 27 North—Quebec—500 lds. fir timber and deals des Mont, Canada—Brook & Son"
18931202p.605_p001.txt,84,William,Skelleftea,FLEETWOOD,"266 lds. fir deals, 65 lds. firewood-H. Tolputt & Co.",H. Tolputt & Co.,23,Nov,1893,2,December,1893,False,standard_dash,1.0,"Nov. 23 William—Skelleftea—266 lds. fir deals, 65 lds. firewood—H. Tolputt & Co."
18931202p.605_p001.txt,86,Stork,Fredrikstadt,FOWEY,280 lds. fir staves-J. Knight,J. Knight,27,Nov,1893,2,December,1893,False,standard_dash,1.0,Nov. 27 Stork—Fredrikstadt—280 lds. fir staves—J. Knight
18931202p.605_p001.txt,88,Mary Lohden,Sundswall,FOWEY,"1,180 lds. fir deals-Barkworth & Spaldin",Barkworth & Spaldin,24,Nov,1893,2,December,1893,True,standard_dash,1.0,"Nov. 24 Mary Lohden (s)—Sundswall—1,180 lds. fir deals—Barkworth & Spaldin"
18931202p.605_p001.txt,89,Rosa Mary,Soderhamn,FOWEY,"1,608 lds. fir deals-Ashbee, Sons & Co.","Ashbee, Sons & Co.",25,Nov,1893,2,December,1893,True,condensed,1.0,"25 Rosa Mary (s)—Soderhamn—1,608 lds. fir deals—Ashbee, Sons & Co."
18931202p.605_p001.txt,91,Amalie,Riga,GOOLE,595 lds. fir deals and ends-Illingworth & Co.,Illingworth & Co.,22,Nov,1893,2,December,1893,False,standard_dash,0.9,Nov. 22 Amalie—Riga—595 lds. fir deals and ends—Illingworth & Co.
18931202p.605_p001.txt,92,Hugo,Hudikswall,GOOLE,450 lds. hewn fir-Illingworth & Co.,Illingworth & Co.,23,Nov,1893,2,December,1893,False,condensed,0.9,23 Hugo—Hudikswall—450 lds. hewn fir—Illingworth & Co.
18931202p.605_p001.txt,93,Bonny Lass,Stettin,GOOLE,"72 lds. hewn oak, 32 lds. hewn fir-Illingworth & Co.",Illingworth & Co.,22,Nov,1893,2,December,1893,False,condensed,0.9,"Bonny Lass—Stettin—72 lds. hewn oak, 32 lds. hewn fir—Illingworth & Co."
18931202p.605_p001.txt,94,Amanda,Hudikswall,GOOLE,410 lds. hewn fir-F. Hartmann,F. Hartmann,25,Nov,1893,2,December,1893,False,condensed,0.9,25 Amanda—Hudikswall—410 lds. hewn fir—F. Hartmann
18931202p.605_p001.txt,96,Erik,Lovisa,GRIMSBY,3 lds. deal ends-H. Gorbott,H. Gorbott,22,Nov,1893,2,December,1893,False,standard_dash,0.9,Nov. 22 Erik— Lovisa—3 lds. deal ends—H. Gorbott
18931202p.605_p001.txt,97,Bertha,Tornea,GRIMSBY,657 lds. fir deals-Bennetts & Co.,Bennetts & Co.,22,Nov,1893,2,December,1893,False,condensed,0.9,Bertha—Tornea—657 lds. fir deals—Bennetts & Co.
18931202p.605_p001.txt,102,Veritas,Riga,GRIMSBY,389 lds. fir battens and ends-Bennetts & Co.,Bennetts & Co.,22,Nov,1893,2,December,1893,False,condensed,0.9,Veritas—Riga—389 lds. fir battens and ends—Bennetts & Co.
18931202p.605_p001.txt,103,Empress,Cronstadt,GRIMSBY,"1,400 lds. fir deals, battens, and ends-Seddon, Shepherd & Co.","Seddon, Shepherd & Co.",22,Nov,1893,2,December,1893,False,condensed,0.9,"Empress—Cronstadt—1,400 lds. fir deals, battens, and ends—Seddon, Shepherd & Co."
18931202p.605_p001.txt,104,Charles Bal,Cronstadt,GRIMSBY,"1,010 lds. fir deals-Bennetts & Co.",Bennetts & Co.,22,Nov,1893,2,December,1893,False,condensed,0.9,"Charles Bal—Cronstadt—1,010 lds. fir deals—Bennetts & Co."
18931202p.605_p001.txt,105,Maria Adelaide,Stockaviken,GRIMSBY,600 lds. fir deals and boards-S. Ellis,S. Ellis,22,Nov,1893,2,December,1893,False,condensed,0.9,Maria Adelaide—Stockaviken—600 lds. fir deals and boards—S. Ellis
18931202p.605_p001.txt,106,Kismet,Wifstawarf,GRIMSBY,"865 lds. fir deals and boards-Seddon, Shepherd, & Co.","Seddon, Shepherd, & Co.",22,Nov,1893,2,December,1893,False,condensed,0.9,"Kismet—Wifstawarf—865 lds. fir deals and boards—Seddon, Shepherd, & Co."
18931202p.605_p001.txt,107,Adolf Fredholm,Skutskar,GRIMSBY,462 lds. fir deals-Bennetts & Co.,Bennetts & Co.,22,Nov,1893,2,December,1893,False,condensed,0.9,Adolf Fredholm—Skutskar—462 lds. fir deals—Bennetts & Co.
18931202p.605_p001.txt,108,Otto,Bjorneborg,GRIMSBY,"448 lds. fir boards-J. Hewson & Co., Limited","J. Hewson & Co., Limited",22,Nov,1893,2,December,1893,False,condensed,0.9,"Otto—Bjorneborg—448 lds. fir boards—J. Hewson & Co., Limited"
18931202p.605_p001.txt,109,Emil,Riga,GRIMSBY,"48,146 fir deals and ends-J. Hewson & Co., Limited","J. Hewson & Co., Limited",22,Nov,1893,2,December,1893,False,condensed,0.9,"Emil—Riga—48,146 fir deals and ends—J. Hewson & Co., Limited"
18931202p.605_p001.txt,110,Gefion,Lulea,GRIMSBY,474 lds. fir hewn-Bennetts,Bennetts,24,Nov,1893,2,December,1893,False,condensed,0.9,24 Gefion—Lulea—474 lds. fir hewn—Bennetts
18931202p.605_p001.txt,111,Valhalla,Riga,GRIMSBY,422 lds. fir boards and ends-Bennetts & Co.,Bennetts & Co.,27,Nov,1893,2,December,1893,False,condensed,0.9,27 Valhalla—Riga—422 lds. fir boards and ends—Bennetts & Co.
18931202p.605_p001.txt,112,Jason,Lulea,GRIMSBY,"10 lds. firewood, 24 lds. fir battens-Master",Master,27,Nov,1893,2,December,1893,False,condensed,0.9,"Jason—Lulea—10 lds. firewood, 24 lds. fir battens—Master"
18931202p.605_p001.txt,114,Glendale,Kotka,GRIMSBY,"1,265 lds. fir deals, battens, and boards-J. Griggs & Co.",J. Griggs & Co.,21,Nov,1893,2,December,1893,True,standard_dash,0.9,"Nov. 21 Glendale (s)—Kotka—1,265 lds. fir deals, battens, and boards—J. Griggs & Co."
18931202p.605_p001.txt,115,William Cory,Gefle,GRIMSBY,"525 lds. fir deals, battens, and boards-A. Livingston & Co.",A. Livingston & Co.,21,Nov,1893,2,December,1893,True,condensed,0.9,"William Cory (s)—Gefle—525 lds. fir deals, battens, and boards—A. Livingston & Co."
18931202p.605_p001.txt,116,Executors of T. Walker Saga,Gefle,GRIMSBY,240 lds. fir props-W. Pearson & Co.,W. Pearson & Co.,21,Nov,1893,2,December,1893,False,condensed,0.9,Executors of T. Walker Saga—Gefle—240 lds. fir props—W. Pearson & Co.
18931202p.605_p001.txt,118,Olida,Calmar,GRIMSBY,70 lds. fir props-G. Pyman & Co.,G. Pyman & Co.,21,Nov,1893,2,December,1893,False,condensed,0.9,Olida—Calmar—70 lds. fir props—G. Pyman & Co.
18931202p.605_p001.txt,119,Lovart,Halmstad,GRIMSBY,260 lds. fir props-W. Pearson & Co.,W. Pearson & Co.,21,Nov,1893,2,December,1893,True,condensed,0.9,Lovart (s)—Halmstad—260 lds. fir props—W. Pearson & Co.
18931202p.605_p001.txt,120,Pluto,Halmstad,GRIMSBY,350 lds. fir props-C. Blom,C. Blom,21,Nov,1893,2,December,1893,True,condensed,0.9,Pluto (s)—Halmstad—350 lds. fir props—C. Blom
18931202p.605_p001.txt,121,Gipsy Queen,Gothenburg,GRIMSBY,"42 lds. fir battens, 50 lds. fir props, 172 lds. laths, 80 lds. fir sleepers-T. Barraclough",T. Barraclough,21,Nov,1893,2,December,1893,False,condensed,0.9,"Gipsy Queen—Gothenburg—42 lds. fir battens, 50 lds. fir props, 172 lds. laths, 80 lds. fir sleepers—T. Barraclough"
18931202p.605_p001.txt,122,W. Cory,Skutskar,GRIMSBY,65 lds. fir boards-May,May,21,Nov,1893,2,December,1893,True,condensed,0.9,W. Cory (s)—Skutskar—65 lds. fir boards—May
18931202p.605_p001.txt,123,Agathe,Memel,GRIMSBY,472 lds. oak staves-Pickford & Co.,Pickford & Co.,21,Nov,1893,2,December,1893,True,condensed,0.9,Agathe (s)—Memel—472 lds. oak staves—Pickford & Co.
18931202p.605_p001.txt,124,Prins Carl,Hernösand,GRIMSBY,"356 lds. fir timber, round-J. W. Baird & Co.",J. W. Baird & Co.,22,Nov,1893,2,December,1893,False,condensed,0.9,"22 Prins Carl—Hernösand—356 lds. fir timber, round—J. W. Baird & Co."
18931202p.605_p001.txt,125,Prins Carl,Calmar,GRIMSBY,152 lds. fir props-Coxon,Coxon,22,Nov,1893,2,December,1893,False,condensed,0.9,Prins Carl—Calmar—152 lds. fir props—Coxon
18931202p.605_p001.txt,126,Thorgny,Calmar,GRIMSBY,283 lds. fir props-W. Coxon,W. Coxon,22,Nov,1893,2,December,1893,False,condensed,0.9,Thorgny—Calmar—283 lds. fir props—W. Coxon
18931202p.605_p001.txt,127,Tuspan,Halmstad,GRIMSBY,220 lds. fir props-Pedersen,Pedersen,22,Nov,1893,2,December,1893,False,condensed,0.9,Tuspan—Halmstad—220 lds. fir props—Pedersen
18931202p.605_p001.txt,128,Betty,Oscarshamn,GRIMSBY,100 lds. fir props-Pearson,Pearson,22,Nov,1893,2,December,1893,False,condensed,0.9,Betty—Oscarshamn—100 lds. fir props—Pearson
18931202p.605_p001.txt,129,Thelma,Bergqvara,GRIMSBY,144 lds. fir props-Pearson,Pearson,22,Nov,1893,2,December,1893,False,condensed,0.9,Thelma—Bergqvara—144 lds. fir props—Pearson
18931202p.605_p001.txt,130,Helen West,Stettin,GRIMSBY,119 lds. hewn oak-Executors of T. Walker,Executors of T. Walker,22,Nov,1893,2,December,1893,False,condensed,0.9,Helen West—Stettin—119 lds. hewn oak—Executors of T. Walker
18931202p.605_p001.txt,131,Silvio,Riga,GRIMSBY,18 lds. lathwood-H. Brown,H. Brown,22,Nov,1893,2,December,1893,True,condensed,0.9,Silvio (s)—Riga—18 lds. lathwood—H. Brown
18931202p.605_p001.txt,132,Speculator,Nederkalix,GRIMSBY,234 lds. fir staves-Otto Treckman,Otto Treckman,22,Nov,1893,2,December,1893,False,condensed,0.9,Speculator—Nederkalix—234 lds. fir staves—Otto Treckman
18931202p.605_p001.txt,133,Margareta,Rugenwalde,GRIMSBY,110 lds. fir props-W. Pearson & Co.,W. Pearson & Co.,22,Nov,1893,2,December,1893,False,condensed,0.9,Margareta—Rugenwalde—110 lds. fir props—W. Pearson & Co.
18931202p.605_p001.txt,134,Mary,Stettin,GRIMSBY,57 lds. fir props-G. Horsley,G. Horsley,22,Nov,1893,2,December,1893,False,condensed,0.9,Mary—Stettin—57 lds. fir props—G. Horsley
18931202p.605_p001.txt,135,Tremad,Stettin,GRIMSBY,"31,020 fir props-G. Horsley",G. Horsley,22,Nov,1893,2,December,1893,False,condensed,0.9,"Tremad—Stettin—31,020 fir props—G. Horsley"
18931202p.605_p001.txt,136,Ivar,Hernösand,GRIMSBY,280 lds. fir mining timber-C. Henriksen,C. Henriksen,23,Nov,1893,2,December,1893,False,condensed,0.9,23 Ivar—Hernösand—280 lds. fir mining timber—C. Henriksen
18931202p.605_p001.txt,137,Sophie,Halmstad,GRIMSBY,235 lds. fir props-E. Pritchard,E. Pritchard,23,Nov,1893,2,December,1893,False,condensed,0.9,Sophie—Halmstad—235 lds. fir props—E. Pritchard
18931202p.605_p001.txt,138,Loviso,Calmar,GRIMSBY,"200 lds. fir mining timber, 15 lds. fir props-C. A. Forslind & Co.",C. A. Forslind & Co.,23,Nov,1893,2,December,1893,False,condensed,0.9,"Loviso—Calmar—200 lds. fir mining timber, 15 lds. fir props—C. A. Forslind & Co."
18931202p.605_p001.txt,139,Johan Irgens,Stettin,GRIMSBY,420 lds. fir props-G. Horsley,G. Horsley,23,Nov,1893,2,December,1893,False,condensed,0.9,Johan Irgens—Stettin—420 lds. fir props—G. Horsley
18931202p.605_p001.txt,140,Fruhling,Danzig,GRIMSBY,427 lds. oak timber-J. Griggs & Co.,J. Griggs & Co.,23,Nov,1893,2,December,1893,False,condensed,0.9,Fruhling—Danzig—427 lds. oak timber—J. Griggs & Co.
18931202p.605_p001.txt,141,Prima,Hernösand,GRIMSBY,404 lds. fir deals and battens-G. Clark & Co.,G. Clark & Co.,23,Nov,1893,2,December,1893,False,condensed,0.9,Prima—Hernösand—404 lds. fir deals and battens—G. Clark & Co.
18931202p.605_p001.txt,142,Fruhling,Danzig,GRIMSBY,17 lds. sawn fir-Burt,Burt,23,Nov,1893,2,December,1893,False,condensed,0.9,Fruhling—Danzig—17 lds. sawn fir—Burt
18931202p.605_p001.txt,143,Waldemar,Memel,GRIMSBY,318 lds. oak staves-Pickford & Co.,Pickford & Co.,23,Nov,1893,2,December,1893,False,condensed,0.9,Waldemar—Memel—318 lds. oak staves—Pickford & Co.
18931202p.605_p001.txt,144,Rosland,Konigsberg,GRIMSBY,220 lds. fir mining timber-H. Smith & Co.,H. Smith & Co.,24,Nov,1893,2,December,1893,False,condensed,0.9,24 Rosland—Konigsberg—220 lds. fir mining timber—H. Smith & Co.
18931202p.605_p001.txt,145,Carl Petter,Halmstad,GRIMSBY,120 lds. fir props-Pedersen & Co.,Pedersen & Co.,25,Nov,1893,2,December,1893,False,condensed,0.9,25 Carl Petter—Halmstad—120 lds. fir props—Pedersen & Co.
18931202p.605_p001.txt,146,Canada,Oxelosund,GRIMSBY,"440 lds. fir deals, battens, and boards-A. Livingston",A. Livingston,27,Nov,1893,2,December,1893,False,condensed,0.9,"27 Canada—Oxelosund—440 lds. fir deals, battens, and boards—A. Livingston"
18931202p.605_p001.txt,147,Silvio,Riga,GRIMSBY,"67 fms. firewood, 5,374 deals, 13,334 boards",,27,Nov,1893,2,December,1893,True,condensed,0.9,"Silvio (s)—Riga—67 fms. firewood, 5,374 deals, 13,334 boards—Order"
18931202p.605_p001.txt,148,Sappho,Riga,GRIMSBY,"30,457 boards, 1,267 deals, 10,059 battens",,25,Nov,1893,2,December,1893,True,condensed,0.9,"25 Sappho (s)—Riga—30,457 boards, 1,267 deals, 10,059 battens—Order"
18931202p.605_p001.txt,149,Fritz Reuter,Lulea,GRIMSBY,"75 lds. firewood, 1,226 boards",,25,Nov,1893,2,December,1893,False,condensed,0.9,"Fritz Reuter—Lulea—75 lds. firewood, 1,226 boards—Order"
18931202p.605_p001.txt,150,Robert,Blankaholm,GRIMSBY,"3,153 battens and boards, 16,379 bdls. laths",,28,Nov,1893,2,December,1893,False,condensed,0.9,"28 Robert—Blankaholm – 3,153 battens and boards, 16,379 bdls. laths—Order"
18931202p.605_p001.txt,152,Tasso,Oscarshamn,GRIMSBY,"28,606 deals and boards",,28,Nov,1893,2,December,1893,True,condensed,0.9,"Tasso (s)—Oscarshamn—28,606 deals and boards—Order"
18931202p.605_p001.txt,155,Ingeborg,Kotka,GRIMSBY,"19,185 bdls. birch squares, 86 lds. board ends",,23,Nov,1893,2,December,1893,False,standard_dash,0.9,"Nov. 23 Ingeborg—Kotka—19,185 bdls. birch squares, 86 lds. board ends—Order"
18931202p.605_p001.txt,156,Grodno,Cronstadt,GRIMSBY,"65,990 pcs. wood, 58 fms. firewood, 1,568 rickers",,25,Nov,1893,2,December,1893,True,condensed,0.9,"25 Grodno (s)—Cronstadt—65,990 pcs. wood, 58 fms. firewood, 1,568 rickers—Order"
18931202p.605_p001.txt,157,Sara,Makslaks,GRIMSBY,"qty. pit props, 210 pcs. square timber",,23,Nov,1893,2,December,1893,False,condensed,0.9,"Sara—Makslaks—qty. pit props, 210 pcs. square timber—Order"
18931202p.605_p001.txt,158,Romeo,Gothenburg,GRIMSBY,"6,425 bdls. laths, 1,903 props",,27,Nov,1893,2,December,1893,True,condensed,0.9,"27 Romeo (s)—Gothenburg—6,425 bdls. laths, 1,903 props—Order"
18931202p.605_p001.txt,160,Urania,Helsingfors,GRIMSBY,"296,966 birch squares-J. Good & Son",J. Good & Son,23,Nov,1893,2,December,1893,True,standard_dash,0.9,"Nov. 23 Urania (s)—Helsingfors—296,966 birch squares—J. Good & Son"
18931202p.605_p001.txt,161,Otto Linck,Ranea,GRIMSBY,"5,285 pcs. timber and balks",,24,Nov,1893,2,December,1893,False,condensed,0.9,"24 Otto Linck—Ranea—5,285 pcs. timber and balks—Order"
18931202p.605_p001.txt,162,Naima,Bjorneborg,GRIMSBY,46 393 deals,,23,Nov,1893,2,December,1893,False,condensed,0.9,Naima—Bjorneborg—46 393 deals—Order
18931202p.605_p001.txt,163,Ebba,Sundswall,GRIMSBY,"3,532 pcs. timber and balks, 4,780 battens and boards",,23,Nov,1893,2,December,1893,False,condensed,0.9,"Ebba—Sundswall—3,532 pcs. timber and balks, 4,780 battens and boards—Order"
18931202p.605_p001.txt,164,Erik,Wyborg,GRIMSBY,"40,163 battens and boards",,23,Nov,1893,2,December,1893,False,condensed,0.9,"Erik—Wyborg—40,163 battens and boards—Order"
18931202p.605_p001.txt,165,Fennia,Kemi,GRIMSBY,274 lds. fir battens-Harrison & Co.,Harrison & Co.,22,Nov,1893,2,December,1893,False,standard_dash,0.9,Nov. 22 Fennia—Kemi—274 lds. fir battens—Harrison & Co.
18931202p.605_p001.txt,167,Anno,Christiania,BRIDPORT,"23,054 bdls. battens-Somerset",Somerset,22,Nov,1893,2,December,1893,False,condensed,1.0,"Anno—Christiania—23,054 bdls. battens—Somerset"
18931202p.605_p001.txt,169,Anna,Christiania,BRIDPORT,395 fir boards-Somerset,Somerset,24,Nov,1893,2,December,1893,False,standard_dash,1.0,Nov. 24 Anna—Christiania—395 fir boards—Somerset
18931202p.605_p001.txt,171,Solid,Gefle,BRISTOL,177 c. fir,,27,Nov,1893,2,December,1893,False,standard_dash,0.9,Nov. 27 Solid—Gefle—177 c. fir—Order
18931202p.605_p001.txt,172,Glendower,Gefle,BRISTOL,"53,16,560 deals, 8,627 battens-Taylor & Low Bros.",Taylor & Low Bros.,28,Nov,1893,2,December,1893,True,condensed,0.9,"28 Glendower (s)—Gefle—53,16,560 deals, 8,627 battens—Taylor & Low Bros."
18931202p.605_p001.txt,174,Dominion,Montreal,BRISTOL,240 cs. match splints-O. Hunt,O. Hunt,25,Nov,1893,2,December,1893,True,standard_dash,0.9,Nov. 25 Dominion (s)—Montreal—240 cs. match splints—O. Hunt
18931202p.605_p001.txt,175,Concordia,Montreal,BRISTOL,"8,433 deals",,25,Nov,1893,2,December,1893,True,condensed,0.9,"Concordia (s)—Montreal—8,433 deals—Order"
18931202p.605_p001.txt,178,Runic,New York,LIVERPOOL,"1,757 bdls. cooperage, 3,500 staves-H. Hay",H. Hay,24,Nov,1893,2,December,1893,True,standard_dash,0.9,"Nov. 24 Runic (s)—New York—1,757 bdls. cooperage, 3,500 staves—H. Hay"
18931202p.605_p001.txt,179,Sarnia,Montreal,LIVERPOOL,"17,823 deal ends and boards, 7,012 deals and boards-R. Cox & Co.",R. Cox & Co.,24,Nov,1893,2,December,1893,True,condensed,0.9,"Sarnia (s)—Montreal—17,823 deal ends and boards, 7,012 deals and boards—R. Cox & Co."
18931202p.605_p001.txt,180,Britanic,New York,LIVERPOOL,"1,200 bdls. staves",,24,Nov,1893,2,December,1893,True,condensed,0.9,"Britanic (s)—New York—1,200 bdls. staves—4,200 staves—Order"
18931202p.605_p001.txt,181,Roman,Boston,LIVERPOOL,"7,600 staves-Drysdale Bros.",Drysdale Bros.,24,Nov,1893,2,December,1893,True,condensed,0.9,"Order Roman (s)—Boston—7,600 staves—Drysdale Bros."
18931202p.605_p001.txt,183,Lancastrian,Boston,LIVERPOOL,"8,400 staves-Drysdale Bros. 567 pkgs. lumber—Order",Drysdale Bros.,25,Nov,1893,2,December,1893,True,condensed,0.9,"25 Lancastrian (s)—Boston—8,400 staves—Drysdale Bros.; 567 pkgs. lumber—Order"
18931202p.605_p001.txt,183,pkgs.,,LIVERPOOL,lumber Order,,25,Nov,1893,2,December,1893,False,condensed,0.9,567 pkgs. lumber—Order
18931202p.605_p001.txt,184,Angloman,Boston,LIVERPOOL,"9,600 hhd. staves-Drysdale Bros.",Drysdale Bros.,25,Nov,1893,2,December,1893,True,condensed,0.9,"Angloman (s)—Boston—9,600 hhd. staves—Drysdale Bros."
18931202p.605_p001.txt,185,Lake Nepigon,Montreal,LIVERPOOL,"3,651 deals, 3,134 deal ends-H. & G. Curwen 2,860 pcs. birch and maple—Moorhouse & Mitchell; 963 deals, 131 deals and ends, 1,572 boards—Watson & Todd",H. & G. Curwen,25,Nov,1893,2,December,1893,True,condensed,0.9,"Lake Nepigon (s)—Montreal—3,651 deals, 3,134 deal ends—H. & G. Curwen; 2,860 pcs. birch and maple—Moorhouse & Mitchell; 963 deals, 131 deals and ends, 1,572 boards—Watson & Todd"
18931202p.605_p001.txt,186,Cephalonia,Boston,LIVERPOOL,"10,400 staves-Drysdale Bros.",Drysdale Bros.,29,Nov,1893,2,December,1893,True,condensed,0.9,"29 Cephalonia (s)—Boston—10,400 staves—Drysdale Bros."
18931202p.605_p001.txt,187,Sachem,Boston,LIVERPOOL,"10,000 hhd. staves-Drysdale Bros.",Drysdale Bros.,29,Nov,1893,2,December,1893,True,condensed,0.9,"Sachem (s)—Boston—10,000 hhd. staves—Drysdale Bros."
18931202p.605_p001.txt,188,Teutonic,New York,LIVERPOOL,"600 bdls. elm staves-Drysdale Bros. 120 pcs. lumber—White, Johns, & Co.",Drysdale Bros.,29,Nov,1893,2,December,1893,True,condensed,0.9,"Teutonic (s)—New York—600 bdls. elm staves—Drysdale Bros.; 120 pcs. lumber—White, Johns, & Co."
18931202p.605_p001.txt,188,pcs.,,LIVERPOOL,"lumber White, Johns, & Co.",,29,Nov,1893,2,December,1893,False,condensed,0.9,"120 pcs. lumber—White, Johns, & Co."
18931202p.605_p001.txt,190,Willi,Oscarshamn,LIVERPOOL,"11,102 props-Brodersen, Vaughan, & Co.","Brodersen, Vaughan, & Co.",24,Nov,1893,2,December,1893,False,standard_dash,0.9,"Nov. 24 Willi—Oscarshamn—11,102 props—Brodersen, Vaughan, & Co."
18931202p.605_p001.txt,191,Servia,Oscarshamn,LIVERPOOL,"13,104 props-Brodersen",Brodersen,28,Nov,1893,2,December,1893,False,condensed,0.9,"28 Servia—Oscarshamn—13,104 props—Brodersen"
18931202p.605_p001.txt,192,Samaria,"St. John, N.B.",LIVERPOOL,"1,000 deals and batten, 1,047 scantlings, 7,168 deal and 22 inch ends, 3,847 boards, 207 birch planks-Farnworth & Jardine",Farnworth & Jardine,24,Nov,1893,2,December,1893,False,condensed,0.9,"Samaria—St. John, N.B.—1,000 deals and batten, 1,047 scantlings, 7,168 deal and 22 inch ends, 3,847 boards, 207 birch planks—Farnworth & Jardine"
18931202p.605_p001.txt,194,Gazelle,"Pictou, N.S.",LIVERPOOL,"11,204 spruce deals, 72 spruce ends",,24,Nov,1893,2,December,1893,True,standard_dash,0.9,"Nov. 24 Gazelle (s)—Pictou, N.S.—11,204 spruce deals, 72 spruce ends—Order"
18931202p.605_p001.txt,195,Queen of the Fleet,"St. John, N.B.",LIVERPOOL,"15,632 deals and battens, 112 scantlings, 2,440 deal ends, 558 pcs. birch-W. M. Mackay",W. M. Mackay,27,Nov,1893,2,December,1893,False,condensed,0.9,"27 Queen of the Fleet—St. John, N.B.—15,632 deals and battens, 112 scantlings, 2,440 deal ends, 558 pcs. birch—W. M. Mackay"
18931202p.605_p001.txt,196,Victoria,"St. John, N.B.",LIVERPOOL,"27,726 deals and batten, 4,818 deal ends, 2,719 birch planks, 5,300 birch scantlings, 580 birch ends",,24,Nov,1893,2,December,1893,False,condensed,0.9,"Victoria—St. John, N.B.—27,726 deals and batten, 4,818 deal ends, 2,719 birch planks, 5,300 birch scantlings, 580 birch ends—Order"
18931202p.605_p001.txt,198,Hector,Riga,LIVERPOOL,8 957 redwood half,,27,Nov,1893,2,December,1893,True,standard_dash,0.9,"Nov. 27 Hector (s)—Riga—8 957 redwood half-sleepers, 6,752 whitewood sleepers, 1,000 half-sleepers, 20 fms. lathwood—Order"
18931202p.605_p001.txt,200,Sleipner,Snaroen,LIVERPOOL,"63,823 bdls. sawn",,24,Nov,1893,2,December,1893,True,standard_dash,0.9,"Nov. 24 Sleipner (s)—Snaroen—63,823 bdls. sawn—Order"
18931202p.605_p001.txt,201,Deekan,Oscarshamn,LIVERPOOL,"6,707 props-Brodersen",Brodersen,28,Nov,1893,2,December,1893,False,condensed,0.9,"28 Deekan—Oscarshamn—6,707 props—Brodersen"
18931202p.605_p001.txt,203,Emanuel,Richibucto,LIVERPOOL,"7,195 deals, 610 scantlings, 1,835 ends, 3,471 boards-Neale",Neale,24,Nov,1893,2,December,1893,False,condensed,0.9,"Emanuel—Richibucto—7,195 deals, 610 scantlings, 1,835 ends, 3,471 boards—Neale"
18931202p.605_p001.txt,204,Sonia,Riga,LIVERPOOL,"43,039 pcs. birchwood, 400 redwood sleepers",,24,Nov,1893,2,December,1893,False,condensed,0.9,"Sonia—Riga—43,039 pcs. birchwood, 400 redwood sleepers—Order"
18931202p.605_p001.txt,206,Traveller,New Orleans,LIVERPOOL,"2,400 staves-E. Chaloner & Co.",E. Chaloner & Co.,24,Nov,1893,2,December,1893,True,standard_dash,0.9,"Nov. 24 Traveller (s)—New Orleans—2,400 staves—E. Chaloner & Co."
18931202p.605_p001.txt,207,A. J. Balfour,"Brunswick, Ga.",LIVERPOOL,"12,600 staves",,25,Nov,1893,2,December,1893,True,condensed,0.9,"25 A. J. Balfour (s)—Brunswick, Ga.—12,600 staves—Order"
18931202p.605_p001.txt,208,Victoria,New York,LIVERPOOL,"17 cs. spokes-J. Mardon & Co. 58 cs. spokes, 14 cs. hubs—J. Gardner & Co.; 15 cs. spokes, 4 cs. hubs—Lee's Timber Co.; 1,000 brls. shooks—Kessler, Waechter, & Co.",J. Mardon & Co.,24,Nov,1893,2,December,1893,True,condensed,0.9,"Victoria (s)—New York—17 cs. spokes—J. Mardon & Co.; 58 cs. spokes, 14 cs. hubs—J. Gardner & Co.; 15 cs. spokes, 4 cs. hubs—Lee's Timber Co.; 1,000 brls. shooks—Kessler, Waechter, & Co."
18931202p.605_p001.txt,210,Bessel,New Orleans,LIVERPOOL,"3,764 staves-Dobell & Co. 1,200 staves—E. Chaloner & Co.; 4,089 staves—Order",Dobell & Co.,28,Nov,1893,2,December,1893,True,standard_dash,0.9,"Nov. 28 Bessel (s)—New Orleans—3,764 staves—Dobell & Co.; 1,200 staves—E. Chaloner & Co.; 4,089 staves—Order"
18931202p.605_p001.txt,212,Hugo,New Orleans,LIVERPOOL,"1,400 pipe staves",,28,Nov,1893,2,December,1893,True,standard_dash,0.9,"Nov. 28 Hugo (s)—New Orleans—1,400 pipe staves—Order"
18931202p.605_p001.txt,214,City of Dublin,"Norfolk, Va.",LIVERPOOL,"6,896 staves-Potts & Redhead",Potts & Redhead,24,Nov,1893,2,December,1893,True,standard_dash,0.9,"Nov. 24 City of Dublin (s)—Norfolk, Va.—6,896 staves—Potts & Redhead"
18931202p.605_p002.txt,4,Scotsman,Riga,LIVERPOOL,"166 lds. fir deals, 1,127 ends, 27,717 boards, 6,119 board ends, 1,052,345 deals, battens, and boards, 44 fms. firewood",,23,Nov,1893,2,December,1893,False,standard_dash,0.9,"Nov. 23 Scotsman-Riga-166 lds. fir deals, 1,127 ends, 27,717 boards, 6,119 board ends, 1,052,345 deals, battens, and boards, 44 fms. firewood-Order"
18931202p.605_p002.txt,5,Snömi,Kotka,LIVERPOOL,"146 fms. deals, battens, and boards",,23,Nov,1893,2,December,1893,False,condensed,0.9,"Snömi-Kotka-146 fms. deals, battens, and boards-Order"
18931202p.605_p002.txt,6,Meta,Ny Kopparberg,LIVERPOOL,"18,180 deals, battens, and boards",,23,Nov,1893,2,December,1893,True,condensed,0.9,"Meta (s)-Ny Kopparberg-18,180 deals, battens, and boards-Order"
18931202p.605_p002.txt,7,Johanne,Wifstavarf,LIVERPOOL,"229 fms. deal and batten ends, 99 fms. board ends, 69 fms. planchette",,23,Nov,1893,2,December,1893,False,condensed,0.9,"Johanne-Wifstavarf-229 fms. deal and batten ends, 99 fms. board ends, 69 fms. planchette-Order"
18931202p.605_p002.txt,8,Cometon,Sundsvall,LIVERPOOL,"6,475 deals, 4,081 boards",,23,Nov,1893,2,December,1893,False,condensed,0.9,"Cometon-Sundsvall-6,475 deals, 4,081 boards-Order"
18931202p.605_p002.txt,9,Thomas Wayman,Cronstadt,LIVERPOOL,"13,439 planks and battens",,23,Nov,1893,2,December,1893,True,condensed,0.9,"Thomas Wayman (s)-Cronstadt-13,439 planks and battens-Order"
18931202p.605_p002.txt,10,Nether Holme,Cronstadt,LIVERPOOL,215 stds. deals,,23,Nov,1893,2,December,1893,True,condensed,0.9,Nether Holme (s)-Cronstadt-215 stds. deals-Order
18931202p.605_p002.txt,11,Harold,Skutskar,LIVERPOOL,"11,262 deals, and ends, 67 fms. firewood, 1,699 battens, 12,724 deals, and ends, 3,854 boards and deals, 1,718 deals and ends",,23,Nov,1893,2,December,1893,True,condensed,0.9,"Harold (s)-Skutskar-11,262 deals, and ends, 67 fms. firewood, 1,699 battens, 12,724 deals, and ends, 3,854 boards and deals, 1,718 deals and ends-Order"
18931202p.605_p002.txt,12,Nantes,Quebec,LIVERPOOL,"721 stds. deals, &c.",,23,Nov,1893,2,December,1893,True,condensed,0.9,"Nantes (s)-Quebec-721 stds. deals, &c.-Order"
18931202p.605_p002.txt,13,Invermay,Stettin,LIVERPOOL,Konvik,,23,Nov,1893,2,December,1893,True,condensed,0.9,"Invermay (s)-Stettin-Konvik-1,139 doz. battens, 17 doz. palings, 11,451 boards"
18931202p.605_p002.txt,14,Pan,Svartvik,LIVERPOOL,Uleaborg,,23,Nov,1893,2,December,1893,True,condensed,0.9,"Pan (s)-Svartvik-Uleaborg-Tornea-Haparanda-2,818 bdls. mouldings, 33,007 deals, battens, and ends-Order"
18931202p.605_p002.txt,15,Dracona,Montreal,LIVERPOOL,466 stds. deals and bat-tens-Order,tens-Order,23,Nov,1893,2,December,1893,True,condensed,0.9,Dracona (s)-Montreal-466 stds. deals and bat-tens-Order
18931202p.605_p002.txt,16,Hoppet,Halmstad,LIVERPOOL,"8,362 doz. boards, 74 deals",,23,Nov,1893,2,December,1893,False,condensed,0.9,"Hoppet-Halmstad-8,362 doz. boards, 74 deals-Order"
18931202p.605_p002.txt,17,Beata,Sund,LIVERPOOL,"26 lds. fir deals, 252 lds. sawn unrated-Betts & Co.",Betts & Co.,22,Nov,1893,2,December,1893,False,standard_dash,0.9,"Nov. 22 Beata-Sund-26 lds. fir deals, 252 lds. sawn unrated-Betts & Co."
18931202p.605_p002.txt,18,Anno,Christiania,LIVERPOOL,"258 lds. fir boards, 16 lds. sawn fir laths-Somerset Trading Co.",Somerset Trading Co.,24,Nov,1893,2,December,1893,False,condensed,0.9,"24 Anno-Christiania-258 lds. fir boards, 16 lds. sawn fir laths-Somerset Trading Co."
18931202p.605_p002.txt,19,Gergovia,Sundsvall,LIVERPOOL,"120 lds. fir deals, battens, and ends-G. B. Welsford",G. B. Welsford,27,Nov,1893,2,December,1893,False,condensed,0.9,"27 Gergovia-Sundsvall-120 lds. fir deals, battens, and ends-G. B. Welsford"
18931202p.605_p002.txt,21,County of Durham,Asbacka,LIVERPOOL,"918 lds. deals, battens, and boards-Ropkins & Co.",Ropkins & Co.,22,Nov,1893,2,December,1893,True,standard_dash,0.9,"Nov. 22 County of Durham (s)-Asbacka-918 lds. deals, battens, and boards-Ropkins & Co."
18931202p.605_p002.txt,23,Edinburgh,Quebec,LIVERPOOL,"286 lds. fir deals, battens and boards, 151 lds. hewn oak 16 lds. hewn pine, 10 lds. hewn elm-Jewson",Jewson,27,Nov,1893,2,December,1893,True,standard_dash,0.9,"Nov. 27 Edinburgh (s)-Quebec-286 lds. fir deals, battens and boards, 151 lds. hewn oak 16 lds. hewn pine, 10 lds. hewn elm-Jewson"
18931202p.605_p002.txt,26,White Head,Riga,LIVERPOOL,"12 lds. oak staves, 112 lds. fir battens-G. Heyn & Sons",G. Heyn & Sons,20,Nov,1893,2,December,1893,True,standard_dash,0.9,"Nov. 20 White Head (s)-Riga-12 lds. oak staves, 112 lds. fir battens-G. Heyn & Sons"
18931202p.605_p002.txt,27,City of Bristol,Rotterdam,LIVERPOOL,14 lds. hoops-J. C. Pinkerton,J. C. Pinkerton,20,Nov,1893,2,December,1893,False,condensed,0.9,City of Bristol-Rotterdam-14 lds. hoops-J. C. Pinkerton
18931202p.605_p002.txt,29,Olga,Quebec,CORK,"11 lds. oak timber, 10 lds. elm timber, 285 lds. hewn fir, 267 lds. battens-J. O'Connor & Son",J. O'Connor & Son,22,Nov,1893,2,December,1893,False,standard_dash,0.9,"Nov. 22 Olga-Quebec-11 lds. oak timber, 10 lds. elm timber, 285 lds. hewn fir, 267 lds. battens-J. O'Connor & Son"
18931202p.605_p002.txt,30,Pollux,Quebec,CORK,660 lds. deals and ends-J. W. Richey,J. W. Richey,22,Nov,1893,2,December,1893,False,condensed,0.9,Pollux-Quebec-660 lds. deals and ends-J. W. Richey
18931202p.605_p002.txt,32,Johanne,Batiscan,DUBLIN,"18,896 deals-J. M'Farran & Co. 17,121 deals-Loete",J. M'Farran & Co.,27,Nov,1893,2,December,1893,False,standard_dash,0.9,"Nov. 27 Johanne-Batiscan-18,896 deals-J. M'Farran & Co.; 17,121 deals-Loete"
18931202p.605_p002.txt,33,Sophie Wilhelmine,"West Bay, N.S.",DUBLIN,"26,874 deals and ends, 2,052 battens, 458 planks and scantlings, 12 deal ends",,28,Nov,1893,2,December,1893,False,condensed,0.9,"28 Sophie Wilhelmine-West Bay, N.S.-26,874 deals and ends, 2,052 battens, 458 planks and scantlings, 12 deal ends-Order"
18931202p.605_p002.txt,35,Emilie,Riga,DUBLIN,622 lds. fir deal ends-W. J. Wilton,W. J. Wilton,23,Nov,1893,2,December,1893,False,standard_dash,0.9,Nov. 23 Emilie-Riga-622 lds. fir deal ends-W. J. Wilton
18931202p.605_p002.txt,37,Jeune Eugene,Bordeaux,DUBLIN,162 lds. fir hewn-William Davies & Co.,William Davies & Co.,22,Nov,1893,2,December,1893,False,standard_dash,0.9,Nov. 22 Jeune Eugene-Bordeaux-162 lds. fir hewn-William Davies & Co.
18931202p.605_p002.txt,40,Concordia,Drammen,LONDON,"396 lds. fir boards, 59 lds. fir battens-D. Jenkins",D. Jenkins,22,Nov,1893,2,December,1893,False,standard_dash,0.9,"Nov. 22 Concordia-Drammen-396 lds. fir boards, 59 lds. fir battens-D. Jenkins"
18931202p.605_p002.txt,41,Bonganwall,Blaye,LONDON,85 lds. pit wood-Vivian,Vivian,22,Nov,1893,2,December,1893,False,condensed,0.9,Bonganwall-Blaye-85 lds. pit wood-Vivian
18931202p.605_p002.txt,42,Deux Frères,Arcachon,LONDON,"270 lds. pit wood-Newport, Pitwood & Co.","Newport, Pitwood & Co.",22,Nov,1893,2,December,1893,False,condensed,0.9,"Deux Frères-Arcachon-270 lds. pit wood-Newport, Pitwood & Co."
18931202p.605_p002.txt,43,Navada,Bordeaux,LONDON,"1,140 lds. pit props-Dixon",Dixon,22,Nov,1893,2,December,1893,False,condensed,0.9,"Navada-Bordeaux-1,140 lds. pit props-Dixon"
18931202p.605_p002.txt,44,Magnus Gluss,Sundswall,LONDON,"410 lds. hewn fir, 144 lds. fir boards, 117 lds. fir deals-F. Hopkins",F. Hopkins,22,Nov,1893,2,December,1893,False,condensed,0.9,"Magnus Gluss-Sundswall-410 lds. hewn fir, 144 lds. fir boards, 117 lds. fir deals-F. Hopkins"
18931202p.605_p002.txt,45,Pepita,Umea,LONDON,"177 lds. fir deals and boards, 181 lds. fir staves-Burgess & Co.",Burgess & Co.,22,Nov,1893,2,December,1893,False,condensed,0.9,"Pepita-Umea-177 lds. fir deals and boards, 181 lds. fir staves-Burgess & Co."
18931202p.605_p002.txt,47,Sigurd Tarl,Kotka,TRURO,600 lds. sawn fir-G. C. Fox & Co.,G. C. Fox & Co.,21,Nov,1893,2,December,1893,False,standard_dash,1.0,Nov. 21 Sigurd Tarl-Kotka-600 lds. sawn fir-G. C. Fox & Co.
18931202p.605_p002.txt,48,Brodrene,Brevig,TRURO,"473 lds. hewn fir, 26 lds. sawn fir-Harvey & Co.",Harvey & Co.,21,Nov,1893,2,December,1893,False,condensed,1.0,"Brodrene-Brevig-473 lds. hewn fir, 26 lds. sawn fir-Harvey & Co."
18931202p.605_p002.txt,49,Westwood,Gefle,TRURO,"1,916 lds. sawn fir-Harvey & Co.",Harvey & Co.,21,Nov,1893,2,December,1893,True,condensed,1.0,"Westwood (s)-Gefle-1,916 lds. sawn fir-Harvey & Co."
18931202p.605_p002.txt,51,Hugin,Gothenburg,TYNE,"130 pkgs. wood pulp, 90 lds. battens and boards, 250 lds. pit props, 20 lds. mining timber, 160 lds. sleepers",,21,Nov,1893,2,December,1893,True,standard_dash,1.0,"Nov. 21 Hugin (s)-Gothenburg-130 pkgs. wood pulp, 90 lds. battens and boards, 250 lds. pit props, 20 lds. mining timber, 160 lds. sleepers-Order"
18931202p.605_p002.txt,52,Oswald,Gefle,TYNE,"360,816 staves-J. Clark",J. Clark,21,Nov,1893,2,December,1893,False,condensed,1.0,"Oswald-Gefle-360,816 staves-J. Clark"
18931202p.605_p002.txt,53,Ariadne,Helsingfors,TYNE,"12,598 deals, battens, and boards-Palmer, Hall, & Co.","Palmer, Hall, & Co.",21,Nov,1893,2,December,1893,False,condensed,1.0,"Ariadne-Helsingfors-12,598 deals, battens, and boards-Palmer, Hall, & Co."
18931202p.605_p002.txt,54,Hildur,Kotka,TYNE,"20,894 battens and boards-J. Dixon",J. Dixon,21,Nov,1893,2,December,1893,False,condensed,1.0,"Hildur-Kotka-20,894 battens and boards-J. Dixon"
18931202p.605_p002.txt,55,Alsatia,New York,TYNE,"617 pcs. lumber, 934 wood doors-J. Scott 222 cs. handles, 43 pkgs. woodware, 750 bdls. shooks-Order; 384 ash oars, 1 bdl. ash cars-J. Cooke",J. Scott,21,Nov,1893,2,December,1893,True,condensed,0.9,"Alsatia (s)-New York-617 pcs. lumber, 934 wood doors-J. Scott; 222 cs. handles, 43 pkgs. woodware, 750 bdls. shooks-Order; 384 ash oars, 1 bdl. ash cars-J. Cooke"
18931202p.605_p002.txt,56,Trafalgar,Stugsund,TYNE,"13,261 short props",,21,Nov,1893,2,December,1893,False,condensed,0.9,"Trafalgar-Stugsund-13,261 short props-Order"
18931202p.605_p002.txt,57,Grenadier,Antwerp,TYNE,100 bdls. willows-Tyne Steamship Co.,Tyne Steamship Co.,21,Nov,1893,2,December,1893,True,condensed,0.9,Grenadier (s)-Antwerp-100 bdls. willows-Tyne Steamship Co.
18931202p.605_p002.txt,58,John Ormston,Rotterdam,TYNE,"2 cs. mouldings, 4,495 bdls. hoops-Tyne Steamship Co.",Tyne Steamship Co.,21,Nov,1893,2,December,1893,True,condensed,0.9,"John Ormston (s)-Rotterdam-2 cs. mouldings, 4,495 bdls. hoops-Tyne Steamship Co."
18931202p.605_p002.txt,59,Royal Dane,Hamburg,TYNE,10 cs. mouldings-Tyne Steamship Co.,Tyne Steamship Co.,21,Nov,1893,2,December,1893,True,condensed,0.9,Royal Dane (s)-Hamburg-10 cs. mouldings-Tyne Steamship Co.
18931202p.605_p002.txt,60,Valborg,Quebec,TYNE,"114 pcs. oak, 111 pcs. elm, 46 pcs. ash, 726 pcs. pine, 3,294 deals, 2,250 deals and ends, 1,441 deals",,21,Nov,1893,2,December,1893,False,condensed,0.9,"Valborg-Quebec-114 pcs. oak, 111 pcs. elm, 46 pcs. ash, 726 pcs. pine, 3,294 deals, 2,250 deals and ends, 1,441 deals-Order"
18931202p.605_p002.txt,61,Dracona,Montreal,TYNE,"545 boards-Clayton & Armstrong 1,341 boards, 1,941 deals-Farley, Clerk, & Berkley",Clayton & Armstrong,21,Nov,1893,2,December,1893,True,condensed,0.9,"Dracona (s)-Montreal-545 boards-Clayton & Armstrong; 1,341 boards, 1,941 deals-Farley, Clerk, & Berkley"
18931202p.605_p002.txt,64,Mississippi,Baltimore,TYNE,"1,837 pcs. and bdls. lumber-Cobbett & Co. 6,623 pcs. and bdls. lumber, 10 logs timber-Churchill & Sim; 5,281 pcs. and bdls. lumber-G. Becker; 1,199 pcs. and bdls. lumber-W. Mallinson; 4,052 pcs. and bdls. lumber, 53 logs timber-Leary & Co.; 32,796 pcs. lumber, 87 logs timber, 6,322 squares-Order",Cobbett & Co.,27,Nov,1893,2,December,1893,True,condensed,0.9,"27 Mississippi (s)-Baltimore-1,837 pcs. and bdls. lumber-Cobbett & Co.; 6,623 pcs. and bdls. lumber, 10 logs timber-Churchill & Sim; 5,281 pcs. and bdls. lumber-G. Becker; 1,199 pcs. and bdls. lumber-W. Mallinson; 4,052 pcs. and bdls. lumber, 53 logs timber-Leary & Co.; 32,796 pcs. lumber, 87 logs timber, 6,322 squares-Order"
18931202p.605_p002.txt,66,Ripon City,Montreal,TYNE,"7,605 deals",,27,Nov,1893,2,December,1893,True,standard_dash,0.9,"Nov. 27 Ripon City (s)-Montreal-7,605 deals-Order"
18931202p.605_p002.txt,68,Massachusetts,New York,TYNE,13 pkgs. lumber-W. Marshall 1 pkg. lumber-J. Malcolm & Co.,W. Marshall,23,Nov,1893,2,December,1893,True,standard_dash,0.9,Nov. 23 Massachusetts (s)-New York-13 pkgs. lumber-W. Marshall; 1 pkg. lumber-J. Malcolm & Co.
18931202p.605_p002.txt,69,Monte Videan,Montreal,TYNE,"408 cs. splints-Bryant & May 4,524 deals, 147 pcs. timber-Order",Bryant & May,27,Nov,1893,2,December,1893,True,condensed,0.9,"27 Monte Videan (s)-Montreal-408 cs. splints-Bryant & May; 4,524 deals, 147 pcs. timber-Order"
18931202p.605_p002.txt,70,Durham City,Boston,TYNE,771 pcs. lumber-Churchill & Sim,Churchill & Sim,29,Nov,1893,2,December,1893,True,condensed,0.9,29 Durham City (s)-Boston-771 pcs. lumber-Churchill & Sim
18931202p.605_p002.txt,72,Gerda,Iggesund,TYNE,"738,622 staves, 107 fms. firewood-Dunn, Brown, & Co.","Dunn, Brown, & Co.",23,Nov,1893,2,December,1893,False,standard_dash,0.9,"Nov. 23 Gerda-Iggesund-738,622 staves, 107 fms. firewood-Dunn, Brown, & Co."
18931202p.605_p002.txt,73,Niels Juel,Kotka,TYNE,420 lds. staves,,24,Nov,1893,2,December,1893,False,condensed,0.9,24 Niels Juel-Kotka-420 lds. staves-Order
18931202p.605_p002.txt,74,Andreas,Bjorneborg,TYNE,98 stds. staves-Duus,Duus,27,Nov,1893,2,December,1893,False,condensed,0.9,27 Andreas-Bjorneborg-98 stds. staves-Duus
18931202p.605_p002.txt,75,Maud Hartmann,Montreal,TYNE,"3,206 deals, 591 ends-Price & Pierce",Price & Pierce,28,Nov,1893,2,December,1893,True,condensed,0.9,"28 Maud Hartmann (s)-Montreal-3,206 deals, 591 ends-Price & Pierce"
18931202p.605_p002.txt,76,Buteshire,Quebec,TYNE,"7,200 bdls. shooks, 5,086 deals, 400 ends",,29,Nov,1893,2,December,1893,False,condensed,0.9,"29 Buteshire-Quebec-7,200 bdls. shooks, 5,086 deals, 400 ends-Order"
18931202p.605_p002.txt,78,Olaf,St. Petersburg,LYNN,79 lds. fir spars-A. H. Carr & Co.,A. H. Carr & Co.,23,Nov,1893,2,December,1893,True,standard_dash,1.0,Nov. 23 Olaf (s)-St. Petersburg-79 lds. fir spars-A. H. Carr & Co.
18931202p.605_p002.txt,80,Wasa,Oscarshamn,LYNN,162 lds. fir props-W. J. Watson & Co.,W. J. Watson & Co.,22,Nov,1893,2,December,1893,False,standard_dash,1.0,Nov. 22 Wasa-Oscarshamn-162 lds. fir props-W. J. Watson & Co.
18931202p.605_p002.txt,81,Agder,Skien,LYNN,146 lds. fir hewn-Watson,Watson,22,Nov,1893,2,December,1893,True,condensed,1.0,Agder (s)-Skien-146 lds. fir hewn-Watson
18931202p.605_p002.txt,83,W. Larsing,Fredrikstad,MILFORD,105 lds. fir planed-Elford Bros.,Elford Bros.,22,Nov,1893,2,December,1893,False,standard_dash,1.0,Nov. 22 W. Larsing-Fredrikstad-105 lds. fir planed-Elford Bros.
18931202p.605_p002.txt,85,Maurice,Roche Bernard,NEWPORT,195 lds. pit props-Tapson & Co.,Tapson & Co.,21,Nov,1893,2,December,1893,False,standard_dash,1.0,Nov. 21 Maurice-Roche Bernard-195 lds. pit props-Tapson & Co.
18931202p.605_p002.txt,86,Rue de Gir,Bayonne,NEWPORT,"1,100 lds. pit wood-A. Capelle",A. Capelle,22,Nov,1893,2,December,1893,True,condensed,1.0,"22 Rue de Gir (s)-Bayonne-1,100 lds. pit wood-A. Capelle"
18931202p.605_p002.txt,87,Thomas Coats,Bordeaux,NEWPORT,"1,050 lds. hewn fir-Newport Pitwood Co.",Newport Pitwood Co.,23,Nov,1893,2,December,1893,True,condensed,1.0,"23 Thomas Coats (s)-Bordeaux-1,050 lds. hewn fir-Newport Pitwood Co."
18931202p.605_p002.txt,88,Tancred,Bordeaux,NEWPORT,"1,250 lds. pit wood-Watts, Ward & Co.","Watts, Ward & Co.",27,Nov,1893,2,December,1893,True,condensed,1.0,"27 Tancred (s)-Bordeaux-1,250 lds. pit wood-Watts, Ward & Co."
18931202p.605_p002.txt,89,George & Charles,Pont L'Abbe,NEWPORT,100 lds. pit wood-Newport Pitwood Co.,Newport Pitwood Co.,21,Nov,1893,2,December,1893,False,condensed,0.9,George & Charles-Pont L'Abbe-100 lds. pit wood-Newport Pitwood Co.
18931202p.605_p002.txt,90,Latawa,Riga,NEWPORT,"187 lds. hewn fir, 482 lds. deals, battens, and ends, 193 lds. fir lathwood sawn-Nicholas & Co.",Nicholas & Co.,21,Nov,1893,2,December,1893,False,condensed,0.9,"Latawa-Riga-187 lds. hewn fir, 482 lds. deals, battens, and ends, 193 lds. fir lathwood sawn-Nicholas & Co."
18931202p.605_p002.txt,91,Truro,"Miramichi, N.B.",NEWPORT,"1,227 lds. deals, battens, scantlings, boards, and ends-Nicholas & Co.",Nicholas & Co.,21,Nov,1893,2,December,1893,False,condensed,0.9,"Truro-Miramichi, N.B.-1,227 lds. deals, battens, scantlings, boards, and ends-Nicholas & Co."
18931202p.605_p002.txt,93,Louis,Frederikstad,POOLE,"353 lds. fir boards, 30 lds. fir battens, and 34 1/2 lds. firewood-May & Hassell",May & Hassell,21,Nov,1893,2,December,1893,False,standard_dash,1.0,"Nov. 21 Louis-Frederikstad-353 lds. fir boards, 30 lds. fir battens, and 34 1/2 lds. firewood-May & Hassell"
18931202p.605_p002.txt,95,Wick,Soderhamn,POOLE,"445 lds. sawn fir-Fox, Elliott, & Co.","Fox, Elliott, & Co.",22,Nov,1893,2,December,1893,False,standard_dash,1.0,"Nov. 22 Wick-Soderhamn-445 lds. sawn fir-Fox, Elliott, & Co."
18931202p.605_p002.txt,96,Carl,Gothenburg,POOLE,479 lds. fir battens-Bailey,Bailey,27,Nov,1893,2,December,1893,False,condensed,1.0,27 Carl-Gothenburg-479 lds. fir battens-Bailey
18931202p.605_p002.txt,98,Arethusa,Memel,POOLE,"450 lds. hewn fir, 7 1/2 lds. sawn fir, and 28 lds. split fir-Baltic Saw-mill Co.",Baltic Saw-mill Co.,25,Nov,1893,2,December,1893,False,standard_dash,0.9,"Nov. 25 Arethusa-Memel-450 lds. hewn fir, 7 1/2 lds. sawn fir, and 28 lds. split fir-Baltic Saw-mill Co."
18931202p.605_p002.txt,100,Axel,Christiania,POOLE,"405 lds. fir boards, 4 fir spars-J. E. Butt & Son",J. E. Butt & Son,21,Nov,1893,2,December,1893,False,standard_dash,0.9,"Nov. 21 Axel-Christiania-405 lds. fir boards, 4 fir spars-J. E. Butt & Son"
18931202p.605_p002.txt,102,Senior,Svartvik,POOLE,"1,320 lds. fir boards, 31 lds. firewood, and 24 lds. sawn fir-Driver",Driver,21,Nov,1893,2,December,1893,True,standard_dash,0.9,"Nov. 21 Senior (s)-Svartvik-1,320 lds. fir boards, 31 lds. firewood, and 24 lds. sawn fir-Driver"
18931202p.605_p002.txt,103,Hanna,Holmsund,POOLE,354 lds. sawn fir-Tagart,Tagart,25,Nov,1893,2,December,1893,False,condensed,0.9,25 Hanna-Holmsund-354 lds. sawn fir-Tagart
18931202p.605_p002.txt,105,Munin,Gothenburg,POOLE,"280 lds. pit props, 160 lds. sawn fir-E. W. Campbell",E. W. Campbell,21,Nov,1893,2,December,1893,True,standard_dash,0.9,"Nov. 21 Munin (s)-Gothenburg-280 lds. pit props, 160 lds. sawn fir-E. W. Campbell"
18931202p.605_p002.txt,106,Franciscus,Soderhamn,POOLE,341 lds. fir deals and boards-J. & W. Wilson & sons,J. & W. Wilson & sons,21,Nov,1893,2,December,1893,False,condensed,0.9,Franciscus-Soderhamn-341 lds. fir deals and boards-J. & W. Wilson & sons
18931202p.605_p002.txt,107,Bato,Papenburg,POOLE,830 lds. pit props-E. Wiener & Co.,E. Wiener & Co.,22,Nov,1893,2,December,1893,False,condensed,0.9,22 Bato-Papenburg-830 lds. pit props-E. Wiener & Co.
18931202p.605_p002.txt,108,Alfred,Memel,POOLE,280 lds. deals and ends-T. Elliott,T. Elliott,21,Nov,1893,2,December,1893,False,condensed,0.9,Alfred-Memel-280 lds. deals and ends-T. Elliott
18931202p.605_p002.txt,109,Emilie,Memel,POOLE,"150 lds. deals and ends, 109 lds. fir deals-Short Bros. 10 ds. fir deals-Ralph Bell & Co.",Short Bros.,21,Nov,1893,2,December,1893,False,condensed,0.9,"Emilie-Memel-150 lds. deals and ends, 109 lds. fir deals-Short Bros.; 10 ds. fir deals-Ralph Bell & Co."
18931202p.605_p002.txt,110,Fram,Drammen,POOLE,430 lds. pit props-E. Wiener & Co.,E. Wiener & Co.,24,Nov,1893,2,December,1893,False,condensed,0.9,24 Fram-Drammen-430 lds. pit props-E. Wiener & Co.
18931202p.605_p002.txt,111,Hilma,Hudikswall,POOLE,310 lds. pit props-E. Wiener & Co.,E. Wiener & Co.,24,Nov,1893,2,December,1893,False,condensed,0.9,Hilma-Hudikswall-310 lds. pit props-E. Wiener & Co.
18931202p.605_p002.txt,112,Celine,Hernosand,POOLE,360 lds. pit props-E. Wiener & Co.,E. Wiener & Co.,25,Nov,1893,2,December,1893,False,condensed,0.9,25 Celine-Hernosand-360 lds. pit props-E. Wiener & Co.
18931202p.605_p002.txt,113,Adelphi,Arendal,POOLE,2 lds. fir battens-E. Peacock,E. Peacock,25,Nov,1893,2,December,1893,False,condensed,0.9,Adelphi-Arendal-2 lds. fir battens-E. Peacock
18931202p.605_p002.txt,116,Parkmore,Baltimore,POOLE,"53,075 oak planks-Farnworth & Jardine 1,023 oak planks-Illingworth, Ingham & Co.; 1,028 pcs. oak-R. Coltart & Co.; 2,258 pcs. oak-A. Dobell & Co.; 1,057 logs-J. H. Burrell & Co.; 141 pcs. walnut logs-J. H. Burrell & Co.; 101 pcs. oak-Duncan, Ewing, & Co.; 59 pcs. oak-Robertson & Co.; 59 pcs. walnut, 200 walnut planks, 200 walnut planks-Order",Farnworth & Jardine,27,Nov,1893,2,December,1893,True,condensed,0.9,"27 Parkmore (s)-Baltimore-53,075 oak planks-Farnworth & Jardine; 1,023 oak planks-Illingworth, Ingham & Co.; 1,028 pcs. oak-R. Coltart & Co.; 2,258 pcs. oak-A. Dobell & Co.; 1,057 logs-J. H. Burrell & Co.; 141 pcs. walnut logs-J. H. Burrell & Co.; 101 pcs. oak-Duncan, Ewing, & Co.; 59 pcs. oak-Robertson & Co.; 59 pcs. walnut, 200 walnut planks, 200 walnut planks-Order"
18931202p.605_p002.txt,117,Victoria,New York,POOLE,"1,000 pcs. mahogany and lignum-vitae-Midwood & Co.",vitae-Midwood & Co.,27,Nov,1893,2,December,1893,True,condensed,0.9,"Victoria (s)-New York-1,000 pcs. mahogany and lignum-vitae-Midwood & Co."
18931202p.605_p002.txt,119,Traveller,Vera Cruz,POOLE,"1,000 pcs. mahogany",,27,Nov,1893,2,December,1893,True,standard_dash,0.9,"Nov. 27 Traveller (s)-Vera Cruz-1,000 pcs. mahogany-Order"
18931202p.605_p002.txt,121,Gazelle,"Picton, N.S.",POOLE,"2,100 deals, 304 hardwood deals, 3,000 pcs. birch-Farnworth & Jardine",Farnworth & Jardine,27,Nov,1893,2,December,1893,True,standard_dash,0.9,"Nov. 27 Gazelle (s)-Picton, N.S.-2,100 deals, 304 hardwood deals, 3,000 pcs. birch-Farnworth & Jardine"
18931202p.605_p002.txt,123,Bessel,New York,POOLE,"1,000 pcs. hickory logs, 4 square logs-Duncan, Ewing & Co. 12 poplar logs-Order","Duncan, Ewing & Co.",23,Nov,1893,2,December,1893,True,standard_dash,0.9,"Nov. 23 Bessel (s)-New York-1,000 pcs. hickory logs, 4 square logs-Duncan, Ewing & Co.; 12 poplar logs-Order"
18931202p.605_p002.txt,125,Potosi,Valparaiso,POOLE,"1,000 pcs. mahogany-M. Humattee",M. Humattee,28,Nov,1893,2,December,1893,True,standard_dash,0.9,"Nov. 28 Potosi (s)-Valparaiso-1,000 pcs. mahogany-M. Humattee"
18931202p.605_p002.txt,127,Merrimac,New Orleans,POOLE,195 pcs. oak,,29,Nov,1893,2,December,1893,True,standard_dash,0.9,Nov. 29 Merrimac (s)-New Orleans-195 pcs. oak-Order
18931202p.605_p002.txt,129,City of Dublin,New York,POOLE,"1,000 planks-Potts & Redfern",Potts & Redfern,24,Nov,1893,2,December,1893,True,standard_dash,0.9,"Nov. 24 City of Dublin (s)-New York-1,000 planks-Potts & Redfern"
18931202p.605_p002.txt,130,Lydia,Belize,POOLE,"504 pcs. mahogany, 25 pcs. cedar",,27,Nov,1893,2,December,1893,False,condensed,0.9,"27 Lydia-Belize-504 pcs. mahogany, 25 pcs. cedar-Order"
18931202p.605_p002.txt,133,Michigan,Baltimore,TILBURY DOCK,"1,000 pcs. walnut logs",,28,Nov,1893,2,December,1893,True,standard_dash,1.0,"Nov. 28 Michigan (s)-Baltimore-1,000 pcs. walnut logs-Order"
18931202p.605_p002.txt,135,Capella,Hamburg,TILBURY DOCK,"1,000 pcs. wood",,27,Nov,1893,2,December,1893,True,standard_dash,1.0,"Nov. 27 Capella (s)-Hamburg-1,000 pcs. wood-Order"
18931202p.605_p002.txt,137,Siam,Truxillo,LONDON (TILBURY DOCK),50 tons mahogany-W. Guild & Co.,W. Guild & Co.,29,Nov,1893,2,December,1893,False,standard_dash,0.9,Nov. 29 Siam-Truxillo-50 tons mahogany-W. Guild & Co.
18931202p.605_p003.txt,6,Gazelle,"Picton, N.S.",LONDON (TILBURY DOCK),"2,631 deals, 306 hardwood deal ends, 1,077 pcs. birch-Farnworth & Jardine",Farnworth & Jardine,27,Nov,1893,2,December,1893,True,standard_dash,0.9,"Nov. 27 Gazelle (s)—Picton, N.S.—2,631 deals, 306 hardwood deal ends, 1,077 pcs. birch—Farnworth & Jardine"
18931202p.605_p003.txt,9,Bessel,New Orleans,LONDON (TILBURY DOCK),"37 round hickory logs, 4 square oak logs-Duncan, Ewing & Co. 12 poplar logs—Order","Duncan, Ewing & Co.",29,Nov,1893,2,December,1893,True,standard_dash,0.9,"Nov. 29 Bessel (s)—New Orleans—37 round hickory logs, 4 square oak logs—Duncan, Ewing & Co.; 12 poplar logs—Order"
18931202p.605_p003.txt,9,poplar,,LONDON (TILBURY DOCK),logs Order,,27,Nov,1893,2,December,1893,False,condensed,0.9,12 poplar logs—Order
18931202p.605_p003.txt,12,Potosi,Valparaiso,LONDON (TILBURY DOCK),59 logs mahogany-M. Housttee,M. Housttee,28,Nov,1893,2,December,1893,True,standard_dash,0.9,Nov. 28 Potosi (s)—Valparaiso—59 logs mahogany—M. Housttee
18931202p.605_p003.txt,15,Merrimac,New Orleans,LONDON (TILBURY DOCK),102 pcs. walnut,,29,Nov,1893,2,December,1893,True,standard_dash,0.9,Nov. 29 Merrimac (s)—New Orleans—102 pcs. walnut—196 pcs. oak—Order
18931202p.605_p003.txt,18,City of Dublin,"Norfolk, Va.",LONDON (TILBURY DOCK),875 oak planks-Potts & Redhead,Potts & Redhead,24,Nov,1893,2,December,1893,True,standard_dash,0.9,"Nov. 24 City of Dublin (s)—Norfolk, Va.—875 oak planks—Potts & Redhead"
18931202p.605_p003.txt,19,Lydia,Belize,LONDON (TILBURY DOCK),"504 pcs., 3 curls mahogany, 15 pcs. cedar",,27,Nov,1893,2,December,1893,False,condensed,0.9,"27 Lydia—Belize—504 pcs., 3 curls mahogany, 15 pcs. cedar—Order"
18931202p.605_p003.txt,23,Michigan,Baltimore,TILBURY DOCK,"108 oak logs, 24 walnut logs",,29,Nov,1893,2,December,1893,True,standard_dash,1.0,"Nov. 29 Michigan (s)—Baltimore—108 oak logs, 24 walnut logs—Order"
18931202p.605_p003.txt,26,Cupella,Hambro,TILBURY DOCK,206 logs mahogany,,27,Nov,1893,2,December,1893,True,standard_dash,1.0,Nov. 27 Cupella (s)—Hambro—206 logs mahogany—Order
18931202p.605_p003.txt,29,Siam,Truxillo,LONDON (TILBURY DOCK),"967 logs, 153 log ends mahogany-W. Guild & Co.",W. Guild & Co.,29,Nov,1893,2,December,1893,False,standard_dash,0.9,"Nov. 29 Siam—Truxillo—967 logs, 153 log ends mahogany—W. Guild & Co."
18931202p.605_p003.txt,74,Foster &,"Co., Cambridge ... ...",FULLY SECURED CREDITORS,,,29,Nov,1893,2,December,1893,False,condensed,1.0,"Foster & Co., Cambridge ... ... — — —"
18931209p.638_p001.txt,4,Morning Light,Quebec,FULLY SECURED CREDITORS,"381 lds. hewn fir, 653 lds. fir deals and ends, 30 lds. hewn birch, 50 lds. hewn elm, 50 lds. hewn birch-Crossfield & Co.",Crossfield & Co.,29,Nov,1893,9,December,1893,False,standard_dash,0.9,"Nov. 29 Morning Light-Quebec-381 lds. hewn fir, 653 lds. fir deals and ends, 30 lds. hewn birch, 50 lds. hewn elm, 50 lds. hewn birch-Crossfield & Co."
18931209p.638_p001.txt,5,MISSING_FROM_OCR,Miramichi,FULLY SECURED CREDITORS,"1,395 lds. fir boards-Low Bros.",Low Bros.,4,Dec,1893,9,December,1893,False,condensed,0.9,"Dec. 4 Miramichi-1,395 lds. fir boards-Low Bros."
18931209p.638_p001.txt,7,Wilhelmine,Warberg,FULLY SECURED CREDITORS,276 lds. mining timber,,29,Nov,1893,9,December,1893,False,standard_dash,0.9,Nov. 29 Wilhelmine-Warberg-276 lds. mining timber-Order
18931209p.638_p001.txt,9,Svea,Helsingfors,BRISTOL,"31,267 deals and battens-Jones & Wainright",Jones & Wainright,28,Nov,1893,9,December,1893,False,standard_dash,0.9,"Nov. 28 Svea-Helsingfors-31,267 deals and battens-Jones & Wainright"
18931209p.638_p001.txt,10,Marie Fanny,Sundswall,BRISTOL,"35,545 battens and boards-H. Denty",H. Denty,2,Dec,1893,9,December,1893,False,standard_dash,0.9,"Dec. 2 Marie Fanny-Sundswall-35,545 battens and boards-H. Denty"
18931209p.638_p001.txt,11,Wilhelmine,Bjorneborg,BRISTOL,"331,453 staves",,5,Dec,1893,9,December,1893,False,condensed,0.9,"5 Wilhelmine-Bjorneborg-331,453 staves-Order"
18931209p.638_p001.txt,12,Von Eschen,Danzig,BRISTOL,"274 oak butts, 591 pcs. red fir, and 1,000 lds. hewn fir-Low Bros. 51 lds. hewn fir-Robinson",Low Bros.,2,Dec,1893,9,December,1893,False,condensed,0.9,"Von Eschen-Danzig-274 oak butts, 591 pcs. red fir, and 1,000 lds. hewn fir-Low Bros. ; 51 lds. hewn fir-Robinson"
18931209p.638_p001.txt,14,Absalon,Riga,BRISTOL,"350 lds. sawn fir, 320 lds. fir lathwood-Robinson",Robinson,28,Nov,1893,9,December,1893,False,standard_dash,0.9,"Nov. 28 Absalon-Riga-350 lds. sawn fir, 320 lds. fir lathwood-Robinson"
18931209p.638_p001.txt,15,Ceylon,Riga,BRISTOL,"220 lds. hewn fir, 188 lds. fir lathwood-Robinson",Robinson,28,Nov,1893,9,December,1893,False,condensed,0.9,"Ceylon-Riga-220 lds. hewn fir, 188 lds. fir lathwood-Robinson"
18931209p.638_p001.txt,16,Kurlandes,Riga,BRISTOL,775 lds. sawn fir-Meggitt & Jones,Meggitt & Jones,29,Nov,1893,9,December,1893,False,standard_dash,0.9,Nov. 29 Kurlandes-Riga-775 lds. sawn fir-Meggitt & Jones
18931209p.638_p001.txt,17,Annie Berner,Drammen,BRISTOL,"1,300 lds. fir pitwood-Tellefsen & Co.",Tellefsen & Co.,29,Nov,1893,9,December,1893,False,condensed,0.9,"Annie Berner-Drammen-1,300 lds. fir pitwood-Tellefsen & Co."
18931209p.638_p001.txt,18,Gulnare,Shediac,BRISTOL,"1,052 lds. fir deals, 540 lds. fir pitwood-Hooper",Hooper,29,Nov,1893,9,December,1893,False,condensed,0.9,"Gulnare-Shediac-1,052 lds. fir deals, 540 lds. fir pitwood-Hooper"
18931209p.638_p001.txt,19,Larpool,Bordeaux,BRISTOL,"1,000 lds. fir pitwood-Alexanders & Co.",Alexanders & Co.,29,Nov,1893,9,December,1893,True,condensed,0.9,"Larpool (s)-Bordeaux-1,000 lds. fir pitwood-Alexanders & Co."
18931209p.638_p001.txt,20,Asia,Newcastle,BRISTOL,800 lds. fir pitwood-Hooper,Hooper,29,Nov,1893,9,December,1893,False,condensed,0.9,Asia-Newcastle-800 lds. fir pitwood-Hooper
18931209p.638_p001.txt,21,Taff,Bordeaux,BRISTOL,900 lds. fir deals-Alexanders & Co.,Alexanders & Co.,29,Nov,1893,9,December,1893,False,condensed,0.9,Taff-Bordeaux-900 lds. fir deals-Alexanders & Co.
18931209p.638_p001.txt,22,Alexander Lawrence,Christiansand,BRISTOL,800 lds. fir props-C. Tellefsen & Co.,C. Tellefsen & Co.,29,Nov,1893,9,December,1893,False,condensed,0.9,Alexander Lawrence-Christiansand-800 lds. fir props-C. Tellefsen & Co.
18931209p.638_p001.txt,23,Norah,Cronstadt,BRISTOL,"1,558 lds. fir deals-Alexanders & Co.",Alexanders & Co.,29,Nov,1893,9,December,1893,True,condensed,0.9,"Norah (s)-Cronstadt-1,558 lds. fir deals-Alexanders & Co."
18931209p.638_p001.txt,24,Gripen,Gothenburg,BRISTOL,778 lds. fir props-C. Tellefsen & Co.,C. Tellefsen & Co.,29,Nov,1893,9,December,1893,False,condensed,0.9,Gripen-Gothenburg-778 lds. fir props-C. Tellefsen & Co.
18931209p.638_p001.txt,25,Otak Niko,Miramichi,BRISTOL,"1,216 lds. fir deals-Jones, Heard & Co.","Jones, Heard & Co.",29,Nov,1893,9,December,1893,False,condensed,0.9,"Otak Niko-Miramichi-1,216 lds. fir deals-Jones, Heard & Co."
18931209p.638_p001.txt,26,Dodo,Bordeaux,BRISTOL,"1,200 lds. fir pitwood-Alexanders & Co.",Alexanders & Co.,29,Nov,1893,9,December,1893,True,condensed,0.9,"Dodo (s)-Bordeaux-1,200 lds. fir pitwood-Alexanders & Co."
18931209p.638_p001.txt,27,Otak Niko,"Newcastle, N.B.",BRISTOL,"132 lds. fir pitwood-Price, Walker, & Co.","Price, Walker, & Co.",29,Nov,1893,9,December,1893,False,condensed,0.9,"Otak Niko-Newcastle, N.B.-132 lds. fir pitwood-Price, Walker, & Co."
18931209p.638_p001.txt,28,Bessie Hamilton,"St. John, N.B.",BRISTOL,"1,600 lds. fir sawn-J. Bland & Co.",J. Bland & Co.,29,Nov,1893,9,December,1893,False,condensed,0.9,"Bessie Hamilton-St. John, N.B.-1,600 lds. fir sawn-J. Bland & Co."
18931209p.638_p001.txt,30,G. T. Hay,"St. John, N.B.",BRISTOL,"450 lds. pit props-Watts, Watts, & Co.","Watts, Watts, & Co.",1,Dec,1893,9,December,1893,False,condensed,0.9,"G. T. Hay-St. John, N.B.-450 lds. pit props-Watts, Watts, & Co."
18931209p.638_p001.txt,31,Blanche,Redon,BRISTOL,110 lds. pitwood-Watts,Watts,1,Dec,1893,9,December,1893,False,condensed,0.9,Blanche-Redon-110 lds. pitwood-Watts
18931209p.638_p001.txt,32,Keroula,Redon,BRISTOL,"1,550 lds. pitwood-Wood-Powley, & Co.","Wood-Powley, & Co.",1,Dec,1893,9,December,1893,False,condensed,0.9,"Keroula-Redon-1,550 lds. pitwood-Wood-Powley, & Co."
18931209p.638_p001.txt,34,Clarte,Redon,BRISTOL,160 lds. pitwood-Tapson & Co.,Tapson & Co.,1,Dec,1893,9,December,1893,False,condensed,0.9,Clarte-Redon-160 lds. pitwood-Tapson & Co.
18931209p.638_p001.txt,35,Edouard,Redon,BRISTOL,200 lds. fir props-Budd & Co.,Budd & Co.,2,Dec,1893,9,December,1893,False,standard_dash,0.9,Dec. 2 Edouard-Redon-200 lds. fir props-Budd & Co.
18931209p.638_p001.txt,36,Montalane,Bordeaux,BRISTOL,"1,100 lds. hewn fir-Simkin Bros.",Simkin Bros.,4,Dec,1893,9,December,1893,False,condensed,0.9,"4 Montalane-Bordeaux-1,100 lds. hewn fir-Simkin Bros."
18931209p.638_p001.txt,37,Dordogne,Bordeaux,BRISTOL,800 lds. hewn fir-Simkin Bros.,Simkin Bros.,2,Dec,1893,9,December,1893,False,condensed,0.9,Dordogne-Bordeaux-800 lds. hewn fir-Simkin Bros.
18931209p.638_p001.txt,39,Alwina,Danzig,DOVER,"135 lds. hewn fir, 25 lds. hewn oak-G. Hammond & Co.",G. Hammond & Co.,29,Nov,1893,9,December,1893,False,standard_dash,1.0,"Nov. 29 Alwina-Danzig-135 lds. hewn fir, 25 lds. hewn oak-G. Hammond & Co."
18931209p.638_p001.txt,41,Kamfjord,Miramichi,FLEETWOOD,"136 lds. fir deals & ends-C. Taylor, Sons, & Co. 1,026 lds. fir palings-Farnworth & Jardine","C. Taylor, Sons, & Co.",29,Nov,1893,9,December,1893,False,standard_dash,1.0,"Nov. 29 Kamfjord-Miramichi-136 lds. fir deals & ends-C. Taylor, Sons, & Co.; 1,026 lds. fir palings-Farnworth & Jardine"
18931209p.638_p001.txt,42,Guldregn,Sheet Harbour,FLEETWOOD,963 lds. deals-H. & G. Curwen & Co.,H. & G. Curwen & Co.,4,Dec,1893,9,December,1893,False,standard_dash,1.0,Dec. 4 Guldregn-Sheet Harbour-963 lds. deals-H. & G. Curwen & Co.
18931209p.638_p001.txt,44,Talisman,Shediac,FLEETWOOD,640 lds. fir deals-Ashbee & Sons,Ashbee & Sons,29,Nov,1893,9,December,1893,False,standard_dash,1.0,Nov. 29 Talisman-Shediac-640 lds. fir deals-Ashbee & Sons
18931209p.638_p001.txt,45,Marie,Shediac,FLEETWOOD,627 lds. fir deals and ends-Adams,Adams,29,Nov,1893,9,December,1893,False,condensed,0.9,Marie-Shediac-627 lds. fir deals and ends-Adams
18931209p.638_p001.txt,46,Runo,Gefle,FLEETWOOD,"442 lds. fir deals and ends, 781 lds. fir deals-T. Adams & Sons",T. Adams & Sons,29,Nov,1893,9,December,1893,True,condensed,0.9,"Runo (s)-Gefle-442 lds. fir deals and ends, 781 lds. fir deals-T. Adams & Sons"
18931209p.638_p001.txt,47,Cyprian,Bathurst,FLEETWOOD,"1,190 lds. fir deals-Price, Walker, & Co.","Price, Walker, & Co.",1,Dec,1893,9,December,1893,False,standard_dash,0.9,"Dec. 1 Cyprian-Bathurst-1,190 lds. fir deals-Price, Walker, & Co."
18931209p.638_p001.txt,48,Apollo,Shediac,FLEETWOOD,656 lds. fir deals and ends-T. Adams & Sons,T. Adams & Sons,4,Dec,1893,9,December,1893,False,condensed,0.9,4 Apollo-Shediac-656 lds. fir deals and ends-T. Adams & Sons
18931209p.638_p001.txt,50,Libra,Cronstadt,GRIMSBY,"336 lds. fir sawn, 89 lds. fir poles-G. A. Carr & Co.",G. A. Carr & Co.,28,Nov,1893,9,December,1893,False,standard_dash,0.9,"Nov. 28 Libra-Cronstadt-336 lds. fir sawn, 89 lds. fir poles-G. A. Carr & Co."
18931209p.638_p001.txt,51,Brilliant,Stockasag,GRIMSBY,867 lds. fir sawn-Carr,Carr,28,Nov,1893,9,December,1893,False,condensed,0.9,Brilliant-Stockasag-867 lds. fir sawn-Carr
18931209p.638_p001.txt,52,Freya,Skelleftea,GRIMSBY,208 lds. fir battens-Hewson,Hewson,28,Nov,1893,9,December,1893,False,condensed,0.9,Freya-Skelleftea-208 lds. fir battens-Hewson
18931209p.638_p001.txt,53,Georg Nicolaus,Skutskar,GRIMSBY,501 lds. fir battens and deals-Bennetts & Co.,Bennetts & Co.,29,Nov,1893,9,December,1893,False,condensed,0.9,29 Georg Nicolaus-Skutskar-501 lds. fir battens and deals-Bennetts & Co.
18931209p.638_p001.txt,54,Alma,Cronstadt,GRIMSBY,821 lds. fir deals-Bennetts,Bennetts,28,Nov,1893,9,December,1893,False,condensed,0.9,Alma-Cronstadt-821 lds. fir deals-Bennetts
18931209p.638_p001.txt,55,Georg Nicolan,Skutskars,GRIMSBY,4 lds. firewood-Master,Master,30,Nov,1893,9,December,1893,False,condensed,0.9,30 Georg Nicolan-Skutskars-4 lds. firewood-Master
18931209p.638_p001.txt,56,Jupiter,Riga,GRIMSBY,140 lds. fir props-Pearson,Pearson,1,Dec,1893,9,December,1893,False,standard_dash,0.9,Dec. 1 Jupiter-Riga-140 lds. fir props-Pearson
18931209p.638_p001.txt,57,Jupiter,Riga,GRIMSBY,145 lds. fir props-Pearson,Pearson,2,Dec,1893,9,December,1893,False,condensed,0.9,2 Jupiter-Riga-145 lds. fir props-Pearson
18931209p.638_p001.txt,59,Saga,Wyborg,GRIMSBY,276 lds. fir props-Nielsen,Nielsen,28,Nov,1893,9,December,1893,False,standard_dash,0.9,Nov. 28 Saga-Wyborg-276 lds. fir props-Nielsen
18931209p.638_p001.txt,60,Constance,Calmar,GRIMSBY,260 lds. fir props-Nielsen,Nielsen,28,Nov,1893,9,December,1893,False,condensed,0.9,Constance-Calmar-260 lds. fir props-Nielsen
18931209p.638_p001.txt,61,Onward,Stettin,GRIMSBY,400 lds. fir props-Pedersen,Pedersen,28,Nov,1893,9,December,1893,False,condensed,0.9,Onward-Stettin-400 lds. fir props-Pedersen
18931209p.638_p001.txt,62,Emmanuel,Drammen,GRIMSBY,196 lds. fir sawn-J. W. Baird & Co.,J. W. Baird & Co.,29,Nov,1893,9,December,1893,False,condensed,0.9,29 Emmanuel-Drammen-196 lds. fir sawn-J. W. Baird & Co.
18931209p.638_p001.txt,63,Maggie and Helen,Danzig,GRIMSBY,105 lds. fir props-W. Pearson & Co.,W. Pearson & Co.,28,Nov,1893,9,December,1893,False,condensed,0.9,Maggie and Helen-Danzig-105 lds. fir props-W. Pearson & Co.
18931209p.638_p001.txt,64,Johan Irgens,Stettin,GRIMSBY,"50 lds. oak hewn, 98 lds. oak butts-R. Lauder & Co.",R. Lauder & Co.,30,Nov,1893,9,December,1893,False,condensed,0.9,"30 Johan Irgens-Stettin-50 lds. oak hewn, 98 lds. oak butts-R. Lauder & Co."
18931209p.638_p001.txt,65,Joneheld,Bergqvara,GRIMSBY,140 lds fir hewn-Horsley,Horsley,30,Nov,1893,9,December,1893,False,condensed,0.9,Joneheld-Bergqvara-140 lds fir hewn-Horsley
18931209p.638_p001.txt,66,Joneheld,Bergqvara,GRIMSBY,"30 lds. birch and alder, 40 lds. fir poles-Hessler & Co.",Hessler & Co.,1,Dec,1893,9,December,1893,False,standard_dash,0.9,"Dec. 1 Joneheld-Bergqvara-30 lds. birch and alder, 40 lds. fir poles-Hessler & Co."
18931209p.638_p001.txt,67,Marianne,Ornskjoldsvik,GRIMSBY,"768 lds. fir battens and boards-R. Wade, Sons, & Co.","R. Wade, Sons, & Co.",1,Dec,1893,9,December,1893,False,condensed,0.9,"Marianne-Ornskjoldsvik-768 lds. fir battens and boards-R. Wade, Sons, & Co."
18931209p.638_p001.txt,68,Margaretha,Memel,GRIMSBY,129 lds. oak staves-Pickford & Co.,Pickford & Co.,1,Dec,1893,9,December,1893,False,condensed,0.9,Margaretha-Memel-129 lds. oak staves-Pickford & Co.
18931209p.638_p001.txt,71,Bodvar,Fredrikstad,GRIMSBY,"550 lds. partly square fir timber, 15 lds. fir props-Napier & Render",Napier & Render,2,Dec,1893,9,December,1893,False,standard_dash,0.9,"Dec. 2 Bodvar - Fredrikstad - 550 lds. partly square fir timber, 15 lds. fir props-Napier & Render"
18931209p.638_p001.txt,72,Circassia,Norsund,GRIMSBY,"1,541 lds. fir deals, battens, and boards-R. Wade, Sons, & Co.","R. Wade, Sons, & Co.",4,Dec,1893,9,December,1893,False,condensed,0.9,"4 Circassia-Norsund-1,541 lds. fir deals, battens, and boards-R. Wade, Sons, & Co."
18931209p.638_p001.txt,75,Erato,Riga,GRIMSBY,"9,622 pcs. lathwood, 100 fms. firewood, 924 deals, 8,436 battens, 8,028 boards",,30,Nov,1893,9,December,1893,True,standard_dash,0.9,"Nov. 30 Erato (s)-Riga-9,622 pcs. lathwood, 100 fms. firewood, 924 deals, 8,436 battens, 8,028 boards-Order"
18931209p.638_p001.txt,76,Leo,Stockholm,GRIMSBY,"1,963 deals-Wilson, Sons & Co. 1,967 bdls. laths-Order","Wilson, Sons & Co.",30,Nov,1893,9,December,1893,True,condensed,0.9,"Leo (s)-Stockholm-1,963 deals-Wilson, Sons & Co. ; 1,967 bdls. laths-Order"
18931209p.638_p001.txt,77,Ariosto,Gothenburg,GRIMSBY,"1,915 bdls. boards, 2,271 deals-Wilson, Sons, & Co. 12,900 sleepers-H. Smith & Co. ; 2,552 props-Pyman, Bell, & Co. ; 2,000 bdls. laths-Ropkins & Co. ; 3,000 bdls. laths-Order","Wilson, Sons, & Co.",4,Nov,1893,9,December,1893,True,condensed,0.9,"4 Ariosto (s)-Gothenburg-1,915 bdls. boards, 2,271 deals-Wilson, Sons, & Co. ; 12,900 sleepers-H. Smith & Co. ; 2,552 props-Pyman, Bell, & Co. ; 2,000 bdls. laths-Ropkins & Co. ; 3,000 bdls. laths-Order"
18931209p.638_p001.txt,79,Kovno,Riga,GRIMSBY,"4,320 pcs. lathwood, 53 fms. firewood, 12,042 deals, 15,426 ends, 13,118 bdls. squares, 12,032 boards",,2,Dec,1893,9,December,1893,True,standard_dash,0.9,"Dec. 2 Kovno (s)-Riga-4,320 pcs. lathwood, 53 fms. firewood, 12,042 deals, 15,426 ends, 13,118 bdls. squares, 12,032 boards-Order"
18931209p.638_p001.txt,80,Alfride,Kotka,GRIMSBY,"29,534 boards",,4,Dec,1893,9,December,1893,False,condensed,0.9,"4 Alfride-Kotka-29,534 boards-Order"
18931209p.638_p001.txt,81,Toledo,Riga,GRIMSBY,"22,529 pcs. wood, 36,250 deals",,2,Dec,1893,9,December,1893,True,condensed,0.9,"Toledo (s)-Riga-22,529 pcs. wood, 36,250 deals-Order"
18931209p.638_p001.txt,82,Ravna,Fredrikstad,GRIMSBY,"39,791 boards-Bryson",Bryson,2,Dec,1893,9,December,1893,True,condensed,0.9,"Ravna (s)-Fredrikstad-39,791 boards-Bryson"
18931209p.638_p001.txt,83,Doris,Quebec,GRIMSBY,"39,098 deals and ends-Price",Price,2,Dec,1893,9,December,1893,False,condensed,0.9,"Doris-Quebec-39,098 deals and ends-Price"
18931209p.638_p001.txt,84,Foy Newbiggin,Narva,GRIMSBY,"18,258 deals, battens and ends",,2,Dec,1893,9,December,1893,True,condensed,0.9,"Foy Newbiggin (s)-Narva-18,258 deals, battens and ends-Order"
18931209p.638_p001.txt,86,Otes,Iggesund,GRIMSBY,"400 stds. floorings, 57 stds. deals",,2,Dec,1893,9,December,1893,True,condensed,0.9,"Otes (s)-Iggesund-400 stds. floorings, 57 stds. deals-Order"
18931209p.638_p001.txt,87,Concordia,Helsingfors,GRIMSBY,"10,388 battens, 4,106 bdls. slatings-C. Salvesen & Co.",C. Salvesen & Co.,2,Dec,1893,9,December,1893,False,condensed,0.9,"Concordia-Helsingfors-10,388 battens, 4,106 bdls. slatings-C. Salvesen & Co."
18931209p.638_p001.txt,88,Verdandi,Sundswall,GRIMSBY,"131,288 bundles mouldings, 2,862 deals and battens",,2,Dec,1893,9,December,1893,True,condensed,0.9,"Verdandi (s)-Sundswall - 131,288 bundles mouldings, 2,862 deals and battens-Order"
18931209p.638_p001.txt,89,Absalon,Riga,GRIMSBY,"1,792 battens",,2,Dec,1893,9,December,1893,True,condensed,0.9,"Absalon (s)-Riga-1,792 battens-Order"
18931209p.638_p001.txt,90,Ceylon,Skutskar,GRIMSBY,"110,230 boards, 3,392 deals, 25,253 deals and battens",,2,Dec,1893,9,December,1893,True,condensed,0.9,"Ceylon (s)-Skutskar-110,230 boards, 3,392 deals, 25,253 deals and battens-Order"
18931209p.638_p001.txt,92,Lom,-Savannah,GRIMSBY,"5,137 staves",,30,Nov,1893,9,December,1893,False,standard_dash,0.9,"Nov. 30 Lom--Savannah-5,137 staves-Order"
18931209p.638_p001.txt,93,Hero,Christiania,GRIMSBY,"220 bgs. brush blocks-J. Keen 4,000 bdls. staves-Order",J. Keen,30,Nov,1893,9,December,1893,True,condensed,0.9,"Hero (s)-Christiania-220 bgs. brush blocks-J. Keen; 4,000 bdls. staves-Order"
18931209p.638_p001.txt,94,Thule,Gothenburg,GRIMSBY,"950 doors, 10 bdls. trellis, 817 bdls. mouldings-Crow & Son 210 bdls. mouldings-Churchill & Sim; 600 doors, 177 doz. deals, 659 bdls. laths, 2,317 pkgs. joinery-Order",Crow & Son,30,Nov,1893,9,December,1893,True,condensed,0.9,"Thule (s)-Gothenburg-950 doors, 10 bdls. trellis, 817 bdls. mouldings-Crow & Son; 210 bdls. mouldings-Churchill & Sim; 600 doors, 177 doz. deals, 659 bdls. laths, 2,317 pkgs. joinery-Order"
18931209p.638_p001.txt,95,Sitona,Fredrikstad,GRIMSBY,"8 267 bdls. boxwood-F. Foulger 1,531 bdls. boxwood-Price & Pierce; 92 bdls. boxwood-Sadd & Co.; 16 fms. firewood-Tegner, Price & Co.",F. Foulger,5,Nov,1893,9,December,1893,True,condensed,0.9,"5 Sitona (s)-Fredrikstad-8 267 bdls. boxwood-F. Foulger; 1,531 bdls. boxwood-Price & Pierce; 92 bdls. boxwood-Sadd & Co.; 16 fms. firewood-Tegner, Price & Co."
18931209p.638_p001.txt,96,Bele,Gothenburg,GRIMSBY,"746 bdls. mouldings-Foy, Morgan, & Co. 1,518 pkgs. joinery-J. Sandell & Co.; 500 bdls. laths-Page & Co.; 3,000 bdls. laths-T. Simson & Co.; 1,439 doz. boards, 119 doz. battens, 4,342 pcs. firewood-Order","Foy, Morgan, & Co.",30,Nov,1893,9,December,1893,True,condensed,0.9,"Bele (s)-Gothenburg-746 bdls. mouldings-Foy, Morgan, & Co.; 1,518 pkgs. joinery-J. Sandell & Co.; 500 bdls. laths-Page & Co.; 3,000 bdls. laths-T. Simson & Co.; 1,439 doz. boards, 119 doz. battens, 4,342 pcs. firewood-Order"
18931209p.638_p001.txt,97,Kingsland,Montreal,GRIMSBY,"1,350 deals",,30,Nov,1893,9,December,1893,True,condensed,0.9,"Kingsland (s)-Montreal-1,350 deals-Order"
18931209p.638_p001.txt,99,Fjeldland,Porsgrund,GRIMSBY,"2,227 telegraph poles-H.M. Postmaster General",H.M. Postmaster General,30,Nov,1893,9,December,1893,False,standard_dash,0.9,"Nov. 30 Fjeldland-Porsgrund-2,227 telegraph poles-H.M. Postmaster General"
18931209p.638_p001.txt,100,Austrian,Quebec,GRIMSBY,409 cs. splints-Bryant & May 121 pcs. timber-Order,Bryant & May,30,Nov,1893,9,December,1893,True,condensed,0.9,Austrian (s)-Quebec-409 cs. splints-Bryant & May; 121 pcs. timber-Order
18931209p.638_p001.txt,101,Mohawk,New York,GRIMSBY,"2,400 staves-Fowler Bros.",Fowler Bros.,1,Dec,1893,9,December,1893,True,standard_dash,0.9,"Dec. 1 Mohawk (s)-New York-2,400 staves-Fowler Bros."
18931209p.638_p001.txt,102,Hurona,Montreal,GRIMSBY,"12,283 deals",,4,Dec,1893,9,December,1893,True,condensed,0.9,"4 Hurona (s)-Montreal-12,283 deals-Order"
18931209p.638_p001.txt,103,Lydian Monarch,New York,GRIMSBY,"2,935 staves-Fowler Bros.",Fowler Bros.,5,Dec,1893,9,December,1893,True,condensed,0.9,"5 Lydian Monarch (s)-New York-2,935 staves-Fowler Bros."
18931209p.638_p001.txt,105,Loughrigg Holme,Montreal,GRIMSBY,142 stds. deals,,1,Dec,1893,9,December,1893,True,standard_dash,0.9,Dec. 1 Loughrigg Holme (s)-Montreal-142 stds. deals-Order
18931209p.638_p001.txt,107,Gler,Savannah,GRIMSBY,"7,632 staves",,30,Nov,1893,9,December,1893,False,standard_dash,0.9,"Nov. 30 Gler-Savannah-7,632 staves-Order"
18931209p.638_p001.txt,108,Teutonic,Montreal,GRIMSBY,"6,874 deals",,4,Dec,1893,9,December,1893,True,standard_dash,0.9,"Dec. 4 Teutonic (s)-Montreal-6,874 deals-Order"
18931209p.638_p001.txt,109,Pickhuben,Montreal,GRIMSBY,"1,082 deal ends, 13,980 deals",,5,Dec,1893,9,December,1893,True,condensed,0.9,"5 Pickhuben (s)-Montreal-1,082 deal ends, 13,980 deals-Order"
18931209p.638_p001.txt,112,Tauric,New York,LIVERPOOL,"6,000 staves-Hay",Hay,30,Nov,1893,9,December,1893,True,standard_dash,0.9,"Nov. 30 Tauric (s)-New York-6,000 staves-Hay"
18931209p.638_p001.txt,113,Vancouver,Montreal,LIVERPOOL,"22,119 deals and boards-R. Cox & Co. 917 maple blocks-T. Mitchell; 1,238 maple rollers, 4 066 maple blocks-Moorehouse & Mitchell; from Quebec-1,451 deals-Pierce, Watts, & Co.; 2,702 deals-C. Taylor, Sons, & Co.; 1,027 deals-Neale, Harrison, & Co; 1,081 deals-Order",R. Cox & Co.,30,Nov,1893,9,December,1893,True,condensed,0.9,"Vancouver (s)-Montreal-22,119 deals and boards-R. Cox & Co.; 917 maple blocks-T. Mitchell; 1,238 maple rollers, 4 066 maple blocks-Moorehouse & Mitchell; from Quebec-1,451 deals-Pierce, Watts, & Co.; 2,702 deals-C. Taylor, Sons, & Co.; 1,027 deals-Neale, Harrison, & Co; 1,081 deals-Order"
18931209p.638_p001.txt,114,Laurentian,Montreal,LIVERPOOL,"1,260 maple blocks-T. Mitchell",T. Mitchell,30,Nov,1893,9,December,1893,True,condensed,0.9,"Laurentian (s)-Montreal-1,260 maple blocks-T. Mitchell"
18931209p.638_p001.txt,115,Moruca,"Halifax, N.S.",LIVERPOOL,"15,666 deals-W. M. Mackay 1,764 doors-Bryce, Junor, & White; 6,805 deals-Order",W. M. Mackay,2,Dec,1893,9,December,1893,True,standard_dash,0.9,"Dec. 2 Moruca (s)-Halifax, N.S.-15,666 deals-W. M. Mackay; 1,764 doors-Bryce, Junor, & White; 6,805 deals-Order"
18931209p.638_p001.txt,116,Lake Ontario,Montreal,LIVERPOOL,"185 deals-S. de C. Thompson 15,411 deals and deal ends, 7,558 deals, 15,038 boards-Watson",S. de C. Thompson,4,Dec,1893,9,December,1893,True,condensed,0.9,"4 Lake Ontario (s) - Montreal - 185 deals-S. de C. Thompson; 15,411 deals and deal ends, 7,558 deals, 15,038 boards-Watson"
18931209p.638_p001.txt,117,Catalonia,Boston,LIVERPOOL,"1,200 pipe and 9,600 hhd. staves-Drysdale Bros.",Drysdale Bros.,6,Dec,1893,9,December,1893,True,condensed,0.9,"6 Catalonia (s)-Boston-1,200 pipe and 9,600 hhd. staves-Drysdale Bros."
18931209p.638_p001.txt,119,Indien,Danzig,LIVERPOOL,"2,074 fir crossing blocks, 385 pcs. fir redwood half-square crossings-Order",square crossings-Order,1,Dec,1893,9,December,1893,False,standard_dash,0.9,"Dec. 1 Indien-Danzig-2,074 fir crossing blocks, 385 pcs. fir redwood half-square crossings-Order"
18931209p.638_p001.txt,121,Courant,Bay Verte,LIVERPOOL,"35,666 deals and ends, 181 scantlings, 2,565 deal ends",,1,Dec,1893,9,December,1893,False,standard_dash,0.9,"Dec. 1 Courant-Bay Verte-35,666 deals and ends, 181 scantlings, 2,565 deal ends-Order"
18931209p.638_p001.txt,122,Rydal Holme,"Chatham, N.B",LIVERPOOL,"27,721 deals and battens, 11,812 scantlings, 7,637 deal ends, 39,219 boards-W. M. Mackay",W. M. Mackay,4,Dec,1893,9,December,1893,True,condensed,0.9,"4 Rydal Holme (s)-Chatham, N.B-27,721 deals and battens, 11,812 scantlings, 7,637 deal ends, 39,219 boards-W. M. Mackay"
18931209p.638_p001.txt,123,Annie,Pictou,LIVERPOOL,"302 pcs., 11 logs birch, 6,250 birch planks and ends, 5,721 spruce deals and ends-Crow, Rudolph, & Co.","Crow, Rudolph, & Co.",6,Dec,1893,9,December,1893,False,condensed,0.9,"6 Annie-Pictou-302 pcs., 11 logs birch, 6,250 birch planks and ends, 5,721 spruce deals and ends-Crow, Rudolph, & Co."
18931209p.638_p001.txt,125,Audhill,"Shediac, N.B.",LIVERPOOL,"13,137 deals and battens, 1,617 scantlings, 1,900 deal ends-Holme, Wainwright, & Co.","Holme, Wainwright, & Co.",30,Nov,1893,9,December,1893,False,standard_dash,0.9,"Nov. 30 Audhill-Shediac, N.B.-13,137 deals and battens, 1,617 scantlings, 1,900 deal ends-Holme, Wainwright, & Co."
18931209p.638_p001.txt,126,Vanland,Gothenburg,LIVERPOOL,"900 bdls. laths-G. Bradley & Co. 3,609 bdls. laths-Order; from Drammen - 813,133 staves, 80,568 planed boards-Order",G. Bradley & Co.,5,Dec,1893,9,December,1893,True,standard_dash,0.9,"Dec. 5 Vanland (s)-Gothenburg-900 bdls. laths-G. Bradley & Co.; 3,609 bdls. laths-Order; from Drammen - 813,133 staves, 80,568 planed boards-Order"
18931209p.638_p001.txt,127,Norman,Miramichi,LIVERPOOL,"55,548 fir deals and ends, 8 mille fir palings-Ritchie Bros.",Ritchie Bros.,6,Dec,1893,9,December,1893,False,condensed,0.9,"6 Norman-Miramichi-55,548 fir deals and ends, 8 mille fir palings-Ritchie Bros."
18931209p.638_p001.txt,129,Louise,Dalhousie,LIVERPOOL,"32,859 spruce deals, 5,838 spruce ends",,30,Nov,1893,9,December,1893,False,standard_dash,0.9,"Nov. 30 Louise-Dalhousie-32,859 spruce deals, 5,838 spruce ends-Order"
18931209p.638_p001.txt,130,Kong Sverre,Shediac,LIVERPOOL,"12,543 deals and ends, 3,682 scantlings, 1,609 deal ends",,30,Nov,1893,9,December,1893,False,condensed,0.9,"Kong Sverre-Shediac-12,543 deals and ends, 3,682 scantlings, 1,609 deal ends-Order"
18931209p.638_p001.txt,132,Alava,New Orleans,LIVERPOOL,600 staves-E. Chaloner & Co.,E. Chaloner & Co.,30,Nov,1893,9,December,1893,True,standard_dash,0.9,Nov. 30 Alava (s)-New Orleans-600 staves-E. Chaloner & Co.
18931209p.638_p001.txt,133,Imperatore Francesco Giuseppe,Gefle,LIVERPOOL,"90 cs. turned wood, 8,911 pcs. lathwood, 11,118 deals, battens, and boards, 59,931 planed boards",,30,Nov,1893,9,December,1893,False,condensed,0.9,"Imperatore Francesco Giuseppe-Gefle-90 cs. turned wood, 8,911 pcs. lathwood, 11,118 deals, battens, and boards, 59,931 planed boards-Order"
18931209p.638_p001.txt,135,Ronans,New York,LIVERPOOL,"1,869 doors-Jonas Smith & Co.",Jonas Smith & Co.,1,Dec,1893,9,December,1893,True,standard_dash,0.9,"Dec. 1 St. Ronans (s)-New York-1,869 doors-Jonas Smith & Co."
18931209p.638_p001.txt,137,Whitehall,Galveston,LIVERPOOL,"11,918 staves-Farnworth & Jardine",Farnworth & Jardine,30,Nov,1893,9,December,1893,True,standard_dash,0.9,"Nov. 30 Whitehall (s)-Galveston-11,918 staves-Farnworth & Jardine"
18931209p.638_p001.txt,140,Madrileno,"Port Royal, U.S.A.",LIVERPOOL,"11,700 staves",,2,Dec,1893,9,December,1893,True,standard_dash,0.9,"Dec. 2 Madrileno (s)-Port Royal, U.S.A.-11,700 staves-Order"
18931209p.638_p001.txt,141,Avalon,Savannah,LIVERPOOL,"27,000 staves",,6,Dec,1893,9,December,1893,False,condensed,0.9,"6 Avalon-Savannah-27,000 staves-Order"
18931209p.638_p001.txt,143,Bessie Markham,Richibucto,UNION DOCK,"22,121 deals, 3,108 scantlings, 3,611 boards, 4,443 ends",,30,Nov,1893,9,December,1893,False,standard_dash,1.0,"Nov. 30 Bessie Markham-Richibucto-22,121 deals, 3,108 scantlings, 3,611 boards, 4,443 ends-Order"
18931209p.638_p001.txt,145,Spind,"Pictou, N.S.",UNION DOCK,"433 lds. sawn timber n.o.e., 134 lds. sawn fir timber-Williams",Williams,28,Nov,1893,9,December,1893,False,standard_dash,1.0,"Nov. 28 Spind-Pictou, N.S.-433 lds. sawn timber n.o.e., 134 lds. sawn fir timber-Williams"
18931209p.638_p001.txt,148,California,Montreal,LONDON,"2,712 deals and ends, 14,497 deals",,30,Nov,1893,9,December,1893,True,standard_dash,0.9,"Nov. 30 California (s)-Montreal-2,712 deals and ends, 14,497 deals-Order"
18931209p.638_p001.txt,149,Sirius,Helsingfors,LONDON,"4,384 scantlings-Morgan, Gellibrand, & Co.","Morgan, Gellibrand, & Co.",30,Nov,1893,9,December,1893,True,condensed,0.9,"Sirius (s) - Helsingfors - 4,384 scantlings - Morgan, Gellibrand, & Co."
18931209p.638_p001.txt,150,Lady Gladys,Pont Neuf,LONDON,"145,252 deals, 1,592 deal ends, 15,000 palings, 13,811 planks, 209 plank ends",,2,Dec,1893,9,December,1893,False,standard_dash,0.9,"Dec. 2 Lady Gladys-Pont Neuf-145,252 deals, 1,592 deal ends, 15,000 palings, 13,811 planks, 209 plank ends-Order"
18931209p.638_p001.txt,151,Barque,Fredrikstad,LONDON,"380 lds. hewn oak, 20 lds. hewn oak staves",,2,Dec,1893,9,December,1893,True,condensed,0.9,"Barque (s)-Fredrikstad-380 lds. hewn oak, 20 lds. hewn oak staves-Order"
18931209p.638_p001.txt,152,MISSING_FROM_OCR,Miramichi,LONDON,"1,200 lds. fir deals and ends-Crossfield & Co.",Crossfield & Co.,2,Dec,1893,9,December,1893,False,condensed,0.9,"Miramichi-1,200 lds. fir deals and ends-Crossfield & Co."
18931209p.638_p001.txt,155,Wilhelmine,Warberg,LONDON,276 lds. mining timber,,2,Dec,1893,9,December,1893,False,standard_dash,0.9,Dec. 2 Wilhelmine-Warberg-276 lds. mining timber-Order
18931209p.638_p001.txt,156,Svea,Helsingfors,LONDON,"31,267 deals and battens-Jones & Wainright",Jones & Wainright,30,Nov,1893,9,December,1893,False,standard_dash,0.9,"Nov. 30 Svea-Helsingfors-31,267 deals and battens-Jones & Wainright"
18931209p.638_p001.txt,157,Charles Tottie,Sundswall,LONDON,"35,545 battens, scantlings, and boards-H. Denty",H. Denty,30,Nov,1893,9,December,1893,False,condensed,0.9,"Charles Tottie-Sundswall-35,545 battens, scantlings, and boards-H. Denty"
18931209p.638_p001.txt,158,Marie Fanny,Bjorneborg,LONDON,"331,453 staves",,5,Nov,1893,9,December,1893,False,condensed,0.9,"5 Marie Fanny-Bjorneborg-331,453 staves-Order"
18931209p.638_p001.txt,159,Wilhelmine Von Eschen,Danzig,LONDON,"274 oak butts, 591 pcs. red fir, and 1,000 lds. hewn fir-Low Bros. 51 lds. hewn fir-Robinson",Low Bros.,30,Nov,1893,9,December,1893,False,condensed,0.9,"Wilhelmine Von Eschen-Danzig-274 oak butts, 591 pcs. red fir, and 1,000 lds. hewn fir-Low Bros. ; 51 lds. hewn fir-Robinson"
18931209p.638_p001.txt,160,Absalon,Riga,LONDON,"350 lds. sawn fir, 320 lds. fir lathwood-Robinson",Robinson,28,Nov,1893,9,December,1893,False,standard_dash,0.9,"Nov. 28 Absalon-Riga-350 lds. sawn fir, 320 lds. fir lathwood-Robinson"
18931209p.638_p001.txt,161,Ceylon,Riga,LONDON,"220 lds. hewn fir, 188 lds. fir lathwood-Robinson",Robinson,28,Nov,1893,9,December,1893,False,condensed,0.9,"Ceylon-Riga-220 lds. hewn fir, 188 lds. fir lathwood-Robinson"
18931209p.638_p001.txt,162,Kurlandes,Riga,LONDON,775 lds. sawn fir-Meggitt & Jones,Meggitt & Jones,29,Nov,1893,9,December,1893,False,standard_dash,0.9,Nov. 29 Kurlandes-Riga-775 lds. sawn fir-Meggitt & Jones
18931209p.638_p001.txt,163,Annie Berner,Drammen,LONDON,"1,300 lds. fir pitwood-Tellefsen & Co.",Tellefsen & Co.,29,Nov,1893,9,December,1893,False,condensed,0.9,"Annie Berner-Drammen-1,300 lds. fir pitwood-Tellefsen & Co."
18931209p.638_p001.txt,164,Gulnare,Shediac,LONDON,"1,052 lds. fir deals, 540 lds. fir pitwood-Hooper",Hooper,29,Nov,1893,9,December,1893,False,condensed,0.9,"Gulnare-Shediac-1,052 lds. fir deals, 540 lds. fir pitwood-Hooper"
18931209p.638_p001.txt,165,Larpool,Bordeaux,LONDON,"1,000 lds. fir pitwood-Alexanders & Co.",Alexanders & Co.,29,Nov,1893,9,December,1893,True,condensed,0.9,"Larpool (s)-Bordeaux-1,000 lds. fir pitwood-Alexanders & Co."
18931209p.638_p001.txt,166,Asia,Newcastle,LONDON,800 lds. fir pitwood-Hooper,Hooper,29,Nov,1893,9,December,1893,False,condensed,0.9,Asia-Newcastle-800 lds. fir pitwood-Hooper
18931209p.638_p001.txt,167,Taff,Bordeaux,LONDON,900 lds. fir deals-Alexanders & Co.,Alexanders & Co.,29,Nov,1893,9,December,1893,False,condensed,0.9,Taff-Bordeaux-900 lds. fir deals-Alexanders & Co.
18931209p.638_p001.txt,168,Alexander Lawrence,Christiansand,LONDON,800 lds. fir props-C. Tellefsen & Co.,C. Tellefsen & Co.,29,Nov,1893,9,December,1893,False,condensed,0.9,Alexander Lawrence-Christiansand-800 lds. fir props-C. Tellefsen & Co.
18931209p.638_p001.txt,169,Norah,Cronstadt,LONDON,"1,558 lds. fir deals-Alexanders & Co.",Alexanders & Co.,29,Nov,1893,9,December,1893,True,condensed,0.9,"Norah (s)-Cronstadt-1,558 lds. fir deals-Alexanders & Co."
18931209p.638_p001.txt,170,Gripen,Gothenburg,LONDON,778 lds. fir props-C. Tellefsen & Co.,C. Tellefsen & Co.,29,Nov,1893,9,December,1893,False,condensed,0.9,Gripen-Gothenburg-778 lds. fir props-C. Tellefsen & Co.
18931209p.638_p001.txt,171,Otak Niko,Miramichi,LONDON,"1,216 lds. fir deals-Jones, Heard & Co.","Jones, Heard & Co.",29,Nov,1893,9,December,1893,False,condensed,0.9,"Otak Niko-Miramichi-1,216 lds. fir deals-Jones, Heard & Co."
18931209p.638_p001.txt,172,Dodo,Bordeaux,LONDON,"1,200 lds. fir pitwood-Alexanders & Co.",Alexanders & Co.,29,Nov,1893,9,December,1893,True,condensed,0.9,"Dodo (s)-Bordeaux-1,200 lds. fir pitwood-Alexanders & Co."
18931209p.638_p001.txt,173,Otak Niko,"Newcastle, N.B.",LONDON,"132 lds. fir pitwood-Price, Walker, & Co.","Price, Walker, & Co.",29,Nov,1893,9,December,1893,False,condensed,0.9,"Otak Niko-Newcastle, N.B.-132 lds. fir pitwood-Price, Walker, & Co."
18931209p.638_p001.txt,174,Bessie Hamilton,"St. John, N.B.",LONDON,"1,600 lds. fir sawn-J. Bland & Co.",J. Bland & Co.,29,Nov,1893,9,December,1893,False,condensed,0.9,"Bessie Hamilton-St. John, N.B.-1,600 lds. fir sawn-J. Bland & Co."
18931209p.638_p001.txt,176,G. T. Hay,"St. John, N.B.",LONDON,"450 lds. pit props-Watts, Watts, & Co.","Watts, Watts, & Co.",1,Dec,1893,9,December,1893,False,condensed,0.9,"G. T. Hay-St. John, N.B.-450 lds. pit props-Watts, Watts, & Co."
18931209p.638_p001.txt,177,Blanche,Redon,LONDON,110 lds. pitwood-Watts,Watts,1,Dec,1893,9,December,1893,False,condensed,0.9,Blanche-Redon-110 lds. pitwood-Watts
18931209p.638_p001.txt,178,Keroula,Redon,LONDON,"1,550 lds. pitwood-Wood-Powley, & Co.","Wood-Powley, & Co.",1,Dec,1893,9,December,1893,False,condensed,0.9,"Keroula-Redon-1,550 lds. pitwood-Wood-Powley, & Co."
18931209p.638_p001.txt,180,Clarte,Redon,LONDON,160 lds. pitwood-Tapson & Co.,Tapson & Co.,1,Dec,1893,9,December,1893,False,condensed,0.9,Clarte-Redon-160 lds. pitwood-Tapson & Co.
18931209p.638_p001.txt,181,Edouard,Redon,LONDON,200 lds. fir props-Budd & Co.,Budd & Co.,2,Dec,1893,9,December,1893,False,standard_dash,0.9,Dec. 2 Edouard-Redon-200 lds. fir props-Budd & Co.
18931209p.638_p001.txt,182,Montalane,Bordeaux,LONDON,"1,100 lds. hewn fir-Simkin Bros.",Simkin Bros.,4,Dec,1893,9,December,1893,False,condensed,0.9,"4 Montalane-Bordeaux-1,100 lds. hewn fir-Simkin Bros."
18931209p.638_p001.txt,183,Dordogne,Bordeaux,LONDON,800 lds. hewn fir-Simkin Bros.,Simkin Bros.,2,Dec,1893,9,December,1893,False,condensed,0.9,Dordogne-Bordeaux-800 lds. hewn fir-Simkin Bros.
18931209p.638_p001.txt,185,Golgotha,Riga,LONDON,"300 lds. hewn fir, 260 lds. lathwood-Fox, Eliott, & Co.","Fox, Eliott, & Co.",28,Nov,1893,9,December,1893,False,standard_dash,0.9,"Nov. 28 Golgotha-Riga-300 lds. hewn fir, 260 lds. lathwood-Fox, Eliott, & Co."
18931209p.638_p001.txt,187,Agenda,Sundswall,LONDON,"340 lds. fir battens-Fox, Eliott, & Co.","Fox, Eliott, & Co.",29,Nov,1893,9,December,1893,False,standard_dash,0.9,"Nov. 29 Agenda-Sundswall-340 lds. fir battens-Fox, Eliott, & Co."
18931209p.638_p001.txt,189,Shakespeare,BayVerte,LONDON,"966 lds. fir deals, 23 lds. fir ends-H. & G. Curwen & Co.",H. & G. Curwen & Co.,27,Nov,1893,9,December,1893,False,standard_dash,0.9,"Nov. 27 Shakespeare-BayVerte-966 lds. fir deals, 23 lds. fir ends-H. & G. Curwen & Co."
18931209p.638_p001.txt,191,Columba,Attu,LONDON,"1,056 lds. fir boards-Tagart",Tagart,29,Nov,1893,9,December,1893,False,standard_dash,0.9,"Nov. 29 Columba-Attu-1,056 lds. fir boards-Tagart"
18931209p.638_p001.txt,193,Victoria,Karten,LONDON,425 lds. pit props-E. Wiener & Co.,E. Wiener & Co.,28,Nov,1893,9,December,1893,False,standard_dash,0.9,Nov. 28 Victoria-Karten-425 lds. pit props-E. Wiener & Co.
18931209p.638_p001.txt,194,Patrator,Hennebont,LONDON,"240 lds. fir props-Watts, Ward, & Co.","Watts, Ward, & Co.",29,Nov,1893,9,December,1893,False,condensed,0.9,"29 Patrator-Hennebont-240 lds. fir props-Watts, Ward, & Co."
18931209p.638_p001.txt,195,Adelaide,Bordeaux,LONDON,253 lds. fir hewn-Budd,Budd,28,Nov,1893,9,December,1893,False,condensed,0.9,Adelaide-Bordeaux-253 lds. fir hewn-Budd
18931209p.638_p001.txt,198,Jeo Battista,Halifax,LONDON,"681 lds. birch deals, 21 lds. birch ends, 102 lds. fir deals, 3 lds. deal ends-P. Hopkins",P. Hopkins,29,Nov,1893,9,December,1893,False,condensed,0.9,"29 Jeo Battista-Halifax-681 lds. birch deals, 21 lds. birch ends, 102 lds. fir deals, 3 lds. deal ends-P. Hopkins"
18931209p.638_p001.txt,199,Ogir,Picton,LONDON,"387 lds. fir deals, 2 lds. deal ends-D. Jenkins",D. Jenkins,30,Nov,1893,9,December,1893,False,condensed,0.9,"30 Ogir-Picton-387 lds. fir deals, 2 lds. deal ends-D. Jenkins"
18931209p.638_p001.txt,201,Odin,"Christiania, Laurvig, and Arendal",TYNE,"10 lds. crowntrees, 160 lds. mining timber, 12 lds. poles, 173 bales woodpulp",,28,Nov,1893,9,December,1893,True,standard_dash,1.0,"Nov. 28 Odin (s)-Christiania, Laurvig, and Arendal-10 lds. crowntrees, 160 lds. mining timber, 12 lds. poles, 173 bales woodpulp-Order"
18931209p.638_p001.txt,202,Theodore,Drammen,TYNE,"21,840 boards, 774 battens",,29,Nov,1893,9,December,1893,False,condensed,1.0,"29 Theodore-Drammen-21,840 boards, 774 battens-Order"
18931209p.638_p001.txt,203,Orrik,Gothenburg,TYNE,"138 lds. battens, 28 lds. boards, 104 bales woodpulp",,30,Nov,1893,9,December,1893,True,condensed,1.0,"30 Orrik (s)-Gothenburg-138 lds. battens, 28 lds. boards, 104 bales woodpulp-Order"
18931209p.638_p001.txt,204,Svea,Stockholm,TYNE,"4,807 battens and boards, 13,679 deals, battens, and boards-J. Scott",J. Scott,1,Dec,1893,9,December,1893,False,standard_dash,1.0,"Dec. 1 Svea-Stockholm-4,807 battens and boards, 13,679 deals, battens, and boards-J. Scott"
18931216p.2.txt,5,TIMBER MERCHANTS and,SAW,TYNE,MILLERS,,5,Dec,1893,16,December,1893,False,condensed,0.9,"TIMBER MERCHANTS and SAW-MILLERS,"
18931216p.2.txt,25,Always on hand a Large and Varied Stock of HOME,GROWN TIMBER in Larch and Scots Fir. Also all kinds of HARDWOODS for MINING and COLLIERY purposes.,INVERNESS,"""TIMBER, INVERNESS.""",,5,Dec,1893,16,December,1893,False,condensed,1.0,"Always on hand a Large and Varied Stock of HOME-GROWN TIMBER in Larch and Scots Fir. Also all kinds of HARDWOODS for MINING and COLLIERY purposes.—""TIMBER, INVERNESS."""
18931216p.2.txt,108,Francisca,Halmstad,TENDERS,141 lds. plc. props-Madsen & Borch.,Madsen & Borch.,8,Dec,1893,16,December,1893,False,standard_dash,0.9,Dec. 8 Francisca-Halmstad-141 lds. plc. props-Madsen & Borch.
18931216p.2.txt,110,Anton,Cronstadt,TENDERS,"152 lds. fir deals and battens, 80 lds. fir rickers, 65 lds. firewood-Arbroath Saw-mill Co.",Arbroath Saw-mill Co.,7,Dec,1893,16,December,1893,False,standard_dash,0.9,"Dec. 7 Anton-Cronstadt-152 lds. fir deals and battens, 80 lds. fir rickers, 65 lds. firewood-Arbroath Saw-mill Co."
18931216p.2.txt,112,Lima,"St. John, N.B.",TENDERS,948 lds. fir deals-W. Alexander & Sons.,W. Alexander & Sons.,7,Dec,1893,16,December,1893,False,standard_dash,0.9,"Dec. 7 Lima-St. John, N.B.-948 lds. fir deals-W. Alexander & Sons."
18931216p.2.txt,114,Stanton,Hudikswall,BO'NESS,930 lds. fir pitwood-J. Denholm & Co.,J. Denholm & Co.,6,Dec,1893,16,December,1893,True,standard_dash,1.0,Dec. 6 Stanton (s)-Hudikswall-930 lds. fir pitwood-J. Denholm & Co.
18931216p.2.txt,115,Chirton,Riga,BO'NESS,"958 lds. hewn fir, 187 lds. sawn fir-Calder & Co.",Calder & Co.,6,Dec,1893,16,December,1893,True,condensed,1.0,"Chirton (s)-Riga-958 lds. hewn fir, 187 lds. sawn fir-Calder & Co."
18931216p.2.txt,117,Von Buch Wendorf,Borga,BO'NESS,343 lds. fir battens and deals-J. Donaldson & Son.,J. Donaldson & Son.,6,Dec,1893,16,December,1893,False,standard_dash,1.0,Dec. 6 Von Buch Wendorf-Borga-343 lds. fir battens and deals-J. Donaldson & Son.
18931216p.2.txt,118,Die Krone,Cronstadt,DUNDEE,66 lds. fir rickers-Fleming & Barry 526 lds. sawn fir-J. & W. Langland.,Fleming & Barry,6,Dec,1893,16,December,1893,False,condensed,0.9,Die Krone-Cronstadt-66 lds. fir rickers-Fleming & Barry; 526 lds. sawn fir-J. & W. Langland.
18931216p.2.txt,120,Peruvian,New York,DUNDEE,"3,600 staves-R. Hamilton & Co. 12,750 pcs. and 155 bdls. lumber-Order.",R. Hamilton & Co.,5,Dec,1893,16,December,1893,False,standard_dash,0.9,"Dec. 5 Peruvian-New York-3,600 staves-R. Hamilton & Co.; 12,750 pcs. and 155 bdls. lumber-Order."
18931216p.2.txt,121,Hestia,Montreal,DUNDEE,"2 cars deals and boards, 17,999 pcs. and 5 cars deals-Allison, Cousland, & Co. 3,986 deals-F. A. Lightbody; 254 deals and planks-Bryce, Junor, & White; 9,069 pcs. boards, 7,631 deals-Singleton.","Allison, Cousland, & Co.",5,Dec,1893,16,December,1893,False,condensed,0.9,"Hestia-Montreal-2 cars deals and boards, 17,999 pcs. and 5 cars deals-Allison, Cousland, & Co.; 3,986 deals-F. A. Lightbody; 254 deals and planks-Bryce, Junor, & White; 9,069 pcs. boards, 7,631 deals-Singleton."
18931216p.2.txt,122,Prince Eugene,Saguenay,DUNDEE,"12,242 white deals, 5,781 red pine deals, 7,618 tamarac deals, 1,957 spruce deals, 14,796 spruce planks, 505 red pine deal ends, 669 tamarac deal ends-Jas. Hunter 11,461 bdls. white birch spoolwood-Singleton, Dunn, & Co.",Jas. Hunter,5,Dec,1893,16,December,1893,False,condensed,0.9,"Prince Eugene-Saguenay-12,242 white deals, 5,781 red pine deals, 7,618 tamarac deals, 1,957 spruce deals, 14,796 spruce planks, 505 red pine deal ends, 669 tamarac deal ends-Jas. Hunter; 11,461 bdls. white birch spoolwood-Singleton, Dunn, & Co."
18931216p.2.txt,123,Nerito,Baltimore,DUNDEE,"8 logs oak and 1 car oak-Singleton, Dunn, & Co. 2,031 pcs. oak-Jas. Kennedy & Co.; 256 deals, 2,393 pcs. oak, 18 poplar logs-Allison, Cousland, & Co.; 20 poplar logs, 2,517 pcs. oak, 49 walnut logs-Edmiston & Mitchells; 23 walnut logs-T. Kerr & Co.; 23 walnut logs-G. H. Thomson; 480 shooks-Wright, Graham & Co.; 28 hickory logs, 30 oak logs, 226 pcs. oak, 17 poplar logs, 97 walnut logs-Cant & Kemp.","Singleton, Dunn, & Co.",5,Dec,1893,16,December,1893,False,condensed,0.9,"Nerito-Baltimore-8 logs oak and 1 car oak-Singleton, Dunn, & Co.; 2,031 pcs. oak-Jas. Kennedy & Co.; 256 deals, 2,393 pcs. oak, 18 poplar logs-Allison, Cousland, & Co.; 20 poplar logs, 2,517 pcs. oak, 49 walnut logs-Edmiston & Mitchells; 23 walnut logs-T. Kerr & Co.; 23 walnut logs-G. H. Thomson; 480 shooks-Wright, Graham & Co.; 28 hickory logs, 30 oak logs, 226 pcs. oak, 17 poplar logs, 97 walnut logs-Cant & Kemp."
18931216p.2.txt,124,Australia,Marseilles,DUNDEE,450 bdls. staves-Order.,Order.,5,Dec,1893,16,December,1893,False,condensed,0.9,Australia-Marseilles-450 bdls. staves-Order.
18931216p.2.txt,125,Carthaginian,Philadelphia,DUNDEE,"3,650 staves-Edmiston & Mitchells.",Edmiston & Mitchells.,5,Dec,1893,16,December,1893,False,condensed,0.9,"Carthaginian-Philadelphia-3,650 staves-Edmiston & Mitchells."
18931216p.2.txt,127,Breedis,Riga,DUNDEE,"10,226 deals and battens-P. & J. Wilkie 3,525 battens-Muirhead.",P. & J. Wilkie,4,Dec,1893,16,December,1893,False,standard_dash,0.9,"Dec. 4 Breedis-Riga-10,226 deals and battens-P. & J. Wilkie; 3,525 battens-Muirhead."
18931216p.2.txt,128,Grangemouth,Rotterdam,DUNDEE,70 pkgs. staves and bottoms-Order.,Order.,4,Dec,1893,16,December,1893,False,condensed,0.9,Grangemouth-Rotterdam-70 pkgs. staves and bottoms-Order.
18931216p.2.txt,129,Ivan,Sundswall,DUNDEE,"9,174 deals and battens-Wm. Young.",Wm. Young.,4,Dec,1893,16,December,1893,False,condensed,0.9,"Ivan-Sundswall-9,174 deals and battens-Wm. Young."
18931216p.2.txt,130,Newington,Libau,DUNDEE,"1,197 pcs. timber, 6,802 deals, 62 sleepers-Order.",Order.,4,Dec,1893,16,December,1893,False,condensed,0.9,"Newington-Libau-1,197 pcs. timber, 6,802 deals, 62 sleepers-Order."
18931216p.2.txt,132,Gustav Adolph,Miramichi,GREENOCK,"32,043 bdls. spoolwood-Order.",Order.,4,Dec,1893,16,December,1893,False,standard_dash,0.9,"Dec. 4 Gustav Adolph-Miramichi-32,043 bdls. spoolwood-Order."
18931216p.2.txt,134,Ennismore,Riga,GREENOCK,"58 lds. sawn lathwood, 277 lds. fir deals-J. Cormack.",J. Cormack.,9,Dec,1893,16,December,1893,False,standard_dash,0.9,"Dec. 9 Ennismore-Riga-58 lds. sawn lathwood, 277 lds. fir deals-J. Cormack."
18931216p.2.txt,135,Idag,Norrvik,GREENOCK,411 lds. fir battens-Garland.,Garland.,9,Dec,1893,16,December,1893,False,condensed,0.9,Idag-Norrvik-411 lds. fir battens-Garland.
18931216p.2.txt,136,Mascotte,Rotterdam,GREENOCK,1 ld. hoops-G. Gibson.,G. Gibson.,9,Dec,1893,16,December,1893,False,condensed,0.9,Mascotte-Rotterdam-1 ld. hoops-G. Gibson.
18931216p.2.txt,137,Critic,New York,GREENOCK,6 lds. staves-H. Blaik & Co.,H. Blaik & Co.,9,Dec,1893,16,December,1893,False,condensed,0.9,Critic-New York-6 lds. staves-H. Blaik & Co.
18931216p.2.txt,139,Canopus,Riga,GREENOCK,300 lds. hewn & dr. fir battens-C. Carnegie.,C. Carnegie.,6,Dec,1893,16,December,1893,False,standard_dash,0.9,Dec. 6 Canopus-Riga-300 lds. hewn & dr. fir battens-C. Carnegie.
18931216p.2.txt,141,Martha Reid,Matane,TROON,"770 lds. birch wood, 11 lds. fir deals-J. & P. Coats.",J. & P. Coats.,6,Dec,1893,16,December,1893,False,standard_dash,1.0,"Dec. 6 Martha Reid-Matane-770 lds. birch wood, 11 lds. fir deals-J. & P. Coats."
18931216p.2.txt,143,So Fergus,Drontheim,WICK,"435 lds. fir staves, 40 lds. fir battens-Duncan & Jamieson.",Duncan & Jamieson.,8,Dec,1893,16,December,1893,False,standard_dash,1.0,"Dec. 8 So Fergus-Drontheim-435 lds. fir staves, 40 lds. fir battens-Duncan & Jamieson."
18931216p.662_p001.txt,5,Wilhelm,New Richmond,WICK,191 lds. firewood-J. Hughes,J. Hughes,5,Dec,1893,16,December,1893,False,standard_dash,0.9,Dec. 5 Wilhelm-New Richmond-191 lds. firewood-J. Hughes
18931216p.662_p001.txt,6,Solheim,Fredrikshald,WICK,"1,967 lds. deals, battens, ends, and boards-Partington Paper Co.",Partington Paper Co.,6,Dec,1893,16,December,1893,True,standard_dash,0.9,"Dec. 6 Solheim (s)-Fredrikshald-1,967 lds. deals, battens, ends, and boards-Partington Paper Co."
18931216p.662_p001.txt,9,St.,"John, N.B.",BRISTOL,"25,952 deals and ends-Jones",Jones,5,Dec,1893,16,December,1893,False,standard_dash,0.9,"Dec. 5 St. John, N.B.-25,952 deals and ends-Jones"
18931216p.662_p001.txt,12,Freya,Stockholm,BRISTOL,"279 lds. deals, battens, and boards",,5,Dec,1893,16,December,1893,False,standard_dash,0.9,"Dec. 5 Freya-Stockholm-279 lds. deals, battens, and boards-Order"
18931216p.662_p001.txt,15,Deerhound,Bordeaux,BRISTOL,"1,700 lds. fir pitwood-Newport Pitwood Co.",Newport Pitwood Co.,5,Dec,1893,16,December,1893,True,standard_dash,0.9,"Dec. 5 Deerhound (s)-Bordeaux-1,700 lds. fir pitwood-Newport Pitwood Co."
18931216p.662_p001.txt,16,Eugenie,Bordeaux,BRISTOL,"160 lds. fir pitwood-Watts, Ward, & Co.","Watts, Ward, & Co.",5,Dec,1893,16,December,1893,True,standard_dash,0.9,"Dec. 5 Eugenie (s)-Bordeaux-160 lds. fir pitwood-Watts, Ward, & Co."
18931216p.662_p001.txt,17,Anita,Villagarcia,BRISTOL,"1,250 lds. hewn fir-A. Capelle",A. Capelle,6,Dec,1893,16,December,1893,False,standard_dash,0.9,"Dec. 6 Anita-Villagarcia-1,250 lds. hewn fir-A. Capelle"
18931216p.662_p001.txt,18,Malabar,Morlaix,BRISTOL,"130 lds. fir pitwood-Watts Ward, & Co.","Watts Ward, & Co.",6,Dec,1893,16,December,1893,False,standard_dash,0.9,"Dec. 6 Malabar-Morlaix-130 lds. fir pitwood-Watts Ward, & Co."
18931216p.662_p001.txt,19,Aglae et Charles,Muros,BRISTOL,"210 lds. fir pitwood-Manzanos, Cristobal, & Co.","Manzanos, Cristobal, & Co.",6,Dec,1893,16,December,1893,False,standard_dash,0.9,"Dec. 6 Aglae et Charles-Muros-210 lds. fir pitwood-Manzanos, Cristobal, & Co."
18931216p.662_p001.txt,20,Amelie,Auray,BRISTOL,"130 lds. fir pitwood-Watts Ward, & Co.","Watts Ward, & Co.",6,Dec,1893,16,December,1893,False,standard_dash,0.9,"Dec. 6 Amelie-Auray-130 lds. fir pitwood-Watts Ward, & Co."
18931216p.662_p001.txt,21,Sea King,"St. John, N.B.",BRISTOL,"1,680 lds. fir deals and battens-Robinson, David, & Co.","Robinson, David, & Co.",6,Dec,1893,16,December,1893,False,standard_dash,0.9,"Dec. 6 Sea King-St. John, N.B.-1,680 lds. fir deals and battens-Robinson, David, & Co."
18931216p.662_p001.txt,22,Sarmatia,Hudiksvall,BRISTOL,"41,899 fir deals and battens-Morris",Morris,6,Dec,1893,16,December,1893,True,standard_dash,0.9,"Dec. 6 Sarmatia (s)-Hudiksvall-41,899 fir deals and battens-Morris"
18931216p.662_p001.txt,23,Isbergues,Bayonne,BRISTOL,"1,250 lds. fir pitwood-A. Capelle",A. Capelle,6,Dec,1893,16,December,1893,False,standard_dash,0.9,"Dec. 6 Isbergues-Bayonne-1,250 lds. fir pitwood-A. Capelle"
18931216p.662_p001.txt,24,Atlantique,Bayonne,BRISTOL,"1,300 lds. fir pitwood-A. Capelle",A. Capelle,6,Dec,1893,16,December,1893,False,standard_dash,0.9,"Dec. 6 Atlantique-Bayonne-1,300 lds. fir pitwood-A. Capelle"
18931216p.662_p001.txt,25,Beaumur,Bordeaux,BRISTOL,"1,300 lds. fir pitwood-Simkin Bros.",Simkin Bros.,6,Dec,1893,16,December,1893,False,standard_dash,0.9,"Dec. 6 Beaumur-Bordeaux-1,300 lds. fir pitwood-Simkin Bros."
18931216p.662_p001.txt,26,Rowland,Bordeaux,BRISTOL,"1,000 lds. fir pitwood-Powley, Thomas, & Co.","Powley, Thomas, & Co.",6,Dec,1893,16,December,1893,True,standard_dash,0.9,"Dec. 6 Rowland (s)-Bordeaux-1,000 lds. fir pitwood-Powley, Thomas, & Co."
18931216p.662_p001.txt,27,Lyna,Quebec,BRISTOL,"100 lds. oak timber, 10 lds. birch hewn, 200 lds. fir hewn, 20 lds. elm hewn, 500 lds. fir sawn-J. Bland & Co.",J. Bland & Co.,6,Dec,1893,16,December,1893,False,standard_dash,0.9,"Dec. 6 Lyna-Quebec-100 lds. oak timber, 10 lds. birch hewn, 200 lds. fir hewn, 20 lds. elm hewn, 500 lds. fir sawn-J. Bland & Co."
18931216p.662_p001.txt,28,Columbus,"St. John, N.B.",BRISTOL,"2,227 lds. deals, battens, &c., 4 lds birch planks-Alexanders",Alexanders,7,Dec,1893,16,December,1893,False,standard_dash,0.9,"Dec. 7 Columbus-St. John, N.B.-2,227 lds. deals, battens, &c., 4 lds birch planks-Alexanders"
18931216p.662_p001.txt,29,Uhlenhorst,Bordeaux,BRISTOL,170 lds. fir pitwood-Simkin Bros.,Simkin Bros.,7,Dec,1893,16,December,1893,False,standard_dash,0.9,Dec. 7 Uhlenhorst-Bordeaux-170 lds. fir pitwood-Simkin Bros.
18931216p.662_p001.txt,30,Marie Stella,Arcachon,BRISTOL,"1,000 lds. fir pitwood",,7,Dec,1893,16,December,1893,False,standard_dash,0.9,"Dec. 7 Marie Stella-Arcachon-1,000 lds. fir pitwood-Order"
18931216p.662_p001.txt,31,Garrison,Elfrego,BRISTOL,"1,000 lds. fir pitwood-Powley, Thomas, & Co.","Powley, Thomas, & Co.",8,Dec,1893,16,December,1893,True,standard_dash,0.9,"Dec. 8 Garrison (s)-Elfrego-1,000 lds. fir pitwood-Powley, Thomas, & Co."
18931216p.662_p001.txt,32,Ely,Bordeaux,BRISTOL,"600 lds. fir pitwood-Hooper, Co.","Hooper, Co.",8,Dec,1893,16,December,1893,False,standard_dash,0.9,"Dec. 8 Ely-Bordeaux-600 lds. fir pitwood-Hooper, Co."
18931216p.662_p001.txt,33,Charlaw,Bordeaux,BRISTOL,"1,000 lds. fir pitwood-Powley, Thomas, & Co.","Powley, Thomas, & Co.",8,Dec,1893,16,December,1893,True,standard_dash,0.9,"Dec. 8 Charlaw (s)-Bordeaux-1,000 lds. fir pitwood-Powley, Thomas, & Co."
18931216p.662_p001.txt,34,Baron Hambro,Bordeaux,BRISTOL,"700 lds. fir pitwood-Powley, Thomas, & Co.","Powley, Thomas, & Co.",8,Dec,1893,16,December,1893,True,standard_dash,0.9,"Dec. 8 Baron Hambro (s)-Bordeaux-700 lds. fir pitwood-Powley, Thomas, & Co."
18931216p.662_p001.txt,35,Cory,Bordeaux,BRISTOL,"1,220 lds. fir pitwood-Simkin Bros.",Simkin Bros.,8,Dec,1893,16,December,1893,False,standard_dash,0.9,"Dec. 8 Cory-Bordeaux-1,220 lds. fir pitwood-Simkin Bros."
18931216p.662_p001.txt,38,Hiram,Sundswall,BRISTOL,60 lds. fir sawn-Fox,Fox,5,Dec,1893,16,December,1893,False,standard_dash,0.9,Dec. 5 Hiram-Sundswall-60 lds. fir sawn-Fox
18931216p.662_p001.txt,39,Edmund,Bjorneborg,BRISTOL,302 lds. fir staves-Harvey & Co.,Harvey & Co.,5,Dec,1893,16,December,1893,False,standard_dash,0.9,Dec. 5 Edmund-Bjorneborg-302 lds. fir staves-Harvey & Co.
18931216p.662_p001.txt,42,Anna,Kotka,BRISTOL,526 lds. fir staves-Bridge Cement Co.,Bridge Cement Co.,9,Dec,1893,16,December,1893,False,standard_dash,0.9,Dec. 9 Anna-Kotka-526 lds. fir staves-Bridge Cement Co.
18931216p.662_p001.txt,45,Albert,Soderhamn,STOCKTON,340 lds. fir deals and battens-J. Byers & Son,J. Byers & Son,5,Dec,1893,16,December,1893,False,standard_dash,1.0,Dec. 5 Albert-Soderhamn-340 lds. fir deals and battens-J. Byers & Son
18931216p.662_p001.txt,48,Lindholmen,Gothenburg,STOCKTON,"90 lds. fir deals and battens, 252 lds fir sleepers, 232 lds. fir props, 38 lds. fir rails-Lindsey & Hall",Lindsey & Hall,6,Dec,1893,16,December,1893,False,standard_dash,1.0,"Dec. 6 Lindholmen-Gothenburg-90 lds. fir deals and battens, 252 lds fir sleepers, 232 lds. fir props, 38 lds. fir rails-Lindsey & Hall"
18931216p.662_p001.txt,49,Laila,Gothenburg,STOCKTON,178 lds. sawn fir,,7,Dec,1893,16,December,1893,True,standard_dash,0.9,Dec. 7 Laila (s)-Gothenburg-178 lds. sawn fir-Order
18931216p.662_p001.txt,50,Mercaps,Gothenburg,STOCKTON,"28 lds. fir pit props, 38 lds sawn fir-T. Nicholson",T. Nicholson,7,Dec,1893,16,December,1893,False,standard_dash,0.9,"Dec. 7 Mercaps-Gothenburg-28 lds. fir pit props, 38 lds sawn fir-T. Nicholson"
18931216p.662_p001.txt,51,Wedworth,Gothenburg,STOCKTON,"32 lds. fir pit props, 12 lds. sawn fir-T. Nicholson",T. Nicholson,7,Dec,1893,16,December,1893,False,standard_dash,0.9,"Dec. 7 Wedworth-Gothenburg-32 lds. fir pit props, 12 lds. sawn fir-T. Nicholson"
18931216p.662_p001.txt,54,Oegir,Pictou,STOCKTON,"250 lds. sawn timber-Williams, Davies, & Co.","Williams, Davies, & Co.",5,Dec,1893,16,December,1893,False,standard_dash,0.9,"Dec. 5 Oegir-Pictou-250 lds. sawn timber-Williams, Davies, & Co."
18931216p.662_p001.txt,55,Delphine,La Rochelle,STOCKTON,"173 lds. fir props-Williams, Davies, & Co.","Williams, Davies, & Co.",5,Dec,1893,16,December,1893,False,standard_dash,0.9,"Dec. 5 Delphine-La Rochelle-173 lds. fir props-Williams, Davies, & Co."
18931216p.662_p001.txt,56,Angele,Auray,STOCKTON,160 lds. fir props-Williams,Williams,5,Dec,1893,16,December,1893,False,standard_dash,0.9,Dec. 5 Angele-Auray-160 lds. fir props-Williams
18931216p.662_p001.txt,57,Violetta,Bordeaux,STOCKTON,"165 lds. fir props-Williams, Davies, & Co.","Williams, Davies, & Co.",5,Dec,1893,16,December,1893,False,standard_dash,0.9,"Dec. 5 Violetta-Bordeaux-165 lds. fir props-Williams, Davies, & Co."
18931216p.662_p001.txt,58,Marie Anna,l'Orient,STOCKTON,155 lds. fir props-L. G. Monchel,L. G. Monchel,6,Dec,1893,16,December,1893,False,standard_dash,0.9,Dec. 6 Marie Anna-l'Orient-155 lds. fir props-L. G. Monchel
18931216p.662_p001.txt,59,Delphine,Hennebont,STOCKTON,"100 lds. fir hewn-Williams, Davies, & Co.","Williams, Davies, & Co.",6,Dec,1893,16,December,1893,False,standard_dash,0.9,"Dec. 6 Delphine-Hennebont-100 lds. fir hewn-Williams, Davies, & Co."
18931216p.662_p001.txt,60,Anna Marina,Auray,STOCKTON,"160 lds. pitwood-Watts, Ward, & Co.","Watts, Ward, & Co.",6,Dec,1893,16,December,1893,False,standard_dash,0.9,"Dec. 6 Anna Marina-Auray-160 lds. pitwood-Watts, Ward, & Co."
18931216p.662_p001.txt,61,Gotha,Bordeaux,STOCKTON,"560 lds. fir props-Williams, Davies, & Co.","Williams, Davies, & Co.",6,Dec,1893,16,December,1893,True,standard_dash,0.9,"Dec. 6 Gotha (s)-Bordeaux-560 lds. fir props-Williams, Davies, & Co."
18931216p.662_p001.txt,62,Pierre,l'Orient,STOCKTON,"175 lds. fir pitwood-E. Williams, Cook, & Co.","E. Williams, Cook, & Co.",6,Dec,1893,16,December,1893,False,standard_dash,0.9,"Dec. 6 St. Pierre-l'Orient-175 lds. fir pitwood-E. Williams, Cook, & Co."
18931216p.662_p001.txt,63,Madeline,Bordeaux,STOCKTON,"108 lds. fir pitwood-Williams, Davies, & Co.","Williams, Davies, & Co.",6,Dec,1893,16,December,1893,False,standard_dash,0.9,"Dec. 6 Madeline-Bordeaux-108 lds. fir pitwood-Williams, Davies, & Co."
18931216p.662_p001.txt,64,Marianne,Auray,STOCKTON,165 lds. fir pit props-W. Perch & Co.,W. Perch & Co.,6,Dec,1893,16,December,1893,False,standard_dash,0.9,Dec. 6 Marianne-Auray-165 lds. fir pit props-W. Perch & Co.
18931216p.662_p001.txt,67,Viking,Gothenburg,TYNE,"360 lds. pit props, 65 lds. sleepers, 20 lds. splits, 1 ld. oars",,5,Dec,1893,16,December,1893,True,standard_dash,1.0,"Dec. 5 Viking (s)-Gothenburg-360 lds. pit props, 65 lds. sleepers, 20 lds. splits, 1 ld. oars-Order"
18931216p.662_p001.txt,68,Karin,Halmstad,TYNE,240 lds. pit props,,5,Dec,1893,16,December,1893,True,standard_dash,1.0,Dec. 5 Karin (s)-Halmstad-240 lds. pit props-Order
18931216p.662_p001.txt,69,Kronen,Fredrikshavn,TYNE,8 casks staves,,5,Dec,1893,16,December,1893,True,standard_dash,1.0,Dec. 5 Kronen (s)-Fredrikshavn-8 casks staves-Order
18931216p.662_p001.txt,70,Kirkworth,Hamburg,TYNE,3 cases mouldings-Tyne Steamship Co.,Tyne Steamship Co.,5,Dec,1893,16,December,1893,True,standard_dash,1.0,Dec. 5 Kirkworth (s)-Hamburg-3 cases mouldings-Tyne Steamship Co.
18931216p.662_p001.txt,71,Ormston,Rotterdam,TYNE,"1 case gilt mouldings, 4,152 blds. hoops-Tyne Steamship Co.",Tyne Steamship Co.,5,Dec,1893,16,December,1893,True,standard_dash,0.9,"Dec. 5 Ormston (s)-Rotterdam-1 case gilt mouldings, 4,152 blds. hoops-Tyne Steamship Co."
18931216p.662_p001.txt,72,Herrik,Gothenburg,TYNE,"1,000 boards, 150 poles, 650 doors, 5,480 battens-J. Scott",J. Scott,5,Dec,1893,16,December,1893,True,standard_dash,0.9,"Dec. 5 Herrik (s)-Gothenburg-1,000 boards, 150 poles, 650 doors, 5,480 battens-J. Scott"
18931216p.662_p001.txt,76,Lord Londonderry,Baltimore,TYNE,23 lds. fir planks-T. Dixon & Sons,T. Dixon & Sons,5,Dec,1893,16,December,1893,False,standard_dash,0.9,Dec. 5 Lord Londonderry-Baltimore-23 lds. fir planks-T. Dixon & Sons
18931216p.662_p001.txt,79,Endrick,"St. John, N.B.",TYNE,577 lds. fir deals-H. & T. Bellas,H. & T. Bellas,5,Dec,1893,16,December,1893,False,standard_dash,0.9,"Dec. 5 Endrick-St. John, N.B.-577 lds. fir deals-H. & T. Bellas"
18931216p.662_p001.txt,82,George,St. Etienne,CORK,"1,320 lds. fir sawn-J. Eustace & Co.",J. Eustace & Co.,5,Dec,1893,16,December,1893,False,standard_dash,0.9,"Dec. 5 George-St. Etienne-1,320 lds. fir sawn-J. Eustace & Co."
18931216p.662_p001.txt,85,Elsie,Bersimis,DUBLIN,"39,949 deals and ends-Martin & Co.",Martin & Co.,7,Dec,1893,16,December,1893,False,standard_dash,0.9,"Dec. 7 Elsie-Bersimis-39,949 deals and ends-Martin & Co."
18931216p.662_p001.txt,88,Westmoreland,New Brunswick,NEWRY,"26,202 pcs. fir sawn-W. F. Redmond & Co.",W. F. Redmond & Co.,11,Dec,1893,16,December,1893,False,standard_dash,1.0,"Dec. 11 Westmoreland-New Brunswick-26,202 pcs. fir sawn-W. F. Redmond & Co."
18931216p.662_p001.txt,91,Thyra,Quebec,NEWRY,920 lds. fir deals-Cox,Cox,9,Dec,1893,16,December,1893,False,standard_dash,1.0,Dec. 9 Thyra-Quebec-920 lds. fir deals-Cox
18931216p.662_p001.txt,94,Sovereign,"St. John, N.B.",WEXFORD,"832 lds. fir timber sawn, 4 lds. lathwood, 2 lds. birch timber, 4 lds. fir timber hewn-H. A. Ennis",H. A. Ennis,4,Dec,1893,16,December,1893,False,standard_dash,1.0,"Dec. 4 Sovereign-St. John, N.B.-832 lds. fir timber sawn, 4 lds. lathwood, 2 lds. birch timber, 4 lds. fir timber hewn-H. A. Ennis"
18931216p.662_p001.txt,98,Bien,Halmstad,WEXFORD,160 lds. fir props-H. Moller,H. Moller,4,Dec,1893,16,December,1893,False,condensed,0.9,Bien-Halmstad-160 lds. fir props-H. Moller
18931216p.662_p001.txt,99,Pluto,Halmstad,WEXFORD,284 lds. fir pitwood-W. Pearson & Co.,W. Pearson & Co.,4,Dec,1893,16,December,1893,True,condensed,0.9,Pluto (s)-Halmstad-284 lds. fir pitwood-W. Pearson & Co.
18931216p.662_p001.txt,100,Hugin,Fredrikshald,WEXFORD,"82 lds. birch props, 258 lds. hewn fir, 240 lds. sawn fir-T. Barraclough",T. Barraclough,4,Dec,1893,16,December,1893,False,condensed,0.9,"Hugin-Fredrikshald-82 lds. birch props, 258 lds. hewn fir, 240 lds. sawn fir-T. Barraclough"
18931216p.662_p001.txt,101,Munroe,Sundswall,WEXFORD,"680 lds. fir deals, battens, and boards-J. Griggs & Co.",J. Griggs & Co.,6,Dec,1893,16,December,1893,False,standard_dash,0.9,"Dec. 6 Munroe-Sundswall-680 lds. fir deals, battens, and boards-J. Griggs & Co."
18931216p.662_p001.txt,102,Revolving Light,Pensacola,WEXFORD,"1,511 lds. sawn fir, 36 lds. fir deals-Harrison & Singleton",Harrison & Singleton,7,Dec,1893,16,December,1893,False,standard_dash,0.9,"Dec. 7 Revolving Light-Pensacola-1,511 lds. sawn fir, 36 lds. fir deals-Harrison & Singleton"
18931216p.662_p001.txt,103,Kinloch,Riga,WEXFORD,"1,688 lds. fir sleeper blocks, 240 lds. fir half-sleepers-C. Calder & Co.",sleepers-C. Calder & Co.,7,Dec,1893,16,December,1893,True,condensed,0.9,"Kinloch (s)-Riga-1,688 lds. fir sleeper blocks, 240 lds. fir half-sleepers-C. Calder & Co."
18931216p.662_p001.txt,104,Anna,Kalmar,WEXFORD,150 lds. poles-G. Pyman & Co.,G. Pyman & Co.,7,Dec,1893,16,December,1893,False,condensed,0.9,Anna-Kalmar-150 lds. poles-G. Pyman & Co.
18931216p.662_p001.txt,108,Cato,Torefors,WEXFORD,170 fms. firewood,,9,Dec,1893,16,December,1893,False,standard_dash,0.9,Dec. 9 Cato-Torefors-170 fms. firewood-Order
18931216p.662_p001.txt,109,Romeo,Gothenburg,WEXFORD,"9,000 sleepers, 7,663 bdls. laths, 5,657 props",,11,Dec,1893,16,December,1893,True,standard_dash,0.9,"Dec. 11 Romeo (s)-Gothenburg-9,000 sleepers, 7,663 bdls. laths, 5,657 props-Order"
18931216p.662_p001.txt,110,Marengo,New York,WEXFORD,883 doors,,11,Dec,1893,16,December,1893,True,condensed,0.9,Marengo (s)-New York-883 doors-Order
18931216p.662_p001.txt,113,Brio,Helsingfors,QUEEN'S DOCK,"9,421 deals, battens, and boards",,11,Dec,1893,16,December,1893,False,standard_dash,1.0,"Dec. 11 Brio-Helsingfors-9,421 deals, battens, and boards-Order"
18931216p.662_p001.txt,117,Germanio,New York,LIVERPOOL,600 bdls. staves-H. Hay,H. Hay,8,Dec,1893,16,December,1893,True,standard_dash,0.9,Dec. 8 Germanio (s)-New York-600 bdls. staves-H. Hay
18931216p.662_p001.txt,118,Georgian,Boston,LIVERPOOL,"7,200 hhd. staves-Drysdale Bros.",Drysdale Bros.,9,Dec,1893,16,December,1893,True,standard_dash,0.9,"Dec. 9 Georgian (s)-Boston-7,200 hhd. staves-Drysdale Bros."
18931216p.662_p001.txt,119,Cambroman,Boston,LIVERPOOL,"9,600 brl. staves-Farnworth & Jardine",Farnworth & Jardine,9,Dec,1893,16,December,1893,True,condensed,0.9,"Cambroman (s)-Boston-9,600 brl. staves-Farnworth & Jardine"
18931216p.662_p001.txt,120,Michigan,Boston,LIVERPOOL,"12,000 staves-Farnworth & Jardine",Farnworth & Jardine,12,Dec,1893,16,December,1893,True,standard_dash,0.9,"Dec. 12 Michigan (s)-Boston-12,000 staves-Farnworth & Jardine"
18931216p.662_p001.txt,123,Grange,Riga,LIVERPOOL,"12,630 red fir sleepers-R. Grandidge",R. Grandidge,13,Dec,1893,16,December,1893,True,standard_dash,0.9,"Dec. 13 Grange (s)-Riga-12,630 red fir sleepers-R. Grandidge"
18931216p.662_p001.txt,126,Mattbanja,Soroka,LIVERPOOL,"12,821 deals and boards",,7,Dec,1893,16,December,1893,False,standard_dash,0.9,"Dec. 7 Mattbanja-Soroka-12,821 deals and boards-Order"
18931216p.662_p001.txt,127,Narwhal,"St. John, N.B.",LIVERPOOL,"20,182 deals and battens, 3,721 deal ends, 1,267 spruce deals, 3,114 spruce ends, 1,188 pcs. birch-A. F. & D. Mackay",A. F. & D. Mackay,11,Dec,1893,16,December,1893,False,standard_dash,0.9,"Dec. 11 Narwhal-St. John, N.B.-20,182 deals and battens, 3,721 deal ends, 1,267 spruce deals, 3,114 spruce ends, 1,188 pcs. birch-A. F. & D. Mackay"
18931216p.662_p001.txt,128,Trojan,"St. John, N.B.",LIVERPOOL,"52,883 deals and ends, 3,178 deal ends",,12,Dec,1893,16,December,1893,False,standard_dash,0.9,"Dec. 12 Trojan-St. John, N.B.-52,883 deals and ends, 3,178 deal ends-Order"
18931216p.662_p001.txt,129,Avon,"St. John, N.B.",LIVERPOOL,"43,622 deals and ends, 1,637 scantlings, 6,076 deal ends, 3,168 boards, 168 birch ends, 654 birch planks",,12,Dec,1893,16,December,1893,False,condensed,0.9,"Avon-St. John, N.B.-43,622 deals and ends, 1,637 scantlings, 6,076 deal ends, 3,168 boards, 168 birch ends, 654 birch planks-Order"
18931216p.662_p001.txt,132,Cito,"Bathurst, N.B.",LIVERPOOL,"18,589 deals and boards, 1,433 ends",,11,Dec,1893,16,December,1893,False,standard_dash,0.9,"Dec. 11 Cito-Bathurst, N.B.-18,589 deals and boards, 1,433 ends-Order"
18931216p.662_p001.txt,135,Borghild,Drammen,LIVERPOOL,"52,913 boards",,7,Dec,1893,16,December,1893,False,standard_dash,0.9,"Dec. 7 Borghild-Drammen-52,913 boards-Order"
18931216p.662_p001.txt,138,Ceres,"St. John, N.B.",LIVERPOOL,"25,803 deals and battens, 2,636 scantlings, 7,211 deal ends, 2,676 boards-Farnworth & Jardine",Farnworth & Jardine,11,Dec,1893,16,December,1893,False,standard_dash,0.9,"Dec. 11 Ceres-St. John, N.B.-25,803 deals and battens, 2,636 scantlings, 7,211 deal ends, 2,676 boards-Farnworth & Jardine"
18931216p.662_p001.txt,139,Rhyl,"St. John, N.B.",LIVERPOOL,"21,489 deals and battens, 3,012 scantlings, 6,652 deal ends, 3,127 boards, 142 birch planks, 13 birch ends-Farnworth & Jardine",Farnworth & Jardine,12,Dec,1893,16,December,1893,True,standard_dash,0.9,"Dec. 12 Rhyl (s)-St. John, N.B.-21,489 deals and battens, 3,012 scantlings, 6,652 deal ends, 3,127 boards, 142 birch planks, 13 birch ends-Farnworth & Jardine"
18931216p.662_p001.txt,142,Ceres,Kragero,LIVERPOOL,199 lds. props-Thomas,Thomas,5,Dec,1893,16,December,1893,False,standard_dash,0.9,Dec. 5 Ceres-Kragero-199 lds. props-Thomas
18931216p.662_p001.txt,143,Paul,Bordeaux,LIVERPOOL,183 lds. hewn fir-Hogg,Hogg,7,Dec,1893,16,December,1893,False,standard_dash,0.9,Dec. 7 St. Paul-Bordeaux-183 lds. hewn fir-Hogg
18931216p.662_p001.txt,147,Baltzar von Platen,Sundswall,LONDON,"70,955 boards, 5,296 deals and battens",,7,Dec,1893,16,December,1893,True,standard_dash,0.9,"Dec. 7 Baltzar von Platen (s)-Sundswall-70,955 boards, 5,296 deals and battens-Order"
18931216p.662_p001.txt,148,Allegro,Stockholm,LONDON,"550 doors, 420 deals, 488 bdls. mouldings from Gefle-8,414 doz. boards-Order",,7,Dec,1893,16,December,1893,True,condensed,0.9,"Allegro (s)-Stockholm-550 doors, 420 deals, 488 bdls. mouldings-Order; from Gefle-8,414 doz. boards-Order"
18931216p.662_p001.txt,149,Hungarian,Nyhamn,LONDON,"32,381 deals, battens, and boards",,7,Dec,1893,16,December,1893,True,condensed,0.9,"Hungarian (s)-Nyhamn-32,381 deals, battens, and boards-Order"
18931216p.662_p001.txt,150,Erling,Saguenay,LONDON,"30,126 deals, 6,059 deal ends 2,403 pcs. 3+11 spruce-Meredith Brothers",,8,Dec,1893,16,December,1893,False,standard_dash,0.9,"Dec. 8 Erling-Saguenay-30,126 deals, 6,059 deal ends-Order; 2,403 pcs. 3+11 spruce-Meredith Brothers"
18931216p.662_p001.txt,151,Milan,Gefle,LONDON,"31,577 deals and battens",,8,Dec,1893,16,December,1893,True,condensed,0.9,"Milan (s)-Gefle-31,577 deals and battens-Order"
18931216p.662_p001.txt,152,Norse King,Montreal,LONDON,"43,660 deals",,9,Dec,1893,16,December,1893,True,standard_dash,0.9,"Dec. 9 Norse King (s)-Montreal-43,660 deals-Order"
18931216p.662_p001.txt,153,White Rose,Metis,LONDON,"41,540 deals, 2,431 deal ends-Meredith Brothers",Meredith Brothers,9,Dec,1893,16,December,1893,False,standard_dash,0.9,"Dec. 9 White Rose-Metis-41,540 deals, 2,431 deal ends-Meredith Brothers"
18931216p.662_p001.txt,154,State of Alabama,Montreal,LONDON,"3,868 ends, 3,326 deals",,11,Dec,1893,16,December,1893,True,standard_dash,0.9,"Dec. 11 State of Alabama (s)-Montreal-3,868 ends, 3,326 deals-Order"
18931216p.662_p001.txt,155,Arla,Hudikswall,LONDON,"50,464 pcs. timber",,11,Dec,1893,16,December,1893,True,condensed,0.9,"Arla (s)-Hudikswall-50,464 pcs. timber-Order"
18931216p.662_p001.txt,156,Louisiana,Montreal,LONDON,"1,202 deals from Quebec-6,661 deals, 16 ends-Order",,11,Dec,1893,16,December,1893,True,condensed,0.9,"Louisiana (s)-Montreal-1,202 deals-Order; from Quebec-6,661 deals, 16 ends-Order"
18931216p.662_p001.txt,157,Aline,Swartvik,LONDON,603 stds. deals and boards,,11,Dec,1893,16,December,1893,True,condensed,0.9,Aline (s)-Swartvik-603 stds. deals and boards-Order
18931216p.662_p001.txt,158,Avena,Uddevalla,LONDON,"423 bdls. mouldings, 1,265 doors-S. Brown",S. Brown,12,Dec,1893,16,December,1893,True,standard_dash,0.9,"Dec. 12 Avena (s)-Uddevalla-423 bdls. mouldings, 1,265 doors-S. Brown"
18931216p.662_p001.txt,159,Arizona,Quebec,LONDON,"40,863 deals, 3,332 ends",,12,Dec,1893,16,December,1893,False,condensed,0.9,"Arizona-Quebec-40,863 deals, 3,332 ends-Order"
18931216p.662_p001.txt,162,Thorsten,Gothenburg,LONDON,"263 doz. battens-May & Son 300 doors, 7 bdls. trellis-Crow, Son, & Co.; 666 bdls. mouldings, 190 bdls. skirtings-Crow & Sons",May & Son,11,Dec,1893,16,December,1893,True,standard_dash,0.9,"Dec. 11 Thorsten (s)-Gothenburg-263 doz. battens-May & Son; 300 doors, 7 bdls. trellis-Crow, Son, & Co.; 666 bdls. mouldings, 190 bdls. skirtings-Crow & Sons"
18931216p.662_p001.txt,165,Minnesota,Baltimore,TILBURY DOCKS,"1 car lumber-C. Leary & Co. 1,113 pcs. lumber-C. R. Light; 467 pcs. and bdls. lumber-Mallinson & Co.; 3,647 pcs. lumber-G. Becker",C. Leary & Co.,11,Dec,1893,16,December,1893,True,standard_dash,1.0,"Dec. 11 Minnesota (s)-Baltimore-1 car lumber-C. Leary & Co.; 1,113 pcs. lumber-C. R. Light; 467 pcs. and bdls. lumber-Mallinson & Co.; 3,647 pcs. lumber-G. Becker"
18931216p.662_p001.txt,171,Martello,New York,LONDON (TILBURY DOCKS),"1,100 bdls. staves",,11,Dec,1893,16,December,1893,True,standard_dash,0.9,"Dec. 11 Martello (s)-New York-1,100 bdls. staves-Order"
18931216p.662_p001.txt,175,Nomadic,New York,LIVERPOOL,460 logs maple,,7,Dec,1893,16,December,1893,True,standard_dash,0.9,Dec. 7 Nomadic (s)-New York-460 logs maple-Order
18931216p.662_p001.txt,176,Virginian,Newport News,LIVERPOOL,"1,200 pcs. lignum vitæ-Churchill & Sim",Churchill & Sim,8,Dec,1893,16,December,1893,True,standard_dash,0.9,"Dec. 8 Virginian (s)-Newport News-1,200 pcs. lignum vitæ-Churchill & Sim"
18931216p.662_p001.txt,177,Baltimore,Norfolk,LIVERPOOL,"1,200 pcs. lignum vitæ",,9,Dec,1893,16,December,1893,True,standard_dash,0.9,"Dec. 9 Baltimore (s)-Norfolk-1,200 pcs. lignum vitæ-Order"
18931216p.662_p001.txt,180,Prince Rupert,"St. John, N.B.",LIVERPOOL,"1,000 pcs. birch and cedar-P. L. Chaloner & Co.",P. L. Chaloner & Co.,7,Dec,1893,16,December,1893,True,standard_dash,0.9,"Dec. 7 Prince Rupert (s)-St. John, N.B.-1,000 pcs. birch and cedar-P. L. Chaloner & Co."
18931216p.662_p001.txt,181,Bianca Aspasia,"St. John, N.B.",LIVERPOOL,"1,000 pcs. lignum 1,000 pcs. lignum-vitæ-Order",,9,Dec,1893,16,December,1893,True,standard_dash,0.9,"Dec. 9 Bianca Aspasia (s)-St. John, N.B.-1,000 pcs. lignum-vite, 1,000 pcs. birch-P. L. Chaloner & Co.; 1,000 pcs. lignum-vitæ-Order"
18931216p.662_p001.txt,184,Sheikh,New Orleans,LIVERPOOL,"3,000 pcs. oak, 217 logs hickory, 1,000 pcs. persimmon, 1,943 pcs. persimmon, 1,000 pcs. persimmon boards",,8,Dec,1893,16,December,1893,True,standard_dash,0.9,"Dec. 8 Sheikh (s)-New Orleans-3,000 pcs. oak, 217 logs hickory, 1,000 pcs. persimmon, 1,943 pcs. persimmon, 1,000 pcs. persimmon boards-Order"
18931216p.662_p001.txt,185,Queen Margaret,New Orleans,LIVERPOOL,"1,000 pcs. oak, 13 logs poplar, 1,000 pcs. persimmon",,12,Dec,1893,16,December,1893,True,standard_dash,0.9,"Dec. 12 Queen Margaret (s)-New Orleans-1,000 pcs. oak, 13 logs poplar, 1,000 pcs. persimmon-Order"
18931216p.662_p001.txt,188,Rossmore,New York,LIVERPOOL,"1,000 pcs. oak planks, 1,605 pcs. oak boards-Farnworth & Jardine 1,675 pcs. oak boards, 74 pcs. oak-Order",Farnworth & Jardine,12,Dec,1893,16,December,1893,True,standard_dash,0.9,"Dec. 12 Rossmore (s)-New York-1,000 pcs. oak planks, 1,605 pcs. oak boards-Farnworth & Jardine; 1,675 pcs. oak boards, 74 pcs. oak-Order"
18931216p.662_p001.txt,191,Norfolk,Newport News,LIVERPOOL,"1,000 pcs. staves",,11,Dec,1893,16,December,1893,True,standard_dash,0.9,"Dec. 11 Norfolk (s)-Newport News-1,000 pcs. staves-Order"
18931216p.662_p001.txt,194,Chickahominy,Newport News,LIVERPOOL,"1,828 pcs. lumber",,11,Dec,1893,16,December,1893,True,standard_dash,0.9,"Dec. 11 Chickahominy (s)-Newport News-1,828 pcs. lumber-Order"
18931216p.662_p002.txt,5,Agder,Skien,LIVERPOOL,140 lds. hewn fir-W. J. Watson & Co.,W. J. Watson & Co.,5,Dec,1893,16,December,1893,True,standard_dash,0.9,Dec. 5 Agder (s)-Skien-140 lds. hewn fir-W. J. Watson & Co.
18931216p.662_p002.txt,6,Soblomsten,Arendal,LIVERPOOL,"270 lds. fir mining timber, 10 lds. fir props-C. Calder & Co.",C. Calder & Co.,5,Dec,1893,16,December,1893,False,condensed,0.9,"7 Soblomsten Arendal-270 lds. fir mining timber, 10 lds. fir props-C. Calder & Co."
18931216p.662_p002.txt,9,Boileau,Bordeaux,NEWPORT,"1,600 lds. fir pitwood-Newport Pitwood Co.",Newport Pitwood Co.,5,Dec,1893,16,December,1893,True,standard_dash,1.0,"Dec. 5 Boileau (s)-Bordeaux-1,600 lds. fir pitwood-Newport Pitwood Co."
18931216p.662_p002.txt,10,Cap,Tvedestrand,NEWPORT,"480 lds. hewn fir-R. Gething, jun., & Co.","R. Gething, jun., & Co.",5,Dec,1893,16,December,1893,False,condensed,1.0,"Cap-Tvedestrand-480 lds. hewn fir-R. Gething, jun., & Co."
18931216p.662_p002.txt,11,Goldcliffe,Bayonne,NEWPORT,"1,200 lds. fir pitwood-Newport Pitwood Co.",Newport Pitwood Co.,7,Dec,1893,16,December,1893,False,condensed,1.0,"7 Goldcliffe-Bayonne-1,200 lds. fir pitwood-Newport Pitwood Co."
18931216p.662_p002.txt,12,Naja,Danzig,NEWPORT,"384 lds. fir crossings, 151 lds. fir sleeper blocks, 22 lds. fir sleepers-Burt",Burt,5,Dec,1893,16,December,1893,False,condensed,1.0,"Naja-Danzig-384 lds. fir crossings, 151 lds. fir sleeper blocks, 22 lds. fir sleepers-Burt"
18931216p.662_p002.txt,13,Thomas Coats,Bordeaux,NEWPORT,"1,050 lds. hewn fir-Newport Pitwood Co.",Newport Pitwood Co.,5,Dec,1893,16,December,1893,True,condensed,0.9,"Thomas Coats (s)-Bordeaux-1,050 lds. hewn fir-Newport Pitwood Co."
18931216p.662_p002.txt,14,Duquesne,Redon,NEWPORT,180 lds. fir pitwood-Watts,Watts,8,Dec,1893,16,December,1893,False,condensed,0.9,8 Duquesne-Redon-180 lds. fir pitwood-Watts
18931216p.662_p002.txt,15,Prinz Regent,Bordeaux,NEWPORT,560 lds. fir pitwood-Simkin Bros.,Simkin Bros.,9,Dec,1893,16,December,1893,False,condensed,0.9,9 Prinz Regent-Bordeaux-560 lds. fir pitwood-Simkin Bros.
18931216p.662_p002.txt,16,Patrator,Hennebout,NEWPORT,"351 lds. fir pitwood-Watts, Watts & Co.","Watts, Watts & Co.",11,Dec,1893,16,December,1893,False,condensed,0.9,"11 Patrator-Hennebout-351 lds. fir pitwood-Watts, Watts & Co."
18931216p.662_p002.txt,19,Hiram,Sundswall,NEWPORT,"60 lds. fir sawn-Fox, Harvey & Co.","Fox, Harvey & Co.",5,Dec,1893,16,December,1893,False,standard_dash,0.9,"Dec. 5 Hiram-Sundswall-60 lds. fir sawn-Fox, Harvey & Co."
18931216p.662_p002.txt,20,Anna,Bjorneborg,NEWPORT,302 lds. fir staves-Harvey & Co.,Harvey & Co.,9,Dec,1893,16,December,1893,False,standard_dash,0.9,Dec. 9 Anna-Bjorneborg-302 lds. fir staves-Harvey & Co.
18931216p.662_p002.txt,26,Albert,Soderhamn,STOCKTON,340 lds. fir deals and battens-J. Byers & Son.,J. Byers & Son.,5,Dec,1893,16,December,1893,False,standard_dash,1.0,Dec. 5 Albert-Soderhamn-340 lds. fir deals and battens-J. Byers & Son.
18931216p.662_p002.txt,29,Lindholmen,Gothenburg,STOCKTON,"90 lds. fir deals and battens, 252 lds. fir sleepers, 232 lds. fir props, 38 lds. fir rails-Lindsey & Hall.",Lindsey & Hall.,6,Dec,1893,16,December,1893,False,standard_dash,1.0,"Dec. 6 Lindholmen-Gothenburg-90 lds. fir deals and battens, 252 lds. fir sleepers, 232 lds. fir props, 38 lds. fir rails-Lindsey & Hall."
18931216p.662_p002.txt,30,Octa,Gothenburg,STOCKTON,178 lds. sawn fir,,6,Dec,1893,16,December,1893,True,condensed,0.9,Octa (s)-Gothenburg-178 lds. sawn fir-Order
18931216p.662_p002.txt,31,Ottercaps,Gothenburg,STOCKTON,"28 lds. fir pit props, 88 lds. sawn fir-T. Nicholson.",T. Nicholson.,6,Dec,1893,16,December,1893,False,condensed,0.9,"Ottercaps-Gothenburg-28 lds. fir pit props, 88 lds. sawn fir-T. Nicholson."
18931216p.662_p002.txt,32,Hedworth,Gothenburg,STOCKTON,"32 lds. fir pit props, 112 lds. sawn fir-T. Nicholson.",T. Nicholson.,1,Dec,1893,16,December,1893,False,condensed,0.9,"1 Hedworth-Gothenburg-32 lds. fir pit props, 112 lds. sawn fir-T. Nicholson."
18931216p.662_p002.txt,35,Oegir,Pictou,STOCKTON,"250 lds. sawn timber-Williams, Davies, & Co.","Williams, Davies, & Co.",5,Dec,1893,16,December,1893,False,standard_dash,0.9,"Dec. 5 Oegir-Pictou-250 lds. sawn timber-Williams, Davies, & Co."
18931216p.662_p002.txt,36,Delphine,La Rochelle,STOCKTON,"173 lds. fir props-Williams, Davies, & Co.","Williams, Davies, & Co.",5,Dec,1893,16,December,1893,False,condensed,0.9,"Delphine-La Rochelle-173 lds. fir props-Williams, Davies, & Co."
18931216p.662_p002.txt,37,Angele,Auray,STOCKTON,160 lds. fir props-Williams.,Williams.,5,Dec,1893,16,December,1893,False,condensed,0.9,Angele-Auray-160 lds. fir props-Williams.
18931216p.662_p002.txt,38,Violetta,Bordeaux,STOCKTON,"165 lds. fir props-Williams, Davies, & Co.","Williams, Davies, & Co.",5,Dec,1893,16,December,1893,False,condensed,0.9,"Violetta-Bordeaux-165 lds. fir props-Williams, Davies, & Co."
18931216p.662_p002.txt,39,Marie Anna,l'Orient,STOCKTON,155 lds. fir props-L. G. Mouchel.,L. G. Mouchel.,5,Dec,1893,16,December,1893,False,condensed,0.9,Marie Anna-l'Orient-155 lds. fir props-L. G. Mouchel.
18931216p.662_p002.txt,40,Orphelie,Hennebont,STOCKTON,100 lds. fir hewn-Perch & Co.,Perch & Co.,5,Dec,1893,16,December,1893,False,condensed,0.9,Orphelie-Hennebont-100 lds. fir hewn-Perch & Co.
18931216p.662_p002.txt,41,Anna Maria,Auray,STOCKTON,160 lds. pitwood-Watts.,Watts.,5,Dec,1893,16,December,1893,False,condensed,0.9,Anna Maria-Auray-160 lds. pitwood-Watts.
18931216p.662_p002.txt,42,Bertha,Bordeaux,STOCKTON,"560 lds. fir props-Williams, Davies, & Co.","Williams, Davies, & Co.",5,Dec,1893,16,December,1893,True,condensed,0.9,"Bertha (s)-Bordeaux-560 lds. fir props-Williams, Davies, & Co."
18931216p.662_p002.txt,43,Deux Pierre,l'Orient,STOCKTON,"175 lds. fir pitwood-E. Williams, Cook & Co.","E. Williams, Cook & Co.",5,Dec,1893,16,December,1893,False,condensed,0.9,"Deux Pierre-l'Orient-175 lds. fir pitwood-E. Williams, Cook & Co."
18931216p.662_p002.txt,44,Madeline,Bordeaux,STOCKTON,"108 lds. fir pitwood-Williams, Davies, & Co.","Williams, Davies, & Co.",5,Dec,1893,16,December,1893,False,condensed,0.9,"Madeline-Bordeaux-108 lds. fir pitwood-Williams, Davies, & Co."
18931216p.662_p002.txt,45,Emilianne,Auray,STOCKTON,165 lds. fir props-W. Perch & Co.,W. Perch & Co.,5,Dec,1893,16,December,1893,False,condensed,0.9,Emilianne-Auray-165 lds. fir props-W. Perch & Co.
18931216p.662_p002.txt,48,Viking,Gothenburg,TYNE,"360 lds. pit props, 85 lds. sleepers, 20 lds. splits, 1 ld. oars-Order.",Order.,5,Dec,1893,16,December,1893,True,standard_dash,1.0,"Dec. 5 Viking (s)-Gothenburg-360 lds. pit props, 85 lds. sleepers, 20 lds. splits, 1 ld. oars-Order."
18931216p.662_p002.txt,49,Harin,Halmstad,TYNE,240 lds. pit props-Order.,Order.,5,Dec,1893,16,December,1893,True,condensed,1.0,Harin (s)-Halmstad-240 lds. pit props-Order.
18931216p.662_p002.txt,50,Kronen,Fredrikshavn,TYNE,8 casks staves-Order.,Order.,5,Dec,1893,16,December,1893,True,condensed,1.0,Kronen (s)-Fredrikshavn-8 casks staves-Order.
18931216p.662_p002.txt,51,Warkworth,Hamburg,TYNE,3 cases mouldings-Tynut Steamship Co.,Tynut Steamship Co.,5,Dec,1893,16,December,1893,True,condensed,1.0,Warkworth (s)-Hamburg-3 cases mouldings-Tynut Steamship Co.
18931216p.662_p002.txt,52,John Ormston,Rotterdam,TYNE,"1 case gilt mouldings, 4,152 blds. hoops-Tyne Steamship Co.",Tyne Steamship Co.,5,Dec,1893,16,December,1893,True,condensed,0.9,"John Ormston (s)-Rotterdam-1 case gilt mouldings, 4,152 blds. hoops-Tyne Steamship Co."
18931216p.662_p002.txt,53,Orrik,Gothenburg,TYNE,"1,000 boards, 120 poles, 650 doors, 5,480 battens-J. Scott.",J. Scott.,5,Dec,1893,16,December,1893,True,condensed,0.9,"Orrik (s)-Gothenburg-1,000 boards, 120 poles, 650 doors, 5,480 battens-J. Scott."
18931216p.662_p002.txt,57,Lord Londonderry,Baltimore,TYNE,23 lds. fir planks-T. Dixon & Sons.,T. Dixon & Sons.,5,Dec,1893,16,December,1893,False,standard_dash,0.9,Dec. 5 Lord Londonderry-Baltimore-23 lds. fir planks-T. Dixon & Sons.
18931216p.662_p002.txt,60,Endrick St.,"John, N.B.",TYNE,577 lds. fir & deals-H. & T. Bellas.,H. & T. Bellas.,4,Dec,1893,16,December,1893,False,standard_dash,0.9,"Dec. 4 Endrick St. John, N.B.-577 lds. fir & deals-H. & T. Bellas."
18931216p.662_p002.txt,63,George,St. Etienne,CORK,"1,320 lds. fir sawn-J. J. Eustace & Co.",J. J. Eustace & Co.,5,Dec,1893,16,December,1893,False,standard_dash,0.9,"Dec. 5 George-St. Etienne-1,320 lds. fir sawn-J. J. Eustace & Co."
18931216p.662_p002.txt,66,Blair,Betsimis,DUBLIN,"32,949 deals and ends-M. Martin & Co.",M. Martin & Co.,7,Dec,1893,16,December,1893,False,standard_dash,0.9,"Dec. 7 Blair-Betsimis-32,949 deals and ends-M. Martin & Co."
18931216p.662_p002.txt,69,Westmoreland,New Brunswick,NEWRY,"26,592 fir sawn-W. F. Redmond & Co.",W. F. Redmond & Co.,11,Dec,1893,16,December,1893,False,standard_dash,1.0,"Dec. 11 Westmoreland-New Brunswick-26,592 fir sawn-W. F. Redmond & Co."
18931216p.662_p002.txt,72,Thyra,Quebec,NEWRY,490 lds. fir deals-Giles.,Giles.,11,Dec,1893,16,December,1893,False,condensed,1.0,Thyra-Quebec-490 lds. fir deals-Giles.
18931216p.662_p002.txt,75,Sovereign,"St. John, N.B.",WEXFORD,"532 lds. fir timber sawn, 4 lds. lathwood, 2 lds. birch timber, 4 lds. fir timber hewn-H. & A. Rowe.",H. & A. Rowe.,4,Dec,1893,16,December,1893,False,standard_dash,1.0,"Dec. 4 Sovereign-St. John, N.B.-532 lds. fir timber sawn, 4 lds. lathwood, 2 lds. birch timber, 4 lds. fir timber hewn-H. & A. Rowe."
18931216p.662_p002.txt,82,Martell,New York,WEXFORD,"1,452 pcs. oak-Order.",Order.,11,Dec,1893,16,December,1893,True,standard_dash,0.9,"Dec. 11 Martell (s)-New York-1,452 pcs. oak-Order."
18931216p.662_p002.txt,86,Nomadic,New York,LIVERPOOL,520 pcs. lignum-vitae-Order.,vitae-Order.,7,Dec,1893,16,December,1893,True,standard_dash,0.9,Dec. 7 Nomadic (s)-New York-520 pcs. lignum-vitae-Order.
18931216p.662_p002.txt,87,Virginian,New York,LIVERPOOL,10 t. lignum-vitae-Churchill & Sim.,vitae-Churchill & Sim.,7,Dec,1893,16,December,1893,True,condensed,0.9,Virginian (s)-New York-10 t. lignum-vitae-Churchill & Sim.
18931216p.662_p002.txt,88,Baltimore,Norfolk,LIVERPOOL,96 hickory logs-Order.,Order.,9,Dec,1893,16,December,1893,True,condensed,0.9,9 Baltimore (s)-Norfolk-96 hickory logs-Order.
18931216p.662_p002.txt,90,Prince Rupert,Belize,LIVERPOOL,385 pcs. mahogany-Jas. Leckie & Co.,Jas. Leckie & Co.,7,Dec,1893,16,December,1893,False,standard_dash,0.9,Dec. 7 Prince Rupert-Belize-385 pcs. mahogany-Jas. Leckie & Co.
18931216p.662_p002.txt,91,Bianca,St. Domingo,LIVERPOOL,"1,052 pcs. mahogany, 136 pcs. satinwood, 150 pcs. mahogany-E. Chaloner & Co.",E. Chaloner & Co.,9,Dec,1893,16,December,1893,False,condensed,0.9,"9 Bianca-St. Domingo-1,052 pcs. mahogany, 136 pcs. satinwood, 150 pcs. mahogany-E. Chaloner & Co."
18931216p.662_p002.txt,92,Rossmore,Norfolk,LIVERPOOL,Va.,,12,Dec,1893,16,December,1893,True,condensed,0.9,"12 Rossmore (s)-Norfolk-Va.-29 logs poplar, 352 logs ash, 29 logs oak, 14 logs elm, 738 oak persimmon, 14 logs elm-Order."
18931216p.662_p002.txt,93,Norfolk,Norfolk,LIVERPOOL,"141 logs walnut, 3 logs ash, 373 pcs. persimmon-Order.",Order.,11,Dec,1893,16,December,1893,True,standard_dash,0.9,"Dec. 11 Norfolk (s)-Norfolk-141 logs walnut, 3 logs ash, 373 pcs. persimmon-Order."
18931216p.662_p002.txt,95,Rossmore,Baltimore,LIVERPOOL,"1,001 oak planks, 1,603 oak boards-Farnworth & Jardine 1,675 poplar boards-Illingworth & Co.; 74 oak planks, 228 poplar planks-Order.",Farnworth & Jardine,12,Dec,1893,16,December,1893,True,standard_dash,0.9,"Dec. 12 Rossmore (s)-Baltimore-1,001 oak planks, 1,603 oak boards-Farnworth & Jardine; 1,675 poplar boards-Illingworth & Co.; 74 oak planks, 228 poplar planks-Order."
18931216p.662_p002.txt,97,Norfolk,Savannah,LIVERPOOL,"3,600 white oak staves-Order.",Order.,11,Dec,1893,16,December,1893,True,standard_dash,0.9,"Dec. 11 Norfolk (s)-Savannah-3,600 white oak staves-Order."
18931216p.662_p002.txt,101,Chickahominy,Newport News,LONDON,"1,828 pcs. lumber-W. Oliver & Sons.",W. Oliver & Sons.,11,Dec,1893,16,December,1893,True,standard_dash,0.9,"Dec. 11 Chickahominy (s)-Newport News-1,828 pcs. lumber-W. Oliver & Sons."
18931216p.662_p002.txt,116,Particulars of the most important forthcoming sales of,,LONDON,home grown timber will be found in our advertising pages.,,11,Dec,1893,16,December,1893,False,condensed,0.9,Particulars of the most important forthcoming sales of home-grown timber will be found in our advertising pages.
18931223p.2.txt,3,Telegraphic,Address,GUERNSEY,"""Mackellar, Gallowgate, Glasgow.""",,11,Dec,1893,23,December,1893,False,condensed,0.9,"Telegraphic Address— ""Mackellar, Gallowgate, Glasgow."""
18931223p.2.txt,22,Telegraphic,Address,INVERNESS,"""TIMBER, INVERNESS.""",,11,Dec,1893,23,December,1893,False,condensed,1.0,"Telegraphic Address—""TIMBER, INVERNESS."""
18931223p.2.txt,50,Kathinka,Fredriksvoer,GREENOCK,3 lds. firewood-C. Ludwig & Co.,C. Ludwig & Co.,14,Dec,1893,23,December,1893,False,standard_dash,0.9,Dec. 14 Kathinka-Fredriksvoer-3 lds. firewood—C. Ludwig & Co.
18931223p.2.txt,51,Carl,Warberg,GREENOCK,5 lds. firewood-Davids[?],Davids[?],18,Dec,1893,23,December,1893,False,condensed,0.9,18 Carl-Warberg-5 lds. firewood—Davids[?]
18931223p.2.txt,52,Banco,Carlshamn,GREENOCK,6 lds. firewood-Lil[?],Lil[?],16,Dec,1893,23,December,1893,False,condensed,0.9,16 Banco-Carlshamn-6 lds. firewood—Lil[?]
18931223p.2.txt,61,Ellida,Halmstad,GREENOCK,150 lds. pitprops-Love,Love,13,Dec,1893,23,December,1893,False,standard_dash,0.9,Dec. 13 Ellida-Halmstad-150 lds. pitprops—Love
18931223p.2.txt,63,Contest,Namsos,GREENOCK,264 lds. fir boards,,12,Dec,1893,23,December,1893,True,standard_dash,0.9,Dec. 12 Contest (s)-Namsos-264 lds. fir boards—[?]
18931223p.2.txt,65,Contest,Namsos,BO'NESS,264 lds. fir props-Love,Love,13,Dec,1893,23,December,1893,True,standard_dash,1.0,Dec. 13 Contest (s)-Namsos-264 lds. fir props—Love
18931223p.2.txt,66,Anne,Tonsberg,BO'NESS,78 lds. fir props-Stevenson & Cowie,Stevenson & Cowie,14,Dec,1893,23,December,1893,False,condensed,1.0,14 Anne-Tonsberg-78 lds. fir props—Stevenson & Cowie
18931223p.2.txt,67,Hannah,Gothenburg,BO'NESS,352 lds. fir props-Kennedy & Co.,Kennedy & Co.,14,Dec,1893,23,December,1893,False,condensed,1.0,14 Hannah-Gothenburg-352 lds. fir props—Kennedy & Co.
18931223p.2.txt,68,Manula,Fredrikshald,BO'NESS,322 lds. fir props-Kennedy & Co.,Kennedy & Co.,14,Dec,1893,23,December,1893,False,condensed,1.0,14 Manula-Fredrikshald-322 lds. fir props—Kennedy & Co.
18931223p.2.txt,70,Ennismore,Riga,DUNDEE,57 lds. lathwood-Slimman & Robertson,Slimman & Robertson,12,Dec,1893,23,December,1893,True,standard_dash,0.9,Dec. 12 Ennismore (s)-Riga-57 lds. lathwood—Slimman & Robertson
18931223p.2.txt,72,Norwegian,New York,DUNDEE,"24 walnut logs-Edmiston & Mitchells 9,980 brls. staves—C. Hamilton & Co.; 11,480 pcs., 63 bdls lumber, 12 cs. mouldings, 103 boards, 7 bdls. whitewood—Order",Edmiston & Mitchells,12,Dec,1893,23,December,1893,False,standard_dash,0.9,"Dec. 12 Norwegian-New York-24 walnut logs—Edmiston & Mitchells; 9,980 brls. staves—C. Hamilton & Co.; 11,480 pcs., 63 bdls lumber, 12 cs. mouldings, 103 boards, 7 bdls. whitewood—Order"
18931223p.2.txt,73,Ormatian,Boston,DUNDEE,"50 logs mahogany-Edmiston & Mitchells 10,900 staves—T. Kerr",Edmiston & Mitchells,14,Dec,1893,23,December,1893,False,condensed,0.9,"14 Ormatian-Boston-50 logs mahogany—Edmiston & Mitchells; 10,900 staves—T. Kerr"
18931223p.2.txt,74,Cambusdoon,St. John N B.,DUNDEE,"34,641 spruce deals-Allison, Cousland, & Co.","Allison, Cousland, & Co.",15,Dec,1893,23,December,1893,False,condensed,0.9,"15 Cambusdoon-St. John N B.-34,641 spruce deals—Allison, Cousland, & Co."
18931223p.2.txt,75,Furnessia,New York,DUNDEE,"88 bdls. 150 pcs. walnut squares, 5,383 hhd. staves, 463 pcs. oak lumber",,18,Dec,1893,23,December,1893,False,condensed,0.9,"18 Furnessia-New York-88 bdls. 150 pcs. walnut squares, 5,383 hhd. staves, 463 pcs. oak lumber—Order"
18931223p.2.txt,76,Elmwood,Laguna,DUNDEE,"206 logs, 66 log ends mahogany-Wm. Connal & Co. 1 log mahogany—The Master",Wm. Connal & Co.,18,Dec,1893,23,December,1893,False,condensed,0.9,"18 Elmwood-Laguna-206 logs, 66 log ends mahogany—Wm. Connal & Co.; 1 log mahogany—The Master"
18931223p.2.txt,76,log,,DUNDEE,mahogany The Master,,12,Dec,1893,23,December,1893,False,condensed,0.9,1 log mahogany—The Master
18931223p.2.txt,77,State of California,New York,DUNDEE,"33 logs walnut, 455 pcs. lumber-Edmiston & Mitchells 3,600 hhd. staves—R. Hamilton & Co.; 3,412 pcs. lumber, 8 logs hickory—Order",Edmiston & Mitchells,18,Dec,1893,23,December,1893,False,condensed,0.9,"18 State of California-New York-33 logs walnut, 455 pcs. lumber—Edmiston & Mitchells; 3,600 hhd. staves—R. Hamilton & Co.; 3,412 pcs. lumber, 8 logs hickory—Order"
18931223p.2.txt,79,Frida,Cronstadt,DUNDEE,"21,333 deals and battens-P. & J. Wilkie",P. & J. Wilkie,11,Dec,1893,23,December,1893,False,standard_dash,0.9,"Dec. 11 Frida-Cronstadt-21,333 deals and battens—P. & J. Wilkie"
18931223p.2.txt,80,Marie Anne,Riga,DUNDEE,706 pcs. timber-W. Young.,W. Young.,11,Dec,1893,23,December,1893,False,condensed,0.9,11 Marie Anne-Riga-706 pcs. timber—W. Young.
18931223p.2.txt,81,Heinrich and Catherine,Riga,DUNDEE,"9,422 battens, 2,209 pcs. timber-Brownlee & Co.",Brownlee & Co.,12,Dec,1893,23,December,1893,False,condensed,0.9,"12 Heinrich and Catherine-Riga-9,422 battens, 2,209 pcs. timber—Brownlee & Co."
18931223p.2.txt,82,Preciosa,Cronstadt,DUNDEE,"19,924 deals and battens-P. & J. Wilkie",P. & J. Wilkie,15,Dec,1893,23,December,1893,False,condensed,0.9,"15 Preciosa-Cronstadt-19,924 deals and battens—P. & J. Wilkie"
18931223p.2.txt,83,Zebina Gondey,Mobile,DUNDEE,"1,709 pcs. timber 202 deals-Macpherson & MacLaren",Macpherson & MacLaren,15,Dec,1893,23,December,1893,False,condensed,0.9,"15 Zebina Gondey-Mobile-1,709 pcs. timber 202 deals—Macpherson & MacLaren"
18931223p.2.txt,85,Frithiof,Gothenburg,DUNDEE,147 lds. fir props-C. Salvesen & Co.,C. Salvesen & Co.,13,Dec,1893,23,December,1893,True,standard_dash,0.9,Dec. 13 Frithiof (s)-Gothenburg-147 lds. fir props—C. Salvesen & Co.
18931223p.2.txt,87,Abbotsford,Dunkirk,DUNDEE,4 lds. hewn elm-Gibson & Co.,Gibson & Co.,16,Dec,1893,23,December,1893,False,standard_dash,0.9,Dec. 16 Abbotsford – Dunkirk-4 lds. hewn elm—Gibson & Co.
18931223p.2.txt,88,Nora,Nantes,DUNDEE,83 lds. hoops-Anderson & Williamson 17 lds. hoops—J. Wishart,Anderson & Williamson,18,Dec,1893,23,December,1893,False,condensed,0.9,18 Nora – Nantes-83 lds. hoops – Anderson & Williamson; 17 lds. hoops—J. Wishart
18931223p.2.txt,88,lds.,,DUNDEE,hoops J. Wishart,,16,Dec,1893,23,December,1893,False,condensed,0.9,17 lds. hoops—J. Wishart
18931223p.2.txt,89,Szechenye,Fiume,DUNDEE,19 lds. hewn oak-La Cour & Watson,La Cour & Watson,18,Dec,1893,23,December,1893,True,condensed,0.9,18 Szechenye (s)-Fiume-19 lds. hewn oak—La Cour & Watson
18931223p.2.txt,90,Mascotte,Rotterdam,DUNDEE,13 lds. hoops-Gibson,Gibson,18,Dec,1893,23,December,1893,False,condensed,0.9,18 Mascotte-Rotterdam-13 lds. hoops—Gibson
18931223p.2.txt,92,Gustav,Oscarshamn,DUNDEE,240 lds. fir pit props-Fife Coal Co.,Fife Coal Co.,14,Dec,1893,23,December,1893,False,standard_dash,0.9,Dec. 14 Gustav – Oscarshamn-240 lds. fir pit props—Fife Coal Co.
18931223p.2.txt,93,Bravo,Gothenburg,DUNDEE,325 lds fir pit props-Bowman & Co.,Bowman & Co.,18,Dec,1893,23,December,1893,False,condensed,0.9,18 Bravo-Gothenburg-325 lds fir pit props—Bowman & Co.
18931223p.685.txt,6,Ove,Soderkopling,DUNDEE,337 sawn fir deals and battens,,14,Dec,1893,23,December,1893,False,standard_dash,0.9,Dec. 14 Ove-Soderkopling-337 sawn fir deals and battens-Order
18931223p.685.txt,8,Hunstauton,Memel,BOSTON,"1,087 lds. sawn deals-Calder & Co",Calder & Co,16,Dec,1893,23,December,1893,False,standard_dash,1.0,"Dec. 16 Hunstauton-Memel-1,087 lds. sawn deals-Calder & Co"
18931223p.685.txt,10,Swelgaard,Riga,BOSTON,26 fms. firewood,,19,Dec,1893,23,December,1893,False,standard_dash,1.0,Dec. 19 Swelgaard-Riga-26 fms. firewood-Order
18931223p.685.txt,12,Dents de Lion,St. John,BRISTOL,"3,000 lds. fir deals-J. Bland & Co",J. Bland & Co,14,Dec,1893,23,December,1893,False,standard_dash,0.9,"Dec. 14 Dents de Lion-St. John-3,000 lds. fir deals-J. Bland & Co"
18931223p.685.txt,13,Nantes de Havre,Bordeaux,BRISTOL,"1,100 lds. fir pitwood-Powell Duffryn Co",Powell Duffryn Co,14,Dec,1893,23,December,1893,False,condensed,0.9,"14 Nantes de Havre-Bordeaux-1,100 lds. fir pitwood-Powell Duffryn Co"
18931223p.685.txt,14,Aubin,Bordeaux,BRISTOL,"1,200 lds. fir pitwood-Pitwood Co.",Pitwood Co.,16,Dec,1893,23,December,1893,True,condensed,0.9,"16 St. Aubin (s)-Bordeaux-1,200 lds. fir pitwood-Pitwood Co."
18931223p.685.txt,15,Garonne,Bordeaux,BRISTOL,"900 lds. fir pitwood-Hooper, Campbell, & Co.","Hooper, Campbell, & Co.",16,Dec,1893,23,December,1893,False,condensed,0.9,"16 Garonne-Bordeaux-900 lds. fir pitwood-Hooper, Campbell, & Co."
18931223p.685.txt,16,Angelica,Villagarcia,BRISTOL,"1,200 lds. fir hewn pitwood-Thomas & Co.",Thomas & Co.,18,Dec,1893,23,December,1893,True,condensed,0.9,"18 Angelica (s)-Villagarcia-1,200 lds. fir hewn pitwood-Thomas & Co."
18931223p.685.txt,17,Corso,Bordeaux,BRISTOL,"1,350 lds. fir pitwood-Powley, Thomas, & Co.","Powley, Thomas, & Co.",16,Dec,1893,23,December,1893,False,condensed,0.9,"16 Corso-Bordeaux-1,350 lds. fir pitwood-Powley, Thomas, & Co."
18931223p.685.txt,18,Anna,West Bay,BRISTOL,"860 lds. fir deals, battens, and boards-Alexander & Co.",Alexander & Co.,18,Dec,1893,23,December,1893,False,condensed,0.9,"18 Anna-West Bay-860 lds. fir deals, battens, and boards-Alexander & Co."
18931223p.685.txt,19,Taff,Bordeaux,BRISTOL,900 lds. fir pitwood-Hooper & Co.,Hooper & Co.,18,Dec,1893,23,December,1893,False,condensed,0.9,18 Taff-Bordeaux-900 lds. fir pitwood-Hooper & Co.
18931223p.685.txt,20,Jane,Bordeaux,BRISTOL,"1,300 lds. fir pitwood-Powley, Thomas, & Co.","Powley, Thomas, & Co.",18,Dec,1893,23,December,1893,True,condensed,0.9,"18 Jane (s)-Bordeaux-1,300 lds. fir pitwood-Powley, Thomas, & Co."
18931223p.685.txt,21,Amazona,Villagarcia,BRISTOL,"520 lds. fir pitwood-Ochoa, Parker, & Co.","Ochoa, Parker, & Co.",18,Dec,1893,23,December,1893,False,condensed,0.9,"18 Amazona-Villagarcia-520 lds. fir pitwood-Ochoa, Parker, & Co."
18931223p.685.txt,22,Kopernikus,Bordeaux,BRISTOL,600 lds. fir pitwood-Simkin Bros.,Simkin Bros.,18,Dec,1893,23,December,1893,False,condensed,0.9,18 Kopernikus-Bordeaux-600 lds. fir pitwood-Simkin Bros.
18931223p.685.txt,24,Malvern,Three Rivers,FLEETWOOD,"1,103 lds. deals, scantlings, and ends-C. Taylor, Sons, & Co.","C. Taylor, Sons, & Co.",13,Dec,1893,23,December,1893,False,standard_dash,1.0,"Dec. 13 Malvern-Three Rivers-1,103 lds. deals, scantlings, and ends-C. Taylor, Sons, & Co."
18931223p.685.txt,26,Zenith,Summerside,FLEETWOOD,300 pcs. sawn fir timber,,15,Dec,1893,23,December,1893,False,standard_dash,1.0,Dec. 15 Zenith-Summerside-300 pcs. sawn fir timber-Order
18931223p.685.txt,28,Birger,Uleaborg,GRIMSBY,20 lds. firewood-Bennetts & Co.,Bennetts & Co.,14,Dec,1893,23,December,1893,False,standard_dash,0.9,Dec. 14 Birger-Uleaborg-20 lds. firewood-Bennetts & Co.
18931223p.685.txt,29,Gefion,Lulea,GRIMSBY,14 lds. lathwood-Wilson,Wilson,15,Dec,1893,23,December,1893,False,condensed,0.9,15 Gefion-Lulea-14 lds. lathwood-Wilson
18931223p.685.txt,30,Kismet,Sundswall,GRIMSBY,9 lds. firewood-Taylor,Taylor,15,Dec,1893,23,December,1893,False,condensed,0.9,15 Kismet-Sundswall-9 lds. firewood-Taylor
18931223p.685.txt,31,Orlando,Gothenburg,GRIMSBY,"504 lds. props, 51 lds. posts and rails, 13 lds. lathwood-Wilson",Wilson,15,Dec,1893,23,December,1893,False,condensed,0.9,"15 Orlando-Gothenburg-504 lds. props, 51 lds. posts and rails, 13 lds. lathwood-Wilson"
18931223p.685.txt,32,Gozo,Danzig,GRIMSBY,"4,257 sleeper blocks, 1,210 half-square sleeper blocks-Burt",square sleeper blocks-Burt,18,Dec,1893,23,December,1893,True,condensed,0.9,"18 Gozo (s)-Danzig-4,257 sleeper blocks, 1,210 half-square sleeper blocks-Burt"
18931223p.685.txt,34,Mennoe,Freemantle,GRIMSBY,"16 lds. jarrah logs-J. & W. Wilson & Son 328 lds. jarrah sawn wood unrated, 274 lds. sawn wood unrated-J. Morrison & Co.",J. & W. Wilson & Son,12,Dec,1893,23,December,1893,False,standard_dash,0.9,"Dec. 12 Mennoe-Freemantle-16 lds. jarrah logs-J. & W. Wilson & Son; 328 lds. jarrah sawn wood unrated, 274 lds. sawn wood unrated-J. Morrison & Co."
18931223p.685.txt,35,Gipsy Queen,Boston,GRIMSBY,"7,200 staves-Drysdale Bros.",Drysdale Bros.,13,Dec,1893,23,December,1893,False,condensed,0.9,"13 Gipsy Queen-Boston-7,200 staves-Drysdale Bros."
18931223p.685.txt,36,Bernadotte,Boston,GRIMSBY,"7,800 staves-Jardine",Jardine,13,Dec,1893,23,December,1893,True,condensed,0.9,"13 Bernadotte (s)-Boston-7,800 staves-Jardine"
18931223p.685.txt,37,J. H. Schweers,Boston,GRIMSBY,"7,200 staves-Drysdale Bros.",Drysdale Bros.,15,Dec,1893,23,December,1893,False,condensed,0.9,"15 J. H. Schweers-Boston-7,200 staves-Drysdale Bros."
18931223p.685.txt,38,Lord Dufferin,"St. John, N.B.",GRIMSBY,"33,211 deals and scantlings, 6,309 deals, 3,264 deal ends-Farnworth & Jardine",Farnworth & Jardine,16,Dec,1893,23,December,1893,False,condensed,0.9,"16 Lord Dufferin-St. John, N.B.-33,211 deals and scantlings, 6,309 deals, 3,264 deal ends-Farnworth & Jardine"
18931223p.685.txt,39,Vanadis,"Parrsboro', N.S.",GRIMSBY,"308 pcs. birch, 9,606 spruce deals, 590 spruce deal ends-J. Mackay",J. Mackay,18,Dec,1893,23,December,1893,True,condensed,0.9,"18 Vanadis (s)-Parrsboro', N.S.-308 pcs. birch, 9,606 spruce deals, 590 spruce deal ends-J. Mackay"
18931223p.685.txt,40,Paramatta,St. John,GRIMSBY,"19,715 deals and battens, 576 deal ends-Mackay",Mackay,19,Dec,1893,23,December,1893,False,condensed,0.9,"19 Paramatta-St. John-19,715 deals and battens, 576 deal ends-Mackay"
18931223p.685.txt,41,Paramatta,"St. John, N.B.",GRIMSBY,"13,215 deals and battens, 985 pcs. birch, 49 deal ends-A. F. & D. Mackay",A. F. & D. Mackay,19,Dec,1893,23,December,1893,False,condensed,0.9,"19 Paramatta-St. John, N.B.-13,215 deals and battens, 985 pcs. birch, 49 deal ends-A. F. & D. Mackay"
18931223p.685.txt,42,Tyr,Hudikswall,GRIMSBY,"5,604 planed boards, deals, and battens, 434 dble. deals",,14,Dec,1893,23,December,1893,True,standard_dash,0.9,"Dec. 14 Tyr (s)-Hudikswall-5,604 planed boards, deals, and battens, 434 dble. deals-Order"
18931223p.685.txt,43,Winifred,Bay Verte,GRIMSBY,"20,771 deals and scantlings, 2,501 deal ends",,18,Dec,1893,23,December,1893,False,condensed,0.9,"18 Winifred-Bay Verte-20,771 deals and scantlings, 2,501 deal ends-Order"
18931223p.685.txt,44,Hermod,Gothenburg,GRIMSBY,"1,000 bdls. laths 1,000 bdls. laths, 118 doz. boards-G. Bradley & Co ; 7,056 pit props, 15,755 pit props-Osbeck & Co. ; 1,000 bdls. laths-H. Brown & Co. ; 1,288 bdls. firewood, 424 doz. boards, 14,261 bdls. laths, 515 doz. match-boards, 13,520 bdls. box-boards, 186 bdls. skirtings-Order",,20,Dec,1893,23,December,1893,True,condensed,0.9,"20 Hermod (s)-Gothenburg-1,000 bdls. laths-Order; 1,000 bdls. laths, 118 doz. boards-G. Bradley & Co ; 7,056 pit props, 15,755 pit props-Osbeck & Co. ; 1,000 bdls. laths-H. Brown & Co. ; 1,288 bdls. firewood, 424 doz. boards, 14,261 bdls. laths, 515 doz. match-boards, 13,520 bdls. box-boards, 186 bdls. skirtings-Order"
18931223p.685.txt,46,Santanderino,Port Royal,GRIMSBY,"15,500 staves",,19,Dec,1893,23,December,1893,True,standard_dash,0.9,"Dec. 19 Santanderino (s)-Port Royal-15,500 staves-Order"
18931223p.685.txt,47,Engineer,New Orleans,GRIMSBY,"1,135 staves-Drysdale Bros.",Drysdale Bros.,19,Dec,1893,23,December,1893,True,condensed,0.9,"19 Engineer (s)-New Orleans - 1,135 staves-Drysdale Bros."
18931223p.685.txt,49,Wylo,New Orleans,GRIMSBY,"2,911 staves-A. Dobell & Co.",A. Dobell & Co.,15,Dec,1893,23,December,1893,True,standard_dash,0.9,"Dec. 15 Wylo (s)-New Orleans-2,911 staves-A. Dobell & Co."
18931223p.685.txt,52,Dewdrop,Rafso,LONDON,"21,830 battens from Abo-6,784 battens, 44,582 battens and boards Order",,14,Dec,1893,23,December,1893,True,standard_dash,0.9,"Dec. 14 Dewdrop (s)-Rafso-21,830 battens-Order; from Abo-6,784 battens, 44,582 battens and boards Order"
18931223p.685.txt,53,Alice Otto,Norrkoping,LONDON,"31,268 deals, battens, boards, and ends",,14,Dec,1893,23,December,1893,True,condensed,0.9,"14 Alice Otto (s)-Norrkoping-31,268 deals, battens, boards, and ends-Order"
18931223p.685.txt,54,Thyra,Svartvik,LONDON,"375 doz. deals, 11,181 doz. boards",,15,Dec,1893,23,December,1893,True,condensed,0.9,"15 Thyra (s)-Svartvik-375 doz. deals, 11,181 doz. boards-Order"
18931223p.685.txt,55,Lydia,Sagunay,LONDON,"2,280 ends, 23,984 deals, 235 pkgs. palings 10,045 spruce deals, 529 ends-Meredith Bros.",,16,Dec,1893,23,December,1893,False,condensed,0.9,"16 Lydia-Sagunay-2,280 ends, 23,984 deals, 235 pkgs. palings-Order; 10,045 spruce deals, 529 ends-Meredith Bros."
18931223p.685.txt,56,Prior,Riga,LONDON,"1,676 deals, 5,204 battens, 1,137 boards, 6,197 ends",,16,Dec,1893,23,December,1893,True,condensed,0.9,"16 Prior (s)-Riga-1,676 deals, 5,204 battens, 1,137 boards, 6,197 ends-Order"
18931223p.685.txt,57,Ares,Gefle,LONDON,"93,177 boards, 8,946 deals and battens",,18,Dec,1893,23,December,1893,True,condensed,0.9,"18 Ares (s)-Gefle-93,177 boards, 8,946 deals and battens-Order"
18931223p.685.txt,58,Wilton,Riga,LONDON,233 stds. deals and battens,,18,Dec,1893,23,December,1893,True,condensed,0.9,18 Wilton (s)-Riga-233 stds. deals and battens-Order
18931223p.685.txt,59,Annona,Uddevalla,LONDON,"4,491 pcs., 513 bdls. boards-S. Brown",S. Brown,18,Dec,1893,23,December,1893,True,condensed,0.9,"18 Annona (s)-Uddevalla-4,491 pcs., 513 bdls. boards-S. Brown"
18931223p.685.txt,60,Commerzienrath Fowler,Riga,LONDON,"9,964 battens",,18,Dec,1893,23,December,1893,True,condensed,0.9,"18 Commerzienrath Fowler (s)-Riga-9,964 battens-Order"
18931223p.685.txt,61,Fortescue,Skutskar,LONDON,403 stds. deals and battens,,18,Dec,1893,23,December,1893,True,condensed,0.9,18 Fortescue (s)-Skutskar-403 stds. deals and battens-Order
18931223p.685.txt,62,Congal,Gefle,LONDON,"181 bxs. wood turnery, 12,965 deals and battens, 2,609 deals, 3,959 battens, 388 bdls. headings, 4,850 bdls. staves, 47,316 laths, 50 fms. firewood, 34,000 boards, 6,250 mouldings",,20,Dec,1893,23,December,1893,True,condensed,0.9,"20 Congal (s)-Gefle-181 bxs. wood turnery, 12,965 deals and battens, 2,609 deals, 3,959 battens, 388 bdls. headings, 4,850 bdls. staves, 47,316 laths, 50 fms. firewood, 34,000 boards, 6,250 mouldings-Order"
18931223p.685.txt,64,Neva,Danzig,LONDON,"9,921 sleeper blocks, 768 sleepers",,16,Dec,1893,23,December,1893,True,standard_dash,0.9,"Dec. 16 Neva (s)-Danzig-9,921 sleeper blocks, 768 sleepers-Order"
18931223p.685.txt,65,Thule,Gothenburg,LONDON,"1,000 doors, 8 bdls. trellis, 554 bdls. headings, 820 bdls. mouldings-Crow & Son 124 bdls. mouldings-Vigers Bros.",Crow & Son,18,Dec,1893,23,December,1893,True,condensed,0.9,"18 Thule (s)-Gothenburg-1,000 doors, 8 bdls. trellis, 554 bdls. headings, 820 bdls. mouldings-Crow & Son; 124 bdls. mouldings-Vigers Bros."
18931223p.685.txt,66,Hero,Christiania,LONDON,"270 pkgs. brush blocks-J. Keen 2,600 bdls. caseboards-Gruning & Co. ; 1,235 bdls. boxboards, 10,719 boards-Order",J. Keen,19,Dec,1893,23,December,1893,True,condensed,0.9,"19 Hero (s)-Christiania-270 pkgs. brush blocks-J. Keen; 2,600 bdls. caseboards-Gruning & Co. ; 1,235 bdls. boxboards, 10,719 boards-Order"
18931223p.685.txt,67,Bjorn,Gothenburg,LONDON,"135 doors, 5,552 pcs. planed boards, 2,520 bdls. boards, 2,400 bdls. boards, 206 doz. battens, 5,845 doz. boards, 2,400 pcs. firewood",,20,Dec,1893,23,December,1893,True,condensed,0.9,"20 Bjorn (s)-Gothenburg-135 doors, 5,552 pcs. planed boards, 2,520 bdls. boards, 2,400 bdls. boards, 206 doz. battens, 5,845 doz. boards, 2,400 pcs. firewood-Order"
18931223p.685.txt,69,Mount Stewart,Memel,LONDON,"5,175 square blocks, 700 1/2 sleepers-Burt & Haywood",Burt & Haywood,19,Dec,1893,23,December,1893,True,standard_dash,0.9,"Dec. 19 Mount Stewart (s)-Memel-5,175 square blocks, 700 1/2 sleepers-Burt & Haywood"
18931223p.685.txt,70,Carpio,Bilbao,LONDON,320 staves-A. Ransome,A. Ransome,20,Dec,1893,23,December,1893,True,condensed,0.9,20 Carpio (s)-Bilbao-320 staves-A. Ransome
18931223p.685.txt,72,Rive de Gier,Bayonne,NEWPORT,"1,100 lds. pitwood-A. Capelle",A. Capelle,13,Dec,1893,23,December,1893,True,standard_dash,1.0,"Dec. 13 Rive de Gier (s)-Bayonne-1,100 lds. pitwood-A. Capelle"
18931223p.685.txt,73,Hebe,Auray,NEWPORT,100 lds. pit props-Watts,Watts,18,Dec,1893,23,December,1893,False,condensed,1.0,18 Hebe-Auray-100 lds. pit props-Watts
18931223p.685.txt,75,Baltic,Stettin,NEWPORT,"346 lds. hewn fir, 16 lds. hewn fir-R. & R. Bayly",R. & R. Bayly,16,Dec,1893,23,December,1893,False,standard_dash,1.0,"Dec. 16 Baltic-Stettin-346 lds. hewn fir, 16 lds. hewn fir-R. & R. Bayly"
18931223p.685.txt,77,Vidfarne,Shediac,NEWPORT,678 lds. fir deals and battens-Crossfield & Co.,Crossfield & Co.,15,Dec,1893,23,December,1893,False,standard_dash,0.9,Dec. 15 Vidfarne-Shediac-678 lds. fir deals and battens-Crossfield & Co.
18931223p.685.txt,78,Christian,Bathurst,NEWPORT,"841 lds. spruce deals and ends-Taylor, Sons, & Co.","Taylor, Sons, & Co.",15,Dec,1893,23,December,1893,False,condensed,0.9,"15 Christian-Bathurst-841 lds. spruce deals and ends-Taylor, Sons, & Co."
18931223p.685.txt,80,Brittany,Havre,NEWPORT,4 lds. hewn beechwood-J. Dixon,J. Dixon,13,Dec,1893,23,December,1893,False,standard_dash,0.9,Dec. 13 Brittany-Havre-4 lds. hewn beechwood-J. Dixon
18931223p.685.txt,81,Dan,Jamaica,NEWPORT,4 tons lancewood spars-J. Linstead,J. Linstead,16,Dec,1893,23,December,1893,False,condensed,0.9,16 Dan-Jamaica-4 tons lancewood spars-J. Linstead
18931223p.685.txt,82,Mietzing,Danzig,NEWPORT,433 lds. fir sawn-Driver,Driver,18,Dec,1893,23,December,1893,False,condensed,0.9,18 Mietzing-Danzig-433 lds. fir sawn-Driver
18931223p.685.txt,84,Silva,Gothenburg,NEWPORT,"10 lds. hewn fir poles, 423 lds. hewn fir pit props, 485 lds. sawn fir-Lindsay & Hall",Lindsay & Hall,13,Dec,1893,23,December,1893,True,standard_dash,0.9,"Dec. 13 Silva (s)-Gothenburg-10 lds. hewn fir poles, 423 lds. hewn fir pit props, 485 lds. sawn fir-Lindsay & Hall"
18931223p.685.txt,85,Schelde,Fredrikshald,NEWPORT,"549 lds. fir pit props, 120 lds. fir sleepers sawn-H. Moller",H. Moller,15,Dec,1893,23,December,1893,True,condensed,0.9,"15 Schelde (s)-Fredrikshald-549 lds. fir pit props, 120 lds. fir sleepers sawn-H. Moller"
18931223p.685.txt,86,Munin,Gothenburg,NEWPORT,500 fencing posts-Napier & Render,Napier & Render,15,Dec,1893,23,December,1893,True,condensed,0.9,15 Munin (s)-Gothenburg-500 fencing posts-Napier & Render
18931223p.685.txt,88,Adour,Bayonne,NEWPORT,"1,050 lds. pitwood-A. Capelle",A. Capelle,12,Dec,1893,23,December,1893,True,standard_dash,0.9,"Dec. 12 Adour (s)-Bayonne-1,050 lds. pitwood-A. Capelle"
18931223p.685.txt,91,Mira,Drontheim,TYNE,"3,903 battens-Scott",Scott,12,Dec,1893,23,December,1893,True,standard_dash,1.0,"Dec. 12 Mira (s)-Drontheim-3,903 battens-Scott"
18931223p.685.txt,92,Odin,Christiania,TYNE,168 lds. mining timber,,13,Dec,1893,23,December,1893,True,condensed,1.0,13 Odin (s)-Christiania-168 lds. mining timber-Order; Laurvig-21 lds. props-Order
18931223p.685.txt,93,Marengo,New York,TYNE,"10 cs. mouldings, 400 bdls. shooks 818 ash oars, 1,000 doors-J. Cooke",,13,Dec,1893,23,December,1893,True,condensed,1.0,"13 Marengo (s)-New York-10 cs. mouldings, 400 bdls. shooks-Order; 818 ash oars, 1,000 doors-J. Cooke"
18931223p.685.txt,94,Avenir,Drammen,TYNE,"34,232 boards, 1,920 battens-J. Herring & Co.",J. Herring & Co.,16,Dec,1893,23,December,1893,False,condensed,1.0,"16 Avenir-Drammen-34,232 boards, 1,920 battens-J. Herring & Co."
18931223p.685.txt,95,Georg,Copenhagen,TYNE,5 bdls. hoops,,18,Dec,1893,23,December,1893,True,condensed,0.9,18 Georg (s)-Copenhagen-5 bdls. hoops-Order
18931223p.685.txt,96,Warkworth,Hamburg,TYNE,"2 bdls. woodware, 7 cs. mouldings-Tyne Steamship Co.",Tyne Steamship Co.,18,Dec,1893,23,December,1893,True,condensed,0.9,"18 Warkworth (s)-Hamburg-2 bdls. woodware, 7 cs. mouldings-Tyne Steamship Co."
18931223p.685.txt,97,MISSING_FROM_OCR,Gothenburg,TYNE,"600 deals, 118 bdls. woodpulp",,18,Dec,1893,23,December,1893,False,condensed,0.9,"Gothenburg-600 deals, 118 bdls. woodpulp-Order"
18931223p.685.txt,103,City of Bristol,Rotterdam,TYNE,8 lds. hoops-J. C. Pinkerton,J. C. Pinkerton,13,Dec,1893,23,December,1893,False,standard_dash,0.9,Dec. 13 City of Bristol-Rotterdam-8 lds. hoops-J. C. Pinkerton
18931223p.685.txt,104,Black Head,Riga,TYNE,50 lds. fir battens-G. Heyn & Sons,G. Heyn & Sons,15,Dec,1893,23,December,1893,False,condensed,0.9,15 Black Head-Riga-50 lds. fir battens-G. Heyn & Sons
18931223p.685.txt,106,Nyassa,Norfolk,DUBLIN,"30,000 pcs. staves",,15,Dec,1893,23,December,1893,False,standard_dash,0.9,"Dec. 15 Nyassa-Norfolk-30,000 pcs. staves-Order"
18931223p.685.txt,108,Ruby,Miramichi,DUBLIN,367 lds. deal and ends-Coherty & Semple,Coherty & Semple,14,Dec,1893,23,December,1893,False,standard_dash,0.9,Dec. 14 Ruby-Miramichi-367 lds. deal and ends-Coherty & Semple
18931223p.685.txt,110,Nor,Pabos,LONDONDERRY,690 lds. fir deals-Clelland,Clelland,13,Dec,1893,23,December,1893,False,standard_dash,1.0,Dec. 13 Nor-Pabos-690 lds. fir deals-Clelland
18931223p.685.txt,112,Magnum,St. John,NEWRY,"1,846 lds. deals and ends-Carvill Bros.",Carvill Bros.,14,Dec,1893,23,December,1893,False,standard_dash,1.0,"Dec. 14 Magnum-St. John-1,846 lds. deals and ends-Carvill Bros."
18931223p.685.txt,113,Agra,Quebec,NEWRY,"1,340 lds. deals and ends-Carvill Bros.",Carvill Bros.,16,Dec,1893,23,December,1893,False,condensed,1.0,"16 Agra-Quebec-1,340 lds. deals and ends-Carvill Bros."
18931223p.685.txt,115,Armenia,"Newcastle, N.B.",NEWRY,"1,053 lds. fir deals-J. F. Graves & Co.",J. F. Graves & Co.,16,Dec,1893,23,December,1893,False,standard_dash,1.0,"Dec. 16 Armenia-Newcastle, N.B.-1,053 lds. fir deals-J. F. Graves & Co."
18931223p.685.txt,119,Gumo,"Pictou, N.S.",LIVERPOOL,"717 hardwood deal ends, 8,406 hardwood deals-J. Smith & Co.",J. Smith & Co.,15,Dec,1893,23,December,1893,False,standard_dash,0.9,"Dec. 15 Gumo-Pictou, N.S.-717 hardwood deal ends, 8,406 hardwood deals-J. Smith & Co."
18931223p.685.txt,121,Lancashire,Rangoon,LIVERPOOL,"159 teak scantlings-Farnworth & Jardine 58 teak squares, 12 teak flitches, 3 teak planks-Duncan, Ewing, & Co.; 3,718 pcs., 34 bdls. teak scantlings-Order",Farnworth & Jardine,18,Dec,1893,23,December,1893,True,standard_dash,0.9,"Dec. 18 Lancashire (s)-Rangoon-159 teak scantlings-Farnworth & Jardine; 58 teak squares, 12 teak flitches, 3 teak planks-Duncan, Ewing, & Co.; 3,718 pcs., 34 bdls. teak scantlings-Order"
18931223p.685.txt,123,Oceanic,"West Point, Va.",LIVERPOOL,"6,009 oak staves",,19,Dec,1893,23,December,1893,True,standard_dash,0.9,"Dec. 19 Oceanic (s)-West Point, Va.-6,009 oak staves-Order"
18931223p.685.txt,126,Huntsman,New Orleans,LONDON,"12,000 pcs. lumber-Haigh Crawshay 7,000 pcs. wood-E. Alcott",Haigh Crawshay,14,Dec,1893,23,December,1893,True,standard_dash,0.9,"Dec. 14 Huntsman (s)-New Orleans-12,000 pcs. lumber-Haigh Crawshay; 7,000 pcs. wood-E. Alcott"
18931223p.685.txt,127,Ludgate Hill,New York,LONDON,"1,056 pcs. walnut-Cobbett & Co.",Cobbett & Co.,15,Dec,1893,23,December,1893,True,condensed,0.9,"15 Ludgate Hill (s)-New York-1,056 pcs. walnut-Cobbett & Co."
18931223p.685.txt,128,Essequibo,Colon,LONDON,"28 logs mahogany-M. Goyenechi & Co. 52 logs mahogany-Hardy, Nathan, & Sons",M. Goyenechi & Co.,16,Dec,1893,23,December,1893,True,condensed,0.9,"16 Essequibo (s)-Colon-28 logs mahogany-M. Goyenechi & Co.; 52 logs mahogany-Hardy, Nathan, & Sons"
18931223p.685.txt,129,Cayo Romano,New Orleans,LONDON,"6,333 pcs. lumber-C. Leary & Co. 7,686 pcs. and qty. lumber-Order",C. Leary & Co.,19,Dec,1893,23,December,1893,True,condensed,0.9,"19 Cayo Romano (s)-New Orleans-6,333 pcs. lumber-C. Leary & Co.; 7,686 pcs. and qty. lumber-Order"
18931223p.685.txt,131,Fortuna,Cuba,LONDON,"172 mahogany logs, 358 cedar logs 516 mahogany logs, 237 cedar logs-Order",,18,Dec,1893,23,December,1893,False,standard_dash,0.9,"Dec. 18 Fortuna-Cuba-172 mahogany logs, 358 cedar logs-Order; 516 mahogany logs, 237 cedar logs-Order"
18931223p.685.txt,132,Belzg Gude,Timas de Zaza,LONDON,"1,304 logs mahogany, 282 logs cedar, 144 dagane spars-Melchers, Range, & Co.","Melchers, Range, & Co.",18,Dec,1893,23,December,1893,False,condensed,0.9,"18 Belzg Gude-Timas de Zaza-1,304 logs mahogany, 282 logs cedar, 144 dagane spars-Melchers, Range, & Co."
18931223p.685.txt,135,Particulars of the most important forthcoming sales of,,LONDON,home grown timber will be found in our advertising pages.,,18,Dec,1893,23,December,1893,False,condensed,0.9,Particulars of the most important forthcoming sales of home-grown timber will be found in our advertising pages.
18931223p.685.txt,136,Faringdon.,WORCESTERSHIRE.,LONDON,"A crowded saleroom was to be seen at the Crown Hotel, Worcester, yesterday week, when Mr. Bentley knocked down 38 lots of timber, principally of elm and ash, on Earl Beauchamp's estates, to the tune of no less than £4,930. The elm realised 8d. to 10d. per ft. and the ash 1s. 4d. to 1s. 6d. A list of buyers shows the representative character of the gathering, the most prominent bidders being Messrs. J. Crook, High Wycombe J. Glover, Walsall; Wilesmith, Malvern Link; J. Roberts & Cooper, Brierley Hill; Espley & Co., Evesham; Ivens, Rugby; Child & Co., High Wycombe; Hale Bros., Walsall; Cope, Derby; Vibert, Gloucester; Corbett & Son, Chaddesley, Kidderminster; Rudden & Son, Birmingham; Workman, Woodchester, Stroud; Smith Bros., Cheltenham; and Humphries, Pershore.",,18,Dec,1893,23,December,1893,False,condensed,0.9,"Faringdon. WORCESTERSHIRE.-A crowded saleroom was to be seen at the Crown Hotel, Worcester, yesterday week, when Mr. Bentley knocked down 38 lots of timber, principally of elm and ash, on Earl Beauchamp's estates, to the tune of no less than £4,930. The elm realised 8d. to 10d. per ft. and the ash 1s. 4d. to 1s. 6d. A list of buyers shows the representative character of the gathering, the most prominent bidders being Messrs. J. Crook, High Wycombe; J. Glover, Walsall; Wilesmith, Malvern Link; J. Roberts & Cooper, Brierley Hill; Espley & Co., Evesham; Ivens, Rugby; Child & Co., High Wycombe; Hale Bros., Walsall; Cope, Derby; Vibert, Gloucester; Corbett & Son, Chaddesley, Kidderminster; Rudden & Son, Birmingham; Workman, Woodchester, Stroud; Smith Bros., Cheltenham; and Humphries, Pershore."
18931230p.708_p001.txt,2,Telegraphic,Address,LONDON,"""BELLYWOOD,""",,18,Dec,1893,30,December,1893,False,condensed,0.9,"Telegraphic Address— ""BELLYWOOD,"""
18931230p.708_p001.txt,10,Jeune,Louise,LONDON,Aura[?],,19,Dec,1893,30,December,1893,False,standard_dash,0.9,"Dec. 19 Jeune Louise-Aura[?]-140 lds. pitwood-Watts, Ward, & Co."
18931230p.708_p001.txt,11,Bohallard,Vannes,LONDON,130 lds. pitwood,,19,Dec,1893,30,December,1893,False,condensed,0.9,Bohallard-Vannes-130 lds. pitwood-South Wales-Bordeaux-180 lds. pitwood-Simkin Bros.
18931230p.708_p001.txt,12,Newton,Uddevalla,LONDON,424 lds. fir pit props-C. Schroeter & Co.,C. Schroeter & Co.,21,Dec,1893,30,December,1893,False,condensed,0.9,21 Newton-Uddevalla-424 lds. fir pit props-C. Schroeter & Co.
18931230p.708_p001.txt,13,Louise Therese,Redon,LONDON,"220 lds. fir pitwood-Watts, Ward, & Co.","Watts, Ward, & Co.",19,Dec,1893,30,December,1893,False,condensed,0.9,"Louise Therese-Redon-220 lds. fir pitwood-Watts, Ward, & Co."
18931230p.708_p001.txt,14,Usk,Bordeaux,LONDON,"900 lds. fir pitwood-Hooper, Campbell, & Co.","Hooper, Campbell, & Co.",22,Dec,1893,30,December,1893,False,condensed,0.9,"22 Usk-Bordeaux-900 lds. fir pitwood-Hooper, Campbell, & Co."
18931230p.708_p001.txt,15,Anna,Vannes,LONDON,180 lds. fir pitwood-Hewn-Watts & Co.,Hewn-Watts & Co.,22,Dec,1893,30,December,1893,False,condensed,0.9,Anna-Vannes-180 lds. fir pitwood-Hewn-Watts & Co.
18931230p.708_p001.txt,17,Brilliant,Hudikswall,GRIMSBY,11,,19,Dec,1893,30,December,1893,False,standard_dash,0.9,Dec. 19 Brilliant-Hudikswall-11-16 lds. firewood-N. R. Taylor
18931230p.708_p001.txt,19,Ajax,Memel,GRIMSBY,"818 lds. sleeper blocks, 58 lds. half-sleeper blocks-C. Calder & Co.",sleeper blocks-C. Calder & Co.,19,Dec,1893,30,December,1893,True,standard_dash,0.9,"Dec. 19 Ajax (s)-Memel-818 lds. sleeper blocks, 58 lds. half-sleeper blocks-C. Calder & Co."
18931230p.708_p001.txt,20,Vanadis,Gothenburg,GRIMSBY,76 lds. fir props-J. W. Baird & Co.,J. W. Baird & Co.,19,Dec,1893,30,December,1893,True,condensed,0.9,Vanadis (s)-Gothenburg-76 lds. fir props-J. W. Baird & Co.
18931230p.708_p001.txt,21,Pluto,Halmstad,GRIMSBY,300 lds. fir props-G. Pearson & Co.,G. Pearson & Co.,19,Dec,1893,30,December,1893,True,condensed,0.9,Pluto (s)-Halmstad-300 lds. fir props-G. Pearson & Co.
18931230p.708_p001.txt,22,Tor,Halmstad,GRIMSBY,"209 lds. fir props, 52 lds. fir props, 16 lds. fir props-W. Pearson & Co.",W. Pearson & Co.,19,Dec,1893,30,December,1893,False,condensed,0.9,"Tor-Halmstad-209 lds. fir props, 52 lds. fir props, 16 lds. fir props-W. Pearson & Co."
18931230p.708_p001.txt,23,Adolf,Gothenburg,GRIMSBY,"225 lds. fir props, 60 lds. fir sleepers, 45 lds. sawn fir-C. Forslind & Co.",C. Forslind & Co.,20,Dec,1893,30,December,1893,True,condensed,0.9,"20 Adolf (s)-Gothenburg-225 lds. fir props, 60 lds. fir sleepers, 45 lds. sawn fir-C. Forslind & Co."
18931230p.708_p001.txt,24,Frithiof,Gothenburg,GRIMSBY,"107 lds. fir sleepers-Armstrong, Addison, & Co.","Armstrong, Addison, & Co.",20,Dec,1893,30,December,1893,True,condensed,0.9,"Frithiof (s)-Gothenburg-107 lds. fir sleepers-Armstrong, Addison, & Co."
18931230p.708_p001.txt,25,Amelia,Bordeaux,GRIMSBY,"1,300 lds. pitwood-Newport Williams, Cook, & Co.","Newport Williams, Cook, & Co.",20,Dec,1893,30,December,1893,False,condensed,0.9,"Amelia-Bordeaux-1,300 lds. pitwood-Newport Williams, Cook, & Co."
18931230p.708_p001.txt,27,Hugin,Gothenburg,TYNE,"330 lds. props, 90 lds. splits, 40 lds. sleepers, 95 lds. mining timber-Rowntrees-Order",Rowntrees-Order,19,Dec,1893,30,December,1893,True,standard_dash,1.0,"Dec. 19 Hugin (s)-Gothenburg-330 lds. props, 90 lds. splits, 40 lds. sleepers, 95 lds. mining timber-Rowntrees-Order"
18931230p.708_p001.txt,28,Gladis,Gothenburg,TYNE,"192 lds. sleepers, 78 lds. props, 94 lds. splits, 75 pairs oars",,19,Dec,1893,30,December,1893,True,condensed,1.0,"Gladis (s)-Gothenburg-192 lds. sleepers, 78 lds. props, 94 lds. splits, 75 pairs oars-Order"
18931230p.708_p001.txt,29,Erling,Christiania,TYNE,"170 lds. mining timber, 242 bales woodpulp; from Arendal 171 bdls. staves",,19,Dec,1893,30,December,1893,True,condensed,1.0,"Erling (s) - Christiania-170 lds. mining timber, 242 bales woodpulp; from Arendal 171 bdls. staves-Order"
18931230p.708_p001.txt,30,Farning,Gothenburg,TYNE,"202 pkgs wood pulp, 25 lds. boards, 200 lds pit prop, 25 lds. sleepers, 155 lds. sleepers, 100 doors",,19,Dec,1893,30,December,1893,True,condensed,1.0,"Farning (s)-Gothenburg-202 pkgs wood pulp, 25 lds. boards, 200 lds pit prop, 25 lds. sleepers, 155 lds. sleepers, 100 doors-Order"
18931230p.708_p001.txt,33,White Head,Riga,TYNE,14 lds. lathwood-G. Heyn & Sons,G. Heyn & Sons,22,Dec,1893,30,December,1893,False,standard_dash,0.9,Dec. 22 White Head-Riga-14 lds. lathwood-G. Heyn & Sons
18931230p.708_p001.txt,35,Norden,Hudikswall,TYNE,"74 lds. red fir sawn, 321 lds. white fir sawn-H. & T. Bellas",H. & T. Bellas,21,Dec,1893,30,December,1893,False,standard_dash,0.9,"Dec. 21 Norden-Hudikswall-74 lds. red fir sawn, 321 lds. white fir sawn-H. & T. Bellas"
18931230p.708_p001.txt,36,Sinclair,Gothenburg,TYNE,"150 lds. flooring boards, 9 lds. battens-T. Mackey",T. Mackey,21,Dec,1893,30,December,1893,False,condensed,0.9,"Sinclair-Gothenburg-150 lds. flooring boards, 9 lds. battens-T. Mackey"
18931230p.708_p001.txt,39,Dago,Baltimore,BRISTOL,"899 pcs. poplar-W. Mallinson 170 pcs. oak-R. Collard & Co.; 54 pcs. oak-May & Hassell; 84 ash logs-J. Richards; 12 poplar logs, 816 pcs. poplar-King Bros.",W. Mallinson,20,Dec,1893,30,December,1893,True,standard_dash,0.9,"Dec. 20 Dago (s)-Baltimore-899 pcs. poplar-W. Mallinson; 170 pcs. oak-R. Collard & Co.; 54 pcs. oak-May & Hassell; 84 ash logs-J. Richards; 12 poplar logs, 816 pcs. poplar-King Bros."
18931230p.708_p001.txt,42,Rappahannock,Newport News,LIVERPOOL,"1,730 oak planks-Potts & Redhead 10,690 bdls. hickory squares, 37 walnut logs-Order",Potts & Redhead,21,Dec,1893,30,December,1893,True,standard_dash,0.9,"Dec. 21 Rappahannock (s)-Newport News-1,730 oak planks-Potts & Redhead; 10,690 bdls. hickory squares, 37 walnut logs-Order"
18931230p.708_p001.txt,43,Philadelphian,Boston,LIVERPOOL,"2,400 pipe staves, 4,300 hhd. staves-Drysdale Bros.",Drysdale Bros.,21,Dec,1893,30,December,1893,True,condensed,0.9,"Philadelphian (s)-Boston-2,400 pipe staves, 4,300 hhd. staves-Drysdale Bros."
18931230p.708_p001.txt,44,Sagamore,Boston,LIVERPOOL,"5,600 pipe staves-Farnworth & Jardine",Farnworth & Jardine,21,Dec,1893,30,December,1893,True,condensed,0.9,"Sagamore (s)-Boston-5,600 pipe staves-Farnworth & Jardine"
18931230p.708_p001.txt,45,Labrador,"Portland, Me.",LIVERPOOL,"1,119 maple blocks-T. Mitchell 1,468 maple blocks-I. Silverwood",T. Mitchell,21,Dec,1893,30,December,1893,True,condensed,0.9,"Labrador (s)-Portland, Me.-1,119 maple blocks-T. Mitchell; 1,468 maple blocks-I. Silverwood"
18931230p.708_p001.txt,47,Emilie,Laguna,LIVERPOOL,"227 logs, 56 log ends mahogany-Skelton & Schofield",Skelton & Schofield,23,Dec,1893,30,December,1893,False,standard_dash,0.9,"Dec. 23 Emilie-Laguna-227 logs, 56 log ends mahogany-Skelton & Schofield"
18931230p.708_p001.txt,49,Barrowmore,Baltimore,LIVERPOOL,"153 pcs. lumber-Robertson & Co. 228 logs walnut, 23 oak planks, 1,330 poplar boards-Farnworth & Jardine; 504 pcs. oak-Duncan, Ewing, & Co.; 203 pcs. oak-Bilsborough & Co.; 27 poplar squares-Illingworth, Ingham, & Co.; 4,503 oak planks, 726 pcs. oak, 638 pcs. walnut-Order",Robertson & Co.,27,Dec,1893,30,December,1893,True,standard_dash,0.9,"Dec. 27 Barrowmore (s)-Baltimore-153 pcs. lumber-Robertson & Co.; 228 logs walnut, 23 oak planks, 1,330 poplar boards-Farnworth & Jardine; 504 pcs. oak-Duncan, Ewing, & Co.; 203 pcs. oak-Bilsborough & Co.; 27 poplar squares-Illingworth, Ingham, & Co.; 4,503 oak planks, 726 pcs. oak, 638 pcs. walnut-Order"
18931230p.708_p001.txt,51,Palmyra,Fiume,LIVERPOOL,"12,000 oak staves-J. Watson & Co.",J. Watson & Co.,27,Dec,1893,30,December,1893,True,standard_dash,0.9,"Dec. 27 Palmyra (s)-Fiume-12,000 oak staves-J. Watson & Co."
18931230p.708_p001.txt,53,Alice,Windau,NEWPORT,"310 lds. pit props-Lancaster, Spier, & Co.","Lancaster, Spier, & Co.",19,Dec,1893,30,December,1893,False,standard_dash,1.0,"Dec. 19 Alice-Windau-310 lds. pit props-Lancaster, Spier, & Co."
18931230p.708_p001.txt,54,Caroline Victoire,Orient,NEWPORT,"110 lds. pitwood-Watts, Ward, & Co.","Watts, Ward, & Co.",19,Dec,1893,30,December,1893,False,condensed,1.0,"Caroline Victoire-Orient-110 lds. pitwood-Watts, Ward, & Co."
18931230p.708_p001.txt,55,Tancred,Bordeaux,NEWPORT,"1,230 lds. pitwood-Watts, Budd & Co.","Watts, Budd & Co.",19,Dec,1893,30,December,1893,False,condensed,1.0,"Tancred-Bordeaux-1,230 lds. pitwood-Watts, Budd & Co."
18931230p.708_p001.txt,56,Hortense,Hennebont,NEWPORT,180 lds. pit props-Budd & Co.,Budd & Co.,20,Dec,1893,30,December,1893,False,condensed,1.0,20 Hortense-Hennebont-180 lds. pit props-Budd & Co.
18931230p.708_p001.txt,57,Aigrette,Hennebont,NEWPORT,195 lds. pit props-Budd,Budd,19,Dec,1893,30,December,1893,False,condensed,0.9,Aigrette-Hennebont-195 lds. pit props-Budd
18931230p.708_p001.txt,58,Joseph,Hennebont,NEWPORT,105 lds. pit props-Budd & Co.,Budd & Co.,21,Dec,1893,30,December,1893,False,condensed,0.9,21 St. Joseph-Hennebont-105 lds. pit props-Budd & Co.
18931230p.708_p001.txt,60,Elphinstone,Kotka,NEWPORT,"1,400 lds. sawn fir-J. R. Daniels",J. R. Daniels,21,Dec,1893,30,December,1893,False,standard_dash,0.9,"Dec. 21 Elphinstone-Kotka-1,400 lds. sawn fir-J. R. Daniels"
18931230p.708_p001.txt,62,Munin,Gothenburg,NEWPORT,"405 lds. hewn fir, 3 lds. sawn fir-E. W. Campbell",E. W. Campbell,19,Dec,1893,30,December,1893,False,standard_dash,0.9,"Dec. 19 Munin-Gothenburg-405 lds. hewn fir, 3 lds. sawn fir-E. W. Campbell"
18931230p.708_p001.txt,64,Petit Eugene,St. Brieux,NEWPORT,120 lds. pit props-L. G. Mouchel,L. G. Mouchel,19,Dec,1893,30,December,1893,False,standard_dash,0.9,Dec. 19 Petit Eugene-St. Brieux-120 lds. pit props-L. G. Mouchel
18931230p.708_p001.txt,76,Lisnacrieve,"Norfolk, Va.",NEWPORT,"8,131 staves",,23,Dec,1893,30,December,1893,False,standard_dash,0.9,"Dec. 23 Lisnacrieve-Norfolk, Va.-8,131 staves-Order"
18931230p.708_p001.txt,79,Foreningen,Norrkoping,LONDON,"26,100 battens",,21,Dec,1893,30,December,1893,True,standard_dash,0.9,"Dec. 21 Foreningen (s)-Norrkoping-26,100 battens-Order"
18931230p.708_p001.txt,80,Lotos,Fredrikstad,LONDON,"37,902 boards-F. Briesemann's Succrs.",F. Briesemann's Succrs.,22,Dec,1893,30,December,1893,True,condensed,0.9,"22 Lotos (s)-Fredrikstad-37,902 boards-F. Briesemann's Succrs."
18931230p.708_p001.txt,81,Ulf,Fredrikstad,LONDON,"104,670 floorings-Boy-son & Slee",Boy-son & Slee,21,Dec,1893,30,December,1893,True,condensed,0.9,"Ulf (s)-Fredrikstad-104,670 floorings-Boy-son & Slee"
18931230p.708_p001.txt,82,Pallas,Helsingfors,LONDON,"4,788 boards, 1 bdle. mouldings-E. G. Sieveking 715 bgs. brush stocks-C. S. Flaxman; 13,336 battens, 659 doors, 436 bdls. battens, &c., 11,106 floorings and matchboards-Order",E. G. Sieveking,27,Dec,1893,30,December,1893,True,condensed,0.9,"27 Pallas (s)-Helsingfors-4,788 boards, 1 bdle. mouldings-E. G. Sieveking; 715 bgs. brush stocks-C. S. Flaxman; 13,336 battens, 659 doors, 436 bdls. battens, &c., 11,106 floorings and matchboards-Order"
18931230p.708_p001.txt,83,Constance,Fredrikstad,LONDON,168 stds. floorings-R. H. Dahl & Co.,R. H. Dahl & Co.,21,Dec,1893,30,December,1893,True,condensed,0.9,Constance (s)-Fredrikstad-168 stds. floorings-R. H. Dahl & Co.
18931230p.708_p001.txt,84,Agathe,Memel,LONDON,"66,849 staves",,21,Dec,1893,30,December,1893,True,condensed,0.9,"Agathe (s)-Memel-66,849 staves-Order"
18931230p.708_p001.txt,85,Avena,Uddevalla,LONDON,"163 bdls., 4,728 pcs. boards, 1,035 doors, 25 crates trellis, 1,315 bdls. mouldings-S. Brown",S. Brown,21,Dec,1893,30,December,1893,True,condensed,0.9,"Avena (s)-Uddevalla-163 bdls., 4,728 pcs. boards, 1,035 doors, 25 crates trellis, 1,315 bdls. mouldings-S. Brown"
18931230p.708_p001.txt,86,Viola,Botwoodville,LONDON,"6,028 boards, 8,716 battens and ends, 9,360 deal ends, 1,429 deals",,21,Dec,1893,30,December,1893,False,condensed,0.9,"Viola-Botwoodville-6,028 boards, 8,716 battens and ends, 9,360 deal ends, 1,429 deals-Order"
18931230p.708_p001.txt,87,S. S. Wilton,Riga,LONDON,105 stds. deals-C. H. Glover & Co.,C. H. Glover & Co.,21,Dec,1893,30,December,1893,False,condensed,0.9,S. S. Wilton-Riga-105 stds. deals-C. H. Glover & Co.
18931230p.708_p001.txt,89,Winestad,Fiume,LONDON,"6,000 staves-Foy, Morgan, & Co. 1,884 planks-W. Oliver & Sons; 5,908 floorings, 246 bdls. boards, 599 planks-Order","Foy, Morgan, & Co.",21,Dec,1893,30,December,1893,True,standard_dash,0.9,"Dec. 21 Winestad (s)-Fiume-6,000 staves-Foy, Morgan, & Co.; 1,884 planks-W. Oliver & Sons; 5,908 floorings, 246 bdls. boards, 599 planks-Order"
18931230p.708_p001.txt,90,Janet Ferguson,Savannah,LONDON,"12,000 staves-Standard Stave and Cooperage",Standard Stave and Cooperage,21,Dec,1893,30,December,1893,False,condensed,0.9,"Janet Ferguson - Savannah-12,000 staves-Standard Stave and Cooperage"
18931230p.708_p001.txt,91,Presto,Stockholm,LONDON,"403 bdls. mouldings-Crow & Son 1,915 bdls. mouldings-Order; 628 bdls. mouldings-Vigers Bros.; 2,610 doors, 176 pkgs. trellis, 49 bdls. window parts, 296 building parts, 1,784 bdls. mouldings-A. Losack; 16 bdls. trellis, 2,100 doors-Order",Crow & Son,22,Dec,1893,30,December,1893,True,condensed,0.9,"22 Presto (s)-Stockholm-403 bdls. mouldings-Crow & Son; 1,915 bdls. mouldings-Order; 628 bdls. mouldings-Vigers Bros.; 2,610 doors, 176 pkgs. trellis, 49 bdls. window parts, 296 building parts, 1,784 bdls. mouldings-A. Losack; 16 bdls. trellis, 2,100 doors-Order"
18931230p.708_p001.txt,92,Blonde,Danzig,LONDON,"150 deals, 3,208 sleeper blocks, 55 pcs. timber",,21,Dec,1893,30,December,1893,True,condensed,0.9,"Blonde (s)-Danzig-150 deals, 3,208 sleeper blocks, 55 pcs. timber-Order"
18931230p.708_p001.txt,93,Alford,Riga,LONDON,"2,498 battens-J. B. R. Lang-ford 7,308 pcs. lathwood, 14,739 battens-Order",J. B. R. Lang-ford,21,Dec,1893,30,December,1893,True,condensed,0.9,"Alford (s)-Riga-2,498 battens-J. B. R. Lang-ford; 7,308 pcs. lathwood, 14,739 battens-Order"
18931230p.708_p001.txt,94,Thorsten,Gothenburg,LONDON,"577 bdls. mouldings, 376 doors-J. Sandell & Co. 13,828 battens, 3,541 bdls. boxboards-Order",J. Sandell & Co.,27,Dec,1893,30,December,1893,True,condensed,0.9,"27 Thorsten (s)-Gothenburg-577 bdls. mouldings, 376 doors-J. Sandell & Co.; 13,828 battens, 3,541 bdls. boxboards-Order"
18931230p.708_p001.txt,96,Wooler,Berbice,LONDON,35 scantlings-D. Baird & Co.,D. Baird & Co.,23,Dec,1893,30,December,1893,True,standard_dash,0.9,Dec. 23 Wooler (s)-Berbice-35 scantlings-D. Baird & Co.
18931230p.708_p001.txt,97,Inchulva,"St. John, N.B.",LONDON,"1,887 deals, 197 ends-W. Malcolm Mackay from Halifax-222 doors, 163 bdls. mouldings, 1,639 pcs. lumber, 834 doors, 932 bdls. mouldings-Bryce, Junor, & Co.; 819 cs. splints-Bryant & May",W. Malcolm Mackay,23,Dec,1893,30,December,1893,True,condensed,0.9,"Inchulva (s)-St. John, N.B.-1,887 deals, 197 ends-W. Malcolm Mackay; from Halifax-222 doors, 163 bdls. mouldings, 1,639 pcs. lumber, 834 doors, 932 bdls. mouldings-Bryce, Junor, & Co.; 819 cs. splints-Bryant & May"
18931230p.708_p001.txt,99,Katy and Hanna,Hernösand,LYNN,390 lds. props-Garland & Flaxman,Garland & Flaxman,20,Dec,1893,30,December,1893,False,standard_dash,1.0,Dec. 20 Katy and Hanna-Hernösand-390 lds. props-Garland & Flaxman
18931230p.708_p001.txt,101,Agder,Skien,LYNN,"14 lds. fir hewn-W. Haagenson, Watt, & Co.","W. Haagenson, Watt, & Co.",21,Dec,1893,30,December,1893,True,standard_dash,1.0,"Dec. 21 Agder (s)-Skien-14 lds. fir hewn-W. Haagenson, Watt, & Co."
18931230p.708_p001.txt,104,Bovic,New York,LIVERPOOL,"9,800 pcs., 2,100 bdls. staves",,22,Dec,1893,30,December,1893,True,standard_dash,0.9,"Dec. 22 Bovic (s)-New York-9,800 pcs., 2,100 bdls. staves-Order"
18931230p.708_p001.txt,105,Labrador,"Portland, Me.",LIVERPOOL,"2,268 deals-S. D. Thompson",S. D. Thompson,27,Dec,1893,30,December,1893,True,condensed,0.9,"27 Labrador (s)-Portland, Me.-2,268 deals-S. D. Thompson"
18931230p.708_p001.txt,107,Starlight,Gefle,LIVERPOOL,"10,850 deals, boards, and battens, 5,145 planed boards",,21,Dec,1893,30,December,1893,True,standard_dash,0.9,"Dec. 21 Starlight (s)-Gefle-10,850 deals, boards, and battens, 5,145 planed boards-Order"
18931230p.708_p001.txt,109,Rock City,"Halifax, N.S.",LIVERPOOL,"19,488 spruce deals, 2,831 spruce ends, 19 spruce scantlings, 2,136 birch deals, 276 birch ends-Farnworth & Jardine",Farnworth & Jardine,27,Dec,1893,30,December,1893,False,standard_dash,0.9,"Dec. 27 Rock City-Halifax, N.S.-19,488 spruce deals, 2,831 spruce ends, 19 spruce scantlings, 2,136 birch deals, 276 birch ends-Farnworth & Jardine"
18931230p.708_p001.txt,111,Sleipner,Snaroen,LIVERPOOL,"59,131 Ldls. sawn fir, 58,214 loose staves",,27,Dec,1893,30,December,1893,True,standard_dash,0.9,"Dec. 27 Sleipner (s)-Snaroen-59,131 Ldls. sawn fir, 58,214 loose staves-Order"
18931230p.708_p001.txt,113,Gaditano,New Orleans,LIVERPOOL,300 ex. pipe staves-E. Chaloner & Co.,E. Chaloner & Co.,23,Dec,1893,30,December,1893,True,standard_dash,0.9,Dec. 23 Gaditano (s)-New Orleans-300 ex. pipe staves-E. Chaloner & Co.
18931230p.708_p001.txt,191,Andrea,Puerto Plata,S,"804 logs, 900 curls mahogany-E. Chaloner & Co.",E. Chaloner & Co.,23,Dec,1893,30,December,1893,False,condensed,0.9,"Andrea-Puerto Plata-804 logs, 900 curls mahogany-E. Chaloner & Co."
18931230p.708_p001.txt,193,British Princess,Philadelphia,S,330 maple blocks-J. Kennedy & Co.,J. Kennedy & Co.,27,Dec,1893,30,December,1893,True,standard_dash,0.9,Dec. 27 British Princess (s)-Philadelphia-330 maple blocks-J. Kennedy & Co.
18931230p.708_p001.txt,194,Barbadian,New Orleans,S,"621 pcs. oak, 150 pcs. poplar, 7,000 sq. ft. boards",,27,Dec,1893,30,December,1893,True,condensed,0.9,"Barbadian (s)-New Orleans-621 pcs. oak, 150 pcs. poplar, 7,000 sq. ft. boards-Order"
18931230p.708_p001.txt,196,Liguria,Valparaiso,S,87 logs mahogany-Edwards & Co. 34 pcs. mahogany-Huertomatte,Edwards & Co.,27,Dec,1893,30,December,1893,True,standard_dash,0.9,Dec. 27 Liguria (s)-Valparaiso-87 logs mahogany-Edwards & Co.; 34 pcs. mahogany-Huertomatte
18931230p.708_p001.txt,199,Septima,Libau,LONDON,"31,105 oak staves",,27,Dec,1893,30,December,1893,True,standard_dash,0.9,"Dec. 27 Septima (s)-Libau-31,105 oak staves-Order"
18931230p.708_p001.txt,201,Maryland,Baltimore,TILBURY DOCKS,"1 car maple-Cobbett & Co. 1 car lumber-W. Mallinson & Co.; 1 car lumber, 1,431 pcs. lumber-Churchill & Sim",Cobbett & Co.,22,Dec,1893,30,December,1893,True,standard_dash,1.0,"Dec. 22 Maryland (s)-Baltimore-1 car maple-Cobbett & Co.; 1 car lumber-W. Mallinson & Co.; 1 car lumber, 1,431 pcs. lumber-Churchill & Sim"
18931230p.708_p002.txt,13,Ocar,Newport,S EXECUTED FOR COUNTRY BUYERS,"105 lds. pitwood, 1,300 pcs. props-J. Beynon & Co.",J. Beynon & Co.,26,Dec,1893,30,December,1893,True,standard_dash,1.0,"Dec. 26 Ocar (s)—Newport—105 lds. pitwood, 1,300 pcs. props—J. Beynon & Co."
18931230p.708_p002.txt,14,Fritiof,Gothenburg,S EXECUTED FOR COUNTRY BUYERS,330 lds. pitwood,,27,Dec,1893,30,December,1893,True,standard_dash,1.0,Dec. 27 Fritiof (s)—Gothenburg—330 lds. pitwood—Order
18931230p.708_p002.txt,15,Gothia,Gothenburg,S EXECUTED FOR COUNTRY BUYERS,"192 lds. sleepers, 78 pcs. props, 40 lds. sleepers, 95 lds. sleepers, 150 ds. splits, 75 pairs oars",,28,Dec,1893,30,December,1893,True,standard_dash,1.0,"Dec. 28 Gothia (s)—Gothenburg—192 lds. sleepers, 78 pcs. props, 40 lds. sleepers, 95 lds. sleepers, 150 ds. splits, 75 pairs oars—Order"
18931230p.708_p002.txt,16,Tordenskjold,Christiania,S EXECUTED FOR COUNTRY BUYERS,"170 lds. mining timber, 150 lds. woodpulp; from Arendal 200 lds. woodpulp",,28,Dec,1893,30,December,1893,True,standard_dash,0.9,"Dec. 28 Tordenskjold (s)—Christiania—170 lds. mining timber, 150 lds. woodpulp; from Arendal 200 lds. woodpulp—Order"
18931230p.708_p002.txt,17,Gothia,Gothenburg,S EXECUTED FOR COUNTRY BUYERS,"202 pkgs. wood pulp, 200 lds. pit prop, 25 lds. props, 5 lds. sleepers, 100 doors",,28,Dec,1893,30,December,1893,True,standard_dash,0.9,"Dec. 28 Gothia (s)—Gothenburg—202 pkgs. wood pulp, 200 lds. pit prop, 25 lds. props, 5 lds. sleepers, 100 doors—Order"
18931230p.708_p002.txt,20,Romeo,Riga,S EXECUTED FOR COUNTRY BUYERS,116 lds. lathwood-Wilson & Co.,Wilson & Co.,27,Dec,1893,30,December,1893,True,standard_dash,0.9,Dec. 27 Romeo (s)—Riga—116 lds. lathwood—Wilson & Co.
18931230p.708_p002.txt,23,Romeo,Riga,GRIMSBY,11 lds. lathwood-Wilson & Co.,Wilson & Co.,27,Dec,1893,30,December,1893,True,standard_dash,0.9,Dec. 27 Romeo (s)—Riga—11 lds. lathwood—Wilson & Co.
18931230p.708_p002.txt,26,Ralph,Ghent,GOOLE,292 lds. sleepers-J. Bennet & Co.,J. Bennet & Co.,27,Dec,1893,30,December,1893,True,standard_dash,0.9,Dec. 27 Ralph (s)—Ghent—292 lds. sleepers—J. Bennet & Co.
18931230p.708_p002.txt,29,Ocar,Newport,GOOLE,105 lds. pitwood-J. Westoll,J. Westoll,27,Dec,1893,30,December,1893,True,standard_dash,0.9,Dec. 27 Ocar (s)—Newport—105 lds. pitwood—J. Westoll
18931230p.708_p002.txt,33,Romeo,Stettin,GOOLE,ad,,27,Dec,1893,30,December,1893,True,standard_dash,0.9,Dec. 27 Romeo (s)—Stettin—ad—Riga—14 lds. lathwood—Order
18931230p.708_p002.txt,34,Romeo,Stettin,GOOLE,18 lds. sleepers,,27,Dec,1893,30,December,1893,True,standard_dash,0.9,Dec. 27 Romeo (s)—Stettin—18 lds. sleepers—Order
18931230p.708_p002.txt,37,Martha,Sundikswall,GOOLE,74 lds. red fir sawn timber-H. A. Gihon,H. A. Gihon,22,Dec,1893,30,December,1893,True,standard_dash,0.9,Dec. 22 Martha (s)—Sundikswall—74 lds. red fir sawn timber—H. A. Gihon
18931230p.708_p002.txt,38,Martha,Sundikswall,GOOLE,H. & T. Bellas,,22,Dec,1893,30,December,1893,True,condensed,0.9,Martha (s)—Sundikswall—H. & T. Bellas
18931230p.708_p002.txt,39,Gothia,Gothenburg,GOOLE,150 lds. flooring battens-T. Mackey,T. Mackey,26,Dec,1893,30,December,1893,True,standard_dash,0.9,Dec. 26 Gothia (s)—Gothenburg—150 lds. flooring battens—T. Mackey
18931230p.708_p002.txt,43,Montana,Baltimore,BRISTOL,899 pcs. poplar-W. & T. Adams,W. & T. Adams,27,Dec,1893,30,December,1893,True,standard_dash,0.9,Dec. 27 Montana (s)—Baltimore—899 pcs. poplar—W. & T. Adams
18931230p.708_p002.txt,44,Montana,Baltimore,BRISTOL,9 pcs. oak-R. Collart & Co.,R. Collart & Co.,27,Dec,1893,30,December,1893,True,standard_dash,0.9,Dec. 27 Montana (s)—Baltimore—9 pcs. oak—R. Collart & Co.
18931230p.708_p002.txt,45,Montana,Baltimore,BRISTOL,84 ash logs-T. B. & S. Batchelor & Co.,T. B. & S. Batchelor & Co.,27,Dec,1893,30,December,1893,True,standard_dash,0.9,Dec. 27 Montana (s)—Baltimore—84 ash logs—T. B. & S. Batchelor & Co.
18931230p.708_p002.txt,46,Montana,Baltimore,BRISTOL,"2 poplar lozs, 816 pcs. poplar",,27,Dec,1893,30,December,1893,True,standard_dash,0.9,"Dec. 27 Montana (s)—Baltimore—2 poplar lozs, 816 pcs. poplar—Order"
18931230p.708_p002.txt,50,Montana,Baltimore,LIVERPOOL,"1,344 pcs. lumber-Churchill & Sim 222 pcs. lumber—Mallinson & Co.; 17,597 pcs. lumber—Order; 943 pcs. lumber—G. F. Smith & Co.; 917 pcs. lumber—Farnworth & Jardine",Churchill & Sim,27,Dec,1893,30,December,1893,True,standard_dash,0.9,"Dec. 27 Montana (s)—Baltimore—1,344 pcs. lumber—Churchill & Sim; 222 pcs. lumber—Mallinson & Co.; 17,597 pcs. lumber—Order; 943 pcs. lumber—G. F. Smith & Co.; 917 pcs. lumber—Farnworth & Jardine"
18931230p.708_p002.txt,50,pcs.,,LIVERPOOL,"lumber Mallinson & Co.; 17,597 pcs. lumber 943 pcs. lumber—G. F. Smith & Co.; 917 pcs. lumber—Farnworth & Jardine",,27,Dec,1893,30,December,1893,False,condensed,0.9,"222 pcs. lumber—Mallinson & Co.; 17,597 pcs. lumber—Order; 943 pcs. lumber—G. F. Smith & Co.; 917 pcs. lumber—Farnworth & Jardine"
18931230p.708_p002.txt,50,pcs.,,LIVERPOOL,lumber G. F. Smith & Co.; 917 pcs. lumber-Farnworth & Jardine,Farnworth & Jardine,27,Dec,1893,30,December,1893,False,condensed,0.9,943 pcs. lumber—G. F. Smith & Co.; 917 pcs. lumber—Farnworth & Jardine
18931230p.708_p002.txt,51,Montana,Baltimore,LIVERPOOL,"1,922 pcs. lumber-Watson & Co.",Watson & Co.,27,Dec,1893,30,December,1893,True,standard_dash,0.9,"Dec. 27 Montana (s)—Baltimore—1,922 pcs. lumber—Watson & Co."
18931230p.708_p002.txt,52,Montana,Baltimore,LIVERPOOL,12 pcs. oak-J. Kennedy & Co.,J. Kennedy & Co.,27,Dec,1893,30,December,1893,True,standard_dash,0.9,Dec. 27 Montana (s)—Baltimore—12 pcs. oak—J. Kennedy & Co.
18931230p.708_p002.txt,53,Montana,Baltimore,LIVERPOOL,"196 logs, 1,020 pcs. walnut-Watson & Co.",Watson & Co.,27,Dec,1893,30,December,1893,True,standard_dash,0.9,"Dec. 27 Montana (s)—Baltimore—196 logs, 1,020 pcs. walnut—Watson & Co."
18931230p.708_p002.txt,54,Montana,Baltimore,LIVERPOOL,"1,148 pcs. walnut",,27,Dec,1893,30,December,1893,True,standard_dash,0.9,"Dec. 27 Montana (s)—Baltimore—1,148 pcs. walnut—Order"
18931230p.708_p002.txt,55,Montana,Baltimore,LIVERPOOL,"1,148 pcs. walnut",,27,Dec,1893,30,December,1893,True,standard_dash,0.9,"Dec. 27 Montana (s)—Baltimore—1,148 pcs. walnut—Order"
18931230p.708_p002.txt,58,Salor,Laguna,LIVERPOOL,"83 logs, 56 log ends mahogany-Farnworth & Jardine",Farnworth & Jardine,27,Dec,1893,30,December,1893,False,standard_dash,0.9,"Dec. 27 Salor—Laguna—83 logs, 56 log ends mahogany—Farnworth & Jardine"
18931230p.708_p002.txt,61,Perim,Poti,ORMSBY DOCK,"113 logs walnut-A. Dobell & Co. 228 logs walnut, 40 pcs. oak—J. Smith & Co.; 330 poplar boards—Farnworth & Jardine",A. Dobell & Co.,27,Dec,1893,30,December,1893,True,standard_dash,1.0,"Dec. 27 Perim (s)—Poti—113 logs walnut—A. Dobell & Co.; 228 logs walnut, 40 pcs. oak—J. Smith & Co.; 330 poplar boards—Farnworth & Jardine"
18931230p.708_p002.txt,62,Perim,Poti,ORMSBY DOCK,"94 pcs. oak-Duncan, Ewing & Co.","Duncan, Ewing & Co.",27,Dec,1893,30,December,1893,True,standard_dash,1.0,"Dec. 27 Perim (s)—Poti—94 pcs. oak—Duncan, Ewing & Co."
18931230p.708_p002.txt,63,Perim,Poti,ORMSBY DOCK,"7 pcs. oak-Bilsborough & Co. 7 pcs. oak—Illingworth, Ingham, & Co.",Bilsborough & Co.,27,Dec,1893,30,December,1893,True,standard_dash,1.0,"Dec. 27 Perim (s)—Poti—7 pcs. oak—Bilsborough & Co.; 7 pcs. oak—Illingworth, Ingham, & Co."
18931230p.708_p002.txt,63,pcs.,,ORMSBY DOCK,"oak Illingworth, Ingham, & Co.",,27,Dec,1893,30,December,1893,False,condensed,1.0,"7 pcs. oak—Illingworth, Ingham, & Co."
18931230p.708_p002.txt,64,Perim,Poti,ORMSBY DOCK,"726 pcs. oak, 638 pcs. ash",,27,Dec,1893,30,December,1893,True,standard_dash,1.0,"Dec. 27 Perim (s)—Poti—726 pcs. oak, 638 pcs. ash—Order"
18931230p.708_p002.txt,67,Alecto,New York,KIDDSON DOCK,"12,000 staves",,27,Dec,1893,30,December,1893,True,standard_dash,1.0,"Dec. 27 Alecto (s)—New York—12,000 staves—Order"
18931230p.708_p002.txt,68,Alecto,New York,KIDDSON DOCK,"804 logs, 903 cants ash-J. Kennedy & Co.",J. Kennedy & Co.,27,Dec,1893,30,December,1893,True,standard_dash,1.0,"Dec. 27 Alecto (s)—New York—804 logs, 903 cants ash—J. Kennedy & Co."
18931230p.708_p002.txt,69,Alecto,New York,KIDDSON DOCK,"1,431 pcs. lumber-G. F. Smith & Co.",G. F. Smith & Co.,27,Dec,1893,30,December,1893,True,standard_dash,1.0,"Dec. 27 Alecto (s)—New York—1,431 pcs. lumber—G. F. Smith & Co."
18931230p.708_p002.txt,72,Ocar,Newport,LIVERPOOL (KIDDSON DOCK),105 lds. pitwood-J. Beynon & Co.,J. Beynon & Co.,27,Dec,1893,30,December,1893,True,standard_dash,0.9,Dec. 27 Ocar (s)—Newport—105 lds. pitwood—J. Beynon & Co.
18931230p.708_p002.txt,75,Princess,Philadelphia,KINGTON DOCK,439 pcs. oak-J. Kennedy & Co.,J. Kennedy & Co.,27,Dec,1893,30,December,1893,True,standard_dash,1.0,Dec. 27 Princess (s)—Philadelphia—439 pcs. oak—J. Kennedy & Co.
18931230p.708_p002.txt,76,Princess,Philadelphia,KINGTON DOCK,"621 pcs. oak, 10 pcs. walnut, 7,000 sq. ft. boards",,27,Dec,1893,30,December,1893,True,standard_dash,1.0,"Dec. 27 Princess (s)—Philadelphia—621 pcs. oak, 10 pcs. walnut, 7,000 sq. ft. boards—Order"
18931230p.708_p002.txt,79,Valparaiso,Valparaiso,LIVERPOOL (KINGTON DOCK),87 logs mahogany-Farnworth & Jardine,Farnworth & Jardine,27,Dec,1893,30,December,1893,True,standard_dash,0.9,Dec. 27 Valparaiso (s)—Valparaiso—87 logs mahogany—Farnworth & Jardine
18931230p.708_p002.txt,80,Valparaiso,Valparaiso,LIVERPOOL (KINGTON DOCK),34 pcs. mahogany,,27,Dec,1893,30,December,1893,True,standard_dash,0.9,Dec. 27 Valparaiso (s)—Valparaiso—34 pcs. mahogany—Order
18931230p.708_p002.txt,84,Lisbon,Lisbon,LONDON,31 lds. staves,,27,Dec,1893,30,December,1893,True,standard_dash,0.9,Dec. 27 Lisbon (s)—Lisbon—31 lds. staves—Order
18931230p.708_p002.txt,87,Salor,Laguna,TILBURY DOCKS,1 car mahogany,,27,Dec,1893,30,December,1893,True,standard_dash,1.0,Dec. 27 Salor (s)—Laguna—1 car mahogany—Order
18931230p.708_p002.txt,88,Salor,Laguna,TILBURY DOCKS,"1,431 pcs. lumber",,27,Dec,1893,30,December,1893,True,standard_dash,1.0,"Dec. 27 Salor (s)—Laguna—1,431 pcs. lumber—Order"
18931230p.708_p002.txt,99,Montana,Baltimore,LONDON (TILBURY DOCKS),"1,344 pcs. lumber-Churchill & Sim 222 pcs. lumber—Mallinson & Co.; 17,597 pcs. lumber—Order; 943 pcs. lumber—G. F. Smith & Co.; 917 pcs. lumber—Farnworth & Jardine; 1,922 pcs. lumber—Watson & Co.; 12 pcs. oak—J. Kennedy & Co.; 196 logs, 1,020 pcs. walnut—Watson & Co.; 1,148 pcs. walnut—Order; 1,148 pcs. walnut—Order",Churchill & Sim,27,Dec,1893,30,December,1893,True,standard_dash,0.9,"Dec. 27 Montana (s)—Baltimore—1,344 pcs. lumber—Churchill & Sim; 222 pcs. lumber—Mallinson & Co.; 17,597 pcs. lumber—Order; 943 pcs. lumber—G. F. Smith & Co.; 917 pcs. lumber—Farnworth & Jardine; 1,922 pcs. lumber—Watson & Co.; 12 pcs. oak—J. Kennedy & Co.; 196 logs, 1,020 pcs. walnut—Watson & Co.; 1,148 pcs. walnut—Order; 1,148 pcs. walnut—Order"
18931230p.708_p002.txt,99,pcs.,,LONDON (TILBURY DOCKS),"lumber Mallinson & Co.; 17,597 pcs. lumber 943 pcs. lumber—G. F. Smith & Co.; 917 pcs. lumber—Farnworth & Jardine; 1,922 pcs. lumber—Watson & Co.; 12 pcs. oak—J. Kennedy & Co.; 196 logs, 1,020 pcs. walnut—Watson & Co.; 1,148 pcs. walnut—Order; 1,148 pcs. walnut—Order",,27,Dec,1893,30,December,1893,False,condensed,0.9,"222 pcs. lumber—Mallinson & Co.; 17,597 pcs. lumber—Order; 943 pcs. lumber—G. F. Smith & Co.; 917 pcs. lumber—Farnworth & Jardine; 1,922 pcs. lumber—Watson & Co.; 12 pcs. oak—J. Kennedy & Co.; 196 logs, 1,020 pcs. walnut—Watson & Co.; 1,148 pcs. walnut—Order; 1,148 pcs. walnut—Order"
18931230p.708_p002.txt,99,pcs.,,LONDON (TILBURY DOCKS),"lumber G. F. Smith & Co.; 917 pcs. lumber-Farnworth & Jardine 1,922 pcs. lumber—Watson & Co.; 12 pcs. oak—J. Kennedy & Co.; 196 logs, 1,020 pcs. walnut—Watson & Co.; 1,148 pcs. walnut—Order; 1,148 pcs. walnut—Order",Farnworth & Jardine,27,Dec,1893,30,December,1893,False,condensed,0.9,"943 pcs. lumber—G. F. Smith & Co.; 917 pcs. lumber—Farnworth & Jardine; 1,922 pcs. lumber—Watson & Co.; 12 pcs. oak—J. Kennedy & Co.; 196 logs, 1,020 pcs. walnut—Watson & Co.; 1,148 pcs. walnut—Order; 1,148 pcs. walnut—Order"
18931230p.708_p002.txt,100,Alecto,New York,LONDON (TILBURY DOCKS),"43 pcs. lumber-Armstrong & Co. 1,300 pcs. lumber, 1 pkge. lumber—Lean & Co.; 1,000 crates veneer—H. Herrmann",Armstrong & Co.,27,Dec,1893,30,December,1893,True,standard_dash,0.9,"Dec. 27 Alecto (s)—New York—43 pcs. lumber—Armstrong & Co.; 1,300 pcs. lumber, 1 pkge. lumber—Lean & Co.; 1,000 crates veneer—H. Herrmann"
18931230p.708_p002.txt,102,Alecto,New York,LONDON (TILBURY DOCKS),"43 pcs. lumber-B. F. Dowdeswell 50 logs walnut, 1,000 pcs. oak—Hoar & Brown",B. F. Dowdeswell,27,Dec,1893,30,December,1893,True,standard_dash,0.9,"Dec. 27 Alecto (s)—New York—43 pcs. lumber—B. F. Dowdeswell; 50 logs walnut, 1,000 pcs. oak—Hoar & Brown"
18931230p.708_p002.txt,103,Menantic,Philadelphia,LONDON (TILBURY DOCKS),"2,130 staves-Latham",Latham,27,Dec,1893,30,December,1893,True,standard_dash,0.9,"Dec. 27 Menantic (s)—Philadelphia—2,130 staves—Latham"
18931230p.708_p002.txt,105,Salor,Laguna de Terminos,LONDON (TILBURY DOCKS),83 log ends mahogany-R. Barton,R. Barton,23,Dec,1893,30,December,1893,False,standard_dash,0.9,Dec. 23 Salor—Laguna de Terminos—83 log ends mahogany—R. Barton
18931230p.708_p002.txt,107,Perim,Poti,LONDON (TILBURY DOCKS),113 logs walnut,,27,Dec,1893,30,December,1893,True,standard_dash,0.9,Dec. 27 Perim (s)—Poti—113 logs walnut—Order
18931230p.708_p002.txt,108,Montrose,Riga,LONDON (TILBURY DOCKS),75 stds. timber,,27,Dec,1893,30,December,1893,True,standard_dash,0.9,Dec. 27 Montrose (s)—Riga—75 stds. timber—Order
18931230p.708_p002.txt,111,Douro,Marseilles,LONDON (TILBURY DOCKS),"62,131 frises chene",,27,Dec,1893,30,December,1893,True,condensed,0.9,"Douro (s)—Marseilles—62,131 frises chene"
18931230p.708_p002.txt,113,Labrador,Colon,LONDON (TILBURY DOCKS),260 billes acajou; from St. Domingo,,21,Dec,1893,30,December,1893,True,condensed,0.9,21 Labrador (s)—Colon—260 billes acajou; from St. Domingo—89 pcs. acajou
18931230p.708_p002.txt,114,Ville du Havre,Marseilles,LONDON (TILBURY DOCKS),230 buches olivier,,20,Dec,1893,30,December,1893,True,condensed,0.9,Ville du Havre (s)—Marseilles—230 buches olivier
18931230p.708_p002.txt,115,British Queen,Liverpool,LONDON (TILBURY DOCKS),"1,098 pcs. ebene",,20,Dec,1893,30,December,1893,True,condensed,0.9,"British Queen (s)—Liverpool—1,098 pcs. ebene"
18931230p.708_p002.txt,116,Max,Corinto,LONDON (TILBURY DOCKS),407 pcs. cedre et acajou,,20,Dec,1893,30,December,1893,False,condensed,0.9,22 Max—Corinto—407 pcs. cedre et acajou
18931230p.708_p002.txt,117,Anita,Minatitlan,LONDON (TILBURY DOCKS),478 billes cedre,,20,Dec,1893,30,December,1893,False,condensed,0.9,Anita—Minatitlan—478 billes cedre
18931230p.708_p002.txt,118,Alma,Bangkok,LONDON (TILBURY DOCKS),"368 pcs. teak, 113 planches teak",,20,Dec,1893,30,December,1893,False,condensed,0.9,"Alma—Bangkok—368 pcs. teak, 113 planches teak"
18931230p.708_p002.txt,158,compliance of the debtor with the requirements of the usual statutory notice. No particulars transpired.,"MILLS, G. F., joiner and builder, Orchard Street and Rupert Road, Nether Edge, Sheffield.",LONDON (TILBURY DOCKS),"This bankrupt was publicly examined on Thursday last week, before his Honour Judge Ellison, at the Sheffield Bankruptcy Court. The debtor’s summary of accounts showed liabilities amounting to £824, and the assets were estimated to produce £67. The Official Receiver asked that the examination might be adjourned until the next Court, in that he might be able to go into the accounts more fully. His Honour granted the application.",,20,Dec,1893,30,December,1893,False,condensed,0.9,"compliance of the debtor with the requirements of the usual statutory notice. No particulars transpired.  MILLS, G. F., joiner and builder, Orchard Street and Rupert Road, Nether Edge, Sheffield. —This bankrupt was publicly examined on Thursday last week, before his Honour Judge Ellison, at the Sheffield Bankruptcy Court. The debtor’s summary of accounts showed liabilities amounting to £824, and the assets were estimated to produce £67. The Official Receiver asked that the examination might be adjourned until the next Court, in order that he might be able to go into the accounts more fully. His Honour granted the application."
18931230p.708_p002.txt,173,Telegraphic,Address,LONDON (TILBURY DOCKS),"“ACAJOU, LONDON.” Telephone No. 11,020.",,20,Dec,1893,30,December,1893,False,condensed,0.9,"Telegraphic Address—“ACAJOU, LONDON.” Telephone No. 11,020."
18950105p.26_p001.txt,15,Dolo,Bordeaux,LONDON (TILBURY DOCKS),"1,150 lds. pitwood-",,20,Dec,1895,5,January,1895,True,condensed,0.9,"Dolo (s)-Bordeaux-1,150 lds. pitwood-"
18950105p.26_p001.txt,17,Glendower,Bordeaux,LONDON (TILBURY DOCKS),"1,200 lds. pitwood-",,24,Dec,1895,5,January,1895,True,condensed,0.9,"Glendower (s)-Bordeaux-1,200 lds. pitwood-"
18950105p.26_p001.txt,19,Andrassy,Bordeaux,LONDON (TILBURY DOCKS),"1,500 lds. pitwood-",,24,Dec,1895,5,January,1895,True,condensed,0.9,"Andrassy (s)-Bordeaux-1,500 lds. pitwood-"
18950105p.26_p001.txt,21,Martha Postel,l'Orient,LONDON (TILBURY DOCKS),100 lds. pitwood-,,24,Dec,1895,5,January,1895,False,condensed,0.9,Martha Postel-l'Orient-100 lds. pitwood-
18950105p.26_p001.txt,23,Garonne,Bordeaux,LONDON (TILBURY DOCKS),900 lds. pitwood-W. R.,W. R.,27,Dec,1895,5,January,1895,False,condensed,0.9,27 Garonne-Bordeaux-900 lds. pitwood-W. R.
18950105p.26_p001.txt,25,Kingsport,"St. John, N.B.",LONDON (TILBURY DOCKS),"1,672 lds. sawn",,27,Dec,1895,5,January,1895,False,condensed,0.9,"Kingsport-St. John, N.B.-1,672 lds. sawn"
18950105p.26_p001.txt,26,Morris & Smith Congress,Bayonne,LONDON (TILBURY DOCKS),"1,080 lds. pitwood-",,27,Dec,1895,5,January,1895,True,condensed,0.9,"Morris & Smith Congress (s)-Bayonne-1,080 lds. pitwood-"
18950105p.26_p001.txt,29,Aubin,Bordeaux,LONDON (TILBURY DOCKS),"1,150 lds. pitwood-",,27,Dec,1895,5,January,1895,False,condensed,0.9,"St. Aubin-Bordeaux-1,150 lds. pitwood-"
18950105p.26_p001.txt,31,Vindomora,Villagarcia,LONDON (TILBURY DOCKS),"1,000 lds. pitwood-",,27,Dec,1895,5,January,1895,False,condensed,0.9,"28 Vindomora-Villagarcia-1,000 lds. pitwood-"
18950105p.26_p001.txt,33,A. Strong,Bordeaux,LONDON (TILBURY DOCKS),"1,200 lds. pitwood-",,27,Dec,1895,5,January,1895,False,condensed,0.9,"A. Strong-Bordeaux-1,200 lds. pitwood-"
18950105p.26_p001.txt,35,Glenwood,Bayonne,LONDON (TILBURY DOCKS),"2,200 lds. pitwood-",,27,Dec,1895,5,January,1895,True,condensed,0.9,"31 Glenwood (s)-Bayonne-2,200 lds. pitwood-"
18950105p.26_p001.txt,37,Noah,Risoer,LONDON (TILBURY DOCKS),388 lds. pitwood-Schroeter,Schroeter,27,Dec,1895,5,January,1895,False,condensed,0.9,Noah-Risoer-388 lds. pitwood-Schroeter
18950105p.26_p001.txt,38,Simeon,Tvedestrand,LONDON (TILBURY DOCKS),625 lds. hewn fir-Wills,Wills,27,Dec,1895,5,January,1895,False,condensed,0.9,Simeon-Tvedestrand-625 lds. hewn fir-Wills
18950105p.26_p001.txt,39,Victoria,Fredrikshald,LONDON (TILBURY DOCKS),"1,209 lds. fir boards-",,27,Dec,1895,5,January,1895,False,condensed,0.9,"Victoria-Fredrikshald-1,209 lds. fir boards-"
18950105p.26_p001.txt,41,Zwei Carl,Riga,LONDON (TILBURY DOCKS),444 lds. sawn fir-Robinson,Robinson,27,Dec,1895,5,January,1895,False,condensed,0.9,Zwei Carl-Riga-444 lds. sawn fir-Robinson
18950105p.26_p001.txt,43,Nivid,Gothenburg,LONDON (TILBURY DOCKS),70 lds. sawn fir-,,27,Dec,1895,5,January,1895,False,condensed,0.9,Nivid-Gothenburg-70 lds. sawn fir-
18950105p.26_p001.txt,46,Zelotais,Gefle,LONDON (TILBURY DOCKS),340 lds. deals and battens,,28,Dec,1895,5,January,1895,False,condensed,0.9,"Zelotais-Gefle-340 lds. deals and battens,"
18950105p.26_p001.txt,49,Speranza,Kubiken,GRIMSBY,470 lds. fir,,27,Dec,1895,5,January,1895,False,condensed,0.9,Speranza-Kubiken-470 lds. fir
18950105p.26_p001.txt,50,MISSING_FROM_OCR,Danzig,GRIMSBY,70 lds. oak-Seddon,Seddon,24,Dec,1895,5,January,1895,False,condensed,0.9,Danzig-70 lds. oak-Seddon
18950105p.26_p001.txt,52,Delos,Memel,GRIMSBY,"1,341 lds. fir blocks, 70 lds.",,24,Dec,1895,5,January,1895,True,condensed,0.9,"Delos (s)-Memel-1,341 lds. fir blocks, 70 lds."
18950105p.26_p001.txt,53,MISSING_FROM_OCR,Riga,GRIMSBY,"232 lds. fir, 472 lds. sleepers-",,24,Dec,1895,5,January,1895,False,condensed,0.9,"Riga-232 lds. fir, 472 lds. sleepers-"
18950105p.26_p001.txt,56,G. A. Carr & Co. and,,GRIMSBY,ends J. Hewson & Co.,,24,Dec,1895,5,January,1895,False,condensed,0.9,G. A. Carr & Co. and ends-J. Hewson & Co.
18950105p.26_p001.txt,58,Cato,Danzig,GRIMSBY,"641 lds. sleepers-T. Wilson, Son","T. Wilson, Son",31,Dec,1895,5,January,1895,False,condensed,0.9,"31 Cato-Danzig-641 lds. sleepers-T. Wilson, Son"
18950105p.26_p001.txt,60,Sleipner,Fredrikshald,GRIMSBY,801 lds. sleepers,,31,Dec,1895,5,January,1895,False,condensed,0.9,Sleipner-Fredrikshald-801 lds. sleepers
18950105p.26_p001.txt,61,W. Pearson Erato,Riga,GRIMSBY,136 lds. boards-Exors of,Exors of,24,Dec,1895,5,January,1895,True,condensed,0.9,W. Pearson Erato (s)-Riga-136 lds. boards-Exors of
18950105p.26_p001.txt,66,Gipsy Queen,Gothenburg,GRIMSBY,42 lds. battens,,24,Dec,1895,5,January,1895,True,condensed,0.9,"A. Livingston & Co. Gipsy Queen (s)-Gothenburg-42 lds. battens,"
18950105p.26_p001.txt,69,MISSING_FROM_OCR,Danzig,GRIMSBY,110 lds. hewn oak-R.,R.,24,Dec,1895,5,January,1895,False,condensed,0.9,Danzig-110 lds. hewn oak-R.
18950105p.26_p001.txt,73,Maitlands,Stettin,GRIMSBY,294 lds. props-J. W.,J. W.,24,Dec,1895,5,January,1895,True,condensed,0.9,Maitlands (s)-Stettin-294 lds. props-J. W.
18950105p.26_p001.txt,74,G. Horsley Erato,Riga,GRIMSBY,"100 lds. alder logs, 104 lds.",,24,Dec,1895,5,January,1895,True,condensed,0.9,"G. Horsley Erato (s)-Riga-100 lds. alder logs, 104 lds."
18950105p.26_p001.txt,76,MISSING_FROM_OCR,Stettin,GRIMSBY,168 lds. props-W.,W.,24,Dec,1895,5,January,1895,False,condensed,0.9,Stettin-168 lds. props-W.
18950105p.26_p001.txt,80,Erato,Riga,GRIMSBY,114 lds. deals and boards-,,24,Dec,1895,5,January,1895,True,condensed,0.9,Erato (s)-Riga-114 lds. deals and boards-
18950105p.26_p001.txt,81,Cliff House,Saw,GRIMSBY,Mill Co.,,24,Dec,1895,5,January,1895,False,condensed,0.9,Cliff House Saw-Mill Co.
18950105p.26_p001.txt,84,Romeo,Gothenburg,GRIMSBY,643 bdls. staves,,24,Dec,1895,5,January,1895,True,condensed,0.9,Romeo (s)-Gothenburg-643 bdls. staves
18950105p.26_p001.txt,90,Heaven & Kesterton Ebro,Odessa,GRIMSBY,"1,500 spokes, 37 oak",,24,Dec,1895,5,January,1895,True,condensed,0.9,"Heaven & Kesterton Ebro (s)-Odessa-1,500 spokes, 37 oak"
18950105p.26_p001.txt,93,MISSING_FROM_OCR,Gothenburg,GRIMSBY,"1,355 doors-Hollis",Hollis,24,Dec,1895,5,January,1895,False,condensed,0.9,"Gothenburg-1,355 doors-Hollis"
18950105p.26_p001.txt,100,Buffalo,New York,GRIMSBY,628 pcs. beech,,24,Dec,1895,5,January,1895,True,condensed,0.9,Buffalo (s)-New York-628 pcs. beech
18950105p.26_p001.txt,103,Albatross,Bremen,PRINCE'S DOCK,T. W. Allen,,29,Dec,1895,5,January,1895,True,condensed,1.0,Albatross (s)-Bremen- T. W. Allen
18950105p.26_p001.txt,107,Helge,Blankaholm,QUEEN'S DOCK,"2,649 bdls. broom-",,27,Dec,1895,5,January,1895,False,condensed,1.0,"Helge-Blankaholm-2,649 bdls. broom-"
18950105p.26_p001.txt,111,Tasso,Drontheim,GRIMSBY (QUEEN'S DOCK),quantity of fire-,,27,Dec,1895,5,January,1895,True,condensed,0.9,Tasso (s)-Drontheim-quantity of fire-
18950105p.26_p001.txt,113,Cato,Danzig,GRIMSBY (QUEEN'S DOCK),"96 pcs. wood, 1,995 pcs.",,27,Dec,1895,5,January,1895,True,condensed,0.9,"Cato (s)-Danzig-96 pcs. wood, 1,995 pcs."
18950105p.26_p001.txt,115,Angelo,Christiania,GRIMSBY (QUEEN'S DOCK),"1,193 pcs. mining",,1,Jan,1895,5,January,1895,True,condensed,0.9,"Angelo (s)-Christiania-1,193 pcs. mining"
18950105p.26_p001.txt,118,Pluto,Halmstad,GRIMSBY (QUEEN'S DOCK),"8,302 pit props",,1,Jan,1895,5,January,1895,True,condensed,0.9,"Pluto (s)-Halmstad-8,302 pit props"
18950105p.26_p001.txt,122,Cephalonia,Boston,LIVERPOOL,"8,800 staves-",,31,Dec,1895,5,January,1895,True,condensed,0.9,"Cephalonia (s)-Boston-8,800 staves-"
18950105p.26_p001.txt,124,Tauric,New York,LIVERPOOL,441 bdls. handles,,28,Dec,1895,5,January,1895,True,condensed,0.9,28 Tauric (s)-New York-441 bdls. handles-A.
18950105p.26_p001.txt,125,Nicaraguan,New Orleans,LIVERPOOL,600 staves-E.,E.,27,Dec,1895,5,January,1895,True,condensed,0.9,R. E. Peck & Co. Nicaraguan (s)-New Orleans-600 staves-E.
18950105p.26_p001.txt,129,Numidian,Portland,LIVERPOOL,300 cs. match,,27,Dec,1895,5,January,1895,True,condensed,0.9,Numidian (s)-Portland-300 cs. match
18950105p.26_p001.txt,131,Michigan,Boston,LIVERPOOL,"6,495 staves-Farnworth",Farnworth,1,Jan,1895,5,January,1895,True,condensed,0.9,"Paterson & Co. Michigan (s)-Boston-6,495 staves-Farnworth"
18950105p.26_p001.txt,134,Templemore,Baltimore,LIVERPOOL,"6,472 scantlings-",,1,Jan,1895,5,January,1895,True,condensed,0.9,"Templemore (s)-Baltimore-6,472 scantlings-"
18950105p.26_p001.txt,137,Barcelona,"Halifax, N.S.",LIVERPOOL,13 bdls.,,1,Jan,1895,5,January,1895,True,condensed,0.9,"Barcelona (s)-Halifax, N.S.-13 bdls.,"
18950105p.26_p001.txt,140,Hermod,Gothenburg,LIVERPOOL,"1,150 bdls.",,31,Dec,1895,5,January,1895,True,condensed,0.9,"Hermod (s)-Gothenburg-1,150 bdls."
18950105p.26_p001.txt,142,MISSING_FROM_OCR,Fredrikstad,LIVERPOOL,"41,804 bdls. sawn",,27,Dec,1895,5,January,1895,False,condensed,0.9,"Fredrikstad-41,804 bdls. sawn"
18950105p.26_p001.txt,147,Baltimore,Baltimore,LIVERPOOL,512 pcs.,,1,Jan,1895,5,January,1895,True,condensed,0.9,Baltimore (s)-Baltimore-512 pcs.
18950105p.26_p001.txt,150,Euclid,New York,LIVERPOOL,"1,200 staves-",,31,Dec,1895,5,January,1895,True,condensed,0.9,"Euclid (s)-New York-1,200 staves-"
18950105p.26_p001.txt,153,Shenandoah,Newport News,LIVERPOOL,950,,28,Dec,1895,5,January,1895,True,condensed,0.9,Shenandoah (s)-Newport News-950
18950105p.26_p001.txt,156,Italia,New York,LIVERPOOL,581 bdls. elm,,27,Dec,1895,5,January,1895,True,condensed,0.9,Italia (s)-New York-581 bdls. elm
18950105p.26_p001.txt,160,Nora,Fredrikstad,LONDON,"40,080 boards",,28,Dec,1895,5,January,1895,True,condensed,0.9,"Nora (s)-Fredrikstad-40,080 boards"
18950105p.26_p001.txt,161,Traag,Fredrikstad,LONDON,"14 fms. firewood, 43,246",,28,Dec,1895,5,January,1895,False,condensed,0.9,"Traag-Fredrikstad-14 fms. firewood, 43,246"
18950105p.26_p001.txt,163,Ravna,Fredrikstad,LONDON,"4,768 bdls. boxwood",,28,Dec,1895,5,January,1895,True,condensed,0.9,"Ravna (s)-Fredrikstad-4,768 bdls. boxwood,"
18950105p.26_p001.txt,164,Juno,Gefle,LONDON,"9,898 doz. battens",,28,Dec,1895,5,January,1895,True,condensed,0.9,"Juno (s)-Gefle-9,898 doz. battens"
18950105p.26_p001.txt,167,Avena,Uddevalla,LONDON,"920 doors, 1,321",,28,Dec,1895,5,January,1895,True,condensed,0.9,"Avena (s)-Uddevalla-920 doors, 1,321"
18950105p.26_p001.txt,168,S. Brown Capella,Helsingfors,LONDON,25 c. fms. firewood,,1,Jan,1895,5,January,1895,True,condensed,0.9,"S. Brown Capella (s)-Helsingfors-25 c. fms. firewood,"
18950105p.26_p001.txt,173,Broberg,Konigsberg,LONDON,"2,410",,1,Jan,1895,5,January,1895,True,condensed,0.9,"Chr. Broberg (s)-Konigsberg-2,410"
18950105p.26_p001.txt,174,MISSING_FROM_OCR,Riga,LONDON,"12,915 pcs. lathwood",,27,Dec,1895,5,January,1895,False,condensed,0.9,"Riga-12,915 pcs. lathwood,"
18950105p.26_p001.txt,177,Thule,Gothenburg,LONDON,129 pcs. wood,,27,Dec,1895,5,January,1895,True,condensed,0.9,"Thule (s)-Gothenburg-129 pcs. wood,"
18950105p.26_p001.txt,180,MISSING_FROM_OCR,Copenhagen,LONDON,100 boxes splintwood,,1,Jan,1895,5,January,1895,False,condensed,0.9,Copenhagen-100 boxes splintwood
18950105p.26_p001.txt,183,Silvio,Riga,LONDON,"2,950 battens, 4,938 pcs.",,1,Jan,1895,5,January,1895,True,condensed,0.9,"Silvio (s)-Riga-2,950 battens, 4,938 pcs."
18950105p.26_p001.txt,187,Maine,Philadelphia,TILBURY DOCKS,"2,322 pcs. and",,2,Jan,1895,5,January,1895,True,condensed,1.0,"Maine (s)-Philadelphia-2,322 pcs. and"
18950105p.26_p001.txt,190,Richard,Borga,TILBURY DOCKS,268 fms. firewood-R.,R.,29,Dec,1895,5,January,1895,False,standard_dash,1.0,Dec. 29 Richard-Borga-268 fms. firewood-R.
18950105p.26_p001.txt,193,Oliva,Danzig,LONDON (TILBURY DOCKS),"1,107 pcs. timber",,29,Dec,1895,5,January,1895,True,condensed,0.9,"Oliva (s)-Danzig-1,107 pcs. timber,"
18950105p.26_p001.txt,195,Rossini,Riga,LONDON (TILBURY DOCKS),"9,661 sleeper blocks, 6,404",,27,Dec,1895,5,January,1895,True,condensed,0.9,"28 Rossini (s)-Riga-9,661 sleeper blocks, 6,404"
18950105p.26_p001.txt,196,MISSING_FROM_OCR,Danzig,LONDON (TILBURY DOCKS),"5,119 sleepe",,27,Dec,1895,5,January,1895,False,condensed,0.9,"Danzig-5,119 sleepe"
18950105p.26_p001.txt,201,Lindholmed,Gothenburg,LONDON (TILBURY DOCKS),"332, 1 ds.",,1,Jan,1895,5,January,1895,False,condensed,0.9,"Lindholmed-Gothenburg-332, 1 ds."
18950105p.26_p001.txt,207,W. Harkess,Riga,LONDON (TILBURY DOCKS),"737 lds. hewn fir, 405 lds.",,1,Jan,1895,5,January,1895,False,condensed,0.9,"31 W. Harkess-Riga-737 lds. hewn fir, 405 lds."
18950105p.26_p001.txt,210,Isbergues,Bayonne,NEWPORT,"1,300 lds. pitwood",,1,Jan,1895,5,January,1895,False,condensed,1.0,"Isbergues-Bayonne-1,300 lds. pitwood"
18950105p.26_p001.txt,211,Simkin Bros. Rive de Gier,Bayonne,NEWPORT,"1,100 lds. pitwood",,27,Dec,1895,5,January,1895,False,condensed,1.0,"Simkin Bros. Rive de Gier-Bayonne-1,100 lds. pitwood-A."
18950105p.26_p001.txt,214,Acho,Harnas,NEWPORT,"1,633 lds. sawn fir-T. B. &",T. B. &,27,Dec,1895,5,January,1895,False,condensed,0.9,"Acho-Harnas-1,633 lds. sawn fir-T. B. &"
18950105p.26_p001.txt,216,Alvina,Windau,NEWPORT,430 lds. pit props-,,27,Dec,1895,5,January,1895,False,condensed,0.9,Budd & Co. Alvina-Windau-430 lds. pit props-
18950105p.26_p001.txt,220,Fold,Risoer,NEWPORT,480 lds. pit props-Jones,Jones,27,Dec,1895,5,January,1895,False,condensed,0.9,Fold-Risoer-480 lds. pit props-Jones
18950105p.26_p001.txt,221,Jones ar,Gothenburg,NEWPORT,175 lds. pit props-,,27,Dec,1895,5,January,1895,False,condensed,0.9,Jones ar-Gothenburg-175 lds. pit props-
18950105p.26_p001.txt,224,Jones s,Christiansand,NEWPORT,350 lds. pit props-,,27,Dec,1895,5,January,1895,False,condensed,0.9,Jones s-Christiansand-350 lds. pit props-
18950105p.26_p001.txt,228,Magnus,Gothenburg,NEWPORT,265 lds. sawn fir-,,27,Dec,1895,5,January,1895,False,condensed,0.9,Magnus-Gothenburg-265 lds. sawn fir-
18950105p.26_p001.txt,231,Mergam,Fredrikstad,NEWPORT,779 lds. fir staves-,,27,Dec,1895,5,January,1895,False,condensed,0.9,Mergam-Fredrikstad-779 lds. fir staves-
18950105p.26_p001.txt,234,Amazon,Gothenburg,NEWPORT,686 lds. sawn fir-,,27,Dec,1895,5,January,1895,False,condensed,0.9,Amazon-Gothenburg-686 lds. sawn fir-
18950105p.26_p001.txt,237,Ajax,Memel,NEWPORT,"1,050 lds. deals and",,27,Dec,1895,5,January,1895,True,condensed,0.9,"Ajax (s)-Memel-1,050 lds. deals and"
18950105p.26_p001.txt,238,T. Elliot & Son ier,Kragero,NEWPORT,198 lds. hewn fir-T. Atkin-,T. Atkin-,27,Dec,1895,5,January,1895,False,condensed,0.9,T. Elliot & Son ier-Kragero-198 lds. hewn fir-T. Atkin-
18950105p.26_p001.txt,240,MISSING_FROM_OCR,Danzig,NEWPORT,"70 lds. oak chocks, 60 lds.",,27,Dec,1895,5,January,1895,False,condensed,0.9,"Danzig-70 lds. oak chocks, 60 lds."
18950105p.26_p001.txt,241,E. Wiener & Co. el,Sapelo,NEWPORT,892 lds. sawn fir-Short,Short,27,Dec,1895,5,January,1895,False,condensed,0.9,E. Wiener & Co. el-Sapelo-892 lds. sawn fir-Short
18950105p.26_p001.txt,244,Woodlands,Bordeaux,NEWPORT,"1,050 lds. pit-",,27,Dec,1895,5,January,1895,False,condensed,0.9,"Woodlands-Bordeaux-1,050 lds. pit-"
18950105p.26_p001.txt,245,MISSING_FROM_OCR,Bayonne,NEWPORT,"1,050 lds. pitwood",,27,Dec,1895,5,January,1895,False,condensed,0.9,"Bayonne-1,050 lds. pitwood-A."
18950105p.26_p001.txt,248,Vale,Arendal,TYNE,"27,023 pcs. timber",,27,Dec,1895,5,January,1895,True,condensed,1.0,"Vale (s)-Arendal-27,023 pcs. timber"
18950105p.26_p001.txt,249,MISSING_FROM_OCR,Gothenburg,TYNE,"30 lds. battens, 20 lds.",,27,Dec,1895,5,January,1895,False,condensed,1.0,"Gothenburg-30 lds. battens, 20 lds."
18950105p.26_p001.txt,251,MISSING_FROM_OCR,Riga,TYNE,"3,393 deals, 100 spars, 2,673",,27,Dec,1895,5,January,1895,False,condensed,1.0,"Riga-3,393 deals, 100 spars, 2,673"
18950105p.26_p001.txt,253,MISSING_FROM_OCR,Gothenburg,TYNE,180 lds. battens and,,27,Dec,1895,5,January,1895,False,condensed,0.9,Gothenburg-180 lds. battens and
18950105p.26_p001.txt,261,Merida,New Orleans,TYNE,"1,050 pcs. rose-",,27,Dec,1895,5,January,1895,True,condensed,0.9,"Merida (s)-New Orleans-1,050 pcs. rose-"
18950105p.26_p001.txt,265,Jylland,Libau,LONDON,"1,100 pcs. oak",,31,Dec,1895,5,January,1895,True,condensed,0.9,"Jylland (s)-Libau-1,100 pcs. oak,"
18950105p.26_p001.txt,268,Danehill,Boston,LONDON,"1,221 pcs. elm",,1,Jan,1895,5,January,1895,True,condensed,0.9,"Danehill (s)-Boston-1,221 pcs. elm"
18950105p.26_p001.txt,270,Greece,New Orleans,LONDON,"1,000 pcs.",,28,Dec,1895,5,January,1895,True,condensed,0.9,"Greece (s)-New Orleans-1,000 pcs."
18950105p.26_p001.txt,271,Churchill & Sim Carlisle City,Boston,LONDON,"1,221 pcs. elm",,1,Jan,1895,5,January,1895,True,condensed,0.9,"Churchill & Sim Carlisle City (s)-Boston-1,221 pcs. elm"
18950105p.26_p001.txt,335,Burton,,LONDON,on Trent,,1,Jan,1895,5,January,1895,False,condensed,0.9,Burton-on-Trent
18950105p.31.txt,19,Ash deals . . .,,LONDON,""" Tamarac deals . . . 4016 3228",,28,Dec,1895,5,January,1895,False,condensed,0.9,"Ash deals . . . — — "" Tamarac deals . . . 4016 3228"
18950105p.31.txt,25,John and Lower,Ports,LONDON,Spruce deals . . . 1168 9314,,28,Dec,1895,5,January,1895,False,condensed,0.9,St. John and Lower Ports— Spruce deals . . . 1168 9314
18950105p.31.txt,30,Yellow pine,,LONDON,timber . . . —,,28,Dec,1895,5,January,1895,False,condensed,0.9,Yellow pine timber . . . — —
18950105p.31.txt,32,Pitch pine boards . . .,,LONDON,""" "" deals . . .",,28,Dec,1895,5,January,1895,False,condensed,0.9,"Pitch pine boards . . . — — "" "" deals . . . — —"
18950105p.31.txt,40,Walnut . . .,,LONDON,Satin walnut logs . . . 7149 27055,,28,Dec,1895,5,January,1895,False,condensed,0.9,Walnut . . . — — Satin walnut logs . . . 7149 27055
18950105p.31.txt,52,Chestnut . . .,,LONDON,Hardwood scantling . . . 1784 11913,,28,Dec,1895,5,January,1895,False,condensed,0.9,Chestnut . . . — — Hardwood scantling . . . 1784 11913
18950105p.31.txt,54,Maple . . .,,LONDON,Pipe staves . . .,,28,Dec,1895,5,January,1895,False,condensed,0.9,Maple . . . — — Pipe staves . . . — —
18950105p.31.txt,57,Barrel,,LONDON,staves . . . —,,28,Dec,1895,5,January,1895,False,condensed,0.9,Barrel staves . . . — —
18950105p.31.txt,59,Home . . .,,LONDON,Kauri pine . . . 12 10,,28,Dec,1895,5,January,1895,False,condensed,0.9,Home . . . — — Kauri pine . . . 12 10
18950105p.31.txt,61,Stettin,,LONDON,oak . . . —,,28,Dec,1895,5,January,1895,False,condensed,0.9,Stettin oak . . . — —
18950105p.31.txt,62,Elm,,LONDON,planks . . . —,,28,Dec,1895,5,January,1895,False,condensed,0.9,Elm planks . . . — —
18950105p.31.txt,63,Greenheart . . .,,LONDON,Californian redwood . . . 1041 1031,,28,Dec,1895,5,January,1895,False,condensed,0.9,Greenheart . . . — — Californian redwood . . . 1041 1031
18950105p.31.txt,67,Beech . . .,,LONDON,Padouk logs . . . 1185 —,,28,Dec,1895,5,January,1895,False,condensed,0.9,Beech . . . — — Padouk logs . . . 1185 —
18950105p.31.txt,69,Rosewood . . .,,LONDON,Lignum,,28,Dec,1895,5,January,1895,False,condensed,0.9,Rosewood . . . — — Lignum-vitæ . . . 308 76
18950105p.31.txt,71,Douglas,,LONDON,fir . . . —,,28,Dec,1895,5,January,1895,False,condensed,0.9,Douglas fir . . . — —
18950105p.31.txt,72,Red pine,,LONDON,sleepers . . . —,,28,Dec,1895,5,January,1895,False,condensed,0.9,Red pine sleepers . . . — —
18950105p.31.txt,73,Circassian,,LONDON,walnut . . . —,,28,Dec,1895,5,January,1895,False,condensed,0.9,Circassian walnut . . . — —
18950105p.31.txt,168,Timber Merchants and,Saw,LONDON,millers,,28,Dec,1895,5,January,1895,False,condensed,0.9,"Timber Merchants and Saw-millers,"
18950105p.31.txt,170,Telegram,Address,LONDON,"DONALDSON, TAYPORT.",,28,Dec,1895,5,January,1895,False,condensed,0.9,"Telegram Address— DONALDSON, TAYPORT."
18950105p.31.txt,246,State of,Georgia,LONDON,Montreal,,27,Dec,1895,5,January,1895,False,standard_dash,0.9,Dec. 27 State of Georgia-Montreal-226 lds.
18950105p.31.txt,250,Peter Berg,Memel,LONDON,"1,599 lds. sleeper",,27,Dec,1895,5,January,1895,True,condensed,0.9,"Peter Berg (s)—Memel—1,599 lds. sleeper"
18950105p.31.txt,253,Ornen,Arendal,BO'NESS,141 lds. pit props-W.,W.,26,Dec,1895,5,January,1895,True,standard_dash,1.0,Dec. 26 Ornen (s)—Arendal—141 lds. pit props—W.
18950105p.31.txt,255,Ornen,Halmstad,BO'NESS,310 lds. pit props-Love,Love,26,Dec,1895,5,January,1895,True,standard_dash,1.0,Dec. 26 Ornen (s)—Halmstad—310 lds. pit props—Love
18950105p.31.txt,259,Dannismore,Riga,DUNDEE,103 lds. lathwood,,26,Dec,1895,5,January,1895,True,condensed,0.9,Dannismore (s)—Riga—103 lds. lathwood
18950105p.31.txt,262,State of,Nebraska,DUNDEE,New York,,24,Dec,1895,5,January,1895,False,standard_dash,0.9,Dec. 24 State of Nebraska—New York—4 cars
18950105p.31.txt,275,Tyr,Gothenburg,DUNDEE,"209 bdls. boxboards, 10",,27,Dec,1895,5,January,1895,False,condensed,0.9,"Tyr—Gothenburg—209 bdls. boxboards, 10"
18950105p.31.txt,278,Mercur,Memel,DUNDEE,125 lds. oak staves-W.,W.,27,Dec,1895,5,January,1895,False,standard_dash,0.9,Dec. 27 Mercur—Memel—125 lds. oak staves—W.
18950105p.31.txt,281,Glenmorven,Pensacola,GREENOCK,"1,104 pcs. pitch",,27,Dec,1895,5,January,1895,False,condensed,0.9,"Glenmorven—Pensacola—1,104 pcs. pitch"
18950105p.31.txt,282,pine sawn,,GREENOCK,"timber 2,723 pitch pine deals",,27,Dec,1895,5,January,1895,False,condensed,0.9,"pine sawn timber—2,723 pitch pine deals"
18950105p.31.txt,284,Valund,Drontheim,INVERNESS,683 lds. sawn fir—,,27,Dec,1895,5,January,1895,False,condensed,1.0,Valund—Drontheim—683 lds. sawn fir—
18950105p.31.txt,287,Otra,Memel,INVERNESS,380 lds. oak staves-C.,C.,27,Dec,1895,5,January,1895,True,standard_dash,1.0,Dec. 27 Otra (s)—Memel—380 lds. oak staves—C.
18950105p.31.txt,290,Gudrun,Drontheim,INVERNESS,45 lds. fir,,27,Dec,1895,5,January,1895,True,condensed,0.9,Gudrun (s)—Drontheim—45 lds. fir
18950112p.57.txt,76,Elieser,Stockholm,LONDON,"47,123 battens and boards",,27,Dec,1895,12,January,1895,False,condensed,0.9,"Elieser-Stockholm-47,123 battens and boards"
18950112p.57.txt,77,Vesta,Sundswall,LONDON,107 fms. firewood-C. J. Ekman & Co.,C. J. Ekman & Co.,4,Jan,1895,12,January,1895,False,standard_dash,0.9,Jan. 4 Vesta-Sundswall - 107 fms. firewood-C. J. Ekman & Co.
18950112p.57.txt,78,Timsah,Hudikswall,LONDON,"2,818 battens, 1,035 deals, 101,798 boards",,4,Jan,1895,12,January,1895,True,condensed,0.9,"Timsah (s)-Hudikswall-2,818 battens, 1,035 deals, 101,798 boards"
18950112p.57.txt,79,Constance,Gefle,LONDON,"430 stds. deals, battens, flooring, &c.",,4,Jan,1895,12,January,1895,True,condensed,0.9,"Constance (s)-Gefle-430 stds. deals, battens, flooring, &c."
18950112p.57.txt,80,Patria,Norrkoping,LONDON,"2,710 deals",,8,Jan,1895,12,January,1895,True,condensed,0.9,"Patria (s)-Norrkoping-2,710 deals"
18950112p.57.txt,81,Annona,Uddevalla,LONDON,"9,357 boards, 164 bdls. mouldings, 250 doors, 159 deals-S. Brown",S. Brown,7,Jan,1895,12,January,1895,True,standard_dash,0.9,"Jan. 7 Annona (s)-Uddevalla-9,357 boards, 164 bdls. mouldings, 250 doors, 159 deals-S. Brown"
18950112p.57.txt,83,Thorsten,Gothenburg,LONDON,"250 bdls. laths, 1,300 doors, 18 bdls. trellis-Crow & Son 73 pkgs. wood-Maxime & Co.; 6,011 pcs. firewood, 60 bdls. laths, 350 doors-Order; 4,000 posts, rails, &c.-Burt",Crow & Son,7,Jan,1895,12,January,1895,True,standard_dash,0.9,"Jan. 7 Thorsten (s)-Gothenburg-250 bdls. laths, 1,300 doors, 18 bdls. trellis-Crow & Son; 73 pkgs. wood-Maxime & Co.; 6,011 pcs. firewood, 60 bdls. laths, 350 doors-Order; 4,000 posts, rails, &c.-Burt"
18950112p.57.txt,84,MISSING_FROM_OCR,Christiania,LONDON,374 bags brush blocks,,7,Jan,1895,12,January,1895,False,condensed,0.9,Christiania-374 bags brush blocks
18950112p.57.txt,85,Constance,Gefle,LONDON,"4,000 bdls. caseboards",,7,Jan,1895,12,January,1895,True,condensed,0.9,"Constance (s)-Gefle-4,000 bdls. caseboards"
18950112p.57.txt,86,Alecto,New York,LONDON,"962 pcs. lumber-Churchill & Sim 67 pcs. lumber-Foy, Morgan, & Co.; 1,035 pcs. lumber-Cobbett & Co.; 67 pcs. lumber-Bryce, Junor, & White; 2 cs. lumber-G. W. Wheatley & Co.; 104 logs mahogany and cedar-Hattley Hay; 764 pcs. lumber-C. Leary & Co.; 2,139 pcs. walnut-Churchill & Sim; 405 staves-Farnworth & Jardine",Churchill & Sim,4,Jan,1895,12,January,1895,True,standard_dash,0.9,"Jan. 4 Alecto (s)-New York-962 pcs. lumber-Churchill & Sim; 67 pcs. lumber-Foy, Morgan, & Co.; 1,035 pcs. lumber-Cobbett & Co.; 67 pcs. lumber-Bryce, Junor, & White; 2 cs. lumber-G. W. Wheatley & Co.; 104 logs mahogany and cedar-Hattley Hay; 764 pcs. lumber-C. Leary & Co.; 2,139 pcs. walnut-Churchill & Sim; 405 staves-Farnworth & Jardine"
18950112p.57.txt,87,England,Newport News,LONDON,"255 bdls. lumber-T. A. Stewart & Co. 104 pcs. lumber-Churchill & Sim; 854 bdls. lumber, 489 bdls. furniture stocks-H. Herrmann",T. A. Stewart & Co.,9,Jan,1895,12,January,1895,True,standard_dash,0.9,"Jan. 9 England (s)-Newport News-255 bdls. lumber-T. A. Stewart & Co.; 104 pcs. lumber-Churchill & Sim; 854 bdls. lumber, 489 bdls. furniture stocks-H. Herrmann"
18950112p.57.txt,88,England,New York,LONDON,"2,579 pcs. lumber-Churchill & Sim 2,594 pcs. lumber-Armstrong & Co.; 2,802 pcs. lumber",Churchill & Sim,9,Jan,1895,12,January,1895,True,standard_dash,0.9,"Jan. 9 England (s)-New York-2,579 pcs. lumber-Churchill & Sim; 2,594 pcs. lumber-Armstrong & Co.; 2,802 pcs. lumber"
18950112p.57.txt,90,Pegu,Rangoon,LONDON,"220 teak planks, 1,044 teak planks, 50 teak scantlings-Denny, Mott, & Dickson","Denny, Mott, & Dickson",4,Jan,1895,12,January,1895,True,standard_dash,0.9,"Jan. 4 Pegu (s)-Rangoon-220 teak planks, 1,044 teak planks, 50 teak scantlings-Denny, Mott, & Dickson"
18950112p.57.txt,91,Moray Chief,Laguna de Terminos,LONDON,"213 logs, 106 log ends mahogany, 25 curls mahogany-R. H. Williams & Co.",R. H. Williams & Co.,8,Jan,1895,12,January,1895,False,standard_dash,0.9,"Jan. 8 Moray Chief-Laguna de Terminos-213 logs, 106 log ends mahogany, 25 curls mahogany-R. H. Williams & Co."
18950112p.57.txt,92,Montana,Baltimore,LONDON,"36,908 pcs. lumber",,8,Jan,1895,12,January,1895,True,condensed,0.9,"Montana (s)-Baltimore-36,908 pcs. lumber"
18950112p.57.txt,96,Enrique,"Norfolk, Va.",LONDON,"115 pcs. persimmon, 15 holly logs, 1,044 pcs. oak-Farnworth & Jardine",Farnworth & Jardine,9,Jan,1895,12,January,1895,True,standard_dash,0.9,"Jan. 9 Enrique (s)-Norfolk, Va.-115 pcs. persimmon, 15 holly logs, 1,044 pcs. oak-Farnworth & Jardine"
18950112p.57.txt,99,Alecto,New York,LONDON,"962 pcs. lumber-Churchill & Sim 67 pcs. lumber-Foy, Morgan, & Co.; 1,035 pcs. lumber-Cobbett & Co.; 67 pcs. lumber-Bryce, Junor, & White; 2 cs. lumber-G. W. Wheatley & Co.; 104 logs mahogany and cedar-Hattley Hay; 764 pcs. lumber-C. Leary & Co.; 2,139 pcs. walnut-Churchill & Sim; 405 staves-Farnworth & Jardine",Churchill & Sim,4,Jan,1895,12,January,1895,True,standard_dash,0.9,"Jan. 4 Alecto (s)-New York-962 pcs. lumber-Churchill & Sim; 67 pcs. lumber-Foy, Morgan, & Co.; 1,035 pcs. lumber-Cobbett & Co.; 67 pcs. lumber-Bryce, Junor, & White; 2 cs. lumber-G. W. Wheatley & Co.; 104 logs mahogany and cedar-Hattley Hay; 764 pcs. lumber-C. Leary & Co.; 2,139 pcs. walnut-Churchill & Sim; 405 staves-Farnworth & Jardine"
18950112p.57.txt,100,England,Newport News,LONDON,"255 bdls. lumber-T. A. Stewart & Co. 104 pcs. lumber-Churchill & Sim; 854 bdls. lumber, 489 bdls. furniture stocks-H. Herrmann",T. A. Stewart & Co.,9,Jan,1895,12,January,1895,True,standard_dash,0.9,"Jan. 9 England (s)-Newport News-255 bdls. lumber-T. A. Stewart & Co.; 104 pcs. lumber-Churchill & Sim; 854 bdls. lumber, 489 bdls. furniture stocks-H. Herrmann"
18950112p.57.txt,101,England,New York,LONDON,"2,579 pcs. lumber-Churchill & Sim 2,594 pcs. lumber-Armstrong & Co.; 2,802 pcs. lumber",Churchill & Sim,9,Jan,1895,12,January,1895,True,standard_dash,0.9,"Jan. 9 England (s)-New York-2,579 pcs. lumber-Churchill & Sim; 2,594 pcs. lumber-Armstrong & Co.; 2,802 pcs. lumber"
18950112p.57.txt,103,Pegu,Rangoon,LONDON,"220 teak planks, 1,044 teak planks, 50 teak scantlings-Denny, Mott, & Dickson","Denny, Mott, & Dickson",4,Jan,1895,12,January,1895,True,standard_dash,0.9,"Jan. 4 Pegu (s)-Rangoon-220 teak planks, 1,044 teak planks, 50 teak scantlings-Denny, Mott, & Dickson"
18950112p.57.txt,104,Moray Chief,Laguna de Terminos,LONDON,"213 logs, 106 log ends mahogany, 25 curls mahogany-R. H. Williams & Co.",R. H. Williams & Co.,8,Jan,1895,12,January,1895,False,standard_dash,0.9,"Jan. 8 Moray Chief-Laguna de Terminos-213 logs, 106 log ends mahogany, 25 curls mahogany-R. H. Williams & Co."
18950112p.57.txt,105,Montana,Baltimore,LONDON,"36,908 pcs. lumber",,8,Jan,1895,12,January,1895,True,condensed,0.9,"Montana (s)-Baltimore-36,908 pcs. lumber"
18950112p.61.txt,8,United States woods are growing in,,LONDON,"favour, and the staple articles making a good reputation for themselves not to speak of yellow pine and oak scantlings, though there is a good trade in poplar or canary coloured whitewood log, plank, and boards. These are in good demand, and, indeed, big trade in oak, chiefly plain and quartered, chiefly the latter, was done at in the log, when prime was in strong request, and did well all the year round, while poor wood was neglected, and prices were so so at wretchedly low prices that importers and boards do not make way.",,8,Jan,1895,12,January,1895,False,condensed,0.9,"United States woods are growing in favour, and the staple articles making a good reputation for themselves—not to speak of yellow pine and oak scantlings, though there is a good trade in poplar or canary coloured whitewood log, plank, and boards. These are in good demand, and, indeed, big trade in oak, chiefly plain and quartered, chiefly the latter, was done at in the log, when prime was in strong request, and did well all the year round, while poor wood was neglected, and prices were so so at wretchedly low prices that importers and boards do not make way."
18950112p.61.txt,26,Danish Monarch,Riga,LONDON,"1,148 lds. sleeper blocks, 55 lds. sleepers-C. Christie",C. Christie,4,Jan,1895,12,January,1895,True,standard_dash,0.9,"Jan. 4 Danish Monarch (s)-Riga-1,148 lds. sleeper blocks, 55 lds. sleepers-C. Christie"
18950112p.61.txt,28,Frey,Sapelo,LONDON,"1,294 lds. sawn pitch pine-J. Mackenzie",J. Mackenzie,3,Jan,1895,12,January,1895,False,standard_dash,0.9,"Jan. 3 Frey-Sapelo-1,294 lds. sawn pitch pine-J. Mackenzie"
18950112p.61.txt,30,Anchoria,New York,LONDON,"10,701 staves, three-quarter carload states wood mouldings",quarter carload states wood mouldings,28,Dec,1895,12,January,1895,True,standard_dash,0.9,"Dec. 28 Anchoria (s) - New York - 10,701 staves, three-quarter carload states wood mouldings"
18950112p.61.txt,31,Siberian,Philadelphia,LONDON,"24 walnut logs, 2,800 staves-Edmiston & Mitchells",Edmiston & Mitchells,28,Dec,1895,12,January,1895,True,condensed,0.9,"Siberian (s)-Philadelphia-24 walnut logs, 2,800 staves - Edmiston & Mitchells"
18950112p.61.txt,32,Hibernian,Boston,LONDON,"2,553 pcs. lumber, 2,460 pcs. staves, 4,000 hhd. staves-Wright, Graham, & Co. 2,400 keg staves, 275 squares planks teak-Edmiston & Mitchells ; 1,922 planks teak, 34,500 teak keys","Wright, Graham, & Co.",29,Dec,1895,12,January,1895,True,condensed,0.9,"29 Hibernian (s)-Boston-2,553 pcs. lumber, 2,460 pcs. staves, 4,000 hhd. staves-Wright, Graham, & Co. ; 2,400 keg staves, 275 squares planks teak-Edmiston & Mitchells ; 1,922 planks teak, 34,500 teak keys"
18950112p.61.txt,33,Assyrian,Philadelphia,LONDON,"4,000 staves-Edmiston & Mitchells",Edmiston & Mitchells,28,Dec,1895,12,January,1895,True,condensed,0.9,"Assyrian (s)-Philadelphia-4,000 staves-Edmiston & Mitchells"
18950112p.61.txt,34,Grecian,New York,LONDON,1 car lumber,,28,Dec,1895,12,January,1895,True,condensed,0.9,Grecian (s)-New York-1 car lumber
18950112p.61.txt,36,Vind,Riga,LONDON,"2,054 battens-J. T. Salvesen & Co. 5,547 battens-J & J. Hay ; 5,026 battens, 22,596 pcs. lathwood-P. & J. Wilkie",J. T. Salvesen & Co.,31,Dec,1895,12,January,1895,True,standard_dash,0.9,"Dec. 31 Vind (s)-Riga-2,054 battens-J. T. Salvesen & Co. ; 5,547 battens-J & J. Hay ; 5,026 battens, 22,596 pcs. lathwood-P. & J. Wilkie"
18950112p.61.txt,38,Albert Edward,Gothenburg,LONDON,179 lds. pit props-C. Salvesen & Co.,C. Salvesen & Co.,7,Jan,1895,12,January,1895,False,standard_dash,0.9,Jan. 7 Albert Edward Gothenburg-179 lds. pit props-C. Salvesen & Co.
18950112p.61.txt,40,Amulet,Rotterdam,LONDON,10 lds. hoops G. Gibson,,7,Jan,1895,12,January,1895,False,condensed,0.9,J. Cormack & Co. Amulet-Rotterdam-10 lds. hoops G. Gibson
18950112p.61.txt,42,Livonia,Riga,LONDON,"509 lds. deals, 17 lds. deal ends-J. Cormack & Co.",J. Cormack & Co.,4,Jan,1895,12,January,1895,False,condensed,0.9,"4 Livonia-Riga-509 lds. deals, 17 lds. deal ends-J. Cormack & Co."
18950112p.61.txt,43,Tronda,Drontheim,LONDON,386 lds. battens-C. Salvesen & Co.,C. Salvesen & Co.,5,Jan,1895,12,January,1895,True,condensed,0.9,5 Tronda (s)-Drontheim-386 lds. battens-C. Salvesen & Co.
18950112p.61.txt,44,Rona,Copenhagen,LONDON,44oak logs-J. Currie & Co.,J. Currie & Co.,7,Jan,1895,12,January,1895,False,condensed,0.9,7 Rona-Copenhagen-44oak logs-J. Currie & Co.
18950112p.61.txt,45,Guillemot,Rotterdam,LONDON,24 lds. hoops-R. Sinclair,R. Sinclair,7,Jan,1895,12,January,1895,False,condensed,0.9,Guillemot - Rotterdam - 24 lds. hoops - R. Sinclair
18950112p.61.txt,47,Olaf,Drontheim,LONDON,"560 lds. props, 9 lds. fir battens-T. D. Will",T. D. Will,7,Jan,1895,12,January,1895,True,standard_dash,0.9,"Jan. 7 St. Olaf (s)-Drontheim-560 lds. props, 9 lds. fir battens-T. D. Will"
18950112p.61.txt,91,Timber Merchants and,Saw,P. B. WILKIE & CO,millers,,7,Jan,1895,12,January,1895,False,condensed,1.0,"Timber Merchants and Saw-millers,"
18950112p.61.txt,93,A well,"selected stock of Prime Waney Board, Canary Wood, Mahogany and Cabinet Woods, in logs and board, Baltic Deals and Battens, seasoned Floorings, Linings, &c., Home",P. B. WILKIE & CO,"grown Wood in the round, Planks and Boards.",,7,Jan,1895,12,January,1895,False,condensed,1.0,"A well-selected stock of Prime Waney Board, Canary Wood, Mahogany and Cabinet Woods, in logs and board, Baltic Deals and Battens, seasoned Floorings, Linings, &c., Home-grown Wood in the round, Planks and Boards."
18950112p.61.txt,109,Timber Merchants and,Saw,P. B. WILKIE & CO,millers,,7,Jan,1895,12,January,1895,False,condensed,0.9,"Timber Merchants and Saw-millers,"
18950112p.61.txt,111,Telegram,Address,P. B. WILKIE & CO,"DONALDSON, TAYPORT.",,7,Jan,1895,12,January,1895,False,condensed,0.9,"Telegram Address— DONALDSON, TAYPORT."
18950119p.95.txt,26,He is an enthusiastic Hoo Hoo,one of the first in Oregon,PETITION PRESENTED,"and considers a concatenation a terrestrial paradise.""",,15,Jan,1895,19,January,1895,False,condensed,0.9,"He is an enthusiastic Hoo Hoo—one of the first in Oregon—and considers a concatenation a terrestrial paradise."""
18950119p.95.txt,40,Eros,Halmstad,PETITION PRESENTED,240 lds. pit props-T. Kirkwood & Co.,T. Kirkwood & Co.,8,Jan,1895,19,January,1895,True,standard_dash,0.9,Jan. 8 Eros (s)-Halmstad-240 lds. pit props-T. Kirkwood & Co.
18950119p.95.txt,41,Doris,Christiania,PETITION PRESENTED,196 lds. pit props-T. Spowart & Co.,T. Spowart & Co.,9,Jan,1895,19,January,1895,False,condensed,0.9,9 Doris-Christiania-196 lds. pit props-T. Spowart & Co.
18950119p.95.txt,42,Wally,Gothenburg,PETITION PRESENTED,396 hds. pit props-Madsen & Borch,Madsen & Borch,8,Jan,1895,19,January,1895,False,condensed,0.9,Wally-Gothenburg-396 hds. pit props-Madsen & Borch
18950119p.95.txt,43,Mindet,Christiania,PETITION PRESENTED,"133 lds. pit props-Rennie, Bryson, & Co.","Rennie, Bryson, & Co.",8,Jan,1895,19,January,1895,False,condensed,0.9,"Mindet-Christiania-133 lds. pit props-Rennie, Bryson, & Co."
18950119p.95.txt,44,Viken,Windau,PETITION PRESENTED,334 lds. pit props-Love,Love,10,Jan,1895,19,January,1895,False,condensed,0.9,10 Viken-Windau-334 lds. pit props-Love
18950119p.95.txt,45,Malvina,Konigsberg,PETITION PRESENTED,230 lds. pit props-Kirkwood & Co.,Kirkwood & Co.,11,Jan,1895,19,January,1895,False,condensed,0.9,11 Malvina-Konigsberg-230 lds. pit props-Kirkwood & Co.
18950119p.95.txt,46,Anton,Riga,PETITION PRESENTED,230 lds. pit props-T. Spowart & Co.,T. Spowart & Co.,14,Jan,1895,19,January,1895,False,condensed,0.9,14 Anton-Riga-230 lds. pit props-T. Spowart & Co.
18950119p.95.txt,47,Naddodd,Trondhjem,PETITION PRESENTED,230 lds. deals and battens-W. Alexander & Sons,W. Alexander & Sons,14,Jan,1895,19,January,1895,False,condensed,0.9,14 Naddodd-Trondhjem-230 lds. deals and battens-W. Alexander & Sons
18950119p.95.txt,50,Ernest David,Windau,BO'NESS,420 lds. pit props-Love,Love,10,Jan,1895,19,January,1895,False,standard_dash,1.0,Jan. 10 Ernest David-Windau-420 lds. pit props-Love
18950119p.95.txt,51,Upesgridre,Windau,BO'NESS,350 lds. pit props-Stevenson,Stevenson,11,Jan,1895,19,January,1895,False,condensed,1.0,11 Upesgridre-Windau-350 lds. pit props-Stevenson
18950119p.95.txt,52,Eden,Skien,BO'NESS,153 lds. pit props-W. Donaldson,W. Donaldson,12,Jan,1895,19,January,1895,False,condensed,1.0,12 Eden-Skien-153 lds. pit props-W. Donaldson
18950119p.95.txt,53,Peter,Christiania,BO'NESS,80 lds. deals-Mitchell,Mitchell,14,Jan,1895,19,January,1895,False,condensed,1.0,14 Peter-Christiania-80 lds. deals-Mitchell
18950119p.95.txt,56,Penelope,Riga,DUNDEE,132 lds. deals-Mitchell,Mitchell,11,Jan,1895,19,January,1895,True,standard_dash,0.9,Jan. 11 Penelope (s)-Riga-132 lds. deals-Mitchell
18950119p.95.txt,57,Ennismore,Riga,DUNDEE,33 lds. deals-Mitchell,Mitchell,11,Jan,1895,19,January,1895,True,condensed,0.9,Ennismore (s)-Riga-33 lds. deals-Mitchell
18950119p.95.txt,60,Circassia,New York,DUNDEE,"206 pcs. oak staves and handles, 150 boxes wood, 4 cs. mouldings-Edmiston & Mitchell",Edmiston & Mitchell,11,Jan,1895,19,January,1895,False,standard_dash,0.9,"Jan. 11 Circassia-New York-206 pcs. oak staves and handles, 150 boxes wood, 4 cs. mouldings-Edmiston & Mitchell"
18950119p.95.txt,61,Prussian,Boston,DUNDEE,"962 pcs. lumber-Wright, Graham, & Co. 1,052 pcs. lumber-Single-ton, Dunn, & Co.; 5,700 staves-J. T. Kerr","Wright, Graham, & Co.",11,Jan,1895,19,January,1895,False,condensed,0.9,"Prussian-Boston-962 pcs. lumber-Wright, Graham, & Co.; 1,052 pcs. lumber-Single-ton, Dunn, & Co.; 5,700 staves-J. T. Kerr"
18950119p.95.txt,64,Arndt,Riga,DUNDEE,"12,910 deals and battens-Wm. Young",Wm. Young,8,Jan,1895,19,January,1895,False,standard_dash,0.9,"Jan. 8 Arndt-Riga-12,910 deals and battens-Wm. Young"
18950119p.95.txt,65,Naddodd,Trondhjem,DUNDEE,230 lds. deals and battens-W. Alexander & Sons,W. Alexander & Sons,12,Jan,1895,19,January,1895,False,condensed,0.9,12 Naddodd-Trondhjem-230 lds. deals and battens-W. Alexander & Sons
18950119p.95.txt,71,Vesones,Bangkok,GREENOCK,"635 pcs. teak squares, 528 teak planks, 4,858 pcs. sapanwood-Allison, Cousland, & Co.","Allison, Cousland, & Co.",11,Jan,1895,19,January,1895,False,standard_dash,0.9,"Jan. 11 Vesones-Bangkok-635 pcs. teak squares, 528 teak planks, 4,858 pcs. sapanwood-Allison, Cousland, & Co."
18950119p.95.txt,74,Lilly,Arendal,GREENOCK,180 lds. pit props-Lochgelly Iron & Coal Co.,Lochgelly Iron & Coal Co.,8,Jan,1895,19,January,1895,False,standard_dash,0.9,Jan. 8 Lilly-Arendal-180 lds. pit props-Lochgelly Iron & Coal Co.
18950119p.95.txt,77,Fergus,Memel,GREENOCK,"4,000 oak staves-C. Salvesen & Co.",C. Salvesen & Co.,8,Jan,1895,19,January,1895,True,standard_dash,0.9,"Jan. 8 St. Fergus (s)-Memel-4,000 oak staves-C. Salvesen & Co."
18950119p.95.txt,78,Ennismore,Riga,GREENOCK,276 lds. deals-J. Cormack & Co.,J. Cormack & Co.,10,Jan,1895,19,January,1895,False,condensed,0.9,10 Ennismore-Riga-276 lds. deals-J. Cormack & Co.
18950119p.95.txt,79,Ida,Memel,GREENOCK,50 lds. oak staves-Hugo Knob-lauch,Hugo Knob-lauch,14,Jan,1895,19,January,1895,False,condensed,0.9,14 Ida-Memel-50 lds. oak staves-Hugo Knob-lauch
18950119p.95.txt,82,Hanna,Mandal,WICK,70 lds. birch staves-D. Leask,D. Leask,12,Jan,1895,19,January,1895,False,standard_dash,1.0,Jan. 12 Hanna-Mandal-70 lds. birch staves-D. Leask
18950119p.95.txt,113,Timber Merchants and,Saw,WICK,millers,,12,Jan,1895,19,January,1895,False,condensed,0.9,"Timber Merchants and Saw-millers,"
18950119p.95.txt,115,Telegram,Addresses,WICK,"DONALDSON, TAYPORT.",,12,Jan,1895,19,January,1895,False,condensed,0.9,"Telegram Addresses— DONALDSON, TAYPORT."
18950126p.119.txt,127,Foi,Ferrol,DOORS,280 lds. pitwood-J. Bland & Co.,J. Bland & Co.,15,Jan,1895,26,January,1895,False,standard_dash,0.9,Jan. 15 Foi-Ferrol-280 lds. pitwood-J. Bland & Co.; Kronborg-Memel-300 lds. hewn sawn fir-J. Bland & Co.
18950126p.119.txt,127,Kronborg,Memel,DOORS,300 lds. hewn sawn fir-J. Bland & Co.,J. Bland & Co.,15,Jan,1895,26,January,1895,False,condensed,0.9,Kronborg-Memel-300 lds. hewn sawn fir-J. Bland & Co.
18950126p.119.txt,128,Bellalie,Redon,DOORS,170 lds. pitwood,,15,Jan,1895,26,January,1895,False,condensed,0.9,Bellalie-Redon-170 lds. pitwood
18950126p.119.txt,129,Boileau,Bordeaux,DOORS,"1,800 lds. pitwood-Newport Pitwood Co.",Newport Pitwood Co.,16,Jan,1895,26,January,1895,True,condensed,0.9,"16 Boileau (s)-Bordeaux-1,800 lds. pitwood-Newport Pitwood Co."
18950126p.119.txt,130,Listo,Christiansand,DOORS,152 lds. mining timber-Tellefsen & Co.,Tellefsen & Co.,15,Jan,1895,26,January,1895,False,condensed,0.9,Listo-Christiansand-152 lds. mining timber-Tellefsen & Co.
18950126p.119.txt,132,Kronborg,Memel,DOORS,125 lds. mining timber-Tellefsen & Co.,Tellefsen & Co.,19,Jan,1895,26,January,1895,True,condensed,0.9,19 Kronborg (s)-Memel-125 lds. mining timber-Tellefsen & Co.
18950126p.119.txt,135,Palestine,Fredrikstad,DOORS,202 lds. sawn fir boards-W. Thomas,W. Thomas,15,Jan,1895,26,January,1895,False,standard_dash,0.9,Jan. 15 Palestine-Fredrikstad-202 lds. sawn fir boards-W. Thomas
18950126p.119.txt,136,Frey,Sundswall,DOORS,"348 lds. poles, 50 lds. deals and battens-W. Williams",W. Williams,15,Jan,1895,26,January,1895,False,condensed,0.9,"Frey-Sundswall-348 lds. poles, 50 lds. deals and battens-W. Williams"
18950126p.119.txt,139,Echo,Drammen,DOORS,608 lds. sawn fir-Barkworth & Spaldin,Barkworth & Spaldin,15,Jan,1895,26,January,1895,False,standard_dash,0.9,Jan. 15 Echo-Drammen-608 lds. sawn fir-Barkworth & Spaldin
18950126p.119.txt,142,Argo,Gothenburg,GRIMSBY,"239 lds. sawn fir-Wilson, Sons, & Co.","Wilson, Sons, & Co.",15,Jan,1895,26,January,1895,False,standard_dash,0.9,"Jan. 15 Argo-Gothenburg-239 lds. sawn fir-Wilson, Sons, & Co."
18950126p.119.txt,143,Cameo,Gothenburg,GRIMSBY,50 lds. sawn fir-Wintringham & Son,Wintringham & Son,21,Jan,1895,26,January,1895,True,condensed,0.9,21 Cameo (s)-Gothenburg-50 lds. sawn fir-Wintringham & Son
18950126p.119.txt,144,Argo,Gothenburg,GRIMSBY,35 lds. sawn fir-Wintringham & Son,Wintringham & Son,15,Jan,1895,26,January,1895,True,condensed,0.9,Argo (s)-Gothenburg-35 lds. sawn fir-Wintringham & Son
18950126p.119.txt,145,Cato,Danzig,GRIMSBY,"2,353 sleepers, 1,000 half sleepers-Burt, Boulton, & Haywood","Burt, Boulton, & Haywood",15,Jan,1895,26,January,1895,False,condensed,0.9,"Cato-Danzig-2,353 sleepers, 1,000 half sleepers-Burt, Boulton, & Haywood"
18950126p.119.txt,148,Poseidon,Porsgrund,GRIMSBY,209 lds. props-W. Pearson & Co.,W. Pearson & Co.,16,Jan,1895,26,January,1895,False,standard_dash,0.9,Jan. 16 Poseidon-Porsgrund-209 lds. props-W. Pearson & Co.
18950126p.119.txt,149,Avenir,Arendal,GRIMSBY,12 lds. props-Soulsby & Co.,Soulsby & Co.,17,Jan,1895,26,January,1895,False,condensed,0.9,17 Avenir-Arendal-12 lds. props-Soulsby & Co.
18950126p.119.txt,152,Adolf,Mobile,GRIMSBY,"698 lds. hewn fir, 1,000 lds. sawn fir, 76 lds. planks-Groom & Son",Groom & Son,19,Jan,1895,26,January,1895,False,standard_dash,0.9,"Jan. 19 Adolf-Mobile-698 lds. hewn fir, 1,000 lds. sawn fir, 76 lds. planks-Groom & Son"
18950126p.119.txt,156,Romeo,Gothenburg,GRIMSBY,"260 doors-T. Wilson, Sons, & Co. 922 pit props-Hull and Barnsley Co.; 10,030 pit props-Chas. Wells & Co.; 2,455 sleepers-North Eastern Railway Co.; 4,577 sleepers-Chas. Wells & Co.; 720 bdls. laths-Broadbent & Co.; 750 bdls. laths-Hollis Bros.; 500 bdls. laths-Heaven & Kesterton; 200 bdls. laths-Hewitson & Lambert; 300 bdls. laths-John Bruce & Son","T. Wilson, Sons, & Co.",21,Jan,1895,26,January,1895,True,standard_dash,0.9,"Jan. 21 Romeo (s)-Gothenburg-260 doors-T. Wilson, Sons, & Co.; 922 pit props-Hull and Barnsley Co.; 10,030 pit props-Chas. Wells & Co.; 2,455 sleepers-North Eastern Railway Co.; 4,577 sleepers-Chas. Wells & Co.; 720 bdls. laths-Broadbent & Co.; 750 bdls. laths-Hollis Bros.; 500 bdls. laths-Heaven & Kesterton; 200 bdls. laths-Hewitson & Lambert; 300 bdls. laths-John Bruce & Son"
18950126p.119.txt,162,Montebello,Christiania,GRIMSBY,"2,160 pcs. mining timber-Haagensen, Watt & Co.","Haagensen, Watt & Co.",21,Jan,1895,26,January,1895,True,standard_dash,0.9,"Jan. 21 Montebello (s)-Christiania-2,160 pcs. mining timber-Haagensen, Watt & Co."
18950126p.119.txt,163,Cato,Danzig,GRIMSBY,"1,250 pcs. square timber-Henry Smith & Co. 2,648 chocks-E. Wiener & Co.",Henry Smith & Co.,22,Jan,1895,26,January,1895,True,condensed,0.9,"22 Cato (s)-Danzig-1,250 pcs. square timber-Henry Smith & Co.; 2,648 chocks-E. Wiener & Co."
18950126p.119.txt,166,Walttika,Darien,GRIMSBY,"1,619 pcs. sawn timber, 221 deals-H. Newsum, Sons, & Co.","H. Newsum, Sons, & Co.",18,Jan,1895,26,January,1895,False,standard_dash,0.9,"Jan. 18 Walttika-Darien-1,619 pcs. sawn timber, 221 deals-H. Newsum, Sons, & Co."
18950126p.119.txt,167,Deo Gloria,Kragero,GRIMSBY,"948 telegraph poles-R. Wade, Sons, & Co. 700 pit props-Haagensen, Watt, & Co.","R. Wade, Sons, & Co.",21,Jan,1895,26,January,1895,False,condensed,0.9,"21 Deo Gloria-Kragero-948 telegraph poles-R. Wade, Sons, & Co.; 700 pit props-Haagensen, Watt, & Co."
18950126p.119.txt,168,Venezia,Christiansand,GRIMSBY,"41,474 deals and ends-Thornham, Reynoldson, & Co.","Thornham, Reynoldson, & Co.",18,Jan,1895,26,January,1895,True,condensed,0.9,"Venezia (s)-Christiansand-41,474 deals and ends-Thornham, Reynoldson, & Co."
18950126p.119.txt,200,Edouard Heloise,Vannes,GRIMSBY,210 lds. pitwood-W. Davies & Co.,W. Davies & Co.,15,Jan,1895,26,January,1895,False,standard_dash,0.9,Jan. 15 Edouard Heloise-Vannes-210 lds. pitwood-W. Davies & Co.
18950126p.119.txt,202,Julie Marie,Douarnenez,GRIMSBY,125 lds. pitwood-W. S. Vivian,W. S. Vivian,18,Jan,1895,26,January,1895,False,condensed,0.9,18 Julie Marie-Douarnenez-125 lds. pitwood-W. S. Vivian
18950126p.119.txt,203,Woodland,Bordeaux,GRIMSBY,"1,100 lds. pitwood-W. Davies & Co.",W. Davies & Co.,21,Jan,1895,26,January,1895,True,condensed,0.9,"21 Woodland (s)-Bordeaux-1,100 lds. pitwood-W. Davies & Co."
18950126p.119.txt,206,Viking,Gothenburg,TYNE,170 lds. battens,,21,Jan,1895,26,January,1895,True,condensed,1.0,Viking (s)-Gothenburg-170 lds. battens
18950126p.119.txt,208,General,lieutenant von Hitzleben,TYNE,Riga,,17,Jan,1895,26,January,1895,False,condensed,1.0,"17 General-lieutenant von Hitzleben-Riga-6,921 deals-Robson, Miller, & Co."
18950126p.119.txt,209,Chicago,New York,TYNE,"10 cs. mouldings, 475 pcs. lumber, 121 pcs. oak, 20 bdls. mouldings, 3 cs. mouldings, 557 pcs. oak-Furness, Withys, & Co.","Furness, Withys, & Co.",19,Jan,1895,26,January,1895,True,condensed,1.0,"19 Chicago (s)-New York-10 cs. mouldings, 475 pcs. lumber, 121 pcs. oak, 20 bdls. mouldings, 3 cs. mouldings, 557 pcs. oak-Furness, Withys, & Co."
18950126p.119.txt,215,Lord Charlemont,Baltimore,TYNE,"13 lds. oak lumber, 31 lds. poplar lumber-T. Dixon",T. Dixon,17,Jan,1895,26,January,1895,True,standard_dash,0.9,"Jan. 17 Lord Charlemont (s)-Baltimore-13 lds. oak lumber, 31 lds. poplar lumber-T. Dixon"
18950126p.119.txt,219,Avon,Colon,LONDON,"170 logs mahogany 30 logs mahogany-G. Shadbolt, Sons, & Co.; 51 logs mahogany-Fruhling & Goschen; New York-52 logs mahogany and cedar-Kendall & Sons; 928 pcs. lumber-G. G. Becker; 7,158 pcs. lumber-J. Leary & Co.; 7,308 pcs. lumber Cobbett & Co.; 1,700 staves-H. Hay; 3,610 pcs. poplar",,17,Jan,1895,26,January,1895,True,standard_dash,0.9,"Jan. 17 Avon (s)-Colon-170 logs mahogany-Order; 30 logs mahogany-G. Shadbolt, Sons, & Co.; 51 logs mahogany-Fruhling & Goschen; New York-52 logs mahogany and cedar-Kendall & Sons; 928 pcs. lumber-G. G. Becker; 7,158 pcs. lumber-J. Leary & Co.; 7,308 pcs. lumber Cobbett & Co.; 1,700 staves-H. Hay; 3,610 pcs. poplar"
18950126p.119.txt,222,Sterling,Bangkok,LONDON,"552 teak squares, 334 teak planks-R. & J. Henderson",R. & J. Henderson,22,Jan,1895,26,January,1895,False,standard_dash,0.9,"Jan. 22 Sterling-Bangkok-552 teak squares, 334 teak planks-R. & J. Henderson"
18950126p.119.txt,225,Brilliant,Nuevitas,POOLE,490 lds. cedar logs-A. C. Bjerke,A. C. Bjerke,18,Jan,1895,26,January,1895,False,standard_dash,1.0,Jan. 18 Brilliant - Nuevitas-490 lds. cedar logs-A. C. Bjerke
18950126p.123.txt,5,Aurora,Wanevik,POOLE,12 lds. pit props-J. Ludwig & Co.,J. Ludwig & Co.,19,Jan,1895,26,January,1895,False,standard_dash,0.9,Jan. 19 Aurora-Wanevik-12 lds. pit props-J. Ludwig & Co.
18950126p.123.txt,6,Rap,Fredrikstad,POOLE,150 lds. birch firewood-J. Ludwig & Co.,J. Ludwig & Co.,19,Jan,1895,26,January,1895,False,condensed,0.9,Rap-Fredrikstad-150 lds. birch firewood-J. Ludwig & Co.
18950126p.123.txt,8,De Trende Brodre,Skien,POOLE,120 lds. pit props-J. Kennedy & Co.,J. Kennedy & Co.,16,Jan,1895,26,January,1895,False,standard_dash,0.9,Jan. 16 De Trende Brodre-Skien-120 lds. pit props-J. Kennedy & Co.
18950126p.123.txt,10,Gustav,Riga,DUNDEE,800 lds. deals-Donaldson,Donaldson,16,Jan,1895,26,January,1895,False,standard_dash,0.9,Jan. 16 Gustav-Riga-800 lds. deals-Donaldson
18950126p.123.txt,11,Beryl,Riga,DUNDEE,98 lds. lathwood-Gem Lime Co.,Gem Lime Co.,18,Jan,1895,26,January,1895,False,condensed,0.9,18 Beryl-Riga-98 lds. lathwood-Gem Lime Co.
18950126p.123.txt,13,Iberia,Gothenburg,DUNDEE,"1,050 cs. broom handles, 88 pairs oar blocks, 48 boathook handles, 49 cs., 59 bags, 6 bdls. mouldings, 139 bags bobbins, 40 bdls. turned handles, 2,596 cs. boards, 1,038 bdls. mouldings, 1,488 birch props",,16,Jan,1895,26,January,1895,False,condensed,0.9,"Iberia-Gothenburg-1,050 cs. broom handles, 88 pairs oar blocks, 48 boathook handles, 49 cs., 59 bags, 6 bdls. mouldings, 139 bags bobbins, 40 bdls. turned handles, 2,596 cs. boards, 1,038 bdls. mouldings, 1,488 birch props"
18950126p.123.txt,14,Peruvian,New York,DUNDEE,"9,000 pcs. lumber",,11,Jan,1895,26,January,1895,False,condensed,0.9,"12 Peruvian-New York-9,000 pcs. lumber"
18950126p.123.txt,15,Amarynthia,Baltimore,DUNDEE,"944 pcs. pine, 405 pcs. oak-Allison, Cousland, & Co. 196 pcs. oak-Singleton, Dunn, & Co. ; 1,068 bds. oak logs-J. Kennedy & Co. ; 23 logs poplar-Edmiston & Co. ; 195 cs. poplar, 70 walnut logs-Cant & Kemp ; 6,700 staves, 384 pcs. oak-Wright, Graham, & Co. ; 195 cs. veneers, 1 car mouldings-Order","Allison, Cousland, & Co.",11,Jan,1895,26,January,1895,False,condensed,0.9,"Amarynthia-Baltimore-944 pcs. pine, 405 pcs. oak-Allison, Cousland, & Co. ; 196 pcs. oak-Singleton, Dunn, & Co. ; 1,068 bds. oak logs-J. Kennedy & Co. ; 23 logs poplar-Edmiston & Co. ; 195 cs. poplar, 70 walnut logs-Cant & Kemp ; 6,700 staves, 384 pcs. oak-Wright, Graham, & Co. ; 195 cs. veneers, 1 car mouldings-Order"
18950126p.123.txt,16,Olympia,New York,DUNDEE,"21 cranes, 6,700 staves, 2 cs., 70 bdls. woodware",,11,Jan,1895,26,January,1895,False,condensed,0.9,"14 Olympia-New York-21 cranes, 6,700 staves, 2 cs., 70 bdls. woodware"
18950126p.123.txt,17,Niobe,Nantes,DUNDEE,"1,236 bdls. hoops",,11,Jan,1895,26,January,1895,False,condensed,0.9,"Niobe-Nantes-1,236 bdls. hoops"
18950126p.123.txt,18,Carthaginian,Philadelphia,DUNDEE,49 logs walnut,,11,Jan,1895,26,January,1895,False,condensed,0.9,"Carthaginian-Philadelphia-49 logs walnut-Edmiston & Mitchells, 2,078 pcs. teak-Order"
18950126p.123.txt,19,Pegu,Rangoon,DUNDEE,"369 planks teak-R. Hamil-ton & Co. 377 planks teak, 533 bdls. teak scantlings-Edmiston & Mitchells ; 2,078 planks teak",R. Hamil-ton & Co.,15,Jan,1895,26,January,1895,False,condensed,0.9,"15 Pegu-Rangoon-369 planks teak-R. Hamil-ton & Co. ; 377 planks teak, 533 bdls. teak scantlings-Edmiston & Mitchells ; 2,078 planks teak"
18950126p.123.txt,20,Hermes,Rangoon,DUNDEE,"1,161 pcs. teakwood-McDowall & Neilson",McDowall & Neilson,15,Jan,1895,26,January,1895,False,condensed,0.9,"Hermes-Rangoon-1,161 pcs. teakwood-McDowall & Neilson"
18950126p.123.txt,22,Norway,Christiania,DUNDEE,"1,200 bdls. box boards",,15,Jan,1895,26,January,1895,False,condensed,0.9,"Norway-Christiania-1,200 bdls. box boards"
18950126p.123.txt,26,Fonograf,Bangkok,GREENOCK,"323 pcs. sapanwood, 5,857 pcs. teak planks, 590 pcs. teak-Allison, Cousland, & Co.","Allison, Cousland, & Co.",18,Jan,1895,26,January,1895,False,standard_dash,0.9,"Jan. 18 Fonograf-Bangkok-323 pcs. sapanwood, 5,857 pcs. teak planks, 590 pcs. teak-Allison, Cousland, & Co."
18950126p.123.txt,28,Thyra,Falkenberg,GREENOCK,192 lds. pit props-Fife Coal Co.,Fife Coal Co.,18,Jan,1895,26,January,1895,False,standard_dash,0.9,Jan. 18 Thyra-Falkenberg-192 lds. pit props-Fife Coal Co.
18950126p.123.txt,70,Timber Merchants and,Saw,GREENOCK,millers,,18,Jan,1895,26,January,1895,False,condensed,0.9,"Timber Merchants and Saw-millers,"
18950126p.123.txt,72,A well,selected stock of Prime Home,GREENOCK,"grown Wood, Mahogany and Cabinet Woods, Waney Board, Canary Wood, Baltic Deals and Battens, Seasoned Floorings, Linings, &c., Home-grown Wood, in logs and in the round, Planks and Boards.","grown Wood, in logs and in the round, Planks and Boards.",18,Jan,1895,26,January,1895,False,condensed,0.9,"A well-selected stock of Prime Home-grown Wood, Mahogany and Cabinet Woods, Waney Board, Canary Wood, Baltic Deals and Battens, Seasoned Floorings, Linings, &c., Home-grown Wood, in logs and in the round, Planks and Boards."
18950126p.123.txt,96,Timber Merchants and,Saw,GREENOCK,millers,,18,Jan,1895,26,January,1895,False,condensed,0.9,"Timber Merchants and Saw-millers,"
18950126p.123.txt,100,Telegram,Addresses,GREENOCK,"DONALDSON, TAYPORT.",,18,Jan,1895,26,January,1895,False,condensed,0.9,"Telegram Addresses— DONALDSON, TAYPORT."
18950202p.150.txt,13,Dodo,Bordeaux,GREENOCK,"1,200 lds. pitwood-",,18,Jan,1895,2,February,1895,True,condensed,0.9,"Dodo (s)-Bordeaux-1,200 lds. pitwood-"
18950202p.150.txt,15,Roseland,Bayonne,GREENOCK,"1,200 lds. pitwood-New-",New-,22,Jan,1895,2,February,1895,False,condensed,0.9,"Roseland-Bayonne-1,200 lds. pitwood-New-"
18950202p.150.txt,17,Usk,Bordeaux,GREENOCK,900 lds. pitwood-Simkin Bros.,Simkin Bros.,23,Jan,1895,2,February,1895,False,condensed,0.9,23 Usk-Bordeaux-900 lds. pitwood-Simkin Bros.
18950202p.150.txt,18,Rosella,Villagarcia,GREENOCK,"1,600 lds. pitwood -",,23,Jan,1895,2,February,1895,False,condensed,0.9,"Rosella - Villagarcia - 1,600 lds. pitwood -"
18950202p.150.txt,20,River Ettrick,Bayonne,GREENOCK,"1,100 lds. pitwood-",,23,Jan,1895,2,February,1895,False,condensed,0.9,"24 River Ettrick-Bayonne-1,100 lds. pitwood-"
18950202p.150.txt,22,Delphine,Redon,GREENOCK,190 lds. pitwood-A. Capelle,A. Capelle,23,Jan,1895,2,February,1895,False,condensed,0.9,Delphine-Redon-190 lds. pitwood-A. Capelle
18950202p.150.txt,23,Baron Hambro,Bordeaux,GREENOCK,680 lds. pitwood-,,23,Jan,1895,2,February,1895,False,condensed,0.9,Baron Hambro-Bordeaux-680 lds. pitwood-
18950202p.150.txt,25,Vindomora,Bordeaux,GREENOCK,"1,100 lds. pitwood-",,23,Jan,1895,2,February,1895,False,condensed,0.9,"Vindomora-Bordeaux-1,100 lds. pitwood-"
18950202p.150.txt,27,Aberdare,Bayonne,GREENOCK,"1,370 lds. pitwood-",,23,Jan,1895,2,February,1895,False,condensed,0.9,"25 Aberdare-Bayonne-1,370 lds. pitwood-"
18950202p.150.txt,29,Eastwood,Bordeaux,GREENOCK,"1,500 lds. pitwood-",,23,Jan,1895,2,February,1895,True,condensed,0.9,"Eastwood (s)-Bordeaux-1,500 lds. pitwood-"
18950202p.150.txt,31,Boucan,Bayonne,GREENOCK,"1,100 lds. pitwood -",,23,Jan,1895,2,February,1895,False,condensed,0.9,"26 Boucan - Bayonne - 1,100 lds. pitwood -"
18950202p.150.txt,33,Latona,Risoer,GREENOCK,476 lds. pit props-Schroeter,Schroeter,23,Jan,1895,2,February,1895,False,condensed,0.9,Latona-Risoer-476 lds. pit props-Schroeter
18950202p.150.txt,34,Maurice,Camarinas,GREENOCK,215 lds. pitwood-Tapson,Tapson,23,Jan,1895,2,February,1895,False,condensed,0.9,Maurice-Camarinas-215 lds. pitwood-Tapson
18950202p.150.txt,35,Refugio,Bayonne,GREENOCK,"1,400 lds. pitwood-M. S.",M. S.,28,Jan,1895,2,February,1895,False,condensed,0.9,"28 Refugio-Bayonne-1,400 lds. pitwood-M. S."
18950202p.150.txt,36,Rosebud,Bayonne,GREENOCK,"1,150 lds. pitwood-",,28,Jan,1895,2,February,1895,False,condensed,0.9,"Rosebud-Bayonne-1,150 lds. pitwood-"
18950202p.150.txt,38,Larengo,Bordeaux,GREENOCK,"2,800 lds. pitwood-",,28,Jan,1895,2,February,1895,True,condensed,0.9,"Larengo (s)-Bordeaux-2,800 lds. pitwood-"
18950202p.150.txt,42,William,Gothenburg,GREENOCK,338 lds. deals-,,28,Jan,1895,2,February,1895,False,condensed,0.9,William-Gothenburg-338 lds. deals-
18950202p.150.txt,46,Domino,Gothenburg,GRIMSBY,212 lds.,,22,Jan,1895,2,February,1895,True,condensed,0.9,Domino (s)-Gothenburg-212 lds.
18950202p.150.txt,47,T. Wilson Frankfort,Memel,GRIMSBY,180 lds. fir blocks,,24,Jan,1895,2,February,1895,True,condensed,0.9,T. Wilson Frankfort (s)-Memel-180 lds. fir blocks
18950202p.150.txt,50,Marshall & Atkinson Domino,Gothenburg,GRIMSBY,110 lds. sawn fir-,,24,Jan,1895,2,February,1895,True,condensed,0.9,Marshall & Atkinson Domino (s)-Gothenburg-110 lds. sawn fir-
18950202p.150.txt,54,Bris,Fredrikstad,GRIMSBY,"1,304 lds. sawn fir-M. S.",M. S.,24,Jan,1895,2,February,1895,True,condensed,0.9,"Bris (s)-Fredrikstad-1,304 lds. sawn fir-M. S."
18950202p.150.txt,58,Hans,Arendal,GRIMSBY,120 lds. props-W. Pearson,W. Pearson,22,Jan,1895,2,February,1895,False,standard_dash,0.9,Jan. 22 Hans-Arendal-120 lds. props-W. Pearson
18950202p.150.txt,60,Neptune,Halmstad,GRIMSBY,345 lds. props-,,22,Jan,1895,2,February,1895,False,condensed,0.9,23 Neptune-Halmstad-345 lds. props-
18950202p.150.txt,62,Rana,Arendal,GRIMSBY,"230 lds. mining timber, 10",,22,Jan,1895,2,February,1895,False,condensed,0.9,"25 Rana-Arendal-230 lds. mining timber, 10"
18950202p.150.txt,64,William Hunter,Arendal,GRIMSBY,345 lds. props-,,22,Jan,1895,2,February,1895,False,condensed,0.9,26 William Hunter-Arendal-345 lds. props-
18950202p.150.txt,66,Loveid,Kragero,GRIMSBY,475 lds. props-Hessler & Co.,Hessler & Co.,22,Jan,1895,2,February,1895,False,condensed,0.9,Loveid-Kragero-475 lds. props-Hessler & Co.
18950202p.150.txt,71,Kelso,Riga,GRIMSBY,"1,052 bdls. laths-F. W. Allen",F. W. Allen,23,Jan,1895,2,February,1895,True,standard_dash,0.9,"Jan. 23 Kelso (s)-Riga-1,052 bdls. laths-F. W. Allen"
18950202p.150.txt,72,Ariosto,Gothenburg,GRIMSBY,"1,400 bdls. laths-",,23,Jan,1895,2,February,1895,True,condensed,0.9,"28 Ariosto (s)-Gothenburg-1,400 bdls. laths-"
18950202p.150.txt,80,Martello,New York,GRIMSBY,690 pcs. oak,,23,Jan,1895,2,February,1895,True,condensed,0.9,"Martello (s)-New York-690 pcs. oak,"
18950202p.150.txt,82,New,York,GRIMSBY,"10 logs wood, 9,350",,26,Jan,1895,2,February,1895,False,condensed,0.9,"New York-10 logs wood, 9,350"
18950202p.150.txt,87,Cameo,Drontheim,GRIMSBY,40 lds. firewood-,,26,Jan,1895,2,February,1895,True,condensed,0.9,Cameo (s)-Drontheim-40 lds. firewood-
18950202p.150.txt,90,Tasso,Drontheim,GRIMSBY,71 pcs. timber-Napier,Napier,28,Jan,1895,2,February,1895,True,condensed,0.9,28 Tasso (s)-Drontheim-71 pcs. timber-Napier
18950202p.150.txt,91,MISSING_FROM_OCR,Christiania,GRIMSBY,708 pcs. round timber,,23,Jan,1895,2,February,1895,False,condensed,0.9,Christiania-708 pcs. round timber
18950202p.150.txt,94,MISSING_FROM_OCR,Gothenburg,GRIMSBY,"74,013 boards, 6,643 bdls boards",,23,Jan,1895,2,February,1895,False,condensed,0.9,"Gothenburg-74,013 boards, 6,643 bdls boards"
18950202p.150.txt,108,Thule,Gothenburg,GRIMSBY,208 bdls. mould-,,23,Jan,1895,2,February,1895,True,condensed,0.9,28 Thule (s)-Gothenburg-208 bdls. mould-
18950202p.150.txt,110,MISSING_FROM_OCR,Fredrikstad,GRIMSBY,"1,632 battens-Hod-",Hod-,23,Jan,1895,2,February,1895,False,condensed,0.9,"Fredrikstad-1,632 battens-Hod-"
18950202p.150.txt,115,Ceres,Libau,GRIMSBY,"70,378 staves",,23,Jan,1895,2,February,1895,True,condensed,0.9,"Ceres (s)-Libau-70,378 staves"
18950202p.150.txt,117,Richmond Hill,New York,GRIMSBY,178 pipe,,23,Jan,1895,2,February,1895,True,condensed,0.9,Richmond Hill (s)-New York-178 pipe
18950202p.150.txt,119,G. Becker America,New York,GRIMSBY,"2,500 staves-Hay",Hay,25,Jan,1895,2,February,1895,True,condensed,0.9,"G. Becker America (s)-New York-2,500 staves-Hay"
18950202p.150.txt,124,Veranda,Brevig,GRIMSBY,372 lds. hewn fir,,25,Jan,1895,2,February,1895,False,condensed,0.9,Veranda-Brevig-372 lds. hewn fir
18950202p.150.txt,128,Angers,Dieppe,GRIMSBY,10 lds. veneers-Reeves,Reeves,26,Jan,1895,2,February,1895,False,standard_dash,0.9,Jan. 26 Angers-Dieppe-10 lds. veneers-Reeves
18950202p.150.txt,132,Huma,Arendal,NEWPORT,6 lds. hewn fir-,,26,Jan,1895,2,February,1895,False,condensed,1.0,Huma - Arendal-6 lds. hewn fir-
18950202p.150.txt,134,Thomas Coats,Bordeaux,NEWPORT,"1,050 lds. hewn fir-",,22,Jan,1895,2,February,1895,False,condensed,1.0,"28 Thomas Coats-Bordeaux-1,050 lds. hewn fir-"
18950202p.150.txt,136,Reggio,Bayonne,NEWPORT,"1,250 lds. hewn fir-New-",New-,22,Jan,1895,2,February,1895,False,condensed,0.9,"Reggio - Bayonne-1,250 lds. hewn fir-New-"
18950202p.150.txt,140,Adour,Bayonne,NEWPORT,"1,060 lds. pitwood-",,22,Jan,1895,2,February,1895,True,condensed,0.9,"Adour (s)-Bayonne-1,060 lds. pitwood-"
18950202p.150.txt,147,Bassano,Trieste,NEWPORT,"32,600 oak staves-T",T,25,Jan,1895,2,February,1895,True,standard_dash,0.9,"Jan. 25 Bassano (s)-Trieste-32,600 oak staves-T"
18950202p.150.txt,149,Urbino,Odessa,NEWPORT,"322 oak logs-T. Wilson,","T. Wilson,",25,Jan,1895,2,February,1895,True,condensed,0.9,"Urbino (s)-Odessa-322 oak logs-T. Wilson,"
18950202p.150.txt,154,Kanawha,Newport News,LIVERPOOL,21 walnut,,25,Jan,1895,2,February,1895,True,condensed,0.9,Kanawha (s)-Newport News-21 walnut
18950202p.150.txt,158,Sagamore,Boston,LIVERPOOL,"3,000 hhd. staves-Farn-",Farn-,26,Jan,1895,2,February,1895,True,condensed,0.9,"26 Sagamore (s)-Boston-3,000 hhd. staves-Farn-"
18950202p.150.txt,160,New,York,LIVERPOOL,"6,532 pcs. oak-Duncan,","Duncan,",26,Jan,1895,2,February,1895,False,condensed,0.9,"New York-6,532 pcs. oak-Duncan,"
18950202p.150.txt,164,Costa Rican,Vera Cruz,LIVERPOOL,"107 pcs. cedar, 9",,26,Jan,1895,2,February,1895,True,condensed,0.9,"Costa Rican (s)-Vera Cruz-107 pcs. cedar, 9"
18950202p.150.txt,167,Euripides,Odessa,LIVERPOOL,"249 oak logs, 89",,26,Jan,1895,2,February,1895,True,condensed,0.9,"Euripides (s)-Odessa-249 oak logs, 89"
18950202p.150.txt,174,Queensmore,Baltimore,LIVERPOOL,882 walnut,,26,Jan,1895,2,February,1895,True,condensed,0.9,Queensmore (s)-Baltimore-882 walnut
18950202p.150.txt,186,Farnworth Loch Tay,"Norfolk, Va.",LIVERPOOL,"6,000 staves, 45",,26,Jan,1895,2,February,1895,True,condensed,0.9,"Farnworth Loch Tay (s)-Norfolk, Va.-6,000 staves, 45"
18950202p.150.txt,191,Thorgny,Santa Cruz,LIVERPOOL,"1,358 pcs.",,26,Jan,1895,2,February,1895,False,condensed,0.9,"Thorgny - Santa Cruz - 1,358 pcs."
18950202p.150.txt,197,Staffordshire,Rangoon,LONDON,"1,100 teak",,26,Jan,1895,2,February,1895,True,condensed,0.9,"Staffordshire (s)-Rangoon-1,100 teak"
18950202p.150.txt,200,British Queen,Boston,LONDON,"5,100 staves",,28,Jan,1895,2,February,1895,True,condensed,0.9,"British Queen (s)-Boston-5,100 staves"
18950202p.150.txt,203,Gamen,Freemantle,LONDON,738 lds. jarrah-,,29,Jan,1895,2,February,1895,False,condensed,0.9,Gamen-Freemantle-738 lds. jarrah-
18950202p.150.txt,206,Falls of,Brocklinn,LONDON,Marseilles,,25,Jan,1895,2,February,1895,False,standard_dash,0.9,"Jan. 25 Falls of Brocklinn-Marseilles-1,182 pcs."
18950202p.150.txt,210,Cayo Romano,Cuba,LONDON,503 pcs. mahogany-,,25,Jan,1895,2,February,1895,False,condensed,0.9,28 Cayo Romano-Cuba-503 pcs. mahogany-
18950202p.150.txt,211,New,Orleans,LONDON,600 pcs.,,25,Jan,1895,2,February,1895,False,condensed,0.9,New Orleans-600 pcs.
18950202p.150.txt,214,Low,Moor,LONDON,New Orleans,,26,Jan,1895,2,February,1895,False,standard_dash,0.9,Jan. 26 Low Moor-New Orleans-600 pcs. teak
18950202p.150.txt,216,Ellin,Gothenburg,LONDON,"4,913 boards, 72",,26,Jan,1895,2,February,1895,False,condensed,0.9,"Ellin-Gothenburg-4,913 boards, 72"
18950202p.150.txt,218,Lord Londonderry,Baltimore,LONDON,12 pcs. poplar-,,25,Jan,1895,2,February,1895,False,condensed,0.9,26 Lord Londonderry-Baltimore-12 pcs. poplar-
18950202p.150.txt,242,field,"Park, West, Bath.",LONDON,The public examination,,25,Jan,1895,2,February,1895,False,condensed,0.9,"field Park, West, Bath.—The public examination"
18950202p.150.txt,320,Belsize,"Terrace, N.W.",LONDON,Under this failure,,25,Jan,1895,2,February,1895,False,condensed,0.9,"Belsize Terrace, N.W.—Under this failure"
18950202p.155.txt,29,Adolph,Gothenburg,LONDON,"774 lds. props-Rennie, Bryson, & Co.","Rennie, Bryson, & Co.",22,Jan,1895,2,February,1895,False,standard_dash,0.9,"Jan. 22 Adolph-Gothenburg-774 lds. props-Rennie, Bryson, & Co."
18950202p.155.txt,30,Sprint,Riga,LONDON,264 lds. pitwood-Clackmannan Coal Co.,Clackmannan Coal Co.,22,Jan,1895,2,February,1895,False,condensed,0.9,Sprint-Riga-264 lds. pitwood-Clackmannan Coal Co.
18950202p.155.txt,31,Theodor,Moss,LONDON,325 lds. pitwood-J. Fleming & Co.,J. Fleming & Co.,22,Jan,1895,2,February,1895,False,condensed,0.9,Theodor-Moss-325 lds. pitwood-J. Fleming & Co.
18950202p.155.txt,32,Valhal,Halmstad,LONDON,"450 lds. pitwood-J. Watt, Torrance, & Co.","J. Watt, Torrance, & Co.",23,Jan,1895,2,February,1895,True,condensed,0.9,"23 Valhal (s)-Halmstad-450 lds. pitwood-J. Watt, Torrance, & Co."
18950202p.155.txt,34,Eolus,Helsingfors,LONDON,188 lds. staves-J. Fleming & Co.,J. Fleming & Co.,25,Jan,1895,2,February,1895,True,standard_dash,0.9,Jan. 25 Eolus (s)-Helsingfors-188 lds. staves-J. Fleming & Co.
18950202p.155.txt,36,Rakil,Drammen,LONDON,162 lds. deals-W. Alexander & Sons,W. Alexander & Sons,23,Jan,1895,2,February,1895,False,standard_dash,0.9,Jan. 23 Rakil-Drammen-162 lds. deals-W. Alexander & Sons
18950202p.155.txt,38,Danmark,Werolax,BO'NESS,336 lds. deals-W. Stevenson & Cowie,W. Stevenson & Cowie,23,Jan,1895,2,February,1895,False,standard_dash,1.0,Jan. 23 Danmark-Werolax-336 lds. deals-W. Stevenson & Cowie
18950202p.155.txt,40,State of,California,BO'NESS,New York,,19,Jan,1895,2,February,1895,False,standard_dash,1.0,"Jan. 19 State of California-New York-5 crts. handles, 680 bdls. lumber, 134 brl. wood tops"
18950202p.155.txt,41,Scandinavian,Boston,BO'NESS,"2,313 pcs. pine lumber, 2,282 walnut boards, 10,500 brl. staves-Wright, Graham, & Co.","Wright, Graham, & Co.",19,Jan,1895,2,February,1895,False,condensed,1.0,"Scandinavian-Boston-2,313 pcs. pine lumber, 2,282 walnut boards, 10,500 brl. staves-Wright, Graham, & Co."
18950202p.155.txt,42,Energia,Newport News,BO'NESS,"20 oak logs, 20,282 and planks-Cant & Kemp 1 brl. staves, 15,420 52,747 dressed staves-Edmiston & Mitchells; 4,361 hhd. staves, 11,717 log staves, 114 logs hickory, 25 logs ash-Wright, Graham, & Co.; 2,037 poplar boards-Edmiston & Mitchells",Cant & Kemp,21,Jan,1895,2,February,1895,False,condensed,0.9,"21 Energia-Newport News-20 oak logs, 20,282 and planks-Cant & Kemp; 1 brl. staves, 15,420 52,747 dressed staves-Edmiston & Mitchells; 4,361 hhd. staves, 11,717 log staves, 114 logs hickory, 25 logs ash-Wright, Graham, & Co.; 2,037 poplar boards-Edmiston & Mitchells"
18950202p.155.txt,43,Furnessia,New York,BO'NESS,"28 crts. veneers, 47 crts., 21 cs., 123 bdls. handles, 54 crts. lumber, 2 boxes mouldings, 7,500 staves",,19,Jan,1895,2,February,1895,False,condensed,0.9,"23 Furnessia-New York-28 crts. veneers, 47 crts., 21 cs., 123 bdls. handles, 54 crts. lumber, 2 boxes mouldings, 7,500 staves"
18950202p.155.txt,45,Columbus,Darien,GREENOCK,"2,608 pcs. sawn pitch pine timber, 650 pcs. sawn pitch pine deals-Francis Briggs & Co.",Francis Briggs & Co.,21,Jan,1895,2,February,1895,False,standard_dash,0.9,"Jan. 21 Columbus-Darien-2,608 pcs. sawn pitch pine timber, 650 pcs. sawn pitch pine deals-Francis Briggs & Co."
18950202p.155.txt,46,Sir John Lawrence,Darien,GREENOCK,"2,033 pcs. sawn pitch pine timber, 369 pcs. sawn pitch pine deals",,21,Jan,1895,2,February,1895,False,condensed,0.9,"Sir John Lawrence-Darien-2,033 pcs. sawn pitch pine timber, 369 pcs. sawn pitch pine deals"
18950202p.155.txt,48,Otia,Gothenburg,INVERNESS,868 lds. deals and battens-J. Walker & Co.,J. Walker & Co.,21,Jan,1895,2,February,1895,False,standard_dash,1.0,Jan. 21 Otia-Gothenburg-868 lds. deals and battens-J. Walker & Co.
18950202p.155.txt,50,Tronda,Drontheim,INVERNESS,465 lds. fir battens-C. Salvesen & Co.,C. Salvesen & Co.,23,Jan,1895,2,February,1895,False,standard_dash,1.0,Jan. 23 Tronda-Drontheim-465 lds. fir battens-C. Salvesen & Co.
18950202p.155.txt,51,Majorca,Libau,INVERNESS,90 lds. oak staves-J. Currie,J. Currie,25,Jan,1895,2,February,1895,False,condensed,1.0,25 Majorca-Libau-90 lds. oak staves-J. Currie
18950202p.155.txt,52,Britannia,Rotterdam,INVERNESS,5 lds. hoops-G. Gibson,G. Gibson,23,Jan,1895,2,February,1895,False,condensed,0.9,Britannia-Rotterdam-5 lds. hoops-G. Gibson
18950202p.155.txt,53,Amulet,Rotterdam,INVERNESS,3 lds. hoops-G. Gibson,G. Gibson,28,Jan,1895,2,February,1895,False,condensed,0.9,28 Amulet-Rotterdam-3 lds. hoops-G. Gibson
18950202p.155.txt,61,Telegraphic,Address,INVERNESS,"""Timber, Inverness.""",,28,Jan,1895,2,February,1895,False,condensed,1.0,"Telegraphic Address—""Timber, Inverness."""
18950202p.155.txt,117,Inverness Town Council.,ARBROATH.,INVERNESS,"A conference has taken place between a committee of the Town Council of Arbroath Mr. Hamilton, manager of the Dundee and Arbroath Joint Line; Mr. Barr, engineer to the Caledonian Railway Company; and Mr. Bell, assistant engineer to the North British Railway Company, on the proposals for the construction of the station at Arbroath.",,28,Jan,1895,2,February,1895,False,condensed,0.9,"Inverness Town Council.  ARBROATH.—A conference has taken place between a committee of the Town Council of Arbroath; Mr. Hamilton, manager of the Dundee and Arbroath Joint Line; Mr. Barr, engineer to the Caledonian Railway Company; and Mr. Bell, assistant engineer to the North British Railway Company, on the proposals for the construction of the station at Arbroath."
18950202p.155.txt,123,General making application to the Postmaster,"General for a licence to construct a telephonic system, and asking that a representative from the Council of Aberdeen should be appointed to join a deputation of the municipalities of Scotland in order to lay the matter before the Postmaster",INVERNESS,General.,,28,Jan,1895,2,February,1895,False,condensed,0.9,"General making application to the Postmaster-General for a licence to construct a telephonic system, and asking that a representative from the Council of Aberdeen should be appointed to join a deputation of the municipalities of Scotland in order to lay the matter before the Postmaster-General."
18950202p.155.txt,133,Telegraphic,Address,GREENOCK,"""GREENHEART.""",,28,Jan,1895,2,February,1895,False,condensed,0.9,"Telegraphic Address—""GREENHEART."""
18950202p.155.txt,144,Timber Merchants and,Saw,GREENOCK,millers,,28,Jan,1895,2,February,1895,False,condensed,0.9,"Timber Merchants and Saw-millers,"
18950202p.155.txt,145,Telegram,Addresses,GREENOCK,"DONALDSON, TAYPORT.",,28,Jan,1895,2,February,1895,False,condensed,0.9,"Telegram Addresses— DONALDSON, TAYPORT."
18950209p.180.txt,3,Telegraphic and Cable,Address,GREENOCK,"“BURRWOOD, LIVERPOOL.”",,28,Jan,1895,9,February,1895,False,condensed,0.9,"Telegraphic and Cable Address—“BURRWOOD, LIVERPOOL.”"
18950209p.180.txt,28,Ocean,Bayonne,GREENOCK,600 lds. hewn fir-A. Capelle,A. Capelle,29,Jan,1895,9,February,1895,False,standard_dash,0.9,Jan. 29 Ocean-Bayonne-600 lds. hewn fir-A. Capelle
18950209p.180.txt,29,Thor,Bordeaux,GREENOCK,"1,500 lds. hewn fir-Powell, ley, Thomas, & Co.","Powell, ley, Thomas, & Co.",31,Jan,1895,9,February,1895,True,condensed,0.9,"31 Thor (s)-Bordeaux-1,500 lds. hewn fir-Powell, ley, Thomas, & Co."
18950209p.180.txt,30,Dordogne,Bordeaux,GREENOCK,900 lds. pitwood-W. H. Corfield,W. H. Corfield,30,Jan,1895,9,February,1895,False,condensed,0.9,30 Dordogne-Bordeaux-900 lds. pitwood-W. H. Corfield
18950209p.180.txt,31,Saintonge,Bordeaux,GREENOCK,"1,600 lds. pitwood-Simkin Bros.",Simkin Bros.,1,Feb,1895,9,February,1895,True,standard_dash,0.9,"Feb. 1 Saintonge (s)-Bordeaux-1,600 lds. pitwood-Simkin Bros."
18950209p.180.txt,32,Merthyr,Bayonne,GREENOCK,"1,450 lds. pitwood-A. Filleul",A. Filleul,1,Feb,1895,9,February,1895,False,condensed,0.9,"Merthyr-Bayonne-1,450 lds. pitwood-A. Filleul"
18950209p.180.txt,33,La Rochelle,Bayonne,GREENOCK,"1,350 lds. hewn fir-A. Capelle",A. Capelle,1,Feb,1895,9,February,1895,False,condensed,0.9,"La Rochelle-Bayonne-1,350 lds. hewn fir-A. Capelle"
18950209p.180.txt,34,Commentry,Bayonne,GREENOCK,"1,230 lds. pitwood-A. Capelle",A. Capelle,4,Feb,1895,9,February,1895,False,condensed,0.9,"4 Commentry-Bayonne-1,230 lds. pitwood-A. Capelle"
18950209p.180.txt,35,Corfield Bearn,Bordeaux,GREENOCK,"1,400 lds. pitwood-Simkin Bros.",Simkin Bros.,1,Feb,1895,9,February,1895,True,condensed,0.9,"Corfield Bearn (s)-Bordeaux-1,400 lds. pitwood-Simkin Bros."
18950209p.180.txt,38,Luna,Pascagoula,GOOLE,"1,003 lds. sawn fir-Illingworth, Ingham, & Co.","Illingworth, Ingham, & Co.",30,Jan,1895,9,February,1895,False,standard_dash,0.9,"Jan. 30 Luna-Pascagoula-1,003 lds. sawn fir-Illingworth, Ingham, & Co."
18950209p.180.txt,40,Frankfort,Memel,GRIMSBY,"152 lds. sawn fir, 20 lds. oak staves-T. Oates",T. Oates,29,Jan,1895,9,February,1895,False,standard_dash,0.9,"Jan. 29 Frankfort-Memel-152 lds. sawn fir, 20 lds. oak staves-T. Oates"
18950209p.180.txt,41,Argo,Gothenburg,GRIMSBY,"252 lds. pit props, 100 lds. fir laths-T. Wilson, Sons, & Co.","T. Wilson, Sons, & Co.",1,Feb,1895,9,February,1895,False,standard_dash,0.9,"Feb. 1 Argo-Gothenburg-252 lds. pit props, 100 lds. fir laths-T. Wilson, Sons, & Co."
18950209p.180.txt,42,Gozo,Danzig,GRIMSBY,"31,114 fir sleepers, 260 half-sleepers-T. Wilson, Sons, & Co.","sleepers-T. Wilson, Sons, & Co.",4,Feb,1895,9,February,1895,False,condensed,0.9,"4 Gozo – Danzig – 31,114 fir sleepers, 260 half-sleepers-T. Wilson, Sons, & Co."
18950209p.180.txt,44,Vanadis,Gothenburg,GRIMSBY,"42 lds. props, 60 lds. poles-C. Nielsen & Son 12 lds. hewn fir, 30 lds. sawn fir-J. W. Baird & Co.; 80 lds. props, 39 lds. sleepers-Pedersen & Co.; 52 lds. props, 78 lds. sleepers-H. Pearson & Co.; 51 lds. sleepers-H. M. Moller; 36 lds. sleepers-G. Horsley & Co.; 15 lds. crowntrees-Hessler & Co.; 46 lds. sleepers-H. Erichsen & Co.; 104 lds. props-W. D. Coxon; 25 lds. sawn fir-R. Thubron",C. Nielsen & Son,29,Jan,1895,9,February,1895,True,standard_dash,0.9,"Jan. 29 Vanadis (s)-Gothenburg-42 lds. props, 60 lds. poles-C. Nielsen & Son; 12 lds. hewn fir, 30 lds. sawn fir-J. W. Baird & Co.; 80 lds. props, 39 lds. sleepers-Pedersen & Co.; 52 lds. props, 78 lds. sleepers-H. Pearson & Co.; 51 lds. sleepers-H. M. Moller; 36 lds. sleepers-G. Horsley & Co.; 15 lds. crowntrees-Hessler & Co.; 46 lds. sleepers-H. Erichsen & Co.; 104 lds. props-W. D. Coxon; 25 lds. sawn fir-R. Thubron"
18950209p.180.txt,45,Asta,Skien,GRIMSBY,85 lds. poles-R. Lauder & Co. 117 lds. hewn fir-Hessler & Co.,R. Lauder & Co.,29,Jan,1895,9,February,1895,False,condensed,0.9,Asta-Skien-85 lds. poles-R. Lauder & Co.; 117 lds. hewn fir-Hessler & Co.
18950209p.180.txt,46,Caerndhu,Stettin,GRIMSBY,275 lds. hewn fir-J. W. Baird & Co. 520 lds. props-H. M. Moller,J. W. Baird & Co.,29,Jan,1895,9,February,1895,True,condensed,0.9,Caerndhu (s)-Stettin-275 lds. hewn fir-J. W. Baird & Co.; 520 lds. props-H. M. Moller
18950209p.180.txt,49,Thyra,Libau,GRIMSBY,"4,610 oak spokes-T. W. Allen",T. W. Allen,31,Jan,1895,9,February,1895,True,standard_dash,0.9,"Jan. 31 Thyra (s)-Libau-4,610 oak spokes-T. W. Allen"
18950209p.180.txt,50,Romeo,Gothenburg,GRIMSBY,"10,538 pit props-Chas. Wells & Co. 100 doors-Hollis Bros. & Co.; 400 bdls. laths-Horsley, Smith, & Co.; 500 bdls. laths-John Bruce & Co.; 920 bdls. laths-Broadbent & Gresham; 2,726 fencings-R. Wade, Sons, & Co.",Chas. Wells & Co.,4,Feb,1895,9,February,1895,True,standard_dash,0.9,"Feb. 4 Romeo (s)-Gothenburg-10,538 pit props-Chas. Wells & Co.; 100 doors-Hollis Bros. & Co.; 400 bdls. laths-Horsley, Smith, & Co.; 500 bdls. laths-John Bruce & Co.; 920 bdls. laths-Broadbent & Gresham; 2,726 fencings-R. Wade, Sons, & Co."
18950209p.180.txt,52,Walley,Halmstad,GRIMSBY,"20,376 pit props-Chas. Wells & Co.",Chas. Wells & Co.,30,Jan,1895,9,February,1895,True,standard_dash,0.9,"Jan. 30 Walley (s)-Halmstad-20,376 pit props-Chas. Wells & Co."
18950209p.180.txt,53,Colorado,New York,GRIMSBY,"17 logs wood, 3,900 staves, 2,628 pcs. oak-T. Wilson, Sons, & Co.","T. Wilson, Sons, & Co.",4,Feb,1895,9,February,1895,True,standard_dash,0.9,"Feb. 4 Colorado (s)-New York-17 logs wood, 3,900 staves, 2,628 pcs. oak-T. Wilson, Sons, & Co."
18950209p.180.txt,54,Cameo,Christiania,GRIMSBY,"1,651 bdls. boards-T. Wilson, Sons, & Co. 1,256 pcs. mining timber-Haagensen, Watt, & Co.","T. Wilson, Sons, & Co.",4,Feb,1895,9,February,1895,True,condensed,0.9,"Cameo (s)-Christiania-1,651 bdls. boards-T. Wilson, Sons, & Co.; 1,256 pcs. mining timber-Haagensen, Watt, & Co."
18950209p.180.txt,55,Juno,"Drontheim, &c.",GRIMSBY,"5,240 bdls. boards-T. Wilson, Sons, & Co. 240 pcs. timber-Napier & Render","T. Wilson, Sons, & Co.",4,Feb,1895,9,February,1895,True,condensed,0.9,"Juno (s)-Drontheim, &c.-5,240 bdls. boards-T. Wilson, Sons, & Co.; 240 pcs. timber-Napier & Render"
18950209p.180.txt,57,Astrea,Hango,GRIMSBY,23 stds. battens-Good & Sons,Good & Sons,31,Jan,1895,9,February,1895,True,standard_dash,0.9,Jan. 31 Astrea (s)-Hango-23 stds. battens-Good & Sons
18950209p.180.txt,60,Britannic,New York,LIVERPOOL,"4,170 pcs. lumber-Whiteside, Johns, & Co.","Whiteside, Johns, & Co.",1,Feb,1895,9,February,1895,True,standard_dash,0.9,"Feb. 1 Britannic (s)-New York-4,170 pcs. lumber-Whiteside, Johns, & Co."
18950209p.180.txt,61,Rappahannock,Newport News,LIVERPOOL,"55 crts., 10 boxes handles-Taylor, Irvine, & Co. 1 crts, 516 bdls. handles-Vaughan Bros.","Taylor, Irvine, & Co.",1,Feb,1895,9,February,1895,True,condensed,0.9,"Rappahannock (s)-Newport News-55 crts., 10 boxes handles-Taylor, Irvine, & Co.; 1 crts, 516 bdls. handles-Vaughan Bros."
18950209p.180.txt,63,Dorothy,Arendal,LIVERPOOL,"22,719 pit props-Brotherson, Vaughan, & Co.","Brotherson, Vaughan, & Co.",5,Feb,1895,9,February,1895,False,standard_dash,0.9,"Feb. 5 Dorothy-Arendal-22,719 pit props-Brotherson, Vaughan, & Co."
18950209p.180.txt,80,Jacob Maria,Bayonne,LIVERPOOL,"1,550 lds. pitwood-Cook, & Co.","Cook, & Co.",29,Jan,1895,9,February,1895,False,standard_dash,0.9,"Jan. 29 Jacob Maria-Bayonne-1,550 lds. pitwood-Cook, & Co."
18950209p.180.txt,82,Nyforth,Arendal,TYNE,"27,356 pit props",,29,Jan,1895,9,February,1895,False,condensed,1.0,"Nyforth-Arendal-27,356 pit props"
18950209p.180.txt,83,Alkor,Gothenburg,TYNE,"150 lds. props, 34 lds. splits, 50 lds. sleepers, 220 lds. deals, battens, and boards, 80 bales woodpulp",,29,Jan,1895,9,February,1895,False,condensed,1.0,"30 Alkor-Gothenburg-150 lds. props, 34 lds. splits, 50 lds. sleepers, 220 lds. deals, battens, and boards, 80 bales woodpulp"
18950209p.180.txt,84,Verdandi,Gothenburg,TYNE,"90 lds sleepers, 190 lds. props, 70 lds. splits",,29,Jan,1895,9,February,1895,True,condensed,1.0,"Verdandi (s)-Gothenburg-90 lds sleepers, 190 lds. props, 70 lds. splits"
18950209p.180.txt,85,Odin,Christiania,TYNE,"623 pcs. mining timber, 12,600 staves, 28 bales woodpulp; from Laurvig from Arendal-3,614 props",,4,Feb,1895,9,February,1895,True,condensed,1.0,"4 Odin (s)-Christiania-623 pcs. mining timber, 12,600 staves, 28 bales woodpulp; from Laurvig-8,220 props; from Arendal-3,614 props"
18950209p.180.txt,90,Texan,New Orleans,LIVERPOOL,"4,200 staves-E. Chaloner & Co. 24 logs hickory",E. Chaloner & Co.,31,Jan,1895,9,February,1895,True,standard_dash,0.9,"Jan. 31 Texan (s)-New Orleans-4,200 staves-E. Chaloner & Co.; 24 logs hickory"
18950209p.180.txt,92,Norsman,Boston,LIVERPOOL,"1,431 pcs oak-A. Dobell & Co. 4,951 staves-Farnworth & Jardine",A. Dobell & Co.,31,Jan,1895,9,February,1895,True,standard_dash,0.9,"Jan. 31 Norsman (s)-Boston-1,431 pcs oak-A. Dobell & Co.; 4,951 staves-Farnworth & Jardine"
18950209p.180.txt,93,Tauric,New York,LIVERPOOL,"11,773 staves-Farnworth & Jardine",Farnworth & Jardine,2,Feb,1895,9,February,1895,True,standard_dash,0.9,"Feb. 2 Tauric (s)-New York-11,773 staves-Farnworth & Jardine"
18950209p.180.txt,94,Cambroman,Boston,LIVERPOOL,"622 pcs, 253 bdls. maple and birch-Farnworth & Jardine",Farnworth & Jardine,4,Feb,1895,9,February,1895,True,condensed,0.9,"4 Cambroman (s)-Boston-622 pcs, 253 bdls. maple and birch-Farnworth & Jardine"
18950209p.180.txt,95,Rappahannock,Newport News,LIVERPOOL,"50 walnut logs-J. H. Burrell & Co. 4,039 pcs. gum lumber-Duncan, Ewing, & Co.; 336 oak planks-Farnworth & Jardine; 55 walnut logs",J. H. Burrell & Co.,4,Feb,1895,9,February,1895,True,condensed,0.9,"4 Rappahannock (s)-Newport News-50 walnut logs-J. H. Burrell & Co.; 4,039 pcs. gum lumber-Duncan, Ewing, & Co.; 336 oak planks-Farnworth & Jardine; 55 walnut logs"
18950209p.180.txt,96,Georgian,Boston,LIVERPOOL,"3,100 staves-Farnworth & Jardine",Farnworth & Jardine,2,Feb,1895,9,February,1895,True,condensed,0.9,"Georgian (s)-Boston-3,100 staves-Farnworth & Jardine"
18950209p.180.txt,98,Saint Giles,"Port Royal, S C",LIVERPOOL,"468 pcs. gum lumber, 1,216 pcs. poplar-Duncan, Ewing, & Co. 663 pcs. poplar-Saxton","Duncan, Ewing, & Co.",1,Feb,1895,9,February,1895,True,standard_dash,0.9,"Feb. 1 Saint Giles (s)-Port Royal, S C-468 pcs. gum lumber, 1,216 pcs. poplar-Duncan, Ewing, & Co.; 663 pcs. poplar-Saxton"
18950209p.180.txt,99,Rossmore,Baltimore,LIVERPOOL,"433 pcs. oak-Duncan, Ewing, & Co. 536 pcs. oak, 13 maple logs-R. Coltart & Co.; 310 pcs. oak-A. Dobell","Duncan, Ewing, & Co.",1,Feb,1895,9,February,1895,True,condensed,0.9,"Rossmore (s)-Baltimore-433 pcs. oak-Duncan, Ewing, & Co.; 536 pcs. oak, 13 maple logs-R. Coltart & Co.; 310 pcs. oak-A. Dobell"
18950209p.180.txt,100,Appomattox,Newport News,LIVERPOOL,876 doors-P. S. McConnell,P. S. McConnell,4,Feb,1895,9,February,1895,True,condensed,0.9,4 Appomattox (s)-Newport News-876 doors-P. S. McConnell
18950209p.180.txt,101,Boston City,"St. John, N.B.",LIVERPOOL,"2,497 deals, 109 ends-W. M. Mackay 3,762 planks, 705 ends-Churchill & Sim; from Halifax-261 doors, 549 bdls. mouldings, 226 pcs. elm, 17 cs. keyboards, 463 pcs. dry ash-Bryce, Junor, & Co.; 1,460 deals-Price & Pierce; 2,792 deals",W. M. Mackay,1,Feb,1895,9,February,1895,True,condensed,0.9,"Boston City (s)-St. John, N.B.-2,497 deals, 109 ends-W. M. Mackay; 3,762 planks, 705 ends-Churchill & Sim; from Halifax-261 doors, 549 bdls. mouldings, 226 pcs. elm, 17 cs. keyboards, 463 pcs. dry ash-Bryce, Junor, & Co.; 1,460 deals-Price & Pierce; 2,792 deals"
18950209p.180.txt,103,Minnesota,Baltimore,LIVERPOOL,"2,465 bdls. 8,462 pcs. lumber",,1,Feb,1895,9,February,1895,True,condensed,0.9,"Minnesota (s)-Baltimore-2,465 bdls. 8,462 pcs. lumber"
18950209p.180.txt,104,Polly and Emily,Antwerp,LIVERPOOL,118 tons timber,,31,Jan,1895,9,February,1895,False,condensed,0.9,Polly and Emily-Antwerp-118 tons timber
18950209p.180.txt,106,Gracieuse,Blaye,LIVERPOOL,132 lds. hewn fir-D. G. Hogg,D. G. Hogg,4,Feb,1895,9,February,1895,False,standard_dash,0.9,Feb. 4 Gracieuse-Blaye-132 lds. hewn fir-D. G. Hogg
18950209p.180.txt,108,Foldin,Laurvig,LIVERPOOL,"372 lds. hewn fir, 36 lds. battens-W. J. Watson & Co.",W. J. Watson & Co.,31,Jan,1895,9,February,1895,True,standard_dash,0.9,"Jan. 31 Foldin (s)-Laurvig-372 lds. hewn fir, 36 lds. battens-W. J. Watson & Co."
18950209p.180.txt,110,Cirages,Francais,NEWPORT,Hennebont 260 lds. pit props-Budd & Co.,Budd & Co.,29,Jan,1895,9,February,1895,False,standard_dash,1.0,Jan. 29 Cirages Francais-Hennebont 260 lds. pit props-Budd & Co.
18950209p.180.txt,111,Racine,Bordeaux,NEWPORT,"1,500 lds. pitwood",,29,Jan,1895,9,February,1895,True,condensed,1.0,"Racine (s)-Bordeaux-1,500 lds. pitwood-F.L.B. (s)-l’Orient-225 lds. pitwood-Watts"
18950209p.180.txt,112,Goldcliffe,Bayonne,NEWPORT,"1,200 lds. pitwood-Budd & Co.",Budd & Co.,30,Jan,1895,9,February,1895,True,condensed,1.0,"30 Goldcliffe (s)-Bayonne-1,200 lds. pitwood-Budd & Co."
18950209p.180.txt,113,Tancred,Bordeaux,NEWPORT,"1,250 lds. pitwood-Simkin Bros.",Simkin Bros.,2,Feb,1895,9,February,1895,True,standard_dash,1.0,"Feb. 2 Tancred (s)-Bordeaux-1,250 lds. pitwood-Simkin Bros."
18950209p.180.txt,114,Cette,Bordeaux,NEWPORT,950 lds. pitwood-Simkin,Simkin,2,Feb,1895,9,February,1895,True,condensed,0.9,Cette (s)-Bordeaux-950 lds. pitwood-Simkin
18950209p.180.txt,115,Valin,Bordeaux,NEWPORT,"1,800 lds. pitwood-Simkin Bros.",Simkin Bros.,4,Feb,1895,9,February,1895,True,condensed,0.9,"4 Valin (s)-Bordeaux-1,800 lds. pitwood-Simkin Bros."
18950209p.180.txt,117,Portsoy,Bordeaux,NEWPORT,18 lds. hoops-R. J. Treby & Co.,R. J. Treby & Co.,2,Feb,1895,9,February,1895,False,condensed,0.9,Portsoy-Bordeaux-18 lds. hoops-R. J. Treby & Co.
18950209p.180.txt,119,Leopard,Risoer,NEWPORT,260 lds. hewn fir-T. Atkinson,T. Atkinson,29,Jan,1895,9,February,1895,False,standard_dash,0.9,Jan. 29 Leopard-Risoer-260 lds. hewn fir-T. Atkinson
18950209p.180.txt,120,Verdandi,Gothenburg,NEWPORT,"39 lds. fir boards, 170 lds. pit props, 228 ds sleepers-J. Hall",J. Hall,31,Jan,1895,9,February,1895,False,condensed,0.9,"31 Verdandi-Gothenburg-39 lds. fir boards, 170 lds. pit props, 228 ds sleepers-J. Hall"
18950209p.180.txt,121,Hugin,Gothenburg,NEWPORT,"250 lds. hewn fir, 190 lds. sawn fir-S. W. Campbell",S. W. Campbell,4,Feb,1895,9,February,1895,True,standard_dash,0.9,"Feb. 4 Hugin (s)-Gothenburg-250 lds. hewn fir, 190 lds. sawn fir-S. W. Campbell"
18950209p.185.txt,17,Swedish granite intimated to the manufacturers a slight increase in the price of the raw,,TENDERS OPEN,"material the rise to take place immediately. Two days afterwards a meeting of the Granite Association took place, at which the general question of the prices of the raw material was fully discussed. Hitherto it has been the practice for a proposed rise to take effect immediately, and the result is frequently awkward, to say the least of it, for the manufacturer who has much as he may have quoted a certain sum for a monument to a customer, and may find the raw material immediately afterwards enhanced in price. As the result of the meeting referred to, a deputation was appointed to confer with granite merchants on the subject, and particularly with a view of having a rule introduced by which one month's notice would be given of the proposed alteration in the price of the raw material. The deputation of the merchants heartily met by the merchants, who at once agreed to quote the old prices for current contracts, and within the last day or two they, and practically all the principal merchants, have agreed to the proposed rule.",,4,Feb,1895,9,February,1895,False,condensed,0.9,"Swedish granite intimated to the manufacturers a slight increase in the price of the raw material—the rise to take place immediately. Two days afterwards a meeting of the Granite Association took place, at which the general question of the prices of the raw material was fully discussed. Hitherto it has been the practice for a proposed rise to take effect immediately, and the result is frequently awkward, to say the least of it, for the manufacturer who has much as he may have quoted a certain sum for a monument to a customer, and may find the raw material immediately afterwards enhanced in price. As the result of the meeting referred to, a deputation was appointed to confer with granite merchants on the subject, and particularly with a view of having a rule introduced by which one month's notice would be given of the proposed alteration in the price of the raw material. The deputation of the merchants heartily met by the merchants, who at once agreed to quote the old prices for current contracts, and within the last day or two they, and practically all the principal merchants, have agreed to the proposed rule."
18950209p.185.txt,26,St.,Olaf,TENDERS OPEN,"Drontheim, 447 lds. fir staves, 95 lds. battens-T. D. Will",T. D. Will,2,Feb,1895,9,February,1895,False,standard_dash,0.9,"Feb. 2 St. Olaf-Drontheim, 447 lds. fir staves, 95 lds. battens-T. D. Will"
18950209p.185.txt,28,MISSING_FROM_OCR,Memel,TENDERS OPEN,144 lds. birch staves-G. V. Turnbull & Co.,G. V. Turnbull & Co.,2,Feb,1895,9,February,1895,False,condensed,0.9,Memel-144 lds. birch staves-G. V. Turnbull & Co.
18950209p.185.txt,31,Aurora,Mandal,TENDERS OPEN,599 pcs. fir-W. J. Welsh,W. J. Welsh,4,Feb,1895,9,February,1895,False,standard_dash,0.9,Feb. 4 Aurora-Mandal-599 pcs. fir-W. J. Welsh
18950209p.185.txt,33,Petofi,Fiume,TENDERS OPEN,"634 pcs. oak boards, 2,048 oak boards-R. Hamilton & Co. 58 logs oak, 53 planks oak, 1 car lumber-T. Kerr & Co.",R. Hamilton & Co.,4,Feb,1895,9,February,1895,True,condensed,0.9,"Petofi (s)-Fiume-634 pcs. oak boards, 2,048 oak boards-R. Hamilton & Co.; 58 logs oak, 53 planks oak, 1 car lumber-T. Kerr & Co."
18950209p.185.txt,35,Norwegian,New York,TENDERS OPEN,"91 pipe staves, 1,200 hhd. staves-R. Hamilton & Co. 3 cars lumber, 7 cs. mouldings",R. Hamilton & Co.,31,Jan,1895,9,February,1895,True,condensed,0.9,"31 Norwegian (s)-New York-91 pipe staves, 1,200 hhd. staves-R. Hamilton & Co.; 3 cars lumber, 7 cs. mouldings"
18950209p.185.txt,36,Sarmatian,Boston,TENDERS OPEN,"3,771 deals-Wright, Graham, & Co. 3,000 pcs. staves-T. Kerr & Co.","Wright, Graham, & Co.",28,Jan,1895,9,February,1895,True,condensed,0.9,"Sarmatian (s)-Boston-3,771 deals-Wright, Graham, & Co.; 3,000 pcs. staves-T. Kerr & Co."
18950209p.185.txt,38,Norway,Christiania,TENDERS OPEN,"100 boatbook handles, 108 poles, 3 spars",,28,Jan,1895,9,February,1895,True,condensed,0.9,"Norway (s)-Christiania-100 boatbook handles, 108 poles, 3 spars"
18950209p.185.txt,39,Everest,Mobile,TENDERS OPEN,"89 pcs. hewn pitch pine timber, 2,390 pcs. sawn pitch pine timber, 209 pitch pine deals, &c.-P. & J. Wilkie",P. & J. Wilkie,31,Jan,1895,9,February,1895,True,condensed,0.9,"31 Everest (s)-Mobile-89 pcs. hewn pitch pine timber, 2,390 pcs. sawn pitch pine timber, 209 pitch pine deals, &c.-P. & J. Wilkie"
18950209p.185.txt,101,Timber Merchants and,Saw,TENDERS OPEN,millers,,31,Jan,1895,9,February,1895,False,condensed,0.9,"Timber Merchants and Saw-millers,"
18950209p.185.txt,102,Telegram,Addresses,TENDERS OPEN,"DONALDSON, TAYPORT.",,31,Jan,1895,9,February,1895,False,condensed,0.9,"Telegram Addresses— DONALDSON, TAYPORT."
18950216p.112_p001.txt,5,Subject to,,TENDERS OPEN,saw mill regulations.,,31,Jan,1895,16,February,1895,False,condensed,0.9,Subject to saw-mill regulations.
18950216p.112_p001.txt,119,Kamschatka,Arendal,BOSTON,"108 lds. sawn fir, 340 lds. hewn fir, 4 lds. props-S. Beeby",S. Beeby,11,Feb,1895,16,February,1895,False,standard_dash,1.0,"Feb. 11 Kamschatka-Arendal-108 lds. sawn fir, 340 lds. hewn fir, 4 lds. props-S. Beeby"
18950216p.112_p001.txt,121,Union,Fredrikstad,BOSTON,"21,660 bdls. staves-J Lymght 3,704 bdls. box boards-Lawson, Phillips, & Billings; 30,031 flooring boards-Heber Denty",J Lymght,6,Feb,1895,16,February,1895,False,standard_dash,1.0,"Feb. 6 Union-Fredrikstad-21,660 bdls. staves-J Lymght; 3,704 bdls. box boards-Lawson, Phillips, & Billings; 30,031 flooring boards-Heber Denty"
18950216p.112_p001.txt,123,Taff,Bordeaux,BRISTOL,900 lds. pitwood-W. R. Corfield,W. R. Corfield,5,Feb,1895,16,February,1895,False,standard_dash,0.9,Feb. 5 Taff-Bordeaux-900 lds. pitwood-W. R. Corfield
18950216p.112_p001.txt,124,Prudent,Risoer,BRISTOL,300 lds. hewn fir-Schroeter,Schroeter,5,Feb,1895,16,February,1895,False,condensed,0.9,Prudent-Risoer-300 lds. hewn fir-Schroeter
18950216p.112_p001.txt,125,Uthy,Bordeaux,BRISTOL,"1,720 lds. pitwood-Tapson",Tapson,5,Feb,1895,16,February,1895,False,condensed,0.9,"Uthy-Bordeaux-1,720 lds. pitwood-Tapson"
18950216p.112_p001.txt,127,MISSING_FROM_OCR,Bordeaux,BRISTOL,900 lds. pitwood-Corfield,Corfield,5,Feb,1895,16,February,1895,False,condensed,0.9,Bordeaux-900 lds. pitwood-Corfield
18950216p.112_p001.txt,128,MISSING_FROM_OCR,Bordeaux,BRISTOL,"1,550 lds. pitwood-Newport Pitwood Co.",Newport Pitwood Co.,5,Feb,1895,16,February,1895,False,condensed,0.9,"Bordeaux-1,550 lds. pitwood-Newport Pitwood Co."
18950216p.112_p001.txt,130,Domino,Gothenburg,GRIMSBY,"260 lds. pit props-T. Wilson, Sons, & Co.","T. Wilson, Sons, & Co.",6,Feb,1895,16,February,1895,False,standard_dash,0.9,"Feb. 6 Domino-Gothenburg-260 lds. pit props-T. Wilson, Sons, & Co."
18950216p.112_p001.txt,132,Lindholmen,Gothenburg,GRIMSBY,60 lds. props-C. Nielsen & Son 15 lds. props-G. Pyman & Co.; 62 lds. props-W. D. Coxon,C. Nielsen & Son,5,Feb,1895,16,February,1895,True,standard_dash,0.9,Feb. 5 Lindholmen (s)-Gothenburg-60 lds. props-C. Nielsen & Son; 15 lds. props-G. Pyman & Co.; 62 lds. props-W. D. Coxon
18950216p.112_p001.txt,133,MISSING_FROM_OCR,Gothenburg,GRIMSBY,"169 lds. laths, 228 lds. props, 51 lds. sleepers, 134 posts and rails-T. Barraclough",T. Barraclough,5,Feb,1895,16,February,1895,False,condensed,0.9,"Gothenburg-169 lds. laths, 228 lds. props, 51 lds. sleepers, 134 posts and rails-T. Barraclough"
18950216p.112_p001.txt,200,Charkaw,Libau,SKIRTING,"31,731 oak staves-Morley, Clark, & Co.","Morley, Clark, & Co.",8,Feb,1895,16,February,1895,True,standard_dash,0.9,"Feb. 8 Charkaw (s)-Libau-31,731 oak staves-Morley, Clark, & Co."
18950216p.112_p001.txt,201,Ariosto,Gothenburg,SKIRTING,"470 bdls. laths-Horsley, Smith, & Co. 1,205 bdls. laths-Broadbent & Gresham; 1,000 bdls. laths T. W. Allen; 2,880 pcs. wood-R. Wade, Sons, & Co.; 27,306 pit props-Chas. Wells","Horsley, Smith, & Co.",11,Feb,1895,16,February,1895,True,condensed,0.9,"11 Ariosto (s)-Gothenburg-470 bdls. laths-Horsley, Smith, & Co.; 1,205 bdls. laths-Broadbent & Gresham; 1,000 bdls. laths T. W. Allen; 2,880 pcs. wood-R. Wade, Sons, & Co.; 27,306 pit props-Chas. Wells"
18950216p.112_p001.txt,203,Angelo,Christiania,SKIRTING,"1,823 bdls. boards, 1,889 fencing poles-T. Wilson, Sons, & Co. 413 boathooks-R. Pearson; 516 pcs. round timber-Haagensen, Watt, & Co.","T. Wilson, Sons, & Co.",11,Feb,1895,16,February,1895,True,standard_dash,0.9,"Feb. 11 Angelo (s)-Christiania-1,823 bdls. boards, 1,889 fencing poles-T. Wilson, Sons, & Co.; 413 boathooks-R. Pearson; 516 pcs. round timber-Haagensen, Watt, & Co."
18950216p.112_p001.txt,204,Tasso,Drontheim,SKIRTING,"3,000 bdls. boards-T. Wilson, Sons, & Co. 18 pcs. timber-Napier","T. Wilson, Sons, & Co.",11,Feb,1895,16,February,1895,True,condensed,0.9,"Tasso (s)-Drontheim-3,000 bdls. boards-T. Wilson, Sons, & Co.; 18 pcs. timber-Napier"
18950216p.112_p001.txt,206,Urania,Hango,SKIRTING,a quantity of firewood-J. Good & Sons,J. Good & Sons,7,Feb,1895,16,February,1895,True,standard_dash,0.9,Feb. 7 Urania (s)-Hango-a quantity of firewood-J. Good & Sons
18950216p.112_p001.txt,209,Collector,Grimstad,LIVERPOOL,"7,851 pcs. mining timber-Bahr, Behrend, & Ross","Bahr, Behrend, & Ross",12,Feb,1895,16,February,1895,False,standard_dash,0.9,"Feb. 12 Collector-Grimstad-7,851 pcs. mining timber-Bahr, Behrend, & Ross"
18950216p.112_p001.txt,210,Louise,Laurvig,LIVERPOOL,"4,285 props, 7,550 pcs. mining timber",,12,Feb,1895,16,February,1895,False,condensed,0.9,"13 Louise-Laurvig-4,285 props, 7,550 pcs. mining timber"
18950216p.112_p001.txt,212,Grane,Kragero,LIVERPOOL,"4,942 pcs. mining timber, 1,154 props-Brodersen, Vaughan, & Co.","Brodersen, Vaughan, & Co.",9,Feb,1895,16,February,1895,False,standard_dash,0.9,"Feb. 9 Grane-Kragero-4,942 pcs. mining timber, 1,154 props-Brodersen, Vaughan, & Co."
18950216p.112_p001.txt,213,Vanland,Gothenburg,LIVERPOOL,"150 doors-Hollis Bros. & Co. 68,637 pit props, 10,125 pit poles-Osbeck & Co.; 3,460 bdls. laths, 12,806 bdls. box boards.",Hollis Bros. & Co.,11,Feb,1895,16,February,1895,True,condensed,0.9,"11 Vanland (s)-Gothenburg-150 doors-Hollis Bros. & Co.; 68,637 pit props, 10,125 pit poles-Osbeck & Co.; 3,460 bdls. laths, 12,806 bdls. box boards."
18950216p.112_p001.txt,216,Valborg,Fredrikshald,LONDON,"77 fms. ends-Tagart, Beaton, & Co. 33 fms. firewood, 270,459 boards","Tagart, Beaton, & Co.",7,Feb,1895,16,February,1895,False,standard_dash,0.9,"Feb. 7 Valborg-Fredrikshald-77 fms. ends-Tagart, Beaton, & Co.; 33 fms. firewood, 270,459 boards"
18950216p.112_p001.txt,217,Avena,Uddevalla,LONDON,"1,000 doors, 424 bdls. mouldings-S. Brown",S. Brown,13,Feb,1895,16,February,1895,True,condensed,0.9,"13 Avena (s)-Uddevalla-1,000 doors, 424 bdls. mouldings-S. Brown"
18950216p.112_p001.txt,269,Bjorn,Gothenburg,LONDON,"500 bdls. laths-W. R. Crow & Sons 3,481 posts, rails, &c.-Burt, Boulton, & Haywood; 1,702 bdls. blocks, 163 prs. oars, 174 doz. deals",W. R. Crow & Sons,7,Feb,1895,16,February,1895,True,standard_dash,0.9,"Feb. 7 Bjorn (s)-Gothenburg-500 bdls. laths-W. R. Crow & Sons; 3,481 posts, rails, &c.-Burt, Boulton, & Haywood; 1,702 bdls. blocks, 163 prs. oars, 174 doz. deals"
18950216p.112_p001.txt,270,Thule,Skien,LONDON,"1,909 deals-North German Ins. Co.",North German Ins. Co.,11,Feb,1895,16,February,1895,True,condensed,0.9,"11 Thule (s)-Skien-1,909 deals-North German Ins. Co."
18950216p.112_p001.txt,271,Gotha,Gothenburg,LONDON,"243 deals-Winther & Co. 815 pkgs. mouldings-J. Sandell & Co.; 194 bdls. mouldings, 600 doors-Crow & Son; 3,566 wood blocks, 2,590 bdls. box boards",Winther & Co.,12,Feb,1895,16,February,1895,True,condensed,0.9,"12 Gotha (s)-Gothenburg-243 deals-Winther & Co.; 815 pkgs. mouldings-J. Sandell & Co.; 194 bdls. mouldings, 600 doors-Crow & Son; 3,566 wood blocks, 2,590 bdls. box boards"
18950216p.112_p001.txt,273,Borderer,Boston,LONDON,27 cs. match splints-Bryant & May,Bryant & May,13,Feb,1895,16,February,1895,True,standard_dash,0.9,Feb. 13 Borderer (s)-Boston-27 cs. match splints-Bryant & May
18950216p.112_p001.txt,275,Hawaii,Blaye,LONDON,102 lds. hewn fir-D. G.,D. G.,6,Feb,1895,16,February,1895,True,standard_dash,0.9,Feb. 6 Hawaii (s)-Blaye-102 lds. hewn fir-D. G.
18950216p.112_p001.txt,276,Familiens Miende,Risoer,LONDON,320 lds. hewn fir-W. Thomas,W. Thomas,9,Feb,1895,16,February,1895,False,condensed,0.9,9 Familiens Miende-Risoer-320 lds. hewn fir-W. Thomas
18950216p.112_p001.txt,278,Fylgia,Arendal,LONDON,410 lds. mining timber-C Calder & Co.,C Calder & Co.,6,Feb,1895,16,February,1895,False,standard_dash,0.9,Feb. 6 Fylgia-Arendal-410 lds. mining timber-C Calder & Co.
18950216p.112_p001.txt,279,Fylgia,Arendal,LONDON,35 lds. firewood-Newby,Newby,11,Feb,1895,16,February,1895,False,condensed,0.9,11 Fylgia-Arendal-35 lds. firewood-Newby
18950216p.112_p001.txt,282,Kronprindsess Louise,Risoer,NEWPORT,"550 lds. pitwood-Gething, jun., & Co.","Gething, jun., & Co.",8,Feb,1895,16,February,1895,False,condensed,1.0,"Kronprindsess Louise-Risoer-550 lds. pitwood-Gething, jun., & Co."
18950216p.112_p001.txt,283,Clementine,Roche Bernard,NEWPORT,150 lds. pitwood-A. H. Tapson & Co.,A. H. Tapson & Co.,8,Feb,1895,16,February,1895,False,condensed,1.0,Clementine-Roche Bernard-150 lds. pitwood-A. H. Tapson & Co.
18950216p.112_p001.txt,285,Helena,Laurvig,NEWPORT,"255 lds. pit props-T. Wilson, Sons, & Co.","T. Wilson, Sons, & Co.",6,Feb,1895,16,February,1895,False,standard_dash,0.9,"Feb. 6 Helena-Laurvig-255 lds. pit props-T. Wilson, Sons, & Co."
18950216p.112_p001.txt,286,Balder,Uddevalla,NEWPORT,690 lds. pit props-E. Wiener & Co.,E. Wiener & Co.,11,Feb,1895,16,February,1895,False,condensed,0.9,11 Balder-Uddevalla-690 lds. pit props-E. Wiener & Co.
18950216p.112_p001.txt,288,Valentine,Bordeaux,NEWPORT,100 lds. pitwood-W. Davies & Co.,W. Davies & Co.,5,Feb,1895,16,February,1895,False,standard_dash,0.9,Feb. 5 Valentine-Bordeaux-100 lds. pitwood-W. Davies & Co.
18950216p.112_p001.txt,289,Montatuire,Bordeaux,NEWPORT,"1,100 lds. pitwood-A. Capelle",A. Capelle,5,Feb,1895,16,February,1895,False,condensed,0.9,"Montatuire-Bordeaux-1,100 lds. pitwood-A. Capelle"
18950216p.112_p002.txt,1,Adour,Bayonne,NEWPORT,"1,100 lds. props",,5,Feb,1895,16,February,1895,False,condensed,0.9,"11 Adour—Bayonne—1,100 lds. props"
18950216p.112_p002.txt,2,Congress,Bayonne,NEWPORT,"1,100 lds. props",,5,Feb,1895,16,February,1895,False,condensed,0.9,"11 Congress—Bayonne—1,100 lds. props"
18950216p.112_p002.txt,3,Antelope,Gothenburg,NEWPORT,337 lds. props,,5,Feb,1895,16,February,1895,False,condensed,0.9,Antelope—Gothenburg—337 lds. props
18950216p.112_p002.txt,5,Hermina,Hamburg,TYNE,Order,,5,Feb,1895,16,February,1895,True,condensed,1.0,Hermina (s)—Hamburg—Order
18950216p.112_p002.txt,7,Bertha Alvsen,Kragero,TYNE,"2,836 props",,8,Feb,1895,16,February,1895,False,condensed,1.0,"11 Bertha Alvsen—Kragero—2,836 props"
18950216p.112_p002.txt,8,John Omsden,Rotterdam,TYNE,Order,,8,Feb,1895,16,February,1895,True,condensed,1.0,John Omsden (s)—Rotterdam—Order
18950216p.112_p002.txt,9,Tyne Steamship Co. Sterling,Christiania,TYNE,"109 lds. mining timber, 83 lds. staves",,8,Feb,1895,16,February,1895,True,condensed,0.9,"Tyne Steamship Co. Sterling (s)—Christiania—109 lds. mining timber, 83 lds. staves"
18950216p.112_p002.txt,11,Ragnvald Jarl,Trondhjem,TYNE,Order; 1 cs. staves 66 lds. mining timber,,8,Feb,1895,16,February,1895,True,condensed,0.9,Ragnvald Jarl (s)—Trondhjem—Order; 1 cs. staves—Order; 66 lds. mining timber
18950216p.112_p002.txt,14,Skinner,Fredrikstad,DUBLIN,"65,000 boards-R. Martin & Co.",R. Martin & Co.,8,Feb,1895,16,February,1895,False,standard_dash,0.9,"Feb. 8 Skinner—Fredrikstad—65,000 boards—R. Martin & Co."
18950216p.112_p002.txt,16,Bodora,San Francisco,LIMERICK,30 pcs. redwood-Master,Master,7,Feb,1895,16,February,1895,False,standard_dash,1.0,Feb. 7 Bodora—San Francisco—30 pcs. redwood—Master
18950216p.112_p002.txt,19,Nouch VL,Rangoon,LIMERICK,"1,495 pcs. teak-Naval Construction Co.",Naval Construction Co.,9,Feb,1895,16,February,1895,False,standard_dash,1.0,"Feb. 9 Nouch VL—Rangoon—1,495 pcs. teak—Naval Construction Co."
18950216p.112_p002.txt,22,Majestic,New York,LIVERPOOL,"1,100 lumber-Whiteside, Johns, & Co. 1,200 staves—Hattley Hay","Whiteside, Johns, & Co.",7,Feb,1895,16,February,1895,True,standard_dash,0.9,"Feb. 7 Majestic (s)—New York—1,100 lumber—Whiteside, Johns, & Co.; 1,200 staves—Hattley Hay"
18950216p.112_p002.txt,23,William Cliff,New Orleans,LIVERPOOL,"1,000 pcs. oak-E. Chaloner & Co.",E. Chaloner & Co.,8,Feb,1895,16,February,1895,True,condensed,0.9,"8 William Cliff (s)—New Orleans—1,000 pcs. oak—E. Chaloner & Co."
18950216p.112_p002.txt,24,Michigan,Boston,LIVERPOOL,"7,109 staves",,7,Feb,1895,16,February,1895,True,condensed,0.9,"Michigan (s)—Boston—7,109 staves"
18950216p.112_p002.txt,25,Nomadic,New York,LIVERPOOL,"13,400 staves, 1,282 pcs. oak-Farnworth & Jardine 1,880 pcs. oak—Duncan, Ewing, & Co.; 11 ash logs, 108 hickory logs—R. Carter; 17 t. hardwood lumber",Farnworth & Jardine,7,Feb,1895,16,February,1895,True,condensed,0.9,"Nomadic (s)—New York—13,400 staves, 1,282 pcs. oak—Farnworth & Jardine; 1,880 pcs. oak—Duncan, Ewing, & Co.; 11 ash logs, 108 hickory logs—R. Carter; 17 t. hardwood lumber"
18950216p.112_p002.txt,27,Columbian,Boston,LIVERPOOL,"2,000 staves",,7,Feb,1895,16,February,1895,True,condensed,0.9,"Columbian (s)—Boston—2,000 staves"
18950216p.112_p002.txt,28,Ottoman,Boston,LIVERPOOL,"710 ash shorts, 148 ash scantlings, 100 bds. hickory-Farnworth & Jardine 1,017 staves",Farnworth & Jardine,13,Feb,1895,16,February,1895,True,condensed,0.9,"13 Ottoman (s)—Boston—710 ash shorts, 148 ash scantlings, 100 bds. hickory—Farnworth & Jardine; 1,017 staves"
18950216p.112_p002.txt,29,pcs.,,LIVERPOOL,"oak A. Dobell & Co.; 1,000 pcs. oak-Farnworth & Jardine",Farnworth & Jardine,13,Feb,1895,16,February,1895,False,condensed,0.9,"902 pcs. oak—A. Dobell & Co.; 1,000 pcs. oak—Farnworth & Jardine"
18950216p.112_p002.txt,31,Algerian,Fiume,LIVERPOOL,"117 oak staves, 1,070 oak logs 194 oak logs—Order",,12,Feb,1895,16,February,1895,True,standard_dash,0.9,"Feb. 12 Algerian (s)—Fiume—117 oak staves, 1,070 oak logs—Order; 194 oak logs—Order"
18950216p.112_p002.txt,33,Staffordshire,Rangoon,LIVERPOOL,"4,950 teak planks-Farnworth & Jardine 55 teak planks, 1,080 scantlings—Duncan, Ewing & Co.; 1,718 teak planks, 103,000 keys—Order",Farnworth & Jardine,11,Feb,1895,16,February,1895,True,standard_dash,0.9,"Feb. 11 Staffordshire (s)—Rangoon—4,950 teak planks—Farnworth & Jardine; 55 teak planks, 1,080 scantlings—Duncan, Ewing & Co.; 1,718 teak planks, 103,000 keys—Order"
18950216p.112_p002.txt,36,Jessica,Hambro',LONDON,368 logs mahogany-Victoria and Albert Docks,Victoria and Albert Docks,11,Feb,1895,16,February,1895,True,standard_dash,0.9,Feb. 11 Jessica (s)—Hambro'—368 logs mahogany—Victoria and Albert Docks
18950216p.112_p002.txt,37,Europe,New York,LONDON,"350 teak planks, Churchill & Sim; 1,101 staves",,11,Feb,1895,16,February,1895,True,standard_dash,0.9,"Feb. 11 Europe (s)—New York—350 teak planks, Churchill & Sim; 1,101 staves—Order"
18950216p.112_p002.txt,39,Adler,Bremen,TILBURY DOCKS,"915 beech planks, 98 planks, & Co.",,11,Feb,1895,16,February,1895,True,condensed,1.0,"Adler (s)—Bremen—915 beech planks, 98 planks, & Co."
18950216p.112_p002.txt,41,South Cambria,Colon,TILBURY DOCKS,"281 logs mahogany-E. W. Carling & Co. 93 logs mahogany, 608 staves—H. Ilay",E. W. Carling & Co.,7,Feb,1895,16,February,1895,True,standard_dash,1.0,"Feb. 7 South Cambria (s)—Colon—281 logs mahogany—E. W. Carling & Co.; 93 logs mahogany, 608 staves—H. Ilay"
18950216p.112_p002.txt,43,Borderer,Boston,LONDON (TILBURY DOCKS),"1,355 pcs. cedar-Armstrong & Co. 599 pcs. lumber, 265 pcs. lumber—K. Smith; 912 pcs. lumber, 96 bds. lumber—Roberts & Smith",Armstrong & Co.,13,Feb,1895,16,February,1895,True,standard_dash,0.9,"Feb. 13 Borderer (s)—Boston—1,355 pcs. cedar—Armstrong & Co.; 599 pcs. lumber, 265 pcs. lumber—K. Smith; 912 pcs. lumber, 96 bds. lumber—Roberts & Smith"
18950216p.112_p002.txt,136,Telegraphic,Address,NOTICES OF INTENDED DIVIDENDS,"""SINGLETONS, GLASGOW.""",,13,Feb,1895,16,February,1895,False,condensed,0.9,"Telegraphic Address— ""SINGLETONS, GLASGOW."""
18950216p.112_p002.txt,142,Telegraphic,Address,NOTICES OF INTENDED DIVIDENDS,"""EDMISTON, GLASGOW.""",,13,Feb,1895,16,February,1895,False,condensed,0.9,"Telegraphic Address— ""EDMISTON, GLASGOW."""
18950216p.112_p002.txt,149,Telegraphic,Address,NOTICES OF INTENDED DIVIDENDS,"""TEAK, GLASGOW.""",,13,Feb,1895,16,February,1895,False,condensed,0.9,"Telegraphic Address—""TEAK, GLASGOW."""
18950216p.112_p002.txt,155,Telegraphic,Address,NOTICES OF INTENDED DIVIDENDS,"""PINE.""",,13,Feb,1895,16,February,1895,False,condensed,0.9,"Telegraphic Address—""PINE."""
18950216p.112_p002.txt,161,Telegraphic,Address,NOTICES OF INTENDED DIVIDENDS,"""Tectona, Glasgow.""",,13,Feb,1895,16,February,1895,False,condensed,0.9,"Telegraphic Address—""Tectona, Glasgow."""
18950223p.270_p001.txt,22,Boileau,Bordeaux,EXPORTED FROM,"1,800 lds. pitwood-Simkin Bros.",Simkin Bros.,12,Feb,1895,23,February,1895,True,standard_dash,0.9,"Feb. 12 Boileau (s)—Bordeaux—1,800 lds. pitwood—Simkin Bros."
18950223p.270_p001.txt,23,Gyda,Christiansand,EXPORTED FROM,774 lds. mining timber-Tellefsen & Co.,Tellefsen & Co.,12,Feb,1895,23,February,1895,True,condensed,0.9,Gyda (s)—Christiansand—774 lds. mining timber—Tellefsen & Co.
18950223p.270_p001.txt,24,Trio,Bayonne,EXPORTED FROM,487 lds. hewn fir-A. Capelle,A. Capelle,12,Feb,1895,23,February,1895,True,condensed,0.9,Trio (s)—Bayonne—487 lds. hewn fir—A. Capelle
18950223p.270_p001.txt,25,Ouse,Bordeaux,EXPORTED FROM,700 lds. pitwood,,13,Feb,1895,23,February,1895,True,condensed,0.9,"13 Ouse (s)—Bordeaux—700 lds. pitwood—Helen Scott—Bordeaux—1,200 lds. pitwood—A. Capelle"
18950223p.270_p001.txt,26,Isbergues,Bayonne,EXPORTED FROM,"1,200 lds. pitwood-A. Capelle",A. Capelle,12,Feb,1895,23,February,1895,False,condensed,0.9,"Isbergues—Bayonne—1,200 lds. pitwood—A. Capelle"
18950223p.270_p001.txt,27,Rive de Gier,Bayonne,EXPORTED FROM,"1,130 lds. pitwood-A. Capelle",A. Capelle,12,Feb,1895,23,February,1895,False,condensed,0.9,"Rive de Gier—Bayonne—1,130 lds. pitwood—A. Capelle"
18950223p.270_p001.txt,28,Dodo,Bordeaux,EXPORTED FROM,"1,200 lds. pitwood-Simkin Bros.",Simkin Bros.,12,Feb,1895,23,February,1895,True,condensed,0.9,"Dodo (s)—Bordeaux—1,200 lds. pitwood—Simkin Bros."
18950223p.270_p001.txt,29,Aquitaine,Bordeaux,EXPORTED FROM,"1,650 lds. pitwood-Powley, Thomas, & Co.","Powley, Thomas, & Co.",12,Feb,1895,23,February,1895,True,condensed,0.9,"Aquitaine (s)—Bordeaux—1,650 lds. pitwood—Powley, Thomas, & Co."
18950223p.270_p001.txt,30,Westwood,Bordeaux,EXPORTED FROM,"1,600 lds. pitwood-Simkin Bros.",Simkin Bros.,12,Feb,1895,23,February,1895,True,condensed,0.9,"Westwood (s)—Bordeaux—1,600 lds. pitwood—Simkin Bros."
18950223p.270_p001.txt,32,Vesta,Arendal,GRIMSBY,"250 lds. hewn fir, 10 lds. props, 6 lds. firewood",,12,Feb,1895,23,February,1895,False,condensed,0.9,"Vesta—Arendal—250 lds. hewn fir, 10 lds. props, 6 lds. firewood"
18950223p.270_p001.txt,33,Argo,Gothenburg,GRIMSBY,"220 lds. hewn fir, 7 lds. laths-T. Wilson, Sons, & Co.","T. Wilson, Sons, & Co.",15,Feb,1895,23,February,1895,False,condensed,0.9,"15 Argo—Gothenburg—220 lds. hewn fir, 7 lds. laths—T. Wilson, Sons, & Co."
18950223p.270_p001.txt,35,Henrik Wergeland,Risoer,GRIMSBY,442 lds. sawn fir-C. A. Forslind & Co. 2 lds. fir boards—Master,C. A. Forslind & Co.,12,Feb,1895,23,February,1895,False,standard_dash,0.9,Feb. 12 Henrik Wergeland—Risoer—442 lds. sawn fir—C. A. Forslind & Co.; 2 lds. fir boards—Master
18950223p.270_p001.txt,35,lds. fir,,GRIMSBY,boards Master,,12,Feb,1895,23,February,1895,False,condensed,0.9,2 lds. fir boards—Master
18950223p.270_p001.txt,36,Hugin,Gothenburg,GRIMSBY,"124 lds. deals, 12 lds. fir laths, 52 lds. fir rails, 156 lds. sleepers, 200 lds. props-T. Barraclough",T. Barraclough,18,Feb,1895,23,February,1895,False,condensed,0.9,"18 Hugin—Gothenburg—124 lds. deals, 12 lds. fir laths, 52 lds. fir rails, 156 lds. sleepers, 200 lds. props—T. Barraclough"
18950223p.270_p001.txt,39,Rosario,Odessa,GRIMSBY,"290 oak logs-T. Wilson, Sons, & Co.","T. Wilson, Sons, & Co.",15,Feb,1895,23,February,1895,True,standard_dash,0.9,"Feb. 15 Rosario (s)—Odessa—290 oak logs—T. Wilson, Sons, & Co."
18950223p.270_p001.txt,40,Romeo,Gothenburg,GRIMSBY,"4,400 bdls. laths Horsley, Smith, & Co.; 3,016 sleepers-Chas. Wells & Co.",Chas. Wells & Co.,18,Feb,1895,23,February,1895,True,condensed,0.9,"18 Romeo (s)—Gothenburg—4,400 bdls. laths Horsley, Smith, & Co.; 3,016 sleepers—Chas. Wells & Co."
18950223p.270_p001.txt,42,Buffalo,New York,GRIMSBY,"9,813 staves-T. Wilson, Sons, & Co.","T. Wilson, Sons, & Co.",14,Feb,1895,23,February,1895,True,standard_dash,0.9,"Feb. 14 Buffalo (s)—New York—9,813 staves—T. Wilson, Sons, & Co."
18950223p.270_p001.txt,45,Falke,Bremen,PRINCE'S DOCK,355 pcs. beech-T. W. Allen,T. W. Allen,13,Feb,1895,23,February,1895,True,standard_dash,1.0,Feb. 13 Falke (s)—Bremen—355 pcs. beech—T. W. Allen
18950223p.270_p001.txt,46,Cameo,Christiania,PRINCE'S DOCK,"211 poles-T. Wilson, Sons, & Co. 653 pcs. mining timber—Haagensen, Watt, & Co.","T. Wilson, Sons, & Co.",18,Feb,1895,23,February,1895,True,standard_dash,1.0,"Feb. 18 Cameo (s)—Christiania—211 poles—T. Wilson, Sons, & Co.; 653 pcs. mining timber—Haagensen, Watt, & Co."
18950223p.270_p001.txt,46,pcs. mining,,PRINCE'S DOCK,"timber Haagensen, Watt, & Co.",,13,Feb,1895,23,February,1895,False,condensed,1.0,"653 pcs. mining timber—Haagensen, Watt, & Co."
18950223p.270_p001.txt,47,Juno,Drontheim,PRINCE'S DOCK,"1,560 bdls. boards-T. Wilson, Sons, & Co.","T. Wilson, Sons, & Co.",18,Feb,1895,23,February,1895,True,condensed,1.0,"Juno (s)—Drontheim—1,560 bdls. boards—T. Wilson, Sons, & Co."
18950223p.270_p001.txt,50,Philadelphia,Boston,LIVERPOOL,"2,500 staves-Farnworth & Jardine",Farnworth & Jardine,18,Feb,1895,23,February,1895,True,standard_dash,0.9,"Feb. 18 Philadelphia (s)—Boston—2,500 staves—Farnworth & Jardine"
18950223p.270_p001.txt,51,Kansas,Boston,LIVERPOOL,"7,761 staves-Farnworth",Farnworth,20,Feb,1895,23,February,1895,True,condensed,0.9,"20 Kansas (s)—Boston—7,761 staves—Farnworth"
18950223p.270_p001.txt,52,Teutonic,New York,LIVERPOOL,"5,600 pcs. lumber, 507 scantlings-Whiteside, Johns, & Co.","Whiteside, Johns, & Co.",18,Feb,1895,23,February,1895,True,condensed,0.9,"Teutonic (s)—New York—5,600 pcs. lumber, 507 scantlings—Whiteside, Johns, & Co."
18950223p.270_p001.txt,53,Catalonia,Boston,LIVERPOOL,"6,000 staves-Farnworth",Farnworth,18,Feb,1895,23,February,1895,True,condensed,0.9,"Catalonia (s)—Boston—6,000 staves—Farnworth"
18950223p.270_p001.txt,55,Montezuma,New Orleans,LIVERPOOL,"18,754 staves",,18,Feb,1895,23,February,1895,True,condensed,0.9,"Montezuma (s)—New Orleans—18,754 staves"
18950223p.270_p001.txt,59,Tyr,Laurvig,LONDON,"80,540 boards",,15,Feb,1895,23,February,1895,True,condensed,0.9,"Tyr (s)—Laurvig—80,540 boards"
18950223p.270_p001.txt,60,Otra,Hommelvik,LONDON,"11 fms. firewood, 5,590 bdls. slatting, 31,362 battens-Gruner",Gruner,20,Feb,1895,23,February,1895,True,condensed,0.9,"Otra (s)—Hommelvik—11 fms. firewood, 5,590 bdls. slatting, 31,362 battens—Gruner"
18950223p.270_p001.txt,62,Bjorn,Gothenburg,LONDON,"8,947 boards-Foy, Morgan & Co. 1,435 pcs. firewood, 938 doz. boards, 445 bdls. box boards, 1,840 bdls. staves","Foy, Morgan & Co.",20,Feb,1895,23,February,1895,True,condensed,0.9,"Bjorn (s)—Gothenburg—8,947 boards—Foy, Morgan & Co.; 1,435 pcs. firewood, 938 doz. boards, 445 bdls. box boards, 1,840 bdls. staves"
18950223p.270_p001.txt,64,Orlando,Christiania,LONDON,"637 bgs. brush blocks-J. Keen & Co. 650 spars, 203 boathooks—Foy, Morgan, & Co.; from Drammen—3,600 bdls. boxboards—H. Pearsoll",J. Keen & Co.,20,Feb,1895,23,February,1895,True,condensed,0.9,"20 Orlando (s)—Christiania—637 bgs. brush blocks—J. Keen & Co.; 650 spars, 203 boathooks—Foy, Morgan, & Co.; from Drammen—3,600 bdls. boxboards—H. Pearsoll"
18950223p.270_p001.txt,64,MISSING_FROM_OCR,Drammen,LONDON,"3,600 bdls. boxboards-H. Pearsoll",H. Pearsoll,18,Feb,1895,23,February,1895,False,condensed,0.9,"Drammen—3,600 bdls. boxboards—H. Pearsoll"
18950223p.270_p001.txt,66,Lydian Monarch,New York,LONDON,"2,739 boards-H. Herrmann 3,626 boards—Cobbett",H. Herrmann,14,Feb,1895,23,February,1895,True,standard_dash,0.9,"Feb. 14 Lydian Monarch (s)—New York—2,739 boards—H. Herrmann; 3,626 boards—Cobbett"
18950223p.270_p001.txt,69,Coventry,Drammen,LONDON,"903,708 staves-Smith, Wilson, & Co. 94,499 floorings, 49,361 staves, 27,437 boards—J. Brown","Smith, Wilson, & Co.",16,Feb,1895,23,February,1895,True,standard_dash,0.9,"Feb. 16 Coventry (s)—Drammen—903,708 staves—Smith, Wilson, & Co.; 94,499 floorings, 49,361 staves, 27,437 boards—J. Brown"
18950223p.270_p001.txt,72,Johannes,Langesund,LONDON,228 lds. hewn fir-Calder & Co.,Calder & Co.,12,Feb,1895,23,February,1895,False,standard_dash,0.9,Feb. 12 St. Johannes—Langesund—228 lds. hewn fir—Calder & Co.
18950223p.270_p001.txt,74,Astrea,Christiansand,LONDON,369 lds. sawn fir-H. Pearce,H. Pearce,18,Feb,1895,23,February,1895,False,standard_dash,0.9,Feb. 18 Astrea—Christiansand—369 lds. sawn fir—H. Pearce
18950223p.270_p001.txt,76,Marcel et Emma,Vannes,NEWPORT,215 lds. pit props-Budd & Co.,Budd & Co.,14,Feb,1895,23,February,1895,False,standard_dash,1.0,Feb. 14 Marcel et Emma—Vannes—215 lds. pit props—Budd & Co.
18950223p.270_p001.txt,77,Adne,Grimstad,NEWPORT,"365 lds. hewn fir, 80 lds. pit props-Newport Pitwood Co.",Newport Pitwood Co.,15,Feb,1895,23,February,1895,False,condensed,1.0,"15 Adne—Grimstad—365 lds. hewn fir, 80 lds. pit props—Newport Pitwood Co."
18950223p.270_p001.txt,78,Thomas Coats,Bordeaux,NEWPORT,"1,050 lds. hewn fir-Newport Pitwood Co.",Newport Pitwood Co.,14,Feb,1895,23,February,1895,True,condensed,1.0,"Thomas Coats (s)—Bordeaux—1,050 lds. hewn fir—Newport Pitwood Co."
18950223p.270_p001.txt,80,Une,Tvedestrand,NEWPORT,"454 lds. pit props-R. Gething, jun. & Co.","R. Gething, jun. & Co.",14,Feb,1895,23,February,1895,False,condensed,0.9,"19 Une Tvedestrand—454 lds. pit props—R. Gething, jun. & Co."
18950223p.270_p001.txt,81,MISSING_FROM_OCR,Bayonne,NEWPORT,"1,400 lds. hewn fir-Capelle",Capelle,14,Feb,1895,23,February,1895,False,condensed,0.9,"Bayonne—1,400 lds. hewn fir—Capelle"
18950223p.270_p001.txt,83,Odin,Christiania,NEWPORT,95 lds. hewn fir-P. Matthiessen & Co.,P. Matthiessen & Co.,18,Feb,1895,23,February,1895,True,standard_dash,0.9,Feb. 18 Odin (s)—Christiania—95 lds. hewn fir—P. Matthiessen & Co.
18950223p.270_p001.txt,85,Neptun,Halmstad,NEWPORT,410 lds. pit props E. Wiener & Co.,,18,Feb,1895,23,February,1895,False,condensed,0.9,Neptun—Halmstad—410 lds. pit props E. Wiener & Co.
18950223p.270_p001.txt,86,Helene Tanber,Harburg,NEWPORT,436 lds. pit props-E. Wiener & Co.,E. Wiener & Co.,18,Feb,1895,23,February,1895,False,condensed,0.9,Helene Tanber—Harburg—436 lds. pit props—E. Wiener & Co.
18950223p.270_p001.txt,88,Notre Dame de Bon Secour,Arcachon,NEWPORT,170 lds. pitwood-Newport Pitwood Co.,Newport Pitwood Co.,14,Feb,1895,23,February,1895,False,standard_dash,0.9,Feb. 14 Notre Dame de Bon Secour—Arcachon—170 lds. pitwood—Newport Pitwood Co.
18950223p.270_p001.txt,89,Esperance,Port Launay,NEWPORT,198 lds. pitwood-Wright & Butler,Wright & Butler,15,Feb,1895,23,February,1895,False,condensed,0.9,15 St. Esperance—Port Launay—198 lds. pitwood—Wright & Butler
18950223p.270_p001.txt,90,Marguerite St.,Estephe,NEWPORT,"110 lds. sawn fir-Williams, Cook, & Co.","Williams, Cook, & Co.",14,Feb,1895,23,February,1895,False,condensed,0.9,"16 Marguerite St. Estephe—110 lds. sawn fir—Williams, Cook, & Co."
18950223p.270_p001.txt,93,Lord Lansdowne,Baltimore,NEWPORT,"19 tons poplar boards, 12 poplar logs, 16 oak logs, 94 walnut boards-T. Dixon & Sons",T. Dixon & Sons,14,Feb,1895,23,February,1895,False,standard_dash,0.9,"Feb. 14 Lord Lansdowne—Baltimore—19 tons poplar boards, 12 poplar logs, 16 oak logs, 94 walnut boards—T. Dixon & Sons"
18950223p.270_p002.txt,15,Johannes,Langesund,JK,228 lds. hewn fir-der & Co.,der & Co.,14,Feb,1895,23,February,1895,False,condensed,0.9,Johannes-Langesund-228 lds. hewn fir-der & Co.
18950223p.270_p002.txt,18,Trea,Christiansand,JK,369 lds. sawn fir-ree,ree,14,Feb,1895,23,February,1895,False,condensed,0.9,Trea-Christiansand-369 lds. sawn fir-ree
18950223p.270_p002.txt,21,Marcel et Emma,Vannes,NEWPORT,215 lds. pit Budd & Co.,,14,Feb,1895,23,February,1895,False,condensed,1.0,Marcel et Emma-Vannes-215 lds. pit Budd & Co.
18950223p.270_p002.txt,22,Newport Pitwood Co.,Tvedestrand,NEWPORT,460 lds. pit props,,14,Feb,1895,23,February,1895,True,condensed,1.0,"Newport Pitwood Co. Tvedestrand-460 lds. pit props-Gething Coats (s)-Bordeaux-1,050 lds. hewn vport Pitwood Co."
18950223p.270_p002.txt,24,Co. y,Bayonne,NEWPORT,"1,400 lds. hewn fir-elle",elle,14,Feb,1895,23,February,1895,True,condensed,1.0,"Co. y (s)-Bayonne-1,400 lds. hewn fir-elle"
18950223p.270_p002.txt,28,MISSING_FROM_OCR,Christiania,NEWPORT,95 lds. hewn fir-P. thiessen & Co.,P. thiessen & Co.,14,Feb,1895,23,February,1895,False,condensed,0.9,Christiania-95 lds. hewn fir-P. thiessen & Co.
18950223p.270_p002.txt,31,E & Co. ene Tanber,Harburg,NEWPORT,436 lds. [?]it E. Wiener & Co.,,19,Feb,1895,23,February,1895,False,condensed,0.9,E & Co. ene Tanber-Harburg-436 lds. [?]it E. Wiener & Co.
18950223p.270_p002.txt,35,Arcachon,,NEWPORT,pitwood Newport Pitwood Co.,,19,Feb,1895,23,February,1895,False,condensed,0.9,Arcachon-pitwood-Newport Pitwood Co.
18950223p.270_p002.txt,36,Port,Launay,NEWPORT,195 lds. pitwood it & Butler,,19,Feb,1895,23,February,1895,False,condensed,0.9,Port Launay-195 lds. pitwood it & Butler
18950223p.270_p002.txt,41,Lord Lansdowne,Baltimore,NEWPORT,"19 tons boards, 12 poplar logs, 16 oak logs, walnut boards-T. Dixon & Sons",T. Dixon & Sons,19,Feb,1895,23,February,1895,False,condensed,0.9,"Lord Lansdowne-Baltimore-19 tons boards, 12 poplar logs, 16 oak logs, walnut boards-T. Dixon & Sons"
18950223p.270_p002.txt,71,Ulstermore,Baltimore,EDEN,"10,597 staves-Farn-worth & Jardine 978 poplar boards-Illing-worth, Ingham, & Co.; 1,215 pcs. walnut, 340 pcs. oak, 53 hickory logs, 21 pcs. walnut squares, 1,156 pcs. oak, 45 walnut logs-J. H. Burrell & Co.; 15 Barbadian (s)-New Orleans-5,300 staves-Farnworth, Ingham, & Co.",Farn-worth & Jardine,19,Feb,1895,23,February,1895,True,condensed,0.9,"Ulstermore (s)-Baltimore-10,597 staves-Farn-worth & Jardine; 978 poplar boards-Illing-worth, Ingham, & Co.; 1,215 pcs. walnut, 340 pcs. oak, 53 hickory logs, 21 pcs. walnut squares, 1,156 pcs. oak, 45 walnut logs-J. H. Burrell & Co.; 15 Barbadian (s)-New Orleans-5,300 staves-Farnworth, Ingham, & Co."
18950223p.270_p002.txt,71,Barbadian,New Orleans,EDEN,"5,300 staves-Farnworth, Ingham, & Co.","Farnworth, Ingham, & Co.",19,Feb,1895,23,February,1895,True,condensed,0.9,"Barbadian (s)-New Orleans-5,300 staves-Farnworth, Ingham, & Co."
18950223p.270_p002.txt,72,Adriatic,New York,EDEN,"30 logs walnut-T. Chaloner & Co. 30 logs walnut-T. Robinson & Son; 294 pcs. walnut-J. Nickels & Co.; 5,300 pcs. staves, 1 side, Johns, & Co.",T. Chaloner & Co.,16,Feb,1895,23,February,1895,True,condensed,0.9,"16 Adriatic (s)-New York-30 logs walnut-T. Chaloner & Co.; 30 logs walnut-T. Robinson & Son; 294 pcs. walnut-J. Nickels & Co.; 5,300 pcs. staves, 1 side, Johns, & Co."
18950223p.270_p002.txt,73,Bovic,New York,EDEN,"8,600 staves-Farnworth",Farnworth,18,Feb,1895,23,February,1895,True,condensed,0.9,"18 Bovic (s)-New York-8,600 staves-Farnworth"
18950223p.270_p002.txt,76,Professor,Colon,EDEN,16 logs mahogany-A. Dobell & Co.,A. Dobell & Co.,14,Feb,1895,23,February,1895,True,standard_dash,0.9,Feb. 14 Professor (s)-Colon-16 logs mahogany-A. Dobell & Co.
18950223p.270_p002.txt,79,Shenandoah,Newport News,EDEN,29 walnut logs-J. H. Burrell & Co.,J. H. Burrell & Co.,14,Feb,1895,23,February,1895,True,standard_dash,0.9,Feb. 14 Shenandoah (s)-Newport News-29 walnut logs-J. H. Burrell & Co.
18950223p.270_p002.txt,80,Gaditano,New Orleans,EDEN,"4,800 staves-E. Chaloner & Co.",E. Chaloner & Co.,19,Feb,1895,23,February,1895,True,condensed,0.9,"19 Gaditano (s)-New Orleans-4,800 staves-E. Chaloner & Co."
18950223p.270_p002.txt,83,Ohio,Philadelphia,EDEN,"2,005 maple",,14,Feb,1895,23,February,1895,True,condensed,0.9,"Ohio (s)-Philadelphia-2,005 maple"
18950223p.270_p002.txt,85,Glantiry,Galveston,QUEEN'S DOCK,"11,763 staves",,14,Feb,1895,23,February,1895,True,condensed,1.0,"Glantiry (s)-Galveston-11,763 staves"
18950223p.270_p002.txt,86,Gladestry,Odessa,QUEEN'S DOCK,53 oak logs,,16,Feb,1895,23,February,1895,True,condensed,1.0,Gladestry (s)-Odessa-53 oak logs
18950223p.270_p002.txt,90,Gladestry,Odessa,LONDON,53 oak logs,,19,Feb,1895,23,February,1895,True,condensed,0.9,Gladestry (s)-Odessa-53 oak logs
18950223p.270_p002.txt,93,Lydian Monarch,New York,LONDON,"1 car, 10,027 pcs. lumber-C. Leary & Co. 1,614 pcs. lumber",C. Leary & Co.,14,Feb,1895,23,February,1895,True,standard_dash,0.9,"Feb. 14 Lydian Monarch (s)-New York-1 car, 10,027 pcs. lumber-C. Leary & Co.; 1,614 pcs. lumber"
18950223p.270_p002.txt,94,Massachusetts,New York,LONDON,"1,560 walnut boards, 946 pcs. lumber, 34 logs hardwood",,14,Feb,1895,23,February,1895,True,condensed,0.9,"15 Massachusetts (s)-New York-1,560 walnut boards, 946 pcs. lumber, 34 logs hardwood"
18950223p.270_p002.txt,95,Virginian,Boston,LONDON,"1,314 pcs. 338 bdls. lumber-Churchill & Sim",Churchill & Sim,19,Feb,1895,23,February,1895,True,condensed,0.9,"19 Virginian (s)-Boston-1,314 pcs. 338 bdls. lumber-Churchill & Sim"
18950223p.270_p002.txt,98,Massapequa,Baltimore,TILBURY DOCKS,"19,174 pcs. lumber, 6 400 staves",,19,Feb,1895,23,February,1895,True,condensed,1.0,"Massapequa (s)-Baltimore-19,174 pcs. lumber, 6 400 staves"
18950223p.270_p002.txt,102,Sardinian Prince,Colon,LONDON (TILBURY DOCKS),136 logs mahogany-R. B. Watson & Co. 21 pcs. cedar-E. W. Carling & Co.,R. B. Watson & Co.,16,Feb,1895,23,February,1895,True,standard_dash,0.9,Feb. 16 Sardinian Prince (s)-Colon-136 logs mahogany-R. B. Watson & Co.; 21 pcs. cedar-E. W. Carling & Co.
18950223p.270_p002.txt,106,Lord Lansdowne,Baltimore,LONDON (TILBURY DOCKS),"1,115 sawn pine planks-T. Dixon & Sons",T. Dixon & Sons,14,Feb,1895,23,February,1895,False,standard_dash,0.9,"Feb. 14 Lord Lansdowne-Baltimore-1,115 sawn pine planks-T. Dixon & Sons"
18950223p.270_p002.txt,110,Valund,Hommelvik,LONDON (TILBURY DOCKS),115 lds. staves-J. Cook & Son 330 lds. sawn fir-R Millar & Sons,J. Cook & Son,16,Feb,1895,23,February,1895,True,standard_dash,0.9,Feb. 16 Valund (s)-Hommelvik-115 lds. staves-J. Cook & Son; 330 lds. sawn fir-R Millar & Sons
18950223p.270_p002.txt,129,Thetis,Skien,KING'S CROSS,160 lds. props-Kirkwood,Kirkwood,15,Feb,1895,23,February,1895,False,standard_dash,0.9,Feb. 15 Thetis-Skien-160 lds. props-Kirkwood
18950223p.270_p002.txt,132,Tremaa,Moss,BO'NESS,344 lds. hewn fir-J. & Co.,J. & Co.,16,Feb,1895,23,February,1895,False,standard_dash,1.0,Feb. 16 Tremaa-Moss-344 lds. hewn fir-J. & Co.
18950223p.270_p002.txt,135,Hoddodd,Drontheim,BO'NESS,265 lds. fir J. Donaldson & Sons,,16,Feb,1895,23,February,1895,True,condensed,1.0,Hoddodd (s)-Drontheim-265 lds. fir J. Donaldson & Sons
18950223p.270_p002.txt,138,Rifondo,Savannah,DUNDEE,32 lds. firewood-C. Salvesen & Co.,C. Salvesen & Co.,15,Feb,1895,23,February,1895,False,standard_dash,0.9,Feb. 15 Rifondo-Savannah-32 lds. firewood-C. Salvesen & Co.
18950223p.270_p002.txt,139,MISSING_FROM_OCR,Gothenburg,DUNDEE,154 lds. hewn fir-Salvesen & Co.,Salvesen & Co.,15,Feb,1895,23,February,1895,False,condensed,0.9,Gothenburg-154 lds. hewn fir-Salvesen & Co.
18950223p.270_p002.txt,142,Cortie,New York,DUNDEE,4 lds. staves-Blaik,Blaik,14,Feb,1895,23,February,1895,False,standard_dash,0.9,Feb. 14 Cortie-New York-4 lds. staves-Blaik
18950223p.270_p002.txt,143,MISSING_FROM_OCR,Rotterdam,DUNDEE,2 lds. hoops-Gibson,Gibson,14,Feb,1895,23,February,1895,False,condensed,0.9,Rotterdam-2 lds. hoops-Gibson
18950223p.270_p002.txt,146,Valund,Hommelvik,MONTROSE,318 lds. sawn fir-Millar & Sons,Millar & Sons,16,Feb,1895,23,February,1895,False,standard_dash,1.0,Feb. 16 Valund-Hommelvik-318 lds. sawn fir-Millar & Sons
18950223p.270_p002.txt,149,Siberian,Boston,MONTROSE,"372 pcs. lumber-Wright, Graham, & Co. 7,678 staves-Kerr & Co.","Wright, Graham, & Co.",13,Feb,1895,23,February,1895,True,standard_dash,1.0,"Feb. 13 Siberian (s)-Boston-372 pcs. lumber-Wright, Graham, & Co.; 7,678 staves-Kerr & Co."
18950223p.270_p002.txt,150,State of Nebraska,New York,MONTROSE,"5 cs. mouldings, 40 lds. lumber",,13,Feb,1895,23,February,1895,True,condensed,0.9,"15 State of Nebraska (s)-New York-5 cs. mouldings, 40 lds. lumber"
18950223p.270_p002.txt,165,Head,Office,BLOCK FLOORING,LEEDS.,,13,Feb,1895,23,February,1895,False,condensed,1.0,Head Office-LEEDS.
18950307p.488.txt,252,Henrik,Wergeland,BO'NESS,Christiansand,,22,Feb,1895,7,March,1895,False,standard_dash,1.0,Feb. 22 Henrik Wergeland-Christiansand-250
18950307p.488.txt,256,Assyrian,Philadelphia,BO'NESS,"4,416 staves-",,22,Feb,1895,7,March,1895,False,condensed,0.9,"Assyrian-Philadelphia-4,416 staves-"
18950307p.488.txt,261,Hestia,Baltimore,BO'NESS,"28 logs, 228 pcs. oak",,22,Feb,1895,7,March,1895,False,condensed,0.9,"22 Hestia-Baltimore-28 logs, 228 pcs. oak,"
18950307p.488.txt,390,respective,,MEMBERS,"ways the Academy, which is the",,22,Feb,1895,7,March,1895,False,condensed,0.9,"respective ways—the Academy, which is the"
18950309p.516.txt,3,Timber Merchants and,Saw,MEMBERS,millers,,22,Feb,1895,9,March,1895,False,condensed,0.9,"Timber Merchants and Saw-millers,"
18950309p.516.txt,27,Quebec spruce,,MEMBERS,deals 13 ft. 9>3 & 11x3 0 8½,,22,Feb,1895,9,March,1895,False,condensed,0.9,Quebec spruce deals— 13 ft. 9>3 & 11x3 0 8½
18950309p.516.txt,114,Circassia,New York,REVIEW,"341 pcs. oak lumber-Erownlee & Co. 107 pkgs. wood, 3,000 hhd. staves",Erownlee & Co.,25,Feb,1895,9,March,1895,True,standard_dash,0.9,"Feb. 25 Circassia (s)—New York-341 pcs. oak lumber—Erownlee & Co.; 107 pkgs. wood, 3,000 hhd. staves"
18950309p.516.txt,115,State of California,New York,REVIEW,"1,435 pcs. oak lumber, 2,859 pcs. lumber-Cant & Kemp",Cant & Kemp,27,Feb,1895,9,March,1895,True,standard_dash,0.9,"Feb. 27 State of California (s)—New York-1,435 pcs. oak lumber, 2,859 pcs. lumber—Cant & Kemp; New York-383 pcs. oak lumber—Wright, Graham, & Co."
18950309p.516.txt,115,New,York,REVIEW,"383 pcs. oak lumber-Wright, Graham, & Co.","Wright, Graham, & Co.",25,Feb,1895,9,March,1895,False,condensed,0.9,"New York-383 pcs. oak lumber—Wright, Graham, & Co."
18950309p.516.txt,117,Olif,Drontheim,REVIEW,492 lds. staves-Millar,Millar,26,Feb,1895,9,March,1895,True,standard_dash,0.9,Feb. 26 Olif (s)—Drontheim-492 lds. staves—Millar
18950309p.516.txt,118,Pomeranian,Drontheim,REVIEW,"7 lds. sawn fir, 105 lds. fir staves-Millar",Millar,1,Mar,1895,9,March,1895,True,standard_dash,0.9,"Mar. 1 Pomeranian (s)—Drontheim-7 lds. sawn fir, 105 lds. fir staves—Millar"
18950309p.516.txt,120,Gudrun,Hommelvik,WICK,20 lds. sawn fir-Duncan & Jamieson,Duncan & Jamieson,27,Feb,1895,9,March,1895,False,standard_dash,1.0,Feb. 27 Gudrun—Hommelvik-20 lds. sawn fir—Duncan & Jamieson
18950309p.516.txt,145,Stock of all kinds of,,WICK,home grown Timber on hand.,,27,Feb,1895,9,March,1895,False,condensed,0.9,Stock of all kinds of home-grown Timber on hand.
18950316p.541.txt,5,Mario,Gothenburg,WICK,333 lds. fir boards and battens-Heber Denty,Heber Denty,11,Mar,1895,16,March,1895,True,standard_dash,0.9,Mar. 11 Mario (s)-Gothenburg-333 lds. fir boards and battens-Heber Denty
18950316p.541.txt,7,Blandina,Villagarcia,WICK,"1,000 lds. pitwood-A. Fillenl & Co.",A. Fillenl & Co.,5,Mar,1895,16,March,1895,True,standard_dash,0.9,"Mar. 5 Blandina (s)-Villagarcia-1,000 lds. pitwood-A. Fillenl & Co."
18950316p.541.txt,8,Commentry,Bayonne,WICK,"1,250 lds. pitwood-A. Capelle",A. Capelle,6,Mar,1895,16,March,1895,False,condensed,0.9,"6 Commentry-Bayonne-1,250 lds. pitwood-A. Capelle"
18950316p.541.txt,9,Rivo de Gier,Bayonne,WICK,"1,150 lds. pitwood-A. Capelle",A. Capelle,6,Mar,1895,16,March,1895,False,condensed,0.9,"6 Rivo de Gier-Bayonne-1,150 lds. pitwood-A. Capelle"
18950316p.541.txt,10,Valin,Bayonne,WICK,"1,450 lds. pitwood-A. Capelle",A. Capelle,7,Mar,1895,16,March,1895,False,condensed,0.9,"7 Valin-Bayonne-1,450 lds. pitwood-A. Capelle"
18950316p.541.txt,11,Taunus,Gothenburg,WICK,"582 lds. pitwood, 49 lds. sawn fir-Bell, Harrison, & Co.","Bell, Harrison, & Co.",7,Mar,1895,16,March,1895,False,condensed,0.9,"7 Taunus-Gothenburg-582 lds. pitwood, 49 lds. sawn fir-Bell, Harrison, & Co."
18950316p.541.txt,12,Ville des Conets,l'Orient,WICK,"150 lds. hewn fir-Watts, Williams, & Co.","Watts, Williams, & Co.",8,Mar,1895,16,March,1895,False,condensed,0.9,"8 Ville des Conets-l'Orient-150 lds. hewn fir-Watts, Williams, & Co."
18950316p.541.txt,13,Petrea,Maros Bay,WICK,500 lds pitwood-Powley,Powley,8,Mar,1895,16,March,1895,False,condensed,0.9,8 Petrea-Maros Bay-500 lds pitwood-Powley
18950316p.541.txt,14,Aquitaine,Bordeaux,WICK,"1,650 lds. hewn fir-Simkin Bros.",Simkin Bros.,9,Mar,1895,16,March,1895,True,condensed,0.9,"9 Aquitaine (s)-Bordeaux-1,650 lds. hewn fir-Simkin Bros."
18950316p.541.txt,15,Germania,Muros,WICK,"220 lds. hewn fir-Manzanos, Cristobal, & Co.","Manzanos, Cristobal, & Co.",9,Mar,1895,16,March,1895,False,condensed,0.9,"9 Germania-Muros-220 lds. hewn fir-Manzanos, Cristobal, & Co."
18950316p.541.txt,16,Santa,"St. John, N.B.",WICK,"3,450 lds. deals and battens-Alexanders & Co.",Alexanders & Co.,9,Mar,1895,16,March,1895,False,condensed,0.9,"9 Santa-St. John, N.B.-3,450 lds. deals and battens-Alexanders & Co."
18950316p.541.txt,17,Ursula,Vannes,WICK,115 lds. pitwood-Watts,Watts,9,Mar,1895,16,March,1895,False,condensed,0.9,9 Ursula-Vannes-115 lds. pitwood-Watts
18950316p.541.txt,18,Julia Gabrielle,l'Orient,WICK,150 lds. hewn fir-Budd & Co.,Budd & Co.,9,Mar,1895,16,March,1895,False,condensed,0.9,9 Julia Gabrielle-l'Orient-150 lds. hewn fir-Budd & Co.
18950316p.541.txt,19,Raoul Godart,Rouen,WICK,30 lds. sawn fir-J. Duncan & Co.,J. Duncan & Co.,9,Mar,1895,16,March,1895,False,condensed,0.9,9 Raoul Godart-Rouen-30 lds. sawn fir-J. Duncan & Co.
18950316p.541.txt,20,Charles,St. John,WICK,"2,406 lds. deals-Alexanders",Alexanders,11,Mar,1895,16,March,1895,False,condensed,0.9,"11 Charles-St. John-2,406 lds. deals-Alexanders"
18950316p.541.txt,21,Marie Angelina,Redon,WICK,"160 lds. pitwood-Watts, Williams, & Co.","Watts, Williams, & Co.",11,Mar,1895,16,March,1895,False,condensed,0.9,"11 Marie Angelina-Redon-160 lds. pitwood-Watts, Williams, & Co."
18950316p.541.txt,22,Hercules,Mobile,WICK,"1,350 lds. hewn fir, 65 lds. sawn fir-J. Bland & Co.",J. Bland & Co.,11,Mar,1895,16,March,1895,False,condensed,0.9,"11 Hercules-Mobile-1,350 lds. hewn fir, 65 lds. sawn fir-J. Bland & Co."
18950316p.541.txt,23,Alf,Tredestrand,WICK,400 lds. hewn fir-Thomas,Thomas,11,Mar,1895,16,March,1895,False,condensed,0.9,11 Alf-Tredestrand-400 lds. hewn fir-Thomas
18950316p.541.txt,24,Dordogne,Bordeaux,WICK,700 lds. pitwood-W. H. Corfield,W. H. Corfield,11,Mar,1895,16,March,1895,False,condensed,0.9,11 Dordogne-Bordeaux-700 lds. pitwood-W. H. Corfield
18950316p.541.txt,25,Bohallard,Auray,WICK,140 lds. pitwood-Watts,Watts,11,Mar,1895,16,March,1895,False,condensed,0.9,11 Bohallard-Auray-140 lds. pitwood-Watts
18950316p.541.txt,26,Pauline et Marie,Redon,WICK,"157 lds. pitwood-Watts, Williams, & Co.","Watts, Williams, & Co.",11,Mar,1895,16,March,1895,False,condensed,0.9,"11 Pauline et Marie-Redon-157 lds. pitwood-Watts, Williams, & Co."
18950316p.541.txt,27,Anna,Carril,WICK,240 lds. pitwood-Manzanos,Manzanos,11,Mar,1895,16,March,1895,False,condensed,0.9,11 Anna-Carril-240 lds. pitwood-Manzanos
18950316p.541.txt,28,Semiramis,Nantes,WICK,180 lds. pitwood-Watts,Watts,11,Mar,1895,16,March,1895,False,condensed,0.9,11 Semiramis-Nantes-180 lds. pitwood-Watts
18950316p.541.txt,29,Beatrice Suppicich,Villagarcia,WICK,"480 lds. pitwood-Manzanos, Cristobal, & Co.","Manzanos, Cristobal, & Co.",11,Mar,1895,16,March,1895,False,condensed,0.9,"11 Beatrice Suppicich-Villagarcia-480 lds. pitwood-Manzanos, Cristobal, & Co."
18950316p.541.txt,30,Risoer,Risoer,WICK,317 lds. pitwood-C. Schroeter,C. Schroeter,11,Mar,1895,16,March,1895,False,condensed,0.9,11 Risoer-Risoer-317 lds. pitwood-C. Schroeter
18950316p.541.txt,32,Brage,Boiregaard,FLEETWOOD,40 lds. pulpwood-Kellner Partington Paper Pulp Co.,Kellner Partington Paper Pulp Co.,8,Mar,1895,16,March,1895,False,standard_dash,1.0,Mar. 8 Brage-Boiregaard-40 lds. pulpwood-Kellner Partington Paper Pulp Co.
18950316p.541.txt,33,Bjarne,Sannesund,FLEETWOOD,123 lds. pulpwood-Kellner Partington Paper Pulp Co.,Kellner Partington Paper Pulp Co.,11,Mar,1895,16,March,1895,False,condensed,1.0,11 Bjarne-Sannesund-123 lds. pulpwood-Kellner Partington Paper Pulp Co.
18950316p.541.txt,34,Pallas,Mobile,FLEETWOOD,"1,553 lds. sawn fir-Lightbound",Lightbound,8,Mar,1895,16,March,1895,False,condensed,1.0,"11 Pallas Mobile-1,553 lds. sawn fir-Lightbound"
18950316p.541.txt,36,Domino,Gothenburg,GRIMSBY,"206 lds. pit props-T. Wilson, Sons, & Co.","T. Wilson, Sons, & Co.",8,Mar,1895,16,March,1895,False,standard_dash,0.9,"Mar. 8 Domino-Gothenburg-206 lds. pit props-T. Wilson, Sons, & Co."
18950316p.541.txt,38,Vanadis,Gothenburg,GRIMSBY,"58 lds. props-W. D. Coxon 14 lds. hewn fir-Hessler & Co.; 41 lds. props and sleepers-North Eastern Railway Co.; 92 lds. hewn fir, 11 lds. sawn fir-W. Pearson & Co.; 41 lds. props and sleepers-Pedersen & Co.; 15 lds. props and sleepers-J. W. Baird & Co.; 5 lds. fir rails-R. Thubron & Co.; 15 lds. sleepers-W. J. Watson & Co.; 30 lds. sleepers-G. Horsley & Co.",W. D. Coxon,5,Mar,1895,16,March,1895,True,standard_dash,0.9,"Mar. 5 Vanadis (s)-Gothenburg-58 lds. props-W. D. Coxon; 14 lds. hewn fir-Hessler & Co.; 41 lds. props and sleepers-North Eastern Railway Co.; 92 lds. hewn fir, 11 lds. sawn fir-W. Pearson & Co.; 41 lds. props and sleepers-Pedersen & Co.; 15 lds. props and sleepers-J. W. Baird & Co.; 5 lds. fir rails-R. Thubron & Co.; 15 lds. sleepers-W. J. Watson & Co.; 30 lds. sleepers-G. Horsley & Co."
18950316p.541.txt,39,Cambria,Brevig,GRIMSBY,"14 lds. props-E. A. Casper & Co. 70 lds. round fir, 204 lds. square fir-E. Pritchard",E. A. Casper & Co.,11,Mar,1895,16,March,1895,False,condensed,0.9,"11 Cambria-Brevig-14 lds. props-E. A. Casper & Co.; 70 lds. round fir, 204 lds. square fir-E. Pritchard"
18950316p.541.txt,40,Prince Eugene,Pensacola,GRIMSBY,"1,379 lds. deals and boards-Harrison & Singleton",Harrison & Singleton,11,Mar,1895,16,March,1895,False,condensed,0.9,"11 Prince Eugene-Pensacola-1,379 lds. deals and boards-Harrison & Singleton"
18950316p.541.txt,41,Viking,Gothenburg,GRIMSBY,"230 lds. props, 64 lds. poles, 20 lds. sawn fir, 84 lds. laths, 48 lds. sleepers-T. Barraclough",T. Barraclough,11,Mar,1895,16,March,1895,False,condensed,0.9,"11 Viking-Gothenburg-230 lds. props, 64 lds. poles, 20 lds. sawn fir, 84 lds. laths, 48 lds. sleepers-T. Barraclough"
18950316p.541.txt,44,Ariosto,Gothenburg,GRIMSBY,"857 bdls. staves-H. Newsum, Sons, & Co. 16,200 props-Chas. Wells & Co.; 400 bdls. laths-Aire & Calder Navigation Co.; 900 bdls. laths-Broadbent & Gresham; 1,000 doors-Order","H. Newsum, Sons, & Co.",11,Mar,1895,16,March,1895,True,standard_dash,0.9,"Mar. 11 Ariosto (s)-Gothenburg-857 bdls. staves-H. Newsum, Sons, & Co.; 16,200 props-Chas. Wells & Co.; 400 bdls. laths-Aire & Calder Navigation Co.; 900 bdls. laths-Broadbent & Gresham; 1,000 doors-Order"
18950316p.541.txt,46,Galileo,New York,GRIMSBY,"2,400 staves-T. W. Allen 1,111 staves-Wilson, Sons, & Co.",T. W. Allen,11,Mar,1895,16,March,1895,True,standard_dash,0.9,"Mar. 11 Galileo (s)-New York-2,400 staves-T. W. Allen; 1,111 staves-Wilson, Sons, & Co."
18950316p.541.txt,47,Argo,Drontheim,GRIMSBY,"1,780 bdls. boards-Wilson, Sons, & Co.","Wilson, Sons, & Co.",11,Mar,1895,16,March,1895,True,condensed,0.9,"11 Argo (s)-Drontheim-1,780 bdls. boards-Wilson, Sons, & Co."
18950316p.541.txt,48,Tasso,Drontheim,GRIMSBY,"3,720 bdls. boards, 32 lds. firewood-T. Wilson, Sons, & Co.","T. Wilson, Sons, & Co.",11,Mar,1895,16,March,1895,True,condensed,0.9,"11 Tasso (s)-Drontheim-3,720 bdls. boards, 32 lds. firewood-T. Wilson, Sons, & Co."
18950316p.541.txt,49,Angelo,Christiania,GRIMSBY,"1,019 boathooks and spars-R. Pearson 382 poles-R. Wade & Co.",R. Pearson,12,Mar,1895,16,March,1895,True,condensed,0.9,"12 Angelo (s)-Christiania-1,019 boathooks and spars-R. Pearson; 382 poles-R. Wade & Co."
18950316p.541.txt,52,Cambroman,Boston,LIVERPOOL,"1,718 pcs. walnut-Duncan, Ewing, & Co. 966 pcs. staves, 3,290 hhd. staves-Farnworth & Jardine","Duncan, Ewing, & Co.",9,Mar,1895,16,March,1895,True,standard_dash,0.9,"Mar. 9 Cambroman (s)-Boston-1,718 pcs. walnut-Duncan, Ewing, & Co.; 966 pcs. staves, 3,290 hhd. staves-Farnworth & Jardine"
18950316p.541.txt,53,Laurentian,Portland,LIVERPOOL,"335 cs. splints-Collard, Kendall, & Co. 195 cs. splints-J. Morgan & Co.; 220 cs. splints-Paterson & Co.; 300 cs. splints-Irish Match Co.; 165 pcs. lumber-H. Kennedy; 1,035 wood doors.-Bryce, Junor, & White","Collard, Kendall, & Co.",12,Mar,1895,16,March,1895,True,condensed,0.9,"12 Laurentian (s)-Portland-335 cs. splints-Collard, Kendall, & Co.; 195 cs. splints-J. Morgan & Co.; 220 cs. splints-Paterson & Co.; 300 cs. splints-Irish Match Co.; 165 pcs. lumber-H. Kennedy; 1,035 wood doors.-Bryce, Junor, & White"
18950316p.541.txt,55,Vanduara,"St. John, N.B.",LIVERPOOL,"19,761 deals and battens, 4,663 deal ends, 858 pcs. birch, 311 pcs. white pine-A. F. & D. Mackay",A. F. & D. Mackay,11,Mar,1895,16,March,1895,False,standard_dash,0.9,"Mar. 11 Vanduara-St. John, N.B.-19,761 deals and battens, 4,663 deal ends, 858 pcs. birch, 311 pcs. white pine-A. F. & D. Mackay"
18950316p.541.txt,59,J. D. Everett,"St. John, N.B.",LIVERPOOL,"56,122 deals and battens, 7,409 deal ends, 117 scantlings-A. F. & D. Mackay",A. F. & D. Mackay,7,Mar,1895,16,March,1895,False,standard_dash,0.9,"Mar. 7 J. D. Everett-St. John, N.B.-56,122 deals and battens, 7,409 deal ends, 117 scantlings-A. F. & D. Mackay"
18950316p.541.txt,60,Caledonia,Apalachicola,LIVERPOOL,"48 pcs. hewn pitch pine, 814 pcs. sawn pitch pine, 403 deals.-Lightbound, Rigby, & Co.","Lightbound, Rigby, & Co.",7,Mar,1895,16,March,1895,False,condensed,0.9,"7 Caledonia-Apalachicola-48 pcs. hewn pitch pine, 814 pcs. sawn pitch pine, 403 deals.-Lightbound, Rigby, & Co."
18950316p.541.txt,61,Prince Charlie,Mobile,LIVERPOOL,"572 pcs. hewn pitch pine, 280 pcs. hewn whitewood, 1,007 pitch pine deals, 26,386 pitch pine boards",,7,Mar,1895,16,March,1895,True,condensed,0.9,"8 Prince Charlie (s)-Mobile-572 pcs. hewn pitch pine, 280 pcs. hewn whitewood, 1,007 pitch pine deals, 26,386 pitch pine boards"
18950316p.541.txt,62,Revolving Light,Mobile,LIVERPOOL,"1,807 sawn pitch pine deals, 8,363 sawn pitch pine boards, 311 pcs. hewn timber, 100 pcs. hewn whitewood, 50 pcs. hewn satin walnut",,7,Mar,1895,16,March,1895,False,condensed,0.9,"11 Revolving Light-Mobile-1,807 sawn pitch pine deals, 8,363 sawn pitch pine boards, 311 pcs. hewn timber, 100 pcs. hewn whitewood, 50 pcs. hewn satin walnut"
18950316p.541.txt,63,Midas,Apalachicola,LIVERPOOL,376 pcs. hewn pitch pine 265 pcs. sawn pitch pine 133 pitch pine deals,,7,Mar,1895,16,March,1895,False,condensed,0.9,12 Midas-Apalachicola-376 pcs. hewn pitch pine 265 pcs. sawn pitch pine 133 pitch pine deals
18950316p.541.txt,65,Sarali,Laurvig,LIVERPOOL,"48,182 props",,7,Mar,1895,16,March,1895,False,condensed,0.9,"Sarali-Laurvig-48,182 props"
18950316p.541.txt,66,Vanland,Gothenburg,LIVERPOOL,"86,801 pit props, 10,026 pit poles-Osbeck & Co. 4,150 bdls. laths",Osbeck & Co.,12,Mar,1895,16,March,1895,True,condensed,0.9,"12 Vanland (s)-Gothenburg-86,801 pit props, 10,026 pit poles-Osbeck & Co.; 4,150 bdls. laths"
18950316p.541.txt,67,Sleeper,Snaeroen,LIVERPOOL,"67,234 bdls. sawn fir",,11,Mar,1895,16,March,1895,True,condensed,0.9,"13 Sleeper (s)-Snaeroen-67,234 bdls. sawn fir"
18950316p.541.txt,69,Kensington,Philadelphia,LIVERPOOL,"7,050 maple blocks Churchill & Sim 2,666 maple blocks",,11,Mar,1895,16,March,1895,True,condensed,0.9,"Kensington (s)-Philadelphia-7,050 maple blocks Churchill & Sim; 2,666 maple blocks"
18950316p.541.txt,72,Inga,Pensacola,LONDON,"2,306 pcs timber, 682 deals",,13,Mar,1895,16,March,1895,False,condensed,0.9,"Inga-Pensacola-2,306 pcs timber, 682 deals"
18950316p.541.txt,74,Dovre,Laurvig,LONDON,"50,836 boards",,9,Mar,1895,16,March,1895,True,condensed,0.9,"13 Dovre (s)-Laurvig-50,836 boards"
18950316p.541.txt,76,Thule,Gothenburg,LONDON,"925 pkgs. joinery J. Sandell & Co.; 6,134 bdls. boxboards-Vigers Bros. 762 bdls. mouldings-W. R. Crow & Son; 6,285 bdls., 558 doz. boards, 1,550 doors",Vigers Bros.,11,Mar,1895,16,March,1895,True,standard_dash,0.9,"Mar. 11 Thule (s)-Gothenburg-925 pkgs. joinery J. Sandell & Co.; 6,134 bdls. boxboards-Vigers Bros.; 762 bdls. mouldings-W. R. Crow & Son; 6,285 bdls., 558 doz. boards, 1,550 doors"
18950316p.541.txt,77,Columbus,Christiania,LONDON,"662 bags brush blocks-J. Keen 996 bdls. boxboards-B. Paterson; 2,000 bdls. boxboards",J. Keen,11,Mar,1895,16,March,1895,True,condensed,0.9,"11 Columbus (s)-Christiania-662 bags brush blocks-J. Keen; 996 bdls. boxboards-B. Paterson; 2,000 bdls. boxboards"
18950316p.541.txt,79,Madura,"St. John, N.B.",LONDON,"2,089 cs. splints-Bryant & May 121 cs. match splints, 275 wooden doors, 217 bdls. mouldings, 63 bdls. pine rods, 3 cs. keyboards-Bryce, Junor, & White; 4,128 deals, 21,120 bdls. shooks",Bryant & May,7,Mar,1895,16,March,1895,True,standard_dash,0.9,"Mar. 7 Madura (s)-St. John, N.B.-2,089 cs. splints-Bryant & May; 121 cs. match splints, 275 wooden doors, 217 bdls. mouldings, 63 bdls. pine rods, 3 cs. keyboards-Bryce, Junor, & White; 4,128 deals, 21,120 bdls. shooks"
18950316p.541.txt,80,British Princess,Philadelphia,LONDON,"8,928 staves, 3,557 pcs. lumber, 1 car. lumber",,7,Mar,1895,16,March,1895,True,condensed,0.9,"13 British Princess(s)-Philadelphia-8,928 staves, 3,557 pcs. lumber, 1 car. lumber"
18950316p.541.txt,82,Cerastes,Albano,LONDON,"7,758 planks timber-J. Temperley & Co.",J. Temperley & Co.,7,Mar,1895,16,March,1895,False,standard_dash,0.9,"Mar. 7 Cerastes Albano-7,758 planks timber-J. Temperley & Co."
18950316p.541.txt,84,Gazelle,"Brunswick, Ga.",LONDON,"1,776 pcs timber-W. Crundall 921 deals",W. Crundall,5,Mar,1895,16,March,1895,False,standard_dash,0.9,"Mar. 5 Gazelle-Brunswick, Ga.-1,776 pcs timber-W. Crundall; 921 deals"
18950316p.541.txt,85,Skjold,Drontheim,LONDON,"30,262 bdls. caseboards",,5,Mar,1895,16,March,1895,True,condensed,0.9,"9 Skjold (s)-Drontheim-30,262 bdls. caseboards"
18950316p.541.txt,86,Cayo Mono,New Orleans,LONDON,"9,046 pcs. lumber-C. Leary & Co. 2,281 pcs. lumber, 1,600 staves, 205 holly logs",C. Leary & Co.,11,Mar,1895,16,March,1895,True,condensed,0.9,"11 Cayo Mono (s)-New Orleans-9,046 pcs. lumber-C. Leary & Co.; 2,281 pcs. lumber, 1,600 staves, 205 holly logs"
18950316p.541.txt,88,Maria,l'Eguille,LONDON,228 lds. hewn fir-Great Mountain Collieries Co.,Great Mountain Collieries Co.,11,Mar,1895,16,March,1895,False,standard_dash,0.9,Mar. 11 Maria-l'Eguille-228 lds. hewn fir-Great Mountain Collieries Co.
18950316p.541.txt,91,Olbers,New York,LONDON,"3,600 staves-Johnson, Clapham, & Co.","Johnson, Clapham, & Co.",11,Mar,1895,16,March,1895,True,standard_dash,0.9,"Mar. 11 Olbers (s)-New York-3,600 staves-Johnson, Clapham, & Co."
18950316p.541.txt,93,Asia,Mobile,RUNCORN,"427 pcs. hewn pitch pine, 117 pcs. sawn pitch pine, 394 pitch pine deals, 112 pcs. hewn white oak",,11,Mar,1895,16,March,1895,False,condensed,1.0,"Asia-Mobile-427 pcs. hewn pitch pine, 117 pcs. sawn pitch pine, 394 pitch pine deals, 112 pcs. hewn white oak"
18950316p.541.txt,95,Carl Freidrich,Brevig,RUNCORN,320 lds. mining timber-C. Calder & Co.,C. Calder & Co.,5,Mar,1895,16,March,1895,False,standard_dash,1.0,Mar. 5 Carl Freidrich-Brevig-320 lds. mining timber-C. Calder & Co.
18950316p.541.txt,96,Fantasi,Mobile,RUNCORN,"1,427 lds. sawn fir, 33 lds. deals-Owners Middlesbrough Estate",Owners Middlesbrough Estate,11,Mar,1895,16,March,1895,False,condensed,1.0,"11 Fantasi-Mobile-1,427 lds. sawn fir, 33 lds. deals-Owners Middlesbrough Estate"
18950316p.541.txt,98,Cirages Erangais,Hennebont,NEWPORT,270 lds. pitwood-Budd & Co.,Budd & Co.,6,Mar,1895,16,March,1895,True,standard_dash,1.0,Mar. 6 Cirages Erangais (s)-Hennebont-270 lds. pitwood-Budd & Co.
18950316p.541.txt,99,Philosoph,l'Orient,NEWPORT,250 lds. pitwood-Budd,Budd,9,Mar,1895,16,March,1895,False,condensed,1.0,9 Philosoph-l'Orient-250 lds. pitwood-Budd
18950316p.541.txt,100,Marie Celine,Auray,NEWPORT,140 lds. pitwood-Newport Pitwood Co.,Newport Pitwood Co.,11,Mar,1895,16,March,1895,False,condensed,1.0,11 Marie Celine-Auray-140 lds. pitwood-Newport Pitwood Co.
18950316p.541.txt,101,Francis Marie,Auray,NEWPORT,340 lds. pitwood-Newport Pitwood Co.,Newport Pitwood Co.,11,Mar,1895,16,March,1895,False,condensed,1.0,11 Francis Marie-Auray-340 lds. pitwood-Newport Pitwood Co.
18950316p.541.txt,102,Corine Aimee,Auray,NEWPORT,110 lds. pitwood-Watts,Watts,11,Mar,1895,16,March,1895,False,condensed,0.9,11 Corine Aimee-Auray-110 lds. pitwood-Watts
18950316p.541.txt,103,Pauline,Morlaix,NEWPORT,100 lds. pitwood-Watts,Watts,11,Mar,1895,16,March,1895,False,condensed,0.9,11 Pauline-Morlaix-100 lds. pitwood-Watts
18950316p.541.txt,104,Leonidas,l'Orient,NEWPORT,160 lds. pitwood Budd,,11,Mar,1895,16,March,1895,False,condensed,0.9,11 Leonidas-l'Orient-160 lds. pitwood Budd
18950316p.541.txt,105,Marie,Hennebont,NEWPORT,117 lds. pitwood Budd,,11,Mar,1895,16,March,1895,False,condensed,0.9,11 Marie Hennebont-117 lds. pitwood Budd
18950316p.541.txt,107,Sofia,B.,NEWPORT,Pensacola,,9,Mar,1895,16,March,1895,False,standard_dash,0.9,"Mar. 9 Sofia B.-Pensacola-100 lds. hewn fir, 770 lds. deals and boards Fox, Eliott, & Co."
18950316p.541.txt,109,Munin,Gothenburg,NEWPORT,"120 lds. pit props, 370 lds. sawn fir-E. W. Campbell",E. W. Campbell,5,Mar,1895,16,March,1895,True,standard_dash,0.9,"Mar. 5 Munin (s)-Gothenburg-120 lds. pit props, 370 lds. sawn fir-E. W. Campbell"
18950316p.541.txt,111,Adour,Bayonne,NEWPORT,"1,150 lds. pitwood-A. Capelle",A. Capelle,5,Mar,1895,16,March,1895,True,standard_dash,0.9,"Mar. 5 Adour (s)-Bayonne-1,150 lds. pitwood-A. Capelle"
18950316p.541.txt,112,Marie Emelie,Bordeaux,NEWPORT,120 lds. pitwood-William Davies & Co.,William Davies & Co.,7,Mar,1895,16,March,1895,False,condensed,0.9,7 Marie Emelie-Bordeaux-120 lds. pitwood-William Davies & Co.
18950316p.541.txt,113,Leonie Anastasie,Pauillac,NEWPORT,"125 lds. pitwood-Williams, Cook, & Co.","Williams, Cook, & Co.",11,Mar,1895,16,March,1895,False,condensed,0.9,"11 Leonie Anastasie-Pauillac-125 lds. pitwood-Williams, Cook, & Co."
18950316p.541.txt,114,Bon Pasteur,Vannes,NEWPORT,125 lds. pitwood-W. Foy,W. Foy,11,Mar,1895,16,March,1895,False,condensed,0.9,11 Bon Pasteur-Vannes-125 lds. pitwood-W. Foy
18950316p.541.txt,116,Argus,Fredrikstad,NEWPORT,"335 lds. deals, battens, and boards-T. J. Crossman",T. J. Crossman,5,Mar,1895,16,March,1895,False,standard_dash,0.9,"Mar. 5 Argus - Fredrikstad - 335 lds. deals, battens, and boards-T. J. Crossman"
18950316p.541.txt,120,Hugia,Gothenburg,TYNE,"130 lds. pit props, 30 lds. crowntrees, 40 bales wood",,5,Mar,1895,16,March,1895,True,condensed,1.0,"Hugia (s)-Gothenburg-130 lds. pit props, 30 lds. crowntrees, 40 bales wood"
18950316p.541.txt,121,Hovding,Mobile,TYNE,"1,304 pcs. timber-Clayton",Clayton,8,Mar,1895,16,March,1895,False,condensed,1.0,"8 Hovding-Mobile-1,304 pcs. timber-Clayton"
18950316p.541.txt,122,Arvilla,Mobile,TYNE,"1,847 pcs. timber-Clayton",Clayton,8,Mar,1895,16,March,1895,False,condensed,1.0,"8 Arvilla-Mobile-1,847 pcs. timber-Clayton"
18950316p.541.txt,123,Royal Dane,Hamburg,TYNE,50 bdls. hoops-Tyne Steamship Co.,Tyne Steamship Co.,8,Mar,1895,16,March,1895,True,condensed,1.0,8 Royal Dane (s)-Hamburg-50 bdls. hoops-Tyne Steamship Co.
18950316p.541.txt,124,Isabel,Mobile,TYNE,714 pcs timber-Clayton,Clayton,9,Mar,1895,16,March,1895,False,condensed,0.9,9 Isabel-Mobile-714 pcs timber-Clayton
18950316p.541.txt,125,Larus,Risoer,TYNE,"46,196 props",,11,Mar,1895,16,March,1895,False,condensed,0.9,"11 Larus-Risoer-46,196 props-Order"
18950316p.541.txt,127,Stirling,Christiansand,TYNE,"2,007 bdls. hoops",,11,Mar,1895,16,March,1895,True,condensed,0.9,"11 Stirling (s)-Christiansand-2,007 bdls. hoops-timber, 8 lds. staves, 4 lds. mining timber from Laurvig, 41 bales woodpulp-Order"
18950316p.541.txt,128,Ragnvald Jarl,Throndhjem,TYNE,"146 lds. mining timber, 2,149 boards-J. Scott & Son 1 cs. staves",J. Scott & Son,11,Mar,1895,16,March,1895,True,condensed,0.9,"11 Ragnvald Jarl (s)-Throndhjem-146 lds. mining timber, 2,149 boards-J. Scott & Son; 1 cs. staves"
18950316p.541.txt,129,Hilma,Holmestrand,TYNE,"23,976 pit props-Harding Bros.",Harding Bros.,11,Mar,1895,16,March,1895,False,condensed,0.9,"11 Hilma-Holmestrand-23,976 pit props-Harding Bros."
18950316p.541.txt,130,Elizabeth,Arendal,TYNE,"2,573 pcs. timber",,12,Mar,1895,16,March,1895,False,condensed,0.9,"12 Elizabeth-Arendal-2,573 pcs. timber-Order"
18950316p.541.txt,131,Nordenskjold,Gothenburg,TYNE,"110 lds. battens, 1 curl, 38 log ends",,12,Mar,1895,16,March,1895,False,condensed,0.9,"12 Nordenskjold-Gothenburg-110 lds. battens, 1 curl, 38 log ends-Order"
18950316p.541.txt,133,Navigator,Caloutta,TYNE,"1,100 staves",,12,Mar,1895,16,March,1895,True,condensed,0.9,"Navigator (s)-Caloutta-1,100 staves"
18950316p.541.txt,134,Barrister,Caloutta,TYNE,"1,076 pit props-Hardy",Hardy,11,Mar,1895,16,March,1895,True,condensed,0.9,"11 Barrister (s)-Caloutta-1,076 pit props-Hardy"
18950316p.541.txt,136,Falernian,Caloutta,TYNE,"1,985 pcs. teak-Rimeny & Breshner",Rimeny & Breshner,11,Mar,1895,16,March,1895,True,standard_dash,0.9,"Mar. 11 Falernian (s)-Caloutta-1,985 pcs. teak-Rimeny & Breshner"
18950316p.541.txt,138,Rossmore,New Orleans,TYNE,"175 bdls. walnut-Dobell & Co. 13 oak logs-Duncan & Co.; 1,119 pcs. oak-Potts & Redfern; 34 poplar logs, 1,352 pcs. poplar-Jardine; 4,684 pcs. poplar-Ingham, & Co.; 6,400 staves, 1,411 oak planks",Dobell & Co.,11,Mar,1895,16,March,1895,True,standard_dash,0.9,"Mar. 11 Rossmore (s)-New Orleans-175 bdls. walnut-Dobell & Co.; 13 oak logs-Duncan & Co.; 1,119 pcs. oak-Potts & Redfern; 34 poplar logs, 1,352 pcs. poplar-Jardine; 4,684 pcs. poplar-Ingham, & Co.; 6,400 staves, 1,411 oak planks"
18950316p.541.txt,140,Indiana,Philadelphia,TYNE,"7,576 staves-Jones Bros. 1,000 bdls. staves-Jones Bros.; 2,200 pcs. maple-Meadows & Co.; 1,040 maple blocks, 1,297 pcs. maple-Timothy & Mitchell; 1,297 pcs. maple-Mitchell Bros.",Jones Bros.,11,Mar,1895,16,March,1895,True,standard_dash,0.9,"Mar. 11 Indiana (s)-Philadelphia-7,576 staves-Jones Bros.; 1,000 bdls. staves-Jones Bros.; 2,200 pcs. maple-Meadows & Co.; 1,040 maple blocks, 1,297 pcs. maple-Timothy & Mitchell; 1,297 pcs. maple-Mitchell Bros."
18950316p.541.txt,142,Prince Charlie,Mobile,TYNE,"50 pcs. hewn satin walnut, 50 pcs. sawn satin walnut",,11,Mar,1895,16,March,1895,True,condensed,0.9,"Prince Charlie (s)-Mobile-50 pcs. hewn satin walnut, 50 pcs. sawn satin walnut"
18950316p.541.txt,143,Indiana,Philadelphia,TYNE,212 logs mahogany and cedar-Schofield,Schofield,8,Mar,1895,16,March,1895,True,condensed,0.9,Indiana (s)-Philadelphia-212 logs mahogany and cedar-Schofield
18950316p.541.txt,145,France,Colon,TYNE,24 logs cedar-Skelton & Co. 65 logs mahogany-R. Watson & Co.,Skelton & Co.,12,Mar,1895,16,March,1895,True,condensed,0.9,12 France (s)-Colon-24 logs cedar-Skelton & Co.; 65 logs mahogany-R. Watson & Co.
18950316p.541.txt,148,Lord Bangor,Bay Verte,TYNE,"4,953 deals and planks, 50 lds. furniture wood",,9,Mar,1895,16,March,1895,False,standard_dash,0.9,"Mar. 9 Lord Bangor-Bay Verte-4,953 deals and planks, 50 lds. furniture wood-Order"
18950316p.541.txt,151,Armenia,"Halifax, N.S.",LIMERICK,"1,019 lds. deals and ends-T. Spaight & Sons",T. Spaight & Sons,8,Mar,1895,16,March,1895,False,condensed,1.0,"8 Armenia-Halifax, N.S.-1,019 lds. deals and ends-T. Spaight & Sons"
18950316p.541.txt,154,Micmac,Boston,BRISTOL,"175 bdls. walnut-Shapland & Petter 1,119 pcs. oak-J. Rimmer; 34 poplar logs",Shapland & Petter,11,Mar,1895,16,March,1895,True,standard_dash,0.9,"Mar. 11 Micmac (s)-Boston-175 bdls. walnut-Shapland & Petter; 1,119 pcs. oak-J. Rimmer; 34 poplar logs"
18950316p.541.txt,157,Tauric,New York,LIVERPOOL,"7,576 staves-Farnworth & Jardine",Farnworth & Jardine,8,Mar,1895,16,March,1895,True,standard_dash,0.9,"Mar. 8 Tauric (s)-New York-7,576 staves-Farnworth & Jardine"
18950316p.541.txt,158,Persia,Marseilles,LIVERPOOL,250 bdls. staves-Jones,Jones,9,Mar,1895,16,March,1895,False,condensed,0.9,9 Persia-Marseilles-250 bdls. staves-Jones
18950316p.541.txt,159,Samaria,Boston,LIVERPOOL,985 pcs. maple-Meadows,Meadows,11,Mar,1895,16,March,1895,True,condensed,0.9,11 Samaria (s)-Boston-985 pcs. maple-Meadows
18950316p.541.txt,160,Laurentian,Portland,LIVERPOOL,"1,040 maple blocks, 11 maple logs-Timothy & Mitchell 1,297 maple blocks-Mitchell Bros.",Timothy & Mitchell,12,Mar,1895,16,March,1895,True,condensed,0.9,"12 Laurentian (s)-Portland-1,040 maple blocks, 11 maple logs-Timothy & Mitchell; 1,297 maple blocks-Mitchell Bros."
18950316p.541.txt,162,Prince Charlie,Mobile,LIVERPOOL,"50 pcs. hewn satin walnut, 50 pcs. sawn satin walnut",,12,Mar,1895,16,March,1895,True,condensed,0.9,"Prince Charlie (s)-Mobile-50 pcs. hewn satin walnut, 50 pcs. sawn satin walnut"
18950316p.541.txt,164,Indiana,Philadelphia,LIVERPOOL,212 logs mahogany and cedar-Schofield,Schofield,8,Mar,1895,16,March,1895,True,condensed,0.9,Indiana (s)-Philadelphia-212 logs mahogany and cedar-Schofield
18950316p.541.txt,166,France,Colon,LIVERPOOL,24 logs cedar-Skelton & Co. 65 logs mahogany-R. Watson & Co.,Skelton & Co.,12,Mar,1895,16,March,1895,True,condensed,0.9,12 France (s)-Colon-24 logs cedar-Skelton & Co.; 65 logs mahogany-R. Watson & Co.
18950316p.541.txt,169,Baldur,Fremantle,LONDON,"20,056 pcs. jarrah",,12,Mar,1895,16,March,1895,False,condensed,0.9,"Baldur-Fremantle-20,056 pcs. jarrah"
18950316p.541.txt,171,France,Colon,LONDON,24 logs cedar-Skelton & Co.,Skelton & Co.,7,Mar,1895,16,March,1895,True,condensed,0.9,France (s)-Colon-24 logs cedar-Skelton & Co.
18950316p.541.txt,174,Yucatan,Laguna,LONDON,"212 logs mahogany, 18 logs cedar-Skelton & Co.",Skelton & Co.,8,Mar,1895,16,March,1895,False,standard_dash,0.9,"Mar. 8 Yucatan-Laguna-212 logs mahogany, 18 logs cedar-Skelton & Co."
18950316p.541.txt,175,Lancastrian Prince,Trinidad,LONDON,250 logs-A. & S Henry & Co. 65 logs mahogany-R. Watson & Co.,A. & S Henry & Co.,13,Mar,1895,16,March,1895,True,condensed,0.9,13 Lancastrian Prince (s)-Trinidad-250 logs-A. & S Henry & Co.; 65 logs mahogany-R. Watson & Co.
18950316p.545.txt,33,Water,Commis,TENDERS,"ge Baxter, 93, Com-",,13,Mar,1895,16,March,1895,False,condensed,0.9,"Water Commis- ge Baxter, 93, Com-"
18950316p.545.txt,102,IT is a grave but,,TS OPEN,oft committed mistake,,13,Mar,1895,16,March,1895,False,condensed,0.9,IT is a grave but oft-committed mistake
18950316p.545.txt,181,Housing the People. By Sir Hugh,Gilzean,REVIEW,"Reid, J.P. Paisley and London:",,13,Mar,1895,16,March,1895,False,condensed,1.0,"Housing the People. By Sir Hugh Gilzean- Reid, J.P. Paisley and London:"
18950316p.545.txt,332,Sifa,Wanevik,REVIEW,10 lds. firewood-Ludvig,Ludvig,5,Mar,1895,16,March,1895,False,standard_dash,0.9,Mar. 5 Sifa—Wanevik—10 lds. firewood—Ludvig
18950316p.545.txt,334,Venus,Skien,REVIEW,182 lds. hewn fir-Kirkwood,Kirkwood,9,Mar,1895,16,March,1895,False,standard_dash,0.9,Mar. 9 Venus—Skien—182 lds. hewn fir—Kirkwood
18950316p.545.txt,335,Anna,Porsgrund,REVIEW,190 lds. hewn fir-Cowden-,Cowden-,11,Mar,1895,16,March,1895,False,condensed,0.9,11 Anna—Porsgrund—190 lds. hewn fir—Cowden-
18950316p.545.txt,338,Ragnhild,Skien,REVIEW,297 lds. deals and,,9,Mar,1895,16,March,1895,False,condensed,0.9,Ragnhild—Skien—297 lds. deals and
18950316p.545.txt,340,Kronprins Carl,Skien,REVIEW,350 lds. pitwood-Wm.,Wm.,11,Mar,1895,16,March,1895,False,condensed,0.9,Kronprins Carl—Skien—350 lds. pitwood—Wm.
18950316p.545.txt,343,Njord,Bangkok,DUNDEE,680 lds. teak-Bell,Bell,8,Mar,1895,16,March,1895,False,standard_dash,0.9,Mar. 8 Njord—Bangkok—680 lds. teak—Bell
18950316p.545.txt,345,Amaryntha,Baltimore,DUNDEE,"6,600 staves—",,8,Mar,1895,16,March,1895,True,condensed,0.9,"Amaryntha (s)—Baltimore—6,600 staves—"
18950316p.545.txt,351,Carthaginian,Philadelphia,DUNDEE,"5,200 pcs.",,8,Mar,1895,16,March,1895,True,condensed,0.9,"Carthaginian (s)—Philadelphia—5,200 pcs."
18950316p.545.txt,354,Edmiston & Mitchells Furnessia,New York,DUNDEE,"150 boxes wood, 138",,8,Mar,1895,16,March,1895,True,condensed,0.9,"Edmiston & Mitchells Furnessia (s)—New York—150 boxes wood, 138"
18950316p.545.txt,358,Sarmatian,Boston,DUNDEE,"3,166 pcs. oak lumber—",,8,Mar,1895,16,March,1895,True,condensed,0.9,"11 Sarmatian (s)—Boston—3,166 pcs. oak lumber—"
18950316p.545.txt,362,Tronda,Drontheim,DUNDEE,"3,660 battens",,8,Mar,1895,16,March,1895,True,condensed,0.9,"Tronda (s)—Drontheim—3,660 battens"
18950316p.545.txt,364,Haab,Moulmein,GREENOCK,"1,157 teak squares, 731",,7,Mar,1895,16,March,1895,False,condensed,0.9,"Haab—Moulmein—1,157 teak squares, 731"
18950316p.545.txt,365,teak,,GREENOCK,planks Cant & Kemp,,9,Mar,1895,16,March,1895,False,condensed,0.9,teak planks—Cant & Kemp
18950316p.545.txt,367,Leif,Risoer,GREENOCK,244 lds. deals and battens,,9,Mar,1895,16,March,1895,False,condensed,0.9,Leif—Risoer—244 lds. deals and battens
18950316p.545.txt,370,Rap,Goteborg,GREENOCK,162 lds. sawn fir-Bow-,Bow-,7,Mar,1895,16,March,1895,False,standard_dash,0.9,Mar. 7 Rap—Goteborg—162 lds. sawn fir—Bow-
18950316p.545.txt,373,Viken,Drontheim,GREENOCK,162 lds. sawn fir—,,7,Mar,1895,16,March,1895,True,condensed,0.9,Viken (s)—Drontheim—162 lds. sawn fir—
18950316p.545.txt,404,Telegraphic,Address,INVERNESS,"""TIMBER, Inverness.""",,7,Mar,1895,16,March,1895,False,condensed,0.9,"Telegraphic Address—""TIMBER, Inverness."""
18950323p.572.txt,9,Schiller,Arendal,BOSTON,"364 lds. hewn fir, 6 lds. fir props-A. B. Anderson",A. B. Anderson,13,Mar,1895,23,March,1895,False,standard_dash,1.0,"Mar. 13 Schiller-Arendal-364 lds. hewn fir, 6 lds. fir props-A. B. Anderson"
18950323p.572.txt,12,Anna Lise,Gothenburg,BOSTON,274 lds. pitwood-Denty,Denty,15,Mar,1895,23,March,1895,False,standard_dash,1.0,Mar. 15 Anna Lise-Gothenburg-274 lds. pitwood-Denty
18950323p.572.txt,15,Mohican,New York,BRISTOL,983 wooden doors-J. Smith & Co.,J. Smith & Co.,18,Mar,1895,23,March,1895,True,standard_dash,0.9,Mar. 18 Mohican (s)-New York-983 wooden doors-J. Smith & Co.
18950323p.572.txt,18,Jeune Louise,Auray,BRISTOL,"135 lds. pitwood-Watts, Williams & Co.","Watts, Williams & Co.",12,Mar,1895,23,March,1895,False,standard_dash,0.9,"Mar. 12 Jeune Louise-Auray-135 lds. pitwood-Watts, Williams & Co."
18950323p.572.txt,19,Dodo,Bordeaux,BRISTOL,"1,200 lds. pitwood-A. P. field",A. P. field,12,Mar,1895,23,March,1895,True,condensed,0.9,"Dodo (s)-Bordeaux-1,200 lds. pitwood-A. P. field"
18950323p.572.txt,20,Bearn,Bordeaux,BRISTOL,900 lds. pitwood-Filleul & Co.,Filleul & Co.,12,Mar,1895,23,March,1895,True,condensed,0.9,Bearn (s)-Bordeaux-900 lds. pitwood-Filleul & Co.
18950323p.572.txt,21,Usk,Bordeaux,BRISTOL,900 lds. pitwood-A. P. field,A. P. field,12,Mar,1895,23,March,1895,False,condensed,0.9,Usk-Bordeaux-900 lds. pitwood-A. P. field
18950323p.572.txt,22,Rebecca,Villagarcia,BRISTOL,540 lds. pitwood-Simkin Bros.,Simkin Bros.,12,Mar,1895,23,March,1895,False,condensed,0.9,Rebecca-Villagarcia-540 lds. pitwood-Simkin Bros.
18950323p.572.txt,23,Hoffnung,Villagarcia,BRISTOL,490 lds. pitwood-Simkin Bros.,Simkin Bros.,12,Mar,1895,23,March,1895,False,condensed,0.9,Hoffnung-Villagarcia-490 lds. pitwood-Simkin Bros.
18950323p.572.txt,24,Amund Sveten,Camarinas,BRISTOL,"280 lds. pitwood-Manzanos, Cristobal & Co.","Manzanos, Cristobal & Co.",13,Mar,1895,23,March,1895,False,condensed,0.9,"13 Amund Sveten-Camarinas-280 lds. pitwood-Manzanos, Cristobal & Co."
18950323p.572.txt,25,Boileau,Bordeaux,BRISTOL,"1,800 lds. pitwood-Newport Pitwood Co.",Newport Pitwood Co.,15,Mar,1895,23,March,1895,True,condensed,0.9,"15 Boileau (s)-Bordeaux-1,800 lds. pitwood-Newport Pitwood Co."
18950323p.572.txt,26,Isbergnes,Bayonne,BRISTOL,"1,350 lds. pitwood-A. Capelle",A. Capelle,15,Mar,1895,23,March,1895,False,condensed,0.9,"Isbergnes-Bayonne-1,350 lds. pitwood-A. Capelle"
18950323p.572.txt,27,Eastwood,Bordeaux,BRISTOL,"1,450 lds. pitwood-Simkin Bros.",Simkin Bros.,16,Mar,1895,23,March,1895,True,condensed,0.9,"16 Eastwood (s)-Bordeaux-1,450 lds. pitwood-Simkin Bros."
18950323p.572.txt,28,Vindomora,Muros Bay,BRISTOL,"1,000 lds. pitwood-Powley, Thomas, & Co.","Powley, Thomas, & Co.",16,Mar,1895,23,March,1895,False,condensed,0.9,"Vindomora-Muros Bay-1,000 lds. pitwood-Powley, Thomas, & Co."
18950323p.572.txt,29,Boucan,Bayonne,BRISTOL,"1,100 lds. pitwood-W. Johnston",W. Johnston,18,Mar,1895,23,March,1895,False,condensed,0.9,"18 Boucan-Bayonne-1,100 lds. pitwood-W. Johnston"
18950323p.572.txt,30,Jeanie,Bordeaux,BRISTOL,"1,750 lds. pitwood-Newport Pitwood Co.",Newport Pitwood Co.,18,Mar,1895,23,March,1895,True,condensed,0.9,"Jeanie (s)-Bordeaux-1,750 lds. pitwood-Newport Pitwood Co."
18950323p.572.txt,31,Helene,Bordeaux,BRISTOL,"1,375 lds. pitwood-Newport Pitwood Co.",Newport Pitwood Co.,18,Mar,1895,23,March,1895,True,condensed,0.9,"Helene (s)-Bordeaux-1,375 lds. pitwood-Newport Pitwood Co."
18950323p.572.txt,32,Ariadne,Pensacola,BRISTOL,"758 lds. sawn fir, 60 lds. deals-Williams, Thomas, & Co.","Williams, Thomas, & Co.",18,Mar,1895,23,March,1895,False,condensed,0.9,"Ariadne-Pensacola-758 lds. sawn fir, 60 lds. deals-Williams, Thomas, & Co."
18950323p.572.txt,33,Rosalind,Bordeaux,BRISTOL,"1,500 lds. pitwood-Powley",Powley,18,Mar,1895,23,March,1895,False,condensed,0.9,"Rosalind-Bordeaux-1,500 lds. pitwood-Powley"
18950323p.572.txt,36,Ragnhild,Fredrikstad,BRISTOL,"214 lds. fir boards, 60 lds. laths-C. Jones & Sons",C. Jones & Sons,13,Mar,1895,23,March,1895,False,standard_dash,0.9,"Mar. 13 Ragnhild-Fredrikstad-214 lds. fir boards, 60 lds. laths-C. Jones & Sons"
18950323p.572.txt,39,Redwood,Gothenburg,BRISTOL,347 lds. deals and battens-H. Tolputt & Co.,H. Tolputt & Co.,12,Mar,1895,23,March,1895,False,standard_dash,0.9,Mar. 12 Redwood-Gothenburg-347 lds. deals and battens-H. Tolputt & Co.
18950323p.572.txt,42,Petersburg,Mobile,BRISTOL,"439 lds. hewn fir, 274 lds. sawn fir-Price & Co.",Price & Co.,13,Mar,1895,23,March,1895,False,standard_dash,0.9,"Mar. 13 St. Petersburg-Mobile-439 lds. hewn fir, 274 lds. sawn fir-Price & Co."
18950323p.572.txt,43,Pehr Brahe,Apalachicola,BRISTOL,"474 lds. sawn fir, 99 lds. hewn fir, 24 lds. sawn fir-R. Pedersen",R. Pedersen,18,Mar,1895,23,March,1895,False,condensed,0.9,"18 Pehr Brahe-Apalachicola-474 lds. sawn fir, 99 lds. hewn fir, 24 lds. sawn fir-R. Pedersen"
18950323p.572.txt,46,Argo,Gothenburg,GRIMSBY,"156 lds. pit props, 34 lds. fir posts and rails-T. Wilson, Sons, & Co.","T. Wilson, Sons, & Co.",15,Mar,1895,23,March,1895,False,standard_dash,0.9,"Mar. 15 Argo-Gothenburg-156 lds. pit props, 34 lds. fir posts and rails-T. Wilson, Sons, & Co."
18950323p.572.txt,49,Natant,Pensacola,GRIMSBY,"1,035 lds. sawn fir, 180 lds. deals and boards-Exors. of late T. Walker",Exors. of late T. Walker,12,Mar,1895,23,March,1895,False,standard_dash,0.9,"Mar. 12 Natant-Pensacola-1,035 lds. sawn fir, 180 lds. deals and boards-Exors. of late T. Walker"
18950323p.572.txt,50,Aladdin,Arendal,GRIMSBY,"700 lds. props, 469 lds. mining timber-G. Horsley & Co.",G. Horsley & Co.,14,Mar,1895,23,March,1895,False,condensed,0.9,"14 Aladdin-Arendal-700 lds. props, 469 lds. mining timber-G. Horsley & Co."
18950323p.572.txt,51,G. F. Focking,Fredrikshamn,GRIMSBY,475 lds. props-Pedersen & Co.,Pedersen & Co.,12,Mar,1895,23,March,1895,False,condensed,0.9,G. F. Focking-Fredrikshamn-475 lds. props-Pedersen & Co.
18950323p.572.txt,52,Lindholmen,Gothenburg,GRIMSBY,"106 lds. props, 105 lds. sleepers-W. Pearson & Co. 78 lds. sawn fir-N.E. Rly. Co.; 62 lds. props-Baird & Co.",W. Pearson & Co.,12,Mar,1895,23,March,1895,True,condensed,0.9,"Lindholmen (s)-Gothenburg-106 lds. props, 105 lds. sleepers-W. Pearson & Co.; 78 lds. sawn fir-N.E. Rly. Co.; 62 lds. props-Baird & Co."
18950323p.572.txt,56,Romeo,Gothenburg,GRIMSBY,"2 pkgs. wood, 1 bag, 3 cases turned wood-T. Wilson, Sons, & Co. 500 pairs oars, 500 bls. laths-T. W. Allen; 600 bls. laths-Heaven & Kesterton; 300 bdls. lath boards-Broadbent & Gresswell; 3,840 pcs. fencing-R. Wade, Sons, & Co.; 8,268 pit props-O. Wells & Co.","T. Wilson, Sons, & Co.",18,Mar,1895,23,March,1895,True,standard_dash,0.9,"Mar. 18 Romeo (s)-Gothenburg-2 pkgs. wood, 1 bag, 3 cases turned wood-T. Wilson, Sons, & Co.; 500 pairs oars, 500 bls. laths-T. W. Allen; 600 bls. laths-Heaven & Kesterton; 300 bdls. lath boards-Broadbent & Gresswell; 3,840 pcs. fencing-R. Wade, Sons, & Co.; 8,268 pit props-O. Wells & Co."
18950323p.572.txt,57,Knud,Libau,GRIMSBY,"11,000 pcs. birchwood props-T. W. Allen",T. W. Allen,19,Mar,1895,23,March,1895,True,condensed,0.9,"19 Knud (s)-Libau-11,000 pcs. birchwood props-T. W. Allen"
18950323p.572.txt,60,Newton,Uddevalla,GRIMSBY,"24,954 pit props-Geo. Horsley & Co.",Geo. Horsley & Co.,18,Mar,1895,23,March,1895,True,standard_dash,0.9,"Mar. 18 Newton (s)-Uddevalla-24,954 pit props-Geo. Horsley & Co."
18950323p.572.txt,61,Martello,New York,GRIMSBY,"657 pcs. oak, 400 bdls. boards; from Boston 680 pcs. round timber-Holmes & Co.; 1,514 pit props-Smith & Co.",,19,Mar,1895,23,March,1895,True,condensed,0.9,"19 Martello (s)-New York-657 pcs. oak, 400 bdls. boards; from Boston-2,400 staves-T. Wilson, Sons, & Co.; 680 pcs. round timber-Holmes & Co.; 1,514 pit props-Smith & Co."
18950323p.572.txt,62,Watt,New Orleans,GRIMSBY,"6,000 staves-T. Wilson, Sons, & Co.","T. Wilson, Sons, & Co.",18,Mar,1895,23,March,1895,True,condensed,0.9,"Watt (s)-New Orleans-6,000 staves-T. Wilson, Sons, & Co."
18950323p.572.txt,63,Ouse,New Orleans,GRIMSBY,"2,591 pcs. lumber-T. Wilson, Sons, & Co. 6,431 staves-T. Wilson, Sons, & Co.","T. Wilson, Sons, & Co.",20,Mar,1895,23,March,1895,True,condensed,0.9,"20 Ouse (s)-New Orleans-2,591 pcs. lumber-T. Wilson, Sons, & Co.; 6,431 staves-T. Wilson, Sons, & Co."
18950323p.572.txt,66,Argo,Gothenburg,GRIMSBY,"1,948 wood doors",,20,Mar,1895,23,March,1895,False,condensed,0.9,"Argo-Gothenburg-1,948 wood doors"
18950323p.572.txt,67,Brilling,Porsgrund,GRIMSBY,"9,070 mining poles, 1,785 oak scantlings, 18 walnut logs, 11 hickory logs, 448 hickory squares-Vaughan, & Co.","Vaughan, & Co.",14,Mar,1895,23,March,1895,False,condensed,0.9,"14 Brilling-Porsgrund-9,070 mining poles, 1,785 oak scantlings, 18 walnut logs, 11 hickory logs, 448 hickory squares-Vaughan, & Co."
18950323p.572.txt,68,Morgonroden,Laguna,GRIMSBY,"280 mining poles, 37 logends-Sutten",Sutten,18,Mar,1895,23,March,1895,False,condensed,0.9,"18 Morgonroden-Laguna-280 mining poles, 37 logends-Sutten"
18950323p.572.txt,71,Premier,Apalachicola,GRIMSBY,"553 lds. sawn fir-Lightbound, Rigby, & Co.","Lightbound, Rigby, & Co.",11,Mar,1895,23,March,1895,False,standard_dash,0.9,"Mar. 11 Premier-Apalachicola-553 lds. sawn fir-Lightbound, Rigby, & Co."
18950323p.572.txt,74,Gazelle,St. Simons,GRIMSBY,"1,073 lds. sawn pitch pine, 100 lds. sawn deals-W. Crundall & Co.",W. Crundall & Co.,7,Mar,1895,23,March,1895,False,standard_dash,0.9,"Mar. 7 Gazelle-St. Simons-1,073 lds. sawn pitch pine, 100 lds. sawn deals-W. Crundall & Co."
18950323p.572.txt,77,Hardi,Arendal,GRIMSBY,455 lds. pitwood-R. Thubron & Co.,R. Thubron & Co.,12,Mar,1895,23,March,1895,False,standard_dash,0.9,Mar. 12 Hardi-Arendal-455 lds. pitwood-R. Thubron & Co.
18950323p.572.txt,78,Vif,Holmestrand,GRIMSBY,240 lds. pitwood-E. Wiener,E. Wiener,12,Mar,1895,23,March,1895,False,condensed,0.9,Vif-Holmestrand-240 lds. pitwood-E. Wiener
18950323p.572.txt,79,Tyr,Gothenburg,GRIMSBY,"447 lds. hewn fir, 150 lds. sawn fir-T. Nicholson",T. Nicholson,13,Mar,1895,23,March,1895,True,condensed,0.9,"13 Tyr (s)-Gothenburg-447 lds. hewn fir, 150 lds. sawn fir-T. Nicholson"
18950323p.572.txt,80,Munin,Gothenburg,GRIMSBY,"70 lds. hewn fir, 228 lds. sawn fir-E. W. Campbell",E. W. Campbell,18,Mar,1895,23,March,1895,True,condensed,0.9,"18 Munin (s)-Gothenburg-70 lds. hewn fir, 228 lds. sawn fir-E. W. Campbell"
18950323p.572.txt,83,Aglae Chorle,Arcachon,GRIMSBY,210 lds. pitwood-W. S. Vivian,W. S. Vivian,12,Mar,1895,23,March,1895,False,standard_dash,0.9,Mar. 12 Aglae Chorle-Arcachon-210 lds. pitwood-W. S. Vivian
18950323p.572.txt,84,Galilee,Pauillac,GRIMSBY,120 lds. pitwood-W. Davies,W. Davies,12,Mar,1895,23,March,1895,False,condensed,0.9,Galilee-Pauillac-120 lds. pitwood-W. Davies
18950323p.572.txt,85,True Briton,Bayonne,GRIMSBY,"1,050 lds. pitwood-W. G. Foy & Co.",W. G. Foy & Co.,15,Mar,1895,23,March,1895,True,condensed,0.9,"15 True Briton (s)-Bayonne-1,050 lds. pitwood-W. G. Foy & Co."
18950323p.572.txt,86,Menantic,Baltimore,GRIMSBY,"13 lds. poplar logs, 18 lds. oak lumber-Williams, Torrey, & Co.","Williams, Torrey, & Co.",18,Mar,1895,23,March,1895,False,condensed,0.9,"18 Menantic-Baltimore-13 lds. poplar logs, 18 lds. oak lumber-Williams, Torrey, & Co."
18950323p.572.txt,89,Kinghorne,Mobile,TYNE,"1,784 pcs. timber",,18,Mar,1895,23,March,1895,False,condensed,1.0,"Kinghorne-Mobile-1,784 pcs. timber"
18950323p.572.txt,90,Gripen,Pensacola,TYNE,"1,267 1/4 lds. timber",,14,Mar,1895,23,March,1895,False,condensed,1.0,"Gripen-Pensacola-1,267 1/4 lds. timber"
18950323p.572.txt,91,Vidfarne,Apalachicola,TYNE,843 pcs. timber,,14,Mar,1895,23,March,1895,False,condensed,1.0,15 Vidfarne-Apalachicola-843 pcs. timber
18950323p.572.txt,92,Royal Dane,Hamburg,TYNE,"7 cs. mouldings, 100 bdls. hoops-Tyne Steamship Co.",Tyne Steamship Co.,14,Mar,1895,23,March,1895,True,condensed,1.0,"Royal Dane (s)-Hamburg-7 cs. mouldings, 100 bdls. hoops-Tyne Steamship Co."
18950323p.572.txt,93,John Ormston,Rotterdam,TYNE,"2 cs. mouldings, 1 cs. woodware, 2,093 bdls. hoops-Tyne Steamship Co.",Tyne Steamship Co.,14,Mar,1895,23,March,1895,True,condensed,0.9,"John Ormston (s)-Rotterdam-2 cs. mouldings, 1 cs. woodware, 2,093 bdls. hoops-Tyne Steamship Co."
18950323p.572.txt,96,Orrik,Gothenburg,TYNE,"100 bales woodpulp, 60 lds. battens, 30 lds. firewood",,14,Mar,1895,23,March,1895,True,condensed,0.9,"Orrik (s)-Gothenburg-100 bales woodpulp, 60 lds. battens, 30 lds. firewood"
18950323p.572.txt,97,Venus,Trondhjem and Bergen,TYNE,"1,940 deals",,14,Mar,1895,23,March,1895,True,condensed,0.9,"19 Venus (s)-Trondhjem and Bergen-1,940 deals"
18950323p.572.txt,98,Alsatia,New York,TYNE,"54 pkgs. mouldings, 466 pcs. timber, 174 pcs. lumber-Furness, Withy, & Co.","Furness, Withy, & Co.",14,Mar,1895,23,March,1895,True,condensed,0.9,"Alsatia (s)-New York-54 pkgs. mouldings, 466 pcs. timber, 174 pcs. lumber-Furness, Withy, & Co."
18950323p.572.txt,102,Fri,Fredrikstad,TYNE,"749 lds. fir boards, 29 lds. fir battens-H. Hutton & Co.",H. Hutton & Co.,14,Mar,1895,23,March,1895,False,standard_dash,0.9,"Mar. 14 Fri-Fredrikstad-749 lds. fir boards, 29 lds. fir battens-H. Hutton & Co."
18950323p.572.txt,103,Bergalien,Laurvig,TYNE,"1,376 lds. fir boards, 42 lds. fir spars-J. P. Corry & Co.",J. P. Corry & Co.,15,Mar,1895,23,March,1895,False,condensed,0.9,"15 Bergalien-Laurvig-1,376 lds. fir boards, 42 lds. fir spars-J. P. Corry & Co."
18950323p.572.txt,104,G. S. Penry,St. Simon's Island,TYNE,"856 lds. sawn fir, 26 lds. deals-Kirker, Robb, & Co.","Kirker, Robb, & Co.",14,Mar,1895,23,March,1895,False,condensed,0.9,"G. S. Penry-St. Simon's Island-856 lds. sawn fir, 26 lds. deals-Kirker, Robb, & Co."
18950323p.572.txt,105,Solon,Gothenburg,TYNE,277 lds. laths-J. P. Corry,J. P. Corry,16,Mar,1895,23,March,1895,False,condensed,0.9,16 Solon-Gothenburg-277 lds. laths-J. P. Corry
18950323p.572.txt,106,Mountain Laurel,Fredrikshald,TYNE,"987 lds. planed boards, 95 lds. scantlings-J. P. Corry & Co.",J. P. Corry & Co.,14,Mar,1895,23,March,1895,False,condensed,0.9,"Mountain Laurel-Fredrikshald-987 lds. planed boards, 95 lds. scantlings-J. P. Corry & Co."
18950323p.572.txt,110,Skjold,Essequibo,LIVERPOOL,179 logs hardwood timber-G. Booker & Co.,G. Booker & Co.,16,Mar,1895,23,March,1895,False,standard_dash,0.9,Mar. 16 Skjold-Essequibo-179 logs hardwood timber-G. Booker & Co.
18950323p.572.txt,111,Southern Queen,Fredrikstad,LIVERPOOL,"93,456 flooring boards",,16,Mar,1895,23,March,1895,False,condensed,0.9,"18 Southern Queen-Fredrikstad-93,456 flooring boards"
18950323p.572.txt,112,Alf,Christiania,LIVERPOOL,"94,038 floor boards, 1,543 poles and rickers",,16,Mar,1895,23,March,1895,False,condensed,0.9,"20 Alf-Christiania-94,038 floor boards, 1,543 poles and rickers"
18950323p.572.txt,113,Ocean,Drammen,LIVERPOOL,"80,505 floor boards-Lumley",Lumley,16,Mar,1895,23,March,1895,False,condensed,0.9,"Ocean-Drammen-80,505 floor boards-Lumley"
18950323p.572.txt,116,Ferdinand,Fredrikstad,LIVERPOOL,"85,229 flooring boards, 20,188 bdls. slating laths",,16,Mar,1895,23,March,1895,False,condensed,0.9,"Ferdinand-Fredrikstad-85,229 flooring boards, 20,188 bdls. slating laths"
18950323p.572.txt,120,Azha,Arendal,LONDON,"28,494 deals-W. R. Crow",W. R. Crow,19,Mar,1895,23,March,1895,False,standard_dash,0.9,"Mar. 19 Azha-Arendal-28,494 deals-W. R. Crow"
18950323p.572.txt,121,Callixene,Pensacola,LONDON,"7,224 pcs. pitch pine, 1,625 pitch pine squares",,19,Mar,1895,23,March,1895,False,condensed,0.9,"Callixene-Pensacola-7,224 pcs. pitch pine, 1,625 pitch pine squares"
18950323p.572.txt,124,Thorsten,Gothenburg,LONDON,"134 pkgs. wood-Maxime & Co. 25 cs. boards-Hicks, Nash, & Co.; 5,029 bdls., 4 cs. box boards, 535 doz. boards, 1,000 doors, 7 cs. laths",Maxime & Co.,18,Mar,1895,23,March,1895,True,standard_dash,0.9,"Mar. 18 Thorsten (s)-Gothenburg-134 pkgs. wood-Maxime & Co.; 25 cs. boards-Hicks, Nash, & Co.; 5,029 bdls., 4 cs. box boards, 535 doz. boards, 1,000 doors, 7 cs. laths"
18950323p.572.txt,125,Bjorn,Gothenburg,LONDON,"10 pkgs. turned wood-Maxime & Co. 1,000 bdls. laths-W. R. Crow & Son; 204 doz. battens, 5,660 post rails, quty. firewood",Maxime & Co.,18,Mar,1895,23,March,1895,True,condensed,0.9,"Bjorn (s)-Gothenburg-10 pkgs. turned wood-Maxime & Co.; 1,000 bdls. laths-W. R. Crow & Son; 204 doz. battens, 5,660 post rails, quty. firewood"
18950323p.572.txt,126,Orlando,Christiania,LONDON,"552 bgs. brush blocks-J. Keen 210 bls. wood boards-G. F. Green & Co.; 4,000 bdls. box boards; from Drammen-20 fms. firewood",J. Keen,20,Mar,1895,23,March,1895,True,condensed,0.9,"20 Orlando (s)-Christiania-552 bgs. brush blocks-J. Keen; 210 bls. wood boards-G. F. Green & Co.; 4,000 bdls. box boards; from Drammen-20 fms. firewood"
18950323p.572.txt,129,Oakhurst,Melbourne,LONDON,364 pcs. timber,,20,Mar,1895,23,March,1895,False,condensed,0.9,Oakhurst-Melbourne-364 pcs. timber
18950323p.572.txt,130,Port Jackson,Port Pirie,LONDON,"1,439 pcs. timber",,16,Mar,1895,23,March,1895,False,condensed,0.9,"20 Port Jackson-Port Pirie-1,439 pcs. timber"
18950323p.572.txt,133,Adorna,Pensacola,LYNN,"1,584 lds. deals and boards-Pitch Pine and Export Timber Co.",Pitch Pine and Export Timber Co.,14,Mar,1895,23,March,1895,False,standard_dash,1.0,"Mar. 14 Adorna-Pensacola-1,584 lds. deals and boards-Pitch Pine and Export Timber Co."
18950323p.572.txt,137,Lindesnaes,Christiania,LYNN,112 bdls. boards,,14,Mar,1895,23,March,1895,True,condensed,0.9,Lindesnaes (s)-Christiania-112 bdls. boards
18950323p.572.txt,140,Foldin,Skien,LYNN,152 lds. hewn fir-Watson,Watson,18,Mar,1895,23,March,1895,True,standard_dash,0.9,Mar. 18 Foldin (s)-Skien-152 lds. hewn fir-Watson
18950323p.572.txt,144,Thomas Coats,Bordeaux,NEWPORT,"1,050 lds. hewn fir-Newport Pitwood Co.",Newport Pitwood Co.,13,Mar,1895,23,March,1895,False,condensed,1.0,"13 Thomas Coats-Bordeaux-1,050 lds. hewn fir-Newport Pitwood Co."
18950323p.572.txt,145,Latononen,Bayonne,NEWPORT,"1,250 lds. pitwood-Budd & Co.",Budd & Co.,15,Mar,1895,23,March,1895,False,condensed,1.0,"15 Latononen-Bayonne-1,250 lds. pitwood-Budd & Co."
18950323p.572.txt,146,Cirages Francais,Hennebont,NEWPORT,180 lds. pitwood-Budd & Co.,Budd & Co.,12,Mar,1895,23,March,1895,True,condensed,1.0,Cirages Francais (s)-Hennebont-180 lds. pitwood-Budd & Co.
18950323p.572.txt,147,Lizzie Cory,Bayonne,NEWPORT,"1,300 lds. hewn fir-Watts, Wilhams, & Co.","Watts, Wilhams, & Co.",12,Mar,1895,23,March,1895,True,condensed,0.9,"Lizzie Cory (s)-Bayonne-1,300 lds. hewn fir-Watts, Wilhams, & Co."
18950323p.572.txt,150,Ringdove,Doboy,CORK,"424 lds. fir, 6 lds. deals-R. Farrell",R. Farrell,15,Mar,1895,23,March,1895,False,standard_dash,0.9,"Mar. 15 Ringdove-Doboy-424 lds. fir, 6 lds. deals-R. Farrell"
18950323p.572.txt,151,Carrick,"St. John, N.B.",CORK,452 lds. deals and battens-P. Jennings & Co.,P. Jennings & Co.,15,Mar,1895,23,March,1895,False,standard_dash,0.9,"Mar. 15 Carrick-St. John, N.B.-452 lds. deals and battens-P. Jennings & Co."
18950323p.572.txt,154,Haabet,Fredrikstad,LONDONDERRY,"16 lds. sawn fir, 574 lds. planed fir, 11 lds. fir spars-J. A. Cooke",J. A. Cooke,14,Mar,1895,23,March,1895,False,standard_dash,1.0,"Mar. 14 Haabet-Fredrikstad-16 lds. sawn fir, 574 lds. planed fir, 11 lds. fir spars-J. A. Cooke"
18950323p.572.txt,157,Ruby,"St. John, N.B.",NEWRY,377 lds. sawn fir-East Downshire Steamship Co.,East Downshire Steamship Co.,12,Mar,1895,23,March,1895,False,standard_dash,1.0,"Mar. 12 Ruby-St. John, N.B.-377 lds. sawn fir-East Downshire Steamship Co."
18950323p.572.txt,163,Kinghorn,Mobile,LIVERPOOL,170 logs hardwood timber-G. Booker & Co.,G. Booker & Co.,12,Mar,1895,23,March,1895,False,standard_dash,0.9,Mar. 12 Kinghorn-Mobile-170 logs hardwood timber-G. Booker & Co.
18950323p.572.txt,164,Carricle,"St. John, N.B.",LIVERPOOL,452 lds. deals and battens-P. Jennings & Co.,P. Jennings & Co.,15,Mar,1895,23,March,1895,False,condensed,0.9,"15 Carricle-St. John, N.B.-452 lds. deals and battens-P. Jennings & Co."
18950323p.572.txt,165,Haabet,Fredrikstad,LIVERPOOL,"16 lds. sawn fir, 574 lds. planed fir, 11 lds. fir spars-J. A. Cooke",J. A. Cooke,14,Mar,1895,23,March,1895,False,standard_dash,0.9,"Mar. 14 Haabet-Fredrikstad-16 lds. sawn fir, 574 lds. planed fir, 11 lds. fir spars-J. A. Cooke"
18950323p.572.txt,166,Ruby,"St. John, N.B.",LIVERPOOL,377 lds. sawn fir-East Downshire Steamship Co.,East Downshire Steamship Co.,12,Mar,1895,23,March,1895,False,standard_dash,0.9,"Mar. 12 Ruby-St. John, N.B.-377 lds. sawn fir-East Downshire Steamship Co."
18950323p.572.txt,167,Michigan,Boston,LIVERPOOL,"33 maple logs-Churchill & Sim 47 walnut logs-J. K. Burrell & Co.; 350 pcs. hickory-J. P. Freek; 77 bdls. ash poles, 835 bdls. ash shafts, 393 bdls. hickory, 60 ash stems, 60 bdls. handles-Sharp & Tylee; 37 bags, 400 pcs. oak-A. Dobell & Co.; 5,000 staves-Farnworth & Jardine; 36 elm logs-J. P. maple logs",Churchill & Sim,14,Mar,1895,23,March,1895,True,standard_dash,0.9,"Mar. 14 Michigan (s)-Boston-33 maple logs-Churchill & Sim; 47 walnut logs-J. K. Burrell & Co.; 350 pcs. hickory-J. P. Freek; 77 bdls. ash poles, 835 bdls. ash shafts, 393 bdls. hickory, 60 ash stems, 60 bdls. handles-Sharp & Tylee; 37 bags, 400 pcs. oak-A. Dobell & Co.; 5,000 staves-Farnworth & Jardine; 36 elm logs-J. P. maple logs"
18950323p.572.txt,168,Mexican,New Orleans,LIVERPOOL,"8,400 staves-E. Chaloner & Co. 11 oak logs, 6 hickory logs",E. Chaloner & Co.,14,Mar,1895,23,March,1895,True,condensed,0.9,"Mexican (s)-New Orleans-8,400 staves-E. Chaloner & Co.; 11 oak logs, 6 hickory logs"
18950323p.572.txt,169,Nomadic,New York,LIVERPOOL,"4,747 staves, 1 car cherry lumber",,14,Mar,1895,23,March,1895,True,condensed,0.9,"Nomadic (s)-New York-4,747 staves, 1 car cherry lumber"
18950323p.572.txt,170,Adriatic,New York,LIVERPOOL,"640 bdls. elm staves-Drysdale Bros. 14,350 pcs. lumber-Whiteside, Johns, & Co.",Drysdale Bros.,14,Mar,1895,23,March,1895,True,condensed,0.9,"Adriatic (s)-New York-640 bdls. elm staves-Drysdale Bros.; 14,350 pcs. lumber-Whiteside, Johns, & Co."
18950323p.572.txt,171,Vancouver,"Portland, M.",LIVERPOOL,"3,691 maple blocks-T. Mitchell 1,300 maple blocks-Mitchell Bros.; 183 pcs. timber-H. Kennedy; 688 bdls. box shooks-British Screw Co.",T. Mitchell,14,Mar,1895,23,March,1895,True,condensed,0.9,"Vancouver (s)-Portland, M.-3,691 maple blocks-T. Mitchell; 1,300 maple blocks-Mitchell Bros.; 183 pcs. timber-H. Kennedy; 688 bdls. box shooks-British Screw Co."
18950323p.572.txt,172,Cephalonia,Boston,LIVERPOOL,"7,200 staves-Drysdale",Drysdale,14,Mar,1895,23,March,1895,True,condensed,0.9,"Cephalonia (s)-Boston-7,200 staves-Drysdale"
18950323p.572.txt,173,Teutonic,New York,LIVERPOOL,"11,800 pcs. lumber-Whiteside, Johns, & Co. 1,186 pcs. lumber","Whiteside, Johns, & Co.",14,Mar,1895,23,March,1895,True,condensed,0.9,"Teutonic (s)-New York-11,800 pcs. lumber-Whiteside, Johns, & Co.; 1,186 pcs. lumber"
18950323p.572.txt,174,Templemore,Baltimore,LIVERPOOL,"36 hickory logs, 666 white oak planks, 239 oak planks-Farnworth & Jardine 185 pcs. oak, 270 pcs. white oak-A. Dobell & Co.; 88 maple logs, 33 poplar logs, 34 oak logs, 200 pcs. oak-Duncan, Ewing, & Co.; 117 pcs. oak-R. Coltart & Co.; 2,732 poplar boards, 18 bdls. red oak-Illingworth, Ingham, & Co.; 23 oak logs, 212 hickory logs, 125 pcs. poplar, 183 pcs. oak-Potts & Redhead; 1,019 pcs. oak, 1,876 oak planks, 1,785 oak scantlings, 18 walnut logs, 11 hickory logs, 448 hickory squares",Farnworth & Jardine,14,Mar,1895,23,March,1895,True,condensed,0.9,"Templemore (s)-Baltimore-36 hickory logs, 666 white oak planks, 239 oak planks-Farnworth & Jardine; 185 pcs. oak, 270 pcs. white oak-A. Dobell & Co.; 88 maple logs, 33 poplar logs, 34 oak logs, 200 pcs. oak-Duncan, Ewing, & Co.; 117 pcs. oak-R. Coltart & Co.; 2,732 poplar boards, 18 bdls. red oak-Illingworth, Ingham, & Co.; 23 oak logs, 212 hickory logs, 125 pcs. poplar, 183 pcs. oak-Potts & Redhead; 1,019 pcs. oak, 1,876 oak planks, 1,785 oak scantlings, 18 walnut logs, 11 hickory logs, 448 hickory squares"
18950323p.572.txt,177,Morgonroden,Laguna,LIVERPOOL,"280 pcs. mahogany and cedar, 37 logends-Sutten",Sutten,18,Mar,1895,23,March,1895,False,standard_dash,0.9,"Mar. 18 Morgonroden-Laguna-280 pcs. mahogany and cedar, 37 logends-Sutten"
18950323p.572.txt,180,Calabar,Chama,COBURG DOCK,"7 logs timber-J. J. Horsfield & Co. from Axim-1 log-Chama Bros.; 3 logs-Fincham & Brereton; 4 logs-Pickering & Berthoud; 3 logs-Hooker & Montezuma; 1 log-Radcliffe & Durant; 2 logs-J. J. Horsfield & Co.; 1 log-Mordaunt Bros.; 5 logs-Imperial West African Co.; 2 logs-Millward, Bradbury, & Co.; from Assinee-18 logs-F. & A. Swanzy; 10 logs-W. Symington & Co.; 5 logs-Taylor & Co.; 3 logs-Mordaunt & Co.; 12 logs-J. J. Horsfield & Co.; 10 logs-W. Clucas & Son; from Grand Bassam-5 logs-F. & A. Swanzy; 2 logs-W. Clucas & Son; 71 logs-Compagnie Francaise, &c.",J. J. Horsfield & Co.,14,Mar,1895,23,March,1895,True,standard_dash,1.0,"Mar. 14 Calabar (s)-Chama-7 logs timber-J. J. Horsfield & Co.; from Axim-1 log-Chama Bros.; 3 logs-Fincham & Brereton; 4 logs-Pickering & Berthoud; 3 logs-Hooker & Montezuma; 1 log-Radcliffe & Durant; 2 logs-J. J. Horsfield & Co.; 1 log-Mordaunt Bros.; 5 logs-Imperial West African Co.; 2 logs-Millward, Bradbury, & Co.; from Assinee-18 logs-F. & A. Swanzy; 10 logs-W. Symington & Co.; 5 logs-Taylor & Co.; 3 logs-Mordaunt & Co.; 12 logs-J. J. Horsfield & Co.; 10 logs-W. Clucas & Son; from Grand Bassam-5 logs-F. & A. Swanzy; 2 logs-W. Clucas & Son; 71 logs-Compagnie Francaise, &c."
18950323p.572.txt,181,Nubia,Gaboon,COBURG DOCK,"3,726 billets ebony-Hatton & Cookson from Victoria-130 pcs. ebony-Ambas Bay Trading Co.",Hatton & Cookson,16,Mar,1895,23,March,1895,True,condensed,1.0,"16 Nubia (s)-Gaboon-3,726 billets ebony-Hatton & Cookson; from Victoria-130 pcs. ebony-Ambas Bay Trading Co."
18950323p.572.txt,184,Stag,"Norfolk, Va.",LIVERPOOL (COBURG DOCK),"87 logs poplar, 9 logs chestnut, 719 logs ash, 1 log dogwood, 3,200 staves, 3,160 pcs. poplar",,14,Mar,1895,23,March,1895,True,condensed,0.9,"Stag (s)-Norfolk, Va.-87 logs poplar, 9 logs chestnut, 719 logs ash, 1 log dogwood, 3,200 staves, 3,160 pcs. poplar"
18950323p.572.txt,185,Moniton,Galveston,LIVERPOOL (COBURG DOCK),"23,339 staves",,19,Mar,1895,23,March,1895,True,condensed,0.9,"Moniton (s)-Galveston-23,339 staves"
18950323p.572.txt,189,Mobile,New York,LONDON,20 crts. lumber-Cobbett & Co. 20 crts. lumber-J. C. Hillier Organ Co.,Cobbett & Co.,15,Mar,1895,23,March,1895,True,standard_dash,0.9,Mar. 15 Mobile (s)-New York-20 crts. lumber-Cobbett & Co.; 20 crts. lumber-J. C. Hillier Organ Co.
18950323p.572.txt,190,British Queen,Boston,LONDON,227 pcs. mahogany,,15,Mar,1895,23,March,1895,True,condensed,0.9,British Queen (s)-Boston-227 pcs. mahogany
18950323p.572.txt,191,America,New York,LONDON,"4,017 pcs. lumber-Churchill & Sim 30 crts. lumber-Balfour",Churchill & Sim,15,Mar,1895,23,March,1895,True,condensed,0.9,"America (s)-New York-4,017 pcs. lumber-Churchill & Sim; 30 crts. lumber-Balfour"
18950323p.572.txt,192,Richmond Hill,New York,LONDON,"48 pcs. oak-Carl Gartner 2,333 pcs. lumber-J. K. Dowdeswell; 3,175 pcs. lumber-Ames & Co.; 2,419 boards-Cobbett & Co.",Carl Gartner,14,Mar,1895,23,March,1895,True,condensed,0.9,"14 Richmond Hill (s)-New York-48 pcs. oak-Carl Gartner; 2,333 pcs. lumber-J. K. Dowdeswell; 3,175 pcs. lumber-Ames & Co.; 2,419 boards-Cobbett & Co."
18950323p.572.txt,193,Appomattox,Newport News,LONDON,"1,358 cedar planks",,15,Mar,1895,23,March,1895,True,condensed,0.9,"Appomattox (s)-Newport News-1,358 cedar planks"
18950323p.572.txt,196,Orotava,Colombo,TILBURY DOCK,240 pcs. japanwood,,15,Mar,1895,23,March,1895,True,condensed,1.0,Orotava (s)-Colombo-240 pcs. japanwood
18950323p.572.txt,199,Cosmo,Rangoon,TILBURY DOCK,"1,042 tons planking, 437 teak squares",,16,Mar,1895,23,March,1895,False,condensed,1.0,"Cosmo-Rangoon-1,042 tons planking, 437 teak squares"
18950323p.572.txt,200,Tunas de,Zaza,LONDON (TILBURY DOCK),870 logs mahogany and cedar,,15,Mar,1895,23,March,1895,False,condensed,0.9,Tunas de Zaza-870 logs mahogany and cedar
18950323p.572.txt,201,Alf,Laguna,LONDON (TILBURY DOCK),"232 pcs., 40 logs mahogany-Skelton & Schofield",Skelton & Schofield,15,Mar,1895,23,March,1895,False,condensed,0.9,"Alf-Laguna-232 pcs., 40 logs mahogany-Skelton & Schofield"
18950330p.605_p001.txt,179,Union,Fredrikstad,BRISTOL,"1,499 bdls. staves-Lawson, Phillips, & Billings 33,055 bdls. staves—H. Denty","Lawson, Phillips, & Billings",22,Mar,1895,30,March,1895,True,standard_dash,0.9,"Mar. 22 Union (s)—Fredrikstad—1,499 bdls. staves—Lawson, Phillips, & Billings ; 33,055 bdls. staves—H. Denty"
18950330p.605_p001.txt,182,Biscaye,Bordeaux,BRISTOL,"1,650 lds. pitwood-Newport Pitwood Co.",Newport Pitwood Co.,19,Mar,1895,30,March,1895,True,standard_dash,0.9,"Mar. 19 Biscaye (s)—Bordeaux—1,650 lds. pitwood—Newport Pitwood Co."
18950330p.605_p001.txt,183,Clynen,Bordeaux,BRISTOL,"1,500 lds. pitwood-Powley, Thomas, & Co.","Powley, Thomas, & Co.",19,Mar,1895,30,March,1895,True,condensed,0.9,"Clynen (s)—Bordeaux—1,500 lds. pitwood—Powley, Thomas, & Co."
18950330p.605_p001.txt,184,Ashdene,Bordeaux,BRISTOL,"1,120 lds. pitwood-Simkin Bros.",Simkin Bros.,20,Mar,1895,30,March,1895,True,condensed,0.9,"20 Ashdene (s)—Bordeaux—1,120 lds. pitwood—Simkin Bros."
18950330p.605_p001.txt,185,Lady Jveagh,Bordeaux,BRISTOL,"2,200 lds. pitwood-Simkin Bros.",Simkin Bros.,19,Mar,1895,30,March,1895,False,condensed,0.9,"Lady Jveagh—Bordeaux—2,200 lds. pitwood—Simkin Bros."
18950330p.605_p001.txt,186,Anvgaid,Caraminas,BRISTOL,300 lds. pitwood-A. P. Filleul,A. P. Filleul,21,Mar,1895,30,March,1895,False,condensed,0.9,21 Anvgaid—Caraminas—300 lds. pitwood—A. P. Filleul
18950330p.605_p001.txt,187,Pedestrian,St. Brieux,BRISTOL,"137 lds. pitwood-Watts, Ward, & Co.","Watts, Ward, & Co.",21,Mar,1895,30,March,1895,False,condensed,0.9,"Pedestrian—St. Brieux—137 lds. pitwood—Watts, Ward, & Co."
18950330p.605_p001.txt,188,Leonie,Tregueir,BRISTOL,321 lds. pitwood-Wills Coal Co.,Wills Coal Co.,22,Mar,1895,30,March,1895,False,condensed,0.9,22 Leonie—Tregueir—321 lds. pitwood—Wills Coal Co.
18950330p.605_p001.txt,189,Anna,Vannes,BRISTOL,150 lds. pitwood-W. R. [?],W. R. [?],22,Mar,1895,30,March,1895,False,condensed,0.9,Anna-Vannes—150 lds. pitwood—W. R. [?]
18950330p.605_p001.txt,190,Emelie,Auray,BRISTOL,240 lds. pitwood-W. R. [?],W. R. [?],23,Mar,1895,30,March,1895,False,condensed,0.9,23 Emelie—Auray—240 lds. pitwood—W. R. [?]
18950330p.605_p001.txt,191,Bravo,Frejo,BRISTOL,500 lds. pitwood-Wills,Wills,23,Mar,1895,30,March,1895,False,condensed,0.9,Bravo—Frejo—500 lds. pitwood—Wills
18950330p.605_p001.txt,192,Vamos,Christiansand,BRISTOL,157 lds. pitwood-W. R. [?],W. R. [?],25,Mar,1895,30,March,1895,False,condensed,0.9,25 Vamos—Christiansand—157 lds. pitwood—W. R. [?]
18950330p.605_p001.txt,193,Dordogne,Bordeaux,BRISTOL,990 lds. pitwood,,25,Mar,1895,30,March,1895,False,condensed,0.9,Dordogne—Bordeaux—990 lds. pitwood—[?]
18950330p.605_p001.txt,197,Palermo,"Fiume, &c.",BRISTOL,"11 pcs. oak-T. Wilson, Sons, & Co.","T. Wilson, Sons, & Co.",20,Mar,1895,30,March,1895,True,standard_dash,0.9,"Mar. 20 Palermo (s)—Fiume, &c.—11 pcs. oak—T. Wilson, Sons, & Co."
18950330p.605_p001.txt,198,Ariosto,Gothenburg,BRISTOL,"188 bdls. boards-T. Wilson, Sons, & Co. 3,500 posts, 2,813 rails, 1,500 pcs. stays—R. Wade & Co. ; 750 bdls. laths—Heaven & Kesterton ; 400 bdls. laths—North-Eastern Railway Co. ; 10,164 pit props, 5,000 sleepers—Chas. Wells & Co.","T. Wilson, Sons, & Co.",25,Mar,1895,30,March,1895,True,condensed,0.9,"25 Ariosto (s)—Gothenburg—188 bdls. boards—T. Wilson, Sons, & Co. ; 3,500 posts, 2,813 rails, 1,500 pcs. stays—R. Wade & Co. ; 750 bdls. laths—Heaven & Kesterton ; 400 bdls. laths—North-Eastern Railway Co. ; 10,164 pit props, 5,000 sleepers—Chas. Wells & Co."
18950330p.605_p001.txt,199,Calypso,Genoa,BRISTOL,66 pcs. walnut-T. Wilson,T. Wilson,26,Mar,1895,30,March,1895,True,condensed,0.9,26 Calypso (s)—Genoa—66 pcs. walnut—T. Wilson
18950330p.605_p001.txt,200,Iago,Odessa,BRISTOL,38 oak logs-T. Wilson & Co.,T. Wilson & Co.,20,Mar,1895,30,March,1895,True,condensed,0.9,Iago (s)—Odessa—38 oak logs—T. Wilson & Co.
18950330p.605_p001.txt,202,Sylvia,Drammen,BRISTOL,"22,499 pit props-Pyman, Bell, & Co.","Pyman, Bell, & Co.",21,Mar,1895,30,March,1895,False,standard_dash,0.9,"Mar. 21 Sylvia—Drammen—22,499 pit props—Pyman, Bell, & Co."
18950330p.605_p001.txt,203,Colorado,New York,BRISTOL,"2,400 staves-Wilsons",Wilsons,23,Mar,1895,30,March,1895,True,condensed,0.9,"23 Colorado (s)—New York—2,400 staves—Wilsons"
18950330p.605_p001.txt,204,Deodata,Laurvig,BRISTOL,"10,035 birch and alder props-T. W. Allen 16,530 pit props, 579 pcs. mining timber",T. W. Allen,26,Mar,1895,30,March,1895,False,condensed,0.9,"26 Deodata—Laurvig—10,035 birch and alder props—T. W. Allen ; 16,530 pit props, 579 pcs. mining timber"
18950330p.605_p001.txt,206,Cato,Danzig,BRISTOL,"2,561 oak chocks, 3,000 chocks-Wilsons",Wilsons,22,Mar,1895,30,March,1895,True,standard_dash,0.9,"Mar. 22 Cato (s)—Danzig—2,561 oak chocks, 3,000 chocks—Wilsons"
18950330p.605_p001.txt,207,Angelo,Christiania,BRISTOL,"684 pcs. mining timber-Haagensen, Watt, & Co. 4,934 bdls. boards—Wilsons","Haagensen, Watt, & Co.",25,Mar,1895,30,March,1895,True,condensed,0.9,"25 Angelo (s)—Christiania—684 pcs. mining timber—Haagensen, Watt, & Co. ; 4,934 bdls. boards—Wilsons"
18950330p.605_p001.txt,211,Numidian,"Portland, Me.",LIVERPOOL,"359 cs. match splints-Collard, Kendall, & Co. 195 cs. match splints—W. J. Morgan & Co. ; [?] cs. match splints—J. Speck & Co. ; 200 cs. match splints—Paterson & Collier ; 196 cs. match splints—Lomas & Collier ; 63 pcs. timber—H. Kennedy & Co.","Collard, Kendall, & Co.",26,Mar,1895,30,March,1895,True,standard_dash,0.9,"Mar. 26 Numidian (s)—Portland, Me.—359 cs. match splints—Collard, Kendall, & Co. ; 195 cs. match splints—W. J. Morgan & Co. ; [?] cs. match splints—J. Speck & Co. ; 200 cs. match splints—Paterson & Collier ; 196 cs. match splints—Lomas & Collier ; 63 pcs. timber—H. Kennedy & Co."
18950330p.605_p001.txt,211,cs. match,,LIVERPOOL,splints W. J. Morgan & Co. ; [?] cs. match splints-J. Speck & Co. 200 cs. match splints—Paterson & Collier ; 196 cs. match splints—Lomas & Collier ; 63 pcs. timber—H. Kennedy & Co.,J. Speck & Co.,26,Mar,1895,30,March,1895,False,condensed,0.9,195 cs. match splints—W. J. Morgan & Co. ; [?] cs. match splints—J. Speck & Co. ; 200 cs. match splints—Paterson & Collier ; 196 cs. match splints—Lomas & Collier ; 63 pcs. timber—H. Kennedy & Co.
18950330p.605_p001.txt,211,cs. match,,LIVERPOOL,splints Paterson & Collier ; 196 cs. match splints-Lomas & Collier 63 pcs. timber—H. Kennedy & Co.,Lomas & Collier,26,Mar,1895,30,March,1895,False,condensed,0.9,200 cs. match splints—Paterson & Collier ; 196 cs. match splints—Lomas & Collier ; 63 pcs. timber—H. Kennedy & Co.
18950330p.605_p001.txt,211,pcs.,,LIVERPOOL,timber H. Kennedy & Co.,,26,Mar,1895,30,March,1895,False,condensed,0.9,63 pcs. timber—H. Kennedy & Co.
18950330p.605_p001.txt,213,Sylvia,Langesund,LIVERPOOL,"14,040 mining poles, 1,546 mining props",,26,Mar,1895,30,March,1895,False,condensed,0.9,"Sylvia—Langesund—14,040 mining poles, 1,546 mining props"
18950330p.605_p001.txt,215,Tordenskjold,Hommelvik,LIVERPOOL,"3,625 deals and battens, 430,010 staves",,22,Mar,1895,30,March,1895,False,condensed,0.9,"Tordenskjold—Hommelvik—3,625 deals and battens, 430,010 staves"
18950330p.605_p001.txt,217,Louisianian,New Orleans,LIVERPOOL,"1,920 staves-E. Chaloner & Co.",E. Chaloner & Co.,27,Mar,1895,30,March,1895,True,standard_dash,0.9,"Mar. 27 Louisianian (s)—New Orleans—1,920 staves—E. Chaloner & Co."
18950330p.605_p001.txt,221,Hermod,Fredrikstad,LONDON,68 stds. flooring boards,,27,Mar,1895,30,March,1895,True,condensed,0.9,Hermod (s)—Fredrikstad—68 stds. flooring boards
18950330p.605_p001.txt,222,Nuttfield,Pensacola,LONDON,"3,665 pcs. timber, 9,826 deals",,23,Mar,1895,30,March,1895,True,condensed,0.9,"Nuttfield (s)—Pensacola—3,665 pcs. timber, 9,826 deals"
18950330p.605_p001.txt,258,Tordenskjold,Gothenburg,LONDON,"22,231 boards-W. R. Crow & Son 1,100 doors—R. May & Son ; 1,019 bdls mouldings—W. R. Crow & Son ; 20 pkgs. doors—Nicks ; 438 pkgs. joinery—W. R. Crow ; [?] pkgs. joinery—K. Gadelius & Co. ; [?] cs. box boards, 2,000 doors",W. R. Crow & Son,22,Mar,1895,30,March,1895,True,standard_dash,0.9,"Mar. 22 Tordenskjold (s)—Gothenburg—22,231 boards—W. R. Crow & Son ; 1,100 doors—R. May & Son ; 1,019 bdls mouldings—W. R. Crow & Son ; 20 pkgs. doors—Nicks ; 438 pkgs. joinery—W. R. Crow ; [?] pkgs. joinery—K. Gadelius & Co. ; [?] cs. box boards, 2,000 doors"
18950330p.605_p001.txt,261,Clara,"St. John, N.B.",LONDON,"893 pcs. timber-Churchill & Sim from Halifax—[?] cs. shooks—Sutherland, Innes, & Co. ; [?] cs. splints—Bryant & May ; 269 pcs. timber, 163 bdls. wood mouldings, 81 pcs. timber and strips—Bryce, Junor, & Co.",Churchill & Sim,22,Mar,1895,30,March,1895,True,standard_dash,0.9,"Mar. 22 Clara (s)—St. John, N.B.—893 pcs. timber—Churchill & Sim ; from Halifax—[?] cs. shooks—Sutherland, Innes, & Co. ; [?] cs. splints—Bryant & May ; 269 pcs. timber, 163 bdls. wood mouldings, 81 pcs. timber and strips—Bryce, Junor, & Co."
18950330p.605_p001.txt,264,Ceres,Danzig,LONDON,760 fir scantlings,,22,Mar,1895,30,March,1895,True,condensed,0.9,Ceres (s)—Danzig—760 fir scantlings
18950330p.605_p001.txt,267,Katie,Blaye,LONDON,156 lds. pitwood-D. G. [?],D. G. [?],22,Mar,1895,30,March,1895,False,standard_dash,0.9,Mar. 22 Katie—Blaye—156 lds. pitwood—D. G. [?]
18950330p.605_p001.txt,273,Maria,Darien,MILFORD,"941 lds. sawn fir, 21 lds. props-McMaster & Co.",McMaster & Co.,22,Mar,1895,30,March,1895,False,standard_dash,1.0,"Mar. 22 Maria—Darien—941 lds. sawn fir, 21 lds. props—McMaster & Co."
18950330p.605_p001.txt,276,Talbot,Bordeaux,NEWPORT,"1,450 lds. pitwood-Simkin Bros.",Simkin Bros.,22,Mar,1895,30,March,1895,False,standard_dash,1.0,"Mar. 22 Talbot—Bordeaux—1,450 lds. pitwood—Simkin Bros."
18950330p.605_p001.txt,277,Malabar,Auray,NEWPORT,110 lds. pitwood-Tapson,Tapson,22,Mar,1895,30,March,1895,False,condensed,1.0,Malabar—Auray—110 lds. pitwood—Tapson
18950330p.605_p001.txt,278,Amelie,Auray,NEWPORT,175 lds. pitwood-Watts,Watts,22,Mar,1895,30,March,1895,False,condensed,1.0,Amelie—Auray—175 lds. pitwood—Watts
18950330p.605_p001.txt,279,Marianne,Auray,NEWPORT,[?] lds. pitwood-Budd,Budd,22,Mar,1895,30,March,1895,False,condensed,1.0,Marianne—Auray—[?] lds. pitwood—Budd
18950330p.605_p001.txt,280,Pauline,Vannes,NEWPORT,230 lds. pitwood,,22,Mar,1895,30,March,1895,False,condensed,0.9,Pauline—Vannes—230 lds. pitwood—[?]
18950330p.605_p001.txt,283,MacMillan,San Francisco,FLEETWOOD,[?] lds. sawn fir-C. Malley & Co.,C. Malley & Co.,23,Mar,1895,30,March,1895,False,standard_dash,1.0,Mar. 23 MacMillan—San Francisco—[?] lds. sawn fir—C. Malley & Co.
18950330p.605_p001.txt,284,Baroda,San Francisco,FLEETWOOD,20 lds. sawn fir-Crawford,Crawford,23,Mar,1895,30,March,1895,False,condensed,1.0,Baroda—San Francisco—20 lds. sawn fir—Crawford
18950330p.605_p001.txt,285,Lancashire,Mobile,FLEETWOOD,"1,360 lds. pitch pine deals-Harrison, Robinson, & Co.","Harrison, Robinson, & Co.",25,Mar,1895,30,March,1895,False,condensed,1.0,"25 Lancashire—Mobile—1,360 lds. pitch pine deals—Harrison, Robinson, & Co."
18950330p.605_p001.txt,288,Domino,Gothenburg,GRIMSBY,"16,000 pit props-Wilson, Sons, & Co.","Wilson, Sons, & Co.",22,Mar,1895,30,March,1895,False,standard_dash,0.9,"Mar. 22 Domino—Gothenburg—16,000 pit props—Wilson, Sons, & Co."
18950330p.605_p001.txt,289,Valhal,Drontheim,GRIMSBY,492 lds. props,,22,Mar,1895,30,March,1895,False,condensed,0.9,25 Valhal—Drontheim—492 lds. props
18950330p.605_p001.txt,292,Lotus,Skien,GRIMSBY,"450 lds. mining timber, 20 lds. props-H. Erichsen & Co.",H. Erichsen & Co.,19,Mar,1895,30,March,1895,False,standard_dash,0.9,"Mar. 19 Lotus—Skien—450 lds. mining timber, 20 lds. props—H. Erichsen & Co."
18950330p.605_p001.txt,293,Arendal,Arendal,GRIMSBY,"228 lds. fir timber, 20 lds. props-G. Horsley",G. Horsley,20,Mar,1895,30,March,1895,False,condensed,0.9,"20 Arendal—Arendal—228 lds. fir timber, 20 lds. props—G. Horsley"
18950330p.605_p001.txt,294,Robert,Laurvig,GRIMSBY,"10 lds. props, 129 lds. hewn fir-G. Horsley & Co.",G. Horsley & Co.,22,Mar,1895,30,March,1895,False,condensed,0.9,"22 Robert—Laurvig—10 lds. props, 129 lds. hewn fir—G. Horsley & Co."
18950330p.605_p001.txt,295,Tana,Tvedestrand,GRIMSBY,110 lds. hewn fir-Hessler,Hessler,25,Mar,1895,30,March,1895,False,condensed,0.9,25 Tana—Tvedestrand—110 lds. hewn fir—Hessler
18950330p.605_p002.txt,3,Brooklyn City,Bordeaux,GRIMSBY,"1,500 lds. pitwood-Newport Pitwood Co.",Newport Pitwood Co.,25,Mar,1895,30,March,1895,False,condensed,0.9,"Brooklyn City-Bordeaux-1,500 lds. pitwood-Newport Pitwood Co."
18950330p.605_p002.txt,4,Capenor,Bilbao,GRIMSBY,450 lds. pitwood-Newport Pitwood Co.,Newport Pitwood Co.,25,Mar,1895,30,March,1895,True,standard_dash,0.9,Mar. 25 Capenor (s)-Bilbao-450 lds. pitwood-Newport Pitwood Co.
18950330p.605_p002.txt,5,Hahnen,Mobile,GRIMSBY,"1,236 lds. sawn fir, 1,000 pcs. pitch pine-Short Bros.",Short Bros.,19,Mar,1895,30,March,1895,False,standard_dash,0.9,"Mar. 19 Hahnen-Mobile-1,236 lds. sawn fir, 1,000 pcs. pitch pine-Short Bros."
18950330p.605_p002.txt,8,Nelson,Stettin,GRIMSBY,327 lds. pit props-H. Wiener,H. Wiener,19,Mar,1895,30,March,1895,False,standard_dash,0.9,Mar. 19 Nelson-Stettin-327 lds. pit props-H. Wiener
18950330p.605_p002.txt,9,MISSING_FROM_OCR,Gothenburg,GRIMSBY,"90 lds. deals, 305 lds. pit props-A. Wiener",A. Wiener,19,Mar,1895,30,March,1895,False,condensed,0.9,"Gothenburg-90 lds. deals, 305 lds. pit props-A. Wiener"
18950330p.605_p002.txt,12,Ossuna,Sapon,GRIMSBY,"913 lds. sawn pitch pine, 3,911 deals",,19,Mar,1895,30,March,1895,False,condensed,0.9,"25 Ossuna-Sapon-913 lds. sawn pitch pine, 3,911 deals"
18950330p.605_p002.txt,13,Short Bros. Sterling,Christiania,GRIMSBY,"51 lds. mining timber, 28 lds. sleepers",,19,Mar,1895,30,March,1895,True,condensed,0.9,"Short Bros. Sterling (s)-Christiania-51 lds. mining timber, 28 lds. sleepers"
18950330p.605_p002.txt,19,Kansas,Boston,LIVERPOOL,"2,775 maple blocks-Moorhouse & Co.",Moorhouse & Co.,25,Mar,1895,30,March,1895,True,standard_dash,0.9,"Mar. 25 Kansas (s)-Boston-2,775 maple blocks-Moorhouse & Co."
18950330p.605_p002.txt,20,Ulstermore,Baltimore,LIVERPOOL,"16 maple logs-Farnworth & Jardine 16 maple logs, 364 pcs. oak, 26 oak logs, 28 poplar logs-Duncan, Ewing, & Co.",Farnworth & Jardine,25,Mar,1895,30,March,1895,True,condensed,0.9,"Ulstermore (s)-Baltimore-16 maple logs-Farnworth & Jardine; 16 maple logs, 364 pcs. oak, 26 oak logs, 28 poplar logs-Duncan, Ewing, & Co."
18950330p.605_p002.txt,22,Roman,Boston,LIVERPOOL,"464 boxes-J. H. Burrell & Co. 89 pcs. w.o.-Duncan, Ewing, & Co.; 1 maple log-Moorhouse, Mitchell & Co.; 1 maple log-Farnworth & Jardine; 1 maple logs-Williams & Davies.",J. H. Burrell & Co.,26,Mar,1895,30,March,1895,True,condensed,0.9,"26 Roman (s)-Boston-464 boxes-J. H. Burrell & Co.; 89 pcs. w.o.-Duncan, Ewing, & Co.; 1 maple log-Moorhouse, Mitchell & Co.; 1 maple log-Farnworth & Jardine; 1 maple logs-Williams & Davies."
18950330p.605_p002.txt,24,Gaboon,Chama,COBURG DOCK,17 logs timber-Kerr & Essien 14 logs wood-F. Leyland & Co.; 14 logs wood-F. Swanzy; 6 logs wood-W. Clucas & Co.; 3 logs wood-W. Symington & Co.; 11 logs wood-J. Horsfield & Co.; 2 logs wood-A. Herschell; 7 logs timber-A. Miller; 12 logs timber-Cie Francaise,Kerr & Essien,25,Mar,1895,30,March,1895,True,standard_dash,1.0,Mar. 25 Gaboon (s)-Chama-17 logs timber-Kerr & Essien; 14 logs wood-F. Leyland & Co.; 14 logs wood-F. Swanzy; 6 logs wood-W. Clucas & Co.; 3 logs wood-W. Symington & Co.; 11 logs wood-J. Horsfield & Co.; 2 logs wood-A. Herschell; 7 logs timber-A. Miller; 12 logs timber-Cie Francaise
18950330p.605_p002.txt,25,Dahomey,Princes,COBURG DOCK,29 logs mahogany-R. Hamilton & Co. 4 logs mahogany-G. Campbell & Co.; 2 logs mahogany-W. Clucas & Co.; 5 logs mahogany-A. Miller; 10 logs mahogany-from Axim-10 logs mahogany-Imperial West African Co.; 4 logs mahogany-C. Day & Co.; 8 logs mahogany-African Mahogany Co.; 4 logs mahogany-from Assinee-4 logs mahogany-J. J. Horsfield & Co.; 16 logs mahogany-W. Symington & Co.; 7 logs mahogany-A. Herschell; 10 logs mahogany-Bradbury; 10 logs mahogany-Drysdale Bros.; 24 logs mahogany-from Grand Bassam-67 logs mahogany-Y. Hong; 1 log mahogany-Millward,R. Hamilton & Co.,26,Mar,1895,30,March,1895,True,condensed,1.0,26 Dahomey (s)-Princes-29 logs mahogany-R. Hamilton & Co.; 4 logs mahogany-G. Campbell & Co.; 2 logs mahogany-W. Clucas & Co.; 5 logs mahogany-A. Miller; 10 logs mahogany-from Axim-10 logs mahogany-Imperial West African Co.; 4 logs mahogany-C. Day & Co.; 8 logs mahogany-African Mahogany Co.; 4 logs mahogany-from Assinee-4 logs mahogany-J. J. Horsfield & Co.; 16 logs mahogany-W. Symington & Co.; 7 logs mahogany-A. Herschell; 10 logs mahogany-Bradbury; 10 logs mahogany-Drysdale Bros.; 24 logs mahogany-from Grand Bassam-67 logs mahogany-Y. Hong; 1 log mahogany-Millward
18950330p.605_p002.txt,27,Alsatian,Fiume,COBURG DOCK,"1,800 oak staves-Drysdale Bros.",Drysdale Bros.,25,Mar,1895,30,March,1895,True,standard_dash,1.0,"Mar. 25 Alsatian (s)-Fiume-1,800 oak staves-Drysdale Bros."
18950330p.605_p002.txt,29,Rappahannock,Newport News,LIVERPOOL (COBURG DOCK),66 logs walnut-Churchill & Sim,Churchill & Sim,23,Mar,1895,30,March,1895,True,standard_dash,0.9,Mar. 23 Rappahannock (s)-Newport News-66 logs walnut-Churchill & Sim
18950330p.605_p002.txt,30,Ohio,Philadelphia,LIVERPOOL (COBURG DOCK),"2,000 maple blocks-Churchill & Sim",Churchill & Sim,27,Mar,1895,30,March,1895,True,standard_dash,0.9,"Mar. 27 Ohio (s)-Philadelphia-2,000 maple blocks-Churchill & Sim"
18950330p.605_p002.txt,33,Borderer,Boston,LONDON,312 bdls lumber-Churchill & Sim 4 fms lumber-Wallace Bros.,Churchill & Sim,21,Mar,1895,30,March,1895,True,standard_dash,0.9,Mar. 21 Borderer (s)-Boston-312 bdls lumber-Churchill & Sim; 4 fms lumber-Wallace Bros.
18950330p.605_p002.txt,35,Florida,Bangkok,LONDON,"1,112 pcs. teak, 4,465 pcs. sapanwood-R. & J. Henderson",R. & J. Henderson,23,Mar,1895,30,March,1895,False,standard_dash,0.9,"Mar. 23 Florida-Bangkok-1,112 pcs. teak, 4,465 pcs. sapanwood-R. & J. Henderson"
18950330p.605_p002.txt,36,Chili,"Quindalup, W. A.",LONDON,"11,517 pcs. jarrah-J. Temperley & Co.",J. Temperley & Co.,26,Mar,1895,30,March,1895,False,condensed,0.9,"26 Chili-Quindalup, W. A.-11,517 pcs. jarrah-J. Temperley & Co."
18950330p.605_p002.txt,37,Ning Chow,Singapore,LONDON,"1,646 pcs. teak-R. & J. Henderson",R. & J. Henderson,27,Mar,1895,30,March,1895,True,standard_dash,0.9,"Mar. 27 Ning Chow (s)-Singapore-1,646 pcs. teak-R. & J. Henderson"
18950330p.605_p002.txt,39,Adelaide,Nassau,LONDON,455 pcs. mahogany,,27,Mar,1895,30,March,1895,False,condensed,0.9,Adelaide-Nassau-455 pcs. mahogany
18950330p.605_p002.txt,44,Ashley,Hill.,LONDON,"Mr. F. Spofforth was for the debtor and Mr. C. E. Barry for the creditors. At the Bristol Bankruptcy Court, last week, the Official Receiver examined the debtor, who said his wife claimed the furniture. He was originally a bricklayer, and after marriage, his wife having means, he started as a builder. After questioning the debtor as to his financial relations with his wife, the Official Receiver said it appeared that money that was coming in belonged to the wife, and the debts owing belonged to the husband (laughter). He had no money of his own when he began building he was actually in debt. The examination was adjourned to May 10th.",,27,Mar,1895,30,March,1895,False,condensed,0.9,"Ashley Hill.—Mr. F. Spofforth was for the debtor and Mr. C. E. Barry for the creditors. At the Bristol Bankruptcy Court, last week, the Official Receiver examined the debtor, who said his wife claimed the furniture. He was originally a bricklayer, and after marriage, his wife having means, he started as a builder. After questioning the debtor as to his financial relations with his wife, the Official Receiver said it appeared that money that was coming in belonged to the wife, and the debts owing belonged to the husband (laughter). He had no money of his own when he began building; he was actually in debt. The examination was adjourned to May 10th."
18950330p.610.txt,20,Telegraphic,Address,INVERNESS,"""TIMBER, Inverness.""",,27,Mar,1895,30,March,1895,False,condensed,1.0,"Telegraphic Address—""TIMBER, Inverness."""
18950330p.610.txt,38,Timber Merchants and,Saw,INVERNESS,millers,,27,Mar,1895,30,March,1895,False,condensed,0.9,"Timber Merchants and Saw-millers,"
18950330p.610.txt,40,Telegraphic,Addresses,INVERNESS,"DONALDSON, TAYPORT.",,27,Mar,1895,30,March,1895,False,condensed,0.9,"Telegraphic Addresses— DONALDSON, TAYPORT."
18950330p.610.txt,63,Nordstjernen,Christiansand,BO'NESS,200 lds. pit props-Love & Stewart,Love & Stewart,20,Mar,1895,30,March,1895,False,standard_dash,1.0,Mar. 20 Nordstjernen-Christiansand-200 lds. pit props-Love & Stewart
18950330p.610.txt,64,Dagmar,Mandal,BO'NESS,250 lds. pit props-J. Denholm & Co.,J. Denholm & Co.,25,Mar,1895,30,March,1895,True,standard_dash,1.0,Mar. 25 Dagmar (s)-Mandal-250 lds. pit props-J. Denholm & Co.
18950330p.610.txt,68,Albert,Edward,BO'NESS,Gothenburg 11 lds. square timber-C. Salvesen & Co.,C. Salvesen & Co.,25,Mar,1895,30,March,1895,False,standard_dash,0.9,Mar. 25 Albert Edward-Gothenburg 11 lds. square timber-C. Salvesen & Co.
18950330p.610.txt,71,Sir Walter,Bordeaux,BO'NESS,12 lds. props-T. Aitken,T. Aitken,25,Mar,1895,30,March,1895,False,standard_dash,0.9,Mar. 25 Sir Walter-Bordeaux-12 lds. props-T. Aitken
18950330p.610.txt,72,Tronda,Drontheim,BO'NESS,475 lds. deals and battens-C. Salvesen & Co. 412 lds. deals and battens-J. Donaldson & Sons,C. Salvesen & Co.,21,Mar,1895,30,March,1895,True,standard_dash,0.9,Mar. 21 Tronda (s)-Drontheim-475 lds. deals and battens-C. Salvesen & Co.; 412 lds. deals and battens-J. Donaldson & Sons
18950330p.610.txt,75,Gudrun,Drontheim,BO'NESS,60 lds. fir timber-W. Miller,W. Miller,21,Mar,1895,30,March,1895,True,standard_dash,0.9,Mar. 21 Gudrun (s)-Drontheim-60 lds. fir timber-W. Miller
18950330p.610.txt,78,Corean,Philadelphia,BO'NESS,"13,113 staves-Edmiston & Mitchells",Edmiston & Mitchells,19,Mar,1895,30,March,1895,True,standard_dash,0.9,"Mar. 19 Corean (s)-Philadelphia-13,113 staves-Edmiston & Mitchells"
18950330p.610.txt,79,Victoria,New York,BO'NESS,"13 tns. mouldings, 1,023 pcs. oak timber; 364 pcs. lignumvitae, 2,986 pcs. oak lumber, 1,000 pipe staves, 355 bd. claret staves-Edmiston & Mitchells",Edmiston & Mitchells,21,Mar,1895,30,March,1895,True,standard_dash,0.9,"Mar. 21 Victoria (s)-New York-13 tns. mouldings, 1,023 pcs. oak timber; 364 pcs. lignumvitae, 2,986 pcs. oak lumber, 1,000 pipe staves, 355 bd. claret staves-Edmiston & Mitchells"
18950330p.610.txt,82,Vimeira,Mobile,BO'NESS,"394 pcs. hewn pitch pine timber, 399 pcs. sawn pitch pine timber, 170 pitch pine deals, 3,000 white oak staves-Edmiston & Mitchells",Edmiston & Mitchells,20,Mar,1895,30,March,1895,False,standard_dash,0.9,"Mar. 20 Vimeira-Mobile-394 pcs. hewn pitch pine timber, 399 pcs. sawn pitch pine timber, 170 pitch pine deals, 3,000 white oak staves-Edmiston & Mitchells"
18950330p.610.txt,92,timbered construction at least in,"Scotland, more common in the exterior than with the interior of buildings in which it occurs. At the close of the visit the president, Mr. W. W. Robertson, F.S.A.Scot., proposed a vote of thanks to Mr. Cunninghame, which was cordially and duly acknowledged.  BATHING AT ABERDEEN.",GREENOCK,"The Aberdeen Town Council purpose building a new bathing station at the beach, at a cost of £10,000, and the council leasing or purchasing ground for the supply of granite for causewaying and other public purposes was considered at the last meeting of the Council, when it was resolved to instruct a committee to report as to providing additional accommodation at the municipal buildings, and also to obtain professional advice.",,20,Mar,1895,30,March,1895,False,condensed,0.9,"timbered construction at least in Scotland, more common in the exterior than with the interior of buildings in which it occurs. At the close of the visit the president, Mr. W. W. Robertson, F.S.A.Scot., proposed a vote of thanks to Mr. Cunninghame, which was cordially and duly acknowledged.  BATHING AT ABERDEEN.—The Aberdeen Town Council purpose building a new bathing station at the beach, at a cost of £10,000, and the council leasing or purchasing ground for the supply of granite for causewaying and other public purposes was considered at the last meeting of the Council, when it was resolved to instruct a committee to report as to providing additional accommodation at the municipal buildings, and also to obtain professional advice."
18950406p.639.txt,4,Silva,Gothenburg,GREENOCK,"654 lds. sawn fir-Crossfield & Co. 553 lds. deals and battens, 19 lds. sawn fir-W. Daniel & Co.",Crossfield & Co.,26,Mar,1895,6,April,1895,False,standard_dash,0.9,"Mar. 26 Silva-Gothenburg-654 lds. sawn fir-Crossfield & Co.; 553 lds. deals and battens, 19 lds. sawn fir-W. Daniel & Co."
18950406p.639.txt,6,Redon,Redon,GREENOCK,"254 lds. pit-props-G. W. Jones, Heard & Co.","props-G. W. Jones, Heard & Co.",26,Mar,1895,6,April,1895,False,standard_dash,0.9,"Mar. 26 Redon-Redon-254 lds. pit-props-G. W. Jones, Heard & Co."
18950406p.639.txt,7,Corfield,Bordeaux,GREENOCK,"1,160 lds. pitwood-W. Corfield",W. Corfield,27,Mar,1895,6,April,1895,False,condensed,0.9,"27 Corfield-Bordeaux-1,160 lds. pitwood-W. Corfield"
18950406p.639.txt,8,Fir,Tellefsen,GREENOCK,Wolgast,,26,Mar,1895,6,April,1895,False,condensed,0.9,Fir-Tellefsen-Wolgast-160 lds. hewn fir-Tellefsen & Co.
18950406p.639.txt,9,Tellefsen,Wolgast,GREENOCK,"1,280 lds. pitwood-A. Tellefsen & Co.",A. Tellefsen & Co.,1,Mar,1895,6,April,1895,False,condensed,0.9,"1 Tellefsen-Wolgast-1,280 lds. pitwood-A. Tellefsen & Co."
18950406p.639.txt,10,Oscar,Bordeaux,GREENOCK,"1,255 lds. pitwood-Corfield",Corfield,1,Mar,1895,6,April,1895,False,condensed,0.9,"1 Oscar-Bordeaux-1,255 lds. pitwood-Corfield"
18950406p.639.txt,11,Oscar,Bordeaux,GREENOCK,"1,250 lds. pitwood-Powley, Thomas & Co.","Powley, Thomas & Co.",1,Mar,1895,6,April,1895,False,condensed,0.9,"1 Oscar-Bordeaux-1,250 lds. pitwood-Powley, Thomas & Co."
18950406p.639.txt,12,Oscar,Bordeaux,GREENOCK,"1,250 lds. pitwood-A. Moxey, jun., & Co.","A. Moxey, jun., & Co.",1,Mar,1895,6,April,1895,False,condensed,0.9,"1 Oscar-Bordeaux-1,250 lds. pitwood-A. Moxey, jun., & Co."
18950406p.639.txt,13,Oscar,Bordeaux,GREENOCK,350 lds. hewn fir-Wills & Co.,Wills & Co.,1,Mar,1895,6,April,1895,False,condensed,0.9,1 Oscar-Bordeaux-350 lds. hewn fir-Wills & Co.
18950406p.639.txt,15,Triton,Gothenburg,DOVER,610 lds. fir battens and boards-W. Crundall & Co.,W. Crundall & Co.,26,Mar,1895,6,April,1895,True,standard_dash,1.0,Mar. 26 Triton (s)-Gothenburg-610 lds. fir battens and boards-W. Crundall & Co.
18950406p.639.txt,17,D. H. Watjen,San Francisco,FLEETWOOD,27 lds. sawn fir-C. Wicke,C. Wicke,27,Mar,1895,6,April,1895,False,standard_dash,1.0,Mar. 27 D. H. Watjen-San Francisco-27 lds. sawn fir-C. Wicke
18950406p.639.txt,18,Evesham Abbey,"Portland, Or.",FLEETWOOD,30 lds. sawn fir-J. Poole & Co.,J. Poole & Co.,27,Mar,1895,6,April,1895,False,condensed,1.0,"Evesham Abbey-Portland, Or.-30 lds. sawn fir-J. Poole & Co."
18950406p.639.txt,20,Acteon,Pensacola,FLEETWOOD,"591 lds. sawn fir, 27 lds. deals-E. Maude & Sons",E. Maude & Sons,27,Mar,1895,6,April,1895,False,standard_dash,1.0,"Mar. 27 Acteon-Pensacola-591 lds. sawn fir, 27 lds. deals-E. Maude & Sons"
18950406p.639.txt,22,Argentina,Pensacola,GRIMSBY,"763 lds. deals, battens, and boards-Seddon, Shepherd, & Co.","Seddon, Shepherd, & Co.",26,Mar,1895,6,April,1895,False,standard_dash,0.9,"Mar. 26 Argentina-Pensacola-763 lds. deals, battens, and boards-Seddon, Shepherd, & Co."
18950406p.639.txt,23,Egero,Pensacola,GRIMSBY,"1,232 lds. props-T. Wilson Sons, & Co.","T. Wilson Sons, & Co.",27,Mar,1895,6,April,1895,False,condensed,0.9,"27 Egero-Pensacola-1,232 lds. props-T. Wilson Sons, & Co."
18950406p.639.txt,24,Argo,Gothenburg,GRIMSBY,130 lds. sawn fir-Bennetts & Co.,Bennetts & Co.,29,Mar,1895,6,April,1895,False,condensed,0.9,29 Argo-Gothenburg-130 lds. sawn fir-Bennetts & Co.
18950406p.639.txt,25,Brodrenee Clausen,Christiania,GRIMSBY,350 lds. poles-S. Ellis,S. Ellis,26,Mar,1895,6,April,1895,False,condensed,0.9,Brodrenee Clausen-Christiania-350 lds. poles-S. Ellis
18950406p.639.txt,27,Tana,Tvedestrand,GRIMSBY,105 lds. mining timber-J. W. Baird & Co.,J. W. Baird & Co.,26,Mar,1895,6,April,1895,False,standard_dash,0.9,Mar. 26 Tana-Tvedestrand-105 lds. mining timber-J. W. Baird & Co.
18950406p.639.txt,28,Aladdin,Arendal,GRIMSBY,48 lds. fir boards-Master,Master,26,Mar,1895,6,April,1895,False,condensed,0.9,Aladdin-Arendal-48 lds. fir boards-Master
18950406p.639.txt,29,Arendal,Arendal,GRIMSBY,25 lds. props-H. Erichsen,H. Erichsen,27,Mar,1895,6,April,1895,False,condensed,0.9,27 Arendal-Arendal-25 lds. props-H. Erichsen
18950406p.639.txt,30,Arendal,Arendal,GRIMSBY,325 lds. hewn fir-T. Atkinson,T. Atkinson,27,Mar,1895,6,April,1895,False,condensed,0.9,27 Arendal-Arendal-325 lds. hewn fir-T. Atkinson
18950406p.639.txt,31,Norden,Drammen,GRIMSBY,380 lds. flooring-W. Redmond & Co.,W. Redmond & Co.,26,Mar,1895,6,April,1895,False,condensed,0.9,Norden-Drammen-380 lds. flooring-W. Redmond & Co.
18950406p.639.txt,33,Romeo,Gothenburg,GRIMSBY,"1,254 bdls. boards-T. Wilson, Sons, & Co. 3,500 pit props-Henry Smith & Co.; 300 bdls. laths-T. W. Allen; 1,000 bdls. laths-Heaven & Kesterton; 500 bdls. laths-John Bruce & Co.; 2,782 pit props, 1,535 sleepers-Chas. Wells & Co.","T. Wilson, Sons, & Co.",26,Mar,1895,6,April,1895,True,condensed,0.9,"Romeo (s)-Gothenburg-1,254 bdls. boards-T. Wilson, Sons, & Co.; 3,500 pit props-Henry Smith & Co.; 300 bdls. laths-T. W. Allen; 1,000 bdls. laths-Heaven & Kesterton; 500 bdls. laths-John Bruce & Co.; 2,782 pit props, 1,535 sleepers-Chas. Wells & Co."
18950406p.639.txt,37,Juno,Drontheim,GRIMSBY,"3,000 bdls. boards-T. Wilson, Sons, & Co.","T. Wilson, Sons, & Co.",30,Mar,1895,6,April,1895,True,standard_dash,0.9,"Mar. 30 Juno (s)-Drontheim-3,000 bdls. boards-T. Wilson, Sons, & Co."
18950406p.639.txt,38,Montebello,Christiania,GRIMSBY,"2,000 poles-T. W. Allen 1,236 pcs. mining timber-Haagensen, Watt, & Co.; 523 telegraph poles-R. Wade, Sons, & Co.",T. W. Allen,30,Mar,1895,6,April,1895,True,condensed,0.9,"Montebello (s)-Christiania-2,000 poles-T. W. Allen; 1,236 pcs. mining timber-Haagensen, Watt, & Co.; 523 telegraph poles-R. Wade, Sons, & Co."
18950406p.639.txt,40,Apollo,Christiansand,GRIMSBY,400 lds. slabs-Church Army,Church Army,30,Mar,1895,6,April,1895,False,condensed,0.9,Apollo-Christiansand-400 lds. slabs-Church Army
18950406p.639.txt,42,Latona,Laurvig,GRIMSBY,654 lds. firewood-E. Catchpole & Co.,E. Catchpole & Co.,27,Mar,1895,6,April,1895,False,standard_dash,0.9,Mar. 27 Latona-Laurvig-654 lds. firewood-E. Catchpole & Co.
18950406p.639.txt,44,Majestic,New York,LIVERPOOL,"489 lds. fir boards, 75 pcs. lumber-Christie & Co.",Christie & Co.,27,Mar,1895,6,April,1895,True,condensed,0.9,"Majestic (s)-New York-489 lds. fir boards, 75 pcs. lumber-Christie & Co."
18950406p.639.txt,46,Majestic,New York,LIVERPOOL,"489 lds. fir boards, 75 pcs. lumber-Christie & Co.",Christie & Co.,27,Mar,1895,6,April,1895,True,condensed,0.9,"Majestic (s)-New York-489 lds. fir boards, 75 pcs. lumber-Christie & Co."
18950406p.639.txt,48,Gambetta,Christiania,LIVERPOOL,"7,775 pcs. lumber-J. Smith & Co.",J. Smith & Co.,27,Mar,1895,6,April,1895,False,condensed,0.9,"Gambetta-Christiania-7,775 pcs. lumber-J. Smith & Co."
18950406p.639.txt,50,Carl Gustaf,Christiansand,LIVERPOOL,"16,288 props-Cross",Cross,27,Mar,1895,6,April,1895,False,condensed,0.9,"Carl Gustaf-Christiansand-16,288 props-Cross"
18950406p.639.txt,52,Evans,Christiansand,LIVERPOOL,"1,350 spars and poles-G. Harrison & Bros.",G. Harrison & Bros.,27,Mar,1895,6,April,1895,False,condensed,0.9,"Evans-Christiansand-1,350 spars and poles-G. Harrison & Bros."
18950406p.639.txt,54,Evans,Christiansand,LIVERPOOL,"45 doors, 243 bdls. laths-Evans & Co. 67,305 pit props-Osbeck & Co.",Evans & Co.,27,Mar,1895,6,April,1895,False,condensed,0.9,"Evans-Christiansand-45 doors, 243 bdls. laths-Evans & Co.; 67,305 pit props-Osbeck & Co."
18950406p.639.txt,56,Osbeck,Gothenburg,LIVERPOOL,"16,565 props-Osbeck & Co.",Osbeck & Co.,27,Mar,1895,6,April,1895,False,condensed,0.9,"Osbeck-Gothenburg-16,565 props-Osbeck & Co."
18950406p.639.txt,58,Rutland,Christiania,LIVERPOOL,"1,350 spars and poles, 98,000 hearts-G. Harrison & Bros.",G. Harrison & Bros.,27,Mar,1895,6,April,1895,False,condensed,0.9,"Rutland-Christiania-1,350 spars and poles, 98,000 hearts-G. Harrison & Bros."
18950406p.639.txt,62,Tyr,Laurvig,LONDON,"8,167 battens",,27,Mar,1895,6,April,1895,True,condensed,0.9,"Tyr (s)-Laurvig-8,167 battens"
18950406p.639.txt,63,Callixene,Pensacola,LONDON,"184 pcs. timber, 41,885 deals and boards",,28,Mar,1895,6,April,1895,False,condensed,0.9,"Callixene-Pensacola-184 pcs. timber, 41,885 deals and boards"
18950406p.639.txt,64,Avena,Uddevalla,LONDON,"1,196 bdls. mouldings, 280 doors, 10 crts. trellis-S. Brown",S. Brown,28,Mar,1895,6,April,1895,True,condensed,0.9,"Avena (s)-Uddevalla-1,196 bdls. mouldings, 280 doors, 10 crts. trellis-S. Brown"
18950406p.639.txt,65,Theodor,Libau,LONDON,"3,996 spokes, 2,298 staves-J. L. Rosenborg 10,095 staves",J. L. Rosenborg,28,Mar,1895,6,April,1895,True,condensed,0.9,"Theodor (s)-Libau-3,996 spokes, 2,298 staves-J. L. Rosenborg; 10,095 staves"
18950406p.639.txt,66,Bergliot,Fredrikstad,LONDON,"35,255 floorings-Boyson & Slee 13 fms. firewood-Duus",Boyson & Slee,28,Mar,1895,6,April,1895,True,condensed,0.9,"Bergliot (s)-Fredrikstad-35,255 floorings-Boyson & Slee; 13 fms. firewood-Duus"
18950406p.639.txt,67,Annona,Uddevalla,LONDON,"748 bdls. mouldings, 815 doors-S. Brown",S. Brown,2,Mar,1895,6,April,1895,True,condensed,0.9,"2 Annona (s)-Uddevalla-748 bdls. mouldings, 815 doors-S. Brown"
18950406p.639.txt,68,Progress,Fredrikstad,LONDON,"145 fms. firewood-Tagart, Beaton, & Co.","Tagart, Beaton, & Co.",2,Mar,1895,6,April,1895,False,condensed,0.9,"Progress-Fredrikstad-145 fms. firewood-Tagart, Beaton, & Co."
18950406p.639.txt,69,Basto,Christiania,LONDON,"240 stds. boards, 34 stds. poles and boathooks, 94 fms. firewood",,2,Mar,1895,6,April,1895,False,condensed,0.9,"3 Basto-Christiania-240 stds. boards, 34 stds. poles and boathooks, 94 fms. firewood"
18950406p.639.txt,70,Mars,Fredrikstad,LONDON,247 fms. firewood-Duus,Duus,2,Mar,1895,6,April,1895,False,condensed,0.9,Mars-Fredrikstad-247 fms. firewood-Duus
18950406p.639.txt,71,Herman,Fredrikstad,LONDON,"156,440 boards, 40fms. firewood-F. Briesemann's successors",F. Briesemann's successors,2,Mar,1895,6,April,1895,False,condensed,0.9,"Herman-Fredrikstad-156,440 boards, 40fms. firewood-F. Briesemann's successors"
18950406p.639.txt,72,Leda,Arendal,LONDON,"22,447 scantlings 102 fms. firewood-Duus Brown, & Co.",,2,Mar,1895,6,April,1895,False,condensed,0.9,"Leda-Arendal-22,447 scantlings-Order; 102 fms. firewood-Duus Brown, & Co."
18950406p.639.txt,74,Thorsten,Gothenburg,LONDON,"245 doors-Sieveking, Podmore, & Co. 300 doors-Churchill & Sim; 2,000 bdls. laths, 31 doz. deals, 5,297 boards, 3,999 bdls., 16 cs. boxboards, 3,452 blocks, 47 bdls. mouldings, 20 bdls. trellis","Sieveking, Podmore, & Co.",2,Mar,1895,6,April,1895,True,condensed,0.9,"Thorsten (s)-Gothenburg-245 doors-Sieveking, Podmore, & Co.; 300 doors-Churchill & Sim; 2,000 bdls. laths, 31 doz. deals, 5,297 boards, 3,999 bdls., 16 cs. boxboards, 3,452 blocks, 47 bdls. mouldings, 20 bdls. trellis"
18950406p.639.txt,75,Orlando,Christiania,LONDON,"579 bags brush blocks-J. Keen 1,360 spars-Aldin & Co.; 97 bdls. boxboards-Soundy & Co.; 2,000 bdls. boxboards",J. Keen,2,Mar,1895,6,April,1895,True,condensed,0.9,"2 Orlando (s)-Christiania-579 bags brush blocks-J. Keen; 1,360 spars-Aldin & Co.; 97 bdls. boxboards-Soundy & Co.; 2,000 bdls. boxboards"
18950406p.639.txt,77,Gerda,Fredrikstad,LONDON,"202 fms. firewood-Duus, Brown, & Co.","Duus, Brown, & Co.",2,Mar,1895,6,April,1895,False,condensed,0.9,"Gerda-Fredrikstad-202 fms. firewood-Duus, Brown, & Co."
18950406p.639.txt,79,Eastern Star,Riga,LONDON,"8,166 sleepers",,2,Mar,1895,6,April,1895,True,condensed,0.9,"Eastern Star (s)-Riga-8,166 sleepers"
18950406p.639.txt,80,Annie Macdonald,Freemantle,LONDON,40 lds. timber,,29,Mar,1895,6,April,1895,False,condensed,0.9,Annie Macdonald-Freemantle-40 lds. timber
18950406p.639.txt,81,Roma,Drontheim,LONDON,"63,051 bdls. caseboards",,29,Mar,1895,6,April,1895,True,condensed,0.9,"30 Roma (s)-Drontheim-63,051 bdls. caseboards"
18950406p.639.txt,82,Condor,Bremen,LONDON,993 planks beech,,29,Mar,1895,6,April,1895,True,condensed,0.9,Condor (s)-Bremen-993 planks beech
18950406p.639.txt,83,Jane,Apalachicola,LONDON,586 pcs. timber,,29,Mar,1895,6,April,1895,False,condensed,0.9,Jane-Apalachicola-586 pcs. timber
18950406p.639.txt,85,Felicitas,Apalachicola,LYNN,"861 lds. sawn fir, 14 lds. deals-Thompson",Thompson,29,Mar,1895,6,April,1895,False,condensed,1.0,"Felicitas-Apalachicola-861 lds. sawn fir, 14 lds. deals-Thompson"
18950406p.639.txt,88,Courier,Sannesund,LYNN,13 c. fms. timber,,29,Mar,1895,6,April,1895,True,condensed,1.0,Courier (s)-Sannesund-13 c. fms. timber
18950406p.639.txt,89,Romeo,Drammen,LYNN,"2,600 bdls. staves-Bramwell & Fern",Bramwell & Fern,29,Mar,1895,6,April,1895,True,condensed,0.9,"Romeo (s)-Drammen-2,600 bdls. staves-Bramwell & Fern"
18950406p.639.txt,91,Marie Antoinette,Gothenburg,MIDDLESBRO',"145 pcs. hewn fir-Hanson, Brown & Co.","Hanson, Brown & Co.",28,Mar,1895,6,April,1895,False,standard_dash,1.0,"Mar. 28 Marie Antoinette-Gothenburg-145 pcs. hewn fir-Hanson, Brown & Co."
18950406p.639.txt,93,Panther,Drammen,MIDDLESBRO',"3,600 bdls. staves-Bramwell & Fern",Bramwell & Fern,28,Mar,1895,6,April,1895,True,standard_dash,1.0,"Mar. 28 Panther (s)-Drammen-3,600 bdls. staves-Bramwell & Fern"
18950406p.639.txt,95,Ofir,Risoer,NEWPORT,"390 lds. hewn fir-R. Gething, jun.","R. Gething, jun.",26,Mar,1895,6,April,1895,False,standard_dash,1.0,"Mar. 26 Ofir-Risoer-390 lds. hewn fir-R. Gething, jun."
18950406p.639.txt,96,Thomas Coats,Bordeaux,NEWPORT,"1,050 lds. hewn fir-Newport Pitwood Co.",Newport Pitwood Co.,27,Mar,1895,6,April,1895,False,condensed,1.0,"27 Thomas Coats-Bordeaux-1,050 lds. hewn fir-Newport Pitwood Co."
18950406p.639.txt,98,Nagertha,Christiania,NEWPORT,"562 lds. fir boards-Pierce, Watts, & Co.","Pierce, Watts, & Co.",30,Mar,1895,6,April,1895,False,standard_dash,1.0,"Mar. 30 Nagertha-Christiania-562 lds. fir boards-Pierce, Watts, & Co."
18950406p.639.txt,100,Lindenholmen,Gothenburg,NEWPORT,"295 lds. sleepers, 290 lds. pit props-J. Hall",J. Hall,30,Mar,1895,6,April,1895,False,condensed,0.9,"Lindenholmen-Gothenburg-295 lds. sleepers, 290 lds. pit props-J. Hall"
18950406p.639.txt,101,Hugin,Gothenburg,NEWPORT,"100 lds. pit props, 130 lds. sawn fir-E. W. Campbell",E. W. Campbell,30,Mar,1895,6,April,1895,False,condensed,0.9,"Hugin-Gothenburg-100 lds. pit props, 130 lds. sawn fir-E. W. Campbell"
18950406p.639.txt,102,Falke,Altona,NEWPORT,180 lds. sawn beech chocks-E. Wiener & Co.,E. Wiener & Co.,30,Mar,1895,6,April,1895,False,condensed,0.9,Falke-Altona-180 lds. sawn beech chocks-E. Wiener & Co.
18950406p.639.txt,104,Minnesota,Baltimore,NEWPORT,"25 lds. walnut logs-Williams, Torrey, & Co.","Williams, Torrey, & Co.",27,Mar,1895,6,April,1895,True,standard_dash,0.9,"Mar. 27 Minnesota (s)-Baltimore-25 lds. walnut logs-Williams, Torrey, & Co."
18950406p.639.txt,106,Viking,Gothenburg,TYNE,112 pkgs. wood,,26,Mar,1895,6,April,1895,True,standard_dash,1.0,"Mar. 26 Viking (s)-Gothenburg-112 pkgs. wood-pulp, 150 lds. props, 140 lds. sleepers, 65 lds. crowntrees, 160 lds. boards and battens"
18950406p.639.txt,107,Skarbo,Kragero,TYNE,"17,982 pit props",,26,Mar,1895,6,April,1895,False,condensed,1.0,"Skarbo-Kragero-17,982 pit props"
18950406p.639.txt,108,Helena,Skien,TYNE,"10,234 battens",,26,Mar,1895,6,April,1895,False,condensed,1.0,"29 Helena Skien-10,234 battens"
18950406p.639.txt,109,Royal Dane,Hamburg,TYNE,2 cases mouldings-Tyne Steamship Co.,Tyne Steamship Co.,26,Mar,1895,6,April,1895,True,condensed,1.0,Royal Dane (s)-Hamburg-2 cases mouldings-Tyne Steamship Co.
18950406p.639.txt,110,Vesta,Drammen,TYNE,"14,183 props",,26,Mar,1895,6,April,1895,False,condensed,0.9,"Vesta-Drammen-14,183 props"
18950406p.639.txt,111,Adelphi,Arendal,TYNE,"15,205 pcs. timber-Pyman, Bell, & Co.","Pyman, Bell, & Co.",26,Mar,1895,6,April,1895,False,condensed,0.9,"Adelphi-Arendal-15,205 pcs. timber-Pyman, Bell, & Co."
18950406p.639.txt,112,Nova Scotia,Fredrikstad,TYNE,"40,313 boards",,26,Mar,1895,6,April,1895,False,condensed,0.9,"Nova Scotia-Fredrikstad-40,313 boards"
18950406p.639.txt,113,Albatros,Risoer,TYNE,"7,658 deals and battens",,26,Mar,1895,6,April,1895,False,condensed,0.9,"Albatros-Risoer-7,658 deals and battens"
18950406p.639.txt,114,Tvende Familier,Christiansand,TYNE,"9,690 sleepers",,26,Mar,1895,6,April,1895,False,condensed,0.9,"Tvende Familier Christiansand-9,690 sleepers"
18950406p.639.txt,115,Orrik,Gothenburg,TYNE,"140 lds. battens, 30 lds. sleepers, 20 lds. props, 36 lds. spars, 25 lds. boards-J. Scott & Son",J. Scott & Son,26,Mar,1895,6,April,1895,True,condensed,0.9,"Orrik (s)-Gothenburg-140 lds. battens, 30 lds. sleepers, 20 lds. props, 36 lds. spars, 25 lds. boards-J. Scott & Son"
18950406p.639.txt,116,Urda,Kragero,TYNE,"13,180 props",,26,Mar,1895,6,April,1895,False,condensed,0.9,"Urda-Kragero-13,180 props"
18950406p.639.txt,117,John Ormston,Rotterdam,TYNE,1 case mould,,26,Mar,1895,6,April,1895,True,condensed,0.9,"John Ormston (s)-Rotterdam-1 case mould-ings, 1,069 bdls. hoops-Tyne Steamship Co."
18950406p.639.txt,118,Venus,Kragero,TYNE,"8,800 battens-H. Wilson & Co. from Trondhjem and Bergen-16 bdls. wood staves, 2,212 pcs.",H. Wilson & Co.,26,Mar,1895,6,April,1895,False,condensed,0.9,"Venus-Kragero-8,800 battens-H. Wilson & Co.; from Trondhjem and Bergen-16 bdls. wood staves, 2,212 pcs."
18950406p.639.txt,119,MISSING_FROM_OCR,Christiania,TYNE,"85 lds. mining timber, 120 bales woodpulp; from Laurvig",,26,Mar,1895,6,April,1895,False,condensed,0.9,"Christiania-85 lds. mining timber, 120 bales woodpulp; from Laurvig-60 lds. sleepers, 872 props, 6 lds. board ends"
18950406p.639.txt,121,Jenny,Drammen,TYNE,"23,573 pcs. pitwood, 4,048 pcs. pulpwood-Pyman, Bell","Pyman, Bell",2,Mar,1895,6,April,1895,False,condensed,0.9,"2 Jenny-Drammen-23,573 pcs. pitwood, 4,048 pcs. pulpwood-Pyman, Bell"
18950406p.639.txt,123,Matts August,Mobile,TYNE,712 lds. sawn fir-English Bros.,English Bros.,28,Mar,1895,6,April,1895,False,standard_dash,0.9,Mar. 28 Matts August-Mobile-712 lds. sawn fir-English Bros.
18950406p.639.txt,127,City of Liverpool,Rotterdam,TYNE,33 lds. hoops-J. C. Pinkerton & Co.,J. C. Pinkerton & Co.,28,Mar,1895,6,April,1895,False,standard_dash,0.9,Mar. 28 City of Liverpool-Rotterdam-33 lds. hoops-J. C. Pinkerton & Co.
18950406p.639.txt,129,Bognedalen,Fredrikstad,DUBLIN,"93,121 boards & battens-T. & C. Martin",T. & C. Martin,28,Mar,1895,6,April,1895,False,standard_dash,0.9,"Mar. 28 Bognedalen-Fredrikstad-93,121 boards & battens-T. & C. Martin"
18950406p.639.txt,130,Long,Oscar,DUBLIN,"Fredrikstad 61,937 boards-T. Graham",T. Graham,28,Mar,1895,6,April,1895,False,condensed,0.9,"Long Oscar-Fredrikstad 61,937 boards-T. Graham"
18950406p.639.txt,132,Sagona,Doboy,LONDONDERRY,"325 lds. hewn fir, 591 lds. sawn fir, 6 lds. deals-J. & J. Cooks",J. & J. Cooks,29,Mar,1895,6,April,1895,False,standard_dash,1.0,"Mar. 29 Sagona-Doboy-325 lds. hewn fir, 591 lds. sawn fir, 6 lds. deals-J. & J. Cooks"
18950406p.639.txt,138,Britannic,New York,LIVERPOOL,"12 walnut logs, 8 pcs. lumber-Whiteside, Johns, & Co.","Whiteside, Johns, & Co.",29,Mar,1895,6,April,1895,True,standard_dash,0.9,"Mar. 29 Britannic (s)-New York-12 walnut logs, 8 pcs. lumber-Whiteside, Johns, & Co."
18950406p.639.txt,139,Roman,Boston,LIVERPOOL,"1,746 staves-Farnworth & Jardine 987 pcs. lumber-Duncan, Ewing & Co.; 2,300 maple blocks, 5,041 pcs. lumber, 287 bdls. lumber",Farnworth & Jardine,29,Mar,1895,6,April,1895,True,condensed,0.9,"Roman (s)-Boston-1,746 staves-Farnworth & Jardine; 987 pcs. lumber-Duncan, Ewing & Co.; 2,300 maple blocks, 5,041 pcs. lumber, 287 bdls. lumber"
18950406p.639.txt,141,Isla de Panay,Manila,LIVERPOOL,qty.sapanwood,,29,Mar,1895,6,April,1895,True,condensed,0.9,Isla de Panay (s)-Manila-qty.sapanwood
18950406p.639.txt,142,Oregon,Portland,LIVERPOOL,"2,834 maple blocks-T. Mitchell 4,000 maple blocks-Mitchell",T. Mitchell,29,Mar,1895,6,April,1895,True,condensed,0.9,"Oregon (s)-Portland-2,834 maple blocks-T. Mitchell; 4,000 maple blocks-Mitchell"
18950406p.639.txt,145,Janet Ferguson,Rockingham,LONDON,"18,826 pcs. jarrah-McLean Bros. & Co.",McLean Bros. & Co.,29,Mar,1895,6,April,1895,False,standard_dash,0.9,"Mar. 29 Janet Ferguson-Rockingham-18,826 pcs. jarrah-McLean Bros. & Co."
18950406p.639.txt,147,Shropshire,Rangoon,TILBURY DOCKS,"3,502 teak planks",,29,Mar,1895,6,April,1895,True,condensed,1.0,"Shropshire (s)-Rangoon-3,502 teak planks"
18950406p.639.txt,149,Danish Prince,Cienfuegos,TILBURY DOCKS,94 logs mahogany-R. B. Watson & Son 38 logs mahogany-G. Shadbolt & Co.; 31 logs mahogany,R. B. Watson & Son,29,Mar,1895,6,April,1895,True,standard_dash,1.0,Mar. 29 Danish Prince (s)-Cienfuegos-94 logs mahogany-R. B. Watson & Son; 38 logs mahogany-G. Shadbolt & Co.; 31 logs mahogany
18950406p.639.txt,150,Stebbing City of Saxony,Cossack,TILBURY DOCKS,"3,839 pcs.",,29,Mar,1895,6,April,1895,False,condensed,1.0,"Stebbing City of Saxony-Cossack-3,839 pcs."
18950406p.639.txt,152,Oder,Cienfuegos,LONDON (TILBURY DOCKS),"1,060 logs mahogany-Farnworth, Runge, & Co.","Farnworth, Runge, & Co.",29,Mar,1895,6,April,1895,False,condensed,0.9,"Oder-Cienfuegos-1,060 logs mahogany-Farnworth, Runge, & Co."
18950420p.692_p001.txt,7,Snar,Fredrikstad,RESULTS OF TENDERS,"324 lds. flooring boards, 80 lds. deals, 18 lds. laths-Penny",Penny,8,Mar,1895,20,April,1895,False,condensed,0.9,"Snar-Fredrikstad-324 lds. flooring boards, 80 lds. deals, 18 lds. laths-Penny"
18950420p.692_p001.txt,8,William,Christiania,RESULTS OF TENDERS,455 lds. deals and boards-Somerset Trading Co.,Somerset Trading Co.,11,Mar,1895,20,April,1895,False,condensed,0.9,11 William-Christiania-455 lds. deals and boards-Somerset Trading Co.
18950420p.692_p001.txt,11,Kansas City,New York,BRISTOL,311 cedar logs-G. Adlam & Son,G. Adlam & Son,11,Mar,1895,20,April,1895,True,condensed,0.9,Kansas City (s)-New York-311 cedar logs-G. Adlam & Son
18950420p.692_p001.txt,12,Skuld,Nikskhald,BRISTOL,"48,369 planed boards, 1,025 lds. flooring, 2,829 bdls. slating battens, 1,000 bdls. firewood-Taylor & Low Bros.",Taylor & Low Bros.,11,Mar,1895,20,April,1895,False,condensed,0.9,"11 Skuld-Nikskhald-48,369 planed boards, 1,025 lds. flooring, 2,829 bdls. slating battens, 1,000 bdls. firewood-Taylor & Low Bros."
18950420p.692_p001.txt,13,Anna,Fredrikstad,BRISTOL,"53,864 flooring",,11,Mar,1895,20,April,1895,False,condensed,0.9,"13 Anna-Fredrikstad-53,864 flooring"
18950420p.692_p001.txt,14,Anna,Fredrikstad,BRISTOL,774 bdls. lathwood-Taylor,Taylor,13,Mar,1895,20,April,1895,False,condensed,0.9,13 Anna-Fredrikstad-774 bdls. lathwood-Taylor
18950420p.692_p001.txt,15,Bristol City,Stettin,BRISTOL,70 lds. oak-Heber Denty,Heber Denty,13,Mar,1895,20,April,1895,True,condensed,0.9,13 Bristol City (s)-Stettin-70 lds. oak-Heber Denty
18950420p.692_p001.txt,18,Skobeleff,Bordeaux,BRISTOL,"1,600 lds. pitwood-Watts, Morgan & Co.","Watts, Morgan & Co.",13,Mar,1895,20,April,1895,False,condensed,0.9,"Skobeleff-Bordeaux-1,600 lds. pitwood-Watts, Morgan & Co."
18950420p.692_p001.txt,19,W. I. Radcliffe,Bayonne,BRISTOL,"1,750 lds. pitwood-Cardiff Steam & Pitwood Co.",Cardiff Steam & Pitwood Co.,8,Mar,1895,20,April,1895,True,condensed,0.9,"8 W. I. Radcliffe (s)-Bayonne-1,750 lds. pitwood-Cardiff Steam & Pitwood Co."
18950420p.692_p001.txt,20,Gwentland,Bordeaux,BRISTOL,"1,000 lds. pitwood-Cory Bros. & Co.",Cory Bros. & Co.,8,Mar,1895,20,April,1895,False,condensed,0.9,"8 Gwentland-Bordeaux-1,000 lds. pitwood-Cory Bros. & Co."
18950420p.692_p001.txt,21,Garonne,Bordeaux,BRISTOL,"75 lds. spars-Thomas, & Co.","Thomas, & Co.",8,Mar,1895,20,April,1895,False,condensed,0.9,"8 Garonne-Bordeaux-75 lds. spars-Thomas, & Co."
18950420p.692_p001.txt,22,Gwent,Christiania,BRISTOL,75 lds. hewn fir-A. Lauder & Co.,A. Lauder & Co.,9,Mar,1895,20,April,1895,False,condensed,0.9,9 Gwent-Christiania-75 lds. hewn fir-A. Lauder & Co.
18950420p.692_p001.txt,23,Gwent,Bayonne,BRISTOL,"1,350 lds. hewn fir-A. Lauder & Co.",A. Lauder & Co.,9,Mar,1895,20,April,1895,False,condensed,0.9,"9 Gwent-Bayonne-1,350 lds. hewn fir-A. Lauder & Co."
18950420p.692_p001.txt,24,Garonne,Bordeaux,BRISTOL,900 lds. pitwood-Corfield,Corfield,10,Mar,1895,20,April,1895,False,condensed,0.9,10 Garonne-Bordeaux-900 lds. pitwood-Corfield
18950420p.692_p001.txt,25,Garonne,Ferrol,BRISTOL,350 lds. pitwood-Manzanos & Co.,Manzanos & Co.,10,Mar,1895,20,April,1895,False,condensed,0.9,10 Garonne-Ferrol-350 lds. pitwood-Manzanos & Co.
18950420p.692_p001.txt,26,Garonne,Camarenas,BRISTOL,210 lds. pitwood-Capson & Co.,Capson & Co.,11,Mar,1895,20,April,1895,False,condensed,0.9,11 Garonne-Camarenas-210 lds. pitwood-Capson & Co.
18950420p.692_p001.txt,29,Juno,Porsgrund,BRISTOL,250 lds. fir-Grandidge,Grandidge,11,Mar,1895,20,April,1895,False,condensed,0.9,Juno-Porsgrund-250 lds. fir-Grandidge
18950420p.692_p001.txt,32,Adler,Fredrikstad,BRISTOL,"398 lds. deals, 4 lds. battens-G. C. Fox & Co.",G. C. Fox & Co.,11,Mar,1895,20,April,1895,False,condensed,0.9,"Adler-Fredrikstad-398 lds. deals, 4 lds. battens-G. C. Fox & Co."
18950420p.692_p001.txt,35,Odin,Fredrikstad,FLEETWOOD,"874 lds. boards-J. Alsop, Lloyd, & Co. 904 lds. boards-J. P. Carter, Watts, & Co.","J. Alsop, Lloyd, & Co.",11,Mar,1895,20,April,1895,False,condensed,1.0,"Odin-Fredrikstad-874 lds. boards-J. Alsop, Lloyd, & Co.; 904 lds. boards-J. P. Carter, Watts, & Co."
18950420p.692_p001.txt,38,Gunnar,Fredrikstad,FOWEY,"333 lds. sawn fir, deals-Treffry, Clunes, & Co.","Treffry, Clunes, & Co.",11,Mar,1895,20,April,1895,False,condensed,1.0,"Gunnar-Fredrikstad-333 lds. sawn fir, deals-Treffry, Clunes, & Co."
18950420p.692_p001.txt,41,Oldham,Hamburg,FOWEY,60 lds. ashtrees-J. Sutcliffe & Son,J. Sutcliffe & Son,11,Mar,1895,20,April,1895,False,condensed,1.0,Oldham-Hamburg-60 lds. ashtrees-J. Sutcliffe & Son
18950420p.692_p001.txt,42,Gipsy,Gothenburg,GRIMSBY,"13 lds. laths, 28 lds. deals and stays, 174 lds. props-T. Wilson, Sons, & Co.","T. Wilson, Sons, & Co.",13,Mar,1895,20,April,1895,False,condensed,0.9,"13 Gipsy-Gothenburg-13 lds. laths, 28 lds. deals and stays, 174 lds. props-T. Wilson, Sons, & Co."
18950420p.692_p001.txt,43,Gipsy,Gothenburg,GRIMSBY,"1,574 pcs. mining timber-R. Wade, Sons, & Co.","R. Wade, Sons, & Co.",13,Mar,1895,20,April,1895,False,condensed,0.9,"13 Gipsy-Gothenburg-1,574 pcs. mining timber-R. Wade, Sons, & Co."
18950420p.692_p001.txt,47,Parisan,New York,LIVERPOOL,"25 bdls., 2,850 wood hoops, 1,130 scantlings, 1,000 pcs. lumber-Whiteside, Johns, & Co.","Whiteside, Johns, & Co.",13,Mar,1895,20,April,1895,True,condensed,0.9,"Parisan (s)-New York-25 bdls., 2,850 wood hoops, 1,130 scantlings, 1,000 pcs. lumber-Whiteside, Johns, & Co."
18950420p.692_p001.txt,49,Michigan,Boston,LIVERPOOL,"9,600 staves-Drysdale Bros.",Drysdale Bros.,9,Mar,1895,20,April,1895,True,condensed,0.9,"9 Michigan (s)-Boston-9,600 staves-Drysdale Bros."
18950420p.692_p001.txt,52,Barcelona,"Halifax, N.S.",LIVERPOOL,"6,068 pcs. hard",,9,Mar,1895,20,April,1895,True,condensed,0.9,"Barcelona (s)-Halifax, N.S.-6,068 pcs. hard-wood, 58 spruce deals, 62 pcs. hardwood, 122 spruce ends-Farnworth & Jardine"
18950420p.692_p001.txt,53,Barcelona,Nikskhald,LIVERPOOL,"123,504 flooring boards",,9,Mar,1895,20,April,1895,True,condensed,0.9,"16 Barcelona (s)-Nikskhald-123,504 flooring boards"
18950420p.692_p001.txt,54,Barcelona,Newport News,LIVERPOOL,"1,050 doors-Smith",Smith,16,Mar,1895,20,April,1895,True,condensed,0.9,"16 Barcelona (s)-Newport News-1,050 doors-Smith"
18950420p.692_p001.txt,57,Orion,New Orleans,LIVERPOOL,966 pcs. oak lumber,,16,Mar,1895,20,April,1895,True,condensed,0.9,Orion (s)-New Orleans-966 pcs. oak lumber
18950420p.692_p001.txt,58,Baltimore,Baltimore,LIVERPOOL,"176 pcs. oak planks, 510 shooks-Duncan, Ewing, & Co. 77 pcs. oak lumber-R. Coltart & Co.; 970 pcs. oak lumber-Order","Duncan, Ewing, & Co.",13,Mar,1895,20,April,1895,True,condensed,0.9,"13 Baltimore (s)-Baltimore-176 pcs. oak planks, 510 shooks-Duncan, Ewing, & Co.; 77 pcs. oak lumber-R. Coltart & Co.; 970 pcs. oak lumber-Order"
18950420p.692_p001.txt,59,Baltimore,Baltimore,LIVERPOOL,"310 staves-Farnworth & Jardine 72 oak planks, 510 shooks-Duncan, Ewing, & Co.; 46 hickory logs-R. Coltart & Co.; 400 poplar boards, 256 poplar squares, 1,164 bdls. hickory squares, 82 bdls. hickory logs-Ingham, & Co.; 82 bdls. hickory logs",Farnworth & Jardine,13,Mar,1895,20,April,1895,True,condensed,0.9,"13 Baltimore (s)-Baltimore-310 staves-Farnworth & Jardine; 72 oak planks, 510 shooks-Duncan, Ewing, & Co.; 46 hickory logs-R. Coltart & Co.; 400 poplar boards, 256 poplar squares, 1,164 bdls. hickory squares, 82 bdls. hickory logs-Ingham, & Co.; 82 bdls. hickory logs"
18950420p.692_p001.txt,62,Kensington,Philadelphia,LIVERPOOL,"7,500 maple blocks-Churchill & Sim 10 walnut logs",Churchill & Sim,13,Mar,1895,20,April,1895,True,condensed,0.9,"Kensington (s)-Philadelphia-7,500 maple blocks-Churchill & Sim; 10 walnut logs"
18950420p.692_p001.txt,66,Vanland,Gothenburg,LIVERPOOL,"8,075 bdls. laths; 525 bdls. laths-Bahr, Behrend, & Ross 750 bdls. laths-J. Griggs & Co.; 78,858 pit props, 8,557 pit poles, 1,940 pcs. mining timber-Osbeck & Co.","Bahr, Behrend, & Ross",13,Mar,1895,20,April,1895,True,condensed,0.9,"Vanland (s)-Gothenburg-8,075 bdls. laths; 525 bdls. laths-Bahr, Behrend, & Ross; 750 bdls. laths-J. Griggs & Co.; 78,858 pit props, 8,557 pit poles, 1,940 pcs. mining timber-Osbeck & Co."
18950420p.692_p001.txt,69,Engineer,New Orleans,LIVERPOOL,"2,400 staves-Drysdale Bros. 1,203 staves",Drysdale Bros.,13,Mar,1895,20,April,1895,True,condensed,0.9,"Engineer (s)-New Orleans-2,400 staves -Drysdale Bros.; 1,203 staves"
18950420p.692_p001.txt,72,Birdeswald,Danzig,LIVERPOOL,"8,014 staves",,13,Mar,1895,20,April,1895,True,condensed,0.9,"Birdeswald (s)-Danzig-8,014 staves"
18950420p.692_p001.txt,76,Alko,Arendal,LONDON,"83 fms. firewood-Messers 3,969 boards",Messers,13,Mar,1895,20,April,1895,False,condensed,0.9,"Alko-Arendal-83 fms. firewood-Messers; 3,969 boards"
18950420p.692_p001.txt,79,Thorsten,Gothenburg,LONDON,"430 doors, 386 bdls. mouldings, 51 bdls. trellis-Sandell & Co. 1,259 bdls. blocks-Vigers Bros.; 367 doors-Churchill & Sim; 118 pkgs. wood-Maxime & Co.; 109 pkgs. wood pkgs. wood-Bobbins-Jordeson & Forestry Co.; 3 pkgs. boards, 90 oars-Order; Co.; 2,341 bdls. boards, 3,052 yellow planed boards-Palfreman",Sandell & Co.,13,Mar,1895,20,April,1895,True,condensed,0.9,"Thorsten (s)-Gothenburg-430 doors, 386 bdls. mouldings, 51 bdls. trellis-Sandell & Co.; 1,259 bdls. blocks-Vigers Bros.; 367 doors-Churchill & Sim; 118 pkgs. wood-Maxime & Co.; 109 pkgs. wood pkgs. wood-Bobbins-Jordeson & Forestry Co.; 3 pkgs. boards, 90 oars-Order; Co.; 2,341 bdls. boards, 3,052 yellow planed boards-Palfreman"
18950420p.692_p001.txt,82,Marguerite,Blaye,LONDON,132 lds. pitwood-D. G. Hogg,D. G. Hogg,13,Mar,1895,20,April,1895,False,condensed,0.9,Marguerite-Blaye-132 lds. pitwood-D. G. Hogg
18950420p.692_p001.txt,83,Jacques,l'Eguille,LONDON,156 lds. hewn fir-Williams,Williams,13,Mar,1895,20,April,1895,False,condensed,0.9,13 Jacques-l'Eguille-156 lds. hewn fir-Williams
18950420p.692_p001.txt,84,Elizabeth,Pauillac,LONDON,192 lds. pitwood-D. Hogg,D. Hogg,13,Mar,1895,20,April,1895,False,condensed,0.9,Elizabeth-Pauillac-192 lds. pitwood-D. Hogg
18950420p.692_p001.txt,88,Neva,Gothenburg,LONDON,52 bdls. box boards,,13,Mar,1895,20,April,1895,True,condensed,0.9,Neva (s)-Gothenburg-52 bdls. box boards
18950420p.692_p001.txt,89,Barcelona,Halifax,LONDON,"4,639 spruce deals-A. Dickie 1,122 pine deals, 12,229 spruce deals, 184 spruce ends-H. M. M'Kay; 1,001 deals",A. Dickie,16,Mar,1895,20,April,1895,True,condensed,0.9,"16 Barcelona (s)-Halifax-4,639 spruce deals-A. Dickie; 1,122 pine deals, 12,229 spruce deals, 184 spruce ends-H. M. M'Kay; 1,001 deals"
18950420p.692_p001.txt,92,Rock City,"Halifax, N.S.",RUNCORN,"20,318 spruce deals, 860 ends-Farnworth & Jardine",Farnworth & Jardine,16,Mar,1895,20,April,1895,False,condensed,1.0,"Rock City-Halifax, N.S.-20,318 spruce deals, 860 ends-Farnworth & Jardine"
18950420p.692_p001.txt,95,Lizzie,Gothenburg,MILFORD,"109 lds. deals and battens, 135 lds. flooring boards, 11 lds. battens-Barker & Co.",Barker & Co.,16,Mar,1895,20,April,1895,False,condensed,1.0,"Lizzie-Gothenburg-109 lds. deals and battens, 135 lds. flooring boards, 11 lds. battens-Barker & Co."
18950420p.692_p001.txt,98,Thomas,Coats,NEWPORT,"Bordeaux 1,050 lds. hewn fir-Newport Pitwood Co.",Newport Pitwood Co.,16,Mar,1895,20,April,1895,False,condensed,1.0,"Thomas Coats-Bordeaux 1,050 lds. hewn fir-Newport Pitwood Co."
18950420p.692_p001.txt,99,MISSING_FROM_OCR,Hennebont,NEWPORT,"100 lds. pitwood-Watts, Williams, & Co.","Watts, Williams, & Co.",16,Mar,1895,20,April,1895,False,condensed,1.0,"Hennebont-100 lds. pitwood -Watts, Williams, & Co."
18950420p.692_p001.txt,100,Cirages Francais,Hennebont,NEWPORT,216 lds. pit-wood-Budd & Co.,wood-Budd & Co.,11,Mar,1895,20,April,1895,False,condensed,1.0,11 Cirages Francais-Hennebont-216 lds. pit-wood-Budd & Co.
18950420p.692_p001.txt,101,MISSING_FROM_OCR,Hennebont,NEWPORT,"115 lds. pitwood-Watts, Williams, & Co.","Watts, Williams, & Co.",11,Mar,1895,20,April,1895,False,condensed,1.0,"Hennebont-115 lds. pitwood-Watts, Williams, & Co."
18950420p.692_p001.txt,105,Oscarborg,Fredrikstad,NEWPORT,"288 lds. sawn fir, 36 lds. fir staves, 28 lds. hewn fir, 18 lds. firewood-Batten & Couch",Batten & Couch,11,Mar,1895,20,April,1895,False,condensed,0.9,"Oscarborg-Fredrikstad-288 lds. sawn fir, 36 lds. fir staves, 28 lds. hewn fir, 18 lds. firewood-Batten & Couch"
18950420p.692_p001.txt,108,Hildur,Fredrikstad,NEWPORT,450 lds. planed boards-James Bros. & Co.,James Bros. & Co.,11,Mar,1895,20,April,1895,False,condensed,0.9,Hildur-Fredrikstad-450 lds. planed boards-James Bros. & Co.
18950420p.692_p001.txt,112,Esmeralda,Fredrikstad,NEWPORT,"696 lds. fir boards-C. Taylor, Sons, & Co.","C. Taylor, Sons, & Co.",11,Mar,1895,20,April,1895,False,condensed,0.9,"Esmeralda-Fredrikstad-696 lds. fir boards-C. Taylor, Sons, & Co."
18950420p.692_p001.txt,113,Boomerang,Fredrikstad,NEWPORT,600 lds. fir boards-H. & G. Curwen & Co.,H. & G. Curwen & Co.,11,Mar,1895,20,April,1895,False,condensed,0.9,Boomerang-Fredrikstad-600 lds. fir boards-H. & G. Curwen & Co.
18950420p.692_p001.txt,114,Credo,Laurvig,NEWPORT,762 lds. fir boards-C. Taylor,C. Taylor,11,Mar,1895,20,April,1895,False,condensed,0.9,Credo-Laurvig-762 lds. fir boards-C. Taylor
18950420p.692_p001.txt,117,Justice,Dunkerque,NEWPORT,40 lds. trawl beams-F. Grant,F. Grant,11,Mar,1895,20,April,1895,False,condensed,0.9,Justice-Dunkerque-40 lds. trawl beams -F. Grant
18950420p.692_p001.txt,120,Alma,Havre,NEWPORT,4 tons hardwood-London and South-Western Railway,London and South-Western Railway,11,Mar,1895,20,April,1895,False,condensed,0.9,Alma-Havre-4 tons hardwood-London and South-Western Railway
18950420p.692_p001.txt,121,Haldis,Fredrikstad,NEWPORT,590 lds. sawn fir W. Quint Cole,,11,Mar,1895,20,April,1895,False,condensed,0.9,11 Haldis-Fredrikstad-590 lds. sawn fir W. Quint Cole
18950420p.692_p001.txt,122,Speed,Laurvig,NEWPORT,445 lds. sawn fir-Dolton,Dolton,13,Mar,1895,20,April,1895,False,condensed,0.9,13 Speed-Laurvig-445 lds. sawn fir-Dolton
18950420p.692_p001.txt,125,Robert,Gothenburg,NEWPORT,"188 lds. sawn fir, 1 ld. hewn fir-R. Trotter",R. Trotter,13,Mar,1895,20,April,1895,False,condensed,0.9,"Robert-Gothenburg-188 lds. sawn fir, 1 ld. hewn fir-R. Trotter"
18950420p.692_p001.txt,126,Chrysolite,Mobile,NEWPORT,"1,630 lds. sawn fir-Wilson",Wilson,13,Mar,1895,20,April,1895,False,condensed,0.9,"Chrysolite-Mobile-1,630 lds. sawn fir-Wilson"
18950420p.692_p001.txt,129,Bonganville,Vannes,NEWPORT,80 lds. pitwood-W. S. Vivian,W. S. Vivian,13,Mar,1895,20,April,1895,False,condensed,0.9,Bonganville-Vannes-80 lds. pitwood-W. S. Vivian
18950420p.692_p001.txt,130,Deux Freres,Arcachon,NEWPORT,310 lds. pitwood-Newport Pitwood Co.,Newport Pitwood Co.,13,Mar,1895,20,April,1895,False,condensed,0.9,Deux Freres-Arcachon-310 lds. pitwood-Newport Pitwood Co.
18950420p.692_p001.txt,131,Hebe,Hennebont,NEWPORT,105 lds. pitwood-,,13,Mar,1895,20,April,1895,False,condensed,0.9,Hebe-Hennebont-105 lds. pitwood-
18950420p.692_p001.txt,132,Mouchel Mjolner,Kragero,NEWPORT,200 lds. pitwood-J. Jones & Co.,J. Jones & Co.,13,Mar,1895,20,April,1895,False,condensed,0.9,Mouchel Mjolner-Kragero-200 lds. pitwood-J. Jones & Co.
18950420p.692_p001.txt,134,Fred,Risoer,NEWPORT,260 lds. pitwood-Jenkins,Jenkins,13,Mar,1895,20,April,1895,False,condensed,0.9,Fred-Risoer-260 lds. pitwood-Jenkins
18950420p.692_p001.txt,135,Gretha,Kragero,NEWPORT,360 lds. pitwood-D. Jenkins,D. Jenkins,13,Mar,1895,20,April,1895,False,condensed,0.9,Gretha-Kragero-360 lds. pitwood-D. Jenkins
18950420p.692_p001.txt,136,Adrian,Vannes,NEWPORT,130 lds. hewn fir-G. Taylor,G. Taylor,13,Mar,1895,20,April,1895,False,condensed,0.9,Adrian-Vannes-130 lds. hewn fir-G. Taylor
18950420p.692_p001.txt,137,Mignone,St. Estephe,NEWPORT,100 lds. hewn fir-W. Davies & Co.,W. Davies & Co.,13,Mar,1895,20,April,1895,False,condensed,0.9,Mignone-St. Estephe-100 lds. hewn fir-W. Davies & Co.
18950420p.692_p001.txt,138,Boncan,Bayonne,NEWPORT,"1,200 lds. pitwood-A. Capelle",A. Capelle,11,Mar,1895,20,April,1895,True,condensed,0.9,"11 Boncan (s)-Bayonne-1,200 lds. pitwood-A. Capelle"
18950420p.692_p001.txt,139,Primus,Tvedestrand,NEWPORT,260 lds. pitwood-W. Thomas,W. Thomas,11,Mar,1895,20,April,1895,False,condensed,0.9,13 Primus Tvedestrand-260 lds. pitwood-W. Thomas
18950420p.692_p001.txt,142,Felix,Holmestrand,TYNE,"32,483 pit props",,11,Mar,1895,20,April,1895,False,condensed,1.0,"Felix-Holmestrand-32,483 pit props"
18950420p.692_p001.txt,143,California,New York,TYNE,"900 pcs. lumber, 595 shooks-Furness",Furness,11,Mar,1895,20,April,1895,True,condensed,1.0,"California (s)-New York-900 pcs. lumber, 595 shooks-Furness"
18950420p.692_p001.txt,147,Mercur,Drammen,TYNE,"75,481 props",,11,Mar,1895,20,April,1895,False,condensed,0.9,"Mercur-Drammen-75,481 props"
18950420p.692_p001.txt,148,Mercur,Drammen,TYNE,"42,558 boards",,11,Mar,1895,20,April,1895,False,condensed,0.9,"10 Mercur-Drammen-42,558 boards"
18950420p.692_p001.txt,149,Mercur,Drammen,TYNE,"46,792 props",,11,Mar,1895,20,April,1895,False,condensed,0.9,"10 Mercur-Drammen-46,792 props"
18950420p.692_p001.txt,150,Ida,Holmestrand,TYNE,"32,464 props",,11,Mar,1895,20,April,1895,False,condensed,0.9,"11 Ida-Holmestrand-32,464 props"
18950420p.692_p001.txt,151,Sigvald Jarl,Throndjemes and Bergen,TYNE,"1,500 posts, 1,158 battens",,11,Mar,1895,20,April,1895,True,condensed,0.9,"11 Sigvald Jarl (s)-Throndjemes and Bergen-1,500 posts, 1,158 battens"
18950420p.692_p001.txt,152,Sperling,Gothenburg,TYNE,"200 lds. firwood, 36 lds. sleepers, 200 lds. pit props, 115 bdls. boards, 100 doors, 239 pkgs. woodpulp",,11,Mar,1895,20,April,1895,True,condensed,0.9,"11 Sperling (s)-Gothenburg-200 lds. firwood, 36 lds. sleepers, 200 lds. pit props, 115 bdls. boards, 100 doors, 239 pkgs. woodpulp"
18950420p.692_p001.txt,153,Sperling,Christiania,TYNE,"100 lds. mining timber; from Skien from Arendal-2,825 battens",,11,Mar,1895,20,April,1895,True,condensed,0.9,"11 Sperling (s)-Christiania-100 lds. mining timber; from Skien-3,945 battens; from Arendal-2,825 battens"
18950420p.692_p001.txt,154,Octa,Gothenburg,TYNE,"2 pcs. oak, 50 lds. battens, 18 lds. firwood",,11,Mar,1895,20,April,1895,True,condensed,0.9,"13 Octa (s)-Gothenburg-2 pcs. oak, 50 lds. battens, 18 lds. firwood"
18950420p.692_p001.txt,155,Atlas,Drammen,TYNE,"27,657 pit props",,11,Mar,1895,20,April,1895,False,condensed,0.9,"13 Atlas-Drammen-27,657 pit props"
18950420p.692_p001.txt,156,Achilles,Drammen,TYNE,"57,791 props",,11,Mar,1895,20,April,1895,False,condensed,0.9,"13 Achilles-Drammen-57,791 props"
18950420p.692_p001.txt,157,Henry,Falkenberg,TYNE,"89,565 props",,11,Mar,1895,20,April,1895,False,condensed,0.9,"13 Henry-Falkenberg-89,565 props"
18950420p.692_p001.txt,158,Clide,Drammen,TYNE,"2,468 props, 1,200 pcs. timber",,11,Mar,1895,20,April,1895,False,condensed,0.9,"13 Clide-Drammen-2,468 props, 1,200 pcs. timber"
18950420p.692_p001.txt,159,Clide,Fredrikstad,TYNE,"24,043 boards, 627 doors, 30 lds. boards-Knott-Barker",Knott-Barker,13,Mar,1895,20,April,1895,False,condensed,0.9,"13 Clide-Fredrikstad-24,043 boards, 627 doors, 30 lds. boards-Knott-Barker"
18950420p.692_p001.txt,162,Sirius,Arendal,TYNE,"58 lds. square fir, 296 lds. round fir, 8 lds. props-Napier & Render",Napier & Render,13,Mar,1895,20,April,1895,False,condensed,0.9,"Sirius-Arendal-58 lds. square fir, 296 lds. round fir, 8 lds. props-Napier & Render"
18950420p.692_p001.txt,163,Stettin,Stettin,TYNE,215 lds. props-H. M. Gehrckens,H. M. Gehrckens,11,Mar,1895,20,April,1895,True,condensed,0.9,11 Stettin (s)-Stettin-215 lds. props-H. M. Gehrckens
18950420p.692_p001.txt,164,Stettin,Stettin,TYNE,120 lds. props-Pedersen & Co.,Pedersen & Co.,11,Mar,1895,20,April,1895,True,condensed,0.9,11 Stettin (s)-Stettin-120 lds. props-Pedersen & Co.
18950420p.692_p001.txt,165,Marie,Tvedestrand,TYNE,"225 lds. mining timber, 35 lds. props-Hans Erichsen & Co.",Hans Erichsen & Co.,13,Mar,1895,20,April,1895,False,condensed,0.9,"13 Marie-Tvedestrand-225 lds. mining timber, 35 lds. props-Hans Erichsen & Co."
18950420p.692_p001.txt,169,Cicero,Stettin,TYNE,270 pcs. oak-W. Moran & Son,W. Moran & Son,13,Mar,1895,20,April,1895,True,condensed,0.9,Cicero (s)-Stettin-270 pcs. oak-W. Moran & Son
18950420p.692_p001.txt,170,Cicero,Odessa,TYNE,43 oak logs-T. Walker,T. Walker,10,Mar,1895,20,April,1895,True,condensed,0.9,10 Cicero (s)-Odessa-43 oak logs-T. Walker
18950420p.692_p001.txt,171,Romeo,Christiania,TYNE,"2,000 bdls. boards-Wilson, Sons, & Co. 722 pcs. round timber-Henry Smith & Co.","Wilson, Sons, & Co.",10,Mar,1895,20,April,1895,True,condensed,0.9,"10 Romeo (s)-Christiania-2,000 bdls. boards -Wilson, Sons, & Co.; 722 pcs. round timber-Henry Smith & Co."
18950420p.692_p001.txt,172,Romeo,Libau,TYNE,"2,000 pcs. oakwood-Napier & Render",Napier & Render,10,Mar,1895,20,April,1895,True,condensed,0.9,"10 Romeo (s)-Libau-2,000 pcs. oakwood-Napier & Render"
18950420p.692_p001.txt,173,Romeo,Libau,TYNE,10 pcs. aspenwood-Lancashire & Yorkshire Ry.,Lancashire & Yorkshire Ry.,10,Mar,1895,20,April,1895,True,condensed,0.9,10 Romeo (s)-Libau-10 pcs. aspenwood-Lancashire & Yorkshire Ry.
18950420p.692_p001.txt,174,Romeo,Libau,TYNE,"139 pcs. alder, 1,706 pcs. birch-T. W. Allen",T. W. Allen,10,Mar,1895,20,April,1895,True,condensed,0.9,"10 Romeo (s)-Libau-139 pcs. alder, 1,706 pcs. birch-T. W. Allen"
18950420p.692_p001.txt,175,Romeo,Libau,TYNE,"1,512 pcs. birch-Russell",Russell,10,Mar,1895,20,April,1895,True,condensed,0.9,"10 Romeo (s)-Libau-1,512 pcs. birch-Russell"
18950420p.692_p001.txt,176,Una,Gothenburg,TYNE,"2,026 pit props-Chas. Wells & Co. 1,114 bdls. staves-H. Newsum, Sons, & Co.; 2,100 bdls. laths, 5,000 bdls. blocks-J. H. Wilson",Chas. Wells & Co.,10,Mar,1895,20,April,1895,True,condensed,0.9,"10 Una (s)-Gothenburg-2,026 pit props-Chas. Wells & Co.; 1,114 bdls. staves-H. Newsum, Sons, & Co.; 2,100 bdls. laths, 5,000 bdls. blocks-J. H. Wilson"
18950420p.692_p001.txt,179,Brosen,Falkenberg,TYNE,"10,717 pit props-Chas. Wells & Co. 4,688 deals-H. Newsum",Chas. Wells & Co.,10,Mar,1895,20,April,1895,True,condensed,0.9,"Brosen (s)-Falkenberg-10,717 pit props-Chas. Wells & Co.; 4,688 deals-H. Newsum"
18950420p.692_p001.txt,180,Hindoo,New York,TYNE,"4,023 pcs. oak, 29 logs walnut, 407 bdls., 270 pcs. wood-T. Wilson",T. Wilson,13,Mar,1895,20,April,1895,True,condensed,0.9,"13 Hindoo (s)-New York-4,023 pcs. oak, 29 logs walnut, 407 bdls., 270 pcs. wood-T. Wilson"
18950420p.692_p001.txt,181,Libertas,Drammen,TYNE,"11,455 pit props-Pyman",Pyman,16,Mar,1895,20,April,1895,False,condensed,0.9,"16 Libertas-Drammen-11,455 pit props-Pyman"
18950420p.692_p001.txt,184,Cato,Danzig,TYNE,"8,177 chocks wood, 33,849 staves-T. Wilson, Sons, & Co.","T. Wilson, Sons, & Co.",16,Mar,1895,20,April,1895,True,condensed,0.9,"Cato (s)-Danzig-8,177 chocks wood, 33,849 staves-T. Wilson, Sons, & Co."
18950420p.692_p001.txt,187,Aina,Halmstad,TYNE,"11,421 pit props-Henry Smith & Co.",Henry Smith & Co.,16,Mar,1895,20,April,1895,True,condensed,0.9,"Aina (s)-Halmstad-11,421 pit props-Henry Smith & Co."
18950420p.692_p001.txt,188,Aina,Christiania,TYNE,"3,045 spars, Soblemsten poles, rickers, and boathooks-J. Sutcliffe & Son",J. Sutcliffe & Son,16,Mar,1895,20,April,1895,True,condensed,0.9,"16 Aina (s)-Christiania - 3,045 spars, Soblemsten poles, rickers, and boathooks-J. Sutcliffe & Son"
18950420p.692_p001.txt,189,Aina,Gothenburg,TYNE,Drummen,,16,Mar,1895,20,April,1895,True,condensed,0.9,"16 Aina (s)-Gothenburg-Drummen-75,481 props"
18950420p.692_p001.txt,190,Aina,Gothenburg,TYNE,Drummen,,16,Mar,1895,20,April,1895,True,condensed,0.9,"16 Aina (s)-Gothenburg-Drummen-42,558 boards"
18950420p.692_p001.txt,191,Aina,Gothenburg,TYNE,Drummen,,16,Mar,1895,20,April,1895,True,condensed,0.9,"16 Aina (s)-Gothenburg-Drummen-46,792 props"
18950420p.692_p001.txt,192,Aina,Gothenburg,TYNE,"1,200 pcs. round mining timber-T. Wilson, Sons, & Co. 11,751 props, 1,394 spruce poles-Order","T. Wilson, Sons, & Co.",16,Mar,1895,20,April,1895,True,condensed,0.9,"16 Aina (s)-Gothenburg-1,200 pcs. round mining timber-T. Wilson, Sons, & Co.; 11,751 props, 1,394 spruce poles-Order"
18950420p.692_p001.txt,193,Aina,Gothenburg,TYNE,"1,128 doors, 298 pkgs. woodware, 1,000 bdls. laths, 4,300 pcs. wood-T. Wilson, Sons, & Co.","T. Wilson, Sons, & Co.",16,Mar,1895,20,April,1895,True,condensed,0.9,"16 Aina (s)-Gothenburg-1,128 doors, 298 pkgs. woodware, 1,000 bdls. laths, 4,300 pcs. wood-T. Wilson, Sons, & Co."
18950420p.692_p001.txt,194,Inga,Fredrikstad,TYNE,"24,043 boards, 627 doors, 30 lds. boards-Knott-Barker",Knott-Barker,16,Mar,1895,20,April,1895,False,condensed,0.9,"16 Inga-Fredrikstad-24,043 boards, 627 doors, 30 lds. boards-Knott-Barker"
18950420p.692_p001.txt,195,Pavonia,Gothenburg,TYNE,"2 pcs. oak, 50 lds. battens, 18 lds. firwood",,16,Mar,1895,20,April,1895,True,condensed,0.9,"17 Pavonia (s)-Gothenburg-2 pcs. oak, 50 lds. battens, 18 lds. firwood"
18950420p.692_p001.txt,196,Pavonia,Gothenburg,TYNE,"27,657 pit props",,16,Mar,1895,20,April,1895,True,condensed,0.9,"17 Pavonia (s)-Gothenburg-27,657 pit props"
18950420p.692_p001.txt,197,Pavonia,Gothenburg,TYNE,"57,791 props",,16,Mar,1895,20,April,1895,True,condensed,0.9,"17 Pavonia (s)-Gothenburg-57,791 props"
18950420p.692_p001.txt,198,Pavonia,Gothenburg,TYNE,"89,565 props",,16,Mar,1895,20,April,1895,True,condensed,0.9,"17 Pavonia (s)-Gothenburg-89,565 props"
18950420p.692_p001.txt,199,Pavonia,Gothenburg,TYNE,"2,468 props, 1,200 pcs. timber",,16,Mar,1895,20,April,1895,True,condensed,0.9,"17 Pavonia (s)-Gothenburg-2,468 props, 1,200 pcs. timber"
18950420p.692_p001.txt,203,Lord Lansdowne,Baltimore,TYNE,"25 tons ebony planks, 9 tons elm logs-T. Dixon & Sons 88 bdls. poplar squares-Lythe & Pollock",T. Dixon & Sons,16,Mar,1895,20,April,1895,False,condensed,0.9,"Lord Lansdowne-Baltimore-25 tons ebony planks, 9 tons elm logs,-T. Dixon & Sons; 88 bdls. poplar squares-Lythe & Pollock"
18950420p.692_p001.txt,204,Martha,Fredrikstad,TYNE,437 lds. fir boards-Robb Bros.,Robb Bros.,10,Mar,1895,20,April,1895,False,condensed,0.9,10 Martha-Fredrikstad-437 lds. fir boards-Robb Bros.
18950420p.692_p001.txt,205,City of Bristol,Rotterdam,TYNE,9 1/4 lds. hoops-J. C. Pinkerton & Co.,J. C. Pinkerton & Co.,10,Mar,1895,20,April,1895,False,condensed,0.9,10 City of Bristol - Rotterdam - 9 1/4 lds. hoops-J. C. Pinkerton & Co.
18950420p.692_p001.txt,208,Hedevig,Fredrikstad,CORK,809 lds. sawn fir-B. Haughton & Co.,B. Haughton & Co.,10,Mar,1895,20,April,1895,False,condensed,0.9,Hedevig-Fredrikstad-809 lds. sawn fir-B. Haughton & Co.
18950420p.692_p001.txt,209,Urania,Fredrikstad,CORK,537 lds. boards and battens-J. W. Richey,J. W. Richey,10,Mar,1895,20,April,1895,False,condensed,0.9,10 Urania-Fredrikstad-537 lds. boards and battens-J. W. Richey
18950420p.692_p001.txt,212,Agdar,Fredrikstad,DUBLIN,"60,194 flooring boards, 2,027 scantlings, 200 spars-Brooks",Brooks,10,Mar,1895,20,April,1895,False,condensed,0.9,"Agdar-Fredrikstad - 60,194 flooring boards, 2,027 scantlings, 200 spars-Brooks"
18950420p.692_p001.txt,217,Queensmore,Baltimore,LIVERPOOL,"8,583 walnut squares-Duncan, Ewing, & Co. 26 hickory logs-Farnworth & Jardine; 94 hickory logs-Potts & Redhead; 800 bdls. wood strips-J. Gardner & Sons; 230 pcs. oak lumber","Duncan, Ewing, & Co.",10,Mar,1895,20,April,1895,True,condensed,0.9,"Queensmore (s) - Baltimore-8,583 walnut squares-Duncan, Ewing, & Co.; 26 hickory logs-Farnworth & Jardine; 94 hickory logs-Potts & Redhead; 800 bdls. wood strips-J. Gardner & Sons; 230 pcs. oak lumber"
18950420p.692_p001.txt,218,Adriatic,New York,LIVERPOOL,"700 bdls. staves-Drysdale Bros. 1,058 lancewood spars-Backerley & Co.; 5,550 pcs. lumber-Whiteside, Johns, & Co.; 333 sticks lignum-vitae-T. Nickels & Co.; 1,000 staves",Drysdale Bros.,10,Mar,1895,20,April,1895,True,condensed,0.9,"10 Adriatic (s)-New York-700 bdls. staves-Drysdale Bros.; 1,058 lancewood spars-Backerley & Co.; 5,550 pcs. lumber-Whiteside, Johns, & Co.; 333 sticks lignum-vitae-T. Nickels & Co.; 1,000 staves"
18950420p.692_p001.txt,219,Auric,New York,LIVERPOOL,338 lancewood spars,,10,Mar,1895,20,April,1895,True,condensed,0.9,10 Auric (s)-New York-338 lancewood spars
18950420p.692_p001.txt,220,Georgian,Boston,LIVERPOOL,"2,000 staves-Farnworth & Jardine 388 pcs. lumber",Farnworth & Jardine,10,Mar,1895,20,April,1895,True,condensed,0.9,"10 Georgian (s)-Boston-2,000 staves-Farnworth & Jardine; 388 pcs. lumber"
18950420p.692_p001.txt,221,Cambroman,Boston,LIVERPOOL,"2,636 staves-A. Dobell & Co. 1,264 maple blocks-T. Mitchell & Co.; 5,950 staves-Farnworth & Jardine",A. Dobell & Co.,10,Mar,1895,20,April,1895,True,condensed,0.9,"10 Cambroman (s)-Boston - 2,636 staves - A. Dobell & Co.; 1,264 maple blocks-T. Mitchell & Co.; 5,950 staves-Farnworth & Jardine"
18950420p.692_p001.txt,222,Taurania,New York,LIVERPOOL,"7,470 staves",,10,Mar,1895,20,April,1895,True,condensed,0.9,"10 Taurania (s)-New York-7,470 staves"
18950420p.692_p001.txt,223,Michigan,Boston,LIVERPOOL,"4,487 maple blocks-Moorhouse & Mitchell 5,008 staves-Farnworth & Jardine",Moorhouse & Mitchell,10,Mar,1895,20,April,1895,True,condensed,0.9,"10 Michigan (s)-Boston-4,487 maple blocks-Moorhouse & Mitchell; 5,008 staves-Farnworth & Jardine"
18950420p.692_p001.txt,224,Pavonia,Boston,LIVERPOOL,"974 pcs. maple-T. Meadows & Co. 1,748 maple blocks-T. Mitchell",T. Meadows & Co.,10,Mar,1895,20,April,1895,True,condensed,0.9,"10 Pavonia (s) - Boston - 974 pcs. maple-T. Meadows & Co.; 1,748 maple blocks-T. Mitchell"
18950420p.692_p001.txt,227,Baring Brothers,San Francisco,LIVERPOOL,"12,698 pcs. redwood lumber-Farnworth & Jardine",Farnworth & Jardine,10,Mar,1895,20,April,1895,False,condensed,0.9,"Baring Brothers-San Francisco-12,698 pcs. redwood lumber-Farnworth & Jardine"
18950420p.692_p001.txt,228,Baring Brothers,Demerara,LIVERPOOL,213 logs greenheart-E. Parker & Co.,E. Parker & Co.,13,Mar,1895,20,April,1895,False,condensed,0.9,13 Baring Brothers-Demerara-213 logs greenheart-E. Parker & Co.
18950420p.692_p001.txt,231,Leon,Puerto Plata,LIVERPOOL,"664 logs mahogany, 25 log ends-E. Chaloner & Co.",E. Chaloner & Co.,13,Mar,1895,20,April,1895,False,condensed,0.9,"Leon-Puerto Plata-664 logs mahogany, 25 log ends-E. Chaloner & Co."
18950420p.692_p001.txt,234,Benin,Assinee,COBURG DOCK,11 logs mahogany-Imperial West African Co. 2 logs mahogany -Symington & Co.; 4 logs mahogany-Maclaunt Bros.; 3 logs mahogany Radcliffe & Durant; 1 log mahogany-Millward & Bradbury; 5 logs mahogany-Bowden,Imperial West African Co.,13,Mar,1895,20,April,1895,True,condensed,1.0,Benin (s)-Assinee-11 logs mahogany-Imperial West African Co.; 2 logs mahogany -Symington & Co.; 4 logs mahogany-Maclaunt Bros.; 3 logs mahogany Radcliffe & Durant; 1 log mahogany-Millward & Bradbury; 5 logs mahogany-Bowden
18950420p.692_p001.txt,237,Sylfid,Rio Hacha,COBURG DOCK,"759 pcs. Nica-raguan wood-Leech, Harrison, & Co.","raguan wood-Leech, Harrison, & Co.",13,Mar,1895,20,April,1895,True,condensed,1.0,"Sylfid (s)-Rio Hacha-759 pcs. Nica-raguan wood-Leech, Harrison, & Co."
18950420p.692_p001.txt,240,Coromandel,New Orleans,LIVERPOOL (COBURG DOCK),"2,400 staves",,13,Mar,1895,20,April,1895,True,condensed,0.9,"Coromandel (s)-New Orleans-2,400 staves"
18950420p.692_p001.txt,241,Greece,New Orleans,LIVERPOOL (COBURG DOCK),"3,489 pcs. walnut-H. L. Jones & Co.",H. L. Jones & Co.,16,Mar,1895,20,April,1895,True,condensed,0.9,"16 Greece (s)-New Orleans-3,489 pcs. walnut-H. L. Jones & Co."
18950420p.692_p001.txt,245,Adler,Bremen,LIVERPOOL (COBURG DOCK),11 logs mahogany,,16,Mar,1895,20,April,1895,True,condensed,0.9,Adler (s)-Bremen-11 logs mahogany
18950420p.692_p001.txt,248,Cascapedia,New York,LIVERPOOL (COBURG DOCK),"2,190 pcs. planks-R. & J. H. Rea",R. & J. H. Rea,16,Mar,1895,20,April,1895,True,condensed,0.9,"Cascapedia (s)-New York-2,190 pcs. planks-R. & J. H. Rea"
18950420p.692_p001.txt,249,Alecto,New York,LIVERPOOL (COBURG DOCK),"1,203 staves, 40 bdls. walnut-Churchill & Sim 100 Herrmann; 100 pcs. walnut-Cobbett & Co.; Range & Co.; 49 pcs. walnut-Order; 354 lancewood spars-Churchill & Sons",Churchill & Sim,16,Mar,1895,20,April,1895,True,condensed,0.9,"Alecto (s)-New York-1,203 staves, 40 bdls. walnut-Churchill & Sim; 100 Herrmann; 100 pcs. walnut-Cobbett & Co.; Range & Co.; 49 pcs. walnut-Order; 354 lancewood spars-Churchill & Sons"
18950420p.692_p001.txt,252,Maryland,New York,LIVERPOOL (COBURG DOCK),"8,014 staves",,16,Mar,1895,20,April,1895,True,condensed,0.9,"Maryland (s)-New York-8,014 staves"
18950420p.692_p001.txt,253,Montana,Baltimore,LIVERPOOL (COBURG DOCK),156 logs mahogany,,16,Mar,1895,20,April,1895,True,condensed,0.9,Montana (s)-Baltimore-156 logs mahogany
18950420p.692_p001.txt,256,Blonde,Mobile,LIVERPOOL (COBURG DOCK),"1,203 staves, 98 teak balks",,16,Mar,1895,20,April,1895,True,condensed,0.9,"Blonde (s)-Mobile-1,203 staves, 98 teak balks"
18950420p.692_p002.txt,3,Mexico,Rangoon,LIVERPOOL (COBURG DOCK),"8,370 pcs. teak, 110 simmon logs, 6,426 teak planks-Duncan, Ewing, & Co.","Duncan, Ewing, & Co.",16,Mar,1895,20,April,1895,True,condensed,0.9,"Mexico (s)-Rangoon-8,370 pcs. teak, 110 simmon logs, 6,426 teak planks-Duncan, Ewing, & Co."
18950420p.692_p002.txt,4,Romulus,"Charleston, S.C.",LIVERPOOL (COBURG DOCK),"2,506 staves",,16,Mar,1895,20,April,1895,True,condensed,0.9,"Romulus (s)-Charleston, S.C.-2,506 staves"
18950420p.692_p002.txt,5,Shropshire,Rangoon,LIVERPOOL (COBURG DOCK),600 teak planks,,16,Mar,1895,20,April,1895,True,condensed,0.9,Shropshire (s)-Rangoon-600 teak planks
18950420p.692_p002.txt,7,Pegu,Rangoon,LIVERPOOL (COBURG DOCK),"17 teak squares, 110 teak planks-Duncan, Ewing, & Co. 1,558 pos. teak, 98 teak flitches","Duncan, Ewing, & Co.",16,Mar,1895,20,April,1895,True,condensed,0.9,"Pegu (s)-Rangoon-17 teak squares, 110 teak planks-Duncan, Ewing, & Co.; 1,558 pos. teak, 98 teak flitches"
18950420p.692_p002.txt,11,Perm,Copenhagen,LONDON,1 log maple-Gardiner & Co.,Gardiner & Co.,16,Mar,1895,20,April,1895,True,condensed,0.9,Perm (s)-Copenhagen-1 log maple-Gardiner & Co.
18950420p.692_p002.txt,12,Mohawk,New York,LONDON,"514 pcs. poma wood, 262 pcs. hardwood, 156 lancewood spars, 2,600 pcs. lumber",,16,Mar,1895,20,April,1895,True,condensed,0.9,"Mohawk (s)-New York-514 pcs. poma wood, 262 pcs. hardwood, 156 lancewood spars, 2,600 pcs. lumber"
18950420p.692_p002.txt,14,Mohawk,New York,LONDON,"1,271 beech planks.",,16,Mar,1895,20,April,1895,True,condensed,0.9,"Mohawk (s)-New York-1,271 beech planks."
18950420p.692_p002.txt,15,Coromandel,Marseilles,LONDON,22 logs wood,,16,Mar,1895,20,April,1895,True,condensed,0.9,Coromandel (s)-Marseilles-22 logs wood
18950420p.692_p002.txt,16,Quebec,New York,LONDON,"222 bdls. satin and walnut-H. Lebus 1,801 bdls., 542 staves-Hattley Hay; 2,000 bdls. staves",H. Lebus,16,Mar,1895,20,April,1895,True,condensed,0.9,"Quebec (s)-New York-222 bdls. satin and walnut - H. Lebus; 1,801 bdls., 542 staves-Hattley Hay; 2,000 bdls. staves"
18950420p.692_p002.txt,18,Adler,Bremen,LONDON,"1,271 beech planks.",,16,Mar,1895,20,April,1895,True,condensed,0.9,"Adler (s)-Bremen-1,271 beech planks."
18950420p.692_p002.txt,20,Cascapedia,Singapore,LONDON,"1,141 teak planks-R. & J. Henderson",R. & J. Henderson,16,Mar,1895,20,April,1895,True,condensed,0.9,"Cascapedia (s)-Singapore-1,141 teak planks-R. & J. Henderson"
18950420p.692_p002.txt,21,Alecto,New York,LONDON,"4,101 pcs. walnut, 40 bdls. walnut squares, 76 bdls. oak-H. Herrmann 100 pkgs. mahogany-Melchers Runge & Co.; 482 pcs., 522 bdls. lumber-Order; 354 lancewood spars-H. Kendall & Sons",H. Herrmann,16,Mar,1895,20,April,1895,True,condensed,0.9,"Alecto (s)-New York-4,101 pcs. walnut, 40 bdls. walnut squares, 76 bdls. oak-H. Herrmann; 100 pkgs. mahogany-Melchers Runge & Co.; 482 pcs., 522 bdls. lumber-Order; 354 lancewood spars-H. Kendall & Sons"
18950420p.692_p002.txt,23,Maryland,Philadelphia,LONDON,"4,500 staves",,16,Mar,1895,20,April,1895,True,condensed,0.9,"Maryland (s)-Philadelphia-4,500 staves"
18950420p.692_p002.txt,24,Montana,Baltimore,LONDON,"20,777 pcs. lumber",,16,Mar,1895,20,April,1895,True,condensed,0.9,"Montana (s)-Baltimore-20,777 pcs. lumber"
18950420p.692_p002.txt,26,Blonde,Danzig,LONDON,"6,516 staves, 200 balks",,16,Mar,1895,20,April,1895,True,condensed,0.9,"Blonde (s)-Danzig-6,516 staves, 200 balks"
18950420p.697.txt,24,Glasgow.,Glazier,RESULTS OF TENDERS,"R. Graham, 45, Castle Street, Edinburgh J. P. McPhie & Co., 31, Paisley Road, Glasgow.",,16,Mar,1895,20,April,1895,False,condensed,0.9,"Glasgow. Glazier—R. Graham, 45, Castle Street, Edinburgh; J. P. McPhie & Co., 31, Paisley Road, Glasgow."
18950420p.697.txt,27,Glasgow.,Plumber,RESULTS OF TENDERS,"W. Barton & Sons, 95, Forrest Road, Edinburgh; M. & T. Smith-T. Tait, W. Bryden & Son, Edinburgh W. Bryden & Son, 300, St. Vincent Street, Glasgow.","T. Tait, W. Bryden & Son, Edinburgh",16,Mar,1895,20,April,1895,False,condensed,0.9,"Glasgow. Plumber—W. Barton & Sons, 95, Forrest Road, Edinburgh; M. & T. Smith—T. Tait, W. Bryden & Son, Edinburgh; W. Bryden & Son, 300, St. Vincent Street, Glasgow."
18950420p.697.txt,29,Glasgow.,Painter,RESULTS OF TENDERS,"G. & W. Hendry, 130, Lothian Road, Edinburgh C. Gray & Son, 18, Paul Street, Glasgow.",,16,Mar,1895,20,April,1895,False,condensed,0.9,"Glasgow. Painter—G. & W. Hendry, 130, Lothian Road, Edinburgh; C. Gray & Son, 18, Paul Street, Glasgow."
18950420p.697.txt,41,Gustaf E. Falck,Fredriksvoern,RESULTS OF TENDERS,7 lds. sawn fir-J. & A. Davidson.,J. & A. Davidson.,16,Mar,1895,20,April,1895,False,condensed,0.9,Gustaf E. Falck—Fredriksvoern—7 lds. sawn fir—J. & A. Davidson.
18950420p.697.txt,43,Alpha,Gothenburg,RESULTS OF TENDERS,"450 lds. pit props-Rennie, Bryson, & Co.","Rennie, Bryson, & Co.",16,Mar,1895,20,April,1895,False,condensed,0.9,"Alpha — Gothenburg — 450 lds. pit props—Rennie, Bryson, & Co."
18950420p.697.txt,46,Hilda,Fredrikstad,DUNDEE,160 lds. firewood,,16,Mar,1895,20,April,1895,False,condensed,0.9,Hilda—Fredrikstad—160 lds. firewood—Order
18950420p.697.txt,48,Olaf,Drontheim,DUNDEE,"462 lds. staves, 9 lds. battens, 50 lds. sawn fir-T. D. Will",T. D. Will,16,Mar,1895,20,April,1895,True,condensed,0.9,"St. Olaf (s)—Drontheim—462 lds. staves, 9 lds. battens, 50 lds. sawn fir—T. D. Will"
18950420p.697.txt,52,State of California,New York,DUNDEE,"44 logs mahogany-Cant & Kemp 9 cs. wood mouldings, 3 cars lumber, 1,000 bdls. staves—Order",Cant & Kemp,16,Mar,1895,20,April,1895,False,condensed,0.9,"State of California—New York—44 logs mahogany—Cant & Kemp; 9 cs. wood mouldings, 3 cars lumber, 1,000 bdls. staves—Order"
18950420p.697.txt,53,Bhamo,Rangoon,DUNDEE,"630 pcs. teak, 398 bdls. scantlings-Edmiston & Mitchells 1,147 plks. teak, 12 squares teak",Edmiston & Mitchells,10,Mar,1895,20,April,1895,False,condensed,0.9,"10 Bhamo—Rangoon—630 pcs. teak, 398 bdls. scantlings—Edmiston & Mitchells; 1,147 plks. teak, 12 squares teak"
18950420p.697.txt,55,Sondemanden,Demerara,GREENOCK,320 logs greenheart timber-McLean,McLean,10,Mar,1895,20,April,1895,False,condensed,0.9,Sondemanden—Demerara—320 logs greenheart timber—McLean
18950420p.697.txt,57,Windau,Windau,INVERNESS,"285 lds. hewn fir, 94 lds. sawn fir-J. Walker & Co.",J. Walker & Co.,10,Mar,1895,20,April,1895,False,condensed,1.0,"Windau—Windau—285 lds. hewn fir, 94 lds. sawn fir—J. Walker & Co."
18950420p.697.txt,59,Jeanette,Skien,INVERNESS,340 lds. deals and battens-Forslind & Rex,Forslind & Rex,10,Mar,1895,20,April,1895,False,condensed,1.0,Jeanette—Skien—340 lds. deals and battens—Forslind & Rex
18950420p.697.txt,60,Massapequa,Baltimore,INVERNESS,"40 lds. hewn poplar, 60 lds. sawn oak-W. Thomson & Co.",W. Thomson & Co.,12,Mar,1895,20,April,1895,False,condensed,1.0,"12 Massapequa—Baltimore—40 lds. hewn poplar, 60 lds. sawn oak—W. Thomson & Co."
18950420p.697.txt,61,Critic,New York,INVERNESS,4 lds. staves-Hugh Blaik,Hugh Blaik,12,Mar,1895,20,April,1895,False,condensed,0.9,Critic—New York—4 lds. staves—Hugh Blaik
18950420p.697.txt,64,Lotus,Bordeaux,INVERNESS,589 lds. sawn hoops-P. R. Paterson,P. R. Paterson,12,Mar,1895,20,April,1895,True,condensed,0.9,Lotus (s)—Bordeaux—589 lds. sawn hoops—P. R. Paterson
18950420p.697.txt,86,Dividing the subject into two divisions,,INVERNESS,"the ecclesiastical and the secular periods he said, of the first, that, owing to the ravages which left the ancient religious edifices of our country in a totally ruinous condition, there were only two examples known to him of ecclesiastical coloured work illustrating this phase of art in Scotland.",,12,Mar,1895,20,April,1895,False,condensed,0.9,"Dividing the subject into two divisions—the ecclesiastical and the secular periods—he said, of the first, that, owing to the ravages which left the ancient religious edifices of our country in a totally ruinous condition, there were only two examples known to him of ecclesiastical coloured work illustrating this phase of art in Scotland."
18950420p.697.txt,94,So thoroughly had it been obliterated that it was evident that the chisel had been employed to accomplish,,INVERNESS,it the worst act of Vandalism of recent times.,,12,Mar,1895,20,April,1895,False,condensed,0.9,So thoroughly had it been obliterated that it was evident that the chisel had been employed to accomplish it—the worst act of Vandalism of recent times.
18950420p.697.txt,111,Reference was made to three ceilings,one in the chapel of Falkland Palace and two in Holyrood Palace,INVERNESS,"which were decorated in the Heraldic style, evidently of English origin, and were probably the work of the Court official known by the name of the ""Sergeant Painter""-to indicate what was reasonable as not being the work of Scotsmen, and so enable them to include the remaining specimens as purely national.","to indicate what was reasonable as not being the work of Scotsmen, and so enable them to include the remaining specimens as purely national.",12,Mar,1895,20,April,1895,False,condensed,0.9,"Reference was made to three ceilings—one in the chapel of Falkland Palace and two in Holyrood Palace—which were decorated in the Heraldic style, evidently of English origin, and were probably the work of the Court official known by the name of the ""Sergeant Painter""—to indicate what was reasonable as not being the work of Scotsmen, and so enable them to include the remaining specimens as purely national."
18950420p.697.txt,124,Timber Merchants and,Saw,INVERNESS,millers,,12,Mar,1895,20,April,1895,False,condensed,0.9,"Timber Merchants and Saw-millers,"
18950420p.697.txt,126,A well,"selected Stock of Prime Waney Board, Wood, Mahogany, and Cabinet Woods, in logs and board, Baltic Deals and Battens, seasoned Floorings, Linings, &c., Home",INVERNESS,"grown Wood in the round, Planks and Boards.",,12,Mar,1895,20,April,1895,False,condensed,0.9,"A well-selected Stock of Prime Waney Board, Wood, Mahogany, and Cabinet Woods, in logs and board, Baltic Deals and Battens, seasoned Floorings, Linings, &c., Home-grown Wood in the round, Planks and Boards."
18950427p.724_p001.txt,8,Garibaldi,Mobile,INVERNESS,"1,469 lds. sawn fir, 30 lds. Strathgryf-San Francisco-Little & Co.",San Francisco-Little & Co.,12,Mar,1895,27,April,1895,False,condensed,0.9,"Garibaldi-Mobile-1,469 lds. sawn fir, 30 lds. Strathgryf-San Francisco-Little & Co."
18950427p.724_p001.txt,11,Martha,Risoer,BERWICK,60 lds. hewn fir-J. Fleming,J. Fleming,12,Mar,1895,27,April,1895,False,condensed,1.0,Martha-Risoer-60 lds. hewn fir-J. Fleming
18950427p.724_p001.txt,12,Hilda,Gothenburg,BERWICK,"96 lds. hewn fir, 9 lds. deals-Crossfield",Crossfield,18,Mar,1895,27,April,1895,False,condensed,1.0,"18 Hilda-Gothenburg-96 lds. hewn fir, 9 lds. deals-Crossfield"
18950427p.724_p001.txt,13,Activ,Gothenburg,BERWICK,100 lds. boards J. Fleming,,18,Mar,1895,27,April,1895,False,condensed,1.0,22 Activ-Gothenburg-100 lds. boards J. Fleming
18950427p.724_p001.txt,16,Hildur,Gothenburg,BERWICK,"357 lds. deals, battens, boards, and sawn fir",,18,Mar,1895,27,April,1895,False,condensed,0.9,"Hildur-Gothenburg-357 lds. deals, battens, boards, and sawn fir"
18950427p.724_p001.txt,17,Tuxpan,Gothenburg,BERWICK,"352 lds. deals, battens, boards, and sawn fir",,18,Mar,1895,27,April,1895,False,condensed,0.9,"22 Tuxpan-Gothenburg-352 lds. deals, battens, boards, and sawn fir"
18950427p.724_p001.txt,18,Clara,Gothenburg,BERWICK,234 lds. deals and battens,,18,Mar,1895,27,April,1895,False,condensed,0.9,Clara-Gothenburg-234 lds. deals and battens
18950427p.724_p001.txt,19,Elise,Gothenburg,BERWICK,231 lds. deals and battens,,18,Mar,1895,27,April,1895,False,condensed,0.9,Elise-Gothenburg-231 lds. deals and battens
18950427p.724_p001.txt,20,Agnes,Gothenburg,BERWICK,261 lds. deals and battens,,18,Mar,1895,27,April,1895,False,condensed,0.9,Agnes Gothenburg-261 lds. deals and battens
18950427p.724_p001.txt,23,Akershus,Drammen,BERWICK,769 lds. pitwood and ends-Morris & Smith,Morris & Smith,18,Mar,1895,27,April,1895,False,condensed,0.9,Akershus Drammen-769 lds. pitwood and ends-Morris & Smith
18950427p.724_p001.txt,24,Commentry,Bayonne,BERWICK,"1,350 lds. pitwood-Capelle",Capelle,17,Mar,1895,27,April,1895,False,condensed,0.9,"17 Commentry-Bayonne-1,350 lds. pitwood-Capelle"
18950427p.724_p001.txt,25,Doelcoyk,Bordeaux,BERWICK,"1,054 lds. pitwood-Powley, Thomas & Co.","Powley, Thomas & Co.",18,Mar,1895,27,April,1895,False,condensed,0.9,"18 Doelcoyk-Bordeaux-1,054 lds. pitwood-Powley, Thomas & Co."
18950427p.724_p001.txt,26,Pederaven,Drammen,BERWICK,712 lds. planed fir-Meggitt & Jones,Meggitt & Jones,20,Mar,1895,27,April,1895,False,condensed,0.9,20 Pederaven-Drammen-712 lds. planed fir-Meggitt & Jones
18950427p.724_p001.txt,27,Ouse,Bordeaux,BERWICK,850 lds. pitwood-Newport Pitwood Co.,Newport Pitwood Co.,20,Mar,1895,27,April,1895,True,condensed,0.9,Ouse (s)-Bordeaux-850 lds. pitwood-Newport Pitwood Co.
18950427p.724_p001.txt,28,Aquitaine,Bordeaux,BERWICK,"1,800 lds. pitwood-Simkin Bros.",Simkin Bros.,22,Mar,1895,27,April,1895,False,condensed,0.9,"22 Aquitaine-Bordeaux-1,800 lds. pitwood-Simkin Bros."
18950427p.724_p001.txt,29,Maurice,Auray,BERWICK,185 lds. pitwood-A. Tapson,A. Tapson,22,Mar,1895,27,April,1895,False,condensed,0.9,Maurice-Auray-185 lds. pitwood-A. Tapson
18950427p.724_p001.txt,32,Frier,Porsgrund,BERWICK,280 lds. props-W. Williams,W. Williams,22,Mar,1895,27,April,1895,False,condensed,0.9,Frier-Porsgrund-280 lds. props-W. Williams
18950427p.724_p001.txt,33,Levang,Kragero,BERWICK,166 lds. props and poles-J. Owens,J. Owens,22,Mar,1895,27,April,1895,False,condensed,0.9,Levang-Kragero-166 lds. props and poles-J. Owens
18950427p.724_p001.txt,36,Snaigow,San Francisco,FLEETWOOD,30 lds. boards-United Alkali Co.,United Alkali Co.,22,Mar,1895,27,April,1895,False,condensed,1.0,Snaigow-San Francisco-30 lds. boards -United Alkali Co.
18950427p.724_p001.txt,37,Ellen Grant,Fredrikstad,FLEETWOOD,"1,100 lds. boards C. Taylor, Sons, & Co.",,22,Mar,1895,27,April,1895,False,condensed,1.0,"22 Ellen Grant-Fredrikstad-1,100 lds. boards C. Taylor, Sons, & Co."
18950427p.724_p001.txt,40,Domino,Gothenburg,GRIMSBY,"99 lds. deals and battens-Seddon, Shepherd, & Co. 130 lds. props, 36 lds laths-T. Wilson, Sons, & Co.","Seddon, Shepherd, & Co.",22,Mar,1895,27,April,1895,False,condensed,0.9,"Domino-Gothenburg-99 lds. deals and battens-Seddon, Shepherd, & Co.; 130 lds. props, 36 lds laths-T. Wilson, Sons, & Co."
18950427p.724_p001.txt,41,Gutrune,Danzig,GRIMSBY,"24 lds. oak staves, 70 lds. hewn fir-Seddon, Shepherd, & Co. 1,122 pcs. sleepers-Bennett & Co.; 165 lds. firewood-T. Wilson, Sons, & Co.","Seddon, Shepherd, & Co.",22,Mar,1895,27,April,1895,True,condensed,0.9,"Gutrune (s)-Danzig-24 lds. oak staves, 70 lds. hewn fir-Seddon, Shepherd, & Co.; 1,122 pcs. sleepers-Bennett & Co.; 165 lds. firewood-T. Wilson, Sons, & Co."
18950427p.724_p001.txt,42,Solide,Fredrikstad,GRIMSBY,"564 lds. boards, deals, &c.-Baltic Saw-mills Co.",Baltic Saw-mills Co.,22,Mar,1895,27,April,1895,False,condensed,0.9,"22 Solide-Fredrikstad-564 lds. boards, deals, &c.-Baltic Saw-mills Co."
18950427p.724_p001.txt,45,Hartlepool,Bordeaux,GOOLE,"1,100 lds. pitwood-Goole & Hull Steam Packet Co.",Goole & Hull Steam Packet Co.,22,Mar,1895,27,April,1895,False,condensed,0.9,"Hartlepool-Bordeaux-1,100 lds. pitwood-Goole & Hull Steam Packet Co."
18950427p.724_p001.txt,46,John,Hennebont,GOOLE,210 lds. pit props-Budd & Co.,Budd & Co.,17,Mar,1895,27,April,1895,False,condensed,0.9,17 John-Hennebont-210 lds. pit props-Budd & Co.
18950427p.724_p001.txt,47,Vincent,Bordeaux,GOOLE,100 lds. pitwood-Watts,Watts,18,Mar,1895,27,April,1895,False,condensed,0.9,18 St. Vincent-Bordeaux-100 lds. pitwood-Watts
18950427p.724_p001.txt,48,Nazaire,Bordeaux,GOOLE,180 lds. pitwood-Watts,Watts,19,Mar,1895,27,April,1895,False,condensed,0.9,19 St. Nazaire-Bordeaux-180 lds. pitwood-Watts
18950427p.724_p001.txt,49,Louis,Languais,GOOLE,Hennebont,,20,Mar,1895,27,April,1895,False,condensed,0.9,20 St. Louis-Languais-Hennebont-150 lds. pitwood-Goole & Hull Steam Packet Co.
18950427p.724_p001.txt,50,Malo,Bordeaux,GOOLE,420 lds. pitwood-Goole & Hull Steam Packet Co.,Goole & Hull Steam Packet Co.,22,Mar,1895,27,April,1895,False,condensed,0.9,22 St. Malo-Bordeaux-420 lds. pitwood-Goole & Hull Steam Packet Co.
18950427p.724_p001.txt,51,Brieuc,Hennebont,GOOLE,200 lds. pitwood-Watts,Watts,22,Mar,1895,27,April,1895,False,condensed,0.9,St. Brieuc-Hennebont-200 lds. pitwood-Watts
18950427p.724_p001.txt,52,Andre,Bordeaux,GOOLE,170 lds. pitwood-Watts,Watts,22,Mar,1895,27,April,1895,False,condensed,0.9,St. Andre-Bordeaux-170 lds. pitwood-Watts
18950427p.724_p001.txt,53,Phillipe,La Roche Bernard,GOOLE,205 lds. pit props-Goole & Hull Steam Packet Co.,Goole & Hull Steam Packet Co.,22,Mar,1895,27,April,1895,False,condensed,0.9,St. Phillipe-La Roche Bernard-205 lds. pit props-Goole & Hull Steam Packet Co.
18950427p.724_p001.txt,54,George,Bordeaux,GOOLE,"1,250 lds. pitwood-Simkin Bros.",Simkin Bros.,22,Mar,1895,27,April,1895,False,condensed,0.9,"St. George-Bordeaux-1,250 lds. pitwood-Simkin Bros."
18950427p.724_p001.txt,55,Patrick,Lisle,GOOLE,160 lds. pitwood-Newport Pitwood Co.,Newport Pitwood Co.,22,Mar,1895,27,April,1895,False,condensed,0.9,St. Patrick-Lisle-160 lds. pitwood-Newport Pitwood Co.
18950427p.724_p001.txt,58,Pluto,Halmstad,GOOLE,315 lds. deals and battens-E. Pritchard,E. Pritchard,22,Mar,1895,27,April,1895,True,condensed,0.9,Pluto (s)-Halmstad-315 lds. deals and battens-E. Pritchard
18950427p.724_p001.txt,59,Hjalvar,Falkenburg,GOOLE,"1,000 lds. deals and battens-Pearson & Co.",Pearson & Co.,22,Mar,1895,27,April,1895,True,condensed,0.9,"Hjalvar (s)-Falkenburg-1,000 lds. deals and battens-Pearson & Co."
18950427p.724_p001.txt,60,Vanadis,Gothenburg,GOOLE,"1,000 lds. deals and battens, 10,000 pcs. rails-North-Eastern Railway Co. 44 lds. crowntrees-Hessler & Co.",North-Eastern Railway Co.,22,Mar,1895,27,April,1895,True,condensed,0.9,"Vanadis (s)-Gothenburg-1,000 lds. deals and battens, 10,000 pcs. rails-North-Eastern Railway Co.; 44 lds. crowntrees-Hessler & Co."
18950427p.724_p001.txt,61,Rosa,Carlscrona,GOOLE,600 lds. fir props-E. Pritchard 70 lds. props-G. Bradley,E. Pritchard,22,Mar,1895,27,April,1895,True,condensed,0.9,J. W. Baird & Co. Rosa (s)-Carlscrona-600 lds. fir props-E. Pritchard; 70 lds. props-G. Bradley
18950427p.724_p001.txt,63,Ida,Christiania,GOOLE,"137 lds. hewn fir-R. Wade, Sons, & Co. 60 lds. props-W. D. Coxon.","R. Wade, Sons, & Co.",22,Mar,1895,27,April,1895,False,condensed,0.9,"Ida-Christiania-137 lds. hewn fir-R. Wade, Sons, & Co.; 60 lds. props-W. D. Coxon."
18950427p.724_p001.txt,64,Bravo,Halmstad,GOOLE,247 lds. props-E. Pritchard,E. Pritchard,17,Mar,1895,27,April,1895,False,condensed,0.9,17 Bravo-Halmstad-247 lds. props-E. Pritchard
18950427p.724_p001.txt,65,Arizona,Mandal,GOOLE,310 lds. props-Hans Erichsen & Co.,Hans Erichsen & Co.,18,Mar,1895,27,April,1895,False,condensed,0.9,18 Arizona-Mandal-310 lds. props-Hans Erichsen & Co.
18950427p.724_p001.txt,66,Rival,Christiansand,GOOLE,270 lds. mining timber-G. Horsley & Co.,G. Horsley & Co.,19,Mar,1895,27,April,1895,False,condensed,0.9,19 Rival-Christiansand-270 lds. mining timber -G. Horsley & Co.
18950427p.724_p001.txt,67,Halfdan,Drammen,GOOLE,240 lds. hewn fir-E. A. Casper & Co.,E. A. Casper & Co.,19,Mar,1895,27,April,1895,False,condensed,0.9,Halfdan-Drammen-240 lds. hewn fir-E. A. Casper & Co.
18950427p.724_p001.txt,68,Palmen,Christiansand,GOOLE,"103 lds. laths, 260 lds. props-E. A. Casper & Co.",E. A. Casper & Co.,20,Mar,1895,27,April,1895,False,condensed,0.9,"20 Palmen-Christiansand-103 lds. laths, 260 lds. props-E. A. Casper & Co."
18950427p.724_p001.txt,69,Neptun,Halmstad,GOOLE,390 lds. hewn fir-Hans Pritchard,Hans Pritchard,20,Mar,1895,27,April,1895,True,condensed,0.9,Neptun (s)-Halmstad-390 lds. hewn fir-Hans Pritchard
18950427p.724_p001.txt,70,Lyngor,Arendal,GOOLE,360 lds. props-G. Pyman Erichsen & Co.,G. Pyman Erichsen & Co.,20,Mar,1895,27,April,1895,False,condensed,0.9,Lyngor-Arendal-360 lds. props-G. Pyman Erichsen & Co.
18950427p.724_p001.txt,71,Nicolina,Calmar,GOOLE,95 lds. props-E. A. Casper & Co.,E. A. Casper & Co.,22,Mar,1895,27,April,1895,False,condensed,0.9,22 Nicolina-Calmar-95 lds. props-E. A. Casper & Co.
18950427p.724_p001.txt,72,Rival,Christiansand,GOOLE,103 lds. props-Hessler & Co.,Hessler & Co.,22,Mar,1895,27,April,1895,False,condensed,0.9,Rival-Christiansand-103 lds. props-Hessler & Co.
18950427p.724_p001.txt,73,Ankerthor,Tredestrand,GOOLE,300 lds. props-Hessler & Co. 167 lds. mining timber-C. Wills & Co.; 300 lds. firewood-C. A. Forslind & Co.,Hessler & Co.,22,Mar,1895,27,April,1895,False,condensed,0.9,Ankerthor-Tredestrand-300 lds. props-Hessler & Co.; 167 lds. mining timber-C. Wills & Co.; 300 lds. firewood-C. A. Forslind & Co.
18950427p.724_p001.txt,74,Fanny,Drobak,GOOLE,85 lds. hewn fir-E. A. Casper,E. A. Casper,22,Mar,1895,27,April,1895,False,condensed,0.9,Fanny-Drobak-85 lds. hewn fir-E. A. Casper
18950427p.724_p001.txt,75,Luca,Christiansand,GOOLE,329 lds. hewn fir-T. Atkinson,T. Atkinson,22,Mar,1895,27,April,1895,False,condensed,0.9,Luca-Christiansand-329 lds. hewn fir-T. Atkinson
18950427p.724_p001.txt,76,Normen,Porsgrund,GOOLE,31 lds. props-Hessler & Co. 327 lds. hewn fir-T. Atkinson,Hessler & Co.,22,Mar,1895,27,April,1895,False,condensed,0.9,Normen-Porsgrund-31 lds. props-Hessler & Co.; 327 lds. hewn fir-T. Atkinson
18950427p.724_p001.txt,77,Sirene,Drammen,GOOLE,184 lds. hewn fir-A. Bruce birch props E. A. Casper,A. Bruce birch props E. A. Casper,22,Mar,1895,27,April,1895,False,condensed,0.9,Sirene-Drammen-184 lds. hewn fir-A. Bruce birch props E. A. Casper
18950427p.724_p001.txt,78,Gipsy Queen,Gothenburg,GOOLE,"103 lds. laths, 243 lds. sleepers, 176 lds. hewn fir-T. Barraclough",T. Barraclough,22,Mar,1895,27,April,1895,True,condensed,0.9,"Gipsy Queen (s)-Gothenburg-103 lds. laths, 243 lds. sleepers, 176 lds. hewn fir-T. Barraclough"
18950427p.724_p001.txt,82,Emanuel,Christiansand,GOOLE,"2,995 pcs. round mining timber-Henry Smith & Co. 2,431 pit props",Henry Smith & Co.,22,Mar,1895,27,April,1895,False,condensed,0.9,"Emanuel-Christiansand-2,995 pcs. round mining timber-Henry Smith & Co.; 2,431 pit props"
18950427p.724_p001.txt,83,Medea,Halmstad,GOOLE,"19,838 pit props-Chas. Wells & Co.",Chas. Wells & Co.,20,Mar,1895,27,April,1895,False,condensed,0.9,"20 Medea-Halmstad-19,838 pit props-Chas. Wells & Co."
18950427p.724_p001.txt,84,Francisco,New York,GOOLE,"1,484 pcs. oak, 74 oars, 820 pks. wood, 6,200 staves; from Boston 12 cs. spokes-Burstall & Hanwell",,22,Mar,1895,27,April,1895,True,condensed,0.9,"22 Francisco (s)-New York-1,484 pcs. oak, 74 oars, 820 pks. wood, 6,200 staves; from Boston-3,000 oak staves-T. Wilson, Sons, & Co.; 12 cs. spokes-Burstall & Hanwell"
18950427p.724_p001.txt,86,Tasso,Drontheim,GOOLE,"5,240 bdls. boards-T. Wilson, Sons, & Co.","T. Wilson, Sons, & Co.",22,Mar,1895,27,April,1895,True,condensed,0.9,"Tasso (s)-Drontheim-5,240 bdls. boards-T. Wilson, Sons, & Co."
18950427p.724_p001.txt,87,Angelo,Christiania,GOOLE,"1,989 bdls. boards-T. Wilson, Sons, & Co. 1,552 poles-J. Dalton, Holmes, & Co.","T. Wilson, Sons, & Co.",22,Mar,1895,27,April,1895,True,condensed,0.9,"Angelo (s)-Christiania-1,989 bdls. boards-T. Wilson, Sons, & Co.; 1,552 poles-J. Dalton, Holmes, & Co."
18950427p.724_p001.txt,89,Zampa,Arendal,GOOLE,"4,740 pcs. round mining timber-Henry Smith & Co. 2,526 pit props",Henry Smith & Co.,22,Mar,1895,27,April,1895,False,condensed,0.9,"Zampa-Arendal-4,740 pcs. round mining timber-Henry Smith & Co.; 2,526 pit props"
18950427p.724_p001.txt,90,Hans Tode,Christiansand,GOOLE,93 fms. firewood-Seddon & Co.,Seddon & Co.,22,Mar,1895,27,April,1895,False,condensed,0.9,Hans Tode-Christiansand-93 fms. firewood -Seddon & Co.
18950427p.724_p001.txt,91,Capella,Hango,GOOLE,100 cs. splint wood-J. Good & Sons.,J. Good & Sons.,22,Mar,1895,27,April,1895,True,condensed,0.9,22 Capella (s)-Hango-100 cs. splint wood-J. Good & Sons.
18950427p.724_p001.txt,94,Marie,Fredrikstad,GOOLE,"67 lds. firewood, 406 lds. fir boards-G. Mason",G. Mason,22,Mar,1895,27,April,1895,False,condensed,0.9,"Marie-Fredrikstad-67 lds. firewood, 406 lds. fir boards-G. Mason"
18950427p.724_p001.txt,98,Umbria,New York,LIVERPOOL,"3,021 bdls. cooperage-Drysdale Bros. 1,599 bdls. cooperage",Drysdale Bros.,22,Mar,1895,27,April,1895,True,condensed,0.9,"Umbria (s)-New York-3,021 bdls. cooperage-Drysdale Bros.; 1,599 bdls. cooperage"
18950427p.724_p001.txt,99,Parisian,Portland,LIVERPOOL,183 cs. splints-Irish Match Co. 100 cs. splints-Lomas & Collier; 180 cs. splints-Paterson & Co.; 128 cs. splints-J. Speck & Co.; 185 cs. splints-W. J. Morgan & Co.; 327 cs. splints-Collard,Irish Match Co.,22,Mar,1895,27,April,1895,True,condensed,0.9,Parisian (s)-Portland-183 cs. splints-Irish Match Co.; 100 cs. splints-Lomas & Collier; 180 cs. splints-Paterson & Co.; 128 cs. splints-J. Speck & Co.; 185 cs. splints-W. J. Morgan & Co.; 327 cs. splints-Collard
18950427p.724_p001.txt,100,Templemore,Baltimore,LIVERPOOL,200 pcs. pine,,22,Mar,1895,27,April,1895,True,condensed,0.9,24 Templemore (s)-Baltimore-200 pcs. pine
18950427p.724_p001.txt,102,Deptford,Pensacola,LIVERPOOL,"1,319 deals, 4,087 pcs. sawn timber, 382 sawn deals",,22,Mar,1895,27,April,1895,True,condensed,0.9,"Deptford (s)-Pensacola-1,319 deals, 4,087 pcs. sawn timber, 382 sawn deals"
18950427p.724_p001.txt,104,Ellida,Laurvig,LIVERPOOL,"73,368 boards-Lumley, Lloyd, & Co. 78,025 staves-J. Webster","Lumley, Lloyd, & Co.",22,Mar,1895,27,April,1895,False,condensed,0.9,"Ellida-Laurvig-73,368 boards-Lumley, Lloyd, & Co.; 78,025 staves-J. Webster"
18950427p.724_p001.txt,106,Amazon,Christiana,LIVERPOOL,"6,881 balks, 4,810 scantlings-Pilkington Bros.",Pilkington Bros.,22,Mar,1895,27,April,1895,False,condensed,0.9,"Amazon-Christiana-6,881 balks, 4,810 scantlings-Pilkington Bros."
18950427p.724_p001.txt,107,Union,Fredrikstad,LIVERPOOL,"51,408 bdls. sawn wood",,22,Mar,1895,27,April,1895,True,condensed,0.9,"24 Union (s)-Fredrikstad-51,408 bdls. sawn wood"
18950427p.724_p001.txt,109,Serra,New Orleans,LIVERPOOL,"2,400 staves-E. Chaloner & Co.",E. Chaloner & Co.,22,Mar,1895,27,April,1895,True,condensed,0.9,"Serra (s)-New Orleans-2,400 staves-E. Chaloner & Co."
18950427p.724_p001.txt,111,Monarch,Fredrikstad,LIVERPOOL,"94,821 planed bds.-F. Briesemann's Succrs.",F. Briesemann's Succrs.,22,Mar,1895,27,April,1895,False,condensed,0.9,"Monarch-Fredrikstad-94,821 planed bds.-F. Briesemann's Succrs."
18950427p.724_p001.txt,113,Barbadian,New Orleans,LIVERPOOL,"7,292 staves-E. Chaloner & Co.",E. Chaloner & Co.,22,Mar,1895,27,April,1895,True,condensed,0.9,"Barbadian (s)-New Orleans-7,292 staves -E. Chaloner & Co."
18950427p.724_p001.txt,116,George et Charles,Pont Avon,LIVERPOOL,120 lds. hewn fir-D G. Hogg,D G. Hogg,22,Mar,1895,27,April,1895,False,condensed,0.9,George et Charles-Pont Avon-120 lds. hewn fir-D G. Hogg
18950427p.724_p001.txt,117,Pitre Anna,Panillac,LIVERPOOL,156 lds. hewn fir-D. G. Hogg,D. G. Hogg,22,Mar,1895,27,April,1895,False,condensed,0.9,22 Pitre Anna-Panillac-156 lds. hewn fir-D. G. Hogg
18950427p.724_p001.txt,121,Mathilda,Gothenburg,LONDON,"68,022 boards",,22,Mar,1895,27,April,1895,False,condensed,0.9,"Mathilda-Gothenburg-68,022 boards"
18950427p.724_p001.txt,122,Clodian,Fredrikstad,LONDON,"55,022 boards, 62 fms. firewood",,22,Mar,1895,27,April,1895,True,condensed,0.9,"Clodian (s)-Fredrikstad-55,022 boards, 62 fms. firewood"
18950427p.724_p001.txt,123,Oresund,Halmstad,LONDON,"7,101 deals, 3,428 spars",,22,Mar,1895,27,April,1895,False,condensed,0.9,"19 Oresund-Halmstad-7,101 deals, 3,428 spars"
18950427p.724_p001.txt,124,Avena,Uddevalla,LONDON,"1,315 bdls. mouldings, 50 crts. trellis-S. Brown",S. Brown,20,Mar,1895,27,April,1895,True,condensed,0.9,"20 Avena (s)-Uddevalla-1,315 bdls. mouldings, 50 crts. trellis-S. Brown"
18950427p.724_p001.txt,126,Orlando,Christiania,LONDON,"285 bdls. boxboards-G. McCaul & Co. 426 bdls. boxboards-Bott & Co.; 2,000 poles-Gruner & Molineux; 567 bags brush blocks-J. Keen; 190 bdls. wood boards-Green & Co.",G. McCaul & Co.,20,Mar,1895,27,April,1895,True,condensed,0.9,"Orlando (s)-Christiania-285 bdls. boxboards-G. McCaul & Co.; 426 bdls. boxboards-Bott & Co.; 2,000 poles-Gruner & Molineux; 567 bags brush blocks-J. Keen; 190 bdls. wood boards-Green & Co."
18950427p.724_p001.txt,127,Matyas Kiraly,Fiume,LONDON,"586 boards and planks, 1,797 pcs, timber-Sorger & Co.",Sorger & Co.,19,Mar,1895,27,April,1895,True,condensed,0.9,"19 Matyas Kiraly (s)-Fiume-586 boards and planks, 1,797 pcs, timber-Sorger & Co."
18950427p.724_p001.txt,128,Ganger Rolf,Risoer,LONDON,190 stds. props-Getling,Getling,22,Mar,1895,27,April,1895,False,condensed,0.9,22 Ganger Rolf-Risoer-190 stds. props-Getling
18950427p.724_p001.txt,129,Skane,Gothenburg,LONDON,"9,111 pcs. round wood, 700 doors, 316 bdls, mouldings, 23 bdls. trellis, 378 doz. flooring boards",,22,Mar,1895,27,April,1895,True,condensed,0.9,"23 Skane (s)-Gothenburg-9,111 pcs. round wood, 700 doors, 316 bdls, mouldings, 23 bdls. trellis, 378 doz. flooring boards"
18950427p.724_p001.txt,130,Nautilus,Stockholm,LONDON,"3,242 doors, 1,009 bdls. mouldings, 160 bdls. trellis-A. Lossack 1,974 doors, 779 mouldings",A. Lossack,22,Mar,1895,27,April,1895,True,condensed,0.9,"Nautilus (s)-Stockholm-3,242 doors, 1,009 bdls. mouldings, 160 bdls. trellis - A. Lossack; 1,974 doors, 779 mouldings"
18950427p.724_p001.txt,131,Varna,Libau,LONDON,"2,400 staves",,22,Mar,1895,27,April,1895,True,condensed,0.9,"24 Varna (s)-Libau-2,400 staves"
18950427p.724_p001.txt,133,Halifax City,"St. John, N.B.",LONDON,"3,267 deals, 44 ends-Price & Pierce from Halifax-30,800 bdls. shooks-Sutherland, Innes, & Co.; 907 cs. splints-Bryant & May; 197 planks, 154 bdls. mouldings, 3 cs. piano boards, 320 doors-Bryce, Junor, & Co.; 1,805 deals",Price & Pierce,22,Mar,1895,27,April,1895,True,condensed,0.9,"Halifax City (s)-St. John, N.B.-3,267 deals, 44 ends-Price & Pierce; from Halifax-30,800 bdls. shooks-Sutherland, Innes, & Co.; 907 cs. splints-Bryant & May; 197 planks, 154 bdls. mouldings, 3 cs. piano boards, 320 doors-Bryce, Junor, & Co.; 1,805 deals"
18950427p.724_p001.txt,134,Greenbrier,Newport News,LONDON,"11,875 pcs. lumber-Churchill & Sim 2,916 pcs., 975 bdls. lumber-C. Leary & Co.",Churchill & Sim,19,Mar,1895,27,April,1895,True,condensed,0.9,"19 Greenbrier (s)-Newport News-11,875 pcs. lumber-Churchill & Sim; 2,916 pcs., 975 bdls. lumber-C. Leary & Co."
18950427p.724_p001.txt,135,Thermopylae,Melbourne,LONDON,"1,639 pcs. timber; from Albany",,19,Mar,1895,27,April,1895,True,condensed,0.9,"Thermopylae (s) - Melbourne-1,639 pcs. timber; from Albany-1,036 pcs. timber-Bank of Australia"
18950427p.724_p001.txt,137,Josefine Marie,Fredrikstad,LONDON,240 fms. firewood-Lines Bros.,Lines Bros.,19,Mar,1895,27,April,1895,False,condensed,0.9,Josefine Marie-Fredrikstad-240 fms. firewood-Lines Bros.
18950427p.724_p001.txt,138,Agnes,Danzig,LONDON,191 pcs. timber,,19,Mar,1895,27,April,1895,True,condensed,0.9,24 Agnes (s)-Danzig-191 pcs. timber
18950427p.724_p001.txt,142,Nyborg,Danzig,LONDON,984 lds. hewn fir-Marshall & At[?],Marshall & At[?],19,Mar,1895,27,April,1895,False,condensed,0.9,Nyborg-Danzig-984 lds. hewn fir-Marshall & At[?]
18950427p.724_p001.txt,145,Odin,Fredrikstad,LONDON,"99 lds hewn fir, 9 lds. props, 29 lds. battens-Watson & Co.",Watson & Co.,19,Mar,1895,27,April,1895,False,condensed,0.9,"Odin-Fredrikstad-99 lds hewn fir, 9 lds. props, 29 lds. battens-Watson & Co."
18950427p.724_p001.txt,146,Danneborg,Skien,LONDON,"126 lds. hewn fir, 9 lds. props-W. J. Watson & Co.",W. J. Watson & Co.,19,Mar,1895,27,April,1895,False,condensed,0.9,"19 Danneborg-Skien-126 lds. hewn fir, 9 lds. props-W. J. Watson & Co."
18950427p.724_p001.txt,147,Brockenhaus Schack,Skien,LONDON,216 lds. hewn fir-Calder & Co.,Calder & Co.,20,Mar,1895,27,April,1895,False,condensed,0.9,20 Brockenhaus Schack-Skien-216 lds. hewn fir-Calder & Co.
18950427p.724_p001.txt,148,Neptune,Brevig,LONDON,"128 lds. hewn fir, 10 lds. props-W. J. Watson & Co.",W. J. Watson & Co.,22,Mar,1895,27,April,1895,False,condensed,0.9,"22 Neptune-Brevig-128 lds. hewn fir, 10 lds. props-W. J. Watson & Co."
18950427p.724_p001.txt,151,Daggry,Fredrikstad,MILFORD,315 lds. fir boards-T. McMaster & Co.,T. McMaster & Co.,22,Mar,1895,27,April,1895,False,condensed,1.0,Daggry-Fredrikstad-315 lds. fir boards -T. McMaster & Co.
18950427p.724_p001.txt,154,Nyborg,Christiania,MILFORD,458 lds. battens and boards-St. John Hunt & Co.,St. John Hunt & Co.,22,Mar,1895,27,April,1895,False,condensed,1.0,Nyborg-Christiania-458 lds. battens and boards-St. John Hunt & Co.
18950427p.724_p001.txt,155,Martha,Fredrikstad,MILFORD,"1,000 lds. boards-May & Hassell",May & Hassell,18,Mar,1895,27,April,1895,True,condensed,0.9,"18 Martha (s)-Fredrikstad-1,000 lds. boards-May & Hassell"
18950427p.724_p001.txt,158,Montatan,Hennebont,NEWPORT,400 lds. pitwood-Simkin Bros.,Simkin Bros.,18,Mar,1895,27,April,1895,False,condensed,1.0,Montatan-Hennebont-400 lds. pitwood-Simkin Bros.
18950427p.724_p001.txt,159,Alcide,Redon,NEWPORT,400 lds. pitwood-Watts,Watts,19,Mar,1895,27,April,1895,False,condensed,1.0,19 Alcide-Redon-400 lds. pitwood-Watts
18950427p.724_p001.txt,160,Marie,Donelan,NEWPORT,400 lds. pitwood-Watts,Watts,19,Mar,1895,27,April,1895,False,condensed,1.0,Marie-Donelan-400 lds. pitwood-Watts
18950427p.724_p001.txt,161,Delphine,Redon,NEWPORT,400 lds. pitwood-Watts,Watts,19,Mar,1895,27,April,1895,False,condensed,1.0,Delphine-Redon-400 lds. pitwood-Watts
18950427p.724_p001.txt,162,Cirages Francais,Bordeaux,NEWPORT,400 lds. pitwood-Budd & Co.,Budd & Co.,20,Mar,1895,27,April,1895,False,condensed,0.9,20 Cirages Francais-Bordeaux-400 lds. pitwood-Budd & Co.
18950427p.724_p001.txt,163,Marguerite,Bordeaux,NEWPORT,400 lds. pitwood-A. P. Filleul,A. P. Filleul,22,Mar,1895,27,April,1895,False,condensed,0.9,22 Marguerite-Bordeaux-400 lds. pitwood-A. P. Filleul
18950427p.724_p001.txt,164,Edouard,Hennebont,NEWPORT,400 lds. pitwood-Watts,Watts,22,Mar,1895,27,April,1895,False,condensed,0.9,Edouard-Hennebont-400 lds. pitwood-Watts
18950427p.724_p001.txt,165,Printemps,Redon,NEWPORT,400 lds. pitwood-Watts,Watts,22,Mar,1895,27,April,1895,False,condensed,0.9,Printemps-Redon-400 lds. pitwood-Watts
18950427p.724_p001.txt,166,Pierre Marie,Redon,NEWPORT,"400 lds. pitwood-Watts, Williams & Co.","Watts, Williams & Co.",22,Mar,1895,27,April,1895,False,condensed,0.9,"Pierre Marie-Redon-400 lds. pitwood-Watts, Williams & Co."
18950427p.724_p001.txt,167,Tancred,Bordeaux,NEWPORT,400 lds. pitwood-Simkin Bros.,Simkin Bros.,22,Mar,1895,27,April,1895,False,condensed,0.9,Tancred-Bordeaux-400 lds. pitwood-Simkin Bros.
18950427p.724_p001.txt,168,Saturne,Bell Isle,NEWPORT,400 lds. pitwood-Pitwood Co.,Pitwood Co.,22,Mar,1895,27,April,1895,False,condensed,0.9,Saturne-Bell Isle-400 lds. pitwood-Pitwood Co.
18950427p.724_p001.txt,171,Salus,Brevig,NEWPORT,"336 lds. hewn fir, 30 lds. sawn fir-W. Chellew",W. Chellew,22,Mar,1895,27,April,1895,False,condensed,0.9,"Salus-Brevig-336 lds. hewn fir, 30 lds. sawn fir-W. Chellew"
18950427p.724_p001.txt,174,Anna,Christiania,POOLE,"39,679 pcs. prepared flooring-J. T. & Co.",J. T. & Co.,22,Mar,1895,27,April,1895,False,condensed,1.0,"Anna-Christiania-39,679 pcs. prepared flooring-J. T. & Co."
18950427p.724_p001.txt,175,Adrien,Fredrikshald,POOLE,"429 lds. boards, 30 lds. battens-May & Hassell",May & Hassell,19,Mar,1895,27,April,1895,False,condensed,1.0,"19 Adrien-Fredrikshald-429 lds. boards, 30 lds. battens-May & Hassell"
18950427p.724_p001.txt,178,Erminia,Laurvig,POOLE,692 lds. boards-Crossfield & Co.,Crossfield & Co.,19,Mar,1895,27,April,1895,False,condensed,0.9,Erminia-Laurvig-692 lds. boards-Crossfield & Co.
18950427p.724_p001.txt,179,Olga,Drammen,POOLE,977 lds. boards-Crossfield,Crossfield,19,Mar,1895,27,April,1895,False,condensed,0.9,Olga-Drammen-977 lds. boards-Crossfield
18950427p.724_p001.txt,182,Norne,Laurvig,POOLE,"330 lds. boards, 30 lds. hewn fir-Marshall & Atkinson",Marshall & Atkinson,19,Mar,1895,27,April,1895,False,condensed,0.9,"Norne-Laurvig-330 lds. boards, 30 lds. hewn fir-Marshall & Atkinson"
18950427p.724_p001.txt,185,Pluto,Halmstad,POOLE,342 lds. hewn fir-Marshall & Atkinson,Marshall & Atkinson,19,Mar,1895,27,April,1895,True,condensed,0.9,Pluto (s)-Halmstad-342 lds. hewn fir-Marshall & Atkinson
18950427p.724_p001.txt,186,Hjalvar,Falkenburg,POOLE,"1,000 lds. hewn oak-Bennett",Bennett,19,Mar,1895,27,April,1895,True,condensed,0.9,"Hjalvar (s)-Falkenburg-1,000 lds. hewn oak-Bennett"
18950427p.724_p001.txt,187,Vanadis,Gothenburg,POOLE,"1,000 lds. hewn fir-Marshall & Atkinson",Marshall & Atkinson,19,Mar,1895,27,April,1895,True,condensed,0.9,"Vanadis (s)-Gothenburg-1,000 lds. hewn fir-Marshall & Atkinson"
18950427p.724_p001.txt,188,Rosa,Carlscrona,POOLE,600 lds. hewn fir-Marshall & Atkinson,Marshall & Atkinson,19,Mar,1895,27,April,1895,True,condensed,0.9,Rosa (s)-Carlscrona-600 lds. hewn fir-Marshall & Atkinson
18950427p.724_p001.txt,189,Ida,Christiania,POOLE,137 lds. hewn fir-Marshall & Atkinson,Marshall & Atkinson,19,Mar,1895,27,April,1895,False,condensed,0.9,Ida-Christiania-137 lds. hewn fir-Marshall & Atkinson
18950427p.724_p001.txt,190,Bravo,Halmstad,POOLE,247 lds. hewn fir-Marshall & Atkinson,Marshall & Atkinson,17,Mar,1895,27,April,1895,False,condensed,0.9,17 Bravo-Halmstad-247 lds. hewn fir-Marshall & Atkinson
18950427p.724_p001.txt,191,Arizona,Mandal,POOLE,310 lds. hewn fir-Marshall & Atkinson,Marshall & Atkinson,18,Mar,1895,27,April,1895,False,condensed,0.9,18 Arizona-Mandal-310 lds. hewn fir-Marshall & Atkinson
18950427p.724_p001.txt,192,Rival,Christiansand,POOLE,270 lds. hewn fir-Marshall & Atkinson,Marshall & Atkinson,19,Mar,1895,27,April,1895,False,condensed,0.9,19 Rival-Christiansand-270 lds. hewn fir-Marshall & Atkinson
18950427p.724_p001.txt,193,Halfdan,Drammen,POOLE,240 lds. hewn fir-Marshall & Atkinson,Marshall & Atkinson,19,Mar,1895,27,April,1895,False,condensed,0.9,Halfdan-Drammen-240 lds. hewn fir-Marshall & Atkinson
18950427p.724_p001.txt,194,Palmen,Christiansand,POOLE,103 lds. hewn fir-Marshall & Atkinson,Marshall & Atkinson,20,Mar,1895,27,April,1895,False,condensed,0.9,20 Palmen-Christiansand-103 lds. hewn fir-Marshall & Atkinson
18950427p.724_p001.txt,195,Neptun,Halmstad,POOLE,390 lds. hewn fir-Marshall & Atkinson,Marshall & Atkinson,20,Mar,1895,27,April,1895,True,condensed,0.9,Neptun (s)-Halmstad-390 lds. hewn fir-Marshall & Atkinson
18950427p.724_p001.txt,196,Lyngor,Arendal,POOLE,360 lds. hewn fir-Marshall & Atkinson,Marshall & Atkinson,20,Mar,1895,27,April,1895,False,condensed,0.9,Lyngor-Arendal-360 lds. hewn fir-Marshall & Atkinson
18950427p.724_p001.txt,197,Nicolina,Calmar,POOLE,95 lds. hewn fir-Marshall & Atkinson,Marshall & Atkinson,22,Mar,1895,27,April,1895,False,condensed,0.9,22 Nicolina-Calmar-95 lds. hewn fir-Marshall & Atkinson
18950427p.724_p001.txt,198,Rival,Christiansand,POOLE,103 lds. hewn fir-Marshall & Atkinson,Marshall & Atkinson,22,Mar,1895,27,April,1895,False,condensed,0.9,Rival-Christiansand-103 lds. hewn fir-Marshall & Atkinson
18950427p.724_p001.txt,199,Ankerthor,Tredestrand,POOLE,300 lds. hewn fir-Marshall & Atkinson,Marshall & Atkinson,22,Mar,1895,27,April,1895,False,condensed,0.9,Ankerthor-Tredestrand-300 lds. hewn fir-Marshall & Atkinson
18950427p.724_p001.txt,200,Fanny,Drobak,POOLE,85 lds. hewn fir-Marshall & Atkinson,Marshall & Atkinson,22,Mar,1895,27,April,1895,False,condensed,0.9,Fanny-Drobak-85 lds. hewn fir-Marshall & Atkinson
18950427p.724_p001.txt,201,Luca,Christiansand,POOLE,329 lds. hewn fir-Marshall & Atkinson,Marshall & Atkinson,22,Mar,1895,27,April,1895,False,condensed,0.9,Luca-Christiansand-329 lds. hewn fir-Marshall & Atkinson
18950427p.724_p001.txt,202,Normen,Porsgrund,POOLE,31 lds. hewn fir-Marshall & Atkinson,Marshall & Atkinson,22,Mar,1895,27,April,1895,False,condensed,0.9,Normen-Porsgrund-31 lds. hewn fir-Marshall & Atkinson
18950427p.724_p001.txt,203,Sirene,Drammen,POOLE,184 lds. hewn fir-Marshall & Atkinson,Marshall & Atkinson,22,Mar,1895,27,April,1895,False,condensed,0.9,Sirene-Drammen-184 lds. hewn fir-Marshall & Atkinson
18950427p.724_p001.txt,204,Gipsy Queen,Gothenburg,POOLE,103 lds. hewn fir-Marshall & Atkinson,Marshall & Atkinson,22,Mar,1895,27,April,1895,True,condensed,0.9,Gipsy Queen (s)-Gothenburg-103 lds. hewn fir-Marshall & Atkinson
18950427p.724_p001.txt,207,Activ,Hommelvik,POOLE,"495 lds. deals and battens, 130 lds. firewood-Driver & Co.",Driver & Co.,22,Mar,1895,27,April,1895,False,condensed,0.9,"Activ-Hommelvik-495 lds. deals and battens, 130 lds. firewood-Driver & Co."
18950427p.724_p001.txt,208,Reenvald Jarl,Bergen,POOLE,"1,000 bdls. battens",,22,Mar,1895,27,April,1895,True,condensed,0.9,"22 Reenvald Jarl (s)-Bergen-1,000 bdls. battens"
18950427p.724_p001.txt,209,Sterling,Christiania,POOLE,"100 lds. boards, 100 bdls. poles, 10 lds staves; from Moss",,22,Mar,1895,27,April,1895,True,condensed,0.9,"Sterling (s)-Christiania-100 lds. boards, 100 bdls. poles, 10 lds staves; from Moss-50 lds. props, 2 bdls. staves"
18950427p.724_p001.txt,211,Angerton,New York,POOLE,"565 bdls. mouldings, 800 doors, 1 cs. wood, 100 pcs. oak-Furness, Withy, & Co. 1,000 pcs. lumber-B J. Sutherland & Co.; 1,000 pcs. lumber, 301 pcs, pine, 742 bdls. doors, 740 doors-J. Co[?]","Furness, Withy, & Co.",23,Mar,1895,27,April,1895,True,condensed,0.9,"23 Angerton (s)-New York-565 bdls. mouldings, 800 doors, 1 cs. wood, 100 pcs. oak-Furness, Withy, & Co.; 1,000 pcs. lumber-B J. Sutherland & Co.; 1,000 pcs. lumber, 301 pcs, pine, 742 bdls. doors, 740 doors-J. Co[?]"
18950427p.724_p001.txt,214,Seagull,Christiania,POOLE,"300 lds. boards, 874 lds. boards, 24 lds. poles",,23,Mar,1895,27,April,1895,False,condensed,0.9,"Seagull-Christiania-300 lds. boards, 874 lds. boards, 24 lds. poles"
18950427p.724_p001.txt,215,Girdleness,Memel,POOLE,594 lds. deals-Doxford & Son,Doxford & Son,19,Mar,1895,27,April,1895,False,condensed,0.9,19 Girdleness-Memel-594 lds. deals-Doxford & Son
18950427p.724_p001.txt,216,Gotha,Gothenburg,POOLE,278 lds. fir-Bennett,Bennett,20,Mar,1895,27,April,1895,False,condensed,0.9,20 Gotha-Gothenburg-278 lds. fir-Bennett
18950427p.724_p001.txt,217,Solfaxi,Kotka,POOLE,825 lds. props-J. Westoll,J. Westoll,22,Mar,1895,27,April,1895,False,condensed,0.9,22 Solfaxi-Kotka-825 lds. props-J. Westoll
18950427p.724_p001.txt,220,Stella,Arcachon,POOLE,200 lds. hewn fir-W. Vivian,W. Vivian,22,Mar,1895,27,April,1895,False,condensed,0.9,Stella-Arcachon-200 lds. hewn fir-W. Vivian
18950427p.724_p001.txt,221,La Roche,Bernard,POOLE,150 lds. pit props-G. Mouchel,G. Mouchel,22,Mar,1895,27,April,1895,False,condensed,0.9,La Roche Bernard-150 lds. pit props-G. Mouchel
18950427p.724_p001.txt,222,City,Baltimore,POOLE,"15 lds. oak, hickory, and poplar lumber, 56 walnut logs-Williams, Towey, & Co.","Williams, Towey, & Co.",20,Mar,1895,27,April,1895,False,condensed,0.9,"20 City-Baltimore-15 lds. oak, hickory, and poplar lumber, 56 walnut logs-Williams, Towey, & Co."
18950427p.724_p001.txt,225,Akershus,Christiania,TYNE,"1,411 pcs. poles, 150 spars; from Laurvig",,20,Mar,1895,27,April,1895,True,condensed,1.0,"Akershus (s)-Christiania-1,411 pcs. poles, 150 spars; from Laurvig-1,000 bdls. woodpulp"
18950427p.724_p001.txt,226,Romeo,Gothenburg,TYNE,"7,500 bales wood pulp-Saunders, & Todd","Saunders, & Todd",20,Mar,1895,27,April,1895,True,condensed,1.0,"Romeo (s)-Gothenburg-7,500 bales wood pulp -Saunders, & Todd"
18950427p.724_p001.txt,227,Topaz,Hamburg,TYNE,3 cs. mouldings-Tyne Steamship Co.,Tyne Steamship Co.,17,Mar,1895,27,April,1895,True,condensed,1.0,17 Topaz (s)-Hamburg-3 cs. mouldings-Tyne Steamship Co.
18950427p.724_p001.txt,228,Royal Dane,Fredrikstad,TYNE,"22,689 boards",,17,Mar,1895,27,April,1895,False,condensed,1.0,"18 Royal Dane-Fredrikstad-22,689 boards"
18950427p.724_p001.txt,229,Gratitude,Rotterdam,TYNE,1 cs. mouldings-Tyne Steamship Co.,Tyne Steamship Co.,17,Mar,1895,27,April,1895,True,condensed,0.9,Gratitude (s)-Rotterdam-1 cs. mouldings-Tyne Steamship Co.
18950427p.724_p001.txt,230,Hero,Kragero,TYNE,"11,408 props",,17,Mar,1895,27,April,1895,False,condensed,0.9,"Hero-Kragero-11,408 props"
18950427p.724_p001.txt,231,Ormston,Christiansand,TYNE,"9,885 props, 16 lds. battens-Tyne Steamship Co.",Tyne Steamship Co.,22,Mar,1895,27,April,1895,True,condensed,0.9,"22 Ormston (s)-Christiansand-9,885 props, 16 lds. battens-Tyne Steamship Co."
18950427p.724_p001.txt,232,Erling,Drammen,TYNE,"43,457 props-Pyman, Bell & Co.","Pyman, Bell & Co.",22,Mar,1895,27,April,1895,False,condensed,0.9,"Erling-Drammen-43,457 props-Pyman, Bell & Co."
18950427p.724_p001.txt,233,Hugin,Christiansand,TYNE,"78 bls. props, 100 pcs. poles, 250 lds. deals, battens, 100 lds. crowntrees, 12 lds. mining timber, 190 lds. boards, 100 lds. sleepers",,22,Mar,1895,27,April,1895,True,condensed,0.9,"Hugin (s)-Christiansand-78 bls. props, 100 pcs. poles, 250 lds. deals, battens, 100 lds. crowntrees, 12 lds. mining timber, 190 lds. boards, 100 lds. sleepers"
18950427p.724_p001.txt,238,City of Liverpool,Rotterdam,TYNE,12 cs. hoops-J. C. Pinkerton & Co.,J. C. Pinkerton & Co.,22,Mar,1895,27,April,1895,False,condensed,0.9,City of Liverpool-Rotterdam-12 cs. hoops-J. C. Pinkerton & Co.
18950427p.724_p001.txt,239,Shandon,San Francisco,TYNE,15 lds. wood-O'Shaugnessy,O'Shaugnessy,19,Mar,1895,27,April,1895,False,condensed,0.9,19 Shandon-San Francisco-15 lds. wood-O'Shaugnessy
18950427p.724_p001.txt,240,Concurrent,Christiania,TYNE,"806 lds. boards, 44 lds. sheathing boards, 14 lds. deals, 12 lds. mouldings, 7 lds. ladder poles-J. P. Spaight & Sons",J. P. Spaight & Sons,20,Mar,1895,27,April,1895,False,condensed,0.9,"20 Concurrent-Christiania-806 lds. boards, 44 lds. sheathing boards, 14 lds. deals, 12 lds. mouldings, 7 lds. ladder poles-J. P. Spaight & Sons"
18950427p.724_p001.txt,244,Micmac,Boston,BRISTOL,"1,320 pcs. wood-Padgett Bros.",Padgett Bros.,20,Mar,1895,27,April,1895,True,condensed,0.9,"Micmac (s)-Boston-1,320 pcs. wood-Padgett Bros."
18950427p.724_p001.txt,248,Rossmore,Libau,BRISTOL,"4,825 pcs. oak-Morley, Clark & Co.","Morley, Clark & Co.",20,Mar,1895,27,April,1895,True,condensed,0.9,"Rossmore (s)-Libau-4,825 pcs. oak-Morley, Clark & Co."
18950427p.724_p001.txt,252,Rossmore,Baltimore,LIVERPOOL,"466 pcs. planks, 4,667 staves-Farnworth & Jardine 79 pcs. oak-Duncan, Ewing, & Co.; 1,000 pcs. popular boards-Illingworth, Ingham & Co.; 51 oak planks, 61 hickory logs-Duncan, Ewing & Co.; 5,946 walnut squares-Duncan, Ewing & Co.; 683 hickory squares, 30 hickory logs, 2,219 oak planks, 28 chesnut logs, 1,785 oak planks, and 28 poplar logs",Farnworth & Jardine,20,Mar,1895,27,April,1895,True,condensed,0.9,"Rossmore (s)-Baltimore-466 pcs. planks, 4,667 staves-Farnworth & Jardine; 79 pcs. oak-Duncan, Ewing, & Co.; 1,000 pcs. popular boards-Illingworth, Ingham & Co.; 51 oak planks, 61 hickory logs-Duncan, Ewing & Co.; 5,946 walnut squares-Duncan, Ewing & Co.; 683 hickory squares, 30 hickory logs, 2,219 oak planks, 28 chesnut logs, 1,785 oak planks, and 28 poplar logs"
18950427p.724_p001.txt,253,Costa Rican,Vera Cruz,LIVERPOOL,5 logs mahogany-B. Watson,B. Watson,19,Mar,1895,27,April,1895,True,condensed,0.9,19 Costa Rican (s)-Vera Cruz-5 logs mahogany-B. Watson; New Orleans-31 logs mahogany
18950427p.724_p001.txt,253,New,Orleans,LIVERPOOL,31 logs mahogany,,19,Mar,1895,27,April,1895,False,condensed,0.9,New Orleans-31 logs mahogany
18950427p.724_p001.txt,254,Ottoman,Boston,LIVERPOOL,"3,002 maple logs, 1,000 ash poles, 100 bdls. hickory squares-Farnworth & Tylee 11 maple logs-Farnworth & Mitchell & Co.; 2,423 pcs. oak, 1 cs. oak, & 2 bxs. thin lumber-W. B. Dobell & Co.; 11,030 staves-Farnworth & Jardine",Farnworth & Tylee,20,Mar,1895,27,April,1895,True,condensed,0.9,"20 Ottoman (s)-Boston-3,002 maple logs, 1,000 ash poles, 100 bdls. hickory squares-Farnworth & Tylee; 11 maple logs-Farnworth & Mitchell & Co.; 2,423 pcs. oak, 1 cs. oak, & 2 bxs. thin lumber-W. B. Dobell & Co.; 11,030 staves-Farnworth & Jardine"
18950427p.724_p001.txt,255,Parisian,Portland,LIVERPOOL,952 maple logs-Farnworth & Mitchell,Farnworth & Mitchell,22,Mar,1895,27,April,1895,True,condensed,0.9,22 Parisian (s)-Portland-952 maple logs-Farnworth & Mitchell
18950427p.724_p001.txt,256,Templemore,Baltimore,LIVERPOOL,"1,000 pcs. oak-A. Dobell & Co. 336 pcs. oak, 12 w[?] pcs. oak-Duncan, Ewing, & Co.; 371 pcs. oak-Duncan, Ewing, & Co.; 1,000 walnut squares, 97 pcs. oak, 238 pcs. poplar-R. Coltart & Co.; 166 pcs. oak planks-1,505 oak scantlings",A. Dobell & Co.,24,Mar,1895,27,April,1895,True,condensed,0.9,"24 Templemore (s) - Baltimore - 1,000 pcs. oak-A. Dobell & Co.; 336 pcs. oak, 12 w[?] pcs. oak-Duncan, Ewing, & Co.; 371 pcs. oak-Duncan, Ewing, & Co.; 1,000 walnut squares, 97 pcs. oak, 238 pcs. poplar-R. Coltart & Co.; 166 pcs. oak planks-1,505 oak scantlings"
18950427p.724_p001.txt,258,Axim,Old Calabar,COBURG DOCK,1 log ebony-African Association from Ambrig-1 log mahogany-Imperial West African Co.; 6 logs mahogany,African Association,24,Mar,1895,27,April,1895,True,condensed,1.0,Axim (s)-Old Calabar-1 log ebony-African Association; from Ambrig-1 log mahogany-Imperial West African Co.; 6 logs mahogany
18950427p.724_p001.txt,259,Ambrig,Chama,COBURG DOCK,"2 logs mahogany-Campbell & Co. 2 logs mahogany-Wade, Ridley, & Co.; 3 logs mahogany-J. H. Rayner & Co.; from Essian; from Bontry-8 logs mahogany-W. Wilson & Son; 5 logs mahogany-Williams & Cade; 6 logs mahogany-Churchill & Sim; from Bayin-8 logs mahogany-Churchill & Sim; Montemma Co.; 2 logs mahogany-Higginson & Co.; & Berthoud; 3 logs mahogany-J. H. Rayner & Co.; from Assinee-1 log mahogany-J. H. Rayner & Co.; 30 logs mahogany-J. J. Horsfield & Co.; 167 logs mahogany-F. & A. Swanzy; 1 log mahogany-A. Herschell; 9 logs mahogany-Mordaunt Bros.; 1 log mahogany-J. H. Rayner & Co.; from Bradbury; 5 logs mahogany-J. H. Rayner & Son; 2 logs mahogany-W. B. Dobell & Co.; 1 log mahogany-Symington",Campbell & Co.,24,Mar,1895,27,April,1895,True,condensed,1.0,"Ambrig (s)-Chama-2 logs mahogany-Campbell & Co.; 2 logs mahogany-Wade, Ridley, & Co.; 3 logs mahogany-J. H. Rayner & Co.; from Essian; from Bontry-8 logs mahogany-W. Wilson & Son; 5 logs mahogany-Williams & Cade; 6 logs mahogany-Churchill & Sim; from Bayin-8 logs mahogany-Churchill & Sim; Montemma Co.; 2 logs mahogany-Higginson & Co.; & Berthoud; 3 logs mahogany-J. H. Rayner & Co.; from Assinee-1 log mahogany-J. H. Rayner & Co.; 30 logs mahogany-J. J. Horsfield & Co.; 167 logs mahogany-F. & A. Swanzy; 1 log mahogany-A. Herschell; 9 logs mahogany-Mordaunt Bros.; 1 log mahogany-J. H. Rayner & Co.; from Bradbury; 5 logs mahogany-J. H. Rayner & Son; 2 logs mahogany-W. B. Dobell & Co.; 1 log mahogany-Symington"
18950427p.724_p001.txt,261,Inventor,New Orleans,COBURG DOCK,"5 cs. persimmon, 211 oak planks, 1,344 ash logs, 7 birch logs, 102 hickory logs, 19 cs. holly, 1 log walnut-Farnworth & Jardine",Farnworth & Jardine,24,Mar,1895,27,April,1895,True,condensed,1.0,"Inventor (s)-New Orleans-5 cs. persimmon, 211 oak planks, 1,344 ash logs, 7 birch logs, 102 hickory logs, 19 cs. holly, 1 log walnut-Farnworth & Jardine"
18950427p.724_p001.txt,262,Lamberts Point,"Norfolk, Va.",LIVERPOOL (COBURG DOCK),"1,000 pcs. popular, 1,344 ash logs, 7 birch logs, 102 hickory logs, 19 cs. holly walnut logs, 1 hewn oak, 136 pcs. hewn poplar",,24,Mar,1895,27,April,1895,True,condensed,0.9,"24 Lamberts Point (s)-Norfolk, Va.-1,000 pcs. popular, 1,344 ash logs, 7 birch logs, 102 hickory logs, 19 cs. holly walnut logs, 1 hewn oak, 136 pcs. hewn poplar"
18950427p.724_p001.txt,264,Vesta,New Orleans,LIVERPOOL (COBURG DOCK),"1,141 pcs. oak, 10 logs oak",,24,Mar,1895,27,April,1895,True,condensed,0.9,"Vesta (s)-New Orleans-1,141 pcs. oak, 10 logs oak"
18950427p.724_p001.txt,265,Paraworth,New Orleans,LIVERPOOL (COBURG DOCK),"1,141 pcs. oak, 10 logs oak",,24,Mar,1895,27,April,1895,True,condensed,0.9,"Paraworth (s)-New Orleans-1,141 pcs. oak, 10 logs oak"
18950427p.724_p002.txt,4,MISSING_FROM_OCR,Danzig,LIVERPOOL (COBURG DOCK),984 lds. hewn fir-Fellows & Co.,Fellows & Co.,24,Mar,1895,27,April,1895,False,condensed,0.9,Danzig-984 lds. hewn fir-Fellows & Co.
18950427p.724_p002.txt,11,Flink,Fredrikstad,NEWPORT,315 lds. fir boards-G. W. Jones & Co.,G. W. Jones & Co.,24,Mar,1895,27,April,1895,False,condensed,1.0,Flink-Fredrikstad-315 lds. fir boards -G. W. Jones & Co.
18950427p.724_p002.txt,13,Speed,Christiania,NEWPORT,458 lds. battens-R. H. Penney & Sons.,R. H. Penney & Sons.,24,Mar,1895,27,April,1895,False,condensed,1.0,Speed-Christiania-458 lds. battens -R. H. Penney & Sons.
18950427p.724_p002.txt,14,John Hunt,Drammen,NEWPORT,"564 lds. boards, 10 lds. props-John Hunt & Co.",John Hunt & Co.,24,Mar,1895,27,April,1895,False,condensed,1.0,"24 John Hunt-Drammen-564 lds. boards, 10 lds. props-John Hunt & Co."
18950427p.724_p002.txt,15,Ganger Rolf,Fredrikstad,NEWPORT,"564 lds. boards, 28 lds. props-Brighton Saw-mills Co.",Brighton Saw-mills Co.,24,Mar,1895,27,April,1895,False,condensed,0.9,"24 Ganger Rolf-Fredrikstad-564 lds. boards, 28 lds. props-Brighton Saw-mills Co."
18950427p.724_p002.txt,17,Stella,Bordeaux,NEWPORT,"1,100 lds. pit props-Budd & Co.",Budd & Co.,24,Mar,1895,27,April,1895,False,condensed,0.9,"Stella-Bordeaux-1,100 lds. pit props-Budd & Co."
18950427p.724_p002.txt,18,La Roche,Bernard,NEWPORT,150 lds. pitwood-Watts & Co.,Watts & Co.,24,Mar,1895,27,April,1895,False,condensed,0.9,19 La Roche Bernard-150 lds. pitwood-Watts & Co.
18950427p.724_p002.txt,19,G. Mouchel,Hennebont,NEWPORT,150 lds. pitwood-Watts & Co.,Watts & Co.,20,Mar,1895,27,April,1895,False,condensed,0.9,20 G. Mouchel-Hennebont-150 lds. pitwood-Watts & Co.
18950427p.724_p002.txt,20,Nazaire,Bordeaux,NEWPORT,420 lds. pitwood-Watts & Co.,Watts & Co.,20,Mar,1895,27,April,1895,False,condensed,0.9,20 St. Nazaire-Bordeaux-420 lds. pitwood-Watts & Co.
18950427p.724_p002.txt,21,La Rochelle,Hennebont,NEWPORT,200 lds. pitwood-Watts & Co.,Watts & Co.,22,Mar,1895,27,April,1895,False,condensed,0.9,22 La Rochelle-Hennebont-200 lds. pitwood-Watts & Co.
18950427p.724_p002.txt,22,La Roche,Bernard,NEWPORT,170 lds. pitwood-Watts & Co.,Watts & Co.,22,Mar,1895,27,April,1895,False,condensed,0.9,22 La Roche Bernard-170 lds. pitwood-Watts & Co.
18950427p.724_p002.txt,23,La Roche,Bernard,NEWPORT,"205 lds. pitwood-Sims, Stevens, & Co.","Sims, Stevens, & Co.",22,Mar,1895,27,April,1895,False,condensed,0.9,"23 La Roche Bernard-205 lds. pitwood-Sims, Stevens, & Co."
18950427p.724_p002.txt,24,G. Mouchel,Bordeaux,NEWPORT,"1,250 lds. pitwood-Sims, Stevens, & Co.","Sims, Stevens, & Co.",24,Mar,1895,27,April,1895,False,condensed,0.9,"24 G. Mouchel-Bordeaux-1,250 lds. pitwood-Sims, Stevens, & Co."
18950427p.724_p002.txt,25,Nazaire,Bordeaux,NEWPORT,160 lds. pitwood-Newport Trading Co.,Newport Trading Co.,24,Mar,1895,27,April,1895,False,condensed,0.9,24 St. Nazaire-Bordeaux-160 lds. pitwood-Newport Trading Co.
18950427p.724_p002.txt,27,Gipsy,Laurvig,NEWPORT,"336 lds. hewn fir, 24 lds. poles-J. T. Chellew",J. T. Chellew,24,Mar,1895,27,April,1895,False,condensed,0.9,"Gipsy-Laurvig-336 lds. hewn fir, 24 lds. poles-J. T. Chellew"
18950427p.724_p002.txt,28,Poole,Christiania,NEWPORT,"39,679 pcs. prepared boards, 5 deals, 604 poles-J. T. Chellew & Co.",J. T. Chellew & Co.,23,Mar,1895,27,April,1895,False,condensed,0.9,"23 Poole-Christiania-39,679 pcs. prepared boards, 5 deals, 604 poles-J. T. Chellew & Co."
18950427p.724_p002.txt,29,Speed,Porsgrund,NEWPORT,"429 lds. boards, 39 lds. poles-Hassell",Hassell,23,Mar,1895,27,April,1895,False,condensed,0.9,"23 Speed-Porsgrund-429 lds. boards, 39 lds. poles-Hassell"
18950427p.724_p002.txt,31,Gwalior,Laurvig,NEWPORT,692 lds. boards-Taylor & Co.,Taylor & Co.,23,Mar,1895,27,April,1895,False,condensed,0.9,Gwalior-Laurvig-692 lds. boards-Taylor & Co.
18950427p.724_p002.txt,32,Ramsgate,Laurvig,NEWPORT,"330 lds. boards, 38 lds. poles-J. Adams",J. Adams,23,Mar,1895,27,April,1895,False,condensed,0.9,"Ramsgate-Laurvig-330 lds. boards, 38 lds. poles-J. Adams"
18950427p.724_p002.txt,34,MISSING_FROM_OCR,Porsgrund,NEWPORT,"343 lds. boards, 86 lds. poles-W. Crundall & Co.",W. Crundall & Co.,23,Mar,1895,27,April,1895,False,condensed,0.9,"22 Porsgrund-343 lds. boards, 86 lds. poles-W. Crundall & Co."
18950427p.724_p002.txt,36,MISSING_FROM_OCR,Skien,NEWPORT,332 lds. firewood-T. H. Williams & Co.,T. H. Williams & Co.,23,Mar,1895,27,April,1895,False,condensed,0.9,Skien-332 lds. firewood-T. H. Williams & Co.
18950427p.724_p002.txt,37,Gorm,Christiansand,NEWPORT,342 lds. firewood-Wilkinson,Wilkinson,20,Mar,1895,27,April,1895,False,condensed,0.9,20 Gorm-Christiansand-342 lds. firewood-Wilkinson
18950427p.724_p002.txt,39,Ragnvald Jarl,Bergen,NEWPORT,"1,000 palings, 5,891 battens-Jewson & Son",Jewson & Son,20,Mar,1895,27,April,1895,True,condensed,0.9,"Ragnvald Jarl (s)-Bergen-1,000 palings, 5,891 battens-Jewson & Son"
18950427p.724_p002.txt,40,Sterling,Christiania,NEWPORT,"100 lds. mining timber, 10 lds. poles, 10 lds. props, 50 lds. props, 2 bxs. staves; from Laurvig from Fredrikstad-216 lds. boards-J. Scott & Son",,20,Mar,1895,27,April,1895,True,condensed,0.9,"20 Sterling (s)-Christiania-100 lds. mining timber, 10 lds. poles, 10 lds. props, 50 lds. props, 2 bxs. staves; from Laurvig-216 lds. staves-Order; from Fredrikstad-216 lds. boards-J. Scott & Son"
18950427p.724_p002.txt,41,Angerton,New York,NEWPORT,"565 shooks, 15 cs. mouldings, 800 doors, 1 car lumber, 1,440 pcs. oak-Furness, Withy, & Co. 10 logs lumber-B. J. Sutherland & Co.; 108 pcs. lumber, 301 pcs. poplar, 742 pcs. lumber, 10 bds. doors, 740 doors-J. Cook & Co.","Furness, Withy, & Co.",23,Mar,1895,27,April,1895,True,condensed,0.9,"23 Angerton (s)-New York-565 shooks, 15 cs. mouldings, 800 doors, 1 car lumber, 1,440 pcs. oak-Furness, Withy, & Co.; 10 logs lumber-B. J. Sutherland & Co.; 108 pcs. lumber, 301 pcs. poplar, 742 pcs. lumber, 10 bds. doors, 740 doors-J. Cook & Co."
18950427p.724_p002.txt,42,Seagull,Christiania,NEWPORT,"33 lds. battens, 874 lds. boards, 24 lds. poles-Jewson",Jewson,23,Mar,1895,27,April,1895,False,condensed,0.9,"Seagull-Christiania-33 lds. battens, 874 lds. boards, 24 lds. poles-Jewson"
18950427p.724_p002.txt,43,Girdleness,Memel,NEWPORT,794 lds. deals and planks-Jewson & Son,Jewson & Son,19,Mar,1895,27,April,1895,False,condensed,0.9,19 Girdleness-Memel-794 lds. deals and planks -Jewson & Son
18950427p.724_p002.txt,44,Selina,Gothenburg,NEWPORT,"278 lds. flooring, 28 lds. split laths-J. Porter",J. Porter,22,Mar,1895,27,April,1895,False,condensed,0.9,"22 Selina-Gothenburg-278 lds. flooring, 28 lds. split laths-J. Porter"
18950427p.724_p002.txt,47,City of Liverpool,Rotterdam,NEWPORT,4 lds. hoops-J. C. Pinkerton,J. C. Pinkerton,22,Mar,1895,27,April,1895,False,condensed,0.9,City of Liverpool-Rotterdam-4 lds. hoops-J. C. Pinkerton
18950427p.724_p002.txt,48,Shandon,San Francisco,NEWPORT,15 lds. boards-M. O'Shaugnessy,M. O'Shaugnessy,19,Mar,1895,27,April,1895,False,condensed,0.9,19 Shandon-San Francisco-15 lds. boards-M. O'Shaugnessy
18950427p.724_p002.txt,49,Concurrent,Christiania,NEWPORT,"806 lds. flooring and sheeting boards, 44 lds. deals, 40 lds. mouldings, 7 lds. ladder poles-Francis Spaight & Sons",Francis Spaight & Sons,20,Mar,1895,27,April,1895,False,condensed,0.9,"20 Concurrent-Christiania-806 lds. flooring and sheeting boards, 44 lds. deals, 40 lds. mouldings, 7 lds. ladder poles-Francis Spaight & Sons"
18950427p.724_p002.txt,52,Micmac,Boston,BRISTOL,"1,328 pcs. poplar-Budget Bros.",Budget Bros.,20,Mar,1895,27,April,1895,True,condensed,0.9,"Micmac (s)-Boston-1,328 pcs. poplar-Budget Bros."
18950427p.724_p002.txt,54,Romny,New York,BRISTOL,"11 logs oak-Morley, Clark & Co.","Morley, Clark & Co.",20,Mar,1895,27,April,1895,True,condensed,0.9,"Romny (s)-New York-11 logs oak-Morley, Clark & Co."
18950427p.724_p002.txt,57,Rossmore,Baltimore,LIVERPOOL,"408 pcs. oak-Potts & Redhead 466 pcs. oak, 371 oak planks, 4,667 staves, 79 pcs. oak-Duncan, Ewing, & Co.; 2,492 pcs. oak-Duncan, Ewing, Ingham, & Co.; 693 hickory logs-Potts & Redhead; 30 hickory logs, 2,219 oak planks, 43 maple squares-Duncan, Ewing, & Co.; 1,785 oak scantlings, and 28 chestnut logs-R. Coltart & Co.",Potts & Redhead,20,Mar,1895,27,April,1895,True,condensed,0.9,"Rossmore (s)-Baltimore-408 pcs. oak -Potts & Redhead; 466 pcs. oak, 371 oak planks, 4,667 staves, 79 pcs. oak-Duncan, Ewing, & Co.; 2,492 pcs. oak-Duncan, Ewing, Ingham, & Co.; 693 hickory logs-Potts & Redhead; 30 hickory logs, 2,219 oak planks, 43 maple squares-Duncan, Ewing, & Co.; 1,785 oak scantlings, and 28 chestnut logs-R. Coltart & Co."
18950427p.724_p002.txt,58,Costa Rican,Vera Cruz,LIVERPOOL,5 logs cedar-R. B. Watson,R. B. Watson,19,Mar,1895,27,April,1895,True,condensed,0.9,"19 Costa Rican (s)-Vera Cruz-5 logs cedar-R. B. Watson; New Orleans-31 hickory logs -Moorehouse; 3,002 maple blocks, 386 hickory squares-Sharp & Co.; 10 popular logs -Moorehouse, 2,423 pcs. oak-A. Dobell & Co.; 2 bxs. thin lumber-W. Mallinson & Co.; 11,030 staves-Farnworth & Jardine"
18950427p.724_p002.txt,58,New,Orleans,LIVERPOOL,"31 hickory logs-Moorehouse 3,002 maple blocks, 386 hickory squares-Sharp & Co.; 10 popular logs -Moorehouse, 2,423 pcs. oak-A. Dobell & Co.; 2 bxs. thin lumber-W. Mallinson & Co.; 11,030 staves-Farnworth & Jardine",Moorehouse,19,Mar,1895,27,April,1895,False,condensed,0.9,"New Orleans-31 hickory logs -Moorehouse; 3,002 maple blocks, 386 hickory squares-Sharp & Co.; 10 popular logs -Moorehouse, 2,423 pcs. oak-A. Dobell & Co.; 2 bxs. thin lumber-W. Mallinson & Co.; 11,030 staves-Farnworth & Jardine"
18950427p.724_p002.txt,59,Parisian,Portland,LIVERPOOL,952 maple blocks-T. Mitchell,T. Mitchell,22,Mar,1895,27,April,1895,True,condensed,0.9,22 Parisian (s)-Portland-952 maple blocks-T. Mitchell
18950427p.724_p002.txt,60,Templemore,Baltimore,LIVERPOOL,"120 pcs. oak-A. Dobell & Co. 336 pcs. oak-Potts & Redhead; 38 pcs. poplar, 12 walnut logs, 371 pcs. oak-Duncan, Ewing, & Co.; 2,121 pcs. oak, 238 pcs. walnut squares, 166 pcs. oak, 4,069 oak scantlings.",A. Dobell & Co.,24,Mar,1895,27,April,1895,True,condensed,0.9,"24 Templemore (s)-Baltimore-120 pcs. oak-A. Dobell & Co.; 336 pcs. oak-Potts & Redhead; 38 pcs. poplar, 12 walnut logs, 371 pcs. oak-Duncan, Ewing, & Co.; 2,121 pcs. oak, 238 pcs. walnut squares, 166 pcs. oak, 4,069 oak scantlings."
18950427p.724_p002.txt,62,Axima,Old Calabar,LIVERPOOL,"1,996 billets ebony-African Association from Axim-1 log mahogany-Imperial West African Co.",African Association,24,Mar,1895,27,April,1895,True,condensed,0.9,"Axima (s)-Old Calabar-1,996 billets ebony-African Association; from Axim-1 log mahogany-Imperial West African Co."
18950427p.724_p002.txt,64,Axima,Old Calabar,COBURG DOCK,"1,996 billets ebony-African Association from Axim-1 log mahogany-Imperial West African Co.; 6 logs mahogany-G. Ambrig (s)-Chama-2 logs mahogany-Grim-Campbell & Co.; from wade, Ridley, & Co.; 3 logs mahogany-Kerr & Essien; from Benin-8 logs mahogany-W. Wilson & Son; from & Cade; 6 logs mahogany-Churchill & Sim; from Bayin-8 logs mahogany-Hockley & Co.; 3 logs mahogany-Picker-Montezuma Co.; 2 logs mahogany-Taylor & ing & Berthoud; 3 logs mahogany-Taylor & Co.; from Assinee-1 log mahogany-F. & A. Swanzy; & Co.; 30 logs mahogany-J. Horsfield & Co.; 1 log mahogany-A. Herschell; 9 logs mahogany-Mordaunt Bros.; 1 log mahogany-Millward Bradbury; 5 logs mahogany-W. Clucas & Son; 2 logs mahogany-Symington & Co.",African Association,24,Mar,1895,27,April,1895,True,condensed,1.0,"Axima (s)-Old Calabar-1,996 billets ebony-African Association; from Axim-1 log mahogany-Imperial West African Co.; 6 logs mahogany-G. Ambrig (s)-Chama-2 logs mahogany-Grim-Campbell & Co.; from wade, Ridley, & Co.; 3 logs mahogany-Kerr & Essien; from Benin-8 logs mahogany-W. Wilson & Son; from & Cade; 6 logs mahogany-Churchill & Sim; from Bayin-8 logs mahogany-Hockley & Co.; 3 logs mahogany-Picker-Montezuma Co.; 2 logs mahogany-Taylor & ing & Berthoud; 3 logs mahogany-Taylor & Co.; from Assinee-1 log mahogany-F. & A. Swanzy; & Co.; 30 logs mahogany-J. Horsfield & Co.; 1 log mahogany-A. Herschell; 9 logs mahogany-Mordaunt Bros.; 1 log mahogany-Millward Bradbury; 5 logs mahogany-W. Clucas & Son; 2 logs mahogany-Symington & Co."
18950427p.724_p002.txt,64,G. Ambrig,Chama,COBURG DOCK,"2 logs mahogany-Grim-Campbell & Co. from wade, Ridley, & Co.; 3 logs mahogany-Kerr & Essien; from Benin-8 logs mahogany-W. Wilson & Son; from & Cade; 6 logs mahogany-Churchill & Sim; from Bayin-8 logs mahogany-Hockley & Co.; 3 logs mahogany-Picker-Montezuma Co.; 2 logs mahogany-Taylor & ing & Berthoud; 3 logs mahogany-Taylor & Co.; from Assinee-1 log mahogany-F. & A. Swanzy; & Co.; 30 logs mahogany-J. Horsfield & Co.; 1 log mahogany-A. Herschell; 9 logs mahogany-Mordaunt Bros.; 1 log mahogany-Millward Bradbury; 5 logs mahogany-W. Clucas & Son; 2 logs mahogany-Symington & Co.",Grim-Campbell & Co.,24,Mar,1895,27,April,1895,True,condensed,1.0,"G. Ambrig (s)-Chama-2 logs mahogany-Grim-Campbell & Co.; from wade, Ridley, & Co.; 3 logs mahogany-Kerr & Essien; from Benin-8 logs mahogany-W. Wilson & Son; from & Cade; 6 logs mahogany-Churchill & Sim; from Bayin-8 logs mahogany-Hockley & Co.; 3 logs mahogany-Picker-Montezuma Co.; 2 logs mahogany-Taylor & ing & Berthoud; 3 logs mahogany-Taylor & Co.; from Assinee-1 log mahogany-F. & A. Swanzy; & Co.; 30 logs mahogany-J. Horsfield & Co.; 1 log mahogany-A. Herschell; 9 logs mahogany-Mordaunt Bros.; 1 log mahogany-Millward Bradbury; 5 logs mahogany-W. Clucas & Son; 2 logs mahogany-Symington & Co."
18950427p.724_p002.txt,66,Inventor,New Orleans,COBURG DOCK,5 cars oak-Farnworth & Jardine,Farnworth & Jardine,24,Mar,1895,27,April,1895,True,condensed,1.0,Inventor (s)-New Orleans-5 cars oak-Farnworth & Jardine
18950427p.724_p002.txt,67,Lamberts Point,"Norfolk, Va.",COBURG DOCK,"1,400 pcs. persimmon, 27 oak planks, 18 pcs. poplar, 1,344 ash logs, 7 birch logs, 35 hickory logs, 102 walnut logs, 35 pcs. hewn oak, 136 pcs. hewn poplar",,24,Mar,1895,27,April,1895,True,condensed,1.0,"24 Lamberts Point (s)-Norfolk, Va.-1,400 pcs. persimmon, 27 oak planks, 18 pcs. poplar, 1,344 ash logs, 7 birch logs, 35 hickory logs, 102 walnut logs, 35 pcs. hewn oak, 136 pcs. hewn poplar"
18950427p.724_p002.txt,69,Vesta,New Orleans,LIVERPOOL (COBURG DOCK),"1,141 pcs. oak-Farnworth & Jardine 2,871 pcs. oak, 10 logs oak",Farnworth & Jardine,24,Mar,1895,27,April,1895,True,condensed,0.9,"Vesta (s)-New Orleans-1,141 pcs. oak-Farnworth & Jardine; 2,871 pcs. oak, 10 logs oak"
18950427p.724_p002.txt,80,Lancashire,Rangoon,TILBURY DOCKS,"37 teak squares, 90 bdls. teak scantlings, 5,390 teak planks",,24,Mar,1895,27,April,1895,True,condensed,1.0,"Lancashire (s)-Rangoon - 37 teak squares, 90 bdls. teak scantlings, 5,390 teak planks"
18950427p.724_p002.txt,82,Oranmore,Boston,TILBURY DOCKS,"17,361 pcs., 25 cs., 721 bdls. lumber, 35 mahogany logs, 3 cases veneers",,24,Mar,1895,27,April,1895,True,condensed,1.0,"Oranmore (s)-Boston-17,361 pcs., 25 cs., 721 bdls. lumber, 35 mahogany logs, 3 cases veneers"
18950427p.724_p002.txt,84,Sepia,Rockingham,LONDON (TILBURY DOCKS),"8,953 pcs. jarrah",,24,Mar,1895,27,April,1895,False,condensed,0.9,"Sepia-Rockingham-8,953 pcs. jarrah"
18950427p.724_p002.txt,85,Dagmal,Belize,LONDON (TILBURY DOCKS),"405 pcs. mahogany, 1 log cedar-P. Leckie & Co.",P. Leckie & Co.,24,Mar,1895,27,April,1895,False,condensed,0.9,"Dagmal-Belize-405 pcs. mahogany, 1 log cedar-P. Leckie & Co."
18950427p.724_p002.txt,87,Chickahominy,New York,LONDON (TILBURY DOCKS),"11 logs oak-Leary & Co. 3,318 pcs. lumber-Churchill & Sim; 80 logs timber, 664 pcs. lumber",Leary & Co.,24,Mar,1895,27,April,1895,False,condensed,0.9,"Chickahominy-New York-11 logs oak-Leary & Co.; 3,318 pcs. lumber-Churchill & Sim; 80 logs timber, 664 pcs. lumber"
18950427p.724_p002.txt,88,Carlisle City,Boston,LONDON (TILBURY DOCKS),"6,229 pcs. lumber-C. Leary & Co.",C. Leary & Co.,24,Mar,1895,27,April,1895,True,condensed,0.9,"Carlisle City (s)-Boston-6,229 pcs. lumber-C. Leary & Co."
18950427p.729.txt,32,Hanna,Fredrikstad,RESULTS OF TENDERS,"317 lds. boards, 82 lds. batten ends-G. Gordon & Co.",G. Gordon & Co.,24,Mar,1895,27,April,1895,False,condensed,0.9,"Hanna—Fredrikstad—317 lds. boards, 82 lds. batten ends—G. Gordon & Co."
18950427p.729.txt,33,Wally,Halmstad,RESULTS OF TENDERS,170 lds. props,,24,Mar,1895,27,April,1895,False,condensed,0.9,Wally—Halmstad—170 lds. props—4 lds. firewood—Dunn Bros.
18950427p.729.txt,35,Tronda,Drontheim,RESULTS OF TENDERS,"2,914 battens-Macpherson & McLaren 2,914 battens—R. Melville & Co.",Macpherson & McLaren,18,Mar,1895,27,April,1895,True,condensed,0.9,"18 Tronda (s)—Drontheim—2,914 battens—Macpherson & McLaren; 2,914 battens—R. Melville & Co."
18950427p.729.txt,36,Sigrid,Christiania,RESULTS OF TENDERS,"796 spars, 300 boat-hook handles—McLean, Todd, & Co. 6,404 props P. & J. Wilkie","hook handles—McLean, Todd, & Co.",18,Mar,1895,27,April,1895,False,condensed,0.9,"Sigrid—Christiania—796 spars, 300 boat-hook handles—McLean, Todd, & Co. ; 6,404 props P. & J. Wilkie"
18950427p.729.txt,39,Gotha,Gothenburg,RESULTS OF TENDERS,396 lds. props-J. Kennedy & Co.,J. Kennedy & Co.,18,Mar,1895,27,April,1895,False,condensed,0.9,Gotha—Gothenburg—396 lds. props—J. Kennedy & Co.
18950427p.729.txt,40,Anna Bertha,Halmstad,RESULTS OF TENDERS,170 lds. props-J. Kennedy & Co.,J. Kennedy & Co.,17,Mar,1895,27,April,1895,False,condensed,0.9,17 Anna Bertha—Halmstad—170 lds. props—J. Kennedy & Co.
18950427p.729.txt,41,Bjarne,Gothenburg,RESULTS OF TENDERS,320 lds. props-J. Kennedy & Co.,J. Kennedy & Co.,19,Mar,1895,27,April,1895,False,condensed,0.9,19 Bjarne—Gothenburg—320 lds. props—J. Kennedy & Co.
18950427p.729.txt,42,Tre Brodre,Sandefjord,RESULTS OF TENDERS,140 lds. props-J. Kennedy & Co.,J. Kennedy & Co.,20,Mar,1895,27,April,1895,False,condensed,0.9,20 Tre Brodre—Sandefjord—140 lds. props—J. Kennedy & Co.
18950427p.729.txt,43,Cragg,Gothenburg,RESULTS OF TENDERS,474 lds. props-Rennie,Rennie,22,Mar,1895,27,April,1895,False,condensed,0.9,22 Cragg—Gothenburg—474 lds. props—Rennie
18950427p.729.txt,44,Caroline,Halmstad,RESULTS OF TENDERS,138 lds. props-Kirkwood,Kirkwood,22,Mar,1895,27,April,1895,False,condensed,0.9,Caroline—Halmstad—138 lds. props—Kirkwood
18950427p.729.txt,45,Solon,Halmstad,RESULTS OF TENDERS,187 lds. props-Love,Love,22,Mar,1895,27,April,1895,False,condensed,0.9,Solon—Halmstad—187 lds. props—Love
18950427p.729.txt,46,Athene,Halmstad,RESULTS OF TENDERS,180 lds. props-Love,Love,22,Mar,1895,27,April,1895,False,condensed,0.9,Athene—Halmstad—180 lds. props—Love
18950427p.729.txt,47,Elleda,Gothenburg,RESULTS OF TENDERS,240 lds. props-Kirkwood,Kirkwood,22,Mar,1895,27,April,1895,False,condensed,0.9,Elleda—Gothenburg—240 lds. props—Kirkwood
18950427p.729.txt,48,Congal,Christiania,RESULTS OF TENDERS,480 lds. props-Rennie,Rennie,22,Mar,1895,27,April,1895,False,condensed,0.9,Congal—Christiania—480 lds. props—Rennie
18950427p.729.txt,49,Alban,Gothenburg,RESULTS OF TENDERS,358 lds. props-Rennie,Rennie,22,Mar,1895,27,April,1895,False,condensed,0.9,St. Alban—Gothenburg—358 lds. props—Rennie
18950427p.729.txt,50,Edith,Gothenburg,RESULTS OF TENDERS,285 lds. props-Madsen,Madsen,22,Mar,1895,27,April,1895,False,condensed,0.9,Edith—Gothenburg—285 lds. props—Madsen
18950427p.729.txt,51,Emilie,Gothenburg,RESULTS OF TENDERS,330 lds. props-Madsen,Madsen,22,Mar,1895,27,April,1895,False,condensed,0.9,Emilie—Gothenburg—330 lds. props—Madsen
18950427p.729.txt,52,Johnny,Halmstad,RESULTS OF TENDERS,255 lds. props-Madsen,Madsen,22,Mar,1895,27,April,1895,False,condensed,0.9,Johnny—Halmstad—255 lds. props—Madsen
18950427p.729.txt,53,Petronella,Stromstradi,RESULTS OF TENDERS,221 lds. props-Madsen & Borch,Madsen & Borch,22,Mar,1895,27,April,1895,False,condensed,0.9,Petronella — Stromstradi — 221 lds. props—Madsen & Borch
18950427p.729.txt,54,Hilde,Gothenburg,RESULTS OF TENDERS,235 lds. props-Rennie,Rennie,22,Mar,1895,27,April,1895,False,condensed,0.9,Hilde—Gothenburg—235 lds. props—Rennie
18950427p.729.txt,57,John,Gothenburg,RESULTS OF TENDERS,108 lds. props-Love & Stewart,Love & Stewart,22,Mar,1895,27,April,1895,False,condensed,0.9,John—Gothenburg—108 lds. props—Love & Stewart
18950427p.729.txt,60,Kjellestad,Fredrikshald,RESULTS OF TENDERS,429 lds. pit props-Love & Stewart,Love & Stewart,22,Mar,1895,27,April,1895,False,condensed,0.9,Kjellestad—Fredrikshald—429 lds. pit props—Love & Stewart
18950427p.729.txt,63,Gudrun,Hommelvik,RESULTS OF TENDERS,"9 lds. sawn fir, 125 lds. staves-Lewis Miller & Co.",Lewis Miller & Co.,22,Mar,1895,27,April,1895,False,condensed,0.9,"Gudrun—Hommelvik—9 lds. sawn fir, 125 lds. staves—Lewis Miller & Co."
18950427p.729.txt,66,Astrid,Drammen,BO'NESS,372 lds. pit props-J. Denholm & Co.,J. Denholm & Co.,22,Mar,1895,27,April,1895,False,condensed,1.0,Astrid—Drammen—372 lds. pit props—J. Denholm & Co.
18950427p.729.txt,67,Theodore,Moss,BO'NESS,230 lds. hewn fir-Shanks,Shanks,22,Mar,1895,27,April,1895,False,condensed,1.0,Theodore—Moss—230 lds. hewn fir—Shanks
18950427p.729.txt,68,Oden,Gothenburg,BO'NESS,620 lds. pitwood-W. Donaldson,W. Donaldson,20,Mar,1895,27,April,1895,False,condensed,1.0,20 Oden—Gothenburg—620 lds. pitwood—W. Donaldson
18950427p.729.txt,69,Fremad,Skien,BO'NESS,280 lds. pitwood-J. Denholm,J. Denholm,20,Mar,1895,27,April,1895,False,condensed,1.0,Fremad—Skien—280 lds. pitwood—J. Denholm
18950427p.729.txt,70,Lycke,Gothenburg,BO'NESS,228 lds. pitwood-Steven-son & Co.,Steven-son & Co.,22,Mar,1895,27,April,1895,False,condensed,0.9,22 Lycke—Gothenburg—228 lds. pitwood—Steven-son & Co.
18950427p.729.txt,71,John,Halmstad,BO'NESS,220 lds. pitwood-W. Shanks,W. Shanks,22,Mar,1895,27,April,1895,False,condensed,0.9,John—Halmstad—220 lds. pitwood—W. Shanks
18950427p.729.txt,72,Oscar,Holmestrad,BO'NESS,128 lds. pitwood-Ste-venson & Cowie,Ste-venson & Cowie,22,Mar,1895,27,April,1895,False,condensed,0.9,Oscar—Holmestrad—128 lds. pitwood—Ste-venson & Cowie
18950427p.729.txt,73,Roskilde,Halmstad,BO'NESS,110 lds. pitwood-Love,Love,22,Mar,1895,27,April,1895,False,condensed,0.9,Roskilde—Halmstad—110 lds. pitwood—Love
18950427p.729.txt,76,Sarmatian,Boston,BO'NESS,"830 pcs. lumber-Wright, Graham & Co. 1,600 hhd. barrel staves—Kerr & Co.","Wright, Graham & Co.",22,Mar,1895,27,April,1895,True,condensed,0.9,"Sarmatian (s)—Boston—830 pcs. lumber—Wright, Graham & Co.; 1,600 hhd. barrel staves—Kerr & Co."
18950427p.729.txt,77,Hestia,Baltimore,BO'NESS,"1,600 pcs. oak-Edmiston & Mitchells 1,240 pcs., 1,234 bdls. shells; 1,240 pcs. oak—J. Kennedy & Co.; 556 pcs. and 10 logs oak—Wright, Graham & Co.; 850 pcs., 27 logs oak—Cant & Kemp; 1,572 pcs. oak—Brownlee & Co.; 3,254 pcs. oak—Allison, Cousland, & Co.; 12 logs oak—T. Kerr & Co.; 1,345 pcs. poplar—Cant & Kemp; 95 bdls. poplar—Edmiston & Mitchells; 5 logs walnut—Thos. Kerr & Co.; 304 pcs. pine—Allison, Cousland, & Co.; 6,300 staves.",Edmiston & Mitchells,22,Mar,1895,27,April,1895,True,condensed,0.9,"Hestia (s)—Baltimore—1,600 pcs. oak—Edmiston & Mitchells; 1,240 pcs., 1,234 bdls. shells; 1,240 pcs. oak—J. Kennedy & Co.; 556 pcs. and 10 logs oak—Wright, Graham & Co.; 850 pcs., 27 logs oak—Cant & Kemp; 1,572 pcs. oak—Brownlee & Co.; 3,254 pcs. oak—Allison, Cousland, & Co.; 12 logs oak—T. Kerr & Co.; 1,345 pcs. poplar—Cant & Kemp; 95 bdls. poplar—Edmiston & Mitchells; 5 logs walnut—Thos. Kerr & Co.; 304 pcs. pine—Allison, Cousland, & Co.; 6,300 staves."
18950427p.729.txt,78,Furnessia,New York,BO'NESS,"1 car lumber-Wright, Graham & Co. 3 bxs. mouldings, 43 bdls. headings, 750 bdls. staves, 336 pcs. scantling, 3,572 hhd. staves, 1,944 pcs. oak lumber, 541 pcs., 20 bdls. ash lumber, 400 bxs. wood.","Wright, Graham & Co.",17,Mar,1895,27,April,1895,True,condensed,0.9,"17 Furnessia (s)—New York—1 car lumber—Wright, Graham & Co.; 3 bxs. mouldings, 43 bdls. headings, 750 bdls. staves, 336 pcs. scantling, 3,572 hhd. staves, 1,944 pcs. oak lumber, 541 pcs., 20 bdls. ash lumber, 400 bxs. wood."
18950427p.729.txt,79,Carthaginian,Philadelphia,BO'NESS,"90 logs walnut, 4,701 staves-Edmiston & Mitchells 16 logs walnut",Edmiston & Mitchells,19,Mar,1895,27,April,1895,True,condensed,0.9,"19 Carthaginian(s)—Philadelphia—90 logs walnut, 4,701 staves—Edmiston & Mitchells; 16 logs walnut"
18950427p.729.txt,80,Szechenyi,Fiume,BO'NESS,"52 logs, 3 plks. oak-Robertson, McRobbie & Co.","Robertson, McRobbie & Co.",22,Mar,1895,27,April,1895,True,condensed,0.9,"22 Szechenyi (s)—Fiume—52 logs, 3 plks. oak—Robertson, McRobbie & Co."
18950427p.729.txt,81,Amarynthis,Baltimore,BO'NESS,"789 pcs.oak-Edmiston & Mitchells 710 pcs. oak—Cant & Kemp; 1,282 pcs. oak—J. Kennedy & Co.; 1,562 pcs. oak—Wright, Graham, & Co.; 201 pcs. oak—Brownlee & Co.; 12 logs poplar—Edmiston & Mitchells; 1,011 bds. poplar—Allison, Cousland, & Co.; 657 pcs. poplar—Wright, Graham, & Co.; 97 pcs. poplar—Edmiston & Mitchells; 505 pcs. pine—Allison, Cousland, & Co.",Edmiston & Mitchells,22,Mar,1895,27,April,1895,True,condensed,0.9,"Amarynthis(s)—Baltimore—789 pcs.oak—Edmiston & Mitchells; 710 pcs. oak—Cant & Kemp; 1,282 pcs. oak—J. Kennedy & Co.; 1,562 pcs. oak—Wright, Graham, & Co.; 201 pcs. oak—Brownlee & Co.; 12 logs poplar—Edmiston & Mitchells; 1,011 bds. poplar—Allison, Cousland, & Co.; 657 pcs. poplar—Wright, Graham, & Co.; 97 pcs. poplar—Edmiston & Mitchells; 505 pcs. pine—Allison, Cousland, & Co."
18950427p.729.txt,81,pcs.,,BO'NESS,"oak Cant & Kemp; 1,282 pcs. oak-J. Kennedy & Co. 1,562 pcs. oak—Wright, Graham, & Co.; 201 pcs. oak—Brownlee & Co.; 12 logs poplar—Edmiston & Mitchells; 1,011 bds. poplar—Allison, Cousland, & Co.; 657 pcs. poplar—Wright, Graham, & Co.; 97 pcs. poplar—Edmiston & Mitchells; 505 pcs. pine—Allison, Cousland, & Co.",J. Kennedy & Co.,22,Mar,1895,27,April,1895,False,condensed,0.9,"710 pcs. oak—Cant & Kemp; 1,282 pcs. oak—J. Kennedy & Co.; 1,562 pcs. oak—Wright, Graham, & Co.; 201 pcs. oak—Brownlee & Co.; 12 logs poplar—Edmiston & Mitchells; 1,011 bds. poplar—Allison, Cousland, & Co.; 657 pcs. poplar—Wright, Graham, & Co.; 97 pcs. poplar—Edmiston & Mitchells; 505 pcs. pine—Allison, Cousland, & Co."
18950427p.729.txt,84,Tiger,Brevig,BO'NESS,"337 spars, 4,223 props-P. & J. Wilkie",P. & J. Wilkie,22,Mar,1895,27,April,1895,False,condensed,0.9,"Tiger—Brevig—337 spars, 4,223 props—P. & J. Wilkie"
18950427p.729.txt,88,Telegraphic,Address,BO'NESS,"""BEATTIE, LEITH.""",,22,Mar,1895,27,April,1895,False,condensed,0.9,"Telegraphic Address—""BEATTIE, LEITH."""
18950427p.729.txt,91,Tronda,Drontheim,BO'NESS,"798 spars, 300 boat-hook handles—McLean, Todd & Co.","hook handles—McLean, Todd & Co.",18,Mar,1895,27,April,1895,True,condensed,0.9,"18 Tronda (s)—Drontheim—798 spars, 300 boat-hook handles—McLean, Todd & Co."
18950427p.729.txt,92,Mishowen Head,Norfolk,BO'NESS,"21 lds. hewn oak, 12 lds. hickory logs, 30 lds. staves, 10 lds. ash logs-Hugh Blaik",Hugh Blaik,19,Mar,1895,27,April,1895,False,condensed,0.9,"19 Mishowen Head—Norfolk—21 lds. hewn oak, 12 lds. hickory logs, 30 lds. staves, 10 lds. ash logs—Hugh Blaik"
18950427p.729.txt,96,Bjarne,Gothenburg,BO'NESS,100 lds. props-Madsen & Co.,Madsen & Co.,17,Mar,1895,27,April,1895,False,condensed,0.9,17 Bjarne—Gothenburg—100 lds. props—Madsen & Co.
18950427p.729.txt,97,Susanne,Gothenburg,BO'NESS,"17 lds. props-Rennie, Bryson & Co.","Rennie, Bryson & Co.",19,Mar,1895,27,April,1895,False,condensed,0.9,"19 Susanne — Gothenburg—17 lds. props—Rennie, Bryson & Co."
18950427p.729.txt,98,Tre Brodre,Sandefjord,BO'NESS,"17 lds. props-Rennie, Bryson & Co.","Rennie, Bryson & Co.",20,Mar,1895,27,April,1895,False,condensed,0.9,"20 Tre Brodre — Sandefjord — 17 lds. props—Rennie, Bryson & Co."
18950427p.729.txt,99,Avance,Brevig,BO'NESS,"141 lds. hewn fir, 25 lds. battens-J. Walker & Co.",J. Walker & Co.,22,Mar,1895,27,April,1895,False,condensed,0.9,"22 Avance—Brevig—141 lds. hewn fir, 25 lds. battens—J. Walker & Co."
18950427p.729.txt,102,Tyr,Christiania,BO'NESS,198 lds. hewn fir-Lochgelly Iron & Coal Co.,Lochgelly Iron & Coal Co.,22,Mar,1895,27,April,1895,False,condensed,0.9,Tyr—Christiania—198 lds. hewn fir—Lochgelly Iron & Coal Co.
18950427p.729.txt,103,Elise Bay,Halmstad,BO'NESS,150 lds. props-Lochgelly Iron & Coal Co.,Lochgelly Iron & Coal Co.,17,Mar,1895,27,April,1895,False,condensed,0.9,17 Elise Bay—Halmstad—150 lds. props—Lochgelly Iron & Coal Co.
18950427p.729.txt,104,Salween,Christiania,BO'NESS,372 lds. props-Lochgelly Iron & Coal Co.,Lochgelly Iron & Coal Co.,22,Mar,1895,27,April,1895,False,condensed,0.9,22 Salween—Christiania—372 lds. props—Lochgelly Iron & Coal Co.
18950427p.729.txt,107,Hans,Pensacola,BO'NESS,"1,440 lds. sawn fir, 32 lds. deals-Park, Dobson, & Co.","Park, Dobson, & Co.",22,Mar,1895,27,April,1895,False,condensed,0.9,"Hans—Pensacola—1,440 lds. sawn fir, 32 lds. deals—Park, Dobson, & Co."
18950427p.729.txt,108,Luna,Porsgrund,BO'NESS,185 lds. battens,,18,Mar,1895,27,April,1895,False,condensed,0.9,18 Luna—Porsgrund—185 lds. battens—Garland Plimsol—Kragero—336 lds. deals and battens—Garland & Roger
18950427p.729.txt,111,Columbine,Brevig,LERWICK,"88 lds. hewn fir, 12 lds. sawn fir, 3 lds. hewn oak, 14 lds. firewood-Hay & Co.",Hay & Co.,18,Mar,1895,27,April,1895,False,condensed,1.0,"Columbine—Brevig—88 lds. hewn fir, 12 lds. sawn fir, 3 lds. hewn oak, 14 lds. firewood—Hay & Co."
18950427p.729.txt,114,Bergthora,Porsgrund,LERWICK,178 lds: pit props-Bowman & Co.,Bowman & Co.,18,Mar,1895,27,April,1895,False,condensed,1.0,Bergthora—Porsgrund—178 lds: pit props—Bowman & Co.
18950427p.729.txt,115,Diamanten,Gothenburg,LERWICK,188 lds. pit props-Bowman & Co.,Bowman & Co.,22,Mar,1895,27,April,1895,False,condensed,0.9,22 Diamanten—Gothenburg—188 lds. pit props—Bowman & Co.
18950427p.729.txt,116,Haabet,Risoer,LERWICK,82 lds. billet wood-G. Welch from Halmstad—180 lds. pit props—Fife Coal Co.,G. Welch,22,Mar,1895,27,April,1895,False,condensed,0.9,Haabet—Risoer—82 lds. billet wood—G. Welch; from Halmstad—180 lds. pit props—Fife Coal Co.
18950427p.729.txt,119,Renen,Sandefjord,LERWICK,"105 lds. staves, 53 lds. sawn fir-G. Stephens & Co.",G. Stephens & Co.,22,Mar,1895,27,April,1895,False,condensed,0.9,"Renen—Sandefjord—105 lds. staves, 53 lds. sawn fir—G. Stephens & Co."
18950427p.729.txt,120,Consuelo,Drontheim,LERWICK,384 lds. battens-A. & J. Webster,A. & J. Webster,22,Mar,1895,27,April,1895,False,condensed,0.9,Consuelo—Drontheim—384 lds. battens—A. & J. Webster
18950427p.729.txt,121,Alfen,Lillesand,LERWICK,"15 lds. hewn spars, 120 lds. staves, 2 lds. firewood-Wantrelius & Co.",Wantrelius & Co.,18,Mar,1895,27,April,1895,False,condensed,0.9,"18 Alfen—Lillesand—15 lds. hewn spars, 120 lds. staves, 2 lds. firewood—Wantrelius & Co."
18950427p.729.txt,122,Oscar,Fredrikstad,LERWICK,240 lds. staves-Leask,Leask,19,Mar,1895,27,April,1895,False,condensed,0.9,19 Oscar—Fredrikstad—240 lds. staves—Leask
18950427p.729.txt,125,Gudrun,Hommelvik,WICK,"120 lds. staves, 5 lds. sawn fir-Duncan & Jamieson",Duncan & Jamieson,19,Mar,1895,27,April,1895,False,condensed,1.0,"Gudrun—Hommelvik—120 lds. staves, 5 lds. sawn fir—Duncan & Jamieson"
18950427p.729.txt,126,Bien,Lillesand,WICK,"31 lds. hewn birch, 75 lds. birch staves, 15 lds. deals, 20 lds. spars-D. Sandison",D. Sandison,19,Mar,1895,27,April,1895,False,condensed,1.0,"19 Bien—Lillesand—31 lds. hewn birch, 75 lds. birch staves, 15 lds. deals, 20 lds. spars—D. Sandison"
18950504p.758_p001.txt,11,Glassert,Konigsberg,WICK,531 lds. sawn fir-J. Bland & Co.,J. Bland & Co.,19,Mar,1895,4,May,1895,True,condensed,0.9,Glassert (s)-Konigsberg-531 lds. sawn fir-J. Bland & Co.
18950504p.758_p001.txt,12,Maria,Uleaborg,WICK,312 lds. hewn fir and ends-J. Bland & Co.,J. Bland & Co.,19,Mar,1895,4,May,1895,False,condensed,0.9,Maria-Uleaborg-312 lds. hewn fir and ends-J. Bland & Co.
18950504p.758_p001.txt,13,Schwan,Danzig,WICK,"316 lds. fir, 6 lds. laths-J. Bland & Co.",J. Bland & Co.,19,Mar,1895,4,May,1895,False,condensed,0.9,"Schwan-Danzig-316 lds. fir, 6 lds. laths-J. Bland & Co."
18950504p.758_p001.txt,14,Fido,Gefle,WICK,316 lds. hewn fir-Alder-J. Bland & Co.,Alder-J. Bland & Co.,19,Mar,1895,4,May,1895,False,condensed,0.9,Fido-Gefle-316 lds. hewn fir-Alder-J. Bland & Co.
18950504p.758_p001.txt,15,Fido,Gefle,WICK,316 lds. hewn fir-Alder-J. Bland & Co.,Alder-J. Bland & Co.,19,Mar,1895,4,May,1895,False,condensed,0.9,Fido-Gefle-316 lds. hewn fir-Alder-J. Bland & Co.
18950504p.758_p001.txt,18,Glassalt,Kragero,WICK,500 lds. pitwood-New-Cristobal & Co.,New-Cristobal & Co.,19,Mar,1895,4,May,1895,False,condensed,0.9,Glassalt-Kragero-500 lds. pitwood-New-Cristobal & Co.
18950504p.758_p001.txt,19,Glassalt,Kragero,WICK,500 lds. pitwood-New-Cristobal & Co.,New-Cristobal & Co.,19,Mar,1895,4,May,1895,False,condensed,0.9,Glassalt-Kragero-500 lds. pitwood-New-Cristobal & Co.
18950504p.758_p001.txt,20,Miriam,Laurvig,WICK,"1,015 lds. pitwood-Crossfield & Co.",Crossfield & Co.,19,Mar,1895,4,May,1895,False,condensed,0.9,"Miriam-Laurvig-1,015 lds. pitwood-Crossfield & Co."
18950504p.758_p001.txt,21,Maria,Uddevalla,WICK,240 stds. pit props-Langton Dock.,Langton Dock.,19,Mar,1895,4,May,1895,False,condensed,0.9,Maria-Uddevalla-240 stds. pit props-Langton Dock.
18950504p.758_p001.txt,24,Solafide,Arendal,BOSTON,190 lds. hewn fir-J. Bland & Co.,J. Bland & Co.,19,Mar,1895,4,May,1895,False,condensed,1.0,Solafide-Arendal-190 lds. hewn fir-J. Bland & Co.
18950504p.758_p001.txt,25,Najaden,Kragero,BOSTON,214 lds. hewn fir-J. Bland & Co.,J. Bland & Co.,19,Mar,1895,4,May,1895,False,condensed,1.0,Najaden-Kragero-214 lds. hewn fir-J. Bland & Co.
18950504p.758_p001.txt,26,Frön,Lillesand,BOSTON,300 lds. hewn fir-Manzanos & Co.,Manzanos & Co.,19,Mar,1895,4,May,1895,False,condensed,1.0,Frön-Lillesand-300 lds. hewn fir-Manzanos & Co.
18950504p.758_p001.txt,29,Princess Dagmar,Bordeaux,BOSTON,"1,050 lds. pitwood-Manzanos, Cristobal & Co.","Manzanos, Cristobal & Co.",19,Mar,1895,4,May,1895,False,condensed,0.9,"Princess Dagmar-Bordeaux-1,050 lds. pitwood-Manzanos, Cristobal & Co."
18950504p.758_p001.txt,30,Dordogne,Bordeaux,BOSTON,900 lds. hewn fir-W. R. Corfield & Co.,W. R. Corfield & Co.,19,Mar,1895,4,May,1895,False,condensed,0.9,Dordogne-Bordeaux-900 lds. hewn fir-W. R. Corfield & Co.
18950504p.758_p001.txt,31,Urda,Christiania,BOSTON,750 lds. hewn fir,,19,Mar,1895,4,May,1895,False,condensed,0.9,"Urda-Christiania-750 lds. hewn fir-Rose Madeline-Freijo-350 lds. hewn fir-Fowley, Thomas, & Co."
18950504p.758_p001.txt,32,Rosa,Muros,BOSTON,360 lds. hewn fir-Capelle,Capelle,19,Mar,1895,4,May,1895,False,condensed,0.9,Rosa-Muros-360 lds. hewn fir-Capelle
18950504p.758_p001.txt,33,Valin,Bayonne,BOSTON,"1,485 lds. pitwood",,19,Mar,1895,4,May,1895,True,condensed,0.9,"Valin (s)-Bayonne-1,485 lds. pitwood-Colonist-Porsgrund-578 lds. pitwood-Schroeter & Co."
18950504p.758_p001.txt,34,Erbrin,Risoer,BOSTON,582 lds. hewn fir,,19,Mar,1895,4,May,1895,False,condensed,0.9,"Erbrin-Risoer-582 lds. hewn fir-R. T. K.-Villagarcia-105 lds. hewn fir-zanos, Cristobal, & Co."
18950504p.758_p001.txt,35,Henrietta,Christiania,BOSTON,"1,180 lds. boards-Alexanders & Co.",Alexanders & Co.,19,Mar,1895,4,May,1895,False,condensed,0.9,"Henrietta-Christiania-1,180 lds. boards-Alexanders & Co."
18950504p.758_p001.txt,36,Garonne,Bordeaux,BOSTON,900 lds. pitwood-W. R. Corfield,W. R. Corfield,19,Mar,1895,4,May,1895,False,condensed,0.9,Garonne-Bordeaux-900 lds. pitwood-W. R. Corfield
18950504p.758_p001.txt,37,Earl of Rosebery,Bayonne,BOSTON,"1,450 lds. pit-wood-A. H. Tapson & Co.",wood-A. H. Tapson & Co.,19,Mar,1895,4,May,1895,False,condensed,0.9,"Earl of Rosebery-Bayonne-1,450 lds. pit-wood-A. H. Tapson & Co."
18950504p.758_p001.txt,38,Dodo,Bordeaux,BOSTON,"1,220 lds. pitwood",,19,Mar,1895,4,May,1895,True,condensed,0.9,"Dodo (s)-Bordeaux-1,220 lds. pitwood-Simkin F. L. B.-L'Orient-220 lds. pitwood"
18950504p.758_p001.txt,41,Glen Grant,Pascal,BOSTON,"223 lds. hewn pitch pine, 14 lds. hewn oak, 14 lds. hewn pitch pine-H. Owen & Co.",H. Owen & Co.,19,Mar,1895,4,May,1895,False,condensed,0.9,"Glen Grant-Pascal-223 lds. hewn pitch pine, 14 lds. hewn oak, 14 lds. hewn pitch pine-H. Owen & Co."
18950504p.758_p001.txt,44,Noa,Christiania,BOSTON,200 lds. deals-T. H. Williams,T. H. Williams,19,Mar,1895,4,May,1895,False,condensed,0.9,Noa-Christiania-200 lds. deals-T. H. Williams
18950504p.758_p001.txt,47,Fergus,Grimstad,BOSTON,"165 lds. deals, deals ends, and scantlings-Brown & Son",Brown & Son,19,Mar,1895,4,May,1895,False,condensed,0.9,"Fergus-Grimstad-165 lds. deals, deals ends, and scantlings-Brown & Son"
18950504p.758_p001.txt,48,Frithjof,Grimstad,BOSTON,163 lds. deals and battens-Brown & Son,Brown & Son,19,Mar,1895,4,May,1895,False,condensed,0.9,Frithjof-Grimstad-163 lds. deals and battens-Brown & Son
18950504p.758_p001.txt,51,Petropolis,Halifax,FLEETWOOD,"403 lds. deals, 9 lds. battens-G. Schjoth & Co.",G. Schjoth & Co.,19,Mar,1895,4,May,1895,False,condensed,1.0,"Petropolis-Halifax-403 lds. deals, 9 lds. battens-G. Schjoth & Co."
18950504p.758_p001.txt,52,Charlotte,Gothenburg,FLEETWOOD,327 lds. fir boards-G. Bradley & Co.,G. Bradley & Co.,19,Mar,1895,4,May,1895,False,condensed,1.0,Charlotte-Gothenburg-327 lds. fir boards-G. Bradley & Co.
18950504p.758_p001.txt,55,Anna,Gothenburg,FLEETWOOD,"190 lds. hewn fir, 10 lds. firewood-H. Tolputt & Co.",H. Tolputt & Co.,19,Mar,1895,4,May,1895,False,condensed,0.9,"Anna-Gothenburg-190 lds. hewn fir, 10 lds. firewood-H. Tolputt & Co."
18950504p.758_p001.txt,58,Franciscus,Christiania,FLEETWOOD,"343 lds. fir, 15 lds. boards-Price, Walker, & Co.","Price, Walker, & Co.",19,Mar,1895,4,May,1895,False,condensed,0.9,"Franciscus-Christiania-343 lds. fir, 15 lds. boards-Price, Walker, & Co."
18950504p.758_p001.txt,62,Cayour,Arendal,GRIMSBY,268 lds. pit props-J. Chapman & Co.,J. Chapman & Co.,19,Mar,1895,4,May,1895,False,condensed,0.9,Cayour-Arendal-268 lds. pit props-J. Chapman & Co.
18950504p.758_p001.txt,63,Warrington,Hamburg,GRIMSBY,370 lds. square fir-Hans Hessler & Co.,Hans Hessler & Co.,19,Mar,1895,4,May,1895,False,condensed,0.9,Warrington-Hamburg-370 lds. square fir-Hans Hessler & Co.
18950504p.758_p001.txt,64,Comet,Stettin,GRIMSBY,"206 lds. deals, 1,700 props-Sutcliffe & Sons",Sutcliffe & Sons,19,Mar,1895,4,May,1895,False,condensed,0.9,"Comet-Stettin-206 lds. deals, 1,700 props-Sutcliffe & Sons"
18950504p.758_p001.txt,68,Archimedes,Halmstad,GRIMSBY,268 lds. pit props-W. Pearson & Co.,W. Pearson & Co.,19,Mar,1895,4,May,1895,False,condensed,0.9,Archimedes-Halmstad-268 lds. pit props-W. Pearson & Co.
18950504p.758_p001.txt,69,Zephyr,Bergqvara,GRIMSBY,260 lds. props-Hessler & Co.,Hessler & Co.,19,Mar,1895,4,May,1895,False,condensed,0.9,Zephyr-Bergqvara-260 lds. props-Hessler & Co.
18950504p.758_p001.txt,70,Joneheld,Bergqvara,GRIMSBY,80 lds. props-Erichsen & Co. 40 lds. props-Hessler & Co.,Erichsen & Co.,19,Mar,1895,4,May,1895,False,condensed,0.9,Joneheld-Bergqvara-80 lds. props-Erichsen & Co.; 40 lds. props-Hessler & Co.
18950504p.758_p001.txt,71,Anna,Bergqvara,GRIMSBY,150 lds. props-C. A. Forslind & Co.,C. A. Forslind & Co.,19,Mar,1895,4,May,1895,False,condensed,0.9,Anna-Bergqvara-150 lds. props-C. A. Forslind & Co.
18950504p.758_p001.txt,72,Edward,Bergqvara,GRIMSBY,75 lds. birch and alder props-Hessler & Co.,Hessler & Co.,19,Mar,1895,4,May,1895,False,condensed,0.9,Edward-Bergqvara-75 lds. birch and alder props-Hessler & Co.
18950504p.758_p001.txt,73,Ellen Maria,Bergqvara,GRIMSBY,100 lds. birch and alder props-J. W. Baird & Co.,J. W. Baird & Co.,19,Mar,1895,4,May,1895,False,condensed,0.9,Ellen Maria-Bergqvara-100 lds. birch and alder props-J. W. Baird & Co.
18950504p.758_p001.txt,74,Martin Luther,Calmar,GRIMSBY,190 lds. props-W. D. Coxon,W. D. Coxon,19,Mar,1895,4,May,1895,False,condensed,0.9,Martin Luther-Calmar-190 lds. props-W. D. Coxon
18950504p.758_p001.txt,76,Mai,Lillesand,GRIMSBY,"158 lds. hewn fir, 15 lds. props-H. Erichsen & Co.",H. Erichsen & Co.,19,Mar,1895,4,May,1895,False,condensed,0.9,"Hessler & Co. Mai-Lillesand-158 lds. hewn fir, 15 lds. props-H. Erichsen & Co."
18950504p.758_p001.txt,78,Otto,Oscarshamn,GRIMSBY,380 lds. props-Pedersen & Co.,Pedersen & Co.,19,Mar,1895,4,May,1895,True,condensed,0.9,Otto (s)-Oscarshamn-380 lds. props-Pedersen & Co.
18950504p.758_p001.txt,79,Petter,Christianople,GRIMSBY,99 lds. props-Hessler,Hessler,19,Mar,1895,4,May,1895,False,condensed,0.9,Petter-Christianople-99 lds. props-Hessler
18950504p.758_p001.txt,80,Delling,Calmar,GRIMSBY,190 lds. props-W. D. Coxon,W. D. Coxon,19,Mar,1895,4,May,1895,False,condensed,0.9,Delling-Calmar-190 lds. props-W. D. Coxon
18950504p.758_p001.txt,81,Anna,Carlscrona,GRIMSBY,"93 lds. birch and alder props, 150 lds. props-Pedersen & Co.",Pedersen & Co.,19,Mar,1895,4,May,1895,False,condensed,0.9,"Anna-Carlscrona-93 lds. birch and alder props, 150 lds. props-Pedersen & Co."
18950504p.758_p001.txt,82,Nordsee,Memel,GRIMSBY,585 lds. oak staves-Pickford & Co. 10 lds. pipe staves-Harrison & Co.,Pickford & Co.,19,Mar,1895,4,May,1895,True,condensed,0.9,Nordsee (s)-Memel-585 lds. oak staves-Pickford & Co.; 10 lds. pipe staves-Harrison & Co.
18950504p.758_p001.txt,83,Constance,Bergqvara,GRIMSBY,"85 lds. props, 137 lds. hewn birch and alder-G. Bradley & Co.",G. Bradley & Co.,19,Mar,1895,4,May,1895,False,condensed,0.9,"Constance-Bergqvara-85 lds. props, 137 lds. hewn birch and alder-G. Bradley & Co."
18950504p.758_p001.txt,87,Murillo,Odessa,GRIMSBY,"238 oak logs, 139 pcs. oak-T. Walker & Co. 7 pcs. ash",T. Walker & Co.,19,Mar,1895,4,May,1895,True,condensed,0.9,"Murillo (s)-Odessa-238 oak logs, 139 pcs. oak-T. Walker & Co.; 7 pcs. ash"
18950504p.758_p001.txt,88,Benmacdui,Libau,GRIMSBY,"3,628 pcs. birchwood",,19,Mar,1895,4,May,1895,True,condensed,0.9,"Benmacdui (s)-Libau-3,628 pcs. birchwood"
18950504p.758_p001.txt,89,Romeo,Gothenburg,GRIMSBY,"3,250 bdls. boards-T. Wilson, Sons, & Co. 2,536 pcs. fencings, 5,637 pcs. rails and fences-R. Wade, Sons, & Co.; 1,000 bdls. laths-Sanderson Bros.; 375 bdls. laths-Furley & Co.; 1,429 bdls. laths-T. W. Allen; 2,875 bdls. laths-J. H. Wilson; 250 bdls. laths-John Bruce & Son; 400 bdls. laths-Broadbent & Gresham","T. Wilson, Sons, & Co.",19,Mar,1895,4,May,1895,True,condensed,0.9,"Romeo (s)-Gothenburg-3,250 bdls. boards-T. Wilson, Sons, & Co.; 2,536 pcs. fencings, 5,637 pcs. rails and fences-R. Wade, Sons, & Co.; 1,000 bdls. laths-Sanderson Bros.; 375 bdls. laths-Furley & Co.; 1,429 bdls. laths-T. W. Allen; 2,875 bdls. laths-J. H. Wilson; 250 bdls. laths-John Bruce & Son; 400 bdls. laths-Broadbent & Gresham"
18950504p.758_p001.txt,90,Rinaldo,Reval,GRIMSBY,"200 pkgs. cut wood-T. Wilson, Sons, & Co.","T. Wilson, Sons, & Co.",19,Mar,1895,4,May,1895,True,condensed,0.9,"Rinaldo (s)-Reval-200 pkgs. cut wood-T. Wilson, Sons, & Co."
18950504p.758_p001.txt,93,Fortuna,Laurvig,GRIMSBY,"50 pcs. square timber, 449 pcs. mining timber, 12,039 pit props; 810 bells boxwood-J. H. Douglas & Co.",J. H. Douglas & Co.,19,Mar,1895,4,May,1895,False,condensed,0.9,"Fortuna-Laurvig-50 pcs. square timber, 449 pcs. mining timber, 12,039 pit props; 810 bells boxwood-J. H. Douglas & Co."
18950504p.758_p001.txt,94,Kjerstine Elise,Falkenberg,GRIMSBY,"7,129 pit props-Pyman, Bell, & Co.","Pyman, Bell, & Co.",19,Mar,1895,4,May,1895,False,condensed,0.9,"Kjerstine Elise-Falkenberg-7,129 pit props-Pyman, Bell, & Co."
18950504p.758_p001.txt,95,Marie,Halmstad,GRIMSBY,"18,528 pcs. pit props-Charles Wells & Co.",Charles Wells & Co.,19,Mar,1895,4,May,1895,True,condensed,0.9,"Marie (s)-Halmstad-18,528 pcs. pit props-Charles Wells & Co."
18950504p.758_p001.txt,96,Thor,Carlscrona,GRIMSBY,"24,475 pcs. pit props-Pyman, Bell, & Co.","Pyman, Bell, & Co.",19,Mar,1895,4,May,1895,False,condensed,0.9,"Thor-Carlscrona-24,475 pcs. pit props-Pyman, Bell, & Co."
18950504p.758_p001.txt,97,Oscar,Christiansand,GRIMSBY,"7,240 pcs. mining timber, 1,130 pcs. pit props-Charles Wells",Charles Wells,19,Mar,1895,4,May,1895,False,condensed,0.9,"Oscar-Christiansand-7,240 pcs. mining timber, 1,130 pcs. pit props-Charles Wells"
18950504p.758_p001.txt,98,Gevalia,Oscarshamn,GRIMSBY,"1 bdle. broom-handles-Order 19,009 pcs. pit props-Pyman, Bell, & Co.",handles-Order,19,Mar,1895,4,May,1895,True,condensed,0.9,"Gevalia (s)-Oscarshamn - 1 bdle. broom-handles-Order; 19,009 pcs. pit props-Pyman, Bell, & Co."
18950504p.758_p001.txt,99,Valborg,Drammen,GRIMSBY,"20,297 pcs. pit props-Pyman, Bell, & Co.","Pyman, Bell, & Co.",19,Mar,1895,4,May,1895,False,condensed,0.9,"Valborg-Drammen-20,297 pcs. pit props-Pyman, Bell, & Co."
18950504p.758_p001.txt,100,Ane,Falkenberg,GRIMSBY,"6,699 pcs. pit props-Pyman",Pyman,19,Mar,1895,4,May,1895,False,condensed,0.9,"Ane-Falkenberg-6,699 pcs. pit props-Pyman"
18950504p.758_p001.txt,101,Immanuel,Holmestrand,GRIMSBY,"11,015 pcs. pit props-Pyman, Bell, & Co.","Pyman, Bell, & Co.",19,Mar,1895,4,May,1895,False,condensed,0.9,"Immanuel Holmestrand-11,015 pcs. pit props-Pyman, Bell, & Co."
18950504p.758_p001.txt,102,Galileo,New York,GRIMSBY,"1,065 pcs., 71 bdls. walnut, 742 pcs. oak, 10,175 oak staves-T. Wilson, Sons, & Co. 2,093 pcs. walnut, 38 poplar logs","T. Wilson, Sons, & Co.",19,Mar,1895,4,May,1895,True,condensed,0.9,"Galileo (s)-New York-1,065 pcs., 71 bdls. walnut, 742 pcs. oak, 10,175 oak staves-T. Wilson, Sons, & Co.; 2,093 pcs. walnut, 38 poplar logs"
18950504p.758_p001.txt,103,Somanden,Falkenberg,GRIMSBY,"5,447 pcs. pit props-Pyman, Bell, & Co.","Pyman, Bell, & Co.",19,Mar,1895,4,May,1895,False,condensed,0.9,"Somanden-Falkenberg-5,447 pcs. pit props-Pyman, Bell, & Co."
18950504p.758_p001.txt,104,Taikun,Halmstad,GRIMSBY,"23,112 pcs. pit props-Edwin Pritchard",Edwin Pritchard,19,Mar,1895,4,May,1895,False,condensed,0.9,"Taikun-Halmstad-23,112 pcs. pit props-Edwin Pritchard"
18950504p.758_p001.txt,105,Bjorn,Oscarshamn,GRIMSBY,"16,391 pit props-Chas. Wells & Co. 70 boards-The Master",Chas. Wells & Co.,19,Mar,1895,4,May,1895,False,condensed,0.9,"Bjorn-Oscarshamn-16,391 pit props-Chas. Wells & Co.; 70 boards-The Master"
18950504p.758_p001.txt,108,Montebello,Christiania,GRIMSBY,"336 bdls. boards, 1,659 pks. boards-T. Wilson, Sons, & Co. 1,279 pcs. mining timber-Haagensen, Watt, & Co.; 692 telegraph poles-R. Wade, Sons, & Co.","T. Wilson, Sons, & Co.",19,Mar,1895,4,May,1895,True,condensed,0.9,"Montebello (s)-Christiania-336 bdls. boards, 1,659 pks. boards-T. Wilson, Sons, & Co.; 1,279 pcs. mining timber-Haagensen, Watt, & Co.; 692 telegraph poles-R. Wade, Sons, & Co."
18950504p.758_p001.txt,109,Volo,Stettin,GRIMSBY,"8,800 pit props-Chas. Wells",Chas. Wells,19,Mar,1895,4,May,1895,True,condensed,0.9,"Volo (s)-Stettin-8,800 pit props-Chas. Wells"
18950504p.758_p001.txt,110,Juno,Drontheim,GRIMSBY,a quantity of firewood-T. W. Allen,T. W. Allen,19,Mar,1895,4,May,1895,True,condensed,0.9,Juno (s)-Drontheim-a quantity of firewood-T. W. Allen
18950504p.758_p001.txt,113,Benjamin Moller,Gothenburg,GRIMSBY,"17,712 boards-Thornham, Reynoldson, & Co.","Thornham, Reynoldson, & Co.",19,Mar,1895,4,May,1895,False,condensed,0.9,"Benjamin Moller-Gothenburg-17,712 boards-Thornham, Reynoldson, & Co."
18950504p.758_p001.txt,116,Tabor,Christiania,GRIMSBY,471 lds. planed fir boards-Pattinson 73 lds. hewn fir-McGil,Pattinson,19,Mar,1895,4,May,1895,False,condensed,0.9,Tabor-Christiania-471 lds. planed fir boards-Pattinson; 73 lds. hewn fir-McGil
18950504p.758_p001.txt,119,Rifondo,Drammen,GRIMSBY,465 lds. planed fir-T. Wells & Co.,T. Wells & Co.,19,Mar,1895,4,May,1895,False,condensed,0.9,Rifondo-Drammen-465 lds. planed fir-T. Wells & Co.
18950504p.758_p001.txt,123,Majestic,New York,LIVERPOOL,"3,831 rollers, 622 scantlings-Whiteside, Johns, & Co. 17 pkgs. hemlock lumber-A. Dickinson","Whiteside, Johns, & Co.",19,Mar,1895,4,May,1895,True,condensed,0.9,"Majestic (s)-New York-3,831 rollers, 622 scantlings-Whiteside, Johns, & Co.; 17 pkgs. hemlock lumber-A. Dickinson"
18950504p.758_p001.txt,126,Beaconsfield,Mobile,LIVERPOOL,"50,086 pcs. lumber 305 pcs. sawn pitch pine, 175 stowage deals, 48 pcs. hewn poplar, 21 pcs. sawn poplar, 177 pcs. satin walnut",,19,Mar,1895,4,May,1895,False,condensed,0.9,"Beaconsfield-Mobile-50,086 pcs. lumber 305 pcs. sawn pitch pine, 175 stowage deals, 48 pcs. hewn poplar, 21 pcs. sawn poplar, 177 pcs. satin walnut"
18950504p.758_p001.txt,129,Mindet,Pensacola,LIVERPOOL,"2,530 pcs. sawn pitch pine, 436 pitch pine deals",,19,Mar,1895,4,May,1895,False,condensed,0.9,"Mindet-Pensacola-2,530 pcs. sawn pitch pine, 436 pitch pine deals"
18950504p.758_p001.txt,130,Cambria,Ship Island,LIVERPOOL,"630 pcs. hewn, 77 pcs. sawn pitch pine, 899 pitch pine deals-Price",Price,19,Mar,1895,4,May,1895,False,condensed,0.9,"Cambria-Ship Island-630 pcs. hewn, 77 pcs. sawn pitch pine, 899 pitch pine deals-Price"
18950504p.758_p001.txt,131,Prinds Leopold,Mobile,LIVERPOOL,"698 pcs. hewn and 140 pcs. sawn pitch pine timber, 900 pitch pine deals",,19,Mar,1895,4,May,1895,False,condensed,0.9,"Prinds Leopold-Mobile-698 pcs. hewn and 140 pcs. sawn pitch pine timber, 900 pitch pine deals"
18950504p.758_p001.txt,135,Hermod,Gothenburg,LIVERPOOL,"870 bdls. laths-J. Griggs & Co. 68,607 pit props, 5,794 pit poles-W. D. C. Osbeck & Co.; 178 pcs. mining timber, 5,573 planed boards, 7,000 bdls. laths, 5,901 bdls. boxboards, 31,000 sleepers",J. Griggs & Co.,19,Mar,1895,4,May,1895,True,condensed,0.9,"Hermod (s)-Gothenburg-870 bdls. laths-J. Griggs & Co.; 68,607 pit props, 5,794 pit poles-W. D. C. Osbeck & Co.; 178 pcs. mining timber, 5,573 planed boards, 7,000 bdls. laths, 5,901 bdls. boxboards, 31,000 sleepers"
18950504p.758_p001.txt,136,Faunus,Gothenburg,LIVERPOOL,"48,074 pcs. prop-wood-Osbeck & Co.",wood-Osbeck & Co.,19,Mar,1895,4,May,1895,True,condensed,0.9,"Faunus (s)-Gothenburg-48,074 pcs. prop-wood-Osbeck & Co."
18950504p.758_p001.txt,137,Newton,Uddevalla,LIVERPOOL,240 stds. pit props-Langton Dock.,Langton Dock.,19,Mar,1895,4,May,1895,True,condensed,0.9,Newton (s)-Uddevalla-240 stds. pit props-Langton Dock.
18950504p.758_p001.txt,139,William Cliff,New Orleans,LIVERPOOL,"6,000 staves-E. Chaloner & Co.",E. Chaloner & Co.,19,Mar,1895,4,May,1895,True,condensed,0.9,"William Cliff (s)-New Orleans-6,000 staves-E. Chaloner & Co."
18950504p.758_p001.txt,154,MISSING_FROM_OCR,Gothenburg,LONDON,"21,332 boards-Churchill & Sim 781 dz deals, 1,707 blocks, 1,159 bdls. and cs. box-wood-Lloyd, & Co.",Churchill & Sim,19,Mar,1895,4,May,1895,False,condensed,0.9,"Gothenburg-21,332 boards-Churchill & Sim; 781 dz deals, 1,707 blocks, 1,159 bdls. and cs. box-wood-Lloyd, & Co."
18950504p.758_p001.txt,155,New,Orleans,LONDON,"1,753 pcs. oars-Mallinson & Eckersley",Mallinson & Eckersley,19,Mar,1895,4,May,1895,False,condensed,0.9,"New Orleans-1,753 pcs. oars-Mallinson & Eckersley"
18950504p.758_p001.txt,158,West Australian,Fremantle,LONDON,"378 pcs. jarrah-McGregor-Hobart, McCaul & Co.","McGregor-Hobart, McCaul & Co.",19,Mar,1895,4,May,1895,False,condensed,0.9,"West Australian-Fremantle-378 pcs. jarrah-McGregor-Hobart, McCaul & Co."
18950504p.758_p001.txt,161,MISSING_FROM_OCR,Windau,LONDON,700 sleeper blocks,,19,Mar,1895,4,May,1895,False,condensed,0.9,Windau-700 sleeper blocks
18950504p.758_p001.txt,162,MISSING_FROM_OCR,Windau,LONDON,"17,579 sleepers",,19,Mar,1895,4,May,1895,False,condensed,0.9,"Windau-17,579 sleepers"
18950504p.758_p001.txt,163,MISSING_FROM_OCR,Windau,LONDON,526 pcs. timber-G. Shadbolt,G. Shadbolt,19,Mar,1895,4,May,1895,False,condensed,0.9,Windau-526 pcs. timber-G. Shadbolt
18950504p.758_p001.txt,171,MISSING_FROM_OCR,Mobile,LONDON,"16,782 deals, 125 pcs.",,19,Mar,1895,4,May,1895,False,condensed,0.9,"Mobile-16,782 deals, 125 pcs."
18950504p.758_p001.txt,174,MISSING_FROM_OCR,Skien,LONDON,390 bdls. box boards,,19,Mar,1895,4,May,1895,False,condensed,0.9,Skien-390 bdls. box boards
18950504p.758_p001.txt,177,Kristine,Brevig,LONDON,237 lds. square props Calder & Co.,,19,Mar,1895,4,May,1895,False,condensed,0.9,Kristine-Brevig-237 lds. square props Calder & Co.
18950504p.758_p001.txt,180,Basse Indre,Arcachon,NEWPORT,"1,050 lds. pitwood-Newport Pitwood Co.",Newport Pitwood Co.,19,Mar,1895,4,May,1895,False,condensed,1.0,"Basse Indre-Arcachon-1,050 lds. pitwood-Newport Pitwood Co."
18950504p.758_p001.txt,181,MISSING_FROM_OCR,Windau,NEWPORT,"480 lds. pit props-Speir, & Co.","Speir, & Co.",19,Mar,1895,4,May,1895,False,condensed,1.0,"Windau-480 lds. pit props-Speir, & Co."
18950504p.758_p001.txt,182,MISSING_FROM_OCR,Hennebont,NEWPORT,230 lds. pitwood-Langais & Co.,Langais & Co.,19,Mar,1895,4,May,1895,False,condensed,1.0,Hennebont-230 lds. pitwood-Langais & Co.
18950504p.758_p001.txt,185,MISSING_FROM_OCR,Christiania,NEWPORT,214 lds. hewn fir-A. R. & A. Debell,A. R. & A. Debell,19,Mar,1895,4,May,1895,False,condensed,0.9,Christiania-214 lds. hewn fir-A. R. & A. Debell
18950504p.758_p001.txt,187,MISSING_FROM_OCR,Gothenburg,NEWPORT,356 lds. sawn fir-Fox,Fox,19,Mar,1895,4,May,1895,False,condensed,0.9,Gothenburg-356 lds. sawn fir-Fox
18950504p.758_p001.txt,190,MISSING_FROM_OCR,Drammen,NEWPORT,"644 lds. fir boards-I. Deans, McGill, & Co.","I. Deans, McGill, & Co.",19,Mar,1895,4,May,1895,False,condensed,0.9,"Drammen-644 lds. fir boards-I. Deans, McGill, & Co."
18950504p.758_p001.txt,198,Douglas,Gothenburg,NEWPORT,48 lds. pit props-T. Nicholson,T. Nicholson,19,Mar,1895,4,May,1895,True,condensed,0.9,Douglas (s)-Gothenburg-48 lds. pit props-T. Nicholson
18950504p.758_p001.txt,203,Basse Indre,Arcachon,NEWPORT,950 lds. pitwood-Newport Pitwood Co.,Newport Pitwood Co.,19,Mar,1895,4,May,1895,False,condensed,0.9,Basse Indre-Arcachon-950 lds. pitwood-Newport Pitwood Co.
18950504p.758_p001.txt,204,Heidrun,Fredrikstad,NEWPORT,264 lds. deals-Naroon & Co.,Naroon & Co.,19,Mar,1895,4,May,1895,False,condensed,0.9,Heidrun-Fredrikstad-264 lds. deals-Naroon & Co.
18950504p.758_p001.txt,205,Britannia,Bordeaux,NEWPORT,"1,000 lds. pitwood-W. G. Foy & Co.",W. G. Foy & Co.,19,Mar,1895,4,May,1895,True,condensed,0.9,"Britannia (s)-Bordeaux-1,000 lds. pitwood-W. G. Foy & Co."
18950504p.758_p001.txt,208,Holbein,Fredrikstad,TYNE,"500 lds. deals-Ellison, Murphy, & Co.","Ellison, Murphy, & Co.",19,Mar,1895,4,May,1895,True,condensed,1.0,"Holbein (s)-Fredrikstad-500 lds. deals-Ellison, Murphy, & Co."
18950504p.758_p001.txt,209,Darien,New Orleans,TYNE,"6,000 staves-E. Chaloner & Co.",E. Chaloner & Co.,19,Mar,1895,4,May,1895,True,condensed,1.0,"Darien (s)-New Orleans-6,000 staves-E. Chaloner & Co."
18950504p.758_p001.txt,210,Flutus,Fredrikstad,TYNE,"34 fms. firewood, 49 bdls. laths, 32 lds. boards",,19,Mar,1895,4,May,1895,False,condensed,1.0,"Flutus-Fredrikstad-34 fms. firewood, 49 bdls. laths, 32 lds. boards"
18950504p.758_p001.txt,211,Traag,Stromstad,TYNE,"9,773 boards",,19,Mar,1895,4,May,1895,True,condensed,1.0,"Traag (s)-Stromstad-9,773 boards"
18950504p.758_p001.txt,212,Adelgunde,Fredrikstad,TYNE,34 fms. firewood,,19,Mar,1895,4,May,1895,False,condensed,0.9,Adelgunde-Fredrikstad-34 fms. firewood
18950504p.758_p001.txt,213,Stanley,Fredrikstad,TYNE,"49 fms. firewood, 49 bdls. boards, 49 fms. firewood, 9,773 boards",,19,Mar,1895,4,May,1895,False,condensed,0.9,"Stanley-Fredrikstad-49 fms. firewood, 49 bdls. boards, 49 fms. firewood, 9,773 boards"
18950504p.758_p001.txt,214,Schweigaard,Fredrikstad,TYNE,34 fms. firewood-R. H. Dahl & Co.,R. H. Dahl & Co.,19,Mar,1895,4,May,1895,True,condensed,0.9,Schweigaard (s)-Fredrikstad-34 fms. firewood-R. H. Dahl & Co.
18950504p.758_p001.txt,215,Hungarian,Fredrikstad,TYNE,"49 fms. firewood, 49 boards, 10 fms. firewood",,19,Mar,1895,4,May,1895,True,condensed,0.9,"Hungarian (s)-Fredrikstad-49 fms. firewood, 49 boards, 10 fms. firewood"
18950504p.758_p001.txt,216,A. W. Kafeman,Fredrikstad,TYNE,49 fms. firewood-Nutman & Co.,Nutman & Co.,19,Mar,1895,4,May,1895,True,condensed,0.9,A. W. Kafeman (s)-Fredrikstad-49 fms. firewood-Nutman & Co.
18950504p.758_p001.txt,217,Duisberg,Fredrikstad,TYNE,"34,898 boards",,19,Mar,1895,4,May,1895,False,condensed,0.9,"Duisberg-Fredrikstad-34,898 boards"
18950504p.758_p001.txt,218,Bele,Fredrikstad,TYNE,"49 fms. firewood-Foy, Morgan, & Co.","Foy, Morgan, & Co.",19,Mar,1895,4,May,1895,True,condensed,0.9,"Bele (s)-Fredrikstad-49 fms. firewood-Foy, Morgan, & Co."
18950504p.758_p001.txt,219,Cayo Romano,New Orleans,TYNE,"6,000 staves-Gardner",Gardner,19,Mar,1895,4,May,1895,False,condensed,0.9,"Cayo Romano-New Orleans-6,000 staves-Gardner"
18950504p.758_p001.txt,220,Harry,Fredrikstad,TYNE,"50 fms. firewood, 49 timber-G. J. W.",G. J. W.,19,Mar,1895,4,May,1895,True,condensed,0.9,"Harry (s)-Fredrikstad-50 fms. firewood, 49 timber-G. J. W."
18950504p.758_p001.txt,221,Carl Gustaf,Fredrikstad,TYNE,"23,881 props, 24 pine-A. Hood & Co.",A. Hood & Co.,19,Mar,1895,4,May,1895,False,condensed,0.9,"Carl Gustaf-Fredrikstad-23,881 props, 24 pine-A. Hood & Co."
18950504p.758_p001.txt,222,Ida,Halmstad,TYNE,"23,881 props",,19,Mar,1895,4,May,1895,False,condensed,0.9,"Ida-Halmstad-23,881 props"
18950504p.758_p001.txt,223,Jason,Skien,TYNE,753 props-Py,Py,19,Mar,1895,4,May,1895,False,condensed,0.9,Jason-Skien-753 props-Py
18950504p.758_p001.txt,224,Royal Dane,Hamburg,TYNE,49 fms. firewood-Tyne Steamship Co.,Tyne Steamship Co.,19,Mar,1895,4,May,1895,True,condensed,0.9,Royal Dane (s)-Hamburg-49 fms. firewood-Tyne Steamship Co.
18950504p.758_p001.txt,225,Vidar,Drammen,TYNE,"26,634 pit props",,19,Mar,1895,4,May,1895,False,condensed,0.9,"Vidar-Drammen-26,634 pit props"
18950504p.758_p001.txt,226,Sleipner,Tvedestrand,TYNE,"9,500 pit props",,19,Mar,1895,4,May,1895,False,condensed,0.9,"Sleipner-Tvedestrand-9,500 pit props"
18950504p.758_p001.txt,227,John Ormston,Rotterdam,TYNE,"49 fms. firewood, 49 hoops-Tyne Steamship Co.",Tyne Steamship Co.,19,Mar,1895,4,May,1895,True,condensed,0.9,"John Ormston (s)-Rotterdam-49 fms. firewood, 49 hoops-Tyne Steamship Co."
18950504p.758_p001.txt,228,Venus,Trondhjem & Bergen,TYNE,49 fms. firewood and battens,,19,Mar,1895,4,May,1895,True,condensed,0.9,Venus (s)-Trondhjem & Bergen-49 fms. firewood and battens
18950504p.758_p001.txt,229,Orrik,Gothenburg,TYNE,120 lds. firewood,,19,Mar,1895,4,May,1895,True,condensed,0.9,Orrik (s)-Gothenburg-120 lds. firewood
18950504p.758_p001.txt,230,Alpha,Drammen,TYNE,"34,214 pit props",,19,Mar,1895,4,May,1895,False,condensed,0.9,"Alpha-Drammen-34,214 pit props"
18950504p.758_p001.txt,233,Lovisa,Gothenburg,TYNE,"60 lds. sawn fir, 151 lds. firewood, 5 lds. laths-A. & W. Cushion",A. & W. Cushion,19,Mar,1895,4,May,1895,False,condensed,0.9,"Lovisa-Gothenburg-60 lds. sawn fir, 151 lds. firewood, 5 lds. laths-A. & W. Cushion"
18950504p.758_p001.txt,237,Fortuna,Porsgrund,TYNE,"214 lds. fir battens, 12 lds.",,19,Mar,1895,4,May,1895,False,condensed,0.9,"Fortuna-Porsgrund-214 lds. fir battens, 12 lds."
18950504p.758_p001.txt,238,Malone,Pensacola,TYNE,"1,880 lds. sawn fir-Gregg & Co.",Gregg & Co.,19,Mar,1895,4,May,1895,False,condensed,0.9,"Malone-Pensacola-1,880 lds. sawn fir-Gregg & Co."
18950504p.758_p001.txt,241,Maiden City,St. John,CORK,230 stds. sawn fir-B. Haughton & Co.,B. Haughton & Co.,19,Mar,1895,4,May,1895,False,condensed,0.9,Maiden City-St. John-230 stds. sawn fir-B. Haughton & Co.
18950504p.758_p001.txt,244,Kali Maas,Christiania,DUBLIN,300 spars-J. McFerran & Co.,J. McFerran & Co.,19,Mar,1895,4,May,1895,False,condensed,0.9,Kali Maas-Christiania-300 spars-J. McFerran & Co.
18950504p.758_p001.txt,247,Pollux,Fredrikstad,DUBLIN,50 fms. firewood-T. Williamson,T. Williamson,19,Mar,1895,4,May,1895,False,condensed,0.9,Pollux-Fredrikstad-50 fms. firewood-T. Williamson
18950504p.758_p001.txt,248,Christiane,Christiania,DUBLIN,222 lds. deals-J. Pim,J. Pim,19,Mar,1895,4,May,1895,False,condensed,0.9,Christiane-Christiania-222 lds. deals-J. Pim
18950504p.758_p001.txt,251,Christiane,Christiania,WICKLOW,222 lds. deals-J. Pim,J. Pim,19,Mar,1895,4,May,1895,False,condensed,1.0,Christiane-Christiania-222 lds. deals-J. Pim
18950504p.758_p001.txt,256,Cephalonia,Boston,LIVERPOOL,815 pcs. elm-Drysdale Bros.,Drysdale Bros.,19,Mar,1895,4,May,1895,True,condensed,0.9,Cephalonia (s)-Boston-815 pcs. elm-Drysdale Bros.
18950504p.758_p001.txt,257,Ulstermore,Baltimore,LIVERPOOL,"1,144 pcs. oak-T. Meadows & Co.",T. Meadows & Co.,19,Mar,1895,4,May,1895,True,condensed,0.9,"Ulstermore (s)-Baltimore-1,144 pcs. oak-T. Meadows & Co."
18950504p.758_p001.txt,258,Britannic,New York,LIVERPOOL,"152 lds. lumber-Duncan, Ewing, & Co. 1,000 pcs. lumber-Dobell & Co.; 1,144 pcs. oak-Redhead; 867 pcs. oak, 25 hickory logs-Farnworth & Jardine; 5,479 staves, 38 oak planks, 10 poplar logs, 159 walnut logs, 520 poplar props","Duncan, Ewing, & Co.",19,Mar,1895,4,May,1895,True,condensed,0.9,"Britannic (s)-New York-152 lds. lumber-Duncan, Ewing, & Co.; 1,000 pcs. lumber-Dobell & Co.; 1,144 pcs. oak-Redhead; 867 pcs. oak, 25 hickory logs-Farnworth & Jardine; 5,479 staves, 38 oak planks, 10 poplar logs, 159 walnut logs, 520 poplar props"
18950504p.758_p001.txt,259,Britannic,New York,LIVERPOOL,"152 lds. lumber-W. Carter 7,700 pcs. lumber-W. & Co.; 3,600 pcs. lumber",W. Carter,19,Mar,1895,4,May,1895,True,condensed,0.9,"Britannic (s)-New York-152 lds. lumber-W. Carter; 7,700 pcs. lumber-W. & Co.; 3,600 pcs. lumber"
18950504p.758_p001.txt,262,Eliza,Demerara,LIVERPOOL,176 pcs. greenheart-G. Booker & Co.,G. Booker & Co.,19,Mar,1895,4,May,1895,False,condensed,0.9,Eliza-Demerara-176 pcs. greenheart-G. Booker & Co.
18950504p.758_p001.txt,265,S. N. Hansen,Georgetown,LIVERPOOL,"240 logs greenheart-Sandbach, Tinne, & Co.","Sandbach, Tinne, & Co.",19,Mar,1895,4,May,1895,False,condensed,0.9,"S. N. Hansen-Georgetown-240 logs greenheart-Sandbach, Tinne, & Co."
18950504p.758_p001.txt,268,Lord Gough,Philadelphia,LIVERPOOL,"1,145 lds. maple blocks-Churchill & Sim",Churchill & Sim,19,Mar,1895,4,May,1895,True,condensed,0.9,"Lord Gough (s)-Philadelphia-1,145 lds. maple blocks-Churchill & Sim"
18950504p.758_p001.txt,272,Tyr,Fredrikstad,LONDON,"6,800 pcs. boxwood-Duns, Brown, & Co.","Duns, Brown, & Co.",19,Mar,1895,4,May,1895,True,condensed,0.9,"Tyr (s)-Fredrikstad-6,800 pcs. boxwood-Duns, Brown, & Co."
18950504p.758_p001.txt,273,Cayo Romano,New Orleans,LONDON,"2,695 staves-C. Gardner 616 pcs. lumber, 10,545 pcs. lumber-C. Leary & Co.",C. Gardner,19,Mar,1895,4,May,1895,False,condensed,0.9,"Cayo Romano-New Orleans-2,695 staves-C. Gardner; 616 pcs. lumber, 10,545 pcs. lumber-C. Leary & Co."
18950504p.758_p001.txt,276,West Australian,Fremantle,LONDON,"17,941 staves Jarrah-McLean Bros.",McLean Bros.,19,Mar,1895,4,May,1895,False,condensed,0.9,"West Australian-Fremantle-17,941 staves Jarrah-McLean Bros."
18950504p.758_p001.txt,277,Black Prince,Odessa,LONDON,"17,941 staves",,19,Mar,1895,4,May,1895,True,condensed,0.9,"Black Prince (s)-Odessa-17,941 staves"
18950504p.758_p001.txt,278,Black Prince,Colon,LONDON,46 logs mahogany-M. Kenematte & Co. 350 logs,M. Kenematte & Co.,19,Mar,1895,4,May,1895,True,condensed,0.9,Black Prince (s)-Colon-46 logs mahogany-M. Kenematte & Co.; 350 logs
18950504p.758_p002.txt,15,New,Orleans,LONDON,"6,000",,19,Mar,1895,4,May,1895,False,condensed,0.9,"New Orleans-6,000"
18950504p.758_p002.txt,18,New,Orleans,LONDON,"9,000 staves-E.",E.,19,Mar,1895,4,May,1895,False,condensed,0.9,"New Orleans-9,000 staves-E."
18950504p.758_p002.txt,24,MISSING_FROM_OCR,Fredrikstad,LONDON,"68,759 boards, 325",,19,Mar,1895,4,May,1895,False,condensed,0.9,"Fredrikstad-68,759 boards, 325"
18950504p.758_p002.txt,25,MISSING_FROM_OCR,Fredrikstad,LONDON,356 stds. floorings,,19,Mar,1895,4,May,1895,False,condensed,0.9,"Fredrikstad-356 stds. floorings,"
18950504p.758_p002.txt,31,MISSING_FROM_OCR,Fredrikstad,LONDON,"13,191 boards",,19,Mar,1895,4,May,1895,False,condensed,0.9,"Fredrikstad-13,191 boards"
18950504p.758_p002.txt,38,MISSING_FROM_OCR,Fredrikstad,LONDON,271 fms. firewood,,19,Mar,1895,4,May,1895,False,condensed,0.9,"Fredrikstad-271 fms. firewood,"
18950504p.758_p002.txt,43,MISSING_FROM_OCR,Gothenburg,LONDON,"21,332 boards-",,19,Mar,1895,4,May,1895,False,condensed,0.9,"Gothenburg-21,332 boards-"
18950504p.758_p002.txt,45,New,Orleans,LONDON,"1,753 prs. oars-",,19,Mar,1895,4,May,1895,False,condensed,0.9,"New Orleans-1,753 prs. oars-"
18950504p.758_p002.txt,48,Harriet McGregor,Hobart,LONDON,378 pcs.,,19,Mar,1895,4,May,1895,False,condensed,0.9,Harriet McGregor-Hobart-378 pcs.
18950504p.758_p002.txt,49,New,Orleans,LONDON,"2,072 oak strips",,19,Mar,1895,4,May,1895,False,condensed,0.9,"New Orleans-2,072 oak strips"
18950504p.758_p002.txt,51,New,Orleans,LONDON,"3,000 staves-",,19,Mar,1895,4,May,1895,False,condensed,0.9,"New Orleans-3,000 staves-"
18950504p.758_p002.txt,54,New,Orleans,LONDON,"2,072 oak strips",,19,Mar,1895,4,May,1895,False,condensed,0.9,"New Orleans-2,072 oak strips"
18950504p.758_p002.txt,55,New,Orleans,LONDON,"3,000 staves-",,19,Mar,1895,4,May,1895,False,condensed,0.9,"New Orleans-3,000 staves-"
18950504p.758_p002.txt,58,New,Orleans,LONDON,"3,000 staves-",,19,Mar,1895,4,May,1895,False,condensed,0.9,"New Orleans-3,000 staves-"
18950504p.758_p002.txt,60,New,Orleans,LONDON,"2,072 oak strips",,19,Mar,1895,4,May,1895,False,condensed,0.9,"New Orleans-2,072 oak strips"
18950504p.758_p002.txt,61,New,Orleans,LONDON,"3,000 staves-",,19,Mar,1895,4,May,1895,False,condensed,0.9,"New Orleans-3,000 staves-"
18950504p.758_p002.txt,64,New,Orleans,LONDON,"2,072 oak strips",,19,Mar,1895,4,May,1895,False,condensed,0.9,"New Orleans-2,072 oak strips"
18950504p.758_p002.txt,65,New,Orleans,LONDON,"3,000 staves-",,19,Mar,1895,4,May,1895,False,condensed,0.9,"New Orleans-3,000 staves-"
18950504p.758_p002.txt,68,New,Orleans,LONDON,"2,072 oak strips",,19,Mar,1895,4,May,1895,False,condensed,0.9,"New Orleans-2,072 oak strips"
18950504p.758_p002.txt,69,New,Orleans,LONDON,"3,000 staves-",,19,Mar,1895,4,May,1895,False,condensed,0.9,"New Orleans-3,000 staves-"
18950504p.758_p002.txt,72,New,Orleans,LONDON,"2,072 oak strips",,19,Mar,1895,4,May,1895,False,condensed,0.9,"New Orleans-2,072 oak strips"
18950504p.758_p002.txt,73,New,Orleans,LONDON,"3,000 staves-",,19,Mar,1895,4,May,1895,False,condensed,0.9,"New Orleans-3,000 staves-"
18950504p.758_p002.txt,78,MISSING_FROM_OCR,Windau,LONDON,700 sleeper blocks,,19,Mar,1895,4,May,1895,False,condensed,0.9,Windau-700 sleeper blocks
18950504p.758_p002.txt,84,MISSING_FROM_OCR,Christiania,LONDON,297 lds. deals and,,19,Mar,1895,4,May,1895,False,condensed,0.9,Christiania-297 lds. deals and
18950504p.758_p002.txt,90,MISSING_FROM_OCR,Mobile,LONDON,"16,782 deals, 133 pcs.",,19,Mar,1895,4,May,1895,False,condensed,0.9,"Mobile-16,782 deals, 133 pcs."
18950504p.758_p002.txt,93,MISSING_FROM_OCR,Skien,LONDON,390 bdls. box boards,,19,Mar,1895,4,May,1895,False,condensed,0.9,Skien-390 bdls. box boards
18950504p.758_p002.txt,98,MISSING_FROM_OCR,Bordeaux,NEWPORT,"1,050 lds.",,19,Mar,1895,4,May,1895,False,condensed,1.0,"Bordeaux-1,050 lds."
18950504p.758_p002.txt,99,MISSING_FROM_OCR,Windau,NEWPORT,480 lds. pit prop-,,19,Mar,1895,4,May,1895,False,condensed,1.0,Windau-480 lds. pit prop-
18950504p.758_p002.txt,102,MISSING_FROM_OCR,Hennebont,NEWPORT,230 lds. pit,,19,Mar,1895,4,May,1895,False,condensed,0.9,Hennebont-230 lds. pit
18950504p.758_p002.txt,105,MISSING_FROM_OCR,Fredrikstad,NEWPORT,725 lds. sawn fir-,,19,Mar,1895,4,May,1895,False,condensed,0.9,Fredrikstad-725 lds. sawn fir-
18950504p.758_p002.txt,107,MISSING_FROM_OCR,Christiania,NEWPORT,214 lds. hewn fir-T.,T.,19,Mar,1895,4,May,1895,False,condensed,0.9,Christiania-214 lds. hewn fir-T.
18950504p.758_p002.txt,109,MISSING_FROM_OCR,Gothenburg,NEWPORT,356 lds. sawn fir-,,19,Mar,1895,4,May,1895,False,condensed,0.9,Gothenburg-356 lds. sawn fir-
18950504p.758_p002.txt,111,MISSING_FROM_OCR,Fredrikstad,NEWPORT,504 lds. fir boards-,,19,Mar,1895,4,May,1895,False,condensed,0.9,Fredrikstad-504 lds. fir boards-
18950504p.758_p002.txt,113,MISSING_FROM_OCR,Drammen,NEWPORT,644 lds. fir boards-,,19,Mar,1895,4,May,1895,False,condensed,0.9,Drammen-644 lds. fir boards-
18950504p.758_p002.txt,115,MISSING_FROM_OCR,Fredrikstad,NEWPORT,672 lds. fir boards-,,19,Mar,1895,4,May,1895,False,condensed,0.9,Fredrikstad-672 lds. fir boards-
18950504p.758_p002.txt,121,MISSING_FROM_OCR,Gothenburg,NEWPORT,48 lds. pit,,19,Mar,1895,4,May,1895,False,condensed,0.9,Gothenburg-48 lds. pit
18950504p.758_p002.txt,123,MISSING_FROM_OCR,Skien,NEWPORT,389 lds. hewn fir-R. Thorman,R. Thorman,19,Mar,1895,4,May,1895,False,condensed,0.9,Skien-389 lds. hewn fir-R. Thorman
18950504p.758_p002.txt,131,Kekla,Halmstad,NEWPORT,220 lds. pit props-R.,R.,27,Mar,1895,4,May,1895,False,condensed,0.9,27 Kekla-Halmstad-220 lds. pit props-R.
18950504p.758_p002.txt,134,Basse Indre,Archangel,NEWPORT,170 lds. hewn,,27,Mar,1895,4,May,1895,False,condensed,0.9,Basse Indre-Archangel-170 lds. hewn
18950504p.758_p002.txt,135,Newport Pitwood Co. Naroon,Bordeaux,NEWPORT,950 lds. pitwood-Wm.,Wm.,27,Mar,1895,4,May,1895,True,condensed,0.9,Newport Pitwood Co. Naroon (s)-Bordeaux-950 lds. pitwood-Wm.
18950504p.758_p002.txt,138,Heidrun,Fredrikstad,NEWPORT,260 lds. pitwood-J.,J.,25,Mar,1895,4,May,1895,False,condensed,0.9,25 Heidrun-Fredrikstad-260 lds. pitwood-J.
18950504p.758_p002.txt,140,Britannia,Bordeaux,NEWPORT,"1,010 lds. pitwood-",,25,Mar,1895,4,May,1895,True,condensed,0.9,"27 Britannia (s)-Bordeaux-1,010 lds. pitwood-"
18950504p.758_p002.txt,143,Carl Gustaf,Pensacola,TYNE,"4,668 pcs. pitch",,25,Mar,1895,4,May,1895,False,condensed,1.0,"Carl Gustaf-Pensacola-4,668 pcs. pitch"
18950504p.758_p002.txt,144,Ida,Halmstad,TYNE,"23,881 props-Pyman, Bell, & Co.","Pyman, Bell, & Co.",25,Mar,1895,4,May,1895,False,condensed,1.0,"A. Hood & Co. Ida-Halmstad-23,881 props-Pyman, Bell, & Co."
18950504p.758_p002.txt,146,Jason,Skien,TYNE,753 props-Tyne Dock Co.,Tyne Dock Co.,25,Mar,1895,4,May,1895,False,condensed,1.0,25 Jason-Skien-753 props-Tyne Dock Co.
18950504p.758_p002.txt,147,Royal Dane,Hamburg,TYNE,4 cases mouldings-,,25,Mar,1895,4,May,1895,True,condensed,0.9,Royal Dane (s)-Hamburg-4 cases mouldings-
18950504p.758_p002.txt,149,Vidar,Drammen,TYNE,"26,634 deals, 9 1/2 tons",,25,Mar,1895,4,May,1895,False,condensed,0.9,"27 Vidar-Drammen-26,634 deals, 9 1/2 tons"
18950504p.758_p002.txt,151,Sleipner,Tvedestrand,TYNE,"9,273 deals, 9 1/2 tons",,25,Mar,1895,4,May,1895,False,condensed,0.9,"29 Sleipner-Tvedestrand-9,273 deals, 9 1/2 tons"
18950504p.758_p002.txt,153,John Ormston,Rotterdam,TYNE,"2,200 bdles.",,25,Mar,1895,4,May,1895,True,condensed,0.9,"John Ormston (s)-Rotterdam-2,200 bdles."
18950504p.758_p002.txt,154,Tyne Steamship Co. Venus,Trondhjem & Bergen,TYNE,120 lds. deals,,25,Mar,1895,4,May,1895,True,condensed,0.9,Tyne Steamship Co. Venus (s)-Trondhjem & Bergen-120 lds. deals
18950504p.758_p002.txt,157,Orrik,Gothenburg,TYNE,"2,200 bdles. battens, 60",,25,Mar,1895,4,May,1895,True,condensed,0.9,"30 Orrik (s)-Gothenburg-2,200 bdles. battens, 60"
18950504p.758_p002.txt,159,Alpha,Drammen,TYNE,"34,214 deals, 24 pit props",,25,Mar,1895,4,May,1895,False,condensed,0.9,"Alpha-Drammen-34,214 deals, 24 pit props"
18950504p.758_p002.txt,161,Lovisa,Gothenburg,TYNE,5 lds. hewn fir,,25,Mar,1895,4,May,1895,False,condensed,0.9,"Lovisa-Gothenburg-5 lds. hewn fir,"
18950504p.758_p002.txt,166,Fortuna,Porsgrund,TYNE,231 lds. fir spars,,25,Mar,1895,4,May,1895,False,condensed,0.9,"Fortuna-Porsgrund-231 lds. fir spars,"
18950504p.758_p002.txt,167,Harland & Wolff Malone,Pensacola,TYNE,"1,883 pcs. sawn pitch pine",,25,Mar,1895,4,May,1895,False,condensed,0.9,"Harland & Wolff Malone-Pensacola-1,883 pcs. sawn pitch pine"
18950504p.758_p002.txt,172,Maiden City,"St. John, N.B.",CORK,"1,295 lds.",,25,Mar,1895,4,May,1895,False,condensed,0.9,"Maiden City-St. John, N.B.-1,295 lds."
18950504p.758_p002.txt,175,Kali Maas,Christiania,DUBLIN,"39,015 boards",,25,Mar,1895,4,May,1895,False,condensed,0.9,"Kali Maas-Christiania-39,015 boards,"
18950504p.758_p002.txt,178,Pollux,Fredrikstad,DUBLIN,500 lds. fir boards,,25,Mar,1895,4,May,1895,False,condensed,0.9,"Pollux-Fredrikstad-500 lds. fir boards,"
18950504p.758_p002.txt,181,Christiane,Christiania,WICKLOW,214 lds. hewn fir-,,25,Mar,1895,4,May,1895,False,condensed,1.0,Christiane-Christiania-214 lds. hewn fir-
18950504p.758_p002.txt,187,Cephalonia,New Orleans,LIVERPOOL,200 logs,,25,Mar,1895,4,May,1895,True,condensed,0.9,Cephalonia (s)-New Orleans-200 logs
18950504p.758_p002.txt,188,Uistermore,Baltimore,LIVERPOOL,735 pcs. oak-,,25,Mar,1895,4,May,1895,True,condensed,0.9,Uistermore (s)-Baltimore-735 pcs. oak-
18950504p.758_p002.txt,198,Britannic,New York,LIVERPOOL,152 logs hickory-R.,R.,25,Mar,1895,4,May,1895,True,condensed,0.9,Britannic (s)-New York-152 logs hickory-R.
18950504p.758_p002.txt,202,Eliza,Demerara,LIVERPOOL,176 pcs. greenheart-,,25,Mar,1895,4,May,1895,False,condensed,0.9,Eliza-Demerara-176 pcs. greenheart-
18950504p.758_p002.txt,205,S. N. Hansen,"Georgetown, Demerara",LIVERPOOL,"240 logs greenheart-Sandbach, Tinne, & Co.","Sandbach, Tinne, & Co.",25,Mar,1895,4,May,1895,False,condensed,0.9,"S. N. Hansen-Georgetown, Demerara- 240 logs greenheart-Sandbach, Tinne, & Co."
18950504p.758_p002.txt,208,Lord Gough,Philadelphia,LIVERPOOL,"2,826",,25,Mar,1895,4,May,1895,True,condensed,0.9,"Lord Gough (s)-Philadelphia-2,826"
18950504p.758_p002.txt,212,Tyr,Fredrikstad,LONDON,725 lds. sawn fir-,,25,Mar,1895,4,May,1895,True,condensed,0.9,Tyr (s)-Fredrikstad-725 lds. sawn fir-
18950504p.758_p002.txt,213,New,Orleans,LONDON,"6,817 bdls. box-",,25,Mar,1895,4,May,1895,False,condensed,0.9,"New Orleans-6,817 bdls. box-"
18950504p.758_p002.txt,218,West Australian,Fremantle,LONDON,"8,385 pcs.",,25,Mar,1895,4,May,1895,False,condensed,0.9,"West Australian-Fremantle-8,385 pcs."
18950504p.758_p002.txt,219,McLean Bros. & Rigg Llanberis,Odessa,LONDON,"17,941 staves, 311 oak",,25,Mar,1895,4,May,1895,True,condensed,0.9,"McLean Bros. & Rigg Llanberis (s)-Odessa-17,941 staves, 311 oak"
18950504p.758_p002.txt,222,Black Prince,Colon,LONDON,46 logs mahogany-,,25,Mar,1895,4,May,1895,True,condensed,0.9,30 Black Prince (s)-Colon-46 logs mahogany-
18950504p.763.txt,58,Kathinka,Laurvig,LIMITED,12 lds. firewood-Master,Master,25,Mar,1895,4,May,1895,False,condensed,0.9,Kathinka-Laurvig-12 lds. firewood-Master
18950504p.763.txt,59,Colibri,Wanevik,LIMITED,27 lds. firewood-Ludwig,Ludwig,25,Mar,1895,4,May,1895,False,condensed,0.9,Colibri-Wanevik-27 lds. firewood-Ludwig
18950504p.763.txt,60,Olga,Riga,LIMITED,330 lds. deals-H. Leslie & Co.,H. Leslie & Co.,25,Mar,1895,4,May,1895,True,condensed,0.9,Olga (s)-Riga-330 lds. deals-H. Leslie & Co.
18950504p.763.txt,62,Albin,Halmstad,LIMITED,253 lds. props-Wallace Bros.,Wallace Bros.,25,Mar,1895,4,May,1895,False,condensed,0.9,Albin-Halmstad-253 lds. props-Wallace Bros.
18950504p.763.txt,63,Torhamn,Halmstad,LIMITED,252 lds. props-W. Wallace,W. Wallace,25,Mar,1895,4,May,1895,False,condensed,0.9,Torhamn-Halmstad-252 lds. props-W. Wallace
18950504p.763.txt,64,Elise,Fjellebroen,LIMITED,183 lds props,,25,Mar,1895,4,May,1895,False,condensed,0.9,Elise-Fjellebroen-183 lds props
18950504p.763.txt,65,Marie,Halmstad,LIMITED,130 lds. props-Kirkwood,Kirkwood,25,Mar,1895,4,May,1895,False,condensed,0.9,Marie-Halmstad-130 lds. props-Kirkwood
18950504p.763.txt,66,Kirkwood Lovise,Brevig,LIMITED,"86 lds. props-Rennie, Bryson","Rennie, Bryson",25,Mar,1895,4,May,1895,False,condensed,0.9,"Kirkwood Lovise-Brevig-86 lds. props-Rennie, Bryson"
18950504p.763.txt,68,Celeritas,Gothenburg,LIMITED,420 lds. props,,25,Mar,1895,4,May,1895,False,condensed,0.9,24 Celeritas-Gothenburg-420 lds. props
18950504p.763.txt,69,Falkin,Halmstad,LIMITED,149 lds. props,,25,Mar,1895,4,May,1895,False,condensed,0.9,Falkin-Halmstad-149 lds. props
18950504p.763.txt,70,Enok,Sarpsburg,LIMITED,"120 lds. props, 25 lds. sawn fir-S. H. Ohlson & Co.",S. H. Ohlson & Co.,25,Mar,1895,4,May,1895,False,condensed,0.9,"25 Enok-Sarpsburg-120 lds. props, 25 lds. sawn fir-S. H. Ohlson & Co."
18950504p.763.txt,71,Getrus,Gothenburg,LIMITED,213 lds. props-Kirkwood,Kirkwood,25,Mar,1895,4,May,1895,False,condensed,0.9,Getrus-Gothenburg-213 lds. props-Kirkwood
18950504p.763.txt,72,Triton,Grimstad,LIMITED,147 lds. props-Rennie,Rennie,26,Mar,1895,4,May,1895,False,condensed,0.9,26 Triton-Grimstad-147 lds. props-Rennie
18950504p.763.txt,73,Skjold,Falkenberg,LIMITED,123 lds. props-Love,Love,27,Mar,1895,4,May,1895,False,condensed,0.9,27 Skjold-Falkenberg-123 lds. props-Love
18950504p.763.txt,74,Julie,Laurvig,LIMITED,140 lds. props-Clackmannan Coal Co.,Clackmannan Coal Co.,29,Mar,1895,4,May,1895,False,condensed,0.9,29 Julie-Laurvig-140 lds. props-Clackmannan Coal Co.
18950504p.763.txt,75,Elma,Warberg,LIMITED,185 lds. props-Kirkwood,Kirkwood,29,Mar,1895,4,May,1895,False,condensed,0.9,Elma-Warberg-185 lds. props-Kirkwood
18950504p.763.txt,77,Ynez,Gothenburg,LIMITED,123 lds. pit props-Love & Stewart,Love & Stewart,29,Mar,1895,4,May,1895,False,condensed,0.9,Ynez-Gothenburg-123 lds. pit props-Love & Stewart
18950504p.763.txt,79,Maurice,Warberg,LIMITED,438 lds. pit props-Love & Stewart,Love & Stewart,29,Mar,1895,4,May,1895,False,condensed,0.9,Maurice-Warberg-438 lds. pit props-Love & Stewart
18950504p.763.txt,80,Gerda,Warberg,LIMITED,540 lds. pit props-Love,Love,29,Mar,1895,4,May,1895,False,condensed,0.9,Gerda-Warberg-540 lds. pit props-Love
18950504p.763.txt,81,Frisk,Warberg,LIMITED,561 lds. pit props-Love,Love,29,Mar,1895,4,May,1895,False,condensed,0.9,Frisk-Warberg-561 lds. pit props-Love
18950504p.763.txt,83,Fram,Arendal,LIMITED,"119 lds. deals and battens, 28 lds. floorings, 25 lds. hewn fir, 1 ld. spars, 2 lds. firewood-P. H. McPherson",P. H. McPherson,29,Mar,1895,4,May,1895,False,condensed,0.9,"Fram-Arendal-119 lds. deals and battens, 28 lds. floorings, 25 lds. hewn fir, 1 ld. spars, 2 lds. firewood-P. H. McPherson"
18950504p.763.txt,85,Rosalie,Falkenberg,BO'NESS,110 lds. props-Love & Stewart,Love & Stewart,29,Mar,1895,4,May,1895,False,condensed,1.0,Rosalie-Falkenberg-110 lds. props-Love & Stewart
18950504p.763.txt,86,Thor,Halmstad,BO'NESS,260 lds. props-Love,Love,29,Mar,1895,4,May,1895,False,condensed,1.0,Thor-Halmstad-260 lds. props-Love
18950504p.763.txt,87,Spina,Drammen,BO'NESS,80 lds. pit props-J. Denholm & Co.,J. Denholm & Co.,25,Mar,1895,4,May,1895,False,condensed,1.0,25 Spina-Drammen-80 lds. pit props-J. Denholm & Co.
18950504p.763.txt,88,Anna,Falkenberg,BO'NESS,215 lds. pit props-Love,Love,25,Mar,1895,4,May,1895,False,condensed,1.0,Anna-Falkenberg-215 lds. pit props-Love
18950504p.763.txt,89,Ida Sofia,Gothenburg,BO'NESS,170 lds. pit props-W. Shanks & Son,W. Shanks & Son,25,Mar,1895,4,May,1895,False,condensed,0.9,Ida Sofia-Gothenburg-170 lds. pit props-W. Shanks & Son
18950504p.763.txt,91,Brazilian,Boston,BO'NESS,"1,600 pipe staves, 2,800 barrel staves-Thos. Kerr & Co.",Thos. Kerr & Co.,25,Mar,1895,4,May,1895,True,condensed,0.9,"Brazilian (s)-Boston-1,600 pipe staves, 2,800 barrel staves-Thos. Kerr & Co."
18950504p.763.txt,92,Iberia,Gothenburg,BO'NESS,"74 bags, 15 cs. turned wood, 90 bdls. mouldings, 278 bdls. staves",,25,Mar,1895,4,May,1895,True,condensed,0.9,"24 Iberia (s)-Gothenburg-74 bags, 15 cs. turned wood, 90 bdls. mouldings, 278 bdls. staves"
18950504p.763.txt,93,Britannia,Marseilles,BO'NESS,600 bdls. staves,,25,Mar,1895,4,May,1895,True,condensed,0.9,26 Britannia (s)-Marseilles-600 bdls. staves
18950504p.763.txt,96,Norway,Christiania,BO'NESS,"124 battens, 4,200 bdls. box boards",,25,Mar,1895,4,May,1895,True,condensed,0.9,"Norway (s)-Christiania-124 battens, 4,200 bdls. box boards"
18950504p.763.txt,97,Brilliant,Christiania,BO'NESS,"1,173 spars, 100 boat",,25,Mar,1895,4,May,1895,False,condensed,0.9,"Brilliant-Christiania-1,173 spars, 100 boat-hook handles, 11,327 pit props-J. T. Salvesen & Co."
18950504p.763.txt,98,Buda,Hamburg,BO'NESS,4 cs. mouldings,,25,Mar,1895,4,May,1895,True,condensed,0.9,23 Buda (s)-Hamburg-4 cs. mouldings
18950504p.763.txt,99,Glasgow,Amsterdam,BO'NESS,1 cs. mouldings,,25,Mar,1895,4,May,1895,True,condensed,0.9,25 Glasgow (s)-Amsterdam-1 cs. mouldings
18950504p.763.txt,101,Allegro,Laurvig,BO'NESS,142 lds. pit props-Love & Stewart,Love & Stewart,25,Mar,1895,4,May,1895,False,condensed,0.9,Allegro Laurvig-142 lds. pit props-Love & Stewart
18950504p.763.txt,103,Cherub,Halmstad,INVERNESS,"242 lds. hewn fir, 60 lds. sawn fir-A. R. Watson & Co.",A. R. Watson & Co.,25,Mar,1895,4,May,1895,False,condensed,1.0,"Cherub-Halmstad-242 lds. hewn fir, 60 lds. sawn fir-A. R. Watson & Co."
18950504p.763.txt,105,Eunomia,Calmar,INVERNESS,186 lds. hewn fir-Lochgelly Iron & Coal Co.,Lochgelly Iron & Coal Co.,25,Mar,1895,4,May,1895,False,condensed,1.0,Eunomia-Calmar-186 lds. hewn fir-Lochgelly Iron & Coal Co.
18950504p.763.txt,107,Fidelia,Skien,INVERNESS,399 lds. firewood-Forslind & Rex,Forslind & Rex,25,Mar,1895,4,May,1895,False,condensed,0.9,Fidelia-Skien-399 lds. firewood-Forslind & Rex
18950504p.763.txt,108,Emmanuel,Namsos,INVERNESS,17 lds. firewood-M. J. Ellingsen,M. J. Ellingsen,25,Mar,1895,4,May,1895,False,condensed,0.9,Emmanuel-Namsos-17 lds. firewood-M. J. Ellingsen
18950504p.763.txt,109,Thetis,Skien,INVERNESS,348 lds. firewood-Forslind & Rex,Forslind & Rex,24,Mar,1895,4,May,1895,False,condensed,0.9,24 Thetis-Skien-348 lds. firewood-Forslind & Rex
18950504p.763.txt,111,Oraet Labora,Halmstad,INVERNESS,110 lds. pit-wood-Love & Stewart,wood-Love & Stewart,24,Mar,1895,4,May,1895,False,condensed,0.9,Oraet Labora-Halmstad-110 lds. pit-wood-Love & Stewart
18950504p.763.txt,113,Naddod,Drontheim,INVERNESS,"222 lds. staves, 66 lds. battens-L. Miller",L. Miller,24,Mar,1895,4,May,1895,True,condensed,0.9,"Naddod (s)-Drontheim-222 lds. staves, 66 lds. battens-L. Miller"
18950504p.763.txt,115,Richard Cobden,Kragero,INVERNESS,56 lds. pit props-Stevenson & Cowie,Stevenson & Cowie,24,Mar,1895,4,May,1895,False,condensed,0.9,Richard Cobden-Kragero-56 lds. pit props-Stevenson & Cowie
18950504p.763.txt,117,Heimdal,Laurvig,INVERNESS,130 lds. pit props-Love,Love,24,Mar,1895,4,May,1895,False,condensed,0.9,Heimdal-Laurvig-130 lds. pit props-Love
18950504p.763.txt,118,Hjalmar,Falkenberg,INVERNESS,212 lds. pit props-Love & Stewart,Love & Stewart,24,Mar,1895,4,May,1895,True,condensed,0.9,Hjalmar (s)-Falkenberg-212 lds. pit props-Love & Stewart
18950504p.763.txt,125,Makers of,Wood,INVERNESS,working Machinery,,24,Mar,1895,4,May,1895,False,condensed,0.9,Makers of Wood-working Machinery
18950504p.763.txt,137,Timber Merchants and,Saw,INVERNESS,millers,,24,Mar,1895,4,May,1895,False,condensed,0.9,"Timber Merchants and Saw-millers,"
18950504p.763.txt,139,A well,"selected stock of Prime Waney Board, Canary Wood, Mahogany and Cabinet Woods, in logs and board, Baltic Deals and Battens, seasoned Floorings, Linings, &c., Home",INVERNESS,"grown Wood in the round, Planks and Boards.",,24,Mar,1895,4,May,1895,False,condensed,0.9,"A well-selected stock of Prime Waney Board, Canary Wood, Mahogany and Cabinet Woods, in logs and board, Baltic Deals and Battens, seasoned Floorings, Linings, &c., Home-grown Wood in the round, Planks and Boards."
18950504p.763.txt,169,Telegraphic,Address,GREENOCK,"""GREENHEART.""",,24,Mar,1895,4,May,1895,False,condensed,0.9,"Telegraphic Address—""GREENHEART."""
18950504p.763.txt,179,Stock of,Home,GREENOCK,grown Timber. Wheelwrights' and Coachbuilders' requirements always on hand.,,24,Mar,1895,4,May,1895,False,condensed,0.9,Stock of Home-grown Timber. Wheelwrights' and Coachbuilders' requirements always on hand.
18950504p.763.txt,194,Timber Merchant &,Saw,GREENOCK,miller,,24,Mar,1895,4,May,1895,False,condensed,0.9,"Timber Merchant & Saw-miller,"
18950511p.788_p001.txt,8,Venus,Gothenburg,STIRLING,138 lds. deals-A. J. Crang,A. J. Crang,24,Mar,1895,11,May,1895,False,condensed,0.9,Venus-Gothenburg-138 lds. deals-A. J. Crang
18950511p.788_p001.txt,11,Erato,Porsgrund,STIRLING,788 lds. hewn fir-Gradwell & Co.,Gradwell & Co.,24,Mar,1895,11,May,1895,False,condensed,0.9,Erato-Porsgrund-788 lds. hewn fir-Gradwell & Co.
18950511p.788_p001.txt,14,Anni,Gothenburg,STIRLING,"245 lds. deals, battens, and boards sawn firewood",,24,Mar,1895,11,May,1895,False,condensed,0.9,"Anni-Gothenburg-245 lds. deals, battens, and boards sawn firewood"
18950511p.788_p001.txt,15,Idun,Gothenburg,STIRLING,300 lds. mining timber,,24,Mar,1895,11,May,1895,False,condensed,0.9,3 Idun-Gothenburg-300 lds. mining timber
18950511p.788_p001.txt,16,Kurie,Oscarshamn,STIRLING,132 lds. mining timber,,24,Mar,1895,11,May,1895,False,condensed,0.9,5 Kurie-Oscarshamn-132 lds. mining timber
18950511p.788_p001.txt,17,Luther,Oscarshamn,STIRLING,192 lds. mining timber,,24,Mar,1895,11,May,1895,False,condensed,0.9,Luther-Oscarshamn-192 lds. mining timber
18950511p.788_p001.txt,20,Frithiof,Laurvig,BOSTON,"100 lds. sawn fir, 10 lds. hewn fir, 10 lds. props-Alex. Finlay",Alex. Finlay,24,Mar,1895,11,May,1895,False,condensed,1.0,"Frithiof-Laurvig-100 lds. sawn fir, 10 lds. hewn fir, 10 lds. props-Alex. Finlay"
18950511p.788_p001.txt,21,Corunna,Windau,BOSTON,"1,060 lds. sleepers and sleeper blocks-English Bros.",English Bros.,24,Mar,1895,11,May,1895,False,condensed,1.0,"Corunna-Windau-1,060 lds. sleepers and sleeper blocks-English Bros."
18950511p.788_p001.txt,24,Anna,Fredrikshald,BRISTOL,"7,116 deals, 71,415 bds., 3,515 scantlings-May & Co.",May & Co.,24,Mar,1895,11,May,1895,False,condensed,0.9,"Anna-Fredrikshald-7,116 deals, 71,415 bds., 3,515 scantlings-May & Co."
18950511p.788_p001.txt,27,Jersey,Bayonne,BRISTOL,"2,000 lds. pitwood-A. P. Filleul & Co.",A. P. Filleul & Co.,24,Mar,1895,11,May,1895,False,condensed,0.9,"Jersey-Bayonne-2,000 lds. pitwood-A. P. Filleul & Co."
18950511p.788_p001.txt,28,Rive de Gier,Bayonne,BRISTOL,"1,200 lds. pitwood-A. Capelle",A. Capelle,24,Mar,1895,11,May,1895,True,condensed,0.9,"Rive de Gier (s)-Bayonne-1,200 lds. pitwood-A. Capelle"
18950511p.788_p001.txt,29,Isbergues,Bayonne,BRISTOL,"1,550 lds. pitwood-A. Capelle",A. Capelle,24,Mar,1895,11,May,1895,False,condensed,0.9,"Isbergues-Bayonne-1,550 lds. pitwood-A. Capelle"
18950511p.788_p001.txt,30,San José,Muros,BRISTOL,"1,000 lds. pitwood-Powley, Thomas, & Co.","Powley, Thomas, & Co.",24,Mar,1895,11,May,1895,True,condensed,0.9,"San José (s)-Muros-1,000 lds. pitwood-Powley, Thomas, & Co."
18950511p.788_p001.txt,31,Vindomora,Bordeaux,BRISTOL,"1,100 lds. pitwood-Powley, Thomas, & Co.","Powley, Thomas, & Co.",3,Mar,1895,11,May,1895,False,condensed,0.9,"3 Vindomora-Bordeaux-1,100 lds. pitwood-Powley, Thomas, & Co."
18950511p.788_p001.txt,32,Colynen,Bordeaux,BRISTOL,"1,750 lds. pitwood-Simkin Bros.",Simkin Bros.,3,Mar,1895,11,May,1895,False,condensed,0.9,"Colynen-Bordeaux-1,750 lds. pitwood-Simkin Bros."
18950511p.788_p001.txt,33,Boileau,Bordeaux,BRISTOL,"1,900 lds. hewn fir-Tapson & Co.",Tapson & Co.,4,Mar,1895,11,May,1895,False,condensed,0.9,"4 Boileau-Bordeaux-1,900 lds. hewn fir-Tapson & Co."
18950511p.788_p001.txt,34,Drott,Stockholm,BRISTOL,961 lds. boards and deals-Alexanders & Co.,Alexanders & Co.,6,Mar,1895,11,May,1895,False,condensed,0.9,6 Drott-Stockholm-961 lds. boards and deals-Alexanders & Co.
18950511p.788_p001.txt,35,Larpool,Bordeaux,BRISTOL,"1,400 lds. pitwood-Bailey, Thomas, & Co.","Bailey, Thomas, & Co.",6,Mar,1895,11,May,1895,False,condensed,0.9,"Larpool-Bordeaux-1,400 lds. pitwood-Bailey, Thomas, & Co."
18950511p.788_p001.txt,36,Racine,Bordeaux,BRISTOL,"1,600 lds. pitwood-Newport Pitwood Co.",Newport Pitwood Co.,6,Mar,1895,11,May,1895,True,condensed,0.9,"Racine (s)-Bordeaux-1,600 lds. pitwood-Newport Pitwood Co."
18950511p.788_p001.txt,39,Nornen,Skien,BRISTOL,236 lds. mining timber-John Roberts & Sons,John Roberts & Sons,6,Mar,1895,11,May,1895,False,condensed,0.9,Nornen-Skien-236 lds. mining timber-John Roberts & Sons
18950511p.788_p001.txt,42,Alexander,Fredrikshald,BRISTOL,"379 deals, 9 lds. hewn fir-Groom, Daniels, & Co.","Groom, Daniels, & Co.",6,Mar,1895,11,May,1895,False,condensed,0.9,"Alexander-Fredrikshald-379 deals, 9 lds. hewn fir-Groom, Daniels, & Co."
18950511p.788_p001.txt,45,Minerva,Calmar,COWES,404 lds. battens-Alex. Sharp & Co.,Alex. Sharp & Co.,6,Mar,1895,11,May,1895,False,condensed,1.0,Minerva-Calmar-404 lds. battens-Alex. Sharp & Co.
18950511p.788_p001.txt,48,Port Crawford,Portland,FLEETWOOD,"1,100 lds. deals-Crawford & Rowat",Crawford & Rowat,6,Mar,1895,11,May,1895,False,condensed,1.0,"Port Crawford-Portland-1,100 lds. deals-Crawford & Rowat"
18950511p.788_p001.txt,49,Procyon,Portland,FLEETWOOD,30 lds. boards-W. Noble,W. Noble,6,Mar,1895,11,May,1895,False,condensed,1.0,Procyon-Portland-30 lds. boards-W. Noble
18950511p.788_p001.txt,52,Brutus,Riga,GOOLE,"745 lds. deals and battens-Illingworth, Ingham, & Co.","Illingworth, Ingham, & Co.",6,Mar,1895,11,May,1895,False,condensed,0.9,"Brutus-Riga-745 lds. deals and battens-Illingworth, Ingham, & Co."
18950511p.788_p001.txt,53,Isle of Cyprus,Riga,GOOLE,"1,436 lds. deals and battens-Illingworth Ingham, & Co.","Illingworth Ingham, & Co.",6,Mar,1895,11,May,1895,False,condensed,0.9,"6 Isle of Cyprus-Riga-1,436 lds. deals and battens-Illingworth Ingham, & Co."
18950511p.788_p001.txt,56,Gozo,Danzig,GRIMSBY,75 lds. oak-Marshall & Atkinson 91 lds. oak,Marshall & Atkinson,6,Mar,1895,11,May,1895,True,condensed,0.9,Gozo (s)-Danzig-75 lds. oak-Marshall & Atkinson; 91 lds. oak
18950511p.788_p001.txt,57,Gozo,Danzig,GRIMSBY,108 lds. sleepers-Christie & Co.,Christie & Co.,6,Mar,1895,11,May,1895,True,condensed,0.9,Gozo (s)-Danzig-108 lds. sleepers-Christie & Co.
18950511p.788_p001.txt,58,MISSING_FROM_OCR,Gothenburg,GRIMSBY,"118 lds. deals and laths T. Wilson, Sons, & Co.",,6,Mar,1895,11,May,1895,False,condensed,0.9,"Gothenburg-118 lds. deals and laths T. Wilson, Sons, & Co."
18950511p.788_p001.txt,60,Satisfaction,Memel,GRIMSBY,"160 lds. deals, 299 lds. hewn fir-Marshall & Atkinson",Marshall & Atkinson,4,Mar,1895,11,May,1895,False,condensed,0.9,"4 Satisfaction-Memel-160 lds. deals, 299 lds. hewn fir-Marshall & Atkinson"
18950511p.788_p001.txt,63,Ellida,Falkenberg,GRIMSBY,96 lds. props-W. Pearson & Co.,W. Pearson & Co.,4,Mar,1895,11,May,1895,False,condensed,0.9,Ellida-Falkenberg-96 lds. props-W. Pearson & Co.
18950511p.788_p001.txt,64,Alfred,Memel,GRIMSBY,180 lds. oak staves-Pickford & Co.,Pickford & Co.,4,Mar,1895,11,May,1895,False,condensed,0.9,Alfred-Memel-180 lds. oak staves-Pickford & Co.
18950511p.788_p001.txt,65,Atlantic,Carlscrona,GRIMSBY,268 lds. props-Pedersen,Pedersen,4,Mar,1895,11,May,1895,False,condensed,0.9,4 Atlantic-Carlscrona-268 lds. props-Pedersen
18950511p.788_p001.txt,66,Neptun,Halmstad,GRIMSBY,395 lds. props-E. Pritchard,E. Pritchard,4,Mar,1895,11,May,1895,True,condensed,0.9,Neptun (s)-Halmstad-395 lds. props-E. Pritchard
18950511p.788_p001.txt,67,Marin,Calmar,GRIMSBY,50 lds. props-Hessler & Co. 125 lds. props-G. Bradley & Co.,Hessler & Co.,4,Mar,1895,11,May,1895,False,condensed,0.9,Marin-Calmar-50 lds. props-Hessler & Co.; 125 lds. props-G. Bradley & Co.
18950511p.788_p001.txt,68,Irma,Calmar,GRIMSBY,204 lds. props-Hessler & Co.,Hessler & Co.,4,Mar,1895,11,May,1895,False,condensed,0.9,Irma-Calmar-204 lds. props-Hessler & Co.
18950511p.788_p001.txt,69,Albert,Calmar,GRIMSBY,200 lds. props-W. D. Coxon,W. D. Coxon,4,Mar,1895,11,May,1895,False,condensed,0.9,Albert-Calmar-200 lds. props-W. D. Coxon
18950511p.788_p001.txt,70,Tufing,Oscarshamn,GRIMSBY,160 lds. props-Pedersen,Pedersen,6,Mar,1895,11,May,1895,False,condensed,0.9,6 Tufing-Oscarshamn-160 lds. props-Pedersen
18950511p.788_p001.txt,71,Hugo,Carlscrona,GRIMSBY,228 lds. props-Pedersen,Pedersen,6,Mar,1895,11,May,1895,False,condensed,0.9,Hugo-Carlscrona-228 lds. props-Pedersen
18950511p.788_p001.txt,72,Gipsy Queen,Gothenburg,GRIMSBY,"67 lds. deals, lds. deals and battens, 50 lds. sleepers, 70 lds. props-Barraclough",Barraclough,6,Mar,1895,11,May,1895,False,condensed,0.9,"Gipsy Queen-Gothenburg-67 lds. deals, lds. deals and battens, 50 lds. sleepers, 70 lds. props-Barraclough"
18950511p.788_p001.txt,77,Sappho,Stockholm,GRIMSBY,320 lds. deals-Toogood & Co.,Toogood & Co.,6,Mar,1895,11,May,1895,True,condensed,0.9,Sappho (s)-Stockholm-320 lds. deals-Toogood & Co.
18950511p.788_p001.txt,78,Gozo,Danzig,GRIMSBY,66 pcs. oak-Laverack,Laverack,3,Mar,1895,11,May,1895,True,condensed,0.9,3 Gozo (s)-Danzig-66 pcs. oak-Laverack
18950511p.788_p001.txt,79,Charkow,Libau,GRIMSBY,"53 wainscot logs-Ward & Oliver 13,146 oak spokes-Morfitt",Ward & Oliver,4,Mar,1895,11,May,1895,True,condensed,0.9,"4 Charkow (s)-Libau-53 wainscot logs-Ward & Oliver; 13,146 oak spokes-Morfitt"
18950511p.788_p001.txt,80,Ariosto,Gothenburg,GRIMSBY,"23 bgs. bobbins-T. Wilson, Sons, & Co. 18 bgs. bobbins-J. Daglish; 650 bdls. laths-Broadbent & Gresham; 2,439 bdls. laths-T. W. Allen; 1,000 bdls. laths-Heaven & Kesterton; 1,300 bdls. laths-M. Chaplin; 1,150 bdls. laths-J. H. Wilson; 1,000 bdls. laths-Aire & Calder Co.; 1,000 bdls. laths-Hewetson & Lambert; 7,995 pit props-Chas. Wells & Co.; 2,777 birch props-T. W. Allen","T. Wilson, Sons, & Co.",6,Mar,1895,11,May,1895,True,condensed,0.9,"6 Ariosto (s)-Gothenburg-23 bgs. bobbins-T. Wilson, Sons, & Co.; 18 bgs. bobbins-J. Daglish; 650 bdls. laths-Broadbent & Gresham; 2,439 bdls. laths-T. W. Allen; 1,000 bdls. laths-Heaven & Kesterton; 1,300 bdls. laths-M. Chaplin; 1,150 bdls. laths-J. H. Wilson; 1,000 bdls. laths-Aire & Calder Co.; 1,000 bdls. laths-Hewetson & Lambert; 7,995 pit props-Chas. Wells & Co.; 2,777 birch props-T. W. Allen"
18950511p.788_p001.txt,82,Pluto,Halmstad,GRIMSBY,"402 bdls. laths, 31 bdls. scantlings-H. Newsum, Sons, & Co. 5,402 pcs. square timber Chas. Wells & Co.","H. Newsum, Sons, & Co.",6,Mar,1895,11,May,1895,True,condensed,0.9,"Pluto (s)-Halmstad-402 bdls. laths, 31 bdls. scantlings-H. Newsum, Sons, & Co.; 5,402 pcs. square timber Chas. Wells & Co."
18950511p.788_p001.txt,83,Alma,Bergqvara,GRIMSBY,"10,823 pit props-Pyman",Pyman,2,Mar,1895,11,May,1895,False,condensed,0.9,"2 Alma-Bergqvara-10,823 pit props-Pyman"
18950511p.788_p001.txt,84,Gotland,Oscarshamn,GRIMSBY,"14,137 pit props-Pyman",Pyman,3,Mar,1895,11,May,1895,False,condensed,0.9,"3 Gotland-Oscarshamn-14,137 pit props-Pyman"
18950511p.788_p001.txt,85,Esmeralda,Bergqvara,GRIMSBY,"11,992 pit props-Pyman, Bell, & Co.","Pyman, Bell, & Co.",3,Mar,1895,11,May,1895,False,condensed,0.9,"Esmeralda-Bergqvara-11,992 pit props-Pyman, Bell, & Co."
18950511p.788_p001.txt,86,Emil,Oscarshamn,GRIMSBY,"19,326 pit props-Wells",Wells,3,Mar,1895,11,May,1895,False,condensed,0.9,"Emil-Oscarshamn-19,326 pit props-Wells"
18950511p.788_p001.txt,87,Hilma,Holmestrand,GRIMSBY,"12,052 pit props-Pyman",Pyman,4,Mar,1895,11,May,1895,False,condensed,0.9,"4 Hilma-Holmestrand-12,052 pit props-Pyman"
18950511p.788_p001.txt,88,Blanche,Calmar,GRIMSBY,"18,651 pit props Chas. Wells",,4,Mar,1895,11,May,1895,False,condensed,0.9,"Blanche-Calmar-18,651 pit props Chas. Wells"
18950511p.788_p001.txt,89,Augusta,Calmar,GRIMSBY,"6,977 pit props-Chas. Wells",Chas. Wells,4,Mar,1895,11,May,1895,False,condensed,0.9,"Augusta-Calmar-6,977 pit props-Chas. Wells"
18950511p.788_p001.txt,90,Bravo,Westervik,GRIMSBY,"13,087 pit props-Wells",Wells,6,Mar,1895,11,May,1895,False,condensed,0.9,"6 Bravo-Westervik-13,087 pit props-Wells"
18950511p.788_p001.txt,91,Martello,Boston,GRIMSBY,"2,400 staves; from New York",,6,Mar,1895,11,May,1895,True,condensed,0.9,"Martello (s)-Boston-2,400 staves; from New York-200 pcs. lumber, 1,746 pcs. oak, 10,175 staves-T. Wilson, Sons, & Co."
18950511p.788_p001.txt,92,Tyr,Figeholm,GRIMSBY,"9,485 pit props-Pyman",Pyman,6,Mar,1895,11,May,1895,False,condensed,0.9,"Tyr-Figeholm-9,485 pit props-Pyman"
18950511p.788_p001.txt,93,Maitlands,Riga,GRIMSBY,"26 fms. firewood-J. T. Russell 85,592 deals, &c.-M. Chaplin, T. W. Allen, and Tealby & Co.",J. T. Russell,7,Mar,1895,11,May,1895,True,condensed,0.9,"7 Maitlands (s)-Riga-26 fms. firewood-J. T. Russell; 85,592 deals, &c.-M. Chaplin, T. W. Allen, and Tealby & Co."
18950511p.788_p001.txt,94,Amy,Calmar,GRIMSBY,"15,665 pit props-Wells",Wells,7,Mar,1895,11,May,1895,False,condensed,0.9,"Amy-Calmar-15,665 pit props-Wells"
18950511p.788_p001.txt,95,Zuleima,Carlscrona,GRIMSBY,"26,591 pit props-Pyman",Pyman,7,Mar,1895,11,May,1895,False,condensed,0.9,"Zuleima-Carlscrona-26,591 pit props-Pyman"
18950511p.788_p001.txt,96,Gertrud,Calmar,GRIMSBY,"7,178 pit props-Wells & Co.",Wells & Co.,7,Mar,1895,11,May,1895,False,condensed,0.9,"Gertrud-Calmar-7,178 pit props-Wells & Co."
18950511p.788_p001.txt,97,Ebba,Calmar,GRIMSBY,"7,025 pit props-E. Pritchard 2,042 birch props-T. W. Allen",E. Pritchard,7,Mar,1895,11,May,1895,False,condensed,0.9,"Ebba-Calmar-7,025 pit props-E. Pritchard; 2,042 birch props-T. W. Allen"
18950511p.788_p001.txt,99,European,Amsterdam,GRIMSBY,9 pks. wood-T. F. Bell & Co.,T. F. Bell & Co.,7,Mar,1895,11,May,1895,True,condensed,0.9,European (s)-Amsterdam-9 pks. wood-T. F. Bell & Co.
18950511p.788_p001.txt,101,Cato,Danzig,QUEEN'S DOCK,84 pcs. oak-Laverack,Laverack,7,Mar,1895,11,May,1895,True,condensed,1.0,Cato (s)-Danzig-84 pcs. oak-Laverack
18950511p.788_p001.txt,103,Tasso,Drontheim,QUEEN'S DOCK,"2,620 bdls. boards-T. Wilson",T. Wilson,7,Mar,1895,11,May,1895,True,condensed,1.0,"Tasso (s)-Drontheim-2,620 bdls. boards-T. Wilson"
18950511p.788_p001.txt,104,Angelo,Christiania,QUEEN'S DOCK,692 pcs. round mining timber-Henry Smith & Co.,Henry Smith & Co.,7,Mar,1895,11,May,1895,True,condensed,1.0,Angelo (s)-Christiania-692 pcs. round mining timber-Henry Smith & Co.
18950511p.788_p001.txt,106,Astrea,Hango,GRIMSBY (QUEEN'S DOCK),96 pks. bobbins-John Good & Sons,John Good & Sons,7,Mar,1895,11,May,1895,True,condensed,0.9,Astrea (s)-Hango-96 pks. bobbins-John Good & Sons
18950511p.788_p001.txt,107,Thor,Halmstad,GRIMSBY (QUEEN'S DOCK),"1,619 pcs. square timber, 911 pit props Charles Wells & Co.",,7,Mar,1895,11,May,1895,False,condensed,0.9,"Thor-Halmstad-1,619 pcs. square timber, 911 pit props Charles Wells & Co."
18950511p.788_p001.txt,108,Cadeby,Riga,GRIMSBY (QUEEN'S DOCK),"31 c. fms. firewood, 9,453 battens, 6,760 deals, 35,954 ends-R. Wade, Sons, & Co., T. W. Allen, Thornham, Reynoldson, & Co.","R. Wade, Sons, & Co., T. W. Allen, Thornham, Reynoldson, & Co.",7,Mar,1895,11,May,1895,True,condensed,0.9,"Cadeby (s)-Riga-31 c. fms. firewood, 9,453 battens, 6,760 deals, 35,954 ends-R. Wade, Sons, & Co., T. W. Allen, Thornham, Reynoldson, & Co."
18950511p.788_p001.txt,109,Minerva,Christiania,GRIMSBY (QUEEN'S DOCK),"qty. poles-R. Wade, Sons, & Co. 4,123 birch props-T. W. Allen; 9,352 pit props-Henry Smith & Co.","R. Wade, Sons, & Co.",7,Mar,1895,11,May,1895,False,condensed,0.9,"7 Minerva-Christiania-qty. poles-R. Wade, Sons, & Co.; 4,123 birch props-T. W. Allen; 9,352 pit props-Henry Smith & Co."
18950511p.788_p001.txt,112,Marie,Gothenburg,GRIMSBY (QUEEN'S DOCK),"27 lds. battens, 267 lds. boards, 29 lds. firewood-W. Brown",W. Brown,7,Mar,1895,11,May,1895,False,condensed,0.9,"Marie-Gothenburg-27 lds. battens, 267 lds. boards, 29 lds. firewood-W. Brown"
18950511p.788_p001.txt,113,Adelgunde,Drammen,GRIMSBY (QUEEN'S DOCK),374 lds. floorings-W. R. Hewitt & Co.,W. R. Hewitt & Co.,7,Mar,1895,11,May,1895,False,condensed,0.9,Adelgunde-Drammen-374 lds. floorings-W. R. Hewitt & Co.
18950511p.788_p001.txt,116,Albert,Fredrikstad,GRIMSBY (QUEEN'S DOCK),264 lds. fir boards-W. Huntington,W. Huntington,7,Mar,1895,11,May,1895,False,condensed,0.9,Albert-Fredrikstad-264 lds. fir boards-W. Huntington
18950511p.788_p001.txt,120,Sachem,Boston,LIVERPOOL,"1,191 pine deals",,7,Mar,1895,11,May,1895,True,condensed,0.9,"Sachem (s)-Boston-1,191 pine deals"
18950511p.788_p001.txt,121,Numidian,Portland,LIVERPOOL,"150 cs. match splints-W. Morgan & Co. 200 cs. match splints-Patersen & Co.; 125 cs. match splints-J. Speck & Co.; 100 cs. match splints-D. Ogilvie & Co.; 229 cs. match splints-Collard, Kendall, & Co.; 39 cs. match splints, 217 pkgs. shooks-Irish Match Co.",W. Morgan & Co.,7,Mar,1895,11,May,1895,True,condensed,0.9,"7 Numidian (s)-Portland-150 cs. match splints-W. Morgan & Co.; 200 cs. match splints-Patersen & Co.; 125 cs. match splints-J. Speck & Co.; 100 cs. match splints-D. Ogilvie & Co.; 229 cs. match splints-Collard, Kendall, & Co.; 39 cs. match splints, 217 pkgs. shooks-Irish Match Co."
18950511p.788_p001.txt,122,Catalonia,Boston,LIVERPOOL,"4,000 staves-Drysdale Bros. 5,302 maple blocks-T. Mitchell",Drysdale Bros.,8,Mar,1895,11,May,1895,True,condensed,0.9,"8 Catalonia (s)-Boston-4,000 staves-Drysdale Bros.; 5,302 maple blocks-T. Mitchell"
18950511p.788_p001.txt,124,Grange,Konigsberg,LIVERPOOL,"10,460 red fir sleepers and sleeper blocks",,8,Mar,1895,11,May,1895,True,condensed,0.9,"Grange (s)-Konigsberg-10,460 red fir sleepers and sleeper blocks"
18950511p.788_p001.txt,126,Jupiter,Apalachicola,LIVERPOOL,"1,126 pcs. sawn pitch pine timber, 149 sawn pitch pine deals-Lightbound, Rigby, & Co.","Lightbound, Rigby, & Co.",8,Mar,1895,11,May,1895,False,condensed,0.9,"Jupiter-Apalachicola-1,126 pcs. sawn pitch pine timber, 149 sawn pitch pine deals-Lightbound, Rigby, & Co."
18950511p.788_p001.txt,128,Sleipner,Snaroen,LIVERPOOL,"66,079 bdls. sawn fir",,8,Mar,1895,11,May,1895,True,condensed,0.9,"Sleipner (s)-Snaroen-66,079 bdls. sawn fir"
18950511p.788_p001.txt,132,Wilhelmine,Fredrikstad,LONDON,"66,764 boards-Boyson & Slee 23 fms. firewood-Duus",Boyson & Slee,8,Mar,1895,11,May,1895,False,condensed,0.9,"Wilhelmine-Fredrikstad-66,764 boards-Boyson & Slee; 23 fms. firewood-Duus"
18950511p.788_p001.txt,133,Reform,Arendal,LONDON,221 fms. firewood-Tagart,Tagart,3,Mar,1895,11,May,1895,False,condensed,0.9,3 Reform-Arendal-221 fms. firewood-Tagart
18950511p.788_p001.txt,134,Margarethe,Memel,LONDON,"10,800 staves, 78 wainscotings, 83 pcs. timber, 149 timber ends",,3,Mar,1895,11,May,1895,False,condensed,0.9,"Margarethe-Memel-10,800 staves, 78 wainscotings, 83 pcs. timber, 149 timber ends"
18950511p.788_p001.txt,135,Campbell,Christiansand,LONDON,"39 fms. firewood, 37,343 scantlings",,3,Mar,1895,11,May,1895,False,condensed,0.9,"4 Campbell-Christiansand-39 fms. firewood, 37,343 scantlings"
18950511p.788_p001.txt,136,Avena,Uddevalla,LONDON,"2,450 bdls. mouldings, 720 doors, 51 pkgs. trellis",,3,Mar,1895,11,May,1895,True,condensed,0.9,"Avena (s)-Uddevalla-2,450 bdls. mouldings, 720 doors, 51 pkgs. trellis"
18950511p.788_p001.txt,137,Delta,Fredrikstad,LONDON,"43,022 boards, 35,344 bdls. caseboards, 31 fms. firewood",,3,Mar,1895,11,May,1895,False,condensed,0.9,"Delta-Fredrikstad-43,022 boards, 35,344 bdls. caseboards, 31 fms. firewood"
18950511p.788_p001.txt,138,Anna,Fredrikstad,LONDON,"83,018 boards, 90 fms. firewood",,3,Mar,1895,11,May,1895,False,condensed,0.9,"6 Anna-Fredrikstad-83,018 boards, 90 fms. firewood"
18950511p.788_p001.txt,139,Veritas,Fredrikstad,LONDON,"56,395 floorings-Boyson & Slee 40 fms. firewood-Duus",Boyson & Slee,3,Mar,1895,11,May,1895,True,condensed,0.9,"Veritas (s) - Fredrikstad - 56,395 floorings-Boyson & Slee; 40 fms. firewood-Duus"
18950511p.788_p001.txt,140,Juno,Memel,LONDON,"54,600 staves, 1,049 deals, 135 pcs. timber",,3,Mar,1895,11,May,1895,False,condensed,0.9,"7 Juno-Memel-54,600 staves, 1,049 deals, 135 pcs. timber"
18950511p.788_p001.txt,141,Bettys,Fredrikstad,LONDON,"110,150 boards, 1,270 bdls. boards, 62 poles, 93 rickers",,3,Mar,1895,11,May,1895,False,condensed,0.9,"8 Bettys-Fredrikstad-110,150 boards, 1,270 bdls. boards, 62 poles, 93 rickers"
18950511p.788_p001.txt,143,Orlando,Christiania,LONDON,"369 bags brush blocks-J. Keen 2,892 boards-Sampson & Co.; 5,200 bdls. boxboards-Gruner & Co.; 500 bdls. boxboards-North German Pitwood Co.; 1,834 bdls. boxboards-Foy, Morgan, & Co.; 2,000 bdls. boxboards",J. Keen,3,Mar,1895,11,May,1895,True,condensed,0.9,"Orlando (s)-Christiania-369 bags brush blocks-J. Keen; 2,892 boards-Sampson & Co.; 5,200 bdls. boxboards-Gruner & Co.; 500 bdls. boxboards-North German Pitwood Co.; 1,834 bdls. boxboards-Foy, Morgan, & Co.; 2,000 bdls. boxboards"
18950511p.788_p001.txt,144,Helena,Riga,LONDON,"95 stds. deals, 45 stds. lathwood",,3,Mar,1895,11,May,1895,True,condensed,0.9,"3 Helena (s)-Riga-95 stds. deals, 45 stds. lathwood"
18950511p.788_p001.txt,145,Frans,Stockholm,LONDON,"1,324 pcs. and pkgs. doors, 1,650 pkgs. mouldings 124 bdls.",,3,Mar,1895,11,May,1895,True,condensed,0.9,"Frans (s)-Stockholm-1,324 pcs. and pkgs. doors, 1,650 pkgs. mouldings 124 bdls."
18950511p.788_p001.txt,148,MISSING_FROM_OCR,Gothenburg,LONDON,"1,500 bdls. laths-T. Simmons & Co. 1,000 doors-Crow & Son; 6,750 blocks, 1,245 doors, 200 cs. boxes-Bryant & May; 1,800 bdls. blocks, 6,716 bdls. boxboards, 106 doz deals, 1 cs. joinery",T. Simmons & Co.,3,Mar,1895,11,May,1895,False,condensed,0.9,"Gothenburg-1,500 bdls. laths-T. Simmons & Co.; 1,000 doors-Crow & Son; 6,750 blocks, 1,245 doors, 200 cs. boxes-Bryant & May; 1,800 bdls. blocks, 6,716 bdls. boxboards, 106 doz deals, 1 cs. joinery"
18950511p.788_p001.txt,150,Presto,Stockholm,LONDON,"141 bdls. mouldings, 900 pcs. trellis",,3,Mar,1895,11,May,1895,True,condensed,0.9,"7 Presto (s)-Stockholm-141 bdls. mouldings, 900 pcs. trellis"
18950511p.788_p001.txt,152,Manitoba,New York,LONDON,"1,500 pcs. lumber",,3,Mar,1895,11,May,1895,True,condensed,0.9,"Manitoba (s)-New York-1,500 pcs. lumber"
18950511p.788_p001.txt,153,Richmond Hill,Boston,LONDON,"958 bdls, 1,045 pcs. wood, 2,576 pcs. lumber",,3,Mar,1895,11,May,1895,True,condensed,0.9,"Richmond Hill (s)-Boston-958 bdls, 1,045 pcs. wood, 2,576 pcs. lumber"
18950511p.788_p001.txt,154,Crown of Arragon,New York,LONDON,466 staves-J. Temperley & Co.,J. Temperley & Co.,4,Mar,1895,11,May,1895,True,condensed,0.9,4 Crown of Arragon (s)-New York-466 staves-J. Temperley & Co.
18950511p.788_p001.txt,155,Bank of Australasia,West Indies,LONDON,"198 planks, 16 fogs",,4,Mar,1895,11,May,1895,True,condensed,0.9,"Bank of Australasia (s)-West Indies-198 planks, 16 fogs"
18950511p.788_p001.txt,156,Sibun,West Indies,LONDON,"1,186 pine deals, 7 scantlings, 586 spruce boards, 156 birch ends; from Halifax",,6,Mar,1895,11,May,1895,True,condensed,0.9,"6 Sibun (s)-West Indies-1,186 pine deals, 7 scantlings, 586 spruce boards, 156 birch ends; from Halifax-594 wooden planks, 1 cs. splints-Bryant & May"
18950511p.788_p001.txt,157,Damara,Stettin,LONDON,327 lds. hewn oak-Griggs & Co.,Griggs & Co.,6,Mar,1895,11,May,1895,True,condensed,0.9,Damara (s)-Stettin-327 lds. hewn oak-Griggs & Co.
18950511p.788_p001.txt,161,Brunette,Sydney,LONDON,"1 cs. timber H. W. Wade, Sons, & Co.",,6,Mar,1895,11,May,1895,True,condensed,0.9,"Brunette (s)-Sydney-1 cs. timber H. W. Wade, Sons, & Co."
18950511p.788_p001.txt,162,Annie,Danzig,LONDON,"587 pcs. timber, 52 oak logs",,6,Mar,1895,11,May,1895,True,condensed,0.9,"Annie (s)-Danzig-587 pcs. timber, 52 oak logs"
18950511p.788_p001.txt,163,Rossini,Danzig,LONDON,419 sleepers-Burt,Burt,6,Mar,1895,11,May,1895,True,condensed,0.9,Rossini (s)-Danzig-419 sleepers-Burt
18950511p.788_p001.txt,164,Paramatta,Danzig,LONDON,"495 sleepers-Block, Hammond & Co.","Block, Hammond & Co.",6,Mar,1895,11,May,1895,True,condensed,0.9,"6 Paramatta (s)-Danzig-495 sleepers-Block, Hammond & Co."
18950511p.788_p001.txt,167,Deutschland,Stettin,LYNN,345 lds. hewn oak-J. Griggs,J. Griggs,6,Mar,1895,11,May,1895,False,condensed,1.0,Deutschland-Stettin-345 lds. hewn oak-J. Griggs
18950511p.788_p001.txt,168,Die Krone,Stettin,LYNN,327 lds. hewn oak-Griggs & Co.,Griggs & Co.,6,Mar,1895,11,May,1895,False,condensed,1.0,Die Krone-Stettin-327 lds. hewn oak-Griggs & Co.
18950511p.788_p001.txt,169,Bobsien Kagsdorf,Stettin,LYNN,417 lds. hewn oak-Griggs & Co.,Griggs & Co.,6,Mar,1895,11,May,1895,False,condensed,1.0,Bobsien Kagsdorf-Stettin-417 lds. hewn oak-Griggs & Co.
18950511p.788_p001.txt,170,Courier,Stettin,LYNN,260 lds. hewn oak-Griggs,Griggs,6,Mar,1895,11,May,1895,False,condensed,1.0,Courier-Stettin-260 lds. hewn oak-Griggs
18950511p.788_p001.txt,173,Julia,Danzig,LYNN,"1,753 logs timber, 992 crossings-May & Hassell",May & Hassell,6,Mar,1895,11,May,1895,False,condensed,0.9,"Julia-Danzig-1,753 logs timber, 992 crossings-May & Hassell"
18950511p.788_p001.txt,177,Biela,New York,LYNN,"2,100 kegs 300 staves-R. Johnston, Clapham & Morris 104 pcs. timber-J. Kennedy & Co.; 18,288 pcs. timber-Farnworth & Jardine","R. Johnston, Clapham & Morris",6,Mar,1895,11,May,1895,True,condensed,0.9,"Biela (s)-New York-2,100 kegs 300 staves-R. Johnston, Clapham & Morris; 104 pcs. timber-J. Kennedy & Co.; 18,288 pcs. timber-Farnworth & Jardine"
18950511p.788_p001.txt,180,Figaro,Falkenberg,LYNN,175 lds. pit props-Calder & Co.,Calder & Co.,6,Mar,1895,11,May,1895,False,condensed,0.9,Figaro Falkenberg-175 lds. pit props-Calder & Co.
18950511p.788_p001.txt,181,Bernhardine,Stettin,LYNN,110 lds. hewn fir-Trotter,Trotter,6,Mar,1895,11,May,1895,False,condensed,0.9,Bernhardine-Stettin-110 lds. hewn fir-Trotter
18950511p.788_p001.txt,182,City Madras,San Francisco,LYNN,"1,112 doors-Trotter",Trotter,6,Mar,1895,11,May,1895,False,condensed,0.9,"City Madras-San Francisco-1,112 doors-Trotter"
18950511p.788_p001.txt,183,Emanuel,Danzig,LYNN,190 lds. sawn fir-Thubron & Co.,Thubron & Co.,6,Mar,1895,11,May,1895,False,condensed,0.9,Emanuel-Danzig-190 lds. sawn fir-Thubron & Co.
18950511p.788_p001.txt,184,Svartik,Gothenburg,LYNN,285 lds. pit props-Thorman,Thorman,2,Mar,1895,11,May,1895,False,condensed,0.9,2 Svartik-Gothenburg-285 lds. pit props-Thorman
18950511p.788_p001.txt,185,Ocano,Stettin,LYNN,129 lds. hewn oak-Short Bros.,Short Bros.,4,Mar,1895,11,May,1895,False,condensed,0.9,4 Ocano-Stettin-129 lds. hewn oak-Short Bros.
18950511p.788_p001.txt,186,Amor,Halmstad,LYNN,321 lds. pit props-Short Bros.,Short Bros.,4,Mar,1895,11,May,1895,False,condensed,0.9,Amor-Halmstad-321 lds. pit props-Short Bros.
18950511p.788_p001.txt,190,Francois,Port Launay,LYNN,110 lds. pitwood-John Jones & Co.,John Jones & Co.,4,Mar,1895,11,May,1895,False,condensed,0.9,Francois-Port Launay-110 lds. pitwood-John Jones & Co.
18950511p.788_p001.txt,191,Boncan,Bayonne,LYNN,"1,250 lds. pitwood-Davies & Co.",Davies & Co.,6,Mar,1895,11,May,1895,False,condensed,0.9,"6 Boncan-Bayonne-1,250 lds. pitwood-Davies & Co."
18950511p.788_p001.txt,192,Marie Celine,Le Palais,LYNN,120 lds. pitwood-Davies & Co.,Davies & Co.,6,Mar,1895,11,May,1895,False,condensed,0.9,Marie Celine-Le Palais-120 lds. pitwood-Davies & Co.
18950511p.788_p001.txt,195,Haabet,Porsgrund,LYNN,112 lds. hewn fir-Horssen,Horssen,6,Mar,1895,11,May,1895,False,condensed,0.9,Haabet-Porsgrund-112 lds. hewn fir-Horssen
18950511p.788_p001.txt,196,William,Laurvig,LYNN,100 lds. sawn fir-rated sawn fir,rated sawn fir,4,Mar,1895,11,May,1895,False,condensed,0.9,4 William-Laurvig-100 lds. sawn fir-rated sawn fir
18950511p.788_p001.txt,202,Francois Fowey,Paimpol,LYNN,119 lds. pitwood-Calder & Co.,Calder & Co.,4,Mar,1895,11,May,1895,False,condensed,0.9,Francois Fowey-Paimpol-119 lds. pitwood-Calder & Co.
18950511p.788_p001.txt,203,Wolf,Gothenburg,LYNN,234 lds. pit props-Calder & Co.,Calder & Co.,4,Mar,1895,11,May,1895,False,condensed,0.9,Wolf-Gothenburg-234 lds. pit props-Calder & Co.
18950511p.788_p001.txt,206,Jean Baptiste,Aagaardstrand,TYNE,"25,444 props",,4,Mar,1895,11,May,1895,False,condensed,1.0,"Jean Baptiste-Aagaardstrand-25,444 props,"
18950511p.788_p001.txt,207,Admiral,Hamburg,TYNE,4 cs. mouldings-Tyne Steamship Co.,Tyne Steamship Co.,4,Mar,1895,11,May,1895,True,condensed,1.0,Admiral (s)-Hamburg-4 cs. mouldings-Tyne Steamship Co.
18950511p.788_p001.txt,209,Nagaden,Grimstad,TYNE,"9,487 battens-Hansen",Hansen,3,Mar,1895,11,May,1895,False,condensed,1.0,"3 Nagaden-Grimstad-9,487 battens-Hansen"
18950511p.788_p001.txt,210,Christine,Uddevalla,TYNE,"36,397 pit props",,3,Mar,1895,11,May,1895,False,condensed,0.9,"4 Christine-Uddevalla-36,397 pit props"
18950511p.788_p001.txt,211,John Ormston,Rotterdam,TYNE,6 cs. woodware,,3,Mar,1895,11,May,1895,True,condensed,0.9,"John Ormston (s)-Rotterdam-6 cs. woodware-1,830 bdls hoops-Tyne Steamship Co."
18950511p.788_p001.txt,212,Tvende,Famillier,TYNE,"Christiansand 8,026 props",,3,Mar,1895,11,May,1895,False,condensed,0.9,"Tvende Famillier-Christiansand 8,026 props"
18950511p.788_p001.txt,213,Patria,Arendal,TYNE,"28,099 props-Pyman, Bell & Co.","Pyman, Bell & Co.",3,Mar,1895,11,May,1895,False,condensed,0.9,"Patria-Arendal-28,099 props-Pyman, Bell & Co."
18950511p.788_p001.txt,214,Knuthenborg,Odense,TYNE,10 cks. staves,,3,Mar,1895,11,May,1895,False,condensed,0.9,Knuthenborg-Odense-10 cks. staves
18950511p.788_p001.txt,215,Constantin,Copenhagen,TYNE,10 bdls.,,3,Mar,1895,11,May,1895,True,condensed,0.9,Constantin (s)-Copenhagen-10 bdls.
18950511p.788_p001.txt,216,Frans von Mathies,Memel,TYNE,"6,183 deals",,3,Mar,1895,11,May,1895,False,condensed,0.9,"Frans von Mathies-Memel-6,183 deals"
18950511p.788_p001.txt,217,Richmond Hill,New York,TYNE,"92 cs. woodware-Withy. & Co. 774 pcs. lumber, 870 logs, 1,055 pcs. oak, 10 logs, 1 cs. mouldings, 28 cs. woodware-J. Cooke & Co.",Withy. & Co.,3,Mar,1895,11,May,1895,True,condensed,0.9,"Richmond Hill (s)-New York-92 cs. woodware-Withy. & Co.; 774 pcs. lumber, 870 logs, 1,055 pcs. oak, 10 logs, 1 cs. mouldings, 28 cs. woodware-J. Cooke & Co."
18950511p.788_p001.txt,218,Frederik VI.,Kragero,TYNE,"11,568 props-Mathwin & Son",Mathwin & Son,3,Mar,1895,11,May,1895,False,condensed,0.9,"Frederik VI.-Kragero-11,568 props-Mathwin & Son"
18950511p.788_p001.txt,219,Hagin,Gothenburg,TYNE,"90 lds deals and tens, 130 lds. props, 30 sleepers Or lds. poles-J. Scott & Son",J. Scott & Son,3,Mar,1895,11,May,1895,True,condensed,0.9,"Hagin (s)-Gothenburg-90 lds deals and tens, 130 lds. props, 30 sleepers Or lds. poles-J. Scott & Son"
18950511p.788_p001.txt,220,Anton,Holmestrand,TYNE,150 lds. spars-Isaacson & Co 50 lds props-Osbeck & Co,Isaacson & Co,3,Mar,1895,11,May,1895,False,condensed,0.9,Anton-Holmestrand-150 lds. spars-Isaacson & Co; 50 lds props-Osbeck & Co
18950511p.788_p001.txt,221,Sterling,Christiania,TYNE,13 lds. poles,,3,Mar,1895,11,May,1895,True,condensed,0.9,Sterling (s)-Christiania-13 lds. poles
18950511p.788_p001.txt,222,MISSING_FROM_OCR,Skien,TYNE,38 lds. battens from Fredrikstad-22 lds. boards-J. Scott & Son,,3,Mar,1895,11,May,1895,False,condensed,0.9,Skien-38 lds. battens-Order; from Fredrikstad-22 lds. boards-J. Scott & Son
18950511p.788_p001.txt,223,National,Dunkirk,TYNE,4 fms. fir poles,,3,Mar,1895,11,May,1895,True,condensed,0.9,National (s)-Dunkirk-4 fms. fir poles
18950511p.788_p001.txt,224,Porato,Arendal,TYNE,"36,808 pcs. fir wood-Pyman",Pyman,3,Mar,1895,11,May,1895,False,condensed,0.9,"Porato-Arendal-36,808 pcs. fir wood-Pyman"
18950511p.788_p001.txt,227,Eintracht,Stettin,TYNE,238 lds. hewn fir-English Bros.,English Bros.,3,Mar,1895,11,May,1895,False,condensed,0.9,Eintracht-Stettin-238 lds. hewn fir-English Bros.
18950511p.788_p001.txt,228,Andreas,Christiania,TYNE,203 lds. hewn fir-English Bros.,English Bros.,3,Mar,1895,11,May,1895,False,condensed,0.9,Andreas-Christiania-203 lds. hewn fir-English Bros.
18950511p.788_p001.txt,231,Roskva,Fredrikshald,TYNE,"233 lds. boards and battens, 8 lds. firewood, 12 lds. spars-A & W. Cushion",A & W. Cushion,3,Mar,1895,11,May,1895,False,condensed,0.9,"Roskva-Fredrikshald-233 lds. boards and battens, 8 lds. firewood, 12 lds. spars-A & W. Cushion"
18950511p.788_p001.txt,232,Norton,Gothenburg,TYNE,438 lds. boards-Rayner,Rayner,4,Mar,1895,11,May,1895,False,condensed,0.9,4 Norton-Gothenburg-438 lds. boards-Rayner
18950511p.788_p001.txt,233,Adolph Friedrich,Stettin,TYNE,"54 lds. hewn fir, lds. oak-Jewson & Sons",Jewson & Sons,4,Mar,1895,11,May,1895,False,condensed,0.9,"Adolph Friedrich-Stettin-54 lds. hewn fir, lds. oak-Jewson & Sons"
18950511p.788_p001.txt,234,Augusta,Mobile,TYNE,"129 lds. hewn pitch pine, 80 lds. sawn pitch pine-T. Saul & Son",T. Saul & Son,4,Mar,1895,11,May,1895,False,condensed,0.9,"Augusta-Mobile-129 lds. hewn pitch pine, 80 lds. sawn pitch pine-T. Saul & Son"
18950511p.788_p001.txt,235,Catherine,Westervik,TYNE,231 lds. battens and boards-T Saul & Son,T Saul & Son,4,Mar,1895,11,May,1895,False,condensed,0.9,Catherine-Westervik-231 lds. battens and boards-T Saul & Son
18950511p.788_p001.txt,239,Fiorella,Sapelo,TYNE,"1,077 lds. hewn fir-Dixon & Sons",Dixon & Sons,4,Mar,1895,11,May,1895,False,condensed,0.9,"Fiorella-Sapelo-1,077 lds. hewn fir-Dixon & Sons"
18950511p.788_p001.txt,241,Lord Charlemont,Baltimore,TYNE,170 bdls. white wood lds-Lytle & Pollock,Lytle & Pollock,2,Mar,1895,11,May,1895,False,condensed,0.9,2 Lord Charlemont-Baltimore-170 bdls. white wood lds-Lytle & Pollock
18950511p.788_p001.txt,242,Leon,Ghent,TYNE,"45 lds. hewn oak, 11 poplar logs, 321 oak boards-T. Dixon & Sons 768 bdls wainscots-Lytle & Pollock",T. Dixon & Sons,3,Mar,1895,11,May,1895,False,condensed,0.9,"3 Leon-Ghent-45 lds. hewn oak, 11 poplar logs, 321 oak boards-T. Dixon & Sons; 768 bdls wainscots-Lytle & Pollock"
18950511p.788_p001.txt,246,Paramatta,"St. John, N.B.",CORK,"1,370 lds. sawn fir-Deavis Bros.",Deavis Bros.,3,Mar,1895,11,May,1895,False,condensed,0.9,"Paramatta-St. John, N.B.-1,370 lds. sawn fir-Deavis Bros."
18950511p.788_p001.txt,249,Madura,St. John,DUBLIN,"43,711 deals-Graham",Graham,3,Mar,1895,11,May,1895,True,condensed,0.9,"Madura (s)-St. John-43,711 deals-Graham"
18950511p.788_p001.txt,250,Romsdalen,Baltimore,DUBLIN,"3,049 pcs. oak",,3,Mar,1895,11,May,1895,False,condensed,0.9,"4 Romsdalen-Baltimore-3,049 pcs. oak"
18950511p.788_p001.txt,251,Romsdalen,Memel,DUBLIN,911 pcs. timber-Ramsay,Ramsay,6,Mar,1895,11,May,1895,False,condensed,0.9,6 Romsdalen-Memel-911 pcs. timber-Ramsay
18950511p.788_p001.txt,254,Freys,Drammen,LONDONDERRY,307 lds. sawn fir-J. Ballantine,J. Ballantine,6,Mar,1895,11,May,1895,False,condensed,1.0,Freys-Drammen-307 lds. sawn fir-J. Ballantine
18950511p.788_p002.txt,3,Figaro,Falkenberg,LONDONDERRY,175 lds. pit props-C. Calder & Co.,C. Calder & Co.,6,Mar,1895,11,May,1895,False,condensed,0.9,Figaro Falkenberg-175 lds. pit props-C. Calder & Co.
18950511p.788_p002.txt,4,Bernhardine,Stettin,LONDONDERRY,110 lds. hewn fir-Trotter,Trotter,6,Mar,1895,11,May,1895,False,condensed,0.9,Bernhardine-Stettin-110 lds. hewn fir-Trotter
18950511p.788_p002.txt,5,City Madras,San Francisco,LONDONDERRY,"1,000 lds. firewood J. Griffiths",,6,Mar,1895,11,May,1895,False,condensed,0.9,"City Madras-San Francisco-1,000 lds. firewood J. Griffiths"
18950511p.788_p002.txt,6,Emanuel,Danzig,LONDONDERRY,190 lds. sawn fir-Thubron & Co.,Thubron & Co.,2,Mar,1895,11,May,1895,False,condensed,0.9,2 Emanuel-Danzig-190 lds. sawn fir-Thubron & Co.
18950511p.788_p002.txt,7,Svartik,Gothenburg,LONDONDERRY,285 lds. pit props-Thorman,Thorman,3,Mar,1895,11,May,1895,False,condensed,0.9,3 Svartik-Gothenburg-285 lds. pit props-Thorman
18950511p.788_p002.txt,8,Ocean,Stettin,LONDONDERRY,"129 lds. hewn fir, 20 lds. hewn fir-Short Bros.",Short Bros.,4,Mar,1895,11,May,1895,False,condensed,0.9,"4 Ocean-Stettin-129 lds. hewn fir, 20 lds. hewn fir-Short Bros."
18950511p.788_p002.txt,9,Amor,Halmstad,LONDONDERRY,321 lds. pit props-R.,R.,4,Mar,1895,11,May,1895,False,condensed,0.9,Amor-Halmstad-321 lds. pit props-R.
18950511p.788_p002.txt,13,Frangois,Port Launay,LONDONDERRY,"1,000 lds. pit fir-John Jones & Co.",John Jones & Co.,4,Mar,1895,11,May,1895,False,condensed,0.9,"Frangois-Port Launay-1,000 lds. pit fir-John Jones & Co."
18950511p.788_p002.txt,14,Boncan,Bayonne,LONDONDERRY,"1,250 lds. pitwood-R.",R.,6,Mar,1895,11,May,1895,False,condensed,0.9,"6 Boncan-Bayonne-1,250 lds. pitwood-R."
18950511p.788_p002.txt,15,Le,Palais,LONDONDERRY,120 lds. pitwood-R.,R.,6,Mar,1895,11,May,1895,False,condensed,0.9,Le Palais-120 lds. pitwood-R.
18950511p.788_p002.txt,16,Marie Celine,Le Palais,LONDONDERRY,120 lds. pitwood-W. Davies & Co.,W. Davies & Co.,6,Mar,1895,11,May,1895,False,condensed,0.9,Marie Celine-Le Palais-120 lds. pitwood-W. Davies & Co.
18950511p.788_p002.txt,19,Tjolf,Fredrikshald,LONDONDERRY,334 lds. boards and battens-T. S. Baker,T. S. Baker,6,Mar,1895,11,May,1895,False,condensed,0.9,Tjolf-Fredrikshald-334 lds. boards and battens-T. S. Baker
18950511p.788_p002.txt,22,Jean Baptiste,Aasgaardstrand,TYNE,"21,350 props",,6,Mar,1895,11,May,1895,False,condensed,1.0,"Jean Baptiste-Aasgaardstrand-21,350 props"
18950511p.788_p002.txt,23,Rigel,Tvedestrand,TYNE,"25,444 props, 383 pcs. timber-Pyman, Bell, & Co.","Pyman, Bell, & Co.",2,Mar,1895,11,May,1895,False,condensed,1.0,"2 Rigel-Tvedestrand-25,444 props, 383 pcs. timber-Pyman, Bell, & Co."
18950511p.788_p002.txt,24,Admiral,Hamburg,TYNE,4 cs. mouldings-Tyne Steamship Co.,Tyne Steamship Co.,3,Mar,1895,11,May,1895,True,condensed,1.0,3 Admiral (s)-Hamburg-4 cs. mouldings-Tyne Steamship Co.
18950511p.788_p002.txt,25,Najaden,Grimstad,TYNE,"9,487 battens-Osbeck",Osbeck,4,Mar,1895,11,May,1895,False,condensed,1.0,"4 Najaden-Grimstad-9,487 battens-Osbeck"
18950511p.788_p002.txt,26,Christine,Uddevalla,TYNE,"36,397 pit props",,6,Mar,1895,11,May,1895,True,condensed,0.9,"6 Christine-Uddevalla-36,397 pit props-John Ormston (s)-Rotterdam-61 bdls. hoops, 1,820 bdls hoops-Tyne Steamship Co."
18950511p.788_p002.txt,27,Tvende Familier,Christiansand,TYNE,"20,000 props, 687 props",,6,Mar,1895,11,May,1895,False,condensed,0.9,"Tvende Familier-Christiansand-20,000 props, 687 props"
18950511p.788_p002.txt,28,Patria,Arendal,TYNE,"28,099 props-Pyman, Bell, & Co.","Pyman, Bell, & Co.",6,Mar,1895,11,May,1895,False,condensed,0.9,"Patria-Arendal-28,099 props-Pyman, Bell, & Co."
18950511p.788_p002.txt,29,Knuthenborg,Odense,TYNE,"10 cks. staves-Furness, Withy, & Co.","Furness, Withy, & Co.",6,Mar,1895,11,May,1895,False,condensed,0.9,"Knuthenborg-Odense-10 cks. staves-Furness, Withy, & Co."
18950511p.788_p002.txt,30,Constantin,Copenhagen,TYNE,10 bdls. hoops,,6,Mar,1895,11,May,1895,True,condensed,0.9,Constantin (s)-Copenhagen-10 bdls. hoops
18950511p.788_p002.txt,31,Franz von Mathies,Memel,TYNE,"6,183 sleepers",,6,Mar,1895,11,May,1895,False,condensed,0.9,"Franz von Mathies-Memel-6,183 sleepers"
18950511p.788_p002.txt,32,Richmond Hill,New York,TYNE,"92 cs. mouldings, 1,055 pcs. oak, 10 logs oak, 292 mouldings, 28 cs. woodware-Furness, Withy, & Co. 774 pcs. lumber, 1 cs. lumber, 1,675 pcs. lumber-J. Cooke & Co.","Furness, Withy, & Co.",6,Mar,1895,11,May,1895,True,condensed,0.9,"Richmond Hill (s)-New York-92 cs. mouldings, 1,055 pcs. oak, 10 logs oak, 292 mouldings, 28 cs. woodware-Furness, Withy, & Co. ; 774 pcs. lumber, 1 cs. lumber, 1,675 pcs. lumber-J. Cooke & Co."
18950511p.788_p002.txt,33,Frederik VI.,Kragero,TYNE,"11,568 props-W. Mathwin & Son",W. Mathwin & Son,6,Mar,1895,11,May,1895,False,condensed,0.9,"Frederik VI. - Kragero-11,568 props-W. Mathwin & Son"
18950511p.788_p002.txt,34,Hugin,Gothenburg,TYNE,"90 lds deals and battens, 130 lds. props, 30 sleepers, 71 lds. poles-J. Scott & Son",J. Scott & Son,6,Mar,1895,11,May,1895,True,condensed,0.9,"Hugin (s)-Gothenburg-90 lds deals and battens, 130 lds. props, 30 sleepers, 71 lds. poles-J. Scott & Son"
18950511p.788_p002.txt,35,Anton,Holmestrand,TYNE,150 lds. props-H. Wilson & Co 50 lds props-Osbeck,H. Wilson & Co,6,Mar,1895,11,May,1895,False,condensed,0.9,Anton-Holmestrand-150 lds. props-H. Wilson & Co ; 50 lds props-Osbeck
18950511p.788_p002.txt,36,Sterling,Christiania,TYNE,15 lds. deals and battens-J. Scott & Son,J. Scott & Son,6,Mar,1895,11,May,1895,True,condensed,0.9,Sterling (s)-Christiania-15 lds. deals and battens-J. Scott & Son
18950511p.788_p002.txt,37,MISSING_FROM_OCR,Fredrikstad,TYNE,"2,005 wood boards-J. Scott & Son",J. Scott & Son,6,Mar,1895,11,May,1895,False,condensed,0.9,"Fredrikstad-2,005 wood boards-J. Scott & Son"
18950511p.788_p002.txt,38,National,Dunkirk,TYNE,4 frs. firewood,,6,Mar,1895,11,May,1895,True,condensed,0.9,National (s)-Dunkirk-4 frs. firewood
18950511p.788_p002.txt,39,Porato,Arendal,TYNE,"36,808 pcs. fir props-Wood-Order",Wood-Order,6,Mar,1895,11,May,1895,False,condensed,0.9,"Porato-Arendal-36,808 pcs. fir props-Wood-Order"
18950511p.788_p002.txt,42,Eintracht,Stettin,TYNE,"238 lds. hewn fir, 31 lds. hewn fir-English Bros.",English Bros.,6,Mar,1895,11,May,1895,False,condensed,0.9,"Eintracht-Stettin-238 lds. hewn fir, 31 lds. hewn fir-English Bros."
18950511p.788_p002.txt,43,Andreas,Christiania,TYNE,203 lds. hewn fir-English Bros.,English Bros.,6,Mar,1895,11,May,1895,False,condensed,0.9,Andreas-Christiania-203 lds. hewn fir-English Bros.
18950511p.788_p002.txt,46,Roskva,Fredrikshald,TYNE,"233 lds. boards and battens, 8 lds. firewood, 12 lds. firewood-A. & W. Cushion",A. & W. Cushion,6,Mar,1895,11,May,1895,False,condensed,0.9,"Roskva-Fredrikshald-233 lds. boards and battens, 8 lds. firewood, 12 lds. firewood-A. & W. Cushion"
18950511p.788_p002.txt,47,Norden,Gothenburg,TYNE,438 lds. boards-Ranson,Ranson,4,Mar,1895,11,May,1895,False,condensed,0.9,4 Norden-Gothenburg-438 lds. boards-Ranson
18950511p.788_p002.txt,48,Adolph Friedrich,Stettin,TYNE,"54 lds. hewn fir, 175 lds. oak-Jewson & Sons",Jewson & Sons,6,Mar,1895,11,May,1895,False,condensed,0.9,"6 Adolph Friedrich-Stettin-54 lds. hewn fir, 175 lds. oak-Jewson & Sons"
18950511p.788_p002.txt,49,Augusta,Mobile,TYNE,"129 lds. hewn pitch pine, 401 lds. sawn pitch pine-T. Saul & Son",T. Saul & Son,6,Mar,1895,11,May,1895,False,condensed,0.9,"Augusta-Mobile-129 lds. hewn pitch pine, 401 lds. sawn pitch pine-T. Saul & Son"
18950511p.788_p002.txt,50,Cathrine,Westervik,TYNE,231 lds. battens and boards-T. Saul & Son,T. Saul & Son,6,Mar,1895,11,May,1895,False,condensed,0.9,Cathrine-Westervik-231 lds. battens and boards-T. Saul & Son
18950511p.788_p002.txt,54,Fiorella,Sapelo,TYNE,"1,077 lds. hewn fir, 32 lds. sawn fir-T. Dixon & Sons",T. Dixon & Sons,6,Mar,1895,11,May,1895,False,condensed,0.9,"Fiorella-Sapelo-1,077 lds. hewn fir, 32 lds. sawn fir-T. Dixon & Sons"
18950511p.788_p002.txt,56,Lord Charlemont,Baltimore,TYNE,170 bdls. poplar wood bds.-Lytle & Pollock,Lytle & Pollock,2,Mar,1895,11,May,1895,False,condensed,0.9,2 Lord Charlemont-Baltimore-170 bdls. poplar wood bds.-Lytle & Pollock
18950511p.788_p002.txt,57,Lord Charlemont,Baltimore,TYNE,"510 elm planks, 2,000 walnut boards, 170 bdls. poplar wood, 45 lds. hewn oak, 11 poplar logs, 1,092 walnut planks, 909 maple boards, 482 maple squares-T. Dixon & Sons 768 bdls. white-pine-T. Thomsen",T. Dixon & Sons,2,Mar,1895,11,May,1895,False,condensed,0.9,"2 Lord Charlemont-Baltimore-510 elm planks, 2,000 walnut boards, 170 bdls. poplar wood, 45 lds. hewn oak, 11 poplar logs, 1,092 walnut planks, 909 maple boards, 482 maple squares-T. Dixon & Sons; 768 bdls. white-pine-T. Thomsen"
18950511p.788_p002.txt,61,Paramatta,"St. John, N.B.",CORK,"1,070 lds. sawn fir-Deavis Bros.",Deavis Bros.,2,Mar,1895,11,May,1895,False,condensed,0.9,"Paramatta-St. John, N.B.-1,070 lds. sawn fir-Deavis Bros."
18950511p.788_p002.txt,64,Madura,St. John,DUBLIN,"43,711 deals-R.",R.,2,Mar,1895,11,May,1895,True,condensed,0.9,"Madura (s)-St. John-43,711 deals-R."
18950511p.788_p002.txt,65,Lord Bangor,Baltimore,DUBLIN,"3,049 pcs. oak-R.",R.,6,Mar,1895,11,May,1895,False,condensed,0.9,"6 Lord Bangor-Baltimore-3,049 pcs. oak-R."
18950511p.788_p002.txt,66,Mietzing,Memel,DUBLIN,911 pcs. timber-Ramsay,Ramsay,8,Mar,1895,11,May,1895,False,condensed,0.9,8 Mietzing-Memel-911 pcs. timber-Ramsay
18950511p.788_p002.txt,69,Freya,Drammen,LONDONDERRY,307 lds. sawn fir-J. Ballantine,J. Ballantine,8,Mar,1895,11,May,1895,False,condensed,1.0,Freya-Drammen-307 lds. sawn fir-J. Ballantine
18950511p.788_p002.txt,87,Boston City,New York,BRISTOL,314 cedar planks-G. Adlam & Son,G. Adlam & Son,8,Mar,1895,11,May,1895,True,condensed,0.9,Boston City (s)-New York-314 cedar planks-G. Adlam & Son
18950511p.788_p002.txt,91,Jamaican,"Port Royal, S.C.",LIVERPOOL,"1,361 bdls. walnut squares, 4,214 bdls., 296 pcs. walnut, 2 cars, 262 bdls., 1,579 pcs. poplar",,8,Mar,1895,11,May,1895,True,condensed,0.9,"Jamaican (s)-Port Royal, S.C.-1,361 bdls. walnut squares, 4,214 bdls., 296 pcs. walnut, 2 cars, 262 bdls., 1,579 pcs. poplar"
18950511p.788_p002.txt,92,Runic,New York,LIVERPOOL,"569 pcs. oak-J. P. M'Arthur & Co. 1,058 pcs. oak-Duncan",J. P. M'Arthur & Co.,4,Mar,1895,11,May,1895,True,condensed,0.9,"4 Runic (s)-New York-569 pcs. oak-J. P. M'Arthur & Co. ; 1,058 pcs. oak-Duncan"
18950511p.788_p002.txt,93,Angloman,Boston,LIVERPOOL,"5,977 hhd., 879 brl., 320 pipe staves-Farnworth & Jardine 997 maple blocks-T. Silverwood; 4,210 maple blocks-M. Mitchell",Farnworth & Jardine,4,Mar,1895,11,May,1895,True,condensed,0.9,"Angloman (s)-Boston-5,977 hhd., 879 brl., 320 pipe staves-Farnworth & Jardine; 997 maple blocks-T. Silverwood; 4,210 maple blocks-M. Mitchell"
18950511p.788_p002.txt,94,Numidian,Portland,LIVERPOOL,"396 bdls. elm and maple blocks-Fairbanks W Co. 879 maple blocks-T. Silverwood ; 2,200 maple blocks-Mitchell Bros. ; 2,075 maple blocks-T. Mitchell",Fairbanks W Co.,7,Mar,1895,11,May,1895,True,condensed,0.9,"7 Numidian (s)-Portland-396 bdls. elm and maple blocks-Fairbanks W Co. ; 879 maple blocks-T. Silverwood ; 2,200 maple blocks-Mitchell Bros. ; 2,075 maple blocks-T. Mitchell"
18950511p.788_p002.txt,97,Roquelle,Assinee,COBURG DOCK,"20 logs mahogany-Symington & Co. 11 logs mahogany-F. & A. Swanzy ; 9 logs mahogany-Imperial West African Co. ; 6 logs mahogany-Horsfield & Co. ; 2 logs mahogany-Clucas & Son ; 1 log mahogany-Taylor & Co ; 1 log mahogany-Millward, Bradbury, & Co.",Symington & Co.,7,Mar,1895,11,May,1895,True,condensed,1.0,"Roquelle (s)-Assinee-20 logs mahogany-Symington & Co. ; 11 logs mahogany-F. & A. Swanzy ; 9 logs mahogany-Imperial West African Co. ; 6 logs mahogany-Horsfield & Co. ; 2 logs mahogany-Clucas & Son ; 1 log mahogany-Taylor & Co ; 1 log mahogany-Millward, Bradbury, & Co."
18950511p.788_p002.txt,100,Knight Templar,Bremerhaven,COBURG DOCK,"4 carloads oak-R. Coltart & Co. 78 logs hickory-C. Taylor, Sons, & Co. ; 5 carloads oak",R. Coltart & Co.,7,Mar,1895,11,May,1895,False,condensed,1.0,"Knight Templar-Bremerhaven-4 carloads oak-R. Coltart & Co. ; 78 logs hickory-C. Taylor, Sons, & Co. ; 5 carloads oak"
18950511p.788_p002.txt,101,Alava,Norfolk,LIVERPOOL (COBURG DOCK),"12 cs. spokes-E. Chaloner & Co. 9 pcs. oak, 38 walnut logs, 1,032 oak planks, 374 ash logs",E. Chaloner & Co.,7,Mar,1895,11,May,1895,True,condensed,0.9,"Alava (s)-Norfolk-12 cs. spokes-E. Chaloner & Co. ; 9 pcs. oak, 38 walnut logs, 1,032 oak planks, 374 ash logs"
18950511p.788_p002.txt,104,Sedgemore,Baltimore,LIVERPOOL (COBURG DOCK),"412 pcs. oak-A. Dobell & Co. 303 pcs. oak Farnworth & Jardine ; 937 pcs. oak-R. Coltart & Co. ; 307 pcs oak-Potts & Redhead ; 507 pcs. oak, 1,289 oak planks, 53 logs walnut, 3,650 walnut squares, 17 maple logs, 33 hickory logs, 9 poplar logs, 6,000 staves, 1,109 oak planks-Farnworth & Jardine",A. Dobell & Co.,7,Mar,1895,11,May,1895,True,condensed,0.9,"Sedgemore (s)-Baltimore-412 pcs. oak-A. Dobell & Co. ; 303 pcs. oak Farnworth & Jardine ; 937 pcs. oak-R. Coltart & Co. ; 307 pcs oak-Potts & Redhead ; 507 pcs. oak, 1,289 oak planks, 53 logs walnut, 3,650 walnut squares, 17 maple logs, 33 hickory logs, 9 poplar logs, 6,000 staves, 1,109 oak planks-Farnworth & Jardine"
18950511p.788_p002.txt,105,Kappahanock,Newport News,LIVERPOOL (COBURG DOCK),201 oak planks-Potts & Redhead 773 oak planks,Potts & Redhead,7,Mar,1895,11,May,1895,True,condensed,0.9,Kappahanock (s)-Newport News-201 oak planks-Potts & Redhead ; 773 oak planks
18950511p.788_p002.txt,109,Echo,Danzig,LONDON,"1,011 oak logs-May",May,7,Mar,1895,11,May,1895,True,condensed,0.9,"Echo (s)-Danzig-1,011 oak logs-May"
18950511p.788_p002.txt,112,Richmond Hill,New York,LONDON,"434 bdls. and pcs. lumber-H. Herrmann 1,267 logs mahogany-Galindez Bros. ; 2 cars lumber-Leary & Co. ; 942 pcs. lumber-G. Bicker ; 3,299 boards-Cobbett & Co.",H. Herrmann,7,Mar,1895,11,May,1895,True,condensed,0.9,"Richmond Hill (s)-New York-434 bdls. and pcs. lumber-H. Herrmann ; 1,267 logs mahogany-Galindez Bros. ; 2 cars lumber-Leary & Co. ; 942 pcs. lumber-G. Bicker ; 3,299 boards-Cobbett & Co."
18950511p.788_p002.txt,113,Appomattox,Newport News,LONDON,"2,739 pcs. lumber-C. Leary & Co. 10,337 pcs. lumber, 102 walnut logs",C. Leary & Co.,7,Mar,1895,11,May,1895,True,condensed,0.9,"Appomattox (s)-Newport News-2,739 pcs. lumber-C. Leary & Co. ; 10,337 pcs. lumber, 102 walnut logs"
18950511p.788_p002.txt,116,McGarel,Belize,LONDON,"458 logs, 60 log ends mahogany-W. Guild & Co. 49 logs, 1 log end, 2 slabs mahogany-Gonzalez, Byass, & Co. ; 89 logs, 5 fans mahogany-Belize Estate & Produce Co.",W. Guild & Co.,7,Mar,1895,11,May,1895,True,condensed,0.9,"McGarel (s)-Belize-458 logs, 60 log ends mahogany-W. Guild & Co. ; 49 logs, 1 log end, 2 slabs mahogany-Gonzalez, Byass, & Co. ; 89 logs, 5 fans mahogany-Belize Estate & Produce Co."
18950511p.788_p002.txt,117,Avanti,Rangoon,LONDON,"2,153 pcs. teak",,7,Mar,1895,11,May,1895,False,condensed,0.9,"Avanti-Rangoon-2,153 pcs. teak"
18950511p.793.txt,7,Thyra,Falkenberg,FULLY SECURED CREDITORS,129 lds. props-Love,Love,7,Mar,1895,11,May,1895,False,condensed,0.9,Thyra-Falkenberg-129 lds. props-Love
18950511p.793.txt,8,Hans,Halmstad,FULLY SECURED CREDITORS,198 lds. props-Love,Love,7,Mar,1895,11,May,1895,False,condensed,0.9,Hans-Halmstad-198 lds. props-Love
18950511p.793.txt,9,Frederikke,Halmstad,FULLY SECURED CREDITORS,147 lds. props,,7,Mar,1895,11,May,1895,False,condensed,0.9,Frederikke-Halmstad-147 lds. props
18950511p.793.txt,10,Harald,Halmstad,FULLY SECURED CREDITORS,150 lds. props-Kirkwood,Kirkwood,7,Mar,1895,11,May,1895,False,condensed,0.9,Harald-Halmstad-150 lds. props-Kirkwood
18950511p.793.txt,11,Vega,Halmstad,FULLY SECURED CREDITORS,112 lds. props-Love,Love,7,Mar,1895,11,May,1895,False,condensed,0.9,Vega-Halmstad-112 lds. props-Love
18950511p.793.txt,12,Bollie,Windau,FULLY SECURED CREDITORS,220 lds. props-Kirkwood,Kirkwood,7,Mar,1895,11,May,1895,False,condensed,0.9,Bollie-Windau-220 lds. props-Kirkwood
18950511p.793.txt,13,Sirius,Gothenburg,FULLY SECURED CREDITORS,250 lds. props-Kirkwood,Kirkwood,2,Mar,1895,11,May,1895,False,condensed,0.9,2 Sirius-Gothenburg-250 lds. props-Kirkwood
18950511p.793.txt,14,Anne Olga,Windau,FULLY SECURED CREDITORS,380 lds. props Rennie,,2,Mar,1895,11,May,1895,False,condensed,0.9,Anne Olga-Windau-380 lds. props Rennie
18950511p.793.txt,15,Condor,Porsgrund,FULLY SECURED CREDITORS,105 lds. props-Love,Love,2,Mar,1895,11,May,1895,False,condensed,0.9,Condor-Porsgrund-105 lds. props-Love
18950511p.793.txt,17,Urania,Kragero,FULLY SECURED CREDITORS,"170 lds. hewn fir, 23 lds. deals and battens, 8 lds. firewood-Valder",Valder,2,Mar,1895,11,May,1895,False,condensed,0.9,"Urania-Kragero-170 lds. hewn fir, 23 lds. deals and battens, 8 lds. firewood-Valder"
18950511p.793.txt,19,Therese Horn,Windau,BO'NESS,560 lds. props-Love & Stewart,Love & Stewart,2,Mar,1895,11,May,1895,False,condensed,1.0,Therese Horn-Windau-560 lds. props-Love & Stewart
18950511p.793.txt,20,Bertha,Windau,BO'NESS,630 lds. props-Kennedy,Kennedy,2,Mar,1895,11,May,1895,True,condensed,1.0,Bertha (s)-Windau-630 lds. props-Kennedy
18950511p.793.txt,21,Diana,Gothenburg,BO'NESS,395 lds. pitwood-Denholm,Denholm,2,Mar,1895,11,May,1895,False,condensed,1.0,Diana-Gothenburg-395 lds. pitwood-Denholm
18950511p.793.txt,22,Venner,Fredrikshald,BO'NESS,300 lds. hewn fir-Watt,Watt,2,Mar,1895,11,May,1895,False,condensed,1.0,Venner-Fredrikshald-300 lds. hewn fir-Watt
18950511p.793.txt,23,Michael,Windau,BO'NESS,325 lds.props-Kennedy,Kennedy,2,Mar,1895,11,May,1895,False,condensed,0.9,Michael-Windau-325 lds.props-Kennedy
18950511p.793.txt,24,Marie,Falkenberg,BO'NESS,143 lds. props-Love,Love,2,Mar,1895,11,May,1895,False,condensed,0.9,Marie-Falkenberg-143 lds. props-Love
18950511p.793.txt,25,Frode,Kragero,BO'NESS,120 lds. props-J. Denholm,J. Denholm,2,Mar,1895,11,May,1895,False,condensed,0.9,Frode-Kragero-120 lds. props-J. Denholm
18950511p.793.txt,26,Fairy,Halmstad,BO'NESS,380 lds. props-Love,Love,2,Mar,1895,11,May,1895,False,condensed,0.9,2 Fairy-Halmstad-380 lds. props-Love
18950511p.793.txt,27,Enigheden,Langesund,BO'NESS,100 lds. props-Love,Love,2,Mar,1895,11,May,1895,False,condensed,0.9,Enigheden-Langesund-100 lds. props-Love
18950511p.793.txt,28,Scandinavia,Porsgrund,BO'NESS,75 lds. props-Love,Love,2,Mar,1895,11,May,1895,False,condensed,0.9,Scandinavia-Porsgrund-75 lds. props-Love
18950511p.793.txt,30,Siberian,New York,BO'NESS,"13,123 pcs., 460 bdls. lumber, 11 cs. wood mouldings, 12 logs maple",,2,Mar,1895,11,May,1895,True,condensed,0.9,"Siberian (s)-New York-13,123 pcs., 460 bdls. lumber, 11 cs. wood mouldings, 12 logs maple"
18950511p.793.txt,31,Cydonia,Newport News,BO'NESS,"2,841 pcs. whitewood lumber-Singleton, Dunn, & Co. 20 oak logs-Edmiston & Mitchells; 1,632 pcs., 5 crts. oars-Joseph Gardner & Son; 174 bdls. poplar lumber-Jas. Kennedy & Co.; 1,140 pcs. oak lumber-Edmiston & Mitchells","Singleton, Dunn, & Co.",2,Mar,1895,11,May,1895,True,condensed,0.9,"Cydonia (s)-Newport News-2,841 pcs. whitewood lumber-Singleton, Dunn, & Co.; 20 oak logs-Edmiston & Mitchells; 1,632 pcs., 5 crts. oars-Joseph Gardner & Son; 174 bdls. poplar lumber-Jas. Kennedy & Co.; 1,140 pcs. oak lumber-Edmiston & Mitchells"
18950511p.793.txt,32,Norwegian,Philadelphia,BO'NESS,"4,164 staves-Edmiston & Mitchells 16 walnut logs",Edmiston & Mitchells,2,Mar,1895,11,May,1895,True,condensed,0.9,"Norwegian (s)-Philadelphia-4,164 staves-Edmiston & Mitchells; 16 walnut logs"
18950511p.793.txt,35,Amalie,Libau,BO'NESS,"9,285 deals and battens-Robinson, Dunn, & Co.","Robinson, Dunn, & Co.",2,Mar,1895,11,May,1895,False,condensed,0.9,"Amalie-Libau-9,285 deals and battens-Robinson, Dunn, & Co."
18950511p.793.txt,36,Canada,Memel,BO'NESS,"410 pcs. timber, 7,045 deals",,2,Mar,1895,11,May,1895,False,condensed,0.9,"3 Canada-Memel-410 pcs. timber, 7,045 deals"
18950511p.793.txt,37,Ture,Oscarshamn,BO'NESS,"8,322 pit props-Grangemouth Coal Co.",Grangemouth Coal Co.,4,Mar,1895,11,May,1895,False,condensed,0.9,"4 Ture-Oscarshamn-8,322 pit props-Grangemouth Coal Co."
18950511p.793.txt,39,Valund,Namsos,BO'NESS,360 lds. battens-Mitchell Thomson & Co.,Mitchell Thomson & Co.,4,Mar,1895,11,May,1895,False,condensed,0.9,Valund-Namsos-360 lds. battens-Mitchell Thomson & Co.
18950511p.793.txt,41,Ariel,Oscarshamn,BO'NESS,270 lds. props-Lochgelly Iron & Coal Co.,Lochgelly Iron & Coal Co.,4,Mar,1895,11,May,1895,False,condensed,0.9,Ariel-Oscarshamn-270 lds. props-Lochgelly Iron & Coal Co.
18950511p.793.txt,43,Huseland,Grimstad,BO'NESS,389 lds. firewood-C. Salvesen & Co.,C. Salvesen & Co.,4,Mar,1895,11,May,1895,False,condensed,0.9,Huseland-Grimstad-389 lds. firewood-C. Salvesen & Co.
18950511p.793.txt,44,Danmark,Memel,BO'NESS,75 lds. staves-C. Salvesen,C. Salvesen,4,Mar,1895,11,May,1895,False,condensed,0.9,Danmark-Memel-75 lds. staves-C. Salvesen
18950511p.793.txt,45,Allegra,Risoer,BO'NESS,419 lds. firewood-Ellingsen,Ellingsen,4,Mar,1895,11,May,1895,False,condensed,0.9,Allegra-Risoer-419 lds. firewood-Ellingsen
18950511p.793.txt,46,Camtoos,Memel,BO'NESS,125 lds. oak staves-Neil,Neil,2,Mar,1895,11,May,1895,False,condensed,0.9,2 Camtoos-Memel-125 lds. oak staves-Neil
18950511p.793.txt,47,Hans Andrees,Memel,BO'NESS,57 lds. oak staves-Neil,Neil,2,Mar,1895,11,May,1895,False,condensed,0.9,Hans Andrees-Memel-57 lds. oak staves-Neil
18950511p.793.txt,48,Valand,Namsos,BO'NESS,498 lds. fir battens-C. Salvesen & Co.,C. Salvesen & Co.,3,Mar,1895,11,May,1895,True,condensed,0.9,3 Valand (s)-Namsos-498 lds. fir battens-C. Salvesen & Co.
18950511p.793.txt,49,Livonia,Riga,BO'NESS,129 lds. sawn fir-J. Cormack,J. Cormack,4,Mar,1895,11,May,1895,False,condensed,0.9,4 Livonia-Riga-129 lds. sawn fir-J. Cormack
18950511p.793.txt,51,Mindet,Tonsberg,BO'NESS,"50 lds. props, 37 lds. deals-C. Salvesen & Co. 40 lds. battens-J. Donaldson & Sons",C. Salvesen & Co.,4,Mar,1895,11,May,1895,False,condensed,0.9,"Mindet-Tonsberg-50 lds. props, 37 lds. deals-C. Salvesen & Co.; 40 lds. battens-J. Donaldson & Sons"
18950511p.793.txt,52,Petrine,Porsgrund,BO'NESS,180 lds. battens-A. H. Hutchinson 40 lds. poles-A. Bruce & Co.,A. H. Hutchinson,4,Mar,1895,11,May,1895,False,condensed,0.9,Petrine-Porsgrund-180 lds. battens-A. H. Hutchinson; 40 lds. poles-A. Bruce & Co.
18950511p.793.txt,53,Heldine,Sandefjord,BO'NESS,94 lds. props-Cowdenbeath Coal Co. 80 lds. battens-J. Donaldson & Sons,Cowdenbeath Coal Co.,4,Mar,1895,11,May,1895,False,condensed,0.9,Heldine-Sandefjord-94 lds. props-Cowdenbeath Coal Co.; 80 lds. battens-J. Donaldson & Sons
18950511p.793.txt,54,M. Roosval,Oscarshamn,BO'NESS,390 lds. pit props-Fife Coal Co.,Fife Coal Co.,4,Mar,1895,11,May,1895,False,condensed,0.9,4 M. Roosval-Oscarshamn-390 lds. pit props-Fife Coal Co.
18950511p.793.txt,55,Gustaf Adolf,Oscarshamn,BO'NESS,330 lds. pit props-Fife Coal Co.,Fife Coal Co.,4,Mar,1895,11,May,1895,False,condensed,0.9,Gustaf Adolf-Oscarshamn-330 lds. pit props-Fife Coal Co.
18950511p.793.txt,57,Olga,Riga,MONTROSE,174 lds. lathwood-East Mill Co.,East Mill Co.,4,Mar,1895,11,May,1895,True,condensed,1.0,Olga (s)-Riga-174 lds. lathwood-East Mill Co.
18950511p.793.txt,59,Jenni,Sandefjord,MONTROSE,"50 lds. sawn fir staves, 16 lds. battens-Leask & Co.",Leask & Co.,4,Mar,1895,11,May,1895,False,condensed,1.0,"Jenni-Sandefjord-50 lds. sawn fir staves, 16 lds. battens-Leask & Co."
18950511p.793.txt,60,Thea,Drammen,MONTROSE,448 lds. staves-Schultze,Schultze,4,Mar,1895,11,May,1895,False,condensed,1.0,Thea-Drammen-448 lds. staves-Schultze
18950511p.793.txt,61,Gudrun,Hommelvik,MONTROSE,"60 lds. battens, 105 lds. staves-L. Miller",L. Miller,2,Mar,1895,11,May,1895,True,condensed,0.9,"2 Gudrun (s)-Hommelvik-60 lds. battens, 105 lds. staves-L. Miller"
18950511p.793.txt,65,Alpha,Laurvig,WICK,120 lds. birch staves-D. Sandison,D. Sandison,2,Mar,1895,11,May,1895,False,condensed,1.0,Alpha-Laurvig-120 lds. birch staves-D. Sandison
18950518p.820_p001.txt,37,Paulus,Porsgrund,TENDERS OPEN,"294 lds. hewn fir, 363 lds. sawn fir, 15 lds. spars-W. Gradwell",W. Gradwell,2,Mar,1895,18,May,1895,False,condensed,0.9,"Paulus-Porsgrund-294 lds. hewn fir, 363 lds. sawn fir, 15 lds. spars-W. Gradwell"
18950518p.820_p001.txt,38,Roskva,Kragero,TENDERS OPEN,"159 lds. hewn fir, 250 lds. boards-W. Gradwell & Co.",W. Gradwell & Co.,10,Mar,1895,18,May,1895,False,condensed,0.9,"10 Roskva-Kragero-159 lds. hewn fir, 250 lds. boards-W. Gradwell & Co."
18950518p.820_p001.txt,39,Ellen,Halmstad,TENDERS OPEN,"244 lds. hewn fir, 27 lds. sawn fir-W. Gradwell & Co.",W. Gradwell & Co.,10,Mar,1895,18,May,1895,False,condensed,0.9,"Ellen-Halmstad-244 lds. hewn fir, 27 lds. sawn fir-W. Gradwell & Co."
18950518p.820_p001.txt,41,Renen,Fredrikshald,BOSTON,336 lds. sawn fir-,,10,Mar,1895,18,May,1895,False,condensed,1.0,Renen-Fredrikshald-336 lds. sawn fir-
18950518p.820_p001.txt,43,Patria,Arendal,BOSTON,256 lds. mining timber-Alderson & English,Alderson & English,9,Mar,1895,18,May,1895,False,condensed,1.0,9 Patria-Arendal-256 lds. mining timber-Alderson & English
18950518p.820_p001.txt,45,Ellida,Fredrikstad,BOSTON,280 lds. battens-G. H. Pollard,G. H. Pollard,9,Mar,1895,18,May,1895,False,condensed,0.9,Ellida-Fredrikstad-280 lds. battens-G. H. Pollard
18950518p.820_p001.txt,48,Chicago City,New York,BRISTOL,"G. Adlam & Sons; 69 pcs. oak-Robinson, David, & Co. 272 white oak planks","Robinson, David, & Co.",9,Mar,1895,18,May,1895,True,condensed,0.9,"Chicago City (s)-New York- G. Adlam & Sons; 69 pcs. oak-Robinson, David, & Co.; 272 white oak planks"
18950518p.820_p001.txt,51,Fortuna,Timmernabben,BRISTOL,240 lds. mining timber,,9,Mar,1895,18,May,1895,False,condensed,0.9,Fortuna-Timmernabben-240 lds. mining timber
18950518p.820_p001.txt,52,Magnus,Gothenburg,BRISTOL,273 lds. mining timber,,9,Mar,1895,18,May,1895,False,condensed,0.9,8 Magnus-Gothenburg-273 lds. mining timber
18950518p.820_p001.txt,53,Ida Charlotte,Gothenburg,BRISTOL,249 lds. mining timber,,9,Mar,1895,18,May,1895,False,condensed,0.9,10 Ida Charlotte-Gothenburg-249 lds. mining timber
18950518p.820_p001.txt,55,Ville des Couets,l'Orient,BRISTOL,"150 lds. pitwood-Watts, Ward, & Co.","Watts, Ward, & Co.",9,Mar,1895,18,May,1895,False,condensed,0.9,"Ville des Couets-l'Orient-150 lds. pitwood-Watts, Ward, & Co."
18950518p.820_p001.txt,56,Galilee,Redon,BRISTOL,127 lds. pitwood-Watts & Co.,Watts & Co.,9,Mar,1895,18,May,1895,False,condensed,0.9,Galilee-Redon-127 lds. pitwood-Watts & Co.
18950518p.820_p001.txt,57,Skibladner,Risoer,BRISTOL,364 lds. hewn fir-Schroeter,Schroeter,9,Mar,1895,18,May,1895,False,condensed,0.9,Skibladner-Risoer-364 lds. hewn fir-Schroeter
18950518p.820_p001.txt,58,Hermann,Christiansand,BRISTOL,342 lds. hewn fir-G. H. Wills & Co.,G. H. Wills & Co.,9,Mar,1895,18,May,1895,False,condensed,0.9,Hermann-Christiansand-342 lds. hewn fir-G. H. Wills & Co.
18950518p.820_p001.txt,59,Nestor,Stettin,BRISTOL,"375 lds. hewn oak, 50 lds. hewn fir-J. Bland & Co.",J. Bland & Co.,9,Mar,1895,18,May,1895,False,condensed,0.9,"Nestor-Stettin-375 lds. hewn oak, 50 lds. hewn fir-J. Bland & Co."
18950518p.820_p001.txt,60,Leonidas,l'Orient,BRISTOL,155 lds. hewn fir-Bryner,Bryner,8,Mar,1895,18,May,1895,False,condensed,0.9,8 Leonidas-l'Orient-155 lds. hewn fir-Bryner
18950518p.820_p001.txt,61,Juno,Gothenburg,BRISTOL,"33 lds. sawn fir, 412 lds. props-Bell, Harrison, & Co.","Bell, Harrison, & Co.",8,Mar,1895,18,May,1895,False,condensed,0.9,"Juno-Gothenburg-33 lds. sawn fir, 412 lds. props-Bell, Harrison, & Co."
18950518p.820_p001.txt,62,Dordogne,Bordeaux,BRISTOL,900 lds. props-Corfield,Corfield,8,Mar,1895,18,May,1895,False,condensed,0.9,Dordogne-Bordeaux-900 lds. props-Corfield
18950518p.820_p001.txt,64,Union,Auray,BRISTOL,185 lds. pitwood-A. H. Tapson,A. H. Tapson,8,Mar,1895,18,May,1895,False,condensed,0.9,Union-Auray-185 lds. pitwood-A. H. Tapson
18950518p.820_p001.txt,65,Beignoil,Bayonne,BRISTOL,"1,620 lds. pitwood-Tapson",Tapson,10,Mar,1895,18,May,1895,False,condensed,0.9,"10 Beignoil-Bayonne-1,620 lds. pitwood-Tapson"
18950518p.820_p001.txt,66,Stataminster Stang,Risoer,BRISTOL,426 lds. pitwood-C. Schroeter & Co.,C. Schroeter & Co.,10,Mar,1895,18,May,1895,False,condensed,0.9,Stataminster Stang-Risoer-426 lds. pitwood-C. Schroeter & Co.
18950518p.820_p001.txt,67,Aristos,Christiansand,BRISTOL,436 lds. hewn fir-C. Schroeter & Co.,C. Schroeter & Co.,10,Mar,1895,18,May,1895,False,condensed,0.9,Aristos-Christiansand-436 lds. hewn fir-C. Schroeter & Co.
18950518p.820_p001.txt,68,Anna,Vannes,BRISTOL,150 lds. pitwood-Fillenl & Co.,Fillenl & Co.,10,Mar,1895,18,May,1895,False,condensed,0.9,Anna-Vannes-150 lds. pitwood-Fillenl & Co.
18950518p.820_p001.txt,69,Wifstawarf,Gothenburg,BRISTOL,"450 lds. props, 100 lds. sawn fir-Bell, Harrison, & Co.","Bell, Harrison, & Co.",10,Mar,1895,18,May,1895,False,condensed,0.9,"Wifstawarf-Gothenburg-450 lds. props, 100 lds. sawn fir-Bell, Harrison, & Co."
18950518p.820_p001.txt,70,La Rochelle,Bayonne,BRISTOL,"1,600 lds. pitwood-Capelle",Capelle,10,Mar,1895,18,May,1895,False,condensed,0.9,"La Rochelle-Bayonne-1,600 lds. pitwood-Capelle"
18950518p.820_p001.txt,71,Ouse,Bayonne,BRISTOL,840 lds. pitwood-Newport Pitwood Co.,Newport Pitwood Co.,11,Mar,1895,18,May,1895,True,condensed,0.9,11 Ouse (s)-Bayonne-840 lds. pitwood-Newport Pitwood Co.
18950518p.820_p001.txt,72,Albert Baltzen,Stettin,BRISTOL,"180 lds. hewn oak, 10 lds. hewn fir-J. Bland & Co.",J. Bland & Co.,11,Mar,1895,18,May,1895,False,condensed,0.9,"Albert Baltzen-Stettin-180 lds. hewn oak, 10 lds. hewn fir-J. Bland & Co."
18950518p.820_p001.txt,73,Boucan,Bayonne,BRISTOL,100 lds. pitwood-A. Capelle,A. Capelle,11,Mar,1895,18,May,1895,False,condensed,0.9,Boucan-Bayonne-100 lds. pitwood-A. Capelle
18950518p.820_p001.txt,74,Ellen,Gothenburg,BRISTOL,266 lds. props-Tellefsen,Tellefsen,11,Mar,1895,18,May,1895,False,condensed,0.9,Ellen-Gothenburg-266 lds. props-Tellefsen
18950518p.820_p001.txt,75,Jeune Louise,Roche Bernard,BRISTOL,"132 lds. pitwood-Watts, Williams, & Co.","Watts, Williams, & Co.",11,Mar,1895,18,May,1895,False,condensed,0.9,"Jeune Louise-Roche Bernard-132 lds. pitwood-Watts, Williams, & Co."
18950518p.820_p001.txt,76,Szent Laszlo,Bordeaux,BRISTOL,"1,500 lds. pitwood-Newport Pitwood Co.",Newport Pitwood Co.,11,Mar,1895,18,May,1895,True,condensed,0.9,"Szent Laszlo (s)-Bordeaux-1,500 lds. pitwood-Newport Pitwood Co."
18950518p.820_p001.txt,77,Commentry,Bayonne,BRISTOL,"1,450 lds. pitwood-Capelle",Capelle,11,Mar,1895,18,May,1895,False,condensed,0.9,"Commentry-Bayonne-1,450 lds. pitwood-Capelle"
18950518p.820_p001.txt,141,Anna,Drammen,BRISTOL,520 lds. boards and ends-Morris & Smith,Morris & Smith,11,Mar,1895,18,May,1895,False,condensed,0.9,Anna-Drammen-520 lds. boards and ends-Morris & Smith
18950518p.820_p001.txt,143,Union,Porsgrund,BRISTOL,256 lds. hewn fir-R. Grandidge,R. Grandidge,11,Mar,1895,18,May,1895,False,condensed,0.9,Union-Porsgrund-256 lds. hewn fir-R. Grandidge
18950518p.820_p001.txt,145,Emanuel,Fredrikshald,BRISTOL,550 lds. sawn fir-J. Sadd & Sons,J. Sadd & Sons,11,Mar,1895,18,May,1895,False,condensed,0.9,Emanuel-Fredrikshald-550 lds. sawn fir-J. Sadd & Sons
18950518p.820_p001.txt,147,Paul Gerhard,Danzig,DOVER,"96 lds. hewn oak, 208 lds. sawn fir-Steriker Finnis & Sons",Steriker Finnis & Sons,11,Mar,1895,18,May,1895,False,condensed,1.0,"Paul Gerhard-Danzig-96 lds. hewn oak, 208 lds. sawn fir-Steriker Finnis & Sons"
18950518p.820_p001.txt,149,Marie,Christiania,DOVER,320 lds. poles-Whittle,Whittle,11,Mar,1895,18,May,1895,False,condensed,1.0,Marie-Christiania-320 lds. poles-Whittle
18950518p.820_p001.txt,151,Austria,Mobile,FLEETWOOD,"416 lds. hewn fir, 1,760 lds. sawn fir, 86 lds. hewn poplar, 57 lds. deals-H. & G. Curwen & Co.",H. & G. Curwen & Co.,11,Mar,1895,18,May,1895,False,condensed,1.0,"Austria-Mobile-416 lds. hewn fir, 1,760 lds. sawn fir, 86 lds. hewn poplar, 57 lds. deals-H. & G. Curwen & Co."
18950518p.820_p001.txt,152,Ancaois,Tacoma,FLEETWOOD,30 lds. boards-Master,Master,8,Mar,1895,18,May,1895,False,condensed,1.0,8 Ancaois-Tacoma-30 lds. boards-Master
18950518p.820_p001.txt,153,Cleveland,Pascagoula,FLEETWOOD,"999 lds. hewn fir, 491 lds. sawn fir, 35 lds. deals-Lightbound",Lightbound,13,Mar,1895,18,May,1895,False,condensed,1.0,"13 Cleveland-Pascagoula-999 lds. hewn fir, 491 lds. sawn fir, 35 lds. deals-Lightbound"
18950518p.820_p001.txt,155,Frigga,Fredrikstad,FLEETWOOD,"280 lds. sawn fir, 6 lds. spars-T. Hinds & Son",T. Hinds & Son,13,Mar,1895,18,May,1895,False,condensed,0.9,"Frigga-Fredrikstad-280 lds. sawn fir, 6 lds. spars-T. Hinds & Son"
18950518p.820_p001.txt,157,Niels Juel,Fredrikstad,FOWEY,320 lds. sawn fir-N. Inch,N. Inch,13,Mar,1895,18,May,1895,False,condensed,1.0,Niels Juel-Fredrikstad-320 lds. sawn fir-N. Inch
18950518p.820_p001.txt,159,Ernesto,Pensacola,FOWEY,"1,859 lds. hewn fir, 964 lds. deals-Price, Walker, & Co.","Price, Walker, & Co.",13,Mar,1895,18,May,1895,True,condensed,1.0,"Ernesto (s)-Pensacola-1,859 lds. hewn fir, 964 lds. deals-Price, Walker, & Co."
18950518p.820_p001.txt,160,Senator,Halifax,FOWEY,"2,120 lds. deals and ends-Nicks & Co.",Nicks & Co.,13,Mar,1895,18,May,1895,False,condensed,1.0,"Senator-Halifax-2,120 lds. deals and ends-Nicks & Co."
18950518p.820_p001.txt,162,Argo,Gothenburg,GRIMSBY,"154 lds. props, 56 lds. laths-T. Wilson, Sons, & Co.","T. Wilson, Sons, & Co.",13,Mar,1895,18,May,1895,False,condensed,0.9,"Argo-Gothenburg-154 lds. props, 56 lds. laths-T. Wilson, Sons, & Co."
18950518p.820_p001.txt,163,Staveley,Hamburg,GRIMSBY,40 lds. ash trees-J. Sutcliffe & Son,J. Sutcliffe & Son,13,Mar,1895,18,May,1895,False,condensed,0.9,Staveley-Hamburg-40 lds. ash trees-J. Sutcliffe & Son
18950518p.820_p001.txt,165,Presto,Oscarshamn,GRIMSBY,240 lds. props-Hessler & Co.,Hessler & Co.,13,Mar,1895,18,May,1895,False,condensed,0.9,Presto-Oscarshamn-240 lds. props-Hessler & Co.
18950518p.820_p001.txt,166,Elise,Bergqvara,GRIMSBY,20 lds. props-Hessler & Co.,Hessler & Co.,13,Mar,1895,18,May,1895,False,condensed,0.9,Elise-Bergqvara-20 lds. props-Hessler & Co.
18950518p.820_p001.txt,167,Uto,Lillesand,GRIMSBY,"120 lds. mining timber, 13 lds. props-Napier & Render",Napier & Render,13,Mar,1895,18,May,1895,False,condensed,0.9,"Uto-Lillesand-120 lds. mining timber, 13 lds. props-Napier & Render"
18950518p.820_p001.txt,168,Fortuna,Oscarshamn,GRIMSBY,253 lds. hewn fir-C. Nielsen & Son,C. Nielsen & Son,13,Mar,1895,18,May,1895,False,condensed,0.9,Fortuna-Oscarshamn-253 lds. hewn fir-C. Nielsen & Son
18950518p.820_p001.txt,169,Elise,Bergqvara,GRIMSBY,112 lds. props-C. A. Forslind,C. A. Forslind,13,Mar,1895,18,May,1895,False,condensed,0.9,Elise-Bergqvara-112 lds. props-C. A. Forslind
18950518p.820_p001.txt,170,Christiane and Marie,Bergqvara,GRIMSBY,240 lds. props-C. A. Forslind & Co.,C. A. Forslind & Co.,13,Mar,1895,18,May,1895,False,condensed,0.9,Christiane and Marie-Bergqvara-240 lds. props-C. A. Forslind & Co.
18950518p.820_p001.txt,171,Hoganas,Bergqvara,GRIMSBY,195 lds. props-G. Bradley & Co.,G. Bradley & Co.,13,Mar,1895,18,May,1895,False,condensed,0.9,Hoganas-Bergqvara-195 lds. props-G. Bradley & Co.
18950518p.820_p001.txt,172,Morgenstern,Windau,GRIMSBY,"212 lds. battens and ends-R. Wade, Sons, & Co.","R. Wade, Sons, & Co.",13,Mar,1895,18,May,1895,False,condensed,0.9,"Morgenstern-Windau-212 lds. battens and ends-R. Wade, Sons, & Co."
18950518p.820_p001.txt,173,Andvake,Tvedestrand,GRIMSBY,185 lds. sawn fir-J. W. Baird & Co.,J. W. Baird & Co.,13,Mar,1895,18,May,1895,False,condensed,0.9,Andvake-Tvedestrand-185 lds. sawn fir-J. W. Baird & Co.
18950518p.820_p001.txt,174,Venus,Libau,GRIMSBY,236 lds. oak staves-Pickford,Pickford,13,Mar,1895,18,May,1895,False,condensed,0.9,Venus-Libau-236 lds. oak staves-Pickford
18950518p.820_p001.txt,175,Forening,Carlscrona,GRIMSBY,200 lds. props-Pedersen,Pedersen,13,Mar,1895,18,May,1895,False,condensed,0.9,Forening-Carlscrona-200 lds. props-Pedersen
18950518p.820_p001.txt,176,Charles Kahl,Danzig,GRIMSBY,"342 lds. oak, 11 lds. fir-Exors. of T. Walker",Exors. of T. Walker,13,Mar,1895,18,May,1895,False,condensed,0.9,"Charles Kahl-Danzig-342 lds. oak, 11 lds. fir-Exors. of T. Walker"
18950518p.820_p001.txt,177,Komit,Konigsberg,GRIMSBY,175 lds. props-C. A. Forslind & Son,C. A. Forslind & Son,8,Mar,1895,18,May,1895,True,condensed,0.9,8 Komit (s)-Konigsberg-175 lds. props-C. A. Forslind & Son
18950518p.820_p001.txt,178,Maria,Bergqvara,GRIMSBY,105 lds. props-T. Robson,T. Robson,8,Mar,1895,18,May,1895,False,condensed,0.9,Maria-Bergqvara-105 lds. props-T. Robson
18950518p.820_p001.txt,179,Primrose,Pataholm,GRIMSBY,140 lds. props-G. Pyman,G. Pyman,8,Mar,1895,18,May,1895,False,condensed,0.9,Primrose-Pataholm-140 lds. props-G. Pyman
18950518p.820_p001.txt,180,Kompanus,Bergqvara,GRIMSBY,120 lds. props-Hessler,Hessler,8,Mar,1895,18,May,1895,False,condensed,0.9,Kompanus-Bergqvara-120 lds. props-Hessler
18950518p.820_p001.txt,181,Paul Emil,Carlshamn,GRIMSBY,150 lds. props-Pedersen & Co.,Pedersen & Co.,8,Mar,1895,18,May,1895,False,condensed,0.9,Paul Emil-Carlshamn-150 lds. props-Pedersen & Co.
18950518p.820_p001.txt,182,Hedvig Sophia,Carlscrona,GRIMSBY,"28 lds. props, 230 lds. pitwood-Pedersen & Co.",Pedersen & Co.,8,Mar,1895,18,May,1895,False,condensed,0.9,"Hedvig Sophia-Carlscrona-28 lds. props, 230 lds. pitwood-Pedersen & Co."
18950518p.820_p001.txt,183,George Ludvig,Carlscrona,GRIMSBY,260 lds. props-Pedersen & Co.,Pedersen & Co.,8,Mar,1895,18,May,1895,False,condensed,0.9,George Ludvig-Carlscrona-260 lds. props-Pedersen & Co.
18950518p.820_p001.txt,186,Louise,Konigsberg,GRIMSBY,"4,295 pcs. alder props-T. W. Allen",T. W. Allen,8,Mar,1895,18,May,1895,True,condensed,0.9,"Louise (s)-Konigsberg-4,295 pcs. alder props-T. W. Allen"
18950518p.820_p001.txt,187,J. H. Schwensen,Kragero,GRIMSBY,23 spars-Humber Shipwright Co.,Humber Shipwright Co.,8,Mar,1895,18,May,1895,False,condensed,0.9,J. H. Schwensen-Kragero-23 spars-Humber Shipwright Co.
18950518p.820_p001.txt,189,Emily,Tvedestrand,GRIMSBY,"a quantity of round mining timber, a quantity of pit props-Henry Smith & Co.",Henry Smith & Co.,8,Mar,1895,18,May,1895,False,condensed,0.9,"Emily-Tvedestrand-a quantity of round mining timber, a quantity of pit props-Henry Smith & Co."
18950518p.820_p001.txt,190,Capella,Hango,GRIMSBY,414 pkgs. bobbins-Good,Good,8,Mar,1895,18,May,1895,True,condensed,0.9,Capella (s)-Hango-414 pkgs. bobbins-Good
18950518p.820_p001.txt,191,Scipio,Riga,GRIMSBY,"3,070 battens-Thornham, Reynoldson, & Co. 59,153 pcs. wood, 14,239 boards-T. W. Allen, Sanderson Bros., and Thornham, Reynoldson, & Co.","Thornham, Reynoldson, & Co.",11,Mar,1895,18,May,1895,True,condensed,0.9,"11 Scipio (s)-Riga-3,070 battens-Thornham, Reynoldson, & Co.; 59,153 pcs. wood, 14,239 boards-T. W. Allen, Sanderson Bros., and Thornham, Reynoldson, & Co."
18950518p.820_p001.txt,193,Siren,"Portland, Oregon",GRIMSBY,8 lds. boards-W. M. Crannis & Son,W. M. Crannis & Son,11,Mar,1895,18,May,1895,False,condensed,0.9,"Siren-Portland, Oregon-8 lds. boards-W. M. Crannis & Son"
18950518p.820_p001.txt,194,Danzatter,Lake Wettern,GRIMSBY,208 lds. deals-W. Brown & Co.,W. Brown & Co.,11,Mar,1895,18,May,1895,False,condensed,0.9,Danzatter-Lake Wettern-208 lds. deals-W. Brown & Co.
18950518p.820_p001.txt,195,Jacapo,Drammen,GRIMSBY,"148 lds. boards, 103 lds. firewood-W. Brown & Co.",W. Brown & Co.,11,Mar,1895,18,May,1895,False,condensed,0.9,"Jacapo-Drammen-148 lds. boards, 103 lds. firewood-W. Brown & Co."
18950518p.820_p001.txt,197,Carl Johann,Danzig,KING'S LYNN,"94 lds. hewn oak, 353 lds. hewn fir-John Eede Butt & Son",John Eede Butt & Son,11,Mar,1895,18,May,1895,False,condensed,1.0,"Carl Johann-Danzig-94 lds. hewn oak, 353 lds. hewn fir-John Eede Butt & Son"
18950518p.820_p001.txt,200,Scotsman,Boston,KING'S LYNN,"374 bdls. w.w. lumber-Duncan, Ewing, & Co.","Duncan, Ewing, & Co.",11,Mar,1895,18,May,1895,True,condensed,1.0,"Scotsman (s)-Boston-374 bdls. w.w. lumber-Duncan, Ewing, & Co."
18950518p.820_p001.txt,201,Teutonic,New York,LIVERPOOL,"1,618 scantlings",,15,Mar,1895,18,May,1895,True,condensed,0.9,"15 Teutonic (s)-New York-1,618 scantlings-1806 rollers-Whiteside, Johns, & Co."
18950518p.820_p001.txt,202,Sardinian,Montreal,LIVERPOOL,"4,950 deals-W. Davies from Quebec-332 cs. splints-Diamond Match Co.; 89 cs. splints-Irish Match Co.; 125 cs. splints-J. Speck & Co.; 100 cs. splints-D. Ogilvie & Co.",W. Davies,15,Mar,1895,18,May,1895,True,condensed,0.9,"Sardinian (s)-Montreal - 4,950 deals - W. Davies; from Quebec-332 cs. splints-Diamond Match Co.; 89 cs. splints-Irish Match Co.; 125 cs. splints-J. Speck & Co.; 100 cs. splints-D. Ogilvie & Co."
18950518p.820_p001.txt,203,Mariposa,Montreal,LIVERPOOL,"4,507 pine deals-H. & G. Curwen 10,074 spruce deals, 10,814 deals; from Quebec-9,000 packing boxes in shooks-384 stds. deals Price & Pierce",H. & G. Curwen,15,Mar,1895,18,May,1895,True,condensed,0.9,"Mariposa (s)-Montreal-4,507 pine deals-H. & G. Curwen; 10,074 spruce deals, 10,814 deals; from Quebec-9,000 packing boxes in shooks-384 stds. deals Price & Pierce"
18950518p.820_p001.txt,204,Gallia,Boston,LIVERPOOL,"4,300 staves-Drysdale Bros. 9 crts. wood rims-Davies, Turner & Co.; 20 crts. wood rims-T. Meadows & Co.",Drysdale Bros.,15,Mar,1895,18,May,1895,True,condensed,0.9,"Gallia (s)-Boston - 4,300 staves - Drysdale Bros.; 9 crts. wood rims-Davies, Turner & Co.; 20 crts. wood rims-T. Meadows & Co."
18950518p.820_p001.txt,206,Sylvia,Fredrikstad,LIVERPOOL,"5,281 pcs. mining timber, 612 props-Brodersen, Vaughan","Brodersen, Vaughan",15,Mar,1895,18,May,1895,False,condensed,0.9,"Sylvia-Fredrikstad-5,281 pcs. mining timber, 612 props-Brodersen, Vaughan"
18950518p.820_p001.txt,208,Minnehaha,Pensacola,LIVERPOOL,"2,080 pcs. sawn timber, 234 deals, 19,895 boards",,15,Mar,1895,18,May,1895,False,condensed,0.9,"Minnehaha-Pensacola-2,080 pcs. sawn timber, 234 deals, 19,895 boards"
18950518p.820_p001.txt,209,Architect,"St. John, N.B.",LIVERPOOL,"37,408 deals and battens, 101 scantlings, 5,665 deal ends, 3,214 pine deals and battens, 206 pcs. pine, 31 pine scantlings A. F. & D. Mackay",,15,Mar,1895,18,May,1895,True,condensed,0.9,"13 Architect (s)-St. John, N.B.-37,408 deals and battens, 101 scantlings, 5,665 deal ends, 3,214 pine deals and battens, 206 pcs. pine, 31 pine scantlings A. F. & D. Mackay"
18950518p.820_p001.txt,211,Panther,Christiania,LIVERPOOL,"4,388 bdls. box boards-Tyson, Richmond, & Co. 12,000 bdls caseboards; from Fredrikstad-29,130 flooring boards","Tyson, Richmond, & Co.",15,Mar,1895,18,May,1895,True,condensed,0.9,"Panther (s)-Christiania-4,388 bdls. box boards-Tyson, Richmond, & Co.; 12,000 bdls caseboards; from Fredrikstad-29,130 flooring boards"
18950518p.820_p001.txt,213,Vanland,Gothenburg,LIVERPOOL,"45 doors, 248 bdls. mouldings-J. Evans 980 bdls. laths-J. Griggs & Co.; 68,484 pit props, 10,099 pit poles, 871 pcs. mining timber-Osbeck & Co.; 8,419 bdls. laths",J. Evans,15,Mar,1895,18,May,1895,True,condensed,0.9,"Vanland (s)-Gothenburg-45 doors, 248 bdls. mouldings-J. Evans; 980 bdls. laths-J. Griggs & Co.; 68,484 pit props, 10,099 pit poles, 871 pcs. mining timber-Osbeck & Co.; 8,419 bdls. laths"
18950518p.820_p001.txt,214,Mauritius,Nantes,LIVERPOOL,"2,200 bdls. hoops-R. J. Francis & Co.",R. J. Francis & Co.,11,Mar,1895,18,May,1895,True,condensed,0.9,"11 Mauritius (s)-Nantes-2,200 bdls. hoops-R. J. Francis & Co."
18950518p.820_p001.txt,215,William Connal,Nantes,LIVERPOOL,"1,592 bdls. hoops-R. J. Francis & Co.",R. J. Francis & Co.,11,Mar,1895,18,May,1895,True,condensed,0.9,"William Connal (s)-Nantes-1,592 bdls. hoops -R. J. Francis & Co."
18950518p.820_p001.txt,216,Christian,Drammen,LIVERPOOL,"94,110 planed boards",,11,Mar,1895,18,May,1895,False,condensed,0.9,"Christian-Drammen-94,110 planed boards"
18950518p.820_p001.txt,218,Amelie,Blaye,LIVERPOOL,90 lds. pitwood-Hogg,Hogg,11,Mar,1895,18,May,1895,False,condensed,0.9,Amelie-Blaye-90 lds. pitwood-Hogg
18950518p.820_p001.txt,219,Maria,Le Tremblade,LIVERPOOL,"216 lds. pitwood-E. Williams, Cook, & Co.","E. Williams, Cook, & Co.",10,Mar,1895,18,May,1895,False,condensed,0.9,"10 Maria-Le Tremblade-216 lds. pitwood-E. Williams, Cook, & Co."
18950518p.820_p001.txt,220,Genereuse,Blaye,LIVERPOOL,126 lds. pitwood-D. G. Hogg,D. G. Hogg,10,Mar,1895,18,May,1895,False,condensed,0.9,Genereuse-Blaye-126 lds. pitwood-D. G. Hogg
18950518p.820_p001.txt,221,Bohallard,Pauillac,LIVERPOOL,174 lds. pitwood-Davies,Davies,11,Mar,1895,18,May,1895,False,condensed,0.9,11 Bohallard-Pauillac-174 lds. pitwood-Davies
18950518p.820_p001.txt,224,Magna,Fredrikstad,LONDON,"77,057 bdls., 40 fms. firewood-Briesemann's Successors",Briesemann's Successors,11,Mar,1895,18,May,1895,True,condensed,0.9,"Magna (s)-Fredrikstad-77,057 bdls., 40 fms. firewood-Briesemann's Successors"
18950518p.820_p001.txt,225,Loch Leven,Riga,LONDON,"3,716 pcs. lathwood",,11,Mar,1895,18,May,1895,True,condensed,0.9,"10 Loch Leven (s)-Riga-3,716 pcs. lathwood"
18950518p.820_p001.txt,226,Tagart,Fredrikstad,LONDON,"17,348 floorings-Tagart, Benton, & Co. 1,500 bdls. cask heads","Tagart, Benton, & Co.",11,Mar,1895,18,May,1895,True,condensed,0.9,"Tagart (s)-Fredrikstad - 17,348 floorings - Tagart, Benton, & Co.; 1,500 bdls. cask heads"
18950518p.820_p001.txt,227,Patria,Danzig,LONDON,"1,378 pcs. timber",,11,Mar,1895,18,May,1895,True,condensed,0.9,"Patria (s)-Danzig-1,378 pcs. timber"
18950518p.820_p001.txt,228,MISSING_FROM_OCR,Danzig,LONDON,48 pcs. timber-Foy,Foy,11,Mar,1895,18,May,1895,False,condensed,0.9,Danzig-48 pcs. timber-Foy
18950518p.820_p001.txt,230,Lohden,Danzig,LONDON,"524 pcs. timber, 418 pcs. masts, 210 pcs. manerlatten",,11,Mar,1895,18,May,1895,True,condensed,0.9,"Lohden (s)-Danzig-524 pcs. timber, 418 pcs. masts, 210 pcs. manerlatten"
18950518p.820_p001.txt,231,Tyr,Fredrikstad,LONDON,480 bdls. boards,,11,Mar,1895,18,May,1895,True,condensed,0.9,Tyr (s)-Fredrikstad-480 bdls. boards
18950518p.820_p002.txt,5,Louise,Konigsberg,LONDON,"4,295 pcs. alder blocks-T. W. Allen",T. W. Allen,11,Mar,1895,18,May,1895,True,condensed,0.9,"Louise (s)-Konigsberg-4,295 pcs. alder blocks-T. W. Allen"
18950518p.820_p002.txt,6,Milo,Copenhagen,LONDON,13 pkgs. wood-Wilson,Wilson,11,Mar,1895,18,May,1895,True,condensed,0.9,Milo (s)-Copenhagen-13 pkgs. wood-Wilson
18950518p.820_p002.txt,8,J. H. Schwensen,Kragero,LONDON,238 spars-Humber Shipwright Co.,Humber Shipwright Co.,11,Mar,1895,18,May,1895,False,condensed,0.9,J. H. Schwensen-Kragero-238 spars-Humber Shipwright Co.
18950518p.820_p002.txt,10,Emily,Tvedestrand,LONDON,"a quantity of round mining timber, a quantity of pit props-Henry Smith & Co.",Henry Smith & Co.,11,Mar,1895,18,May,1895,False,condensed,0.9,"Emily-Tvedestrand-a quantity of round mining timber, a quantity of pit props-Henry Smith & Co."
18950518p.820_p002.txt,11,Capella,Hango,LONDON,414 pkgs. bobbins-Wilson,Wilson,11,Mar,1895,18,May,1895,True,condensed,0.9,Capella (s)-Hango-414 pkgs. bobbins-Wilson
18950518p.820_p002.txt,12,Scipio,Riga,LONDON,"3,070 battens-Thos. Wilson, Reynoldson, & Co. 59,153 pcs. wood boards-T. W. Allen, Sanderson & Co., and Thornham, Reynoldson, & Co.","Thos. Wilson, Reynoldson, & Co.",11,Mar,1895,18,May,1895,True,condensed,0.9,"11 Scipio (s)-Riga-3,070 battens-Thos. Wilson, Reynoldson, & Co. ; 59,153 pcs. wood boards-T. W. Allen, Sanderson & Co., and Thornham, Reynoldson, & Co."
18950518p.820_p002.txt,14,Siren,"Portland, Oregon",LONDON,8 lds. w. w. deals-M. Crannis & Son,M. Crannis & Son,11,Mar,1895,18,May,1895,False,condensed,0.9,"Siren-Portland, Oregon-8 lds. w. w. deals-M. Crannis & Son"
18950518p.820_p002.txt,15,Dansatter,Lake Wettern,LONDON,208 lds. deals-W. Brown & Co.,W. Brown & Co.,11,Mar,1895,18,May,1895,False,condensed,0.9,Dansatter-Lake Wettern-208 lds. deals-W. Brown & Co.
18950518p.820_p002.txt,16,Dacapo,Drammen,LONDON,"148 lds. boards, 103 lds. sawn fir, 25 lds. firewood-W. Brown & Co.",W. Brown & Co.,11,Mar,1895,18,May,1895,False,condensed,0.9,"Dacapo-Drammen-148 lds. boards, 103 lds. sawn fir, 25 lds. firewood-W. Brown & Co."
18950518p.820_p002.txt,18,Carl Johann,Danzig,LONDON,"9 lds. hewn oak, 855 lds. hewn fir-John Eede Butt & Sons",John Eede Butt & Sons,11,Mar,1895,18,May,1895,False,condensed,0.9,"Carl Johann-Danzig-9 lds. hewn oak, 855 lds. hewn fir-John Eede Butt & Sons"
18950518p.820_p002.txt,21,Scotsman,Boston,LIVERPOOL,"374 bdls. scantlings-Duncan, Ewing, & Co.","Duncan, Ewing, & Co.",11,Mar,1895,18,May,1895,True,condensed,0.9,"Scotsman (s)-Boston-374 bdls. scantlings-Duncan, Ewing, & Co."
18950518p.820_p002.txt,22,Teutonic,New York,LIVERPOOL,"1,618 scantlings, 1806 rollers-Whiteside, Johns, & Co.","Whiteside, Johns, & Co.",15,Mar,1895,18,May,1895,True,condensed,0.9,"15 Teutonic (s)-New York-1,618 scantlings, 1806 rollers-Whiteside, Johns, & Co."
18950518p.820_p002.txt,23,Sardinian,Montreal,LIVERPOOL,"4,950 deals-Irish C. Davies from Quebec-332 cs. splints-Diamond Match Co. ; 89 cs. splints-Irish Match Co.; 125 cs. splints-J. Spencer & Co.; 100 cs. splints-D. Ogilvie & Co.",Irish C. Davies,15,Mar,1895,18,May,1895,True,condensed,0.9,"Sardinian (s) - Montreal - 4,950 deals-Irish C. Davies; from Quebec-332 cs. splints-Diamond Match Co. ; 89 cs. splints-Irish Match Co.; 125 cs. splints-J. Spencer & Co.; 100 cs. splints-D. Ogilvie & Co."
18950518p.820_p002.txt,24,Mariposa,Montreal,LIVERPOOL,"4,507 pine deals-H. & G. Curwen 10,074 spruce deals, 10,814 deals; from Quebec-9,000 packing boxes in shooks-384 stds. deals Price & Pierce",H. & G. Curwen,15,Mar,1895,18,May,1895,True,condensed,0.9,"Mariposa (s)-Montreal-4,507 pine deals-H. & G. Curwen; 10,074 spruce deals, 10,814 deals; from Quebec-9,000 packing boxes in shooks-384 stds. deals Price & Pierce"
18950518p.820_p002.txt,25,Gallia,Boston,LIVERPOOL,"4,300 staves-Drysdale Bros. 9 crts. wood rims-Davies, Turner & Co. ; 20 crts. wood rims-T. Meadows & Co.",Drysdale Bros.,15,Mar,1895,18,May,1895,True,condensed,0.9,"Gallia (s)-Boston - 4,300 staves - Drysdale Bros.; 9 crts. wood rims-Davies, Turner & Co. ; 20 crts. wood rims-T. Meadows & Co."
18950518p.820_p002.txt,27,Sylvia,Fredrikstad,LIVERPOOL,"5,281 pcs. mining timber, 612 props-Brodersen, Vaughan & Co.","Brodersen, Vaughan & Co.",15,Mar,1895,18,May,1895,False,condensed,0.9,"Sylvia-Fredrikstad-5,281 pcs. mining timber, 612 props-Brodersen, Vaughan & Co."
18950518p.820_p002.txt,29,Minnehaha,Pensacola,LIVERPOOL,"2,080 pcs. sawn timber, 234 deals, 19,895 boards",,15,Mar,1895,18,May,1895,False,condensed,0.9,"Minnehaha-Pensacola-2,080 pcs. sawn timber, 234 deals, 19,895 boards"
18950518p.820_p002.txt,30,Architect,"St. John, N.B.",LIVERPOOL,"37,408 deals and battens, 101 scantlings, 5,665 deal ends, 3,214 pine deals and battens, 206 pcs. pine, 31 pine scantlings A. F. & D. Mackay",,15,Mar,1895,18,May,1895,True,condensed,0.9,"13 Architect (s)-St. John, N.B.-37,408 deals and battens, 101 scantlings, 5,665 deal ends, 3,214 pine deals and battens, 206 pcs. pine, 31 pine scantlings A. F. & D. Mackay"
18950518p.820_p002.txt,32,Panther,Christiania,LIVERPOOL,"4,388 bdls. boxboards-Tyson, Richmond, & Co. 12,000 bdls. caseboards","Tyson, Richmond, & Co.",15,Mar,1895,18,May,1895,True,condensed,0.9,"Panther (s)-Christiania-4,388 bdls. boxboards-Tyson, Richmond, & Co.; 12,000 bdls. caseboards"
18950518p.820_p002.txt,34,Vanland,Gothenburg,LIVERPOOL,"45 doz. boards, 8 bdls. mouldings-J. Evans 980 bdls. laths-J. Griggs & Co. ; 68,484 pit props, 100 telegraph poles, 271 pcs. mining timber-Osbeck & Co.; 8,419 bdls. laths",J. Evans,15,Mar,1895,18,May,1895,True,condensed,0.9,"Vanland (s)-Gothenburg-45 doz. boards, 8 bdls. mouldings-J. Evans; 980 bdls. laths-J. Griggs & Co. ; 68,484 pit props, 100 telegraph poles, 271 pcs. mining timber-Osbeck & Co.; 8,419 bdls. laths"
18950518p.820_p002.txt,35,Mauritius,Nantes,LIVERPOOL,"2,200 bdls. hoops-R. J. Francis & Co.",R. J. Francis & Co.,11,Mar,1895,18,May,1895,True,condensed,0.9,"11 Mauritius (s)-Nantes-2,200 bdls. hoops-R. J. Francis & Co."
18950518p.820_p002.txt,36,William Connal,Nantes,LIVERPOOL,"1,592 bdls. hoops-R. J. Francis & Co.",R. J. Francis & Co.,11,Mar,1895,18,May,1895,True,condensed,0.9,"William Connal (s)-Nantes-1,592 bdls. hoops-R. J. Francis & Co."
18950518p.820_p002.txt,37,Christian,Drammen,LIVERPOOL,"94,110 planed boards",,11,Mar,1895,18,May,1895,False,condensed,0.9,"Christian-Drammen-94,110 planed boards"
18950518p.820_p002.txt,39,Amelie,Blaye,LIVERPOOL,90 lds. pitwood-Howell,Howell,11,Mar,1895,18,May,1895,False,condensed,0.9,Amelie-Blaye-90 lds. pitwood-Howell
18950518p.820_p002.txt,40,Maria,Le Tremblade,LIVERPOOL,"216 lds. pitwood-Williams, Cook, & Co.","Williams, Cook, & Co.",10,Mar,1895,18,May,1895,False,condensed,0.9,"10 Maria-Le Tremblade-216 lds. pitwood-Williams, Cook, & Co."
18950518p.820_p002.txt,41,Gracieuse,Blaye,LIVERPOOL,126 lds. pitwood-D. G. Hogg,D. G. Hogg,10,Mar,1895,18,May,1895,False,condensed,0.9,Gracieuse-Blaye-126 lds. pitwood-D. G. Hogg
18950518p.820_p002.txt,42,Bohallard,Pauillac,LIVERPOOL,174 lds. pitwood-E. G. Hogg,E. G. Hogg,11,Mar,1895,18,May,1895,False,condensed,0.9,11 Bohallard-Pauillac-174 lds. pitwood-E. G. Hogg
18950518p.820_p002.txt,45,Magna,Fredrikstad,LONDON,"77,057 pcs. flooring, 40 fms. firewood-Briesemann's Successors",Briesemann's Successors,11,Mar,1895,18,May,1895,True,condensed,0.9,"Magna (s)-Fredrikstad-77,057 pcs. flooring, 40 fms. firewood-Briesemann's Successors"
18950518p.820_p002.txt,46,Loch Leven,Riga,LONDON,"3,716 pcs. lathwood-E. Davies",E. Davies,10,Mar,1895,18,May,1895,True,condensed,0.9,"10 Loch Leven (s)-Riga-3,716 pcs. lathwood-E. Davies"
18950518p.820_p002.txt,47,Xania,Fredrikstad,LONDON,"17,348 floorings, 1,500 bdls. heads",,10,Mar,1895,18,May,1895,True,condensed,0.9,"Xania (s)-Fredrikstad-17,348 floorings, 1,500 bdls. heads"
18950518p.820_p002.txt,49,Blonde,Danzig,LONDON,"1,378 pcs. timber",,10,Mar,1895,18,May,1895,True,condensed,0.9,"Blonde (s)-Danzig-1,378 pcs. timber"
18950518p.820_p002.txt,50,Patria,Drontheim,LONDON,"31,217 boards",,10,Mar,1895,18,May,1895,True,condensed,0.9,"Patria (s)-Drontheim-31,217 boards"
18950518p.820_p002.txt,51,MISSING_FROM_OCR,Danzig,LONDON,"48 pcs. timber, 1,000 crossings, 210 pcs. timber",,10,Mar,1895,18,May,1895,False,condensed,0.9,"Danzig-48 pcs. timber, 1,000 crossings, 210 pcs. timber"
18950518p.820_p002.txt,55,Perm,Libau,LONDON,"129 pcs. timber, 1,000 sleepers, 3,579 staves, 1,482 pcs. redwood, 1,890 sleepers, 737 deals",,10,Mar,1895,18,May,1895,True,condensed,0.9,"Perm (s)-Libau-129 pcs. timber, 1,000 sleepers, 3,579 staves, 1,482 pcs. redwood, 1,890 sleepers, 737 deals"
18950518p.820_p002.txt,56,Thule,Gothenburg,LONDON,"200 doors-S. B. Boulton 1,000 bdls. staves-W. R. Crow & Co.; 2,980 bdls. wood blocks, 500 bdls. mouldings, 1,151 deals, 554 doz. floorings, 864 bdls. joinery",S. B. Boulton,10,Mar,1895,18,May,1895,True,condensed,0.9,"Thule (s)-Gothenburg-200 doors-S. B. Boulton; 1,000 bdls. staves-W. R. Crow & Co.; 2,980 bdls. wood blocks, 500 bdls. mouldings, 1,151 deals, 554 doz. floorings, 864 bdls. joinery"
18950518p.820_p002.txt,57,Bjorn,Gothenburg,LONDON,"13,776 boards-Foy, Morgan & Co. 1,540 boards-Winther & Co.; 224 doz. deals, 546 doz. deals and boards, 836 doz. boards, 953 bdls. box boards, 1,000 posts, rails, and stays, 15 fms. firewood, 24 pairs oars, 10 doz. rickers, 500 bdls. laths","Foy, Morgan & Co.",10,Mar,1895,18,May,1895,True,condensed,0.9,"Bjorn (s)-Gothenburg-13,776 boards-Foy, Morgan & Co.; 1,540 boards-Winther & Co.; 224 doz. deals, 546 doz. deals and boards, 836 doz. boards, 953 bdls. box boards, 1,000 posts, rails, and stays, 15 fms. firewood, 24 pairs oars, 10 doz. rickers, 500 bdls. laths"
18950518p.820_p002.txt,58,Holland,Libau,LONDON,"1,006 sleepers, 100 half-sleepers",sleepers,10,Mar,1895,18,May,1895,True,condensed,0.9,"Holland (s)-Libau-1,006 sleepers, 100 half-sleepers"
18950518p.820_p002.txt,61,Jano,Drontheim,LONDON,"2,620 bdlk. boards-T. Wilson, Sons, & Co.","T. Wilson, Sons, & Co.",13,Mar,1895,18,May,1895,True,condensed,0.9,"13 Jano (s)-Drontheim-2,620 bdlk. boards-T. Wilson, Sons, & Co."
18950518p.820_p002.txt,65,Virginian,Boston,LONDON,"1,227 bdls. 1,172 pcs. lumber-Churchill & Sim",Churchill & Sim,13,Mar,1895,18,May,1895,True,condensed,0.9,"Virginian (s)-Boston-1,227 bdls. 1,172 pcs. lumber-Churchill & Sim"
18950518p.820_p002.txt,68,John City,St. John,LONDON,"4,538 planks, 625 ends-Churchill & Sim from Halifax-37,664 bdls. shooks-Sutherland, Innes, & Co.; 200 cs. splints-Browning & Co.; 1,551 cs. splints-Bryant & May, Limited; 151 bdls. mouldings, 18 cs. boards, 213 doors-Bryce, Junor, & Co.; 5,785 deals.",Churchill & Sim,13,Mar,1895,18,May,1895,True,condensed,0.9,"St. John City (s)-St. John-4,538 planks, 625 ends-Churchill & Sim; from Halifax-37,664 bdls. shooks-Sutherland, Innes, & Co.; 200 cs. splints-Browning & Co.; 1,551 cs. splints-Bryant & May, Limited; 151 bdls. mouldings, 18 cs. boards, 213 doors-Bryce, Junor, & Co.; 5,785 deals."
18950518p.820_p002.txt,70,Jenny,Danzig,LONDON,"611 pcs. timber, 1,541 bdls. staves-H. Newsum, Sons, & Co. 443 lds. beech chocks-Pexton & Co.","H. Newsum, Sons, & Co.",13,Mar,1895,18,May,1895,True,condensed,0.9,"Jenny (s)-Danzig-611 pcs. timber, 1,541 bdls. staves-H. Newsum, Sons, & Co.; 443 lds. beech chocks-Pexton & Co."
18950518p.820_p002.txt,71,Orlando,Christiania,LONDON,"566 bgs. brush blocks-J. Keen 1,310 poles, 300 boathooks-Gruner & Co.; 9,100 bdls. boxboards; from Drammen-3,600 bdls. boxboards-H. Pearsall; 935 bdls. boxboards",J. Keen,13,Mar,1895,18,May,1895,True,condensed,0.9,"Orlando (s)-Christiania-566 bgs. brush blocks-J. Keen; 1,310 poles, 300 boathooks-Gruner & Co.; 9,100 bdls. boxboards; from Drammen-3,600 bdls. boxboards-H. Pearsall; 935 bdls. boxboards"
18950518p.820_p002.txt,72,Ida,Danzig,LONDON,417 sleepers-R. Wade,R. Wade,14,Mar,1895,18,May,1895,True,condensed,0.9,14 Ida (s)-Danzig-417 sleepers-R. Wade
18950518p.820_p002.txt,73,Contest,Konigsberg,LONDON,"3,440 sleeper blocks, 500 half-sleepers",sleepers,15,Mar,1895,18,May,1895,True,condensed,0.9,"15 Contest (s)-Konigsberg-3,440 sleeper blocks, 500 half-sleepers"
18950518p.820_p002.txt,75,Duo,Westervik,LONDON,419 lds. deals and boards-Saul & Son,Saul & Son,15,Mar,1895,18,May,1895,False,condensed,0.9,Duo-Westervik-419 lds. deals and boards-Saul & Son
18950518p.820_p002.txt,77,Cassandra,Danzig,LYNN,"195 lds. hewn oak, 47 lds. scantlings-Thompson",Thompson,15,Mar,1895,18,May,1895,False,condensed,1.0,"Cassandra-Danzig-195 lds. hewn oak, 47 lds. scantlings-Thompson"
18950518p.820_p002.txt,78,Einigkeit,Danzig,LYNN,410 lds. fir-Bristow,Bristow,8,Mar,1895,18,May,1895,False,condensed,1.0,8 Einigkeit-Danzig-410 lds. fir-Bristow
18950518p.820_p002.txt,80,Ricard,Christiansand,LYNN,127 lds. slabwood-W. J. Watson & Co.,W. J. Watson & Co.,8,Mar,1895,18,May,1895,False,condensed,1.0,Ricard-Christiansand-127 lds. slabwood-W. J. Watson & Co.
18950518p.820_p002.txt,81,Olaf,Drammen,LYNN,150 lds. firewood Newby,,8,Mar,1895,18,May,1895,False,condensed,0.9,Olaf-Drammen-150 lds. firewood Newby
18950518p.820_p002.txt,83,Coats,Bordeaux,NEWPORT,"1,050 lds. pitwood-Newport Pitwood Co.",Newport Pitwood Co.,8,Mar,1895,18,May,1895,False,condensed,1.0,"Thos. Coats-Bordeaux-1,050 lds. pitwood-Newport Pitwood Co."
18950518p.820_p002.txt,84,Cirages Francais,Hennebont,NEWPORT,165 lds. pitwood-Budd & Co.,Budd & Co.,8,Mar,1895,18,May,1895,False,condensed,1.0,Cirages Francais-Hennebont-165 lds. pitwood-Budd & Co.
18950518p.820_p002.txt,85,Montbars,Redon,NEWPORT,260 lds. props-Watts,Watts,8,Mar,1895,18,May,1895,False,condensed,1.0,Montbars-Redon-260 lds. props-Watts
18950518p.820_p002.txt,86,Jean Baptiste,Hennebont,NEWPORT,236 lds. props-Budd & Co.,Budd & Co.,8,Mar,1895,18,May,1895,False,condensed,1.0,Jean Baptiste-Hennebont-236 lds. props-Budd & Co.
18950518p.820_p002.txt,88,Duquesne,Redon,NEWPORT,200 lds. pitwood-Watts,Watts,8,Mar,1895,18,May,1895,False,condensed,0.9,Duquesne-Redon-200 lds. pitwood-Watts
18950518p.820_p002.txt,89,Semiramis,Redon,NEWPORT,180 lds. pitwood-Watts,Watts,8,Mar,1895,18,May,1895,False,condensed,0.9,Semiramis-Redon-180 lds. pitwood-Watts
18950518p.820_p002.txt,90,Aigrette,Hennebont,NEWPORT,200 lds. props-Budd,Budd,8,Mar,1895,18,May,1895,False,condensed,0.9,8 Aigrette-Hennebont-200 lds. props-Budd
18950518p.820_p002.txt,91,Julien Gabrielle,l'Orient,NEWPORT,145 lds. props-Budd & Co.,Budd & Co.,8,Mar,1895,18,May,1895,False,condensed,0.9,Julien Gabrielle-l'Orient-145 lds. props-Budd & Co.
18950518p.820_p002.txt,92,Marie,Hennebont,NEWPORT,119 lds. props-Budd,Budd,8,Mar,1895,18,May,1895,False,condensed,0.9,Marie-Hennebont-119 lds. props-Budd
18950518p.820_p002.txt,93,Huldo,Halmstad,NEWPORT,220 lds. props-Lancaster,Lancaster,9,Mar,1895,18,May,1895,False,condensed,0.9,9 Huldo-Halmstad-220 lds. props-Lancaster
18950518p.820_p002.txt,94,Gefion,Fredrikstad,NEWPORT,941 lds. sawn fir-Nicholas,Nicholas,9,Mar,1895,18,May,1895,False,condensed,0.9,Gefion-Fredrikstad-941 lds. sawn fir-Nicholas
18950518p.820_p002.txt,95,Winga,Gothenburg,NEWPORT,460 lds. props-Tredegar Co.,Tredegar Co.,9,Mar,1895,18,May,1895,False,condensed,0.9,Winga-Gothenburg-460 lds. props-Tredegar Co.
18950518p.820_p002.txt,96,Elie,Vannes,NEWPORT,180 lds. props-Watts,Watts,10,Mar,1895,18,May,1895,False,condensed,0.9,10 Elie-Vannes-180 lds. props-Watts
18950518p.820_p002.txt,97,Juno,Gothenburg,NEWPORT,200 lds. props-Bell,Bell,10,Mar,1895,18,May,1895,False,condensed,0.9,Juno-Gothenburg-200 lds. props-Bell
18950518p.820_p002.txt,98,Industrie,Redon,NEWPORT,183 lds. props-Watts,Watts,10,Mar,1895,18,May,1895,False,condensed,0.9,Industrie-Redon-183 lds. props-Watts
18950518p.820_p002.txt,99,Tancred,Bordeaux,NEWPORT,"1,250 lds. pitwood-Simkin Bros.",Simkin Bros.,11,Mar,1895,18,May,1895,False,condensed,0.9,"11 Tancred - Bordeaux - 1,250 lds. pitwood-Simkin Bros."
18950518p.820_p002.txt,100,Corine Aime,Auray,NEWPORT,110 lds. pitwood-Tapson,Tapson,11,Mar,1895,18,May,1895,False,condensed,0.9,Corine Aime-Auray-110 lds. pitwood-Tapson
18950518p.820_p002.txt,101,Bravo,Christiania,NEWPORT,"860 lds. boards, 40 lds. spars-Nicholas & Co.",Nicholas & Co.,11,Mar,1895,18,May,1895,False,condensed,0.9,"Bravo-Christiania-860 lds. boards, 40 lds. spars-Nicholas & Co."
18950518p.820_p002.txt,102,Glendower,Bayonne,NEWPORT,"1,300 lds. pitwood-Watts, Williams, & Co.","Watts, Williams, & Co.",13,Mar,1895,18,May,1895,False,condensed,0.9,"13 Glendower-Bayonne-1,300 lds. pitwood-Watts, Williams, & Co."
18950518p.820_p002.txt,104,Astrae,Fredrikstad,NEWPORT,1 ld. fir boards-Robert Langford & Son,Robert Langford & Son,13,Mar,1895,18,May,1895,False,condensed,0.9,Astrae-Fredrikstad-1 ld. fir boards-Robert Langford & Son
18950518p.820_p002.txt,106,Freda,Danzig,NEWPORT,"500 lds. hewn oak, 297 lds. hewn fir-R. & R. Bayly",R. & R. Bayly,13,Mar,1895,18,May,1895,False,condensed,0.9,"Freda-Danzig-500 lds. hewn oak, 297 lds. hewn fir-R. & R. Bayly"
18950518p.820_p002.txt,107,Commerzienrath Fowler,Riga,NEWPORT,"401 lds. hewn fir, 976 lds. sawn fir-R. & R. Bayly",R. & R. Bayly,10,Mar,1895,18,May,1895,False,condensed,0.9,"10 Commerzienrath Fowler-Riga-401 lds. hewn fir, 976 lds. sawn fir-R. & R. Bayly"
18950518p.820_p002.txt,108,Flower o' Portsoy,Corunna,NEWPORT,40 lds. hoops-R. J. Treeby & Co.,R. J. Treeby & Co.,11,Mar,1895,18,May,1895,False,condensed,0.9,11 Flower o' Portsoy-Corunna-40 lds. hoops-R. J. Treeby & Co.
18950518p.820_p002.txt,110,Galeon,Fredrikstad,POOLE,"539 lds. sawn fir, &c. John J. Norton",,11,Mar,1895,18,May,1895,False,condensed,1.0,"Galeon-Fredrikstad-539 lds. sawn fir, &c. John J. Norton"
18950518p.820_p002.txt,112,Nor,Laurvig,POOLE,"670 lds. fir boards, &c., 44 lds. hewn fir-Crossfield & Co.",Crossfield & Co.,11,Mar,1895,18,May,1895,False,condensed,1.0,"Nor-Laurvig-670 lds. fir boards, &c., 44 lds. hewn fir-Crossfield & Co."
18950518p.820_p002.txt,113,Gjemle,Christiania,POOLE,624 lds. sawn fir-Lightbound & Rigby,Lightbound & Rigby,13,Mar,1895,18,May,1895,False,condensed,1.0,13 Gjemle-Christiania-624 lds. sawn fir-Lightbound & Rigby
18950518p.820_p002.txt,115,Hilda,Calmar,POOLE,406 lds. sawn fir-John Adams,John Adams,13,Mar,1895,18,May,1895,False,condensed,0.9,Hilda-Calmar - 406 lds. sawn fir-John Adams
18950518p.820_p002.txt,117,Oberon,Danzig,POOLE,360 lds. hewn fir-Baltic Saw-mills Co.,Baltic Saw-mills Co.,13,Mar,1895,18,May,1895,False,condensed,0.9,Oberon-Danzig-360 lds. hewn fir-Baltic Saw-mills Co.
18950518p.820_p002.txt,119,Arneviq,Christiansand,POOLE,"466 lds. deals, &c.-Beves & Co.",Beves & Co.,13,Mar,1895,18,May,1895,False,condensed,0.9,"Arneviq-Christiansand-466 lds. deals, &c.-Beves & Co."
18950518p.820_p002.txt,121,Norman,Christiansand,POOLE,"206 lds. fir battens, 5 lds. stowage ends, 84 lds. sawn fir firewood-Driver & Co.",Driver & Co.,13,Mar,1895,18,May,1895,False,condensed,0.9,"Norman - Christiansand - 206 lds. fir battens, 5 lds. stowage ends, 84 lds. sawn fir firewood-Driver & Co."
18950518p.820_p002.txt,122,Mathilda,Gothenburg,POOLE,"318 lds. deals, 8 lds. mouldings, 1 ld. doors-E. Loxton",E. Loxton,13,Mar,1895,18,May,1895,False,condensed,0.9,"Mathilda-Gothenburg-318 lds. deals, 8 lds. mouldings, 1 ld. doors-E. Loxton"
18950518p.820_p002.txt,123,Alma,Havre,POOLE,2 lds. boxwood-London and South-Western Railway,London and South-Western Railway,9,Mar,1895,18,May,1895,False,condensed,0.9,9 Alma-Havre-2 lds. boxwood-London and South-Western Railway
18950518p.820_p002.txt,124,Ala,Christiania,POOLE,"432 lds. floorings and matchings, 100 lds. planed whitewood, 30 lds. sawn fir, 78 lds. hewn fir-Driver & Co.",Driver & Co.,11,Mar,1895,18,May,1895,False,condensed,0.9,"11 Ala-Christiania-432 lds. floorings and matchings, 100 lds. planed whitewood, 30 lds. sawn fir, 78 lds. hewn fir-Driver & Co."
18950518p.820_p002.txt,125,Craggs,Gothenburg,POOLE,"533 lds. sawn fir-Elliott, Sons, & Co.","Elliott, Sons, & Co.",11,Mar,1895,18,May,1895,False,condensed,0.9,"Craggs-Gothenburg-533 lds. sawn fir-Elliott, Sons, & Co."
18950518p.820_p002.txt,127,Emma,Stolpemunde,POOLE,83 lds. beech chocks-E. Wiener & Co.,E. Wiener & Co.,11,Mar,1895,18,May,1895,False,condensed,0.9,Emma-Stolpemunde-83 lds. beech chocks-E. Wiener & Co.
18950518p.820_p002.txt,130,Industrie,Stettin,POOLE,"276 lds. hewn oak, 11 lds. hewn fir-Short Bros.",Short Bros.,8,Mar,1895,18,May,1895,False,condensed,0.9,"8 Industrie-Stettin-276 lds. hewn oak, 11 lds. hewn fir-Short Bros."
18950518p.820_p002.txt,131,Fritz Reuter,Memel,POOLE,230 lds. sawn fir-Short Bros.,Short Bros.,8,Mar,1895,18,May,1895,False,condensed,0.9,Fritz Reuter-Memel-230 lds. sawn fir-Short Bros.
18950518p.820_p002.txt,132,Sirius,Danzig,POOLE,216 lds. sawn fir-Jos. Thompson,Jos. Thompson,8,Mar,1895,18,May,1895,False,condensed,0.9,Sirius - Danzig - 216 lds. sawn fir-Jos. Thompson
18950518p.820_p002.txt,133,Clara,Danzig,POOLE,216 lds. beech chocks-E. Wiener & Co.,E. Wiener & Co.,8,Mar,1895,18,May,1895,False,condensed,0.9,Clara - Danzig - 216 lds. beech chocks-E. Wiener & Co.
18950518p.820_p002.txt,134,Gladstone,Danzig,POOLE,443 lds. beech chocks-E. Wiener & Co.,E. Wiener & Co.,8,Mar,1895,18,May,1895,False,condensed,0.9,Gladstone-Danzig-443 lds. beech chocks-E. Wiener & Co.
18950518p.820_p002.txt,135,Herolden,Danzig,POOLE,200 lds. beech chocks-E. Wiener & Co.,E. Wiener & Co.,9,Mar,1895,18,May,1895,False,condensed,0.9,9 Herolden - Danzig - 200 lds. beech chocks-E. Wiener & Co.
18950518p.820_p002.txt,136,Carolina,Uddevalla,POOLE,185 lds. hewn fir-E. Wiener & Co.,E. Wiener & Co.,11,Mar,1895,18,May,1895,False,condensed,0.9,11 Carolina-Uddevalla-185 lds. hewn fir-E. Wiener & Co.
18950518p.820_p002.txt,137,Lindholmen,Gothenburg,POOLE,300 lds. hewn fir-E. Wiener & Co.,E. Wiener & Co.,13,Mar,1895,18,May,1895,False,condensed,0.9,13 Lindholmen-Gothenburg-300 lds. hewn fir-E. Wiener & Co.
18950518p.820_p002.txt,140,Julien,Vannes,POOLE,115 lds. props-Main Colliery Co.,Main Colliery Co.,13,Mar,1895,18,May,1895,False,condensed,0.9,St. Julien-Vannes-115 lds. props-Main Colliery Co.
18950518p.820_p002.txt,141,Dagny,Fredrikstad,POOLE,"471 lds. sawn fir-J. Glassbrook, Sons, & Co.","J. Glassbrook, Sons, & Co.",13,Mar,1895,18,May,1895,False,condensed,0.9,"Dagny Fredrikstad - 471 lds. sawn fir-J. Glassbrook, Sons, & Co."
18950518p.820_p002.txt,142,Gaite,Equille,POOLE,160 lds. props-E. Williams,E. Williams,9,Mar,1895,18,May,1895,False,condensed,0.9,9 Gaite-Equille-160 lds. props-E. Williams
18950518p.820_p002.txt,143,Primus,Gothenburg,POOLE,"19,995 pcs., 4,716 bdls. sawn fir-Marcus Moxham & Co.",Marcus Moxham & Co.,9,Mar,1895,18,May,1895,False,condensed,0.9,"10 Primus Gothenburg-19,995 pcs., 4,716 bdls. sawn fir-Marcus Moxham & Co."
18950518p.820_p002.txt,144,Amelie,Roche Bernard,POOLE,"135 lds. props-E. Williams, Cook, & Co.","E. Williams, Cook, & Co.",9,Mar,1895,18,May,1895,False,condensed,0.9,"Amelie-Roche Bernard - 135 lds. props-E. Williams, Cook, & Co."
18950518p.820_p002.txt,145,Marie Angeline,Vannes,POOLE,160 lds. props-Main Colliery Co.,Main Colliery Co.,11,Mar,1895,18,May,1895,False,condensed,0.9,11 Marie Angeline-Vannes-160 lds. props-Main Colliery Co.
18950518p.820_p002.txt,146,Maurice Gauthier,Equille,POOLE,"130 lds. props-E. Williams, Cook, & Co.","E. Williams, Cook, & Co.",11,Mar,1895,18,May,1895,False,condensed,0.9,"Maurice Gauthier-Equille-130 lds. props-E. Williams, Cook, & Co."
18950518p.820_p002.txt,147,Aglae Charles,Arcachon,POOLE,210 lds. props-Wm. S. Vivian,Wm. S. Vivian,13,Mar,1895,18,May,1895,False,condensed,0.9,13 Aglae Charles-Arcachon-210 lds. props-Wm. S. Vivian
18950518p.820_p002.txt,148,Antoinette St. Pierre,Didone,POOLE,Bordeaux,,13,Mar,1895,18,May,1895,False,condensed,0.9,Antoinette St. Pierre-Didone-Bordeaux-80 lds. props-Wm. Davies & Co.
18950518p.820_p002.txt,150,Vigo,Fredrikstad,POOLE,"275 lds. sawn fir, 35 lds. fir battens, 10 lds. hewn fir, 8 lds. firewood-Thos. J. Crossman",Thos. J. Crossman,13,Mar,1895,18,May,1895,False,condensed,0.9,"Vigo-Fredrikstad-275 lds. sawn fir, 35 lds. fir battens, 10 lds. hewn fir, 8 lds. firewood-Thos. J. Crossman"
18950518p.820_p002.txt,152,Georgio Avassiotti,Porsgrund,TRURO,"450 lds. hewn fir, 5 lds. spars, 27 lds. sawn fir-R. Michell & Son",R. Michell & Son,13,Mar,1895,18,May,1895,False,condensed,1.0,"Georgio Avassiotti - Porsgrund-450 lds. hewn fir, 5 lds. spars, 27 lds. sawn fir-R. Michell & Son"
18950518p.820_p002.txt,154,Caroline,Danzig,TYNE,511 pcs. redwood timber-R. Thubron & Co.,R. Thubron & Co.,13,Mar,1895,18,May,1895,False,condensed,1.0,Caroline-Danzig-511 pcs. redwood timber-R. Thubron & Co.
18950518p.820_p002.txt,155,Amalie,Fredrikstad,TYNE,"36,612 planed boards",,13,Mar,1895,18,May,1895,False,condensed,1.0,"Amalie-Fredrikstad-36,612 planed boards"
18950518p.820_p002.txt,156,John Wesley,Drammen,TYNE,"53,708 props",,13,Mar,1895,18,May,1895,False,condensed,1.0,"9 John Wesley-Drammen-53,708 props"
18950518p.820_p002.txt,157,Dacapo,Porsgrund,TYNE,"25,543 sleepers",,13,Mar,1895,18,May,1895,False,condensed,1.0,"10 Dacapo-Porsgrund-25,543 sleepers"
18950518p.820_p002.txt,158,Erato,Arendal,TYNE,"36,808 props",,13,Mar,1895,18,May,1895,False,condensed,0.9,"Erato-Arendal-36,808 props"
18950518p.820_p002.txt,159,Felicie,Halmstrand,TYNE,"35,939 props",,13,Mar,1895,18,May,1895,False,condensed,0.9,"Felicie-Halmstrand-35,939 props"
18950518p.820_p002.txt,160,Admiral,Hamburg,TYNE,3 cases mouldings-Tyne Steamship Co.,Tyne Steamship Co.,13,Mar,1895,18,May,1895,True,condensed,0.9,Admiral (s)-Hamburg-3 cases mouldings-Tyne Steamship Co.
18950518p.820_p002.txt,161,Orrik,Gothenburg,TYNE,"80 lds. battens, 50 lds. firewood, 80 bales woodpulp",,13,Mar,1895,18,May,1895,True,condensed,0.9,"13 Orrik (s)-Gothenburg-80 lds. battens, 50 lds. firewood, 80 bales woodpulp"
18950518p.820_p002.txt,162,John Ormston,Nykyjobing,TYNE,3 casks staves,,13,Mar,1895,18,May,1895,False,condensed,0.9,John Ormston-Nykyjobing-3 casks staves
18950518p.820_p002.txt,163,Canute,Christiania,TYNE,80 bales woodpulp,,13,Mar,1895,18,May,1895,True,condensed,0.9,Canute (s)-Christiania-80 bales woodpulp
18950518p.820_p002.txt,164,Caroline,Arendal,TYNE,"26,603 props, 6,625 crown-trees",trees,13,Mar,1895,18,May,1895,False,condensed,0.9,"Caroline-Arendal-26,603 props, 6,625 crown-trees"
18950518p.820_p002.txt,165,Kronen,Stettin,TYNE,"158,690 pit props-Hall",Hall,13,Mar,1895,18,May,1895,True,condensed,0.9,"Kronen (s)-Stettin-158,690 pit props-Hall"
18950518p.820_p002.txt,166,Prospero,Rotterdam,TYNE,"3 cases woodware, 400 bdls. hoops-Tyne Steamship Co.",Tyne Steamship Co.,13,Mar,1895,18,May,1895,True,condensed,0.9,"Prospero (s)-Rotterdam-3 cases woodware, 400 bdls. hoops-Tyne Steamship Co."
18950518p.820_p002.txt,168,Uroedd,Fredrikstad,TYNE,"444 lds. sawn fir, 12 lds. hewn fir-Bagg & Sons",Bagg & Sons,13,Mar,1895,18,May,1895,False,condensed,0.9,"Uroedd-Fredrikstad-444 lds. sawn fir, 12 lds. hewn fir-Bagg & Sons"
18950518p.820_p002.txt,170,Ariel,Gothenburg,TYNE,"226 lds. sawn fir, 15 lds. laths-C. Brown",C. Brown,13,Mar,1895,18,May,1895,False,condensed,0.9,"Ariel-Gothenburg-226 lds. sawn fir, 15 lds. laths-C. Brown"
18950518p.820_p002.txt,172,River Derwent,Memel,TYNE,729 lds. sawn fir-English Bros.,English Bros.,13,Mar,1895,18,May,1895,False,condensed,0.9,River Derwent-Memel-729 lds. sawn fir-English Bros.
18950518p.820_p002.txt,173,Andreas,Christiania,TYNE,10 lds. hewn fir-English Bros.,English Bros.,13,Mar,1895,18,May,1895,False,condensed,0.9,13 Andreas - Christiania - 10 lds. hewn fir-English Bros.
18950518p.820_p002.txt,176,City of Exeter,Bristol,TYNE,Rotterdam,,13,Mar,1895,18,May,1895,False,condensed,0.9,City of Exeter-Bristol - Rotterdam - 380 bdls. hoops-J. P. Pinkerton & Co.
18950518p.820_p002.txt,177,Opal,Riga,TYNE,40 lds. laths-G. Heyn & Sons,G. Heyn & Sons,11,Mar,1895,18,May,1895,True,condensed,0.9,11 Opal (s)-Riga-40 lds. laths-G. Heyn & Sons
18950518p.820_p002.txt,179,Svalan,Gothenburg,TYNE,"323 lds. flooring laths, 6 lds. doors-Bellas",Bellas,11,Mar,1895,18,May,1895,False,condensed,0.9,"Svalan-Gothenburg-323 lds. flooring laths, 6 lds. doors-Bellas"
18950518p.820_p002.txt,181,Guiana,Pensacola,DUBLIN,"2,414 pcs. timber, 564 deals-T. & C. Martin, Limited","T. & C. Martin, Limited",11,Mar,1895,18,May,1895,False,condensed,0.9,"Guiana-Pensacola-2,414 pcs. timber, 564 deals-T. & C. Martin, Limited"
18950518p.820_p002.txt,184,Sagainore,Libau,BRISTOL,"54,505 oak staves-Neall",Neall,11,Mar,1895,18,May,1895,False,condensed,0.9,"Sagainore-Libau-54,505 oak staves-Neall"
18950518p.820_p002.txt,187,Delphin,Boston,LIVERPOOL,"5,740 staves-Farnworth & Jardine 493 pcs. oak-A. Dobell & Co. ; 1,602 pcs. walnut - E. Chaloner & Co. ; 5,065 maple blocks-M. Mitchell; 233 pcs. maple and poles, 176 bdls. hickory",Farnworth & Jardine,11,Mar,1895,18,May,1895,True,condensed,0.9,"Delphin (s)-Boston-5,740 staves-Farnworth & Jardine; 493 pcs. oak-A. Dobell & Co. ; 1,602 pcs. walnut - E. Chaloner & Co. ; 5,065 maple blocks-M. Mitchell; 233 pcs. maple and poles, 176 bdls. hickory"
18950518p.820_p002.txt,188,Bostonian,Boston,LIVERPOOL,"2,867 staves-Farnworth & Jardine",Farnworth & Jardine,13,Mar,1895,18,May,1895,True,condensed,0.9,"13 Bostonian (s)-Boston-2,867 staves-Farnworth & Jardine"
18950518p.820_p002.txt,189,Oregon,"Portland, M.",LIVERPOOL,"1,431 mapleblocks-T. Mitchell 1,847 maple blocks",T. Mitchell,13,Mar,1895,18,May,1895,True,condensed,0.9,"Oregon (s)-Portland, M.-1,431 mapleblocks-T. Mitchell; 1,847 maple blocks"
18950518p.820_p002.txt,190,Scotsman,Boston,LIVERPOOL,"1,236 pcs. poplar, 6,510 pcs. lumber-Farnworth & Jardine 2,257 maple blocks-Sharp & Tylee; 2,800 maple blocks-M. Mitchell",Farnworth & Jardine,13,Mar,1895,18,May,1895,True,condensed,0.9,"Scotsman (s)-Boston-1,236 pcs. poplar, 6,510 pcs. lumber-Farnworth & Jardine; 2,257 maple blocks-Sharp & Tylee; 2,800 maple blocks-M. Mitchell"
18950518p.820_p002.txt,191,Gallia,Boston,LIVERPOOL,851 maple blocks-T. Mitchell,T. Mitchell,15,Mar,1895,18,May,1895,True,condensed,0.9,15 Gallia (s)-Boston-851 maple blocks-T. Mitchell
18950518p.820_p003.txt,2,Mariposa,Montreal,LIVERPOOL,"1,100 pcs. maple",,15,Mar,1895,18,May,1895,True,condensed,0.9,"Mariposa (s)—Montreal—1,100 pcs. maple"
18950518p.820_p003.txt,3,Moore Sardinian,Montreal,LIVERPOOL,"2,705 pcs. maple",,15,Mar,1895,18,May,1895,True,condensed,0.9,"Moore Sardinian (s)—Montreal—2,705 pcs. maple"
18950518p.820_p003.txt,6,bdls. maple,,LIVERPOOL,square Moore,,15,Mar,1895,18,May,1895,False,condensed,0.9,400 bdls. maple square—Moore
18950518p.820_p003.txt,8,Tenerife,Cape Lopez,CONVOY DOCK,"2,066 pcs.",,15,Mar,1895,18,May,1895,True,condensed,1.0,"Tenerife (s)—Cape Lopez—2,066 pcs."
18950518p.820_p003.txt,11,D. Jones Bonny,Axim,CONVOY DOCK,7 logs mahogany-F. & A.,F. & A.,15,Mar,1895,18,May,1895,True,condensed,1.0,D. Jones Bonny (s)—Axim—7 logs mahogany—F. & A.
18950518p.820_p003.txt,18,Kerr & Eastee Lot,Benin,LIVERPOOL (CONVOY DOCK),1 log mahogany-Taylor & Co.,Taylor & Co.,15,Mar,1895,18,May,1895,True,condensed,0.9,Kerr & Eastee Lot (s)—Benin—1 log mahogany—Taylor & Co.
18950518p.820_p003.txt,21,Legislator,New Orleans,LIVERPOOL (CONVOY DOCK),"1,395 pcs.",,15,Mar,1895,18,May,1895,True,condensed,0.9,"Legislator (s)—New Orleans—1,395 pcs."
18950518p.820_p003.txt,24,Southwark,Philadelphia,LIVERPOOL (CONVOY DOCK),"1,327 maple",,15,Mar,1895,18,May,1895,True,condensed,0.9,"Southwark (s)—Philadelphia—1,327 maple"
18950518p.820_p003.txt,27,Belgravia,New York,LIVERPOOL (CONVOY DOCK),"1,242 pcs.",,15,Mar,1895,18,May,1895,True,condensed,0.9,"Belgravia (s)—New York—1,242 pcs."
18950518p.820_p003.txt,32,Narva,Trieste,LONDON,"2,176 oak planks",,15,Mar,1895,18,May,1895,True,condensed,0.9,"Narva (s)—Trieste—2,176 oak planks,"
18950518p.820_p003.txt,33,Churchill & Sim Ophelia,Hambro',LONDON,412 logs mahogany,,15,Mar,1895,18,May,1895,True,condensed,0.9,"Churchill & Sim Ophelia (s)—Hambro'—412 logs mahogany,"
18950518p.820_p003.txt,36,MISSING_FROM_OCR,Rangoon,LONDON,"21,700 teak",,15,Mar,1895,18,May,1895,False,condensed,0.9,"Rangoon—21,700 teak"
18950518p.820_p003.txt,39,Gemma,Hambro',LONDON,206 logs maho-,,15,Mar,1895,18,May,1895,True,condensed,0.9,Gemma (s)—Hambro'—206 logs maho-
18950518p.820_p003.txt,42,Staffordshire,New York,TILBURY DOCK,"11,743 staves-Stott",Stott,15,Mar,1895,18,May,1895,True,condensed,1.0,"Staffordshire (s)—New York—11,743 staves—Stott"
18950518p.820_p003.txt,46,Starlight,Libau,LONDON (TILBURY DOCK),"21,250 deals",,15,Mar,1895,18,May,1895,True,condensed,0.9,"Starlight (s)—Libau—21,250 deals"
18950518p.820_p003.txt,162,Stroud,Green.,LIMITED,In this,,15,Mar,1895,18,May,1895,False,condensed,0.9,Stroud Green.—In this
18950518p.820_p003.txt,297,Telegraphic,Address,SCO,"""SINGLETONS, GLASGOW.""",,15,Mar,1895,18,May,1895,False,condensed,1.0,"Telegraphic Address— ""SINGLETONS, GLASGOW."""
18950518p.820_p003.txt,302,Telegraphic,Address,SCO,"""EDMISTON, GLASGOW.""",,15,Mar,1895,18,May,1895,False,condensed,0.9,"Telegraphic Address— ""EDMISTON, GLASGOW."""
18950518p.820_p003.txt,308,Telegraphic,Address,SCO,"""TRAK, GLASGOW.""",,15,Mar,1895,18,May,1895,False,condensed,0.9,"Telegraphic Address—""TRAK, GLASGOW."""
18950518p.820_p003.txt,313,Telegraphic,Address,SCO,"""PATERSON, GLASGOW.""",,15,Mar,1895,18,May,1895,False,condensed,0.9,"Telegraphic Address—""PATERSON, GLASGOW."""
18950518p.820_p003.txt,315,Timber Merchants and,Saw,SCO,millers,,15,Mar,1895,18,May,1895,False,condensed,0.9,"Timber Merchants and Saw-millers,"
18950518p.825.txt,74,Fylla,Carlshamn,NEWS,7 lds. sawn fir-C. Ludwig & Co.,C. Ludwig & Co.,15,Mar,1895,18,May,1895,False,condensed,0.9,Fylla-Carlshamn-7 lds. sawn fir-C. Ludwig & Co.
18950518p.825.txt,75,Indien,Apalachicola,NEWS,"360 lds. sawn fir, 21 lds. deals-Geo. Gordon & Co.",Geo. Gordon & Co.,10,Mar,1895,18,May,1895,False,condensed,0.9,"10 Indien-Apalachicola-360 lds. sawn fir, 21 lds. deals-Geo. Gordon & Co."
18950518p.825.txt,76,Wemyss Castle,Wanevik,NEWS,8 lds. sawn fir-A. & A. Davidson,A. & A. Davidson,10,Mar,1895,18,May,1895,False,condensed,0.9,Wemyss Castle-Wanevik-8 lds. sawn fir-A. & A. Davidson
18950518p.825.txt,79,Ida,Oscarshamn,NEWS,210 lds. pit props-Alloa Coal Co.,Alloa Coal Co.,10,Mar,1895,18,May,1895,False,condensed,0.9,Ida-Oscarshamn-210 lds. pit props-Alloa Coal Co.
18950518p.825.txt,80,Thorny,Gothenburg,NEWS,441 lds. pit props-Alloa Coal Co.,Alloa Coal Co.,10,Mar,1895,18,May,1895,False,condensed,0.9,Thorny-Gothenburg-441 lds. pit props-Alloa Coal Co.
18950518p.825.txt,81,Alfhild,Gothenburg,NEWS,220 lds. pit props-Kirkwood & Co.,Kirkwood & Co.,10,Mar,1895,18,May,1895,False,condensed,0.9,Alfhild-Gothenburg-220 lds. pit props-Kirkwood & Co.
18950518p.825.txt,82,Emilie,Stromstad,NEWS,"180 lds. pit props-Rennie, Bryson, & Co.","Rennie, Bryson, & Co.",10,Mar,1895,18,May,1895,False,condensed,0.9,"Emilie-Stromstad-180 lds. pit props-Rennie, Bryson, & Co."
18950518p.825.txt,83,Trio,Gothenburg,NEWS,402 lds. pit props,,10,Mar,1895,18,May,1895,False,condensed,0.9,Trio-Gothenburg-402 lds. pit props
18950518p.825.txt,84,Anna Charlotte,Windau,NEWS,316 lds. pit props,,10,Mar,1895,18,May,1895,False,condensed,0.9,Anna Charlotte-Windau-316 lds. pit props
18950518p.825.txt,85,Ida,Oscarshamn,NEWS,3 lds. boards-T. Westwood,T. Westwood,8,Mar,1895,18,May,1895,False,condensed,0.9,8 Ida-Oscarshamn-3 lds. boards-T. Westwood
18950518p.825.txt,86,Fredrik Ane,Fjellebronn,NEWS,"174 lds. pit props-Rennie, Bryson, & Co.","Rennie, Bryson, & Co.",8,Mar,1895,18,May,1895,False,condensed,0.9,"Fredrik Ane-Fjellebronn-174 lds. pit props-Rennie, Bryson, & Co."
18950518p.825.txt,87,Livia,Windau,NEWS,310 lds. pit props,,8,Mar,1895,18,May,1895,False,condensed,0.9,Livia-Windau-310 lds. pit props
18950518p.825.txt,88,Cyrus,Windau,NEWS,426 lds. pit props-Rennie,Rennie,8,Mar,1895,18,May,1895,False,condensed,0.9,Cyrus-Windau-426 lds. pit props-Rennie
18950518p.825.txt,89,Lovise,Falkenberg,NEWS,171 lds. pit props-Low,Low,9,Mar,1895,18,May,1895,False,condensed,0.9,9 Lovise-Falkenberg-171 lds. pit props-Low
18950518p.825.txt,90,Svatvik,Goteborg,NEWS,429 lds. pit props-Rennie,Rennie,9,Mar,1895,18,May,1895,False,condensed,0.9,Svatvik-Goteborg-429 lds. pit props-Rennie
18950518p.825.txt,91,Betty,Oscarshamn,NEWS,149 lds. pit props-Alloa Coal Co.,Alloa Coal Co.,10,Mar,1895,18,May,1895,False,condensed,0.9,10 Betty-Oscarshamn-149 lds. pit props-Alloa Coal Co.
18950518p.825.txt,92,Richelieu,Stromstad,NEWS,408 lds. pit props,,10,Mar,1895,18,May,1895,False,condensed,0.9,Richelieu-Stromstad-408 lds. pit props
18950518p.825.txt,93,Robert,Figeholm,NEWS,197 lds. pit props-Alloa Coal Co.,Alloa Coal Co.,10,Mar,1895,18,May,1895,False,condensed,0.9,Robert-Figeholm-197 lds. pit props-Alloa Coal Co.
18950518p.825.txt,94,Berger,Figeholm,NEWS,228 lds. pit props-Donibristle Colliery Co.,Donibristle Colliery Co.,10,Mar,1895,18,May,1895,False,condensed,0.9,Berger-Figeholm-228 lds. pit props-Donibristle Colliery Co.
18950518p.825.txt,95,Johanna Mathilda,Oscarshamn,NEWS,"193 lds. props-T. Spowart & Co. from Kragero-140 lds. pit props-Rennie, Bryson, & Co.",T. Spowart & Co.,11,Mar,1895,18,May,1895,False,condensed,0.9,"11 Johanna Mathilda-Oscarshamn-193 lds. props-T. Spowart & Co. ; from Kragero-140 lds. pit props-Rennie, Bryson, & Co."
18950518p.825.txt,96,Neptun,Danzig,NEWS,157 lds. oak staves-Haldane,Haldane,11,Mar,1895,18,May,1895,False,condensed,0.9,Neptun-Danzig-157 lds. oak staves-Haldane
18950518p.825.txt,97,Axel,Namsos,NEWS,320 lds. sawn fir-A. Thomson,A. Thomson,13,Mar,1895,18,May,1895,False,condensed,0.9,13 Axel-Namsos-320 lds. sawn fir-A. Thomson
18950518p.825.txt,98,Forsoket,Stromstad,NEWS,300 lds. pit props,,13,Mar,1895,18,May,1895,False,condensed,0.9,Forsoket-Stromstad-300 lds. pit props
18950518p.825.txt,101,Mary,Riga,NEWS,139 lds. sawn fir-A. & A. Saw-mill Co. 115 lds. lathwood-Still,A. & A. Saw-mill Co.,13,Mar,1895,18,May,1895,False,condensed,0.9,Mary-Riga-139 lds. sawn fir-A. & A. Saw-mill Co.; 115 lds. lathwood-Still
18950518p.825.txt,104,Elfie,Memel,NEWS,"1,122 lds. sleeper blocks, 55 lds. sleepers-W. Christie & Co.",W. Christie & Co.,13,Mar,1895,18,May,1895,True,condensed,0.9,"Elfie (s)-Memel-1,122 lds. sleeper blocks, 55 lds. sleepers-W. Christie & Co."
18950518p.825.txt,107,Jorgin Bagge,Gothenburg,NEWS,984 lds. props-Love & Stewart,Love & Stewart,13,Mar,1895,18,May,1895,False,condensed,0.9,Jorgin Bagge-Gothenburg-984 lds. props-Love & Stewart
18950518p.825.txt,110,Stern,Windau,BO'NESS,650 lds. pitwood-W. Shanks & Sons,W. Shanks & Sons,13,Mar,1895,18,May,1895,True,condensed,1.0,Stern (s)-Windau-650 lds. pitwood-W. Shanks & Sons
18950518p.825.txt,111,Windau,Windau,BO'NESS,475 lds. pitwood-J. Denholm & Co.,J. Denholm & Co.,13,Mar,1895,18,May,1895,True,condensed,1.0,Windau (s)-Windau-475 lds. pitwood-J. Denholm & Co.
18950518p.825.txt,112,Titana,Windau,BO'NESS,410 lds. props-Love & Co.,Love & Co.,13,Mar,1895,18,May,1895,False,condensed,1.0,Titana-Windau-410 lds. props-Love & Co.
18950518p.825.txt,113,Elise Marie,Skien,BO'NESS,110 lds. props-J. Kennedy,J. Kennedy,13,Mar,1895,18,May,1895,False,condensed,1.0,Elise Marie-Skien-110 lds. props-J. Kennedy
18950518p.825.txt,114,Lovart,Halmstad,BO'NESS,430 lds. props-Love,Love,13,Mar,1895,18,May,1895,True,condensed,0.9,Lovart (s)-Halmstad-430 lds. props-Love
18950518p.825.txt,115,Alesto,Christiansand,BO'NESS,120 lds. props-Love,Love,13,Mar,1895,18,May,1895,False,condensed,0.9,Alesto-Christiansand-120 lds. props-Love
18950518p.825.txt,116,Pyiates,Sandefjord,BO'NESS,100 lds. deals and battens-A. B. Low & Co.,A. B. Low & Co.,13,Mar,1895,18,May,1895,False,condensed,0.9,Pyiates-Sandefjord-100 lds. deals and battens-A. B. Low & Co.
18950518p.825.txt,117,Constance,Gothenburg,BO'NESS,420 lds. hewn fir-J. Denholm & Co.,J. Denholm & Co.,13,Mar,1895,18,May,1895,False,condensed,0.9,Constance-Gothenburg-420 lds. hewn fir-J. Denholm & Co.
18950518p.825.txt,118,Concurrent,Windau,BO'NESS,600 lds. props-Love,Love,8,Mar,1895,18,May,1895,True,condensed,0.9,8 Concurrent (s)-Windau-600 lds. props-Love
18950518p.825.txt,119,Gustaf,Fredrikshald,BO'NESS,193 lds. props-Stevenson & Cowie,Stevenson & Cowie,8,Mar,1895,18,May,1895,False,condensed,0.9,Gustaf-Fredrikshald-193 lds. props-Stevenson & Cowie
18950518p.825.txt,120,Josephine,Falkenburg,BO'NESS,105 lds. props-Love,Love,8,Mar,1895,18,May,1895,False,condensed,0.9,Josephine-Falkenburg-105 lds. props-Love
18950518p.825.txt,121,De Geschwister,Windau,BO'NESS,262 lds. pitwood-J. Denholm & Co.,J. Denholm & Co.,8,Mar,1895,18,May,1895,False,condensed,0.9,De Geschwister-Windau-262 lds. pitwood-J. Denholm & Co.
18950518p.825.txt,122,Preference,Halmstad,BO'NESS,250 lds. pitwood-W. Shanks & Sons,W. Shanks & Sons,8,Mar,1895,18,May,1895,False,condensed,0.9,Preference-Halmstad-250 lds. pitwood-W. Shanks & Sons
18950518p.825.txt,123,Pyiates,Sandefjord,BO'NESS,10 lds. firewood-A. B. Low & Co.,A. B. Low & Co.,8,Mar,1895,18,May,1895,False,condensed,0.9,Pyiates-Sandefjord-10 lds. firewood-A. B. Low & Co.
18950518p.825.txt,124,Amazone,Drammen,BO'NESS,250 lds. pitwood-J. Denholm & Co.,J. Denholm & Co.,9,Mar,1895,18,May,1895,False,condensed,0.9,9 Amazone-Drammen-250 lds. pitwood-J. Denholm & Co.
18950518p.825.txt,125,August Julius,Windau,BO'NESS,310 lds. pitwood-Love & Stewart,Love & Stewart,9,Mar,1895,18,May,1895,False,condensed,0.9,August Julius-Windau-310 lds. pitwood-Love & Stewart
18950518p.825.txt,126,Herna,Windau,BO'NESS,676 lds. pitwood-J. Denholm & Co.,J. Denholm & Co.,9,Mar,1895,18,May,1895,False,condensed,0.9,Herna-Windau-676 lds. pitwood-J. Denholm & Co.
18950518p.825.txt,127,Vikingen,Drammen,BO'NESS,402 lds. pitwood-J. Denholm & Co.,J. Denholm & Co.,9,Mar,1895,18,May,1895,False,condensed,0.9,J. Denholm & Co. Vikingen-Drammen-402 lds. pitwood-J. Denholm & Co.
18950518p.825.txt,129,Matena,Drammen,BO'NESS,65 lds. pitwood-J. Denholm & Co.,J. Denholm & Co.,9,Mar,1895,18,May,1895,False,condensed,0.9,Matena-Drammen-65 lds. pitwood-J. Denholm & Co.
18950518p.825.txt,130,Fremad,Christiansand,BO'NESS,184 lds. props-J. Denholm & Co.,J. Denholm & Co.,9,Mar,1895,18,May,1895,False,condensed,0.9,Fremad-Christiansand-184 lds. props-J. Denholm & Co.
18950518p.825.txt,133,Christian,Gothenburg,DUNDEE,167 lds. deals and battens-Cameron Bros.,Cameron Bros.,9,Mar,1895,18,May,1895,False,condensed,0.9,Christian-Gothenburg-167 lds. deals and battens-Cameron Bros.
18950518p.825.txt,134,Carl,Danzig,DUNDEE,247 lds. hewn fir-Cameron Bros.,Cameron Bros.,9,Mar,1895,18,May,1895,False,condensed,0.9,Carl-Danzig-247 lds. hewn fir-Cameron Bros.
18950518p.825.txt,135,Diamond,Riga,DUNDEE,59 lds. deal ends-Langlands & McAlister,Langlands & McAlister,8,Mar,1895,18,May,1895,True,condensed,0.9,8 Diamond (s)-Riga-59 lds. deal ends-Langlands & McAlister
18950518p.825.txt,136,Charles,Danzig,DUNDEE,"13 lds. hewn oak, 425 lds. fir-Fleming & Barry",Fleming & Barry,8,Mar,1895,18,May,1895,False,condensed,0.9,"Charles-Danzig-13 lds. hewn oak, 425 lds. fir-Fleming & Barry"
18950518p.825.txt,137,Newington,Riga,DUNDEE,166 lds. deals and boards-Bell & Sime,Bell & Sime,9,Mar,1895,18,May,1895,False,condensed,0.9,9 Newington-Riga-166 lds. deals and boards-Bell & Sime
18950518p.825.txt,138,Penelope,Riga,DUNDEE,171 lds. lathwood-Blimman,Blimman,10,Mar,1895,18,May,1895,False,condensed,0.9,10 Penelope-Riga-171 lds. lathwood-Blimman
18950518p.825.txt,141,Hibernian,Boston,DUNDEE,"437 pcs. lumber-Singleton, Dunn, & Co. 573 pcs. lumber-Wright, Graham, & Co. ; 9,000 staves-T. Kerr & Co. ; 100 bdls. handles, 24 logs","Singleton, Dunn, & Co.",10,Mar,1895,18,May,1895,False,condensed,0.9,"Hibernian-Boston-437 pcs. lumber-Singleton, Dunn, & Co. ; 573 pcs. lumber-Wright, Graham, & Co. ; 9,000 staves-T. Kerr & Co. ; 100 bdls. handles, 24 logs"
18950518p.825.txt,142,Indrani,Baltimore,DUNDEE,"1,197 pcs., 29 logs oak-Cant & Kemp 997 pcs., 22 logs, 1 bundle oak, 42 logs walnut, 10 logs, 487 pcs. poplar-Edmiston & Mitchells ; 3,273 pcs. oak, 462 pcs. pine-Allison, Cousland, & Co. ; 285 pcs. oak-Wright, Graham, & Co. ; 10 logs cherry, 4 logs maple-J. Kennedy & Co. ; 1,396 pcs. oak, 1,212 pcs. poplar",Cant & Kemp,10,Mar,1895,18,May,1895,False,condensed,0.9,"Indrani-Baltimore-1,197 pcs., 29 logs oak-Cant & Kemp ; 997 pcs., 22 logs, 1 bundle oak, 42 logs walnut, 10 logs, 487 pcs. poplar-Edmiston & Mitchells ; 3,273 pcs. oak, 462 pcs. pine-Allison, Cousland, & Co. ; 285 pcs. oak-Wright, Graham, & Co. ; 10 logs cherry, 4 logs maple-J. Kennedy & Co. ; 1,396 pcs. oak, 1,212 pcs. poplar"
18950518p.825.txt,143,Ethiopia,New York,DUNDEE,"1,274 crts., 601 boxes wood, 7,210 brl. staves, 142 crts. veneer, 2,977 pcs. oak lumber",,10,Mar,1895,18,May,1895,False,condensed,0.9,"8 Ethiopia-New York-1,274 crts., 601 boxes wood, 7,210 brl. staves, 142 crts. veneer, 2,977 pcs. oak lumber"
18950518p.825.txt,144,State of Nebraska,New York,DUNDEE,"6,000 staves-R. Hamilton & Co. 1,567 pcs. lumber-Wright, Graham, & Co. ; 261 pcs. lignum-vitæ, 14 cs. mouldings, 500 bls. staves",R. Hamilton & Co.,9,Mar,1895,18,May,1895,False,condensed,0.9,"9 State of Nebraska-New York-6,000 staves-R. Hamilton & Co. ; 1,567 pcs. lumber-Wright, Graham, & Co. ; 261 pcs. lignum-vitæ, 14 cs. mouldings, 500 bls. staves"
18950518p.825.txt,145,Inga,Belize,DUNDEE,"388 logs mahogany, 141 ends mahogany, 7 curls mahogany-Allison",Allison,13,Mar,1895,18,May,1895,False,condensed,0.9,"13 Inga-Belize-388 logs mahogany, 141 ends mahogany, 7 curls mahogany-Allison"
18950518p.825.txt,148,Tronda,Drontheim,DUNDEE,"3,428 scantlings, 11,204 battens",,13,Mar,1895,18,May,1895,False,condensed,0.9,"Tronda-Drontheim-3,428 scantlings, 11,204 battens"
18950518p.825.txt,149,Arabia,Pensacola,DUNDEE,"1,309 pcs. pitch pine timber, 5,200 boards and deals-McPherson",McPherson,9,Mar,1895,18,May,1895,False,condensed,0.9,"9 Arabia-Pensacola-1,309 pcs. pitch pine timber, 5,200 boards and deals-McPherson"
18950518p.825.txt,150,Antilla,Arendal,DUNDEE,"298 spars, 1,583 pit props, 20 fms. slabs, &c.-P. & J. Wilkie",P. & J. Wilkie,9,Mar,1895,18,May,1895,False,condensed,0.9,"Antilla-Arendal-298 spars, 1,583 pit props, 20 fms. slabs, &c.-P. & J. Wilkie"
18950518p.825.txt,153,Elvira,Oscarshamn,DUNDEE,240 lds. props-Lochgelly Iron and Coal Co.,Lochgelly Iron and Coal Co.,9,Mar,1895,18,May,1895,False,condensed,0.9,Elvira-Oscarshamn-240 lds. props-Lochgelly Iron and Coal Co.
18950518p.825.txt,154,Eliezer,Sandefjord,DUNDEE,180 lds. props-Lochgelly Iron and Coal Co.,Lochgelly Iron and Coal Co.,9,Mar,1895,18,May,1895,False,condensed,0.9,Eliezer-Sandefjord-180 lds. props-Lochgelly Iron and Coal Co.
18950518p.825.txt,157,Moldart,Riga,DUNDEE,"206 lds. lathwood, 73 lds. battens-Cormack & Co.",Cormack & Co.,9,Mar,1895,18,May,1895,False,condensed,0.9,"Moldart-Riga-206 lds. lathwood, 73 lds. battens-Cormack & Co."
18950518p.825.txt,158,Croft,New York,DUNDEE,3 lds. staves-H. Blaik & Co.,H. Blaik & Co.,9,Mar,1895,18,May,1895,False,condensed,0.9,Croft-New York-3 lds. staves-H. Blaik & Co.
18950518p.825.txt,159,Starleyhall,Bordeaux,DUNDEE,13 lds. hoops-Aitken,Aitken,9,Mar,1895,18,May,1895,False,condensed,0.9,Starleyhall-Bordeaux-13 lds. hoops-Aitken
18950518p.825.txt,160,Anna Sophie,Kragero,DUNDEE,266 lds. sawn fir-Garland & Roger,Garland & Roger,9,Mar,1895,18,May,1895,False,condensed,0.9,Anna Sophie-Kragero-266 lds. sawn fir-Garland & Roger
18950518p.825.txt,161,Minnesota,Baltimore,DUNDEE,"75 lds. poplar logs, 109 lds. oak lumber-W. Thomson & Co.",W. Thomson & Co.,9,Mar,1895,18,May,1895,False,condensed,0.9,"9 Minnesota-Baltimore-75 lds. poplar logs, 109 lds. oak lumber-W. Thomson & Co."
18950518p.825.txt,162,Ceres,Tvedestrand,DUNDEE,247 lds. deals-C. Salvesen,C. Salvesen,9,Mar,1895,18,May,1895,False,condensed,0.9,Ceres-Tvedestrand-247 lds. deals-C. Salvesen
18950518p.825.txt,163,Tronda,Drontheim,DUNDEE,"49 lds. deals, 165 lds. staves-C. Salvesen & Co.",C. Salvesen & Co.,9,Mar,1895,18,May,1895,False,condensed,0.9,"Tronda-Drontheim-49 lds. deals, 165 lds. staves-C. Salvesen & Co."
18950518p.825.txt,164,Larus,Risoer,DUNDEE,346 lds. sawn fir-Garland,Garland,10,Mar,1895,18,May,1895,False,condensed,0.9,10 Larus-Risoer-346 lds. sawn fir-Garland
18950518p.825.txt,165,Ancona,Libau,DUNDEE,"25 lds. oak staves, 80 lds. deals-Jas. Currie & Co.",Jas. Currie & Co.,11,Mar,1895,18,May,1895,False,condensed,0.9,"11 Ancona-Libau-25 lds. oak staves, 80 lds. deals-Jas. Currie & Co."
18950518p.825.txt,166,Robert,Skien,DUNDEE,214 lds. sawn fir-Forslind,Forslind,11,Mar,1895,18,May,1895,False,condensed,0.9,Robert-Skien-214 lds. sawn fir-Forslind
18950518p.825.txt,167,Reidar,Namsos,DUNDEE,260 lds. battens-Forslind,Forslind,11,Mar,1895,18,May,1895,False,condensed,0.9,Reidar-Namsos-260 lds. battens-Forslind
18950518p.825.txt,168,Mascotte,Rotterdam,DUNDEE,1 ld. hoops-G. Gibson,G. Gibson,13,Mar,1895,18,May,1895,False,condensed,0.9,13 Mascotte-Rotterdam-1 ld. hoops-G. Gibson
18950518p.825.txt,179,Against this the defenders appealed to the Sheriff,"Principal, who has now given judgment. His lordship opens up the record, allows the pursuer to amend his pleadings, and, this having been done, closes the record of new, reserving the question of expenses. His lordship finds that on a true construction of the charter",DUNDEE,"party the sum of £20 provided therein as liquidated damages for a breach of the stipulation that the ship should be addressed “for inward reporting to charterers' agents at port of discharge, paying usual commission,” was to be treated as ascertained damages payable in the event of a breach of that stipulation, and was not subject to the modification as a penalty, on evidence as to the amount of damage.",,13,Mar,1895,18,May,1895,False,condensed,0.9,"Against this the defenders appealed to the Sheriff-Principal, who has now given judgment. His lordship opens up the record, allows the pursuer to amend his pleadings, and, this having been done, closes the record of new, reserving the question of expenses. His lordship finds that on a true construction of the charter-party the sum of £20 provided therein as liquidated damages for a breach of the stipulation that the ship should be addressed “for inward reporting to charterers' agents at port of discharge, paying usual commission,” was to be treated as ascertained damages payable in the event of a breach of that stipulation, and was not subject to the modification as a penalty, on evidence as to the amount of damage."
18950518p.825.txt,180,His lordship remits to the,Sheriff,DUNDEE,Substitute for further procedure.,,13,Mar,1895,18,May,1895,False,condensed,0.9,His lordship remits to the Sheriff-Substitute for further procedure.
18950518p.825.txt,184,Applications unaccompanied by references will not be noticed. Firms whose names are already on the War Office list need not apply. DUNDEE.,Post Office.,DUNDEE,"For erection of new post office at Dundee, for the Commissioners of H.M. Works and Public Buildings. Drawings, specification, and a copy of the conditions and form of contract may be seen on application to the Postmaster at Dundee between 10 a.m. and 4 p.m. Bills of quantities have been prepared for the use of the builders by Mr. P. Lawrence, 50A, Frederick Street, Edinburgh, and, together with forms of tender, may be obtained at H.M. Office of Works, Edinburgh, on payment of £1 1s. The sums so paid will be returned to those persons who send in tenders in conformity with the conditions specified below. The Commissioners do not hold themselves responsible for the accuracy of the quantities. Tenders to be delivered by June 1st, addressed to the Secretary, H.M. Office of Works, &c., 12, Whitehall Place, London, S.W., and endorsed “Tender for New Post Office, Dundee.”",,13,Mar,1895,18,May,1895,False,condensed,0.9,"Applications unaccompanied by references will not be noticed. Firms whose names are already on the War Office list need not apply. DUNDEE.—Post Office.—For erection of new post office at Dundee, for the Commissioners of H.M. Works and Public Buildings. Drawings, specification, and a copy of the conditions and form of contract may be seen on application to the Postmaster at Dundee between 10 a.m. and 4 p.m. Bills of quantities have been prepared for the use of the builders by Mr. P. Lawrence, 50A, Frederick Street, Edinburgh, and, together with forms of tender, may be obtained at H.M. Office of Works, Edinburgh, on payment of £1 1s. The sums so paid will be returned to those persons who send in tenders in conformity with the conditions specified below. The Commissioners do not hold themselves responsible for the accuracy of the quantities. Tenders to be delivered by June 1st, addressed to the Secretary, H.M. Office of Works, &c., 12, Whitehall Place, London, S.W., and endorsed “Tender for New Post Office, Dundee.”"
18950525p.855_p001.txt,7,Sandland,Konigsberg,DUNDEE,"334 lds. hewn fir, 115 lds. props-Crossfield & Co.",Crossfield & Co.,13,Mar,1895,25,May,1895,True,condensed,0.9,"Sandland (s)-Konigsberg-334 lds. hewn fir, 115 lds. props-Crossfield & Co."
18950525p.855_p001.txt,8,Vikingen,Gothenburg,DUNDEE,323 lds. boards-W. Gradwell & Co.,W. Gradwell & Co.,20,Mar,1895,25,May,1895,False,condensed,0.9,20 Vikingen-Gothenburg-323 lds. boards-W. Gradwell & Co.
18950525p.855_p001.txt,11,Michael Kelly,Fredrikstad,DUNDEE,194 lds. boards-P. & H. Lewis,P. & H. Lewis,20,Mar,1895,25,May,1895,False,condensed,0.9,Michael Kelly-Fredrikstad-194 lds. boards-P. & H. Lewis
18950525p.855_p001.txt,14,Koidala,Danzig,BOSTON,405 lds. hewn fir-Harrison & Lewin,Harrison & Lewin,20,Mar,1895,25,May,1895,False,condensed,1.0,Koidala-Danzig-405 lds. hewn fir-Harrison & Lewin
18950525p.855_p001.txt,17,Hertha,Riga,BRIDPORT,12 fms. lathwood-Somerset Trading Co,Somerset Trading Co,20,Mar,1895,25,May,1895,True,condensed,1.0,Hertha (s)-Riga-12 fms. lathwood-Somerset Trading Co
18950525p.855_p001.txt,20,Juno,Nantes,BRIDPORT,195 tons pitwood-Jones & P. Hutchinson,Jones & P. Hutchinson,20,Mar,1895,25,May,1895,True,condensed,1.0,Juno (s)-Nantes-195 tons pitwood-Jones & P. Hutchinson
18950525p.855_p001.txt,24,Rosella,Bordeaux,BRISTOL,"1,400 lds. pitwood-Powley, Thomas, & Co.","Powley, Thomas, & Co.",20,Mar,1895,25,May,1895,False,condensed,0.9,"Rosella-Bordeaux-1,400 lds. pitwood-Powley, Thomas, & Co."
18950525p.855_p001.txt,25,Garonne,Bordeaux,BRISTOL,900 lds. pitwood-Corfield,Corfield,20,Mar,1895,25,May,1895,False,condensed,0.9,Garonne-Bordeaux-900 lds. pitwood-Corfield
18950525p.855_p001.txt,26,Adour,Bayonne,BRISTOL,"1,200 lds. pitwood-Capelle",Capelle,20,Mar,1895,25,May,1895,False,condensed,0.9,"Adour-Bayonne-1,200 lds. pitwood-Capelle"
18950525p.855_p001.txt,27,Jane Kilgour,St. Brieux,BRISTOL,"267 lds. pitwood-Watts, Williams, & Co.","Watts, Williams, & Co.",15,Mar,1895,25,May,1895,False,condensed,0.9,"15 Jane Kilgour-St. Brieux-267 lds. pitwood-Watts, Williams, & Co."
18950525p.855_p001.txt,28,Jules et Noemi,Roche Bernard,BRISTOL,"145 lds. pitwood-Watts, Williams, & Co.","Watts, Williams, & Co.",16,Mar,1895,25,May,1895,False,condensed,0.9,"16 Jules et Noemi-Roche Bernard-145 lds. pitwood-Watts, Williams, & Co."
18950525p.855_p001.txt,29,Renée Adrienne,Villagarcia,BRISTOL,500 lds. pitwood-Coppock & Co.,Coppock & Co.,17,Mar,1895,25,May,1895,False,condensed,0.9,17 Renée Adrienne-Villagarcia-500 lds. pitwood-Coppock & Co.
18950525p.855_p001.txt,30,C. S. Spooner,Stettin,BRISTOL,"150 lds. hewn oak, 50 lds. hewn fir-J. Bland & Co.",J. Bland & Co.,20,Mar,1895,25,May,1895,False,condensed,0.9,"20 C. S. Spooner-Stettin-150 lds. hewn oak, 50 lds. hewn fir-J. Bland & Co."
18950525p.855_p001.txt,31,Pauline,Quimper,BRISTOL,105 lds. hewn fir-Filleul & Co.,Filleul & Co.,20,Mar,1895,25,May,1895,False,condensed,0.9,Pauline-Quimper-105 lds. hewn fir-Filleul & Co.
18950525p.855_p001.txt,34,Erura,Porsgrund,BRISTOL,220 lds. hewn fir timber-R. Grandidge,R. Grandidge,20,Mar,1895,25,May,1895,False,condensed,0.9,Erura-Porsgrund-220 lds. hewn fir timber-R. Grandidge
18950525p.855_p001.txt,35,Elisa,Brevig,BRISTOL,159 lds. pitwood,,20,Mar,1895,25,May,1895,False,condensed,0.9,18 Elisa-Brevig-159 lds. pitwood
18950525p.855_p001.txt,38,Marie Charlotte,Porsgrund,BRISTOL,"110 lds. hewn fir, 10 lds. battens-Gwenap Co.",Gwenap Co.,20,Mar,1895,25,May,1895,False,condensed,0.9,"Marie Charlotte-Porsgrund-110 lds. hewn fir, 10 lds. battens-Gwenap Co."
18950525p.855_p001.txt,41,Cape Wrath,San Francisco,FLEETWOOD,38 lds. boards-Lyle Shipping Co.,Lyle Shipping Co.,20,Mar,1895,25,May,1895,False,condensed,1.0,Cape Wrath-San Francisco-38 lds. boards-Lyle Shipping Co.
18950525p.855_p001.txt,42,Ounara,Portland,FLEETWOOD,25 lds. boards-Ward & Son,Ward & Son,20,Mar,1895,25,May,1895,False,condensed,1.0,Ounara-Portland-25 lds. boards-Ward & Son
18950525p.855_p001.txt,45,H. Von Witt,Memel,GRIMSBY,"758 bdls. blocks, 40 lds. sleepers-W. Christie & Co.",W. Christie & Co.,20,Mar,1895,25,May,1895,False,condensed,0.9,"H. Von Witt-Memel-758 bdls. blocks, 40 lds. sleepers-W. Christie & Co."
18950525p.855_p001.txt,46,Domino,Gothenburg,GRIMSBY,"176 lds. boards, 25 lds. laths-T. Wilson, Sons, & Co.","T. Wilson, Sons, & Co.",16,Mar,1895,25,May,1895,False,condensed,0.9,"16 Domino-Gothenburg-176 lds. boards, 25 lds. laths-T. Wilson, Sons, & Co."
18950525p.855_p001.txt,47,Violet,Brevig,GRIMSBY,2 lds. spars-Co-operative Ice Co.,Co-operative Ice Co.,16,Mar,1895,25,May,1895,False,condensed,0.9,Violet-Brevig-2 lds. spars-Co-operative Ice Co.
18950525p.855_p001.txt,48,Fylla,Monsteras,GRIMSBY,152 lds. props-Baird,Baird,16,Mar,1895,25,May,1895,False,condensed,0.9,Fylla-Monsteras-152 lds. props-Baird
18950525p.855_p001.txt,49,Midtskov,Memel,GRIMSBY,"97 lds. oak staves, 16 lds. oak staves (ends)-Pickford & Co.",Pickford & Co.,16,Mar,1895,25,May,1895,False,condensed,0.9,"Midtskov-Memel-97 lds. oak staves, 16 lds. oak staves (ends)-Pickford & Co."
18950525p.855_p001.txt,50,Thor,Bergqvara,GRIMSBY,156 lds. props-J. W. Baird,J. W. Baird,16,Mar,1895,25,May,1895,False,condensed,0.9,Thor-Bergqvara-156 lds. props-J. W. Baird
18950525p.855_p001.txt,51,Robson Forsok,Bergqvara,GRIMSBY,33 lds. props-J. Hessler & Co.,J. Hessler & Co.,16,Mar,1895,25,May,1895,False,condensed,0.9,Robson Forsok-Bergqvara-33 lds. props-J. Hessler & Co.
18950525p.855_p001.txt,53,J. W. Baird Iris,Calmar,GRIMSBY,280 lds. props-Pedersen & Co.,Pedersen & Co.,16,Mar,1895,25,May,1895,False,condensed,0.9,J. W. Baird Iris-Calmar-280 lds. props-Pedersen & Co.
18950525p.855_p001.txt,55,Competition,Monsteras,GRIMSBY,235 lds. props-G. Bradley & Co.,G. Bradley & Co.,16,Mar,1895,25,May,1895,False,condensed,0.9,Competition-Monsteras - 235 lds. props-G. Bradley & Co.
18950525p.855_p001.txt,56,Marie,Stockholm,GRIMSBY,322 lds. props-Hessler,Hessler,18,Mar,1895,25,May,1895,True,condensed,0.9,18 Marie (s)-Stockholm-322 lds. props-Hessler
18950525p.855_p001.txt,57,Neptun,Halmstad,GRIMSBY,395 lds. props-Pritchard,Pritchard,18,Mar,1895,25,May,1895,True,condensed,0.9,Neptun(s)-Halmstad-395 lds. props-Pritchard
18950525p.855_p001.txt,58,Charles Kahl,Danzig,GRIMSBY,1 ld. sawn oak-Exors. of late T. Walker,Exors. of late T. Walker,18,Mar,1895,25,May,1895,False,condensed,0.9,Charles Kahl-Danzig-1 ld. sawn oak-Exors. of late T. Walker
18950525p.855_p001.txt,59,Borodino,Riga,GRIMSBY,"627 lds. deals, 180 lds. sleepers-R. Wade, Sons, & Co. 88 lds. board ends-Exors. of late T. Walker; 242 lds. sleeper blocks, 78 lds. sleepers-Lauder","R. Wade, Sons, & Co.",18,Mar,1895,25,May,1895,True,condensed,0.9,"Borodino (s)-Riga-627 lds. deals, 180 lds. sleepers-R. Wade, Sons, & Co.; 88 lds. board ends-Exors. of late T. Walker; 242 lds. sleeper blocks, 78 lds. sleepers-Lauder"
18950525p.855_p001.txt,60,Gipsy Queen,Gothenburg,GRIMSBY,"173 lds. props, 273 lds. sleepers, 70 lds. props, 29 lds. laths, 8 lds. rails, 32 lds. hewn fir-T. Barraclough",T. Barraclough,20,Mar,1895,25,May,1895,True,condensed,0.9,"20 Gipsy Queen (s)-Gothenburg-173 lds. props, 273 lds. sleepers, 70 lds. props, 29 lds. laths, 8 lds. rails, 32 lds. hewn fir-T. Barraclough"
18950525p.855_p001.txt,61,Fruhling,Danzig,GRIMSBY,420 lds. hewn oak-Pickford,Pickford,20,Mar,1895,25,May,1895,False,condensed,0.9,Fruhling-Danzig-420 lds. hewn oak-Pickford
18950525p.855_p001.txt,64,Talis,Gefle,GRIMSBY,"1,232 lds. deals and battens-Groom & Son",Groom & Son,20,Mar,1895,25,May,1895,False,condensed,0.9,"Talis-Gefle-1,232 lds. deals and battens -Groom & Son"
18950525p.855_p001.txt,65,Ferrom,Ljusne,GRIMSBY,"13,746 deals and battens Taylor & Butler",,20,Mar,1895,25,May,1895,False,condensed,0.9,"21 Ferrom-Ljusne-13,746 deals and battens Taylor & Butler"
18950525p.855_p001.txt,69,Neutral,Libau,GRIMSBY,18 pcs. hewn fir-Duus Dalton Holmes & Co.,Duus Dalton Holmes & Co.,20,Mar,1895,25,May,1895,True,condensed,0.9,Neutral (s)-Libau-18 pcs. hewn fir-Duus Dalton Holmes & Co.
18950525p.855_p001.txt,70,Ariosto,Gothenburg,GRIMSBY,"7,534 pcs. deals-Pyman, Bell, & Co. 1,370 pit props-Chas. Wells & Co. ; 800 bdls. laths-Heaven & Kesterton; 980 bdls. laths-T. W. Allen Bros.; 400 bdls. laths-North-Eastern Rail-way Co.; 3,0.0 bdls. laths-T. W. Allen; 4 220 pit props-Chas. Wells & Co. ; 3,200 pit props-Henry Smith & Co. ; 2,063 posts, stays, and rails-R. Wade, Sons, & Co.","Pyman, Bell, & Co.",20,Mar,1895,25,May,1895,True,condensed,0.9,"Ariosto (s)-Gothenburg-7,534 pcs. deals-Pyman, Bell, & Co. ; 1,370 pit props-Chas. Wells & Co. ; 800 bdls. laths-Heaven & Kesterton; 980 bdls. laths-T. W. Allen Bros.; 400 bdls. laths-North-Eastern Rail-way Co.; 3,0.0 bdls. laths-T. W. Allen; 4 220 pit props-Chas. Wells & Co. ; 3,200 pit props-Henry Smith & Co. ; 2,063 posts, stays, and rails-R. Wade, Sons, & Co."
18950525p.855_p001.txt,70,North,Eastern Rail,GRIMSBY,"way Co.; 3,0.0 bdls. laths-T. W. Allen 4 220 pit props-Chas. Wells & Co. ; 3,200 pit props-Henry Smith & Co. ; 2,063 posts, stays, and rails-R. Wade, Sons, & Co.",T. W. Allen,20,Mar,1895,25,May,1895,False,condensed,0.9,"North-Eastern Rail-way Co.; 3,0.0 bdls. laths-T. W. Allen; 4 220 pit props-Chas. Wells & Co. ; 3,200 pit props-Henry Smith & Co. ; 2,063 posts, stays, and rails-R. Wade, Sons, & Co."
18950525p.855_p001.txt,72,Balder,Oscarshamn,GRIMSBY,"1,388 bdls. broom-handle squares-Wikner & Co. 17,533 pit props-Roberts & Cooper",handle squares-Wikner & Co.,20,Mar,1895,25,May,1895,False,condensed,0.9,"Balder-Oscarshamn-1,388 bdls. broom-handle squares-Wikner & Co. ; 17,533 pit props-Roberts & Cooper"
18950525p.855_p001.txt,73,Eleonore,Oscarshamn,GRIMSBY,"8,488 birch props",,18,Mar,1895,25,May,1895,False,condensed,0.9,"18 Eleonore-Oscarshamn-8,488 birch props-T. W Allen, 27,208 pit props-Pyman, Bell & Co."
18950525p.855_p001.txt,74,Buffalo,N'w York,GRIMSBY,"401 pcs. oak staves, 535 pcs., 82 bdls. walnut-Wilson",Wilson,20,Mar,1895,25,May,1895,True,condensed,0.9,"20 Buffalo (s)-N'w York-401 pcs. oak staves, 535 pcs., 82 bdls. walnut-Wilson"
18950525p.855_p001.txt,77,Sela,Arendal,GRIMSBY,"4,347 pcs. round mining timber, 782 pit props-Henry Smith & Co.",Henry Smith & Co.,21,Mar,1895,25,May,1895,False,condensed,0.9,"21 Sela-Arendal-4,347 pcs. round mining timber, 782 pit props-Henry Smith & Co."
18950525p.855_p001.txt,79,Bertha,Drammen,QUEEN'S DOCK,"33,665 pcs. floorings",,21,Mar,1895,25,May,1895,False,condensed,1.0,"Bertha-Drammen-33,665 pcs. floorings"
18950525p.855_p001.txt,81,Sultan,Konigsberg,QUEEN'S DOCK,"2,228 pcs. birch-Napier & Render 7,440 pcs. alder-T. W. Allen ; 4,107 pcs. alder-Hull & Barnsley Railway Co.",Napier & Render,21,Mar,1895,25,May,1895,True,condensed,1.0,"Sultan (s)-Konigsberg-2,228 pcs. birch-Napier & Render ; 7,440 pcs. alder-T. W. Allen ; 4,107 pcs. alder-Hull & Barnsley Railway Co."
18950525p.855_p001.txt,82,Tasso,Drontheim,QUEEN'S DOCK,"2,620 bdls. boards-T. Wilson, Sons, & Co.","T. Wilson, Sons, & Co.",20,Mar,1895,25,May,1895,True,condensed,1.0,"20 Tasso (s)-Drontheim-2,620 bdls. boards-T. Wilson, Sons, & Co."
18950525p.855_p001.txt,83,Angelo,Christiania,GRIMSBY (QUEEN'S DOCK),"3,256 poles-J. Dalton Holmes & Co. 1,850 bdls. boards-Thompson, McKay, & Co. ; 739 pcs. round mining timber-Haagensen, Watt, & Co.",J. Dalton Holmes & Co.,20,Mar,1895,25,May,1895,True,condensed,0.9,"Angelo (s)-Christiania-3,256 poles-J. Dalton Holmes & Co. ; 1,850 bdls. boards-Thompson, McKay, & Co. ; 739 pcs. round mining timber-Haagensen, Watt, & Co."
18950525p.855_p001.txt,84,Volo,Copenhagen,GRIMSBY (QUEEN'S DOCK),"22 pks. wood-T. Wilson, Sons, & Co.","T. Wilson, Sons, & Co.",20,Mar,1895,25,May,1895,True,condensed,0.9,"Volo (s) - Copenhagen - 22 pks. wood-T. Wilson, Sons, & Co."
18950525p.855_p001.txt,86,Kelso,Riga,GRIMSBY (QUEEN'S DOCK),"4,774 deal and batten ends-Henry Smith & Co. 3,554 deal ends-R. Wade & Sons ; 10,095 sleepers-T. Gabriel & Sons",Henry Smith & Co.,20,Mar,1895,25,May,1895,True,condensed,0.9,"Kelso (s)-Riga-4,774 deal and batten ends-Henry Smith & Co. ; 3,554 deal ends-R. Wade & Sons ; 10,095 sleepers-T. Gabriel & Sons"
18950525p.855_p001.txt,87,Floren,Ljusne,GRIMSBY (QUEEN'S DOCK),"560 stds. deals and battens-Burt, Boulton, & Haywood","Burt, Boulton, & Haywood",18,Mar,1895,25,May,1895,True,condensed,0.9,"18 Floren (s)-Ljusne-560 stds. deals and battens-Burt, Boulton, & Haywood"
18950525p.855_p001.txt,88,Konigsberg,Danzig,GRIMSBY (QUEEN'S DOCK),"3,868 crossings",,18,Mar,1895,25,May,1895,True,condensed,0.9,"Konigsberg (s)-Danzig-3,868 crossings"
18950525p.855_p001.txt,91,Georgian,Boston,LIVERPOOL,"1,650 staves-Farnworth & Jardine",Farnworth & Jardine,18,Mar,1895,25,May,1895,True,condensed,0.9,"Georgian (s) - Boston - 1,650 staves-Farnworth & Jardine"
18950525p.855_p001.txt,92,Queensmore,Baltimore,LIVERPOOL,"806 yellow pine boards-Illingworth, Ingham, & Co.","Illingworth, Ingham, & Co.",21,Mar,1895,25,May,1895,True,condensed,0.9,"21 Queensmore (s)-Baltimore-806 yellow pine boards-Illingworth, Ingham, & Co."
18950525p.855_p001.txt,93,Labrador,Montreal,LIVERPOOL,"9,030 pine deals",,21,Mar,1895,25,May,1895,True,condensed,0.9,"Labrador (s)-Montreal-9,030 pine deals"
18950525p.855_p001.txt,94,Laurentian,Montreal,LIVERPOOL,"1,195 deals-Williams & Davies 300 deals - Neale, Harrison, & Co. ; 6,740 T. Hughes & Sons ; 99 pcs. timber-Harrison & Singleton ; 62 pcs. timber-Neale, Harrison, & Co. ; 38 pcs. timber-C. Taylor, Sons, & Co. ; 6,015 boards and deals-Harrison, Robinson, & Co.",Williams & Davies,22,Mar,1895,25,May,1895,True,condensed,0.9,"22 Laurentian (s) - Montreal - 1,195 deals - Williams & Davies ; 300 deals - Neale, Harrison, & Co. ; 6,740 T. Hughes & Sons ; 99 pcs. timber-Harrison & Singleton ; 62 pcs. timber-Neale, Harrison, & Co. ; 38 pcs. timber-C. Taylor, Sons, & Co. ; 6,015 boards and deals-Harrison, Robinson, & Co."
18950525p.855_p001.txt,95,Pavonia,Boston,LIVERPOOL,"3,200 staves-Drysdale",Drysdale,22,Mar,1895,25,May,1895,True,condensed,0.9,"Pavonia (s)-Boston-3,200 staves - Drysdale"
18950525p.855_p001.txt,97,Macdimeta,Christiania,LIVERPOOL,"44,998 pit props-Brodersen, Vaughan, & Co.","Brodersen, Vaughan, & Co.",22,Mar,1895,25,May,1895,False,condensed,0.9,"Macdimeta-Christiania-44,998 pit props-Brodersen, Vaughan, & Co."
18950525p.855_p001.txt,99,Urda,Drammen,LIVERPOOL,"56,585 boards",,22,Mar,1895,25,May,1895,False,condensed,0.9,"Urda-Drammen-56,585 boards"
18950525p.855_p001.txt,100,Jacob,Demerara,LIVERPOOL,161 logs greenheart timber-G. Booker & Co.,G. Booker & Co.,18,Mar,1895,25,May,1895,False,condensed,0.9,18 Jacob-Demerara-161 logs greenheart timber-G. Booker & Co.
18950525p.855_p001.txt,102,Bella,Christiania,LIVERPOOL,"71,130 planed boards-Duncan, Ewing, & Co.","Duncan, Ewing, & Co.",18,Mar,1895,25,May,1895,False,condensed,0.9,"Bella-Christiania-71,130 planed boards-Duncan, Ewing, & Co."
18950525p.855_p001.txt,103,Hugin,Kragero,LIVERPOOL,"17,462 battens",,18,Mar,1895,25,May,1895,False,condensed,0.9,"Hugin-Kragero-17,462 battens"
18950525p.855_p001.txt,104,Gunhild,Uddevalla,LIVERPOOL,"44,282 pit props",,18,Mar,1895,25,May,1895,False,condensed,0.9,"17 Gunhild-Uddevalla-44,282 pit props"
18950525p.855_p001.txt,105,Hermod,Gothenburg,LIVERPOOL,"15,380 bdls., 523 pcs. laths, 4,088 planed boards, 4,647 squares, 17,973 box boards 3,060 bdls. laths-J. Griggs & Co. ; 2,770 bdls. laths-H. Brown & Sons ; 33,026 pit props, 9,575 pit poles, 12 cases mining timber-Osbeck & Co.",,21,Mar,1895,25,May,1895,True,condensed,0.9,"21 Hermod (s)-Gothenburg-15,380 bdls., 523 pcs. laths, 4,088 planed boards, 4,647 squares, 17,973 box boards-Order ; 3,060 bdls. laths-J. Griggs & Co. ; 2,770 bdls. laths-H. Brown & Sons ; 33,026 pit props, 9,575 pit poles, 12 cases mining timber-Osbeck & Co."
18950525p.855_p001.txt,107,Professor,New Orleans,LIVERPOOL,51 bdls. mouldings-A. Marshall,A. Marshall,21,Mar,1895,25,May,1895,True,condensed,0.9,Professor (s)-New Orleans-51 bdls. mouldings-A. Marshall
18950525p.855_p001.txt,109,Santanderino,New Orleans,LIVERPOOL,600 staves-E. Chaloner & Co.,E. Chaloner & Co.,21,Mar,1895,25,May,1895,True,condensed,0.9,Santanderino (s)-New Orleans-600 staves-E. Chaloner & Co.
18950525p.855_p001.txt,110,Mexican,New Orleans,LIVERPOOL,"2,400 staves-E. Chaloner & Co.",E. Chaloner & Co.,17,Mar,1895,25,May,1895,True,condensed,0.9,"17 Mexican (s)-New Orleans-2,400 staves-E. Chaloner & Co."
18950525p.855_p001.txt,111,Baltimore,Montreal,LIVERPOOL,"8,366 deals-C. Taylor, Son, & Co. 7,900 pine deals, 5,458 ends, 12,294 deals and boards","C. Taylor, Son, & Co.",18,Mar,1895,25,May,1895,True,condensed,0.9,"18 Baltimore (s) - Montreal - 8,366 deals - C. Taylor, Son, & Co. ; 7,900 pine deals, 5,458 ends, 12,294 deals and boards"
18950525p.855_p001.txt,113,Alicia,New Orleans,LIVERPOOL,"10,200 staves-E. Chaloner & Co.",E. Chaloner & Co.,18,Mar,1895,25,May,1895,True,condensed,0.9,"Alicia (s)-New Orleans-10,200 staves-E. Chaloner & Co."
18950525p.855_p001.txt,116,Helvetia,Drammen,LONDON,"65,148 floorings, 4,425 battens",,18,Mar,1895,25,May,1895,False,condensed,0.9,"Helvetia-Drammen-65,148 floorings, 4,425 battens"
18950525p.855_p001.txt,117,Agnes,Porsgrund,LONDON,"121 stds. boards, 21 fms. firewood-F. Briesemann's Successors",F. Briesemann's Successors,18,Mar,1895,25,May,1895,False,condensed,0.9,"Agnes-Porsgrund-121 stds. boards, 21 fms. firewood-F. Briesemann's Successors"
18950525p.855_p001.txt,118,Sverre,Fredrikstad,LONDON,"15,195 floorings-F. Briesemann's Successors 46 fms. firewood",F. Briesemann's Successors,18,Mar,1895,25,May,1895,False,condensed,0.9,"Sverre-Fredrikstad-15,195 floorings-F. Briesemann's Successors ; 46 fms. firewood"
18950525p.855_p001.txt,119,Polykarp,Kragero,LONDON,157 fms. firewood-Duus,Duus,18,Mar,1895,25,May,1895,False,condensed,0.9,Polykarp-Kragero-157 fms. firewood-Duus
18950525p.855_p001.txt,120,Avena,Uddevalla,LONDON,"2,736 bdls. mouldings, 1,455 doors-S. Brown",S. Brown,18,Mar,1895,25,May,1895,True,condensed,0.9,"18 Avena (s)-Uddevalla-2,736 bdls. mouldings, 1,455 doors-S. Brown"
18950525p.855_p001.txt,121,Caerloch,Falkenberg,LONDON,"61,123 deals and battens",,18,Mar,1895,25,May,1895,True,condensed,0.9,"20 Caerloch (s)-Falkenberg-61,123 deals and battens"
18950525p.855_p001.txt,122,Sinclair,Gamleby,LONDON,"39,429 deals, 50 bdls. laths",,18,Mar,1895,25,May,1895,True,condensed,0.9,"Sinclair (s)-Gamleby-39,429 deals, 50 bdls. laths"
18950525p.855_p001.txt,123,Harold,Riga,LONDON,"4,070 deals, 13,226 pcs. lathwood",,18,Mar,1895,25,May,1895,True,condensed,0.9,"Harold (s)-Riga-4,070 deals, 13,226 pcs. lathwood"
18950525p.855_p001.txt,124,Danmark,Riga,LONDON,"4,019 deals, 3,525 battens, 12,304 pcs. lathwood",,18,Mar,1895,25,May,1895,True,condensed,0.9,"Danmark (s)-Riga-4,019 deals, 3,525 battens, 12,304 pcs. lathwood"
18950525p.855_p001.txt,125,Tempo,Blankaholm,LONDON,"87,178 battens",,18,Mar,1895,25,May,1895,True,condensed,0.9,"Tempo (s)-Blankaholm-87,178 battens"
18950525p.855_p001.txt,126,Bergsund,Stockholm,LONDON,"650 doors, 28,497 boards, battens, &c.",,18,Mar,1895,25,May,1895,True,condensed,0.9,"21 Bergsund (s)-Stockholm-650 doors, 28,497 boards, battens, &c."
18950525p.855_p001.txt,127,Mary,Riga,LONDON,"7,723 pcs. lathwood",,18,Mar,1895,25,May,1895,True,condensed,0.9,"22 Mary (s)-Riga-7,723 pcs. lathwood"
18950525p.855_p001.txt,130,Castor,Norrkoping,LONDON,"4 pkgs. laths-Nycander & Snobohm 1,388 doors, pol. split firewood-Tegner, Price, & Co. ; from Stockholm-1,850 doors, 138 bdls. skirtings, 88 bdls. mouldings",Nycander & Snobohm,18,Mar,1895,25,May,1895,True,condensed,0.9,"Castor (s)-Norrkoping-4 pkgs. laths-Nycander & Snobohm; 1,388 doors, pol. split firewood-Tegner, Price, & Co. ; from Stockholm-1,850 doors, 138 bdls. skirtings, 88 bdls. mouldings"
18950525p.855_p001.txt,133,Thorsten,Gothenburg,LONDON,"4,558 boards-King & Co., Scarborough 750 bdls. laths-Simpson & Co. ; 1,200 bdls. laths-Crow & Son ; 600 bdls. laths, 158 doz. deals, 1,536 doz. boards, 3,684 bdls box boards, 2,884 bdls. blocks, 13 bdls. trellis blocks","King & Co., Scarborough",20,Mar,1895,25,May,1895,True,condensed,0.9,"20 Thorsten (s)-Gothenburg-4,558 boards-King & Co., Scarborough ; 750 bdls. laths-Simpson & Co. ; 1,200 bdls. laths-Crow & Son ; 600 bdls. laths, 158 doz. deals, 1,536 doz. boards, 3,684 bdls box boards, 2,884 bdls. blocks, 13 bdls. trellis blocks"
18950525p.855_p001.txt,135,Amsterdam,Auckland,LONDON,"256 flitches timber-Foy, Morgan, & Co. 161 pcs. timber-Churchill & Sim ; 286 pcs. gum kauri","Foy, Morgan, & Co.",20,Mar,1895,25,May,1895,True,condensed,0.9,"Amsterdam (s)-Auckland-256 flitches timber-Foy, Morgan, & Co.; 161 pcs. timber-Churchill & Sim ; 286 pcs. gum kauri"
18950525p.855_p001.txt,137,Nerthe,Batoum,LONDON,936 logs wood,,20,Mar,1895,25,May,1895,True,condensed,0.9,Nerthe (s)-Batoum-936 logs wood
18950525p.855_p001.txt,139,Mowe,Bremen,LONDON,581 planks beech-wood,wood,20,Mar,1895,25,May,1895,True,condensed,0.9,Mowe (s)-Bremen-581 planks beech-wood
18950525p.855_p001.txt,141,Fiducia,Helsingfors,LONDON,"8,055 deals, battens, and boards, 2,265 battens",,20,Mar,1895,25,May,1895,True,condensed,0.9,"Fiducia (s)-Helsingfors-8,055 deals, battens, and boards, 2,265 battens"
18950525p.855_p001.txt,142,Severance,Riga,LONDON,"12,025 sleepers-T. Gabriel & Sons",T. Gabriel & Sons,20,Mar,1895,25,May,1895,True,condensed,0.9,"Severance (s) - Riga - 12,025 sleepers - T. Gabriel & Sons"
18950525p.855_p001.txt,143,Juno,Nantes,LONDON,155 tons firewood,,20,Mar,1895,25,May,1895,True,condensed,0.9,21 Juno (s)-Nantes-155 tons firewood
18950525p.855_p001.txt,144,Luneberg,Danzig,LONDON,"3,868 crossings",,20,Mar,1895,25,May,1895,True,condensed,0.9,"22 Luneberg (s)-Danzig-3,868 crossings"
18950525p.855_p001.txt,146,Julia,Danzig,LONDON,"1,020 lds. hewn fir, 80 lds. sawn fir-Great Eastern Railway Co.",Great Eastern Railway Co.,20,Mar,1895,25,May,1895,True,condensed,0.9,"Julia (s)-Danzig-1,020 lds. hewn fir, 80 lds. sawn fir-Great Eastern Railway Co."
18950525p.855_p001.txt,148,Anna,Halmstad,LYNN,"253 lds. hewn fir-Thompson, Pattrick, & Woodward","Thompson, Pattrick, & Woodward",20,Mar,1895,25,May,1895,False,condensed,1.0,"Anna-Halmstad-253 lds. hewn fir-Thompson, Pattrick, & Woodward"
18950525p.855_p001.txt,149,Occident,Memel,LYNN,"294 lds. hewn fir, 796 deals-Thompson, Pattrick, & Woodward","Thompson, Pattrick, & Woodward",20,Mar,1895,25,May,1895,True,condensed,1.0,"Occident (s)-Memel-294 lds. hewn fir, 796 deals-Thompson, Pattrick, & Woodward"
18950525p.855_p001.txt,150,Handy,Fredrikshald,LYNN,"403 lds. floorings, 85 spars, 22 lds. battens-J. T. Stanton",J. T. Stanton,20,Mar,1895,25,May,1895,False,condensed,1.0,"Handy-Fredrikshald-403 lds. floorings, 85 spars, 22 lds. battens-J. T. Stanton"
18950525p.855_p001.txt,151,Paul,Danzig,LYNN,408 lds. hewn oak-T. Adams,T. Adams,20,Mar,1895,25,May,1895,False,condensed,1.0,Paul-Danzig-408 lds. hewn oak-T. Adams
18950525p.855_p001.txt,153,Gudrun,Hommelvik,LYNN,"155 lds. sleepers, 33 lds. battens-G. Watson",G. Watson,20,Mar,1895,25,May,1895,True,condensed,0.9,"Gudrun (s) - Hommelvik - 155 lds. sleepers, 33 lds. battens-G. Watson"
18950525p.855_p001.txt,155,Erik,Danzig,MILFORD,"62 lds. oak, 330 lds. hewn fir-McMaster & Co.",McMaster & Co.,20,Mar,1895,25,May,1895,False,condensed,1.0,"Erik-Danzig-62 lds. oak, 330 lds. hewn fir-McMaster & Co."
18950525p.855_p001.txt,157,Capriciosa,Fredrikstad,MILFORD,340 lds. battens,,20,Mar,1895,25,May,1895,False,condensed,1.0,Capriciosa-Fredrikstad-340 lds. battens
18950525p.855_p001.txt,159,Bothnia,Risoer,NEWPORT,540 lds. pit props-V.G.T.,V.G.T.,20,Mar,1895,25,May,1895,True,condensed,1.0,Bothnia (s)-Risoer-540 lds. pit props-V.G.T.
18950525p.855_p001.txt,161,Cirages Français,Hennebont,NEWPORT,157 lds. pit props-Budd & Co.,Budd & Co.,16,Mar,1895,25,May,1895,False,condensed,1.0,16 Cirages Français-Hennebont-157 lds. pit props-Budd & Co.
18950525p.855_p001.txt,165,Skulda,Christiania,NEWPORT,"312 lds. boards, 81 spars-R. & R. Bayly",R. & R. Bayly,16,Mar,1895,25,May,1895,False,condensed,0.9,"Skulda-Christiania-312 lds. boards, 81 spars-R. & R. Bayly"
18950525p.855_p001.txt,167,Thecla Maria,Gothenburg,POOLE,316 lds. spars and boards-J. T. Sydenham & Co.,J. T. Sydenham & Co.,16,Mar,1895,25,May,1895,False,condensed,1.0,Thecla Maria - Gothenburg - 316 lds. spars and boards-J. T. Sydenham & Co.
18950525p.855_p001.txt,169,Austria,Westervik,POOLE,354 lds. battens,,16,Mar,1895,25,May,1895,False,condensed,1.0,Austria-Westervik-354 lds. battens-H.
18950525p.855_p001.txt,171,Charlotte,Danzig,POOLE,"580 pcs. hewn fir, 30 pcs. sleepers, 517 lds. hewn fir, 41 lds. sawn fir-Boulton, & Co.","Boulton, & Co.",16,Mar,1895,25,May,1895,False,condensed,0.9,"Charlotte-Danzig-580 pcs. hewn fir, 30 pcs. sleepers, 517 lds. hewn fir, 41 lds. sawn fir-Boulton, & Co."
18950525p.855_p001.txt,174,Britannia,Uddevalla,POOLE,238 lds. sawn fir-Dolton,Dolton,17,Mar,1895,25,May,1895,False,condensed,0.9,17 Britannia-Uddevalla-238 lds. sawn fir-Dolton
18950525p.855_p001.txt,176,City of Lincoln,Gothenburg,POOLE,"130 lds. pit props, 100 lds. sawn fir-E. W. Campbell",E. W. Campbell,17,Mar,1895,25,May,1895,False,condensed,0.9,"City of Lincoln-Gothenburg-130 lds. pit props, 100 lds. sawn fir-E. W. Campbell"
18950525p.855_p001.txt,177,Irbia,Windau,POOLE,250 lds. pit props-T. Atkinson,T. Atkinson,15,Mar,1895,25,May,1895,False,condensed,0.9,15 Irbia-Windau-250 lds. pit props-T. Atkinson
18950525p.855_p001.txt,178,Douglas,Gothenburg,POOLE,"81 lds. sawn fir, 24 lds laths-T. Nicholson",T. Nicholson,16,Mar,1895,25,May,1895,False,condensed,0.9,"16 Douglas-Gothenburg-81 lds. sawn fir, 24 lds laths-T. Nicholson"
18950525p.855_p001.txt,179,Andrew Longmore,Danzig,POOLE,185 lds. beech chocks-H. M. Moller,H. M. Moller,16,Mar,1895,25,May,1895,False,condensed,0.9,Andrew Longmore-Danzig-185 lds. beech chocks-H. M. Moller
18950525p.855_p001.txt,180,Offerton,Gothenburg,POOLE,105 lds. pit props-T. Nicholson,T. Nicholson,20,Mar,1895,25,May,1895,False,condensed,0.9,20 Offerton-Gothenburg-105 lds. pit props-T. Nicholson
18950525p.855_p001.txt,182,Ocean Swell,Bordeaux,POOLE,230 lds. pit props-Main Colliery Co.,Main Colliery Co.,20,Mar,1895,25,May,1895,False,condensed,0.9,Ocean Swell - Bordeaux - 230 lds. pit props-Main Colliery Co.
18950525p.855_p001.txt,183,Leonie Anastasie,Pauillac,POOLE,"120 lds. pit props-Williams, Cook, & Co.","Williams, Cook, & Co.",20,Mar,1895,25,May,1895,False,condensed,0.9,"Leonie Anastasie-Pauillac-120 lds. pit props -Williams, Cook, & Co."
18950525p.855_p001.txt,185,Charlotte,Pauillac,POOLE,70 lds. pitwood-Davies,Davies,16,Mar,1895,25,May,1895,False,condensed,0.9,16 Charlotte-Pauillac-70 lds. pitwood-Davies
18950525p.855_p001.txt,186,Britannia,Bordeaux,POOLE,"1,034 lds. pitwood-Foy",Foy,17,Mar,1895,25,May,1895,False,condensed,0.9,"17 Britannia-Bordeaux-1,034 lds. pitwood-Foy"
18950525p.855_p001.txt,189,City of Liverpool,Rotterdam,POOLE,700 bdls. hoops-J. C. Pinkerton & Co.,J. C. Pinkerton & Co.,17,Mar,1895,25,May,1895,False,condensed,0.9,City of Liverpool-Rotterdam-700 bdls. hoops-J. C. Pinkerton & Co.
18950525p.855_p001.txt,190,Camel,Gothenburg,POOLE,"314 lds. deals, 204 lds. laths-T. Dixon & Sons",T. Dixon & Sons,15,Mar,1895,25,May,1895,False,condensed,0.9,"15 Camel-Gothenburg-314 lds. deals, 204 lds. laths-T. Dixon & Sons"
18950525p.855_p001.txt,191,Alexandria,Memel,POOLE,"564 lds. hewn fir, 36 lds. deals, 18 lds. split lathwood-T. Dixon",T. Dixon,17,Mar,1895,25,May,1895,False,condensed,0.9,"17 Alexandria-Memel-564 lds. hewn fir, 36 lds. deals, 18 lds. split lathwood-T. Dixon"
18950525p.855_p001.txt,192,Thomas,Fredrikstad,POOLE,"550 lds. boards, 4 lds. spars-T. Dixon & Sons",T. Dixon & Sons,17,Mar,1895,25,May,1895,False,condensed,0.9,"Thomas-Fredrikstad-550 lds. boards, 4 lds. spars-T. Dixon & Sons"
18950525p.855_p001.txt,193,Beethoven,Pensacola,POOLE,"50 lds. hewn fir, 233 lds. sawn fir-H. Hutton & Co. 921 lds.",H. Hutton & Co.,17,Mar,1895,25,May,1895,False,condensed,0.9,"Beethoven-Pensacola-50 lds. hewn fir, 233 lds. sawn fir-H. Hutton & Co.; 921 lds."
18950525p.855_p002.txt,5,Aurora,Memel,CORK,"453 lds. sawn fir, 51 lds. boards-J. W. Richey",J. W. Richey,17,Mar,1895,25,May,1895,False,condensed,0.9,"Aurora-Memel-453 lds. sawn fir, 51 lds. boards-J. W. Richey"
18950525p.855_p002.txt,6,Fulmar,Rotterdam,CORK,500 bdls. hoops-Cork Steamship Co.,Cork Steamship Co.,13,Mar,1895,25,May,1895,False,condensed,0.9,13 Fulmar-Rotterdam - 500 bdls. hoops - Cork Steamship Co.
18950525p.855_p002.txt,9,Anthon,Drammen,CORK,"244 lds. sawn fir, 6 lds. spars-A. Murdock",A. Murdock,13,Mar,1895,25,May,1895,False,condensed,0.9,"Anthon-Drammen-244 lds. sawn fir, 6 lds. spars-A. Murdock"
18950525p.855_p002.txt,12,Moringen,Drammen,LONDONDERRY,360 lds. boards-S. Donnell & Co.,S. Donnell & Co.,13,Mar,1895,25,May,1895,False,condensed,1.0,Moringen-Drammen-360 lds. boards-S. Donnell & Co.
18950525p.855_p002.txt,17,Tauric,New York,LIVERPOOL,319 lancewood spars-H. Kendall & Sons,H. Kendall & Sons,13,Mar,1895,25,May,1895,True,condensed,0.9,Tauric (s)-New York-319 lancewood spars-H. Kendall & Sons
18950525p.855_p002.txt,18,Cambroman,Boston,LIVERPOOL,"4,870 pcs. oak brl. staves-Farnworth & Jardine 5,200 walnut squares, 3,870 pcs. walnut boards, 211 bdls. walnut-J. H. Burrell & Co.; 7,888 pcs. maple-M. Mitchell; 495 pcs., 100 bdls. ash lumber, 1,279 pcs. oak, 686 pcs. hard wood",Farnworth & Jardine,18,Mar,1895,25,May,1895,True,condensed,0.9,"18 Cambroman (s)-Boston-4,870 pcs. oak brl. staves-Farnworth & Jardine; 5,200 walnut squares, 3,870 pcs. walnut boards, 211 bdls. walnut-J. H. Burrell & Co.; 7,888 pcs. maple-M. Mitchell; 495 pcs., 100 bdls. ash lumber, 1,279 pcs. oak, 686 pcs. hard wood"
18950525p.855_p002.txt,19,Queensmore,Baltimore,LIVERPOOL,"225 pcs. oak-Duncan, Ewing, & Co. 411 pcs. oak, 40 walnut logs-Potts & Redhead; 115 pcs. oak logs-Farnworth & Jardine; 1,279 pcs. oak squares-A. Dobell & Co.; 968 walnut logs-R. Coltart & Co.; 298 pcs. walnut squares, 20 poplar logs-Farnworth & Jardine; 568 pcs. oak, 27 hickory logs, 74 oak squares, 154 oak planks, 48 walnut logs, 30,287 walnut squares, 26 poplar logs","Duncan, Ewing, & Co.",21,Mar,1895,25,May,1895,True,condensed,0.9,"21 Queensmore (s)-Baltimore-225 pcs. oak-Duncan, Ewing, & Co.; 411 pcs. oak, 40 walnut logs-Potts & Redhead; 115 pcs. oak logs-Farnworth & Jardine; 1,279 pcs. oak squares-A. Dobell & Co.; 968 walnut logs-R. Coltart & Co.; 298 pcs. walnut squares, 20 poplar logs-Farnworth & Jardine; 568 pcs. oak, 27 hickory logs, 74 oak squares, 154 oak planks, 48 walnut logs, 30,287 walnut squares, 26 poplar logs"
18950525p.855_p002.txt,20,Labrador,Montreal,LIVERPOOL,"2,650 maple blocks-Mitchell Bros. 1,416 maple blocks-T. Mitchell; 358 pcs. maple and elm-T. Silver",Mitchell Bros.,21,Mar,1895,25,May,1895,True,condensed,0.9,"21 Labrador (s)-Montreal-2,650 maple blocks-Mitchell Bros.; 1,416 maple blocks-T. Mitchell; 358 pcs. maple and elm-T. Silver"
18950525p.855_p002.txt,21,Michigan,Boston,LIVERPOOL,"4,924 maple blocks, 654 bdls. strips-M. Mitchell 3,130 staves-Farnworth & Jardine; 585 pcs. oak",M. Mitchell,22,Mar,1895,25,May,1895,True,condensed,0.9,"22 Michigan (s)-Boston-4,924 maple blocks, 654 bdls. strips-M. Mitchell; 3,130 staves-Farnworth & Jardine; 585 pcs. oak"
18950525p.855_p002.txt,22,Laurentian,Montreal,LIVERPOOL,"1,347 maple blocks-T. Mitchell",T. Mitchell,22,Mar,1895,25,May,1895,True,condensed,0.9,"22 Laurentian (s)-Montreal-1,347 maple blocks -T. Mitchell"
18950525p.855_p002.txt,25,Starlight,Libau,LIVERPOOL,"4,189 staves, 495 wainscot logs",,22,Mar,1895,25,May,1895,True,condensed,0.9,"Starlight (s)-Libau-4,189 staves, 495 wainscot logs"
18950525p.855_p002.txt,28,Professor,New Orleans,LIVERPOOL,"9 cars oak, 8 square elm logs, 57 square oak logs",,22,Mar,1895,25,May,1895,True,condensed,0.9,"Professor (s)-New Orleans-9 cars oak, 8 square elm logs, 57 square oak logs"
18950525p.855_p002.txt,32,Indiana,Philadelphia,LIVERPOOL,"1,200 maple blocks, 13 walnut logs",,22,Mar,1895,25,May,1895,True,condensed,0.9,"Indiana (s)-Philadelphia-1,200 maple blocks, 13 walnut logs"
18950525p.855_p002.txt,33,Shenandoah,Newport News,LIVERPOOL,"127 oak planks-Potts & Redhead 1,510 pcs., 1,517 bdls. walnut-Duncan, Ewing, & Co.; 1,865 oak planks, 640 shooks, 68 walnut logs",Potts & Redhead,20,Mar,1895,25,May,1895,True,condensed,0.9,"20 Shenandoah (s)-Newport News-127 oak planks-Potts & Redhead; 1,510 pcs., 1,517 bdls. walnut-Duncan, Ewing, & Co.; 1,865 oak planks, 640 shooks, 68 walnut logs"
18950525p.855_p002.txt,34,Kensington,Philadelphia,LIVERPOOL,"1,600 maple blocks-Churchill & Sim",Churchill & Sim,22,Mar,1895,25,May,1895,True,condensed,0.9,"22 Kensington (s)-Philadelphia-1,600 maple blocks-Churchill & Sim"
18950525p.855_p002.txt,37,Dalmally,Mobile,LIVERPOOL,"40 pcs. ash and poplar, 66 pcs. oak, 1,331 staves",,22,Mar,1895,25,May,1895,True,condensed,0.9,"Dalmally (s)-Mobile-40 pcs. ash and poplar, 66 pcs. oak, 1,331 staves"
18950525p.855_p002.txt,41,Alfarin,Belize,LONDON,566 logs and pcs. mahogany-P. Leckie & Co.,P. Leckie & Co.,22,Mar,1895,25,May,1895,True,condensed,0.9,Alfarin (s)-Belize-566 logs and pcs. mahogany-P. Leckie & Co.
18950525p.855_p002.txt,44,Ontario,New York,LONDON,"467 logs mahogany-H. Kendall & Son 66 bdls., 4,888 pcs. lumber-F. Dowdeswell; 2 crts. lumber-Witt & Palmer; 1 car lumber-C. Leary & Co.; 159 bdls. and pkgs. lumber",H. Kendall & Son,22,Mar,1895,25,May,1895,True,condensed,0.9,"Ontario (s)-New York-467 logs mahogany-H. Kendall & Son; 66 bdls., 4,888 pcs. lumber-F. Dowdeswell; 2 crts. lumber-Witt & Palmer; 1 car lumber-C. Leary & Co.; 159 bdls. and pkgs. lumber"
18950525p.855_p002.txt,73,William,Adams.,BIRKBECK BUILDING SOCIETY,"This bankrupt appeared for his public examination at the Walsall Bankruptcy Court on Friday last, before the Registrar. The statement of affairs filed by the debtor disclosed gross liabilities amounting to £649 19s. 8d., of which £579 0s. 9d. was expected to rank against the estate for dividend. The assets, after deducting £70 19s. for the claims of preferential creditors payable in full, were returned at £27 10s. 8d., thus leaving a deficiency of £551 10s. The debtor in the course of his examination by the Official Receiver stated that he was in a situation until 1868, when he commenced business in Ward Street, Walsall, and in May, 1884, he bought a business and plant in High Street, Bloxwich, for £50, where he afterwards went to reside. He alleged his failure to have been caused through bad trade, bad debts, and pressure by creditors. The examination was ordered to be closed.",,22,Mar,1895,25,May,1895,False,condensed,0.9,"William Adams.—This bankrupt appeared for his public examination at the Walsall Bankruptcy Court on Friday last, before the Registrar. The statement of affairs filed by the debtor disclosed gross liabilities amounting to £649 19s. 8d., of which £579 0s. 9d. was expected to rank against the estate for dividend. The assets, after deducting £70 19s. for the claims of preferential creditors payable in full, were returned at £27 10s. 8d., thus leaving a deficiency of £551 10s. The debtor in the course of his examination by the Official Receiver stated that he was in a situation until 1868, when he commenced business in Ward Street, Walsall, and in May, 1884, he bought a business and plant in High Street, Bloxwich, for £50, where he afterwards went to reside. He alleged his failure to have been caused through bad trade, bad debts, and pressure by creditors. The examination was ordered to be closed."
18950525p.855_p002.txt,77,mills and Ellesmere,"Street, Leigh.",BIRKBECK BUILDING SOCIETY,Under this registered deed the following are creditors :—,,22,Mar,1895,25,May,1895,False,condensed,0.9,"mills and Ellesmere Street, Leigh.—Under this registered deed the following are creditors :—"
18950525p.855_p002.txt,146,sheets. As there was no offer of composition to,"submit, it was resolved to leave the matter in the hands of the Official Receiver.  MORGAN BROS., builders.",BIRKBECK BUILDING SOCIETY,"The above debtors came up for their adjourned examination at the Cardiff Bankruptcy Court on Tuesday before Mr. Registrar Langley. Mr. Thomas Howard Morgan had been examined, and questions to corroborate the evidence were put to his brother, the examination was then ordered to be closed.",,22,Mar,1895,25,May,1895,False,condensed,0.9,"sheets. As there was no offer of composition to submit, it was resolved to leave the matter in the hands of the Official Receiver.  MORGAN BROS., builders.—The above debtors came up for their adjourned examination at the Cardiff Bankruptcy Court on Tuesday before Mr. Registrar Langley. Mr. Thomas Howard Morgan had been examined, and questions to corroborate the evidence were put to his brother, the examination was then ordered to be closed."
18950525p.855_p002.txt,150,Exeter and,Teignmouth.,BIRKBECK BUILDING SOCIETY,"The public examination has been held at Exeter. The Official Receiver said there was no physical inability in Mr. E. T. Scammell to prevent him from attending the Court, he (the Official Receiver) thought he should have been there. The statement which he sent in a declared statement of affairs was a very long account, and he (the Official Receiver) did not think it was necessary. He said it was his health, and secondly his reason for going away was to see his principal creditor, Mr. Stephens. After seeing him, he came to the conclusion that it would be more convenient to reside further up the country, and he went with his uncle led to his taking part in some gold enterprise. This was making from £400 to £500. This foreshadowed some kind of dividend to the creditors, which he (the Official Receiver) hoped would be realised. Mr. Scammell thought it his primary duty to be making money fast, in the interests of his creditors, to stay in Australia.-The examination was adjourned.",The examination was adjourned.,22,Mar,1895,25,May,1895,False,condensed,0.9,"Exeter and Teignmouth.—The public examination has been held at Exeter. The Official Receiver said there was no physical inability in Mr. E. T. Scammell to prevent him from attending the Court, he (the Official Receiver) thought he should have been there. The statement which he sent in a declared statement of affairs was a very long account, and he (the Official Receiver) did not think it was necessary. He said it was his health, and secondly his reason for going away was to see his principal creditor, Mr. Stephens. After seeing him, he came to the conclusion that it would be more convenient to reside further up the country, and he went with his uncle led to his taking part in some gold enterprise. This was making from £400 to £500. This foreshadowed some kind of dividend to the creditors, which he (the Official Receiver) hoped would be realised. Mr. Scammell thought it his primary duty to be making money fast, in the interests of his creditors, to stay in Australia.—The examination was adjourned."
