source_file,line_number,ship_name,origin_port,destination_port,cargo,merchant,arrival_day,arrival_month,arrival_year,publication_day,publication_month,publication_year,is_steamship,format_type,confidence,raw_line
18860102p8-9_p001.txt,5,Loyal,"St. John, N.B.",GREENOCK,"45,660 deals, battens, scantlings, boards, and ends-Price, Potter, & Co.","Price, Potter, & Co.",16,Jan,1886,2,January,1886,False,condensed,0.9,"Loyal-St. John, N.B.-45,660 deals, battens, scantlings, boards, and ends-Price, Potter, & Co."
18860102p8-9_p001.txt,9,Wells City,New York,BRISTOL,"14 cs. spokes and hubs, 2 bxs. lumber",,29,Dec,1886,2,January,1886,True,standard_dash,0.9,"Dec. 29 Wells City (s)-New York-14 cs. spokes and hubs, 2 bxs. lumber-Order"
18860102p8-9_p001.txt,11,Garonne,Bordeaux,BRISTOL,850 lds. hewn pitwood-Simkin Bros.,Simkin Bros.,23,Dec,1886,2,January,1886,True,standard_dash,0.9,Dec. 23 Garonne (s)-Bordeaux-850 lds. hewn pitwood-Simkin Bros.
18860102p8-9_p001.txt,12,Ouse,Bordeaux,BRISTOL,730 lds. hewn pitwood-Simkin Bros.,Simkin Bros.,24,Dec,1886,2,January,1886,True,condensed,0.9,24 Ouse (s)-Bordeaux-730 lds. hewn pitwood-Simkin Bros.
18860102p8-9_p001.txt,13,Constantia,Christiansand,BRISTOL,"360 lds. hewn fir-Tellefsen, Wills, & Co.","Tellefsen, Wills, & Co.",28,Dec,1886,2,January,1886,False,condensed,0.9,"28 Constantia-Christiansand-360 lds. hewn fir-Tellefsen, Wills, & Co."
18860102p8-9_p001.txt,14,Mermaid,Bordeaux,BRISTOL,"1,000 lds. pitwood-Simkin Bros.",Simkin Bros.,23,Dec,1886,2,January,1886,True,condensed,0.9,"Mermaid (s)-Bordeaux-1,000 lds. pitwood-Simkin Bros."
18860102p8-9_p001.txt,15,Gironde,Bordeaux,BRISTOL,950 lds. pitwood-Simkin Bros.,Simkin Bros.,23,Dec,1886,2,January,1886,False,condensed,0.9,Gironde-Bordeaux-950 lds. pitwood-Simkin Bros.
18860102p8-9_p001.txt,16,Guanito,Bordeaux,BRISTOL,"570 lds. pitwood-Jones, Ingram, & Co.","Jones, Ingram, & Co.",23,Dec,1886,2,January,1886,False,condensed,0.9,"Guanito - Bordeaux - 570 lds. pitwood - Jones, Ingram, & Co."
18860102p8-9_p001.txt,17,Iskai,Bordeaux,BRISTOL,320 lds. pit-props-Martin,props-Martin,23,Dec,1886,2,January,1886,True,condensed,0.9,Iskai (s)-Bordeaux-320 lds. pit-props-Martin
18860102p8-9_p001.txt,18,Marie,Bordeaux,BRISTOL,760 lds. pitwood-G. N. Jessen,G. N. Jessen,23,Dec,1886,2,January,1886,True,condensed,0.9,Marie (s)-Bordeaux-760 lds. pitwood-G. N. Jessen
18860102p8-9_p001.txt,19,Delphine Anna,St. Brieux,BRISTOL,140 lds. pitwood-Mouchel,Mouchel,23,Dec,1886,2,January,1886,False,condensed,0.9,Delphine Anna-St. Brieux-140 lds. pitwood-Mouchel
18860102p8-9_p001.txt,20,Montbars,St. Brieux,BRISTOL,220 lds. pitwood-Mouchel,Mouchel,23,Dec,1886,2,January,1886,False,condensed,0.9,Montbars - St. Brieux - 220 lds. pitwood-Mouchel
18860102p8-9_p001.txt,21,Delphine Desiree,Ferrol,BRISTOL,170 lds. pitwood-Manzanos,Manzanos,23,Dec,1886,2,January,1886,False,condensed,0.9,Delphine Desiree-Ferrol-170 lds. pitwood-Manzanos
18860102p8-9_p001.txt,22,Celeritas,Corunna,BRISTOL,390 lds. pitwood-Jones,Jones,23,Dec,1886,2,January,1886,False,condensed,0.9,Celeritas-Corunna-390 lds. pitwood-Jones
18860102p8-9_p001.txt,24,Ocean Child,"St. John, N.B.",BRISTOL,"487 pcs. hewn birch, 448 deals, 827 deal ends, 4 lds. lathwood, 18 spars-De Winton & Co.",De Winton & Co.,24,Dec,1886,2,January,1886,False,standard_dash,0.9,"Dec. 24 Ocean Child-St. John, N.B.-487 pcs. hewn birch, 448 deals, 827 deal ends, 4 lds. lathwood, 18 spars-De Winton & Co."
18860102p8-9_p001.txt,26,Lilian,Cronstadt,BRISTOL,"4,230 pcs. sawn fir, 3,195 pcs. lathwood-H. Tolputt",H. Tolputt,24,Dec,1886,2,January,1886,False,standard_dash,0.9,"Dec. 24 Lilian-Cronstadt-4,230 pcs. sawn fir, 3,195 pcs. lathwood-H. Tolputt"
18860102p8-9_p001.txt,28,Aspheta,"Liverpool, N.S.",BRISTOL,505 deals-Nicks & Co.,Nicks & Co.,21,Dec,1886,2,January,1886,False,standard_dash,0.9,"Dec. 21 Aspheta-Liverpool, N.S.-505 deals-Nicks & Co."
18860102p8-9_p001.txt,30,W. Coulman,Rotterdam,GOOLE,"2,870 bdls. hoops-Goole Steamship Co.",Goole Steamship Co.,22,Dec,1886,2,January,1886,False,standard_dash,0.9,"Dec. 22 W. Coulman-Rotterdam-2,870 bdls. hoops-Goole Steamship Co."
18860102p8-9_p001.txt,31,Ouse,Rotterdam,GOOLE,100 bdls. hoops-Goole Steamship Co.,Goole Steamship Co.,24,Dec,1886,2,January,1886,False,condensed,0.9,24 Ouse-Rotterdam-100 bdls. hoops-Goole Steamship Co.
18860102p8-9_p001.txt,33,Retford,Rotterdam,GRIMSBY,550 bdls. hoops-Sutcliffe & Son,Sutcliffe & Son,22,Dec,1886,2,January,1886,False,standard_dash,0.9,Dec. 22 Retford-Rotterdam-550 bdls. hoops-Sutcliffe & Son
18860102p8-9_p001.txt,34,Bradford,Rotterdam,GRIMSBY,220 bdls. hoops-Sutcliffe & Son,Sutcliffe & Son,24,Dec,1886,2,January,1886,False,condensed,0.9,24 Bradford-Rotterdam-220 bdls. hoops-Sutcliffe & Son
18860102p8-9_p001.txt,35,Meteor,Stettin,GRIMSBY,272 pcs. oak-Bennetts & Co.,Bennetts & Co.,28,Dec,1886,2,January,1886,False,condensed,0.9,28 Meteor-Stettin-272 pcs. oak-Bennetts & Co.
18860102p8-9_p001.txt,36,Sirius,Riga,GRIMSBY,"24,246 deals and battens-Bennetts & Co.",Bennetts & Co.,22,Dec,1886,2,January,1886,False,condensed,0.9,"Sirius-Riga-24,246 deals and battens-Bennetts & Co."
18860102p8-9_p001.txt,38,Norma,Riga,GRIMSBY,"5,824 deals and ends-Gray & Co.",Gray & Co.,24,Dec,1886,2,January,1886,False,standard_dash,0.9,"Dec. 24 Norma-Riga-5,824 deals and ends-Gray & Co."
18860102p8-9_p001.txt,39,Baidar,Kotka,GRIMSBY,"21,783 deals, battens, and boards-T. Walker & Co.",T. Walker & Co.,24,Dec,1886,2,January,1886,True,condensed,0.9,"Baidar (s)-Kotka-21,783 deals, battens, and boards-T. Walker & Co."
18860102p8-9_p001.txt,40,Norma,Riga,GRIMSBY,170 lds. firewood-Kloed & Co.,Kloed & Co.,24,Dec,1886,2,January,1886,False,condensed,0.9,Norma-Riga-170 lds. firewood-Kloed & Co.
18860102p8-9_p001.txt,41,Betty,Oscarshamn,GRIMSBY,"4,812 props-G. Pyman",G. Pyman,28,Dec,1886,2,January,1886,False,condensed,0.9,"28 Betty-Oscarshamn-4,812 props-G. Pyman"
18860102p8-9_p001.txt,42,Baltic,Danzig,GRIMSBY,"377 pcs. hewn fir, 94 pcs. sawn fir-R. Wade, Sons, & Co.","R. Wade, Sons, & Co.",24,Dec,1886,2,January,1886,False,condensed,0.9,"Baltic-Danzig-377 pcs. hewn fir, 94 pcs. sawn fir-R. Wade, Sons, & Co."
18860102p8-9_p001.txt,44,Delphin,Abo,GRIMSBY,"15,828 deals-Groom",Groom,24,Dec,1886,2,January,1886,False,standard_dash,0.9,"Dec. 24 Delphin-Abo-15,828 deals-Groom"
18860102p8-9_p001.txt,46,Otto,Riga,GRIMSBY,"25,028 deals, &c., 12 fms. firewood",,23,Dec,1886,2,January,1886,True,standard_dash,0.9,"Dec. 23 Otto (s)-Riga-25,028 deals, &c., 12 fms. firewood-Order"
18860102p8-9_p001.txt,47,Juno,Christiania,GRIMSBY,"6,048 bdls. boards-Wilson, Sons, & Co. 2,976 boards-Order","Wilson, Sons, & Co.",24,Dec,1886,2,January,1886,True,condensed,0.9,"24 Juno (s)-Christiania-6,048 bdls. boards-Wilson, Sons, & Co.; 2,976 boards-Order"
18860102p8-9_p001.txt,48,Kjobenhavn,Riga,GRIMSBY,"2,902 deals, &c., 17,116 boards",,23,Dec,1886,2,January,1886,True,condensed,0.9,"Kjobenhavn (s)-Riga-2,902 deals, &c., 17,116 boards-Order"
18860102p8-9_p001.txt,49,Albert,Rotterdam,GRIMSBY,"6,000 bdls. hoops",,29,Dec,1886,2,January,1886,True,condensed,0.9,"29 Albert (s)-Rotterdam-6,000 bdls. hoops-Order"
18860102p8-9_p001.txt,50,Flamingo,Hamburg,GRIMSBY,"2,372 pcs. wood-Wilson, Sons, & Co.","Wilson, Sons, & Co.",23,Dec,1886,2,January,1886,True,condensed,0.9,"Flamingo (s)-Hamburg-2,372 pcs. wood-Wilson, Sons, & Co."
18860102p8-9_p001.txt,51,Buffalo,Boston,GRIMSBY,"5,710 staves-Wilson, Sons, & Co. 44 pcs., 5 bdls. wood-Order","Wilson, Sons, & Co.",23,Dec,1886,2,January,1886,True,condensed,0.9,"Buffalo (s)-Boston-5,710 staves - Wilson, Sons, & Co. ; 44 pcs., 5 bdls. wood-Order"
18860102p8-9_p001.txt,52,Orlando,Gothenburg,GRIMSBY,"57 pkgs. woodware, 11,106 props-Wilson, Sons, & Co. 4 bdls. hoops-Wood Bros. ; 1,000 bdls. laths-T. W. Allen ; 2,050 props-G. Bjorck ; 10 pkgs. woodware-J. Dagleish ; 1,000 props, 1,200 sleepers-H. Smith & Co.","Wilson, Sons, & Co.",23,Dec,1886,2,January,1886,True,condensed,0.9,"Orlando (s)-Gothenburg-57 pkgs. woodware, 11,106 props-Wilson, Sons, & Co. ; 4 bdls. hoops-Wood Bros. ; 1,000 bdls. laths-T. W. Allen ; 2,050 props-G. Bjorck ; 10 pkgs. woodware-J. Dagleish ; 1,000 props, 1,200 sleepers-H. Smith & Co."
18860102p8-9_p001.txt,53,Erato,Gothenburg,GRIMSBY,"19,113 props, 3,844 deals-Wilson, Sons, & Co. 6,750 props-G. Bjorck ; 1,000 sleepers-Cammell, Woolf, & Haigh ; 2,522 props-H. Haagensen & Co. ; 2,128 props, 7,450 sleepers and props -H. Smith & Co. ; 4,000 props-Order","Wilson, Sons, & Co.",23,Dec,1886,2,January,1886,True,condensed,0.9,"Erato (s)-Gothenburg-19,113 props, 3,844 deals-Wilson, Sons, & Co. ; 6,750 props-G. Bjorck ; 1,000 sleepers-Cammell, Woolf, & Haigh ; 2,522 props-H. Haagensen & Co. ; 2,128 props, 7,450 sleepers and props -H. Smith & Co. ; 4,000 props-Order"
18860102p8-9_p001.txt,54,Marsden,Christiania,GRIMSBY,"3,053 bdls. boards-Wilson, Sons, & Co. 1,198 pcs. lumber-H. Haagenseny & Co. ; 571 pcs. lumber-Order","Wilson, Sons, & Co.",31,Dec,1886,2,January,1886,True,condensed,0.9,"31 Marsden (s)-Christiania-3,053 bdls. boards-Wilson, Sons, & Co. ; 1,198 pcs. lumber-H. Haagenseny & Co. ; 571 pcs. lumber-Order"
18860102p8-9_p001.txt,56,Catalonia,Boston,LIVERPOOL,"3 cs. bobbins-S. Brooks 15,000 staves-Farnworth",S. Brooks,23,Dec,1886,2,January,1886,True,standard_dash,0.9,"Dec. 23 Catalonia (s)-Boston-3 cs. bobbins-S. Brooks ; 15,000 staves-Farnworth"
18860102p8-9_p001.txt,57,Counsellor,New Orleans,LIVERPOOL,341 pcs. oak-J. Kennedy & Co.,J. Kennedy & Co.,23,Dec,1886,2,January,1886,True,condensed,0.9,Counsellor (s)-New Orleans-341 pcs. oak-J. Kennedy & Co.
18860102p8-9_p001.txt,58,Virginian,Boston,LIVERPOOL,"75 bdls. handles-J. G. Hollins & Co. 140 bdls. handles-W. Glassey & Co. ; 3,200 staves-Drysdale Bros.",J. G. Hollins & Co.,23,Dec,1886,2,January,1886,True,condensed,0.9,"Virginian (s)-Boston-75 bdls. handles-J. G. Hollins & Co. ; 140 bdls. handles-W. Glassey & Co. ; 3,200 staves-Drysdale Bros."
18860102p8-9_p001.txt,60,James Kenway,Charleston,LIVERPOOL,"1,200 staves",,23,Dec,1886,2,January,1886,False,condensed,0.9,"James Kenway-Charleston-1,200 staves-Order"
18860102p8-9_p001.txt,61,Mississippi,New Orleans,LIVERPOOL,"8,200 staves-E. Chaloner & Co.",E. Chaloner & Co.,23,Dec,1886,2,January,1886,True,condensed,0.9,"Mississippi (s)-New Orleans-8,200 staves-E. Chaloner & Co."
18860102p8-9_p001.txt,62,Shieldrake,Rotterdam,LIVERPOOL,"770 bdls. hoops-Wilson, Sons, & Co. 3,208 bdls. hoops-S. Schonstadt ; 6,522 bdls. hoops-M. Mannion ; 200 bdls. hoops-J. Hardcastle","Wilson, Sons, & Co.",23,Dec,1886,2,January,1886,True,condensed,0.9,"Shieldrake (s)-Rotterdam-770 bdls. hoops-Wilson, Sons, & Co. ; 3,208 bdls. hoops-S. Schonstadt ; 6,522 bdls. hoops-M. Mannion ; 200 bdls. hoops-J. Hardcastle"
18860102p8-9_p001.txt,63,Venezuelan,New Orleans,LIVERPOOL,"75 pcs. oak-Duncan, Ewing, & Co. 600 staves-Drysdale Bros.","Duncan, Ewing, & Co.",23,Dec,1886,2,January,1886,True,condensed,0.9,"Venezuelan (s)-New Orleans-75 pcs. oak-Duncan, Ewing, & Co. ; 600 staves-Drysdale Bros."
18860102p8-9_p001.txt,64,Barrington,New Orleans,LIVERPOOL,"2,400 staves",,23,Dec,1886,2,January,1886,True,condensed,0.9,"Barrington (s)-New Orleans-2,400 staves-Order"
18860102p8-9_p001.txt,65,Baltimore,Baltimore,LIVERPOOL,"183 w.o. planks J. Smith & Co. ; 303 w.o. planks, 14 maple logs, 9,746 staves",,23,Dec,1886,2,January,1886,True,condensed,0.9,"Baltimore (s)-Baltimore-183 w.o. planks J. Smith & Co. ; 303 w.o. planks, 14 maple logs, 9,746 staves-Order"
18860102p8-9_p001.txt,66,Etruria,New York,LIVERPOOL,7 pkgs. spokes-Staveley & Co.,Staveley & Co.,23,Dec,1886,2,January,1886,True,condensed,0.9,Etruria (s)-New York-7 pkgs. spokes-Staveley & Co.
18860102p8-9_p001.txt,67,Navarro,New Orleans,LIVERPOOL,"1,200 ppe. staves",,23,Dec,1886,2,January,1886,True,condensed,0.9,"Navarro (s)-New Orleans-1,200 ppe. staves-Order"
18860102p8-9_p001.txt,68,Republic,New York,LIVERPOOL,"6 cs. handles-W. H. Samuel & Co. 6 cs. wood mouldings-L. Glass & Co. ; 2,500 staves-Order",W. H. Samuel & Co.,23,Dec,1886,2,January,1886,True,condensed,0.9,"Republic (s)-New York-6 cs. handles-W. H. Samuel & Co. ; 6 cs. wood mouldings-L. Glass & Co. ; 2,500 staves-Order"
18860102p8-9_p001.txt,69,Myrtle,Mobile,LIVERPOOL,"630 pcs. sawn pitch pine, 97 pine deals-Price & Pierce",Price & Pierce,23,Dec,1886,2,January,1886,False,condensed,0.9,"Myrtle-Mobile-630 pcs. sawn pitch pine, 97 pine deals-Price & Pierce"
18860102p8-9_p001.txt,70,Nevada,New York,LIVERPOOL,8 cs. handles-A. Field & Co. 30 cs. spokes-J. Gardner & Co. ; 52 cs. wood battens-Order,A. Field & Co.,23,Dec,1886,2,January,1886,True,condensed,0.9,Nevada (s)-New York-8 cs. handles-A. Field & Co. ; 30 cs. spokes-J. Gardner & Co. ; 52 cs. wood battens-Order
18860102p8-9_p001.txt,71,Guido,New Orleans,LIVERPOOL,"2,100 ppe. staves, 153 logs wood-Drysdale Bros. 2,200 staves-Order",Drysdale Bros.,23,Dec,1886,2,January,1886,True,condensed,0.9,"Guido (s)-New Orleans-2,100 ppe. staves, 153 logs wood-Drysdale Bros. ; 2,200 staves-Order"
18860102p8-9_p001.txt,72,Egyptian,Trieste,LIVERPOOL,"24,000 oak staves-Drysdale Bros 9,500 oak staves-Andreas",Drysdale Bros,23,Dec,1886,2,January,1886,True,condensed,0.9,"Egyptian (s)-Trieste-24,000 oak staves-Drysdale Bros ; 9,500 oak staves-Andreas"
18860102p8-9_p001.txt,73,Cern,Rotterdam,LIVERPOOL,"520 bdls. hoops-J. Johnson & Co. 100 bdls. hoops-R. Stewart & Co. ; 6,334 bdls. hoops-S. Schonstadt ; 500 bdls. hoops-Order",J. Johnson & Co.,23,Dec,1886,2,January,1886,True,condensed,0.9,"Cern (s)-Rotterdam-520 bdls. hoops-J. Johnson & Co. ; 100 bdls. hoops-R. Stewart & Co. ; 6,334 bdls. hoops-S. Schonstadt ; 500 bdls. hoops-Order"
18860102p8-9_p001.txt,74,Kepler,New York,LIVERPOOL,"2,400 staves-E. Chaloner & Co. 344 staves, 125 bdls. headings-Drysdale Bros.",E. Chaloner & Co.,23,Dec,1886,2,January,1886,True,condensed,0.9,"Kepler (s) - New York - 2,400 staves-E. Chaloner & Co. ; 344 staves, 125 bdls. headings-Drysdale Bros."
18860102p8-9_p001.txt,75,Syanaia,"St. John, N.B.",LIVERPOOL,"137 stds. deals, 3 stds. scantlings, 4 stds. ends-Farnworth",Farnworth,23,Dec,1886,2,January,1886,False,condensed,0.9,"Syanaia-St. John, N.B.-137 stds. deals, 3 stds. scantlings, 4 stds. ends-Farnworth"
18860102p8-9_p001.txt,76,Fratelli Scarsella,Pensacola,LIVERPOOL,"1,338 pcs. sawn pitch pine, 767 deals",,23,Dec,1886,2,January,1886,False,condensed,0.9,"Fratelli Scarsella - Pensacola - 1,338 pcs. sawn pitch pine, 767 deals-Order"
18860102p8-9_p001.txt,77,British Princess,Philadelphia,LIVERPOOL,"786 oak planks-J. Smith & Co. 8,466 n.o. staves-Order",J. Smith & Co.,23,Dec,1886,2,January,1886,True,condensed,0.9,"British Princess (s)-Philadelphia-786 oak planks-J. Smith & Co. ; 8,466 n.o. staves-Order"
18860102p8-9_p001.txt,78,City of Richmond,New York,LIVERPOOL,"14 cs. woodware-Cunningham, Shaw & Co. 2,908 staves-Drysdale Bros. ; 2,546 bdls. staves, 2 cs. woodware-Order","Cunningham, Shaw & Co.",23,Dec,1886,2,January,1886,True,condensed,0.9,"City of Richmond (s)-New York-14 cs. woodware-Cunningham, Shaw & Co. ; 2,908 staves-Drysdale Bros. ; 2,546 bdls. staves, 2 cs. woodware-Order"
18860102p8-9_p001.txt,79,Juno,"St. John, N.B.",LIVERPOOL,"24,161 deals and battens, 1,865 pcs. scantlings, 2,855 deal ends, 3,203 boards-Farnworth & Jardine",Farnworth & Jardine,23,Dec,1886,2,January,1886,False,condensed,0.9,"Juno - St. John, N.B. - 24,161 deals and battens, 1,865 pcs. scantlings, 2,855 deal ends, 3,203 boards-Farnworth & Jardine"
18860102p8-9_p001.txt,80,Ternen,Risoer,LIVERPOOL,a cargo of pit-props-Order,props-Order,23,Dec,1886,2,January,1886,False,condensed,0.9,Ternen-Risoer-a cargo of pit-props-Order
18860102p8-9_p001.txt,81,Sarnia,Portland,LIVERPOOL,"2,117 pine deals from Halifax-96 cs. spoolwood-Haws",,23,Dec,1886,2,January,1886,True,condensed,0.9,"Sarnia (s)-Portland-2,117 pine deals-Order ; from Halifax-96 cs. spoolwood-Haws"
18860102p8-9_p001.txt,82,Palestine,Boston,LIVERPOOL,"4,665 stds.-Drysdale",Drysdale,23,Dec,1886,2,January,1886,True,condensed,0.9,"Palestine (s)-Boston-4,665 stds.-Drysdale"
18860102p8-9_p001.txt,85,Raleigh,Riga,LONDON,"25,356 deals and deal ends",,23,Dec,1886,2,January,1886,True,standard_dash,0.9,"Dec. 23 Raleigh (s)-Riga-25,356 deals and deal ends-G. Loder-Station yard, 11/12"
18860102p8-9_p001.txt,86,Pickwick,Fredrikstad,LONDON,"400 stds. boards-Tagart, Boyson, & Slee","Tagart, Boyson, & Slee",24,Dec,1886,2,January,1886,True,condensed,0.9,"24 Pickwick (s)-Fredrikstad-400 stds. boards-Tagart, Boyson, & Slee"
18860102p8-9_p001.txt,87,Montrose,Hommelvik,LONDON,"37,306 deals and battens, 8,200 broom handles, 30 fms. firewood",,23,Dec,1886,2,January,1886,True,condensed,0.9,"Montrose (s)-Hommelvik-37,306 deals and battens, 8,200 broom handles, 30 fms. firewood-With, Webster, & Co.-Acorn yd., 13"
18860102p8-9_p001.txt,88,Ethel,Krageroe,LONDON,338 stds. deals and ends,,23,Dec,1886,2,January,1886,True,condensed,0.9,"Ethel (s)-Krageroe-338 stds. deals and ends-With, Webster, & Co.-Albi yard, 35/7"
18860102p8-9_p001.txt,89,Alette,Skutskar,LONDON,"30 fms. firewood-R. Pattison & Co. from Gefle-4,574 deals-Leith & Cooke-Russia yard, 6",R. Pattison & Co.,28,Dec,1886,2,January,1886,False,condensed,0.9,"28 Alette-Skutskar-30 fms. firewood-R. Pattison & Co. ; from Gefle-4,574 deals-Leith & Cooke-Russia yard, 6"
18860102p8-9_p001.txt,89,Leith &,Cooke,LONDON,"Russia yard, 6",,23,Dec,1886,2,January,1886,False,condensed,0.9,"Leith & Cooke-Russia yard, 6"
18860102p8-9_p001.txt,90,Isabella Blyth,Campbeltown,LONDON,"7,599 deals, 2,117 scantlings, 1,826 ends, 766 pcs. timber",,23,Dec,1886,2,January,1886,False,condensed,0.9,"Isabella Blyth - Campbeltown-7,599 deals, 2,117 scantlings, 1,826 ends, 766 pcs. timber-Price & Pierce-Centre yard, 9"
18860102p8-9_p001.txt,91,Gaa Paa,Fredrikstad,LONDON,"44,053 boards, 753 bdls. laths, 484 caseboards",,23,Dec,1886,2,January,1886,True,condensed,0.9,"Gaa Paa (s)-Fredrikstad-44,053 boards, 753 bdls. laths, 484 caseboards-Tagart, Boyson, & Slee-Island Shed, 15, and Lower Brunswick yard"
18860102p8-9_p001.txt,92,Avoca,St. John,LONDON,"38,296 deals and battens, 746 scantlings, 4,006 deal ends, 1,487 boards-Farnworth & Jardine",Farnworth & Jardine,23,Dec,1886,2,January,1886,False,condensed,0.9,"Avoca-St. John- 38,296 deals and battens, 746 scantlings, 4,006 deal ends, 1,487 boards-Farnworth & Jardine"
18860102p8-9_p001.txt,93,Spark,Fredrikstad,LONDON,"16,828 boards, 858 laths, 10,660 battens-R. H. Dahl & Co. 41,688 boards-With, Webster, & Co. ; 5,179 boards-Messer & Co. ; 5,032 boards-C. J. Wade & Co. ; 5,321 boards - Raffety, Thornton, & Co. ; 26,346 boards-Bryant, Powis, & Bryant ; 6,855 boards, 1,351 bdls. laths-Tagart, Boyson, & Slee",R. H. Dahl & Co.,23,Dec,1886,2,January,1886,True,condensed,0.9,"Spark (s)-Fredrikstad-16,828 boards, 858 laths, 10,660 battens-R. H. Dahl & Co. ; 41,688 boards-With, Webster, & Co. ; 5,179 boards-Messer & Co. ; 5,032 boards-C. J. Wade & Co. ; 5,321 boards - Raffety, Thornton, & Co. ; 26,346 boards-Bryant, Powis, & Bryant ; 6,855 boards, 1,351 bdls. laths-Tagart, Boyson, & Slee"
18860102p8-9_p001.txt,94,John Adamson,Odessa,LONDON,"256 logs, 315 planks from Sevastopol - 461 wainscot logs, 274 planks, 8,070 staves-G. F. Neame & Co.-Russia yard, 6",,29,Dec,1886,2,January,1886,True,condensed,0.9,"29 John Adamson (s)-Odessa-256 logs, 315 planks - Order ; from Sevastopol - 461 wainscot logs, 274 planks, 8,070 staves-G. F. Neame & Co.-Russia yard, 6"
18860102p8-9_p001.txt,94,G. F. Neame &,Co.,LONDON,"Russia yard, 6",,29,Dec,1886,2,January,1886,False,condensed,0.9,"G. F. Neame & Co.-Russia yard, 6"
18860102p8-9_p001.txt,95,Loch Awe,Savannah,LONDON,"12,428 pp. planks-Foy, Morgan, & Co.-Norway sheds","Foy, Morgan, & Co.-Norway sheds",31,Dec,1886,2,January,1886,False,condensed,0.9,"31 Loch Awe-Savannah-12,428 pp. planks-Foy, Morgan, & Co.-Norway sheds"
18860102p8-9_p001.txt,97,James Groves,Gothenburg,LONDON,"690 bdls mouldings-With, Webster, & Co. 200 stds. deals, &c.-Order","With, Webster, & Co.",24,Dec,1886,2,January,1886,True,standard_dash,0.9,"Dec. 24 James Groves (s)-Gothenburg-690 bdls mouldings - With, Webster, & Co. ; 200 stds. deals, &c.-Order"
18860102p8-9_p001.txt,98,Cameo,Christiania,LONDON,"441 bgs. blocks-J. Keen 5,592 bdls. blocks-C. Wade & Co.",J. Keen,28,Dec,1886,2,January,1886,True,condensed,0.9,"28 Cameo (s)-Christiania-441 bgs. blocks-J. Keen ; 5,592 bdls. blocks-C. Wade & Co."
18860102p8-9_p001.txt,99,Envoy,Trieste,LONDON,"19 wainscot logs from Fiume-156 bdls. planks and boards, 25,795 oak staves-Order",,30,Dec,1886,2,January,1886,True,condensed,0.9,"30 Envoy (s)-Trieste-19 wainscot logs-Order ; from Fiume-156 bdls. planks and boards, 25,795 oak staves-Order"
18860102p8-9_p001.txt,100,Thorsten,Gothenburg,LONDON,"49 pkgs. middles-J. Spicer & Sons 1,000 bdls. laths - Churchill & Sim ; 419 pkgs. joinery-Prier Wotton & Co. ; 780 pkgs. joinery-J. San[?]",J. Spicer & Sons,24,Dec,1886,2,January,1886,True,condensed,0.9,"Thorsten (s)-Gothenburg-49 pkgs. middles-J. Spicer & Sons ; 1,000 bdls. laths - Churchill & Sim ; 419 pkgs. joinery-Prier Wotton & Co. ; 780 pkgs. joinery-J. San[?]"
18860102p8-9_p001.txt,102,E. Jansson Assyrian Monarch,New York,LONDON,"8,127 pcs. wood, 49 pkgs mouldings",,24,Dec,1886,2,January,1886,True,condensed,0.9,"E. Jansson Assyrian Monarch (s)-New York-8,127 pcs. wood, 49 pkgs mouldings-Order"
18860102p8-9_p001.txt,104,Bernina,Odessa,LONDON,"50 wainscote logs, 65 oak logs, 600 pipe staves, 1,511 oak staves",,24,Dec,1886,2,January,1886,True,condensed,0.9,"Bernina (s) - Odessa-50 wainscote logs, 65 oak logs, 600 pipe staves, 1,511 oak staves-Order"
18860102p8-9_p001.txt,106,Durham,Halifax,LONDON,"11,295 ft. lumber from Boston-3 bdls. headings, 1,001 bdls. staves-Chase & Co. ; 48 bdls., 238 pcs. lumber, 1,900 staves-Order",,24,Dec,1886,2,January,1886,True,condensed,0.9,"Durham (s)-Halifax-11,295 ft. lumber-Order; from Boston-3 bdls. headings, 1,001 bdls. staves-Chase & Co. ; 48 bdls., 238 pcs. lumber, 1,900 staves-Order"
18860102p8-9_p001.txt,109,Greece,New York,LONDON,"13 cs. lumber, 4 cs. spokes, 892 pcs. doors, 2,416 staves",,28,Dec,1886,2,January,1886,True,standard_dash,0.9,"Dec. 28 Greece (s)-New York-13 cs. lumber, 4 cs. spokes, 892 pcs. doors, 2,416 staves-Order"
18860102p8-9_p001.txt,110,Lepanto,New York,LONDON,35 planks beech,,28,Dec,1886,2,January,1886,True,condensed,0.9,Lepanto (s)-New York-35 planks beech-Order
18860102p8-9_p001.txt,112,Capulet,Havre,LONDON,530 pcs. beech,,30,Dec,1886,2,January,1886,True,standard_dash,0.9,Dec. 30 Capulet (s)-Havre-530 pcs. beech-Order
18860102p8-9_p001.txt,114,Reiher,Bremen,LONDON,530 pcs. beech-Greenwood,Greenwood,28,Dec,1886,2,January,1886,True,standard_dash,0.9,Dec. 28 Reiher (s)-Bremen-530 pcs. beech-Greenwood
18860102p8-9_p001.txt,117,Coleridge,Memel,TILBURY,"56,721 deals and ends",,24,Dec,1886,2,January,1886,True,standard_dash,1.0,"Dec. 24 Coleridge (s)-Memel-56,721 deals and ends-Order"
18860102p8-9_p001.txt,119,Atlantique,Bayonne,NEWPORT,770 lds. pit-wood-Newport Pitwood Co.,wood-Newport Pitwood Co.,22,Dec,1886,2,January,1886,True,standard_dash,1.0,Dec. 22 Atlantique (s)-Bayonne-770 lds. pit-wood-Newport Pitwood Co.
18860102p8-9_p001.txt,120,Paul et Marie,Redon,NEWPORT,94 lds. pitwood-Tapson & Co.,Tapson & Co.,22,Dec,1886,2,January,1886,False,condensed,1.0,Paul et Marie-Redon-94 lds. pitwood-Tapson & Co.
18860102p8-9_p001.txt,121,Paul,Lorient,NEWPORT,164 lds. pitwood-Budd,Budd,23,Dec,1886,2,January,1886,False,condensed,1.0,23 St. Paul-Lorient-164 lds. pitwood-Budd
18860102p8-9_p001.txt,123,Vesta,Helsingfors,NEWPORT,"240,000 birch staves",,22,Dec,1886,2,January,1886,False,condensed,0.9,"Vesta-Helsingfors-240,000 birch staves-Order"
18860102p8-9_p001.txt,125,Erema,Charlotte Town,NEWPORT,410 pcs. sawn fir-Master,Master,22,Dec,1886,2,January,1886,False,standard_dash,0.9,Dec. 22 Erema-Charlotte Town-410 pcs. sawn fir-Master
18860102p8-9_p001.txt,127,Familien,Jordan River,NEWPORT,"11,340 pcs. fir-J. Horn",J. Horn,16,Dec,1886,2,January,1886,False,standard_dash,0.9,"Dec. 16 Familien-Jordan River-11,340 pcs. fir-J. Horn"
18860102p8-9_p001.txt,129,Peter James,Dordrecht,TYNE,"4,650 bdls. hoops-Havelock & Usher",Havelock & Usher,22,Dec,1886,2,January,1886,False,standard_dash,1.0,"Dec. 22 Peter James-Dordrecht-4,650 bdls. hoops-Havelock & Usher"
18860102p8-9_p001.txt,130,P. A. Munch,Stockholm,TYNE,"14,429 deals, battens, and boards, 938 lds. qty. firewood-Curry & Co.",Curry & Co.,22,Dec,1886,2,January,1886,False,condensed,1.0,"P. A. Munch-Stockholm-14,429 deals, battens, and boards, 938 lds. qty. firewood-Curry & Co."
18860102p8-9_p001.txt,131,Prospero,Christiania,TYNE,"200 lds. mining timber, 14 lds. props",,24,Dec,1886,2,January,1886,True,condensed,1.0,"24 Prospero (s)-Christiania-200 lds. mining timber, 14 lds. props-Order"
18860102p8-9_p001.txt,132,Bispham,Dordt,TYNE,"6,288 bdls. hoops-Black",Black,22,Dec,1886,2,January,1886,False,condensed,1.0,"Bispham-Dordt-6,288 bdls. hoops-Black"
18860102p8-9_p001.txt,133,Olaf,Drontheim,TYNE,"547,890 staves-C. Tennant & Co. 245 white battens-Scott",C. Tennant & Co.,22,Dec,1886,2,January,1886,True,condensed,0.9,"St. Olaf (s)-Drontheim-547,890 staves-C. Tennant & Co. ; 245 white battens-Scott"
18860102p8-9_p001.txt,134,Elizabeth,Namsos,TYNE,"1,283 battens-Scott",Scott,22,Dec,1886,2,January,1886,True,condensed,0.9,"Elizabeth (s)-Namsos-1,283 battens-Scott"
18860102p8-9_p001.txt,135,William & Catherine,Moss,TYNE,qty. pit-props-Hall Bros.,props-Hall Bros.,22,Dec,1886,2,January,1886,False,condensed,0.9,22 William & Catherine-Moss-qty. pit-props-Hall Bros.
18860102p8-9_p001.txt,136,Emil,Myrnas,TYNE,"8,267 deals and battens",,28,Dec,1886,2,January,1886,False,condensed,0.9,"28 Emil-Myrnas-8,267 deals and battens-Order"
18860102p8-9_p001.txt,137,Grenadier,Rotterdam,TYNE,"1,080 bdls. hoops",,28,Dec,1886,2,January,1886,True,condensed,0.9,"Grenadier (s)-Rotterdam-1,080 bdls. hoops-Order"
18860102p8-9_p001.txt,139,Fil,Warberg,TYNE,"3,875 pcs. hewn fir-Calder",Calder,22,Dec,1886,2,January,1886,False,standard_dash,0.9,"Dec. 22 Fil-Warberg-3,875 pcs. hewn fir-Calder"
18860102p8-9_p001.txt,140,Salus,Halmstad,TYNE,"33,566 props-Mitshel",Mitshel,28,Dec,1886,2,January,1886,False,condensed,0.9,"28 Salus-Halmstad-33,566 props-Mitshel"
18860102p8-9_p001.txt,142,Eos,La Rochelle,TYNE,400 lds. pitwood-Llynvi Co.,Llynvi Co.,23,Dec,1886,2,January,1886,False,standard_dash,0.9,Dec. 23 Eos-La Rochelle-400 lds. pitwood-Llynvi Co.
18860102p8-9_p001.txt,143,Regia,Arendal,TYNE,400 lds. pitwood-G. Bedford,G. Bedford,24,Dec,1886,2,January,1886,False,condensed,0.9,24 Regia-Arendal-400 lds. pitwood-G. Bedford
18860102p8-9_p001.txt,144,Vanquelain,St. Brieux,TYNE,215 lds. hewn fir-Williams & Co.,Williams & Co.,28,Dec,1886,2,January,1886,False,condensed,0.9,28 Vanquelain-St. Brieux-215 lds. hewn fir-Williams & Co.
18860102p8-9_p001.txt,145,Helene,Tvedestrand,TYNE,280 lds. props-Geo. Bedford,Geo. Bedford,23,Dec,1886,2,January,1886,False,condensed,0.9,Helene-Tvedestrand-280 lds. props-Geo. Bedford
18860102p8-9_p001.txt,146,Edouard,Redon,TYNE,206 lds. hewn fir-Cook,Cook,23,Dec,1886,2,January,1886,False,condensed,0.9,Edouard-Redon-206 lds. hewn fir-Cook
18860102p8-9_p001.txt,147,Emilie,Bordeaux,TYNE,640 lds.,,23,Dec,1886,2,January,1886,False,condensed,0.9,Emilie-Bordeaux-640 lds.
18860102p8-9_p001.txt,150,City of Hamburg,Rotterdam,TYNE,"1,550 bdls. hoops-J. C. Pinkerton",J. C. Pinkerton,22,Dec,1886,2,January,1886,False,standard_dash,0.9,"Dec. 22 City of Hamburg - Rotterdam - 1,550 bdls. hoops-J. C. Pinkerton"
18860102p8-9_p001.txt,152,Snowdon,Pensacola,DUBLIN,"983 pcs. timber, 426 deals-R. Martin & Co.",R. Martin & Co.,28,Dec,1886,2,January,1886,False,standard_dash,0.9,"Dec. 28 Snowdon-Pensacola-983 pcs. timber, 426 deals-R. Martin & Co."
18860102p8-9_p001.txt,155,Spey,Riga,BORROWSTOUNESS,"19,860 pit-props-Love & Stewart",props-Love & Stewart,24,Dec,1886,2,January,1886,False,standard_dash,1.0,"Dec. 24 Spey-Riga-19,860 pit-props-Love & Stewart"
18860102p8-9_p001.txt,156,Spey,Riga,BORROWSTOUNESS,"1,000 sawn deals-J. Mitchell",J. Mitchell,26,Dec,1886,2,January,1886,False,condensed,1.0,"26 Spey-Riga-1,000 sawn deals-J. Mitchell"
18860102p8-9_p001.txt,158,Glenrosa,Riga,BORROWSTOUNESS,"1,281 deals-Slimman",Slimman,23,Dec,1886,2,January,1886,False,standard_dash,1.0,"Dec. 23 Glenrosa-Riga-1,281 deals-Slimman"
18860102p8-9_p001.txt,159,Spey,Riga,DUNDEE,"1,326 pcs. lathwood-Slimman",Slimman,24,Dec,1886,2,January,1886,False,condensed,0.9,"24 Spey-Riga-1,326 pcs. lathwood-Slimman"
18860102p8-9_p001.txt,160,Spey,Riga,DUNDEE,"1,000 sawn deals-J. Jessiman",J. Jessiman,26,Dec,1886,2,January,1886,False,condensed,0.9,"26 Spey-Riga-1,000 sawn deals-J. Jessiman"
18860102p8-9_p001.txt,162,Sanda,Gothenburg,DUNDEE,"1,930 bdls. staves, 4,600 bdls. laths",,21,Dec,1886,2,January,1886,True,standard_dash,0.9,"Dec. 21 Sanda (s) - Gothenburg-1,930 bdls. staves, 4,600 bdls. laths-Order"
18860102p8-9_p001.txt,163,Scandinavian,Philadelphia,DUNDEE,"2,350 staves-Edmiston & Mitchells",Edmiston & Mitchells,21,Dec,1886,2,January,1886,True,condensed,0.9,"Scandinavian (s)-Philadelphia-2,350 staves-Edmiston & Mitchells"
18860102p8-9_p001.txt,164,Furnessia,New York,DUNDEE,"300 bdls. staves, 4,602 brl. staves",,24,Dec,1886,2,January,1886,True,condensed,0.9,"24 Furnessia (s) - New York - 300 bdls. staves, 4,602 brl. staves-Order"
18860102p8-9_p001.txt,165,Prussian,Boston,DUNDEE,"4,800 staves-Wright",Wright,28,Dec,1886,2,January,1886,True,condensed,0.9,"28 Prussian (s)-Boston-4,800 staves-Wright"
18860102p8-9_p001.txt,167,Hebe,Riga,DUNDEE,"289 pcs. lath. timber, 17,745 pcs. lathwood-P. & J. Wilkie",P. & J. Wilkie,21,Dec,1886,2,January,1886,False,standard_dash,0.9,"Dec. 21 Hebe-Riga-289 pcs. lath. timber, 17,745 pcs. lathwood-P. & J. Wilkie"
18860102p8-9_p001.txt,168,Faerder,Fredrikshald,DUNDEE,198 lds. pit-props-Order,props-Order,23,Dec,1886,2,January,1886,True,condensed,0.9,23 Faerder (s)-Fredrikshald-198 lds. pit-props-Order
18860102p8-9_p001.txt,169,MISSING_FROM_OCR,Rotterdam,DUNDEE,Rotterdam 300 logs wood,,21,Dec,1886,2,January,1886,False,condensed,0.9,25 Rotterdam-Rotterdam 300 logs wood-Order
18860102p8-9_p001.txt,171,Crystal,New York,DUNDEE,"4,800 staves-Blaik",Blaik,21,Dec,1886,2,January,1886,True,condensed,0.9,"Gibson & Co. Crystal (s)-New York-4,800 staves-Blaik"
18860102p8-9_p002.txt,1,Glenrosa,Riga,DUNDEE,28 lds. lathwood-Cormack,Cormack,22,Dec,1886,2,January,1886,False,condensed,0.9,22 Glenrosa-Riga-28 lds. lathwood-Cormack
18860102p8-9_p002.txt,2,Ferdinand,Memel,DUNDEE,"71,271 oak staves-Young",Young,23,Dec,1886,2,January,1886,False,condensed,0.9,"23 Ferdinand-Memel-71,271 oak staves-Young"
18860102p8-9_p002.txt,3,Kinghorn,Rotterdam,DUNDEE,900 bdls. wood hoops-Gibson & Co.,Gibson & Co.,24,Dec,1886,2,January,1886,False,condensed,0.9,24 Kinghorn-Rotterdam-900 bdls. wood hoops-Gibson & Co.
18860102p8-9_p002.txt,4,Navigation,Fiume,DUNDEE,"24,000 staves-LaCour & Watson",LaCour & Watson,28,Dec,1886,2,January,1886,True,condensed,0.9,"28 Navigation (s)-Fiume-24,000 staves-LaCour & Watson"
18860102p8-9_p002.txt,5,Amulet,Rotterdam,DUNDEE,"1,500 bdls. wood hoops-Gibson & Co.",Gibson & Co.,28,Dec,1886,2,January,1886,False,condensed,0.9,"Amulet-Rotterdam-1,500 bdls. wood hoops-Gibson & Co."
18860102p8-9_p002.txt,7,Garry,Riga,MONTROSE,800 pcs. lathwood-J. & G. Paton and others,J. & G. Paton and others,21,Dec,1886,2,January,1886,True,standard_dash,1.0,Dec. 21 Garry (s)-Riga-800 pcs. lathwood-J. & G. Paton and others
18860102p8-9_p002.txt,61,It is desirable to insert in the,Charter,MONTROSE,"party or other legal documents, ""per CUSTOMS' FUND MEASURE,"" or ""TO BE MEASURED BY CUSTOMS' FUND OFFICERS."" Norway Mining Timber, Silver Birch, &c., if by ""girt tape measure please state divisor to be used.""",,21,Dec,1886,2,January,1886,False,condensed,0.9,"It is desirable to insert in the Charter-party or other legal documents, ""per CUSTOMS' FUND MEASURE,"" or ""TO BE MEASURED BY CUSTOMS' FUND OFFICERS."" Norway Mining Timber, Silver Birch, &c., if by ""girt tape measure please state divisor to be used."""
18860102p8-9_p002.txt,78,American and Italian,"WALNUT, Figured OAK, WAINSCOT, BIRCH, TEAK, ASH, PITCH PINE, DEALS, MATCHING, FLOORING, &c., always in Stock. MAHOGANY and other Furniture Woods, in LOGS.",MONTROSE,"Mahogany, Teak, Sawn and Hewn Pitch Pine, and other goods landed, sawn, and piled, or small quantities from stock.",,21,Dec,1886,2,January,1886,False,condensed,0.9,"American and Italian WALNUT, Figured OAK, WAINSCOT, BIRCH, TEAK, ASH, PITCH PINE, DEALS, MATCHING, FLOORING, &c., always in Stock. MAHOGANY and other Furniture Woods, in LOGS.—Mahogany, Teak, Sawn and Hewn Pitch Pine, and other goods landed, sawn, and piled, or small quantities from stock."
18860102p8-9_p002.txt,89,Sole Proprietors and,Manufacturers,MONTROSE,"also Genuine Emery, Emery Cloth, Patent Emery Discs, Pumice, Putty Powder, Snake Stone, Second Grits, and all sundries for Marble Masons, Blacklead, ""Protecto"" Enamel Paint.",,21,Dec,1886,2,January,1886,False,condensed,0.9,"Sole Proprietors and Manufacturers— also Genuine Emery, Emery Cloth, Patent Emery Discs, Pumice, Putty Powder, Snake Stone, Second Grits, and all sundries for Marble Masons, Blacklead, ""Protecto"" Enamel Paint."
18860109p25-26_p001.txt,35,Pit,,MONTROSE,"props ... ... ,, - 3,093",,21,Dec,1886,9,January,1886,False,condensed,0.9,"Pit-props ... ... ,, -- 3,093"
18860109p25-26_p001.txt,112,Vivid,P.E. Island,MONTROSE,"700 deals, 88 pcs. hewn birch-Richards & Co.",Richards & Co.,2,Jan,1886,9,January,1886,False,standard_dash,0.9,"Jan. 2 Vivid-P.E. Island-700 deals, 88 pcs. hewn birch-Richards & Co."
18860109p25-26_p001.txt,114,Lisnacrieve,New York,BRISTOL,"600 bdls. staves, 150 bdls. hoops, 125 bdls. headings, 23 cs. handles",,31,Dec,1886,9,January,1886,True,standard_dash,0.9,"Dec. 31 Lisnacrieve (s)-New York-600 bdls. staves, 150 bdls. hoops, 125 bdls. headings, 23 cs. handles-Order"
18860109p25-26_p001.txt,116,Ika,Bordeaux,BRISTOL,650 lds. pit-props-Martin & Marquand,props-Martin & Marquand,29,Dec,1886,9,January,1886,False,standard_dash,0.9,Dec. 29 Ika-Bordeaux-650 lds. pit-props-Martin & Marquand
18860109p25-26_p001.txt,117,Dordogne,Bordeaux,BRISTOL,"870 lds. pitwood-Jones, Ingram, & Co.","Jones, Ingram, & Co.",2,Jan,1886,9,January,1886,False,standard_dash,0.9,"Jan. 2 Dordogne-Bordeaux-870 lds. pitwood-Jones, Ingram, & Co."
18860109p25-26_p001.txt,118,Louis,Villagarcia,BRISTOL,170 lds. pitwood-Manzanos,Manzanos,2,Jan,1886,9,January,1886,False,condensed,0.9,St. Louis-Villagarcia-170 lds. pitwood-Manzanos
18860109p25-26_p001.txt,119,Pitre Marie,Carril,BRISTOL,140 lds. hewn fir-Manzanos,Manzanos,4,Jan,1886,9,January,1886,False,condensed,0.9,4 Pitre Marie-Carril-140 lds. hewn fir-Manzanos
18860109p25-26_p001.txt,120,Lola G.,Villagarcia,BRISTOL,350 lds. hewn fir-Tapson & Co.,Tapson & Co.,2,Jan,1886,9,January,1886,False,condensed,0.9,Lola G.-Villagarcia-350 lds. hewn fir-Tapson & Co.
18860109p25-26_p001.txt,124,Lord Clyde,Stettin,BRISTOL,876 pcs. sawn and hewn oak-H. T. Graves,H. T. Graves,31,Dec,1886,9,January,1886,False,standard_dash,0.9,Dec. 31 Lord Clyde-Stettin-876 pcs. sawn and hewn oak-H. T. Graves
18860109p25-26_p001.txt,126,Fortuna,Gothenburg,BRISTOL,"20,330 deals-H. Tolputt",H. Tolputt,2,Jan,1886,9,January,1886,False,standard_dash,0.9,"Jan. 2 Fortuna-Gothenburg-20,330 deals-H. Tolputt"
18860109p25-26_p001.txt,128,W. Coulman,Rotterdam,GOOLE,826 bdls. hoops-Goole Steamship Co.,Goole Steamship Co.,4,Jan,1886,9,January,1886,False,standard_dash,0.9,Jan. 4 W. Coulman-Rotterdam-826 bdls. hoops-Goole Steamship Co.
18860109p25-26_p001.txt,130,Ariel,Danzig,GRIMSBY,331 pcs. hewn fir-Bunz,Bunz,29,Dec,1886,9,January,1886,False,standard_dash,0.9,Dec. 29 Ariel-Danzig-331 pcs. hewn fir-Bunz
18860109p25-26_p001.txt,132,Margarethe,Danzig,GRIMSBY,"499 pcs. hewn fir, 186 pcs. sawn fir-R. Wade, Sons, & Co.","R. Wade, Sons, & Co.",2,Jan,1886,9,January,1886,False,standard_dash,0.9,"Jan. 2 Margarethe-Danzig-499 pcs. hewn fir, 186 pcs. sawn fir-R. Wade, Sons, & Co."
18860109p25-26_p001.txt,133,Emma,Memel,GRIMSBY,"3,600 staves-R. Wade, Sons, & Co. 1,200 staves-Harrison & Singleton ; 95,785 staves-Pickford & Co.","R. Wade, Sons, & Co.",4,Jan,1886,9,January,1886,True,condensed,0.9,"4 Emma (s)-Memel-3,600 staves-R. Wade, Sons, & Co. ; 1,200 staves-Harrison & Singleton ; 95,785 staves-Pickford & Co."
18860109p25-26_p001.txt,135,Marsdin,Christiania,GRIMSBY,"3,053 bdls. boards-Wilson, Sons, & Co. 3,387 boards-Heaven & Kesterton ; 1,198 pcs. timber-H. Haagensen & Co. ; 571 pcs. timber-Order","Wilson, Sons, & Co.",31,Dec,1886,9,January,1886,True,standard_dash,0.9,"Dec. 31 Marsdin (s)-Christiania-3,053 bdls. boards-Wilson, Sons, & Co. ; 3,387 boards-Heaven & Kesterton ; 1,198 pcs. timber-H. Haagensen & Co. ; 571 pcs. timber-Order"
18860109p25-26_p001.txt,136,Rollo,Gothenburg,GRIMSBY,"3,000 props-Wilson, Sons, & Co. 500 bdls. laths-J. A. Hewetson ; 3,000 bdls. laths-Heaven & Kesterton ; 1,500 props-H. Haagensen & Co. ; 3,500 props, 300 sleepers-H. Smith & Co.","Wilson, Sons, & Co.",5,Jan,1886,9,January,1886,True,standard_dash,0.9,"Jan. 5 Rollo (s)-Gothenburg-3,000 props-Wilson, Sons, & Co. ; 500 bdls. laths-J. A. Hewetson ; 3,000 bdls. laths-Heaven & Kesterton ; 1,500 props-H. Haagensen & Co. ; 3,500 props, 300 sleepers-H. Smith & Co."
18860109p25-26_p001.txt,138,Siberian,Baltimore,LIVERPOOL,"643 planks oak, 13,900 locust pins",,31,Dec,1886,9,January,1886,True,standard_dash,0.9,"Dec. 31 Siberian (s)-Baltimore-643 planks oak, 13,900 locust pins-Order"
18860109p25-26_p001.txt,139,Helvetia,New York,LIVERPOOL,"21 crts. handles, 400 staves",,31,Dec,1886,9,January,1886,True,condensed,0.9,"Helvetia (s)-New York-21 crts. handles, 400 staves-Order"
18860109p25-26_p001.txt,140,Havre,"Economy, N.S.",LIVERPOOL,"24,337 deals and battens",,31,Dec,1886,9,January,1886,False,condensed,0.9,"Havre-Economy, N.S.-24,337 deals and battens-Order"
18860109p25-26_p001.txt,141,Pohona,"Charleston, N.S.",LIVERPOOL,"1,200 w.o. staves",,31,Dec,1886,9,January,1886,False,condensed,0.9,"Pohona-Charleston, N.S.-1,200 w.o. staves-Order"
18860109p25-26_p001.txt,142,Jamaican,New Orleans,LIVERPOOL,"2,400 staves",,31,Dec,1886,9,January,1886,True,condensed,0.9,"Order Jamaican (s)-New Orleans-2,400 staves-Order"
18860109p25-26_p001.txt,144,Laplace,New York,LIVERPOOL,"1,200 staves-Chaloner",Chaloner,31,Dec,1886,9,January,1886,True,condensed,0.9,"Laplace (s)-New York-1,200 staves-Chaloner"
18860109p25-26_p001.txt,145,Monmouthshire,Fredrikstad,LIVERPOOL,"98,526 flooring boards-R. & J. Williams Jones",R. & J. Williams Jones,31,Dec,1886,9,January,1886,True,condensed,0.9,"Monmouthshire (s)-Fredrikstad-98,526 flooring boards-R. & J. Williams Jones"
18860109p25-26_p001.txt,146,Milanese,New York,LIVERPOOL,"3,000 pp. staves",,31,Dec,1886,9,January,1886,True,condensed,0.9,"Milanese (s)-New York-3,000 pp. staves-Order"
18860109p25-26_p001.txt,147,Valona,Savannah,LIVERPOOL,"4,160 staves",,31,Dec,1886,9,January,1886,False,condensed,0.9,"Valona-Savannah-4,160 staves-Order"
18860109p25-26_p001.txt,148,Tasmanian,"St. John, N.B.",LIVERPOOL,"28,685 deals and battens, 2,730 boards, 1,610 scantlings, 2,763 deal ends-Farnworth & Jardine",Farnworth & Jardine,31,Dec,1886,9,January,1886,False,condensed,0.9,"Tasmanian-St. John, N.B.-28,685 deals and battens, 2,730 boards, 1,610 scantlings, 2,763 deal ends-Farnworth & Jardine"
18860109p25-26_p001.txt,149,Puertoriqueno,New Orleans,LIVERPOOL,"1,200 staves-E. Chaloner & Co.",E. Chaloner & Co.,31,Dec,1886,9,January,1886,True,condensed,0.9,"Puertoriqueno (s)-New Orleans-1,200 staves-E. Chaloner & Co."
18860109p25-26_p001.txt,150,Explorer,New Orleans,LIVERPOOL,529 pcs. oak lumber,,2,Dec,1886,9,January,1886,True,condensed,0.9,2 Explorer (s)-New Orleans-529 pcs. oak lumber-Order
18860109p25-26_p001.txt,151,Wisconsin,New York,LIVERPOOL,644 oars,,2,Dec,1886,9,January,1886,True,condensed,0.9,Wisconsin (s)-New York-644 oars-Order
18860109p25-26_p001.txt,152,River Indus,New Orleans,LIVERPOOL,"1,200 oak staves",,2,Dec,1886,9,January,1886,True,condensed,0.9,"River Indus (s)-New Orleans-1,200 oak staves-Order"
18860109p25-26_p001.txt,153,Luis A. Martinez,"Pictou, N.S.",LIVERPOOL,"1,170 pcs. birch, 700 deals",,2,Dec,1886,9,January,1886,False,condensed,0.9,"Luis A. Martinez-Pictou, N.S.-1,170 pcs. birch, 700 deals-Order"
18860109p25-26_p001.txt,154,Adriatic,New York,LIVERPOOL,"10 cs. spokes-W. E. Carey 135 cs. handles-Hardy Patent Pick Co. ; 4,033 staves-Order",W. E. Carey,4,Dec,1886,9,January,1886,True,condensed,0.9,"4 Adriatic (s)-New York-10 cs. spokes-W. E. Carey ; 135 cs. handles-Hardy Patent Pick Co. ; 4,033 staves-Order"
18860109p25-26_p001.txt,155,Oregon,New York,LIVERPOOL,"26 cs. spokes-Richard-son, Spence, & Co.","Richard-son, Spence, & Co.",4,Dec,1886,9,January,1886,True,condensed,0.9,"Oregon (s)-New York-26 cs. spokes-Richard-son, Spence, & Co."
18860109p25-26_p001.txt,156,Indiana,Philadelphia,LIVERPOOL,"5,950 staves, 12 bdls., 282 planks",,4,Dec,1886,9,January,1886,True,condensed,0.9,"Indiana (s)-Philadelphia-5,950 staves, 12 bdls., 282 planks-Order"
18860109p25-26_p001.txt,157,Norseman,Boston,LIVERPOOL,"5,296 staves-Drysdale Bros.",Drysdale Bros.,4,Dec,1886,9,January,1886,True,condensed,0.9,"Norseman (s)-Boston-5,296 staves-Drysdale Bros."
18860109p25-26_p001.txt,158,Catalan,New Orleans,LIVERPOOL,"4,800 staves",,4,Dec,1886,9,January,1886,True,condensed,0.9,"Catalan (s)-New Orleans - 4,800 staves - Order"
18860109p25-26_p001.txt,159,Carolina,New Orleans,LIVERPOOL,"4,200 ex ppe. staves-Drysdale Bros.",Drysdale Bros.,4,Dec,1886,9,January,1886,True,condensed,0.9,"Carolina (s)-New Orleans-4,200 ex ppe. staves-Drysdale Bros."
18860109p25-26_p001.txt,160,Courier,Fredrikstad,LIVERPOOL,"5,618 bdls. boards, 56,839 bdls. sawn fir",,4,Dec,1886,9,January,1886,True,condensed,0.9,"Courier (s)-Fredrikstad-5,618 bdls. boards, 56,839 bdls. sawn fir-Order"
18860109p25-26_p001.txt,163,Istrian,Boston,LIVERPOOL,"1 cs. bobbins-S. Brooks 425 bdls. staves-Drysdale Bros. ; 1 bdl. hoops-W. Glassey ; 984 pcs. maple, 5 bdls. mouldings-Order",S. Brooks,4,Dec,1886,9,January,1886,True,condensed,0.9,"Istrian (s)-Boston-1 cs. bobbins-S. Brooks ; 425 bdls. staves-Drysdale Bros. ; 1 bdl. hoops-W. Glassey ; 984 pcs. maple, 5 bdls. mouldings-Order"
18860109p25-26_p001.txt,164,Hoopoe,Rotterdam,LIVERPOOL,"5,191 bdls. hoops",,4,Dec,1886,9,January,1886,True,condensed,0.9,"Hoopoe (s)-Rotterdam-5,191 bdls. hoops-Order"
18860109p25-26_p001.txt,165,Canada,,LIVERPOOL,"butts Drysdale Bros. ; 1 cs. spokes, 1,790 bdls. staves",,4,Dec,1886,9,January,1886,False,condensed,0.9,"Canada butts-Drysdale Bros. ; 1 cs. spokes, 1,790 bdls. staves-Order"
18860109p25-26_p001.txt,166,Egypt,New York,LIVERPOOL,"8 cs. spokes-J. Gardner & Sons 1 cs. spokes, 1 cs. hubs-J. Lea ; 21 crts. woodware, 5 cs. spokes-Irvin & Sellers ; 73 cs. handles-A. Field ; 2,250 staves-Order",J. Gardner & Sons,4,Dec,1886,9,January,1886,True,condensed,0.9,"Egypt (s)-New York-8 cs. spokes-J. Gardner & Sons ; 1 cs. spokes, 1 cs. hubs-J. Lea ; 21 crts. woodware, 5 cs. spokes-Irvin & Sellers ; 73 cs. handles-A. Field ; 2,250 staves-Order"
18860109p25-26_p001.txt,167,Sarmartian,Portland,LIVERPOOL,"154 cs. match splints-Allard, Kendall, & Co. from Halifax-1 bdl. handles-Order","Allard, Kendall, & Co.",4,Dec,1886,9,January,1886,True,condensed,0.9,"Sarmartian (s) - Portland-154 cs. match splints-Allard, Kendall, & Co. ; from Halifax-1 bdl. handles-Order"
18860109p25-26_p001.txt,168,Staffa,Pensacola,LIVERPOOL,"1,324 pcs. sawn pitch pine-A. Dobell & Co.",A. Dobell & Co.,6,Dec,1886,9,January,1886,False,condensed,0.9,"6 Staffa-Pensacola-1,324 pcs. sawn pitch pine-A. Dobell & Co."
18860109p25-26_p001.txt,169,Oaxaca,New Orleans,LIVERPOOL,"1,800 staves-E. Chaloner & Co.",E. Chaloner & Co.,6,Dec,1886,9,January,1886,True,condensed,0.9,"Oaxaca (s)-New Orleans - 1,800 staves-E. Chaloner & Co."
18860109p25-26_p001.txt,172,Sophie,Hudikswall,LONDON,232 fms. firewood-Lines Bros.,Lines Bros.,1,Jan,1886,9,January,1886,False,standard_dash,0.9,Jan. 1 Sophie-Hudikswall-232 fms. firewood-Lines Bros.
18860109p25-26_p001.txt,173,Angelo,Memel,LONDON,"61,140 staves-Simson & Mason 29,062 staves-Tagart, Boyson, & Co. ; 1,815 deals, 294 pcs. sawn timber, 4,874 deals-T. P. Jordeson & Co. ; 1,512 deals-E. Tyer-Albion yard, 24 deals-Price & Pierce-Railway sheds",Simson & Mason,2,Jan,1886,9,January,1886,True,condensed,0.9,"2 Angelo (s)-Memel-61,140 staves-Simson & Mason ; 29,062 staves-Tagart, Boyson, & Co. ; 1,815 deals, 294 pcs. sawn timber, 4,874 deals-T. P. Jordeson & Co. ; 1,512 deals-E. Tyer-Albion yard, 24 deals-Price & Pierce-Railway sheds"
18860109p25-26_p001.txt,174,Knud,Riga,LONDON,"575 pcs. hewn timber, 552 deals-Price & Co. 1,815 deals, 1,961 deals, 18 crates trellis, 1,961 bdls. mouldings-Esdaile & Co.",Price & Co.,1,Jan,1886,9,January,1886,True,condensed,0.9,"Knud (s)-Riga-575 pcs. hewn timber, 552 deals-Price & Co. ; 1,815 deals, 1,961 deals, 18 crates trellis, 1,961 bdls. mouldings-Esdaile & Co."
18860109p25-26_p001.txt,175,Sitona,Uddevalla,LONDON,"7,519 deals and battens-Esdaile & Co.",Esdaile & Co.,4,Jan,1886,9,January,1886,True,condensed,0.9,"4 Sitona (s)-Uddevalla-7,519 deals and battens-Esdaile & Co."
18860109p25-26_p001.txt,177,Chimea,Pascagoula,LONDON,"7,519 deals and boards",,2,Jan,1886,9,January,1886,False,standard_dash,0.9,"Jan. 2 Chimea - Pascagoula - 7,519 deals and boards-Order"
18860109p25-26_p001.txt,178,Hero,Christiania,LONDON,"15,177 planed boards-Tagart & Co. 8,000 bdls. staves-Order",Tagart & Co.,4,Jan,1886,9,January,1886,True,condensed,0.9,"4 Hero (s)-Christiania-15,177 planed boards-Tagart & Co. ; 8,000 bdls. staves-Order"
18860109p25-26_p001.txt,179,MISSING_FROM_OCR,Gothenburg,LONDON,"22 pkgs. turned wood-J. W. Uloth & Co. 39 pkgs. middles-Schenkenwald & Co. ; 5 blocks aspenwood-F. Bendixen ; 111 deals, 2,900 bdls. blocks-Vigers Bros. ; 111 deals and battens-Alrutz",J. W. Uloth & Co.,2,Jan,1886,9,January,1886,False,condensed,0.9,"Gothenburg - 22 pkgs. turned wood-J. W. Uloth & Co. ; 39 pkgs. middles-Schenkenwald & Co. ; 5 blocks aspenwood-F. Bendixen ; 111 deals, 2,900 bdls. blocks-Vigers Bros. ; 111 deals and battens-Alrutz"
18860109p25-26_p001.txt,181,Boston,Boston,LONDON,"3,315 staves",,2,Jan,1886,9,January,1886,True,standard_dash,0.9,"Jan. 2 Boston (s)-Boston-3,315 staves-Order"
18860109p25-26_p001.txt,182,York City,Boston,LONDON,"1,897 bdls. lumber",,2,Jan,1886,9,January,1886,True,condensed,0.9,"York City (s)-Boston-1,897 bdls. lumber-Order"
18860109p25-26_p001.txt,184,Strauss,Bremen,LONDON,953 beech planks-Grover & Grover,Grover & Grover,4,Jan,1886,9,January,1886,True,standard_dash,0.9,Jan. 4 Strauss (s)-Bremen-953 beech planks-Grover & Grover
18860109p25-26_p001.txt,186,Caledonia,Boston,LONDON,"1,200 staves",,4,Jan,1886,9,January,1886,True,standard_dash,0.9,"Jan. 4 Caledonia (s)-Boston-1,200 staves-Order"
18860109p25-26_p001.txt,187,Denmark,New York,LONDON,"2,019 staves, 900 oars, 7 cs. handles, 159 bdls. lumber, 250 handspikes, 191 bdls. wood",,5,Jan,1886,9,January,1886,True,condensed,0.9,"5 Denmark (s)-New York-2,019 staves, 900 oars, 7 cs. handles, 159 bdls. lumber, 250 handspikes, 191 bdls. wood-Order"
18860109p25-26_p001.txt,189,Agder,Skien,LONDON,264 pcs. hewn fir-P. H. Matthiessen & Co.,P. H. Matthiessen & Co.,29,Dec,1886,9,January,1886,False,standard_dash,0.9,Dec. 29 Agder-Skien-264 pcs. hewn fir-P. H. Matthiessen & Co.
18860109p25-26_p001.txt,190,Viken,Brevig,LONDON,"2,725 props-Matthiessen",Matthiessen,30,Dec,1886,9,January,1886,False,condensed,0.9,"30 Viken-Brevig-2,725 props-Matthiessen"
18860109p25-26_p001.txt,192,Fleur de Marie,Vannes,NEWPORT,107 lds. pit-wood-Newport Pitwood Co.,wood-Newport Pitwood Co.,28,Dec,1886,9,January,1886,False,standard_dash,1.0,Dec. 28 Fleur de Marie-Vannes-107 lds. pit-wood-Newport Pitwood Co.
18860109p25-26_p001.txt,193,Snefrid,Risoer,NEWPORT,350 lds. pitwood-Jones & Co.,Jones & Co.,28,Dec,1886,9,January,1886,False,condensed,1.0,Snefrid-Risoer-350 lds. pitwood-Jones & Co.
18860109p25-26_p001.txt,194,Valin,Bayonne,NEWPORT,750 lds. pitwood-Newport Pitwood Co.,Newport Pitwood Co.,28,Dec,1886,9,January,1886,True,condensed,1.0,Valin (s)-Bayonne-750 lds. pitwood-Newport Pitwood Co.
18860109p25-26_p001.txt,195,Jeanne Marie,Lorient,NEWPORT,229 lds. pitwood-Budd & Co.,Budd & Co.,29,Dec,1886,9,January,1886,False,condensed,1.0,29 Jeanne Marie-Lorient-229 lds. pitwood-Budd & Co.
18860109p25-26_p001.txt,197,Heide,Hennebont,NEWPORT,"48,322 boards-Batchelor",Batchelor,29,Dec,1886,9,January,1886,False,condensed,0.9,"Heide-Hennebont-48,322 boards-Batchelor"
18860109p25-26_p001.txt,198,Jean Baptiste,Hennebont,NEWPORT,204 lds. pitwood-Budd & Co.,Budd & Co.,29,Dec,1886,9,January,1886,False,condensed,0.9,Jean Baptiste-Hennebont-204 lds. pitwood-Budd & Co.
18860109p25-26_p001.txt,199,Ines,Bayonne,NEWPORT,150 lds. pitwood-Budd & Co.,Budd & Co.,30,Dec,1886,9,January,1886,False,condensed,0.9,30 Ines-Bayonne-150 lds. pitwood-Budd & Co.
18860109p25-26_p001.txt,200,Elie,Bayonne,NEWPORT,185 lds. pitwood-Jones & Co.,Jones & Co.,30,Dec,1886,9,January,1886,False,condensed,0.9,Elie-Bayonne-185 lds. pitwood-Jones & Co.
18860109p25-26_p001.txt,201,Lady Mostyn,Bayonne,NEWPORT,750 lds. pitwood-Newport Pitwood Co.,Newport Pitwood Co.,1,Jan,1886,9,January,1886,False,standard_dash,0.9,Jan. 1 Lady Mostyn-Bayonne-750 lds. pitwood-Newport Pitwood Co.
18860109p25-26_p001.txt,202,Thomas Coats,Bordeaux,NEWPORT,"1,000 lds. pit-wood-T. Beynon & Co.",wood-T. Beynon & Co.,2,Jan,1886,9,January,1886,True,condensed,0.9,"2 Thomas Coats (s)-Bordeaux-1,000 lds. pit-wood-T. Beynon & Co."
18860109p25-26_p001.txt,206,Astracana,Mobile,NEWPORT,"494 pcs. hewn fir, 1,641 pcs. sawn fir-J. Horn",J. Horn,1,Jan,1886,9,January,1886,False,standard_dash,0.9,"Jan. 1 Astracana-Mobile-494 pcs. hewn fir, 1,641 pcs. sawn fir-J. Horn"
18860109p25-26_p001.txt,208,Avena,Uddevalla,NEWPORT,"72,897 pcs. pit-wood-Rayner & Moller",wood-Rayner & Moller,30,Dec,1886,9,January,1886,True,standard_dash,0.9,"Dec. 30 Avena (s)-Uddevalla-72,897 pcs. pit-wood-Rayner & Moller"
18860109p25-26_p001.txt,209,Triton,Gothenburg,NEWPORT,"45,186 pcs. pit-wood-Barker & Bell",wood-Barker & Bell,4,Jan,1886,9,January,1886,True,standard_dash,0.9,"Jan. 4 Triton (s)-Gothenburg-45,186 pcs. pit-wood-Barker & Bell"
18860109p25-26_p001.txt,211,Adela,Bordeaux,NEWPORT,264 lds. pitwood-T. Robinson,T. Robinson,29,Dec,1886,9,January,1886,False,standard_dash,0.9,Dec. 29 Adela-Bordeaux-264 lds. pitwood-T. Robinson
18860109p25-26_p001.txt,212,Marie Gabrielle,Blaye,NEWPORT,370 lds. props-L. G. Mouchell,L. G. Mouchell,29,Dec,1886,9,January,1886,False,condensed,0.9,Marie Gabrielle-Blaye-370 lds. props-L. G. Mouchell
18860109p25-26_p001.txt,213,Fermanville,St. Brieux,NEWPORT,165 lds. props-L. G. Mouchell,L. G. Mouchell,29,Dec,1886,9,January,1886,False,condensed,0.9,Fermanville-St. Brieux-165 lds. props-L. G. Mouchell
18860109p25-26_p001.txt,214,Marguerite,Blaye,NEWPORT,85 lds. props-Llynvi Co.,Llynvi Co.,29,Dec,1886,9,January,1886,False,condensed,0.9,Marguerite-Blaye-85 lds. props-Llynvi Co.
18860109p25-26_p001.txt,215,Paul,Bordeaux,NEWPORT,420 lds. props-Williams,Williams,29,Dec,1886,9,January,1886,False,condensed,0.9,Paul-Bordeaux-420 lds. props-Williams
18860109p25-26_p001.txt,216,Theophil Felix,Bordeaux,NEWPORT,140 lds. props-John Jones & Co.,John Jones & Co.,31,Dec,1886,9,January,1886,False,condensed,0.9,31 Theophil Felix-Bordeaux-140 lds. props-John Jones & Co.
18860109p25-26_p001.txt,218,Odin,Christiania,TYNE,110 lds. crown trees,,30,Dec,1886,9,January,1886,True,standard_dash,1.0,Dec. 30 Odin (s)-Christiania-110 lds. crown trees-Order
18860109p25-26_p001.txt,219,Grenadier,Rotterdam,TYNE,"1,900 bdls. hoops",,4,Jan,1886,9,January,1886,True,standard_dash,1.0,"Jan. 4 Grenadier (s)-Rotterdam-1,900 bdls. hoops-Order"
18880107p16-17_p002.txt,3,Haabet,Drammen,FULLY SECURED,"450,625 Burham Brick, Lime, & Cement Co. ; 725,314 staves-Wouldham Cement Co.",Wouldham Cement Co.,27,Dec,1888,7,January,1888,False,standard_dash,0.9,"Dec. 27 Haabet-Drammen-450,625 Burham Brick, Lime, & Cement Co. ; 725,314 staves-Wouldham Cement Co."
18880107p16-17_p002.txt,4,Johann Friedrich,Danzig,FULLY SECURED,"825 fir deck deals-Denny, Mott, & Dickson 331 pcs. fir, 352 fir crossings, 103 fir half-deals-Churchill & Sim","Denny, Mott, & Dickson",28,Dec,1888,7,January,1888,False,condensed,0.9,"28 Johann Friedrich-Danzig-825 fir deck deals -Denny, Mott, & Dickson; 331 pcs. fir, 352 fir crossings, 103 fir half-deals-Churchill & Sim"
18880107p16-17_p002.txt,5,Era,Dordt,FULLY SECURED,"8,078 bdls. hoops-London Bridge Cement Co.",London Bridge Cement Co.,2,Jan,1888,7,January,1888,False,standard_dash,0.9,"Jan. 2 Era-Dordt-8,078 bdls. hoops-London Bridge Cement Co."
18880107p16-17_p002.txt,7,Ida,Gefle,STOCKTON,"10,659 deals, battens, and boards-Forster, Brotherton, & Co.","Forster, Brotherton, & Co.",28,Dec,1888,7,January,1888,False,standard_dash,1.0,"Dec. 28 Ida-Gefle-10,659 deals, battens, and boards-Forster, Brotherton, & Co."
18880107p16-17_p002.txt,9,Enigheden,Holmestrand,STOCKTON,"11,496 pcs. pit-props-Rayner & Moller",props-Rayner & Moller,27,Dec,1888,7,January,1888,False,standard_dash,1.0,"Dec. 27 Enigheden-Holmestrand-11,496 pcs. pit-props-Rayner & Moller"
18880107p16-17_p002.txt,10,Hedworth,Gothenburg,STOCKTON,"23,000 pcs. pit",,27,Dec,1888,7,January,1888,True,condensed,1.0,"Hedworth (s)-Gothenburg-23,000 pcs. pit-props, 10,908 pcs. sawn fir-T. J. Reay"
18880107p16-17_p002.txt,11,Goteborg,Gothenburg,STOCKTON,"29,000 pcs. pit",,27,Dec,1888,7,January,1888,True,condensed,0.9,"Goteborg (s)-Gothenburg-29,000 pcs. pit-props, 36,000 sleepers-Lindsay & Hall"
18880107p16-17_p002.txt,12,Argus,Stettin,STOCKTON,467 pcs. hewn oak-Short Bros.,Short Bros.,28,Dec,1888,7,January,1888,False,condensed,0.9,28 Argus-Stettin-467 pcs. hewn oak-Short Bros.
18880107p16-17_p002.txt,13,Marie,Stettin,STOCKTON,981 pcs. hewn oak-Short Bros.,Short Bros.,27,Dec,1888,7,January,1888,False,condensed,0.9,Marie-Stettin-981 pcs. hewn oak-Short Bros.
18880107p16-17_p002.txt,14,Fidelia,Brevig,STOCKTON,"2,630 pcs. hewn fir, 1,630 pit-props-Rayner & Moller",props-Rayner & Moller,27,Dec,1888,7,January,1888,False,condensed,0.9,"Fidelia-Brevig-2,630 pcs. hewn fir, 1,630 pit-props-Rayner & Moller"
18880107p16-17_p002.txt,15,Friederike Marie,Stettin,STOCKTON,402 pcs. hewn oak-Short Bros.,Short Bros.,29,Dec,1888,7,January,1888,False,condensed,0.9,29 Friederike Marie-Stettin-402 pcs. hewn oak -Short Bros.
18880107p16-17_p002.txt,16,Breslau,Danzig,STOCKTON,"1 319 pcs. hewn fir, 602 pcs. sawn fir-Armstrong, Addison, & Co.","Armstrong, Addison, & Co.",29,Dec,1888,7,January,1888,False,condensed,0.9,"Breslau-Danzig-1 319 pcs. hewn fir, 602 pcs. sawn fir-Armstrong, Addison, & Co."
18880107p16-17_p002.txt,17,Ida,Christiania,STOCKTON,"7,209 spars, 9,499 sleepers, 471 pit-props-Marquis of Londonderry",props-Marquis of Londonderry,31,Dec,1888,7,January,1888,False,condensed,0.9,"31 Ida-Christiania-7,209 spars, 9,499 sleepers, 471 pit-props-Marquis of Londonderry"
18880107p16-17_p002.txt,18,Nanna,Skien,STOCKTON,"950 pcs. hewn fir, 671 pit-props-Rayner & Moller",props-Rayner & Moller,31,Dec,1888,7,January,1888,False,condensed,0.9,"Nanna-Skien-950 pcs. hewn fir, 671 pit-props-Rayner & Moller"
18880107p16-17_p002.txt,19,Earl of Durham,Ostend,STOCKTON,"13,000 pit-props-T. J. Reay",props-T. J. Reay,2,Jan,1888,7,January,1888,True,standard_dash,0.9,"Jan. 2 Earl of Durham (s)-Ostend-13,000 pit-props-T. J. Reay"
18880107p16-17_p002.txt,21,Valin,Bayonne,STOCKTON,850 lds. pitwood-Llynvi & Co.,Llynvi & Co.,27,Dec,1888,7,January,1888,True,standard_dash,0.9,Dec. 27 Valin (s)-Bayonne-850 lds. pitwood-Llynvi & Co.
18880107p16-17_p002.txt,22,Marie Henriette,Bordeaux,STOCKTON,150 lds. hewn fir-Williams & Co.,Williams & Co.,28,Dec,1888,7,January,1888,False,condensed,0.9,28 Marie Henriette-Bordeaux-150 lds. hewn fir-Williams & Co.
18880107p16-17_p002.txt,23,Helena,Fredrikstad,STOCKTON,"24,277 pcs. sawn fir-Jno. Glasbrook, Sons, & Co.","Jno. Glasbrook, Sons, & Co.",29,Dec,1888,7,January,1888,False,condensed,0.9,"29 Helena-Fredrikstad-24,277 pcs. sawn fir-Jno. Glasbrook, Sons, & Co."
18880107p16-17_p002.txt,24,Palestine,Bordeaux,STOCKTON,280 lds. pitwood-Williams Cook & Co.,Williams Cook & Co.,27,Dec,1888,7,January,1888,False,condensed,0.9,Palestine-Bordeaux-280 lds. pitwood-Williams Cook & Co.
18880107p16-17_p002.txt,25,Emma Marie,Bayonne,STOCKTON,110 lds. hewn fir-William Davies & Co.,William Davies & Co.,30,Dec,1888,7,January,1888,False,condensed,0.9,30 Emma Marie-Bayonne-110 lds. hewn fir-William Davies & Co.
18880107p16-17_p002.txt,26,Marta Maria,La Rochelle,STOCKTON,500 lds. pitwood-William Davies & Co.,William Davies & Co.,30,Dec,1888,7,January,1888,False,condensed,0.9,Marta Maria-La Rochelle-500 lds. pitwood-William Davies & Co.
18880107p16-17_p002.txt,27,Latwya,Bordeaux,STOCKTON,520 lds. hewn fir-Williams & Co.,Williams & Co.,30,Dec,1888,7,January,1888,False,condensed,0.9,Latwya-Bordeaux-520 lds. hewn fir-Williams & Co.
18880107p16-17_p002.txt,28,Skiblander,Domsjo,STOCKTON,"623 pcs. hewn fir, 2,738 pcs. sawn fir-Gregor Bros.",Gregor Bros.,30,Dec,1888,7,January,1888,False,condensed,0.9,"Skiblander-Domsjo-623 pcs. hewn fir, 2,738 pcs. sawn fir-Gregor Bros."
18880107p16-17_p002.txt,29,Emma,Bordeaux,STOCKTON,210 lds. hewn-fir-Davies & Co.,fir-Davies & Co.,31,Dec,1888,7,January,1888,False,condensed,0.9,31 Emma-Bordeaux-210 lds. hewn-fir-Davies & Co.
18880107p16-17_p002.txt,30,Lucie Marie,Bordeaux,STOCKTON,180 lds. hewn fir-W. G. Fox & Co.,W. G. Fox & Co.,2,Jan,1888,7,January,1888,False,standard_dash,0.9,Jan. 2 Lucie Marie-Bordeaux-180 lds. hewn fir-W. G. Fox & Co.
18880107p16-17_p002.txt,31,Amelia,Bordeaux,STOCKTON,150 lds. hewn fir-E. Mouchel,E. Mouchel,2,Jan,1888,7,January,1888,False,condensed,0.9,Amelia-Bordeaux-150 lds. hewn fir-E. Mouchel
18880107p16-17_p002.txt,32,Levrette,Bordeaux,STOCKTON,115 lds. hewn fir-Williams & Co.,Williams & Co.,2,Jan,1888,7,January,1888,False,condensed,0.9,Levrette-Bordeaux-115 lds. hewn fir-Williams & Co.
18880107p16-17_p002.txt,33,Golgotha,Bordeaux,STOCKTON,400 lds. hewn fir-William Davies & Co.,William Davies & Co.,2,Jan,1888,7,January,1888,False,condensed,0.9,Golgotha-Bordeaux-400 lds. hewn fir-William Davies & Co.
18880107p16-17_p002.txt,35,Odin,Christiania,TYNE,"120 lds. mining timber, 88 lds. props, 2 bdls. wood samples",,27,Dec,1888,7,January,1888,True,standard_dash,1.0,"Dec. 27 Odin (s)-Christiania-120 lds. mining timber, 88 lds. props, 2 bdls. wood samples -Order"
18880107p16-17_p002.txt,36,Sleipner,Gothenburg,TYNE,"qty. sleepers, props, alder, wood-props, pit-poles, and batten-Order","props, pit-poles, and batten-Order",27,Dec,1888,7,January,1888,True,condensed,1.0,"Sleipner (s)-Gothenburg-qty. sleepers, props, alder, wood-props, pit-poles, and batten-Order"
18880107p16-17_p002.txt,37,Tyri,Skien,TYNE,"874 telegraph poles-P.O. Co. 3,112 props-T. Atkinson",P.O. Co.,27,Dec,1888,7,January,1888,False,condensed,1.0,"29 Tyri Skien-874 telegraph poles-P.O. Co.; 3,112 props-T. Atkinson"
18880107p16-17_p002.txt,38,Elinor,Dordt,TYNE,"6,620 bdls. hoops-Clark",Clark,2,Jan,1888,7,January,1888,False,standard_dash,1.0,"Jan. 2 Elinor-Dordt-6,620 bdls. hoops-Clark"
18880107p16-17_p002.txt,40,Baron Holberg,Laurvig,TYNE,"14,909 battens-J. & W. Jackson",J. & W. Jackson,2,Jan,1888,7,January,1888,False,standard_dash,0.9,"Jan. 2 Baron Holberg-Laurvig-14,909 battens -J. & W. Jackson"
18880107p16-17_p002.txt,43,Loch Garry,Riga,TYNE,43 lds. lathwood,,27,Dec,1888,7,January,1888,False,standard_dash,0.9,Dec. 27 Loch Garry-Riga-43 lds. lathwood-Order
18880107p16-17_p002.txt,44,Dortmund,Rotterdam,TYNE,"1,400 bdls. hoops-C. Pinkerton",C. Pinkerton,28,Dec,1888,7,January,1888,False,condensed,0.9,"28 Dortmund-Rotterdam-1,400 bdls. hoops-C. Pinkerton"
18880107p16-17_p002.txt,47,Angantyr,Skien,TYNE,"7,571 pcs. pitwood-Cowdenbeath Coal Co.",Cowdenbeath Coal Co.,27,Dec,1888,7,January,1888,False,standard_dash,0.9,"Dec. 27 Angantyr-Skien-7,571 pcs. pitwood-Cowdenbeath Coal Co."
18880107p16-17_p002.txt,48,Tangen,Krageroe,TYNE,"4,869 battens-Thomson",Thomson,27,Dec,1888,7,January,1888,False,condensed,0.9,"Tangen-Krageroe-4,869 battens-Thomson"
18880107p16-17_p002.txt,49,Professo,Christiania,TYNE,"12,803 pcs. pitwood-Cowdenbeath Coal Co.",Cowdenbeath Coal Co.,28,Dec,1888,7,January,1888,False,condensed,0.9,"28 Professo-Christiania-12,803 pcs. pitwood-Cowdenbeath Coal Co."
18880107p16-17_p002.txt,50,Wilhelm,Riga,TYNE,"4,831 deals-Thomson",Thomson,29,Dec,1888,7,January,1888,False,condensed,0.9,"29 Wilhelm-Riga-4,831 deals-Thomson"
18880107p16-17_p002.txt,52,Martin Fredrik,Fredrikshald,BORROWSTOUNNESS,"49,154 pit-props-Love & Stewart",props-Love & Stewart,30,Dec,1888,7,January,1888,False,standard_dash,1.0,"Dec. 30 Martin Fredrik-Fredrikshald-49,154 pit-props-Love & Stewart"
18880107p16-17_p002.txt,54,State of Nebraska,New York,BORROWSTOUNNESS,"1,200 barrel staves, 4,500 hhd. staves-Allison Cousland, & Co.","Allison Cousland, & Co.",26,Dec,1888,7,January,1888,False,standard_dash,1.0,"Dec. 26 State of Nebraska-New York-1,200 barrel staves, 4,500 hhd. staves-Allison Cousland, & Co."
18880107p16-17_p002.txt,55,Hibernian,Philadelphia,BORROWSTOUNNESS,812 staves-Edmiston & Mitchells.,Edmiston & Mitchells.,26,Dec,1888,7,January,1888,False,condensed,1.0,Hibernian-Philadelphia-812 staves-Edmiston & Mitchells.
18880107p16-17_p002.txt,56,Lord Landowne,Baltimore,BORROWSTOUNNESS,"515 doz. washboards-R. Wylie Hill & Co. 9 poplar logs -Allison, Cousland, & Co. ; 342 poplar deals-Govan & Co. ; 240 pcs. lumber-Brownlee & Co. ; 15 012 staves-Order",R. Wylie Hill & Co.,27,Dec,1888,7,January,1888,False,condensed,0.9,"27 Lord Landowne-Baltimore-515 doz. washboards-R. Wylie Hill & Co. ; 9 poplar logs -Allison, Cousland, & Co. ; 342 poplar deals-Govan & Co. ; 240 pcs. lumber-Brownlee & Co. ; 15 012 staves-Order"
18880107p16-17_p002.txt,57,Oscar,Riga,BORROWSTOUNNESS,"8,809 deals",,27,Dec,1888,7,January,1888,False,condensed,0.9,"27 Oscar-Riga-8,809 deals-McPherson & McLaren, 5 fms. lathwood-Order"
18880107p16-17_p002.txt,59,Hurricane,Riga,BORROWSTOUNNESS,"17,784 deals-McPherson & McLaren",McPherson & McLaren,28,Dec,1888,7,January,1888,False,standard_dash,0.9,"Dec. 28 Hurricane - Riga - 17,784 deals-McPherson & McLaren"
18880107p16-17_p002.txt,61,Elena,Savannah,BORROWSTOUNNESS,14 lds. firewood-C. Salvesen & Co.,C. Salvesen & Co.,28,Dec,1888,7,January,1888,False,standard_dash,0.9,Dec. 28 Elena-Savannah-14 lds. firewood-C. Salvesen & Co.
18880107p16-17_p002.txt,62,Frithiof,Gothenburg,BORROWSTOUNNESS,"6,274 props-Salvesen & Co.",Salvesen & Co.,31,Dec,1888,7,January,1888,False,condensed,0.9,"31 Frithiof-Gothenburg-6,274 props-Salvesen & Co."
18880107p16-17_p002.txt,64,Edith,Christiania,BORROWSTOUNNESS,"14,237 pit-props-Fife Coal Co.",props-Fife Coal Co.,28,Dec,1888,7,January,1888,False,standard_dash,0.9,"Dec. 28 Edith-Christiania-14,237 pit-props-Fife Coal Co."
18880107p16-17_p002.txt,66,Ludwig Capobus,Riga,BORROWSTOUNNESS,"5,804 deals-Park, Dobson, & Co.","Park, Dobson, & Co.",27,Dec,1888,7,January,1888,False,standard_dash,0.9,"Dec. 27 Ludwig Capobus-Riga-5,804 deals-Park, Dobson, & Co."
18880107p16-17_p002.txt,67,Dolphin,Krageroe,BORROWSTOUNNESS,"4,869 battens-Duncan",Duncan,27,Dec,1888,7,January,1888,False,condensed,0.9,"Dolphin Krageroe-4,869 battens-Duncan"
18880107p16-17_p002.txt,68,Amulet,Rotterdam,BORROWSTOUNNESS,120 bdls. hoops-Gibson,Gibson,27,Dec,1888,7,January,1888,False,condensed,0.9,Amulet-Rotterdam-120 bdls. hoops-Gibson
18880107p16-17_p002.txt,69,Diamond,Riga,BORROWSTOUNNESS,"1,270 pcs. lathwood-Blaik",Blaik,30,Dec,1888,7,January,1888,False,condensed,0.9,"30 Diamond-Riga-1,270 pcs. lathwood-Blaik"
18880107p16-17_p002.txt,74,mill proprietor and timber,"merchant, Hounslow.",BORROWSTOUNNESS,"A receiving order has been made in the Brentford County Court against the estate of Albert Edward Addis, of the Inverness Joinery Works, Staines Road, Hounslow, Middlesex, and late of High Street, Hounslow, and also of 4, St. Stephen’s Villas, Hounslow, upon a petition presented by Messrs. Lambert, Petch, & Shakespear, solicitors, of 8, John Street, Bedford Row, London, agents of Mr. H. F. Galpin, of Oxford. No statement of affairs has as yet been filed, but the liabilities are estimated at about £1,300, of which £800 is expected to rank for dividend.",,30,Dec,1888,7,January,1888,False,condensed,0.9,"mill proprietor and timber merchant, Hounslow.—A receiving order has been made in the Brentford County Court against the estate of Albert Edward Addis, of the Inverness Joinery Works, Staines Road, Hounslow, Middlesex, and late of High Street, Hounslow, and also of 4, St. Stephen’s Villas, Hounslow, upon a petition presented by Messrs. Lambert, Petch, & Shakespear, solicitors, of 8, John Street, Bedford Row, London, agents of Mr. H. F. Galpin, of Oxford. No statement of affairs has as yet been filed, but the liabilities are estimated at about £1,300, of which £800 is expected to rank for dividend."
18880114p40-41_p001.txt,14,Telegraphic,Address,JOINERY OF EVERY DESCRIPTION,"Sandell Company, London.",,30,Dec,1888,14,January,1888,False,condensed,1.0,"Telegraphic Address— Sandell Company, London."
18880114p40-41_p001.txt,20,Baltimore,Baltimore,LIVERPOOL,38 hickory logs-Farnworth & Jardine 30 hickory logs -Order,Farnworth & Jardine,2,Jan,1888,14,January,1888,True,standard_dash,0.9,Jan. 2 Baltimore (s)—Baltimore-38 hickory logs-Farnworth & Jardine ; 30 hickory logs -Order
18880114p40-41_p001.txt,21,Oregon,Portland,LIVERPOOL,793 bdls. hickory,,3,Jan,1888,14,January,1888,True,condensed,0.9,"3 Oregon (s)—Portland-793 bdls. hickory-Ozden Benbrack (s)—Norfolk, Va.—291 pcs. persimmonwood-Order"
18880114p40-41_p001.txt,22,British King,Philadelphia,LIVERPOOL,46 walnut logs,,2,Jan,1888,14,January,1888,True,condensed,0.9,British King (s)—Philadelphia-46 walnut logs-Order
18880114p40-41_p001.txt,23,Kedar,Constantinople,LIVERPOOL,"1 bdl., 19 pcs. walnutwood",,2,Jan,1888,14,January,1888,True,condensed,0.9,"Kedar (s)—Constantinople—1 bdl., 19 pcs. walnutwood-Order"
18880114p40-41_p001.txt,24,Uppingham,Bangkok,LIVERPOOL,210 ventilators-R. & J. Henderson,R. & J. Henderson,2,Jan,1888,14,January,1888,True,condensed,0.9,Uppingham (s)—Bangkok-210 ventilators-R. & J. Henderson
18880114p40-41_p001.txt,25,Plantain,Batoum,LIVERPOOL,140 t. and 940 pcs. boxwood,,5,Jan,1888,14,January,1888,True,condensed,0.9,5 Plantain (s)—Batoum-140 t. and 940 pcs. boxwood-Order
18880114p40-41_p001.txt,26,Caribbean,Santa Martha,LIVERPOOL,5 logs furniture wood-P. Nicol 122 logs furniture wood—Order,P. Nicol,6,Jan,1888,14,January,1888,True,condensed,0.9,6 Caribbean (s)—Santa Martha-5 logs furniture wood-P. Nicol; 122 logs furniture wood—Order
18880114p40-41_p001.txt,26,logs furniture,,LIVERPOOL,wood Order,,6,Jan,1888,14,January,1888,False,condensed,0.9,122 logs furniture wood—Order
18880114p40-41_p001.txt,27,Ariadne,Barahona,LIVERPOOL,"3,207 pcs. lignum",,9,Jan,1888,14,January,1888,False,condensed,0.9,"9 Ariadne—Barahona-3,207 pcs. lignum-vitæ, 32 pcs. satinwood, 676 pcs. lancewood-B. Hall & Co."
18880114p40-41_p001.txt,28,Florida,Newport News,LIVERPOOL,57 gum logs-A. F. & D. Mackay 24 walnut logs-Dobell,A. F. & D. Mackay,10,Jan,1888,14,January,1888,True,condensed,0.9,10 Florida (s)—Newport News-57 gum logs-A. F. & D. Mackay ; 24 walnut logs-Dobell
18880114p40-41_p001.txt,31,Beneroy,Baltimore,TILBURY DOCKS,765 pcs. walnut-Churchill & Sim,Churchill & Sim,6,Jan,1888,14,January,1888,True,standard_dash,1.0,Jan. 6 Beneroy (s)—Baltimore-765 pcs. walnut—Churchill & Sim
18880114p40-41_p001.txt,32,Swansea,Baltimore,TILBURY DOCKS,"2,108 pcs. walnut lumber, 6 sycamore logs, 15 hickory logs-Churchill & Sim 276 whitewood planks, 1 car walnut lumber-Order",Churchill & Sim,7,Jan,1888,14,January,1888,True,condensed,1.0,"7 Swansea (s)—Baltimore-2,108 pcs. walnut lumber, 6 sycamore logs, 15 hickory logs—Churchill & Sim ; 276 whitewood planks, 1 car walnut lumber-Order"
18880114p40-41_p001.txt,34,Salerno,Belize,TILBURY DOCKS,"409 pcs., 25 fans, 5 logs mahogany-Belize Co. 225 pcs. mahogany-P. Leckie & Co. ; 3 fans mahogany-Order ; from Nassau-10 t. satinwood-Order",Belize Co.,9,Jan,1888,14,January,1888,True,standard_dash,1.0,"Jan. 9 Salerno (s)—Belize-409 pcs., 25 fans, 5 logs mahogany-Belize Co. ; 225 pcs. mahogany-P. Leckie & Co. ; 3 fans mahogany-Order ; from Nassau-10 t. satinwood-Order"
18880114p40-41_p001.txt,36,Erin,New York,LONDON (TILBURY DOCKS),"203 logs mahogany-Melchers, Runge, & Co.","Melchers, Runge, & Co.",9,Jan,1888,14,January,1888,True,standard_dash,0.9,"Jan. 9 Erin (s)—New York-203 logs mahogany—Melchers, Runge, & Co."
18880114p40-41_p001.txt,37,Tower Hill,New York,LONDON (TILBURY DOCKS),13 walnut logs,,9,Jan,1888,14,January,1888,True,condensed,0.9,Tower Hill (s)—New York-13 walnut logs—Order
18880114p40-41_p001.txt,39,British Queen,Boston,LONDON (TILBURY DOCKS),"1,475 pcs. walnut lumber-Churchill & Sim",Churchill & Sim,9,Jan,1888,14,January,1888,True,standard_dash,0.9,"Jan. 9 British Queen (s)—Boston-1,475 pcs. walnut lumber-Churchill & Sim"
18880114p40-41_p001.txt,40,Severn,Savanilla,LONDON (TILBURY DOCKS),"4,031 logs wood-R.M.S.P. Co.",R.M.S.P. Co.,9,Jan,1888,14,January,1888,True,condensed,0.9,"Severn (s) — Savanilla — 4,031 logs wood — R.M.S.P. Co."
18880114p40-41_p001.txt,43,Niobe,Yokohama,LONDON (TILBURY DOCKS),2 pcs. wood,,9,Jan,1888,14,January,1888,True,condensed,0.9,Niobe (s)—Yokohama- 2 pcs. wood
18880114p40-41_p001.txt,44,Pierre,Marseilles,LONDON (TILBURY DOCKS),51 pcs. boxwood,,4,Jan,1888,14,January,1888,False,condensed,0.9,St. Pierre-Marseilles-51 pcs. boxwood
18880114p40-41_p001.txt,45,Ville de Maceio,Rio Janeiro,LONDON (TILBURY DOCKS),378 logs rosewood,,4,Jan,1888,14,January,1888,False,condensed,0.9,5 Ville de Maceio-Rio Janeiro-378 logs rosewood
18880114p40-41_p001.txt,46,La Champagne,New York,LONDON (TILBURY DOCKS),"53 pcs. maple, 14 logs walnut",,4,Jan,1888,14,January,1888,False,condensed,0.9,"9 La Champagne-New York-53 pcs. maple, 14 logs walnut"
18880114p40-41_p001.txt,47,Le Tournel,Porto Prince,LONDON (TILBURY DOCKS),"9 curls mahogany, 1 log mahogany",,4,Jan,1888,14,January,1888,False,condensed,0.9,"Le Tournel-Porto Prince-9 curls mahogany, 1 log mahogany"
18880114p40-41_p001.txt,48,Tamise,Marseilles,LONDON (TILBURY DOCKS),383 oak plank,,4,Jan,1888,14,January,1888,False,condensed,0.9,Tamise-Marseilles-383 oak plank
18880114p40-41_p001.txt,49,Ville de Malaga,Phillippeville,LONDON (TILBURY DOCKS),111 pcs. thuja,,4,Jan,1888,14,January,1888,False,condensed,0.9,Ville de Malaga-Phillippeville - 111 pcs. thuja
18880114p40-41_p001.txt,51,Lyon,Dieppe,LONDON (TILBURY DOCKS),103 cwts. veneers-F. Reeves,F. Reeves,6,Jan,1888,14,January,1888,False,standard_dash,0.9,Jan. 6 Lyon-Dieppe-103 cwts. veneers-F. Reeves
18880114p40-41_p001.txt,53,Devonia,New York,LONDON (TILBURY DOCKS),"387 walnut boards, 733 walnut squares",,2,Jan,1888,14,January,1888,False,standard_dash,0.9,"Jan. 2 Devonia-New York-387 walnut boards, 733 walnut squares-25 bdls. walnut-Order"
18880114p40-41_p001.txt,54,Cynthia,Baltimore,LONDON (TILBURY DOCKS),14 walnut logs-Edmiston & Mitchells 67 walnut logs-Order,Edmiston & Mitchells,9,Jan,1888,14,January,1888,False,condensed,0.9,9 Cynthia-Baltimore-14 walnut logs-Edmiston & Mitchells ; 67 walnut logs-Order
18880114p40-41_p001.txt,59,Vere,Sundswall,LONDON (TILBURY DOCKS),"64,616 boards-Exors of Wm. Gradwell",Exors of Wm. Gradwell,3,Jan,1888,14,January,1888,False,standard_dash,0.9,"Jan. 3 Vere-Sundswall-64,616 boards-Exors of Wm. Gradwell"
18880114p40-41_p001.txt,61,Miss Beck,Drammen,LONDON (TILBURY DOCKS),"13,495 fir boards-P. & H. Lewis",P. & H. Lewis,3,Jan,1888,14,January,1888,False,standard_dash,0.9,"Jan. 3 Miss Beck—Drammen-13,495 fir boards—P. & H. Lewis"
18880114p40-41_p001.txt,63,Viola,Risoer,BOSTON,9 lds. firewood-J. Berglund,J. Berglund,9,Jan,1888,14,January,1888,False,standard_dash,1.0,Jan. 9 Viola-Risoer-9 lds. firewood-J. Berglund
18880114p40-41_p001.txt,64,Danehill,Memel,BOSTON,"1,300 lds. sawn fir-Bennetts & Co.",Bennetts & Co.,9,Jan,1888,14,January,1888,True,condensed,1.0,"Danehill (s)—Memel-1,300 lds. sawn fir—Bennetts & Co."
18880114p40-41_p001.txt,66,Jersey City,New York,BOSTON,100 bdls. handles-J. G. Rollins & Co. 147 bdls. handles-E. A. & W. Greenslade ; 224 pcs. ash lumber-Shapland & Potter,J. G. Rollins & Co.,5,Jan,1888,14,January,1888,True,standard_dash,1.0,Jan. 5 Jersey City (s)—New York-100 bdls. handles-J. G. Rollins & Co. ; 147 bdls. handles-E. A. & W. Greenslade ; 224 pcs. ash lumber-Shapland & Potter
18880114p40-41_p001.txt,67,Palm Branch,New York,BRISTOL,"9 cs., 7 crts. spokes-Williams & Bowsher 9 cs. spokes -J. Moffatt ; 5 cs. woodenware-Order",Williams & Bowsher,9,Jan,1888,14,January,1888,True,condensed,0.9,"9 Palm Branch (s)—New York-9 cs., 7 crts. spokes—Williams & Bowsher ; 9 cs. spokes -J. Moffatt ; 5 cs. woodenware-Order"
18880114p40-41_p001.txt,69,Ouse,Bordeaux,BRISTOL,730 lds. pitwood-Simkin Bros.,Simkin Bros.,2,Jan,1888,14,January,1888,True,standard_dash,0.9,Jan. 2 Ouse (s)—Bordeaux-730 lds. pitwood—Simkin Bros.
18880114p40-41_p001.txt,71,Arthur Jonas,Vannes,BRISTOL,110 lds. pitwood,,2,Jan,1888,14,January,1888,False,condensed,0.9,Arthur Jonas-Vannes-110 lds. pitwood
18880114p40-41_p001.txt,72,Jeune Benone,Nantes,BRISTOL,140 lds. pitwood,,2,Jan,1888,14,January,1888,False,condensed,0.9,Jeune Benone-Nantes-140 lds. pitwood-Order
18880114p40-41_p001.txt,73,Basse Indre,Bordeaux,BRISTOL,135 lds. pitwood,,2,Jan,1888,14,January,1888,False,condensed,0.9,Basse Indre-Bordeaux-135 lds. pitwood-Order
18880114p40-41_p001.txt,74,Pere Guignard,St. Malo,BRISTOL,255 lds. pitwood,,2,Jan,1888,14,January,1888,False,condensed,0.9,Pere Guignard-St. Malo-255 lds. pitwood-Order
18880114p40-41_p001.txt,75,Balgownie,Rochefort,BRISTOL,353 lds. pitwood-W. Angel & Co.,W. Angel & Co.,3,Jan,1888,14,January,1888,False,condensed,0.9,3 Balgownie-Rochefort-353 lds. pitwood-W. Angel & Co.
18880114p40-41_p001.txt,76,Pauline,Bordeaux,BRISTOL,200 lds. pitwood,,3,Jan,1888,14,January,1888,False,condensed,0.9,Pauline - Bordeaux - 200 lds. pitwood - Order
18880114p40-41_p001.txt,77,Columbus,Riga,BRISTOL,"2,598 pcs. lathwood-Thomas",Thomas,3,Jan,1888,14,January,1888,False,condensed,0.9,"Columbus-Riga-2,598 pcs. lathwood-Thomas"
18880114p40-41_p001.txt,78,Luigi,Bordeaux,BRISTOL,860 lds. hewn fir-Powley,Powley,3,Jan,1888,14,January,1888,False,condensed,0.9,Luigi-Bordeaux-860 lds. hewn fir-Powley
18880114p40-41_p001.txt,79,Annie,Carril,BRISTOL,240 lds. hewn fir-Carras,Carras,4,Jan,1888,14,January,1888,False,condensed,0.9,4 Annie-Carril-240 lds. hewn fir-Carras
18880114p40-41_p001.txt,80,Felix Marie,Auray,BRISTOL,135 lds. pitwood,,4,Jan,1888,14,January,1888,False,condensed,0.9,Felix Marie-Auray-135 lds. pitwood-Order
18880114p40-41_p001.txt,81,Egalite,Villagarcia,BRISTOL,250 lds. pitwood,,4,Jan,1888,14,January,1888,False,condensed,0.9,Egalite - Villagarcia - 250 lds. pitwood - Order
18880114p40-41_p001.txt,82,Julio,Villagarcia,BRISTOL,600 lds. hewn fir-Barreras,Barreras,5,Jan,1888,14,January,1888,True,condensed,0.9,5 Julio (s)—Villagarcia-600 lds. hewn fir-Barreras
18880114p40-41_p001.txt,83,Active,Bordeaux,BRISTOL,420 lds. hewn fir-Fry,Fry,5,Jan,1888,14,January,1888,False,condensed,0.9,Active-Bordeaux-420 lds. hewn fir-Fry
18880114p40-41_p001.txt,84,Patterdale,Bordeaux,BRISTOL,"1,100 lds. hewn fir-Watts, Ward, & Co.","Watts, Ward, & Co.",5,Jan,1888,14,January,1888,True,condensed,0.9,"Patterdale (s)—Bordeaux-1,100 lds. hewn fir-Watts, Ward, & Co."
18880114p40-41_p001.txt,85,Whishaw,Bordeaux,BRISTOL,"1,500 lds. pitwood-Simkin Bros.",Simkin Bros.,7,Jan,1888,14,January,1888,False,condensed,0.9,"7 Jas. Whishaw-Bordeaux-1,500 lds. pitwood-Simkin Bros."
18880114p40-41_p001.txt,87,Ariadne,Skutskar,BRISTOL,"11,179 deals-Price & Co. 4,000 laths-J. Horsley & Co.",Price & Co.,3,Jan,1888,14,January,1888,False,standard_dash,0.9,"Jan. 3 Ariadne-Skutskar-11,179 deals-Price & Co. ; 4,000 laths-J. Horsley & Co."
18880114p40-41_p001.txt,89,Hugin,Gothenburg,BRISTOL,"33,402 props, 500 bdls. laths, 7,362 sleepers-T. Barraclough",T. Barraclough,3,Jan,1888,14,January,1888,True,standard_dash,0.9,"Jan. 3 Hugin (s)—Gothenburg-33,402 props, 500 bdls. laths, 7,362 sleepers-T. Barraclough"
18880114p40-41_p001.txt,90,Triton,Gothenburg,BRISTOL,"18,762 props-G. Pyman & Co. 1,000 props-W. J. Watson & Co. ; 10,000 props-G. Horsley & Co. ; 11,000 sleepers, 1,000 sleepers, 11,000 sleepers-T. Barraclough & Co. ; 3,500 sleepers, 3,442 rails-G. Pyman & Son ; 2,000 sleepers-Osbeck & Co. ; 4,000 laths-J. Griggs & Co. ; 532 posts, 4,113 rails-Calder & Co.",G. Pyman & Co.,9,Jan,1888,14,January,1888,True,condensed,0.9,"9 Triton (s)—Gothenburg-18,762 props-G. Pyman & Co. ; 1,000 props-W. J. Watson & Co. ; 10,000 props-G. Horsley & Co. ; 11,000 sleepers, 1,000 sleepers, 11,000 sleepers-T. Barraclough & Co. ; 3,500 sleepers, 3,442 rails-G. Pyman & Son ; 2,000 sleepers-Osbeck & Co. ; 4,000 laths-J. Griggs & Co. ; 532 posts, 4,113 rails-Calder & Co."
18880114p40-41_p001.txt,93,Rinaldo,Riga,BRISTOL,"7,067 deals and boards, 7,934 pcs. lathwood",,6,Jan,1888,14,January,1888,True,condensed,0.9,"Rinaldo (s)—Riga-7,067 deals and boards, 7,934 pcs. lathwood-Order"
18880114p40-41_p001.txt,94,Leda,Konigsberg,BRISTOL,"1,789 rollers-Bailey",Bailey,9,Jan,1888,14,January,1888,True,condensed,0.9,"9 Leda (s)—Konigsberg-1,789 rollers-Bailey"
18880114p40-41_p001.txt,95,Orlando,Gothenburg,BRISTOL,"5,000 props-H. Smith & Co. 875 pcs. firewood-Hull and",H. Smith & Co.,10,Jan,1888,14,January,1888,True,condensed,0.9,"10 Orlando (s)—Gothenburg-5,000 props-H. Smith & Co. ; 875 pcs. firewood-Hull and"
18880114p40-41_p002.txt,3,Thurso,Stockholm,IMPORTERS OF,"10,639 props",,10,Jan,1888,14,January,1888,True,condensed,0.9,"Thurso (s)-Stockholm-10,639 props-Order"
18880114p40-41_p002.txt,5,Rollo,Christiania,IMPORTERS OF,"9 bdls. boards, 90 pcs. timber-Wilson, Sons, & Co. 71 boards, 533 battens-Heaven & Kesterton","Wilson, Sons, & Co.",10,Jan,1888,14,January,1888,True,condensed,0.9,"Rollo (s)-Christiania-9 bdls. boards, 90 pcs. timber-Wilson, Sons, & Co.; 71 boards, 533 battens-Heaven & Kesterton"
18880114p40-41_p002.txt,7,Ohio,New York,LIVERPOOL,"2,886 hhd. and 816 butt staves-Hattley Hay",Hattley Hay,29,Dec,1888,14,January,1888,True,standard_dash,0.9,"Dec. 29 Ohio (s)-New York-2,886 hhd. and 816 butt staves-Hattley Hay"
18880114p40-41_p002.txt,8,Adriatic,New York,LIVERPOOL,"1,450 ppe. staves-Hattley Hay",Hattley Hay,30,Dec,1888,14,January,1888,True,condensed,0.9,"30 Adriatic (s)-New York-1,450 ppe. staves-Hattley Hay"
18880114p40-41_p002.txt,9,Baltimore,Baltimore,LIVERPOOL,"469 oak planks-Farnworth & Jardine 42 poplar logs, 18 pcs. oak lumber-R. Coltart & Co.; 19 pcs. oak lumber, 2 bdls. and 814 oak boards, 35 bdls. handles, 18 oak laths, 3,979 staves-E. Alcott; 174 shuttle blocks-Irvin & Sellers; 1,046 wo. planks, 611 hhd. staves, 5,134 hhd. staves-Order",Farnworth & Jardine,2,Jan,1888,14,January,1888,True,standard_dash,0.9,"Jan. 2 Baltimore (s)-Baltimore-469 oak planks-Farnworth & Jardine; 42 poplar logs, 18 pcs. oak lumber-R. Coltart & Co.; 19 pcs. oak lumber, 2 bdls. and 814 oak boards, 35 bdls. handles, 18 oak laths, 3,979 staves-E. Alcott; 174 shuttle blocks-Irvin & Sellers; 1,046 wo. planks, 611 hhd. staves, 5,134 hhd. staves-Order"
18880114p40-41_p002.txt,10,Lord Gough,Philadelphia,LIVERPOOL,"105 pcs. lumber, 3,780 staves",,2,Jan,1888,14,January,1888,True,condensed,0.9,"Lord Gough (s)-Philadelphia-105 pcs. lumber, 3,780 staves-Order"
18880114p40-41_p002.txt,11,Assyrian,Baltimore,LIVERPOOL,"386 oak planks, 5,200 staves-Farnworth & Jardine from New York-4,900 hhd. staves-Hattley Hay",Farnworth & Jardine,2,Jan,1888,14,January,1888,True,condensed,0.9,"Assyrian (s)-Baltimore-386 oak planks, 5,200 staves-Farnworth & Jardine; from New York-4,900 hhd. staves-Hattley Hay"
18880114p40-41_p002.txt,12,Pavonia,Boston,LIVERPOOL,"7,200 staves, 200 butt staves-Drysdale Bros.",Drysdale Bros.,2,Jan,1888,14,January,1888,True,condensed,0.9,"Pavonia (s)-Boston-7,200 staves, 200 butt staves-Drysdale Bros."
18880114p40-41_p002.txt,13,Michigan,Boston,LIVERPOOL,"40 bdls. boards-G. Angus & Co. 5,200 staves-Drysdale Bros.; 150 pcs. lumber-Order",G. Angus & Co.,2,Jan,1888,14,January,1888,True,condensed,0.9,"Michigan (s)-Boston-40 bdls. boards-G. Angus & Co.; 5,200 staves-Drysdale Bros.; 150 pcs. lumber-Order"
18880114p40-41_p002.txt,14,Umbria,New York,LIVERPOOL,"2,758 staves",,2,Jan,1888,14,January,1888,True,condensed,0.9,"Umbria (s)-New York-2,758 staves-Order"
18880114p40-41_p002.txt,15,Egret,Rotterdam,LIVERPOOL,"7,455 bdls, hoops",,2,Jan,1888,14,January,1888,True,condensed,0.9,"Egret(s)-Rotterdam-7,455 bdls, hoops-Order"
18880114p40-41_p002.txt,16,Vidar,Krageroe,LIVERPOOL,"3,427 pcs. mining timber, 2,625 short props-Brodersen & Co.",Brodersen & Co.,2,Jan,1888,14,January,1888,False,condensed,0.9,"Vidar-Krageroe-3,427 pcs. mining timber, 2,625 short props-Brodersen & Co."
18880114p40-41_p002.txt,17,Tenax Proposite,Krageroe,LIVERPOOL,"5,729 pcs. mining timber, 2,703 props-Brodersen & Co.",Brodersen & Co.,2,Jan,1888,14,January,1888,False,condensed,0.9,"Tenax Proposite-Krageroe-5,729 pcs. mining timber, 2,703 props-Brodersen & Co."
18880114p40-41_p002.txt,18,Benbrack,"Norfolk, Va.",LIVERPOOL,"2,500 staves",,3,Jan,1888,14,January,1888,True,condensed,0.9,"3 Benbrack (s)-Norfolk, Va.-2,500 staves-Order"
18880114p40-41_p002.txt,19,British King,Philadelphia,LIVERPOOL,"44 cs. spokes-Richardson, Spence, & Co. qty. staves-Order","Richardson, Spence, & Co.",3,Jan,1888,14,January,1888,True,condensed,0.9,"British King (s)-Philadelphia-44 cs. spokes-Richardson, Spence, & Co.; qty. staves-Order"
18880114p40-41_p002.txt,20,Amethyst,Galveston,LIVERPOOL,31 logs timber,,3,Jan,1888,14,January,1888,True,condensed,0.9,Amethyst (s)-Galveston-31 logs timber-Order
18880114p40-41_p002.txt,21,Francisca,New Orleans,LIVERPOOL,"3,000 staves",,3,Jan,1888,14,January,1888,True,condensed,0.9,"Francisca (s)-New Orleans-3,000 staves-Order"
18880114p40-41_p002.txt,22,Nantes,Trieste,LIVERPOOL,"12,000 oak staves-Drysdale Bros.",Drysdale Bros.,4,Jan,1888,14,January,1888,True,condensed,0.9,"4 Nantes (s)-Trieste-12,000 oak staves-Drysdale Bros."
18880114p40-41_p002.txt,23,Narmyth,New Orleans,LIVERPOOL,"1,200 ppe. staves-E. Chaloner & Co.",E. Chaloner & Co.,4,Jan,1888,14,January,1888,True,condensed,0.9,"Narmyth (s)-New Orleans-1,200 ppe. staves-E. Chaloner & Co."
18880114p40-41_p002.txt,24,Pennsylvania,New York,LIVERPOOL,"5,691 hhd. and 150 butt staves-Hattley Hay",Hattley Hay,6,Jan,1888,14,January,1888,True,condensed,0.9,"6 Pennsylvania (s)-New York-5,691 hhd. and 150 butt staves-Hattley Hay"
18880114p40-41_p002.txt,25,Lestris,Rotterdam,LIVERPOOL,"750 bdls, hoops",,6,Jan,1888,14,January,1888,True,condensed,0.9,"Lestris (s)-Rotterdam-750 bdls, hoops-Order"
18880114p40-41_p002.txt,26,England,New York,LIVERPOOL,"14 cs. spokes, 1 cs. hubs, 2,800 staves, 19 brls. skewers, 40 crts. 87 cs., handles",,6,Jan,1888,14,January,1888,True,condensed,0.9,"England (s)-New York-14 cs. spokes, 1 cs. hubs, 2,800 staves, 19 brls. skewers, 40 crts. 87 cs., handles-Order"
18880114p40-41_p002.txt,27,Cremon,"St. John, N.B.",LIVERPOOL,"38,596 deals and battens, 756 scantlings, 8,843 ends-W. M. Mackay",W. M. Mackay,6,Jan,1888,14,January,1888,True,condensed,0.9,"Cremon (s)-St. John, N.B.-38,596 deals and battens, 756 scantlings, 8,843 ends-W. M. Mackay"
18880114p40-41_p002.txt,28,Britannic,New York,LIVERPOOL,875 ppe. staves-Hattley Hay,Hattley Hay,6,Jan,1888,14,January,1888,True,condensed,0.9,Britannic (s)-New York-875 ppe. staves-Hattley Hay
18880114p40-41_p002.txt,29,Palestine,Boston,LIVERPOOL,"3,000 staves Drysdale",,6,Jan,1888,14,January,1888,True,condensed,0.9,"9 Palestine (s)-Boston-3,000 staves Drysdale"
18880114p40-41_p002.txt,30,Ceylon,Savannah,LIVERPOOL,"1,038 wo. staves",,6,Jan,1888,14,January,1888,False,condensed,0.9,"Ceylon-Savannah-1,038 wo. staves-Order"
18880114p40-41_p002.txt,31,Campbell,Pensacola,LIVERPOOL,"1,551 pcs. sawn ppe. timber, 348 sawn ppe. deals-Harrison",Harrison,6,Jan,1888,14,January,1888,False,condensed,0.9,"Campbell-Pensacola-1,551 pcs. sawn ppe. timber, 348 sawn ppe. deals-Harrison"
18880114p40-41_p002.txt,32,Marlborough,"St. John, N.B.",LIVERPOOL,"34,070 deals and battens, 1,965 scantlings, 6,694 deal ends, 3,569 boards-Farnworth & Jardine",Farnworth & Jardine,6,Jan,1888,14,January,1888,False,condensed,0.9,"Marlborough-St. John, N.B.-34,070 deals and battens, 1,965 scantlings, 6,694 deal ends, 3,569 boards-Farnworth & Jardine"
18880114p40-41_p002.txt,33,Florida,Newport News,LIVERPOOL,"6 logs poplar-Churchill & Sim 686 pcs. oak-A. Dobell & Co.; 123 pcs. oak-Taylor, Pierce, & Co.; 58 pcs. hewn timber-Duncan, Ewing, & Co.; 40 pcs. hewn timber-A. F. & D. Mackay; 5,224 hhd. staves-Hattley Hay",Churchill & Sim,10,Jan,1888,14,January,1888,True,condensed,0.9,"10 Florida (s)-Newport News-6 logs poplar-Churchill & Sim; 686 pcs. oak-A. Dobell & Co.; 123 pcs. oak-Taylor, Pierce, & Co.; 58 pcs. hewn timber-Duncan, Ewing, & Co.; 40 pcs. hewn timber-A. F. & D. Mackay; 5,224 hhd. staves-Hattley Hay"
18880114p40-41_p002.txt,34,Roman,Boston,LIVERPOOL,"4,400 staves-Drysdale",Drysdale,10,Jan,1888,14,January,1888,True,condensed,0.9,"Roman (s)-Boston-4,400 staves-Drysdale"
18880114p40-41_p002.txt,35,Gallia,New York,LIVERPOOL,"3,013 staves",,11,Jan,1888,14,January,1888,True,condensed,0.9,"11 Gallia (s)-New York-3,013 staves-Order"
18880114p40-41_p002.txt,36,City of Chicago,New York,LIVERPOOL,"3,995 hhd. and 1,200 bdls. staves, 1 bdl. headings, 1,473 Canada butts-Hattley Hay",Hattley Hay,11,Jan,1888,14,January,1888,True,condensed,0.9,"City of Chicago (s)-New York-3,995 hhd. and 1,200 bdls. staves, 1 bdl. headings, 1,473 Canada butts-Hattley Hay"
18880114p40-41_p002.txt,37,Ameer,Norfolk,LIVERPOOL,264 oak planks,,11,Jan,1888,14,January,1888,False,condensed,0.9,Ameer-Norfolk-264 oak planks-Order
18880114p40-41_p002.txt,38,Polynesian,Portland,LIVERPOOL,"20 cs. spools-Allan Bros. & Co. 810 cs. splints-Collard, Kendall, & Co.; 156 cs. splints-Morgan",Allan Bros. & Co.,11,Jan,1888,14,January,1888,True,condensed,0.9,"Polynesian (s)-Portland-20 cs. spools-Allan Bros. & Co.; 810 cs. splints-Collard, Kendall, & Co.; 156 cs. splints-Morgan"
18880114p40-41_p002.txt,39,Lord Clive,Philadelphia,LIVERPOOL,"5,350 staves",,11,Jan,1888,14,January,1888,True,condensed,0.9,"Lord Clive (s)-Philadelphia-5,350 staves-Order"
18880114p40-41_p002.txt,42,Foyle,Odessa,LONDON,"240 bls. wood-P. P. Rodocanachi 498 staves, 140 planks oak-Order",P. P. Rodocanachi,6,Jan,1888,14,January,1888,True,standard_dash,0.9,"Jan. 6 Foyle (s)-Odessa-240 bls. wood-P. P. Rodocanachi; 498 staves, 140 planks oak-Order"
18880114p40-41_p002.txt,43,Durham,Trieste,LONDON,"1,978 pcs, oak from Fiume-189 planks timber, 20 bdls. wood hoops-J. Favets; 9,099 oak parquets, 200 oak boards-Order",,7,Jan,1888,14,January,1888,True,condensed,0.9,"7 Durham (s)-Trieste-1,978 pcs, oak-Order; from Fiume-189 planks timber, 20 bdls. wood hoops-J. Favets; 9,099 oak parquets, 200 oak boards-Order"
18880114p40-41_p002.txt,44,Albano,Christiania,LONDON,"284 bgs, brush blocks-J. Keen 260 bdls. box boards-J. Terry & Co.; 1,363 bdls. box boards, 9,334 no. boards-Churchill & Sim; 247,440 no. boards-Duus, Brown, & Co.; 16 bdls. wood, 1,550 bdls, box boards-Order",J. Keen,9,Jan,1888,14,January,1888,True,condensed,0.9,"9 Albano (s)-Christiania-284 bgs, brush blocks-J. Keen; 260 bdls. box boards-J. Terry & Co.; 1,363 bdls. box boards, 9,334 no. boards-Churchill & Sim; 247,440 no. boards-Duus, Brown, & Co.; 16 bdls. wood, 1,550 bdls, box boards-Order"
18880114p40-41_p002.txt,45,Thorsten,Gothenburg,LONDON,"628 pkgs. joinery-J. Sandell & Co. 3,000 bdls, laths-Foy, Morgan, & Co.; 11 bgs. turned wood-Uloth & Co.; 17 cs. turned wood-Order",J. Sandell & Co.,6,Jan,1888,14,January,1888,True,condensed,0.9,"Thorsten (s)-Gothenburg-628 pkgs. joinery-J. Sandell & Co.; 3,000 bdls, laths-Foy, Morgan, & Co.; 11 bgs. turned wood-Uloth & Co.; 17 cs. turned wood-Order"
18880114p40-41_p002.txt,47,Holland,New York,LONDON,800 doors,,5,Jan,1888,14,January,1888,True,standard_dash,0.9,Jan. 5 Holland (s)-New York-800 doors-Order
18880114p40-41_p002.txt,48,Erin,New York,LONDON,"1,253 doors-Jonas Smith & Co. 75 bels. bungs-C. Olley & Sons",Jonas Smith & Co.,9,Jan,1888,14,January,1888,True,condensed,0.9,"9 Erin (s)-New York-1,253 doors-Jonas Smith & Co.; 75 bels. bungs-C. Olley & Sons"
18880114p40-41_p002.txt,49,Tower Hill,New York,LONDON,"39 cs. woodware, 177 pkgs. oak blocks",,5,Jan,1888,14,January,1888,True,condensed,0.9,"Tower Hill (s)-New York-39 cs. woodware, 177 pkgs. oak blocks-Order"
18880114p40-41_p002.txt,52,Damara,St. John,LONDON,"2,250 cs. splints-Bryant & May 500 cs. splints-G. Boor & Co.; 8,522 deals, 170 deal ends-Order",Bryant & May,5,Jan,1888,14,January,1888,True,standard_dash,0.9,"Jan. 5 Damara (s)-St. John-2,250 cs. splints-Bryant & May; 500 cs. splints-G. Boor & Co.; 8,522 deals, 170 deal ends-Order"
18880114p40-41_p002.txt,54,Era,Havre,LONDON,"30 logs, 2 planks wood, 100 bdls. hoopwood",,6,Jan,1888,14,January,1888,True,standard_dash,0.9,"Jan. 6 Era (s)-Havre-30 logs, 2 planks wood, 100 bdls. hoopwood-Order"
18880114p40-41_p002.txt,56,Maurice Gautier,Bordeaux,LONDON,165 lds. pitwood-William Davies & Co.,William Davies & Co.,2,Jan,1888,14,January,1888,False,standard_dash,0.9,Jan. 2 Maurice Gautier-Bordeaux-165 lds. pitwood-William Davies & Co.
18880114p40-41_p002.txt,58,La Valette,St. Nazaire,LONDON,15 lds. alder-wood-F. Reeves,wood-F. Reeves,3,Jan,1888,14,January,1888,False,standard_dash,0.9,Jan. 3 La Valette-St. Nazaire-15 lds. alder-wood-F. Reeves
18880114p40-41_p002.txt,60,Pauline et Marie,Pont l'Abbe,NEWPORT,160 lds. pitwood-Budd & Co.,Budd & Co.,3,Jan,1888,14,January,1888,False,standard_dash,1.0,Jan. 3 Pauline et Marie-Pont l'Abbe-160 lds. pitwood-Budd & Co.
18880114p40-41_p002.txt,61,Anna Ottilie,Bordeaux,NEWPORT,440 lds. pitwood-Budd & Co.,Budd & Co.,3,Jan,1888,14,January,1888,False,condensed,1.0,Anna Ottilie-Bordeaux-440 lds. pitwood-Budd & Co.
18880114p40-41_p002.txt,62,Tordenskjold,Tvedestrand,NEWPORT,"500 pcs. pitwood-G. W. Jones, Heard, & Co.","G. W. Jones, Heard, & Co.",3,Jan,1888,14,January,1888,False,condensed,1.0,"Tordenskjold-Tvedestrand-500 pcs. pitwood-G. W. Jones, Heard, & Co."
18880114p40-41_p002.txt,63,Julien Marie,Bordeaux,NEWPORT,140 lds. pitwood-Alfred H. Tapson & Co.,Alfred H. Tapson & Co.,3,Jan,1888,14,January,1888,False,condensed,1.0,Julien Marie-Bordeaux-140 lds. pitwood-Alfred H. Tapson & Co.
18880114p40-41_p002.txt,64,La Gaite,Douarnenez,NEWPORT,165 lds. pitwood-Budd & Co.,Budd & Co.,3,Jan,1888,14,January,1888,False,condensed,0.9,La Gaite-Douarnenez-165 lds. pitwood-Budd & Co.
18880114p40-41_p002.txt,65,Nominoe,Nantes,NEWPORT,150 lds. pitwood-Tapson,Tapson,3,Jan,1888,14,January,1888,False,condensed,0.9,Nominoe-Nantes-150 lds. pitwood-Tapson
18880114p40-41_p002.txt,66,Talma,Hennebont,NEWPORT,250 lds. pit-props-Alfred Stonehouse & Co.,props-Alfred Stonehouse & Co.,5,Jan,1888,14,January,1888,False,condensed,0.9,5 Talma-Hennebont-250 lds. pit-props-Alfred Stonehouse & Co.
18880114p40-41_p002.txt,68,Katy Hanna,Hudikswall,STOCKTON,"4 lds. firewood-Forster, Brotherton, & Co.","Forster, Brotherton, & Co.",6,Jan,1888,14,January,1888,False,standard_dash,1.0,"Jan. 6 Katy Hanna-Hudikswall-4 lds. firewood-Forster, Brotherton, & Co."
18880114p40-41_p002.txt,69,Ida,Gefle,STOCKTON,8 lds. firewood-Forster,Forster,6,Jan,1888,14,January,1888,False,condensed,1.0,Ida-Gefle-8 lds. firewood-Forster
18880114p40-41_p002.txt,71,Ragnhild,Skien,STOCKTON,"292 lds. hewn fir, 8 lds. props-Rayner & Moller",Rayner & Moller,4,Jan,1888,14,January,1888,False,standard_dash,1.0,"Jan. 4 Ragnhild-Skien-292 lds. hewn fir, 8 lds. props-Rayner & Moller"
18880114p40-41_p002.txt,72,Viking,Gothenburg,STOCKTON,"37,899 pit",,9,Jan,1888,14,January,1888,True,condensed,0.9,"9 Viking (s)-Gothenburg-37,899 pit-props, 1,478 deals and battens, 1,732 boards-F. C. Huntley"
18880114p40-41_p002.txt,74,Skibladner,Domsjo,STOCKTON,20 lds. firewood-Master,Master,3,Jan,1888,14,January,1888,False,standard_dash,0.9,Jan. 3 Skibladner-Domsjo-20 lds. firewood-Master
18880114p40-41_p002.txt,75,Petit Joseph,Pauillac,STOCKTON,186 lds. pitwood-Llynvi & Co.,Llynvi & Co.,3,Jan,1888,14,January,1888,False,condensed,0.9,Petit Joseph-Pauillac-186 lds. pitwood-Llynvi & Co.
18880114p40-41_p002.txt,76,Eduard Heloise,St. Nazaire,STOCKTON,218 lds. pitwood-Llynvi & Co.,Llynvi & Co.,3,Jan,1888,14,January,1888,False,condensed,0.9,Eduard Heloise-St. Nazaire-218 lds. pitwood-Llynvi & Co.
18880114p40-41_p002.txt,77,Atlantique,Bayonne,STOCKTON,800 lds. pitwood-Newport (Mon.) Pitwood Co.,Newport (Mon.) Pitwood Co.,3,Jan,1888,14,January,1888,False,condensed,0.9,Atlantique-Bayonne-800 lds. pitwood-Newport (Mon.) Pitwood Co.
18880114p40-41_p002.txt,78,Pierre,Morlaix,STOCKTON,100 lds. pitwood-Dynevor & Co.,Dynevor & Co.,4,Jan,1888,14,January,1888,False,condensed,0.9,4 St. Pierre-Morlaix-100 lds. pitwood-Dynevor & Co.
18880114p40-41_p002.txt,79,Mirta,Nantes,STOCKTON,150 lds. pitwood-Simkin,Simkin,5,Jan,1888,14,January,1888,False,condensed,0.9,5 Mirta-Nantes-150 lds. pitwood-Simkin
18880114p40-41_p002.txt,80,Austra,Bordeaux,STOCKTON,500 lds. pitwood-Jones,Jones,5,Jan,1888,14,January,1888,False,condensed,0.9,Austra-Bordeaux-500 lds. pitwood-Jones
18880114p40-41_p002.txt,81,Ernestine,Bordeaux,STOCKTON,140 lds. pitwood-J. Jones & Co.,J. Jones & Co.,6,Jan,1888,14,January,1888,False,condensed,0.9,6 Ernestine-Bordeaux-140 lds. pitwood-J. Jones & Co.
18880114p40-41_p002.txt,82,Leontine Amelie,Blaye,STOCKTON,220 lds. pitwood-Evan David,Evan David,6,Jan,1888,14,January,1888,False,condensed,0.9,Leontine Amelie Blaye-220 lds. pitwood-Evan David
18880114p40-41_p002.txt,83,Vorwarts,Bordeaux,STOCKTON,170 lds. pitwood-Evan David,Evan David,6,Jan,1888,14,January,1888,False,condensed,0.9,Vorwarts-Bordeaux-170 lds. pitwood-Evan David
18880114p40-41_p002.txt,85,Prospero,Christiania,TYNE,"150 lds. mining timber, 60 bales wood pulp, 45 lds. pit-props-Order 13 lds. planed boards-Scott",props-Order,3,Jan,1888,14,January,1888,True,standard_dash,1.0,"Jan. 3 Prospero (s)-Christiania-150 lds. mining timber, 60 bales wood pulp, 45 lds. pit-props-Order; 13 lds. planed boards-Scott"
18880114p40-41_p002.txt,86,Hengest,Aarhuus,TYNE,300 pkgs. staves,,9,Jan,1888,14,January,1888,True,condensed,1.0,9 Hengest (s)-Aarhuus-300 pkgs. staves-Order
18880114p40-41_p002.txt,87,Ornik,Gothenburg,TYNE,68 lds. battens,,3,Jan,1888,14,January,1888,True,condensed,1.0,Ornik (s)-Gothenburg-68 lds. battens-Order
18880114p40-41_p002.txt,90,Deveron,Riga,TYNE,"326 pcs. hewn fir, 1,314 deals and battens-McPherson & Co.",McPherson & Co.,9,Jan,1888,14,January,1888,False,standard_dash,0.9,"Jan. 9 Deveron-Riga-326 pcs. hewn fir, 1,314 deals and battens-McPherson & Co."
18880114p40-41_p002.txt,92,Livonia,Riga,DUNDEE,863 pcs. sawn fir-Bell,Bell,4,Jan,1888,14,January,1888,False,standard_dash,0.9,Jan. 4 Livonia-Riga-863 pcs. sawn fir-Bell
18880114p40-41_p002.txt,94,Carthaginian,Boston,DUNDEE,"84 crts. boat oars-J. Gardner & Co. 600 pcs. butt staves, 9,600 staves-Wright",J. Gardner & Co.,30,Dec,1888,14,January,1888,False,standard_dash,0.9,"Dec. 30 Carthaginian-Boston-84 crts. boat oars-J. Gardner & Co.; 600 pcs. butt staves, 9,600 staves-Wright"
18880114p40-41_p002.txt,95,Devonia,New York,DUNDEE,"3,926 hhd. staves, 640 brl. staves-Hattley Hay 888 pcs. oak lumber-James Kennedy & Co.; 168 pcs. oak lumber-Brownlee & Co.; 100 12 ft. oars, 100 14 ft. oars-Order",Hattley Hay,2,Jan,1888,14,January,1888,False,standard_dash,0.9,"Jan. 2 Devonia-New York-3,926 hhd. staves, 640 brl. staves-Hattley Hay; 888 pcs. oak lumber-James Kennedy & Co.; 168 pcs. oak lumber-Brownlee & Co.; 100 12 ft. oars, 100 14 ft. oars-Order"
18880114p40-41_p002.txt,96,State of Pennsylvania,New York,DUNDEE,"62 pkgs. oak lumber-Bennet Furnishing Co. 769 pcs. wood-Singer Manufacturing Co.; 3,000 hhd. staves-Allison & Cousland",Bennet Furnishing Co.,2,Jan,1888,14,January,1888,False,condensed,0.9,"State of Pennsylvania-New York-62 pkgs. oak lumber-Bennet Furnishing Co.; 769 pcs. wood-Singer Manufacturing Co.; 3,000 hhd. staves-Allison & Cousland"
18880114p40-41_p002.txt,97,Assyria,New York,DUNDEE,"624 pcs. oak lumber-James Kennedy & Co. 4,900 hhd. staves-Hattley Hay",James Kennedy & Co.,2,Jan,1888,14,January,1888,False,condensed,0.9,"Assyria-New York-624 pcs. oak lumber-James Kennedy & Co.; 4,900 hhd. staves-Hattley Hay"
18880114p40-41_p002.txt,98,Cynthia,Baltimore,DUNDEE,"7,200 hhd. staves, 67 cs. spools-Edmiston & Mitchells 9,000 hhd. staves, 1,800 short staves-Order",Edmiston & Mitchells,2,Jan,1888,14,January,1888,False,condensed,0.9,"Cynthia-Baltimore-7,200 hhd. staves, 67 cs. spools-Edmiston & Mitchells; 9,000 hhd. staves, 1,800 short staves-Order"
18880114p40-41_p002.txt,99,Norwegian,Halifax and Philadelphia,DUNDEE,"1,200 staves-Edmiston & Mitchells",Edmiston & Mitchells,2,Jan,1888,14,January,1888,False,condensed,0.9,"Norwegian-Halifax and Philadelphia-1,200 staves-Edmiston & Mitchells"
18880114p40-41_p002.txt,101,Sophia,Stettin,DUNDEE,647 t. fir timber-Wilkie,Wilkie,4,Jan,1888,14,January,1888,False,standard_dash,0.9,Jan. 4 Sophia-Stettin-647 t. fir timber-Wilkie
18880114p40-41_p002.txt,103,Triton,Drontheim,DUNDEE,"3,450 battens-Mitchell, Thomson, & Co. 421,795 staves, 1,468 battens-W. Grant & Co.","Mitchell, Thomson, & Co.",5,Jan,1888,14,January,1888,False,standard_dash,0.9,"Jan. 5 Triton-Drontheim-3,450 battens-Mitchell, Thomson, & Co.; 421,795 staves, 1,468 battens-W. Grant & Co."
18880114p40-41_p002.txt,105,Peter & Wilhelm,Sundswall,INVERNESS,"3,920 battens-A. R. Watson & Co.",A. R. Watson & Co.,5,Jan,1888,14,January,1888,False,standard_dash,1.0,"Jan. 5 Peter & Wilhelm-Sundswall-3,920 battens-A. R. Watson & Co."
18880114p40-41_p002.txt,108,Connal,Bordeaux,INVERNESS,200 bdls. hoops-J. C. Pinkerton,J. C. Pinkerton,4,Jan,1888,14,January,1888,False,standard_dash,1.0,Jan. 4 Wm. Connal-Bordeaux-200 bdls. hoops-J. C. Pinkerton
18880114p40-41_p002.txt,110,Karen Elise,Drammen,LIMERICK,"40,447 boards-Francis Spaight & Sons",Francis Spaight & Sons,2,Jan,1888,14,January,1888,False,standard_dash,1.0,"Jan. 2 Karen Elise-Drammen-40,447 boards-Francis Spaight & Sons"
18880114p40-41_p002.txt,112,Majda,Riga,NEWRY,"2,611 deals, 9,789 pcs. lathwood-Carvill Bros.",Carvill Bros.,3,Jan,1888,14,January,1888,False,standard_dash,1.0,"Jan. 3 Majda-Riga-2,611 deals, 9,789 pcs. lathwood-Carvill Bros."
18880114p40-41_p002.txt,117,King's,Lynn.,NEWRY,"The receiving order in this case was made on Nov. 1st, and according to the accounts now filed by the debtor show gross liabilities £15,865 12s. 1d., expected to rank £7,227 9s. 1d., leaving a deficiency of £6,916 2s. 9d. The debtor states that he commenced business about fifteen years ago with a capital of £100, and he attributes his failure to losses on contracts at Norford (Norfolk), Oxford Street, Fulham, and Upper Holloway. The securities held by creditors comprise freehold and leasehold houses (chiefly the former) at King's Lynn, valued by the debtor at £7,000.",,3,Jan,1888,14,January,1888,False,condensed,0.9,"King's Lynn.—The receiving order in this case was made on Nov. 1st, and according to the accounts now filed by the debtor show gross liabilities £15,865 12s. 1d., expected to rank £7,227 9s. 1d., leaving a deficiency of £6,916 2s. 9d. The debtor states that he commenced business about fifteen years ago with a capital of £100, and he attributes his failure to losses on contracts at Norford (Norfolk), Oxford Street, Fulham, and Upper Holloway. The securities held by creditors comprise freehold and leasehold houses (chiefly the former) at King's Lynn, valued by the debtor at £7,000."
18880114p40-41_p002.txt,120,case,"maker, of Battersea and Wandsworth Bridge Road.",NEWRY,"The debtor has attended to pass his public examination before the Registrar at the Wandsworth Court. His statement of affairs has already been published in the Timber Trades Journal, with an official account of the preliminary proceedings. Mr. Mercer, the Official Receiver, of Victoria Street, Westminster, now examined the debtor on his trading and financial position. On his (the Official Receiver) application, Mr. Registrar Willoughby adjourned the examination, at the same time ordering the debtor to amend his accounts, and to obtain from Messrs. Duus, Brown, & Co., of East India Avenue, certain statements, which the debtor alleges that they kept. A remarkable feature in the case is that the debtor began in business some years ago with a capital of only 4s., and succeeded in getting together a large trade but only some eight months ago he had a fire on his premises, by which he lost £3,000.",,3,Jan,1888,14,January,1888,False,condensed,0.9,"case maker, of Battersea and Wandsworth Bridge Road.—The debtor has attended to pass his public examination before the Registrar at the Wandsworth Court. His statement of affairs has already been published in the Timber Trades Journal, with an official account of the preliminary proceedings. Mr. Mercer, the Official Receiver, of Victoria Street, Westminster, now examined the debtor on his trading and financial position. On his (the Official Receiver) application, Mr. Registrar Willoughby adjourned the examination, at the same time ordering the debtor to amend his accounts, and to obtain from Messrs. Duus, Brown, & Co., of East India Avenue, certain statements, which the debtor alleges that they kept. A remarkable feature in the case is that the debtor began in business some years ago with a capital of only 4s., and succeeded in getting together a large trade but only some eight months ago he had a fire on his premises, by which he lost £3,000."
18890105p.17_p001.txt,4,Wood,Turning.,NEWRY,"Can some of the readers of your paper furnish me with the prices paid for ordinary turning, such as chair and table legs, door, drawer, and cupboard knobs, cornice poles, wheel hubs, &c., and oblige ?-Yours, TURNER, S.M.","Yours, TURNER, S.M.",3,Jan,1889,5,January,1889,False,condensed,0.9,"Wood Turning.—Can some of the readers of your paper furnish me with the prices paid for ordinary turning, such as chair and table legs, door, drawer, and cupboard knobs, cornice poles, wheel hubs, &c., and oblige ?—Yours, TURNER, S.M."
18890105p.17_p001.txt,7,Tenoning,Machine.,NEWRY,"Messrs. John Pickles & Son, Royd Iron Works, Hebden Bridge, via Manchester, write as follows in answer to “A. B. C.” :-“We are the makers of a good tenoning machine, of which we shall be happy to send you an illustration. We consider the machine will entirely satisfy the your conditions the spindles run in cone bearings, and not only the pulleys, but also the cutter heads are between the bearings and do not overhang, thus obtaining a rigidity necessary for good work. The machine is very strong, of good workmanship, and fitted with the usual accompaniments.”","“We are the makers of a good tenoning machine, of which we shall be happy to send you an illustration. We consider the machine will entirely satisfy the your conditions",3,Jan,1889,5,January,1889,False,condensed,0.9,"Tenoning Machine. — Messrs. John Pickles & Son, Royd Iron Works, Hebden Bridge, via Manchester, write as follows in answer to “A. B. C.” :—“We are the makers of a good tenoning machine, of which we shall be happy to send you an illustration. We consider the machine will entirely satisfy the your conditions; the spindles run in cone bearings, and not only the pulleys, but also the cutter heads are between the bearings and do not overhang, thus obtaining a rigidity necessary for good work. The machine is very strong, of good workmanship, and fitted with the usual accompaniments.”"
18890105p.17_p001.txt,16,Sea defence works are to be erected at Clacton,,BUILDING NEWS,"on Sea. These will include about 1,000 yards run of timber piling and the making-up of about the same length of promenade.",up of about the same length of promenade.,3,Jan,1889,5,January,1889,False,condensed,0.9,"Sea defence works are to be erected at Clacton-on-Sea. These will include about 1,000 yards run of timber piling and the making-up of about the same length of promenade."
18890105p.17_p001.txt,19,Irwell,"Union, Mr. C. C. Hooley, C.E., Union Offices, Patricroft",BUILDING NEWS,"W. Armstrong, Manchester Road, Walkden, £708 2s. (accepted). Eighteen tenders, ranging from £1,300 downwards. Engineer’s estimate, £750.",,3,Jan,1889,5,January,1889,False,condensed,0.9,"Irwell Union, Mr. C. C. Hooley, C.E., Union Offices, Patricroft—W. Armstrong, Manchester Road, Walkden, £708 2s. (accepted). Eighteen tenders, ranging from £1,300 downwards. Engineer’s estimate, £750."
18890105p.17_p001.txt,21,Quantities by Mr. J. W.,Stevens,BUILDING NEWS,"Brass, £3,575.",,3,Jan,1889,5,January,1889,False,condensed,0.9,"Quantities by Mr. J. W. Stevens—Brass, £3,575."
18890105p.17_p001.txt,24,detached villas on the Carr Hall,"Estate, for Mr. H. Whitaker, Nelson Street, Nelson, architect",BUILDING NEWS,"R. Dean & Sons, Tulledge, near Burnley, carpenter and joiner, £585.",,3,Jan,1889,5,January,1889,False,condensed,0.9,"detached villas on the Carr Hall Estate, for Mr. H. Whitaker, Nelson Street, Nelson, architect—R. Dean & Sons, Tulledge, near Burnley, carpenter and joiner, £585."
18890105p.17_p001.txt,59,Eurydice,"St. John, N.B.",TENDERS OPEN,"39,657 deals, boards, and ends-Price, Potter, & Co.","Price, Potter, & Co.",26,Dec,1889,5,January,1889,False,standard_dash,0.9,"Dec. 26 Eurydice—St. John, N.B.—39,657 deals, boards, and ends—Price, Potter, & Co."
18890105p.17_p001.txt,60,Frans,Sundswall,TENDERS OPEN,"78,202 fir boards-The Exors. of W. Gradwell",The Exors. of W. Gradwell,27,Dec,1889,5,January,1889,False,standard_dash,0.9,"Dec. 27 Frans—Sundswall—78,202 fir boards—The Exors. of W. Gradwell"
18890105p.17_p001.txt,62,Hunstanton,Riga,BOSTON,"7,902 sleeper blocks, 1,200 half-sleepers—Calder",sleepers—Calder,26,Dec,1889,5,January,1889,True,standard_dash,1.0,"Dec. 26 Hunstanton (s)—Riga—7,902 sleeper blocks, 1,200 half-sleepers—Calder"
18890105p.17_p001.txt,64,Brooklyn City,New York,BOSTON,403 pcs. lumber-H. Denty 488 pcs. lumber—O. Windebank,H. Denty,31,Dec,1889,5,January,1889,True,standard_dash,1.0,Dec. 31 Brooklyn City (s)—New York—403 pcs. lumber—H. Denty; 488 pcs. lumber—O. Windebank
18890105p.17_p001.txt,64,pcs.,,BOSTON,lumber O. Windebank,,26,Dec,1889,5,January,1889,False,condensed,1.0,488 pcs. lumber—O. Windebank
18890105p.17_p001.txt,65,Carniola,"St. John, N.B.",BOSTON,"21,975 deals, battens, and boards-Taylor & Co.",Taylor & Co.,31,Dec,1889,5,January,1889,False,condensed,1.0,"Carniola—St. John, N.B.—21,975 deals, battens, and boards—Taylor & Co."
18890105p.17_p001.txt,66,Maggie Douglas,Apalachicola,BRISTOL,"6,262 yellow pine deals-May & Co.",May & Co.,31,Dec,1889,5,January,1889,False,condensed,0.9,"Maggie Douglas—Apalachicola—6,262 yellow pine deals—May & Co."
18890105p.17_p001.txt,68,Alacrity,Bordeaux,BRISTOL,"1,104 lds. pit props-L. & H. Gueret",L. & H. Gueret,26,Dec,1889,5,January,1889,False,standard_dash,0.9,"Dec. 26 Alacrity—Bordeaux—1,104 lds. pit props —L. & H. Gueret"
18890105p.17_p001.txt,69,Christiania,Fredrikshald,BRISTOL,"53,178 pit props, 1,060 pcs. mining timber-W. Edgar",W. Edgar,26,Dec,1889,5,January,1889,False,condensed,0.9,"Christiania—Fredrikshald—53,178 pit props, 1,060 pcs. mining timber—W. Edgar"
18890105p.17_p001.txt,70,Albert,Bordeaux,BRISTOL,520 lds. pitwood-Simkin Bros.,Simkin Bros.,26,Dec,1889,5,January,1889,False,condensed,0.9,Albert—Bordeaux—520 lds. pitwood—Simkin Bros.
18890105p.17_p001.txt,71,Brodrene,Corunna,BRISTOL,380 lds. pitwood-Watts,Watts,27,Dec,1889,5,January,1889,False,condensed,0.9,27 Brodrene—Corunna—380 lds. pitwood—Watts
18890105p.17_p001.txt,72,Turenne,Bordeaux,BRISTOL,"1,500 lds. pitwood-Simkin Bros.",Simkin Bros.,26,Dec,1889,5,January,1889,True,condensed,0.9,"Turenne (s)—Bordeaux—1,500 lds. pitwood—Simkin Bros."
18890105p.17_p001.txt,73,Commandant Franchette,Bordeaux,BRISTOL,850 lds. pitwood-Simkin Bros.,Simkin Bros.,26,Dec,1889,5,January,1889,False,condensed,0.9,Commandant Franchette—Bordeaux—850 lds. pitwood—Simkin Bros.
18890105p.17_p001.txt,74,Caterina,Pensacola,BRISTOL,"934 pcs. sawn fir, 120 deals-Alexander & Co.",Alexander & Co.,28,Dec,1889,5,January,1889,True,condensed,0.9,"28 Caterina (s)—Pensacola—934 pcs. sawn fir, 120 deals—Alexander & Co."
18890105p.17_p001.txt,75,Esk,Bordeaux,BRISTOL,750 lds. hewn fir-Powley,Powley,28,Dec,1889,5,January,1889,True,condensed,0.9,Esk (s)—Bordeaux—750 lds. hewn fir—Powley
18890105p.17_p001.txt,76,Chatsworth,Bordeaux,BRISTOL,923 pcs. pitwood-Simkin Bros.,Simkin Bros.,29,Dec,1889,5,January,1889,True,condensed,0.9,29 Chatsworth (s)—Bordeaux—923 pcs. pitwood—Simkin Bros.
18890105p.17_p001.txt,78,Forsoget,Mobile,BRISTOL,"730 lds. hewn pine, 414 deals-The Gweek Co.",The Gweek Co.,28,Dec,1889,5,January,1889,False,standard_dash,0.9,"Dec. 28 Forsoget—Mobile—730 lds. hewn pine, 414 deals—The Gweek Co."
18890105p.17_p001.txt,80,Nico,Cronstadt,BRISTOL,"13,634 deals-Tolputt",Tolputt,31,Dec,1889,5,January,1889,False,standard_dash,0.9,"Dec. 31 Nico—Cronstadt—13,634 deals—Tolputt"
18890105p.17_p001.txt,82,Hercules,"St. John, N.B.",BRISTOL,"39,017 deals-Price, Walker, & Co.","Price, Walker, & Co.",29,Dec,1889,5,January,1889,False,standard_dash,0.9,"Dec. 29 Hercules—St. John, N.B.—39,017 deals—Price, Walker, & Co."
18890105p.17_p001.txt,84,Agnes Campbell,Mobile,GRIMSBY,"700 pcs. sawn fir, 67 pcs. hewn fir, 621 deals-Wintringham & Son",Wintringham & Son,24,Dec,1889,5,January,1889,False,standard_dash,0.9,"Dec. 24 Agnes Campbell—Mobile—700 pcs. sawn fir, 67 pcs. hewn fir, 621 deals—Wintringham & Son"
18890105p.17_p001.txt,85,Ballarena,Riga,GRIMSBY,"10,241 hewn sleepers, 2,000 sawn sleepers-W. Christie & Co.",W. Christie & Co.,24,Dec,1889,5,January,1889,False,condensed,0.9,"Ballarena — Riga — 10,241 hewn sleepers, 2,000 sawn sleepers—W. Christie & Co."
18890105p.17_p001.txt,86,Hevelius,Danzig,GRIMSBY,435 pcs. hewn fir-Wintringham & Son,Wintringham & Son,28,Dec,1889,5,January,1889,False,condensed,0.9,28 Hevelius—Danzig—435 pcs. hewn fir—Wintringham & Son
18890105p.17_p001.txt,87,Svava,Danzig,GRIMSBY,"264 pcs. hewn fir, 300 sleeper blocks, 250 sawn sleepers-Bennetts & Co.",Bennetts & Co.,24,Dec,1889,5,January,1889,False,condensed,0.9,"Svava—Danzig—264 pcs. hewn fir, 300 sleeper blocks, 250 sawn sleepers—Bennetts & Co."
18890105p.17_p001.txt,88,Molodez,Stockaviken,GRIMSBY,"13,171 deals and boards-S. Ellis",S. Ellis,24,Dec,1889,5,January,1889,False,condensed,0.9,"Molodez—Stockaviken—13,171 deals and boards—S. Ellis"
18890105p.17_p001.txt,89,President von Blumenthal,Danzig,GRIMSBY,"1,027 pcs. hewn fir, 69 pcs. sawn fir-Gabriel 900 pcs. hewn fir, 90 pcs. sawn fir—Bennetts",Gabriel,31,Dec,1889,5,January,1889,False,condensed,0.9,"31 President von Blumenthal—Danzig—1,027 pcs. hewn fir, 69 pcs. sawn fir—Gabriel; 900 pcs. hewn fir, 90 pcs. sawn fir—Bennetts"
18890105p.17_p001.txt,90,Burgermeister Baur,Riga,GRIMSBY,"21,957 deals-Hardy, Hewson, & Co.","Hardy, Hewson, & Co.",31,Dec,1889,5,January,1889,False,condensed,0.9,"Burgermeister Baur — Riga — 21,957 deals—Hardy, Hewson, & Co."
18890105p.17_p001.txt,91,Nanny,Bjorneborg,GRIMSBY,"37,030 deals, battens, and boards-Marshall & Atkinson",Marshall & Atkinson,31,Dec,1889,5,January,1889,False,condensed,0.9,"Nanny—Bjorneborg—37,030 deals, battens, and boards—Marshall & Atkinson"
18890105p.17_p001.txt,92,Rebecca,Danzig,GRIMSBY,"1,679 pcs. hewn fir-T. Gabriel & Son",T. Gabriel & Son,31,Dec,1889,5,January,1889,False,condensed,0.9,"Rebecca—Danzig—1,679 pcs. hewn fir—T. Gabriel & Son"
18890105p.17_p001.txt,93,Satisfaction,Riga,GRIMSBY,"3,970 pcs. sawn fir-G. A. Carr & Co.",G. A. Carr & Co.,31,Dec,1889,5,January,1889,False,condensed,0.9,"Satisfaction—Riga—3,970 pcs. sawn fir—G. A. Carr & Co."
18890105p.17_p001.txt,94,Herzog Georg,Riga,GRIMSBY,"7,486 deals-Bennetts",Bennetts,31,Dec,1889,5,January,1889,False,condensed,0.9,"Herzog Georg—Riga—7,486 deals—Bennetts"
18890105p.17_p001.txt,96,Sirius,Uddevalla,GRIMSBY,"24,100 props-G. Horsley & Co.",G. Horsley & Co.,24,Dec,1889,5,January,1889,False,standard_dash,0.9,"Dec. 24 Sirius—Uddevalla—24,100 props—G. Horsley & Co."
18890105p.17_p001.txt,97,Burlington,Memel,GRIMSBY,"119,930 oak staves-Pickford & Co.",Pickford & Co.,24,Dec,1889,5,January,1889,False,condensed,0.9,"Burlington—Memel—119,930 oak staves—Pickford & Co."
18890105p.17_p001.txt,98,Norway,Gothenburg,GRIMSBY,"15,035 deals, 7,419 props, 4,050 bdls. laths-T. Barraclough",T. Barraclough,24,Dec,1889,5,January,1889,True,condensed,0.9,"Norway (s)—Gothenburg—15,035 deals, 7,419 props, 4,050 bdls. laths—T. Barraclough"
18890105p.17_p001.txt,99,Rheinhold,Riga,GRIMSBY,"12,569 battens and boards-Griggs & Co.",Griggs & Co.,24,Dec,1889,5,January,1889,False,condensed,0.9,"Rheinhold—Riga—12,569 battens and boards—Griggs & Co."
18890105p.17_p001.txt,101,Wellamo,Cronstadt,GRIMSBY,"7,089 deals, 45 lds. firewood-R. Wade, Sons, & Co.","R. Wade, Sons, & Co.",24,Dec,1889,5,January,1889,False,condensed,0.9,"Wellamo—Cronstadt—7,089 deals, 45 lds. firewood—R. Wade, Sons, & Co."
18890105p.17_p001.txt,102,Felix,Gothenburg,GRIMSBY,"8,472 battens-Wade",Wade,24,Dec,1889,5,January,1889,False,condensed,0.9,"Felix—Gothenburg—8,472 battens—Wade"
18890105p.17_p001.txt,103,Gungner,Krageroe,GRIMSBY,150 lds. sawn fir-Wade,Wade,24,Dec,1889,5,January,1889,False,condensed,0.9,Gungner—Krageroe—150 lds. sawn fir—Wade
18890105p.17_p001.txt,104,Ida,Falkenburg,GRIMSBY,"6,708 props-Nielsen & Sons",Nielsen & Sons,24,Dec,1889,5,January,1889,False,condensed,0.9,"Ida—Falkenburg—6,708 props—Nielsen & Sons"
18890105p.17_p001.txt,105,Elsa,Colberg,GRIMSBY,"68,430 props-Horsley & Co.",Horsley & Co.,24,Dec,1889,5,January,1889,True,condensed,0.9,"Elsa (s)—Colberg—68,430 props—Horsley & Co."
18890105p.17_p002.txt,2,Ceres,Warberg,GRIMSBY,"19,155 props-Horsley & Co.",Horsley & Co.,24,Dec,1889,5,January,1889,False,condensed,0.9,"Ceres-Warberg-19,155 props-Horsley & Co."
18890105p.17_p002.txt,3,Tirfing,Oscarshamn,GRIMSBY,"7,320 props-Horsley",Horsley,28,Dec,1889,5,January,1889,False,condensed,0.9,"28 Tirfing-Oscarshamn-7,320 props-Horsley"
18890105p.17_p002.txt,4,Erna,Porsgrund,GRIMSBY,"1,633 pcs. square timber, 1,910 props-Victor Nilsson & Co.",Victor Nilsson & Co.,29,Dec,1889,5,January,1889,False,condensed,0.9,"29 Erna-Porsgrund-1,633 pcs. square timber, 1,910 props-Victor Nilsson & Co."
18890105p.17_p002.txt,5,Brodrene,Christiansand,GRIMSBY,"1,083 pcs. mining timber, 1,286 props-Hans Erichsen & Co.",Hans Erichsen & Co.,31,Dec,1889,5,January,1889,False,condensed,0.9,"31 Brodrene-Christiansand-1,083 pcs. mining timber, 1,286 props-Hans Erichsen & Co."
18890105p.17_p002.txt,6,Olaf,Porsgrund,GRIMSBY,"2,716 pcs. hewn fir-Victor Nilson & Co.",Victor Nilson & Co.,31,Dec,1889,5,January,1889,False,condensed,0.9,"St. Olaf-Porsgrund-2,716 pcs. hewn fir -Victor Nilson & Co."
18890105p.17_p002.txt,7,Sophie Wilhelmine,Skien,GRIMSBY,"1,046 pcs. square timber, 415 props-Hans Erichsen & Co.",Hans Erichsen & Co.,31,Dec,1889,5,January,1889,False,condensed,0.9,"Sophie Wilhelmine-Skien-1,046 pcs. square timber, 415 props-Hans Erichsen & Co."
18890105p.17_p002.txt,8,Melikoff,Porsgrund,GRIMSBY,"2,483 pcs. square timber, 915 props-Hans Erichsen & Co.",Hans Erichsen & Co.,31,Dec,1889,5,January,1889,False,condensed,0.9,"Melikoff-Porsgrund-2,483 pcs. square timber, 915 props-Hans Erichsen & Co."
18890105p.17_p002.txt,9,Olaf,Porsgrund,GRIMSBY,275 poles-Wade & Co. 474 poles-G. Horsley & Co.,Wade & Co.,31,Dec,1889,5,January,1889,False,condensed,0.9,St. Olaf-Porsgrund-275 poles-Wade & Co. ; 474 poles-G. Horsley & Co.
18890105p.17_p002.txt,10,Neptun,Halmstad,GRIMSBY,860 lds. props-G. Horsley & Co.,G. Horsley & Co.,31,Dec,1889,5,January,1889,True,condensed,0.9,Neptun (s)-Halmstad-860 lds. props-G. Horsley & Co.
18890105p.17_p002.txt,12,Ala,Gothenburg,GRIMSBY,"30,426 props",,28,Dec,1889,5,January,1889,True,standard_dash,0.9,"Dec. 28 Ala (s)-Gothenburg - 30,426 props - Order"
18890105p.17_p002.txt,13,Otranto,New York,GRIMSBY,"500 doors, 8 cs. mouldings-Wilson, Sons, & Co.","Wilson, Sons, & Co.",28,Dec,1889,5,January,1889,True,condensed,0.9,"Otranto (s)-New York-500 doors, 8 cs. mouldings-Wilson, Sons, & Co."
18890105p.17_p002.txt,14,Nelly Mathilda,Westervik,GRIMSBY,"15,883 pit props",,28,Dec,1889,5,January,1889,False,condensed,0.9,"Nelly Mathilda-Westervik-15,883 pit props-Order"
18890105p.17_p002.txt,15,Riga,Riga,GRIMSBY,"2,064 pcs. lathwood, 49 fms. firewood, 24,522 deals, boards, and battens",,28,Dec,1889,5,January,1889,True,condensed,0.9,"Riga (s)-Riga-2,064 pcs. lathwood, 49 fms. firewood, 24,522 deals, boards, and battens -Order"
18890105p.17_p002.txt,16,Rosario,Fiume,GRIMSBY,15 pcs. wood,,28,Dec,1889,5,January,1889,True,condensed,0.9,Rosario (s)-Fiume-15 pcs. wood-Order
18890105p.17_p002.txt,17,Skelleftea,Oscarshamn,GRIMSBY,"14,775 pit props",,28,Dec,1889,5,January,1889,True,condensed,0.9,"Skelleftea (s)-Oscarshamn-14,775 pit props-Order"
18890105p.17_p002.txt,18,Voluntas,Risor,GRIMSBY,qty. pit props,,28,Dec,1889,5,January,1889,False,condensed,0.9,Voluntas-Risor-qty. pit props-Order
18890105p.17_p002.txt,19,Hedvig Sophia,Warberg,GRIMSBY,"18,787 pit props",,28,Dec,1889,5,January,1889,False,condensed,0.9,"Hedvig Sophia-Warberg-18,787 pit props - Order"
18890105p.17_p002.txt,20,John,Oscarshamn,GRIMSBY,"13,231 pit props",,29,Dec,1889,5,January,1889,False,condensed,0.9,"29 John-Oscarshamn-13,231 pit props-Order"
18890105p.17_p002.txt,21,Hero,Gothenburg,GRIMSBY,"11,397 props-Wilson, Sons, & Co. 2,646 props-Haagensen, Watt, & Co. ; 8,204 props-C. Wells & Co.","Wilson, Sons, & Co.",29,Dec,1889,5,January,1889,True,condensed,0.9,"Hero (s)-Gothenburg-11,397 props-Wilson, Sons, & Co. ; 2,646 props-Haagensen, Watt, & Co. ; 8,204 props-C. Wells & Co."
18890105p.17_p002.txt,22,Skelleftea,Oscarshamn,GRIMSBY,"17,754 pit props",,31,Dec,1889,5,January,1889,False,condensed,0.9,"31 Skelleftea-Oscarshamn-17,754 pit props - Order"
18890105p.17_p002.txt,23,Santiago,New York,GRIMSBY,"6,000 bdls. staves, 62 pkgs. lumber-Wilson, Sons, & Co. 17 logs-Order","Wilson, Sons, & Co.",31,Dec,1889,5,January,1889,True,condensed,0.9,"Santiago (s)-New York-6,000 bdls. staves, 62 pkgs. lumber-Wilson, Sons, & Co. ; 17 logs-Order"
18890105p.17_p002.txt,24,Erato,Riga,GRIMSBY,"13,879 deals and boards",,1,Jan,1889,5,January,1889,True,standard_dash,0.9,"Jan. 1 Erato (s)-Riga-13,879 deals and boards-Order"
18890105p.17_p002.txt,25,Saga,Hernosand,GRIMSBY,"21,995 deals, battens, &c.",,1,Jan,1889,5,January,1889,False,condensed,0.9,"Saga-Hernosand-21,995 deals, battens, &c.-Order"
18890105p.17_p002.txt,26,Marten,Oscarshamn,GRIMSBY,"8,437 pit props",,1,Jan,1889,5,January,1889,False,condensed,0.9,"Marten-Oscarshamn-8,437 pit props-Order"
18890105p.17_p002.txt,27,Defire,Drammen,GRIMSBY,"11,357 pit props",,1,Jan,1889,5,January,1889,False,condensed,0.9,"Defire-Drammen-11,357 pit props-Order"
18890105p.17_p002.txt,28,Capella,Hango,GRIMSBY,5 stds. birch squares-L. & Y. Railway Co. 140 lds. firewood-Order,L. & Y. Railway Co.,1,Jan,1889,5,January,1889,True,condensed,0.9,Capella (s)-Hango-5 stds. birch squares-L. & Y. Railway Co. ; 140 lds. firewood-Order
18890105p.17_p002.txt,29,Seahorse,Amsterdam,GRIMSBY,91 logs wood-W. & C. L. Ringrose,W. & C. L. Ringrose,1,Jan,1889,5,January,1889,True,condensed,0.9,Seahorse (s)-Amsterdam-91 logs wood-W. & C. L. Ringrose
18890105p.17_p002.txt,30,Mary,Warberg,GRIMSBY,"14,344 pit props",,1,Jan,1889,5,January,1889,False,condensed,0.9,"Mary-Warberg-14,344 pit props-Order"
18890105p.17_p002.txt,31,Angelo,Christiania,GRIMSBY,"2,679 bdls. boards-Wilson, Sons, & Co. 334 deals, &c.-Heaven & Kesterton ; 30 cs. boards-W. Shipstone & Co.","Wilson, Sons, & Co.",2,Jan,1889,5,January,1889,True,condensed,0.9,"2 Angelo (s)-Christiania-2,679 bdls. boards-Wilson, Sons, & Co. ; 334 deals, &c.-Heaven & Kesterton ; 30 cs. boards-W. Shipstone & Co."
18890105p.17_p002.txt,32,Marathon,West Point,GRIMSBY,1[?] 5 oak staves,,2,Jan,1889,5,January,1889,True,condensed,0.9,Marathon (s)-West Point-1[?] 5 oak staves-Order
18890105p.17_p002.txt,33,Historian,New Orleans,GRIMSBY,831 staves-Drysdale Bros.,Drysdale Bros.,2,Jan,1889,5,January,1889,True,condensed,0.9,Historian (s)-New Orleans-831 staves-Drysdale Bros.
18890105p.17_p002.txt,34,New,York,GRIMSBY,"2,370 bdls., 3,100 no. staves-Hattley Hay 1,722 bdls. sheetings, 2,369 bdls. hoops-Order",Hattley Hay,2,Jan,1889,5,January,1889,False,condensed,0.9,"New York-2,370 bdls., 3,100 no. staves-Hattley Hay ; 1,722 bdls. sheetings, 2,369 bdls. hoops-Order"
18890105p.17_p002.txt,35,Sarnia,Portland,GRIMSBY,330 maple blocks,,2,Jan,1889,5,January,1889,True,condensed,0.9,Sarnia (s)-Portland-330 maple blocks-Order
18890105p.17_p002.txt,36,Oliff,New Orleans,GRIMSBY,"3,000 ppe. and 1,200 hhd. staves",,2,Jan,1889,5,January,1889,True,condensed,0.9,"Wm. Oliff (s)-New Orleans-3,000 ppe. and 1,200 hhd. staves-Order"
18890105p.17_p002.txt,39,Gustav Friedrich Focking,Onega,LONDON,"15,467 deals",,27,Dec,1889,5,January,1889,True,standard_dash,0.9,"Dec. 27 Gustav Friedrich Focking (s)-Onega-15,467 deals-Order"
18890105p.17_p002.txt,40,Vimeira,Pascagoula,LONDON,"822 pcs. timber, 1,035 deals-M. Freebody 60 boards - Master",M. Freebody,27,Dec,1889,5,January,1889,False,condensed,0.9,"Vimeira-Pascagoula-822 pcs. timber, 1,035 deals-M. Freebody ; 60 boards - Master"
18890105p.17_p002.txt,41,Knud,Riga,LONDON,"2,630 battens",,27,Dec,1889,5,January,1889,True,condensed,0.9,"Knud (s)-Riga-2,630 battens-Order"
18890105p.17_p002.txt,42,Harefield,Hommelvik,LONDON,"18,542 deals and battens, 90 fms. firewood-With, Webster","With, Webster",27,Dec,1889,5,January,1889,True,condensed,0.9,"Harefield (s)-Hommelvik - 18,542 deals and battens, 90 fms. firewood-With, Webster"
18890105p.17_p002.txt,43,MISSING_FROM_OCR,Memel,LONDON,"76,404 oak staves",,27,Dec,1889,5,January,1889,False,condensed,0.9,"Memel-76,404 oak staves-Order"
18890105p.17_p002.txt,44,Avena,Uddevalla,LONDON,"133 bdls. laths-S. Brown 485 bdls. mouldings-W. R. Crow & Son ; 983 bdls. mouldings, 470 doors, 11 crts. trellis-Nicks & Penton",S. Brown,27,Dec,1889,5,January,1889,False,condensed,0.9,"Avena - Uddevalla - 133 bdls. laths - S. Brown ; 485 bdls. mouldings-W. R. Crow & Son ; 983 bdls. mouldings, 470 doors, 11 crts. trellis-Nicks & Penton"
18890105p.17_p002.txt,45,Caroline,Memel,LONDON,"32,653 oak staves",,27,Dec,1889,5,January,1889,False,condensed,0.9,"Caroline-Memel-32,653 oak staves-Order"
18890105p.17_p002.txt,46,Maria,Danzig,LONDON,"700 sleepers-Burt, Boulton, & Co. 776 pcs. timber, 10,445 staves-Order","Burt, Boulton, & Co.",27,Dec,1889,5,January,1889,True,condensed,0.9,"Maria (s)-Danzig-700 sleepers-Burt, Boulton, & Co. ; 776 pcs. timber, 10,445 staves-Order"
18890105p.17_p002.txt,48,Bergenseren,Gothenburg,LONDON,"4,268 pcs. round and 684 doz. sawn firwood",,27,Dec,1889,5,January,1889,True,standard_dash,0.9,"Dec. 27 Bergenseren (s)-Gothenburg-4,268 pcs. round and 684 doz. sawn firwood-Order"
18890105p.17_p002.txt,49,New,York,LONDON,"1,359 staves-Churchill & Sim 3,435 bdls., 126 bxs. cut stock-Order",Churchill & Sim,27,Dec,1889,5,January,1889,False,condensed,0.9,"New York-1,359 staves-Churchill & Sim ; 3,435 bdls., 126 bxs. cut stock-Order"
18890105p.17_p002.txt,50,Stag,Riga,LONDON,"736 ends, 15,663 deals, 5 fms. firewood",,27,Dec,1889,5,January,1889,True,condensed,0.9,"Stag (s)-Riga-736 ends, 15,663 deals, 5 fms. firewood-Order"
18890105p.17_p002.txt,51,Thorsten,Gothenburg,LONDON,670 doors-W. R. Crow & Sons 460 doors-Knudsen & Co. ; 9 pkgs. turned wood-Maxime & Co. ; 56 pkgs turned wood-J. W. Uloth,W. R. Crow & Sons,2,Dec,1889,5,January,1889,True,condensed,0.9,2 Thorsten (s)-Gothenburg-670 doors-W. R. Crow & Sons ; 460 doors-Knudsen & Co. ; 9 pkgs. turned wood-Maxime & Co. ; 56 pkgs turned wood-J. W. Uloth
18890105p.17_p002.txt,52,Ludgate Hill,New York,LONDON,"331 bdls. 26 planks oak, 948 bdls. staves",,27,Dec,1889,5,January,1889,True,condensed,0.9,"Ludgate Hill (s)-New York-331 bdls. 26 planks oak, 948 bdls. staves-Order"
18890105p.17_p002.txt,53,Malaga,Gothenburg,LONDON,"894 pcs. round wood-Knudsen Bros. & Co. 481 doz. battens, 205 doz. deals, 392 deals and battens, 178 pcs. round wood-Order",Knudsen Bros. & Co.,27,Dec,1889,5,January,1889,True,condensed,0.9,"Malaga (s)-Gothenburg-894 pcs. round wood -Knudsen Bros. & Co. ; 481 doz. battens, 205 doz. deals, 392 deals and battens, 178 pcs. round wood-Order"
18890105p.17_p002.txt,55,Tycho Brahe,New York,LONDON,"750 oars-Cunningham, Shaw, & Co. 5,998 pcs. oak -Churchill & Sim ; 2,388 hub blocks-C. M. Smythe & Co. ; 122 cs. spokes, 6 cs. hubs-Order","Cunningham, Shaw, & Co.",31,Dec,1889,5,January,1889,True,standard_dash,0.9,"Dec. 31 Tycho Brahe (s)-New York-750 oars-Cunningham, Shaw, & Co. ; 5,998 pcs. oak -Churchill & Sim ; 2,388 hub blocks-C. M. Smythe & Co. ; 122 cs. spokes, 6 cs. hubs-Order"
18890105p.17_p002.txt,57,Falke,Bremen,LONDON,564 planks beech wood,,31,Dec,1889,5,January,1889,True,standard_dash,0.9,Dec. 31 Falke (s)-Bremen-564 planks beech wood-Order
18890105p.17_p002.txt,59,Minnesota,Baltimore,TILBURY DOCKS,"25 elm logs-Churchill & Sim 18 poplar logs-Simson & Mason ; 76 bdls. poplar, 23 bdls. oak-W. Mallinson ; 375 bdls. oak, 4 crts., 204 pcs. poplar-Stead & Peaty ; 1,800 staves, 820 hhd. staves, 2,498 pcs., 253 ba[?]s. lumber, 260 pcs. poplar, 923 pcs. oak, 202 pcs. oak lumber-Order",Churchill & Sim,31,Dec,1889,5,January,1889,True,standard_dash,1.0,"Dec. 31 Minnesota (s)-Baltimore-25 elm logs-Churchill & Sim ; 18 poplar logs-Simson & Mason ; 76 bdls. poplar, 23 bdls. oak-W. Mallinson ; 375 bdls. oak, 4 crts., 204 pcs. poplar-Stead & Peaty ; 1,800 staves, 820 hhd. staves, 2,498 pcs., 253 ba[?]s. lumber, 260 pcs. poplar, 923 pcs. oak, 202 pcs. oak lumber-Order"
18890105p.17_p002.txt,61,Inflexible,Baltimore,TILBURY DOCKS,"105 oak planks, 13 logs poplar-Simson & Mason 2,494 pcs. oak lumber-Churchill & Sim ; 244 wb. oak planks-Order",Simson & Mason,2,Dec,1889,5,January,1889,True,condensed,1.0,"2 Inflexible (s)-Baltimore-105 oak planks, 13 logs poplar-Simson & Mason ; 2,494 pcs. oak lumber-Churchill & Sim ; 244 wb. oak planks-Order"
18890105p.17_p002.txt,63,Sphynx,Danzig,LONDON (TILBURY DOCKS),"11,433 sleeper blocks, 660 half-sleeper blocks-Order",sleeper blocks-Order,27,Dec,1889,5,January,1889,True,standard_dash,0.9,"Dec. 27 Sphynx (s)-Danzig- 11,433 sleeper blocks, 660 half-sleeper blocks-Order"
18890105p.17_p002.txt,65,Moggie,Memel,LONDON (TILBURY DOCKS),"1,100 lds. sleepers",,28,Dec,1889,5,January,1889,True,standard_dash,0.9,"Dec. 28 Moggie (s)-Memel-1,100 lds. sleepers-Order"
18890105p.17_p002.txt,67,Amaranth,Carlshamn,LONDON (TILBURY DOCKS),"5,370 pcs. white",,27,Dec,1889,5,January,1889,False,standard_dash,0.9,"Dec. 27 Amaranth-Carlshamn-5,370 pcs. white-wood, 861 pcs. redwood-Order"
18890105p.17_p002.txt,69,Henrietta,Sundswall,LONDON (TILBURY DOCKS),253 fms. fire-wood-Order,wood-Order,2,Dec,1889,5,January,1889,False,condensed,0.9,2 Henrietta - Sundswall-253 fms. fire-wood-Order
18890105p.17_p002.txt,71,Era,Havre,LONDON (TILBURY DOCKS),"191 logs wood, 12 planks beech",,29,Dec,1889,5,January,1889,True,standard_dash,0.9,"Dec. 29 Era (s)-Havre-191 logs wood, 12 planks beech-Order"
18890105p.17_p002.txt,72,MISSING_FROM_OCR,Danzig,LONDON (TILBURY DOCKS),"4,902 oak staves-Foy & Co.",Foy & Co.,29,Dec,1889,5,January,1889,False,condensed,0.9,"Danzig-4,902 oak staves-Foy & Co."
18890105p.17_p002.txt,74,Tillia,Tornea,LONDON (TILBURY DOCKS),"7,133 pcs. sawn fir, 120 pcs. hewn fir-B. Howell & Son",B. Howell & Son,27,Dec,1889,5,January,1889,False,standard_dash,0.9,"Dec. 27 Tillia-Tornea-7,133 pcs. sawn fir, 120 pcs. hewn fir-B. Howell & Son"
18890105p.17_p002.txt,77,Roman,Boston,LONDON (TILBURY DOCKS),"7,600 staves Hattley Hay; 2 crts. handles-G. H. Fletcher & Co.",G. H. Fletcher & Co.,27,Dec,1889,5,January,1889,True,condensed,0.9,"Roman (s)-Boston-7,600 staves Hattley Hay; 2 crts. handles-G. H. Fletcher & Co."
18890105p.17_p002.txt,78,Sardinian,Halifax,LONDON (TILBURY DOCKS),"16,902 spruce and 8,546 birch deals, 495 spruce and 437 birch ends, 14,698 deals, 397 deal ends",,27,Dec,1889,5,January,1889,True,condensed,0.9,"Sardinian (s)-Halifax-16,902 spruce and 8,546 birch deals, 495 spruce and 437 birch ends, 14,698 deals, 397 deal ends-Order"
18890105p.17_p002.txt,79,Olinda,Bordeaux,LONDON (TILBURY DOCKS),"5,000 oak staves, 200 bdls. hoops",,27,Dec,1889,5,January,1889,True,condensed,0.9,"Olinda (s)-Bordeaux-5,000 oak staves, 200 bdls. hoops-Order"
18890105p.17_p002.txt,80,Lord Gough,Montreal,LONDON (TILBURY DOCKS),"770 pcs. lumber, 1,760 boards-R. Coltart & Co. 1,129 pcs. oak lumber-E. Alcott ; 430 pcs. oak lumber-T. Bilsborough & Co. ; 248 pcs. oak and 597 w.o. planks, 69 pcs. coffin oak, 5,630 staves-Order",R. Coltart & Co.,31,Dec,1889,5,January,1889,True,condensed,0.9,"31 Lord Gough (s)-Montreal-770 pcs. lumber, 1,760 boards-R. Coltart & Co. ; 1,129 pcs. oak lumber-E. Alcott ; 430 pcs. oak lumber-T. Bilsborough & Co. ; 248 pcs. oak and 597 w.o. planks, 69 pcs. coffin oak, 5,630 staves-Order"
18890105p.17_p002.txt,81,Lancaster,Savannah,LONDON (TILBURY DOCKS),"1,200 oak staves-J. H. Burrell & Co.",J. H. Burrell & Co.,31,Dec,1889,5,January,1889,True,condensed,0.9,"Lancaster (s)-Savannah-1,200 oak staves-J. H. Burrell & Co."
18890105p.17_p002.txt,82,Gaditano,New Orleans,LONDON (TILBURY DOCKS),"4,200 staves",,31,Dec,1889,5,January,1889,True,condensed,0.9,"Gaditano (s) - New Orleans - 4,200 staves-Order"
18890105p.17_p002.txt,84,Supreme,Pensacola,LIVERPOOL,"1,308 pcs. pitch pine, 225 deals-Holme & Co.",Holme & Co.,27,Dec,1889,5,January,1889,False,standard_dash,0.9,"Dec. 27 Supreme-Pensacola-1,308 pcs. pitch pine, 225 deals-Holme & Co."
18890105p.17_p002.txt,85,Einer Tambarskjalver,"St. John, N.B.",LIVERPOOL,"27,818 deals, 1,442 scantlings, 5,265 ends-Halsall",Halsall,27,Dec,1889,5,January,1889,False,condensed,0.9,"Einer Tambarskjalver-St. John, N.B.-27,818 deals, 1,442 scantlings, 5,265 ends-Halsall"
18890105p.17_p002.txt,86,Olive Mount,Pensacola,LIVERPOOL,"1,459 pcs. sawn pitch pine, 186 sawn pine deals-T. Rimmer & Son 1,150 pcs. orangewood-Order",T. Rimmer & Son,27,Dec,1889,5,January,1889,False,condensed,0.9,"Olive Mount-Pensacola-1,459 pcs. sawn pitch pine, 186 sawn pine deals-T. Rimmer & Son ; 1,150 pcs. orangewood-Order"
18890105p.17_p002.txt,87,Sirius,New York,LIVERPOOL,"3,199 bdls. staves-Hattley Hay 163 crts. rollers-J. Robert-shaw ; 999 pkgs. wheelbarrows-Houston",Hattley Hay,27,Dec,1889,5,January,1889,True,condensed,0.9,"Sirius (s)-New York-3,199 bdls. staves-Hattley Hay ; 163 crts. rollers-J. Robert-shaw ; 999 pkgs. wheelbarrows-Houston"
18890105p.17_p002.txt,88,Rallus,Rotterdam,LIVERPOOL,"1,580 bdls. wood hoops",,27,Dec,1889,5,January,1889,True,condensed,0.9,"Rallus (s)-Rotterdam-1,580 bdls. wood hoops -Order"
18890105p.17_p002.txt,89,City of Chester,New York,LIVERPOOL,"5 cs. wood mouldings-Thompson, M'Kay, & Co. 2,400 hhd. staves-Hattley Hay ; 46 cs. lumber-W. Hall & Co.","Thompson, M'Kay, & Co.",27,Dec,1889,5,January,1889,True,condensed,0.9,"City of Chester (s)-New York-5 cs. wood mouldings-Thompson, M'Kay, & Co. ; 2,400 hhd. staves-Hattley Hay ; 46 cs. lumber-W. Hall & Co."
18890105p.17_p002.txt,90,Hermod,Gothenburg,LIVERPOOL,"800 doz. flooring boards, 5,717 bdls. laths from Drammen-71,949 flooring boards-Lyon",,27,Dec,1889,5,January,1889,True,condensed,0.9,"Hermod (s)-Gothenburg-800 doz. flooring boards, 5,717 bdls. laths-Order ; from Drammen-71,949 flooring boards-Lyon"
18890105p.17_p002.txt,91,Atlas,"St. John, N.B.",LIVERPOOL,"15,363 deals and battens, 2,755 scantlings, 2,643 deal ends",,27,Dec,1889,5,January,1889,False,condensed,0.9,"Atlas-St. John, N.B.-15,363 deals and battens, 2,755 scantlings, 2,643 deal ends-Order"
18890105p.17_p002.txt,92,Samaria,Boston,LIVERPOOL,"1 cs. handles-C. J. Bailey & Co. 1,260 butt and 4,800 staves-Drysdale Bros.",C. J. Bailey & Co.,27,Dec,1889,5,January,1889,True,condensed,0.9,"Samaria (s)-Boston-1 cs. handles-C. J. Bailey & Co. ; 1,260 butt and 4,800 staves-Drysdale Bros."
18890105p.17_p002.txt,93,Neptun,"St. John, N.B.",LIVERPOOL,"17,936 deals and battens, 2,294 deal ends-Taylor & Co.",Taylor & Co.,27,Dec,1889,5,January,1889,False,condensed,0.9,"Neptun-St. John, N.B.-17,936 deals and battens, 2,294 deal ends-Taylor & Co."
18890105p.17_p002.txt,94,Kjellestad,Drammen,LIVERPOOL,"1,170,268 staves, 9,862 planed boards, 18,370 laths",,27,Dec,1889,5,January,1889,False,condensed,0.9,"Kjellestad-Drammen-1,170,268 staves, 9,862 planed boards, 18,370 laths-Order"
18890105p.17_p002.txt,95,Britannic,New York,LIVERPOOL,"7,413 staves-Hattley Hay 75 crts. handles-Ismay, Imrie, & Co. ; 2,850 pcs. lumber-Whiteside, Johns, & Co. ; 40 cs. handles-Chillington Tool Co.",Hattley Hay,28,Dec,1889,5,January,1889,True,condensed,0.9,"28 Britannic (s)-New York-7,413 staves-Hattley Hay ; 75 crts. handles-Ismay, Imrie, & Co. ; 2,850 pcs. lumber-Whiteside, Johns, & Co. ; 40 cs. handles-Chillington Tool Co."
18890105p.17_p002.txt,96,Nevada,New York,LIVERPOOL,"601 bdls. staves-Hattley Hay 8 cs. spokes-J. Owen & Sons ; 7 cs. spokes, 49 crts. blocks, 1,970 bdls. staves, 1,950 bdls. hoops, 488 handspikes-Order",Hattley Hay,28,Dec,1889,5,January,1889,True,condensed,0.9,"Nevada (s) - New York-601 bdls. staves-Hattley Hay ; 8 cs. spokes-J. Owen & Sons ; 7 cs. spokes, 49 crts. blocks, 1,970 bdls. staves, 1,950 bdls. hoops, 488 handspikes-Order"
18890105p.17_p002.txt,97,Courier,Fredrikstad,LIVERPOOL,"30,923 bdls. sawn fir, 7 fms. firewood",,28,Dec,1889,5,January,1889,True,condensed,0.9,"Courier (s)-Fredrikstad-30,923 bdls. sawn fir, 7 fms. firewood-Order"
18890105p.17_p002.txt,98,Ibis,Rotterdam,LIVERPOOL,"13,135 bdls. hoops",,28,Dec,1889,5,January,1889,True,condensed,0.9,"Ibis (s)-Rotterdam-13,135 bdls. hoops-Order"
18890105p.17_p002.txt,99,Morocco,Fiume,LIVERPOOL,"6,000 oak staves-Drysdale Bros. 66 wainscot logs-Order",Drysdale Bros.,28,Dec,1889,5,January,1889,True,condensed,0.9,"Morocco (s)-Fiume-6,000 oak staves-Drysdale Bros. ; 66 wainscot logs-Order"
18890105p.17_p002.txt,100,Oxenholme,Newport News,LIVERPOOL,"1,204 Canada butts, 225 wc. planks",,29,Dec,1889,5,January,1889,True,condensed,0.9,"29 Oxenholme (s)-Newport News-1,204 Canada butts, 225 wc. planks-Order"
18890105p.17_p002.txt,101,Sleipner,Snaroen,LIVERPOOL,"58,052 bdls. sawn fir",,29,Dec,1889,5,January,1889,True,condensed,0.9,"Sleipner (s)-Snaroen-58,052 bdls. sawn fir-Order"
18890105p.17_p002.txt,105,Delphin,Danzig,LYNN,"1,286 crossing sleepers-Thompson & Co.",Thompson & Co.,24,Dec,1889,5,January,1889,False,standard_dash,1.0,"Dec. 24 Delphin-Danzig-1,286 crossing sleepers-Thompson & Co."
18890105p.17_p002.txt,107,Deerhound,St. Nazaire,LYNN,10 lds. wood sawn n.o.e.-F. Ree[?],F. Ree[?],24,Dec,1889,5,January,1889,False,standard_dash,1.0,Dec. 24 Deerhound-St. Nazaire-10 lds. wood sawn n.o.e.-F. Ree[?]
18890105p.17_p002.txt,109,Rive de Gier,Bayonne,NEWPORT,"1,100 lds. pit-wood-Newport (Mon.) Pitwood Co.",wood-Newport (Mon.) Pitwood Co.,24,Dec,1889,5,January,1889,False,standard_dash,1.0,"Dec. 24 Rive de Gier-Bayonne-1,100 lds. pit-wood-Newport (Mon.) Pitwood Co."
18890105p.17_p002.txt,110,Thomas Coats,Bordeaux,NEWPORT,980 lds. pitwood-Newport (Mon.) Pitwood Co.,Newport (Mon.) Pitwood Co.,27,Dec,1889,5,January,1889,True,condensed,1.0,27 Thomas Coats (s)-Bordeaux-980 lds. pitwood -Newport (Mon.) Pitwood Co.
18890105p.17_p002.txt,111,Hilda,Sundswall,NEWPORT,"722 pcs. hewn fir, 5,169 deals, deal ends, and battens-Nicholas",Nicholas,28,Dec,1889,5,January,1889,False,condensed,1.0,"28 Hilda-Sundswall-722 pcs. hewn fir, 5,169 deals, deal ends, and battens-Nicholas"
18890105p.17_p002.txt,113,William Bateman,Onega,NEWPORT,"4 lds. firewood-Fox, Eliott, & Co.","Fox, Eliott, & Co.",27,Dec,1889,5,January,1889,False,standard_dash,0.9,"Dec. 27 William Bateman-Onega-4 lds. firewood-Fox, Eliott, & Co."
18890105p.17_p002.txt,114,Ryerson,Pensacola,NEWPORT,"3,768 pos. sawn fir-R. & R. Bayly",R. & R. Bayly,27,Dec,1889,5,January,1889,False,condensed,0.9,"Ryerson-Pensacola-3,768 pos. sawn fir-R. & R. Bayly"
18890105p.17_p002.txt,116,Mentor,Riga,NEWPORT,"8,008 deal ends and boards-H. Moody",H. Moody,24,Dec,1889,5,January,1889,False,standard_dash,0.9,"Dec. 24 Mentor-Riga-8,008 deal ends and boards-H. Moody"
18890105p.17_p002.txt,118,Triton,Gothenburg,NEWPORT,"1,752 deals, 9,500 sleepers-Lindsay, Gracie & Co.","Lindsay, Gracie & Co.",24,Dec,1889,5,January,1889,True,standard_dash,0.9,"Dec. 24 Triton (s)-Gothenburg-1,752 deals, 9,500 sleepers-Lindsay, Gracie & Co."
18890105p.17_p002.txt,119,Maria,Hamburg,NEWPORT,"32,868 pit chocks-Wiener",Wiener,24,Dec,1889,5,January,1889,False,condensed,0.9,"Maria-Hamburg-32,868 pit chocks-Wiener"
18890105p.17_p002.txt,120,Heathpool,Gothenburg,NEWPORT,"31,569 pit props, 19,598 splits, 2,244 poles-T. J. Reay",T. J. Reay,27,Dec,1889,5,January,1889,True,condensed,0.9,"27 Heathpool (s)-Gothenburg-31,569 pit props, 19,598 splits, 2,244 poles-T. J. Reay"
18890105p.17_p002.txt,121,Randers,Carlskrona,NEWPORT,"10,400 poles-Mitshel",Mitshel,24,Dec,1889,5,January,1889,False,condensed,0.9,"Randers-Carlskrona-10,400 poles-Mitshel"
18890105p.17_p002.txt,122,Janet,Christiansand,NEWPORT,"4,231 birch props-Rayner & Moller",Rayner & Moller,24,Dec,1889,5,January,1889,False,condensed,0.9,"Janet - Christiansand - 4,231 birch props-Rayner & Moller"
18890105p.17_p002.txt,123,Vestalinden,Gothenburg,NEWPORT,"43,811 pit props, 23,219 sleepers-Rayner & Moller",Rayner & Moller,24,Dec,1889,5,January,1889,False,condensed,0.9,"Vestalinden-Gothenburg-43,811 pit props, 23,219 sleepers-Rayner & Moller"
18890105p.17_p002.txt,124,Ariel,Carlskrona,NEWPORT,"12,120 props and poles-Mitshel, Pedersen, & Co.","Mitshel, Pedersen, & Co.",31,Dec,1889,5,January,1889,False,condensed,0.9,"31 Ariel-Carlskrona-12,120 props and poles-Mitshel, Pedersen, & Co."
18890105p.17_p002.txt,125,Anna,Sundswall,NEWPORT,"523 pcs. sawn fir, 5,358 deals, battens, and boards-Thompson",Thompson,31,Dec,1889,5,January,1889,False,condensed,0.9,"Anna-Sundswall-523 pcs. sawn fir, 5,358 deals, battens, and boards-Thompson"
18890105p.17_p002.txt,126,Helen West,Stettin,NEWPORT,"581 pcs. hewn red fir, 26 pcs. sawn oak-Thompson",Thompson,31,Dec,1889,5,January,1889,False,condensed,0.9,"Helen West-Stettin-581 pcs. hewn red fir, 26 pcs. sawn oak-Thompson"
18890105p.17_p002.txt,127,Renown,Danzig,NEWPORT,"25,117 oak and birch chocks-Rayner & Moller",Rayner & Moller,31,Dec,1889,5,January,1889,False,condensed,0.9,"Renown - Danzig - 25,117 oak and birch chocks-Rayner & Moller"
18890105p.17_p002.txt,128,Sovereign,Danzig,NEWPORT,"16,774 birch chocks-R. Thubron & Co.",R. Thubron & Co.,31,Dec,1889,5,January,1889,False,condensed,0.9,"Sovereign-Danzig - 16,774 birch chocks-R. Thubron & Co."
18890105p.17_p002.txt,130,Marie,Bordeaux,NEWPORT,780 lds. pitwood-E. Williams Cook & Co.,E. Williams Cook & Co.,29,Dec,1889,5,January,1889,True,standard_dash,0.9,Dec. 29 Marie (s)-Bordeaux-780 lds. pitwood-E. Williams Cook & Co.
18890105p.17_p002.txt,131,Middlesborough,Bordeaux,NEWPORT,"1,200 lds. pit-wood-William Davies & Co.",wood-William Davies & Co.,29,Dec,1889,5,January,1889,True,condensed,0.9,"Middlesborough (s)-Bordeaux-1,200 lds. pit-wood-William Davies & Co."
18890105p.17_p002.txt,132,Atlantique,Bayonne,NEWPORT,"700 lds. pitwood-North's Navigation Collieries, Limited","North's Navigation Collieries, Limited",29,Dec,1889,5,January,1889,True,condensed,0.9,"Atlantique (s)-Bayonne-700 lds. pitwood-North's Navigation Collieries, Limited"
18890105p.17_p002.txt,133,Wayfarer,Drammen,NEWPORT,"31,017 flooring boards-D. W. John & Son",D. W. John & Son,29,Dec,1889,5,January,1889,False,condensed,0.9,"Wayfarer-Drammen-31,017 flooring boards-D. W. John & Son"
18890105p.17_p002.txt,135,Amiable Lucie,Port Larralde,NEWPORT,101 pos. wood-John Davies & Jenkins,John Davies & Jenkins,29,Dec,1889,5,January,1889,False,condensed,0.9,Amiable Lucie-Port Larralde-101 pos. wood-John Davies & Jenkins
18890105p.17_p002.txt,136,Ida,Riga,NEWPORT,"15,672 pcs. lathwood, 101 pos. hewn fir-Thomas Watkins & Jenkins",Thomas Watkins & Jenkins,29,Dec,1889,5,January,1889,False,condensed,0.9,"Ida-Riga-15,672 pcs. lathwood, 101 pos. hewn fir-Thomas Watkins & Jenkins"
18890105p.17_p002.txt,137,Abdhalla,Pauillac,NEWPORT,150 lds. pitwood-Jones,Jones,31,Dec,1889,5,January,1889,False,condensed,0.9,31 Abdhalla-Pauillac-150 lds. pitwood-Jones
18890105p.17_p002.txt,138,Rosa Maddalena,Pensacola,NEWPORT,"1,475 pcs. sawn fir-Gregor Bros.",Gregor Bros.,31,Dec,1889,5,January,1889,False,condensed,0.9,"Rosa Maddalena-Pensacola-1,475 pcs. sawn fir-Gregor Bros."
18890105p.17_p002.txt,140,Commodore,Oscarshamn,TYNE,"23,732 props",,22,Dec,1889,5,January,1889,True,standard_dash,1.0,"Dec. 22 Commodore (s)-Oscarshamn-23,732 props-Order"
18890105p.17_p002.txt,141,Octa,Gothenburg,TYNE,"48,645 pcs. sawn fir pit props",,24,Dec,1889,5,January,1889,True,condensed,1.0,"24 Octa (s)-Gothenburg-48,645 pcs. sawn fir pit props-Order"
18890105p.17_p002.txt,142,Storebelt,Horsens,TYNE,"15,417 battens, 4,100 pit props",,22,Dec,1889,5,January,1889,True,condensed,1.0,"Storebelt (s)-Horsens-15,417 battens, 4,100 pit props-Order"
18890105p.17_p002.txt,143,Esberg,Odense,TYNE,50 lds. wood,,22,Dec,1889,5,January,1889,True,condensed,1.0,Esberg (s)-Odense-50 lds. wood-Order
18890105p.17_p002.txt,144,Grenadier,Rotterdam,TYNE,"149 bdls. basket rods, 2,200 bdls. hoops",,22,Dec,1889,5,January,1889,True,condensed,0.9,"Grenadier (s)-Rotterdam-149 bdls. basket rods, 2,200 bdls. hoops-Order"
18890105p.17_p002.txt,145,Insulaneren,Svendborg,TYNE,"10,178 battens",,22,Dec,1889,5,January,1889,False,condensed,0.9,"Insulaneren - Svendborg - 10,178 battens - Order"
18890105p.17_p002.txt,146,Danmark,Halmstad,TYNE,"5,938 pit props, 108,830 pcs. square birch",,22,Dec,1889,5,January,1889,False,condensed,0.9,"Danmark-Halmstad-5,938 pit props, 108,830 pcs. square birch-Order"
18890105p.17_p002.txt,147,Munin,Gothenburg,TYNE,"80 lds. props, 60 lds. birch props, 10 lds. sleepers, 420 lds. deals and battens, 25 lds. crowntrees",,22,Dec,1889,5,January,1889,True,condensed,0.9,"Munin (s)-Gothenburg-80 lds. props, 60 lds. birch props, 10 lds. sleepers, 420 lds. deals and battens, 25 lds. crowntrees-Order"
18890105p.17_p002.txt,148,Annie Largie,Gothenburg,TYNE,"28,610 props, 590 sleepers-Orback",Orback,22,Dec,1889,5,January,1889,False,condensed,0.9,"Annie Largie - Gothenburg - 28,610 props, 590 sleepers-Orback"
18890105p.17_p002.txt,149,Anna,Stockholm,TYNE,"4,942 deals, battens, and crowntrees, 15,583 props",,22,Dec,1889,5,January,1889,False,condensed,0.9,"Anna-Stockholm-4,942 deals, battens, and crowntrees, 15,583 props-Order"
18890105p.17_p002.txt,151,Forsoket,Hernosand,TYNE,"16,511 deals, battens, and boards",,22,Dec,1889,5,January,1889,False,condensed,0.9,"Forsoket-Hernosand-16,511 deals, battens, and boards-Order"
18890105p.17_p002.txt,152,Sylphiden,Laurvig,TYNE,"7,390 pit props",,22,Dec,1889,5,January,1889,False,condensed,0.9,"Sylphiden-Laurvig-7,390 pit props-Order"
18890105p.17_p002.txt,153,Mathilde Jade,Monsteras,TYNE,"11,631 deals and battens",,22,Dec,1889,5,January,1889,False,condensed,0.9,"Mathilde Jade-Monsteras-11,631 deals and battens-Order"
18890105p.17_p002.txt,154,Grenadier,Rotterdam,TYNE,115 lds. mining timber,,22,Dec,1889,5,January,1889,True,condensed,0.9,Grenadier (s)-Rotterdam-115 lds. mining timber-Order
18890105p.17_p002.txt,155,Orrik,Gothenburg,TYNE,"13,996 pit props",,22,Dec,1889,5,January,1889,True,condensed,0.9,"Orrik (s)-Gothenburg-13,996 pit props-Order"
18890105p.17_p002.txt,156,Ampthill,Riga,TYNE,"5,858 deals, battens, and deals, and ends-J. Scott",J. Scott,22,Dec,1889,5,January,1889,False,condensed,0.9,"Ampthill-Riga-5,858 deals, battens, and deals, and ends-J. Scott"
18890105p.17_p002.txt,157,Admiral,Hamburg,TYNE,"6,188 boards-J. Scott",J. Scott,1,Jan,1889,5,January,1889,False,standard_dash,0.9,"Jan. 1 Admiral-Hamburg-6,188 boards-J. Scott"
18890105p.17_p002.txt,160,Paul Gerhard,Danzig,TYNE,"1,018 pcs. sawn fir, 229 sleepers-Jewson & Son",Jewson & Son,31,Dec,1889,5,January,1889,False,standard_dash,0.9,"Dec. 31 Paul Gerhard-Danzig-1,018 pcs. sawn fir, 229 sleepers-Jewson & Son"
18890105p.17_p002.txt,163,Lady Eglinton,Rotterdam,TYNE,"1,115 bdls. hoops-J. C. Pinkerton",J. C. Pinkerton,27,Dec,1889,5,January,1889,False,standard_dash,0.9,"Dec. 27 Lady Eglinton-Rotterdam-1,115 bdls. hoops-J. C. Pinkerton"
18890105p.17_p002.txt,165,Titania,Riga,TYNE,873 pcs. sawn fir-Cox Bros. & Co.,Cox Bros. & Co.,28,Dec,1889,5,January,1889,False,standard_dash,0.9,Dec. 28 Titania-Riga-873 pcs. sawn fir-Cox Bros. & Co.
18890105p.17_p003.txt,2,Mathilde Jade,Monsteras,TYNE,"9,579 props",,28,Dec,1889,5,January,1889,False,condensed,0.9,"Mathilde Jade-Monsteras-9,579 props-Order"
18890105p.17_p003.txt,3,Ingeborg,Gefle,TYNE,"3,008 deals, 8,142 deals, battens, and boards",,28,Dec,1889,5,January,1889,False,condensed,0.9,"Ingeborg-Gefle-3,008 deals, 8,142 deals, battens, and boards-Order"
18890105p.17_p003.txt,4,Grenadier,Rotterdam,TYNE,"1 cs. mouldings, 740 bds. hoops",,28,Dec,1889,5,January,1889,True,condensed,0.9,"Grenadier (s)-Rotterdam-1 cs. mouldings, 740 bds. hoops-Order"
18890105p.17_p003.txt,5,Orrik,Gothenburg,TYNE,"5,606 sleepers",,28,Dec,1889,5,January,1889,True,condensed,0.9,"Orrik (s)-Gothenburg-5,606 sleepers-Order"
18890105p.17_p003.txt,6,Ampthill,Riga,TYNE,"5,858 deals, 596 deal ends",,28,Dec,1889,5,January,1889,False,condensed,0.9,"Ampthill-Riga-5,858 deals, 596 deal ends-Order"
18890105p.17_p003.txt,7,H. A. Walter,Stockholm,TYNE,"13,639 boards, deals, and ends-J. Scott",J. Scott,28,Dec,1889,5,January,1889,False,condensed,0.9,"H. A. Walter-Stockholm-13,639 boards, deals, and ends-J. Scott"
18890105p.17_p003.txt,8,Admiral,Hamburg,TYNE,"6,156 deals and battens",,1,Jan,1889,5,January,1889,False,standard_dash,0.9,"Jan. 1 Admiral-Hamburg-6,156 deals and battens-Order"
18890105p.17_p003.txt,11,Paul Gerhard,Danzig,TYNE,"607 pcs. sawn fir, 229 sleepers-Jewson & Sons",Jewson & Sons,31,Dec,1889,5,January,1889,False,standard_dash,0.9,"Dec. 31 Paul Gerhard-Danzig-607 pcs. sawn fir, 229 sleepers-Jewson & Sons"
18890105p.17_p003.txt,15,Lady Eglinton,Rotterdam,TYNE,"1,210 bds. hoops-J. C. Pinkerton",J. C. Pinkerton,27,Dec,1889,5,January,1889,False,standard_dash,0.9,"Dec. 27 Lady Eglinton-Rotterdam-1,210 bds. hoops-J. C. Pinkerton"
18890105p.17_p003.txt,17,Titania,Riga,TYNE,"873 pcs. hewn fir, 2,778 pcs. sawn fir-Cox Bros. & Co.",Cox Bros. & Co.,28,Dec,1889,5,January,1889,False,standard_dash,0.9,"Dec. 28 Titania-Riga-873 pcs. hewn fir, 2,778 pcs. sawn fir-Cox Bros. & Co."
18890105p.17_p003.txt,28,English Timber taken in exchange for Foreign or purchased outright.,N.B.,TYNE,"All communications to be addressed to Saw Mill SALISBURY, WILTSHIRE.",,28,Dec,1889,5,January,1889,False,condensed,0.9,"English Timber taken in exchange for Foreign or purchased outright. N.B.—All communications to be addressed to Saw Mill SALISBURY, WILTSHIRE."
18890105p.17_p003.txt,74,India,rubber and Gutta,TYNE,"percha Goods, at Manufacturers' list prices.",,28,Dec,1889,5,January,1889,False,condensed,0.9,"India-rubber and Gutta-percha Goods, at Manufacturers' list prices."
18890105p.2.txt,33,Benahourd,Drontheim,BEER,"32,016 deals and battens-Geo. Milne & Co.",Geo. Milne & Co.,27,Dec,1889,5,January,1889,True,standard_dash,0.9,"Dec. 27 Benahourd (s)—Drontheim — 32,016 deals and battens-Geo. Milne & Co."
18890105p.2.txt,35,Johanne Magdalene,Falkenberg,BEER,"7,729 pit props-Love & Stewart",Love & Stewart,24,Dec,1889,5,January,1889,False,standard_dash,0.9,"Dec. 24 Johanne Magdalene—Falkenberg—7,729 pit props-Love & Stewart"
18890105p.2.txt,36,Marie,Halmstad,BEER,"19,036 pit props-Kennedy",Kennedy,26,Dec,1889,5,January,1889,False,condensed,0.9,"26 Marie—Halmstad—19,036 pit props-Kennedy"
18890105p.2.txt,37,Alpha,Risoer,BEER,"12,895 pit props-Donibristle Colliery Co.",Donibristle Colliery Co.,26,Dec,1889,5,January,1889,False,condensed,0.9,"26 Alpha—Risoer—12,895 pit props-Donibristle Colliery Co."
18890105p.2.txt,38,Odense,Warberg,BEER,"13,629 pit props-Kennedy",Kennedy,27,Dec,1889,5,January,1889,False,condensed,0.9,"27 Odense—Warberg—13,629 pit props-Kennedy"
18890105p.2.txt,39,Ellida,Falkenberg,BEER,"12,224 pit props-Love",Love,27,Dec,1889,5,January,1889,False,condensed,0.9,"27 Ellida—Falkenberg—12,224 pit props-Love"
18890105p.2.txt,40,Marie,Kalmar,BEER,"3,068 pit props-Madsen",Madsen,29,Dec,1889,5,January,1889,False,condensed,0.9,"29 Marie—Kalmar—3,068 pit props-Madsen"
18890105p.2.txt,42,Genius,Konigsberg,BORROWSTOUNNESS,145 lds. pitwood-J. Denholm & Co.,J. Denholm & Co.,26,Dec,1889,5,January,1889,False,standard_dash,1.0,Dec. 26 Genius—Konigsberg—145 lds. pitwood-J. Denholm & Co.
18890105p.2.txt,43,Carl,Christiansand,BORROWSTOUNNESS,"211 pcs. mining timber 7,246 props-Love & Stewart",Love & Stewart,26,Dec,1889,5,January,1889,False,condensed,1.0,"26 Carl—Christiansand—211 pcs. mining timber 7,246 props-Love & Stewart"
18890105p.2.txt,44,Gotland,Kalmar,BORROWSTOUNNESS,"7,574 props-Stevenson",Stevenson,27,Dec,1889,5,January,1889,False,condensed,1.0,"27 Gotland—Kalmar—7,574 props-Stevenson"
18890105p.2.txt,45,Zera,Westervik,BORROWSTOUNNESS,660 lds. props-J. Denholm,J. Denholm,28,Dec,1889,5,January,1889,False,condensed,1.0,28 Zera—Westervik—660 lds. props-J. Denholm
18890105p.2.txt,46,Thirse,Fredrikshald,BORROWSTOUNNESS,"18,362 props-Love",Love,29,Dec,1889,5,January,1889,False,condensed,0.9,"29 Thirse—Fredrikshald—18,362 props-Love"
18890105p.2.txt,48,Opal,Riga,DUNDEE,"2,318 deals-Fleming",Fleming,18,Dec,1889,5,January,1889,False,standard_dash,0.9,"Dec. 18 Opal—Riga—2,318 deals-Fleming"
18890105p.2.txt,49,Livonian,Riga,DUNDEE,268 lds. firewood-J. Sadler,J. Sadler,29,Dec,1889,5,January,1889,False,condensed,0.9,29 Livonian—Riga—268 lds. firewood-J. Sadler
18890105p.2.txt,50,Jasper,Riga,DUNDEE,"1,084 deals-Bell & Sime",Bell & Sime,31,Dec,1889,5,January,1889,False,condensed,0.9,"31 Jasper—Riga—1,084 deals-Bell & Sime"
18890105p.2.txt,52,Hibernian,Boston,DUNDEE,"5,400 staves, 178 pcs. lumber-Wright & Breakenridge",Wright & Breakenridge,25,Dec,1889,5,January,1889,False,standard_dash,0.9,"Dec. 25 Hibernian—Boston—5,400 staves, 178 pcs. lumber-Wright & Breakenridge"
18890105p.2.txt,53,Cincassia,New York,DUNDEE,"137 pcs. oak lumber-Brownlee & Co. 346 pcs. oak lumber-J Kennedy & Co.; 332 pcs. oak lumber-Edmiston & Mitchells; 716 boards walnut lumber, 11 bdls., 24 walnut squares, 2 bdls. oak squares, 12 bdls. whitewood lumber, 4,500 barrel staves-Order",Brownlee & Co.,26,Dec,1889,5,January,1889,False,condensed,0.9,"26 Cincassia—New York—137 pcs. oak lumber-Brownlee & Co.; 346 pcs. oak lumber-J Kennedy & Co.; 332 pcs. oak lumber-Edmiston & Mitchells; 716 boards walnut lumber, 11 bdls., 24 walnut squares, 2 bdls. oak squares, 12 bdls. whitewood lumber, 4,500 barrel staves-Order"
18890105p.2.txt,56,Wanderer,Cronstadt,DUNDEE,"1,650 deals and ends, 588 battens and ends-J. D. Thomson 11,385 battens and ends-Brownlee",J. D. Thomson,24,Dec,1889,5,January,1889,False,standard_dash,0.9,"Dec. 24 Wanderer—Cronstadt—1,650 deals and ends, 588 battens and ends-J. D. Thomson; 11,385 battens and ends-Brownlee"
18890105p.2.txt,57,Michael,Riga,DUNDEE,"2,388 pcs. timber and deals-Brownlee & Co. 555 pcs. timber and ends-Order",Brownlee & Co.,26,Dec,1889,5,January,1889,False,condensed,0.9,"26 Michael—Riga—2,388 pcs. timber and deals-Brownlee & Co.; 555 pcs. timber and ends-Order"
18890105p.2.txt,58,Neptune,Riga,DUNDEE,"296 sleepers, 2,538 deals, 807 pcs. timber-Melville & Co.",Melville & Co.,26,Dec,1889,5,January,1889,False,condensed,0.9,"26 Neptune—Riga—296 sleepers, 2,538 deals, 807 pcs. timber-Melville & Co."
18890105p.2.txt,59,Latvija,Riga,DUNDEE,"7,058 deals and battens-P. & J. Wilkie",P. & J. Wilkie,28,Dec,1889,5,January,1889,False,condensed,0.9,"28 Latvija—Riga—7,058 deals and battens-P. & J. Wilkie"
18890105p.2.txt,60,Sambo,Riga,DUNDEE,"7,270 deals and battens-Wilkie",Wilkie,28,Dec,1889,5,January,1889,False,condensed,0.9,"28 Sambo—Riga—7,270 deals and battens-Wilkie"
18890105p.2.txt,61,Emma Maria,Riga,DUNDEE,"7,207 deals Order",,28,Dec,1889,5,January,1889,False,condensed,0.9,"28 Emma Maria—Riga—7,207 deals Order"
18890105p.2.txt,62,Ernest David,Riga,DUNDEE,"6,356 deals Order",,28,Dec,1889,5,January,1889,False,condensed,0.9,"28 Ernest David—Riga—6,356 deals Order"
18890105p.2.txt,63,Ceres,Riga,DUNDEE,"7,124 deals, battens, and ends",,28,Dec,1889,5,January,1889,False,condensed,0.9,"28 Ceres—Riga—7,124 deals, battens, and ends-Order"
18890105p.2.txt,64,Bernhard,Riga,DUNDEE,"928 pcs. timber, 1,423 deals, 2 fm. firewood-Brownlee & Co.",Brownlee & Co.,28,Dec,1889,5,January,1889,False,condensed,0.9,"28 Bernhard—Riga—928 pcs. timber, 1,423 deals, 2 fm. firewood-Brownlee & Co."
18890105p.2.txt,65,Max,Danzig,DUNDEE,"1,649 sleeper blocks, 469 sleepers-Brownlee & Co.",Brownlee & Co.,29,Dec,1889,5,January,1889,False,condensed,0.9,"29 Max—Danzig—1,649 sleeper blocks, 469 sleepers-Brownlee & Co."
18890105p.2.txt,67,Bjorn,Gothenburg,DUNDEE,"16,827 props, 79 lds. deals-C. Salvesen & Co.",C. Salvesen & Co.,25,Dec,1889,5,January,1889,True,standard_dash,0.9,"Dec. 25 Bjorn (s)—Gothenburg—16,827 props, 79 lds. deals—C. Salvesen & Co."
18890105p.2.txt,69,W. Brugmann & Sohn,Stettin,DUNDEE,461 pcs. hewn fir-J. Donaldson & Son,J. Donaldson & Son,25,Dec,1889,5,January,1889,False,standard_dash,0.9,Dec. 25 W. Brugmann & Sohn—Stettin—461 pcs. hewn fir-J. Donaldson & Son
18890105p.2.txt,71,Mascotte,Rotterdam,DUNDEE,700 bdls. hoops-C. Gibson & Co.,C. Gibson & Co.,25,Dec,1889,5,January,1889,False,standard_dash,0.9,Dec. 25 Mascotte—Rotterdam—700 bdls. hoops-C. Gibson & Co.
18890105p.2.txt,72,Gebet,Riga,DUNDEE,"7,967 deals-A. Garland",A. Garland,25,Dec,1889,5,January,1889,False,condensed,0.9,"25 Gebet—Riga—7,967 deals-A. Garland"
18890105p.2.txt,73,Skjoldmoen,Riga,DUNDEE,"7,063 deals-D. Beattie",D. Beattie,25,Dec,1889,5,January,1889,False,condensed,0.9,"25 Skjoldmoen—Riga—7,063 deals-D. Beattie"
18890105p.2.txt,74,Amuleto,Rotterdam,DUNDEE,160 bdls. hoops-Gibson,Gibson,28,Dec,1889,5,January,1889,False,condensed,0.9,28 Amuleto—Rotterdam—160 bdls. hoops-Gibson
18890105p.2.txt,76,Hargnasch,Riga,MONTROSE,"980 pcs. hewn fir, 2,730 deals",,26,Dec,1889,5,January,1889,False,standard_dash,1.0,"Dec. 26 Hargnasch—Riga—980 pcs. hewn fir, 2,730 deals -R: Millar & Son"
18890105p.2.txt,77,Alite,Cronstadt,MONTROSE,"15,561 battens and boards-R. Millar & Sons",R. Millar & Sons,28,Dec,1889,5,January,1889,False,condensed,1.0,"28 Alite—Cronstadt—15,561 battens and boards—R. Millar & Sons"
18890105p.2.txt,78,Anna,Cronstadt,MONTROSE,"32,216 deals-Reid",Reid,29,Dec,1889,5,January,1889,False,condensed,1.0,"29 Anna—Cronstadt—32,216 deals-Reid"
18890105p.2.txt,80,Hanna,Farsund,WICK,"75,000 staves-Reid",Reid,29,Dec,1889,5,January,1889,False,standard_dash,1.0,"Dec. 29 Hanna Farsund—75,000 staves-Reid"
18890105p.2.txt,122,Telegraphic,Address,WICK,"""MITCHELL, LEITH.""",,29,Dec,1889,5,January,1889,False,condensed,0.9,"Telegraphic Address—""MITCHELL, LEITH."""
18890105p.2.txt,126,Caledonian,Saw,WICK,"Mills, Grangemouth.",,29,Dec,1889,5,January,1889,False,condensed,0.9,"Caledonian Saw-Mills, Grangemouth."
18890105p.2.txt,129,Telegraphic,Address,WICK,"""BROWNLEE, GLASGOW.""",,29,Dec,1889,5,January,1889,False,condensed,0.9,"Telegraphic Address—""BROWNLEE, GLASGOW."""
18890105p.2.txt,132,Branches,Victoria Park Saw,WICK,"Mills, and Garscube Road.",,29,Dec,1889,5,January,1889,False,condensed,0.9,"Branches—Victoria Park Saw-Mills, and Garscube Road."
18890112p.3_p001.txt,31,Elizabeth,Laurvig,BORROWSTOUNNESS,"25,419 props-Love",Love,1,Jan,1889,12,January,1889,False,standard_dash,0.9,"Jan. 1 Elizabeth-Laurvig-25,419 props-Love"
18890112p.3_p001.txt,32,Hermod,Sandefjord,BORROWSTOUNNESS,"24,922 props-The Cowdenbeath Coal Co.",The Cowdenbeath Coal Co.,2,Jan,1889,12,January,1889,False,condensed,0.9,"2 Hermod-Sandefjord-24,922 props-The Cowdenbeath Coal Co."
18890112p.3_p001.txt,33,Laura,Christiansand,BORROWSTOUNNESS,"22,268 props-Kirkwood",Kirkwood,1,Jan,1889,12,January,1889,False,condensed,0.9,"Laura-Christiansand-22,268 props-Kirkwood"
18890112p.3_p001.txt,34,Martha,Gothenburg,BORROWSTOUNNESS,"18,320 props-Love",Love,3,Jan,1889,12,January,1889,False,condensed,0.9,"3 Martha-Gothenburg-18,320 props-Love"
18890112p.3_p001.txt,35,Kirstina,Christiania,BORROWSTOUNNESS,"7,476 props-Love",Love,5,Jan,1889,12,January,1889,False,condensed,0.9,"5 Kirstina-Christiania-7,476 props-Love"
18890112p.3_p001.txt,36,Warberg,Halmstad,BORROWSTOUNNESS,"18,452 props-Love",Love,5,Jan,1889,12,January,1889,False,condensed,0.9,"Warberg-Halmstad-18,452 props-Love"
18890112p.3_p001.txt,38,John,Emanuel,BORROWSTOUNNESS,"Riga 324 pcs. hewn fir, 3,653 deals and battens-Paton & Sons",Paton & Sons,5,Jan,1889,12,January,1889,False,standard_dash,0.9,"Jan. 5 John Emanuel-Riga 324 pcs. hewn fir, 3,653 deals and battens-Paton & Sons"
18890112p.3_p001.txt,41,Dolphin,Kragerroe,BORROWSTOUNNESS,"690 pcs. hewn fir, 190 battens, 8 spars, 7 lds. firewood-Paterson & Co.",Paterson & Co.,2,Jan,1889,12,January,1889,False,standard_dash,0.9,"Jan. 2 Dolphin-Kragerroe-690 pcs. hewn fir, 190 battens, 8 spars, 7 lds. firewood-Paterson & Co."
18890112p.3_p001.txt,43,Ida,Oscarshamn,BORROWSTOUNNESS,"5,741 props-Love",Love,1,Jan,1889,12,January,1889,False,standard_dash,1.0,"Jan. 1 Ida-Oscarshamn-5,741 props-Love"
18890112p.3_p001.txt,44,Leif,Risoer,BORROWSTOUNNESS,237 lds. props-J. Denham,J. Denham,1,Jan,1889,12,January,1889,False,condensed,1.0,Leif-Risoer-237 lds. props-J. Denham
18890112p.3_p001.txt,45,Helios,Fredrikshald,BORROWSTOUNNESS,"67,297 props-Love",Love,4,Jan,1889,12,January,1889,False,condensed,1.0,"4 Helios-Fredrikshald-67,297 props-Love"
18890112p.3_p001.txt,46,Danneborg,Halmstad,BORROWSTOUNNESS,"16,768 props-Denholm",Denholm,1,Jan,1889,12,January,1889,False,condensed,1.0,"Danneborg-Halmstad-16,768 props-Denholm"
18890112p.3_p001.txt,48,Jasper,Riga,DUNDEE,"1,803 pcs. lathwood-Duncan",Duncan,4,Jan,1889,12,January,1889,False,standard_dash,0.9,"Jan. 4 Jasper-Riga-1,803 pcs. lathwood-Duncan"
18890112p.3_p001.txt,50,Manitoban,Philadelphia,DUNDEE,"1,800 staves",,31,Dec,1889,12,January,1889,False,standard_dash,0.9,"Dec. 31 Manitoban-Philadelphia-1,800 staves-Order"
18890112p.3_p001.txt,51,State of Indiana,New York,DUNDEE,426 pkgs. wood-Singer Manufacturing Co.,Singer Manufacturing Co.,31,Dec,1889,12,January,1889,False,condensed,0.9,State of Indiana-New York-426 pkgs. wood-Singer Manufacturing Co.
18890112p.3_p001.txt,52,Siberian,Boston,DUNDEE,"6,000 staves-Wright 50 bdls., 11 cs. woodware-Hill & Co.",Wright,31,Dec,1889,12,January,1889,False,condensed,0.9,"Siberian-Boston-6,000 staves-Wright; 50 bdls., 11 cs. woodware-Hill & Co."
18890112p.3_p001.txt,53,Furnessia,New York,DUNDEE,139 pcs. oak lumber-Edmiston & Mitchells 6 cs. bobbins-J. & P. Coats; 254 pcs. oak lumber-J. Kennedy & Co.,Edmiston & Mitchells,2,Jan,1889,12,January,1889,False,standard_dash,0.9,Jan. 2 Furnessia-New York-139 pcs. oak lumber-Edmiston & Mitchells; 6 cs. bobbins-J. & P. Coats; 254 pcs. oak lumber-J. Kennedy & Co.
18890112p.3_p001.txt,58,Telegraphic,Address,DUNDEE,"""MITCHELL,"" LEITH. Telephone No. 458.",,2,Jan,1889,12,January,1889,False,condensed,0.9,"Telegraphic Address—""MITCHELL,"" LEITH. Telephone No. 458."
18890112p.3_p001.txt,65,Caledonian Saw,"mills, Grangemouth, & Kilmarnock Saw",DUNDEE,"mills, Kilmarnock",,2,Jan,1889,12,January,1889,False,condensed,0.9,"Caledonian Saw-mills, Grangemouth, & Kilmarnock Saw-mills, Kilmarnock"
18890112p.3_p001.txt,72,Logs and Veneer of all descriptions. Boards always on hand. Telegraphic,Address,DUNDEE,"""MAHOGANY, GLASGOW.""",,2,Jan,1889,12,January,1889,False,condensed,0.9,"Logs and Veneer of all descriptions. Boards always on hand. Telegraphic Address—""MAHOGANY, GLASGOW."""
18890112p.3_p001.txt,77,Timber Merchants and,Saw,DUNDEE,millers,,2,Jan,1889,12,January,1889,False,condensed,0.9,"Timber Merchants and Saw-millers,"
18890112p.3_p001.txt,83,Grangemouth,Saw,DUNDEE,Mills.,,2,Jan,1889,12,January,1889,False,condensed,0.9,Grangemouth Saw-Mills.
18890112p.34.txt,8,Mod,Drammen,BRISTOL,"59,580 planed boards-Taylor & Low Bros.",Taylor & Low Bros.,3,Jan,1889,12,January,1889,False,standard_dash,0.9,"Jan. 3 Mod-Drammen-59,580 planed boards-Taylor & Low Bros."
18890112p.34.txt,9,San Francisco,Drammen,BRISTOL,"45,459 flooring boards, 2,367 bdls. slating battens-Taylor",Taylor,3,Jan,1889,12,January,1889,False,condensed,0.9,"San Francisco-Drammen-45,459 flooring boards, 2,367 bdls. slating battens-Taylor"
18890112p.34.txt,10,Fremad,Halleta,BRISTOL,"13,464 deals and boards, 66 cubic fms. firewood-Bourne & Grove",Bourne & Grove,3,Jan,1889,12,January,1889,False,condensed,0.9,"Fremad-Halleta-13,464 deals and boards, 66 cubic fms. firewood-Bourne & Grove"
18890112p.34.txt,12,Reaper,Drammen,BRISTOL,"10,073 flooring boards-Coole & Qualtrough",Coole & Qualtrough,4,Jan,1889,12,January,1889,False,standard_dash,0.9,"Jan. 4 Reaper-Drammen-10,073 flooring boards-Coole & Qualtrough"
18890112p.34.txt,14,Dordogne,Bordeaux,BRISTOL,"800 lds. pitwood-Watts Ward, & Co.","Watts Ward, & Co.",1,Jan,1889,12,January,1889,False,standard_dash,0.9,"Jan. 1 Dordogne-Bordeaux-800 lds. pitwood-Watts Ward, & Co."
18890112p.34.txt,15,Gironde,Bordeaux,BRISTOL,700 lds. pitwood-Simkin,Simkin,1,Jan,1889,12,January,1889,False,condensed,0.9,Gironde-Bordeaux-700 lds. pitwood-Simkin
18890112p.34.txt,16,Roxburgh,Bordeaux,BRISTOL,800 lds. pitwood-Watts,Watts,2,Jan,1889,12,January,1889,False,condensed,0.9,2 Roxburgh-Bordeaux-800 lds. pitwood-Watts
18890112p.34.txt,17,Helsinger,Bordeaux,BRISTOL,938 lds. pitwood-Simkin Bros.,Simkin Bros.,3,Jan,1889,12,January,1889,False,condensed,0.9,3 Helsinger -Bordeaux-938 lds. pitwood-Simkin Bros.
18890112p.34.txt,18,Joseph,Bordeaux,BRISTOL,"1,150 lds. pitwood-Simkin Bros.",Simkin Bros.,1,Jan,1889,12,January,1889,False,condensed,0.9,"St. Joseph-Bordeaux-1,150 lds. pitwood-Simkin Bros."
18890112p.34.txt,19,Adour,Bayonne,BRISTOL,"1,100 lds. pitwood-A. Capelle",A. Capelle,1,Jan,1889,12,January,1889,True,condensed,0.9,"Adour (s)-Bayonne-1,100 lds. pitwood-A. Capelle"
18890112p.34.txt,20,Valin,Bayonne,BRISTOL,800 lds. pitwood-Watts,Watts,5,Jan,1889,12,January,1889,False,condensed,0.9,5 Valin-Bayonne-800 lds. pitwood-Watts
18890112p.34.txt,21,Hans Krohn,Bordeaux,BRISTOL,"1,141 lds. pitwood-Simkin Bros.",Simkin Bros.,5,Jan,1889,12,January,1889,False,condensed,0.9,"Hans Krohn-Bordeaux-1,141 lds. pitwood-Simkin Bros."
18890112p.34.txt,22,Whitehall,Bordeaux,BRISTOL,"750 lds. pitwood-Watts, Ward, & Co.","Watts, Ward, & Co.",7,Jan,1889,12,January,1889,True,condensed,0.9,"7 Whitehall (s)-Bordeaux-750 lds. pitwood-Watts, Ward, & Co."
18890112p.34.txt,23,Sofna,Bordeaux,BRISTOL,750 lds. pitwood,,7,Jan,1889,12,January,1889,False,condensed,0.9,Sofna-Bordeaux-750 lds. pitwood-Order
18890112p.34.txt,24,Raoul et Madeline,Redon,BRISTOL,250 lds. hewn fir-A. H. Tapson & Co.,A. H. Tapson & Co.,7,Jan,1889,12,January,1889,False,condensed,0.9,Raoul et Madeline-Redon-250 lds. hewn fir-A. H. Tapson & Co.
18890112p.34.txt,26,Star of Hope,Sandarne,BRISTOL,24 lds. firewood-Robert Aldons,Robert Aldons,2,Jan,1889,12,January,1889,False,standard_dash,0.9,Jan. 2 Star of Hope-Sandarne-24 lds. firewood-Robert Aldons
18890112p.34.txt,28,Willem,Harlingen,BRISTOL,"9,243 deals and battens-Whitstable Shipping Co.",Whitstable Shipping Co.,2,Jan,1889,12,January,1889,False,standard_dash,0.9,"Jan. 2 Willem-Harlingen-9,243 deals and battens-Whitstable Shipping Co."
18890112p.34.txt,30,Eutella,"Chatham, N.B.",BRISTOL,"30,078 deals-Barkworth & Spaldin",Barkworth & Spaldin,2,Jan,1889,12,January,1889,False,standard_dash,0.9,"Jan. 2 Eutella-Chatham, N.B.-30,078 deals-Barkworth & Spaldin"
18890112p.34.txt,31,Libertas,Riga,BRISTOL,"26,766 laths-Price & Co.",Price & Co.,7,Jan,1889,12,January,1889,False,condensed,0.9,"7 Libertas-Riga-26,766 laths-Price & Co."
18890112p.34.txt,33,F. W. Jabens,Danzig,GRIMSBY,"750 pcs, oak, 60 sleepers-S. Ellis",S. Ellis,3,Jan,1889,12,January,1889,False,standard_dash,0.9,"Jan. 3 F. W. Jabens-Danzig-750 pcs, oak, 60 sleepers-S. Ellis"
18890112p.34.txt,34,Hevelius,Danzig,GRIMSBY,"6 pcs. hewn fir, 704 pcs. hewn oak-W. Hitzen",W. Hitzen,4,Jan,1889,12,January,1889,False,condensed,0.9,"4 Hevelius-Danzig-6 pcs. hewn fir, 704 pcs. hewn oak-W. Hitzen"
18890112p.34.txt,35,Rebecca,Danzig,GRIMSBY,"268 pcs, hewn fir-Bennetts",Bennetts,3,Jan,1889,12,January,1889,False,condensed,0.9,"Rebecca-Danzig-268 pcs, hewn fir-Bennetts"
18890112p.34.txt,37,Anton,Riga,GRIMSBY,"990 fir sleepers, 2,889 pcs. sawn fir-Lauder & Co.",Lauder & Co.,2,Jan,1889,12,January,1889,False,standard_dash,0.9,"Jan. 2 Anton-Riga-990 fir sleepers, 2,889 pcs. sawn fir-Lauder & Co."
18890112p.34.txt,38,Sweden,Gothenburg,GRIMSBY,"9,668 fir battens and boards, 10,000 fir rails, 7,778 fir sleepers, 18,788 fir props, 950 fir poles, 4,568 bdls. laths-T. Barraclough",T. Barraclough,2,Jan,1889,12,January,1889,True,condensed,0.9,"Sweden (s)-Gothenburg-9,668 fir battens and boards, 10,000 fir rails, 7,778 fir sleepers, 18,788 fir props, 950 fir poles, 4,568 bdls. laths-T. Barraclough"
18890112p.34.txt,39,Sinloo,Memel,GRIMSBY,"145,413 oak staves-Pickford",Pickford,3,Jan,1889,12,January,1889,False,condensed,0.9,"3 Sinloo-Memel-145,413 oak staves-Pickford"
18890112p.34.txt,40,Finn,Fredrikshald,GRIMSBY,"27,334 props-Moller",Moller,2,Jan,1889,12,January,1889,False,condensed,0.9,"Finn-Fredrikshald-27,334 props-Moller"
18890112p.34.txt,41,Ida,Soderhamn,GRIMSBY,100 spars-Master,Master,2,Jan,1889,12,January,1889,False,condensed,0.9,Ida-Soderhamn-100 spars-Master
18890112p.34.txt,42,Charlaw,Riga,GRIMSBY,"67,414 deals and boards-May & Hassell",May & Hassell,4,Jan,1889,12,January,1889,True,condensed,0.9,"4 Charlaw (s)-Riga-67,414 deals and boards-May & Hassell"
18890112p.34.txt,43,Emanuel,Bergqvara,GRIMSBY,"5,077 props-Nilson",Nilson,4,Jan,1889,12,January,1889,False,condensed,0.9,"Emanuel-Bergqvara-5,077 props-Nilson"
18890112p.34.txt,44,Gipsy Queen,Gothenburg,GRIMSBY,"8,911 props, 13,228 fir battens-T. Barraclough",T. Barraclough,7,Jan,1889,12,January,1889,True,condensed,0.9,"7 Gipsy Queen (s)-Gothenburg-8,911 props, 13,228 fir battens-T. Barraclough"
18890112p.34.txt,45,Charles,Gustafshamn,GRIMSBY,"2,283 spars, 20 lds. firewood-C. A. Forslind & Co.",C. A. Forslind & Co.,7,Jan,1889,12,January,1889,False,condensed,0.9,"Charles-Gustafshamn-2,283 spars, 20 lds. firewood-C. A. Forslind & Co."
18890112p.34.txt,47,Sappho,Riga,GRIMSBY,"37 fms. firewood, 14,181 deals",,3,Jan,1889,12,January,1889,True,standard_dash,0.9,"Jan. 3 Sappho (s)-Riga-37 fms. firewood, 14,181 deals-Order"
18890112p.34.txt,48,Thurso,Gothenburg,GRIMSBY,"948 pcs. wood-T. W. Allen 10,667 props-C. Wells & Co. ; 1,000 bdls. laths-Heaven & Kesterton ; 5,499 props-Pope & Pearson ; 9,927 props-Order",T. W. Allen,3,Jan,1889,12,January,1889,True,condensed,0.9,"Thurso (s)-Gothenburg-948 pcs. wood-T. W. Allen ; 10,667 props-C. Wells & Co. ; 1,000 bdls. laths-Heaven & Kesterton ; 5,499 props-Pope & Pearson ; 9,927 props-Order"
18890112p.34.txt,49,Malvina Wendt,Westervik,GRIMSBY,"6,320 pit props-Pyman, Bell, & Co. 7,418 pit props-Order","Pyman, Bell, & Co.",3,Jan,1889,12,January,1889,False,condensed,0.9,"Malvina Wendt-Westervik-6,320 pit props-Pyman, Bell, & Co. ; 7,418 pit props-Order"
18890112p.34.txt,50,Arla,Westervik,GRIMSBY,"32,908 pit-props-Order",props-Order,3,Jan,1889,12,January,1889,True,condensed,0.9,"Arla (s)-Westervik-32,908 pit-props-Order"
18890112p.34.txt,51,Flamingo,Hamburg,GRIMSBY,121 pcs. wood-Wilson,Wilson,7,Jan,1889,12,January,1889,True,condensed,0.9,7 Flamingo(s)-Hamburg-121 pcs. wood-Wilson
18890112p.34.txt,52,Seagull,Rotterdam,GRIMSBY,800 pkgs. hoops,,8,Jan,1889,12,January,1889,True,condensed,0.9,8 Seagull (s)-Rotterdam-800 pkgs. hoops-Order
18890112p.34.txt,53,Malmo,Gothenburg,GRIMSBY,"2 bgs. wood, 12,525 props-Wilson, Sons, & Co. 6,232 props-H. Smith & Co. ; 1,153 props-Pope & Co.","Wilson, Sons, & Co.",8,Jan,1889,12,January,1889,True,condensed,0.9,"Malmo (s)-Gothenburg-2 bgs. wood, 12,525 props-Wilson, Sons, & Co. ; 6,232 props-H. Smith & Co. ; 1,153 props-Pope & Co."
18890112p.34.txt,54,Leif,Christiania,GRIMSBY,"1,645 pcs. timber, 4,547 props",,8,Jan,1889,12,January,1889,True,condensed,0.9,"Leif (s)-Christiania-1,645 pcs. timber, 4,547 props-Order"
18890112p.34.txt,55,Orlando,Gothenburg,GRIMSBY,"1,289 props-Smith",Smith,9,Jan,1889,12,January,1889,True,condensed,0.9,"9 Orlando (s)-Gothenburg-1,289 props-Smith"
18890112p.34.txt,56,Rollo,Christiania,GRIMSBY,"1,007 pcs. timber-Wilson, Sons, & Co. 384 props-Haagensen, Watt, & Co. ; 429 battens, 567 props-Heaven & Kesterton","Wilson, Sons, & Co.",9,Jan,1889,12,January,1889,True,condensed,0.9,"Rollo (s)-Christiania-1,007 pcs. timber-Wilson, Sons, & Co. ; 384 props-Haagensen, Watt, & Co. ; 429 battens, 567 props-Heaven & Kesterton"
18890112p.34.txt,57,Eastwood,Riga,GRIMSBY,"35,437 battens",,9,Jan,1889,12,January,1889,False,condensed,0.9,"Eastwood-Riga-35,437 battens-Order"
18890112p.34.txt,58,Cato,Stettin,GRIMSBY,"4,490 props",,9,Jan,1889,12,January,1889,False,condensed,0.9,"Cato-Stettin-4,490 props-Order"
18890112p.34.txt,59,Colorado,New York,GRIMSBY,"6,002 bdls. staves, 14 cs. handles-Wilson, Sons, & Co.","Wilson, Sons, & Co.",9,Jan,1889,12,January,1889,False,condensed,0.9,"Colorado-New York-6,002 bdls. staves, 14 cs. handles-Wilson, Sons, & Co."
18890112p.34.txt,61,Istrian,Boston,LIVERPOOL,"600 bt. and 4,800 new staves-Hattley Hay",Hattley Hay,4,Jan,1889,12,January,1889,True,standard_dash,0.9,"Jan. 4 Istrian (s)-Boston-600 bt. and 4,800 new staves-Hattley Hay"
18890112p.34.txt,62,Grecia,New Orleans,LIVERPOOL,"201 blocks, 4,200 staves",,4,Jan,1889,12,January,1889,True,condensed,0.9,"Grecia (s)-New Orleans-201 blocks, 4,200 staves-Order"
18890112p.34.txt,63,Moray,Newport News,LIVERPOOL,"2,273 boat oars-J. Gardner & Sons",J. Gardner & Sons,4,Jan,1889,12,January,1889,True,condensed,0.9,"Moray (s)-Newport News-2,273 boat oars-J. Gardner & Sons"
18890112p.34.txt,65,Lake Ontario,New York,LIVERPOOL,"8 cs. handles-Welsh & Lea 2,407 bdls. staves, 349 bdls. headings-Sutherland, Innes, & Co. ; 407 bdls. picksticks-Finney & Falter",Welsh & Lea,4,Jan,1889,12,January,1889,True,condensed,0.9,"Lake Ontario (s)-New York-8 cs. handles-Welsh & Lea ; 2,407 bdls. staves, 349 bdls. headings-Sutherland, Innes, & Co. ; 407 bdls. picksticks-Finney & Falter"
18890112p.34.txt,66,Aristides,Krageroe,LIVERPOOL,"4,277 pcs. mining timber, 2,901 props-Brodersen & Co.",Brodersen & Co.,4,Jan,1889,12,January,1889,False,condensed,0.9,"Aristides-Krageroe-4,277 pcs. mining timber, 2,901 props-Brodersen & Co."
18890112p.34.txt,67,Peruvian,Baltimore,LIVERPOOL,"326 oak planks-R. Coltart & Co. 1 1/2 cars staves-J. H. Burrell & Co. ; 5,472 staves-Farnworth & Jardine ; 288 oak planks-Order",R. Coltart & Co.,4,Jan,1889,12,January,1889,True,condensed,0.9,"Peruvian (s)-Baltimore-326 oak planks-R. Coltart & Co. ; 1 1/2 cars staves-J. H. Burrell & Co. ; 5,472 staves-Farnworth & Jardine ; 288 oak planks-Order"
18890112p.34.txt,68,Egret,Rotterdam,LIVERPOOL,"4,220 bdls. hoops",,4,Jan,1889,12,January,1889,True,condensed,0.9,"Egret (s)-Rotterdam-4,220 bdls. hoops-Order"
18890112p.34.txt,69,Saga,Grimstad,LIVERPOOL,"6,882 pcs. mining timber-Brodersen, Vaughan, & Co.","Brodersen, Vaughan, & Co.",4,Jan,1889,12,January,1889,False,condensed,0.9,"Saga-Grimstad-6,882 pcs. mining timber-Brodersen, Vaughan, & Co."
18890112p.34.txt,70,Catalonia,Boston,LIVERPOOL,"7,200 staves-Drysdale",Drysdale,4,Jan,1889,12,January,1889,True,condensed,0.9,"Catalonia (s)-Boston-7,200 staves-Drysdale"
18890112p.34.txt,71,Baltimore,Baltimore,LIVERPOOL,"1,659 pcs. oak lumber, 4,450 staves-E. Alcott 235 pcs. oak lumber-R. Coltart & Co. ; 5,679 hhd. and 17,334 brl. staves, 165 planks-Order",E. Alcott,4,Jan,1889,12,January,1889,True,condensed,0.9,"Baltimore (s)-Baltimore-1,659 pcs. oak lumber, 4,450 staves-E. Alcott ; 235 pcs. oak lumber-R. Coltart & Co. ; 5,679 hhd. and 17,334 brl. staves, 165 planks-Order"
18890112p.34.txt,72,Uno,Gothenburg,LIVERPOOL,"50,575 pit props, 9,246 pit poles, 2,386 pcs. mining timber-Osbeck",Osbeck,4,Jan,1889,12,January,1889,True,condensed,0.9,"Uno (s)-Gothenburg-50,575 pit props, 9,246 pit poles, 2,386 pcs. mining timber-Osbeck"
18890112p.34.txt,73,Dyza,Tvedestrand,LIVERPOOL,"3,386 pcs. mining timber, 3,654 props-Brodersen, Vaughan, & Co.","Brodersen, Vaughan, & Co.",4,Jan,1889,12,January,1889,False,condensed,0.9,"Dyza-Tvedestrand-3,386 pcs. mining timber, 3,654 props-Brodersen, Vaughan, & Co."
18890112p.34.txt,74,Bostonian,Boston,LIVERPOOL,"10,438 staves-Hay",Hay,4,Jan,1889,12,January,1889,True,condensed,0.9,"Bostonian (s)-Boston-10,438 staves-Hay"
18890112p.34.txt,75,Celtic,New York,LIVERPOOL,"2,440 pcs. lumber-Whiteside, Johns, & Co. 2 crts. wood-Hooper & Co. ; 1,600 staves-Hattley Hay ; 105 crts. blocks, 23 cs. spokes-Order","Whiteside, Johns, & Co.",4,Jan,1889,12,January,1889,True,condensed,0.9,"Celtic (s)-New York-2,440 pcs. lumber-Whiteside, Johns, & Co. ; 2 crts. wood-Hooper & Co. ; 1,600 staves-Hattley Hay ; 105 crts. blocks, 23 cs. spokes-Order"
18890112p.34.txt,76,Norseman,Boston,LIVERPOOL,"7,000 staves-Hay",Hay,4,Jan,1889,12,January,1889,True,condensed,0.9,"Norseman (s)-Boston-7,000 staves-Hay"
18890112p.34.txt,77,Lake Nepigon,"Norfolk, Va.",LIVERPOOL,"2,000 staves-Farnworth & Jardine",Farnworth & Jardine,4,Jan,1889,12,January,1889,True,condensed,0.9,"Lake Nepigon (s)-Norfolk, Va.-2,000 staves-Farnworth & Jardine"
18890112p.34.txt,78,Cephalonia,Boston,LIVERPOOL,"7,800 staves-Drysdale",Drysdale,4,Jan,1889,12,January,1889,True,condensed,0.9,"Cephalonia (s)-Boston-7,800 staves-Drysdale"
18890112p.34.txt,79,Parisian,Portland,LIVERPOOL,"100 cs. splints-J. H. Burrell & Co. 62 cs. splints-S. Osborne & Co. ; 321 cs. splints-Collard, Rendall, & Co.",J. H. Burrell & Co.,4,Jan,1889,12,January,1889,True,condensed,0.9,"Parisian (s)-Portland-100 cs. splints-J. H. Burrell & Co. ; 62 cs. splints-S. Osborne & Co. ; 321 cs. splints-Collard, Rendall, & Co."
18890112p.34.txt,80,Mentmore,Baltimore,LIVERPOOL,"301 pcs. oak lumber-R. Coltart & Co. 828 pcs. oak lumber-Churchill & Sim ; 85 pcs. oak lumber-Farnworth & Jardine ; 22,878 staves-Order",R. Coltart & Co.,4,Jan,1889,12,January,1889,True,condensed,0.9,"Mentmore (s)-Baltimore-301 pcs. oak lumber-R. Coltart & Co. ; 828 pcs. oak lumber-Churchill & Sim ; 85 pcs. oak lumber-Farnworth & Jardine ; 22,878 staves-Order"
18890112p.34.txt,81,Servia,New York,LIVERPOOL,"3,600 staves",,4,Jan,1889,12,January,1889,True,condensed,0.9,"Servia (s)-New York-3,600 staves-Order"
18890112p.34.txt,82,Endrick,"St. John, N.B.",LIVERPOOL,"9,205 deals and battens, 118 scantlings, 1,101 deal ends",,4,Jan,1889,12,January,1889,False,condensed,0.9,"Endrick-St. John, N.B.-9,205 deals and battens, 118 scantlings, 1,101 deal ends-Order"
18890112p.34.txt,83,Costa Rican,New Orleans,LIVERPOOL,"3,600 staves",,4,Jan,1889,12,January,1889,False,condensed,0.9,"Costa Rican-New Orleans-3,600 staves-Order"
18890112p.34.txt,84,Ohio,New York,LIVERPOOL,"2,770 hhd. staves-Hattley Hay 1,718 bdls. staves, 444 bdls. hoops-Richardson, Spence, & Co.",Hattley Hay,4,Jan,1889,12,January,1889,True,condensed,0.9,"Ohio (s)-New York-2,770 hhd. staves-Hattley Hay ; 1,718 bdls. staves, 444 bdls. hoops-Richardson, Spence, & Co."
18890112p.34.txt,85,Kirstine,Gefle,LIVERPOOL,"399,368 staves, 20,431 laths",,4,Jan,1889,12,January,1889,False,condensed,0.9,"Kirstine-Gefle-399,368 staves, 20,431 laths-Order"
18890112p.34.txt,86,Egyptian,Fiume,LIVERPOOL,110 wainscot logs,,4,Jan,1889,12,January,1889,True,condensed,0.9,Egyptian (s)-Fiume-110 wainscot logs-Order
18890112p.34.txt,87,British King,Philadelphia,LIVERPOOL,"676 pcs. oak lumber-J. Kennedy & Co. 2,600 staves-Drysdale Bros. ; 63 cs. spokes-Order",J. Kennedy & Co.,4,Jan,1889,12,January,1889,True,condensed,0.9,"British King (s)-Philadelphia-676 pcs. oak lumber-J. Kennedy & Co. ; 2,600 staves-Drysdale Bros. ; 63 cs. spokes-Order"
18890112p.34.txt,90,Flown,Danzig,LONDON,"13,063 oak staves-Churchill & Sim",Churchill & Sim,3,Jan,1889,12,January,1889,False,condensed,0.9,"3 Flown-Danzig-13,063 oak staves-Churchill & Sim"
18890112p.34.txt,91,Garibaldi,Sundswall,LONDON,223 fms. firewood-R. H. Dahl & Co.,R. H. Dahl & Co.,3,Jan,1889,12,January,1889,False,condensed,0.9,Garibaldi-Sundswall-223 fms. firewood-R. H. Dahl & Co.
18890112p.34.txt,92,Wilhelmine Waitz Van Exhen,Memel,LONDON,"161 oak staves, 368 sleeper blocks, 658 pcs. oak",,3,Jan,1889,12,January,1889,False,condensed,0.9,"Wilhelmine Waitz Van Exhen-Memel-161 oak staves, 368 sleeper blocks, 658 pcs. oak-Order"
18890112p.34.txt,93,Sylvia,Drammen,LONDON,"50,733 boards, &c.-Dahl",Dahl,3,Jan,1889,12,January,1889,False,condensed,0.9,"Sylvia-Drammen-50,733 boards, &c.-Dahl"
18890112p.34.txt,94,Dora,Sundswall,LONDON,231 fms. firewood-R. Dahl,R. Dahl,3,Jan,1889,12,January,1889,False,condensed,0.9,Dora-Sundswall-231 fms. firewood-R. Dahl
18890112p.34.txt,95,Cecil,Sundswall,LONDON,380 fms. firewood-Glover,Glover,3,Jan,1889,12,January,1889,False,condensed,0.9,Cecil-Sundswall-380 fms. firewood-Glover
18890112p.34.txt,96,August and Marie,Memel,LONDON,"47,445 oak staves",,3,Jan,1889,12,January,1889,False,condensed,0.9,"August and Marie-Memel-47,445 oak staves-Order"
18890112p.34.txt,97,Penelope,Riga,LONDON,"1,482 deal ends",,3,Jan,1889,12,January,1889,True,condensed,0.9,"Penelope (s)-Riga-1,482 deal ends-Order"
18890112p.34.txt,98,Pica,Memel,LONDON,"1,240 staves",,3,Jan,1889,12,January,1889,False,condensed,0.9,"Pica-Memel-1,240 staves-Order"
18890112p.34.txt,99,Botnia,Fredrikstad,LONDON,"18 packing cases, 34,723 bdls. boxwood, 184,588 flooring boards",,3,Jan,1889,12,January,1889,True,condensed,0.9,"Botnia (s)-Fredrikstad-18 packing cases, 34,723 bdls. boxwood, 184,588 flooring boards-Order"
18890112p.34.txt,101,Saxon,Stockholm,LONDON,"1,360 doors-J. Stewart 617 doors, 90 cs. trellis, 1,068 cs. mouldings-J. Smith & Co. ; 2,139 bdls., 217 cs. mouldings, 36 bdls., 1,964 no. doors, 102 bdls. shutter laths-H. Smyth",J. Stewart,4,Jan,1889,12,January,1889,True,condensed,0.9,"4 Saxon (s)-Stockholm-1,360 doors-J. Stewart ; 617 doors, 90 cs. trellis, 1,068 cs. mouldings-J. Smith & Co. ; 2,139 bdls., 217 cs. mouldings, 36 bdls., 1,964 no. doors, 102 bdls. shutter laths-H. Smyth"
18890112p.34.txt,102,Albano,Christiania,LONDON,"426 bgs blocks-J. Keen 260 bdls. box boards-J. Terry & Co. ; 3,062 bdls. box boards-Nicks & Penton ; 3,512 floorings-A. Kallevig ; 1,100 bdls. box boards, 4,000 bdls. staves-Order",J. Keen,4,Jan,1889,12,January,1889,True,condensed,0.9,"Albano (s)-Christiania-426 bgs blocks-J. Keen ; 260 bdls. box boards-J. Terry & Co. ; 3,062 bdls. box boards-Nicks & Penton ; 3,512 floorings-A. Kallevig ; 1,100 bdls. box boards, 4,000 bdls. staves-Order"
18890112p.34.txt,103,Rowena,Riga,LONDON,"5,615 pcs. lathwood-Langford",Langford,4,Jan,1889,12,January,1889,True,condensed,0.9,"Rowena (s)-Riga-5,615 pcs. lathwood-Langford"
18890112p.34.txt,104,Hele,Gothenburg,LONDON,"80 bdls. doors, 73 cs. sashes, 100 bdls. trellis, 292 cs. mouldings-Hunt, Lauthers, & Co. 459 doors, 21 bdls. trellis, 17 bdls. mouldings-J. Sandell & Co. ; 15 bgs. wood-Maxime & Co. ; 16 bgs. wood-J. W. Uloth & Co. ; 2,000 bdls. laths, 1,176 bdls. mouldings, 6 cs. balusters-Foy, Morgan, & Co. ; 470 pcs. timber-Pat. Lath Syn. Co. ; 50 prs. oars-Order","Hunt, Lauthers, & Co.",4,Jan,1889,12,January,1889,True,condensed,0.9,"Hele (s)-Gothenburg-80 bdls. doors, 73 cs. sashes, 100 bdls. trellis, 292 cs. mouldings-Hunt, Lauthers, & Co. ; 459 doors, 21 bdls. trellis, 17 bdls. mouldings-J. Sandell & Co. ; 15 bgs. wood-Maxime & Co. ; 16 bgs. wood-J. W. Uloth & Co. ; 2,000 bdls. laths, 1,176 bdls. mouldings, 6 cs. balusters-Foy, Morgan, & Co. ; 470 pcs. timber-Pat. Lath Syn. Co. ; 50 prs. oars-Order"
18890112p.34.txt,105,Dewdrop,Riga,LONDON,"1,902 battens",,4,Jan,1889,12,January,1889,True,condensed,0.9,"Dewdrop (s)-Riga-1,902 battens-Order"
18890112p.34.txt,106,Earl King,New Orleans,LONDON,"2,587 staves",,4,Jan,1889,12,January,1889,True,condensed,0.9,"Earl King (s)-New Orleans-2,587 staves-Order"
18890112p.34.txt,107,Envoy,Trieste,LONDON,"6,000 oak staves-G. Gaffinel",G. Gaffinel,4,Jan,1889,12,January,1889,False,condensed,0.9,"Envoy-Trieste-6,000 oak staves-G. Gaffinel"
18890112p.34.txt,109,Albatross,Bremen,LONDON,"1,263 beech planks",,8,Jan,1889,12,January,1889,True,condensed,0.9,"8 Albatross (s)-Bremen-1,263 beech planks-Order"
18890112p.34.txt,111,Gyda,Sundswall,LONDON,"195 fms. firewood-With, Webster, & Co.","With, Webster, & Co.",3,Jan,1889,12,January,1889,False,condensed,0.9,"3 Gyda-Sundswall-195 fms. firewood-With, Webster, & Co."
18890112p.34.txt,113,Soldier Prince,Riga,LONDON,"1,136 sleepers, 5,093 sleeper blocks, 6,000 half-sleepers-Order",sleepers-Order,9,Jan,1889,12,January,1889,True,condensed,0.9,"9 Soldier Prince (s)-Riga-1,136 sleepers, 5,093 sleeper blocks, 6,000 half-sleepers-Order"
18890112p.34.txt,115,Edmund,Carlscrona,LONDON,"599,382 staves",,3,Jan,1889,12,January,1889,False,standard_dash,0.9,"Jan. 3 Edmund-Carlscrona-599,382 staves-Order"
18890112p.34.txt,117,Hermann,Carlscrona,LONDON,"688,383 staves",,4,Jan,1889,12,January,1889,False,standard_dash,0.9,"Jan. 4 Hermann-Carlscrona-688,383 staves-Order"
18890112p.34.txt,119,Moss Rose,Oaen,LONDON,90 lds. timber,,8,Jan,1889,12,January,1889,False,standard_dash,0.9,Jan. 8 Moss Rose-Oaen-90 lds. timber-Order
18890112p.34.txt,120,Brunette,Danzig,LONDON,"18,440 oak staves-Churchill",Churchill,9,Jan,1889,12,January,1889,False,condensed,0.9,"9 Brunette-Danzig-18,440 oak staves-Churchill"
18890112p.34.txt,122,Louise,Passages,LONDON,"632 pcs. sawn fir, 411 deals-Owners of Middlesbrough Estate",Owners of Middlesbrough Estate,1,Jan,1889,12,January,1889,False,standard_dash,0.9,"Jan. 1 Louise-Passages-632 pcs. sawn fir, 411 deals-Owners of Middlesbrough Estate"
18890112p.34.txt,124,Finnoid,Christianand,NEWPORT,"193 lds. mining timber, 15 lds. pit props-R. Gething & Co.",R. Gething & Co.,3,Jan,1889,12,January,1889,False,standard_dash,1.0,"Jan. 3 Finnoid-Christianand-193 lds. mining timber, 15 lds. pit props-R. Gething & Co."
18890112p.34.txt,125,Tremgang,Grimstad,NEWPORT,"5,322 pcs. mining timber, 15 lds. fir deals, 3 lds. sawn fir-Newport Wood Co.",Newport Wood Co.,4,Jan,1889,12,January,1889,False,condensed,1.0,"4 Tremgang-Grimstad-5,322 pcs. mining timber, 15 lds. fir deals, 3 lds. sawn fir-Newport Wood Co."
18890112p.34.txt,126,Columbus,Riga,NEWPORT,"9,075 battens and batten ends, 12,602 pcs. lathwood, 405 pcs. hewn fir-Nicholas & Co.",Nicholas & Co.,5,Jan,1889,12,January,1889,False,condensed,1.0,"5 Columbus-Riga-9,075 battens and batten ends, 12,602 pcs. lathwood, 405 pcs. hewn fir-Nicholas & Co."
18890112p.34.txt,127,Italia,Stettin,NEWPORT,"25 lds. lathwood, 240 lds. hewn fir-G. W. Jones, & Co.","G. W. Jones, & Co.",7,Jan,1889,12,January,1889,False,condensed,1.0,"7 Italia-Stettin-25 lds. lathwood, 240 lds. hewn fir-G. W. Jones, & Co."
18890112p.34.txt,128,Condor,Bordeaux,NEWPORT,"550 lds. pitwood-Newport, Mon., Pitwood Co.","Newport, Mon., Pitwood Co.",3,Jan,1889,12,January,1889,False,condensed,0.9,"Condor-Bordeaux-550 lds. pitwood-Newport, Mon., Pitwood Co."
18890112p.34.txt,130,Agnes,Stettin,NEWPORT,45 pcs. hewn fir-R. & R. Bayly,R. & R. Bayly,1,Jan,1889,12,January,1889,False,standard_dash,0.9,Jan. 1 Agnes-Stettin-45 pcs. hewn fir-R. & R. Bayly
18890112p.34.txt,131,Heinrich Emma,Riga,NEWPORT,"18,987 pcs. lathwood-Fox, Elliott, & Co.","Fox, Elliott, & Co.",1,Jan,1889,12,January,1889,False,condensed,0.9,"Heinrich Emma-Riga-18,987 pcs. lathwood-Fox, Elliott, & Co."
18890112p.34.txt,132,Flosta,Christiania,NEWPORT,"241,674 pcs. sawn fir, 726 fir spars-James Bros. & Co.",James Bros. & Co.,1,Jan,1889,12,January,1889,False,condensed,0.9,"Flosta-Christiania-241,674 pcs. sawn fir, 726 fir spars-James Bros. & Co."
18890112p.34.txt,133,Felix,Archangel,NEWPORT,404 lds. sawn fir-Weekes,Weekes,3,Jan,1889,12,January,1889,False,condensed,0.9,3 Felix-Archangel-404 lds. sawn fir-Weekes
18890112p.34.txt,134,Johanna,Danzig,NEWPORT,"1,225 pcs. hewn fir-R. & R. Bayly 227 pcs. hewn fir-Harris & Co.",R. & R. Bayly,4,Jan,1889,12,January,1889,False,condensed,0.9,"4 Johanna-Danzig-1,225 pcs. hewn fir-R. & R. Bayly ; 227 pcs. hewn fir-Harris & Co."
18890112p.34.txt,135,Eglantine,Hernossand,NEWPORT,410 lds. firewood-E. Marshall,E. Marshall,4,Jan,1889,12,January,1889,False,condensed,0.9,Eglantine-Hernossand-410 lds. firewood-E. Marshall
18890112p.34.txt,137,Boline Marie,Gefle,NEWPORT,"6,238 deals, battens, and boards-A. Winter & Son",A. Winter & Son,1,Jan,1889,12,January,1889,False,standard_dash,0.9,"Jan. 1 Boline Marie-Gefle-6,238 deals, battens, and boards-A. Winter & Son"
18890112p.34.txt,139,Hill,Dalkarlsa,NEWPORT,"2,150 pcs. hewn fir, 224 fir deals, 4 lds. firewood-Robert Cowley",Robert Cowley,4,Jan,1889,12,January,1889,False,standard_dash,0.9,"Jan. 4 Hill-Dalkarlsa-2,150 pcs. hewn fir, 224 fir deals, 4 lds. firewood-Robert Cowley"
18890112p.34.txt,140,Kvik,Kemi,NEWPORT,"4,154 deals and battens-Cowell",Cowell,4,Jan,1889,12,January,1889,False,condensed,0.9,"Kvik-Kemi-4,154 deals and battens-Cowell"
18890112p.34.txt,142,Sotlomster,Kotka,NEWPORT,"937,631 fir staves-Burham Brick, Lime, and Cement Co.","Burham Brick, Lime, and Cement Co.",5,Jan,1889,12,January,1889,False,standard_dash,0.9,"Jan. 5 Sotlomster-Kotka-937,631 fir staves-Burham Brick, Lime, and Cement Co."
18890112p.34.txt,144,Goethe,Danzig,NEWPORT,"727 pcs. hewn fir, 411 pcs fir lathwood-Driver",Driver,2,Jan,1889,12,January,1889,False,standard_dash,0.9,"Jan. 2 Goethe-Danzig-727 pcs. hewn fir, 411 pcs fir lathwood-Driver"
18890112p.34.txt,146,Trakfuglen,Christiania,NEWPORT,"11,635 fir spars, 6,000 fir sleepers-Marquis of Londonderry",Marquis of Londonderry,1,Jan,1889,12,January,1889,False,standard_dash,0.9,"Jan. 1 Trakfuglen-Christiania-11,635 fir spars, 6,000 fir sleepers-Marquis of Londonderry"
18890112p.34.txt,147,Thyra,Carlskrona,NEWPORT,"24,624 birch props, 490 pitchel, Pedersen, & Co.",,1,Jan,1889,12,January,1889,False,condensed,0.9,"2 Thyra-Carlskrona-24,624 birch props, 490 pitchel, Pedersen, & Co."
18890112p.34.txt,149,Norley,Nantes,NEWPORT,93 lds. pitwood-W. Bevan & Co.,W. Bevan & Co.,2,Jan,1889,12,January,1889,True,standard_dash,0.9,Jan. 2 Norley (s)-Nantes-93 lds. pitwood-W. Bevan & Co.
18890112p.34.txt,150,Concordia,Drammen,NEWPORT,"28,439 fir boards, 91 fir spars-Marcus Moxham & Co.",Marcus Moxham & Co.,5,Jan,1889,12,January,1889,False,condensed,0.9,"5 Concordia-Drammen-28,439 fir boards, 91 fir spars-Marcus Moxham & Co."
18890112p.34.txt,151,Magnhild,Amsterdam,NEWPORT,30 lds. sawn wood-Thos. Ford & Co.,Thos. Ford & Co.,2,Jan,1889,12,January,1889,False,condensed,0.9,Magnhild-Amsterdam-30 lds. sawn wood-Thos. Ford & Co.
18890112p.34.txt,153,Express,Gefle,TYNE,"31,662 deals, battens, and boards",,2,Jan,1889,12,January,1889,False,standard_dash,1.0,"Jan. 2 Express-Gefle-31,662 deals, battens, and boards-Order"
18890112p.34.txt,154,Mexico,Stockholm,TYNE,"22,114 deals, battens, and boards",,2,Jan,1889,12,January,1889,False,condensed,1.0,"Mexico-Stockholm-22,114 deals, battens, and boards-Order"
18890112p.34.txt,155,Odin,Christiania,TYNE,50 lds. mining timber,,2,Jan,1889,12,January,1889,True,condensed,1.0,Odin (s)-Christiania-50 lds. mining timber-Order
18890112p.34.txt,156,Effective,New York,TYNE,"1,043 pcs. oak timber-C. Furness 792 handspikes, 31 bdls. oars, 12 bdls. oars, 417 handles-Order",C. Furness,3,Jan,1889,12,January,1889,True,condensed,1.0,"3 Effective (s)-New York-1,043 pcs. oak timber-C. Furness ; 792 handspikes, 31 bdls. oars, 12 bdls. oars, 417 handles-Order"
18890112p.34.txt,157,Gwent,Drontheim,TYNE,"17,056 deals, battens, and boards",,7,Jan,1889,12,January,1889,True,condensed,0.9,"7 Gwent (s)-Drontheim-17,056 deals, battens, and boards-Order"
18890112p.34.txt,158,Ariadne,Memel,TYNE,"7,100 deals, 533 deal ends-A. Hood & Co.",A. Hood & Co.,7,Jan,1889,12,January,1889,False,condensed,0.9,"Ariadne-Memel-7,100 deals, 533 deal ends-A. Hood & Co."
18890112p.34.txt,159,Ceres,Uddevalla,TYNE,"11,965 pit props-Osbeck",Osbeck,7,Jan,1889,12,January,1889,False,condensed,0.9,"Ceres-Uddevalla-11,965 pit props-Osbeck"
18890112p.34.txt,160,Hugin,Fredrikshald,TYNE,240 lds. birch props,,7,Jan,1889,12,January,1889,True,condensed,0.9,Hugin (s)-Fredrikshald-240 lds. birch props-220 lds. pit props-Order
18890112p.34.txt,162,Ribnitz,Riga,TYNE,"8,444 deals, battens, and boards, 1,977 pcs. lathwood-Brown & Sons",Brown & Sons,1,Jan,1889,12,January,1889,False,standard_dash,0.9,"Jan. 1 Ribnitz-Riga-8,444 deals, battens, and boards, 1,977 pcs. lathwood-Brown & Sons"
18890112p.34.txt,165,Aurora,Drammen,TYNE,"52,067 fir boards-T. Dixon & Sons",T. Dixon & Sons,1,Jan,1889,12,January,1889,False,standard_dash,0.9,"Jan. 1 Aurora-Drammen-52,067 fir boards-T. Dixon & Sons"
18890112p.34.txt,166,White Head,Riga,TYNE,"2,690 battens, 337 deals-G. Heyn & Sons",G. Heyn & Sons,3,Jan,1889,12,January,1889,False,condensed,0.9,"3 White Head-Riga-2,690 battens, 337 deals-G. Heyn & Sons"
18890112p.34.txt,167,Dartmouth,Rotterdam,TYNE,"2,740 bdls. hoops-J. O. Pinkerton",J. O. Pinkerton,1,Jan,1889,12,January,1889,False,condensed,0.9,"Dartmouth-Rotterdam-2,740 bdls. hoops-J. O. Pinkerton"
18890112p.34.txt,168,Black Head,Riga,TYNE,"9 lds. lathwood, 240 deals-G. Heyn & Sons",G. Heyn & Sons,4,Jan,1889,12,January,1889,False,condensed,0.9,"4 Black Head-Riga-9 lds. lathwood, 240 deals-G. Heyn & Sons"
18890112p.34.txt,170,Ellida,Fredrikstad,DUBLIN,"67,281 flooring boards-Y. & C. Martin",Y. & C. Martin,7,Jan,1889,12,January,1889,False,standard_dash,0.9,"Jan. 7 Ellida-Fredrikstad-67,281 flooring boards-Y. & C. Martin"
18890112p.34.txt,172,Black Head,Riga,LONDONDERRY,50 lds. lathwood-G. Heyn & Sons,G. Heyn & Sons,1,Jan,1889,12,January,1889,True,standard_dash,1.0,Jan. 1 Black Head (s)-Riga-50 lds. lathwood-G. Heyn & Sons
18890112p.34.txt,174,Etta,"St. John, N.B.",LONDONDERRY,"32,853 deals-Wm. Bariler",Wm. Bariler,3,Jan,1889,12,January,1889,False,standard_dash,1.0,"Jan. 3 Etta-St. John, N.B.-32,853 deals-Wm. Bariler"
18890119p.48_p001.txt,8,Commerzienrath Fowler,Memel,BOSTON,"80,086 pcs. sawn fir-Bennetts & Co.",Bennetts & Co.,8,Jan,1889,19,January,1889,True,standard_dash,1.0,"Jan. 8 Commerzienrath Fowler (s)-Memel-80,086 pcs. sawn fir-Bennetts & Co."
18890119p.48_p001.txt,11,Emilie,Riga,BOSTON,"31,289 pcs. wood-Taylor",Taylor,10,Jan,1889,19,January,1889,False,standard_dash,1.0,"Jan. 10 Emilie-Riga-31,289 pcs. wood-Taylor"
18890119p.48_p001.txt,12,Llandaff City,New York,BRISTOL,"1,116 pcs. lumber-B. Perry & Sons 7 cs. spokes-Williams & Bowsher",B. Perry & Sons,10,Jan,1889,19,January,1889,True,condensed,0.9,"Llandaff City (s)-New York-1,116 pcs. lumber-B. Perry & Sons; 7 cs. spokes-Williams & Bowsher"
18890119p.48_p001.txt,13,Fortuna,Hallsta,BRISTOL,"15,595 deals and boards, 44 cubic fathoms firewood-Bourne & Grove",Bourne & Grove,10,Jan,1889,19,January,1889,False,condensed,0.9,"Fortuna-Hallsta-15,595 deals and boards, 44 cubic fathoms firewood-Bourne & Grove"
18890119p.48_p001.txt,14,Ontario,Baltimore,BRISTOL,"7,626 hogshead staves-King Bros.",King Bros.,10,Jan,1889,19,January,1889,True,condensed,0.9,"Ontario (s)-Baltimore-7,626 hogshead staves-King Bros."
18890119p.48_p001.txt,15,Magnolia,Pascagoula,BRISTOL,"139 pcs. hewn pitch pine timber, 991 pcs. sawn pitch pine, 194 deals-King Bros.",King Bros.,10,Jan,1889,19,January,1889,False,condensed,0.9,"Magnolia-Pascagoula-139 pcs. hewn pitch pine timber, 991 pcs. sawn pitch pine, 194 deals-King Bros."
18890119p.48_p001.txt,18,Leone,Arcachon,BRISTOL,170 lds. pitwood,,8,Jan,1889,19,January,1889,False,standard_dash,0.9,Jan. 8 Leone - Arcachon-170 lds. pitwood-Order
18890119p.48_p001.txt,19,Sophie,Bordeaux,BRISTOL,660 lds. pitwood-A. H. Tapson & Co.,A. H. Tapson & Co.,8,Jan,1889,19,January,1889,False,condensed,0.9,Sophie-Bordeaux-660 lds. pitwood-A. H. Tapson & Co.
18890119p.48_p001.txt,20,Garrison,Bordeaux,BRISTOL,"1,000 lds. pitwood-Powley, Thomas, & Co.","Powley, Thomas, & Co.",8,Jan,1889,19,January,1889,True,condensed,0.9,"Garrison (s)-Bordeaux-1,000 lds. pitwood-Powley, Thomas, & Co."
18890119p.48_p001.txt,21,Bertha,Bordeaux,BRISTOL,"645 lds. pitwood-Tellefsen, Wills, & Co.","Tellefsen, Wills, & Co.",8,Jan,1889,19,January,1889,False,condensed,0.9,"Bertha-Bordeaux-645 lds. pitwood-Tellefsen, Wills, & Co."
18890119p.48_p001.txt,22,Wanderer,Bordeaux,BRISTOL,"500 lds. pitwood-Watts, Ward, & Co.","Watts, Ward, & Co.",8,Jan,1889,19,January,1889,False,condensed,0.9,"Wanderer - Bordeaux - 500 lds. pitwood-Watts, Ward, & Co."
18890119p.48_p001.txt,23,Baron Hambro',Bordeaux,BRISTOL,650 lds. pitwood-A. H. Tapson & Co.,A. H. Tapson & Co.,8,Jan,1889,19,January,1889,True,condensed,0.9,Baron Hambro' (s)-Bordeaux-650 lds. pitwood-A. H. Tapson & Co.
18890119p.48_p001.txt,24,Barcan,Bayonne,BRISTOL,"1,100 lds. pitwood-A. Capelle",A. Capelle,9,Jan,1889,19,January,1889,True,condensed,0.9,"9 Barcan (s)-Bayonne-1,100 lds. pitwood-A. Capelle"
18890119p.48_p001.txt,25,Oscar and George,Bordeaux,BRISTOL,550 lds. pitwood-Simkin Bros.,Simkin Bros.,9,Jan,1889,19,January,1889,False,condensed,0.9,Oscar and George-Bordeaux-550 lds. pitwood-Simkin Bros.
18890119p.48_p001.txt,26,Annie,Ferrol,BRISTOL,320 lds. pitwood-Manzanos,Manzanos,9,Jan,1889,19,January,1889,False,condensed,0.9,Annie-Ferrol-320 lds. pitwood-Manzanos
18890119p.48_p001.txt,27,Patrick,Bordeaux,BRISTOL,"750 lds. pitwood-Powley, Thomas, & Co.","Powley, Thomas, & Co.",11,Jan,1889,19,January,1889,False,condensed,0.9,"11 St. Patrick-Bordeaux-750 lds. pitwood-Powley, Thomas, & Co."
18890119p.48_p001.txt,28,Toblastum,Bordeaux,BRISTOL,900 lds. pitwood-A. Capelle,A. Capelle,14,Jan,1889,19,January,1889,False,condensed,0.9,14 Toblastum-Bordeaux-900 lds. pitwood-A. Capelle
18890119p.48_p001.txt,31,Star of Hope,Sandarne,BRISTOL,42 lds. firewood-Robt. Aldous,Robt. Aldous,8,Jan,1889,19,January,1889,False,standard_dash,0.9,Jan. 8 Star of Hope-Sandarne-42 lds. firewood-Robt. Aldous
18890119p.48_p001.txt,34,Anna,Gefle,BRISTOL,"31,867 deals, boards, and battens-Timber Co.",Timber Co.,7,Jan,1889,19,January,1889,False,standard_dash,0.9,"Jan. 7 Anna-Gefle-31,867 deals, boards, and battens-Timber Co."
18890119p.48_p001.txt,37,Tyne,Stettin,BRISTOL,"437 pcs. hewn fir, 300 pcs. oak-Nicks & Co.",Nicks & Co.,8,Jan,1889,19,January,1889,False,standard_dash,0.9,"Jan. 8 Tyne-Stettin-437 pcs. hewn fir, 300 pcs. oak-Nicks & Co."
18890119p.48_p001.txt,38,Lincelles,Stettin,BRISTOL,"74 pcs. hewn fir, 912 pcs. hewn oak-T. Adams & Co.",T. Adams & Co.,9,Jan,1889,19,January,1889,False,condensed,0.9,"9 Lincelles-Stettin-74 pcs. hewn fir, 912 pcs. hewn oak-T. Adams & Co."
18890119p.48_p001.txt,41,River Garry,Danzig,GRIMSBY,"10,000 fir sleepers, 500 pcs. sawn fir-Gabriel & Son",Gabriel & Son,11,Jan,1889,19,January,1889,True,standard_dash,0.9,"Jan. 11 River Garry (s)-Danzig-10,000 fir sleepers, 500 pcs. sawn fir-Gabriel & Son"
18890119p.48_p001.txt,44,Borussia,Danzig,GRIMSBY,"1,890 crossing sleepers, 280 pcs. hewn fir-R. Wade & Co.",R. Wade & Co.,8,Jan,1889,19,January,1889,False,standard_dash,0.9,"Jan. 8 Borussia - Danzig-1,890 crossing sleepers, 280 pcs. hewn fir-R. Wade & Co."
18890119p.48_p001.txt,45,Goteborg,Gothenburg,GRIMSBY,"9,160 props-G. Pyman & Co. 8,031 props-Pearson & Co.; 5,000 props-W. J. Watson & Co.; 19,000 props, 3,836 poles, 3,905 sleepers-Victor Nilsson & Co.",G. Pyman & Co.,8,Jan,1889,19,January,1889,True,condensed,0.9,"Goteborg (s)-Gothenburg-9,160 props-G. Pyman & Co.; 8,031 props-Pearson & Co.; 5,000 props-W. J. Watson & Co.; 19,000 props, 3,836 poles, 3,905 sleepers-Victor Nilsson & Co."
18890119p.48_p001.txt,46,Coral Queen,Gothenburg,GRIMSBY,"14,212 deals and battens, 4,931 props, 657 poles, 270 birch props, 3,050 bdls. laths-T. Barraclough",T. Barraclough,8,Jan,1889,19,January,1889,True,condensed,0.9,"Coral Queen (s)-Gothenburg-14,212 deals and battens, 4,931 props, 657 poles, 270 birch props, 3,050 bdls. laths-T. Barraclough"
18890119p.48_p001.txt,47,Felicia,Calmar,GRIMSBY,"8,028 props-G. Pyman",G. Pyman,8,Jan,1889,19,January,1889,False,condensed,0.9,"Felicia-Calmar-8,028 props-G. Pyman"
18890119p.48_p001.txt,48,Goteborg,Gothenburg,GRIMSBY,"2,020 props-C. Nielsen & Son 12,630 props-G. Horsley",C. Nielsen & Son,10,Jan,1889,19,January,1889,True,condensed,0.9,"10 Goteborg (s)-Gothenburg-2,020 props-C. Nielsen & Son; 12,630 props-G. Horsley"
18890119p.48_p001.txt,49,Nicoline,Falkenberg,GRIMSBY,"4,258 props-Horsley",Horsley,11,Jan,1889,19,January,1889,False,condensed,0.9,"11 Nicoline-Falkenberg-4,258 props-Horsley"
18890119p.48_p001.txt,50,Formok,Soderhamn,GRIMSBY,"27,157 props-V. Nilsson",V. Nilsson,14,Jan,1889,19,January,1889,False,condensed,0.9,"14 Formok-Soderhamn-27,157 props-V. Nilsson"
18890119p.48_p001.txt,51,Frithjof,Warberg,GRIMSBY,"35,744 props-V. Nilsson",V. Nilsson,14,Jan,1889,19,January,1889,False,condensed,0.9,"Frithjof-Warberg-35,744 props-V. Nilsson"
18890119p.48_p001.txt,52,Amor,Halmstad,GRIMSBY,"13,177 props-G. Horsley",G. Horsley,14,Jan,1889,19,January,1889,False,condensed,0.9,"Amor-Halmstad-13,177 props-G. Horsley"
18890119p.48_p001.txt,53,Signe,Halmstad,GRIMSBY,"11,137 props-G. Horsley",G. Horsley,14,Jan,1889,19,January,1889,False,condensed,0.9,"Signe-Halmstad-11,137 props-G. Horsley"
18890119p.48_p001.txt,54,Laly,Christiania,GRIMSBY,"15,800 sleepers-Calder",Calder,14,Jan,1889,19,January,1889,False,condensed,0.9,"Laly-Christiania-15,800 sleepers-Calder"
18890119p.48_p001.txt,55,Ogir,Skien,GRIMSBY,"340 props, 24 pcs. round timber-V. Nilsson & Co.",V. Nilsson & Co.,14,Jan,1889,19,January,1889,False,condensed,0.9,"Ogir-Skien-340 props, 24 pcs. round timber-V. Nilsson & Co."
18890119p.48_p001.txt,56,Eugenie,Skien,GRIMSBY,"400 telegraph poles, 142 pcs. mining timber-R. Wade, Sons, & Co. 2,680 props-V. Nilsson & Co.","R. Wade, Sons, & Co.",14,Jan,1889,19,January,1889,False,condensed,0.9,"Eugenie-Skien-400 telegraph poles, 142 pcs. mining timber-R. Wade, Sons, & Co.; 2,680 props-V. Nilsson & Co."
18890119p.48_p001.txt,57,Algir,Porsgrund,GRIMSBY,"672 telegraph poles-R. Wade, Sons, & Co.","R. Wade, Sons, & Co.",14,Jan,1889,19,January,1889,False,condensed,0.9,"Algir - Porsgrund - 672 telegraph poles-R. Wade, Sons, & Co."
18890119p.48_p001.txt,60,Hildago,Trieste,GRIMSBY,"9 pcs. wood-Wilson, Sons, & Co.","Wilson, Sons, & Co.",10,Jan,1889,19,January,1889,True,standard_dash,0.9,"Jan. 10 Hildago (s)-Trieste-9 pcs. wood-Wilson, Sons, & Co."
18890119p.48_p001.txt,61,Kelso,Danzig,GRIMSBY,"90,000 fir sleepers-Wilson, Sons, & Co.","Wilson, Sons, & Co.",10,Jan,1889,19,January,1889,True,condensed,0.9,"Kelso (s)-Danzig-90,000 fir sleepers-Wilson, Sons, & Co."
18890119p.48_p001.txt,62,Energia,Odessa,GRIMSBY,200 oak logs,,10,Jan,1889,19,January,1889,True,condensed,0.9,Energia (s)-Odessa-200 oak logs-Order
18890119p.48_p001.txt,63,Hero,Gothenburg,GRIMSBY,"3,500 props-Wilson, Sons, & Co. 875 pcs. wood-N.E. Railway Co.","Wilson, Sons, & Co.",12,Jan,1889,19,January,1889,True,condensed,0.9,"12 Hero (s)-Gothenburg-3,500 props-Wilson, Sons, & Co.; 875 pcs. wood-N.E. Railway Co."
18890119p.48_p001.txt,64,Gozo,Riga,GRIMSBY,"4,142 deals",,10,Jan,1889,19,January,1889,True,condensed,0.9,"Gozo (s)-Riga-4,142 deals-Order"
18890119p.48_p001.txt,65,Tiger,Hamburg,GRIMSBY,"3 pcs., 150 bgs. 36 bdls. wood-Wilson, Sons, & Co.","Wilson, Sons, & Co.",10,Jan,1889,19,January,1889,True,condensed,0.9,"Tiger (s)-Hamburg-3 pcs., 150 bgs. 36 bdls. wood-Wilson, Sons, & Co."
18890119p.48_p001.txt,66,Lyoke,Bjorneborg,GRIMSBY,"6,327 deals and battens",,14,Jan,1889,19,January,1889,True,condensed,0.9,"14 Lyoke (s) - Bjorneborg-6,327 deals and battens-Order"
18890119p.48_p001.txt,67,Augusta,Stocks,GRIMSBY,"22,727 props, 800 pcs. mining timber",,14,Jan,1889,19,January,1889,False,condensed,0.9,"Augusta - Stocks - 22,727 props, 800 pcs. mining timber-Order"
18890119p.48_p001.txt,68,Emanuel,Christiansand,GRIMSBY,"8,568 pcs. mining timber, 1,288 props",,14,Jan,1889,19,January,1889,False,condensed,0.9,"Emanuel-Christiansand-8,568 pcs. mining timber, 1,288 props-Order"
18890119p.48_p001.txt,69,Domino,Drontheim,GRIMSBY,"2,837 boards-Thornham, Reynoldson, & Co.","Thornham, Reynoldson, & Co.",14,Jan,1889,19,January,1889,True,condensed,0.9,"Domino (s)-Drontheim-2,837 boards-Thornham, Reynoldson, & Co."
18890119p.48_p001.txt,71,Betty,Christiansand,GRIMSBY,"4,396 pcs. mining timber, 1,426 pit props",,15,Jan,1889,19,January,1889,False,condensed,0.9,"15 Betty-Christiansand-4,396 pcs. mining timber, 1,426 pit props-Order"
18890119p.48_p001.txt,72,Galileo,New York,GRIMSBY,"1,800 staves-Wilson",Wilson,15,Jan,1889,19,January,1889,True,condensed,0.9,"Galileo (s)-New York-1,800 staves-Wilson"
18890119p.48_p001.txt,73,Romeo,Gothenburg,GRIMSBY,"2,483 props, 2,000 sleepers-Wilson, Sons, & Co. 1,600 bdls. laths-Order","Wilson, Sons, & Co.",15,Jan,1889,19,January,1889,True,condensed,0.9,"Romeo (s)-Gothenburg-2,483 props, 2,000 sleepers-Wilson, Sons, & Co.; 1,600 bdls. laths-Order"
18890119p.48_p001.txt,74,Varren,Risoer,GRIMSBY,"16,957 pit props",,15,Jan,1889,19,January,1889,False,condensed,0.9,"Varren-Risoer-16,957 pit props-Order"
18890119p.48_p001.txt,75,Leopard,Risoer,GRIMSBY,qnty. props,,15,Jan,1889,19,January,1889,False,condensed,0.9,Leopard-Risoer-qnty. props-Order
18890119p.48_p001.txt,76,Diadem,Arendal,GRIMSBY,"480 pcs. square, 1,205 pcs. mining timber, 7,118 pit props",,15,Jan,1889,19,January,1889,False,condensed,0.9,"Diadem-Arendal-480 pcs. square, 1,205 pcs. mining timber, 7,118 pit props-Order"
18890119p.48_p001.txt,77,Gladiator,Arendal,GRIMSBY,"2,712 pcs. mining timber, 445 pit props",,15,Jan,1889,19,January,1889,False,condensed,0.9,"Gladiator-Arendal-2,712 pcs. mining timber, 445 pit props-Order"
18890119p.48_p001.txt,78,Erato,Arendal,GRIMSBY,"5,503 pcs. round timber, 905 pit props-C. Wells & Co.",C. Wells & Co.,15,Jan,1889,19,January,1889,False,condensed,0.9,"Erato-Arendal-5,503 pcs. round timber, 905 pit props-C. Wells & Co."
18890119p.48_p001.txt,79,Iris,Hango,GRIMSBY,qnty. planed boards and fittings-J. Good & Sons,J. Good & Sons,15,Jan,1889,19,January,1889,True,condensed,0.9,Iris (s) - Hango - qnty. planed boards and fittings-J. Good & Sons
18890119p.48_p001.txt,80,Angelo,Christiania,GRIMSBY,"561 pcs. timber-Wilson, Sons, & Co. 323 deals, 390 props-Heaven & Kesterton","Wilson, Sons, & Co.",16,Jan,1889,19,January,1889,True,condensed,0.9,"16 Angelo (s)-Christiania-561 pcs. timber-Wilson, Sons, & Co.; 323 deals, 390 props-Heaven & Kesterton"
18890119p.48_p001.txt,81,Mainio,Jacobstad,GRIMSBY,"8 lds. firewood-Master 19,982 deals, &c.-Order",Master,16,Jan,1889,19,January,1889,False,condensed,0.9,"Mainio-Jacobstad-8 lds. firewood-Master; 19,982 deals, &c.-Order"
18890119p.48_p001.txt,82,Seaton,Laurvig,GRIMSBY,"35,208 pit props-Pyman",Pyman,16,Jan,1889,19,January,1889,True,condensed,0.9,"Seaton (s)-Laurvig-35,208 pit props-Pyman"
18890119p.48_p001.txt,85,Cafe,New York,LIVERPOOL,"2,522 hhd. and 415 pcs. oak-T. Billsborough & Co. 522 w.o. planks, 6 bdls. hickory, 11,508 staves-Order",T. Billsborough & Co.,10,Jan,1889,19,January,1889,True,standard_dash,0.9,"Jan. 10 Cafe (s)-New York-2,522 hhd. and 415 pcs. oak-T. Billsborough & Co.; 522 w.o. planks, 6 bdls. hickory, 11,508 staves-Order"
18890119p.48_p001.txt,86,Umbria,New York,LIVERPOOL,"1,500 staves",,10,Jan,1889,19,January,1889,True,condensed,0.9,"Umbria (s)-New York-1,500 staves-Order"
18890119p.48_p001.txt,87,Titanic,Savannah,LIVERPOOL,"3,610 staves",,10,Jan,1889,19,January,1889,True,condensed,0.9,"Titanic (s)-Savannah-3,610 staves-Order"
18890119p.48_p001.txt,88,Neva,Drammen,LIVERPOOL,"42,496 pcs. flooring",,14,Jan,1889,19,January,1889,True,condensed,0.9,"14 Neva (s)-Drammen-42,496 pcs. flooring-Order"
18890119p.48_p001.txt,89,Counsellor,New Orleans,LIVERPOOL,459 pcs. oak lumber-J. Kennedy & Co. 164 staves-Drysdale Bros.; 138 pcs. oak lumber-Order,J. Kennedy & Co.,10,Jan,1889,19,January,1889,True,condensed,0.9,Counsellor (s)-New Orleans-459 pcs. oak lumber-J. Kennedy & Co.; 164 staves-Drysdale Bros.; 138 pcs. oak lumber-Order
18890119p.48_p001.txt,90,Iowa,Boston,LIVERPOOL,"800 old and 8,272 hhd. staves-Hattley Hay",Hattley Hay,10,Jan,1889,19,January,1889,True,condensed,0.9,"Iowa (s)-Boston-800 old and 8,272 hhd. staves-Hattley Hay"
18890119p.48_p001.txt,91,England,New York,LIVERPOOL,"8 cs. spokes, 8 cs. shuttle blocks, 3,405 staves",,10,Jan,1889,19,January,1889,True,condensed,0.9,"England (s)-New York-8 cs. spokes, 8 cs. shuttle blocks, 3,405 staves-Order"
18890119p.48_p001.txt,92,Bifrost,Gothenburg,LIVERPOOL,"1,000 bdls. laths-G. Bradley & Co. 500 bdls. laths-Bahr, Behrend, & Ross; 1,000 bdls. laths-T. W. Allen; 2,000 bdls. laths-H. Brown & Sons; 1,500 bdls. laths-J. Griggs & Co.; 4,392 bdls. pit props-C. A. Blain & Co.; 43,247 bdls. pit props-G. Horsley & Co.; 7,667 boards, 1,680 deals and battens, 87 bdls. broom handles, 17,100 bdls. laths, 8,077 bdls. pit props, 3,713 boards, 6,100 staves-Order",G. Bradley & Co.,10,Jan,1889,19,January,1889,True,condensed,0.9,"Bifrost (s)-Gothenburg-1,000 bdls. laths-G. Bradley & Co.; 500 bdls. laths-Bahr, Behrend, & Ross; 1,000 bdls. laths-T. W. Allen; 2,000 bdls. laths-H. Brown & Sons; 1,500 bdls. laths-J. Griggs & Co.; 4,392 bdls. pit props-C. A. Blain & Co.; 43,247 bdls. pit props-G. Horsley & Co.; 7,667 boards, 1,680 deals and battens, 87 bdls. broom handles, 17,100 bdls. laths, 8,077 bdls. pit props, 3,713 boards, 6,100 staves-Order"
18890119p.48_p001.txt,93,Illinois,Newport News,LIVERPOOL,"1,200 staves-Hattley Hay",Hattley Hay,10,Jan,1889,19,January,1889,True,condensed,0.9,"Illinois (s)-Newport News-1,200 staves-Hattley Hay"
18890119p.48_p001.txt,94,Lord Clive,Philadelphia,LIVERPOOL,"31 brls. butts-Richardson, Spence, & Co. 2,626 staves-Drysdale Bros.","Richardson, Spence, & Co.",15,Jan,1889,19,January,1889,True,condensed,0.9,"15 Lord Clive (s)-Philadelphia-31 brls. butts-Richardson, Spence, & Co.; 2,626 staves-Drysdale Bros."
18890119p.48_p001.txt,95,City of Berlin,New York,LIVERPOOL,"41 crts. blocks, qty. hhd. staves-Richardson, Spence, & Co. 14 crts. handles-Order","Richardson, Spence, & Co.",15,Jan,1889,19,January,1889,True,condensed,0.9,"City of Berlin (s)-New York-41 crts. blocks, qty. hhd. staves-Richardson, Spence, & Co.; 14 crts. handles-Order"
18890119p.48_p001.txt,96,Scythia,Boston,LIVERPOOL,"6,000 staves-Drysdale",Drysdale,15,Jan,1889,19,January,1889,True,condensed,0.9,"Scythia (s)-Boston-6,000 staves-Drysdale"
18890119p.48_p001.txt,97,Senator,"Norfolk, Va.",LIVERPOOL,"2,000 staves-Farnworth & Jardine",Farnworth & Jardine,15,Jan,1889,19,January,1889,False,condensed,0.9,"Senator-Norfolk, Va.-2,000 staves-Farnworth & Jardine"
18890119p.48_p001.txt,98,Oregon,Portland,LIVERPOOL,"1,043 deals-Cox & Co.",Cox & Co.,15,Jan,1889,19,January,1889,True,condensed,0.9,"Oregon (s)-Portland-1,043 deals-Cox & Co."
18890119p.48_p001.txt,99,Valona,Savannah,LIVERPOOL,"15,672 staves, 104 oak planks",,16,Jan,1889,19,January,1889,False,condensed,0.9,"16 Valona-Savannah-15,672 staves, 104 oak planks-Order"
18890119p.48_p001.txt,100,Tikoma,Charleston,LIVERPOOL,"6,005 oak staves",,16,Jan,1889,19,January,1889,False,condensed,0.9,"Tikoma-Charleston-6,005 oak staves-Order"
18890119p.48_p001.txt,104,Mathilde Christine,Kotka,LONDON,"180 fms. firewood-With, Webster, & Co.","With, Webster, & Co.",12,Jan,1889,19,January,1889,False,standard_dash,0.9,"Jan. 12 Mathilde Christine-Kotka-180 fms. firewood-With, Webster, & Co."
18890119p.48_p001.txt,105,Kathleen,Riga,LONDON,16 stds. deals,,12,Jan,1889,19,January,1889,True,condensed,0.9,Kathleen (s)-Riga-16 stds. deals-Order
18890119p.48_p001.txt,106,Erna,Fredrikstad,LONDON,"2,034 bdls. boxwood, 15,224 floorings, 20 boxes",,14,Jan,1889,19,January,1889,True,condensed,0.9,"14 Erna (s)-Fredrikstad-2,034 bdls. boxwood, 15,224 floorings, 20 boxes-Order"
18890119p.48_p001.txt,107,Avena,Uddevalla,LONDON,413 bdls. laths-Brown,Brown,12,Jan,1889,19,January,1889,True,condensed,0.9,Avena (s)-Uddevalla-413 bdls. laths-Brown
18890119p.48_p001.txt,108,Arethusa,Memel,LONDON,"626 pcs. fir, 440 sleepers and 80 half",,12,Jan,1889,19,January,1889,False,condensed,0.9,"Arethusa-Memel-626 pcs. fir, 440 sleepers and 80 half-sleepers, 11,520 oak staves-Order"
18890119p.48_p001.txt,109,Finland,Swartvik,LONDON,215 fms. firewood-Duus,Duus,12,Jan,1889,19,January,1889,False,condensed,0.9,Finland-Swartvik-215 fms. firewood-Duus
18890119p.48_p001.txt,113,Oscar,Dram,LONDON,"7,785 deals, 37,214 flooring boards",,12,Jan,1889,19,January,1889,False,condensed,0.9,"Oscar-Dram-7,785 deals, 37,214 flooring boards-Order"
18890119p.48_p001.txt,116,Lydian Monarch,New York,LONDON,"1,800 staves-Pulvermann 70 cs. handles-Hill & Sim; 11,452 bdls., 74 bxs. shooks-Order",Pulvermann,11,Jan,1889,19,January,1889,True,standard_dash,0.9,"Jan. 11 Lydian Monarch (s)-New York-1,800 staves-Pulvermann; 70 cs. handles-Hill & Sim; 11,452 bdls., 74 bxs. shooks-Order"
18890119p.48_p001.txt,117,Breslau,Stettin,LONDON,"55 brls. fir timber, 600 wood sticks",,11,Jan,1889,19,January,1889,True,condensed,0.9,"Breslau (s)-Stettin-55 brls. fir timber, 600 wood sticks-Order"
18890119p.48_p001.txt,118,Beta,Riga,LONDON,"298 ends, 9,814 battens",,11,Jan,1889,19,January,1889,True,condensed,0.9,"Beta (s)-Riga-298 ends, 9,814 battens-Order"
18890119p.48_p001.txt,119,MISSING_FROM_OCR,Gothenburg,LONDON,"1,374 doz. boards, 14,688 boards-With, Webster & Co. 109 pcs. timber-Patent Lath Co.; 12 fms. firewood-J. O. Higgs; 50 doz. deals, 1,950 bdls., 81,433 pcs. no. staves-Order","With, Webster & Co.",11,Jan,1889,19,January,1889,False,condensed,0.9,"Gothenburg-1,374 doz. boards, 14,688 boards-With, Webster & Co.; 109 pcs. timber-Patent Lath Co.; 12 fms. firewood-J. O. Higgs; 50 doz. deals, 1,950 bdls., 81,433 pcs. no. staves-Order"
18890119p.48_p001.txt,120,Almsford,Riga,LONDON,"4,121 battens",,11,Jan,1889,19,January,1889,True,condensed,0.9,"Almsford (s)-Riga-4,121 battens-Order"
18890119p.48_p001.txt,121,Panther,Christiania,LONDON,"4,071 floorings-Kallevig 309 bgs. brush blocks-J. Keen; 35,558 boards-Churchill & Sim",Kallevig,14,Jan,1889,19,January,1889,True,condensed,0.9,"14 Panther (s)-Christiania-4,071 floorings-Kallevig; 309 bgs. brush blocks-J. Keen; 35,558 boards-Churchill & Sim"
18890119p.48_p001.txt,122,Albert Edward,Gothenburg,LONDON,"18 bdls. mouldings, 350 doors, 13 bdls. trellis-Sandell & Co. 15 fms. firewood-Order",Sandell & Co.,14,Jan,1889,19,January,1889,True,condensed,0.9,"Albert Edward (s)-Gothenburg-18 bdls. mouldings, 350 doors, 13 bdls. trellis-Sandell & Co.; 15 fms. firewood-Order"
18890119p.48_p001.txt,123,Kong Oscar II.,Forsby,LONDON,251 fms. firewood,,14,Jan,1889,19,January,1889,True,condensed,0.9,Kong Oscar II. (s)-Forsby-251 fms. firewood-Order
18890119p.48_p001.txt,126,Tyr,Oscarshamn,LONDON,"178 fms. firewood-Leith & Cooke 12,738 deals and battens-Order",Leith & Cooke,14,Jan,1889,19,January,1889,True,condensed,0.9,"Tyr (s)-Oscarshamn-178 fms. firewood-Leith & Cooke; 12,738 deals and battens-Order"
18890119p.48_p001.txt,128,Thyra,Sundswall,LONDON,224 fms. firewood-Leith & Cooke 257 fms. firewood-Lines Bros.,Leith & Cooke,14,Jan,1889,19,January,1889,False,condensed,0.9,14 Thyra-Sundswall-224 fms. firewood-Leith & Cooke; 257 fms. firewood-Lines Bros.
18890119p.48_p001.txt,131,Maryland,Baltimore,TILBURY DOCKS,"68 bdls., 2,000 pcs. oak lumber-Peaty & Co. 2,988 white oak lumber, 2 oars, 1,000 boards, 3,266 pcs. oak lumber, 100 brl., 171 ppe. staves-Order",Peaty & Co.,12,Jan,1889,19,January,1889,True,standard_dash,1.0,"Jan. 12 Maryland (s)-Baltimore-68 bdls., 2,000 pcs. oak lumber-Peaty & Co.; 2,988 white oak lumber, 2 oars, 1,000 boards, 3,266 pcs. oak lumber, 100 brl., 171 ppe. staves-Order"
18890119p.48_p001.txt,134,Kepler,New York,TILBURY DOCKS,"2,075 bdls. staves, 7 cs., 10,694 bdls. shooks, 1,000 oars, 60 bdls. skewers",,12,Jan,1889,19,January,1889,True,condensed,1.0,"Kepler (s)-New York-2,075 bdls. staves, 7 cs., 10,694 bdls. shooks, 1,000 oars, 60 bdls. skewers-Order"
18890119p.48_p001.txt,140,Azalea,Bordeaux,LONDON (TILBURY DOCKS),625 pkgs. wood,,16,Jan,1889,19,January,1889,True,standard_dash,0.9,Jan. 16 Azalea (s)-Bordeaux-625 pkgs. wood-Order
18890119p.48_p001.txt,143,Gaa Paa,Fredrikstad,LONDON (TILBURY DOCKS),"5,710 floating spars, 25,351 bdls. boxwood",,10,Jan,1889,19,January,1889,False,standard_dash,0.9,"Jan. 10 Gaa Paa-Fredrikstad-5,710 floating spars, 25,351 bdls. boxwood-Order"
18890119p.48_p001.txt,146,Sir Robert Peel,Dunkirk,LONDON (TILBURY DOCKS),"1,000 pkgs. boards",,12,Jan,1889,19,January,1889,True,standard_dash,0.9,"Jan. 12 Sir Robert Peel (s)-Dunkirk-1,000 pkgs. boards-Order"
18890119p.48_p001.txt,149,Galatea,Ghent,LONDON (TILBURY DOCKS),"2,970 gunstocks",,11,Jan,1889,19,January,1889,True,standard_dash,0.9,"Jan. 11 Galatea (s)-Ghent-2,970 gunstocks-Order"
18890119p.48_p001.txt,152,Hannah and Mary,Pitea,LYNN,9 lds. firewood-J. Paul,J. Paul,8,Jan,1889,19,January,1889,False,standard_dash,1.0,Jan. 8 Hannah and Mary-Pitea-9 lds. firewood-J. Paul
18890119p.48_p001.txt,155,Juno,Skien,LYNN,"1,963 telegraph poles, 2,506 props-W. J. Wright",W. J. Wright,15,Jan,1889,19,January,1889,False,standard_dash,1.0,"Jan. 15 Juno-Skien-1,963 telegraph poles, 2,506 props-W. J. Wright"
18890119p.48_p001.txt,156,Ellida,Memel,LYNN,"6,745 deals and battens-Calder & Co.",Calder & Co.,15,Jan,1889,19,January,1889,False,condensed,0.9,"Ellida-Memel-6,745 deals and battens-Calder & Co."
18890119p.48_p001.txt,157,Gunvor,Christiania,LYNN,"15,700 fir props, 29,800 sleepers-W. J. Watson & Co.",W. J. Watson & Co.,15,Jan,1889,19,January,1889,False,condensed,0.9,"Gunvor-Christiania-15,700 fir props, 29,800 sleepers-W. J. Watson & Co."
18890119p.48_p001.txt,160,Triumph,Risoer,NEWPORT,"520 lds. pitwood-Jones, Heard, & Co.","Jones, Heard, & Co.",8,Jan,1889,19,January,1889,False,standard_dash,1.0,"Jan. 8 Triumph-Risoer-520 lds. pitwood-Jones, Heard, & Co."
18890119p.48_p001.txt,161,Italia,Stettin,NEWPORT,740 pcs. hewn fir-Nichols,Nichols,8,Jan,1889,19,January,1889,False,condensed,1.0,Italia-Stettin-740 pcs. hewn fir-Nichols
18890119p.48_p001.txt,162,Auguste Marie,Pauillac,NEWPORT,106 lds. pitwood-Budd & Co.,Budd & Co.,8,Jan,1889,19,January,1889,False,condensed,1.0,Auguste Marie-Pauillac-106 lds. pitwood-Budd & Co.
18890119p.48_p001.txt,163,Notre Dame de Bileon,Bordeaux,NEWPORT,"75 lds. pitwood-G. W. Jones, Heard, & Co.","G. W. Jones, Heard, & Co.",8,Jan,1889,19,January,1889,False,condensed,1.0,"Notre Dame de Bileon-Bordeaux-75 lds. pitwood-G. W. Jones, Heard, & Co."
18890119p.48_p001.txt,164,Pan,Oxelosund,NEWPORT,"7,159 deals & battens-Burton & Son",Burton & Son,8,Jan,1889,19,January,1889,False,condensed,0.9,"Pan-Oxelosund-7,159 deals & battens-Burton & Son"
18890119p.48_p001.txt,165,Italia,Stettin,NEWPORT,150 lds. hewn fir-Batchelor,Batchelor,8,Jan,1889,19,January,1889,False,condensed,0.9,Italia-Stettin-150 lds. hewn fir-Batchelor
18890119p.48_p001.txt,166,Pauline,Tremblade,NEWPORT,"205 lds. pitwood-Newport, Mon., Pitwood Co., Limited","Newport, Mon., Pitwood Co., Limited",9,Jan,1889,19,January,1889,False,condensed,0.9,"9 Pauline-Tremblade-205 lds. pitwood-Newport, Mon., Pitwood Co., Limited"
18890119p.48_p001.txt,168,Charles,Vannes,NEWPORT,270 lds. pitwood,,10,Jan,1889,19,January,1889,False,condensed,0.9,10 Charles-Vannes-270 lds. pitwood-Halakana-Bordeaux-430 lds. pitwood-H. Tapson & Co.
18890119p.48_p001.txt,169,Leda,Bordeaux,NEWPORT,"1,100 lds. pitwood-Newport, Mon., Pitwood Co., Limited","Newport, Mon., Pitwood Co., Limited",14,Jan,1889,19,January,1889,True,condensed,0.9,"14 Leda (s)-Bordeaux-1,100 lds. pitwood-Newport, Mon., Pitwood Co., Limited"
18890119p.48_p001.txt,172,Friede,Stettin,NEWPORT,"100 pcs. hewn fir, 2,283 pcs. hewn fir-R. & R. Bayly",R. & R. Bayly,9,Jan,1889,19,January,1889,False,standard_dash,0.9,"Jan. 9 Friede-Stettin-100 pcs. hewn fir, 2,283 pcs. hewn fir-R. & R. Bayly"
18890119p.48_p001.txt,173,Heron,Porsgrund,NEWPORT,"1,283 pcs. hewn fir, 1,000 spars, 325 pcs. sawn fir-Fox, Eliott & Co.","Fox, Eliott & Co.",9,Jan,1889,19,January,1889,False,condensed,0.9,"Heron-Porsgrund-1,283 pcs. hewn fir, 1,000 spars, 325 pcs. sawn fir-Fox, Eliott & Co."
18890119p.48_p001.txt,174,A. H. Lotings,Stettin,NEWPORT,"880 pcs. hewn fir, 3,000 sleepers-R. & R. Bayly",R. & R. Bayly,9,Jan,1889,19,January,1889,False,condensed,0.9,"A. H. Lotings-Stettin-880 pcs. hewn fir, 3,000 sleepers-R. & R. Bayly"
18890119p.48_p001.txt,175,Ida,Soderhamn,NEWPORT,"13,003 pcs. hewn fir",,11,Jan,1889,19,January,1889,False,condensed,0.9,"11 Ida-Soderhamn-13,003 pcs. hewn fir-Order"
18890119p.48_p001.txt,178,John T. Ives,Cronstadt,NEWPORT,"10,900 deals and battens-J. T. Bailey",J. T. Bailey,14,Jan,1889,19,January,1889,False,standard_dash,0.9,"Jan. 14 John T. Ives-Cronstadt-10,900 deals and battens-J. T. Bailey"
18890119p.48_p001.txt,179,Heldos,Archangel,NEWPORT,"7,430 deals and battens-L. A. Van den Bergh & Son",L. A. Van den Bergh & Son,14,Jan,1889,19,January,1889,False,condensed,0.9,"Heldos-Archangel-7,430 deals and battens-L. A. Van den Bergh & Son"
18890119p.48_p001.txt,182,Stanley,Christiansand,NEWPORT,20 lds. firewood-W. & S. Scott,W. & S. Scott,14,Jan,1889,19,January,1889,False,standard_dash,0.9,Jan. 14 Stanley-Christiansand-20 lds. firewood-W. & S. Scott
18890119p.48_p001.txt,185,Chevy Chase,Halmstad,NEWPORT,"13,778 props-Mitshel, Pedersen, & Co.","Mitshel, Pedersen, & Co.",8,Jan,1889,19,January,1889,True,standard_dash,0.9,"Jan. 8 Chevy Chase (s)-Halmstad-13,778 props-Mitshel, Pedersen, & Co."
18890119p.48_p001.txt,186,Jarl,Laurvig,NEWPORT,"21,357 sleepers, 260 lds. chocks-Rayner & Moller",Rayner & Moller,9,Jan,1889,19,January,1889,False,condensed,0.9,"9 Jarl-Laurvig-21,357 sleepers, 260 lds. chocks-Rayner & Moller"
18890119p.48_p001.txt,187,Pernambuco,Stettin,NEWPORT,"137,584 sleepers-Rayner & Moller",Rayner & Moller,11,Jan,1889,19,January,1889,True,condensed,0.9,"11 Pernambuco (s)-Stettin-137,584 sleepers-Rayner & Moller"
18890119p.48_p001.txt,188,Munin,Gothenburg,NEWPORT,"70,000 props, 2,430 rails-F. C. Huntley",F. C. Huntley,14,Jan,1889,19,January,1889,True,condensed,0.9,"14 Munin (s) - Gothenburg-70,000 props, 2,430 rails-F. C. Huntley"
18890119p.48_p001.txt,189,Vidfarne,Brevig,NEWPORT,"2,348 pcs. sawn fir, 2,430 fir props-Mitshel, Pedersen, & Co.","Mitshel, Pedersen, & Co.",8,Jan,1889,19,January,1889,False,condensed,0.9,"Vidfarne-Brevig-2,348 pcs. sawn fir, 2,430 fir props-Mitshel, Pedersen, & Co."
18890119p.48_p001.txt,192,Marie Victorine,Nantes,NEWPORT,85 lds. pitwood-W. Bevan & Co.,W. Bevan & Co.,8,Jan,1889,19,January,1889,False,standard_dash,0.9,Jan. 8 Marie Victorine-Nantes-85 lds. pitwood-W. Bevan & Co.
18890119p.48_p001.txt,193,Charlotte,Pauillac,NEWPORT,75 lds. pitwood-Gregor,Gregor,8,Jan,1889,19,January,1889,False,condensed,0.9,Charlotte-Pauillac-75 lds. pitwood-Gregor
18890119p.48_p001.txt,194,Meta,Sundswall,NEWPORT,"980 pcs. hewn fir, 2,160 pcs. sawn fir-Gregor Bros.",Gregor Bros.,8,Jan,1889,19,January,1889,False,condensed,0.9,"Meta-Sundswall-980 pcs. hewn fir, 2,160 pcs. sawn fir-Gregor Bros."
18890119p.48_p001.txt,195,Graciense,Pauillac,NEWPORT,103 lds. pitwood-William Davies & Co.,William Davies & Co.,9,Jan,1889,19,January,1889,False,condensed,0.9,9 Graciense-Pauillac-103 lds. pitwood-William Davies & Co.
18890119p.48_p001.txt,196,Nativite,Redon,NEWPORT,160 lds. pitwood-Jones,Jones,8,Jan,1889,19,January,1889,False,condensed,0.9,Nativite-Redon-160 lds. pitwood-Jones
18890119p.48_p001.txt,197,Julien,Bordeaux,NEWPORT,120 lds. pitwood-Carnarvon Works Proprietors,Carnarvon Works Proprietors,8,Jan,1889,19,January,1889,False,condensed,0.9,St. Julien-Bordeaux-120 lds. pitwood-Carnarvon Works Proprietors
18890119p.48_p001.txt,198,Louise Marie,Poulignen,NEWPORT,"105 lds. pitwood-North's Navigation Co., Limited","North's Navigation Co., Limited",14,Jan,1889,19,January,1889,False,condensed,0.9,"14 Louise Marie-Poulignen-105 lds. pitwood-North's Navigation Co., Limited"
18890119p.48_p001.txt,201,Prospero,Christiania,TYNE,100 lds. mining timber 70 lds. from Laurvig-60 lds. props-Order; 70 lds. planed boards-J. Scott,,8,Jan,1889,19,January,1889,True,standard_dash,1.0,Jan. 8 Prospero (s)-Christiania-100 lds. mining timber-Order; 70 lds. from Laurvig-60 lds. props-Order; 70 lds. planed boards-J. Scott
18890119p.48_p001.txt,202,Seierskransen,Arendal,TYNE,"996 pcs. mining timber, 8,376 pit props",,9,Jan,1889,19,January,1889,False,condensed,1.0,"9 Seierskransen-Arendal-996 pcs. mining timber, 8,376 pit props-Order"
18890119p.48_p001.txt,203,Susie May,Dordt,TYNE,"5,834 bdls. wooden hoops-J. C. Williamson & Co.",J. C. Williamson & Co.,8,Jan,1889,19,January,1889,False,condensed,1.0,"Susie May-Dordt-5,834 bdls. wooden hoops-J. C. Williamson & Co."
18890119p.48_p001.txt,204,Viking,Gothenburg,TYNE,"230 lds. deals, battens, and boards-J. Scott 260 lds. props-Order",J. Scott,8,Jan,1889,19,January,1889,True,condensed,1.0,"Viking (s)-Gothenburg-230 lds. deals, battens, and boards-J. Scott; 260 lds. props-Order"
18890119p.48_p001.txt,205,Indien,Westervik,TYNE,"28,774 pit props",,11,Jan,1889,19,January,1889,False,condensed,0.9,"11 Indien-Westervik-28,774 pit props-Order"
18890119p.48_p001.txt,206,Trafalgar,Hudikswall,TYNE,"14,573 pit props",,11,Jan,1889,19,January,1889,False,condensed,0.9,"Trafalgar-Hudikswall-14,573 pit props-Order"
18890119p.48_p001.txt,207,Triton,Gothenburg,TYNE,"39,450 pit props, 144 doz. deals and boards, 200 bdls. laths, 12,300 sleepers",,11,Jan,1889,19,January,1889,True,condensed,0.9,"Triton (s)-Gothenburg- 39,450 pit props, 144 doz. deals and boards, 200 bdls. laths, 12,300 sleepers-Order"
18890119p.48_p001.txt,208,Dagmar,Drammen,TYNE,"392,075 staves, 2,430 pcs. floorings",,12,Jan,1889,19,January,1889,False,condensed,0.9,"12 Dagmar-Drammen-392,075 staves, 2,430 pcs. floorings-Order"
18890119p.48_p002.txt,4,Stanley,Christiansand,TYNE,216 lds. firewood-W. & S. Scott,W. & S. Scott,14,Jan,1889,19,January,1889,False,standard_dash,0.9,Jan. 14 Stanley-Christiansand-216 lds. firewood-W. & S. Scott
18890119p.48_p002.txt,7,Chevy Chase,Halmstad,TYNE,"14,840 fir props-Mitshel, Pedersen, & Co.","Mitshel, Pedersen, & Co.",8,Jan,1889,19,January,1889,True,standard_dash,0.9,"Jan. 8 Chevy Chase (s)-Halmstad-14,840 fir props-Mitshel, Pedersen, & Co."
18890119p.48_p002.txt,8,Jarl,Laurvig,TYNE,"21,357 sleepers, 5,188 birch chocks-Rayner & Moller",Rayner & Moller,9,Jan,1889,19,January,1889,False,condensed,0.9,"9 Jarl-Laurvig-21,357 sleepers, 5,188 birch chocks-Rayner & Moller"
18890119p.48_p002.txt,9,Pernambuco,Stettin,TYNE,"137,584 pit props-Rayner & Moller",Rayner & Moller,11,Jan,1889,19,January,1889,True,condensed,0.9,"11 Pernambuco (s)-Stettin-137,584 pit props-Rayner & Moller"
18890119p.48_p002.txt,10,Munin,Gothenburg,TYNE,"70,000 props, 1,150 rails-F..C. Huntley",F..C. Huntley,14,Jan,1889,19,January,1889,True,condensed,0.9,"14 Munin (s)-Gothenburg-70,000 props, 1,150 rails-F..C. Huntley"
18890119p.48_p002.txt,11,Vidfarne,Brevig,TYNE,"2,348 pcs. sawn fir, 1,784 fir props-Mitshel, Pedersen, & Co.","Mitshel, Pedersen, & Co.",8,Jan,1889,19,January,1889,False,condensed,0.9,"Vidfarne-Brevig-2,348 pcs. sawn fir, 1,784 fir props-Mitshel, Pedersen, & Co."
18890119p.48_p002.txt,14,Marie Victorine,Nantes,TYNE,85 lds. pitwood-W. Bevan & Co.,W. Bevan & Co.,8,Jan,1889,19,January,1889,False,standard_dash,0.9,Jan. 8 Marie Victorine-Nantes-85 lds. pitwood-W. Bevan & Co.
18890119p.48_p002.txt,15,Charlotte,Pauillac,TYNE,75 lds. pitwood-Cook,Cook,8,Jan,1889,19,January,1889,False,condensed,0.9,Charlotte-Pauillac-75 lds. pitwood-Cook
18890119p.48_p002.txt,16,Meta,Sundswall,TYNE,"980 pcs. hewn fir, 2,101 pcs. sawn fir-Gregor Bros.",Gregor Bros.,8,Jan,1889,19,January,1889,False,condensed,0.9,"Meta-Sundswall-980 pcs. hewn fir, 2,101 pcs. sawn fir-Gregor Bros."
18890119p.48_p002.txt,17,Gracieuse,Pauillac,TYNE,103 lds. pitwood-William Davies & Co.,William Davies & Co.,9,Jan,1889,19,January,1889,False,condensed,0.9,9 Gracieuse-Pauillac-103 lds. pitwood-William Davies & Co.
18890119p.48_p002.txt,18,Nativite,Redon,TYNE,160 lds. pitwood-Jones,Jones,8,Jan,1889,19,January,1889,False,condensed,0.9,Nativite-Redon-160 lds. pitwood-Jones
18890119p.48_p002.txt,19,Julien,Bordeaux,TYNE,120 lds. pitwood-Carnarvon Works Proprietors,Carnarvon Works Proprietors,8,Jan,1889,19,January,1889,False,condensed,0.9,St. Julien-Bordeaux-120 lds. pitwood-Carnarvon Works Proprietors
18890119p.48_p002.txt,20,Louise Marie,Pouliguen,TYNE,"105 lds. pitwood-North's Navigation Co., Limited","North's Navigation Co., Limited",14,Jan,1889,19,January,1889,False,condensed,0.9,"14 Louise Marie-Pouliguen-105 lds. pitwood-North's Navigation Co., Limited"
18890119p.48_p002.txt,23,Prospero,Christiania,TYNE,100 lds. mining timber from Laurvig-60 lds. pit props-Order; 70 lds. planed boards-James Scott,,8,Jan,1889,19,January,1889,True,standard_dash,1.0,Jan. 8 Prospero (s)-Christiania-100 lds. mining timber-Order; from Laurvig-60 lds. pit props-Order; 70 lds. planed boards-James Scott
18890119p.48_p002.txt,24,Seierskransen,Arendal,TYNE,"996 pcs. mining timber, 8,376 pit props",,9,Jan,1889,19,January,1889,False,condensed,1.0,"9 Seierskransen-Arendal-996 pcs. mining timber, 8,376 pit props-Order"
18890119p.48_p002.txt,25,Susie May,Dordt,TYNE,"5,834 bdls. wooden hoops-J. C. Williamson & Co.",J. C. Williamson & Co.,8,Jan,1889,19,January,1889,False,condensed,1.0,"Susie May-Dordt-5,834 bdls. wooden hoops-J. C. Williamson & Co."
18890119p.48_p002.txt,26,Viking,Gothenburg,TYNE,"230 lds. deals, battens, and boards-J. Scott 260 lds. pit props-Order",J. Scott,8,Jan,1889,19,January,1889,True,condensed,1.0,"Viking (s)-Gothenburg-230 lds. deals, battens, and boards-J. Scott; 260 lds. pit props-Order"
18890119p.48_p002.txt,27,Indien,Westervik,TYNE,"28,774 pit props",,11,Jan,1889,19,January,1889,False,condensed,0.9,"11 Indien-Westervik-28,774 pit props-Order"
18890119p.48_p002.txt,28,Trafalgar,Hudikswall,TYNE,"14,573 pit props",,11,Jan,1889,19,January,1889,False,condensed,0.9,"Trafalgar-Hudikswall-14,573 pit props-Order"
18890119p.48_p002.txt,29,Triton,Gothenburg,TYNE,"39,450 pit props, 144 doz. deals and boards, 200 bdls. laths, 12,300 sleepers",,11,Jan,1889,19,January,1889,True,condensed,0.9,"Triton (s)-Gothenburg- 39,450 pit props, 144 doz. deals and boards, 200 bdls. laths, 12,300 sleepers-Order"
18890119p.48_p002.txt,30,Dagmar,Drammen,TYNE,"392,075 staves, 2,431 pcs. floorings",,12,Jan,1889,19,January,1889,False,condensed,0.9,"12 Dagmar-Drammen-392,075 staves, 2,431 pcs. floorings-Order"
18890119p.48_p002.txt,32,Hekla,Warberg,TYNE,"24,696 pit props-Atkinson",Atkinson,12,Jan,1889,19,January,1889,False,condensed,0.9,"Hekla-Warberg-24,696 pit props-Atkinson"
18890119p.48_p002.txt,33,Knud,Warberg,TYNE,"25,836 pit props-T. Atkinson",T. Atkinson,12,Jan,1889,19,January,1889,False,condensed,0.9,"Knud-Warberg-25,836 pit props-T. Atkinson"
18890119p.48_p002.txt,34,Ino,Laurvig,TYNE,"23,284 props",,12,Jan,1889,19,January,1889,False,condensed,0.9,"Ino-Laurvig-23,284 props-Order"
18890119p.48_p002.txt,35,Relis,Carlscrona,TYNE,"11,036 props, 5,325 bdls. birch squares",,12,Jan,1889,19,January,1889,False,condensed,0.9,"Relis-Carlscrona-11,036 props, 5,325 bdls. birch squares-Order"
18890119p.48_p002.txt,36,Hild,Christiansand,TYNE,"52,869 battens, 7, 334 crowntrees, 2,300 pit props",,14,Jan,1889,19,January,1889,False,condensed,0.9,"14 Hild-Christiansand-52,869 battens, 7, 334 crowntrees, 2,300 pit props-Order"
18890119p.48_p002.txt,37,Modum,Fredrikshald,TYNE,"133 poles, 67,778 headings, 167,557 staves",,14,Jan,1889,19,January,1889,False,condensed,0.9,"Modum-Fredrikshald-133 poles, 67,778 headings, 167,557 staves-Order"
18890119p.48_p002.txt,38,Vega,Memel,TYNE,"6,151 redwood deals, 279 redwood deal ends",,14,Jan,1889,19,January,1889,False,condensed,0.9,"Vega-Memel-6,151 redwood deals, 279 redwood deal ends-Order"
18890119p.48_p002.txt,39,Roskiva,Fredrikstad,TYNE,"507,588 staves",,14,Jan,1889,19,January,1889,False,condensed,0.9,"Roskiva-Fredrikstad-507,588 staves-Order"
18890119p.48_p002.txt,40,Betsy Gude,Riga,TYNE,"5,489 deals and battens, 5,463 deals, 231 deal ends",,14,Jan,1889,19,January,1889,False,condensed,0.9,"Betsy Gude-Riga-5,489 deals and battens, 5,463 deals, 231 deal ends-Order"
18890119p.48_p002.txt,41,Johann Friedrich,Riga,TYNE,"9,530 sleepers",,14,Jan,1889,19,January,1889,False,condensed,0.9,"Johann Friedrich- Riga- 9,530 sleepers-Order"
18890119p.48_p002.txt,42,Augusta,Halmstad,TYNE,"16,537 props",,14,Jan,1889,19,January,1889,False,condensed,0.9,"Augusta-Halmstad-16,537 props-Order"
18890119p.48_p002.txt,43,Ornen,Halmstad,TYNE,"22,267 pit props",,14,Jan,1889,19,January,1889,False,condensed,0.9,"Order Ornen-Halmstad-22,267 pit props-Order"
18890119p.48_p002.txt,45,Odin,Laurvig,TYNE,"170 lds. pit props, 23 lds. firewood",,14,Jan,1889,19,January,1889,True,condensed,0.9,"Order Odin (s)-Laurvig-170 lds. pit props, 23 lds. firewood-Order"
18890119p.48_p002.txt,47,Johann,Laurvig,TYNE,"21,937 crowntrees",,15,Jan,1889,19,January,1889,False,condensed,0.9,"15 Johann-Laurvig-21,937 crowntrees-Order"
18890119p.48_p002.txt,48,Presto,Laurvig,TYNE,"6,404 deals and battens-J. Scott",J. Scott,15,Jan,1889,19,January,1889,False,condensed,0.9,"Presto-Laurvig-6,404 deals and battens-J. Scott"
18890119p.48_p002.txt,51,Harriet,Laurvig,TYNE,"6,396 pit props, 19,48-crowntrees-Order",crowntrees-Order,15,Jan,1889,19,January,1889,False,condensed,0.9,"Harriet-Laurvig-6,396 pit props, 19,48- crowntrees-Order"
18890119p.48_p002.txt,55,Sophie,Laurvig,TYNE,"57,570 fir boards, 1,916 deals-J. P. Corry & Co.",J. P. Corry & Co.,7,Jan,1889,19,January,1889,False,standard_dash,0.9,"Jan. 7 Sophie-Laurvig-57,570 fir boards, 1,916 deals-J. P. Corry & Co."
18890119p.48_p002.txt,58,Killia Lass,Drammen,NEWRY,"37,455 flooring boards-W. F. Redmond & Co.",W. F. Redmond & Co.,7,Jan,1889,19,January,1889,False,standard_dash,1.0,"Jan. 7 Killia Lass-Drammen-37,455 flooring boards-W. F. Redmond & Co."
18890119p.48_p002.txt,66,Vertical,Cross,NEWRY,"tube and Multitubular, Portable Cornish, Lancashire, & ""Field"" Tube Boilers.",,7,Jan,1889,19,January,1889,False,condensed,0.9,"Vertical Cross-tube and Multitubular, Portable Cornish, Lancashire, & ""Field"" Tube Boilers."
18890126p.65_p001.txt,6,Theodor,Riga,NEWRY,"13,145 pcs. lathwood-Geo. Hooper & Co. 3,167 pcs. lathwood-Bancroft, Harris & Co.",Geo. Hooper & Co.,17,Jan,1889,26,January,1889,False,standard_dash,0.9,"Jan. 17 Theodor-Riga-13,145 pcs. lathwood-Geo. Hooper & Co. ; 3,167 pcs. lathwood-Bancroft, Harris & Co."
18890126p.65_p001.txt,7,Hast,Sundswall,NEWRY,"9,147 deals-Somerset Trading Co.",Somerset Trading Co.,18,Jan,1889,26,January,1889,False,condensed,0.9,"18 Hast-Sundswall-9,147 deals-Somerset Trading Co."
18890126p.65_p001.txt,8,Vesuv,Bordeaux,NEWRY,777 lds. pitwood-Simkin Bros.,Simkin Bros.,19,Jan,1889,26,January,1889,False,condensed,0.9,19 Vesuv-Bordeaux-777 lds. pitwood-Simkin Bros.
18890126p.65_p001.txt,10,Kien,Bordeaux,NEWRY,941 lds. pitwood-Simkin Bros.,Simkin Bros.,15,Jan,1889,26,January,1889,False,standard_dash,0.9,Jan. 15 Kien-Bordeaux-941 lds. pitwood-Simkin Bros.
18890126p.65_p001.txt,11,Nimrod,Riga,NEWRY,"1,475 pcs. hewn fir, 13,540 pcs. lathwood-Morris & Smith",Morris & Smith,16,Jan,1889,26,January,1889,False,condensed,0.9,"16 Nimrod-Riga-1,475 pcs. hewn fir, 13,540 pcs. lathwood-Morris & Smith"
18890126p.65_p001.txt,12,Sola,Christiansand,NEWRY,"5,243 pcs. mining timber-Tellefsen, Wills, & Co.","Tellefsen, Wills, & Co.",15,Jan,1889,26,January,1889,False,condensed,0.9,"Sola-Christiansand-5,243 pcs. mining timber-Tellefsen, Wills, & Co."
18890126p.65_p001.txt,13,Bayliot,Gothenburg,NEWRY,"54,260 pitprops-W. Edgar & Co.",W. Edgar & Co.,15,Jan,1889,26,January,1889,True,condensed,0.9,"Bayliot (s)-Gothenburg-54,260 pitprops-W. Edgar & Co."
18890126p.65_p001.txt,14,Anna,Vannes,NEWRY,140 lds. pit props,,15,Jan,1889,26,January,1889,False,condensed,0.9,Anna-Vannes-140 lds. pit props-Order
18890126p.65_p001.txt,15,John Marychurch,Bordeaux,NEWRY,"1,700 lds. pit props-L. & H. Gueret",L. & H. Gueret,15,Jan,1889,26,January,1889,False,condensed,0.9,"John Marychurch-Bordeaux-1,700 lds. pit props-L. & H. Gueret"
18890126p.65_p001.txt,16,Constancia,Corunna,NEWRY,"490 lds. pit props-Manzanos, Cristobal, & Co.","Manzanos, Cristobal, & Co.",17,Jan,1889,26,January,1889,False,condensed,0.9,"17 Constancia-Corunna-490 lds. pit props-Manzanos, Cristobal, & Co."
18890126p.65_p001.txt,17,Union,Auray,NEWRY,170 lds pit-props-Order,props-Order,17,Jan,1889,26,January,1889,False,condensed,0.9,Union-Auray-170 lds pit-props-Order
18890126p.65_p001.txt,18,Rive de Gier,Bayonne,NEWRY,"1,100 lds. pit props-A. Capelle",A. Capelle,17,Jan,1889,26,January,1889,True,condensed,0.9,"Rive de Gier (s)-Bayonne-1,100 lds. pit props-A. Capelle"
18890126p.65_p001.txt,19,England,Bordeaux,NEWRY,"1,900 lds. pit props-Watts, Ward, & Co.","Watts, Ward, & Co.",18,Jan,1889,26,January,1889,True,condensed,0.9,"18 England (s)-Bordeaux-1,900 lds. pit props-Watts, Ward, & Co."
18890126p.65_p001.txt,20,Yvonne,Bordeaux,NEWRY,350 lds. pit props,,18,Jan,1889,26,January,1889,False,condensed,0.9,Yvonne-Bordeaux-350 lds. pit props-Order
18890126p.65_p001.txt,21,Free Lance,Bordeaux,NEWRY,"1,150 lds. pit props-Simkin Bros.",Simkin Bros.,18,Jan,1889,26,January,1889,False,condensed,0.9,"Free Lance-Bordeaux-1,150 lds. pit props-Simkin Bros."
18890126p.65_p001.txt,22,Dordogne,Bordeaux,NEWRY,"800 lds. pit props-Watts, Ward, & Co.","Watts, Ward, & Co.",21,Jan,1889,26,January,1889,False,condensed,0.9,"21 Dordogne-Bordeaux-800 lds. pit props-Watts, Ward, & Co."
18890126p.65_p001.txt,23,Gironde,Bordeaux,NEWRY,800 lds. pit props-Simkin Bros.,Simkin Bros.,21,Jan,1889,26,January,1889,False,condensed,0.9,Gironde-Bordeaux-800 lds. pit props-Simkin Bros.
18890126p.65_p001.txt,25,Elizabeth Charlotte,Gothenburg,NEWRY,"27,700 red pine sleepers, 513 red pine posts-Bruce & Co.",Bruce & Co.,21,Jan,1889,26,January,1889,False,standard_dash,0.9,"Jan. 21 Elizabeth Charlotte-Gothenburg-27,700 red pine sleepers, 513 red pine posts-Bruce & Co."
18890126p.65_p001.txt,27,Salvator,Wyborg,NEWRY,"10,068 deals, 13 lds. birch-Brown & Son",Brown & Son,18,Jan,1889,26,January,1889,False,standard_dash,0.9,"Jan. 18 Salvator-Wyborg-10,068 deals, 13 lds. birch-Brown & Son"
18890126p.65_p001.txt,29,Habor,Riga,EXETER,"12,507 deals, battens, and boards-Wilson & Sons",Wilson & Sons,16,Jan,1889,26,January,1889,False,standard_dash,1.0,"Jan. 16 Habor-Riga-12,507 deals, battens, and boards-Wilson & Sons"
18890126p.65_p001.txt,31,Cavalier,Pensacola,FLEETWOOD,"1,919 pcs. sawn fir, 930 fir deals-Bryant, Powis, & Bryant","Bryant, Powis, & Bryant",18,Jan,1889,26,January,1889,False,standard_dash,1.0,"Jan. 18 Cavalier-Pensacola-1,919 pcs. sawn fir, 930 fir deals-Bryant, Powis, & Bryant"
18890126p.65_p001.txt,33,Emblem,Riga,FLEETWOOD,"7,276 deals-Bennetts",Bennetts,15,Jan,1889,26,January,1889,False,standard_dash,1.0,"Jan. 15 Emblem-Riga-7,276 deals-Bennetts"
18890126p.65_p001.txt,34,Emma,Danzig,FLEETWOOD,"810 timber ends, 408 pcs. sawn timber-Gabriel & Sons",Gabriel & Sons,15,Jan,1889,26,January,1889,False,condensed,1.0,"Emma-Danzig-810 timber ends, 408 pcs. sawn timber-Gabriel & Sons"
18890126p.65_p001.txt,35,Bellarena,Danzig,GRIMSBY,"12,046 pcs. hewn fir, 766 fir sleepers-Burt, Boulton, & Haywood","Burt, Boulton, & Haywood",16,Jan,1889,26,January,1889,True,condensed,0.9,"16 Bellarena (s)-Danzig-12,046 pcs. hewn fir, 766 fir sleepers-Burt, Boulton, & Haywood"
18890126p.65_p001.txt,37,Sweden,Gothenburg,GRIMSBY,"27,506 props, 3,625 deals, 503 poles, 7,721 sleepers-T. Barraclough",T. Barraclough,15,Jan,1889,26,January,1889,True,standard_dash,0.9,"Jan. 15 Sweden (s)-Gothenburg-27,506 props, 3,625 deals, 503 poles, 7,721 sleepers-T. Barraclough"
18890126p.65_p001.txt,38,Fanny,Fredrikshald,GRIMSBY,"18,031 props, 3,068 sleepers-Rayner & Moller",Rayner & Moller,15,Jan,1889,26,January,1889,False,condensed,0.9,"Fanny - Fredrikshald-18,031 props, 3,068 sleepers-Rayner & Moller"
18890126p.65_p001.txt,39,Diamanten,Skien,GRIMSBY,"933 pcs. square timber, 565 props-E. A. Casper & Co.",E. A. Casper & Co.,15,Jan,1889,26,January,1889,False,condensed,0.9,"Diamanten-Skien-933 pcs. square timber, 565 props-E. A. Casper & Co."
18890126p.65_p001.txt,40,Anglais,Porsgrund,GRIMSBY,"987 pcs. square timber, 728 props-E. A. Casper & Co.",E. A. Casper & Co.,15,Jan,1889,26,January,1889,False,condensed,0.9,"Anglais-Porsgrund-987 pcs. square timber, 728 props-E. A. Casper & Co."
18890126p.65_p001.txt,41,Commandor Solling,Christiansand,GRIMSBY,"3,470 pcs. mining timber-G. Horsley & Co.",G. Horsley & Co.,16,Jan,1889,26,January,1889,False,condensed,0.9,"16 Commandor Solling-Christiansand-3,470 pcs. mining timber-G. Horsley & Co."
18890126p.65_p001.txt,42,Birjoe,Figeholm,GRIMSBY,"6,751 pcs. hewn fir-Coxon",Coxon,16,Jan,1889,26,January,1889,False,condensed,0.9,"Birjoe-Figeholm-6,751 pcs. hewn fir-Coxon"
18890126p.65_p001.txt,43,Ragnhild,Langesund,GRIMSBY,"1,298 pcs. square timber, 1,015 pcs. round timber, 1,629 props-W. D. Coxon",W. D. Coxon,16,Jan,1889,26,January,1889,False,condensed,0.9,"Ragnhild-Langesund-1,298 pcs. square timber, 1,015 pcs. round timber, 1,629 props-W. D. Coxon"
18890126p.65_p001.txt,44,Thor,Windau,GRIMSBY,"3,492 birch props-Forslind",Forslind,16,Jan,1889,26,January,1889,False,condensed,0.9,"Thor-Windau-3,492 birch props-Forslind"
18890126p.65_p001.txt,45,Amund Treten,Porsgrund,GRIMSBY,"1,923 pcs. mining timber, 2,403 props-Victor Nilsson & Co.",Victor Nilsson & Co.,18,Jan,1889,26,January,1889,False,condensed,0.9,"18 Amund Treten-Porsgrund-1,923 pcs. mining timber, 2,403 props-Victor Nilsson & Co."
18890126p.65_p001.txt,46,Lily,Christiania,GRIMSBY,"2,126 props-Pyman & Co.",Pyman & Co.,18,Jan,1889,26,January,1889,False,condensed,0.9,"Lily-Christiania-2,126 props-Pyman & Co."
18890126p.65_p001.txt,47,Neptun,Halmstad,GRIMSBY,360 lds. props-G. Horsley & Co.,G. Horsley & Co.,18,Jan,1889,26,January,1889,True,condensed,0.9,Neptun (s)-Halmstad-360 lds. props-G. Horsley & Co.
18890126p.65_p001.txt,48,Elektra,Laurvig,GRIMSBY,"48,912 props-Wancke",Wancke,18,Jan,1889,26,January,1889,False,condensed,0.9,"Elektra-Laurvig-48,912 props-Wancke"
18890126p.65_p001.txt,49,Lily,Christiansand,GRIMSBY,"8,846 props-W. D. Coxon",W. D. Coxon,18,Jan,1889,26,January,1889,False,condensed,0.9,"Lily-Christiansand-8,846 props-W. D. Coxon"
18890126p.65_p001.txt,50,Ogir,Porsgrund,GRIMSBY,741 props-W. D. Coxon,W. D. Coxon,18,Jan,1889,26,January,1889,False,condensed,0.9,Ogir-Porsgrund-741 props-W. D. Coxon
18890126p.65_p001.txt,51,Tyri,Skien,GRIMSBY,"1,833 pcs. square timber, 693 props-Hans Erichsen & Co.",Hans Erichsen & Co.,18,Jan,1889,26,January,1889,False,condensed,0.9,"Tyri-Skien-1,833 pcs. square timber, 693 props-Hans Erichsen & Co."
18890126p.65_p001.txt,53,Bjorn,Christiania,GRIMSBY,"28,340 pit props-Rayner & Moller",Rayner & Moller,17,Jan,1889,26,January,1889,True,standard_dash,0.9,"Jan. 17 Bjorn (s)-Christiania-28,340 pit props-Rayner & Moller"
18890126p.65_p001.txt,54,Nautilus,Westervik,GRIMSBY,"30,850 pit props",,17,Jan,1889,26,January,1889,True,condensed,0.9,"Nautilus (s)-Westervik-30,850 pit props-Order"
18890126p.65_p001.txt,55,Malmo,Gothenburg,GRIMSBY,"756 deals-Wilson, Sons, & Co. 4,060 props-Order","Wilson, Sons, & Co.",19,Jan,1889,26,January,1889,True,condensed,0.9,"19 Malmo (s)-Gothenburg-756 deals-Wilson, Sons, & Co. ; 4,060 props-Order"
18890126p.65_p001.txt,56,Iphigenia,Sundswall,GRIMSBY,"15,922 battens and boards-Thorpe, Balfour, & Harrison","Thorpe, Balfour, & Harrison",17,Jan,1889,26,January,1889,False,condensed,0.9,"Iphigenia-Sundswall-15,922 battens and boards-Thorpe, Balfour, & Harrison"
18890126p.65_p001.txt,57,Quito,Riga,GRIMSBY,"17,640 boards",,17,Jan,1889,26,January,1889,True,condensed,0.9,"Quito (s)-Riga-17,640 boards-Order"
18890126p.65_p001.txt,58,Albert,Rotterdam,GRIMSBY,816 bdls. hoops,,21,Jan,1889,26,January,1889,True,condensed,0.9,21 Albert (s)-Rotterdam-816 bdls. hoops-Order
18890126p.65_p001.txt,59,Marie,Christiansand,GRIMSBY,"4,513 pcs. mining timber, 1,156 props",,22,Jan,1889,26,January,1889,False,condensed,0.9,"22 Marie-Christiansand-4,513 pcs. mining timber, 1,156 props-Order"
18890126p.65_p001.txt,60,Orlando,Gothenburg,GRIMSBY,"2,020 bdls. laths-Heaven & Kesterton 1,500 bdls. laths-T. W. Allen ; 1,000 bdls. laths, 771 props-Order",Heaven & Kesterton,22,Jan,1889,26,January,1889,True,condensed,0.9,"Orlando (s)-Gothenburg-2,020 bdls. laths-Heaven & Kesterton ; 1,500 bdls. laths-T. W. Allen ; 1,000 bdls. laths, 771 props-Order"
18890126p.65_p001.txt,61,Rollo,Christiania,GRIMSBY,"15,376 bdls. boards-Wilson, Sons, & Co.","Wilson, Sons, & Co.",23,Jan,1889,26,January,1889,True,condensed,0.9,"23 Rollo (s)-Christiania-15,376 bdls. boards-Wilson, Sons, & Co."
18890126p.65_p001.txt,62,Melrose Abbey,Memel,GRIMSBY,"62,234 oak staves",,23,Jan,1889,26,January,1889,True,condensed,0.9,"Melrose Abbey (s)-Memel-62,234 oak staves-Order"
18890126p.65_p001.txt,65,W. Owen,Fredrikstad,GRIMSBY,"10,896 pcs. sawn fir-W. Huntington",W. Huntington,16,Jan,1889,26,January,1889,False,standard_dash,0.9,"Jan. 16 W. Owen-Fredrikstad-10,896 pcs. sawn fir-W. Huntington"
18890126p.65_p001.txt,67,Port Jackson,West Point,LIVERPOOL,"88 oak planks, 3,635 oak staves",,17,Jan,1889,26,January,1889,True,standard_dash,0.9,"Jan. 17 Port Jackson (s)-West Point-88 oak planks, 3,635 oak staves-Order"
18890126p.65_p001.txt,68,Caspian,Baltimore,LIVERPOOL,"qty. staves, 640 oak planks",,17,Jan,1889,26,January,1889,True,condensed,0.9,"Caspian (s)-Baltimore-qty. staves, 640 oak planks-Order"
18890126p.65_p001.txt,69,Leonida,Savannah,LIVERPOOL,"1,200 w.o. staves-J. H. Burrell & Co.",J. H. Burrell & Co.,17,Jan,1889,26,January,1889,False,condensed,0.9,"Leonida-Savannah-1,200 w.o. staves-J. H. Burrell & Co."
18890126p.65_p001.txt,70,Egret,Rotterdam,LIVERPOOL,"2,390 bdls. hoops",,17,Jan,1889,26,January,1889,True,condensed,0.9,"Egret (s)-Rotterdam-2,390 bdls. hoops-Order"
18890126p.65_p001.txt,71,Yucatan,New Orleans,LIVERPOOL,"4,500 staves, 1,198 pcs. pitch pine",,17,Jan,1889,26,January,1889,True,condensed,0.9,"Yucatan (s)-New Orleans-4,500 staves, 1,198 pcs. pitch pine-Order"
18890126p.65_p001.txt,72,Disponent,Risoer,LIVERPOOL,"5,504 pcs. mining timber, 1,025 props-Brodersen, Vaughan, & Co.","Brodersen, Vaughan, & Co.",17,Jan,1889,26,January,1889,False,condensed,0.9,"Disponent-Risoer-5,504 pcs. mining timber, 1,025 props-Brodersen, Vaughan, & Co."
18890126p.65_p001.txt,73,Adriatic,New York,LIVERPOOL,"4,400 pcs. lumber-Whiteside, Johns, & Co. 1,400 staves-Hattley Hay","Whiteside, Johns, & Co.",17,Jan,1889,26,January,1889,True,condensed,0.9,"Adriatic (s)-New York-4,400 pcs. lumber-Whiteside, Johns, & Co. ; 1,400 staves-Hattley Hay"
18890126p.65_p001.txt,74,Plato,New York,LIVERPOOL,"1,940 pcs. maplewood, 3,132 maple rollers",,17,Jan,1889,26,January,1889,True,condensed,0.9,"Plato (s)-New York-1,940 pcs. maplewood, 3,132 maple rollers-Order"
18890126p.65_p001.txt,75,Governor,New Orleans,LIVERPOOL,"1,079 staves-Drysdale Bros.",Drysdale Bros.,17,Jan,1889,26,January,1889,True,condensed,0.9,"Governor (s)-New Orleans-1,079 staves-Drysdale Bros."
18890126p.65_p001.txt,76,Virginian,Boston,LIVERPOOL,"15,000 old staves-Hattley Hay",Hattley Hay,17,Jan,1889,26,January,1889,True,condensed,0.9,"Virginian (s)-Boston-15,000 old staves-Hattley Hay"
18890126p.65_p001.txt,77,Lake Superior,New York,LIVERPOOL,"3 cs. hubs, 29 cs. spokes-Creeve & M'Mahon 600 bdls. staves, 320 bdls. headings-Sutherland, Innes, & Co.",Creeve & M'Mahon,17,Jan,1889,26,January,1889,True,condensed,0.9,"Lake Superior (s)-New York-3 cs. hubs, 29 cs. spokes-Creeve & M'Mahon ; 600 bdls. staves, 320 bdls. headings-Sutherland, Innes, & Co."
18890126p.65_p001.txt,78,Jamaican,New York,LIVERPOOL,"2,400 staves",,17,Jan,1889,26,January,1889,True,condensed,0.9,"Jamaican (s)-New York-2,400 staves-Order"
18890126p.65_p001.txt,79,Palestine,Boston,LIVERPOOL,"9,600 staves-Hay",Hay,17,Jan,1889,26,January,1889,True,condensed,0.9,"Palestine (s)-Boston-9,600 staves-Hay"
18890126p.65_p001.txt,80,Kansas,Boston,LIVERPOOL,"16,000 old staves-Hay",Hay,17,Jan,1889,26,January,1889,True,condensed,0.9,"Kansas (s)-Boston-16,000 old staves-Hay"
18890126p.65_p001.txt,81,Courier,Fredrikstad,LIVERPOOL,"41,096 bdls. sawn fir, 5 fms. firewood",,17,Jan,1889,26,January,1889,True,condensed,0.9,"Courier (s)-Fredrikstad-41,096 bdls. sawn fir, 5 fms. firewood-Order"
18890126p.65_p001.txt,82,Montreal,New Orleans,LIVERPOOL,"1,800 ex. pipe staves-E. Chaloner & Co.",E. Chaloner & Co.,17,Jan,1889,26,January,1889,True,condensed,0.9,"Montreal (s)-New Orleans-1,800 ex. pipe staves-E. Chaloner & Co."
18890126p.65_p001.txt,83,Flint,Memel,LIVERPOOL,"1,050 half and 1,000 fir sleepers, 3,600 c. p. staves-Ourwen Bros. 100 shooks o. p. staves, 600 pcs. wainscot, 923 pcs. red fir timber, 21 pcs. red fir-Order",Ourwen Bros.,17,Jan,1889,26,January,1889,True,condensed,0.9,"Flint (s)-Memel-1,050 half and 1,000 fir sleepers, 3,600 c. p. staves-Ourwen Bros. ; 100 shooks o. p. staves, 600 pcs. wainscot, 923 pcs. red fir timber, 21 pcs. red fir-Order"
18890126p.65_p001.txt,84,Edward D. Jewett,"St. John, N.B.",LIVERPOOL,"17,692 spruce deals and battens, 2,998 spruce and 810 birch ends, 2,913 birch deals and battens-A. F. & D. Mackay",A. F. & D. Mackay,17,Jan,1889,26,January,1889,False,condensed,0.9,"Edward D. Jewett-St. John, N.B.-17,692 spruce deals and battens, 2,998 spruce and 810 birch ends, 2,913 birch deals and battens-A. F. & D. Mackay"
18890126p.65_p001.txt,85,Brusel,Rotterdam,LIVERPOOL,"3,350 bdls. hoops",,17,Jan,1889,26,January,1889,True,condensed,0.9,"Brusel (s)-Rotterdam-3,350 bdls. hoops-Order"
18890126p.65_p001.txt,86,Bothnia,New York,LIVERPOOL,"4,570 staves",,17,Jan,1889,26,January,1889,True,condensed,0.9,"Bothnia (s) - New York - 4,570 staves-Order"
18890126p.65_p001.txt,87,Arrowmore,Baltimore,LIVERPOOL,"384 pcs. oak-R. Coltart & Co. 74 pcs. oak-T. Bilsborough & Co. ; 383 pcs. oak, 484 oak boards, 3,130 oak strips-E. Alcott ; 282 w.o. planks, 6,700 staves, 700 pcs. oak, 684 pcs. white oak-Order",R. Coltart & Co.,17,Jan,1889,26,January,1889,True,condensed,0.9,"Arrowmore (s)-Baltimore-384 pcs. oak-R. Coltart & Co. ; 74 pcs. oak-T. Bilsborough & Co. ; 383 pcs. oak, 484 oak boards, 3,130 oak strips-E. Alcott ; 282 w.o. planks, 6,700 staves, 700 pcs. oak, 684 pcs. white oak-Order"
18890126p.65_p001.txt,88,Biela,New York,LIVERPOOL,"995 pcs. maple wood, 998 pcs. wood",,17,Jan,1889,26,January,1889,True,condensed,0.9,"Biela (s)-New York-995 pcs. maple wood, 998 pcs. wood-Order"
18890126p.65_p001.txt,89,Bulgarian,Boston,LIVERPOOL,"14,000 staves-Hay",Hay,17,Jan,1889,26,January,1889,True,condensed,0.9,"Bulgarian (s)-Boston-14,000 staves-Hay"
18890126p.65_p001.txt,90,Leonora,New Orleans,LIVERPOOL,"3,000 staves",,17,Jan,1889,26,January,1889,True,condensed,0.9,"Leonora (s)-New Orleans-3,000 staves-Order"
18890126p.65_p001.txt,91,Saronia,Boston,LIVERPOOL,"8,400 staves-Drysdale Bros. 247 bdls. shooks-Crother Bros. ; 42 bdls. shooks-Order",Drysdale Bros.,17,Jan,1889,26,January,1889,True,condensed,0.9,"Saronia (s)-Boston-8,400 staves-Drysdale Bros. ; 247 bdls. shooks-Crother Bros. ; 42 bdls. shooks-Order"
18890126p.65_p001.txt,92,Java,New Orleans,LIVERPOOL,228 pcs. oak lumber,,17,Jan,1889,26,January,1889,True,condensed,0.9,Java (s)-New Orleans-228 pcs. oak lumber-Order
18890126p.65_p001.txt,95,Rosetta,Danzig,LONDON,"90,633 oak staves-Foy, Morgan, & Co.","Foy, Morgan, & Co.",19,Jan,1889,26,January,1889,True,standard_dash,0.9,"Jan. 19 Rosetta (s)-Danzig-90,633 oak staves-Foy, Morgan, & Co."
18890126p.65_p001.txt,96,Lavfruen,Laurvig,LONDON,"51,939 pcs. flooring, 346 scantlings-R. H. Dahl & Co.",R. H. Dahl & Co.,19,Jan,1889,26,January,1889,False,condensed,0.9,"Lavfruen-Laurvig-51,939 pcs. flooring, 346 scantlings-R. H. Dahl & Co."
18890126p.65_p001.txt,97,Howards,Memel,LONDON,"191,230 oak staves",,19,Jan,1889,26,January,1889,True,condensed,0.9,"Howards (s)-Memel-191,230 oak staves-Order"
18890126p.65_p001.txt,98,Tona,Uddevalla,LONDON,84 bdls. mouldings-S. Brown,S. Brown,19,Jan,1889,26,January,1889,True,condensed,0.9,Tona (s)-Uddevalla-84 bdls. mouldings-S. Brown
18890126p.65_p001.txt,100,Thorsten,Gothenburg,LONDON,"200 doors-Knudsen & Co. 604 doors-W. R. Crow & Son ; 2,358 pkgs. box boards-Order",Knudsen & Co.,21,Jan,1889,26,January,1889,True,standard_dash,0.9,"Jan. 21 Thorsten (s)-Gothenburg-200 doors-Knudsen & Co. ; 604 doors-W. R. Crow & Son ; 2,358 pkgs. box boards-Order"
18890126p.65_p001.txt,101,Uss,Memel,LONDON,"7,305 square redwood sleepers, 960 half-sleepers-Order",sleepers-Order,21,Jan,1889,26,January,1889,True,condensed,0.9,"Uss (s)-Memel-7,305 square redwood sleepers, 960 half-sleepers-Order"
18890126p.65_p001.txt,102,Ibano,Christiania,LONDON,217 bgs. blocks-J. Keen,J. Keen,21,Jan,1889,26,January,1889,True,condensed,0.9,Ibano (s)-Christiania-217 bgs. blocks-J. Keen
18890126p.65_p001.txt,103,Monkseaton,New York,LONDON,"400 oars-Cunningham, Shaw, & Co. 1,222 pcs. oak-Order","Cunningham, Shaw, & Co.",21,Jan,1889,26,January,1889,True,condensed,0.9,"Monkseaton (s)-New York-400 oars-Cunningham, Shaw, & Co. ; 1,222 pcs. oak-Order"
18890126p.65_p001.txt,104,Elm,Libau,LONDON,80 pcs. aspenwood-Arendt,Arendt,21,Jan,1889,26,January,1889,True,condensed,0.9,Elm (s)-Libau-80 pcs. aspenwood-Arendt
18890126p.65_p001.txt,105,New,York,LONDON,"3,193 pcs. and bdls. lumber-B. F. Dowdswell 1,066 pcs. and bdls. lumber-H. Herrmann ; 3,818 pcs. and bdls. lumber-C. Hofferberth ; 25 flitches oak, 3,600 staves, 1,250 handspikes, 899 pcs. lumber-Order",B. F. Dowdswell,21,Jan,1889,26,January,1889,False,condensed,0.9,"New York-3,193 pcs. and bdls. lumber-B. F. Dowdswell ; 1,066 pcs. and bdls. lumber-H. Herrmann ; 3,818 pcs. and bdls. lumber-C. Hofferberth ; 25 flitches oak, 3,600 staves, 1,250 handspikes, 899 pcs. lumber-Order"
18890126p.65_p001.txt,106,Born,Gothenburg,LONDON,"1,255 bdls. blocks, 30,530 boards-With, Webster, & Co. 879 pkgs. joinery, 515 bdls. boards-W. R. Crow & Sons ; 550 doors-J. Sandell & Co. ; 66 pkgs. turned wood-J. W. Uloth & Co. ; 18 pkgs. turned wood-Maxime & Co. ; 1,000 bdls. laths-Foy, Morgan, & Co. ; 1,360 bdls. staves-Order","With, Webster, & Co.",21,Jan,1889,26,January,1889,True,condensed,0.9,"Born (s)-Gothenburg-1,255 bdls. blocks, 30,530 boards-With, Webster, & Co. ; 879 pkgs. joinery, 515 bdls. boards-W. R. Crow & Sons ; 550 doors-J. Sandell & Co. ; 66 pkgs. turned wood-J. W. Uloth & Co. ; 18 pkgs. turned wood-Maxime & Co. ; 1,000 bdls. laths-Foy, Morgan, & Co. ; 1,360 bdls. staves-Order"
18890126p.65_p001.txt,108,Anna,Sundswall,LONDON,226 fms. firewood-R. H. Dahl & Co.,R. H. Dahl & Co.,18,Jan,1889,26,January,1889,False,standard_dash,0.9,Jan. 18 Anna-Sundswall-226 fms. firewood-R. H. Dahl & Co.
18890126p.65_p001.txt,110,Greece,New York,LONDON,700 doors,,22,Jan,1889,26,January,1889,True,standard_dash,0.9,Jan. 22 Greece (s)-New York-700 doors-Order
18890126p.65_p001.txt,112,Rether,Bremen,LONDON,275 planks beech,,21,Jan,1889,26,January,1889,True,standard_dash,0.9,Jan. 21 Rether (s)-Bremen-275 planks beech-Order
18890126p.65_p001.txt,115,Hampton,Memel,LONDON,"14,450 sleeper and 5,350 half sleeper blocks",,19,Jan,1889,26,January,1889,True,standard_dash,0.9,"Jan. 19 Hampton (s)-Memel-14,450 sleeper and 5,350 half sleeper blocks-Order"
18890126p.65_p001.txt,116,Albatross,Bordeaux,LONDON,"2,607 bdls. wood hoops",,22,Jan,1889,26,January,1889,True,condensed,0.9,"22 Albatross (s)-Bordeaux-2,607 bdls. wood hoops-Order"
18890126p.65_p001.txt,118,Fannie,Drammen,LONDON,"757,420 staves-Duus, Brown, & Co.","Duus, Brown, & Co.",22,Jan,1889,26,January,1889,False,standard_dash,0.9,"Jan. 22 Fannie-Drammen-757,420 staves-Duus, Brown, & Co."
18890126p.65_p001.txt,120,Joseph,Riga,LONDON,30 pcs. sawn fir-Lorenzen,Lorenzen,17,Jan,1889,26,January,1889,True,standard_dash,0.9,Jan. 17 Joseph (s)-Riga-30 pcs. sawn fir-Lorenzen
18890126p.65_p001.txt,122,Tangen,Krageroe,LYNN,"1,527 pcs. square timber, 917 props-W. J. Watson & Co.",W. J. Watson & Co.,17,Jan,1889,26,January,1889,False,standard_dash,1.0,"Jan. 17 Tangen-Krageroe-1,527 pcs. square timber, 917 props-W. J. Watson & Co."
18890126p.65_p001.txt,124,Brazilian,Bjorneborg,LYNN,"396,297 fir-Portland Cement Co.",Portland Cement Co.,15,Jan,1889,26,January,1889,False,standard_dash,1.0,"Jan. 15 Brazilian-Bjorneborg-396,297 fir-Portland Cement Co."
18890126p.65_p001.txt,125,M. B. Ismail,St. Nazaire,LYNN,7 lds. hewn wood-F. Reeves,F. Reeves,18,Jan,1889,26,January,1889,False,condensed,1.0,18 M. B. Ismail-St. Nazaire-7 lds. hewn wood-F. Reeves
18890126p.65_p001.txt,127,Scheldt,Bordeaux,NEWPORT,"1,000 lds. pitwood-Simkin Bros.",Simkin Bros.,16,Jan,1889,26,January,1889,True,standard_dash,1.0,"Jan. 16 Scheldt (s)-Bordeaux-1,000 lds. pitwood-Simkin Bros."
18890126p.65_p001.txt,128,Springbok,Bordeaux,NEWPORT,"700 lds. pitwood-Newport, Mon., Pitwood Co., Lim.","Newport, Mon., Pitwood Co., Lim.",16,Jan,1889,26,January,1889,True,condensed,1.0,"Springbok (s)-Bordeaux-700 lds. pitwood-Newport, Mon., Pitwood Co., Lim."
18890126p.65_p001.txt,129,Talona,Lorient,NEWPORT,"1,260 lds. pitwood-G. W. Jones, Heard, & Co.","G. W. Jones, Heard, & Co.",17,Jan,1889,26,January,1889,False,condensed,1.0,"17 Talona-Lorient-1,260 lds. pitwood-G. W. Jones, Heard, & Co."
18890126p.65_p001.txt,130,Thomas Coats,Bordeaux,NEWPORT,"908 lds. pitwood-Newport, Mon., Pitwood Co., Lim.","Newport, Mon., Pitwood Co., Lim.",16,Jan,1889,26,January,1889,True,condensed,1.0,"Thomas Coats (s)-Bordeaux-908 lds. pitwood-Newport, Mon., Pitwood Co., Lim."
18890126p.65_p001.txt,131,Gobi,Grimstad,NEWPORT,"222 lds. mining poles-Newport, Mon., Pitwood Co., Lim.","Newport, Mon., Pitwood Co., Lim.",16,Jan,1889,26,January,1889,False,condensed,0.9,"Gobi-Grimstad-222 lds. mining poles-Newport, Mon., Pitwood Co., Lim."
18890126p.65_p001.txt,132,Ragna,Risoer,NEWPORT,"477 lds. mining timber, 430 lds. pit props-R. Gething, jun., & Co.","R. Gething, jun., & Co.",16,Jan,1889,26,January,1889,False,condensed,0.9,"Ragna-Risoer-477 lds. mining timber, 430 lds. pit props-R. Gething, jun., & Co."
18890126p.65_p001.txt,133,Rival,Uleaborg,NEWPORT,"11,545 deals, battens, and boards-T. B. & S. Bathelor & Co.",T. B. & S. Bathelor & Co.,16,Jan,1889,26,January,1889,False,condensed,0.9,"Rival-Uleaborg-11,545 deals, battens, and boards-T. B. & S. Bathelor & Co."
18890126p.65_p001.txt,134,Lequeitio,Villagarcia,NEWPORT,700 lds. pitwood-Alfred H. Tapson & Co.,Alfred H. Tapson & Co.,18,Jan,1889,26,January,1889,False,condensed,0.9,18 Lequeitio-Villagarcia-700 lds. pitwood-Alfred H. Tapson & Co.
18890126p.65_p001.txt,135,Celestine,Lorient,NEWPORT,"145 lds. pitwood-G. W. Jones, Heard, & Co.","G. W. Jones, Heard, & Co.",18,Jan,1889,26,January,1889,False,condensed,0.9,"Celestine-Lorient-145 lds. pitwood-G. W. Jones, Heard, & Co."
18890126p.65_p001.txt,136,Rheingold,Bayonne,NEWPORT,800 lds. pitwood-Alfred H. Tapson & Co.,Alfred H. Tapson & Co.,19,Jan,1889,26,January,1889,True,condensed,0.9,19 Rheingold (s)-Bayonne-800 lds. pitwood-Alfred H. Tapson & Co.
18890126p.65_p001.txt,137,Noah,Risoer,NEWPORT,"200 lds. mining timber, 180 lds. pitwood-G. W. Jones, Heard, & Co.","G. W. Jones, Heard, & Co.",19,Jan,1889,26,January,1889,False,condensed,0.9,"Noah-Risoer-200 lds. mining timber, 180 lds. pitwood-G. W. Jones, Heard, & Co."
18890126p.65_p001.txt,139,Johanne,Danzig,NEWPORT,"305 oak scantlings-Fox, Eliott, & Co.","Fox, Eliott, & Co.",17,Jan,1889,26,January,1889,False,standard_dash,0.9,"Jan. 17 Johanne-Danzig-305 oak scantlings-Fox, Eliott, & Co."
18890126p.65_p001.txt,140,Eglantine,Hernossand,NEWPORT,"5,296 fir battens-James Bros.",James Bros.,19,Jan,1889,26,January,1889,False,condensed,0.9,"19 Eglantine-Hernossand-5,296 fir battens-James Bros."
18890126p.65_p001.txt,142,Meta,Gefle,NEWPORT,760 lds. firewood-Lillie,Lillie,17,Jan,1889,26,January,1889,False,standard_dash,0.9,Jan. 17 Meta-Gefle-760 lds. firewood-Lillie
18890126p.65_p001.txt,144,Friedrich Hartvig,Soderhamn,NEWPORT,"14,450 pit props-Pyman, Bell, & Co.","Pyman, Bell, & Co.",15,Jan,1889,26,January,1889,False,standard_dash,0.9,"Jan. 15 Friedrich Hartvig-Soderhamn-14,450 pit props-Pyman, Bell, & Co."
18890126p.65_p001.txt,145,Carolina,Warberg,NEWPORT,"15,914 pit props-Moller",Moller,16,Jan,1889,26,January,1889,False,condensed,0.9,"16 Carolina-Warberg-15,914 pit props-Moller"
18890126p.65_p001.txt,146,Emma,Warberg,NEWPORT,"10,528 pit props-Pyman",Pyman,15,Jan,1889,26,January,1889,False,condensed,0.9,"Emma-Warberg-10,528 pit props-Pyman"
18890126p.65_p001.txt,147,Otto Linck,Quebec,NEWPORT,"174 pcs. hewn oak, 144 pcs. hewn elm, 155 pcs. hewn pine, 334 pcs. hewn birch, 2,752 pcs. hewn deals, 1,854 sawn pine deals-Short Bros.",Short Bros.,17,Jan,1889,26,January,1889,False,condensed,0.9,"17 Otto Linck-Quebec-174 pcs. hewn oak, 144 pcs. hewn elm, 155 pcs. hewn pine, 334 pcs. hewn birch, 2,752 pcs. hewn deals, 1,854 sawn pine deals-Short Bros."
18890126p.65_p001.txt,148,Commercial,Rugenwalden,NEWPORT,"52,508 pit props-Rayner & Moller",Rayner & Moller,18,Jan,1889,26,January,1889,True,condensed,0.9,"18 Commercial (s)-Rugenwalden-52,508 pit props-Rayner & Moller"
18890126p.65_p001.txt,149,Nordboen,Memel,NEWPORT,"6,615 deals, battens, and boards-J. & W. Wilson & Sons",J. & W. Wilson & Sons,18,Jan,1889,26,January,1889,False,condensed,0.9,"Nordboen-Memel-6,615 deals, battens, and boards-J. & W. Wilson & Sons"
18890126p.65_p001.txt,150,Peder,Christiania,NEWPORT,"10,907 pit props-Atkinson",Atkinson,18,Jan,1889,26,January,1889,False,condensed,0.9,"Peder-Christiania-10,907 pit props-Atkinson"
18890126p.65_p001.txt,151,Pylades,Laurvig,NEWPORT,"9,620 pit props, 5,397 sleepers-Pyman, Bell, & Co.","Pyman, Bell, & Co.",18,Jan,1889,26,January,1889,False,condensed,0.9,"Pylades-Laurvig-9,620 pit props, 5,397 sleepers-Pyman, Bell, & Co."
18890126p.65_p001.txt,152,Ostendia,Oscarshamn,NEWPORT,"21,157 pit props-Rayner & Moller",Rayner & Moller,19,Jan,1889,26,January,1889,False,condensed,0.9,"19 Ostendia-Oscarshamn-21,157 pit props-Rayner & Moller"
18890126p.65_p001.txt,153,Neptun,Windau,NEWPORT,"10,290 pit props-Horsley",Horsley,19,Jan,1889,26,January,1889,False,condensed,0.9,"Neptun-Windau-10,290 pit props-Horsley"
18890126p.65_p001.txt,154,Niord,Warberg,NEWPORT,"34,674 pit props-Moller",Moller,19,Jan,1889,26,January,1889,False,condensed,0.9,"Niord-Warberg-34,674 pit props-Moller"
18890126p.65_p001.txt,155,Ojede,Christiania,NEWPORT,"2,170 spars, 22,332 sleepers-Marquis of Londonderry",Marquis of Londonderry,19,Jan,1889,26,January,1889,False,condensed,0.9,"Ojede - Christiania - 2,170 spars, 22,332 sleepers-Marquis of Londonderry"
18890126p.65_p001.txt,156,Sherbrom,Ostend,NEWPORT,"22,000 pit props-T. Reay",T. Reay,21,Jan,1889,26,January,1889,False,condensed,0.9,"21 Sherbrom-Ostend-22,000 pit props-T. Reay"
18890126p.65_p001.txt,157,Victoria,Christiania,NEWPORT,"15,744 spars-Marquis of Londonderry",Marquis of Londonderry,21,Jan,1889,26,January,1889,False,condensed,0.9,"Victoria-Christiania-15,744 spars-Marquis of Londonderry"
18890126p.65_p001.txt,159,Ruth,Tornea,NEWPORT,"9,768 deals, 30 ends, 76 pcs. sawn fir-Thomas, Watkins, & Jenkins","Thomas, Watkins, & Jenkins",16,Jan,1889,26,January,1889,False,standard_dash,0.9,"Jan. 16 Ruth-Tornea-9,768 deals, 30 ends, 76 pcs. sawn fir-Thomas, Watkins, & Jenkins"
18890126p.65_p001.txt,160,Leontine Amelie,Rochefort,NEWPORT,"220 lds. pitwood-North's Navigation Collieries, Lim.","North's Navigation Collieries, Lim.",17,Jan,1889,26,January,1889,False,condensed,0.9,"17 Leontine Amelie-Rochefort-220 lds. pitwood-North's Navigation Collieries, Lim."
18890126p.65_p001.txt,161,Esk,Bordeaux,NEWPORT,750 lds. pitwood-Powley,Powley,16,Jan,1889,26,January,1889,True,condensed,0.9,Esk (s)-Bordeaux-750 lds. pitwood-Powley
18890126p.65_p001.txt,162,Success,Riga,NEWPORT,"1,279 pcs. hewn fir, 2,210 pcs. lathwood-Gregor Bros.",Gregor Bros.,18,Jan,1889,26,January,1889,False,condensed,0.9,"18 Success-Riga-1,279 pcs. hewn fir, 2,210 pcs. lathwood-Gregor Bros."
18890126p.65_p001.txt,163,Louis Marie,Rochefort,NEWPORT,"178 lds. pitwood-Graigola Merthyr Co., Lim.","Graigola Merthyr Co., Lim.",16,Jan,1889,26,January,1889,False,condensed,0.9,"Louis Marie-Rochefort-178 lds. pitwood-Graigola Merthyr Co., Lim."
18890126p.65_p001.txt,164,Clara,Bordeaux,NEWPORT,50 lds. pitwood-Williams,Williams,19,Jan,1889,26,January,1889,False,condensed,0.9,19 Clara-Bordeaux-50 lds. pitwood-Williams
18890126p.65_p001.txt,165,La Gaite,Douarnenez,NEWPORT,160 lds. pitwood-William Davies & Co.,William Davies & Co.,19,Jan,1889,26,January,1889,False,condensed,0.9,La Gaite-Douarnenez-160 lds. pitwood-William Davies & Co.
18890126p.65_p001.txt,166,Notre Dame de Bon Secours,Arcachon,NEWPORT,160 lds. pitwood-Simkin Bros.,Simkin Bros.,21,Jan,1889,26,January,1889,False,condensed,0.9,21 Notre Dame de Bon Secours-Arcachon-160 lds. pitwood-Simkin Bros.
18890126p.65_p001.txt,168,Alma,Christiansand,TYNE,"5,461 crowntrees, 2,605 props, 7,465 battens and deals",,16,Jan,1889,26,January,1889,False,standard_dash,1.0,"Jan. 16 Alma-Christiansand-5,461 crowntrees, 2,605 props, 7,465 battens and deals-Order"
18890126p.65_p001.txt,169,Lepanto,NewYork,TYNE,"58 pcs. oak, 15 cs. blind laths, 435 pcs. oak lumber, 148 cs. handles, 256 bdls. shooks 10 cs. handles, 18 bdls. oars, 150 handspikes-C. Furness",,17,Jan,1889,26,January,1889,True,condensed,1.0,"17 Lepanto(s)-NewYork-58 pcs. oak, 15 cs. blind laths, 435 pcs. oak lumber, 148 cs. handles, 256 bdls. shooks-Order ; 10 cs. handles, 18 bdls. oars, 150 handspikes-C. Furness"
18890126p.65_p001.txt,170,Octavia,Quebec,TYNE,"167 oak logs, 112 elm logs, 33 ash logs, 10 red pine logs, 369 waney board logs, 318 square yellow logs, 154 birch logs, 3,505 yellow pine deals-Graham",Graham,18,Jan,1889,26,January,1889,False,condensed,1.0,"18 Octavia-Quebec-167 oak logs, 112 elm logs, 33 ash logs, 10 red pine logs, 369 waney board logs, 318 square yellow logs, 154 birch logs, 3,505 yellow pine deals-Graham"
18890126p.65_p001.txt,171,Oscar,Porsgrund,TYNE,"1,395 telegraph poles, 2,387 props",,19,Jan,1889,26,January,1889,False,condensed,1.0,"19 Oscar-Porsgrund-1,395 telegraph poles, 2,387 props-Order"
18890126p.65_p001.txt,172,Union,Aalborg,TYNE,18 bdls. brushwood,,21,Jan,1889,26,January,1889,True,condensed,0.9,21 Union (s)-Aalborg-18 bdls. brushwood-Order
18890126p.65_p001.txt,173,Grenadier,Rotterdam,TYNE,"3,991 bdls. willows, 640 bdls. hoops",,21,Jan,1889,26,January,1889,True,condensed,0.9,"Grenadier (s)-Rotterdam-3,991 bdls. willows, 640 bdls. hoops-Order"
18890126p.65_p001.txt,174,Talisman,Holmestrand,TYNE,"36,232 pit props",,21,Jan,1889,26,January,1889,False,condensed,0.9,"Talisman-Holmestrand-36,232 pit props-Order"
18890126p.65_p002.txt,1,Tjalf,Brevig,TYNE,"1,203 pcs. partly square timber, 1,123 pcs. round mining timber, 1,397 props",,21,Jan,1889,26,January,1889,False,condensed,0.9,"Tjalf-Brevig-1,203 pcs. partly square timber, 1,123 pcs. round mining timber, 1,397 props-Order"
18890126p.65_p002.txt,2,Haabets Anker,Langangfjord,TYNE,"912 pcs. partly square timber, 2,348 pcs. mining timber, 2,266 props",,21,Jan,1889,26,January,1889,False,condensed,0.9,"Haabets Anker-Langangfjord-912 pcs. partly square timber, 2,348 pcs. mining timber, 2,266 props-Order"
18890126p.65_p002.txt,3,Georg,Copenhagen,TYNE,100 bdls. hoops,,21,Jan,1889,26,January,1889,True,condensed,0.9,Georg (s)-Copenhagen-100 bdls. hoops-Order
18890126p.65_p002.txt,4,Arthur,Memel,TYNE,"4,560 round mining deals and deal ends-Clayton & Armstrong",Clayton & Armstrong,21,Jan,1889,26,January,1889,False,condensed,0.9,"Arthur-Memel-4,560 round mining deals and deal ends-Clayton & Armstrong"
18890126p.65_p002.txt,7,Ungdom Vennes,Pensacola,TYNE,"991 pcs. pitch pine, 311 deals-J. & W. Jackson",J. & W. Jackson,16,Jan,1889,26,January,1889,False,standard_dash,0.9,"Jan. 16 Ungdom Vennes-Pensacola-991 pcs. pitch pine, 311 deals-J. & W. Jackson"
18890126p.65_p002.txt,10,Anna,Gothenburg,TYNE,"16,705 deals, battens, and boards-Hiscox & Smith",Hiscox & Smith,16,Jan,1889,26,January,1889,False,standard_dash,0.9,"Jan. 16 Anna-Gothenburg-16,705 deals, battens, and boards-Hiscox & Smith"
18890126p.65_p002.txt,11,Oscar I.,St. Petersburg,TYNE,"7,898 deals and battens-Stanley, Bristowe, & Copley","Stanley, Bristowe, & Copley",17,Jan,1889,26,January,1889,False,condensed,0.9,"17 Oscar I.-St. Petersburg-7,898 deals and battens-Stanley, Bristowe, & Copley"
18890126p.65_p002.txt,14,Nyfast,GOTHENBURG,TYNE,"10,471 deals and battens-T. Saul & Sons",T. Saul & Sons,15,Jan,1889,26,January,1889,False,standard_dash,0.9,"Jan. 15 Nyfast-GOTHENBURG-10,471 deals and battens-T. Saul & Sons"
18890126p.65_p002.txt,17,Connal,Bordeaux,TYNE,226 bdls. hoops-J. C. Pinkerton,J. C. Pinkerton,17,Jan,1889,26,January,1889,False,standard_dash,0.9,Jan. 17 Wm. Connal-Bordeaux-226 bdls. hoops -J. C. Pinkerton
18890126p.65_p002.txt,20,Creosoted Wood,Blocks,TYNE,"For supply of creosoted wood blocks required for paving an area of 1,352 square yards of carriageway or thereabouts, for the Highways Committee of the Manchester Corporation. Particulars may be had on application at the Highways Office, Town Hall, Manchester.",,17,Jan,1889,26,January,1889,False,condensed,0.9,"Creosoted Wood Blocks-For supply of creosoted wood blocks required for paving an area of 1,352 square yards of carriageway or thereabouts, for the Highways Committee of the Manchester Corporation. Particulars may be had on application at the Highways Office, Town Hall, Manchester."
18890126p.65_p002.txt,47,Last week several accidents occurred at Mr. Statham's saw,"mills, Robin Hood. Mr. Warmby, who has lately left the mills, was walking on the premises, when he accidentally fell into a hot",LIVERPOOL,"water tank like a rib and fracture of his skull. The same day a youth named Statham, son of Mr. Statham, proprietor, narrowly escaped being killed by the trap by the horse of the mills. Mr. Henpy, one of his workmen, were also taking fright. Mr. Henpy's collar bone was broken, and he was removed to Derby Infirmary. Mr. Statham escaped with a severe shaking. Several accidents have lately occurred at the same mills.",,17,Jan,1889,26,January,1889,False,condensed,0.9,"Last week several accidents occurred at Mr. Statham's saw-mills, Robin Hood. Mr. Warmby, who has lately left the mills, was walking on the premises, when he accidentally fell into a hot-water tank like a rib and fracture of his skull. The same day a youth named Statham, son of Mr. Statham, proprietor, narrowly escaped being killed by the trap by the horse of the mills. Mr. Henpy, one of his workmen, were also taking fright. Mr. Henpy's collar bone was broken, and he was removed to Derby Infirmary. Mr. Statham escaped with a severe shaking. Several accidents have lately occurred at the same mills."
18890126p.65_p002.txt,66,Telegram,Address,TRY IT,"""SINGLETONS, GLASGOW.""",,17,Jan,1889,26,January,1889,False,condensed,0.9,"Telegram Address- ""SINGLETONS, GLASGOW."""
18890126p.65_p002.txt,71,Telegraphic,Address,TRY IT,"""EDMISTON,"" GLASGOW.",,17,Jan,1889,26,January,1889,False,condensed,0.9,"Telegraphic Address- ""EDMISTON,"" GLASGOW."
18890126p.65_p002.txt,77,Telegraphic,Address,TRY IT,"""TEAK,"" GLASGOW.",,17,Jan,1889,26,January,1889,False,condensed,0.9,"Telegraphic Address-""TEAK,"" GLASGOW."
18890202p.4.txt,12,Telegraphic,Address,MONTROSE,"""BEATTIE,"" LEITH.",,17,Jan,1889,2,February,1889,False,condensed,0.9,"Telegraphic Address—""BEATTIE,"" LEITH."
18890202p.4.txt,17,Telegraphic,Address,MONTROSE,"""HARDIE, LEITH.""",,17,Jan,1889,2,February,1889,False,condensed,0.9,"Telegraphic Address—""HARDIE, LEITH."""
18890202p.4.txt,27,Telegraphic,Address,MONTROSE,"""SUMMERS,"" LEITH.",,17,Jan,1889,2,February,1889,False,condensed,0.9,"Telegraphic Address—""SUMMERS,"" LEITH."
18890202p.4.txt,36,Timber Merchants and,Saw,DUNDEE,"millers, Wood Turners, Fret Cutters, Carvers",,17,Jan,1889,2,February,1889,False,condensed,0.9,"Timber Merchants and Saw-millers, Wood Turners, Fret Cutters, Carvers,"
18890202p.4.txt,41,Timber Merchants and,Saw,DUNDEE,millers,,17,Jan,1889,2,February,1889,False,condensed,0.9,"Timber Merchants and Saw-millers,"
18890202p.4.txt,44,Telegraphic,Address,DUNDEE,"""THOMSON, EDINBURGH.""",,17,Jan,1889,2,February,1889,False,condensed,0.9,"Telegraphic Address—""THOMSON, EDINBURGH."""
18890202p.4.txt,48,Christoph Kasten,Memel,DUNDEE,"43,200 oak staves-Geo. Pearson & Co. 1,200 oak staves-J. McDonald",Geo. Pearson & Co.,21,Jan,1889,2,February,1889,False,standard_dash,0.9,"Jan. 21 Christoph Kasten-Memel-43,200 oak staves-Geo. Pearson & Co.; 1,200 oak staves-J. McDonald"
18890202p.4.txt,49,Elisabeth Morton,Skien,DUNDEE,"26,619 pit props-Kirkwood & Co.",Kirkwood & Co.,25,Jan,1889,2,February,1889,False,condensed,0.9,"25 Elisabeth Morton-Skien-26,619 pit props-Kirkwood & Co."
18890202p.4.txt,51,Cuba,Oscarshamn,BORROWSTOUNNESS,"7,950 pit props-John S. Dymock Smith & Co.",John S. Dymock Smith & Co.,22,Jan,1889,2,February,1889,False,standard_dash,1.0,"Jan. 22 Cuba-Oscarshamn-7,950 pit props-John S. Dymock Smith & Co."
18890202p.4.txt,52,Dido,Porsgrund,BORROWSTOUNNESS,"5,233 pit props-Denholm",Denholm,27,Jan,1889,2,February,1889,False,condensed,1.0,"27 Dido-Porsgrund-5,233 pit props-Denholm"
18890202p.4.txt,53,Sleipner,Fredrikshald,BORROWSTOUNNESS,"73,465 pit props-Love & Stewart",Love & Stewart,28,Jan,1889,2,February,1889,False,condensed,1.0,"28 Sleipner-Fredrikshald-73,465 pit props-Love & Stewart"
18890202p.4.txt,55,Cynthia,Baltimore,BORROWSTOUNNESS,"14,559 staves-Edmiston & Mitchells 1,904 oak planks-R. Hamilton & Co.; 22 poplar logs-Allison, Cousland, & Co.; 29 logs black walnut-Order",Edmiston & Mitchells,23,Jan,1889,2,February,1889,False,standard_dash,0.9,"Jan. 23 Cynthia - Baltimore -14,559 staves - Edmiston & Mitchells; 1,904 oak planks-R. Hamilton & Co.; 22 poplar logs-Allison, Cousland, & Co.; 29 logs black walnut-Order"
18890202p.4.txt,56,Devonia,New York,BORROWSTOUNNESS,"629 pcs. oak lumber-J. Kennedy & Co. 10,250 barrel staves-Order",J. Kennedy & Co.,24,Jan,1889,2,February,1889,False,condensed,0.9,"24 Devonia-New York-629 pcs. oak lumber-J. Kennedy & Co.; 10,250 barrel staves-Order"
18890202p.4.txt,57,Scandinavian,Philadelphia,BORROWSTOUNNESS,"3,000 staves-Edmiston & Mitchells",Edmiston & Mitchells,24,Jan,1889,2,February,1889,False,condensed,0.9,"24 Scandinavian-Philadelphia-3,000 staves-Edmiston & Mitchells"
18890202p.4.txt,58,Castlehill,Fiume,BORROWSTOUNNESS,244 oak planks-Hamilton,Hamilton,28,Jan,1889,2,February,1889,False,condensed,0.9,28 Castlehill-Fiume-244 oak planks-Hamilton
18890202p.4.txt,60,Concordia,Riga,BORROWSTOUNNESS,"605 poles, 102 spars",,24,Jan,1889,2,February,1889,False,standard_dash,0.9,"Jan. 24 Concordia-Riga-605 poles, 102 spars-Order"
18890202p.4.txt,62,Gwent,Drontheim,BORROWSTOUNNESS,"15,155 deals and battens-Mitchell Thomson & Co.",Mitchell Thomson & Co.,24,Jan,1889,2,February,1889,False,standard_dash,0.9,"Jan. 24 Gwent-Drontheim-15,155 deals and battens-Mitchell Thomson & Co."
18890202p.4.txt,63,Frithiof,Gothenburg,BORROWSTOUNNESS,"73 lds. deals, 8,443 props-C. Salveson & Co.",C. Salveson & Co.,25,Jan,1889,2,February,1889,False,condensed,0.9,"25 Frithiof-Gothenburg-73 lds. deals, 8,443 props-C. Salveson & Co."
18890202p.4.txt,65,Dominico M.,Moulmein,GREENOCK,"1,100 squares teak timber-Thomson & Gray",Thomson & Gray,25,Jan,1889,2,February,1889,False,standard_dash,0.9,"Jan. 25 Dominico M. - Moulmein - 1,100 squares teak timber-Thomson & Gray"
18890202p.4.txt,66,Lanarkshire,Pensacola,GREENOCK,"462 pcs. square hewn pitch pine timber, 1,241 pcs. square sawn pitch pine timber, 811 pitch pine deals-McDowall & Neilson",McDowall & Neilson,28,Jan,1889,2,February,1889,False,condensed,0.9,"28 Lanarkshire-Pensacola-462 pcs. square hewn pitch pine timber, 1,241 pcs. square sawn pitch pine timber, 811 pitch pine deals-McDowall & Neilson"
18890202p.4.txt,68,Lunde,Gothenburg,GREENOCK,"10,430 pit props-Lochgelly Coal Co.",Lochgelly Coal Co.,24,Jan,1889,2,February,1889,False,standard_dash,0.9,"Jan. 24 Lunde-Gothenburg-10,430 pit props-Lochgelly Coal Co."
18890202p.4.txt,70,Mascotte,Rotterdam,GREENOCK,"4,220 bdls. hoopwood-Geo. Gibson & Co.",Geo. Gibson & Co.,24,Jan,1889,2,February,1889,False,standard_dash,0.9,"Jan. 24 Mascotte-Rotterdam-4,220 bdls. hoopwood-Geo. Gibson & Co."
18890202p.4.txt,71,Kinghorn,Rotterdam,GREENOCK,"1,530 bdls. hoopwood-Geo. Gibson & Co.",Geo. Gibson & Co.,26,Jan,1889,2,February,1889,False,condensed,0.9,"26 Kinghorn-Rotterdam-1,530 bdls. hoopwood-Geo. Gibson & Co."
18890202p.4.txt,84,Dealers,,GREENOCK,"in Mahogany, Lignum Vitæ, Walnut, Oaks, Wainscot, Whitewood, Birch, Cedar, Ash, &c., and Veneers.",,26,Jan,1889,2,February,1889,False,condensed,0.9,"Dealers in—Mahogany, Lignum Vitæ, Walnut, Oaks, Wainscot, Whitewood, Birch, Cedar, Ash, &c., and Veneers."
18890202p.4.txt,112,IT is now about twenty,,MEETING,"five years since it was proved possible to make practical use of wrapping papers from wood, and since then the manufacture of wood pulp has been developed and increased in all wood-producing countries.",producing countries.,26,Jan,1889,2,February,1889,False,condensed,0.9,"IT is now about twenty-five years since it was proved possible to make practical use of wrapping papers from wood, and since then the manufacture of wood-pulp has been developed and increased in all wood-producing countries."
18890202p.4.txt,121,Telegraphic,Address,DUNDEE,"""PATON,"" AYR.",,26,Jan,1889,2,February,1889,False,condensed,0.9,"Telegraphic Address— ""PATON,"" AYR."
18890202p.4.txt,139,Telegraphic,Address,DUNDEE,"""JOHN JESSE, DUNDEE.""",,26,Jan,1889,2,February,1889,False,condensed,0.9,"Telegraphic Address—""JOHN JESSE, DUNDEE."""
18890202p.81.txt,22,Sydney & Jane,Gefle,DUNDEE,"5,660 fir boards, 3,889 deals-P. & H. Lewis",P. & H. Lewis,26,Jan,1889,2,February,1889,False,standard_dash,0.9,"Jan. 26 Sydney & Jane-Gefle-5,660 fir boards, 3,889 deals-P. & H. Lewis"
18890202p.81.txt,25,Bertie,"Charleston, S.O.",BRISTOL,qty. staves,,24,Jan,1889,2,February,1889,False,standard_dash,0.9,"Jan. 24 Bertie-Charleston, S.O.-qty. staves-Order"
18890202p.81.txt,26,Dominion,"Portland, U.S.A.",BRISTOL,"312 cs. match splints-O. Hunt 9,894 bright pine deals-Jones & Wainwright",O. Hunt,24,Jan,1889,2,February,1889,True,condensed,0.9,"Dominion (s)-Portland, U.S.A.-312 cs. match splints-O. Hunt; 9,894 bright pine deals-Jones & Wainwright"
18890202p.81.txt,29,Kong Carl,Tvedestrand,BRISTOL,"6,347 pcs. hewn fir-C. Schroeter & Co.",C. Schroeter & Co.,24,Jan,1889,2,February,1889,False,standard_dash,0.9,"Jan. 24 Kong Carl-Tvedestrand-6,347 pcs. hewn fir-C. Schroeter & Co."
18890202p.81.txt,30,Fortuna,Christiansand,BRISTOL,"5,683 pcs. mining timber-Tellefsen, Wills, & Co.","Tellefsen, Wills, & Co.",25,Jan,1889,2,February,1889,False,condensed,0.9,"25 Fortuna-Christiansand-5,683 pcs. mining timber-Tellefsen, Wills, & Co."
18890202p.81.txt,31,Albatross,Krageroe,BRISTOL,"12,620 pcs. mining timber-Schroeter & Co.",Schroeter & Co.,24,Jan,1889,2,February,1889,False,condensed,0.9,"Albatross-Krageroe-12,620 pcs. mining timber-Schroeter & Co."
18890202p.81.txt,32,Verdandi,Bordeaux,BRISTOL,930 lds. pitwood-Simkin Bros.,Simkin Bros.,26,Jan,1889,2,February,1889,False,condensed,0.9,26 Verdandi-Bordeaux-930 lds. pitwood-Simkin Bros.
18890202p.81.txt,33,Ellida,Krageroe,BRISTOL,"6,279 pcs. mining timber-C. Schroeter & Co.",C. Schroeter & Co.,24,Jan,1889,2,February,1889,False,condensed,0.9,"Ellida-Krageroe-6,279 pcs. mining timber-C. Schroeter & Co."
18890202p.81.txt,34,Aludra,Bordeaux,BRISTOL,"1,400 lds. pitwood-Simkin Bros.",Simkin Bros.,28,Jan,1889,2,February,1889,False,condensed,0.9,"28 Aludra-Bordeaux-1,400 lds. pitwood-Simkin Bros."
18890202p.81.txt,35,Nordpol,Bordeaux,BRISTOL,"1,500 lds. pitwood-Simkin Bros.",Simkin Bros.,28,Jan,1889,2,February,1889,False,condensed,0.9,"Nordpol-Bordeaux-1,500 lds. pitwood-Simkin Bros."
18890202p.81.txt,39,Jernaes,Krageroe,BRISTOL,260 lds. mining timber-Simkin Bros.,Simkin Bros.,28,Jan,1889,2,February,1889,False,condensed,0.9,Jernaes-Krageroe-260 lds. mining timber-Simkin Bros.
18890202p.81.txt,40,Joseph,Bordeaux,BRISTOL,"1,160 lds. pitwood-Watts, Ward, & Co.","Watts, Ward, & Co.",28,Jan,1889,2,February,1889,True,condensed,0.9,"St. Joseph (s)-Bordeaux-1,160 lds. pitwood-Watts, Ward, & Co."
18890202p.81.txt,41,Odd,Tvedestrand,BRISTOL,"4,460 pcs. mining timber-C. Schroeter & Co.",C. Schroeter & Co.,28,Jan,1889,2,February,1889,False,condensed,0.9,"Odd-Tvedestrand-4,460 pcs. mining timber-C. Schroeter & Co."
18890202p.81.txt,42,Simon,Danzig,BRISTOL,"10,443 fir sleepers-Alexanders",Alexanders,28,Jan,1889,2,February,1889,False,condensed,0.9,"Simon-Danzig-10,443 fir sleepers-Alexanders"
18890202p.81.txt,43,Embla,Riga,BRISTOL,"14,267 fir battens-Alexanders",Alexanders,28,Jan,1889,2,February,1889,False,condensed,0.9,"Embla-Riga-14,267 fir battens-Alexanders"
18890202p.81.txt,45,Paulus,Porsgrund,BRISTOL,"1,372 pcs. hewn fir, 1,196 battens-G. Week & Co.",G. Week & Co.,25,Jan,1889,2,February,1889,False,standard_dash,0.9,"Jan. 25 Paulus-Porsgrund-1,372 pcs. hewn fir, 1,196 battens-G. Week & Co."
18890202p.81.txt,47,Ouse,Rotterdam,GOOLE,182 bdls. hoops-Goole Steam Shipping Co.,Goole Steam Shipping Co.,28,Jan,1889,2,February,1889,False,standard_dash,0.9,Jan. 28 Ouse-Rotterdam-182 bdls. hoops-Goole Steam Shipping Co.
18890202p.81.txt,49,Coral Queen,Gothenburg,GOOLE,"22,472 props, 4,909 poles, 2,088 boards, 6,764 bdls. laths-T. Barraclough",T. Barraclough,22,Jan,1889,2,February,1889,True,standard_dash,0.9,"Jan. 22 Coral Queen (s)-Gothenburg-22,472 props, 4,909 poles, 2,088 boards, 6,764 bdls. laths-T. Barraclough"
18890202p.81.txt,50,Nanna,Skien,GOOLE,"1,408 pcs. square timber, 28 telegraph poles, 549 props-E. A. Casper",E. A. Casper,23,Jan,1889,2,February,1889,False,condensed,0.9,"23 Nanna-Skien-1,408 pcs. square timber, 28 telegraph poles, 549 props-E. A. Casper"
18890202p.81.txt,51,Goteborg,Gothenburg,GOOLE,"1,400 props, 1,100 sleepers-G. Pyman & Co. 1,948 poles-Pyman, Bell, & Co.; 10,839 props-C. Nielsen & Son; 5,234 props, 1,343 poles-Victor Nilson & Co.",G. Pyman & Co.,26,Jan,1889,2,February,1889,True,condensed,0.9,"26 Goteborg (s)-Gothenburg-1,400 props, 1,100 sleepers-G. Pyman & Co.; 1,948 poles-Pyman, Bell, & Co.; 10,839 props-C. Nielsen & Son; 5,234 props, 1,343 poles-Victor Nilson & Co."
18890202p.81.txt,52,Nora,Memel,GOOLE,"37,818 oak staves-Pickford",Pickford,22,Jan,1889,2,February,1889,False,condensed,0.9,"Nora-Memel-37,818 oak staves-Pickford"
18890202p.81.txt,54,Seagull,Rotterdam,GOOLE,"1,850 pkgs. hoops",,25,Jan,1889,2,February,1889,True,standard_dash,0.9,"Jan. 25 Seagull (s)-Rotterdam-1,850 pkgs. hoops-Order"
18890202p.81.txt,55,Edith,Rotterdam,GOOLE,580 bdls. hoops,,26,Jan,1889,2,February,1889,True,condensed,0.9,26 Edith (s)-Rotterdam-580 bdls. hoops-Order
18890202p.81.txt,56,Angelo,Christiania,GOOLE,"661 pcs. timber, 6,000 bdls. staves-Wilson, Sons, & Co. 966 battens, 264 props-T. D. Holmes & Co.; 1,047 battens-Heaven & Kesterton","Wilson, Sons, & Co.",29,Jan,1889,2,February,1889,True,condensed,0.9,"29 Angelo (s)-Christiania-661 pcs. timber, 6,000 bdls. staves-Wilson, Sons, & Co.; 966 battens, 264 props-T. D. Holmes & Co.; 1,047 battens-Heaven & Kesterton"
18890202p.81.txt,57,Romeo,Gothenburg,GOOLE,"500 bdls. laths-Wilson, Sons, & Co. 2,400 props-Pope & Pearson; 700 bdls. staves-T. W. Allen; 1,000 bdls. laths, 1,190 deals-Order","Wilson, Sons, & Co.",25,Jan,1889,2,February,1889,True,condensed,0.9,"Romeo (s)-Gothenburg-500 bdls. laths-Wilson, Sons, & Co.; 2,400 props-Pope & Pearson; 700 bdls. staves-T. W. Allen; 1,000 bdls. laths, 1,190 deals-Order"
18890202p.81.txt,59,Statesman,New Orleans,LIVERPOOL,"189 pcs. oak lumber-J. Kennedy & Co. 1,227 staves-Drysdale Bros.",J. Kennedy & Co.,24,Jan,1889,2,February,1889,True,standard_dash,0.9,"Jan. 24 Statesman (s)-New Orleans-189 pcs. oak lumber-J. Kennedy & Co.; 1,227 staves-Drysdale Bros."
18890202p.81.txt,60,Darien,New Orleans,LIVERPOOL,"4,800 staves",,24,Jan,1889,2,February,1889,True,condensed,0.9,"Darien (s)-New Orleans-4,800 staves-Order"
18890202p.81.txt,61,Britannia,New York,LIVERPOOL,"4,940 pcs. lumber-Whiteside, Johns, & Co. 1,600 staves-Hattley Hay","Whiteside, Johns, & Co.",25,Jan,1889,2,February,1889,True,condensed,0.9,"25 Britannia (s)-New York-4,940 pcs. lumber-Whiteside, Johns, & Co.; 1,600 staves-Hattley Hay"
18890202p.81.txt,62,Onni,Pascagoula,LIVERPOOL,"405 pcs. hewn and 116 pcs. sawn pitch pine timber, 254 deals-Harrison, Robinson, & Co.","Harrison, Robinson, & Co.",24,Jan,1889,2,February,1889,False,condensed,0.9,"Onni-Pascagoula-405 pcs. hewn and 116 pcs. sawn pitch pine timber, 254 deals-Harrison, Robinson, & Co."
18890202p.81.txt,63,Wisconsin,New York,LIVERPOOL,32 cs. shuttle,,24,Jan,1889,2,February,1889,True,condensed,0.9,"Wisconsin (s)-New York-32 cs. shuttle-blocks, 1,907 bdls. cooperage, 2 bdls., 1 crt. oars-Order"
18890202p.81.txt,64,British Prince,Philadelphia,LIVERPOOL,"qty. staves-Drysdale Bros 57 crts. shuttlecocks, 36 sks. bobbin-heads-C. Gardner & Co.",Drysdale Bros,24,Jan,1889,2,February,1889,True,condensed,0.9,"British Prince (s)-Philadelphia-qty. staves-Drysdale Bros; 57 crts. shuttlecocks, 36 sks. bobbin-heads-C. Gardner & Co."
18890202p.81.txt,65,Alfarin,Fredrikstad,LIVERPOOL,"3,945 bdls. cask",,28,Jan,1889,2,February,1889,False,condensed,0.9,"28 Alfarin-Fredrikstad-3,945 bdls. cask-heads, 47,525 pcs. flooring boards-Order"
18890202p.81.txt,66,Vera,Danzig,LIVERPOOL,"2,567 pcs. red fir and white timber",,28,Jan,1889,2,February,1889,False,condensed,0.9,"Vera-Danzig-2,567 pcs. red fir and white timber-Order"
18890202p.81.txt,67,Wandrabm,"St. John, N.B.",LIVERPOOL,"23,328 deals and battens, 2,997 pcs. scantling, 4,324 deal ends, 1,486 boards-Farnworth & Jardine (deck cargo thrown overboard)",Farnworth & Jardine (deck cargo thrown overboard),28,Jan,1889,2,February,1889,False,condensed,0.9,"Wandrabm-St. John, N.B.-23,328 deals and battens, 2,997 pcs. scantling, 4,324 deal ends, 1,486 boards-Farnworth & Jardine (deck cargo thrown overboard)"
18890202p.81.txt,68,Michigan,Boston,LIVERPOOL,"15,000 staves-Hay",Hay,28,Jan,1889,2,February,1889,True,condensed,0.9,"Michigan (s)-Boston-15,000 staves-Hay"
18890202p.81.txt,69,Ivanhoe,Rotterdam,LIVERPOOL,"6,106 bdls. hoops, 100 shooks, 40 bdls. staves, 40 cks. heads and hoops",,28,Jan,1889,2,February,1889,True,condensed,0.9,"Ivanhoe (s)-Rotterdam-6,106 bdls. hoops, 100 shooks, 40 bdls. staves, 40 cks. heads and hoops-Order"
18890202p.81.txt,70,Vancouver,Portland,LIVERPOOL,"3,657 deals and ends-R. M. Cox & Co. from Halifax-33 cs. spools-D. B. Lawson & Co.",R. M. Cox & Co.,28,Jan,1889,2,February,1889,True,condensed,0.9,"Vancouver (s)-Portland-3,657 deals and ends-R. M. Cox & Co.; from Halifax-33 cs. spools-D. B. Lawson & Co."
18890202p.81.txt,71,Morgengoy,Risoer,LIVERPOOL,"6,551 pcs. mining timber, 1,575 pit props-Doward, Dickson, & Co.","Doward, Dickson, & Co.",28,Jan,1889,2,February,1889,False,condensed,0.9,"Morgengoy-Risoer-6,551 pcs. mining timber, 1,575 pit props-Doward, Dickson, & Co."
18890202p.81.txt,72,Erragon,Grimstad,LIVERPOOL,"557 pcs. mining timber-Brodersen, Vaughan, & Co.","Brodersen, Vaughan, & Co.",28,Jan,1889,2,February,1889,False,condensed,0.9,"Erragon-Grimstad-557 pcs. mining timber-Brodersen, Vaughan, & Co."
18890202p.81.txt,73,Normanvik,Risoer,LIVERPOOL,"8,584 pcs. mining timber, 1,879 props-Brodersen, Vaughan, & Co.","Brodersen, Vaughan, & Co.",28,Jan,1889,2,February,1889,False,condensed,0.9,"Normanvik-Risoer-8,584 pcs. mining timber, 1,879 props-Brodersen, Vaughan, & Co."
18890202p.81.txt,74,Bavarian,Boston,LIVERPOOL,"5 pkgs. spokes-Hamilton & Mills 5 pkgs. spokes-G. Shillitoe; 1,004 butt and 9,000 old staves-Hay",Hamilton & Mills,29,Jan,1889,2,February,1889,True,condensed,0.9,"29 Bavarian (s)-Boston-5 pkgs. spokes-Hamilton & Mills; 5 pkgs. spokes-G. Shillitoe; 1,004 butt and 9,000 old staves-Hay"
18890202p.81.txt,75,Cambodia,"Norfolk, Va.",LIVERPOOL,"3,500 staves",,29,Jan,1889,2,February,1889,True,condensed,0.9,"Cambodia (s)-Norfolk, Va.-3,500 staves-Order"
18890202p.81.txt,76,Kedar,Trieste,LIVERPOOL,"8,400 oak staves-Drysdale Bros. 295 wainscot logs-D. Gledden",Drysdale Bros.,29,Jan,1889,2,February,1889,True,condensed,0.9,"Kedar (s)-Trieste-8,400 oak staves-Drysdale Bros.; 295 wainscot logs-D. Gledden"
18890202p.81.txt,77,Gallia,New York,LIVERPOOL,"1,526 staves",,29,Jan,1889,2,February,1889,True,condensed,0.9,"Gallia (s)-New York-1,526 staves-Order"
18890202p.81.txt,78,Tulmar,Antwerp,LIVERPOOL,"100 ppe. planks, 741 creosoted sleepers, 500 telegraph posts",,30,Jan,1889,2,February,1889,True,condensed,0.9,"30 Tulmar (s)-Antwerp-100 ppe. planks, 741 creosoted sleepers, 500 telegraph posts-Order"
18890202p.81.txt,79,Ptolemy,New York,LIVERPOOL,985 maple rollers,,30,Jan,1889,2,February,1889,True,condensed,0.9,Ptolemy (s)-New York-985 maple rollers-Order
18890202p.81.txt,80,Spain,New York,LIVERPOOL,"2 bdls. boards, 25 cs. spokes, 26 cs. handles, 25 cs. wood, 3,500 staves",,30,Jan,1889,2,February,1889,True,condensed,0.9,"Spain (s)-New York-2 bdls. boards, 25 cs. spokes, 26 cs. handles, 25 cs. wood, 3,500 staves-Order"
18890202p.81.txt,83,Wladimir,Danzig,LONDON,"91 pcs. white and 778 pcs. redwood, 271 pcs. crossings-Churchill & Sim 10,405 oak staves-Foy, Morgan, & Co.",Churchill & Sim,25,Jan,1889,2,February,1889,False,standard_dash,0.9,"Jan. 25 Wladimir-Danzig-91 pcs. white and 778 pcs. redwood, 271 pcs. crossings-Churchill & Sim; 10,405 oak staves-Foy, Morgan, & Co."
18890202p.81.txt,84,Bertha,Sundswall,LONDON,162 fms. firewood-Leith,Leith,25,Jan,1889,2,February,1889,False,condensed,0.9,Bertha-Sundswall-162 fms. firewood-Leith
18890202p.81.txt,85,Vale,Drontheim,LONDON,"2,175 deals, 2,345 deals and battens, 129 fms. firewood, 20,620 slating battens-With, Webster, & Co.","With, Webster, & Co.",26,Jan,1889,2,February,1889,True,condensed,0.9,"26 Vale (s)-Drontheim-2,175 deals, 2,345 deals and battens, 129 fms. firewood, 20,620 slating battens-With, Webster, & Co."
18890202p.81.txt,86,Avena,Uddevalla,LONDON,"29 crts. trollis, 729 bdls. mouldings-Crow & Son 92 bdls. shutter laths-T. Brown",Crow & Son,25,Jan,1889,2,February,1889,True,condensed,0.9,"Avena (s)-Uddevalla-29 crts. trollis, 729 bdls. mouldings-Crow & Son; 92 bdls. shutter laths-T. Brown"
18890202p.81.txt,87,Garonne,Fredrikstad,LONDON,"1,671 bdls., 36,000 box boards, 37,159 floorings",,30,Jan,1889,2,February,1889,True,condensed,0.9,"30 Garonne (s)-Fredrikstad-1,671 bdls., 36,000 box boards, 37,159 floorings-Order"
18890202p.81.txt,92,Presto,Gothenburg,LONDON,"8,991 battens, and battens-M. Olsson & Son 6,392 deals-Berner & Neilsen",M. Olsson & Son,24,Jan,1889,2,February,1889,True,standard_dash,0.9,"Jan. 24 Presto (s)-Gothenburg-8,991 battens, and battens-M. Olsson & Son; 6,392 deals-Berner & Neilsen"
18890202p.81.txt,93,Richmond Hill,New York,LONDON,"3,653 pkgs. lumber",,26,Jan,1889,2,February,1889,True,condensed,0.9,"26 Richmond Hill (s)-New York-3,653 pkgs. lumber-Order"
18890202p.81.txt,94,Egyptian Monarch,New York,LONDON,"330 pcs. lumber-East & West 19,451 boards-F. Dowdeswell; 13 bdls. lumber-East Florida Land Company; 838 staves-Churchill & Sim; 1,400 bdls. staves-Hattley Hay; 528 bdls. headings, 6 crts., 735 bdls. staves-Order",East & West,24,Jan,1889,2,February,1889,True,condensed,0.9,"Egyptian Monarch (s)-New York-330 pcs. lumber-East & West; 19,451 boards-F. Dowdeswell; 13 bdls. lumber-East Florida Land Company; 838 staves-Churchill & Sim; 1,400 bdls. staves-Hattley Hay; 528 bdls. headings, 6 crts., 735 bdls. staves-Order"
18890202p.81.txt,95,Albert Edward,Gothenburg,LONDON,"13 cs. sashes, 216 pkgs. mouldings-Hunt, Lenchars, & Co. 14 cs., 12 cs., 46 bgs. wood-Uloth & Co.; 14 cs., 8 bgs. wood-Maxime & Co.; 500 bdls. laths-Great Eastern Railway Co.; 1,059 fms. firewood, 60 pkgs. chairs, 1,000 bdls. oars, 1 spar-Order","Hunt, Lenchars, & Co.",28,Jan,1889,2,February,1889,True,condensed,0.9,"28 Albert Edward (s)-Gothenburg-13 cs. sashes, 216 pkgs. mouldings-Hunt, Lenchars, & Co.; 14 cs., 12 cs., 46 bgs. wood-Uloth & Co.; 14 cs., 8 bgs. wood-Maxime & Co.; 500 bdls. laths-Great Eastern Railway Co.; 1,059 fms. firewood, 60 pkgs. chairs, 1,000 bdls. oars, 1 spar-Order"
18890202p.81.txt,96,Zaire,Trieste,LONDON,"173 oak planks, 435 wainscot logs",,24,Jan,1889,2,February,1889,True,condensed,0.9,"Zaire (s)-Trieste-173 oak planks, 435 wainscot logs-Order"
18890202p.81.txt,97,Panther,Christiania,LONDON,"88 cs. wood boards-O. Konig & Co. 209 cs. wood boards-J. Hamilton; 239 bgs. blocks-J. Keen; 2,013 poles-A. H. Carr & Co.; 682 no. poles, 328 spars-Tagart, Beaton, & Co.; 15,196 boards-Phillips & Penton; 10,175 boards, 5,402 bdls. box boards, 464 bdls. laths-Order",O. Konig & Co.,24,Jan,1889,2,February,1889,True,condensed,0.9,"Panther (s)-Christiania-88 cs. wood boards-O. Konig & Co.; 209 cs. wood boards-J. Hamilton; 239 bgs. blocks-J. Keen; 2,013 poles-A. H. Carr & Co.; 682 no. poles, 328 spars-Tagart, Beaton, & Co.; 15,196 boards-Phillips & Penton; 10,175 boards, 5,402 bdls. box boards, 464 bdls. laths-Order"
18890202p.81.txt,98,Durham,Trieste,LONDON,"7,162 oak parquets, 223 bdls., 1,954 oak planks from Fiume-262 oak planks, 199 bdls., 18,851 oak planks, 674 pcs. oak, 118 wainscot logs-Order",,29,Jan,1889,2,February,1889,True,condensed,0.9,"29 Durham (s)-Trieste-7,162 oak parquets, 223 bdls., 1,954 oak planks-Order; from Fiume-262 oak planks, 199 bdls., 18,851 oak planks, 674 pcs. oak, 118 wainscot logs-Order"
18890202p.81.txt,100,Borderer,Boston,LONDON,"518 bdls. lumber-C. A. Vogeler & Co. 376 pcs., 64 bdls. oak planks, 1,243 pcs. lumber-Order",C. A. Vogeler & Co.,29,Jan,1889,2,February,1889,True,standard_dash,0.9,"Jan. 29 Borderer (s)-Boston-518 bdls. lumber-C. A. Vogeler & Co.; 376 pcs., 64 bdls. oak planks, 1,243 pcs. lumber-Order"
18890202p.81.txt,102,Echo,Trouville,LONDON,"70 lds. pitwood-Nevill, Druce, & Co.","Nevill, Druce, & Co.",28,Jan,1889,2,February,1889,False,standard_dash,0.9,"Jan. 28 Echo-Trouville-70 lds. pitwood-Nevill, Druce, & Co."
18890202p.81.txt,104,Gobi,Grimstad,NEWPORT,"12 lds. fir boards, 5 lds. sawn fir-Newport (Mon.) Pitwood Co.",Newport (Mon.) Pitwood Co.,22,Jan,1889,2,February,1889,False,standard_dash,1.0,"Jan. 22 Gobi-Grimstad-12 lds. fir boards, 5 lds. sawn fir-Newport (Mon.) Pitwood Co."
18890202p.81.txt,105,Adour,Bayonne,NEWPORT,"1,100 lds. pitwood-A. Capelle",A. Capelle,22,Jan,1889,2,February,1889,True,condensed,1.0,"Adour (s)-Bayonne-1,100 lds. pitwood-A. Capelle"
18890202p.81.txt,106,Langet,Risoer,NEWPORT,520 lds. pit props-R. Gething,R. Gething,22,Jan,1889,2,February,1889,False,condensed,1.0,Langet-Risoer-520 lds. pit props-R. Gething
18890202p.81.txt,107,Lily,Redon,NEWPORT,240 lds. pit props-Ponsonby,Ponsonby,22,Jan,1889,2,February,1889,False,condensed,1.0,Lily-Redon-240 lds. pit props-Ponsonby
18890202p.81.txt,108,Emiliane,Hennebont,NEWPORT,175 lds. pitwood-Budd & Co.,Budd & Co.,26,Jan,1889,2,February,1889,False,condensed,0.9,26 Emiliane-Hennebont-175 lds. pitwood-Budd & Co.
18890202p.81.txt,109,Porro,Risoer,NEWPORT,"364 lds. mining timber-R. Gething, jun.","R. Gething, jun.",28,Jan,1889,2,February,1889,False,condensed,0.9,"28 Porro-Risoer-364 lds. mining timber-R. Gething, jun."
18890202p.81.txt,110,Joseph et Marie,Hennebont,NEWPORT,150 lds. pitwood-Budd & Co.,Budd & Co.,28,Jan,1889,2,February,1889,False,condensed,0.9,Joseph et Marie-Hennebont-150 lds. pitwood-Budd & Co.
18890202p.81.txt,111,Samuel Azelin,Pauillac,NEWPORT,110 lds. pitwood-Budd & Co.,Budd & Co.,28,Jan,1889,2,February,1889,False,condensed,0.9,Samuel Azelin-Pauillac-110 lds. pitwood-Budd & Co.
18890202p.81.txt,112,Orne,Fredrikstad,NEWPORT,"30,040 fir boards-Pickford & Co.",Pickford & Co.,28,Jan,1889,2,February,1889,False,condensed,0.9,"Orne-Fredrikstad-30,040 fir boards-Pickford & Co."
18890202p.81.txt,113,Rob the Ranter,La Tremblade,NEWPORT,"200 lds. pitwood-Partridge, Jones, & Co.","Partridge, Jones, & Co.",28,Jan,1889,2,February,1889,False,condensed,0.9,"Rob the Ranter-La Tremblade-200 lds. pitwood-Partridge, Jones, & Co."
18890202p.81.txt,115,Juno,Memel,NEWPORT,"800 pcs. hewn fir, 1,910 pcs. sawn fir-Tazart, Morgan, & Co.","Tazart, Morgan, & Co.",23,Jan,1889,2,February,1889,False,standard_dash,0.9,"Jan. 23 Juno-Memel-800 pcs. hewn fir, 1,910 pcs. sawn fir-Tazart, Morgan, & Co."
18890202p.81.txt,117,Hugin,Gothenburg,NEWPORT,"24,855 deals, battens, splits, and sleepers, 54,985 fir props-F. C. Huntley",F. C. Huntley,22,Jan,1889,2,February,1889,True,standard_dash,0.9,"Jan. 22 Hugin (s)-Gothenburg-24,855 deals, battens, splits, and sleepers, 54,985 fir props-F. C. Huntley"
18890202p.81.txt,118,Nordsoen,Memel,NEWPORT,77 pcs. hewn whitewood-J. & W. Wilson & Sons,J. & W. Wilson & Sons,23,Jan,1889,2,February,1889,False,condensed,0.9,23 Nordsoen-Memel-77 pcs. hewn whitewood-J. & W. Wilson & Sons
18890202p.81.txt,120,Atlantique,Bayonne,NEWPORT,700 lds. pitwood-A. Capelle,A. Capelle,22,Jan,1889,2,February,1889,True,standard_dash,0.9,Jan. 22 Atlantique (s)-Bayonne-700 lds. pitwood-A. Capelle
18890202p.81.txt,121,Ranee,Bordeaux,NEWPORT,187 lds. pitwood-Williams & Co.,Williams & Co.,22,Jan,1889,2,February,1889,True,condensed,0.9,Ranee (s)-Bordeaux-187 lds. pitwood-Williams & Co.
18890202p.81.txt,122,Valin,Bayonne,NEWPORT,"800 lds. pitwood-Ocean Co., North Navigating Co. Lim.","Ocean Co., North Navigating Co. Lim.",25,Jan,1889,2,February,1889,True,condensed,0.9,"25 Valin (s)-Bayonne-800 lds. pitwood-Ocean Co., North Navigating Co. Lim."
18890202p.81.txt,123,Narley,Nantes,NEWPORT,400 lds. pitwood-W. Bevan & Co.,W. Bevan & Co.,26,Jan,1889,2,February,1889,True,condensed,0.9,26 Narley (s)-Nantes-400 lds. pitwood-W. Bevan & Co.
18890202p.81.txt,124,Caroline Victorine,Douarnenez,NEWPORT,"110 lds. pitwood-Williams, Davies, & Co.","Williams, Davies, & Co.",28,Jan,1889,2,February,1889,False,condensed,0.9,"28 Caroline Victorine-Douarnenez-110 lds. pitwood-Williams, Davies, & Co."
18890202p.81.txt,126,Kong Frode,Christiania,NEWPORT,"540 lds. mining timber, 52 lds. pit props, 28 lds. crowntrees",,22,Jan,1889,2,February,1889,True,standard_dash,0.9,"Jan. 22 Kong Frode (s)-Christiania-540 lds. mining timber, 52 lds. pit props, 28 lds. crowntrees-Order"
18890202p.81.txt,127,Prospero,Christiania,NEWPORT,30 lds. mining timber from Laurvig-220 lds. pit props-Order; 83 lds. planed boards-James Scott,,22,Jan,1889,2,February,1889,True,condensed,0.9,Prospero (s)-Christiania-30 lds. mining timber-Order; from Laurvig-220 lds. pit props-Order; 83 lds. planed boards-James Scott
18890202p.81.txt,128,Viking,Gothenburg,NEWPORT,"140 lds. deals, battens, and boards, 200 lds. pit props, 130 lds. sleepers",,22,Jan,1889,2,February,1889,True,condensed,0.9,"Viking (s)-Gothenburg-140 lds. deals, battens, and boards, 200 lds. pit props, 130 lds. sleepers-Order"
18890202p.81.txt,129,Robert,Sandefjord,NEWPORT,"20,936 props",,23,Jan,1889,2,February,1889,False,condensed,0.9,"23 Robert-Sandefjord-20,936 props-Order"
18890202p.81.txt,130,Leon,Nantes,NEWPORT,488 deal ends,,25,Jan,1889,2,February,1889,False,condensed,0.9,25 Leon-Nantes-488 deal ends-Order
18890202p.81.txt,131,Grenadier,Rotterdam,NEWPORT,"71 bdls. basket rods, 5,577 hoops",,28,Jan,1889,2,February,1889,True,condensed,0.9,"28 Grenadier (s)-Rotterdam-71 bdls. basket rods, 5,577 hoops-Order"
18890202p.81.txt,132,Capella,Riga,NEWPORT,"5,998 deals, 483 deal ends-Farley, Clark, & Berkley","Farley, Clark, & Berkley",28,Jan,1889,2,February,1889,False,condensed,0.9,"Capella-Riga-5,998 deals, 483 deal ends-Farley, Clark, & Berkley"
18890202p.81.txt,133,Orrik,Gothenburg,NEWPORT,"1,838 battens",,28,Jan,1889,2,February,1889,True,condensed,0.9,"Orrik (s)-Gothenburg-1,838 battens-Order"
18890202p.81.txt,134,Admiral,Hamburg,NEWPORT,2 cs. mouldings,,29,Jan,1889,2,February,1889,True,condensed,0.9,29 Admiral (s)-Hamburg-2 cs. mouldings-Order
18890202p.81.txt,136,Alart,Pensacola,NEWPORT,"425 pcs. sawn fir, 150 pcs. hewn fir, 707 deals-English Bros.",English Bros.,22,Jan,1889,2,February,1889,False,standard_dash,0.9,"Jan. 22 Alart-Pensacola-425 pcs. sawn fir, 150 pcs. hewn fir, 707 deals-English Bros."
18890202p.81.txt,139,Lord Lansdowne,Baltimore,NEWPORT,"100 pcs. sawn oak, 21 walnut logs-Thos. Dixon",Thos. Dixon,24,Jan,1889,2,February,1889,False,standard_dash,0.9,"Jan. 24 Lord Lansdowne-Baltimore-100 pcs. sawn oak, 21 walnut logs-Thos. Dixon"
18890216p.211.txt,99,Freihandel,Pascagoula,FULLY SECURED,"1,367 pcs. sawn pitch pine, 349 pitch pine deals-Exors. of W. Gradwell",Exors. of W. Gradwell,5,Feb,1889,16,February,1889,False,standard_dash,0.9,"Feb. 5 Freihandel-Pascagoula-1,367 pcs. sawn pitch pine, 349 pitch pine deals-Exors. of W. Gradwell"
18890216p.211.txt,101,Glen Grant,Pensacola,FULLY SECURED,"100 pcs. hewn pitch pine, 800 pcs. sawn pitch pine, 771 deals-W. Williams",W. Williams,8,Feb,1889,16,February,1889,False,standard_dash,0.9,"Feb. 8 Glen Grant-Pensacola-100 pcs. hewn pitch pine, 800 pcs. sawn pitch pine, 771 deals-W. Williams"
18890216p.211.txt,103,Clara,Corunna,FULLY SECURED,"230 lds. pitwood-Manzanos, Cristobal, & Co.","Manzanos, Cristobal, & Co.",5,Feb,1889,16,February,1889,False,standard_dash,0.9,"Feb. 5 Clara-Corunna-230 lds. pitwood-Manzanos, Cristobal, & Co."
18890216p.211.txt,104,Eek,Bordeaux,FULLY SECURED,700 lds. pitwood-Powley,Powley,6,Feb,1889,16,February,1889,True,condensed,0.9,6 Eek (s)-Bordeaux-700 lds. pitwood-Powley
18890216p.211.txt,105,Dordogne,Bordeaux,FULLY SECURED,"800 lds. pitwood-Watts, Ward, & Co.","Watts, Ward, & Co.",5,Feb,1889,16,February,1889,True,condensed,0.9,"Dordogne (s)-Bordeaux-800 lds. pitwood-Watts, Ward, & Co."
18890216p.211.txt,106,Benjamin Whitworth,Bordeaux,FULLY SECURED,"1,050 lds. pitwood-L. & H. Gueret",L. & H. Gueret,7,Feb,1889,16,February,1889,False,condensed,0.9,"7 Benjamin Whitworth-Bordeaux-1,050 lds. pitwood-L. & H. Gueret"
18890216p.211.txt,107,Gironde,Bordeaux,FULLY SECURED,800 lds. pitwood-Simkin,Simkin,5,Feb,1889,16,February,1889,False,condensed,0.9,Gironde-Bordeaux-800 lds. pitwood-Simkin
18890216p.211.txt,108,Commandant Franchette,Bordeaux,FULLY SECURED,850 lds. pitwood-G. W. Jones Heard & Co.,G. W. Jones Heard & Co.,11,Feb,1889,16,February,1889,False,condensed,0.9,11 Commandant Franchette-Bordeaux-850 lds. pitwood-G. W. Jones Heard & Co.
18890216p.211.txt,110,Coral Queen,Gothenburg,FULLY SECURED,"35,960 props, 6,299 fir sleepers, 6,215 bdls. laths-T. Barraclough",T. Barraclough,5,Feb,1889,16,February,1889,True,standard_dash,0.9,"Feb. 5 Coral Queen (s)-Gothenburg-35,960 props, 6,299 fir sleepers, 6,215 bdls. laths-T. Barraclough"
18890216p.211.txt,111,Harry,Gothenburg,FULLY SECURED,"1,916 poles, 20,573 props-V. Nilsson & Co. 466 poles-Pyman, Bell, & Co.; 10,760 props-G. Pyman & Co.; 6,591 props-G. Horsley & Co.",V. Nilsson & Co.,6,Feb,1889,16,February,1889,True,condensed,0.9,"6 Harry (s)-Gothenburg-1,916 poles, 20,573 props-V. Nilsson & Co.; 466 poles-Pyman, Bell, & Co.; 10,760 props-G. Pyman & Co.; 6,591 props-G. Horsley & Co."
18890216p.211.txt,112,Lindholmen,Gothenburg,FULLY SECURED,"1,000 props-W. J. Watson & Co. 10,148 props, 3,466 poles, 10 pcs. hewn fir-Victor Nilsson & Co.; 1,029 poles-Pyman, Bell, & Co.; 55 lds. props-W. D. Coxon",W. J. Watson & Co.,11,Feb,1889,16,February,1889,True,condensed,0.9,"11 Lindholmen (s)-Gothenburg-1,000 props-W. J. Watson & Co.; 10,148 props, 3,466 poles, 10 pcs. hewn fir-Victor Nilsson & Co.; 1,029 poles-Pyman, Bell, & Co.; 55 lds. props-W. D. Coxon"
18890216p.211.txt,114,Macedonia,Baltimore,FULLY SECURED,"12,055 staves, 1,821 pcs. oak lumber-Bailey & Leetham",Bailey & Leetham,8,Feb,1889,16,February,1889,True,standard_dash,0.9,"Feb. 8 Macedonia (s)-Baltimore-12,055 staves, 1,821 pcs. oak lumber-Bailey & Leetham"
18890216p.211.txt,115,Swift,Rotterdam,FULLY SECURED,800 bdls. hoops-Hutchinson & Son,Hutchinson & Son,9,Feb,1889,16,February,1889,True,condensed,0.9,9 Swift (s)-Rotterdam-800 bdls. hoops-Hutchinson & Son
18890216p.211.txt,116,Hero,Gothenburg,FULLY SECURED,"3,666 props-Wilson, Sons, & Co. 4,159 props-H. Smith & Co.; 2,175 props-Pope & Pearson; 2,075 props-C. Wells & Co.; 3,095 props-T. W. Allen","Wilson, Sons, & Co.",8,Feb,1889,16,February,1889,True,condensed,0.9,"Hero (s)-Gothenburg-3,666 props-Wilson, Sons, & Co.; 4,159 props-H. Smith & Co.; 2,175 props-Pope & Pearson; 2,075 props-C. Wells & Co.; 3,095 props-T. W. Allen"
18890216p.211.txt,119,Joseph Somes,Libau,FULLY SECURED,£41 pcs. birchwood,,8,Feb,1889,16,February,1889,True,condensed,0.9,Joseph Somes (s)-Libau-£41 pcs. birchwood
18890216p.211.txt,120,Albert,Rotterdam,FULLY SECURED,"1,900 bdls. hoops",,11,Feb,1889,16,February,1889,True,condensed,0.9,"11 Albert (s)-Rotterdam-1,900 bdls. hoops-Order"
18890216p.211.txt,122,Romeo,Gothenburg,FULLY SECURED,"412 bdls. boards-Wilson, Sons, & Co. 2,439 bdls. boards-Ashdall","Wilson, Sons, & Co.",12,Feb,1889,16,February,1889,True,condensed,0.9,"12 Romeo (s)-Gothenburg-412 bdls. boards-Wilson, Sons, & Co.; 2,439 bdls. boards-Ashdall"
18890216p.211.txt,123,Adela,Falkenberg,FULLY SECURED,"7,603 pit props-C. Wells & Co.",C. Wells & Co.,12,Feb,1889,16,February,1889,True,condensed,0.9,"Adela (s)-Falkenberg-7,603 pit props-C. Wells & Co."
18890216p.211.txt,124,Angelo,Pillau,FULLY SECURED,"32 balks wood, 6,205 rollers, 2,824 props",,13,Feb,1889,16,February,1889,True,condensed,0.9,"13 Angelo (s)-Pillau-32 balks wood, 6,205 rollers, 2,824 props-Order"
18890216p.211.txt,126,Drysdale Bros.,New York,LIVERPOOL,600 staves-Wilson,Wilson,13,Feb,1889,16,February,1889,True,condensed,0.9,Drysdale Bros. (s)-New York-600 staves-Wilson
18890216p.211.txt,128,New,Orleans,LIVERPOOL,"1,200 staves",,13,Feb,1889,16,February,1889,False,condensed,0.9,"New Orleans-1,200 staves-Order"
18890216p.211.txt,129,MISSING_FROM_OCR,Rotterdam,LIVERPOOL,"64 bdls. wood headings, 16,101 bdls. hoops",,13,Feb,1889,16,February,1889,False,condensed,0.9,"Rotterdam-64 bdls. wood headings, 16,101 bdls. hoops-Order"
18890216p.211.txt,130,Thasmore,Baltimore,LIVERPOOL,"880 staves, 162 poplar boards-Farnworth & Jardine 12,565 shuttle blocks-Irvin & Sellers; 28,660 barrel staves-Order",Farnworth & Jardine,8,Feb,1889,16,February,1889,True,condensed,0.9,"8 Thasmore (s)-Baltimore-880 staves, 162 poplar boards-Farnworth & Jardine; 12,565 shuttle blocks-Irvin & Sellers; 28,660 barrel staves-Order"
18890216p.211.txt,131,Betnia,Fredrikstad,LIVERPOOL,"44,161 flooring boards, 227 oak heads",,8,Feb,1889,16,February,1889,False,condensed,0.9,"Betnia-Fredrikstad-44,161 flooring boards, 227 oak heads-Order"
18890216p.211.txt,132,Inventor,New Orleans,LIVERPOOL,98 pcs. oak lumber-Kennedy & Co.,Kennedy & Co.,9,Feb,1889,16,February,1889,True,condensed,0.9,9 Inventor (s)-New Orleans-98 pcs. oak lumber-Kennedy & Co.
18890216p.211.txt,133,Ivanhoe,Rotterdam,LIVERPOOL,"5,020 bdls. hoops",,11,Feb,1889,16,February,1889,True,condensed,0.9,"11 Ivanhoe (s)-Rotterdam-5,020 bdls. hoops-Order"
18890216p.211.txt,134,Republic,New York,LIVERPOOL,"1,809 staves",,11,Feb,1889,16,February,1889,True,condensed,0.9,"Republic (s)-New York-1,809 staves-Order"
18890216p.211.txt,135,Whiteside,New York,LIVERPOOL,"3,289 pcs. lumber-Johns, & Co. 40 crts. wood poles-Storey Bros. & Co.","Johns, & Co.",11,Feb,1889,16,February,1889,True,condensed,0.9,"Whiteside (s)-New York-3,289 pcs. lumber-Johns, & Co.; 40 crts. wood poles-Storey Bros. & Co."
18890216p.211.txt,136,Norseman,Boston,LIVERPOOL,"11,600 staves-Hattley Hay",Hattley Hay,11,Feb,1889,16,February,1889,True,condensed,0.9,"Norseman (s)-Boston-11,600 staves-Hattley Hay"
18890216p.211.txt,137,Sicilia,Norfolk,LIVERPOOL,"2,400 hhd. staves-Farnworth & Jardine",Farnworth & Jardine,11,Feb,1889,16,February,1889,True,condensed,0.9,"Sicilia (s)-Norfolk-2,400 hhd. staves-Farnworth & Jardine"
18890216p.211.txt,138,Sarnia,Portland,LIVERPOOL,"1 cs. and 1,525 ash shafts-W. Glassey 3,957 deals and deal ends-R. Cox & Co.",W. Glassey,12,Feb,1889,16,February,1889,True,condensed,0.9,"12 Sarnia (s)-Portland-1 cs. and 1,525 ash shafts-W. Glassey; 3,957 deals and deal ends-R. Cox & Co."
18890216p.211.txt,139,Italy,New York,LIVERPOOL,"43 cs. spokes, 674 hub blocks, 7 bdls. shooks, 1 bdl. headings, 1,760 staves",,12,Feb,1889,16,February,1889,True,condensed,0.9,"Italy (s)-New York-43 cs. spokes, 674 hub blocks, 7 bdls. shooks, 1 bdl. headings, 1,760 staves-Order"
18890216p.211.txt,140,Hattley Hay Lake Ontario,New York,LIVERPOOL,"17 cs. hubs-Remer, Nowell, & Co. 13 cs. spokes-E. Cook; 1,860 bdls. staves-Sutherland, Innes, & Co.; 1,470 doors-Carey & Co.","Remer, Nowell, & Co.",12,Feb,1889,16,February,1889,True,condensed,0.9,"Hattley Hay Lake Ontario (s)-New York-17 cs. hubs-Remer, Nowell, & Co.; 13 cs. spokes-E. Cook; 1,860 bdls. staves-Sutherland, Innes, & Co.; 1,470 doors-Carey & Co."
18890216p.211.txt,142,Haytian,New Orleans,LIVERPOOL,"1,200 ppe. and 600 hhd. staves",,12,Feb,1889,16,February,1889,True,condensed,0.9,"Haytian (s)-New Orleans-1,200 ppe. and 600 hhd. staves-Order"
18890216p.211.txt,143,Gallego,New Orleans,LIVERPOOL,"2,400 staves",,13,Feb,1889,16,February,1889,True,condensed,0.9,"13 Gallego (s)-New Orleans-2,400 staves-Order"
18890216p.211.txt,144,Cephalonia,Boston,LIVERPOOL,"600 butt and 10,800 staves-Drysdale Bros.",Drysdale Bros.,13,Feb,1889,16,February,1889,True,condensed,0.9,"Cephalonia (s)-Boston-600 butt and 10,800 staves-Drysdale Bros."
18890216p.211.txt,145,Oranmore,Baltimore,LIVERPOOL,"250 w.o. planks, and 5 ash logs-R. Coltart & Co. 21 poplar, 1,302 w.o. planks, 21,916 w.o. brl. staves-Order",R. Coltart & Co.,13,Feb,1889,16,February,1889,True,condensed,0.9,"Oranmore (s)-Baltimore-250 w.o. planks, and 5 ash logs-R. Coltart & Co.; 21 poplar, 1,302 w.o. planks, 21,916 w.o. brl. staves-Order"
18890216p.211.txt,146,Canopus,Newport News,LIVERPOOL,"59 cs. shuttle blocks-J. D. Smith 514 butt and 3,086 ppe. staves-Hattley Hay",J. D. Smith,13,Feb,1889,16,February,1889,True,condensed,0.9,"Canopus (s)-Newport News-59 cs. shuttle blocks-J. D. Smith; 514 butt and 3,086 ppe. staves-Hattley Hay"
18890216p.211.txt,147,Bifrost,Gothenburg,LIVERPOOL,"29 cs. broomhandles-J. Eyres & Sons 37,844 pit props-G. Horsley & Co.; 220 bdls. laths-J. Griggs & Co.; 33,855 broomhandles, 28 prs. oars, 2,000 bdls. laths-H. Sheraton & Co.; 20,891 staves-Order",J. Eyres & Sons,13,Feb,1889,16,February,1889,True,condensed,0.9,"Bifrost (s)-Gothenburg-29 cs. broomhandles-J. Eyres & Sons; 37,844 pit props-G. Horsley & Co.; 220 bdls. laths-J. Griggs & Co.; 33,855 broomhandles, 28 prs. oars, 2,000 bdls. laths-H. Sheraton & Co.; 20,891 staves-Order"
18890216p.211.txt,148,Peruvian,Baltimore,LIVERPOOL,"1 car staves-Farnworth & Jardine 2 cars staves-Hattley Hay; 183 bdls. boards, 1,419 oak planks-Order",Farnworth & Jardine,13,Feb,1889,16,February,1889,True,condensed,0.9,"Peruvian (s)-Baltimore-1 car staves-Farnworth & Jardine; 2 cars staves-Hattley Hay; 183 bdls. boards, 1,419 oak planks-Order"
18890216p.211.txt,151,MISSING_FROM_OCR,Memel,LONDON,"992 lds. timber, 10 m. staves",,13,Feb,1889,16,February,1889,False,condensed,0.9,"Memel-992 lds. timber, 10 m. staves-Order"
18890216p.211.txt,154,Order,New Orleans,LONDON,"2,820 staves",,7,Feb,1889,16,February,1889,True,condensed,0.9,"Order (s)-New Orleans-2,820 staves-Order"
18890216p.211.txt,156,Monarch,New York,LONDON,"2,876 pcs. lumber-C. Hofferberth 651 pkgs. and 1,092 pcs. lumber-B. F. Dowdeswell; 1,092 pcs. lumber-Order",C. Hofferberth,7,Feb,1889,16,February,1889,True,condensed,0.9,"Monarch (s)-New York-2,876 pcs. lumber-C. Hofferberth; 651 pkgs. and 1,092 pcs. lumber-B. F. Dowdeswell; 1,092 pcs. lumber-Order"
18890216p.211.txt,157,Rose,Memel,LONDON,"382 lds. timber, 151 pkgs. staves, &c.",,7,Feb,1889,16,February,1889,True,condensed,0.9,"Rose (s)-Memel-382 lds. timber, 151 pkgs. staves, &c.-Order"
18890216p.211.txt,158,MISSING_FROM_OCR,Gothenburg,LONDON,"151 pkgs. staves, &c.-Churchill & Sim 312 pkgs. timber-Order",Churchill & Sim,7,Feb,1889,16,February,1889,False,condensed,0.9,"Gothenburg-151 pkgs. staves, &c.-Churchill & Sim; 312 pkgs. timber-Order"
18890216p.211.txt,159,MISSING_FROM_OCR,Gothenburg,LONDON,"24,266 boards-With, Webster, & Co. 3,000 pkgs. laths, 800 pit props-Order","With, Webster, & Co.",7,Feb,1889,16,February,1889,False,condensed,0.9,"Gothenburg-24,266 boards-With, Webster, & Co.; 3,000 pkgs. laths, 800 pit props-Order"
18890216p.211.txt,160,MISSING_FROM_OCR,Christiania,LONDON,"290 bgs. blocks-J. B. Smith & Co. 2,000 boards-With, Webster, & Co.; 1,510 bdls. box boards-G. McCaul; 1,500 box boards-Order",J. B. Smith & Co.,7,Feb,1889,16,February,1889,False,condensed,0.9,"Christiania-290 bgs. blocks-J. B. Smith & Co.; 2,000 boards-With, Webster, & Co.; 1,510 bdls. box boards-G. McCaul; 1,500 box boards-Order"
18890216p.211.txt,161,MISSING_FROM_OCR,Gothenburg,LONDON,"700 doors 1,510 doors, 168 bdls. boards-W. R. Crow & Son; 1,500 bdls. boards-Order",,7,Feb,1889,16,February,1889,False,condensed,0.9,"Gothenburg-700 doors-Order; 1,510 doors, 168 bdls. boards-W. R. Crow & Son; 1,500 bdls. boards-Order"
18890216p.4.txt,24,Telegraphic,Address,GREENOCK,"""BEATTIE,"" LEITH.",,7,Feb,1889,16,February,1889,False,condensed,0.9,"Telegraphic Address—""BEATTIE,"" LEITH."
18890216p.4.txt,29,Telegraphic,Address,GREENOCK,"""HARDIE, LEITH.""",,7,Feb,1889,16,February,1889,False,condensed,0.9,"Telegraphic Address—""HARDIE, LEITH."""
18890216p.4.txt,39,Telegraphic,Address,GREENOCK,"""SUMMERS,"" LEITH.",,7,Feb,1889,16,February,1889,False,condensed,0.9,"Telegraphic Address—""SUMMERS,"" LEITH."
18890216p.4.txt,48,Timber Merchants and,Saw,DUNDEE,"millers, Wood Turners, Fret Cutters, Carvers, and Veneer Merchants",,7,Feb,1889,16,February,1889,False,condensed,0.9,"Timber Merchants and Saw-millers, Wood Turners, Fret Cutters, Carvers, and Veneer Merchants,"
18890216p.4.txt,58,Mordee,Windau,BORROWSTOUNNESS,"21,152 pcs. pitwood-Jas. Denholm & Co.",Jas. Denholm & Co.,11,Feb,1889,16,February,1889,True,standard_dash,1.0,"Feb. 11 Mordee (s)-Windau-21,152 pcs. pitwood—Jas. Denholm & Co."
18890216p.4.txt,61,Mascotte,Rotterdam,BORROWSTOUNNESS,60 bdls. hoops-G. Gibson & Co.,G. Gibson & Co.,8,Feb,1889,16,February,1889,False,standard_dash,1.0,Feb. 8 Mascotte-Rotterdam-60 bdls. hoops-G. Gibson & Co.
18890216p.4.txt,64,Austrian,Boston,BORROWSTOUNNESS,"4,800 staves-Wright & Breakenridge",Wright & Breakenridge,29,Jan,1889,16,February,1889,False,standard_dash,0.9,"Jan. 29 Austrian-Boston-4,800 staves—Wright & Breakenridge"
18890216p.4.txt,65,Emmeline,"Halifax, N.S.",BORROWSTOUNNESS,"1,566 birch deals, 350 birch ends, 11,081 spruce deals, 1,031 spruce ends-R. Hamilton & Co.",R. Hamilton & Co.,1,Feb,1889,16,February,1889,False,standard_dash,0.9,"Feb. 1 Emmeline-Halifax, N.S.-1,566 birch deals, 350 birch ends, 11,081 spruce deals, 1,031 spruce ends-R. Hamilton & Co."
18890216p.4.txt,66,Circe,Baltimore & Halifax,BORROWSTOUNNESS,"21 poplar logs-Edmiston & Mitchells 10,000 barrel staves, 626 pcs. oak lumber, 15 walnut logs, 2 car loads walnut boards-Order",Edmiston & Mitchells,1,Feb,1889,16,February,1889,False,condensed,0.9,"Circe-Baltimore & Halifax-21 poplar logs-Edmiston & Mitchells; 10,000 barrel staves, 626 pcs. oak lumber, 15 walnut logs, 2 car loads walnut boards-Order"
18890216p.4.txt,67,Carthaginian,Boston,BORROWSTOUNNESS,"12 maple logs-R. Hamilton & Co. 7,200 staves-Wright & Co.; 173 bags, 2 cases turned wood, 14 sacks, 47 bags bobbins, 19 sacks bobbin blocks, 50 pairs oar blocks-Order",R. Hamilton & Co.,4,Feb,1889,16,February,1889,False,condensed,0.9,"4 Carthaginian-Boston-12 maple logs-R. Hamilton & Co.; 7,200 staves-Wright & Co.; 173 bags, 2 cases turned wood, 14 sacks, 47 bags bobbins, 19 sacks bobbin blocks, 50 pairs oar blocks-Order"
18890216p.4.txt,68,Grefa,Gothenburg,BORROWSTOUNNESS,"1,000 bdls. laths",,6,Feb,1889,16,February,1889,False,condensed,0.9,"6 Grefa-Gothenburg-1,000 bdls. laths-Order"
18890216p.4.txt,69,Circassia,New York,BORROWSTOUNNESS,"100 oars-D. Derman & Co. 50 oars-Cunningham, Shaw, & Co.; 228 pcs. oak lumber-Jas. Kennedy & Co.; 3,200 brl. staves, 50 bdls. headings, 262 bdls. staves-Order",D. Derman & Co.,1,Feb,1889,16,February,1889,False,condensed,0.9,"Circassia-New York-100 oars-D. Derman & Co.; 50 oars-Cunningham, Shaw, & Co.; 228 pcs. oak lumber-Jas. Kennedy & Co.; 3,200 brl. staves, 50 bdls. headings, 262 bdls. staves-Order"
18890216p.4.txt,70,Niobe,Bordeaux,BORROWSTOUNNESS,740 bdls. staves,,1,Feb,1889,16,February,1889,False,condensed,0.9,Niobe-Bordeaux-740 bdls. staves-Order
18890216p.4.txt,71,State of Nebraska New,York,BORROWSTOUNNESS,420 pipe staves-R. Hamilton & Co. 450 oars Order,R. Hamilton & Co.,1,Feb,1889,16,February,1889,False,condensed,0.9,8 State of Nebraska New York-420 pipe staves-R. Hamilton & Co.; 450 oars Order
18890216p.4.txt,74,Stella B.,Moulmein,GREENOCK,"1,215 pcs. square timber",,28,Jan,1889,16,February,1889,False,standard_dash,0.9,"Jan. 28 Stella B.-Moulmein-1,215 pcs. square timber-Order"
18890216p.4.txt,88,Dealers,,GREENOCK,"in Mahogany, Lignum Vitæ, Walnuts, Oaks, Whitewood, Birch, Cedar, Ash, &c., and Veneers.",,28,Jan,1889,16,February,1889,False,condensed,0.9,"Dealers in—Mahogany, Lignum Vitæ, Walnuts, Oaks, Whitewood, Birch, Cedar, Ash, &c., and Veneers."
18890216p.4.txt,130,Telegraphic,Address,DUNDEE,"""PATON,"" AYR.",,28,Jan,1889,16,February,1889,False,condensed,0.9,"Telegraphic Address—""PATON,"" AYR."
18890216p.4.txt,132,Timber Merchants and,Saw,DUNDEE,millers,,28,Jan,1889,16,February,1889,False,condensed,0.9,"Timber Merchants and Saw-millers,"
18890216p.4.txt,149,Telegraphic,Address,DUNDEE,"""JOHN JESSIMAN.""",,28,Jan,1889,16,February,1889,False,condensed,0.9,"Telegraphic Address—""JOHN JESSIMAN."""
18890223p.231.txt,57,Special attention was called first to the,,DUNDEE,ex ception to the terminals in the railway schedules,,28,Jan,1889,23,February,1889,False,condensed,0.9,Special attention was called first to the ex- ception to the terminals in the railway schedules
18890223p.231.txt,116,Glen Groat,Pensacola,DUNDEE,"100 pcs. hewn pitch pine, 880 pcs. sawn pitch pine, 771 deals-J. & H. Lewis",J. & H. Lewis,18,Feb,1889,23,February,1889,False,standard_dash,0.9,"Feb. 18 Glen Groat—Pensacola—100 pcs. hewn pitch pine, 880 pcs. sawn pitch pine, 771 deals—J. & H. Lewis"
18890223p.231.txt,118,Cornucopia,Baltimore,BRISTOL,"253 pcs. oak-Holme, Wainwright, & Co. 5,200 brl. staves—Hattley Hay","Holme, Wainwright, & Co.",18,Feb,1889,23,February,1889,True,condensed,0.9,"Cornucopia (s)—Baltimore—253 pcs. oak—Holme, Wainwright, & Co.; 5,200 brl. staves—Hattley Hay"
18890223p.231.txt,119,Texas,Portland,BRISTOL,"6,987 spruce deals-Price, Walker, & Co. 1,283 pine deals—Taylor","Price, Walker, & Co.",18,Feb,1889,23,February,1889,True,condensed,0.9,"Texas (s)—Portland—6,987 spruce deals—Price, Walker, & Co.; 1,283 pine deals—Taylor"
18890223p.231.txt,121,Scheldt,Bordeaux,BRISTOL,900 lds. pitwood-Simkin Bros.,Simkin Bros.,12,Feb,1889,23,February,1889,False,standard_dash,0.9,Feb. 12 Scheldt—Bordeaux—900 lds. pitwood—Simkin Bros.
18890223p.231.txt,122,Albert,Bordeaux,BRISTOL,"1,200 lds. pitwood-Simkin Bros.",Simkin Bros.,13,Feb,1889,23,February,1889,True,condensed,0.9,"13 Albert (s)—Bordeaux—1,200 lds. pitwood—Simkin Bros."
18890223p.231.txt,123,Hercules,Bordeaux,BRISTOL,"1,000 lds. pitwood-Watts, Ward, & Co.","Watts, Ward, & Co.",15,Feb,1889,23,February,1889,True,condensed,0.9,"15 Hercules (s)—Bordeaux—1,000 lds. pitwood—Watts, Ward, & Co."
18890223p.231.txt,124,Avenire C.,Pensacola,BRISTOL,"1,352 pcs. pitch pine, 218 pitch pine deals-Watsons",Watsons,16,Feb,1889,23,February,1889,False,condensed,0.9,"16 Avenire C.—Pensacola—1,352 pcs. pitch pine, 218 pitch pine deals—Watsons"
18890223p.231.txt,125,Ouse,Bordeaux,BRISTOL,730 lds. pitwood-Simkin,Simkin,19,Feb,1889,23,February,1889,False,condensed,0.9,19 Ouse—Bordeaux—730 lds. pitwood—Simkin
18890223p.231.txt,126,Lotha,Bordeaux,BRISTOL,750 lds. pitwood-Jessen,Jessen,19,Feb,1889,23,February,1889,True,condensed,0.9,Lotha (s)—Bordeaux—750 lds. pitwood—Jessen
18890223p.231.txt,127,John and Albert,Bordeaux,BRISTOL,"1,280 lds. pitwood-Simkin Bros.",Simkin Bros.,19,Feb,1889,23,February,1889,False,condensed,0.9,"John and Albert—Bordeaux—1,280 lds. pitwood—Simkin Bros."
18890223p.231.txt,129,Heimdal,Tonsberg,GRIMSBY,"52,003 pcs. pitwood, 4 lds. pick hooks-Tangen & Walker",Tangen & Walker,16,Feb,1889,23,February,1889,False,standard_dash,0.9,"Feb. 16 Heimdal—Tonsberg—52,003 pcs. pitwood, 4 lds. pick hooks—Tangen & Walker"
18890223p.231.txt,130,Vestalinden,Porsgrund,GRIMSBY,"1,998 props-H. Haagensen & Co.",H. Haagensen & Co.,18,Feb,1889,23,February,1889,False,condensed,0.9,"18 Vestalinden—Porsgrund—1,998 props—H. Haagensen & Co."
18890223p.231.txt,132,Lindholmen,Gothenburg,GRIMSBY,"7,424 and 100 lds. props-G. Horsley & Co.",G. Horsley & Co.,12,Feb,1889,23,February,1889,True,standard_dash,0.9,"Feb. 12 Lindholmen (s)—Gothenburg—7,424 and 100 lds. props—G. Horsley & Co."
18890223p.231.txt,133,Goteborg,Gothenburg,GRIMSBY,"6,077 props G. Horsley & Co.",,12,Feb,1889,23,February,1889,True,condensed,0.9,"Goteborg (s)—Gothenburg—6,077 props G. Horsley & Co."
18890223p.231.txt,134,Hirum,Falkenberg,GRIMSBY,"6,825 props-Moller",Moller,13,Feb,1889,23,February,1889,False,condensed,0.9,"13 Hirum—Falkenberg—6,825 props—Moller"
18890223p.231.txt,135,Eva,Falkenberg,GRIMSBY,"13,305 props-Moller",Moller,12,Feb,1889,23,February,1889,False,condensed,0.9,"Eva—Falkenberg—13,305 props—Moller"
18890223p.231.txt,136,Goteborg,Gothenburg,GRIMSBY,"9,300 props-W. D. Coxon 4,197 props—W. J. Watson & Co.; 23,817 props—Victor Nilsson & Co.",W. D. Coxon,12,Feb,1889,23,February,1889,True,condensed,0.9,"Goteborg (s)—Gothenburg—9,300 props—W. D. Coxon; 4,197 props—W. J. Watson & Co.; 23,817 props—Victor Nilsson & Co."
18890223p.231.txt,137,Lindholmen,Gothenburg,GRIMSBY,"11,500 props-Victor Nills on & Co. 21,000 props—G. Pyman",Victor Nills on & Co.,12,Feb,1889,23,February,1889,False,condensed,0.9,"Lindholmen—Gothenburg—11,500 props—Victor Nills on & Co.; 21,000 props—G. Pyman"
18890223p.231.txt,138,Hiram,Drobak,GRIMSBY,"10,823 deals and boards, 14,935 props-F. A. Casper & Co.",F. A. Casper & Co.,12,Feb,1889,23,February,1889,False,condensed,0.9,"Hiram—Drobak—10,823 deals and boards, 14,935 props—F. A. Casper & Co."
18890223p.231.txt,139,New Granada,Skien,GRIMSBY,"3,277 pcs. hewn fir-Victor Nilsson & Co.",Victor Nilsson & Co.,12,Feb,1889,23,February,1889,False,condensed,0.9,"New Granada—Skien—3,277 pcs. hewn fir—Victor Nilsson & Co."
18890223p.231.txt,140,Tom,Porsgrund,GRIMSBY,"390 poles, 894 pcs. hewn fir-Wade, Sons, & Co.","Wade, Sons, & Co.",12,Feb,1889,23,February,1889,False,condensed,0.9,"Tom—Porsgrund—390 poles, 894 pcs. hewn fir—Wade, Sons, & Co."
18890223p.231.txt,141,Harry,Gothenburg,GRIMSBY,"4,000 poles, 894 props-Victor Nilsson & Co.",Victor Nilsson & Co.,12,Feb,1889,23,February,1889,True,condensed,0.9,"Harry (s)—Gothenburg—4,000 poles, 894 props—Victor Nilsson & Co."
18890223p.231.txt,142,Anna,Drobak,GRIMSBY,5 lds. firewood-Master,Master,12,Feb,1889,23,February,1889,False,condensed,0.9,Anna—Drobak—5 lds. firewood—Master
18890223p.231.txt,144,Normen,Skien,GRIMSBY,"1,195 telegraph poles, 4,058 pit props",,14,Feb,1889,23,February,1889,False,standard_dash,0.9,"Feb. 14 Normen—Skien—1,195 telegraph poles, 4,058 pit props—Order"
18890223p.231.txt,145,Hummalainen,Christiania,GRIMSBY,"3,275 pcs. round mining timber, 1,680 pit props",,14,Feb,1889,23,February,1889,False,condensed,0.9,"Hummalainen—Christiania—3,275 pcs. round mining timber, 1,680 pit props—Order"
18890223p.231.txt,146,Malmo,Gothenburg,GRIMSBY,"300 doors-Wilson, Sons, & Co. 3,058 props—H. Smith & Co.; 4,000 bdls. laths—Heaven & Kesterton; 1,000 bdls. laths—T. W. Allen; 4,762 props—Order","Wilson, Sons, & Co.",14,Feb,1889,23,February,1889,True,condensed,0.9,"Malmo (s)—Gothenburg—300 doors—Wilson, Sons, & Co.; 3,058 props—H. Smith & Co.; 4,000 bdls. laths—Heaven & Kesterton; 1,000 bdls. laths—T. W. Allen; 4,762 props—Order"
18890223p.231.txt,147,Palermo,Fiume,GRIMSBY,"434 boards, 24 logs-Wilson, Sons, & Co.","Wilson, Sons, & Co.",15,Feb,1889,23,February,1889,True,condensed,0.9,"15 Palermo (s)—Fiume—434 boards, 24 logs—Wilson, Sons, & Co."
18890223p.231.txt,148,Elizabeth Wilmann,Gothenburg,GRIMSBY,"5,828 deals-Bryson, Jameson, & Co.","Bryson, Jameson, & Co.",14,Feb,1889,23,February,1889,False,condensed,0.9,"Elizabeth Wilmann—Gothenburg—5,828 deals—Bryson, Jameson, & Co."
18890223p.231.txt,149,Malmo,Gothenburg,GRIMSBY,"7,009 props-Wilson, Sons, & Co. 3,080 bdls. laths—Heaven","Wilson, Sons, & Co.",14,Feb,1889,23,February,1889,True,condensed,0.9,"Malmo (s)—Gothenburg—7,009 props—Wilson, Sons, & Co.; 3,080 bdls. laths—Heaven"
18890223p.231.txt,150,Romeo,Christiania,GRIMSBY,"1,225 bdls. boards-Wilson, Sons, & Co. 487 pcs. timber—Heaven, Watt, & Co.; 3,748 battens, 7,392 boards—Heaven & Kesterton; 4,439 boards—Order","Wilson, Sons, & Co.",16,Feb,1889,23,February,1889,True,condensed,0.9,"16 Romeo (s)—Christiania—1,225 bdls. boards—Wilson, Sons, & Co.; 487 pcs. timber—Heaven, Watt, & Co.; 3,748 battens, 7,392 boards—Heaven & Kesterton; 4,439 boards—Order"
18890223p.231.txt,150,pcs.,,GRIMSBY,"timber Heaven, Watt, & Co.; 3,748 battens, 7,392 boards-Heaven & Kesterton 4,439 boards—Order",Heaven & Kesterton,16,Feb,1889,23,February,1889,False,condensed,0.9,"487 pcs. timber—Heaven, Watt, & Co.; 3,748 battens, 7,392 boards—Heaven & Kesterton; 4,439 boards—Order"
18890223p.231.txt,151,Cufic,New York,GRIMSBY,"2,400 staves",,16,Feb,1889,23,February,1889,True,condensed,0.9,"Cufic (s)—New York—2,400 staves—Order"
18890223p.231.txt,153,Holbein,New York,LIVERPOOL,"918 handspikes-Cunningham, Shaw, & Co. 1,250 pcs. firewood—Order","Cunningham, Shaw, & Co.",14,Feb,1889,23,February,1889,True,standard_dash,0.9,"Feb. 14 Holbein (s)—New York—918 handspikes—Cunningham, Shaw, & Co.; 1,250 pcs. firewood—Order"
18890223p.231.txt,154,Aurania,New York,LIVERPOOL,"4,667 pcs. lumber-J. Johns, & Co. 25 cs. handles, 2,892 ppe. and 6,105 w.o. staves—Order","J. Johns, & Co.",15,Feb,1889,23,February,1889,True,condensed,0.9,"15 Aurania (s)—New York—4,667 pcs. lumber—J. Johns, & Co.; 25 cs. handles, 2,892 ppe. and 6,105 w.o. staves—Order"
18890223p.231.txt,155,City of Berlin,New Orleans,LIVERPOOL,"1,739 staves-Drysdale",Drysdale,16,Feb,1889,23,February,1889,True,condensed,0.9,"16 City of Berlin (s)—New Orleans—1,739 staves—Drysdale"
18890223p.231.txt,156,British King,New York,LIVERPOOL,"516 Canadian butts-H. Hay 2 brs. wood—Davies, Turner, & Co.; 358 wood rollers—Barness & Co.",H. Hay,14,Feb,1889,23,February,1889,True,condensed,0.9,"British King (s)—New York—516 Canadian butts—H. Hay; 2 brs. wood—Davies, Turner, & Co.; 358 wood rollers—Barness & Co."
18890223p.231.txt,156,brs.,,LIVERPOOL,"wood Davies, Turner, & Co.; 358 wood rollers-Barness & Co.",Barness & Co.,14,Feb,1889,23,February,1889,False,condensed,0.9,"2 brs. wood—Davies, Turner, & Co.; 358 wood rollers—Barness & Co."
18890223p.231.txt,157,Ross-shire,Boston,LIVERPOOL,"18,000 old staves-H. Hay",H. Hay,18,Feb,1889,23,February,1889,True,condensed,0.9,"18 Ross-shire (s)—Boston—18,000 old staves—H. Hay"
18890223p.231.txt,158,Wyoming,Rotterdam,LIVERPOOL,"8,660 bdls. hoops",,18,Feb,1889,23,February,1889,True,condensed,0.9,"Wyoming (s)—Rotterdam—8,660 bdls. hoops—Order"
18890223p.231.txt,159,City of Berlin,Baltimore,LIVERPOOL,"467 pcs. lumber 338 boards, 620 pcs. lumber—E. Alcott; 1,453 pcs. oak—H. Hay; 4,216 hhd. staves—J. Hay; 129 oak and 1,194 w.o. brl. staves, 1,979 ppe. and 1,070 brl. staves, 375 cs. shuttle blocks—J. Hay",,18,Feb,1889,23,February,1889,True,condensed,0.9,"City of Berlin (s)—Baltimore—467 pcs. lumber—R. & Co.; 338 boards, 620 pcs. lumber—E. Alcott; 1,453 pcs. oak—H. Hay; 4,216 hhd. staves—J. Hay; 129 oak and 1,194 w.o. brl. staves, 1,979 ppe. and 1,070 brl. staves, 375 cs. shuttle blocks—J. Hay"
18890223p.231.txt,160,Wyoming,Boston,LIVERPOOL,"11,204 staves-Hay",Hay,19,Feb,1889,23,February,1889,True,condensed,0.9,"19 Wyoming (s)—Boston—11,204 staves—Hay"
18890223p.231.txt,161,Cuban,New York,LIVERPOOL,684 Canadian butts-H. Hay,H. Hay,19,Feb,1889,23,February,1889,True,condensed,0.9,Cuban (s)—New York—684 Canadian butts—H. Hay
18890223p.231.txt,162,Aurania,New York,LIVERPOOL,"2,576 staves",,19,Feb,1889,23,February,1889,True,condensed,0.9,"Aurania (s)—New York—2,576 staves—Order"
18890223p.231.txt,163,British King,Philadelphia,LIVERPOOL,476 pcs. oak lumber-J. Kennedy 17 cs. spokes—Richardson & Co.; 418 pcs. lumber—G. R. Turner; 23 cs. spokes—Order,J. Kennedy,19,Feb,1889,23,February,1889,True,condensed,0.9,British King (s)—Philadelphia—476 pcs. oak lumber—J. Kennedy; 17 cs. spokes—Richardson & Co.; 418 pcs. lumber—G. R. Turner; 23 cs. spokes—Order
18890223p.231.txt,163,cs.,,LIVERPOOL,spokes Richardson & Co.; 418 pcs. lumber-G. R. Turner 23 cs. spokes—Order,G. R. Turner,19,Feb,1889,23,February,1889,False,condensed,0.9,17 cs. spokes—Richardson & Co.; 418 pcs. lumber—G. R. Turner; 23 cs. spokes—Order
18890223p.231.txt,163,cs.,,LIVERPOOL,spokes Order,,19,Feb,1889,23,February,1889,False,condensed,0.9,23 cs. spokes—Order
18890223p.231.txt,164,Ross,,LIVERPOOL,shire Brunswick,,19,Feb,1889,23,February,1889,False,condensed,0.9,Ross-shire—Brunswick—35 stds. timber—Order
18890223p.231.txt,165,Wyoming,New York,LIVERPOOL,"4,157 bdls. cooperage",,19,Feb,1889,23,February,1889,True,condensed,0.9,"19 Wyoming (s)—New York—4,157 bdls. cooperage—Order"
18890223p.231.txt,166,City of Berlin,New York,LIVERPOOL,"12 crts. handles-Richardson, Spence, & Co. 1,800 ppe. and 500 hhd. staves, 500 Canada butts—Hattley Hay","Richardson, Spence, & Co.",19,Feb,1889,23,February,1889,True,condensed,0.9,"City of Berlin (s)—New York—12 crts. handles—Richardson, Spence, & Co.; 1,800 ppe. and 500 hhd. staves, 500 Canada butts—Hattley Hay"
18890223p.231.txt,166,Canada,,LIVERPOOL,butts Hattley Hay,,19,Feb,1889,23,February,1889,False,condensed,0.9,Canada butts—Hattley Hay
18890223p.231.txt,167,Cuban,New Orleans,LIVERPOOL,"1,000 staves",,19,Feb,1889,23,February,1889,True,condensed,0.9,"Cuban (s)—New Orleans—1,000 staves—Order"
18890223p.231.txt,168,Circassian,Portland,LIVERPOOL,"505 pcs. ash scantling, 2,802 deals",,19,Feb,1889,23,February,1889,True,condensed,0.9,"Circassian (s)—Portland—505 pcs. ash scantling, 2,802 deals—Order"
18890223p.231.txt,169,Emiliano,New Orleans,LIVERPOOL,"1,200 staves",,20,Feb,1889,23,February,1889,True,condensed,0.9,"20 Emiliano (s)—New Orleans—1,200 staves—Order"
18890223p.231.txt,170,Cufic,New York,LIVERPOOL,"2,375 staves-Hattley Hay 14,143 pcs. lumber—Whiteside",Hattley Hay,20,Feb,1889,23,February,1889,True,condensed,0.9,"Cufic (s)—New York—2,375 staves—Hattley Hay; 14,143 pcs. lumber—Whiteside"
18890223p.231.txt,171,Minnehaha,Pensacola,LIVERPOOL,"1,082 pcs. pitch pine, 277 deals-Farnworth & Jardine",Farnworth & Jardine,20,Feb,1889,23,February,1889,False,condensed,0.9,"Minnehaha—Pensacola—1,082 pcs. pitch pine, 277 deals—Farnworth & Jardine"
18890223p.231.txt,174,Helvetia,Drammen,LONDON,"47,823 floorings and battens-Simson & Mason 2 fms. firewood—Order",Simson & Mason,16,Feb,1889,23,February,1889,True,standard_dash,0.9,"Feb. 16 Helvetia (s)—Drammen—47,823 floorings and battens—Simson & Mason; 2 fms. firewood—Order"
18890223p.231.txt,174,fms.,,LONDON,firewood Order,,16,Feb,1889,23,February,1889,False,condensed,0.9,2 fms. firewood—Order
18890223p.231.txt,175,Loreid,Skien,LONDON,"198 stds. boards, 21 fms. firewood",,18,Feb,1889,23,February,1889,False,condensed,0.9,"18 Loreid—Skien—198 stds. boards, 21 fms. firewood—Order"
18890223p.231.txt,176,Cyprus,Drontheim,LONDON,"18,403 deals and ends, 55,760 bdls. case-boards—Order",boards—Order,20,Feb,1889,23,February,1889,True,condensed,0.9,"20 Cyprus (s)—Drontheim—18,403 deals and ends, 55,760 bdls. case-boards—Order"
18890223p.231.txt,178,Ashburne,New York,LONDON,"972 pcs. oak-W. F. Dowdeswell 3,858 pcs. and pkgs. lumber—H. Herrmann",W. F. Dowdeswell,15,Feb,1889,23,February,1889,True,standard_dash,0.9,"Feb. 15 Ashburne (s)—New York—972 pcs. oak—W. F. Dowdeswell; 3,858 pcs. and pkgs. lumber—H. Herrmann"
18890223p.231.txt,179,Glengail,Baltimore,LONDON,"12 bdls., 9,786 no. staves, 5,942 poplar and 6,601 oak boards",,16,Feb,1889,23,February,1889,True,condensed,0.9,"16 Glengail (s)—Baltimore—12 bdls., 9,786 no. staves, 5,942 poplar and 6,601 oak boards—Order"
18890223p.231.txt,180,Albano,Christiania,LONDON,"201 bgs. brush blocks-J. Keen 503 poles, 200 spars, 3,055 boards, 205 boathooks—With, Webster, & Co.",J. Keen,18,Feb,1889,23,February,1889,True,condensed,0.9,"18 Albano (s)—Christiania—201 bgs. brush blocks—J. Keen; 503 poles, 200 spars, 3,055 boards, 205 boathooks—With, Webster, & Co."
18890223p.231.txt,181,Sweden,Gothenburg,LONDON,"50 prs. barge oars-Smeede, Drowe, & Co. 75 prs. barge oars—M. G. Freebody; 25,286 planed board—With, Webster, & Co.; 27 fms. firewood—Order","Smeede, Drowe, & Co.",15,Feb,1889,23,February,1889,True,condensed,0.9,"Sweden (s)—Gothenburg—50 prs. barge oars—Smeede, Drowe, & Co.; 75 prs. barge oars—M. G. Freebody; 25,286 planed board—With, Webster, & Co.; 27 fms. firewood—Order"
18890223p.231.txt,181,prs. barge,,LONDON,"oars M. G. Freebody; 25,286 planed board-With, Webster, & Co. 27 fms. firewood—Order","With, Webster, & Co.",15,Feb,1889,23,February,1889,False,condensed,0.9,"75 prs. barge oars—M. G. Freebody; 25,286 planed board—With, Webster, & Co.; 27 fms. firewood—Order"
18890223p.231.txt,181,fms.,,LONDON,firewood Order,,15,Feb,1889,23,February,1889,False,condensed,0.9,27 fms. firewood—Order
18890223p.231.txt,184,Aberdeen,New York,LONDON,"400 oars-Cunningham, Shaw, & Co. 2,485 pkgs. timber—H. Herrmann; 794 pkgs. timber, 61 bdls. sticks, 8,540 bdls. staves, 298 bdls. headings—Order","Cunningham, Shaw, & Co.",16,Feb,1889,23,February,1889,True,standard_dash,0.9,"Feb. 16 Aberdeen (s)—New York—400 oars—Cunningham, Shaw, & Co.; 2,485 pkgs. timber—H. Herrmann; 794 pkgs. timber, 61 bdls. sticks, 8,540 bdls. staves, 298 bdls. headings—Order"
18890223p.231.txt,186,Pascal,New York,LONDON,"1,288 pkgs. lumber-H. Herrmann 4,855 doors, 116 bdls. oak, 31 bdls. lumber—Order",H. Herrmann,15,Feb,1889,23,February,1889,True,standard_dash,0.9,"Feb. 15 Pascal (s)—New York—1,288 pkgs. lumber—H. Herrmann; 4,855 doors, 116 bdls. oak, 31 bdls. lumber—Order"
18890223p.231.txt,187,Bessarabia,Boston,LONDON,"103 pcs. birch timber, 37 bxs. basswood",,16,Feb,1889,23,February,1889,True,condensed,0.9,"16 Bessarabia (s)—Boston—103 pcs. birch timber, 37 bxs. basswood—Order"
18890223p.231.txt,188,Damara,Halifax,LONDON,"221 cs. splints-G. Boor & Co. 1,654 cs. splints—Bryant & May; 195 bdls. mouldings—G. Davenport",G. Boor & Co.,19,Feb,1889,23,February,1889,True,condensed,0.9,"19 Damara (s)—Halifax—221 cs. splints—G. Boor & Co.; 1,654 cs. splints—Bryant & May; 195 bdls. mouldings—G. Davenport"
18890223p.231.txt,190,Courier,Fredrikstad,LONDON,"5 fms. firewood-With, Webster, & Co. 370 slating battens, 20,767 boards, 10,554 boards and scantlings, 22,748 bdls. boxwood, 1,455 bdls. plasterers’ lathe—Order","With, Webster, & Co.",14,Feb,1889,23,February,1889,True,standard_dash,0.9,"Feb. 14 Courier (s)—Fredrikstad—5 fms. firewood—With, Webster, & Co.; 370 slating battens, 20,767 boards, 10,554 boards and scantlings, 22,748 bdls. boxwood, 1,455 bdls. plasterers’ lathe—Order"
18890223p.231.txt,192,Gleaner,Laurvig,LONDON,"520,340 staves-Duus, Brown, & Co.","Duus, Brown, & Co.",18,Feb,1889,23,February,1889,False,standard_dash,0.9,"Feb. 18 Gleaner—Laurvig—520,340 staves—Duus, Brown, & Co."
18890223p.231.txt,194,Foldin,Skien,LONDON,"1,215 pcs. square timber-W. J. Watson & Co.",W. J. Watson & Co.,18,Feb,1889,23,February,1889,True,standard_dash,0.9,"Feb. 18 Foldin (s)—Skien—1,215 pcs. square timber—W. J. Watson & Co."
18890223p.231.txt,196,Mindora,Bjorneborg,LONDON,"26,820 deals and battens, 4 lds. firewood-St. John Hunt",St. John Hunt,13,Feb,1889,23,February,1889,False,standard_dash,0.9,"Feb. 13 Mindora—Bjorneborg—26,820 deals and battens, 4 lds. firewood—St. John Hunt"
18890223p.231.txt,198,Albert,Bordeaux,NEWPORT,750 lds. pitwood-Alfred H. Tapson & Co.,Alfred H. Tapson & Co.,14,Feb,1889,23,February,1889,True,standard_dash,1.0,Feb. 14 Albert (s)—Bordeaux—750 lds. pitwood—Alfred H. Tapson & Co.
18890223p.231.txt,199,Johan Sverdrup,Warberg,NEWPORT,104 lds. pit props-Tredegar Co.,Tredegar Co.,14,Feb,1889,23,February,1889,False,condensed,1.0,Johan Sverdrup—Warberg—104 lds. pit props—Tredegar Co.
18890223p.231.txt,200,Fiducia,Pensacola,NEWPORT,"840 pcs. sawn pitch pine, 458 sawn pitch pine planks-Batchelor",Batchelor,14,Feb,1889,23,February,1889,False,condensed,1.0,"Fiducia—Pensacola—840 pcs. sawn pitch pine, 458 sawn pitch pine planks—Batchelor"
18890223p.231.txt,201,Migrethe,Hennebont,NEWPORT,205 lds. pitwood-Budd,Budd,14,Feb,1889,23,February,1889,False,condensed,1.0,Migrethe—Hennebont—205 lds. pitwood—Budd
18890223p.231.txt,202,Paul,Hennebont,NEWPORT,201 lds. pit props-Budd,Budd,14,Feb,1889,23,February,1889,False,condensed,0.9,Paul—Hennebont—201 lds. pit props—Budd
18890223p.231.txt,204,River,Nith,NEWPORT,San Francisco 30 lds. sawn fir-W. F. Adam,W. F. Adam,14,Feb,1889,23,February,1889,False,standard_dash,0.9,Feb. 14 River Nith—San Francisco 30 lds. sawn fir—W. F. Adam
18890223p.231.txt,205,Penelope,Drammen,NEWPORT,"38,144 pcs. sawn fir-Fox, Eliott, & Co.","Fox, Eliott, & Co.",14,Feb,1889,23,February,1889,False,condensed,0.9,"Penelope—Drammen—38,144 pcs. sawn fir—Fox, Eliott, & Co."
18890223p.231.txt,206,Trio,Christiansand,NEWPORT,"27,410 pcs. sawn fir-James Bros.",James Bros.,14,Feb,1889,23,February,1889,False,condensed,0.9,"Trio Christiansand—27,410 pcs. sawn fir—James Bros."
18890223p.231.txt,208,Alpha,Drammen,NEWPORT,"31,555 battens and boards-H. Moody",H. Moody,18,Feb,1889,23,February,1889,False,standard_dash,0.9,"Feb. 18 Alpha—Drammen—31,555 battens and boards—H. Moody"
18890223p.231.txt,210,Hanley,Christiansand,NEWPORT,"195 lds. firewood, 1,174 battens-W. & S. Scott",W. & S. Scott,18,Feb,1889,23,February,1889,False,standard_dash,0.9,"Feb. 18 Hanley—Christiansand—195 lds. firewood, 1,174 battens—W. & S. Scott"
18890223p.231.txt,213,Agathe,Hernösand,NEWPORT,"1,249,320 staves-Burham Brick, Lime, and Cement Co., Lim.","Burham Brick, Lime, and Cement Co., Lim.",18,Feb,1889,23,February,1889,False,condensed,0.9,"Agathe—Hernösand—1,249,320 staves—Burham Brick, Lime, and Cement Co., Lim."
18890223p.231.txt,215,Louise,Warberg,NEWPORT,"32,430 pit props-Thos Moller",Thos Moller,13,Feb,1889,23,February,1889,False,standard_dash,0.9,"Feb. 13 Louise—Warberg—32,430 pit props—Thos Moller"
18890223p.231.txt,216,Thyra,Christiania,NEWPORT,"15,233 pit props-Thos Atkinson",Thos Atkinson,14,Feb,1889,23,February,1889,False,condensed,0.9,"14 Thyra—Christiania—15,233 pit props—Thos Atkinson"
18890223p.231.txt,217,Thyra,Halmstad,NEWPORT,"12,121 pit props-Moller",Moller,18,Feb,1889,23,February,1889,False,condensed,0.9,"18 Thyra—Halmstad—12,121 pit props—Moller"
18890223p.231.txt,218,Chevy Chase,Fredrikshald,NEWPORT,"42,215 fir props-Mitshel, Pedersen, & Co.","Mitshel, Pedersen, & Co.",13,Feb,1889,23,February,1889,False,condensed,0.9,"Chevy Chase—Fredrikshald—42,215 fir props—Mitshel, Pedersen, & Co."
18890223p.231.txt,220,Atlantique,Bayonne,NEWPORT,750 lds. pit-props—Order,props—Order,12,Feb,1889,23,February,1889,True,standard_dash,0.9,Feb. 12 Atlantique (s)—Bayonne—750 lds. pit-props—Order
18890223p.231.txt,221,Perion,St. Malo,NEWPORT,104 lds. pitwood-B. J. Rosser & Co.,B. J. Rosser & Co.,16,Feb,1889,23,February,1889,False,condensed,0.9,16 Perion—St. Malo—104 lds. pitwood—B. J. Rosser & Co.
18890223p.231.txt,222,Marthe Postal,Tremblade,NEWPORT,120 lds. pitwood-Williams & Co.,Williams & Co.,12,Feb,1889,23,February,1889,False,condensed,0.9,Marthe Postal—Tremblade—120 lds. pitwood—Williams & Co.
18890223p.231.txt,224,Odin,Christiania,TYNE,"20 lds. mining timber, 110 lds. props, 12 lds. firewood 70 lds. flooring boards—James Scott",,12,Feb,1889,23,February,1889,True,condensed,1.0,"Odin (s)—Christiania—20 lds. mining timber, 110 lds. props, 12 lds. firewood—Order; 70 lds. flooring boards—James Scott"
18890223p.231.txt,224,lds. flooring,,TYNE,boards James Scott,,12,Feb,1889,23,February,1889,False,condensed,1.0,70 lds. flooring boards—James Scott
18890223p.231.txt,225,Munin,Gothenburg,TYNE,"300 lds. pit props, 60 lds. birch props, 20 lds. sleepers, 50 lds. crowntrees, 26 lds. mining timber, 40 doors",,12,Feb,1889,23,February,1889,True,condensed,1.0,"Munin (s)—Gothenburg—300 lds. pit props, 60 lds. birch props, 20 lds. sleepers, 50 lds. crowntrees, 26 lds. mining timber, 40 doors—Order"
18890223p.231.txt,226,Elida,Sandefjord,TYNE,"29,299 props",,13,Feb,1889,23,February,1889,False,condensed,1.0,"13 Elida—Sandefjord—29,299 props—Order"
18890223p.231.txt,227,Larus,Risoer,TYNE,"9,601 battens",,13,Feb,1889,23,February,1889,False,condensed,1.0,"Larus—Risoer—9,601 battens—Order"
18890223p.231.txt,228,Meenstad,Brevig,TYNE,"1,345 pcs. square timber, 8,590 props, 234 battens, 1,527 pcs. mining timber",,13,Feb,1889,23,February,1889,False,condensed,0.9,"Meenstad—Brevig—1,345 pcs. square timber, 8,590 props, 234 battens, 1,527 pcs. mining timber—Order"
18890223p.231.txt,229,Frithjof,Laurvig,TYNE,"25,532 props, 103 spars 4,775 battens—James Scott",,13,Feb,1889,23,February,1889,False,condensed,0.9,"Frithjof—Laurvig—25,532 props, 103 spars—Order; 4,775 battens—James Scott"
18890223p.231.txt,230,Grenadier,Rotterdam,TYNE,720 bdls. hoops,,18,Feb,1889,23,February,1889,True,condensed,0.9,18 Grenadier (s)—Rotterdam—720 bdls. hoops—Order
18890223p.231.txt,231,Remittent,Christiania,TYNE,"5,625 pcs. mining timber, 3,402 props",,18,Feb,1889,23,February,1889,False,condensed,0.9,"Remittent—Christiania—5,625 pcs. mining timber, 3,402 props—Order"
18890223p.231.txt,232,Mary Ann,Dordt,TYNE,"10,962 bdls. wooden hoops-J. C. Williamson & Co.",J. C. Williamson & Co.,19,Feb,1889,23,February,1889,False,condensed,0.9,"19 Mary Ann—Dordt—10,962 bdls. wooden hoops—J. C. Williamson & Co."
18890223p.231.txt,235,Lyn,Drammen,TYNE,"13,555 deals, battens, an boards-T. Saul & Son",T. Saul & Son,12,Feb,1889,23,February,1889,False,standard_dash,0.9,"Feb. 12 Lyn—Drammen—13,555 deals, battens, an boards—T. Saul & Son"
18890223p.231.txt,238,Milton Park,San Francisco,TYNE,24 lds. fir boards-W. Porter & Son,W. Porter & Son,13,Feb,1889,23,February,1889,False,standard_dash,0.9,Feb. 13 Milton Park—San Francisco—24 lds. fir boards—W. Porter & Son
18890302p.260.txt,7,Melita,Arendal,BOSTON,146 lds. mining timber and props-A. Beeby & Son 11 lds. firewood-A. H. Read,A. Beeby & Son,19,Feb,1889,2,March,1889,False,standard_dash,1.0,Feb. 19 Melita-Arendal-146 lds. mining timber and props-A. Beeby & Son; 11 lds. firewood-A. H. Read
18890302p.260.txt,10,Jersey City,New York,BOSTON,"191 cedar planks-G. Adlam & Co. 118 bdls., 518 pcs. lumber-Graves & Son",G. Adlam & Co.,21,Feb,1889,2,March,1889,True,standard_dash,1.0,"Feb. 21 Jersey City (s)-New York-191 cedar planks-G. Adlam & Co.; 118 bdls., 518 pcs. lumber-Graves & Son"
18890302p.260.txt,13,Garonne,Bordeaux,BRISTOL,"1,000 lds. pitwood-Watts, Ward, & Co.","Watts, Ward, & Co.",19,Feb,1889,2,March,1889,True,standard_dash,0.9,"Feb. 19 Garonne (s)-Bordeaux-1,000 lds. pitwood-Watts, Ward, & Co."
18890302p.260.txt,14,Konoma,Bordeaux,BRISTOL,"1,350 lds. pitwood-Simkin Bros.",Simkin Bros.,19,Feb,1889,2,March,1889,False,condensed,0.9,"19 Konoma-Bordeaux-1,350 lds. pitwood-Simkin Bros."
18890302p.260.txt,15,Prince Loetykoff,Bordeaux,BRISTOL,"1,400 lds. pitwood-L. & H. Gueret",L. & H. Gueret,19,Feb,1889,2,March,1889,False,condensed,0.9,"Prince Loetykoff-Bordeaux-1,400 lds. pitwood-L. & H. Gueret"
18890302p.260.txt,16,Artushof,Bordeaux,BRISTOL,730 lds. pitwood-Simkin Bros.,Simkin Bros.,20,Feb,1889,2,March,1889,False,condensed,0.9,20 Artushof-Bordeaux-730 lds. pitwood-Simkin Bros.
18890302p.260.txt,17,Peffleta,Pensacola,BRISTOL,"705 pcs. sawn fir, 757 deals-J. Bland & Co.",J. Bland & Co.,19,Feb,1889,2,March,1889,False,condensed,0.9,"Peffleta-Pensacola-705 pcs. sawn fir, 757 deals-J. Bland & Co."
18890302p.260.txt,18,Rosa,Muros,BRISTOL,350 lds. pitwood-Manzanos,Manzanos,21,Feb,1889,2,March,1889,False,condensed,0.9,21 Rosa-Muros-350 lds. pitwood-Manzanos
18890302p.260.txt,19,Valin,Bayonne,BRISTOL,"800 lds. pitwood-Watts, Ward, & Co.","Watts, Ward, & Co.",21,Feb,1889,2,March,1889,True,condensed,0.9,"Valin (s)-Bayonne-800 lds. pitwood-Watts, Ward, & Co."
18890302p.260.txt,20,Le Pellarin,Redon,BRISTOL,"400 lds. pitwood-Budd, Stonehouse, & Co.","Budd, Stonehouse, & Co.",21,Feb,1889,2,March,1889,False,condensed,0.9,"Le Pellarin-Redon-400 lds. pitwood-Budd, Stonehouse, & Co."
18890302p.260.txt,21,Archimea Rudolfa,Pensacola,BRISTOL,"168 pcs. hewn fir, 893 pcs. sawn fir, 602 deals-Alexanders & Co.",Alexanders & Co.,23,Feb,1889,2,March,1889,False,condensed,0.9,"23 Archimea Rudolfa-Pensacola-168 pcs. hewn fir, 893 pcs. sawn fir, 602 deals-Alexanders & Co."
18890302p.260.txt,22,Burcan,Bayonne,BRISTOL,"1,100 lds. pitwood-A. Capelle",A. Capelle,23,Feb,1889,2,March,1889,True,condensed,0.9,"Burcan (s)-Bayonne-1,100 lds. pitwood-A. Capelle"
18890302p.260.txt,23,Dordogne,Bordeaux,BRISTOL,"800 lds. pitwood-Watts, Ward, & Co.","Watts, Ward, & Co.",25,Feb,1889,2,March,1889,True,condensed,0.9,"25 Dordogne (s)-Bordeaux-800 lds. pitwood-Watts, Ward, & Co."
18890302p.260.txt,24,Gironde,Bordeaux,BRISTOL,800 lds. pitwood-Simkin,Simkin,25,Feb,1889,2,March,1889,False,condensed,0.9,Gironde-Bordeaux-800 lds. pitwood-Simkin
18890302p.260.txt,25,Ibo,Bordeaux,BRISTOL,1 050 lds. pitwood-Ibo,Ibo,25,Feb,1889,2,March,1889,True,condensed,0.9,Ibo (s)-Bordeaux-1 050 lds. pitwood-Ibo
18890302p.260.txt,26,Amilie,Auray,BRISTOL,140 lds. pitwood,,25,Feb,1889,2,March,1889,False,condensed,0.9,Amilie-Auray-140 lds. pitwood-Order
18890302p.260.txt,29,Lovspring,Porsgrund,BRISTOL,"4,672 mining poles and props-Richard Grandidge",Richard Grandidge,19,Feb,1889,2,March,1889,False,standard_dash,0.9,"Feb. 19 Lovspring-Porsgrund-4,672 mining poles and props-Richard Grandidge"
18890302p.260.txt,32,Swift,Fredrikstad,BRISTOL,"22,442 floorings and matchings, 598 bdls. slating battens-T. A. Whittle & Co.",T. A. Whittle & Co.,19,Feb,1889,2,March,1889,False,standard_dash,0.9,"Feb. 19 Swift-Fredrikstad-22,442 floorings and matchings, 598 bdls. slating battens-T. A. Whittle & Co."
18890302p.260.txt,35,Dorothy Watson,Trouville,GOOLE,90 lds. oak slabs-J. Cutter,J. Cutter,19,Feb,1889,2,March,1889,False,standard_dash,0.9,Feb. 19 Dorothy Watson-Trouville-90 lds. oak slabs-J. Cutter
18890302p.260.txt,38,Vera,Porsgrund,GOOLE,826 lds. props-E. A. Casper & Co.,E. A. Casper & Co.,19,Feb,1889,2,March,1889,False,standard_dash,0.9,Feb. 19 Vera-Porsgrund-826 lds. props-E. A. Casper & Co.
18890302p.260.txt,39,Fylla,Christiansand,GOOLE,"828 pcs. round timber-Hans Erichsen & Co. 3,194 props-C. A. Forslind & Co.",Hans Erichsen & Co.,20,Feb,1889,2,March,1889,False,condensed,0.9,"20 Fylla-Christiansand-828 pcs. round timber-Hans Erichsen & Co.; 3,194 props-C. A. Forslind & Co."
18890302p.260.txt,40,Kirk,Krageroe,GOOLE,"1,008 pcs. square timber, 82 pcs. round timber, 665 props-Horsley",Horsley,22,Feb,1889,2,March,1889,False,condensed,0.9,"22 Kirk-Krageroe-1,008 pcs. square timber, 82 pcs. round timber, 665 props-Horsley"
18890302p.260.txt,41,Kaitas,Bergen,GOOLE,"8,440 props-C. Nielsen",C. Nielsen,23,Feb,1889,2,March,1889,False,condensed,0.9,"23 Kaitas-Bergen-8,440 props-C. Nielsen"
18890302p.260.txt,42,Franz von Mathies,Halmstad,GOOLE,"27, 685 props-Pearson & Co.",Pearson & Co.,25,Feb,1889,2,March,1889,False,condensed,0.9,"25 Franz von Mathies-Halmstad-27, 685 props-Pearson & Co."
18890302p.260.txt,43,Mathilda,Halmstad,GOOLE,"8,126 props-Mitshel",Mitshel,25,Feb,1889,2,March,1889,False,condensed,0.9,"Mathilda-Halmstad-8,126 props-Mitshel"
18890302p.260.txt,44,Haaken Adelsteen,Brevig,GOOLE,"42,258 props-Pearson & Co.",Pearson & Co.,25,Feb,1889,2,March,1889,False,condensed,0.9,"Haaken Adelsteen-Brevig-42,258 props-Pearson & Co."
18890302p.260.txt,45,Archimedes,Westervik,GOOLE,"19,548 deals and boards-J. Williams, jun.","J. Williams, jun.",25,Feb,1889,2,March,1889,False,condensed,0.9,"Archimedes-Westervik-19,548 deals and boards-J. Williams, jun."
18890302p.260.txt,46,Ricard,Christiansand,GOOLE,135 lds. firewood-C. A. Forslind & Co.,C. A. Forslind & Co.,25,Feb,1889,2,March,1889,False,condensed,0.9,Ricard-Christiansand-135 lds. firewood-C. A. Forslind & Co.
18890302p.260.txt,47,Bos,Tvedestrand,GOOLE,140 lds. firewood-C. A. Forslind & Co.,C. A. Forslind & Co.,25,Feb,1889,2,March,1889,False,condensed,0.9,Bos-Tvedestrand-140 lds. firewood-C. A. Forslind & Co.
18890302p.260.txt,50,Gambetta,Christiania,GOOLE,"35,928 deals, &c., 10 stds. ends-Thornham, Reynoldson, & Co.","Thornham, Reynoldson, & Co.",21,Feb,1889,2,March,1889,False,standard_dash,0.9,"Feb. 21 Gambetta-Christiania-35,928 deals, &c., 10 stds. ends-Thornham, Reynoldson, & Co."
18890302p.260.txt,51,Thurso,Gothenburg,GOOLE,"2,159 props-Wilson, Sons, & Co. 1,010 bdls. laths-Heaven & Kesterton; 3,745 pcs. wood-Earle & Haller; 2,851 pcs. timber, 131 bdls. staves-Order","Wilson, Sons, & Co.",21,Feb,1889,2,March,1889,True,condensed,0.9,"Thurso (s)-Gothenburg-2,159 props-Wilson, Sons, & Co.; 1,010 bdls. laths-Heaven & Kesterton; 3,745 pcs. wood-Earle & Haller; 2,851 pcs. timber, 131 bdls. staves-Order"
18890302p.260.txt,52,Northumbria,Laurvig,GOOLE,"12,980 pcs. mining timber, 2,722 props",,21,Feb,1889,2,March,1889,True,condensed,0.9,"Northumbria (s)-Laurvig-12,980 pcs. mining timber, 2,722 props-Order"
18890302p.260.txt,53,Albert,Rotterdam,GOOLE,852 bdls. hoops,,22,Feb,1889,2,March,1889,True,condensed,0.9,22 Albert (s)-Rotterdam-852 bdls. hoops-Order
18890302p.260.txt,54,Hero,Gothenburg,GOOLE,"5,818 props-Wilson, Sons, & Co. 3 fms. firewood, 385 bdls. staves-T. W. Allen; 500 bdls. laths-Order","Wilson, Sons, & Co.",21,Feb,1889,2,March,1889,True,condensed,0.9,"Order Hero (s)-Gothenburg-5,818 props-Wilson, Sons, & Co.; 3 fms. firewood, 385 bdls. staves-T. W. Allen; 500 bdls. laths-Order"
18890302p.260.txt,56,Hilding,Arendal,GOOLE,"1,438 pcs. mining, 556 pcs. square timber, 489 pit props",,21,Feb,1889,2,March,1889,False,condensed,0.9,"Hilding-Arendal-1,438 pcs. mining, 556 pcs. square timber, 489 pit props-Order"
18890302p.260.txt,57,Grodno,Libau,GOOLE,"1,019 pcs., 14 cs. wood",,26,Feb,1889,2,March,1889,True,condensed,0.9,"26 Grodno (s)-Libau-1,019 pcs., 14 cs. wood-Order"
18890302p.260.txt,58,Angelo,Christiania,GOOLE,"4,320 bdls. boards-Wilson, Sons, & Co. 245 deals-Heaven","Wilson, Sons, & Co.",26,Feb,1889,2,March,1889,True,condensed,0.9,"Order Angelo (s)-Christiania-4,320 bdls. boards-Wilson, Sons, & Co.; 245 deals-Heaven"
18890302p.260.txt,60,Albert,Rotterdam,GOOLE,"1,049 bdls. hoops",,26,Feb,1889,2,March,1889,True,condensed,0.9,"Albert (s)-Rotterdam-1,049 bdls. hoops-Order"
18890302p.260.txt,64,Draco,Odessa,GOOLE,80 oak logs,,27,Feb,1889,2,March,1889,True,condensed,0.9,27 Draco (s)-Odessa-80 oak logs-Order
18890302p.260.txt,65,Borre,Porsgrund,GOOLE,"1,062 telegraph poles, 6,601 pit props-Wade, Sons, & Co.","Wade, Sons, & Co.",27,Feb,1889,2,March,1889,False,condensed,0.9,"Borre-Porsgrund-1,062 telegraph poles, 6,601 pit props-Wade, Sons, & Co."
18890302p.260.txt,66,Max,Christiania,GOOLE,"5,634 props, 627 pcs. square timber, 1,358 pcs. round timber",,27,Feb,1889,2,March,1889,False,condensed,0.9,"Max-Christiania-5,634 props, 627 pcs. square timber, 1,358 pcs. round timber-Order"
18890302p.260.txt,69,Aurora,Christiansand,GOOLE,"11,236 deals and battens-W. R. Hewitt & Co.",W. R. Hewitt & Co.,19,Feb,1889,2,March,1889,False,standard_dash,0.9,"Feb. 19 Aurora-Christiansand-11,236 deals and battens-W. R. Hewitt & Co."
18890302p.260.txt,72,England,New York,LIVERPOOL,"2,000 staves-Drysdale Bros. 52 cs. spokes, 37 cs. handles-Order",Drysdale Bros.,22,Feb,1889,2,March,1889,True,standard_dash,0.9,"Feb. 22 England (s)-New York-2,000 staves-Drysdale Bros.; 52 cs. spokes, 37 cs. handles-Order"
18890302p.260.txt,73,Sleipner,Gothenburg,LIVERPOOL,"37,243 pit props, 10,459 pit poles, 621 pcs. mining timber-Osbeck & Co.",Osbeck & Co.,21,Feb,1889,2,March,1889,True,condensed,0.9,"21 Sleipner (s)-Gothenburg-37,243 pit props, 10,459 pit poles, 621 pcs. mining timber-Osbeck & Co."
18890302p.260.txt,74,Egypt,New York,LIVERPOOL,"7 cs. spokes, 1 cs. hubs, 2,200 staves",,22,Feb,1889,2,March,1889,True,condensed,0.9,"Egypt (s)-New York-7 cs. spokes, 1 cs. hubs, 2,200 staves-Order"
18890302p.260.txt,75,Adriatic,New York,LIVERPOOL,"5,419 pcs. lumber-Whiteside, Johns, & Co. 2,225 staves-Hattley Hay","Whiteside, Johns, & Co.",23,Feb,1889,2,March,1889,True,condensed,0.9,"23 Adriatic (s)-New York-5,419 pcs. lumber-Whiteside, Johns, & Co.; 2,225 staves-Hattley Hay"
18890302p.260.txt,76,Konoma,Charleston,LIVERPOOL,"4,800 oak staves",,22,Feb,1889,2,March,1889,False,condensed,0.9,"Konoma-Charleston-4,800 oak staves-Order"
18890302p.260.txt,77,Lord Clive,Philadelphia,LIVERPOOL,qty. staves-Drysdale Bros.,Drysdale Bros.,25,Feb,1889,2,March,1889,True,condensed,0.9,25 Lord Clive (s)-Philadelphia-qty. staves-Drysdale Bros.
18890302p.260.txt,78,Umbria,New York,LIVERPOOL,"3,163 staves",,25,Feb,1889,2,March,1889,True,condensed,0.9,"Umbria (s)-New York-3,163 staves-Order"
18890302p.260.txt,79,Ronan's,New York,LIVERPOOL,"18 cs. bandles-Cunningham, Shaw, & Co. 600 bdls. elm staves-Order","Cunningham, Shaw, & Co.",25,Feb,1889,2,March,1889,True,condensed,0.9,"St. Ronan's (s)-New York-18 cs. bandles-Cunningham, Shaw, & Co.; 600 bdls. elm staves-Order"
18890302p.260.txt,80,Mentmore,Baltimore,LIVERPOOL,"160 wo. planks, 626 pcs. oak-R. Coltart & Co. 907 pcs. oak-E. Alcott; 72 pcs. oak-Churchill & Sim; 243 pcs. poplar-J. H. Burrell & Co.; 1,598 ppe., 12,144 hhd., and 752 barrel staves-Hattley Hay; 127 pcs. oak and 343 pcs. wo. planks, 747 pcs. oak-Order",R. Coltart & Co.,25,Feb,1889,2,March,1889,True,condensed,0.9,"Mentmore (s)-Baltimore-160 wo. planks, 626 pcs. oak-R. Coltart & Co.; 907 pcs. oak-E. Alcott; 72 pcs. oak-Churchill & Sim; 243 pcs. poplar-J. H. Burrell & Co.; 1,598 ppe., 12,144 hhd., and 752 barrel staves-Hattley Hay; 127 pcs. oak and 343 pcs. wo. planks, 747 pcs. oak-Order"
18890302p.260.txt,81,Buenaventura,New Orleans,LIVERPOOL,"1,200 staves",,25,Feb,1889,2,March,1889,True,condensed,0.9,"Buenaventura (s)-New Orleans-1,200 staves-Order"
18890302p.260.txt,82,David Taylor,"St. John, N.B.",LIVERPOOL,"14,672 spruce deals, 1,394 scantlings, 1,774 ends",,25,Feb,1889,2,March,1889,False,condensed,0.9,"David Taylor-St. John, N.B.-14,672 spruce deals, 1,394 scantlings, 1,774 ends-Order"
18890302p.260.txt,83,Virginian,Boston,LIVERPOOL,"9,500 old and 580 butt staves-Hattley Hay 505 ash scantlings-Order",Hattley Hay,26,Feb,1889,2,March,1889,True,condensed,0.9,"26 Virginian (s)-Boston-9,500 old and 580 butt staves-Hattley Hay; 505 ash scantlings-Order"
18890302p.260.txt,84,Kansas,Boston,LIVERPOOL,"8,000 old, 1,274 new, and 464 butt staves-Hattley Hay",Hattley Hay,26,Feb,1889,2,March,1889,True,condensed,0.9,"Kansas (s)-Boston-8,000 old, 1,274 new, and 464 butt staves-Hattley Hay"
18890302p.260.txt,85,Lake Superior,New York,LIVERPOOL,"12 cs., 50 bdls. handles-A. Field & Co. 79 cs. handles-Welsh & Co.; 259 bdls. headings, 1,667 bdls. shooks-Sutherland, Innes, & Co.; 21 maple logs-C. W. Rodman; 72 cs. handles-L. and N. W. Railway Co.; 216 pcs. oak-J. Williams",A. Field & Co.,26,Feb,1889,2,March,1889,True,condensed,0.9,"Lake Superior (s)-New York-12 cs., 50 bdls. handles-A. Field & Co.; 79 cs. handles-Welsh & Co.; 259 bdls. headings, 1,667 bdls. shooks-Sutherland, Innes, & Co.; 21 maple logs-C. W. Rodman; 72 cs. handles-L. and N. W. Railway Co.; 216 pcs. oak-J. Williams"
18890302p.260.txt,86,Oregon,Portland,LIVERPOOL,"4,019 deals and deal ends-R. M. Cox & Co.",R. M. Cox & Co.,26,Feb,1889,2,March,1889,True,condensed,0.9,"Oregon (s)-Portland-4,019 deals and deal ends-R. M. Cox & Co."
18890302p.260.txt,87,Delambre,New York,LIVERPOOL,"3,257 maple rollers",,26,Feb,1889,2,March,1889,True,condensed,0.9,"Delambre (s)-New York-3,257 maple rollers-Order"
18890302p.260.txt,88,Asaph,Norfolk,LIVERPOOL,"2 m. staves-Farnworth & Jardine 7,113 tree nails-Order",Farnworth & Jardine,27,Feb,1889,2,March,1889,True,condensed,0.9,"27 St. Asaph (s)-Norfolk-2 m. staves-Farnworth & Jardine; 7,113 tree nails-Order"
18890302p.260.txt,89,Pavonia,Boston,LIVERPOOL,"5,277 staves-Drysdale Bros.",Drysdale Bros.,27,Feb,1889,2,March,1889,True,condensed,0.9,"Pavonia (s)-Boston-5,277 staves-Drysdale Bros."
18890302p.260.txt,90,Nasmyth,New York,LIVERPOOL,"2,013 maple rollers",,27,Feb,1889,2,March,1889,True,condensed,0.9,"Nasmyth (s)-New York-2,013 maple rollers-Order"
18890302p.260.txt,91,Professor,New Orleans,LIVERPOOL,"2,723 staves-Drysdale Bros.",Drysdale Bros.,27,Feb,1889,2,March,1889,True,condensed,0.9,"Professor (s)-New Orleans-2,723 staves-Drysdale Bros."
18890302p.260.txt,92,Courier,Fredrikstad,LIVERPOOL,"53,229 bdls. sawn fir",,27,Feb,1889,2,March,1889,True,condensed,0.9,"Courier (s)-Fredrikstad-53,229 bdls. sawn fir-Order"
18890302p.260.txt,93,Saturnina,New Orleans,LIVERPOOL,"1,200 staves",,27,Feb,1889,2,March,1889,True,condensed,0.9,"Saturnina (s)-New Orleans-1,200 staves-Order"
18890302p.260.txt,94,Arecibo,New Orleans,LIVERPOOL,"1,200 staves",,27,Feb,1889,2,March,1889,True,condensed,0.9,"Arecibo (s)-New Orleans-1,200 staves-Order"
18890302p.260.txt,98,William Hunter,Arendal,LONDON,"123 fms. firewood-Duus, Brown, & Co.","Duus, Brown, & Co.",22,Feb,1889,2,March,1889,False,standard_dash,0.9,"Feb. 22 William Hunter-Arendal-123 fms. firewood-Duus, Brown, & Co."
18890302p.260.txt,99,Henrik Wegeland,Risoer,LONDON,"157 fms. firewood-Duus, Brown, & Co. 150 boards-Master","Duus, Brown, & Co.",23,Feb,1889,2,March,1889,False,condensed,0.9,"23 Henrik Wegeland-Risoer-157 fms. firewood-Duus, Brown, & Co.; 150 boards-Master"
18890302p.260.txt,100,Frednes,Porsgrund,LONDON,"168 stds. boards, 29 fms. firewood-F. Briesemann. Part deck cargo washed overboard",F. Briesemann. Part deck cargo washed overboard,25,Feb,1889,2,March,1889,False,condensed,0.9,"25 Frednes-Porsgrund-168 stds. boards, 29 fms. firewood-F. Briesemann. Part deck cargo washed overboard"
18890302p.260.txt,101,Avena,Uddevalla,LONDON,"230 bdls. mouldings, 195 doors, 345 bdls. shutter laths-J. Brown",J. Brown,22,Feb,1889,2,March,1889,True,condensed,0.9,"Avena (s)-Uddevalla-230 bdls. mouldings, 195 doors, 345 bdls. shutter laths-J. Brown"
18890302p.260.txt,102,Philotaxe,Porsgrund,LONDON,"51,616 boards, 26 fms. firewood",,27,Feb,1889,2,March,1889,False,condensed,0.9,"27 Philotaxe-Porsgrund-51,616 boards, 26 fms. firewood-Order"
18890302p.260.txt,105,Albert Edward,Gothenburg,LONDON,"2,000 bdls. blocks-Vigers Bros. 24 bdls. trellis doors-Wilson & Watson; 952 no. doors-J. Smith & Co.; 100 prs. oars-Order",Vigers Bros.,25,Feb,1889,2,March,1889,True,standard_dash,0.9,"Feb. 25 Albert Edward (s)-Gothenburg-2,000 bdls. blocks-Vigers Bros.; 24 bdls. trellis doors-Wilson & Watson; 952 no. doors-J. Smith & Co.; 100 prs. oars-Order"
18890302p.260.txt,106,Panther,Christiania,LONDON,"60 bdls. case boards-McCaul & Co. 313 bgs. blocks-J. Keen; 15,648 boards-Churchill & Sim; 8,755 boards-Foy, Morgan, & Co.; 8,975 boards, 4,000 bdls. staves-Order",McCaul & Co.,25,Feb,1889,2,March,1889,True,condensed,0.9,"Panther (s)-Christiania-60 bdls. case boards-McCaul & Co.; 313 bgs. blocks-J. Keen; 15,648 boards-Churchill & Sim; 8,755 boards-Foy, Morgan, & Co.; 8,975 boards, 4,000 bdls. staves-Order"
18890302p.260.txt,107,Lydian Monarch,New York,LONDON,"1,193 bdls. staves-Hattley Hay 882 pcs. and bdls. lumber-B. F. Dowdeswell; 1,185 doors, 130 bdls. mouldings, 2,119 bdls. hoops-Order",Hattley Hay,25,Feb,1889,2,March,1889,True,condensed,0.9,"Lydian Monarch (s)-New York-1,193 bdls. staves-Hattley Hay; 882 pcs. and bdls. lumber-B. F. Dowdeswell; 1,185 doors, 130 bdls. mouldings, 2,119 bdls. hoops-Order"
18890302p.260.txt,108,Grip Fast,Libau,LONDON,254 pcs. timber-C. Arendt,C. Arendt,25,Feb,1889,2,March,1889,True,condensed,0.9,Grip Fast (s)-Libau-254 pcs. timber-C. Arendt
18890302p.260.txt,109,Ludgate Hill,New York,LONDON,"192 boards, 97 pcs. oak lumber-H. Herrmann 182 bdls. oak lumber-Order",H. Herrmann,25,Feb,1889,2,March,1889,True,condensed,0.9,"Ludgate Hill (s)-New York-192 boards, 97 pcs. oak lumber-H. Herrmann; 182 bdls. oak lumber-Order"
18890302p.260.txt,110,Winestead,Trieste,LONDON,"2,857 oak parquets, 1,037 planks",,25,Feb,1889,2,March,1889,True,condensed,0.9,"Winestead (s)-Trieste-2,857 oak parquets, 1,037 planks-Order"
18890302p.260.txt,113,Erin,New York,LONDON,"2,725 bdls. staves, 235 bdls. headings",,26,Feb,1889,2,March,1889,True,standard_dash,0.9,"Feb. 26 Erin (s)-New York-2,725 bdls. staves, 235 bdls. headings-Order"
18890302p.260.txt,116,Minnesota,Baltimore,TILBURY DOCKS,"578 bdls. oak, 356 pcs. oak",,26,Feb,1889,2,March,1889,True,standard_dash,1.0,"Feb. 26 Minnesota (s)-Baltimore-578 bdls. oak, 356 pcs. oak-Order"
18890302p.260.txt,119,Prinses Marie,Flushing,TILBURY DOCKS,738 pkgs. gunstocks,,22,Feb,1889,2,March,1889,True,standard_dash,1.0,Feb. 22 Prinses Marie (s)-Flushing-738 pkgs. gunstocks-Order
18890302p.260.txt,122,Odin,Christiania,LYNN,"2,948 poles and spars-Thompson, Pattrick, & Woodwark","Thompson, Pattrick, & Woodwark",25,Feb,1889,2,March,1889,False,standard_dash,1.0,"Feb. 25 Odin-Christiania-2,948 poles and spars-Thompson, Pattrick, & Woodwark"
18890302p.260.txt,125,Libertas,Brevig,LYNN,"1,955 pcs. square timber, 1,933 props-W. J. Watson & Co.",W. J. Watson & Co.,21,Feb,1889,2,March,1889,False,standard_dash,1.0,"Feb. 21 Libertas-Brevig-1,955 pcs. square timber, 1,933 props-W. J. Watson & Co."
18890302p.260.txt,126,Noble,Arendal,LYNN,"1,640 pcs. square timber, 1,111 props-W. J. Watson & Co.",W. J. Watson & Co.,23,Feb,1889,2,March,1889,False,condensed,0.9,"23 Noble-Arendal-1,640 pcs. square timber, 1,111 props-W. J. Watson & Co."
18890302p.260.txt,127,Atlas,Skien,LYNN,"1,658 pcs. square timber, 1,077 props-W. J. Watson & Co.",W. J. Watson & Co.,25,Feb,1889,2,March,1889,False,condensed,0.9,"25 Atlas-Skien-1,658 pcs. square timber, 1,077 props-W. J. Watson & Co."
18890302p.260.txt,130,Edmond,Villegrain,NEWPORT,360 lds. pitwood-Alfred H. Tapson & Co.,Alfred H. Tapson & Co.,19,Feb,1889,2,March,1889,False,standard_dash,1.0,Feb. 19 Edmond-Villegrain-360 lds. pitwood-Alfred H. Tapson & Co.
18890302p.260.txt,131,Adour,Bayonne,NEWPORT,"1,100 lds. pitwood-A. Capelle",A. Capelle,21,Feb,1889,2,March,1889,True,condensed,1.0,"21 Adour (s)-Bayonne-1,100 lds. pitwood-A. Capelle"
18890302p.260.txt,132,Victorine,Pontaven,NEWPORT,105 lds. pitwood-Budd,Budd,19,Feb,1889,2,March,1889,False,condensed,1.0,Victorine-Pontaven-105 lds. pitwood-Budd
18890302p.260.txt,133,England,Bordeaux,NEWPORT,"1,050 lds. pitwood-Newport Pitwood Co.",Newport Pitwood Co.,22,Feb,1889,2,March,1889,True,condensed,1.0,"22 England (s)-Bordeaux-1,050 lds. pitwood-Newport Pitwood Co."
18890302p.260.txt,136,Frey,Porsgrund,NEWPORT,"851 pcs. hewn fir, 2,130 pcs. sawn fir",,23,Feb,1889,2,March,1889,False,standard_dash,0.9,"Feb. 23 Frey-Porsgrund-851 pcs. hewn fir, 2,130 pcs. sawn fir-Order"
18890302p.260.txt,139,Glassalt,Mandal,NEWPORT,"12,046 deals and ends-Thos. Elliot & Son",Thos. Elliot & Son,20,Feb,1889,2,March,1889,False,standard_dash,0.9,"Feb. 20 Glassalt-Mandal-12,046 deals and ends-Thos. Elliot & Son"
18890302p.260.txt,140,Triton,Gothenburg,NEWPORT,"3,132 pit props, 41,759 sleepers-Rayner & Moller",Rayner & Moller,21,Feb,1889,2,March,1889,True,condensed,0.9,"21 Triton (s)-Gothenburg-3,132 pit props, 41,759 sleepers-Rayner & Moller"
18890302p.260.txt,143,Liberte,Redon,NEWPORT,200 lds. pitwood-Wm. Davies & Co.,Wm. Davies & Co.,19,Feb,1889,2,March,1889,False,standard_dash,0.9,Feb. 19 Liberte-Redon-200 lds. pitwood-Wm. Davies & Co.
18890302p.260.txt,144,Ignatz Breum,Bordeaux,NEWPORT,290 lds. pitwood-Godfrey Taylor,Godfrey Taylor,19,Feb,1889,2,March,1889,False,condensed,0.9,Ignatz Breum-Bordeaux-290 lds. pitwood-Godfrey Taylor
18890302p.260.txt,145,Theodore,Quimper,NEWPORT,74 lds. pitwood-Vivian,Vivian,20,Feb,1889,2,March,1889,False,condensed,0.9,20 Theodore-Quimper-74 lds. pitwood-Vivian
18890302p.260.txt,146,Morvig,Bordeaux,NEWPORT,490 lds. pitwood-Simkin,Simkin,19,Feb,1889,2,March,1889,False,condensed,0.9,Morvig-Bordeaux-490 lds. pitwood-Simkin
18890302p.260.txt,147,Larkan,Rochefort,NEWPORT,290 lds. pitwood-Davies,Davies,22,Feb,1889,2,March,1889,False,condensed,0.9,22 Larkan-Rochefort-290 lds. pitwood-Davies
18890302p.260.txt,150,Prospero,Christiania,TYNE,"120 lds. mining timber, 50 lds. crowntrees, 24 lds. firewood, 1 bdl. planed boards",,19,Feb,1889,2,March,1889,True,standard_dash,1.0,"Feb. 19 Prospero (s)-Christiania-120 lds. mining timber, 50 lds. crowntrees, 24 lds. firewood, 1 bdl. planed boards-James Hugin (s)-Gothenburg-2,000 lds. props, 100 lds. props, 1 bdl. poles-Order"
18890302p.260.txt,151,Gyda,Drontheim,TYNE,"23,557 boards-J. Graham",J. Graham,20,Feb,1889,2,March,1889,False,condensed,1.0,"20 Gyda-Drontheim-23,557 boards-J. Graham"
18890302p.260.txt,152,Catherine,Barkevig,TYNE,"28,434 props-Atkinson",Atkinson,21,Feb,1889,2,March,1889,False,condensed,1.0,"21 Catherine-Barkevig-28,434 props-Atkinson"
18890302p.260.txt,153,Triton,Gothenburg,TYNE,qty. props and sleepers,,22,Feb,1889,2,March,1889,True,condensed,1.0,22 Triton (s)-Gothenburg-qty. props and sleepers-Order
18890302p.260.txt,154,Allegro,Risoer,TYNE,"42,111 props",,19,Feb,1889,2,March,1889,False,condensed,0.9,"Allegro-Risoer-42,111 props-Order"
18890302p.260.txt,155,Ceres,Helsingborg,TYNE,"1,595 deals",,25,Feb,1889,2,March,1889,True,condensed,0.9,"25 Ceres (s)-Helsingborg-1,595 deals-Order"
18890302p.260.txt,156,Orrik,Gothenburg,TYNE,"3,731 battens, 1,000 wood doors",,25,Feb,1889,2,March,1889,True,condensed,0.9,"Orrik (s)-Gothenburg-3,731 battens, 1,000 wood doors-Order"
18890302p.260.txt,157,Egersund,Riga,TYNE,full cargo of sleepers,,25,Feb,1889,2,March,1889,False,condensed,0.9,Egersund-Riga-full cargo of sleepers-Order
18890302p.260.txt,158,Grenadier,Rotterdam,TYNE,"187 bdls. bamboo rods, 6,307 bdls. hoops",,25,Feb,1889,2,March,1889,True,condensed,0.9,"Grenadier (s)-Rotterdam-187 bdls. bamboo rods, 6,307 bdls. hoops-Order"
18890302p.260.txt,159,Skarbo,Krageroe,TYNE,"16,333 props",,25,Feb,1889,2,March,1889,False,condensed,0.9,"Skarbo-Krageroe-16,333 props-Order"
18890302p.260.txt,160,Odin,Christiania,TYNE,"20 lds. mining timber from Laurvig-75 lds. firewood, 1 bdl. planed boards-James Scott",,25,Feb,1889,2,March,1889,True,condensed,0.9,"Odin (s)-Christiania-20 lds. mining timber-Order; from Laurvig-75 lds. firewood, 1 bdl. planed boards-James Scott"
18890302p.260.txt,161,Tvende Familien,Christiansand,TYNE,"4,000 crowntrees, 38 lds. staves",,26,Feb,1889,2,March,1889,False,condensed,0.9,"26 Tvende Familien-Christiansand-4,000 crowntrees, 38 lds. staves-Order"
18890302p.260.txt,165,Connal,Nantes,TYNE,60 bdls. hoops-J. C. Pinkerton from Bordeaux-400 bdls. hoops-J. C. Pinkerton,J. C. Pinkerton,20,Feb,1889,2,March,1889,False,standard_dash,0.9,Feb. 20 Wm. Connal-Nantes-60 bdls. hoops-J. C. Pinkerton; from Bordeaux-400 bdls. hoops-J. C. Pinkerton
18890302p.260.txt,166,Etta,"St. John, N.B.",TYNE,"32,853 deals and ends-Thos. Dixon & Sons",Thos. Dixon & Sons,21,Feb,1889,2,March,1889,False,condensed,0.9,"21 Etta-St. John, N.B.-32,853 deals and ends-Thos. Dixon & Sons"
18890302p.260.txt,169,Curlew,"St. John, N.B.",DUBLIN,"39,179 deals-T. & C. Martin",T. & C. Martin,14,Feb,1889,2,March,1889,False,standard_dash,0.9,"Feb. 14 Curlew-St. John, N.B.-39,179 deals-T. & C. Martin"
18890302p.260.txt,170,Oliver Emery,"St. John, N.B.",DUBLIN,"16,748 deals-W. Graham",W. Graham,23,Feb,1889,2,March,1889,False,condensed,0.9,"23 Oliver Emery-St. John, N.B.-16,748 deals-W. Graham"
18890302p.260.txt,171,Vascoe de Gama,New York,DUBLIN,"31,300 deals and 23,088 hh., and 7,204 bbl. staves-Hattley Hay",Hattley Hay,16,Feb,1889,2,March,1889,False,condensed,0.9,"16 Vascoe de Gama-New York-31,300 deals and 23,088 hh., and 7,204 bbl. staves-Hattley Hay"
18890302p.260.txt,180,Cleft Oak,Shingles.,DUBLIN,"Can any of your readers inquirer size (average), thickness, and price per hundred for cleft oak shingles suitable for cleaving the same?-W. N.",W. N.,16,Feb,1889,2,March,1889,False,condensed,0.9,"Cleft Oak Shingles.—Can any of your readers inquirer size (average), thickness, and price per hundred for cleft oak shingles suitable for cleaving the same?—W. N."
18890302p.260.txt,182,Crescent,"ground, Hand Saws.",DUBLIN,"I see, in an American paper, saws advertised under the above title. Can you inform me what peculiarity there is about them?-CROSS-CUT.",CROSS-CUT.,16,Feb,1889,2,March,1889,False,condensed,0.9,"Crescent-ground, Hand Saws.—I see, in an American paper, saws advertised under the above title. Can you inform me what peculiarity there is about them?—CROSS-CUT."
18890302p.260.txt,184,Low Water in Steam,Boilers.,DUBLIN,What is the best way of guarding against this? I am told there are some good automatic alarums now made; are they perfectly reliable?-J. B.,J. B.,16,Feb,1889,2,March,1889,False,condensed,0.9,Low Water in Steam Boilers.—What is the best way of guarding against this? I am told there are some good automatic alarums now made; are they perfectly reliable?—J. B.
18890302p.260.txt,186,Selecting Oak,,DUBLIN,"Timber. I should esteem it a favour if you would give a young reader a few hints on the above through your “Practical Notes” column, and I have no doubt they would be of use to other of your younger readers.-A BEGINNER.",A BEGINNER.,16,Feb,1889,2,March,1889,False,condensed,0.9,"Selecting Oak Timber.—I should esteem it a favour if you would give a young reader a few hints on the above through your “Practical Notes” column, and I have no doubt they would be of use to other of your younger readers.—A BEGINNER."
18890302p.260.txt,189,Beds of a Roller Feed Planing,Machine.,DUBLIN,"In reply to “J. & B.,” from his description we should say the man you bought the machine of did not understand his business. The driving power in many machines of this class is enormously increased by allowing the bottom feed rollers to project above the level of the table this lifts the timber above the bed of the machine, and it has to be brought down to a solid bearing before it is acted on by the cutters. The pressure on the feed rollers, and consequently the power required to drive the feed, can be considerably reduced by dropping the table down slightly in front of the bottom feed rollers; this allows the wood to be fed into the machine on a line with the higher part of the table. The feed rollers should be properly geared.",,16,Feb,1889,2,March,1889,False,condensed,0.9,"Beds of a Roller Feed Planing Machine.—In reply to “J. & B.,” from his description we should say the man you bought the machine of did not understand his business. The driving power in many machines of this class is enormously increased by allowing the bottom feed rollers to project above the level of the table; this lifts the timber above the bed of the machine, and it has to be brought down to a solid bearing before it is acted on by the cutters. The pressure on the feed rollers, and consequently the power required to drive the feed, can be considerably reduced by dropping the table down slightly in front of the bottom feed rollers; this allows the wood to be fed into the machine on a line with the higher part of the table. The feed rollers should be properly geared."
18890302p.260.txt,191,Yellow,Poplar.,DUBLIN,"In answer to “A. B. C.,” the yellow poplar, known also as the tulip tree or white wood (Siriodendron tulipifera), is found in some parts of Canada and America, but is by no means common. It grows to a considerable size, reaching from 50 to 70 ft. in height, with a trunk of from 3 to 5 ft. in diameter. When young the bark is light brown and smooth, whilst on old trees it is deeply furrowed by longitudinal fissures. Its wood is very valuable, being light, close-grained, strong, and easily worked. It is used for interior work, carriage panels, and the finer fittings of cabinet work, such as drawers and fancy boxes. It is easily bent and is in demand for curved work.","grained, strong, and easily worked. It is used for interior work, carriage panels, and the finer fittings of cabinet work, such as drawers and fancy boxes. It is easily bent and is in demand for curved work.",16,Feb,1889,2,March,1889,False,condensed,0.9,"Yellow Poplar.—In answer to “A. B. C.,” the yellow poplar, known also as the tulip tree or white wood (Siriodendron tulipifera), is found in some parts of Canada and America, but is by no means common. It grows to a considerable size, reaching from 50 to 70 ft. in height, with a trunk of from 3 to 5 ft. in diameter. When young the bark is light brown and smooth, whilst on old trees it is deeply furrowed by longitudinal fissures. Its wood is very valuable, being light, close-grained, strong, and easily worked. It is used for interior work, carriage panels, and the finer fittings of cabinet work, such as drawers and fancy boxes. It is easily bent and is in demand for curved work."
18890302p.260.txt,193,Mixture for Case,"hardening Nuts, &c.",DUBLIN,"In reply to “P. H. B.,” numerous things are used for the above. We can recommend, however, as a first-rate one hydro-carbonated bone black, as it will produce a good, hard, tough case on the nuts and requires no special preparation. We understand it is made by carbonising hard bone in close retorts and charging it with free carbon extracted from hydro-carbon oil. Use cold salt water for cooling. For cutter-block nuts, &c., almost any degree of hardness may be obtained. Prussiate of potash is also used considerably for hardening purposes.","rate one hydro-carbonated bone black, as it will produce a good, hard, tough case on the nuts and requires no special preparation. We understand it is made by carbonising hard bone in close retorts and charging it with free carbon extracted from hydro-carbon oil. Use cold salt water for cooling. For cutter-block nuts, &c., almost any degree of hardness may be obtained. Prussiate of potash is also used considerably for hardening purposes.",16,Feb,1889,2,March,1889,False,condensed,0.9,"Mixture for Case-hardening Nuts, &c. —In reply to “P. H. B.,” numerous things are used for the above. We can recommend, however, as a first-rate one hydro-carbonated bone black, as it will produce a good, hard, tough case on the nuts and requires no special preparation. We understand it is made by carbonising hard bone in close retorts and charging it with free carbon extracted from hydro-carbon oil. Use cold salt water for cooling. For cutter-block nuts, &c., almost any degree of hardness may be obtained. Prussiate of potash is also used considerably for hardening purposes."
18890302p.260.txt,195,Tenoning,Machine.,DUBLIN,"In reply to “A.B.C.,” we are not aware that any English machine is constructed with the in and out driving belt running on pulleys placed in the centre of the machine between the cutter spindle bearings, but there is an American machine (made by C. B. Rogers & Co., Norwich, Connecticut) which is driven in this way, the belt passing down through the centre of a hollow column. The object of placing the belt between the bearings is, of course, to equalise the strain and consequent wear of the belt, and we do not recommend individual firms. We [?]",,16,Feb,1889,2,March,1889,False,condensed,0.9,"Tenoning Machine.—In reply to “A.B.C.,” we are not aware that any English machine is constructed with the in and out driving belt running on pulleys placed in the centre of the machine between the cutter spindle bearings, but there is an American machine (made by C. B. Rogers & Co., Norwich, Connecticut) which is driven in this way, the belt passing down through the centre of a hollow column. The object of placing the belt between the bearings is, of course, to equalise the strain and consequent wear of the belt, and we do not recommend individual firms. We [?]"
18890302p.4.txt,19,Telegraphic,Address,DUBLIN,"""BEATTIE,"" LEITH.",,16,Feb,1889,2,March,1889,False,condensed,0.9,"Telegraphic Address—""BEATTIE,"" LEITH."
18890302p.4.txt,24,Telegraphic,Address,DUBLIN,"""HARDIE, LEITH.""",,16,Feb,1889,2,March,1889,False,condensed,0.9,"Telegraphic Address—""HARDIE, LEITH."""
18890302p.4.txt,34,Telegraphic,Address,DUBLIN,"""SUMMERS,"" LEITH.",,16,Feb,1889,2,March,1889,False,condensed,0.9,"Telegraphic Address—""SUMMERS,"" LEITH."
18890302p.4.txt,43,Timber Merchants and,Saw,DUNDEE,"millers, Wood Turners, Fret Cutters, Carvers, and Veneer Merchants",,16,Feb,1889,2,March,1889,False,condensed,0.9,"Timber Merchants and Saw-millers, Wood Turners, Fret Cutters, Carvers, and Veneer Merchants,"
18890302p.4.txt,49,Millar & Son's,,MONTROSE,"saw mills, which have for some months past been working short time, have again resumed the full working hours, and there is every indication of this improved position being maintained.",,16,Feb,1889,2,March,1889,False,condensed,1.0,"Messrs. Millar & Son's saw-mills, which have for some months past been working short time, have again resumed the full working hours, and there is every indication of this improved position being maintained."
18890302p.4.txt,55,Girdleness,Drontheim,MONTROSE,"25,413 battens-G. Milne & Co.",G. Milne & Co.,22,Feb,1889,2,March,1889,False,standard_dash,0.9,"Feb. 22 Girdleness-Drontheim-25,413 battens-G. Milne & Co."
18890302p.4.txt,58,Emil,Drobak,MONTROSE,"7,439 props-Jas. Cairns",Jas. Cairns,21,Feb,1889,2,March,1889,False,standard_dash,0.9,"Feb. 21 Emil-Drobak-7,439 props-Jas. Cairns"
18890302p.4.txt,61,State of Pensylvania,New York,MONTROSE,"2 crs. lumber-Buchanan & French 2,400 hhd. staves, 2,400 brl. staves-R. Hamilton & Co. ; 498 pkgs. wood-Singer Manufacturing Co. ; 550 oars, 25 maple logs-Order",Buchanan & French,18,Feb,1889,2,March,1889,False,standard_dash,0.9,"Feb. 18 State of Pensylvania-New York-2 crs. lumber-Buchanan & French ; 2,400 hhd. staves, 2,400 brl. staves-R. Hamilton & Co. ; 498 pkgs. wood-Singer Manufacturing Co. ; 550 oars, 25 maple logs-Order"
18890302p.4.txt,62,Italia,Boston,MONTROSE,"3,000 staves-Wright",Wright,18,Feb,1889,2,March,1889,False,condensed,0.9,"Italia-Boston-3,000 staves-Wright"
18890302p.4.txt,63,Californes,New York,MONTROSE,"137 pcs. oak lumber-Brownlee & Co. 2,500 brl. staves-Order",Brownlee & Co.,18,Feb,1889,2,March,1889,False,condensed,0.9,"Californes-New York-137 pcs. oak lumber-Brownlee & Co. ; 2,500 brl. staves-Order"
18890302p.4.txt,64,Michigan,Baltimore,MONTROSE,"4,000 brl. staves-Hatley Hay 53 walnut logs, 68 hickory logs, 126 whitewood planks, 91 oak planks, 2,752 walnut boards-Allison, Cousland, & Co. ; 874 pcs. oak lumber-Jas. Kennedy & Co. ; 926 pcs. oak lumber-Brownlee & Co. ; 1,566 pcs. poplar lumber-Govan & Co.",Hatley Hay,18,Feb,1889,2,March,1889,False,condensed,0.9,"Michigan-Baltimore-4,000 brl. staves-Hatley Hay ; 53 walnut logs, 68 hickory logs, 126 whitewood planks, 91 oak planks, 2,752 walnut boards-Allison, Cousland, & Co. ; 874 pcs. oak lumber-Jas. Kennedy & Co. ; 926 pcs. oak lumber-Brownlee & Co. ; 1,566 pcs. poplar lumber-Govan & Co."
18890302p.4.txt,65,Anchoria,New York,MONTROSE,"12,595 brl. staves, 205 pcs. oak lumber",,18,Feb,1889,2,March,1889,False,condensed,0.9,"Anchoria-New York-12,595 brl. staves, 205 pcs. oak lumber-Order"
18890302p.4.txt,66,Anglia,New York,MONTROSE,"688 pcs. oak lumber-Edmiston & Mitchell 223 pcs. oak lumber, 133 pcs. gum lumber-J. Kennedy & Co. ; 99,075 staves, 28 logs walnut-Order",Edmiston & Mitchell,21,Feb,1889,2,March,1889,False,standard_dash,0.9,"Feb. 21 Anglia-New York-688 pcs. oak lumber-Edmiston & Mitchell ; 223 pcs. oak lumber, 133 pcs. gum lumber-J. Kennedy & Co. ; 99,075 staves, 28 logs walnut-Order"
18890302p.4.txt,67,State of Georgia,New York,MONTROSE,"180 dressed brl. staves, 1,000 ppe. staves-R. Hamilton & Co. 485 pkgs. wood-Singer Manufacturing Co.",R. Hamilton & Co.,25,Feb,1889,2,March,1889,False,standard_dash,0.9,"Feb. 25 State of Georgia-New York-180 dressed brl. staves, 1,000 ppe. staves-R. Hamilton & Co. ; 485 pkgs. wood-Singer Manufacturing Co."
18890302p.4.txt,70,Valund,Drontheim,MONTROSE,"5,292 deals-Brownlee & Co.",Brownlee & Co.,22,Feb,1889,2,March,1889,False,standard_dash,0.9,"Feb. 22 Valund-Drontheim-5,292 deals-Brownlee & Co."
18890302p.4.txt,73,Olive,Warberg,MONTROSE,"20,737 pit props-Love",Love,25,Feb,1889,2,March,1889,False,standard_dash,0.9,"Feb. 25 Olive-Warberg-20,737 pit props-Love"
18890302p.4.txt,85,Dealers,,MONTROSE,"in Mahogany, Lignum Vitæ, Walnuts, Oaks, Whitewood, Birch, Cedar, Ash, &c., and Veneers.",,25,Feb,1889,2,March,1889,False,condensed,0.9,"Dealers in—Mahogany, Lignum Vitæ, Walnuts, Oaks, Whitewood, Birch, Cedar, Ash, &c., and Veneers."
18890302p.4.txt,123,Kinghorn,Rotterdam,PETITION PRESENTED,"2,740 bdls. hoops-Geo. Gibson & Co.",Geo. Gibson & Co.,22,Feb,1889,2,March,1889,False,standard_dash,0.9,"Feb. 22 Kinghorn-Rotterdam-2,740 bdls. hoops-Geo. Gibson & Co."
18890302p.4.txt,124,Ydale,Memel,PETITION PRESENTED,"37,080 oak staves-Knoblauch",Knoblauch,23,Feb,1889,2,March,1889,False,standard_dash,0.9,"Feb. 23 Ydale-Memel-37,080 oak staves-Knoblauch"
18890302p.4.txt,127,Valund,Hommelvik,MONTROSE,"9,289 battens-R. Millar & Sons",R. Millar & Sons,20,Feb,1889,2,March,1889,True,standard_dash,1.0,"Feb. 20 Valund (s)-Hommelvik-9,289 battens-R. Millar & Sons"
18890302p.4.txt,130,Ariel,Laurvig,MONTROSE,"11,250 birch staves-Leask & Co.",Leask & Co.,19,Feb,1889,2,March,1889,False,standard_dash,1.0,"Feb. 19 Ariel-Laurvig-11,250 birch staves-Leask & Co."
18890302p.4.txt,133,Kate Crosby,Mobile,TROON,"49 pcs. hewn pitch pine, 991 pcs. sawn pitch pine, 348 pitch pine deals-Wright",Wright,18,Feb,1889,2,March,1889,False,standard_dash,1.0,"Feb. 18 Kate Crosby-Mobile-49 pcs. hewn pitch pine, 991 pcs. sawn pitch pine, 348 pitch pine deals-Wright"
18890302p.4.txt,141,Telegraphic,Address,DUNDEE,"""PATON,"" AYR.",,18,Feb,1889,2,March,1889,False,condensed,0.9,"Telegraphic Address— ""PATON,"" AYR."
18890302p.4.txt,144,Telegram,Addresses,DUNDEE,"DONALDSON, TAYPORT. DONALDSON, LEVEN.",,18,Feb,1889,2,March,1889,False,condensed,0.9,"Telegram Addresses— DONALDSON, TAYPORT. DONALDSON, LEVEN."
18890302p.4.txt,156,Telegraphic,Address,DUNDEE,"""JOHN JESSIMAN,"" [?]",,18,Feb,1889,2,March,1889,False,condensed,0.9,"Telegraphic Address—""JOHN JESSIMAN,"" [?]"
18890302p.4.txt,162,Telegraphic,Address,DUNDEE,"""[?]""",,18,Feb,1889,2,March,1889,False,condensed,0.9,"Telegraphic Address—""[?]"""
18890309p.280_p001.txt,16,Twenty,six houses are to be erected at Wexford. A new fire,BUILDING NEWS,engine station is to be built at Chelmsford.,,18,Feb,1889,9,March,1889,False,condensed,1.0,Twenty-six houses are to be erected at Wexford. A new fire-engine station is to be built at Chelmsford.
18890309p.280_p001.txt,86,Buccleugh,Porsgrund,TENDERS OPEN,"198,274 staves, 113,089 boards-F. J. Crossfield & Co.",F. J. Crossfield & Co.,4,Mar,1889,9,March,1889,True,standard_dash,0.9,"Mar. 4 Buccleugh (s)—Porsgrund—198,274 staves, 113,089 boards—F. J. Crossfield & Co."
18890309p.280_p001.txt,88,Llandaff City,New York,BRISTOL,"6 cs. spokes-S. Robin & Co. 66 cs. spokes, 18 bdls. lumber—J. C. Wall; 50 cs. spokes—Order",S. Robin & Co.,4,Mar,1889,9,March,1889,True,standard_dash,0.9,"Mar. 4 Llandaff City (s)—New York—6 cs. spokes—S. Robin & Co.; 66 cs. spokes, 18 bdls. lumber—J. C. Wall; 50 cs. spokes—Order"
18890309p.280_p001.txt,90,Heinrich Bjorn,Krageroe,BRISTOL,"3,365 pcs. mining timber, 7,551 pit-props—Edgar & Co.",props—Edgar & Co.,27,Feb,1889,9,March,1889,False,standard_dash,0.9,"Feb. 27 Heinrich Bjorn—Krageroe—3,365 pcs. mining timber, 7,551 pit-props—Edgar & Co."
18890309p.280_p001.txt,91,Aluston,Bordeaux,BRISTOL,"1,735 lds. pitwood-Simkin Bros.",Simkin Bros.,28,Feb,1889,9,March,1889,False,condensed,0.9,"28 Aluston—Bordeaux—1,735 lds. pitwood—Simkin Bros."
18890309p.280_p001.txt,92,Bretagne,St. Malo,BRISTOL,470 lds. pitwood,,27,Feb,1889,9,March,1889,False,condensed,0.9,Bretagne—St. Malo—470 lds. pitwood—Order
18890309p.280_p001.txt,93,Rive de Gier,Bayonne,BRISTOL,"1,100 lds. pitwood-A. Capelle",A. Capelle,27,Feb,1889,9,March,1889,True,condensed,0.9,"Rive de Gier (s)—Bayonne—1,100 lds. pitwood—A. Capelle"
18890309p.280_p001.txt,94,Cannel,Risoer,BRISTOL,"2,631 pcs. mining timber, 8,066 pit props-W. Edgar & Co.",W. Edgar & Co.,27,Feb,1889,9,March,1889,False,condensed,0.9,"Cannel—Risoer—2,631 pcs. mining timber, 8,066 pit props—W. Edgar & Co."
18890309p.280_p001.txt,95,Hans Thiis,Tvedestrand,BRISTOL,"4,118 pcs., 5,784 pit props-W. Thomas",W. Thomas,1,Mar,1889,9,March,1889,False,standard_dash,0.9,"Mar. 1 Hans Thiis—Tvedestrand—4,118 pcs., 5,784 pit props—W. Thomas"
18890309p.280_p001.txt,96,Angelica,Bordeaux,BRISTOL,"1,100 lds. pitprops-Powley, Thomas, & Co.","Powley, Thomas, & Co.",1,Mar,1889,9,March,1889,True,condensed,0.9,"Angelica (s)—Bordeaux—1,100 lds. pitprops—Powley, Thomas, & Co."
18890309p.280_p001.txt,97,Baron Hambro,Bordeaux,BRISTOL,"1,139 pcs. mining timber, 710 lds. pit props-Edgar & Co.",Edgar & Co.,2,Mar,1889,9,March,1889,False,condensed,0.9,"2 Baron Hambro—Bordeaux—1,139 pcs. mining timber, 710 lds. pit props—Edgar & Co."
18890309p.280_p001.txt,98,Christiania Adela,Bordeaux,BRISTOL,"1,000 lds. pit props-Simkin Bros.",Simkin Bros.,4,Mar,1889,9,March,1889,False,condensed,0.9,"4 Christiania Adela—Bordeaux—1,000 lds. pit props—Simkin Bros."
18890309p.280_p001.txt,99,Anne,Vannes,BRISTOL,150 lds. pit props,,1,Mar,1889,9,March,1889,False,condensed,0.9,Anne—Vannes—150 lds. pit props—Order
18890309p.280_p001.txt,100,Hercules,Christiania,BRISTOL,"18,030 pcs. sawn timber-Tellefsen, Wille, & Co.","Tellefsen, Wille, & Co.",1,Mar,1889,9,March,1889,False,condensed,0.9,"Hercules—Christiania—18,030 pcs. sawn timber—Tellefsen, Wille, & Co."
18890309p.280_p001.txt,101,Theophile Marie,Vannes,BRISTOL,"1,180 butt and cs. spokes-G. Shellim",G. Shellim,1,Mar,1889,9,March,1889,False,condensed,0.9,"Theophile Marie—Vannes—1,180 butt and cs. spokes—G. Shellim"
18890309p.280_p001.txt,104,Lionel,Krageroe,LONDON,"116 fms. firewood-Duus, Brown, & Co.","Duus, Brown, & Co.",1,Mar,1889,9,March,1889,False,condensed,0.9,"Lionel—Krageroe—116 fms. firewood—Duus, Brown, & Co."
18890309p.280_p001.txt,105,Andrea,Gothenburg,LONDON,"42,723 boards and battens",,1,Mar,1889,9,March,1889,False,condensed,0.9,"Andrea—Gothenburg—42,723 boards and battens—Order"
18890309p.280_p001.txt,106,Sylvia,Skien,LONDON,"56,024 redwood boards, 60 boards, 19 fms. firewood",,6,Mar,1889,9,March,1889,False,condensed,0.9,"6 Sylvia—Skien—56,024 redwood boards, 60 boards, 19 fms. firewood—Order"
18890309p.280_p001.txt,107,Gaa Paa,Fredrikstad,LONDON,"26,548 floorings, 8,023 bdls. boxwood",,6,Mar,1889,9,March,1889,True,condensed,0.9,"Gaa Paa (s)—Fredrikstad—26,548 floorings, 8,023 bdls. boxwood—Order"
18890309p.280_p001.txt,110,pcs.,,LONDON,"timber Patent Lath Co.; 2,053 bdls. boxboards, 686 doz. boards",,6,Mar,1889,9,March,1889,False,condensed,0.9,"528 pcs. timber—Patent Lath Co.; 2,053 bdls. boxboards, 686 doz. boards—Order"
18890309p.280_p001.txt,111,Carla,Pensacola,LONDON,"4,803 sawn deals",,1,Mar,1889,9,March,1889,False,condensed,0.9,"Carla—Pensacola—4,803 sawn deals—Order"
18890309p.280_p001.txt,112,Thorsten,Gothenburg,LONDON,"1,140 pkgs. joinery-J. Sandell & Co. 8 pkgs. turned wood—W. Uloth & Co.; 69 pkgs. turned wood—J. Gordon & Co.; 100 bdls. turned wood—Albano & Co.; 800 bdls. laths—Foy",J. Sandell & Co.,4,Mar,1889,9,March,1889,True,condensed,0.9,"4 Thorsten (s)—Gothenburg—1,140 pkgs. joinery—J. Sandell & Co.; 8 pkgs. turned wood—W. Uloth & Co.; 69 pkgs. turned wood—J. Gordon & Co.; 100 bdls. turned wood—Albano & Co.; 800 bdls. laths—Foy"
18890309p.280_p001.txt,112,pkgs. turned,,LONDON,wood W. Uloth & Co.; 69 pkgs. turned wood-J. Gordon & Co. 100 bdls. turned wood—Albano & Co.; 800 bdls. laths—Foy,J. Gordon & Co.,1,Mar,1889,9,March,1889,False,condensed,0.9,8 pkgs. turned wood—W. Uloth & Co.; 69 pkgs. turned wood—J. Gordon & Co.; 100 bdls. turned wood—Albano & Co.; 800 bdls. laths—Foy
18890309p.280_p001.txt,112,bdls. turned,,LONDON,wood Albano & Co.; 800 bdls. laths-Foy,Foy,1,Mar,1889,9,March,1889,False,condensed,0.9,100 bdls. turned wood—Albano & Co.; 800 bdls. laths—Foy
18890309p.280_p001.txt,113,MISSING_FROM_OCR,Christiania,LONDON,"296 bgs. brush blocks-J. Keen 10,125 boards—Neame & Co.",J. Keen,1,Mar,1889,9,March,1889,False,condensed,0.9,"Christiania—296 bgs. brush blocks—J. Keen; 10,125 boards—Neame & Co."
18890309p.280_p001.txt,114,Bjorn,Gothenburg,LONDON,"12,682 planed boards-Wix, Webster, & Co. 1,200 bdls. laths—Foy, Morgan, & Co.; 451 doz. deals, 15 fms. firewood, & Co.","Wix, Webster, & Co.",1,Mar,1889,9,March,1889,True,condensed,0.9,"Bjorn (s)—Gothenburg—12,682 planed boards—Wix, Webster, & Co.; 1,200 bdls. laths—Foy, Morgan, & Co.; 451 doz. deals, 15 fms. firewood, & Co."
18890309p.280_p001.txt,115,Landholm,Gothenburg,LONDON,"106,960 staves",,5,Mar,1889,9,March,1889,True,condensed,0.9,"5 Landholm (s)—Gothenburg—106,960 staves—Order"
18890309p.280_p001.txt,116,fms.,,LONDON,firewood Order,,5,Mar,1889,9,March,1889,False,condensed,0.9,27 fms. firewood—Order
18890309p.280_p001.txt,117,Thekla,Gothenburg,LONDON,"2,639 deals and boards-With, Webster & Co. 251 bat-5,409 pcs. timber, 469 pcs. deals, 40,028 props, 4 fms. lathwood—Order","With, Webster & Co.",5,Mar,1889,9,March,1889,True,condensed,0.9,"Thekla (s)—Gothenburg—2,639 deals and boards—With, Webster & Co.; 251 bat-5,409 pcs. timber, 469 pcs. deals, 40,028 props, 4 fms. lathwood—Order"
18890309p.280_p001.txt,120,Canada,New York,LONDON,"1 cs. lumber-Pitt & Scott 2 cs. handles, 11 cs. mouldings, 37 cs. spokes, 4 cs. hubs—Order",Pitt & Scott,5,Mar,1889,9,March,1889,True,standard_dash,0.9,"Mar. 5 Canada (s)—New York—1 cs. lumber—Pitt & Scott; 2 cs. handles, 11 cs. mouldings, 37 cs. spokes, 4 cs. hubs—Order"
18890309p.280_p001.txt,123,Ulunda,St. John,LONDON,"1,786 pcs. birch, 7,866 pcs. spruce-Churchill & Sim",Churchill & Sim,2,Mar,1889,9,March,1889,True,standard_dash,0.9,"Mar. 2 Ulunda (s)—St. John—1,786 pcs. birch, 7,866 pcs. spruce—Churchill & Sim"
18890309p.280_p001.txt,126,Sparber,Bremen,DEPTFORD,"1,021 planks-besoh-Order",besoh-Order,2,Mar,1889,9,March,1889,True,standard_dash,1.0,"Mar. 2 Sparber (s)—Bremen—1,021 planks—besoh-Order"
18890309p.280_p001.txt,129,Berwick,Treport,DEPTFORD,"3,500 gunstocks",,5,Mar,1889,9,March,1889,True,standard_dash,1.0,"Mar. 5 Berwick (s)—Treport—3,500 gunstocks—Order"
18890309p.280_p001.txt,132,Maryland,Baltimore,DEPTFORD,"3,000 hhd. staves, 4,521 pcs., 89 bdls. oak lumber, 110 bdls., 593 pcs. lumber",,4,Mar,1889,9,March,1889,True,standard_dash,0.9,"Mar. 4 Maryland (s)—Baltimore—3,000 hhd. staves, 4,521 pcs., 89 bdls. oak lumber, 110 bdls., 593 pcs. lumber—Order"
18890309p.280_p001.txt,136,Elizabeth,Pillau,DEPTFORD,"5,848 pcs. redwood, 1,848 oak, 88 pcs. wood-Bailey & Leetham",Bailey & Leetham,4,Mar,1889,9,March,1889,True,condensed,0.9,"Elizabeth (s)—Pillau—5,848 pcs. redwood, 1,848 oak, 88 pcs. wood—Bailey & Leetham"
18890309p.280_p001.txt,139,Australian,New Orleans,LIVERPOOL,110 pcs. pine,,28,Feb,1889,9,March,1889,True,standard_dash,0.9,Feb. 28 Australian (s)—New Orleans—110 pcs. pine—Order
18890309p.280_p001.txt,140,Ivanhoe,Rotterdam,LIVERPOOL,"15 pkgs. shooks, 5,400 bdls. hoops",,28,Feb,1889,9,March,1889,True,condensed,0.9,"Ivanhoe (s)—Rotterdam—15 pkgs. shooks, 5,400 bdls. hoops—Order"
18890309p.280_p001.txt,141,Author,New Orleans,LIVERPOOL,"683 pcs. lumber, 1,180 butt and 6,000 staves-Whiteside, Johns, & Co.","Whiteside, Johns, & Co.",28,Feb,1889,9,March,1889,True,condensed,0.9,"Author (s)—New Orleans—683 pcs. lumber, 1,180 butt and 6,000 staves—Whiteside, Johns, & Co."
18890309p.280_p001.txt,142,Britannic,New York,LIVERPOOL,"1 cs. spokes-G. Shellim & Co. 1,400 bdls. hoops—Order",G. Shellim & Co.,1,Mar,1889,9,March,1889,True,standard_dash,0.9,"Mar. 1 Britannic (s)—New York—1 cs. spokes—G. Shellim & Co.; 1,400 bdls. hoops—Order"
18890309p.280_p001.txt,143,Wisconsin,New York,LIVERPOOL,21 gross staves-Hattley Hay 7 crs. staves—Hattley Hay; 5 pkgs. handles—Brizell; 49 cs. handles—A. & E. Co.; 133 pkgs. handles—Order,Hattley Hay,1,Mar,1889,9,March,1889,True,condensed,0.9,Wisconsin (s)—New York—21 gross staves—Hattley Hay; 7 crs. staves—Hattley Hay; 5 pkgs. handles—Brizell; 49 cs. handles—A. & E. Co.; 133 pkgs. handles—Order
18890309p.280_p001.txt,143,crs.,,LIVERPOOL,staves Hattley Hay; 5 pkgs. handles-Brizell 49 cs. handles—A. & E. Co.; 133 pkgs. handles—Order,Brizell,1,Mar,1889,9,March,1889,False,condensed,0.9,7 crs. staves—Hattley Hay; 5 pkgs. handles—Brizell; 49 cs. handles—A. & E. Co.; 133 pkgs. handles—Order
18890309p.280_p001.txt,143,cs.,,LIVERPOOL,handles A. & E. Co.; 133 pkgs. handles,,1,Mar,1889,9,March,1889,False,condensed,0.9,49 cs. handles—A. & E. Co.; 133 pkgs. handles—Order
18890309p.280_p001.txt,144,Hovding,Porsgrund,LIVERPOOL,"11,787 poles, 126 pcs. timber, 135 pkgs. handles-R. Grandidge",R. Grandidge,1,Mar,1889,9,March,1889,False,condensed,0.9,"Hovding—Porsgrund—11,787 poles, 126 pcs. timber, 135 pkgs. handles—R. Grandidge"
18890309p.280_p001.txt,145,Palestine,Boston,LIVERPOOL,"8,800 staves-Hattley Hay",Hattley Hay,1,Mar,1889,9,March,1889,True,condensed,0.9,"Palestine (s)—Boston—8,800 staves—Hattley Hay"
18890309p.280_p001.txt,146,Michigan,Boston,LIVERPOOL,"7,524 staves-Hattley Hay",Hattley Hay,4,Mar,1889,9,March,1889,True,condensed,0.9,"4 Michigan (s)—Boston—7,524 staves—Hattley Hay"
18890309p.280_p001.txt,147,Glenmore,Charleston,LIVERPOOL,"1,500 barrel staves",,4,Mar,1889,9,March,1889,True,condensed,0.9,"Glenmore (s)—Charleston—1,500 barrel staves—Order"
18890309p.280_p001.txt,148,Alicia,New Orleans,LIVERPOOL,"3,000 staves",,4,Mar,1889,9,March,1889,True,condensed,0.9,"Alicia (s)—New Orleans—3,000 staves—Order"
18890309p.280_p001.txt,149,Rosse,New Orleans,LIVERPOOL,"1,953 staves",,4,Mar,1889,9,March,1889,True,condensed,0.9,"Rosse (s)—New Orleans—1,953 staves—Order"
18890309p.280_p001.txt,150,Albany,New Orleans,LIVERPOOL,"2,100 pcs. pine",,4,Mar,1889,9,March,1889,True,condensed,0.9,"Albany (s)—New Orleans—2,100 pcs. pine—Order"
18890309p.280_p001.txt,151,Indiana,Fredrikstad,LIVERPOOL,"43,610 redwood boards, 7,605 deals and battens",,4,Mar,1889,9,March,1889,False,condensed,0.9,"Indiana—Fredrikstad—43,610 redwood boards, 7,605 deals and battens—Order"
18890309p.280_p001.txt,152,Servia,New York,LIVERPOOL,"3,110 staves",,4,Mar,1889,9,March,1889,True,condensed,0.9,"Servia (s)—New York—3,110 staves—Order"
18890309p.280_p001.txt,153,Donati,New York,LIVERPOOL,"6,282 wood rods",,4,Mar,1889,9,March,1889,True,condensed,0.9,"Donati (s)—New York—6,282 wood rods—Order"
18890309p.280_p001.txt,154,Felix Anna,Bayonne,LIVERPOOL,95 lds. oak-Farnworth & Jardine,Farnworth & Jardine,4,Mar,1889,9,March,1889,False,condensed,0.9,Felix Anna—Bayonne—95 lds. oak—Farnworth & Jardine
18890309p.280_p001.txt,155,Brage,Krageroe,LIVERPOOL,"2,834 pcs. redwood props and 2,139 pcs. whitewood timber, 1,200 props",,4,Mar,1889,9,March,1889,False,condensed,0.9,"Brage—Krageroe—2,834 pcs. redwood props and 2,139 pcs. whitewood timber, 1,200 props—Order"
18890309p.280_p001.txt,156,Pensylvania,Philadelphia,LIVERPOOL,"4,050 staves-Drysdale Bros.",Drysdale Bros.,6,Mar,1889,9,March,1889,False,condensed,0.9,"6 Pensylvania—Philadelphia—4,050 staves—Drysdale Bros."
18890309p.280_p001.txt,157,Polynesian,Portland,LIVERPOOL,"392 cs. splints-Collard, Kendall, & Co. 150 cs. splints—W. G. Morgan & Co.","Collard, Kendall, & Co.",6,Mar,1889,9,March,1889,True,condensed,0.9,"Polynesian (s)—Portland—392 cs. splints—Collard, Kendall, & Co.; 150 cs. splints—W. G. Morgan & Co."
18890309p.280_p001.txt,157,cs.,,LIVERPOOL,splints W. G. Morgan & Co.,,6,Mar,1889,9,March,1889,False,condensed,0.9,150 cs. splints—W. G. Morgan & Co.
18890309p.280_p001.txt,158,Viking,Gothenburg,LIVERPOOL,"2,177 bdls. laths-Sheraton & Co. 500 bdls. laths—G. Bradley & Co.; 25,969 pit props, 1,200 pcs. mining timber, 6,046 pit poles—Osbeck & Co.; 67 doz. deals—Order",Sheraton & Co.,6,Mar,1889,9,March,1889,True,condensed,0.9,"Viking (s)—Gothenburg—2,177 bdls. laths—Sheraton & Co.; 500 bdls. laths—G. Bradley & Co.; 25,969 pit props, 1,200 pcs. mining timber, 6,046 pit poles—Osbeck & Co.; 67 doz. deals—Order"
18890309p.280_p001.txt,158,bdls.,,LIVERPOOL,"laths G. Bradley & Co.; 25,969 pit props, 1,200 pcs. mining timber, 6,046 pit poles-Osbeck & Co. 67 doz. deals—Order",Osbeck & Co.,6,Mar,1889,9,March,1889,False,condensed,0.9,"500 bdls. laths—G. Bradley & Co.; 25,969 pit props, 1,200 pcs. mining timber, 6,046 pit poles—Osbeck & Co.; 67 doz. deals—Order"
18890309p.280_p001.txt,158,doz.,,LIVERPOOL,deals Order,,6,Mar,1889,9,March,1889,False,condensed,0.9,67 doz. deals—Order
18890309p.280_p001.txt,159,Rallus,Rotterdam,LIVERPOOL,"5,729 bdls. hoops",,6,Mar,1889,9,March,1889,True,condensed,0.9,"Rallus (s)—Rotterdam—5,729 bdls. hoops—Order"
18890309p.280_p001.txt,160,Bulgarian,Boston,LIVERPOOL,"7,500 staves-Hattley Hay",Hattley Hay,6,Mar,1889,9,March,1889,True,condensed,0.9,"Bulgarian (s)—Boston—7,500 staves—Hattley Hay"
18890309p.280_p001.txt,161,Senator,New York,LIVERPOOL,"6,282 wood rods",,6,Mar,1889,9,March,1889,True,condensed,0.9,"Senator (s)—New York—6,282 wood rods—Order"
18890309p.280_p001.txt,165,Lionel,Krageroe,LONDON,"116 fms. firewood-Duus, Brown, & Co.","Duus, Brown, & Co.",6,Mar,1889,9,March,1889,False,condensed,0.9,"Lionel—Krageroe—116 fms. firewood—Duus, Brown, & Co."
18890309p.280_p001.txt,166,Andrea,Gothenburg,LONDON,"42,723 boards and battens",,6,Mar,1889,9,March,1889,False,condensed,0.9,"Andrea—Gothenburg—42,723 boards and battens—Order"
18890309p.280_p001.txt,167,Sylvia,Skien,LONDON,"56,024 redwood boards, 60 boards, 19 fms. firewood",,6,Mar,1889,9,March,1889,False,condensed,0.9,"6 Sylvia—Skien—56,024 redwood boards, 60 boards, 19 fms. firewood—Order"
18890309p.280_p001.txt,168,Gaa Paa,Fredrikstad,LONDON,"26,548 floorings, 8,023 bdls. boxwood",,6,Mar,1889,9,March,1889,True,condensed,0.9,"Gaa Paa (s)—Fredrikstad—26,548 floorings, 8,023 bdls. boxwood—Order"
18890309p.280_p001.txt,171,pcs.,,LONDON,"timber Patent Lath Co.; 2,053 bdls. boxboards, 686 doz. boards",,6,Mar,1889,9,March,1889,False,condensed,0.9,"528 pcs. timber—Patent Lath Co.; 2,053 bdls. boxboards, 686 doz. boards—Order"
18890309p.280_p001.txt,172,Carla,Pensacola,LONDON,"4,803 sawn deals",,1,Mar,1889,9,March,1889,False,condensed,0.9,"Carla—Pensacola—4,803 sawn deals—Order"
18890309p.280_p001.txt,173,Thorsten,Gothenburg,LONDON,"1,140 pkgs. joinery-J. Sandell & Co. 8 pkgs. turned wood—W. Uloth & Co.; 69 pkgs. turned wood—J. Gordon & Co.; 100 bdls. turned wood—Albano & Co.; 800 bdls. laths—Foy",J. Sandell & Co.,4,Mar,1889,9,March,1889,True,condensed,0.9,"4 Thorsten (s)—Gothenburg—1,140 pkgs. joinery—J. Sandell & Co.; 8 pkgs. turned wood—W. Uloth & Co.; 69 pkgs. turned wood—J. Gordon & Co.; 100 bdls. turned wood—Albano & Co.; 800 bdls. laths—Foy"
18890309p.280_p001.txt,173,pkgs. turned,,LONDON,wood W. Uloth & Co.; 69 pkgs. turned wood-J. Gordon & Co. 100 bdls. turned wood—Albano & Co.; 800 bdls. laths—Foy,J. Gordon & Co.,1,Mar,1889,9,March,1889,False,condensed,0.9,8 pkgs. turned wood—W. Uloth & Co.; 69 pkgs. turned wood—J. Gordon & Co.; 100 bdls. turned wood—Albano & Co.; 800 bdls. laths—Foy
18890309p.280_p001.txt,173,bdls. turned,,LONDON,wood Albano & Co.; 800 bdls. laths-Foy,Foy,1,Mar,1889,9,March,1889,False,condensed,0.9,100 bdls. turned wood—Albano & Co.; 800 bdls. laths—Foy
18890309p.280_p001.txt,174,MISSING_FROM_OCR,Christiania,LONDON,"296 bgs. brush blocks-J. Keen 10,125 boards—Neame & Co.",J. Keen,1,Mar,1889,9,March,1889,False,condensed,0.9,"Christiania—296 bgs. brush blocks—J. Keen; 10,125 boards—Neame & Co."
18890309p.280_p001.txt,175,Bjorn,Gothenburg,LONDON,"12,682 planed boards-Wix, Webster, & Co. 1,200 bdls. laths—Foy, Morgan, & Co.; 451 doz. deals, 15 fms. firewood, & Co.","Wix, Webster, & Co.",1,Mar,1889,9,March,1889,True,condensed,0.9,"Bjorn (s)—Gothenburg—12,682 planed boards—Wix, Webster, & Co.; 1,200 bdls. laths—Foy, Morgan, & Co.; 451 doz. deals, 15 fms. firewood, & Co."
18890309p.280_p001.txt,176,Landholm,Gothenburg,LONDON,"106,960 staves",,5,Mar,1889,9,March,1889,True,condensed,0.9,"5 Landholm (s)—Gothenburg—106,960 staves—Order"
18890309p.280_p001.txt,177,fms.,,LONDON,firewood Order,,5,Mar,1889,9,March,1889,False,condensed,0.9,27 fms. firewood—Order
18890309p.280_p001.txt,178,Thekla,Gothenburg,LONDON,"2,639 deals and boards-With, Webster & Co. 251 bat-5,409 pcs. timber, 469 pcs. deals, 40,028 props, 4 fms. lathwood—Order","With, Webster & Co.",5,Mar,1889,9,March,1889,True,condensed,0.9,"Thekla (s)—Gothenburg—2,639 deals and boards—With, Webster & Co.; 251 bat-5,409 pcs. timber, 469 pcs. deals, 40,028 props, 4 fms. lathwood—Order"
18890309p.280_p001.txt,181,Canada,New York,LONDON,"1 cs. lumber-Pitt & Scott 2 cs. handles, 11 cs. mouldings, 37 cs. spokes, 4 cs. hubs—Order",Pitt & Scott,5,Mar,1889,9,March,1889,True,standard_dash,0.9,"Mar. 5 Canada (s)—New York—1 cs. lumber—Pitt & Scott; 2 cs. handles, 11 cs. mouldings, 37 cs. spokes, 4 cs. hubs—Order"
18890309p.280_p001.txt,184,Ulunda,St. John,LONDON,"1,786 pcs. birch, 7,866 pcs. spruce-Churchill & Sim",Churchill & Sim,2,Mar,1889,9,March,1889,True,standard_dash,0.9,"Mar. 2 Ulunda (s)—St. John—1,786 pcs. birch, 7,866 pcs. spruce—Churchill & Sim"
18890309p.280_p001.txt,187,Sparber,Bremen,DEPTFORD,"1,021 planks-besoh-Order",besoh-Order,2,Mar,1889,9,March,1889,True,standard_dash,1.0,"Mar. 2 Sparber (s)—Bremen—1,021 planks—besoh-Order"
18890309p.280_p001.txt,190,Berwick,Treport,DEPTFORD,"3,500 gunstocks",,5,Mar,1889,9,March,1889,True,standard_dash,1.0,"Mar. 5 Berwick (s)—Treport—3,500 gunstocks—Order"
18890309p.280_p001.txt,193,Maryland,Baltimore,DEPTFORD,"3,000 hhd. staves, 4,521 pcs., 89 bdls. oak lumber, 110 bdls., 593 pcs. lumber",,4,Mar,1889,9,March,1889,True,standard_dash,0.9,"Mar. 4 Maryland (s)—Baltimore—3,000 hhd. staves, 4,521 pcs., 89 bdls. oak lumber, 110 bdls., 593 pcs. lumber—Order"
18890309p.280_p001.txt,196,Seagull,Rotterdam,DEPTFORD,"1,021 bdls. hoops",,1,Mar,1889,9,March,1889,True,standard_dash,0.9,"Mar. 1 Seagull (s)—Rotterdam—1,021 bdls. hoops—Order"
18890309p.280_p001.txt,197,Cameo,Christiania,DEPTFORD,977 pcs. redwood boards-Heaven & Kesterton,Heaven & Kesterton,2,Mar,1889,9,March,1889,True,condensed,0.9,2 Cameo (s)—Christiania—977 pcs. redwood boards—Heaven & Kesterton
18890309p.280_p001.txt,198,MISSING_FROM_OCR,Gothenburg,DEPTFORD,"10,275 props, 3,171 pcs. timber-Haagensen, Watt & Co.","Haagensen, Watt & Co.",1,Mar,1889,9,March,1889,False,condensed,0.9,"Gothenburg—10,275 props, 3,171 pcs. timber—Haagensen, Watt & Co."
18890309p.280_p001.txt,199,Axel,Saanum,DEPTFORD,"6,900 pcs. round timber, 3,270 pit props",,1,Mar,1889,9,March,1889,False,condensed,0.9,"Axel—Saanum—6,900 pcs. round timber, 3,270 pit props—Order"
18890309p.280_p001.txt,200,Orlando,Gothenburg,DEPTFORD,"4,546 pcs. timber-Sons, & Co. 500 bdls. laths—Heaven & Kesterton; 4,900 bdls. laths—Order","Sons, & Co.",5,Mar,1889,9,March,1889,True,condensed,0.9,"5 Orlando (s)—Gothenburg—4,546 pcs. timber—Sons, & Co.; 500 bdls. laths—Heaven & Kesterton; 4,900 bdls. laths—Order"
18890309p.280_p001.txt,200,bdls.,,DEPTFORD,"laths Heaven & Kesterton; 4,900 bdls. laths",,1,Mar,1889,9,March,1889,False,condensed,0.9,"500 bdls. laths—Heaven & Kesterton; 4,900 bdls. laths—Order"
18890309p.280_p001.txt,201,Albert,Rotterdam,DEPTFORD,"2,050 bdls. hoops",,1,Mar,1889,9,March,1889,True,condensed,0.9,"Albert (s)—Rotterdam—2,050 bdls. hoops—Order"
18890309p.280_p001.txt,202,Domino,Drontheim,DEPTFORD,"2,017 pcs. timber-ham, Reynoldson, & Co.","ham, Reynoldson, & Co.",1,Mar,1889,9,March,1889,True,condensed,0.9,"Domino (s)—Drontheim—2,017 pcs. timber—ham, Reynoldson, & Co."
18890309p.280_p001.txt,203,Rollo,Christiania,DEPTFORD,"7,398 pcs. timber, 40 spars-Wilson, Sons, & Co.","Wilson, Sons, & Co.",1,Mar,1889,9,March,1889,True,condensed,0.9,"Rollo (s)—Christiania—7,398 pcs. timber, 40 spars—Wilson, Sons, & Co."
18890309p.280_p002.txt,2,Elisabeth,Pillau,DEPTFORD,"5,848 rollers, 3,227 pcs. oak, 88 pcs. wood-Bailey & Leetham",Bailey & Leetham,1,Mar,1889,9,March,1889,True,condensed,0.9,"Elisabeth (s)-Pillau-5,848 rollers, 3,227 pcs. oak, 88 pcs. wood-Bailey & Leetham"
18890309p.280_p002.txt,5,Australian,New Orleans,LIVERPOOL,"2,131 pcs. pine",,28,Feb,1889,9,March,1889,True,standard_dash,0.9,"Feb. 28 Australian (s)-New Orleans-2,131 pcs. pine-Order"
18890309p.280_p002.txt,6,Ivanhoe,Rotterdam,LIVERPOOL,"15 pkgs. staves, 28 shooks, 5,400 bdls. hoops",,28,Feb,1889,9,March,1889,True,condensed,0.9,"Ivanhoe (s)-Rotterdam-15 pkgs. staves, 28 shooks, 5,400 bdls. hoops-Order"
18890309p.280_p002.txt,7,Author,New Orleans,LIVERPOOL,683 staves-Drydale Bros.,Drydale Bros.,28,Feb,1889,9,March,1889,True,condensed,0.9,Author (s)-New Orleans-683 staves-Drydale Bros.
18890309p.280_p002.txt,8,Britannic,New York,LIVERPOOL,"9,500 pcs. lumber-Whiteside, Johns, & Co. 1,800 staves-Hattley Hay; 7 crts. spokes-Order","Whiteside, Johns, & Co.",1,Mar,1889,9,March,1889,True,standard_dash,0.9,"Mar. 1 Britannic (s)-New York-9,500 pcs. lumber-Whiteside, Johns, & Co.; 1,800 staves-Hattley Hay; 7 crts. spokes-Order"
18890309p.280_p002.txt,9,Wisconsin,New York,LIVERPOOL,21 gross thousand staves-Hattley Hay 5 pkgs. handles-Brizell; 49 cs. handles-A. & E. Parkes Co.; 133 pkgs. handles-Order,Hattley Hay,2,Mar,1889,9,March,1889,True,condensed,0.9,2 Wisconsin (s)-New York-21 gross thousand staves-Hattley Hay; 5 pkgs. handles-Brizell; 49 cs. handles-A. & E. Parkes Co.; 133 pkgs. handles-Order
18890309p.280_p002.txt,10,Hovding,Porsgrund,LIVERPOOL,"11,787 poles, 591 props-R. Grandidge",R. Grandidge,1,Mar,1889,9,March,1889,False,condensed,0.9,"Hovding-Porsgrund-11,787 poles, 591 props-R. Grandidge"
18890309p.280_p002.txt,11,Palestine,Boston,LIVERPOOL,"8,800 staves-Hattley Hay",Hattley Hay,1,Mar,1889,9,March,1889,True,condensed,0.9,"Palestine (s)-Boston-8,800 staves-Hattley Hay"
18890309p.280_p002.txt,12,Michigan,Boston,LIVERPOOL,"7,524 staves-Hay",Hay,1,Mar,1889,9,March,1889,True,condensed,0.9,"Michigan (s)-Boston-7,524 staves-Hay"
18890309p.280_p002.txt,13,Glenmore,Charleston,LIVERPOOL,"1,500 barrel staves",,1,Mar,1889,9,March,1889,True,condensed,0.9,"Glenmore (s)-Charleston-1,500 barrel staves-Order"
18890309p.280_p002.txt,14,Alicia,New Orleans,LIVERPOOL,"3,000 staves",,1,Mar,1889,9,March,1889,True,condensed,0.9,"Alicia (s)-New Orleans-3,000 staves-Order"
18890309p.280_p002.txt,15,Bosse,New Orleans,LIVERPOOL,"1,953 staves",,1,Mar,1889,9,March,1889,True,condensed,0.9,"Bosse (s)-New Orleans-1,953 staves-Order"
18890309p.280_p002.txt,16,Albany,New Orleans,LIVERPOOL,"2,100 ppe. staves",,1,Mar,1889,9,March,1889,True,condensed,0.9,"Albany (s)-New Orleans-2,100 ppe. staves-Order"
18890309p.280_p002.txt,17,Indiana,Fredrikstad,LIVERPOOL,"43,610 flooring boards, 7,605 deals and battens-Halsall",Halsall,1,Mar,1889,9,March,1889,False,condensed,0.9,"Indiana - Fredrikstad - 43,610 flooring boards, 7,605 deals and battens-Halsall"
18890309p.280_p002.txt,18,Servia,New York,LIVERPOOL,"3,110 staves",,1,Mar,1889,9,March,1889,True,condensed,0.9,"Servia (s)-New York-3,110 staves-Order"
18890309p.280_p002.txt,19,Donati,New York,LIVERPOOL,"6,282 wood rollers",,1,Mar,1889,9,March,1889,True,condensed,0.9,"Donati (s)-New York-6,282 wood rollers-Order"
18890309p.280_p002.txt,20,Felix Anna,Bayonne,LIVERPOOL,95 lds. oak-Farnworth,Farnworth,1,Mar,1889,9,March,1889,False,condensed,0.9,Felix Anna-Bayonne-95 lds. oak-Farnworth
18890309p.280_p002.txt,21,Dage,Krageroe,LIVERPOOL,"2,834 pcs. redwood mining and 2,139 pcs. whitewood timber, 1,417 props",,1,Mar,1889,9,March,1889,False,condensed,0.9,"Dage-Krageroe-2,834 pcs. redwood mining and 2,139 pcs. whitewood timber, 1,417 props-Order"
18890309p.280_p002.txt,22,Pennsylvania,Philadelphia,LIVERPOOL,"4,050 staves-Drysdale Bros.",Drysdale Bros.,4,Mar,1889,9,March,1889,False,condensed,0.9,"4 Pennsylvania - Philadelphia - 4,050 staves-Drysdale Bros."
18890309p.280_p002.txt,23,Polynesian,Portland,LIVERPOOL,"392 cs. splints-Collard, Kendall, & Co. 150 cs. splints-W. G. Morgan & Co.","Collard, Kendall, & Co.",4,Mar,1889,9,March,1889,True,condensed,0.9,"Polynesian (s)-Portland-392 cs. splints-Collard, Kendall, & Co.; 150 cs. splints-W. G. Morgan & Co."
18890309p.280_p002.txt,24,Viking,Gothenburg,LIVERPOOL,"2,177 bdls. laths-Thorston & Co. 500 bdls. laths-G. Bradley & Co.; 25,969 pit props, 1,200 pcs. mining timber, 6,046 pit poles-Osbeck & Co.; 67 doz. deals-Order",Thorston & Co.,4,Mar,1889,9,March,1889,True,condensed,0.9,"Viking (s)-Gothenburg-2,177 bdls. laths-Thorston & Co.; 500 bdls. laths-G. Bradley & Co.; 25,969 pit props, 1,200 pcs. mining timber, 6,046 pit poles-Osbeck & Co.; 67 doz. deals-Order"
18890309p.280_p002.txt,25,MISSING_FROM_OCR,Rotterdam,LIVERPOOL,"5,729 bdls. hoops",,4,Mar,1889,9,March,1889,False,condensed,0.9,"Rotterdam-5,729 bdls. hoops-Order"
18890309p.280_p002.txt,26,Saguran,Boston,LIVERPOOL,"7 cs. spokes-G. Shellabear 1,130 butt. and 6,000 staves-Hattley Hay",G. Shellabear,4,Mar,1889,9,March,1889,True,condensed,0.9,"Saguran (s)-Boston-7 cs. spokes-G. Shellabear; 1,130 butt. and 6,000 staves-Hattley Hay"
18890309p.280_p002.txt,30,Lionel,Krageroe,LONDON,"116 fms. firewood-Brown, & Co.","Brown, & Co.",4,Mar,1889,9,March,1889,False,standard_dash,0.9,"Mar. 4 Lionel-Krageroe-116 fms. firewood-Brown, & Co."
18890309p.280_p002.txt,31,MISSING_FROM_OCR,Gothenburg,LONDON,"42,723 boards and battens",,4,Mar,1889,9,March,1889,False,condensed,0.9,"Gothenburg-42,723 boards and battens-Order"
18890309p.280_p002.txt,32,MISSING_FROM_OCR,Skien,LONDON,"56,024 redwood boards, 19 fms. firewood",,4,Mar,1889,9,March,1889,False,condensed,0.9,"Skien-56,024 redwood boards, 19 fms. firewood-Order"
18890309p.280_p002.txt,33,Pas,Fredrikstad,LONDON,"26,548 flooring, 1000 bdls. boxwood",,4,Mar,1889,9,March,1889,True,condensed,0.9,"Pas (s)-Fredrikstad-26,548 flooring, 1000 bdls. boxwood-Order"
18890309p.280_p002.txt,36,MISSING_FROM_OCR,Pensacola,LONDON,"4,803 sawn deals",,4,Mar,1889,9,March,1889,False,condensed,0.9,"Pensacola-4,803 sawn deals-Order"
18890309p.280_p002.txt,39,MISSING_FROM_OCR,Gothenburg,LONDON,"1,140 pkgs. joinery-Sandell & Co. 8 pkgs. turned wood-Ullath & Co.; 69 pkgs. turned wood-Simson & Co.; 100 bdls. turned wood-Foy, Morgan & Co.; 600 bdls. laths-Foy",Sandell & Co.,1,Mar,1889,9,March,1889,False,condensed,0.9,"Gothenburg-1,140 pkgs. joinery-Sandell & Co.; 8 pkgs. turned wood-Ullath & Co.; 69 pkgs. turned wood-Simson & Co.; 100 bdls. turned wood-Foy, Morgan & Co.; 600 bdls. laths-Foy"
18890309p.280_p002.txt,40,MISSING_FROM_OCR,Christiania,LONDON,"296 bgs. brush blocks-Keen 10,125 boards-Neame & Co.",Keen,1,Mar,1889,9,March,1889,False,condensed,0.9,"Christiania-296 bgs. brush blocks-Keen; 10,125 boards-Neame & Co."
18890309p.280_p002.txt,41,MISSING_FROM_OCR,Gothenburg,LONDON,"12,682 planed boards-Foy, Webster, & Co. 1,200 doz. deals, 451 doz. deals, 106,960 staves-Order","Foy, Webster, & Co.",1,Mar,1889,9,March,1889,False,condensed,0.9,"Gothenburg-12,682 planed boards-Foy, Webster, & Co.; 1,200 doz. deals, 451 doz. deals, 106,960 staves-Order"
18890309p.280_p002.txt,42,MISSING_FROM_OCR,Gothenburg,LONDON,206 fms. redwood firewood,,1,Mar,1889,9,March,1889,False,condensed,0.9,Gothenburg-206 fms. redwood firewood-Order
18890309p.280_p002.txt,43,MISSING_FROM_OCR,Gothenburg,LONDON,"2,639 deals, 40,000 staves-With, Webster, & Co. 251 bdls. hoops-Prier Wotton & Co.","With, Webster, & Co.",1,Mar,1889,9,March,1889,False,condensed,0.9,"Gothenburg-2,639 deals, 40,000 staves-With, Webster, & Co.; 251 bdls. hoops-Prier Wotton & Co."
18890309p.280_p002.txt,47,Canada,New York,LONDON,"1 cs. lumber-Pohl & Boost 2 cs. handles, 11 pkgs., 37 cs. spokes, 4 cs. hubs-Order",Pohl & Boost,4,Mar,1889,9,March,1889,True,condensed,0.9,"4 Canada (s)-New York-1 cs. lumber-Pohl & Boost; 2 cs. handles, 11 pkgs., 37 cs. spokes, 4 cs. hubs-Order"
18890309p.280_p002.txt,50,Wanda,St. John,LONDON,"1,786 pcs. birch, 1000 pcs. spruce-Churchill & Sim",Churchill & Sim,2,Mar,1889,9,March,1889,True,condensed,0.9,"2 Wanda (s)-St. John-1,786 pcs. birch, 1000 pcs. spruce-Churchill & Sim"
18890309p.280_p002.txt,53,Sperber,Bremen,DEPTFORD,"1,021 planed boards",,2,Mar,1889,9,March,1889,True,condensed,1.0,"2 Sperber (s)-Bremen-1,021 planed boards-Order"
18890309p.280_p002.txt,56,Berwick,Treport,DEPTFORD,"3,500 gunstocks",,2,Mar,1889,9,March,1889,True,condensed,1.0,"Berwick (s)-Treport-3,500 gunstocks-Order"
18890309p.280_p002.txt,59,Maryland,Baltimore,DEPTFORD,"3,000 hhds. staves, 99 bdls. oak lumber, 1,000 pcs. lumber",,2,Mar,1889,9,March,1889,True,condensed,0.9,"Maryland (s)-Baltimore-3,000 hhds. staves, 99 bdls. oak lumber, 1,000 pcs. lumber-Order"
18890309p.280_p002.txt,62,Krageroe,Krageroe,DEPTFORD,"3,365 pcs. pit-props-Edgar & Co.",props-Edgar & Co.,26,Feb,1889,9,March,1889,False,standard_dash,0.9,"Feb. 26 Krageroe-Krageroe-3,365 pcs. pit-props-Edgar & Co."
18890309p.280_p002.txt,63,MISSING_FROM_OCR,Bordeaux,DEPTFORD,335 lds. pitwood-Simkin Bros.,Simkin Bros.,26,Feb,1889,9,March,1889,False,condensed,0.9,Bordeaux-335 lds. pitwood-Simkin Bros.
18890309p.280_p002.txt,64,MISSING_FROM_OCR,Bordeaux,DEPTFORD,"1,100 lds. pitwood",,26,Feb,1889,9,March,1889,False,condensed,0.9,"Bordeaux-1,100 lds. pitwood-Order"
18890309p.280_p002.txt,65,MISSING_FROM_OCR,Bordeaux,DEPTFORD,"1,100 lds. pitwood",,26,Feb,1889,9,March,1889,False,condensed,0.9,"Bordeaux-1,100 lds. pitwood-Order"
18890309p.280_p002.txt,66,MISSING_FROM_OCR,Bordeaux,DEPTFORD,"389 pcs. mining timber, 710 lds. pit props-Edgar & Co.",Edgar & Co.,26,Feb,1889,9,March,1889,False,condensed,0.9,"Bordeaux-389 pcs. mining timber, 710 lds. pit props-Edgar & Co."
18890309p.280_p002.txt,67,MISSING_FROM_OCR,Hennebont,DEPTFORD,329 lds. pit props,,26,Feb,1889,9,March,1889,False,condensed,0.9,Hennebont-329 lds. pit props-Order
18890309p.280_p002.txt,68,MISSING_FROM_OCR,Hennebont,DEPTFORD,"1,100 lds. pitprops-Edgar & Co.",Edgar & Co.,26,Feb,1889,9,March,1889,False,condensed,0.9,"Hennebont-1,100 lds. pitprops-Edgar & Co."
18890309p.280_p002.txt,69,MISSING_FROM_OCR,Hennebont,DEPTFORD,"389 pcs. mining timber, 710 lds. pit props-Edgar & Co.",Edgar & Co.,26,Feb,1889,9,March,1889,False,condensed,0.9,"Hennebont-389 pcs. mining timber, 710 lds. pit props-Edgar & Co."
18890309p.280_p002.txt,70,La,Rochelle,DEPTFORD,710 lds. pit props-Edgar & Co.,Edgar & Co.,26,Feb,1889,9,March,1889,False,condensed,0.9,La Rochelle-710 lds. pit props-Edgar & Co.
18890309p.280_p002.txt,71,MISSING_FROM_OCR,Bordeaux,DEPTFORD,"1,000 lds. pit props",,26,Feb,1889,9,March,1889,False,condensed,0.9,"Bordeaux-1,000 lds. pit props-Order"
18890309p.280_p002.txt,72,MISSING_FROM_OCR,Porsgrund,DEPTFORD,"198,274 staves, spars-Wm. Chellew",Wm. Chellew,26,Feb,1889,9,March,1889,False,condensed,0.9,"27 Porsgrund-198,274 staves, spars-Wm. Chellew"
18890309p.280_p002.txt,75,Porsgrund,Porsgrund,DEPTFORD,"25,615 props, 12,030 pcs. hewn fir-G. Horsley & Co.",G. Horsley & Co.,26,Feb,1889,9,March,1889,False,standard_dash,0.9,"Feb. 26 Porsgrund-Porsgrund-25,615 props, 12,030 pcs. hewn fir-G. Horsley & Co."
18890309p.280_p002.txt,76,Moller,Laurvig,DEPTFORD,"330 pcs. square timber, 1,138 props-Hardy & Co.",Hardy & Co.,26,Feb,1889,9,March,1889,False,condensed,0.9,"Moller Laurvig-330 pcs. square timber, 1,138 props-Hardy & Co."
18890309p.280_p002.txt,78,MISSING_FROM_OCR,Porsgrund,DEPTFORD,"6,097 pcs. round timber-C. Nielsen & Son",C. Nielsen & Son,26,Feb,1889,9,March,1889,False,condensed,0.9,"Porsgrund-6,097 pcs. round timber-C. Nielsen & Son"
18890309p.280_p002.txt,79,Arendal,Arendal,DEPTFORD,"3,948 pcs. square timber-H. Erichsen & Co.",H. Erichsen & Co.,26,Feb,1889,9,March,1889,False,condensed,0.9,"T. Casper & Co. Arendal-Arendal-3,948 pcs. square timber-H. Erichsen & Co."
18890309p.280_p002.txt,81,W. Southern & Co.,Arendal,DEPTFORD,"24,855 props-Pyman & Co.",Pyman & Co.,26,Feb,1889,9,March,1889,False,condensed,0.9,"W. Southern & Co. Arendal-24,855 props-Pyman & Co."
18890309p.280_p002.txt,83,Arendal,Arendal,DEPTFORD,"3,066 pcs. round props-E. A. Casper & Co.",E. A. Casper & Co.,26,Feb,1889,9,March,1889,False,condensed,0.9,"Arendal-Arendal-3,066 pcs. round props-E. A. Casper & Co."
18890309p.280_p002.txt,84,MISSING_FROM_OCR,Gothenburg,DEPTFORD,"30,903 props-Blom & Co.",Blom & Co.,26,Feb,1889,9,March,1889,False,condensed,0.9,"Gothenburg-30,903 props-Blom & Co."
18890309p.280_p002.txt,85,MISSING_FROM_OCR,Gothenburg,DEPTFORD,"18,003 props, 1,743 pcs. round timber, 4,689 poles-G. Nielsen & Co.",G. Nielsen & Co.,26,Feb,1889,9,March,1889,False,condensed,0.9,"Gothenburg-18,003 props, 1,743 pcs. round timber, 4,689 poles-G. Nielsen & Co."
18890309p.280_p002.txt,89,Seagull,Rotterdam,DEPTFORD,"1,400 pkgs. staves",,28,Feb,1889,9,March,1889,True,standard_dash,0.9,"Feb. 28 Seagull (s)-Rotterdam-1,400 pkgs. staves-Order"
18890309p.280_p002.txt,90,MISSING_FROM_OCR,Christiania,DEPTFORD,"977 scantlings, 2 bdls. laths-Haagensen, Watt, & Co. 3,171 pcs. mining timber-Order","Haagensen, Watt, & Co.",28,Feb,1889,9,March,1889,False,condensed,0.9,"Christiania-977 scantlings, 2 bdls. laths-Haagensen, Watt, & Co.; 3,171 pcs. mining timber-Order"
18890309p.280_p002.txt,91,MISSING_FROM_OCR,Hamburg,DEPTFORD,"10,275 props-Haagensen",Haagensen,28,Feb,1889,9,March,1889,False,condensed,0.9,"Hamburg-10,275 props-Haagensen"
18890309p.280_p002.txt,92,MISSING_FROM_OCR,Hamburg,DEPTFORD,"6,990 pcs. round mining timber, 1,370 pit props",,28,Feb,1889,9,March,1889,False,condensed,0.9,"Hamburg-6,990 pcs. round mining timber, 1,370 pit props-Order"
18890309p.280_p002.txt,93,MISSING_FROM_OCR,Gothenburg,DEPTFORD,"4,549 props-Wilson & Co. 500 bdls. laths-Order",Wilson & Co.,28,Feb,1889,9,March,1889,False,condensed,0.9,"Gothenburg-4,549 props-Wilson & Co.; 500 bdls. laths-Order"
18890309p.280_p002.txt,94,MISSING_FROM_OCR,Gothenburg,DEPTFORD,"4,900 bdls. laths-Heaven & Kesterton 4,900 bdls. laths-Order",Heaven & Kesterton,28,Feb,1889,9,March,1889,False,condensed,0.9,"Gothenburg-4,900 bdls. laths-Heaven & Kesterton; 4,900 bdls. laths-Order"
18890309p.280_p002.txt,95,Hero,Rotterdam,DEPTFORD,"2,050 bdls. hoops",,1,Mar,1889,9,March,1889,True,standard_dash,0.9,"Mar. 1 Hero (s)-Rotterdam-2,050 bdls. hoops-Order"
18890309p.280_p002.txt,96,Juno,Drontheim,DEPTFORD,"2,017 deals, boards, spars-Wilson, Sons, & Co.","Wilson, Sons, & Co.",2,Mar,1889,9,March,1889,True,condensed,0.9,"2 Juno (s)-Drontheim-2,017 deals, boards, spars-Wilson, Sons, & Co."
18890309p.280_p002.txt,97,MISSING_FROM_OCR,Christiania,DEPTFORD,"7,898 bdls. battens-Heaven & Kesterton 794 bdls. battens, 329 pcs. timber-Haagensen, Watt, & Co.",Heaven & Kesterton,1,Mar,1889,9,March,1889,False,condensed,0.9,"Christiania-7,898 bdls. battens-Heaven & Kesterton; 794 bdls. battens, 329 pcs. timber-Haagensen, Watt, & Co."
18890309p.280_p002.txt,101,François,Le Faon,DEPTFORD,"134 lds. pitwood-Neville, Druce, & Co.","Neville, Druce, & Co.",4,Mar,1889,9,March,1889,False,standard_dash,0.9,"Mar. 4 François-Le Faon-134 lds. pitwood-Neville, Druce, & Co."
18890309p.280_p002.txt,104,Flid,Brevig,DEPTFORD,"1,397 pcs. square timber, 793 props-W. J. Watson & Co.",W. J. Watson & Co.,26,Feb,1889,9,March,1889,False,standard_dash,0.9,"Feb. 26 Flid-Brevig-1,397 pcs. square timber, 793 props-W. J. Watson & Co."
18890309p.280_p002.txt,105,Agder,Skien,DEPTFORD,169 pcs. square timber-W. J. Watson & Co.,W. J. Watson & Co.,27,Feb,1889,9,March,1889,True,condensed,0.9,27 Agder (s)-Skien-169 pcs. square timber - W. J. Watson & Co.
18890309p.280_p002.txt,108,Guldbringa,Tvedestrand,NEWPORT,"600 lds. pit props-G. W. Jones, Heard, & Co.","G. W. Jones, Heard, & Co.",27,Feb,1889,9,March,1889,False,standard_dash,1.0,"Feb. 27 Guldbringa-Tvedestrand-600 lds. pit props-G. W. Jones, Heard, & Co."
18890309p.280_p002.txt,109,Thomas Coats,Bordeaux,NEWPORT,900 lds. pitwood-Newport (Mon.) Pitwood Co. Lim.,Newport (Mon.) Pitwood Co. Lim.,27,Feb,1889,9,March,1889,True,condensed,1.0,Thomas Coats (s)-Bordeaux-900 lds. pitwood-Newport (Mon.) Pitwood Co. Lim.
18890309p.280_p002.txt,110,Johanne,Christiansand,NEWPORT,"350 lds. mining timber-R. Gething, jun. & Co.","R. Gething, jun. & Co.",27,Feb,1889,9,March,1889,False,condensed,1.0,"Johanne-Christiansand-350 lds. mining timber-R. Gething, jun. & Co."
18890309p.280_p002.txt,111,Flora,Christiansand,NEWPORT,"310 lds. pit props-R. Gething, jun. & Co.","R. Gething, jun. & Co.",28,Feb,1889,9,March,1889,False,condensed,1.0,"28 Flora-Christiansand-310 lds. pit props-R. Gething, jun. & Co."
18890309p.280_p002.txt,112,Ecliptic,Libau,NEWPORT,"50 lds. pitwood-G. W. Jones, Heard, & Co.","G. W. Jones, Heard, & Co.",27,Feb,1889,9,March,1889,False,condensed,0.9,"Ecliptic-Libau-50 lds. pitwood-G. W. Jones, Heard, & Co."
18890309p.280_p002.txt,113,Fenne,Roche Bernard,NEWPORT,160 lds. pitwood-Newport (Mon.) Pitwood Co. Lim.,Newport (Mon.) Pitwood Co. Lim.,2,Mar,1889,9,March,1889,False,standard_dash,0.9,Mar. 2 Fenne-Roche Bernard-160 lds. pitwood-Newport (Mon.) Pitwood Co. Lim.
18890309p.280_p002.txt,114,Erato,Grimstad,NEWPORT,"182 lds. mining poles, 51 lds. mining props-Newport (Mon.) Pitwood Co. Lim.",Newport (Mon.) Pitwood Co. Lim.,2,Mar,1889,9,March,1889,False,condensed,0.9,"Erato-Grimstad-182 lds. mining poles, 51 lds. mining props-Newport (Mon.) Pitwood Co. Lim."
18890309p.280_p002.txt,115,Saturne,Redon,NEWPORT,165 lds. pitwood-Alfred H. Tapson & Co.,Alfred H. Tapson & Co.,4,Mar,1889,9,March,1889,False,condensed,0.9,4 Saturne-Redon-165 lds. pitwood-Alfred H. Tapson & Co.
18890309p.280_p002.txt,116,L'Aurore,Auray,NEWPORT,150 lds. pitwood-Newport (Mon.) Pitwood Co. Lim.,Newport (Mon.) Pitwood Co. Lim.,2,Mar,1889,9,March,1889,False,condensed,0.9,L'Aurore-Auray-150 lds. pitwood-Newport (Mon.) Pitwood Co. Lim.
18890309p.280_p002.txt,117,Lucien,Bayonne,NEWPORT,90 lds. pitwood-Newport (Mon.) Pitwood Co. Lim.,Newport (Mon.) Pitwood Co. Lim.,2,Mar,1889,9,March,1889,False,condensed,0.9,Lucien-Bayonne-90 lds. pitwood-Newport (Mon.) Pitwood Co. Lim.
18890309p.280_p002.txt,118,Boaallaild,Vannes,NEWPORT,140 lds. pitwood-Newport (Mon.) Pitwood Co. Lim.,Newport (Mon.) Pitwood Co. Lim.,2,Mar,1889,9,March,1889,False,condensed,0.9,Boaallaild-Vannes-140 lds. pitwood-Newport (Mon.) Pitwood Co. Lim.
18890309p.280_p002.txt,119,Draide,Hennebont,NEWPORT,"190 lds. pitwood-G. W. Jones, Heard, & Co.","G. W. Jones, Heard, & Co.",2,Mar,1889,9,March,1889,False,condensed,0.9,"Draide-Hennebont-190 lds. pitwood-G. W. Jones, Heard, & Co."
18890309p.280_p002.txt,120,Silote,Hennebont,NEWPORT,"165 lds. pitwood-G. W. Jones, Heard, & Co.","G. W. Jones, Heard, & Co.",2,Mar,1889,9,March,1889,False,condensed,0.9,"Silote-Hennebont-165 lds. pitwood-G. W. Jones, Heard, & Co."
18890309p.280_p002.txt,121,Marie,Port Launay,NEWPORT,"170 lds. pitwood-G. W. Jones, Heard, & Co.","G. W. Jones, Heard, & Co.",2,Mar,1889,9,March,1889,False,condensed,0.9,"Marie-Port Launay-170 lds. pitwood-G. W. Jones, Heard, & Co."
18890309p.280_p002.txt,122,Petre Anne,Bordeaux,NEWPORT,130 lds. pitwood-Budd & Co.,Budd & Co.,2,Mar,1889,9,March,1889,False,condensed,0.9,Petre Anne-Bordeaux-130 lds. pitwood-Budd & Co.
18890309p.280_p002.txt,123,Edouard,Hennebont,NEWPORT,172 lds. pitwood-Budd & Co.,Budd & Co.,2,Mar,1889,9,March,1889,False,condensed,0.9,Edouard - Hennebont - 172 lds. pitwood-Budd & Co.
18890309p.280_p002.txt,124,Jeane Benoni,Auray,NEWPORT,160 lds. pitwood-Pitwood Co.,Pitwood Co.,2,Mar,1889,9,March,1889,False,condensed,0.9,Jeane Benoni-Auray-160 lds. pitwood-Pitwood Co.
18890309p.280_p002.txt,125,Jean,St. Nazaire,NEWPORT,125 lds. pitwood-Budd & Co.,Budd & Co.,2,Mar,1889,9,March,1889,False,condensed,0.9,St. Jean-St. Nazaire-125 lds. pitwood-Budd & Co.
18890309p.280_p002.txt,126,Felix Marie,Auray,NEWPORT,150 lds. pitwood-Newport (Mon.) Pitwood Co.,Newport (Mon.) Pitwood Co.,2,Mar,1889,9,March,1889,False,condensed,0.9,Felix Marie-Auray-150 lds. pitwood-Newport (Mon.) Pitwood Co.
18890309p.280_p002.txt,127,Festina Lente,Risoer,NEWPORT,"370 lds. pit props-R. Gething, jun., & Co.","R. Gething, jun., & Co.",2,Mar,1889,9,March,1889,False,condensed,0.9,"Festina Lente-Risoer-370 lds. pit props-R. Gething, jun., & Co."
18890309p.280_p002.txt,128,Sirene,Nantes,NEWPORT,190 lds. pitwood-Tapson,Tapson,2,Mar,1889,9,March,1889,False,condensed,0.9,Sirene-Nantes-190 lds. pitwood-Tapson
18890309p.280_p002.txt,129,Pierre,Hennebont,NEWPORT,200 lds. pitwood-Budd & Co.,Budd & Co.,2,Mar,1889,9,March,1889,False,condensed,0.9,Pierre-Hennebont-200 lds. pitwood-Budd & Co.
18890309p.280_p002.txt,130,Jules Marie,Hennebont,NEWPORT,135 lds. pitwood-Budd & Co.,Budd & Co.,2,Mar,1889,9,March,1889,False,condensed,0.9,Jules Marie-Hennebont-135 lds. pitwood-Budd & Co.
18890309p.280_p002.txt,132,Nominoe,Vannes,NEWPORT,155 lds. pitwood-Budd & Co.,Budd & Co.,2,Mar,1889,9,March,1889,False,condensed,0.9,Nominoe-Vannes-155 lds. pitwood-Budd & Co.
18890309p.280_p002.txt,133,Jean Baptiste,Hennebont,NEWPORT,230 lds. pitwood-Budd & Co.,Budd & Co.,2,Mar,1889,9,March,1889,False,condensed,0.9,Jean Baptiste-Hennebont-230 lds. pitwood-Budd & Co.
18890309p.280_p002.txt,134,Jules et Naomi,Roche Bernard,NEWPORT,140 lds. pitwood-Alfred H. Tapson & Co.,Alfred H. Tapson & Co.,2,Mar,1889,9,March,1889,False,condensed,0.9,Jules et Naomi-Roche Bernard-140 lds. pitwood-Alfred H. Tapson & Co.
18890309p.280_p002.txt,135,Marie Victorine,Nantes,NEWPORT,87 lds. pitwood-Alfred H. Tapson & Co.,Alfred H. Tapson & Co.,2,Mar,1889,9,March,1889,False,condensed,0.9,Marie Victorine-Nantes-87 lds. pitwood-Alfred H. Tapson & Co.
18890309p.280_p002.txt,138,Jeanette,Drammen,NEWPORT,"31,474 pcs. sawn fir-Baltic Saw-mills Co.",Baltic Saw-mills Co.,28,Feb,1889,9,March,1889,False,standard_dash,0.9,"Feb. 28 Jeanette-Drammen-31,474 pcs. sawn fir-Baltic Saw-mills Co."
18890309p.280_p002.txt,139,Mjolnes,Krageroe,NEWPORT,"564,300 staves-With",With,4,Mar,1889,9,March,1889,False,standard_dash,0.9,"Mar. 4 Mjolnes-Krageroe-564,300 staves-With"
18890309p.280_p002.txt,142,Ariel,Gothenburg,NEWPORT,"8,143 props-Mitshel",Mitshel,26,Feb,1889,9,March,1889,False,standard_dash,0.9,"Feb. 26 Ariel-Gothenburg-8,143 props-Mitshel"
18890309p.280_p002.txt,143,Cort Adelaer,Skien,NEWPORT,"1,622 pcs. hewn fir, 986 pit props-Rayner & Moller",Rayner & Moller,26,Feb,1889,9,March,1889,False,condensed,0.9,"Cort Adelaer-Skien-1,622 pcs. hewn fir, 986 pit props-Rayner & Moller"
18890309p.280_p002.txt,144,Thor,Falkenberg,NEWPORT,"12,295 props-Mitshel",Mitshel,26,Feb,1889,9,March,1889,False,condensed,0.9,"Thor-Falkenberg-12,295 props-Mitshel"
18890309p.280_p002.txt,145,Munin,Gothenburg,NEWPORT,"6,970 deals and battens, 24,423 sleepers, 12,500 props-F. C. Huntley",F. C. Huntley,26,Feb,1889,9,March,1889,True,condensed,0.9,"Munin (s)-Gothenburg-6,970 deals and battens, 24,423 sleepers, 12,500 props-F. C. Huntley"
18890309p.280_p002.txt,146,Oscar,Fredrikshald,NEWPORT,"22,067 fir sleepers, and pit props-Rayner & Moller",Rayner & Moller,27,Feb,1889,9,March,1889,False,condensed,0.9,"27 Oscar-Fredrikshald-22,067 fir sleepers, and pit props-Rayner & Moller"
18890309p.280_p002.txt,147,Balder,Holmestrand,NEWPORT,"17,373 pit props-Rayner & Moller",Rayner & Moller,27,Feb,1889,9,March,1889,False,condensed,0.9,"Balder-Holmestrand-17,373 pit props-Rayner & Moller"
18890309p.280_p002.txt,148,Ida,Moss,NEWPORT,"22,311 fir spars-Robert Thorman",Robert Thorman,28,Feb,1889,9,March,1889,False,condensed,0.9,"28 Ida-Moss-22,311 fir spars-Robert Thorman"
18890309p.280_p002.txt,149,Baumeister Wilken,Christiania,NEWPORT,"14,863 pit props-Carl Senstius",Carl Senstius,4,Mar,1889,9,March,1889,False,standard_dash,0.9,"Mar. 4 Baumeister Wilken-Christiania-14,863 pit props-Carl Senstius"
18890309p.280_p002.txt,150,Julius,Christiania,NEWPORT,"8,908 props-Mitshel",Mitshel,4,Mar,1889,9,March,1889,False,condensed,0.9,"Julius-Christiania-8,908 props-Mitshel"
18890309p.280_p002.txt,153,Esk,Bordeaux,NEWPORT,"700 lds. pitwood-Powley, Thomas, & Co.","Powley, Thomas, & Co.",26,Feb,1889,9,March,1889,True,standard_dash,0.9,"Feb. 26 Esk (s)-Bordeaux-700 lds. pitwood-Powley, Thomas, & Co."
18890309p.280_p002.txt,154,Atlantique,Bayonne,NEWPORT,"750 lds. pitwood-North's Navigation Colliery, Lim.","North's Navigation Colliery, Lim.",26,Feb,1889,9,March,1889,True,condensed,0.9,"Atlantique (s)-Bayonne-750 lds. pitwood-North's Navigation Colliery, Lim."
18890309p.280_p002.txt,155,Nadir,Quimper,NEWPORT,120 lds. pitwood-Williams,Williams,26,Feb,1889,9,March,1889,False,condensed,0.9,Nadir-Quimper-120 lds. pitwood-Williams
18890309p.280_p002.txt,156,Felix Theophile,St. Nazaire,NEWPORT,116 lds. pitwood-John Jones & Co.,John Jones & Co.,1,Mar,1889,9,March,1889,False,standard_dash,0.9,Mar. 1 Felix Theophile-St. Nazaire-116 lds. pitwood-John Jones & Co.
18890309p.280_p002.txt,157,Orage,Bordeaux,NEWPORT,180 lds. pitwood-Davies,Davies,2,Mar,1889,9,March,1889,False,condensed,0.9,2 Orage-Bordeaux-180 lds. pitwood-Davies
18890309p.280_p002.txt,158,Sainte Eugenie,La Tremblade,NEWPORT,170 lds. pitwood-Williams & Co.,Williams & Co.,1,Mar,1889,9,March,1889,False,condensed,0.9,Sainte Eugenie-La Tremblade-170 lds. pitwood-Williams & Co.
18890309p.280_p002.txt,159,Hortense,Nantes,NEWPORT,180 lds. pitwood-Foy,Foy,1,Mar,1889,9,March,1889,False,condensed,0.9,Hortense-Nantes-180 lds. pitwood-Foy
18890309p.280_p002.txt,160,Moineau,Bordeaux,NEWPORT,128 lds. pitwood-Jones,Jones,1,Mar,1889,9,March,1889,False,condensed,0.9,Moineau-Bordeaux-128 lds. pitwood-Jones
18890309p.280_p002.txt,162,Senator,Bordeaux,NEWPORT,530 lds. pitwood-Williams & Co.,Williams & Co.,4,Mar,1889,9,March,1889,True,condensed,0.9,4 Senator (s)-Bordeaux-530 lds. pitwood-Williams & Co.
18890309p.280_p002.txt,163,Felicite,Charente,NEWPORT,154 lds. pitwood-Davies,Davies,4,Mar,1889,9,March,1889,False,condensed,0.9,Felicite-Charente-154 lds. pitwood-Davies
18890309p.280_p002.txt,164,Denis,St. Malo,NEWPORT,75 lds. pitwood-Davies,Davies,4,Mar,1889,9,March,1889,False,condensed,0.9,St. Denis-St. Malo-75 lds. pitwood-Davies
18890309p.280_p002.txt,165,Jules,La Rochelle,NEWPORT,80 lds. pitwood-Robinson,Robinson,4,Mar,1889,9,March,1889,False,condensed,0.9,Jules-La Rochelle-80 lds. pitwood-Robinson
18890309p.280_p002.txt,166,Marcel and Emma,Bordeaux,NEWPORT,220 lds. pitwood-Williams & Co.,Williams & Co.,4,Mar,1889,9,March,1889,False,condensed,0.9,Marcel and Emma-Bordeaux-220 lds. pitwood-Williams & Co.
18890309p.280_p002.txt,167,Bonne Amilie,Vannes,NEWPORT,129 lds. pitwood-W. G. Foy & Co.,W. G. Foy & Co.,4,Mar,1889,9,March,1889,False,condensed,0.9,Bonne Amilie-Vannes-129 lds. pitwood-W. G. Foy & Co.
18890309p.280_p002.txt,168,Aimable,La Tremblade,NEWPORT,75 lds. pitwood-W. G. Foy & Co.,W. G. Foy & Co.,4,Mar,1889,9,March,1889,False,condensed,0.9,Aimable-La Tremblade-75 lds. pitwood-W. G. Foy & Co.
18890309p.280_p002.txt,171,J. F. Heydtmann,La Rochelle,NEWPORT,"315 lds. pitwood-Graigola Merthyr Co., Lim.","Graigola Merthyr Co., Lim.",4,Mar,1889,9,March,1889,False,condensed,0.9,"J. F. Heydtmann-La Rochelle-315 lds. pitwood-Graigola Merthyr Co., Lim."
18890309p.280_p002.txt,172,Leonie,Arcachon,NEWPORT,"190 lds. pitwood-Graigola Co., Lim.","Graigola Co., Lim.",4,Mar,1889,9,March,1889,False,condensed,0.9,"Leonie-Arcachon-190 lds. pitwood-Graigola Co., Lim."
18890309p.280_p002.txt,173,L'Amelie,Pauillac,NEWPORT,205 lds. pitwood-E. Williams Cook & Co.,E. Williams Cook & Co.,4,Mar,1889,9,March,1889,False,condensed,0.9,L'Amelie-Pauillac-205 lds. pitwood-E. Williams Cook & Co.
18890309p.280_p002.txt,174,Theophile Felix,Bordeaux,NEWPORT,122 lds. pitwood-E. Williams Cook & Co.,E. Williams Cook & Co.,4,Mar,1889,9,March,1889,False,condensed,0.9,Theophile Felix-Bordeaux-122 lds. pitwood-E. Williams Cook & Co.
18890309p.280_p002.txt,175,Marie Anna,La Tremblade,NEWPORT,170 lds. pitwood-E. Williams Cook & Co.,E. Williams Cook & Co.,4,Mar,1889,9,March,1889,False,condensed,0.9,Marie Anna-La Tremblade-170 lds. pitwood-E. Williams Cook & Co.
18890309p.280_p002.txt,176,Orpheline,Nantes,NEWPORT,95 lds. pitwood-Cook,Cook,4,Mar,1889,9,March,1889,False,condensed,0.9,Orpheline-Nantes-95 lds. pitwood-Cook
18890309p.280_p002.txt,177,Amélia,Bordeaux,NEWPORT,160 lds. pitwood-Cwmaman Proprietors,Cwmaman Proprietors,4,Mar,1889,9,March,1889,False,condensed,0.9,Amélia-Bordeaux-160 lds. pitwood-Cwmaman Proprietors
18890309p.280_p002.txt,178,Jeune Henri,La Rochelle,NEWPORT,73 lds. pitwood-John Jones & Co.,John Jones & Co.,4,Mar,1889,9,March,1889,False,condensed,0.9,Jeune Henri-La Rochelle-73 lds. pitwood-John Jones & Co.
18890309p.280_p002.txt,181,Union,Moss,TYNE,"26,169 pcs. props",,28,Feb,1889,9,March,1889,False,standard_dash,1.0,"Feb. 28 Union-Moss-26,169 pcs. props-Order"
18890309p.280_p002.txt,182,Olaf,Tonsberg,TYNE,"14,280 pcs. props",,28,Feb,1889,9,March,1889,False,condensed,1.0,"Olaf-Tonsberg-14,280 pcs. props-Order"
18890309p.280_p002.txt,183,Holkar,Warburg,TYNE,"20,000 pit props-T. Atkinson",T. Atkinson,1,Mar,1889,9,March,1889,False,standard_dash,1.0,"Mar. 1 Holkar-Warburg-20,000 pit props-T. Atkinson"
18890309p.280_p002.txt,184,Useful,Warburg,TYNE,"24,701 pit props-Osbeck",Osbeck,1,Mar,1889,9,March,1889,False,condensed,1.0,"Useful-Warburg-24,701 pit props-Osbeck"
18890309p.280_p002.txt,185,Levant,Dordt,TYNE,"12,552 bdls. hoops-J. C. Williamson & Co.",J. C. Williamson & Co.,1,Mar,1889,9,March,1889,False,condensed,0.9,"Levant - Dordt - 12,552 bdls. hoops-J. C. Williamson & Co."
18890309p.280_p002.txt,186,Sulphiden,Sandefjord,TYNE,"23,903 props",,4,Mar,1889,9,March,1889,False,condensed,0.9,"4 Sulphiden-Sandefjord-23,903 props-Order"
18890309p.280_p002.txt,187,Octa,Gothenburg,TYNE,"4,616 sleepers, 132 wood doors, 4,953 boards, 2,288 battens",,1,Mar,1889,9,March,1889,True,condensed,0.9,"Octa (s) - Gothenburg-4,616 sleepers, 132 wood doors, 4,953 boards, 2,288 battens-Order"
18890309p.280_p002.txt,188,Grenadier,Rotterdam,TYNE,"2,800 hoops",,1,Mar,1889,9,March,1889,True,condensed,0.9,"Grenadier (s) - Rotterdam - 2,800 hoops-Order"
18890309p.280_p002.txt,189,Prospero,Christiania,TYNE,170 lds. mining timber 97 planed boards-J. Scott,,1,Mar,1889,9,March,1889,True,condensed,0.9,Prospero (s)-Christiania-170 lds. mining timber-Order; 97 planed boards-J. Scott
18890309p.280_p002.txt,190,Hugin,Gothenburg,TYNE,"150 lds. sleepers, 230 lds. props, 100 birch props",,1,Mar,1889,9,March,1889,True,condensed,0.9,"Hugin (s)-Gothenburg-150 lds. sleepers, 230 lds. props, 100 birch props-Order"
18890309p.280_p002.txt,191,Marie,Laurvig,TYNE,"8,832 props, 585 partly square timber",,5,Mar,1889,9,March,1889,False,condensed,0.9,"5 Marie-Laurvig-8,832 props, 585 partly square timber-Order"
18890309p.280_p002.txt,192,Avance,Pensacola,TYNE,"41,531 props",,5,Mar,1889,9,March,1889,False,condensed,0.9,"Avance-Pensacola-41,531 props-Order"
18890309p.280_p002.txt,193,China,Pensacola,TYNE,"1,111 pitch pine timber, 374 pitch pine deals",,5,Mar,1889,9,March,1889,False,condensed,0.9,"China-Pensacola-1,111 pitch pine timber, 374 pitch pine deals-Order"
18890309p.280_p002.txt,196,Herolden,Christiania,TYNE,"2,247 poles and rickers-English Bros.",English Bros.,27,Feb,1889,9,March,1889,False,standard_dash,0.9,"Feb. 27 Herolden-Christiania-2,247 poles and rickers-English Bros."
18890309p.280_p002.txt,199,Ala,Christiania,TYNE,"3,056 spars and poles, 20 lds. firewood-Palgrave, Brown, & Co.","Palgrave, Brown, & Co.",26,Feb,1889,9,March,1889,False,standard_dash,0.9,"Feb. 26 Ala-Christiania-3,056 spars and poles, 20 lds. firewood-Palgrave, Brown, & Co."
18890309p.280_p002.txt,200,Alpha,Stockholm,TYNE,"11,107 deals, battens, and boards-Wright & Turner",Wright & Turner,2,Mar,1889,9,March,1889,False,standard_dash,0.9,"Mar. 2 Alpha-Stockholm-11,107 deals, battens, and boards-Wright & Turner"
18890309p.280_p002.txt,204,City of Hamburg,Rotterdam,TYNE,"5,566 bdls. hoops-J. C. Pinkerton",J. C. Pinkerton,28,Feb,1889,9,March,1889,False,standard_dash,0.9,"Feb. 28 City of Hamburg-Rotterdam-5,566 bdls. hoops-J. C. Pinkerton"
18890309p.280_p002.txt,205,Ellida,Laurvig,TYNE,"73,677 boards, 2,106 battens, 40 lds. firewood-Coury",Coury,2,Mar,1889,9,March,1889,False,standard_dash,0.9,"Mar. 2 Ellida-Laurvig-73,677 boards, 2,106 battens, 40 lds. firewood-Coury"
18890309p.280_p002.txt,208,Livonia,"St. John, N.B.",NEWRY,"7,586 deals-F. Redmond & Co.",F. Redmond & Co.,26,Feb,1889,9,March,1889,False,standard_dash,1.0,"Feb. 26 Livonia-St. John, N.B.-7,586 deals-F. Redmond & Co."
18890309p.280_p002.txt,211,Amaryllis,"St. John, N.B.",LONDONDERRY,"1,801 lds.-Ballintine",Ballintine,1,Mar,1889,9,March,1889,False,standard_dash,1.0,"Mar. 1 Amaryllis-St. John, N.B.-1,801 lds.-Ballintine"
18890309p.280_p002.txt,214,Roxburgh Castle,Baltimore,LONDONDERRY,2 lds.-Toole,Toole,28,Feb,1889,9,March,1889,False,standard_dash,1.0,Feb. 28 Roxburgh Castle-Baltimore-2 lds.-Toole
18890309p.4.txt,39,Telegraphic,Address,LONDONDERRY,"""BEATTIE,"" LEITH.",,28,Feb,1889,9,March,1889,False,condensed,0.9,"Telegraphic Address—""BEATTIE,"" LEITH."
18890309p.4.txt,44,Telegraphic,Address,LONDONDERRY,"""HARDIE, LEITH.""",,28,Feb,1889,9,March,1889,False,condensed,0.9,"Telegraphic Address—""HARDIE, LEITH."""
18890309p.4.txt,54,Telegraphic,Address,LONDONDERRY,"""SUMMERS,"" LEITH.",,28,Feb,1889,9,March,1889,False,condensed,0.9,"Telegraphic Address—""SUMMERS,"" LEITH."
18890309p.4.txt,77,Benabourd,Drontheim,DUNDEE,"25,443 battens, 47 lds. firewood-G. Milne & Co.",G. Milne & Co.,2,Mar,1889,9,March,1889,False,standard_dash,0.9,"Mar. 2 Benabourd-Drontheim-25,443 battens, 47 lds. firewood-G. Milne & Co."
18890309p.4.txt,79,Skulda,Holmestrand,DUNDEE,"24,212 pit props-J. Kennedy & Co.",J. Kennedy & Co.,28,Feb,1889,9,March,1889,False,standard_dash,0.9,"Feb. 28 Skulda-Holmestrand-24,212 pit props -J. Kennedy & Co."
18890309p.4.txt,80,Aurora,Christiansand,DUNDEE,"9,330 pit props-The Cowdenbeath Coal Co.",The Cowdenbeath Coal Co.,2,Mar,1889,9,March,1889,False,standard_dash,0.9,"Mar. 2 Aurora-Christiansand-9,330 pit props-The Cowdenbeath Coal Co."
18890309p.4.txt,81,Imanuel,Sandefjord,DUNDEE,"17,138 pit props-The Cowdenbeath Coal Co.",The Cowdenbeath Coal Co.,2,Mar,1889,9,March,1889,False,condensed,0.9,"Imanuel-Sandefjord-17,138 pit props-The Cowdenbeath Coal Co."
18890309p.4.txt,82,Enigheden,Holmestrand,DUNDEE,"22,636 pit props-Madsen & Borck",Madsen & Borck,2,Mar,1889,9,March,1889,False,condensed,0.9,"Enigheden-Holmestrand-22,636 pit props-Madsen & Borck"
18890309p.4.txt,83,Trakfuglen,Christiania,DUNDEE,"8,395 pit props John Watson",,2,Mar,1889,9,March,1889,False,condensed,0.9,"Trakfuglen-Christiania-8,395 pit props John Watson"
18890309p.4.txt,85,Proven,Oscarshamn,BORROWSTOUNNESS,"18,451 pcs. pit-wood-Love & Stewart",wood-Love & Stewart,2,Mar,1889,9,March,1889,False,condensed,1.0,"Proven-Oscarshamn-18,451 pcs. pit-wood-Love & Stewart"
18890309p.4.txt,87,Trinde Brodig,Laurvig,BORROWSTOUNNESS,"60,000 staves-Geo. Stephen, jun.","Geo. Stephen, jun.",26,Feb,1889,9,March,1889,False,standard_dash,1.0,"Feb. 26 Trinde Brodig-Laurvig-60,000 staves-Geo. Stephen, jun."
18890309p.4.txt,89,Greata,Gothenburg,BORROWSTOUNNESS,"1,200 bdls. laths, 163 bags turned wood, 43 bags bobbins",,25,Feb,1889,9,March,1889,False,standard_dash,0.9,"Feb. 25 Greata-Gothenburg-1,200 bdls. laths, 163 bags turned wood, 43 bags bobbins-Order"
18890309p.4.txt,90,Arabia,Marseilles,BORROWSTOUNNESS,"1,000 pkgs. staves-John McQueen 250 pkgs. staves-Order",John McQueen,1,Mar,1889,9,March,1889,False,standard_dash,0.9,"Mar. 1 Arabia-Marseilles-1,000 pkgs. staves-John McQueen ; 250 pkgs. staves-Order"
18890309p.4.txt,91,Alcides,Halifax and Baltimore,BORROWSTOUNNESS,"11 cs. spools-Robert Hutton 9,950 staves-J. Burrell & Co. ; 45 walnut logs-Allison & Co.",Robert Hutton,2,Mar,1889,9,March,1889,False,condensed,0.9,"2 Alcides-Halifax and Baltimore-11 cs. spools -Robert Hutton ; 9,950 staves-J. Burrell & Co. ; 45 walnut logs-Allison & Co."
18890309p.4.txt,92,Belgravia,New York,BORROWSTOUNNESS,"721 pcs. oak lumber-Edmiston & Mitchells 4,296 dressed",Edmiston & Mitchells,4,Mar,1889,9,March,1889,False,condensed,0.9,"4 Belgravia-New York-721 pcs. oak lumber-Edmiston & Mitchells ; 4,296 dressed"
18890309p.4.txt,104,Dealers,,BORROWSTOUNNESS,"in Mahogany, Lignum Vitæ, Walnuts, Whitewood, Birch, Cedar, Ash, &c., and Coach Panels, Counter Tops, and ALL sizes in General Stock.",,4,Mar,1889,9,March,1889,False,condensed,0.9,"Dealers in—Mahogany, Lignum Vitæ, Walnuts, Whitewood, Birch, Cedar, Ash, &c., and Coach Panels, Counter Tops, and ALL sizes in General Stock."
18890309p.4.txt,120,Comorin,Nantes and Bordeaux,BO'NESS,25 bdls. staves,,4,Mar,1889,9,March,1889,False,condensed,1.0,Comorin-Nantes and Bordeaux-25 bdls. staves-Order
18890309p.4.txt,122,Frithiof,Gothenburg,BO'NESS,"8,881 props-C. Salvesen & Co.",C. Salvesen & Co.,4,Mar,1889,9,March,1889,False,condensed,0.9,"Frithiof-Gothenburg-8,881 props-C. Salvesen & Co."
18890309p.4.txt,125,Iona,Moulmein,GREENOCK,"1,015 pcs. teak, 355 teak planks, 494 blocks teak-Edmiston & Gray",Edmiston & Gray,25,Feb,1889,9,March,1889,False,standard_dash,0.9,"Feb. 25 Iona-Moulmein-1,015 pcs. teak, 355 teak planks, 494 blocks teak-Edmiston & Gray"
18890309p.4.txt,126,Italia,Moulmein,GREENOCK,"1,140 teak squares, 1,285 teak planks, 5,700 teak blocks, 1,285 dressed teak scantling, 24,350 teak keys-Thomson & Co.",Thomson & Co.,25,Feb,1889,9,March,1889,False,condensed,0.9,"Italia-Moulmein-1,140 teak squares, 1,285 teak planks, 5,700 teak blocks, 1,285 dressed teak scantling, 24,350 teak keys-Thomson & Co."
18890309p.4.txt,128,Liberal,Christiansand,GREENOCK,"9,394 pit props-Lochgelly Coal Co.",Lochgelly Coal Co.,25,Feb,1889,9,March,1889,False,standard_dash,0.9,"Feb. 25 Liberal-Christiansand-9,394 pit props -Lochgelly Coal Co."
18890309p.4.txt,129,Camilla,Laurvig,GREENOCK,"5,043 battens-J Duncan & Co.",J Duncan & Co.,26,Feb,1889,9,March,1889,False,condensed,0.9,"26 Camilla-Laurvig-5,043 battens-J Duncan & Co."
18890309p.4.txt,130,Swallow,Sandefjord,GREENOCK,"9,459 pit props-C. Salvesen & Co.",C. Salvesen & Co.,27,Feb,1889,9,March,1889,False,condensed,0.9,"27 Swallow - Sandefjord - 9,459 pit props-C. Salvesen & Co."
18890309p.4.txt,131,Newcastle Packet,Christiansand,GREENOCK,135 lds. firewood-C. Salvesen & Co.,C. Salvesen & Co.,25,Feb,1889,9,March,1889,False,condensed,0.9,Newcastle Packet-Christiansand-135 lds. firewood-C. Salvesen & Co.
18890309p.4.txt,132,Kinghorn,Rotterdam,GREENOCK,360 bdls. hoops-G. Gibson & Co.,G. Gibson & Co.,28,Feb,1889,9,March,1889,False,condensed,0.9,28 Kinghorn-Rotterdam-360 bdls. hoops-G. Gibson & Co.
18890309p.4.txt,133,Tronda,Drontheim,GREENOCK,"7,295 deals-C. Salvesen & Co.",C. Salvesen & Co.,4,Mar,1889,9,March,1889,True,standard_dash,0.9,"Mar. 4 Tronda (s)-Drontheim-7,295 deals-C. Salvesen & Co."
18890309p.4.txt,134,Talisman,Rotterdam,GREENOCK,62 bdls. hoops-G. Gibson & Co.,G. Gibson & Co.,4,Mar,1889,9,March,1889,False,condensed,0.9,Talisman - Rotterdam - 62 bdls. hoops-G. Gibson & Co.
18890309p.4.txt,135,Sir Walter,Bordeaux,GREENOCK,"1,030 bdls. hoops-T. Aitken",T. Aitken,4,Mar,1889,9,March,1889,False,condensed,0.9,"Sir Walter-Bordeaux-1,030 bdls. hoops-T. Aitken"
18890309p.4.txt,137,Ore,Cronstadt,MONTROSE,"27,952 fir battens-R. Millar & Sons",R. Millar & Sons,26,Feb,1889,9,March,1889,False,standard_dash,1.0,"Feb. 26 Ore-Cronstadt-27,952 fir battens-R. Millar & Sons"
18890309p.4.txt,138,Richard Cobden,Mandal,MONTROSE,"94,350 birch staves-Jas. Warrack & Co.",Jas. Warrack & Co.,2,Mar,1889,9,March,1889,False,standard_dash,1.0,"Mar. 2 Richard Cobden-Mandal-94,350 birch staves-Jas. Warrack & Co."
18890309p.4.txt,140,Hanna,Mandal,MONTROSE,"80,000 birch staves-Leask & Co.",Leask & Co.,28,Feb,1889,9,March,1889,False,standard_dash,1.0,"Feb. 28 Hanna-Mandal-80,000 birch staves-Leask & Co."
18890309p.4.txt,142,Active,Risoer,WICK,"100,000 birch staves, 1,248 pcs. hewn birch-D. Sandison",D. Sandison,28,Feb,1889,9,March,1889,False,standard_dash,1.0,"Feb. 28 Active-Risoer-100,000 birch staves, 1,248 pcs. hewn birch-D. Sandison"
18890309p.4.txt,145,Before Sheriff,Scott,WICK,"Moncrieff, Falkirk, Erik Christensen, master of the schooner Trinde, of Skjelskjor, and Hans Fischer, merchant, Grangemouth, sued Messrs. Brownlee & Co., timber merchants, Grangemouth, for a claim for demurrage.",,28,Feb,1889,9,March,1889,False,condensed,1.0,"Before Sheriff Scott-Moncrieff, Falkirk, Erik Christensen, master of the schooner Trinde, of Skjelskjor, and Hans Fischer, merchant, Grangemouth, sued Messrs. Brownlee & Co., timber merchants, Grangemouth, for a claim for demurrage."
18890309p.4.txt,160,Telegraphic,Address,WICK,"""PATON,"" AYR.",,28,Feb,1889,9,March,1889,False,condensed,0.9,"Telegraphic Address— ""PATON,"" AYR."
18890309p.4.txt,164,Telegraph,Address,WICK,"DONALDSON, TAYPORT. DONALDSON, LEVEN.",,28,Feb,1889,9,March,1889,False,condensed,0.9,"Telegraph Address— DONALDSON, TAYPORT. DONALDSON, LEVEN."
18890309p.4.txt,176,Telegraphic,Address,WICK,"""JOHN JESSE,"" DUNDEE.",,28,Feb,1889,9,March,1889,False,condensed,0.9,"Telegraphic Address—""JOHN JESSE,"" DUNDEE."
18890309p.4.txt,182,Telegraphic,Address,WICK,"""MITCHELL, GRANTON.""",,28,Feb,1889,9,March,1889,False,condensed,0.9,"Telegraphic Address—""MITCHELL, GRANTON."""
18890316p.308_p001.txt,13,rate,"maps, and as a history of a wonderful country, apart from its value as a guide to the investor, is full of interesting and entertaining matter. We congratulate Mr. E. P. Mathers, F.R.G.S., who is the author, upon the excellence and the popularity of his work, and also upon his very readable and useful weekly publication, South Africa, which continues and supplements, with a record of passing events, the information he has given us of that region, which an enthusiastic poet has described as a",WICK,"Healthy, salubrious clime",,28,Feb,1889,16,March,1889,False,condensed,0.9,"rate maps, and as a history of a wonderful country, apart from its value as a guide to the investor, is full of interesting and entertaining matter. We congratulate Mr. E. P. Mathers, F.R.G.S., who is the author, upon the excellence and the popularity of his work, and also upon his very readable and useful weekly publication, South Africa, which continues and supplements, with a record of passing events, the information he has given us of that region, which an enthusiastic poet has described as a— Healthy, salubrious clime,"
18890316p.308_p001.txt,59,Marie Joseph,Bordeaux,WICK,140 lds. pitwood,,28,Feb,1889,16,March,1889,False,condensed,0.9,Marie Joseph-Bordeaux-140 lds. pitwood-Order
18890316p.308_p001.txt,60,Cite Celeste,Bordeaux,WICK,185 lds. pitwood,,7,Feb,1889,16,March,1889,True,condensed,0.9,7 Cite Celeste (s)-Bordeaux-185 lds. pitwood-Order
18890316p.308_p001.txt,61,Willingdorf,Bordeaux,WICK,800 lds. pitwood-A. Capelle,A. Capelle,7,Feb,1889,16,March,1889,True,condensed,0.9,Willingdorf (s)-Bordeaux-800 lds. pitwood-A. Capelle
18890316p.308_p001.txt,62,La Gitana,Drammen,WICK,"29,310 spars-Alexanders & Co.",Alexanders & Co.,7,Feb,1889,16,March,1889,False,condensed,0.9,"La Gitana-Drammen-29,310 spars-Alexanders & Co."
18890316p.308_p001.txt,63,Emma,Ferrol,WICK,250 lds. pitwood-Austen Friars,Austen Friars,8,Feb,1889,16,March,1889,False,condensed,0.9,8 Emma-Ferrol-250 lds. pitwood-Austen Friars
18890316p.308_p001.txt,64,Austen Friars,Bordeaux,WICK,"1,300 lds. pitwood-Simkin Bros.",Simkin Bros.,8,Feb,1889,16,March,1889,False,condensed,0.9,"Austen Friars-Bordeaux-1,300 lds. pitwood-Simkin Bros."
18890316p.308_p001.txt,65,Anne Maria,Tvedestrand,WICK,"32,036 deals",,8,Feb,1889,16,March,1889,False,condensed,0.9,"Anne Maria-Tvedestrand-32,036 deals-Safal-Halifax, N.S.-8,659 deals-Williams, Thomas & Co."
18890316p.308_p001.txt,66,Anna Maria,Covesec,WICK,130 lds. pitwood,,11,Feb,1889,16,March,1889,False,condensed,0.9,11 Anna Maria-Covesec-130 lds. pitwood-Order
18890316p.308_p001.txt,67,Ouse,Bordeaux,WICK,730 lds. pitwood,,11,Feb,1889,16,March,1889,False,condensed,0.9,Ouse-Bordeaux-730 lds. pitwood-Order
18890316p.308_p001.txt,69,Reform,Stettin,WICK,"2,494 pcs. fir-Tellefsen-Wills, & Co.","Tellefsen-Wills, & Co.",11,Feb,1889,16,March,1889,False,condensed,0.9,"Reform-Stettin-2,494 pcs. fir-Tellefsen-Wills, & Co."
18890316p.308_p001.txt,71,Patria,Lovisa,WICK,"11,778 deals, boards, and battens-Quiggin & Co.",Quiggin & Co.,11,Feb,1889,16,March,1889,False,condensed,0.9,"Patria-Lovisa-11,778 deals, boards, and battens-Quiggin & Co."
18890316p.308_p001.txt,73,Princess Wilhelmina,Pernau,FLEETWOOD,"1,166 pcs. sawn fir, 116 deals-Bryant & Co.",Bryant & Co.,11,Feb,1889,16,March,1889,False,condensed,1.0,"Princess Wilhelmina-Pernau-1,166 pcs. sawn fir, 116 deals-Bryant & Co."
18890316p.308_p001.txt,75,Tjalf,Christiania,FLEETWOOD,147 lds. sawn fir-Barkworth & Spaldin,Barkworth & Spaldin,11,Feb,1889,16,March,1889,False,condensed,1.0,Tjalf-Christiania-147 lds. sawn fir-Barkworth & Spaldin
18890316p.308_p001.txt,76,Hazard,Fredrikstad,FLEETWOOD,"31,705 boards-Price & Co.",Price & Co.,8,Feb,1889,16,March,1889,False,condensed,1.0,"8 Hazard-Fredrikstad-31,705 boards-Price & Co."
18890316p.308_p001.txt,77,Memlo,Darien,FLEETWOOD,"242 pcs. hewn fir, 466 deals-Price, Walker & Co.","Price, Walker & Co.",9,Feb,1889,16,March,1889,False,condensed,0.9,"9 Memlo-Darien-242 pcs. hewn fir, 466 deals-Price, Walker & Co."
18890316p.308_p001.txt,79,Rapid,Skien,FLEETWOOD,"1,420 pcs. square timber, 957 props-E. A. Casper & Co.",E. A. Casper & Co.,9,Feb,1889,16,March,1889,False,condensed,0.9,"Rapid-Skien-1,420 pcs. square timber, 957 props-E. A. Casper & Co."
18890316p.308_p001.txt,80,Postulant,Skien,FLEETWOOD,"1,226 pcs. hewn fir, 2,000 props-G. Horsley & Co.",G. Horsley & Co.,9,Feb,1889,16,March,1889,False,condensed,0.9,"Postulant-Skien-1,226 pcs. hewn fir, 2,000 props-G. Horsley & Co."
18890316p.308_p001.txt,81,Ceres II.,Skien,FLEETWOOD,"1,572 pcs. square timber, 6,156 props-Victor Nilsson & Co.",Victor Nilsson & Co.,9,Feb,1889,16,March,1889,False,condensed,0.9,"Ceres II.-Skien-1,572 pcs. square timber, 6,156 props-Victor Nilsson & Co."
18890316p.308_p001.txt,82,Salus,Fredriksvoern,FLEETWOOD,"3,177 pcs. mining timber, 1,256 props-E. Pritchard",E. Pritchard,9,Feb,1889,16,March,1889,False,condensed,0.9,"Salus-Fredriksvoern-3,177 pcs. mining timber, 1,256 props-E. Pritchard"
18890316p.308_p001.txt,83,Franz v. Mathies,Halmstad,FLEETWOOD,2 lds. pitwood-Master,Master,8,Feb,1889,16,March,1889,False,condensed,0.9,8 Franz v. Mathies-Halmstad-2 lds. pitwood-Master
18890316p.308_p001.txt,84,Randers,Skien,FLEETWOOD,"1,649 poles, 790 pcs. fir timber, 910 props-Mitshel",Mitshel,9,Feb,1889,16,March,1889,False,condensed,0.9,"9 Randers-Skien-1,649 poles, 790 pcs. fir timber, 910 props-Mitshel"
18890316p.308_p001.txt,86,Thyra,Libau,FLEETWOOD,"2 pcs. timber, 1,170 pcs. birchwood",,9,Feb,1889,16,March,1889,True,condensed,0.9,"Thyra (s)-Libau-2 pcs. timber, 1,170 pcs. birchwood-Order"
18890316p.308_p001.txt,87,Bassano,Trieste,FLEETWOOD,"6,000 staves, 1,200 pcs. wood-Wilson, Sons, & Co.","Wilson, Sons, & Co.",9,Feb,1889,16,March,1889,True,condensed,0.9,"Bassano (s)-Trieste-6,000 staves, 1,200 pcs. wood-Wilson, Sons, & Co."
18890316p.308_p001.txt,88,Hero,Gothenburg,FLEETWOOD,"5,100 props-Heaven & Kesterton",Heaven & Kesterton,9,Feb,1889,16,March,1889,True,condensed,0.9,"9 Hero (s)-Gothenburg-5,100 props-Heaven & Kesterton"
18890316p.308_p001.txt,89,Romeo,Gothenburg,FLEETWOOD,"100 doors, 4,767 props-Wilson, Sons, & Co. 2,740 bdls. laths-Heaven & Kesterton; 2,100 bdls. laths-Order","Wilson, Sons, & Co.",12,Feb,1889,16,March,1889,True,condensed,0.9,"12 Romeo (s)-Gothenburg-100 doors, 4,767 props-Wilson, Sons, & Co.; 2,740 bdls. laths-Heaven & Kesterton; 2,100 bdls. laths-Order"
18890316p.308_p001.txt,90,Angelo,Christiania,FLEETWOOD,"1,920 bdls. boxboards-Wilson, Sons, & Co. 396 battens, 1,220 props-Heaven & Kesterton","Wilson, Sons, & Co.",12,Feb,1889,16,March,1889,True,condensed,0.9,"Angelo (s)-Christiania-1,920 bdls. boxboards-Wilson, Sons, & Co.; 396 battens, 1,220 props-Heaven & Kesterton"
18890316p.308_p001.txt,92,Oxenholme,"Norfolk, Va.",LIVERPOOL,529 pcs. oak lumber-R. Coltart & Co.,R. Coltart & Co.,12,Feb,1889,16,March,1889,True,condensed,0.9,"Oxenholme (s)-Norfolk, Va.-529 pcs. oak lumber-R. Coltart & Co."
18890316p.308_p001.txt,93,Kong Sverre,Laurvig,LIVERPOOL,"27,746 planed boards-wood boards-Order",wood boards-Order,12,Feb,1889,16,March,1889,False,condensed,0.9,"Kong Sverre-Laurvig-27,746 planed boards-wood boards-Order"
18890316p.308_p001.txt,94,Mornington,Sapelo,LIVERPOOL,"2,211 pcs. sawn pitch pine timber, 739 ppe. deals",,8,Feb,1889,16,March,1889,False,condensed,0.9,"8 Mornington-Sapelo-2,211 pcs. sawn pitch pine timber, 739 ppe. deals-Order"
18890316p.308_p001.txt,95,Capenhurst,Charleston,LIVERPOOL,"5,850 oak staves",,8,Feb,1889,16,March,1889,False,condensed,0.9,"Capenhurst-Charleston-5,850 oak staves-Order"
18890316p.308_p001.txt,96,City of Chester,New York,LIVERPOOL,"1,700 staves",,8,Feb,1889,16,March,1889,True,condensed,0.9,"City of Chester (s)-New York- 1,700 staves-Order"
18890316p.308_p001.txt,97,Alexander Keith,Mobile,LIVERPOOL,"4,073 w.o. staves, 136 pcs. hewn, 439 pcs. sawn, 100 pcs. oak-Price & Pierce",Price & Pierce,9,Feb,1889,16,March,1889,False,condensed,0.9,"9 Alexander Keith-Mobile-4,073 w.o. staves, 136 pcs. hewn, 439 pcs. sawn, 100 pcs. oak-Price & Pierce"
18890316p.308_p001.txt,98,Saga,"Charleston, S.C.",LIVERPOOL,"6,600 staves",,9,Feb,1889,16,March,1889,False,condensed,0.9,"Saga-Charleston, S.C.-6,600 staves-Order"
18890316p.308_p001.txt,99,Regina,Hommelvik,LIVERPOOL,"757,400 fir staves",,11,Feb,1889,16,March,1889,False,condensed,0.9,"11 Regina-Hommelvik-757,400 fir staves-Order"
18890316p.308_p001.txt,100,Celtic,New York,LIVERPOOL,"6,425 pcs. lumber-Whiteside, Johns, & Co. 1,170 staves-Hattley Hay; 8 cs. handles, 52 cs. spokes and wheels-Order","Whiteside, Johns, & Co.",11,Feb,1889,16,March,1889,True,condensed,0.9,"Celtic (s)-New York-6,425 pcs. lumber-Whiteside, Johns, & Co.; 1,170 staves-Hattley Hay; 8 cs. handles, 52 cs. spokes and wheels-Order"
18890316p.308_p001.txt,102,Atlantic,Darien,LIVERPOOL,490 pcs. sawn pitch pine,,11,Feb,1889,16,March,1889,False,condensed,0.9,Atlantic-Darien-490 pcs. sawn pitch pine-Order
18890316p.308_p001.txt,106,Last Year's Div. Late,Ex,LIVERPOOL,quot,,11,Feb,1889,16,March,1889,False,condensed,0.9,Name. Last Year's Div. Late Ex-quot
18890316p.308_p001.txt,117,Osmo,Fredrikstad,BRISTOL,"76,095 boards-King Bros.",King Bros.,11,Feb,1889,16,March,1889,False,condensed,0.9,"Osmo-Fredrikstad-76,095 boards-King Bros."
18890316p.308_p001.txt,118,Canute,Pensacola,BRISTOL,"2,962 pcs. pitch pine-May & Hassell",May & Hassell,11,Feb,1889,16,March,1889,False,condensed,0.9,"11 Canute-Pensacola-2,962 pcs. pitch pine-May & Hassell"
18890316p.308_p001.txt,119,Oxford,Baltimore,BRISTOL,"180 oak planks-R. Coltart & Co. 195 oak planks, 1,220 ppe. staves-Order",R. Coltart & Co.,11,Feb,1889,16,March,1889,False,condensed,0.9,"Oxford-Baltimore-180 oak planks-R. Coltart & Co.; 195 oak planks, 1,220 ppe. staves-Order"
18890316p.308_p001.txt,121,Leonida,Trebigni,BRISTOL,"1,100,000 staves",,11,Feb,1889,16,March,1889,False,condensed,0.9,"Leonida-Trebigni-1,100,000 staves-Order"
18890316p.308_p001.txt,122,Respite,Krageroe,BRISTOL,"1,178 pcs. pitwood",,11,Feb,1889,16,March,1889,False,condensed,0.9,"Respite-Krageroe-1,178 pcs. pitwood-Order"
18890316p.308_p001.txt,123,Repetto,Bordeaux,BRISTOL,110 lds. pitwood,,11,Feb,1889,16,March,1889,False,condensed,0.9,Repetto-Bordeaux-110 lds. pitwood-Order
18890316p.308_p001.txt,124,Fama,Christiansand,BRISTOL,"4,994 pcs. pitwood-Tellefsen, Wills, & Co.","Tellefsen, Wills, & Co.",11,Feb,1889,16,March,1889,False,condensed,0.9,"Fama-Christiansand-4,994 pcs. pitwood-Tellefsen, Wills, & Co."
18890316p.308_p001.txt,125,Delphine Elizabeth,Bordeaux,BRISTOL,135 lds. pitwood,,11,Feb,1889,16,March,1889,False,condensed,0.9,Delphine Elizabeth-Bordeaux-135 lds. pitwood-Order
18890316p.308_p001.txt,126,Duero,Risoer,BRISTOL,247 lds. pitwood,,11,Feb,1889,16,March,1889,False,condensed,0.9,Duero-Risoer-247 lds. pitwood-Order
18890316p.308_p001.txt,127,Prima Donna,Bordeaux,BRISTOL,110 lds. pitwood-Simkin Bros.,Simkin Bros.,6,Feb,1889,16,March,1889,False,condensed,0.9,6 Prima Donna-Bordeaux-110 lds. pitwood-Simkin Bros.
18890316p.308_p001.txt,128,Sofna,Bordeaux,BRISTOL,140 lds. pitwood,,6,Feb,1889,16,March,1889,True,condensed,0.9,Sofna (s)-Bordeaux-140 lds. pitwood-Order
18890316p.308_p001.txt,129,Alacrity,Bordeaux,BRISTOL,149 lds. pitwood-H. Gueret,H. Gueret,6,Feb,1889,16,March,1889,False,condensed,0.9,Alacrity-Bordeaux-149 lds. pitwood-H. Gueret
18890316p.308_p001.txt,130,Federico,Vallagareia,BRISTOL,"1,200 lds. pitwood-Torres",Torres,6,Feb,1889,16,March,1889,False,condensed,0.9,"Federico-Vallagareia-1,200 lds. pitwood-Torres"
18890316p.308_p001.txt,131,Pedro,Corunna,BRISTOL,600 lds. pitwood-Monte St. Angelo,Monte St. Angelo,6,Feb,1889,16,March,1889,False,condensed,0.9,Pedro-Corunna-600 lds. pitwood-Monte St. Angelo
18890316p.308_p001.txt,132,Monte St.,Angelo,BRISTOL,"Cristobal, & Co.",,6,Feb,1889,16,March,1889,False,condensed,0.9,"Monte St. Angelo-Cristobal, & Co."
18890316p.308_p001.txt,134,Dovre,Risoer,BRISTOL,320 lds. pitwood-Wm. Thomas,Wm. Thomas,6,Feb,1889,16,March,1889,False,condensed,0.9,Dovre-Risoer-320 lds. pitwood-Wm. Thomas
18890316p.308_p002.txt,2,Marie Joseph,Bordeaux,BRISTOL,110 lds. pitwood,,6,Feb,1889,16,March,1889,False,condensed,0.9,Marie Joseph-Bordeaux-110 lds. pitwood-Order
18890316p.308_p002.txt,3,Auguste Marie,Pauillac,BRISTOL,140 lds. pitwood,,6,Feb,1889,16,March,1889,False,condensed,0.9,Auguste Marie-Pauillac-140 lds. pitwood-Order
18890316p.308_p002.txt,4,Cite Celeste,Bordeaux,BRISTOL,135 lds. pitwood,,6,Feb,1889,16,March,1889,False,condensed,0.9,Cite Celeste-Bordeaux-135 lds. pitwood-Order
18890316p.308_p002.txt,5,Willingdorf,Bordeaux,BRISTOL,800 lds. pitwood-A. Capelle,A. Capelle,6,Feb,1889,16,March,1889,True,condensed,0.9,Willingdorf (s)-Bordeaux-800 lds. pitwood-A. Capelle
18890316p.308_p002.txt,6,La Gitana,Drammen,BRISTOL,"29,810 boards, 354 spars-Alexanders & Co.",Alexanders & Co.,6,Feb,1889,16,March,1889,False,condensed,0.9,"La Gitana-Drammen-29,810 boards, 354 spars-Alexanders & Co."
18890316p.308_p002.txt,7,Jimina,Ferrol,BRISTOL,250 lds. pitwood-Manzanos,Manzanos,6,Feb,1889,16,March,1889,False,condensed,0.9,Jimina-Ferrol-250 lds. pitwood-Manzanos
18890316p.308_p002.txt,8,Austen Friars,Bordeaux,BRISTOL,"1,300 lds. pitwood-Simkin Bros.",Simkin Bros.,6,Feb,1889,16,March,1889,False,condensed,0.9,"Austen Friars-Bordeaux-1,300 lds. pitwood-Simkin Bros."
18890316p.308_p002.txt,9,Anne Maria,Tvedestrand,BRISTOL,"32,036 pcs. hewn fir-Tellefsen, Wills, & Co.","Tellefsen, Wills, & Co.",6,Feb,1889,16,March,1889,False,condensed,0.9,"Anne Maria-Tvedestrand-32,036 pcs. hewn fir-Tellefsen, Wills, & Co."
18890316p.308_p002.txt,10,Safal,"Halifax, N.S.",BRISTOL,"8,659 deals and ends-Williams Thomas & Co.",Williams Thomas & Co.,6,Feb,1889,16,March,1889,False,condensed,0.9,"Safal-Halifax, N.S.-8,659 deals and ends-Williams Thomas & Co."
18890316p.308_p002.txt,11,Anne Maria,Covesec,BRISTOL,130 lds. pitwood,,6,Feb,1889,16,March,1889,False,condensed,0.9,Anne Maria-Covesec-130 lds. pitwood-Order
18890316p.308_p002.txt,12,Ouse,Bordeaux,BRISTOL,730 lds. pitwood-Simkin,Simkin,6,Feb,1889,16,March,1889,False,condensed,0.9,Ouse-Bordeaux-730 lds. pitwood-Simkin
18890316p.308_p002.txt,14,Stettin,Stettin,BRISTOL,"2,494 pcs. sawn fir-J. F. Napier & Co.",J. F. Napier & Co.,6,Feb,1889,16,March,1889,False,condensed,0.9,"Stettin-Stettin-2,494 pcs. sawn fir-J. F. Napier & Co."
18890316p.308_p002.txt,16,Patria,Lovisa,BRISTOL,"11,778 deals, boards, and battens-Quiggin & Co.",Quiggin & Co.,6,Feb,1889,16,March,1889,False,condensed,0.9,"Patria-Lovisa-11,778 deals, boards, and battens-Quiggin & Co."
18890316p.308_p002.txt,18,Princess Wilhelmina,Pensacola,FLEETWOOD,"697 pcs. sawn fir, 116 deals-Bryant & Co.",Bryant & Co.,6,Feb,1889,16,March,1889,False,condensed,1.0,"Princess Wilhelmina-Pensacola-697 pcs. sawn fir, 116 deals-Bryant & Co."
18890316p.308_p002.txt,20,Tjalf,Christiania,FLEETWOOD,147 lds. hewn fir-Backworth & Spaldin,Backworth & Spaldin,6,Feb,1889,16,March,1889,False,condensed,1.0,Tjalf-Christiania-147 lds. hewn fir-Backworth & Spaldin
18890316p.308_p002.txt,21,Havard,Fredrikstad,FLEETWOOD,"31,705 boards-Price",Price,8,Feb,1889,16,March,1889,False,condensed,1.0,"8 Havard-Fredrikstad-31,705 boards-Price"
18890316p.308_p002.txt,22,Manlo,Darien,FLEETWOOD,"242 pcs. hewn fir, 1,282 pcs. sawn fir, 466 deals-Price, Walker, & Co.","Price, Walker, & Co.",8,Feb,1889,16,March,1889,False,condensed,0.9,"8 Manlo-Darien-242 pcs. hewn fir, 1,282 pcs. sawn fir, 466 deals-Price, Walker, & Co."
18890316p.308_p002.txt,24,Rapid,Skien,FLEETWOOD,"1,420 pcs. square timber, 987 props-E. A. Casper & Co.",E. A. Casper & Co.,8,Feb,1889,16,March,1889,False,condensed,0.9,"Rapid-Skien-1,420 pcs. square timber, 987 props-E. A. Casper & Co."
18890316p.308_p002.txt,25,Postulant,Skien,FLEETWOOD,"1,226 pcs. hewn fir, 1,658 props-G. Horsley & Co.",G. Horsley & Co.,8,Feb,1889,16,March,1889,False,condensed,0.9,"8 Postulant-Skien-1,226 pcs. hewn fir, 1,658 props-G. Horsley & Co."
18890316p.308_p002.txt,26,Cito II,Skien,FLEETWOOD,"1,572 pcs. square timber, 6,136 props-Victor Nilsson & Co.",Victor Nilsson & Co.,9,Feb,1889,16,March,1889,False,condensed,0.9,"9 Cito II-Skien-1,572 pcs. square timber, 6,136 props-Victor Nilsson & Co."
18890316p.308_p002.txt,27,Solte,Fredriksvern,FLEETWOOD,"3,177 pcs. mining timber, 1,256 props-E. Pritchard",E. Pritchard,9,Feb,1889,16,March,1889,False,condensed,0.9,"9 Solte-Fredriksvern-3,177 pcs. mining timber, 1,256 props-E. Pritchard"
18890316p.308_p002.txt,28,Piano v. Mathies,Halmstad,FLEETWOOD,2 lds. staves-Master,Master,9,Feb,1889,16,March,1889,False,condensed,0.9,9 Piano v. Mathies-Halmstad-2 lds. staves-Master
18890316p.308_p002.txt,29,Haakon,Skien,FLEETWOOD,"1,649 poles, 790 pcs. square timber, 910 props-Mitshel",Mitshel,11,Feb,1889,16,March,1889,False,condensed,0.9,"11 Haakon-Skien-1,649 poles, 790 pcs. square timber, 910 props-Mitshel"
18890316p.308_p002.txt,31,Thyra,Libau,FLEETWOOD,"2 pcs. timber, 1,008 pcs. birchwood",,11,Feb,1889,16,March,1889,True,condensed,0.9,"Thyra (s)-Libau-2 pcs. timber, 1,008 pcs. birchwood-Order"
18890316p.308_p002.txt,32,Imbro,Triesta,FLEETWOOD,"6,000 staves, 99 bgs. wood-Wilson, Sons, & Co.","Wilson, Sons, & Co.",7,Feb,1889,16,March,1889,True,condensed,0.9,"7 Imbro (s)-Triesta-6,000 staves, 99 bgs. wood-Wilson, Sons, & Co."
18890316p.308_p002.txt,33,Vesta,Gothenburg,FLEETWOOD,"5,100 props-H. Smith & Co. 4,767 props-Order",H. Smith & Co.,7,Feb,1889,16,March,1889,True,condensed,0.9,"7 Vesta (s)-Gothenburg-5,100 props-H. Smith & Co.; 4,767 props-Order"
18890316p.308_p002.txt,34,Romeo,Gothenburg,FLEETWOOD,"100 doors, 8,967 props-Wilson, Sons, & Co. 2,760 bdls. laths-Heaven & Kesterton; 2,100 bdls. laths-Order","Wilson, Sons, & Co.",7,Feb,1889,16,March,1889,True,condensed,0.9,"7 Romeo (s)-Gothenburg-100 doors, 8,967 props-Wilson, Sons, & Co.; 2,760 bdls. laths-Heaven & Kesterton; 2,100 bdls. laths-Order"
18890316p.308_p002.txt,35,Anglo,Christiania,FLEETWOOD,"1,920 bdls. wood props-Wilson, Sons, & Co. 396 battens, 1,236 props-Heaven & Kesterton","Wilson, Sons, & Co.",9,Feb,1889,16,March,1889,True,condensed,0.9,"9 Anglo (s)-Christiania-1,920 bdls. wood props-Wilson, Sons, & Co.; 396 battens, 1,236 props-Heaven & Kesterton"
18890316p.308_p002.txt,37,Oxenholme,"Norfolk, Va.",LIVERPOOL,528 pcs. lumber-R. Coltart & Co.,R. Coltart & Co.,9,Feb,1889,16,March,1889,True,condensed,0.9,"Oxenholme (s)-Norfolk, Va.-528 pcs. lumber-R. Coltart & Co."
18890316p.308_p002.txt,38,Sverno,Laurvig,LIVERPOOL,"27,746 planed white-wood boards-Order",wood boards-Order,7,Feb,1889,16,March,1889,False,condensed,0.9,"7 Sverno-Laurvig-27,746 planed white-wood boards-Order"
18890316p.308_p002.txt,39,Wilmington,Sapelo,LIVERPOOL,"2,211 pcs. sawn ppe. timber, 789 ppe. deals",,7,Feb,1889,16,March,1889,False,condensed,0.9,"7 Wilmington-Sapelo-2,211 pcs. sawn ppe. timber, 789 ppe. deals-Order"
18890316p.308_p002.txt,40,Elmhurst,Charleston,LIVERPOOL,"5,850 oak staves",,7,Feb,1889,16,March,1889,False,condensed,0.9,"7 Elmhurst-Charleston-5,850 oak staves-Order"
18890316p.308_p002.txt,41,City of Chester,New York,LIVERPOOL,"1,700 staves",,7,Feb,1889,16,March,1889,True,condensed,0.9,"7 City of Chester (s)-New York-1,700 staves-Order"
18890316p.308_p002.txt,42,Alexander Keith,Mobile,LIVERPOOL,"4,073 w.o. staves, 208 pcs. hewn, 439 pcs. sawn, 100 deals-Price & Pierce",Price & Pierce,7,Feb,1889,16,March,1889,False,condensed,0.9,"7 Alexander Keith-Mobile-4,073 w.o. staves, 208 pcs. hewn, 439 pcs. sawn, 100 deals-Price & Pierce"
18890316p.308_p002.txt,43,Scotia,"Charleston, S.C.",LIVERPOOL,"6,600 staves",,7,Feb,1889,16,March,1889,False,condensed,0.9,"7 Scotia-Charleston, S.C.-6,600 staves-Order"
18890316p.308_p002.txt,44,Orion,Hommelvik,LIVERPOOL,"757,400 fir staves",,7,Feb,1889,16,March,1889,True,condensed,0.9,"7 Orion (s)-Hommelvik-757,400 fir staves-Order"
18890316p.308_p002.txt,45,White,New York,LIVERPOOL,"6,425 pcs. lumber-Farnworth & Jardine Johns, & Co.; 1,170 staves-Hattley Hay; 8 cs. handles, 52 cs. spokes-Wheels-Order",Farnworth & Jardine,7,Feb,1889,16,March,1889,True,condensed,0.9,"7 White (s)-New York-6,425 pcs. lumber-Farnworth & Jardine; Johns, & Co.; 1,170 staves-Hattley Hay; 8 cs. handles, 52 cs. spokes-Wheels-Order"
18890316p.308_p002.txt,46,Queen,New York,LIVERPOOL,"4 cs. spokes, 1,500 staves",,7,Feb,1889,16,March,1889,True,condensed,0.9,"7 Queen (s)-New York-4 cs. spokes, 1,500 staves-Order"
18890316p.308_p002.txt,47,City of Chicago,New York,LIVERPOOL,"1,400 ppe. planks-Hattley Hay",Hattley Hay,7,Feb,1889,16,March,1889,True,condensed,0.9,"City of Chicago (s)-New York-1,400 ppe. planks-Hattley Hay"
18890316p.308_p002.txt,49,Maas,Rotterdam,LIVERPOOL,"5,693 bdls. hoops",,7,Feb,1889,16,March,1889,True,condensed,0.9,"7 Maas (s)-Rotterdam-5,693 bdls. hoops-Order"
18890316p.308_p002.txt,50,Fido,Gothenburg,LIVERPOOL,"8,892 pit poles, 543 pcs. mining timber, 2,000 bdls. laths-H. Brown & Son 282 pcs. pit props, 2,000 bdls. laths-firewood-T. W. Allen & Co.",H. Brown & Son,8,Feb,1889,16,March,1889,True,condensed,0.9,"8 Fido (s)-Gothenburg-8,892 pit poles, 543 pcs. mining timber, 2,000 bdls. laths-H. Brown & Son; 282 pcs. pit props, 2,000 bdls. laths-firewood-T. W. Allen & Co."
18890316p.308_p002.txt,51,Gotha,New York,LIVERPOOL,"400 bdls. headings, 1,000 cs. shooks-Hattley Hay 2,781 bdls. staves-Order",Hattley Hay,8,Feb,1889,16,March,1889,True,condensed,0.9,"8 Gotha (s)-New York-400 bdls. headings, 1,000 cs. shooks-Hattley Hay; 2,781 bdls. staves-Order"
18890316p.308_p002.txt,52,City of New,York,LIVERPOOL,"3,101 maple rollers-Hattley Hay",Hattley Hay,8,Feb,1889,16,March,1889,False,condensed,0.9,"City of New York-3,101 maple rollers-Hattley Hay"
18890316p.308_p002.txt,54,Princess,Philadelphia,LIVERPOOL,"36 crts. bobbinheads-J. Gardner & Son 1,139 bdls. staves-Drysdale Bros.; 612 cs. staves, 34 logs-Order",J. Gardner & Son,8,Feb,1889,16,March,1889,True,condensed,0.9,"8 Princess (s)-Philadelphia-36 crts. bobbinheads-J. Gardner & Son; 1,139 bdls. staves-Drysdale Bros.; 612 cs. staves, 34 logs-Order"
18890316p.308_p002.txt,57,Barrowmore,Baltimore,LIVERPOOL,"1,748 pcs. oak lumber-R. Coltart & Co. 180 pcs. oak lumber-E. Alcott; 187 pcs. oak lumber-Potts & Redhead; 191 cs. shuttle blocks-E. M. Allen; 11,141 brl. staves-Order",R. Coltart & Co.,8,Feb,1889,16,March,1889,True,condensed,0.9,"Barrowmore (s)-Baltimore-1,748 pcs. oak lumber-R. Coltart & Co.; 180 pcs. oak lumber-E. Alcott; 187 pcs. oak lumber-Potts & Redhead; 191 cs. shuttle blocks-E. M. Allen; 11,141 brl. staves-Order"
18890316p.308_p002.txt,58,Catalonia,Boston,LIVERPOOL,"600 butt and 7,200 staves-Drysdale Bros. 241 bdls. shooks-Order",Drysdale Bros.,8,Feb,1889,16,March,1889,True,condensed,0.9,"Catalonia (s)-Boston-600 butt and 7,200 staves-Drysdale Bros.; 241 bdls. shooks-Order"
18890316p.308_p002.txt,59,Serra,New Orleans,LIVERPOOL,"2,400 staves",,8,Feb,1889,16,March,1889,True,condensed,0.9,"Serra (s)-New Orleans-2,400 staves-Order"
18890316p.308_p002.txt,62,Amalienborg,Memel,LONDON,"13 mille staves-Morris & Co. 1,250 lds. lumber, 82 stds. deals-Order",Morris & Co.,8,Feb,1889,16,March,1889,True,condensed,0.9,"Amalienborg (s)-Memel-13 mille staves-Morris & Co.; 1,250 lds. lumber, 82 stds. deals-Order"
18890316p.308_p002.txt,63,Grain,Drammen,LONDON,"31,369 boards-K. Grain 10 lds. firewood-Master; 896 battens, 66,044 pcs. flooring-Order",K. Grain,11,Feb,1889,16,March,1889,True,condensed,0.9,"11 Grain (s)-Drammen-31,369 boards-K. Grain; 10 lds. firewood-Master; 896 battens, 66,044 pcs. flooring-Order"
18890316p.308_p002.txt,64,Avena,Uddevalla,LONDON,"580 bdls. mouldings, 470 doors-Dolton, Bournes, & Dolton","Dolton, Bournes, & Dolton",11,Feb,1889,16,March,1889,True,condensed,0.9,"11 Avena (s)-Uddevalla-580 bdls. mouldings, 470 doors-Dolton, Bournes, & Dolton"
18890316p.308_p002.txt,65,Orion,"Port Plakeley, W.I.",LONDON,"5,958 pcs. pine",,11,Feb,1889,16,March,1889,False,condensed,0.9,"11 Orion-Port Plakeley, W.I.-5,958 pcs. pine-Order"
18890316p.308_p002.txt,67,Hodora,New York,LONDON,"4,872 pcs., 2 cs. lumber-Churchill & Sim 1,601 pcs., 1 car, 2,668 pcs. and bdls., 631 bdls. lumber - H. Herrmann",Churchill & Sim,11,Feb,1889,16,March,1889,True,condensed,0.9,"Hodora (s)-New York-4,872 pcs., 2 cs. lumber-Churchill & Sim; 1,601 pcs., 1 car, 2,668 pcs. and bdls., 631 bdls. lumber - H. Herrmann"
18890316p.308_p002.txt,68,Bele,Gothenburg,LONDON,"35 cs. sashes, 38 bdls. doors-Hunt, Leachars, & Co. 14 cs. 162 bgs. turned wood-J. W. Uloth & Co.; 2 cs. 16 bgs. turned wood-Maxime & Co.; 1 bdl. logs-Heath & Co.; 1,000 bdls. laths-Simson & Mason; 4,000 bdls. blocks-Vigers","Hunt, Leachars, & Co.",11,Feb,1889,16,March,1889,True,condensed,0.9,"11 Bele (s)-Gothenburg-35 cs. sashes, 38 bdls. doors-Hunt, Leachars, & Co.; 14 cs. 162 bgs. turned wood-J. W. Uloth & Co.; 2 cs. 16 bgs. turned wood-Maxime & Co.; 1 bdl. logs-Heath & Co.; 1,000 bdls. laths-Simson & Mason; 4,000 bdls. blocks-Vigers"
18890316p.308_p002.txt,69,Zeus,Gothenburg,LONDON,"53 prs. oars-G. A. & A. Fuller 3,008 battens, 18,788 planed boards-With, Webster, & Co.; 190 doz. battens-Prier, Wotton, & Co.; 127 doz. battens, 141 prs. oars, 3,433 deals-Order",G. A. & A. Fuller,11,Feb,1889,16,March,1889,True,condensed,0.9,"11 Zeus (s)-Gothenburg-53 prs. oars-G. A. & A. Fuller; 3,008 battens, 18,788 planed boards-With, Webster, & Co.; 190 doz. battens-Prier, Wotton, & Co.; 127 doz. battens, 141 prs. oars, 3,433 deals-Order"
18890316p.308_p002.txt,70,Panther,Christiania,LONDON,"257 bgs. brush blocks-J. Keen 260 bdls. box boards-J. Terry; 20,170 no. boards-Churchill & Sim; 4,000 bdls. staves, 7,154 boards-Order",J. Keen,12,Feb,1889,16,March,1889,True,condensed,0.9,"12 Panther (s)-Christiania-257 bgs. brush blocks-J. Keen; 260 bdls. box boards-J. Terry; 20,170 no. boards-Churchill & Sim; 4,000 bdls. staves, 7,154 boards-Order"
18890316p.308_p002.txt,71,Envoy,Trieste,LONDON,"3,695 pcs., 201 bdls. planks, 1,423 parquets",,12,Feb,1889,16,March,1889,True,condensed,0.9,"12 Envoy(s)-Trieste-3,695 pcs., 201 bdls. planks, 1,423 parquets-Order"
18890316p.308_p002.txt,72,Ostsee,Stettin,LONDON,503 oak logs,,13,Feb,1889,16,March,1889,False,condensed,0.9,13 Ostsee-Stettin-503 oak logs-Order
18890316p.308_p002.txt,73,Albert Edward,Gothenburg,LONDON,"2,000 bdls. laths-Simson & Mason 597 doors-W. R. Crow & Son; 137 prs. oars, 37 dozen deals, 467 dozen deals and battens-Order",Simson & Mason,13,Feb,1889,16,March,1889,True,condensed,0.9,"13 Albert Edward (s)-Gothenburg-2,000 bdls. laths-Simson & Mason; 597 doors-W. R. Crow & Son; 137 prs. oars, 37 dozen deals, 467 dozen deals and battens-Order"
18890316p.308_p002.txt,75,A. W. Singleton,Sundswall,LONDON,216 fms. firewood,,13,Feb,1889,16,March,1889,False,condensed,0.9,A. W. Singleton-Sundswall-216 fms. firewood-Order
18890316p.308_p002.txt,77,Gannett,Bordeaux,LONDON,625 rolls wood hoops,,13,Feb,1889,16,March,1889,True,condensed,0.9,Gannett (s)-Bordeaux-625 rolls wood hoops-Order
18890316p.308_p002.txt,79,Intrepide,St. Malo,LONDON,108 lds. pitwood-Great Mountain Colliery Co.,Great Mountain Colliery Co.,13,Feb,1889,16,March,1889,False,condensed,0.9,Intrepide-St. Malo-108 lds. pitwood-Great Mountain Colliery Co.
18890316p.308_p002.txt,80,Firm,St. Malo,LONDON,192 ds. pitwood-Great Mountain Colliery Co.,Great Mountain Colliery Co.,9,Feb,1889,16,March,1889,False,condensed,0.9,9 Firm-St. Malo-192 ds. pitwood-Great Mountain Colliery Co.
18890316p.308_p002.txt,82,Tiger,Brevig,LONDON,"1,052 pcs. square timber, 664 poles, 1,578 props-Watson & Co.",Watson & Co.,9,Feb,1889,16,March,1889,False,condensed,0.9,"Tiger-Brevig - 1,052 pcs. square timber, 664 poles, 1,578 props-Watson & Co."
18890316p.308_p002.txt,84,Mediterranean,Bayonne,NEWPORT,150 lds. pit-wood-Budd & Co.,wood-Budd & Co.,9,Feb,1889,16,March,1889,False,condensed,1.0,Mediterranean-Bayonne-150 lds. pit-wood-Budd & Co.
18890316p.308_p002.txt,85,Typhon,Tvedestrand,NEWPORT,"180 lds. pitwood, 15 lds. mining timber-G. W. Jones, Heard, & Co.","G. W. Jones, Heard, & Co.",5,Feb,1889,16,March,1889,False,condensed,1.0,"5 Typhon-Tvedestrand-180 lds. pitwood, 15 lds. mining timber-G. W. Jones, Heard, & Co."
18890316p.308_p002.txt,87,Ontares,Roche Bernard,NEWPORT,"165 lds. pitwood-G. W. Jones, Heard, & Co.","G. W. Jones, Heard, & Co.",5,Feb,1889,16,March,1889,False,condensed,1.0,"5 Ontares-Roche Bernard-165 lds. pitwood-G. W. Jones, Heard, & Co."
18890316p.308_p002.txt,88,Pauline et Marie,Redon,NEWPORT,150 lds. pitwood-Alfred H. Tapson & Co.,Alfred H. Tapson & Co.,6,Feb,1889,16,March,1889,False,condensed,0.9,6 Pauline et Marie-Redon-150 lds. pitwood-Alfred H. Tapson & Co.
18890316p.308_p002.txt,89,Norma,Lorient,NEWPORT,"120 lds. pitwood-G. W. Jones, Heard, & Co.","G. W. Jones, Heard, & Co.",7,Feb,1889,16,March,1889,False,condensed,0.9,"7 Norma-Lorient-120 lds. pitwood-G. W. Jones, Heard, & Co."
18890316p.308_p002.txt,90,Bertha et Jeanne,Lorient,NEWPORT,"262 lds. pitwood-G. W. Jones, Heard, & Co.","G. W. Jones, Heard, & Co.",7,Feb,1889,16,March,1889,False,condensed,0.9,"7 Bertha et Jeanne-Lorient-262 lds. pitwood -G. W. Jones, Heard, & Co."
18890316p.308_p002.txt,91,Negrisuola,Pensacola,NEWPORT,"1,312 pcs. sawn fir, 559 deals-Nicholas & Co.",Nicholas & Co.,7,Feb,1889,16,March,1889,False,condensed,0.9,"7 Negrisuola-Pensacola-1,312 pcs. sawn fir, 559 deals-Nicholas & Co."
18890316p.308_p002.txt,92,Leonie Anastasia,Vannes,NEWPORT,140 lds. pitwood-Newport Pitwood Co.,Newport Pitwood Co.,7,Feb,1889,16,March,1889,False,condensed,0.9,7 Leonie Anastasia-Vannes-140 lds. pitwood -Newport Pitwood Co.
18890316p.308_p002.txt,93,Jeune Alexandre,Vannes,NEWPORT,180 lds. pitwood-Newport Pitwood Co.,Newport Pitwood Co.,7,Feb,1889,16,March,1889,False,condensed,0.9,7 Jeune Alexandre-Vannes-180 lds. pitwood-Newport Pitwood Co.
18890316p.308_p002.txt,94,Nicolai,Warberg,NEWPORT,179 lds. pitwood-Tredegar Iron & Coal Co.,Tredegar Iron & Coal Co.,8,Feb,1889,16,March,1889,False,condensed,0.9,8 St. Nicolai-Warberg-179 lds. pitwood-Tredegar Iron & Coal Co.
18890316p.308_p002.txt,95,Talma,Lorient,NEWPORT,260 lds. pitwood-Budd,Budd,8,Feb,1889,16,March,1889,False,condensed,0.9,8 Talma-Lorient-260 lds. pitwood-Budd
18890316p.308_p002.txt,97,Norge,Lulea,NEWPORT,"2,010 pcs. hewn fir, 989 pcs. sawn fir-Fox, Eliott, & Co.","Fox, Eliott, & Co.",8,Feb,1889,16,March,1889,False,condensed,0.9,"Norge-Lulea-2,010 pcs. hewn fir, 989 pcs. sawn fir-Fox, Eliott, & Co."
18890316p.308_p002.txt,98,Norge,Lulea,NEWPORT,95 lds. firewood-Master,Master,7,Feb,1889,16,March,1889,False,condensed,0.9,7 Norge-Lulea-95 lds. firewood-Master
18890316p.308_p002.txt,100,Ceres,Holmestrand,NEWPORT,"28,428 pit props-Rayner & Moller",Rayner & Moller,7,Feb,1889,16,March,1889,False,condensed,0.9,"Ceres-Holmestrand-28,428 pit props-Rayner & Moller"
18890316p.308_p002.txt,101,Albatros,Risoer,NEWPORT,"16,032 pit props-Moller",Moller,8,Feb,1889,16,March,1889,False,condensed,0.9,"8 Albatros-Risoer-16,032 pit props-Moller"
18890316p.308_p002.txt,104,Biscaya,Christiania,NEWPORT,"37,828 pcs. sawn fir-Elliott, Sons, & Co.","Elliott, Sons, & Co.",8,Feb,1889,16,March,1889,False,condensed,0.9,"Biscaya-Christiania-37,828 pcs. sawn fir-Elliott, Sons, & Co."
18890316p.308_p002.txt,106,Jacques,Bordeaux,NEWPORT,"30 lds. pitwood-Powley, Thomas, & Co.","Powley, Thomas, & Co.",8,Feb,1889,16,March,1889,False,condensed,0.9,"Jacques-Bordeaux-30 lds. pitwood-Powley, Thomas, & Co."
18890316p.308_p002.txt,107,Nativite,Redon,NEWPORT,165 lds. pitwood-Jones,Jones,5,Feb,1889,16,March,1889,False,condensed,0.9,5 Nativite-Redon-165 lds. pitwood-Jones
18890316p.308_p002.txt,108,Rene Seraphine,Bordeaux,NEWPORT,70 lds. pitwood-John Jones & Co.,John Jones & Co.,5,Feb,1889,16,March,1889,False,condensed,0.9,5 Rene Seraphine-Bordeaux-70 lds. pitwood-John Jones & Co.
18890316p.308_p002.txt,111,George Alfred,Quimper,NEWPORT,120 lds. pitwood-John Jones & Co.,John Jones & Co.,5,Feb,1889,16,March,1889,False,condensed,0.9,George Alfred-Quimper-120 lds. pitwood-John Jones & Co.
18890316p.308_p002.txt,112,Ann,Bordeaux,NEWPORT,140 lds. pitwood-Jenkins,Jenkins,5,Feb,1889,16,March,1889,False,condensed,0.9,St. Ann-Bordeaux-140 lds. pitwood-Jenkins
18890316p.308_p002.txt,113,Julien,Bordeaux,NEWPORT,120 lds. pitwood-Cwmaion Works Proprietors,Cwmaion Works Proprietors,5,Feb,1889,16,March,1889,False,condensed,0.9,St. Julien-Bordeaux-120 lds. pitwood-Cwmaion Works Proprietors
18890316p.308_p002.txt,114,Duquesne,Redon,NEWPORT,200 lds. pitwood-Jones,Jones,5,Feb,1889,16,March,1889,False,condensed,0.9,Duquesne-Redon-200 lds. pitwood-Jones
18890316p.308_p002.txt,115,Notre Dame de bon Secour,Arcachon,NEWPORT,180 lds. pitwood-Simkin Bros.,Simkin Bros.,5,Feb,1889,16,March,1889,False,condensed,0.9,Notre Dame de bon Secour-Arcachon-180 lds. pitwood-Simkin Bros.
18890316p.308_p002.txt,116,Esperance,Binic,NEWPORT,160 lds. pit props-L. G. Mouchel,L. G. Mouchel,5,Feb,1889,16,March,1889,False,condensed,0.9,Esperance-Binic-160 lds. pit props-L. G. Mouchel
18890316p.308_p002.txt,117,Eugene,Goaten,NEWPORT,Dynevor Co.,,5,Feb,1889,16,March,1889,False,condensed,0.9,Eugene Goaten-Dynevor Co.
18890316p.308_p002.txt,118,Marianne,Vannes,NEWPORT,145 lds. pitprops-Dynevor Co.,Dynevor Co.,5,Feb,1889,16,March,1889,False,condensed,0.9,Marianne-Vannes-145 lds. pitprops-Dynevor Co.
18890316p.308_p002.txt,119,Jupiter,Roche Bernard,NEWPORT,160 lds. pitwood-W. Bevan & Co.,W. Bevan & Co.,5,Feb,1889,16,March,1889,False,condensed,0.9,Jupiter-Roche Bernard-160 lds. pitwood-W. Bevan & Co.
18890316p.308_p002.txt,120,Marie Emilie,Bordeaux,NEWPORT,120 lds. pitwood-Evan David,Evan David,5,Feb,1889,16,March,1889,False,condensed,0.9,Marie Emilie-Bordeaux-120 lds. pitwood-Evan David
18890316p.308_p002.txt,121,Joseph,Mesquer,NEWPORT,110 lds. pitwood-Jenkins & Sons,Jenkins & Sons,5,Feb,1889,16,March,1889,False,condensed,0.9,St. Joseph-Mesquer-110 lds. pitwood-Jenkins & Sons
18890316p.308_p002.txt,122,Convoyan,Pauillac,NEWPORT,70 lds. pitwood-E. Williams Cook & Co.,E. Williams Cook & Co.,5,Feb,1889,16,March,1889,False,condensed,0.9,St. Convoyan-Pauillac-70 lds. pitwood-E. Williams Cook & Co.
18890316p.308_p002.txt,123,Auguste Louise,La Tremblade,NEWPORT,195 lds. pit wood-E. Williams Cook & Co.,E. Williams Cook & Co.,5,Feb,1889,16,March,1889,False,condensed,0.9,Auguste Louise-La Tremblade-195 lds. pit wood-E. Williams Cook & Co.
18890316p.308_p002.txt,124,Rose,Nantes,NEWPORT,100 lds. pit props-Dynevor Co.,Dynevor Co.,5,Feb,1889,16,March,1889,False,condensed,0.9,Rose-Nantes-100 lds. pit props-Dynevor Co.
18890316p.308_p002.txt,125,Henri Evelina,Rochefort,NEWPORT,170 lds. pit props-L. G. Mouchel,L. G. Mouchel,5,Feb,1889,16,March,1889,False,condensed,0.9,Henri Evelina-Rochefort-170 lds. pit props-L. G. Mouchel
18890316p.308_p002.txt,126,Bonne Julienne,Bordeaux,NEWPORT,130 lds. pitwood-Simkin Bros.,Simkin Bros.,5,Feb,1889,16,March,1889,False,condensed,0.9,Bonne Julienne-Bordeaux-130 lds. pitwood-Simkin Bros.
18890316p.308_p002.txt,127,Marie Angelina,Lorient,NEWPORT,150 lds. pitwood-Vivian & Son,Vivian & Son,5,Feb,1889,16,March,1889,False,condensed,0.9,Marie Angelina-Lorient-150 lds. pitwood-Vivian & Son
18890316p.308_p002.txt,128,Bouganville,Concarneau,NEWPORT,98 lds. pitwood-Vivian & Son,Vivian & Son,5,Feb,1889,16,March,1889,False,condensed,0.9,Bouganville-Concarneau-98 lds. pitwood-Vivian & Son
18890316p.308_p002.txt,129,Pollux,Bayonne,NEWPORT,400 lds. pitwood-William Davies & Co.,William Davies & Co.,5,Feb,1889,16,March,1889,False,condensed,0.9,Pollux-Bayonne-400 lds. pitwood-William Davies & Co.
18890316p.308_p002.txt,130,Julian,Marie,NEWPORT,Rochefort,,5,Feb,1889,16,March,1889,False,condensed,0.9,Julian-Marie-Rochefort-144 lds. pitwood-T. R. Robinson
18890316p.308_p002.txt,131,Marie Virginie,La Rochelle,NEWPORT,80 lds. pitwood-T. R. Robinson,T. R. Robinson,5,Feb,1889,16,March,1889,False,condensed,0.9,Marie Virginie-La Rochelle-80 lds. pitwood -T. R. Robinson
18890316p.308_p002.txt,133,Goteborg,Gothenburg,TYNE,"13,921 pit props, 5,105 cs. doors 92 doors-Jas. Scott",,5,Feb,1889,16,March,1889,True,condensed,1.0,"Goteborg (s)-Gothenburg-13,921 pit props, 5,105 cs. doors-Order; 92 doors-Jas. Scott"
18890316p.308_p002.txt,134,Grenadier,Rotterdam,TYNE,"1,700 bdls. hoops",,11,Feb,1889,16,March,1889,True,condensed,1.0,"11 Grenadier (s)-Rotterdam-1,700 bdls. hoops-Order"
18890316p.308_p002.txt,135,Speed,Nantes,TYNE,"3,777 bdls. hoops, 1,659 staves",,11,Feb,1889,16,March,1889,False,condensed,1.0,"Speed-Nantes-3,777 bdls. hoops, 1,659 staves-Order"
18890316p.308_p002.txt,136,Gyller,Fredrikstad,TYNE,"13,699 battens",,11,Feb,1889,16,March,1889,False,condensed,1.0,"Gyller-Fredrikstad-13,699 battens-Order"
18890316p.308_p002.txt,137,Genetari F.,Rangoon,TYNE,944 squares teak timber,,11,Feb,1889,16,March,1889,False,condensed,0.9,Genetari F.-Rangoon-944 squares teak timber-Order
18890316p.308_p002.txt,138,Atfen,Arendal,TYNE,"12,723 props, 57 spars",,12,Feb,1889,16,March,1889,False,condensed,0.9,"12 Atfen-Arendal-12,723 props, 57 spars-Order"
18890316p.308_p002.txt,139,Orcik,Gothenburg,TYNE,"4,947 props, 183 wood doors",,12,Feb,1889,16,March,1889,True,condensed,0.9,"Orcik (s)-Gothenburg-4,947 props, 183 wood doors-Order"
18890316p.308_p002.txt,141,Orion,Halifax,TYNE,"8,773 deals and ends-T. & W. Jackson.",T. & W. Jackson.,12,Feb,1889,16,March,1889,False,condensed,0.9,"Orion-Halifax-8,773 deals and ends-T. & W. Jackson."
18890316p.308_p002.txt,144,City of Malaga,Rotterdam,TYNE,"1,000 bdls. hoops-J. C. Pinkerton",J. C. Pinkerton,12,Feb,1889,16,March,1889,False,condensed,0.9,"City of Malaga-Rotterdam-1,000 bdls. hoops-J. C. Pinkerton"
18890316p.308_p002.txt,145,Egmont,Drammen,TYNE,"49,289 flooring boards-Thomas Dixon & Sons",Thomas Dixon & Sons,8,Feb,1889,16,March,1889,False,condensed,0.9,"8 Egmont-Drammen-49,289 flooring boards-Thomas Dixon & Sons"
18890316p.308_p002.txt,146,Sophie,Laurvig,TYNE,"1,716 deals and battens, 53,355 fir boards-J. P. Corry & Co.",J. P. Corry & Co.,9,Feb,1889,16,March,1889,False,condensed,0.9,"9 Sophie-Laurvig-1,716 deals and battens, 53,355 fir boards-J. P. Corry & Co."
18890316p.308_p002.txt,148,Maritana,Baltimore,LONDONDERRY,24 lds. dunnage boards-MacDevett & Donnell,MacDevett & Donnell,9,Feb,1889,16,March,1889,False,condensed,1.0,Maritana-Baltimore-24 lds. dunnage boards-MacDevett & Donnell
18890316p.308_p002.txt,149,Havestoe,Baltimore,LONDONDERRY,10 lds. dunnage boards-J. J. Corbett,J. J. Corbett,7,Feb,1889,16,March,1889,False,condensed,1.0,7 Havestoe-Baltimore-10 lds. dunnage boards-J. J. Corbett
18890316p.308_p002.txt,170,Sole,Manufacturers,LONDONDERRY,ECKERSLEY BROTHERS,,7,Feb,1889,16,March,1889,False,condensed,0.9,"Sole Manufacturers— ECKERSLEY BROTHERS,"
18890316p.4.txt,4,Ludvig,Holmestrand,LONDONDERRY,"17,959 pit props-Jas. Kennedy & Co.",Jas. Kennedy & Co.,7,Feb,1889,16,March,1889,False,condensed,0.9,"Ludvig-Holmestrand-17,959 pit props-Jas. Kennedy & Co."
18890316p.4.txt,5,Marie,Tonsberg,LONDONDERRY,"12,975 pit props",,6,Feb,1889,16,March,1889,False,condensed,0.9,"6 Marie-Tonsberg-12,975 pit props-Kennedy Joven Ynes-Holmestrand-17,933 pit props-Jas. Kennedy & Co."
18890316p.4.txt,6,Immanuel,Tonsberg,LONDONDERRY,"21,533 pit props-Cowdenbeath Coal Co.",Cowdenbeath Coal Co.,7,Feb,1889,16,March,1889,False,condensed,0.9,"7 Immanuel - Tonsberg - 21,533 pit props-Cowdenbeath Coal Co."
18890316p.4.txt,7,Copernicus,Tonsberg,LONDONDERRY,"11,965 pit props-T. L. Johanson & Co.",T. L. Johanson & Co.,9,Feb,1889,16,March,1889,False,condensed,0.9,"9 Copernicus-Tonsberg-11,965 pit props-T. L. Johanson & Co."
18890316p.4.txt,8,Talisman,Moss,LONDONDERRY,"30,282 pit props-Cowdenbeath Coal Co.",Cowdenbeath Coal Co.,11,Feb,1889,16,March,1889,False,condensed,0.9,"11 Talisman-Moss-30,282 pit props-Cowdenbeath Coal Co."
18890316p.4.txt,10,Terge Viken,Sandefjord,BORROWSTOUNNESS,"7,953 pcs pitwood-J. Denholm & Co.",J. Denholm & Co.,11,Feb,1889,16,March,1889,False,condensed,1.0,"Terge Viken-Sandefjord-7,953 pcs pitwood-J. Denholm & Co."
18890316p.4.txt,12,Siberian,Boston,BORROWSTOUNNESS,"4,800 staves-Drysdale Bros.",Drysdale Bros.,11,Feb,1889,16,March,1889,False,condensed,1.0,"Siberian-Boston-4,800 staves-Drysdale Bros."
18890316p.4.txt,13,State of Nevada,New York,BORROWSTOUNNESS,"2,100 hhd. staves, 500 pipe staves-R. Hamilton & Co. 295 pkgs. wood-Singer Manufacturing Co.; 1 crate lumber-Shepherd & Boveridge; 73 pkgs. oak-Bennet Co.",R. Hamilton & Co.,11,Feb,1889,16,March,1889,False,condensed,1.0,"State of Nevada-New York-2,100 hhd. staves, 500 pipe staves-R. Hamilton & Co.; 295 pkgs. wood-Singer Manufacturing Co.; 1 crate lumber-Shepherd & Boveridge; 73 pkgs. oak-Bennet Co."
18890316p.4.txt,15,Salvator,Porsgrund,BORROWSTOUNNESS,"988 spars, 1,885 props-J. T. Salvesen & Co.",J. T. Salvesen & Co.,11,Feb,1889,16,March,1889,False,condensed,0.9,"Salvator-Porsgrund-988 spars, 1,885 props-J. T. Salvesen & Co."
18890316p.4.txt,16,Tronda,Drontheim,BORROWSTOUNNESS,"1,953 deals-R. Melville",R. Melville,11,Feb,1889,16,March,1889,False,condensed,0.9,"Tronda-Drontheim-1,953 deals-R. Melville"
18890316p.4.txt,18,Madre Rosa,Bangkok,GREENOCK,"462 logs, 792 planks, 337 squares, 60 log ends timber",,11,Feb,1889,16,March,1889,False,condensed,0.9,"Madre Rosa-Bangkok-462 logs, 792 planks, 337 squares, 60 log ends timber-Order"
18890316p.4.txt,19,Vaeni,Pensacola,GREENOCK,"1,366 pcs. sawn pitch pine, 259 pcs. pitch pine deals-Brownlee & Co.",Brownlee & Co.,9,Feb,1889,16,March,1889,False,condensed,0.9,"9 Vaeni-Pensacola-1,366 pcs. sawn pitch pine, 259 pcs. pitch pine deals-Brownlee & Co."
18890316p.4.txt,21,Revenu,Laurvig,GREENOCK,"5,852 battens-D. W. Beattie",D. W. Beattie,9,Feb,1889,16,March,1889,False,condensed,0.9,"Revenu-Laurvig-5,852 battens-D. W. Beattie"
18890316p.4.txt,22,Valund,Hommelvik,GREENOCK,"15,122 deals and battens-C. Salvesen & Co.",C. Salvesen & Co.,9,Feb,1889,16,March,1889,True,condensed,0.9,"Valund (s)-Hommelvik-15,122 deals and battens-C. Salvesen & Co."
18890316p.4.txt,23,Talisman,Rotterdam,GREENOCK,300 bdls. hoops-Geo. Gibson & Jo.,Geo. Gibson & Jo.,11,Feb,1889,16,March,1889,False,condensed,0.9,11 Talisman-Rotterdam-300 bdls. hoops-Geo. Gibson & Jo.
18890316p.4.txt,25,Orient,Cronstadt,MONTROSE,"17,899 fir battens and boards-R. Millar & Sons",R. Millar & Sons,11,Feb,1889,16,March,1889,False,condensed,1.0,"Orient-Cronstadt-17,899 fir battens and boards-R. Millar & Sons"
18890316p.4.txt,27,Charlotte Marie,Fredrikstadt,MONTROSE,"90 lds. flooring boards, 29,734 bdls. sawn fir-Mackenzie",Mackenzie,11,Feb,1889,16,March,1889,False,condensed,1.0,"Charlotte Marie-Fredrikstadt-90 lds. flooring boards, 29,734 bdls. sawn fir-Mackenzie"
18890316p.4.txt,32,Telegraphic,Address,MONTROSE,"""BEATTIE,"" LEITH. Telephone No. 2003.",,11,Feb,1889,16,March,1889,False,condensed,0.9,"Telegraphic Address—""BEATTIE,"" LEITH. Telephone No. 2003."
18890316p.4.txt,37,Telegraphic,Address,MONTROSE,"""HARDIE, LEITH.""",,11,Feb,1889,16,March,1889,False,condensed,0.9,"Telegraphic Address—""HARDIE, LEITH."""
18890316p.4.txt,47,Telegraphic,Address,MONTROSE,"""SUMMERS,"" LEITH.",,11,Feb,1889,16,March,1889,False,condensed,0.9,"Telegraphic Address—""SUMMERS,"" LEITH."
18890316p.4.txt,56,Timber Merchants and,Saw,DUNDEE,"millers, Veneer Merchants, Wood Turners, Fret Cutters, Carvers, and",,11,Feb,1889,16,March,1889,False,condensed,0.9,"Timber Merchants and Saw-millers, Veneer Merchants, Wood Turners, Fret Cutters, Carvers, and"
18890316p.4.txt,88,Dealers,,TRUST DEEDS,"in Mahogany, Lignum Vitae, Walnuts, Whitewood, Birch, Cedar, Ash, &c., and Veneers.",,11,Feb,1889,16,March,1889,False,condensed,0.9,"Dealers in—Mahogany, Lignum Vitae, Walnuts, Whitewood, Birch, Cedar, Ash, &c., and Veneers."
18890316p.4.txt,138,Telegraphic,Address,DUNDEE,"""PATON,"" AYR.",,11,Feb,1889,16,March,1889,False,condensed,0.9,"Telegraphic Address— ""PATON,"" AYR."
18890316p.4.txt,143,Telegram,Addresses,DUNDEE,"DONALDSON, TAYPORT.",,11,Feb,1889,16,March,1889,False,condensed,0.9,"Telegram Addresses— DONALDSON, TAYPORT."
18890316p.4.txt,165,Telegraphic,Address,DUNDEE,"""SAWMILLS,"" LEITH.",,11,Feb,1889,16,March,1889,False,condensed,0.9,"Telegraphic Address—""SAWMILLS,"" LEITH."
18890330p.345_p001.txt,62,Mr.,Curtis,CORRESPONDENCE,Bennett had obligingly consented to an adjournment so that the application could be made.,,15,Feb,1889,30,March,1889,False,condensed,0.9,Mr. Curtis-Bennett had obligingly consented to an adjournment so that the application could be made.
18890330p.345_p001.txt,70,Resolven,"Pictou, N.S.",CORRESPONDENCE,"3,323 spruce deals-P. & H. Lewis",P. & H. Lewis,15,Feb,1889,30,March,1889,False,condensed,0.9,"Resolven-Pictou, N.S.-3,323 spruce deals-P. & H. Lewis"
18890330p.345_p001.txt,71,Amilie,Fredrikstad,CORRESPONDENCE,"38,321 flooring boards-Price, Potter, & Co.","Price, Potter, & Co.",25,Feb,1889,30,March,1889,False,condensed,0.9,"25 Amilie-Fredrikstad-38,321 flooring boards-Price, Potter, & Co."
18890330p.345_p001.txt,73,Zippora,Fredrikshald,CORRESPONDENCE,"34,970 pcs. sawn fir-The Somerset Trading Co.",The Somerset Trading Co.,25,Feb,1889,30,March,1889,False,condensed,0.9,"Zippora-Fredrikshald-34,970 pcs. sawn fir-The Somerset Trading Co."
18890330p.345_p001.txt,74,Familiens Haab,Fredrikstad,CORRESPONDENCE,"25,036 pcs. fir-Geo. Hooper & Co.",Geo. Hooper & Co.,21,Feb,1889,30,March,1889,False,condensed,0.9,"21 Familiens Haab-Fredrikstad-25,036 pcs. fir-Geo. Hooper & Co."
18890330p.345_p001.txt,76,Edda,Fredrikstad,BRISTOL,"64,368 boards-King & Wainwright",King & Wainwright,21,Feb,1889,30,March,1889,False,condensed,0.9,"Edda-Fredrikstad-64,368 boards-King & Wainwright"
18890330p.345_p001.txt,77,City of Adelaide,Halifax,BRISTOL,"23,241 deals, battens, boards, and ends-May & Hassell",May & Hassell,21,Feb,1889,30,March,1889,False,condensed,0.9,"City of Adelaide-Halifax-23,241 deals, battens, boards, and ends-May & Hassell"
18890330p.345_p001.txt,78,Cathinca,Fredrikstad,BRISTOL,"48,348 boards-Bancroft, Harris, & Budgett","Bancroft, Harris, & Budgett",21,Feb,1889,30,March,1889,False,condensed,0.9,"Cathinca-Fredrikstad-48,348 boards-Bancroft, Harris, & Budgett"
18890330p.345_p001.txt,80,Ocean,Drammen,BRISTOL,"61,105 pcs. sawn fir-Sidney, Robinson, & Co.","Sidney, Robinson, & Co.",21,Feb,1889,30,March,1889,False,condensed,0.9,"Ocean-Drammen-61,105 pcs. sawn fir-Sidney, Robinson, & Co."
18890330p.345_p001.txt,81,Rive de Gier,Bayonne,BRISTOL,"1,110 lds. pitwood-La Capelle",La Capelle,21,Feb,1889,30,March,1889,True,condensed,0.9,"Rive de Gier (s)-Bayonne-1,110 lds. pitwood-La Capelle"
18890330p.345_p001.txt,83,City of Cairn,Pensacola,BRISTOL,"2,678 pcs. sawn fir-J. Bland & Co.",J. Bland & Co.,21,Feb,1889,30,March,1889,False,condensed,0.9,"City of Cairn-Pensacola-2,678 pcs. sawn fir-J. Bland & Co."
18890330p.345_p001.txt,84,Anita,Bordeaux,BRISTOL,400 lds. pitwood-Manzanos,Manzanos,21,Feb,1889,30,March,1889,False,condensed,0.9,Anita-Bordeaux-400 lds. pitwood-Manzanos
18890330p.345_p001.txt,85,Leontine Amelie,Arcachon,BRISTOL,230 lds. pitwood,,21,Feb,1889,30,March,1889,False,condensed,0.9,Leontine Amelie-Arcachon-230 lds. pitwood-Order
18890330p.345_p001.txt,87,Scandinavia,Arendal,BRISTOL,"5,231 pcs. mining timber-Tellefsen, Wills, & Co.","Tellefsen, Wills, & Co.",21,Feb,1889,30,March,1889,False,condensed,0.9,"Scandinavia-Arendal-5,231 pcs. mining timber-Tellefsen, Wills, & Co."
18890330p.345_p001.txt,88,Howden,Bordeaux,BRISTOL,"800 lds. pitwood-Watt, Ward, & Co.","Watt, Ward, & Co.",23,Feb,1889,30,March,1889,False,condensed,0.9,"23 Howden-Bordeaux-800 lds. pitwood-Watt, Ward, & Co."
18890330p.345_p001.txt,89,Adelaide,Morlaix,BRISTOL,206 lds. pitwood-Heard,Heard,25,Feb,1889,30,March,1889,False,condensed,0.9,25 Adelaide-Morlaix-206 lds. pitwood-Heard
18890330p.345_p001.txt,91,William Stephenson,Porsgrund,BRISTOL,"1,760 pcs. hewn fir, 922 fir battens-Gweek & Co.",Gweek & Co.,25,Feb,1889,30,March,1889,False,condensed,0.9,"William Stephenson-Porsgrund-1,760 pcs. hewn fir, 922 fir battens-Gweek & Co."
18890330p.345_p001.txt,93,Magna,Pensacola,FLEETWOOD,"1,416 pcs. sawn deals-Bryant, Powis, & Bryant","Bryant, Powis, & Bryant",25,Feb,1889,30,March,1889,False,condensed,1.0,"Magna-Pensacola-1,416 pcs. sawn deals-Bryant, Powis, & Bryant"
18890330p.345_p001.txt,95,Charlotte,Porsgrund,FOWEY,"254,245 fir battens, 648 birch staves",,25,Feb,1889,30,March,1889,False,condensed,1.0,"Charlotte-Porsgrund-254,245 fir battens, 648 birch staves-1,096 fir battens-Chellew"
18890330p.345_p001.txt,97,Napoleon III.,Soderhamn,FOWEY,"27,690 sawn fir-Bennetts & Co.",Bennetts & Co.,25,Feb,1889,30,March,1889,False,condensed,1.0,"Napoleon III.-Soderhamn-27,690 sawn fir-Bennetts & Co."
18890330p.345_p001.txt,99,Godskende,Mandal,GRIMSBY,"1,564 pcs.mining props-Victor Nilsson & Co.",Victor Nilsson & Co.,25,Feb,1889,30,March,1889,False,condensed,0.9,"Godskende-Mandal-1,564 pcs.mining props-Victor Nilsson & Co."
18890330p.345_p001.txt,100,Magnete,Drobak,GRIMSBY,"1,834 pcs. mining timber, 1,629 props-Rayner & Moller",Rayner & Moller,25,Feb,1889,30,March,1889,False,condensed,0.9,"Magnete-Drobak-1,834 pcs. mining timber, 1,629 props-Rayner & Moller"
18890330p.345_p001.txt,101,Portena,Porsgrund,GRIMSBY,"2,478 pcs. square timber, 3,870 props-E. A. Casper & Co.",E. A. Casper & Co.,25,Feb,1889,30,March,1889,False,condensed,0.9,"Portena-Porsgrund-2,478 pcs. square timber, 3,870 props-E. A. Casper & Co."
18890330p.345_p001.txt,102,Edda,Porsgrund,GRIMSBY,"4,698 pcs. round timber, 696 props-E. A. Casper & Co.",E. A. Casper & Co.,25,Feb,1889,30,March,1889,False,condensed,0.9,"Edda-Porsgrund-4,698 pcs. round timber, 696 props-E. A. Casper & Co."
18890330p.345_p001.txt,103,Irene,Christiansand,GRIMSBY,"3,865 pcs. round timber, 698 props-E. A. Casper & Co.",E. A. Casper & Co.,21,Feb,1889,30,March,1889,False,condensed,0.9,"21 Irene-Christiansand-3,865 pcs. round timber, 698 props-E. A. Casper & Co."
18890330p.345_p001.txt,104,Fremad,Risoer,GRIMSBY,"1,264 battens, 944 pcs. round timber, 1,279 props-Hans Erichsen & Co.",Hans Erichsen & Co.,21,Feb,1889,30,March,1889,False,condensed,0.9,"Fremad-Risoer-1,264 battens, 944 pcs. round timber, 1,279 props-Hans Erichsen & Co."
18890330p.345_p001.txt,105,Egia,Arendal,GRIMSBY,"1,729 pcs. mining timber, 10,830 props-Mitshel, Pedersen, & Co.","Mitshel, Pedersen, & Co.",23,Feb,1889,30,March,1889,False,condensed,0.9,"23 Egia-Arendal-1,729 pcs. mining timber, 10,830 props-Mitshel, Pedersen, & Co."
18890330p.345_p001.txt,106,Veranda,Rowntrees,GRIMSBY,Christiansand,,23,Feb,1889,30,March,1889,False,condensed,0.9,"Veranda-Rowntrees-Christiansand-5,859 battens, 180 props-E. A. Casper & Co."
18890330p.345_p001.txt,108,Albert,Rotterdam,GRIMSBY,"2,444 bdls. hoops",,23,Feb,1889,30,March,1889,True,condensed,0.9,"Albert (s)-Rotterdam - 2,444 bdls. hoops-Order"
18890330p.345_p001.txt,109,Hero,Gothenburg,GRIMSBY,"2,642 props-Wilson, Sons, & Co. 3,400 props-Haagensen, Watt, & Co. ; 700 bdls. laths-Order","Wilson, Sons, & Co.",23,Feb,1889,30,March,1889,True,condensed,0.9,"23 Hero (s)-Gothenburg-2,642 props-Wilson, Sons, & Co. ; 3,400 props-Haagensen, Watt, & Co. ; 700 bdls. laths-Order"
18890330p.345_p001.txt,110,Antilla,Arendal,GRIMSBY,"53 fms. firewood, 1,170 pcs. round timber, 693 pit props",,23,Feb,1889,30,March,1889,False,condensed,0.9,"Antilla-Arendal-53 fms. firewood, 1,170 pcs. round timber, 693 pit props-Order"
18890330p.345_p001.txt,111,T. Wilson,Trieste,GRIMSBY,"50 bls. wood-Wilson, Sons, & Co. from Fiume-866 pcs.oak-Order","Wilson, Sons, & Co.",23,Feb,1889,30,March,1889,True,condensed,0.9,"T. Wilson (s)-Trieste-50 bls. wood-Wilson, Sons, & Co. ; from Fiume-866 pcs.oak-Order"
18890330p.345_p001.txt,112,Santiago,New York,GRIMSBY,"632 pcs. wood, 900 staves-Wilson, Sons, & Co. 2,850 pcs. oak -Order","Wilson, Sons, & Co.",23,Feb,1889,30,March,1889,True,condensed,0.9,"Santiago (s)-New York-632 pcs. wood, 900 staves-Wilson, Sons, & Co. ; 2,850 pcs. oak -Order"
18890330p.345_p001.txt,113,Presto,Arendal,GRIMSBY,"987 pcs. square timber, 573 props",,26,Feb,1889,30,March,1889,False,condensed,0.9,"26 Presto-Arendal-987 pcs. square timber, 573 props-Order"
18890330p.345_p001.txt,114,Romeo,Gothenburg,GRIMSBY,"24 doors, 2,100 battens-Wilson, Sons, & Co. 3,800 props-H. Smith & Co.","Wilson, Sons, & Co.",26,Feb,1889,30,March,1889,True,condensed,0.9,"Romeo (s)-Gothenburg-24 doors, 2,100 battens-Wilson, Sons, & Co. ; 3,800 props-H. Smith & Co."
18890330p.345_p001.txt,115,Angelo,Christiania,GRIMSBY,"4,236 bdls. boards-Wilson, Sons, & Co. 383 deals, 682 props -Heaven & Kesterton","Wilson, Sons, & Co.",26,Feb,1889,30,March,1889,True,condensed,0.9,"Angelo (s)-Christiania-4,236 bdls. boards-Wilson, Sons, & Co. ; 383 deals, 682 props -Heaven & Kesterton"
18890330p.345_p001.txt,116,Argo,Drontheim,GRIMSBY,418 deals-Thornham & Co. 696 deals-Tealby & Co.,Thornham & Co.,26,Feb,1889,30,March,1889,True,condensed,0.9,Argo (s)-Drontheim-418 deals-Thornham & Co. ; 696 deals-Tealby & Co.
18890330p.345_p001.txt,118,Oausel,Savannah,LIVERPOOL,"8,000 wo.-staves-Order",staves-Order,26,Feb,1889,30,March,1889,False,condensed,0.9,"Oausel-Savannah-8,000 wo.-staves-Order"
18890330p.345_p001.txt,119,Ousel,Rotterdam,LIVERPOOL,"28 pkgs. firewood headings, 1,760 bdls. hoops",,26,Feb,1889,30,March,1889,True,condensed,0.9,"Ousel (s)-Rotterdam-28 pkgs. firewood headings, 1,760 bdls. hoops-Order"
18890330p.345_p002.txt,2,Juno,Gothenburg,LIVERPOOL,"4,766 pit props, 9,063 pit poles, 3,168 pcs. mining timber",,26,Feb,1889,30,March,1889,True,condensed,0.9,"22 Juno (s)-Gothenburg-4,766 pit props, 9,063 pit poles, 3,168 pcs. mining timber"
18890330p.345_p002.txt,3,Sleipner,Gothenburg,LIVERPOOL,"4,742 pit props, 29,629 pit props, 2,107 pcs. mining timber-Osbeck & Co. 1,000 bdls. laths H. Brown & Sons; 22,417 staves-Order",Osbeck & Co.,26,Feb,1889,30,March,1889,True,condensed,0.9,"Sleipner (s)-Gothenburg-4,742 pit props, 29,629 pit props, 2,107 pcs. mining timber-Osbeck & Co.; 1,000 bdls. laths H. Brown & Sons; 22,417 staves-Order"
18890330p.345_p002.txt,4,Gaditano,New Orleans,LIVERPOOL,"1,500 staves",,26,Feb,1889,30,March,1889,True,condensed,0.9,"Gaditano (s)-New Orleans-1,500 staves-Order"
18890330p.345_p002.txt,5,Wyoming,New York,LIVERPOOL,"86 crts. rollers, qty. hhd. staves, 1,200 staves-Hattley Hay 35 cs. handles-A. Field & Co.; 84 cs. shuttle blocks, 1,193 bdls. and 900 staves, 1 cs. oars-Order",Hattley Hay,26,Feb,1889,30,March,1889,True,condensed,0.9,"Wyoming (s)-New York-86 crts. rollers, qty. hhd. staves, 1,200 staves-Hattley Hay; 35 cs. handles-A. Field & Co.; 84 cs. shuttle blocks, 1,193 bdls. and 900 staves, 1 cs. oars-Order"
18890330p.345_p002.txt,6,Nessmore,Baltimore,LIVERPOOL,"440 pcs. oak, 491 pcs. oak strips-R. Coltart & Co. 297 pcs. oak-Potts & Redhead; 631 pcs. oak, 204 wo. 1,145 pcs. oak-E. Alcott; 17,624 staves-Farnworth & Jardine; 90 crts. shuttle blocks-Irvin & Sellers; 498 pcs. oak-Order",R. Coltart & Co.,26,Feb,1889,30,March,1889,True,condensed,0.9,"Nessmore (s)-Baltimore-440 pcs. oak, 491 pcs. oak strips-R. Coltart & Co.; 297 pcs. oak-Potts & Redhead; 631 pcs. oak, 204 wo. 1,145 pcs. oak-E. Alcott; 17,624 staves-Farnworth & Jardine; 90 crts. shuttle blocks-Irvin & Sellers; 498 pcs. oak-Order"
18890330p.345_p002.txt,7,City of Berlin,New York,LIVERPOOL,"3,600 pcs. lumber-Hattley Hay",Hattley Hay,26,Feb,1889,30,March,1889,True,condensed,0.9,"City of Berlin (s)-New York-3,600 pcs. lumber-Hattley Hay"
18890330p.345_p002.txt,8,Adriatic,New York,LIVERPOOL,"2,300 pcs. lumber-Whiteside, Johns, & Co. 1,300 staves-Hattley Hay","Whiteside, Johns, & Co.",26,Feb,1889,30,March,1889,True,condensed,0.9,"Adriatic (s)-New York-2,300 pcs. lumber-Whiteside, Johns, & Co.; 1,300 staves-Hattley Hay"
18890330p.345_p002.txt,9,Strabo,New York,LIVERPOOL,"3,402 maple lumber",,26,Feb,1889,30,March,1889,True,condensed,0.9,"Strabo (s)-New York-3,402 maple lumber-Order"
18890330p.345_p002.txt,10,Equator,Pensacola,LIVERPOOL,"2,080 sawn ppe. 10,127 510 ppe. deals-Harrison, Robinson, & Co.","Harrison, Robinson, & Co.",26,Feb,1889,30,March,1889,False,condensed,0.9,"Equator-Pensacola-2,080 sawn ppe. 10,127 510 ppe. deals-Harrison, Robinson, & Co."
18890330p.345_p002.txt,11,Venetian,Boston,LIVERPOOL,"8,734 staves-Hattley Hay 6 cs. spokes-G. Shillitoe",Hattley Hay,25,Feb,1889,30,March,1889,True,condensed,0.9,"25 Venetian (s)-Boston-8,734 staves-Hattley Hay; 6 cs. spokes-G. Shillitoe"
18890330p.345_p002.txt,12,Iowa,Boston,LIVERPOOL,"3,720 staves-Hattley Hay",Hattley Hay,25,Feb,1889,30,March,1889,True,condensed,0.9,"Iowa (s)-Boston-3,720 staves-Hattley Hay"
18890330p.345_p002.txt,13,Nymph,Fredrikstad,LIVERPOOL,"15,023 boards, 1,000 bdls. laths",,25,Feb,1889,30,March,1889,False,condensed,0.9,"Nymph-Fredrikstad-15,023 boards, 1,000 bdls. laths-Order"
18890330p.345_p002.txt,14,Brodersen Elverhoe,Porsgrund,LIVERPOOL,"29,769 props Order",,25,Feb,1889,30,March,1889,False,condensed,0.9,"Brodersen Elverhoe-Porsgrund-29,769 props Order"
18890330p.345_p002.txt,17,Harmonie,Laurvig,LIVERPOOL,"7,778 chocks, 3,271 poles, 15,024 props",,25,Feb,1889,30,March,1889,False,condensed,0.9,"Harmonie-Laurvig-7,778 chocks, 3,271 poles, 15,024 props-Order"
18890330p.345_p002.txt,18,British Prince,Philadelphia,LIVERPOOL,"1,363 pcs. oak lumber, 9,125 staves",,26,Feb,1889,30,March,1889,True,condensed,0.9,"26 British Prince (s)-Philadelphia-1,363 pcs. oak lumber, 9,125 staves-Order"
18890330p.345_p002.txt,19,Runic,New York,LIVERPOOL,"682 bdls hoops-Hattley Hay 6,863 pcs. lumber-Whiteside, Johns, & Co.; 1,252 pcs. oak lumber-Churchill & Sim; 9 logs wood, 1,800 staves, 11 cs. handles-Order",Hattley Hay,26,Feb,1889,30,March,1889,True,condensed,0.9,"Runic (s)-New York-682 bdls hoops-Hattley Hay; 6,863 pcs. lumber-Whiteside, Johns, & Co.; 1,252 pcs. oak lumber-Churchill & Sim; 9 logs wood, 1,800 staves, 11 cs. handles-Order"
18890330p.345_p002.txt,20,Norman,Savannah,LIVERPOOL,"8,546 wo. staves",,26,Feb,1889,30,March,1889,False,condensed,0.9,"Norman-Savannah-8,546 wo. staves-Order"
18890330p.345_p002.txt,21,Sarnia,Portland,LIVERPOOL,"379 maple blocks-J. Gordon 240 pcs. maple timber-W. Glasier & Co.; 2,695 blocks-S. Mitchell; 504 spruce deals-Order; from Halifax-47 cs. spools-D. B. Lawson & Co.",J. Gordon,27,Feb,1889,30,March,1889,False,condensed,0.9,"27 Sarnia-Portland-379 maple blocks-J. Gordon; 240 pcs. maple timber-W. Glasier & Co.; 2,695 blocks-S. Mitchell; 504 spruce deals-Order; from Halifax-47 cs. spools-D. B. Lawson & Co."
18890330p.345_p002.txt,22,Lake Ontario,New York,LIVERPOOL,"5 cs. spokes-Remer, Nowell, & Co. 66 cs. spokes-Welsh & Lea; 8,233 pcs. lumber-Wade & Todd","Remer, Nowell, & Co.",27,Feb,1889,30,March,1889,True,condensed,0.9,"Lake Ontario (s)-New York-5 cs. spokes-Remer, Nowell, & Co.; 66 cs. spokes-Welsh & Lea; 8,233 pcs. lumber-Wade & Todd"
18890330p.345_p002.txt,26,Julius Caesar,Gothenburg,LIVERPOOL,"556 battens, 100 bdls. laths-With, Webster, & Co. 517 no. 469 bdls. weather, and 5,258 planed boards, 662 planed deals-Berner & Nielsen; 336 pcs. timber-Patent Lath-Splint Match Co.; 12 sprits-Gill & Son; 4,678 props, 335 doz. deals-Order","With, Webster, & Co.",27,Feb,1889,30,March,1889,True,condensed,0.9,"Julius Caesar (s)-Gothenburg-556 battens, 100 bdls. laths-With, Webster, & Co.; 517 no. 469 bdls. weather, and 5,258 planed boards, 662 planed deals-Berner & Nielsen; 336 pcs. timber-Patent Lath-Splint Match Co.; 12 sprits-Gill & Son; 4,678 props, 335 doz. deals-Order"
18890330p.345_p002.txt,26,Patent,Lath,LIVERPOOL,"Splint Match Co.; 12 sprits-Gill & Son 4,678 props, 335 doz. deals-Order",Gill & Son,27,Feb,1889,30,March,1889,False,condensed,0.9,"Patent Lath-Splint Match Co.; 12 sprits-Gill & Son; 4,678 props, 335 doz. deals-Order"
18890330p.345_p002.txt,29,Ambassador,Odessa,LIVERPOOL,106 logs oak-G. F. Neame & Co.,G. F. Neame & Co.,26,Feb,1889,30,March,1889,True,condensed,0.9,26 Ambassador (s)-Odessa-106 logs oak-G. F. Neame & Co.
18890330p.345_p002.txt,31,General Gordon,Melbourne,LONDON DOCKS,"3,000 red gum blocks Order",,26,Feb,1889,30,March,1889,False,condensed,1.0,"General Gordon-Melbourne-3,000 red gum blocks Order"
18890330p.345_p002.txt,33,Lines Bros.,Sannesund,LONDON DOCKS,231 fms. firewood-Lines Bros.,Lines Bros.,26,Feb,1889,30,March,1889,False,condensed,1.0,Lines Bros.-Sannesund-231 fms. firewood-Lines Bros.
18890330p.345_p002.txt,35,Denmark,New York,LIVERPOOL (LONDON DOCKS),"192 bdls. handles-J. G. Rollins & Co. 3 bxs. lumber-Hillier Organ Co.; 50 cs. spokes, 2 cs., 27 crts. hubs-Order",J. G. Rollins & Co.,26,Feb,1889,30,March,1889,True,condensed,0.9,"Denmark (s)-New York-192 bdls. handles-J. G. Rollins & Co.; 3 bxs. lumber-Hillier Organ Co.; 50 cs. spokes, 2 cs., 27 crts. hubs-Order"
18890330p.345_p002.txt,37,Glenorchy,New Orleans,TILBURY DOCKS,"1,200 staves Order",,26,Feb,1889,30,March,1889,True,condensed,1.0,"Glenorchy (s)-New Orleans-1,200 staves Order"
18890330p.345_p002.txt,39,Blanche,Dunkirk,TILBURY DOCKS,315 pcs. wood,,26,Feb,1889,30,March,1889,False,condensed,1.0,Blanche-Dunkirk-315 pcs. wood-Order
18890330p.345_p002.txt,41,Gannet,Bordeaux,LIVERPOOL (TILBURY DOCKS),"1,000 bdls. wood hoops Order",,26,Feb,1889,30,March,1889,True,condensed,0.9,"Gannet (s)-Bordeaux-1,000 bdls. wood hoops Order"
18890330p.345_p002.txt,43,Benbow,Rotterdam,LIVERPOOL (TILBURY DOCKS),"5,000 gun",,26,Feb,1889,30,March,1889,True,condensed,0.9,"Benbow (s)-Rotterdam-5,000 gun-stocks, 1,700 poles Order"
18890330p.345_p002.txt,45,Industrie,Bremen,LIVERPOOL (TILBURY DOCKS),"2,557 planks beech wood",,26,Feb,1889,30,March,1889,False,condensed,0.9,"Industrie-Bremen-2,557 planks beech wood-Order"
18890330p.345_p002.txt,47,Granton,Hambro,LIVERPOOL (TILBURY DOCKS),"3,519 pcs. wood",,26,Feb,1889,30,March,1889,True,condensed,0.9,"Granton (s)-Hambro-3,519 pcs. wood-Order"
18890330p.345_p002.txt,48,Ophelia,Hambro',LIVERPOOL (TILBURY DOCKS),"3 pcs., 599 pkgs. wood",,26,Feb,1889,30,March,1889,True,condensed,0.9,"Ophelia (s)-Hambro'-3 pcs., 599 pkgs. wood-Order"
18890330p.345_p002.txt,50,Jeune France,Port Launay,LIVERPOOL (TILBURY DOCKS),"192 lds. pitwood-Neville, Druce, & Co.","Neville, Druce, & Co.",26,Feb,1889,30,March,1889,False,condensed,0.9,"Jeune France-Port Launay-192 lds. pitwood-Neville, Druce, & Co."
18890330p.345_p002.txt,52,Melanie,Fredrikshald,LIVERPOOL (TILBURY DOCKS),"41,375 fir boards-St. John Hunt & Co.",St. John Hunt & Co.,26,Feb,1889,30,March,1889,False,condensed,0.9,"Melanie-Fredrikshald-41,375 fir boards-St. John Hunt & Co."
18890330p.345_p002.txt,54,Lily,St. Malo,NEWPORT,240 lds. pit props-Newport Pitwood Co.,Newport Pitwood Co.,26,Feb,1889,30,March,1889,False,condensed,1.0,Lily-St. Malo-240 lds. pit props-Newport Pitwood Co.
18890330p.345_p002.txt,55,Elie,Vannes,NEWPORT,190 lds. pitwood-Newport Pitwood Co.,Newport Pitwood Co.,26,Feb,1889,30,March,1889,False,condensed,1.0,Elie-Vannes-190 lds. pitwood-Newport Pitwood Co.
18890330p.345_p002.txt,56,Theodore,Vannes,NEWPORT,250 lds. pitwood-Newport Pitwood Co.,Newport Pitwood Co.,26,Feb,1889,30,March,1889,False,condensed,1.0,Theodore-Vannes-250 lds. pitwood-Newport Pitwood Co.
18890330p.345_p002.txt,57,Galilee,Auray,NEWPORT,137 lds. pitwood-Budd & Co.,Budd & Co.,20,Feb,1889,30,March,1889,False,condensed,1.0,20 Galilee-Auray-137 lds. pitwood-Budd & Co.
18890330p.345_p002.txt,58,Arthur Jonas,Lorient,NEWPORT,"110 lds. pitwood-G. W. Jones, Heard, & Co.","G. W. Jones, Heard, & Co.",20,Feb,1889,30,March,1889,False,condensed,0.9,"Arthur Jonas-Lorient-110 lds. pitwood-G. W. Jones, Heard, & Co."
18890330p.345_p002.txt,59,Comorin,Bilbao,NEWPORT,300 lds. pitwood-A. P. Filleul & Co.,A. P. Filleul & Co.,20,Feb,1889,30,March,1889,False,condensed,0.9,Comorin-Bilbao-300 lds. pitwood-A. P. Filleul & Co.
18890330p.345_p002.txt,60,Idun,Krageroe,NEWPORT,"300 lds. mining timber-G. W. Jones, Heard, & Co.","G. W. Jones, Heard, & Co.",20,Feb,1889,30,March,1889,False,condensed,0.9,"Idun-Krageroe-300 lds. mining timber-G. W. Jones, Heard, & Co."
18890330p.345_p002.txt,61,Stanislaus Emmanuel,Roche Bernard,NEWPORT,"260 lds. pitwood-Partridge, Jones, & Co.","Partridge, Jones, & Co.",20,Feb,1889,30,March,1889,False,condensed,0.9,"Stanislaus Emmanuel-Roche Bernard-260 lds. pitwood-Partridge, Jones, & Co."
18890330p.345_p002.txt,62,Corine Aimee,Hennebont,NEWPORT,116 lds. pitwood-Budd & Co.,Budd & Co.,20,Feb,1889,30,March,1889,False,condensed,0.9,Corine Aimee-Hennebont-116 lds. pitwood-Budd & Co.
18890330p.345_p002.txt,63,Jens Nielsen,Grimstad,NEWPORT,"217 lds. mining poles, 79 lds. props-Newport Pitwood Co.",Newport Pitwood Co.,20,Feb,1889,30,March,1889,False,condensed,0.9,"Jens Nielsen-Grimstad-217 lds. mining poles, 79 lds. props-Newport Pitwood Co."
18890330p.345_p002.txt,64,Moderato,Pensaco'a,NEWPORT,"500 lds. sawn pitch pine, 19 lds. pitch pine deals-Pickford",Pickford,20,Feb,1889,30,March,1889,False,condensed,0.9,"Moderato-Pensaco'a-500 lds. sawn pitch pine, 19 lds. pitch pine deals-Pickford"
18890330p.345_p002.txt,65,Lothero Bertollo,Pensacola,NEWPORT,"802 pcs. pitch pine timber, 479 fir deals-Ford & Pickford",Ford & Pickford,21,Feb,1889,30,March,1889,False,condensed,0.9,"21 Lothero Bertollo-Pensacola-802 pcs. pitch pine timber, 479 fir deals-Ford & Pickford"
18890330p.345_p002.txt,66,Emilianne,Hennebont,NEWPORT,164 lds. pit props-Budd & Co.,Budd & Co.,21,Feb,1889,30,March,1889,False,condensed,0.9,Emilianne-Hennebont-164 lds. pit props-Budd & Co.
18890330p.345_p002.txt,67,Semiramis,Auray,NEWPORT,200 lds. pitwood-Budd,Budd,21,Feb,1889,30,March,1889,False,condensed,0.9,Semiramis-Auray-200 lds. pitwood-Budd
18890330p.345_p002.txt,68,Joseph et Marie,Hennebont,NEWPORT,160 lds. pit-wood-Budd & Co.,wood-Budd & Co.,25,Feb,1889,30,March,1889,False,condensed,0.9,25 Joseph et Marie-Hennebont-160 lds. pit-wood-Budd & Co.
18890330p.345_p002.txt,69,Lofna,Bordeaux,NEWPORT,760 lds. pitwood-Ebbw Vale Co.,Ebbw Vale Co.,25,Feb,1889,30,March,1889,False,condensed,0.9,Lofna-Bordeaux-760 lds. pitwood-Ebbw Vale Co.
18890330p.345_p002.txt,70,Samuel,Redon,NEWPORT,226 lds. pitwood-Budd & Co.,Budd & Co.,25,Feb,1889,30,March,1889,False,condensed,0.9,Samuel-Redon-226 lds. pitwood-Budd & Co.
18890330p.345_p002.txt,71,Anna Blanche,Pauillac,NEWPORT,120 lds. pitwood-J. L. Smith & Co.,J. L. Smith & Co.,25,Feb,1889,30,March,1889,False,condensed,0.9,Anna Blanche-Pauillac-120 lds. pitwood-J. L. Smith & Co.
18890330p.345_p002.txt,74,Canova,Mobile,NEWPORT,"714 pcs. pitch pine fir, 1,400 pcs. sawn fir-R. & R. Bayly",R. & R. Bayly,25,Feb,1889,30,March,1889,False,condensed,0.9,"Canova-Mobile-714 pcs. pitch pine fir, 1,400 pcs. sawn fir-R. & R. Bayly"
18890330p.345_p002.txt,76,Hercules,Fredrikstad,POOLE,"24,063 fir boards, 5,293 deals and battens, 1,503 bdls. battens-John J. Norton",John J. Norton,25,Feb,1889,30,March,1889,False,condensed,1.0,"Hercules-Fredrikstad-24,063 fir boards, 5,293 deals and battens, 1,503 bdls. battens-John J. Norton"
18890330p.345_p002.txt,79,Dovre,Hernosand,POOLE,535 lds. firewood-Robt. H. Penney,Robt. H. Penney,25,Feb,1889,30,March,1889,False,condensed,1.0,Dovre-Hernosand-535 lds. firewood-Robt. H. Penney
18890330p.345_p002.txt,80,Transit,Christiansand,POOLE,"13,599 fir scantlings-Beves & Co.",Beves & Co.,25,Feb,1889,30,March,1889,False,condensed,0.9,"25 Transit-Christiansand-13,599 fir scantlings-Beves & Co."
18890330p.345_p002.txt,83,Gote,Sunderland,POOLE,"21,840 pit props, 492 battens-Lindegreen",Lindegreen,25,Feb,1889,30,March,1889,False,condensed,0.9,"Gote-Sunderland-21,840 pit props, 492 battens-Lindegreen"
18890330p.345_p002.txt,84,Chevy Chase,Gothenburg,POOLE,"20,633 sleepers, 200 poles, 1,581 props-Mitshel, Pease & Co.","Mitshel, Pease & Co.",22,Feb,1889,30,March,1889,True,condensed,0.9,"22 Chevy Chase (s)-Gothenburg-20,633 sleepers, 200 poles, 1,581 props-Mitshel, Pease & Co."
18890330p.345_p002.txt,85,Oceola,Christiania,POOLE,"13,133 pit props-Tho. Andersen, & Co.","Tho. Andersen, & Co.",23,Feb,1889,30,March,1889,False,condensed,0.9,"23 Oceola-Christiania-13,133 pit props-Tho. Andersen, & Co."
18890330p.345_p002.txt,86,Fanny,Fredrikstad,POOLE,"2,140 pit props, 135 sleepers-Rayner & Moller",Rayner & Moller,25,Feb,1889,30,March,1889,False,condensed,0.9,"25 Fanny-Fredrikstad-2,140 pit props, 135 sleepers-Rayner & Moller"
18890330p.345_p002.txt,88,City of Bordeaux,Brest,POOLE,90 lds. pit props-Dynevour Co.,Dynevour Co.,25,Feb,1889,30,March,1889,False,condensed,0.9,City of Bordeaux-Brest-90 lds. pit props-Dynevour Co.
18890330p.345_p002.txt,89,Aigle,Bordeaux,POOLE,70 lds. pitwood-E. Davil,E. Davil,20,Feb,1889,30,March,1889,False,condensed,0.9,20 Aigle-Bordeaux-70 lds. pitwood-E. Davil
18890330p.345_p002.txt,91,Marie Joseph,Bayonne,POOLE,150 lds. pitwood-William Davies & Co.,William Davies & Co.,22,Feb,1889,30,March,1889,False,condensed,0.9,22 Marie Joseph-Bayonne-150 lds. pitwood-William Davies & Co.
18890330p.345_p002.txt,92,Sultan,Binic,POOLE,75 lds. pitwood-Griffith Thomas,Griffith Thomas,25,Feb,1889,30,March,1889,False,condensed,0.9,25 Sultan-Binic-75 lds. pitwood-Griffith Thomas
18890330p.345_p002.txt,94,Themis,Fredrikstad,TRURO,351 lds. sawn fir-N. & J. Cummins & Bros.,N. & J. Cummins & Bros.,25,Feb,1889,30,March,1889,False,condensed,1.0,Themis-Fredrikstad-351 lds. sawn fir-N. & J. Cummins & Bros.
18890330p.345_p002.txt,96,Helena,Fredrikstad,TRURO,"34,900 flooring boards-T. & C. Martin",T. & C. Martin,25,Feb,1889,30,March,1889,False,condensed,1.0,"Helena-Fredrikstad-34,900 flooring boards-T. & C. Martin"
18890330p.345_p002.txt,97,Christian Scriver,Halifax,TRURO,"16,870 deals-Wm. Graham",Wm. Graham,25,Feb,1889,30,March,1889,False,condensed,1.0,"25 Christian Scriver-Halifax-16,870 deals-Wm. Graham"
18890330p.345_p002.txt,98,Vanadis,Drammen,DUBLIN,"40,575 boards-Martin",Martin,26,Feb,1889,30,March,1889,False,condensed,0.9,"26 Vanadis-Drammen-40,575 boards-Martin"
18890330p.345_p002.txt,100,Agenoria,Fredrikstad,DUBLIN,"43,570 fir boards-Cox Bros.",Cox Bros.,26,Feb,1889,30,March,1889,False,condensed,0.9,"Agenoria-Fredrikstad-43,570 fir boards-Cox Bros."
18890406p.362_p001.txt,7,Tnade Tarabochia,"Halifax, N.S.",FULLY SECURED,"21,769 deals-The Exors. of W. Gradwell",The Exors. of W. Gradwell,26,Feb,1889,6,April,1889,False,condensed,0.9,"Tnade Tarabochia-Halifax, N.S.—21,769 deals-The Exors. of W. Gradwell"
18890406p.362_p001.txt,10,Glenholm,Rotterdam,BRISTOL,831 bdls. hoops,,26,Feb,1889,6,April,1889,True,condensed,0.9,Glenholm (s)-Rotterdam-831 bdls. hoops-Order
18890406p.362_p001.txt,13,Baron Hambro',Bordeaux,BRISTOL,700 lds. pitwood-Martin Berg & Co.,Martin Berg & Co.,26,Feb,1889,6,April,1889,False,condensed,0.9,Baron Hambro'-Bordeaux-700 lds. pitwood-Martin Berg & Co.
18890406p.362_p001.txt,14,Dordogne,Bordeaux,BRISTOL,"800 lds. pitwood-Watts, Ward, & Co.","Watts, Ward, & Co.",26,Feb,1889,6,April,1889,True,condensed,0.9,"Dordogne (s)-Bordeaux-800 lds. pitwood-Watts, Ward, & Co."
18890406p.362_p001.txt,15,Raymond,Bordeaux,BRISTOL,95 lds. pitwood,,26,Feb,1889,6,April,1889,False,condensed,0.9,Raymond-Bordeaux-95 lds. pitwood-Order
18890406p.362_p001.txt,16,Free Lance,Bordeaux,BRISTOL,"1,200 lds. pitwood-Simkin Bros.",Simkin Bros.,26,Feb,1889,6,April,1889,False,condensed,0.9,"Free Lance-Bordeaux-1,200 lds. pitwood-Simkin Bros."
18890406p.362_p001.txt,17,Raoul et Madeline,Carril,BRISTOL,306 lds. pitwood-A. H. Tapson & Co.,A. H. Tapson & Co.,26,Feb,1889,6,April,1889,False,condensed,0.9,Raoul et Madeline-Carril-306 lds. pitwood-A. H. Tapson & Co.
18890406p.362_p001.txt,18,Paqutto,Muros,BRISTOL,160 lds. pitwood-Manzanos,Manzanos,26,Feb,1889,6,April,1889,False,condensed,0.9,Paqutto-Muros-160 lds. pitwood-Manzanos
18890406p.362_p001.txt,19,Gironde,Bordeaux,BRISTOL,600 lds. pitwood-Simkin,Simkin,26,Feb,1889,6,April,1889,False,condensed,0.9,Gironde-Bordeaux-600 lds. pitwood-Simkin
18890406p.362_p001.txt,20,Annie,Carril,BRISTOL,250 lds. pitwood-Manzanos,Manzanos,27,Feb,1889,6,April,1889,False,condensed,0.9,27 Annie-Carril-250 lds. pitwood-Manzanos
18890406p.362_p001.txt,21,J. W. J. Murgu,Carril,BRISTOL,"300 lds. pitwood-Manzanos, Cristobal, & Co.","Manzanos, Cristobal, & Co.",27,Feb,1889,6,April,1889,False,condensed,0.9,"J. W. J. Murgu-Carril-300 lds. pitwood-Manzanos, Cristobal, & Co."
18890406p.362_p001.txt,22,Maria Assunta,Puebla,BRISTOL,"150 lds. pitwood-Manzanos, Cristobal, & Co.","Manzanos, Cristobal, & Co.",28,Feb,1889,6,April,1889,False,condensed,0.9,"28 Maria Assunta-Puebla-150 lds. pitwood-Manzanos, Cristobal, & Co."
18890406p.362_p001.txt,23,Dunluce,Bordeaux,BRISTOL,"800 lds. pitwood-Fry, Holman, & Fry","Fry, Holman, & Fry",28,Feb,1889,6,April,1889,True,condensed,0.9,"Dunluce (s)-Bordeaux-800 lds. pitwood-Fry, Holman, & Fry"
18890406p.362_p001.txt,24,Garrison,Bordeaux,BRISTOL,"900 lds. pitwood-Powley, Thomas, & Co.","Powley, Thomas, & Co.",29,Feb,1889,6,April,1889,False,condensed,0.9,"29 Garrison-Bordeaux-900 lds. pitwood-Powley, Thomas, & Co."
18890406p.362_p001.txt,25,Gwentland,Bayonne,BRISTOL,"1,250 lds. pitwood-A. Capelle",A. Capelle,30,Feb,1889,6,April,1889,False,condensed,0.9,"30 Gwentland-Bayonne-1,250 lds. pitwood-A. Capelle"
18890406p.362_p001.txt,28,Oscar,Fredrikstad,BRISTOL,"17,621 pcs. sawn fir-F. R. Bones",F. R. Bones,30,Feb,1889,6,April,1889,False,condensed,0.9,"Oscar-Fredrikstad-17,621 pcs. sawn fir-F. R. Bones"
18890406p.362_p001.txt,31,Margith,Fredrikstad,BRISTOL,180 lds. hewn fir-F. Briggs,F. Briggs,30,Feb,1889,6,April,1889,False,condensed,0.9,Margith-Fredrikstad-180 lds. hewn fir-F. Briggs
18890406p.362_p001.txt,32,Sweden,Gothenburg,BRISTOL,"10,523 deals and boards, 4,549 props, 10,780 bdls. laths-T. Barraclough",T. Barraclough,27,Feb,1889,6,April,1889,True,condensed,0.9,"27 Sweden (s)-Gothenburg-10,523 deals and boards, 4,549 props, 10,780 bdls. laths-T. Barraclough"
18890406p.362_p001.txt,33,Triton,Gothenburg,BRISTOL,"8,569 props, 997 sleepers-V. Nilsson & Co. 944 pcs. hewn fir-Pyman, Bell, & Co. ; 5,000 props-Pearson & Co. ; 24,365 props-G. Horsley & Co.; 2,500 posts-R Thubron ; 500 bdls. laths-J. Heathcott ; 2,000 bdls. laths-J. Brown & Co. ; 5,056 battens-G. Clark & Co.",V. Nilsson & Co.,28,Feb,1889,6,April,1889,True,condensed,0.9,"28 Triton (s)-Gothenburg-8,569 props, 997 sleepers-V. Nilsson & Co. ; 944 pcs. hewn fir-Pyman, Bell, & Co. ; 5,000 props-Pearson & Co. ; 24,365 props-G. Horsley & Co.; 2,500 posts-R Thubron ; 500 bdls. laths-J. Heathcott ; 2,000 bdls. laths-J. Brown & Co. ; 5,056 battens-G. Clark & Co."
18890406p.362_p001.txt,34,Luther,Oscarshamn,BRISTOL,"5,553 props-Coxon",Coxon,29,Feb,1889,6,April,1889,False,condensed,0.9,"29 Luther-Oscarshamn-5,553 props-Coxon"
18890406p.362_p001.txt,35,Valborg,Pensacola,BRISTOL,"1,641 deals-Harrison",Harrison,29,Feb,1889,6,April,1889,False,condensed,0.9,"Valborg-Pensacola-1,641 deals-Harrison"
18890406p.362_p001.txt,36,Den Gode Hen,,BRISTOL,igt Drammen,,29,Feb,1889,6,April,1889,False,condensed,0.9,Den Gode Hen-igt-Drammen-243 lds. firewood-T. Briggs
18890406p.362_p001.txt,37,Firm,Fredrikstad,BRISTOL,183 lds. firewood-Briggs,Briggs,29,Feb,1889,6,April,1889,False,condensed,0.9,Firm-Fredrikstad-183 lds. firewood-Briggs
18890406p.362_p001.txt,38,Erna,Porsgrund,BRISTOL,"1,532 pcs. square timber, 131 pcs. round timber, 1,123 props-G. Horsley & Co.",G. Horsley & Co.,29,Feb,1889,6,April,1889,False,condensed,0.9,"Erna-Porsgrund-1,532 pcs. square timber, 131 pcs. round timber, 1,123 props-G. Horsley & Co."
18890406p.362_p001.txt,41,Charkow,Libau,BRISTOL,950 pcs. birch,,29,Feb,1889,6,April,1889,True,condensed,0.9,Charkow (s)-Libau-950 pcs. birch-Order
18890406p.362_p001.txt,42,Cameo,Gothenburg,BRISTOL,"4,820 props-Haagensen, Watt, & Co. 205 bdls. laths, 116 bdls. staves-T. W. Allen ; 970 bdls. laths-North-Eastern Railway Co. ; 1,000 bdls. laths-Heaven & Kesterton ; 7,497 props, 1,000 bdls. laths-Order","Haagensen, Watt, & Co.",29,Feb,1889,6,April,1889,True,condensed,0.9,"Cameo (s)-Gothenburg-4,820 props-Haagensen, Watt, & Co. ; 205 bdls. laths, 116 bdls. staves-T. W. Allen ; 970 bdls. laths-North-Eastern Railway Co. ; 1,000 bdls. laths-Heaven & Kesterton ; 7,497 props, 1,000 bdls. laths-Order"
18890406p.362_p001.txt,43,Argyle,Pillau,BRISTOL,"4,162 rollers-Bailey & Leetham 1,766 rollers-Order",Bailey & Leetham,29,Feb,1889,6,April,1889,True,condensed,0.9,"Argyle (s)-Pillau-4,162 rollers-Bailey & Leetham ; 1,766 rollers-Order"
18890406p.362_p001.txt,44,Quito,Naples,BRISTOL,"225 pcs. wood-Wilson, Son, & Co.","Wilson, Son, & Co.",29,Feb,1889,6,April,1889,True,condensed,0.9,"Quito (s)-Naples-225 pcs. wood-Wilson, Son, & Co."
18890406p.362_p001.txt,45,Sea Gull,Rotterdam,BRISTOL,640 pkgs. hoops,,2,Feb,1889,6,April,1889,True,condensed,0.9,2 Sea Gull (s)-Rotterdam-640 pkgs. hoops-Order
18890406p.362_p001.txt,46,Romny,Libau,BRISTOL,"1,143 pcs. birchwood",,2,Feb,1889,6,April,1889,True,condensed,0.9,"Romny (s)-Libau-1,143 pcs. birchwood-Order"
18890406p.362_p001.txt,47,Rollo,Christiania,BRISTOL,"6,000 bdls. staves-Wilson, Sons, & Co. 51 spars-J. Dalton Holmes & Co. ; 511 pcs. timber-Haagensen, Watt, & Co. ; 871 battens, 888 props-Heaven & Kesterton ; 1,762 bdls. boards, 1,179 props-Order","Wilson, Sons, & Co.",2,Feb,1889,6,April,1889,True,condensed,0.9,"Rollo (s)-Christiania-6,000 bdls. staves-Wilson, Sons, & Co. ; 51 spars-J. Dalton Holmes & Co. ; 511 pcs. timber-Haagensen, Watt, & Co. ; 871 battens, 888 props-Heaven & Kesterton ; 1,762 bdls. boards, 1,179 props-Order"
18890406p.362_p001.txt,48,Martello,Boston,BRISTOL,"8,600 staves-Wilson, Sons, & Co. 83 logs-Order","Wilson, Sons, & Co.",2,Feb,1889,6,April,1889,True,condensed,0.9,"Martello (s)-Boston-8,600 staves-Wilson, Sons, & Co. ; 83 logs-Order"
18890406p.362_p001.txt,49,Livorno,Gothenburg,BRISTOL,"6,815 props-H. Smith & Co. 3,000 bdls. laths-Order",H. Smith & Co.,2,Feb,1889,6,April,1889,True,condensed,0.9,"Livorno (s)-Gothenburg-6,815 props-H. Smith & Co. ; 3,000 bdls. laths-Order"
18890406p.362_p001.txt,52,Carolina,New Orleans,LIVERPOOL,"2,400 staves",,2,Feb,1889,6,April,1889,True,condensed,0.9,"Carolina (s)-New Orleans-2,400 staves-Order"
18890406p.362_p001.txt,53,Maiden City,"St. John, N.B.",LIVERPOOL,"20,876 deals, 26 scantlings, 2,329 deal ends",,2,Feb,1889,6,April,1889,False,condensed,0.9,"Maiden City-St. John, N.B.-20,876 deals, 26 scantlings, 2,329 deal ends-Order"
18890406p.362_p001.txt,54,City of New York,New York,LIVERPOOL,"1,200 staves",,2,Feb,1889,6,April,1889,True,condensed,0.9,"City of New York (s)-New York-1,200 staves-Order"
18890406p.362_p001.txt,55,Ivanhoe,Rotterdam,LIVERPOOL,"7,160 bdls. hoops",,2,Feb,1889,6,April,1889,True,condensed,0.9,"Ivanhoe (s)-Rotterdam-7,160 bdls. hoops-Order"
18890406p.362_p001.txt,56,Arizona,New York,LIVERPOOL,"649 oars, 9 cs. spokes",,2,Feb,1889,6,April,1889,True,condensed,0.9,"Arizona (s)-New York-649 oars, 9 cs. spokes-Order"
18890406p.362_p001.txt,57,Oranmore,Baltimore,LIVERPOOL,"8,000 hhd. staves-Hattley Hay 471 oak planks-Beer & Co. ; 346 pcs. oak lumber-R. Coltart & Co. ; 2,177 w.o. planks, 605 pcs. oak lumber, 487 ppe. staves, 98 cs. shuttle blocks-Order",Hattley Hay,2,Feb,1889,6,April,1889,True,condensed,0.9,"Oranmore (s)-Baltimore-8,000 hhd. staves-Hattley Hay ; 471 oak planks-Beer & Co. ; 346 pcs. oak lumber-R. Coltart & Co. ; 2,177 w.o. planks, 605 pcs. oak lumber, 487 ppe. staves, 98 cs. shuttle blocks-Order"
18890406p.362_p001.txt,58,Helvetia,New York,LIVERPOOL,"18 cs. handles, 409 bdls. scythe snaths, 500 staves, 10 cs. blind rollers",,2,Feb,1889,6,April,1889,True,condensed,0.9,"Helvetia (s)-New York-18 cs. handles, 409 bdls. scythe snaths, 500 staves, 10 cs. blind rollers-Order"
18890406p.362_p001.txt,61,Italy,New York,LIVERPOOL,"500 staves, 560 bdls. cooperage",,2,Feb,1889,6,April,1889,True,condensed,0.9,"Italy (s)-New York-500 staves, 560 bdls. cooperage-Order"
18890406p.362_p001.txt,62,Palmyra,Boston,LIVERPOOL,"5,600 staves-Drysdale Bros. 133 bdls. shooks-Crowther Bros.",Drysdale Bros.,2,Feb,1889,6,April,1889,True,condensed,0.9,"Palmyra (s)-Boston-5,600 staves-Drysdale Bros. ; 133 bdls. shooks-Crowther Bros."
18890406p.362_p001.txt,63,Olga,Risoer,LIVERPOOL,"3,868 pcs. mining timber, 616 props-Brodersen, Vaughan, & Co.","Brodersen, Vaughan, & Co.",2,Feb,1889,6,April,1889,True,condensed,0.9,"Olga (s)-Risoer-3,868 pcs. mining timber, 616 props-Brodersen, Vaughan, & Co."
18890406p.362_p001.txt,64,Andean,New Orleans,LIVERPOOL,"3,600 staves",,2,Feb,1889,6,April,1889,True,condensed,0.9,"Andean (s)-New Orleans-3,600 staves-Order"
18890406p.362_p001.txt,65,Historian,New Orleans,LIVERPOOL,989 staves-Drysdale Bros.,Drysdale Bros.,30,Feb,1889,6,April,1889,True,condensed,0.9,30 Historian (s)-New Orleans-989 staves-Drysdale Bros.
18890406p.362_p001.txt,66,Victoria,New York,LIVERPOOL,"38 brls. bungs, 1,043 bdls. staves",,30,Feb,1889,6,April,1889,True,condensed,0.9,"Victoria (s)-New York-38 brls. bungs, 1,043 bdls. staves-Order"
18890406p.362_p001.txt,67,Heraclides,Mobile,LIVERPOOL,"1,146 oak staves, 78 pcs. oak timber-Price & Pierce 3,043 oak staves-Order",Price & Pierce,30,Feb,1889,6,April,1889,True,condensed,0.9,"Heraclides (s)-Mobile-1,146 oak staves, 78 pcs. oak timber-Price & Pierce ; 3,043 oak staves-Order"
18890406p.362_p001.txt,68,Britannic,New York,LIVERPOOL,"5,250 pcs. lumber-Whiteside, Johns, & Co. 500 butt staves-Hattley Hay ; 50 bdls. handles, 13 cs. spokes-Order","Whiteside, Johns, & Co.",30,Feb,1889,6,April,1889,True,condensed,0.9,"Britannic (s)-New York-5,250 pcs. lumber-Whiteside, Johns, & Co. ; 500 butt staves-Hattley Hay ; 50 bdls. handles, 13 cs. spokes-Order"
18890406p.362_p001.txt,69,Alma,Drammen,LIVERPOOL,"67,160 planed boards, 1,042 poles-Lyon & Kendall",Lyon & Kendall,30,Feb,1889,6,April,1889,False,condensed,0.9,"Alma-Drammen-67,160 planed boards, 1,042 poles-Lyon & Kendall"
18890406p.362_p001.txt,70,Erato,Skien,LIVERPOOL,"7,899 mining poles, 1,104 props",,30,Feb,1889,6,April,1889,False,condensed,0.9,"Erato-Skien-7,899 mining poles, 1,104 props-Order"
18890406p.362_p001.txt,71,Niceto,New Orleans,LIVERPOOL,"1,200 staves",,30,Feb,1889,6,April,1889,True,condensed,0.9,"Niceto (s)-New Orleans-1,200 staves-Order"
18890406p.362_p001.txt,72,Sicilia,Norfolk,LIVERPOOL,4 m. staves-Farnworth,Farnworth,30,Feb,1889,6,April,1889,True,condensed,0.9,Sicilia (s)-Norfolk-4 m. staves-Farnworth
18890406p.362_p001.txt,73,Circassian,Portland,LIVERPOOL,"200 cs. splints-W. J. Morgan & Co. 334 maple blocks-J. Gordon ; 410 maple blocks-W. Hutton ; 153 cs. splints-Collard, Kendall, & Co. ; 581 pcs. maple timber, 343 maple blocks-Order ; from Halifax-15 cs. spokes-J. Brooks & Bros.",W. J. Morgan & Co.,30,Feb,1889,6,April,1889,True,condensed,0.9,"Circassian (s)-Portland-200 cs. splints-W. J. Morgan & Co. ; 334 maple blocks-J. Gordon ; 410 maple blocks-W. Hutton ; 153 cs. splints-Collard, Kendall, & Co. ; 581 pcs. maple timber, 343 maple blocks-Order ; from Halifax-15 cs. spokes-J. Brooks & Bros."
18890406p.362_p001.txt,74,Patrie,Risoer,LIVERPOOL,"33,597 props-Brodersen",Brodersen,30,Feb,1889,6,April,1889,False,condensed,0.9,"Patrie-Risoer-33,597 props-Brodersen"
18890406p.362_p001.txt,75,Annot Lyle,Pensacola,LIVERPOOL,"2,087 pcs. sawn pp. timber, 176 pp. deals",,30,Feb,1889,6,April,1889,False,condensed,0.9,"Annot Lyle-Pensacola-2,087 pcs. sawn pp. timber, 176 pp. deals-Order"
18890406p.362_p001.txt,76,Kansas,Boston,LIVERPOOL,"3,018 new and 200 old staves-Hattley Hay",Hattley Hay,30,Feb,1889,6,April,1889,True,condensed,0.9,"Kansas (s)-Boston-3,018 new and 200 old staves-Hattley Hay"
18890406p.362_p001.txt,77,Courier,Fredrikstad,LIVERPOOL,"112,559 staves, 32,284 bdls. sawn fir, 5 fms. firewood",,30,Feb,1889,6,April,1889,True,condensed,0.9,"Courier (s)-Fredrikstad-112,559 staves, 32,284 bdls. sawn fir, 5 fms. firewood-Order"
18890406p.362_p001.txt,78,George,"St. John, N.B.",LIVERPOOL,"1,134 scantlings, 18,775 deals and battens, 462 pcs. pine timber-Holme, Wainwright, & Co. 638 pcs. birch timber-Ellison, Murphy, & Co. ; 5,110 ends","Holme, Wainwright, & Co.",30,Feb,1889,6,April,1889,False,condensed,0.9,"St. George-St. John, N.B.-1,134 scantlings, 18,775 deals and battens, 462 pcs. pine timber-Holme, Wainwright, & Co. ; 638 pcs. birch timber-Ellison, Murphy, & Co. ; 5,110 ends"
18890406p.362_p001.txt,79,Servia,New York,LIVERPOOL,"8,025 staves",,30,Feb,1889,6,April,1889,True,condensed,0.9,"Servia (s)-New York-8,025 staves-Order"
18890406p.362_p001.txt,80,Freia,Risoer,LIVERPOOL,"7,494 pcs. mining timber, 770 props-Brodersen, Vaughan, & Co.","Brodersen, Vaughan, & Co.",30,Feb,1889,6,April,1889,False,condensed,0.9,"Freia-Risoer-7,494 pcs. mining timber, 770 props-Brodersen, Vaughan, & Co."
18890406p.362_p001.txt,81,Laupner,Laurvig,LIVERPOOL,"3,591 pcs. redwood, 63,483 whitewood boards",,30,Feb,1889,6,April,1889,False,condensed,0.9,"Laupner-Laurvig- 3,591 pcs. redwood, 63,483 whitewood boards-Order"
18890406p.362_p001.txt,82,Andrabm,"St. John, N.B.",LIVERPOOL,"22,245 deals and battens, 1,995 scantlings, 6,699 deal ends-Farnworth & Jardine 5 cs. beading-Order",Farnworth & Jardine,30,Feb,1889,6,April,1889,True,condensed,0.9,"Andrabm (s)-St. John, N.B.-22,245 deals and battens, 1,995 scantlings, 6,699 deal ends-Farnworth & Jardine ; 5 cs. beading-Order"
18890406p.362_p001.txt,83,Julius,Rotterdam,LIVERPOOL,"5,030 bdls. hoops",,30,Feb,1889,6,April,1889,True,condensed,0.9,"Julius (s)-Rotterdam-5,030 bdls. hoops-Order"
18890406p.362_p001.txt,84,Sophie,Fredrikstad,LIVERPOOL,"61,692 boards, 2,409 bdls. laths",,30,Feb,1889,6,April,1889,False,condensed,0.9,"Sophie-Fredrikstad-61,692 boards, 2,409 bdls. laths-Order"
18890406p.362_p001.txt,85,British King,Philadelphia,LIVERPOOL,"253 pcs. oak lumber-J. Kennedy & Co. 11,011 staves-Drysdale Bros. ; 31 cs. spokes-Order",J. Kennedy & Co.,30,Feb,1889,6,April,1889,True,condensed,0.9,"British King (s)-Philadelphia-253 pcs. oak lumber-J. Kennedy & Co. ; 11,011 staves-Drysdale Bros. ; 31 cs. spokes-Order"
18890406p.362_p001.txt,86,Baltimore,Baltimore,LIVERPOOL,"194 wo. planks-Bew & Co. 4,000 staves, 43 pcs. coffin oak, 127 pcs. oak lumber-R. Coltart & Co. ; 1,118 pcs., 3,391 strips, and 519 boards oak, 495 pcs. w. oak-E. Alcott ; 100 cs. shuttle blocks-E. M. Allen ; 3,320 wo. planks-Order",Bew & Co.,30,Feb,1889,6,April,1889,True,condensed,0.9,"Baltimore (s)-Baltimore-194 wo. planks-Bew & Co. ; 4,000 staves, 43 pcs. coffin oak, 127 pcs. oak lumber-R. Coltart & Co. ; 1,118 pcs., 3,391 strips, and 519 boards oak, 495 pcs. w. oak-E. Alcott ; 100 cs. shuttle blocks-E. M. Allen ; 3,320 wo. planks-Order"
18890406p.362_p001.txt,87,Egyptian,Boston,LIVERPOOL,"8,983 new staves-Hattley Hay 70 bdls. handles-Order",Hattley Hay,30,Feb,1889,6,April,1889,True,condensed,0.9,"Egyptian (s)-Boston-8,983 new staves-Hattley Hay ; 70 bdls. handles-Order"
18890406p.362_p001.txt,88,Omitania,Boston,LIVERPOOL,"264 bdls shooks-Crow Bros. 600 Canada butts, 6,000 staves-Drysdale Bros. ; 2,731 maple blocks-Order",Crow Bros.,30,Feb,1889,6,April,1889,True,condensed,0.9,"Omitania (s)-Boston-264 bdls shooks-Crow Bros. ; 600 Canada butts, 6,000 staves-Drysdale Bros. ; 2,731 maple blocks-Order"
18890406p.362_p001.txt,89,Egypt,New York,LIVERPOOL,"82 poles, 1,825 bdls. and 1,500 staves, 125 bdls. headings",,30,Feb,1889,6,April,1889,True,condensed,0.9,"Egypt (s)-New York-82 poles, 1,825 bdls. and 1,500 staves, 125 bdls. headings-Order"
18890406p.362_p001.txt,94,Alexandra,Fredrikstad,LONDON,"73,483 flooring boards",,30,Feb,1889,6,April,1889,False,condensed,0.9,"Alexandra-Fredrikstad-73,483 flooring boards-Order"
18890406p.362_p001.txt,95,Emma,Laurvig,LONDON,"5,870 pcs. whitewood, 7,787 planed boards-Simson & Mason",Simson & Mason,30,Feb,1889,6,April,1889,False,condensed,0.9,"Emma-Laurvig-5,870 pcs. whitewood, 7,787 planed boards-Simson & Mason"
18890406p.362_p001.txt,96,Oppian,Fredrikshald,LONDON,308 fms. firewood,,30,Feb,1889,6,April,1889,False,condensed,0.9,Oppian-Fredrikshald-308 fms. firewood-Order
18890406p.362_p001.txt,98,Humphreys,Fredrikstad,LONDON,"189 fms. firewood-With, Webster, & Co.","With, Webster, & Co.",30,Feb,1889,6,April,1889,False,condensed,0.9,"Humphreys-Fredrikstad-189 fms. firewood-With, Webster, & Co."
18890406p.362_p001.txt,101,New,York,LONDON,"614 pcs. oak B. F. Dowdeswell ; 186 boards-C. Hofferbarth 292 pcs. lumber-Churchill & Sim ; 20 bxs. lumber-Cameron, Amberg, & Co. ; 1,200 bdls. staves-W. Hay ; 1,939 no. staves-Churchill & Co. ; 1,939 staves, 2,529 bdls. cooperage-Order",C. Hofferbarth,30,Feb,1889,6,April,1889,False,condensed,0.9,"New York-614 pcs. oak B. F. Dowdeswell ; 186 boards-C. Hofferbarth ; 292 pcs. lumber-Churchill & Sim ; 20 bxs. lumber-Cameron, Amberg, & Co. ; 1,200 bdls. staves-W. Hay ; 1,939 no. staves-Churchill & Co. ; 1,939 staves, 2,529 bdls. cooperage-Order"
18890406p.362_p001.txt,102,Albano,Christiania,LONDON,"407 bgs. brush backs-J. Keen 100 pcs. wood, 10,876 boards-Churchill & Sim ; 19.871 boards-Order",J. Keen,30,Feb,1889,6,April,1889,True,condensed,0.9,"Albano (s)-Christiania-407 bgs. brush backs-J. Keen ; 100 pcs. wood, 10,876 boards-Churchill & Sim ; 19.871 boards-Order"
18890406p.362_p001.txt,105,MISSING_FROM_OCR,Gothenburg,LONDON,"600 doors-W. R. Crow & Son 400 doors-Ridley & Sons ; 2,000 bdls. laths-Foy, Morgan, & Co. ; 8 bgs., 45 pkgs. turned wood-Uloth & Co. ; 19 pkgs. turned wood-Mandell & Co. ; 722 pkgs. joinery-J. Sandell & Co. ; 511 pkgs. joinery-Hunt & Co.",W. R. Crow & Son,30,Feb,1889,6,April,1889,False,condensed,0.9,"Gothenburg-600 doors-W. R. Crow & Son ; 400 doors-Ridley & Sons ; 2,000 bdls. laths-Foy, Morgan, & Co. ; 8 bgs., 45 pkgs. turned wood-Uloth & Co. ; 19 pkgs. turned wood-Mandell & Co. ; 722 pkgs. joinery-J. Sandell & Co. ; 511 pkgs. joinery-Hunt & Co."
18890406p.362_p001.txt,106,Albert Edward,Gothenburg,LONDON,"276 bdls. mouldings, 94 bdls. broom handles, 2,000 bdls. laths-Foy, Morgan, & Co. 30 fms. firewood, 50 stds. flooring, 261 doz. battens, 2,900 bdls. laths, 150 prs. oars, 13 spars-Order","Foy, Morgan, & Co.",2,Feb,1889,6,April,1889,True,condensed,0.9,"2 Albert Edward (s)-Gothenburg-276 bdls. mouldings, 94 bdls. broom handles, 2,000 bdls. laths-Foy, Morgan, & Co. ; 30 fms. firewood, 50 stds. flooring, 261 doz. battens, 2,900 bdls. laths, 150 prs. oars, 13 spars-Order"
18890406p.362_p001.txt,107,Zaire,Trieste,LONDON,"2,104 oak planks-G. Pagan 16,000 oak staves-G. M. de Amicis ; from Fiume-101 logs, 903 boards oak-Order",G. Pagan,2,Feb,1889,6,April,1889,True,condensed,0.9,"Zaire (s)-Trieste-2,104 oak planks-G. Pagan ; 16,000 oak staves-G. M. de Amicis ; from Fiume-101 logs, 903 boards oak-Order"
18890406p.362_p001.txt,108,Telesto,Gothenburg,LONDON,"42,966 boards, 3,561 battens-H. Clarkson & Co. 791 pcs. round timber-Patent Lath Match Co. ; 991 doz. deals and battens, 4,500 props-Order",H. Clarkson & Co.,3,Feb,1889,6,April,1889,True,condensed,0.9,"3 Telesto (s)-Gothenburg-42,966 boards, 3,561 battens-H. Clarkson & Co. ; 791 pcs. round timber-Patent Lath Match Co. ; 991 doz. deals and battens, 4,500 props-Order"
18890406p.362_p001.txt,111,Mars,Fredrikshald,LONDON,"92 fms. firewood-With, Webster, & Co. 133 fms. firewood-Order","With, Webster, & Co.",3,Feb,1889,6,April,1889,False,condensed,0.9,"Mars-Fredrikshald-92 fms. firewood-With, Webster, & Co. ; 133 fms. firewood-Order"
18890406p.362_p001.txt,112,Jason,Astoria,LONDON,253 fms. firewood,,29,Feb,1889,6,April,1889,False,condensed,0.9,29 Jason-Astoria-253 fms. firewood-Order
18890406p.362_p001.txt,115,Basse Indre,Baltimore,LONDON,"121 bdls. wood, 38,128 pcs, 454 staves, 523 pcs., 141 cs.",,29,Feb,1889,6,April,1889,True,condensed,0.9,"Basse Indre (s)-Baltimore-121 bdls. wood, 38,128 pcs, 454 staves, 523 pcs., 141 cs.-Order"
18890406p.362_p001.txt,116,Ellen Lines,Fredriksstad,LONDON,"32,943 pit props-Lines Bros.",Lines Bros.,29,Feb,1889,6,April,1889,False,condensed,0.9,"Ellen Lines-Fredriksstad-32,943 pit props-Lines Bros."
18890406p.362_p001.txt,119,Lanerdale,Gothenburg,TILBURY DOCKS,"147 wo. mouldings, 7 logs firewood, 1 sample wood door-J. Webster 3,000 bdls. lumber, 3,000 bdls. lumber in tr.-Order",J. Webster,29,Feb,1889,6,April,1889,True,condensed,1.0,"Lanerdale (s)-Gothenburg-147 wo. mouldings, 7 logs firewood, 1 sample wood door-J. Webster ; 3,000 bdls. lumber, 3,000 bdls. lumber in tr.-Order"
18890406p.362_p001.txt,122,Stockholm City,Stockholm,TILBURY DOCKS,"20 lds. splints-Bryant & May from Ilmen-143 lds. pit hubs, 4 cs. spokes-W. W. Howard & Co. ; 101 bdls. handles, 462 pcs. pine timber-Holme, Wainwright, & Co.",Bryant & May,29,Feb,1889,6,April,1889,True,condensed,1.0,"Stockholm City (s)-Stockholm-20 lds. splints-Bryant & May ; from Ilmen-143 lds. pit hubs, 4 cs. spokes-W. W. Howard & Co. ; 101 bdls. handles, 462 pcs. pine timber-Holme, Wainwright, & Co."
18890406p.362_p001.txt,125,Falcon,Amsterdam,LONDON (TILBURY DOCKS),116 pcs. wood,,29,Feb,1889,6,April,1889,True,condensed,0.9,Falcon (s)-Amsterdam-116 pcs. wood-Order
18890406p.362_p001.txt,128,Gwent,Drammen,LONDON (TILBURY DOCKS),"791,100 staves and headings-With, Webster, & Co.","With, Webster, & Co.",29,Feb,1889,6,April,1889,True,condensed,0.9,"Gwent (s)-Drammen-791,100 staves and headings-With, Webster, & Co."
18890406p.362_p001.txt,131,Helga,Drammen,GREENOCK,"571,940 staves",,29,Feb,1889,6,April,1889,False,condensed,0.9,"Helga Drammen-571,940 staves-Order"
18890406p.362_p001.txt,134,Berwick,Treport,GREENOCK,"3,500 gun stocks",,29,Feb,1889,6,April,1889,True,condensed,0.9,"Berwick (s)-Treport-3,500 gun stocks-Order"
18890406p.362_p001.txt,137,Gratitude,Fredrikstad,LYNN,"28,383 flooring boards, 450 poles-T. Stanton & Co.",T. Stanton & Co.,29,Feb,1889,6,April,1889,False,condensed,1.0,"Gratitude-Fredrikstad-28,383 flooring boards, 450 poles-T. Stanton & Co."
18890406p.362_p001.txt,140,Belle,Mobile,LYNN,"26,330 deals-Price, Walker, & Co.","Price, Walker, & Co.",29,Feb,1889,6,April,1889,False,condensed,1.0,"Belle Mobile-26,330 deals-Price, Walker, & Co."
18890406p.362_p001.txt,144,Basse Indie,Concarneau,NEWPORT,"150 lds. pitwood-G. W. Jones, Heard, & Co.","G. W. Jones, Heard, & Co.",29,Feb,1889,6,April,1889,False,condensed,1.0,"Basse Indie-Concarneau-150 lds. pitwood-G. W. Jones, Heard, & Co."
18890406p.362_p001.txt,145,Marie Therese,Douarnenez,NEWPORT,110 lds. pitwood-Budd & Co.,Budd & Co.,29,Feb,1889,6,April,1889,False,condensed,1.0,Marie Therese-Douarnenez-110 lds. pitwood-Budd & Co.
18890406p.362_p001.txt,146,Malabar,Pont l'Abbe,NEWPORT,125 lds. pitwood-Budd & Co.,Budd & Co.,30,Feb,1889,6,April,1889,False,condensed,1.0,30 Malabar-Pont l'Abbe-125 lds. pitwood-Budd & Co.
18890406p.362_p001.txt,147,Bohuscan,Gothenburg,NEWPORT,"482 lds. pitwood-Tredegar Iron and Coal Co., Lim.","Tredegar Iron and Coal Co., Lim.",30,Feb,1889,6,April,1889,False,condensed,1.0,"Bohuscan-Gothenburg-482 lds. pitwood-Tredegar Iron and Coal Co., Lim."
18890406p.362_p001.txt,148,Aigrette,Hennebont,NEWPORT,200 lds. pit props-Budd & Co.,Budd & Co.,30,Feb,1889,6,April,1889,False,condensed,0.9,Aigrette-Hennebont-200 lds. pit props-Budd & Co.
18890406p.362_p001.txt,151,Dagny,Porsgrund,NEWPORT,"1,291 telegraph poles, 881 pcs. hewn fir, 336 spars, 1,234 pcs. sawn fir-R. & R. Bayly",R. & R. Bayly,30,Feb,1889,6,April,1889,False,condensed,0.9,"Dagny-Porsgrund-1,291 telegraph poles, 881 pcs. hewn fir, 336 spars, 1,234 pcs. sawn fir-R. & R. Bayly"
18890406p.362_p001.txt,152,Deodata,Bjorneborg,NEWPORT,"12,875 pcs. sawn fir James Bros.",,30,Feb,1889,6,April,1889,False,condensed,0.9,"Deodata-Bjorneborg-12,875 pcs. sawn fir James Bros."
18890406p.362_p001.txt,155,Edvina,Christiania,NEWPORT,"17,063 fir spars-Marquis of Londonderry",Marquis of Londonderry,30,Feb,1889,6,April,1889,False,condensed,0.9,"Edvina-Christiania-17,063 fir spars-Marquis of Londonderry"
18890406p.362_p001.txt,156,Viking,Gothenburg,NEWPORT,"16,250 props, 10,990 splints-F. J. Huntley",F. J. Huntley,30,Feb,1889,6,April,1889,False,condensed,0.9,"Viking-Gothenburg-16,250 props, 10,990 splints-F. J. Huntley"
18890406p.362_p001.txt,157,Robert,Laurvig,NEWPORT,"13,877 props-Mitshel",Mitshel,30,Feb,1889,6,April,1889,False,condensed,0.9,"Robert-Laurvig-13,877 props-Mitshel"
18890406p.362_p001.txt,158,Reform,Laurvig,NEWPORT,"31,592 props-Mitshel",Mitshel,30,Feb,1889,6,April,1889,False,condensed,0.9,"Reform-Laurvig-31,592 props-Mitshel"
18890406p.362_p001.txt,159,Duen,Arendal,NEWPORT,"1,910 pcs. mining timber, 218 pit props-C. A. Casper",C. A. Casper,30,Feb,1889,6,April,1889,False,condensed,0.9,"Duen-Arendal-1,910 pcs. mining timber, 218 pit props-C. A. Casper"
18890406p.362_p001.txt,160,Esperance,Holmestrand,NEWPORT,"30,477 pit props-Rayner & Moller",Rayner & Moller,30,Feb,1889,6,April,1889,False,condensed,0.9,"Esperance-Holmestrand-30,477 pit props-Rayner & Moller"
18890406p.362_p001.txt,161,Ellida,Holmestrand,NEWPORT,"32,249 pit props-Rayner & Moller",Rayner & Moller,30,Feb,1889,6,April,1889,False,condensed,0.9,"Ellida-Holmestrand-32,249 pit props-Rayner & Moller"
18890406p.362_p001.txt,164,Edouard,Redon,NEWPORT,205 lds. pit props-Vivian & Sons,Vivian & Sons,30,Feb,1889,6,April,1889,False,condensed,0.9,Edouard-Redon-205 lds. pit props-Vivian & Sons
18890406p.362_p001.txt,165,Atlantique,Bayonne,NEWPORT,750 lds. pitwood-North's Navigation Collieries,North's Navigation Collieries,29,Feb,1889,6,April,1889,True,condensed,0.9,29 Atlantique (s)-Bayonne-750 lds. pitwood-North's Navigation Collieries
18890406p.362_p001.txt,166,Potengy,Halifax,NEWPORT,"7,331 pcs. birch, 1,793 pcs. spruce-Marcus Moxham & Co.",Marcus Moxham & Co.,29,Feb,1889,6,April,1889,False,condensed,0.9,"Potengy-Halifax-7,331 pcs. birch, 1,793 pcs. spruce-Marcus Moxham & Co."
18890406p.362_p001.txt,169,Bien,Fredrikstad,NEWPORT,"23,850 boards, 3,627 battens, 50 spars-Thomas S. Baker",Thomas S. Baker,29,Feb,1889,6,April,1889,False,condensed,0.9,"Bien-Fredrikstad-23,850 boards, 3,627 battens, 50 spars-Thomas S. Baker"
18890406p.362_p001.txt,172,MISSING_FROM_OCR,Christiania,NEWPORT,"80 lds. mining timber, 70 lds. crowntrees from Laurvig, 5 lds. firewood, 18 lds. pit props-Order ; 68 lds. deals and battens-James Scott ; 40 lds. sleepers, 70 lds. birch props, 50 lds. crowntrees, 1 ld. oars-Order",,29,Feb,1889,6,April,1889,False,condensed,0.9,"Christiania-80 lds. mining timber, 70 lds. crowntrees-Order ; from Laurvig, 5 lds. firewood, 18 lds. pit props-Order ; 68 lds. deals and battens-James Scott ; 40 lds. sleepers, 70 lds. birch props, 50 lds. crowntrees, 1 ld. oars-Order"
18890406p.362_p001.txt,173,Erin,Christiania,NEWPORT,"2,381 pit props, 1,389 spars-Hy. Wilson & Co.",Hy. Wilson & Co.,28,Feb,1889,6,April,1889,False,condensed,0.9,"28 Erin-Christiania-2,381 pit props, 1,389 spars-Hy. Wilson & Co."
18890406p.362_p001.txt,174,Rika,Gothenburg,NEWPORT,"9,249 pit props",,28,Feb,1889,6,April,1889,False,condensed,0.9,"Rika-Gothenburg-9,249 pit props-Order"
18890406p.362_p001.txt,175,Olga,Aalborg,NEWPORT,29 bdls. boards,,28,Feb,1889,6,April,1889,True,condensed,0.9,Olga (s)-Aalborg-29 bdls. boards-Order
18890406p.362_p001.txt,176,Grenadier,Rotterdam,NEWPORT,147 wo. deals,,28,Feb,1889,6,April,1889,True,condensed,0.9,Grenadier (s)-Rotterdam-147 wo. deals-Order
18890406p.362_p001.txt,177,Octa,Gothenburg,NEWPORT,20 lds. birch,,28,Feb,1889,6,April,1889,True,condensed,0.9,Octa (s)-Gothenburg-20 lds. birch-Order
18890406p.362_p001.txt,178,Hugin,Gothenburg,NEWPORT,"20 lds. birch props, 85 lds. pit props, 35 lds. mining timber, 70 lds. sleepers",,28,Feb,1889,6,April,1889,True,condensed,0.9,"Hugin (s)-Gothenburg-20 lds. birch props, 85 lds. pit props, 35 lds. mining timber, 70 lds. sleepers-Order"
18890406p.362_p001.txt,179,Prospero,Christiania,NEWPORT,"143 lds. pit timber, 82 lds. pit props, 1,018 planed boards-James Scott",James Scott,28,Feb,1889,6,April,1889,True,condensed,0.9,"Prospero (s)-Christiania-143 lds. pit timber, 82 lds. pit props, 1,018 planed boards-James Scott"
18890406p.362_p001.txt,180,Amerika,Pensacola,NEWPORT,"1,210 deals, 306 deals",,2,Feb,1889,6,April,1889,False,condensed,0.9,"2 Amerika-Pensacola-1,210 deals, 306 deals-Order"
18890406p.362_p001.txt,181,Harmine,Weener,NEWPORT,"8,404 props",,2,Feb,1889,6,April,1889,False,condensed,0.9,"Harmine-Weener-8,404 props-Order"
18890406p.362_p001.txt,182,Aurora,Mandal,NEWPORT,full and complete cargo pit props,,2,Feb,1889,6,April,1889,False,condensed,0.9,Aurora-Mandal-full and complete cargo pit props-Order
18890406p.362_p001.txt,185,Stork,Fredrikstad,NEWPORT,"23,830 lds. deals-Orfeur & Bellin.",Orfeur & Bellin.,2,Feb,1889,6,April,1889,False,condensed,0.9,"Stork-Fredrikstad-23,830 lds. deals-Orfeur & Bellin."
18890406p.362_p001.txt,189,City of Rotterdam,Rotterdam,NEWPORT,"17,641 bdls. hoops-J. C. Pinkerton",J. C. Pinkerton,2,Feb,1889,6,April,1889,False,condensed,0.9,"City of Rotterdam-Rotterdam-17,641 bdls. hoops-J. C. Pinkerton"
18890406p.362_p001.txt,190,City of Norwich,Rotterdam,NEWPORT,"14,000 bdls. hoops-J. C. Pinkerton",J. C. Pinkerton,27,Feb,1889,6,April,1889,True,condensed,0.9,"27 City of Norwich (s)-Rotterdam-14,000 bdls. hoops-J. C. Pinkerton"
18890406p.362_p001.txt,193,Ashlow,"St. John, N.B.",LONDONDERRY,"1,212 deals sawn fir-J. & J. Cooke",J. & J. Cooke,27,Feb,1889,6,April,1889,False,condensed,1.0,"Ashlow-St. John, N.B.-1,212 deals sawn fir-J. & J. Cooke"
18890406p.362_p001.txt,196,Tre Brodre,Karlshamn,SLIGO,"1,212 stds. 207,905 birch squares-M. Mc Donogh",M. Mc Donogh,27,Feb,1889,6,April,1889,False,condensed,1.0,"Tre Brodre-Karlshamn-1,212 stds. 207,905 birch squares-M. Mc Donogh"
18890406p.362_p001.txt,206,C. S. Ross &,Co.,SLIGO,"During the past four weeks there have been very few important sales. The offerings have been light, and until within the last week very little business has been done. The imports this week show a great decrease, and the quantity received for the previous four weeks, but the deliveries show no improvement, and consequently the public storage yards are heavily stocked.",,27,Feb,1889,6,April,1889,False,condensed,0.9,"C. S. Ross & Co.—During the past four weeks there have been very few important sales. The offerings have been light, and until within the last week very little business has been done. The imports this week show a great decrease, and the quantity received for the previous four weeks, but the deliveries show no improvement, and consequently the public storage yards are heavily stocked."
18890406p.362_p002.txt,2,Rika,Gothenburg,SLIGO,"9,334 battens",,27,Feb,1889,6,April,1889,False,condensed,0.9,"Rika-Gothenburg-9,334 battens-Order"
18890406p.362_p002.txt,3,Olga,Aalborg,SLIGO,29 bdls. brushwood,,27,Feb,1889,6,April,1889,True,condensed,0.9,Olga (s)-Aalborg-29 bdls. brushwood-Order
18890406p.362_p002.txt,4,Grenadier,Rotterdam,SLIGO,"1,650 bdls. wood doors-James Scott",James Scott,27,Feb,1889,6,April,1889,True,condensed,0.9,"Grenadier (s)-Rotterdam-1,650 bdls. wood doors-James Scott"
18890406p.362_p002.txt,5,Octa,Gothenburg,SLIGO,147 wood doors,,27,Feb,1889,6,April,1889,True,condensed,0.9,Octa (s)-Gothenburg-147 wood doors-1 sample wood door-James Scott
18890406p.362_p002.txt,6,Hugin,Gothenburg,SLIGO,"20 lds. posts, 35 lds. pit props, 85 lds. birch props, 10 lds. mining timber, 70 lds. sleepers",,27,Feb,1889,6,April,1889,True,condensed,0.9,"Hugin (s)-Gothenburg-20 lds. posts, 35 lds. pit props, 85 lds. birch props, 10 lds. mining timber, 70 lds. sleepers-Order"
18890406p.362_p002.txt,7,Prospero,Christiania,SLIGO,"140 lds. pit props, 82 lds. pit props 6 lds. planed boards-James Scott",,27,Feb,1889,6,April,1889,True,condensed,0.9,"Prospero (s)-Christiania-140 lds. pit props, 82 lds. pit props-Order; 6 lds. planed boards-James Scott"
18890406p.362_p002.txt,8,Amerika,Pensacola,SLIGO,"1,210 pcs. pitch pine, 306 deals",,27,Feb,1889,6,April,1889,False,condensed,0.9,"Amerika-Pensacola-1,210 pcs. pitch pine, 306 deals-Order"
18890406p.362_p002.txt,9,Harmine,Weener,SLIGO,"8,404 props-Hall Bros.",Hall Bros.,27,Feb,1889,6,April,1889,False,condensed,0.9,"Harmine-Weener-8,404 props-Hall Bros."
18890406p.362_p002.txt,10,Aurora,Mandal,SLIGO,full and complete cargo of pit props,,27,Feb,1889,6,April,1889,False,condensed,0.9,Aurora-Mandal-full and complete cargo of pit props-Order
18890406p.362_p002.txt,13,Stork,Fredrikstad,SLIGO,"22,740 boards-Orfeur & Bellin.",Orfeur & Bellin.,27,Feb,1889,6,April,1889,False,condensed,0.9,"Stork-Fredrikstad - 22,740 boards-Orfeur & Bellin."
18890406p.362_p002.txt,17,City of Rotterdam,Rotterdam,SLIGO,80 bdls. hoops-J. C. Pinkerton,J. C. Pinkerton,27,Feb,1889,6,April,1889,False,condensed,0.9,City of Rotterdam-Rotterdam-80 bdls. hoops-J. C. Pinkerton
18890406p.362_p002.txt,20,Ashlow,"St. John, N.B.",LONDONDERRY,841 pcs. sawn fir-J. & J. Cooke,J. & J. Cooke,27,Feb,1889,6,April,1889,False,condensed,1.0,"Ashlow-St. John, N.B.-841 pcs. sawn fir-J. & J. Cooke"
18890406p.362_p002.txt,23,Tre Brodre,Karlshamn,SLIGO,"694 stds., 307,905 birch squares-M. McNeill & Sons",M. McNeill & Sons,27,Feb,1889,6,April,1889,False,condensed,1.0,"Tre Brodre-Karlshamn-694 stds., 307,905 birch squares-M. McNeill & Sons"
18890406p.362_p002.txt,36,Messrs. &,Co.,SLIGO,The amount of business transacted publicly during the past four weeks has been on the same limited scale recorded in our circular of 19th ultimo.,,27,Feb,1889,6,April,1889,False,condensed,0.9,Messrs. & Co.—The amount of business transacted publicly during the past four weeks has been on the same limited scale recorded in our circular of 19th ultimo.
18890406p.362_p002.txt,115,Stratford,,FULLY SECURED,on Avon ... ... ... 25 0 0,,27,Feb,1889,6,April,1889,False,condensed,1.0,Rev. Stratford-on-Avon ... ... ... 25 0 0
18890406p.5.txt,6,Timber Merchants &,Saw,FULLY SECURED,millers,,27,Feb,1889,6,April,1889,False,condensed,0.9,"Timber Merchants & Saw-millers,"
18890406p.5.txt,9,Fancy Woods. MOULDINGS supplied to any pattern. Telegraphic,Address,DUNDEE,"""BELSIM,"" DUNDEE.",,27,Feb,1889,6,April,1889,False,condensed,0.9,"Fancy Woods. MOULDINGS supplied to any pattern. Telegraphic Address—""BELSIM,"" DUNDEE."
18890406p.5.txt,13,Timber Merchants and,Saw,DUNDEE,millers,,27,Feb,1889,6,April,1889,False,condensed,0.9,"Timber Merchants and Saw-millers,"
18890406p.5.txt,15,Telegraphic,Address,DUNDEE,"""PATON,"" AYR.",,27,Feb,1889,6,April,1889,False,condensed,0.9,"Telegraphic Address— ""PATON,"" AYR."
18890406p.5.txt,18,Telegraphic,Address,DUNDEE,"DONALDSON, TAYPORT.",,27,Feb,1889,6,April,1889,False,condensed,0.9,"Telegraphic Address— DONALDSON, TAYPORT."
18890406p.5.txt,33,Telegraphic,Address,DUNDEE,"""JOHN JESSIMAN, DUNDEE.""",,27,Feb,1889,6,April,1889,False,condensed,0.9,"Telegraphic Address—""JOHN JESSIMAN, DUNDEE."""
18890406p.5.txt,36,Timber Merchants and,Saw,DUNDEE,millers,,27,Feb,1889,6,April,1889,False,condensed,0.9,"Timber Merchants and Saw-millers,"
18890406p.5.txt,53,Skjold,Christiania,DUNDEE,"13,316 pcs. pitwood-Cowdenbeath Coal Co.",Cowdenbeath Coal Co.,27,Feb,1889,6,April,1889,False,condensed,0.9,"Skjold-Christiania-13,316 pcs. pitwood-Cowdenbeath Coal Co."
18890406p.5.txt,54,Gazelle,Christiania,DUNDEE,296 lds. pitwood-C. Salvesen & Co.,C. Salvesen & Co.,27,Feb,1889,6,April,1889,False,condensed,0.9,Gazelle-Christiania-296 lds. pitwood-C. Salvesen & Co.
18890406p.5.txt,56,Aludra,Fiume,DUNDEE,"267 oak planks, 11 oak logs-R. Hamilton & Co.",R. Hamilton & Co.,27,Feb,1889,6,April,1889,False,condensed,0.9,"Aludra-Fiume-267 oak planks, 11 oak logs-R. Hamilton & Co."
18890406p.5.txt,57,Carthaginian,Philadelphia,DUNDEE,720 staves-Edmiston & Mitchells,Edmiston & Mitchells,27,Feb,1889,6,April,1889,False,condensed,0.9,Carthaginian-Philadelphia-720 staves-Edmiston & Mitchells
18890406p.5.txt,58,State of Pennsylvania,New York,DUNDEE,"828 pkgs. wood-Singer Manufacturing Co. 1,200 pipe staves, 6,500 barrel staves-Hamilton & Co.",Singer Manufacturing Co.,27,Feb,1889,6,April,1889,False,condensed,0.9,"27 State of Pennsylvania-New York-828 pkgs. wood-Singer Manufacturing Co. ; 1,200 pipe staves, 6,500 barrel staves-Hamilton & Co."
18890406p.5.txt,59,Anchoria,New York,DUNDEE,"500 oars, 4,965 barrel staves, 4 cs. bobbins, 20 maple logs",,28,Feb,1889,6,April,1889,False,condensed,0.9,"28 Anchoria-New York-500 oars, 4,965 barrel staves, 4 cs. bobbins, 20 maple logs-Order"
18890406p.5.txt,60,Mauritius,Bordeaux and Nantes,DUNDEE,251 bdls. staves,,29,Feb,1889,6,April,1889,False,condensed,0.9,29 Mauritius-Bordeaux and Nantes-251 bdls. staves-Order
18890406p.5.txt,61,El'en Holt,Laguna,DUNDEE,334 t. mahogany-W. Connal & Co.,W. Connal & Co.,29,Feb,1889,6,April,1889,False,condensed,0.9,El'en Holt-Laguna-334 t. mahogany-W. Connal & Co.
18890406p.5.txt,62,Circe,Halifax and Baltimore,DUNDEE,"11,000 barrel staves-Wright & Breakenridge 28 walnut logs-Govan & Co. ; 902 pcs. lumber, 23 poplar logs-Edmiston & Mitchells ; 27 poplar logs-Allison, Cousland, & Co.",Wright & Breakenridge,29,Feb,1889,6,April,1889,False,condensed,0.9,"Circe-Halifax and Baltimore-11,000 barrel staves-Wright & Breakenridge ; 28 walnut logs-Govan & Co. ; 902 pcs. lumber, 23 poplar logs-Edmiston & Mitchells ; 27 poplar logs-Allison, Cousland, & Co."
18890406p.5.txt,64,Esperanza,Gothenburg,DUNDEE,"10,220 deals and battens",,29,Feb,1889,6,April,1889,False,condensed,0.9,"Esperanza-Gothenburg-10,220 deals and battens-Order"
18890406p.5.txt,65,Tronda,Bergen,DUNDEE,"2,911 deals and battens P. & J. Wilkie ; 11,953 deals and battens-R. Melville & Co.",R. Melville & Co.,28,Feb,1889,6,April,1889,False,condensed,0.9,"28 Tronda-Bergen-2,911 deals and battens P. & J. Wilkie ; 11,953 deals and battens-R. Melville & Co."
18890406p.5.txt,68,Timber Importers &,Saw,DUNDEE,millers,,28,Feb,1889,6,April,1889,False,condensed,0.9,"Timber Importers & Saw-millers,"
18890406p.5.txt,71,Telegraphic,Address,DUNDEE,"""ALBERT, ABERDEEN.""",,28,Feb,1889,6,April,1889,False,condensed,0.9,"Telegraphic Address—""ALBERT, ABERDEEN."""
18890406p.5.txt,75,Timber Merchant and,Saw,DUNDEE,miller.,,28,Feb,1889,6,April,1889,False,condensed,0.9,Timber Merchant and Saw-miller.
18890406p.5.txt,86,Frithiof,Gothenburg,STIRLING,"14,475 props, 10 lds. sawn fir C. Salvesen & Co.",,28,Feb,1889,6,April,1889,True,condensed,0.9,"Frithiof(s)-Gothenburg-14,475 props, 10 lds. sawn fir C. Salvesen & Co."
18890406p.5.txt,88,Russell,Bangkok,GREENOCK,545 pcs. teakwood,,28,Feb,1889,6,April,1889,False,condensed,0.9,Russell-Bangkok-545 pcs. teakwood-Order
18890406p.5.txt,90,Demokraten,Drammen,GREENOCK,"6,634 battens-Jas. Donaldson & Sons",Jas. Donaldson & Sons,28,Feb,1889,6,April,1889,False,condensed,0.9,"Demokraten-Drammen-6,634 battens-Jas. Donaldson & Sons"
18890406p.5.txt,92,Helene Elizabeth,Skien,GREENOCK,75 lds. props-Receivers of Wreck,Receivers of Wreck,28,Feb,1889,6,April,1889,False,condensed,0.9,Helene Elizabeth-Skien-75 lds. props-Receivers of Wreck
18890406p.5.txt,94,Overman,Arendal,GREENOCK,"10,972 battens-A. Creighton 8,750 battens-C. Carnegie",A. Creighton,28,Feb,1889,6,April,1889,False,condensed,0.9,"Overman-Arendal-10,972 battens-A. Creighton ; 8,750 battens-C. Carnegie"
18890406p.5.txt,96,Urania,Mandal,WICK,"2,222 birch staves-D. Sandison",D. Sandison,28,Feb,1889,6,April,1889,False,condensed,1.0,"Urania-Mandal-2,222 birch staves-D. Sandison"
18890413p.382_p001.txt,9,Fred,Grimstad,BOSTON,246 lds. mining timber-A. Beeby & Son,A. Beeby & Son,28,Feb,1889,13,April,1889,False,condensed,1.0,Fred-Grimstad-246 lds. mining timber -A. Beeby & Son
18890413p.382_p001.txt,12,Flora,"Charleston, S.C.",BOSTON,"2,400 oak staves-W. Butler & Co.",W. Butler & Co.,28,Feb,1889,13,April,1889,False,condensed,1.0,"Flora-Charleston, S.C.-2,400 oak staves -W. Butler & Co."
18890413p.382_p001.txt,13,Sylvia,Fredrikstad,BRISTOL,"51,929 flooring boards-Taylor & Low Bros.",Taylor & Low Bros.,8,Feb,1889,13,April,1889,False,condensed,0.9,"8 Sylvia-Fredrikstad-51,929 flooring boards-Taylor & Low Bros."
18890413p.382_p001.txt,14,Haldes,Fredrikstad,BRISTOL,"3,152 flooring boards, 491 bdls. laths-H. Denty",H. Denty,8,Feb,1889,13,April,1889,False,condensed,0.9,"Haldes-Fredrikstad-3,152 flooring boards, 491 bdls. laths-H. Denty"
18890413p.382_p001.txt,15,Texas,Baltimore,BRISTOL,"1,800 ppe. staves-J. Heaven & Son",J. Heaven & Son,8,Feb,1889,13,April,1889,True,condensed,0.9,"Texas (s)-Baltimore-1,800 ppe. staves-J. Heaven & Son"
18890413p.382_p001.txt,18,Boucan,Bayonne,BRISTOL,"1,110 lds. pitwood-A. Capelle",A. Capelle,8,Feb,1889,13,April,1889,True,condensed,0.9,"Boucan (s)-Bayonne-1,110 lds. pitwood -A. Capelle"
18890413p.382_p001.txt,19,Andromeda,Christiansand,BRISTOL,"5,944 pcs. mining timber-Tellefsen, Wills, & Co.","Tellefsen, Wills, & Co.",8,Feb,1889,13,April,1889,False,condensed,0.9,"Andromeda-Christiansand-5,944 pcs. mining timber-Tellefsen, Wills, & Co."
18890413p.382_p001.txt,20,Marie,Bordeaux,BRISTOL,775 lds. pitwood-Simkin,Simkin,8,Feb,1889,13,April,1889,False,condensed,0.9,Marie-Bordeaux-775 lds. pitwood-Simkin
18890413p.382_p001.txt,21,Deux Freres,Brest,BRISTOL,175 lds. pitwood-Budd,Budd,3,Feb,1889,13,April,1889,False,condensed,0.9,3 Deux Freres-Brest-175 lds. pitwood-Budd
18890413p.382_p001.txt,22,Ouse,Bordeaux,BRISTOL,730 lds. pitwood-Simkin,Simkin,4,Feb,1889,13,April,1889,False,condensed,0.9,4 Ouse-Bordeaux-730 lds. pitwood-Simkin
18890413p.382_p001.txt,23,Risoer,Risoer,BRISTOL,352 lds. pitwood-W. Thomas,W. Thomas,4,Feb,1889,13,April,1889,False,condensed,0.9,Risoer-Risoer-352 lds. pitwood-W. Thomas
18890413p.382_p001.txt,24,Louise,Drammen,BRISTOL,"47,929 pcs. sawn fir-Morris & Smith",Morris & Smith,5,Feb,1889,13,April,1889,False,condensed,0.9,"5 Louise-Drammen-47,929 pcs. sawn fir - Morris & Smith"
18890413p.382_p001.txt,25,Flyingdale,Memel,BRISTOL,"20,309 pcs. sawn fir, 14,270 pcs. lathwood-J. Bland & Co.",J. Bland & Co.,8,Feb,1889,13,April,1889,False,condensed,0.9,"8 Flyingdale-Memel-20,309 pcs. sawn fir, 14,270 pcs. lathwood-J. Bland & Co."
18890413p.382_p001.txt,26,Rive de Gier,Bayonne,BRISTOL,"1,100 lds. pitwood-A. Capelle",A. Capelle,8,Feb,1889,13,April,1889,True,condensed,0.9,"Rive de Gier (s)-Bayonne-1,100 lds. pitwood -A. Capelle"
18890413p.382_p001.txt,27,Ixia,Bordeaux,BRISTOL,"1,900 lds. pitwood-Fry",Fry,8,Feb,1889,13,April,1889,True,condensed,0.9,"Ixia (s)-Bordeaux-1,900 lds. pitwood-Fry"
18890413p.382_p001.txt,30,Edward Seymour,"Halifax, N.S.",BRISTOL,"5,091 deals, 78 spruce deal ends-Thomas Parry",Thomas Parry,8,Feb,1889,13,April,1889,False,condensed,0.9,"Edward Seymour-Halifax, N.S.-5,091 deals, 78 spruce deal ends-Thomas Parry"
18890413p.382_p001.txt,33,Hersen,Porsgrund,BRISTOL,"4,157 poles and props-R. Grandidge",R. Grandidge,8,Feb,1889,13,April,1889,False,condensed,0.9,"Hersen-Porsgrund-4,157 poles and props-R. Grandidge"
18890413p.382_p001.txt,36,Fatum,Sundswall,BRISTOL,"568 pcs. hewn fir, 3,483 battens, 605 fir boards-G. Week & Co.",G. Week & Co.,8,Feb,1889,13,April,1889,False,condensed,0.9,"Fatum-Sundswall-568 pcs. hewn fir, 3,483 battens, 605 fir boards-G. Week & Co."
18890413p.382_p001.txt,39,Gladstone,Pensacola,FLEETWOOD,"195 pcs. hewn fir, 1,163 pcs. sawn fir, 205 fir deals-H. & G. Curwen & Co.",H. & G. Curwen & Co.,8,Feb,1889,13,April,1889,False,condensed,1.0,"Gladstone-Pensacola-195 pcs. hewn fir, 1,163 pcs. sawn fir, 205 fir deals-H. & G. Curwen & Co."
18890413p.382_p001.txt,42,Machrihanish,San Francisco,FLEETWOOD,"1,050 boards-H. Hodder",H. Hodder,8,Feb,1889,13,April,1889,False,condensed,1.0,"Machrihanish-San Francisco-1,050 boards-H. Hodder"
18890413p.382_p001.txt,43,John,Christiania,FLEETWOOD,"3,767 poles-J. Bland & Co.",J. Bland & Co.,4,Feb,1889,13,April,1889,False,condensed,0.9,"4 John-Christiania-3,767 poles-J. Bland & Co."
18890413p.382_p001.txt,46,Sigrid,Gothenburg,GOOLE,"14,452 battens-Illingworth, Ingham, & Co.","Illingworth, Ingham, & Co.",4,Feb,1889,13,April,1889,False,condensed,0.9,"Sigrid-Gothenburg-14,452 battens-Illingworth, Ingham, & Co."
18890413p.382_p001.txt,49,Admiral Tromp,Nyland,GRIMSBY,"30,256 pcs. sawn fir-Bennetts & Co.",Bennetts & Co.,4,Feb,1889,13,April,1889,False,condensed,0.9,"Admiral Tromp-Nyland-30,256 pcs. sawn fir-Bennetts & Co."
18890413p.382_p001.txt,50,Vega,Halmstad,GRIMSBY,"29,268 battens, boards, and ends-Hardy, Hewson, & Co.","Hardy, Hewson, & Co.",6,Feb,1889,13,April,1889,False,condensed,0.9,"6 Vega-Halmstad-29,268 battens, boards, and ends-Hardy, Hewson, & Co."
18890413p.382_p001.txt,51,Christopher,Darien,GRIMSBY,"382 deals, 130 pcs hewn fir, 810 pcs. sawn fir-Carr & Co",Carr & Co,6,Feb,1889,13,April,1889,False,condensed,0.9,"St. Christopher-Darien-382 deals, 130 pcs hewn fir, 810 pcs. sawn fir-Carr & Co"
18890413p.382_p001.txt,54,Gipsy Queen,Gothenburg,GRIMSBY,"7,284 deals and battens, 5,000 rails, 2,552 sleepers, 2,350 boards, 2,500 props, 94 lds. deals, 6,032 bdls. laths-T. Barraclough",T. Barraclough,6,Feb,1889,13,April,1889,True,condensed,0.9,"Gipsy Queen (s)-Gothenburg-7,284 deals and battens, 5,000 rails, 2,552 sleepers, 2,350 boards, 2,500 props, 94 lds. deals, 6,032 bdls. laths-T. Barraclough"
18890413p.382_p001.txt,55,Bjornvig,Laurvig,GRIMSBY,"39,955 props-Moller",Moller,3,Feb,1889,13,April,1889,False,condensed,0.9,"3 Bjornvig-Laurvig-39,955 props-Moller"
18890413p.382_p001.txt,56,Bethel,Tonsberg,GRIMSBY,"12,475 props, 122 pcs. mining timber-Hans Erichsen & Co.",Hans Erichsen & Co.,4,Feb,1889,13,April,1889,False,condensed,0.9,"4 Bethel-Tonsberg-12,475 props, 122 pcs. mining timber-Hans Erichsen & Co."
18890413p.382_p001.txt,57,Congal,Christiansand,GRIMSBY,"4,073 pcs. round timber, 1,150 props-E. A. Casper & Co.",E. A. Casper & Co.,5,Feb,1889,13,April,1889,False,condensed,0.9,"5 Congal-Christiansand-4,073 pcs. round timber, 1,150 props-E. A. Casper & Co."
18890413p.382_p001.txt,58,Annie,Drammen,GRIMSBY,"32,888 props-Hans Erichsen & Co.",Hans Erichsen & Co.,5,Feb,1889,13,April,1889,False,condensed,0.9,"Annie-Drammen-32,888 props-Hans Erichsen & Co."
18890413p.382_p001.txt,59,Derby,Amsterdam,GRIMSBY,60 lds. firewood-A. Svendson,A. Svendson,5,Feb,1889,13,April,1889,False,condensed,0.9,Derby - Amsterdam - 60 lds. firewood-A. Svendson
18890413p.382_p001.txt,60,Mathilda,Brevig,GRIMSBY,"1,082 pcs. hewn fir, 1,020 props-G. Horsley & Co.",G. Horsley & Co.,5,Feb,1889,13,April,1889,False,condensed,0.9,"Mathilda-Brevig-1,082 pcs. hewn fir, 1,020 props-G. Horsley & Co."
18890413p.382_p001.txt,61,Thecla,Fredrikstad,GRIMSBY,340 lds. firewood-C. A. Forslind & Co.,C. A. Forslind & Co.,5,Feb,1889,13,April,1889,False,condensed,0.9,Thecla-Fredrikstad-340 lds. firewood-C. A. Forslind & Co.
18890413p.382_p001.txt,62,Frisk,Fredrikstad,GRIMSBY,150 lds. firewood-T. Briggs,T. Briggs,5,Feb,1889,13,April,1889,False,condensed,0.9,Frisk - Fredrikstad - 150 lds. firewood-T. Briggs
18890413p.382_p001.txt,63,Tyri,Skien,GRIMSBY,"744 props-Victor Nilsson & Co. 887 pcs. square timber, 397 telegraph poles-R. Wade, Sons & Co.",Victor Nilsson & Co.,6,Feb,1889,13,April,1889,False,condensed,0.9,"6 Tyri-Skien-744 props-Victor Nilsson & Co.; 887 pcs. square timber, 397 telegraph poles-R. Wade, Sons & Co."
18890413p.382_p001.txt,64,Walhalla,Drammen,GRIMSBY,310 lds. firewood-C. A. Forslind & Co.,C. A. Forslind & Co.,6,Feb,1889,13,April,1889,False,condensed,0.9,Walhalla-Drammen-310 lds. firewood-C. A. Forslind & Co.
18890413p.382_p001.txt,65,Enok,Sarpsborg,GRIMSBY,"4,237 birch props-C. A. Forslind & Co.",C. A. Forslind & Co.,6,Feb,1889,13,April,1889,False,condensed,0.9,"Enok-Sarpsborg-4,237 birch props-C. A. Forslind & Co."
18890413p.382_p001.txt,66,Christina,Gothenburg,GRIMSBY,"46,561 props-Pearson",Pearson,8,Feb,1889,13,April,1889,False,condensed,0.9,"8 Christina-Gothenburg-46,561 props-Pearson"
18890413p.382_p001.txt,67,Iris,Arendal,GRIMSBY,205 props-E. A. Casper & Co.,E. A. Casper & Co.,8,Feb,1889,13,April,1889,False,condensed,0.9,Iris-Arendal-205 props-E. A. Casper & Co.
18890413p.382_p001.txt,68,Olaus,Drammen,GRIMSBY,"1,305 pcs. square timber, 1,460 pcs. round timber, 2 820 props-E. A. Casper & Co. 1 464 telegraph poles-R. Wade, Sons, & Co.",E. A. Casper & Co.,8,Feb,1889,13,April,1889,False,condensed,0.9,"Olaus-Drammen-1,305 pcs. square timber, 1,460 pcs. round timber, 2 820 props-E. A. Casper & Co.; 1 464 telegraph poles-R. Wade, Sons, & Co."
18890413p.382_p001.txt,69,John,Drobak,GRIMSBY,"28,595 props, 815 pcs. mining timber-H. Erichsen & Co.",H. Erichsen & Co.,8,Feb,1889,13,April,1889,False,condensed,0.9,"John-Drobak-28,595 props, 815 pcs. mining timber-H. Erichsen & Co."
18890413p.382_p001.txt,70,Satisfaction,Porsgrund,GRIMSBY,"17,573 sleepers, 793 pcs. hewn fir-E. A. Casper & Co.",E. A. Casper & Co.,8,Feb,1889,13,April,1889,False,condensed,0.9,"Satisfaction-Porsgrund-17,573 sleepers, 793 pcs. hewn fir-E. A. Casper & Co."
18890413p.382_p001.txt,71,Halfdan,Drobak,GRIMSBY,"3,030 deals and battens-H. Erichsen & Co.",H. Erichsen & Co.,8,Feb,1889,13,April,1889,False,condensed,0.9,"Halfdan-Drobak-3,030 deals and battens-H. Erichsen & Co."
18890413p.382_p001.txt,72,Edlen,Fredrikstad,GRIMSBY,350 lds. firewood-C. A. Forslind & Co.,C. A. Forslind & Co.,8,Feb,1889,13,April,1889,False,condensed,0.9,Edlen-Fredrikstad-350 lds. firewood-C. A. Forslind & Co.
18890413p.382_p001.txt,73,Ocean Mail,Drobak,GRIMSBY,"2,373 pcs. round timber-T. Atkinson 1,196 pcs. square timber, 3,876 props-E. A. Casper & Co.",T. Atkinson,8,Feb,1889,13,April,1889,False,condensed,0.9,"Ocean Mail-Drobak-2,373 pcs. round timber-T. Atkinson; 1,196 pcs. square timber, 3,876 props-E. A. Casper & Co."
18890413p.382_p001.txt,75,Stjernen,Drobak,GRIMSBY,"2,564 pcs. hewn fir-T Atkinson 653 pcs. square timber, 3,151 props-E. A. Casper & Co.",T Atkinson,8,Feb,1889,13,April,1889,False,condensed,0.9,"Stjernen-Drobak-2,564 pcs. hewn fir-T Atkinson; 653 pcs. square timber, 3,151 props-E. A. Casper & Co."
18890413p.382_p001.txt,76,Iris,Christiansand,GRIMSBY,"4,613 pcs. round timber, 1,204 props-E. A. Casper & Co.",E. A. Casper & Co.,8,Feb,1889,13,April,1889,False,condensed,0.9,"Iris-Christiansand-4,613 pcs. round timber, 1,204 props-E. A. Casper & Co."
18890413p.382_p001.txt,77,Dagny,Fredrikstad,GRIMSBY,120 lds. props-Pyman,Pyman,8,Feb,1889,13,April,1889,False,condensed,0.9,Dagny-Fredrikstad-120 lds. props-Pyman
18890413p.382_p001.txt,78,Helena,Drobak,GRIMSBY,"28,305 props-Pyman & Co.",Pyman & Co.,8,Feb,1889,13,April,1889,False,condensed,0.9,"Helena-Drobak-28,305 props-Pyman & Co."
18890413p.382_p001.txt,79,Fanny,Drobak,GRIMSBY,"11,271 props-Pyman & Co.",Pyman & Co.,8,Feb,1889,13,April,1889,False,condensed,0.9,"Fanny-Drobak-11,271 props-Pyman & Co."
18890413p.382_p001.txt,80,Halfdan,Drobak,GRIMSBY,"1,859 pcs. round timber, 4,455 props-E. A. Casper & Co.",E. A. Casper & Co.,8,Feb,1889,13,April,1889,False,condensed,0.9,"Halfdan-Drobak-1,859 pcs. round timber, 4,455 props-E. A. Casper & Co."
18890413p.382_p001.txt,81,Hnos,Lillesand,GRIMSBY,"2,372 pcs. mining timber, 19,256 props-N. B. Kloed",N. B. Kloed,8,Feb,1889,13,April,1889,False,condensed,0.9,"Hnos-Lillesand-2,372 pcs. mining timber, 19,256 props-N. B. Kloed"
18890413p.382_p001.txt,82,Iris,Arendal,GRIMSBY,"886 poles, 901 pcs. mining timber-R. Wade, Sons, & Co.","R. Wade, Sons, & Co.",8,Feb,1889,13,April,1889,False,condensed,0.9,"Iris-Arendal-886 poles, 901 pcs. mining timber-R. Wade, Sons, & Co."
18890413p.382_p001.txt,85,Thurso,Libau,GRIMSBY,765 pcs. wood,,8,Feb,1889,13,April,1889,True,condensed,0.9,Thurso (s)-Libau-765 pcs. wood-Order
18890413p.382_p001.txt,86,Hero,Gothenburg,GRIMSBY,"2,703 props, 3,723 boards-Wilson, Sons, & Co. 4,000 props-Pyman, Bell, & Co.","Wilson, Sons, & Co.",8,Feb,1889,13,April,1889,True,condensed,0.9,"Hero (s)-Gothenburg-2,703 props, 3,723 boards-Wilson, Sons, & Co.; 4,000 props-Pyman, Bell, & Co."
18890413p.382_p001.txt,87,Levong,Krageroe,GRIMSBY,"718 pcs. partly square timber, 712 pcs. round timber, 1,519 pit props-H. Smith & Co. 138 telegraph poles -Wade, Sons, & Co.",H. Smith & Co.,8,Feb,1889,13,April,1889,False,condensed,0.9,"Levong-Krageroe-718 pcs. partly square timber, 712 pcs. round timber, 1,519 pit props-H. Smith & Co.; 138 telegraph poles -Wade, Sons, & Co."
18890413p.382_p001.txt,88,Betty,Christiansand,GRIMSBY,"613 pcs. mining timber, 18,989 pit props",,8,Feb,1889,13,April,1889,False,condensed,0.9,"Betty-Christiansand-613 pcs. mining timber, 18,989 pit props-Order"
18890413p.382_p001.txt,89,Jason,Drammen,GRIMSBY,"73,576 pit props-H. Smith",H. Smith,8,Feb,1889,13,April,1889,False,condensed,0.9,"Jason-Drammen-73,576 pit props-H. Smith"
18890413p.382_p001.txt,90,Julie Alida,Warberg,GRIMSBY,"18,554 pit props",,8,Feb,1889,13,April,1889,False,condensed,0.9,"Julie Alida-Warberg-18,554 pit props-Order"
18890413p.382_p001.txt,91,Gustaf,Halmstad,GRIMSBY,"12,735 pit props",,8,Feb,1889,13,April,1889,False,condensed,0.9,"Gustaf-Halmstad-12,735 pit props-Order"
18890413p.382_p001.txt,92,Reidulf,Risoer,GRIMSBY,"120 boards-The Master 17,278 pit props, 486 pcs. round timber-C. Wells & Co.",The Master,8,Feb,1889,13,April,1889,False,condensed,0.9,"Reidulf-Risoer-120 boards-The Master; 17,278 pit props, 486 pcs. round timber-C. Wells & Co."
18890413p.382_p001.txt,93,Hoppet,Warberg,GRIMSBY,"10,651 pit props",,8,Feb,1889,13,April,1889,False,condensed,0.9,"Hoppet-Warberg-10,651 pit props-Order"
18890413p.382_p001.txt,94,Peruvienne,Christiania,GRIMSBY,"4,993 pcs. mining timber, 598 pit props",,8,Feb,1889,13,April,1889,False,condensed,0.9,"Peruvienne-Christiania-4,993 pcs. mining timber, 598 pit props-Order"
18890413p.382_p001.txt,95,Nero,Libau,GRIMSBY,761 pcs. wood,,8,Feb,1889,13,April,1889,True,condensed,0.9,Nero (s)-Libau-761 pcs. wood-Order
18890413p.382_p001.txt,96,Colorado,New York,GRIMSBY,13 logs,,8,Feb,1889,13,April,1889,True,condensed,0.9,Colorado (s)-New York-13 logs-Order
18890413p.382_p001.txt,97,Anna,Warberg,GRIMSBY,"10,309 pit props",,8,Feb,1889,13,April,1889,False,condensed,0.9,"Anna-Warberg-10,309 pit props-Order"
18890413p.382_p001.txt,98,Romeo,Gothenburg,GRIMSBY,"7,060 props-Wilson, Sons, & Co. 1,000 bdls. laths-Heaven","Wilson, Sons, & Co.",8,Feb,1889,13,April,1889,True,condensed,0.9,"Romeo (s)-Gothenburg-7,060 props-Wilson, Sons, & Co.; 1,000 bdls. laths-Heaven"
18890413p.382_p001.txt,99,Edith,Rotterdam,GRIMSBY,960 bdls. hoops,,8,Feb,1889,13,April,1889,True,condensed,0.9,Edith (s)-Rotterdam-960 bdls. hoops-Order
18890413p.382_p001.txt,100,Skjold,Fredrikshald,GRIMSBY,"490 pcs. mining timber, 3,394 pit-props-Order",props-Order,8,Feb,1889,13,April,1889,False,condensed,0.9,"Skjold-Fredrikshald-490 pcs. mining timber, 3,394 pit-props-Order"
18890413p.382_p001.txt,101,Heaven & Kesterton Fido,Libau,GRIMSBY,470 pcs. wood,,8,Feb,1889,13,April,1889,True,condensed,0.9,Heaven & Kesterton Fido (s)-Libau-470 pcs. wood-Order
18890413p.382_p001.txt,103,Sela,Grimstad,GRIMSBY,"3,911 pcs. round timber, 1,959 pit props",,8,Feb,1889,13,April,1889,False,condensed,0.9,"Sela-Grimstad-3,911 pcs. round timber, 1,959 pit props-Order"
18890413p.382_p001.txt,104,Gerda,Warberg,GRIMSBY,"21,628 props",,8,Feb,1889,13,April,1889,False,condensed,0.9,"Gerda-Warberg-21,628 props-Order"
18890413p.382_p001.txt,105,Soskummeren,Laurvig,GRIMSBY,"10,972 deals and boards",,8,Feb,1889,13,April,1889,False,condensed,0.9,"Soskummeren-Laurvig-10,972 deals and boards-Order"
18890413p.382_p001.txt,106,Vesta,St. Simon's,GRIMSBY,"966 pcs. timber, 238 deals",,8,Feb,1889,13,April,1889,False,condensed,0.9,"Vesta-St. Simon's-966 pcs. timber, 238 deals-Order"
18890413p.382_p001.txt,109,Christiane,Christiania,GRIMSBY,"20,326 planed boards, 4,524 battens, 100 spars-Brown",Brown,8,Feb,1889,13,April,1889,False,condensed,0.9,"Christiane-Christiania-20,326 planed boards, 4,524 battens, 100 spars-Brown"
18890413p.382_p001.txt,112,President Harbitz,Doboy,GRIMSBY,"871 pcs. fir sawn, 114 fir deals-Preston Timber Co.",Preston Timber Co.,8,Feb,1889,13,April,1889,False,condensed,0.9,"President Harbitz-Doboy-871 pcs. fir sawn, 114 fir deals-Preston Timber Co."
18890413p.382_p001.txt,115,Murciano,New Orleans,LIVERPOOL,600 staves,,8,Feb,1889,13,April,1889,True,condensed,0.9,Murciano (s)-New Orleans-600 staves-Order
18890413p.382_p001.txt,116,Bjorne,Fredrikstad,LIVERPOOL,"1,592 bdls. boards,16,240 bdls. cask heads, 4,431 flooring boards",,8,Feb,1889,13,April,1889,False,condensed,0.9,"Bjorne-Fredrikstad-1,592 bdls. boards,16,240 bdls. cask heads, 4,431 flooring boards-Order"
18890413p.382_p001.txt,117,Boroma,Savannah,LIVERPOOL,"4,875 w.o. staves",,8,Feb,1889,13,April,1889,False,condensed,0.9,"Boroma-Savannah-4,875 w.o. staves-Order"
18890413p.382_p001.txt,118,Wisconsin,New York,LIVERPOOL,13 cs. spokes and hubs-J. Owen & Sons,J. Owen & Sons,8,Feb,1889,13,April,1889,True,condensed,0.9,Wisconsin (s)-New York-13 cs. spokes and hubs-J. Owen & Sons
18890413p.382_p001.txt,119,Alava,New Orleans,LIVERPOOL,"1,200 staves",,8,Feb,1889,13,April,1889,True,condensed,0.9,"Alava (s)-New Orleans-1,200 staves-Order"
18890413p.382_p001.txt,120,Sirius,New York,LIVERPOOL,"1 cs. lumber-Irvin & Sellers 3,311 maple rollers-Order",Irvin & Sellers,8,Feb,1889,13,April,1889,True,condensed,0.9,"Sirius (s)-New York-1 cs. lumber-Irvin & Sellers; 3,311 maple rollers-Order"
18890413p.382_p001.txt,121,America,Fredrikstad,LIVERPOOL,"48,074 boards",,8,Feb,1889,13,April,1889,True,condensed,0.9,"America (s)-Fredrikstad-48,074 boards-Order"
18890413p.382_p001.txt,122,Darien,New York,LIVERPOOL,"2,400 ppe. and 600 m. hhd. staves",,8,Feb,1889,13,April,1889,True,condensed,0.9,"Darien (s)-New York-2,400 ppe. and 600 m. hhd. staves-Order"
18890413p.382_p001.txt,123,City of Chicago,New York,LIVERPOOL,"25 cs. handles-Richardson, Spence, & Co. 950 staves-Hattley Hay; 4 bdls. lumber, 38 crts. shuttles-Order","Richardson, Spence, & Co.",8,Feb,1889,13,April,1889,True,condensed,0.9,"City of Chicago (s)-New York-25 cs. handles-Richardson, Spence, & Co.; 950 staves-Hattley Hay; 4 bdls. lumber, 38 crts. shuttles-Order"
18890413p.382_p001.txt,124,Newton,New Orleans,LIVERPOOL,300 staves,,8,Feb,1889,13,April,1889,True,condensed,0.9,Newton (s)-New Orleans-300 staves-Order
18890413p.382_p001.txt,125,Michigan,Boston,LIVERPOOL,"1,600 old, 790 butt, and 3,000 staves-Hattley Hay",Hattley Hay,8,Feb,1889,13,April,1889,True,condensed,0.9,"Michigan (s)-Boston-1,600 old, 790 butt, and 3,000 staves-Hattley Hay"
18890413p.382_p001.txt,126,Celtic,New York,LIVERPOOL,"6,006 pcs. lumber-Whiteside, Johns, & Co. 1,500 staves-Hattley Hay","Whiteside, Johns, & Co.",8,Feb,1889,13,April,1889,True,condensed,0.9,"Celtic (s)-New York-6,006 pcs. lumber-Whiteside, Johns, & Co.; 1,500 staves-Hattley Hay"
18890413p.382_p001.txt,127,Etruria,New York,LIVERPOOL,"1,000 staves",,8,Feb,1889,13,April,1889,True,condensed,0.9,"Etruria (s)-New York-1,000 staves-Order"
18890413p.382_p001.txt,128,Lake Superior,New York,LIVERPOOL,"47 cs., 250 bdls. handles-A. Field & Co. 4 pkgs., 11 cs.-Welsh & Lea; 28 cs. handles-J. A. & E. Jenkins; 505 pcs., 46 bdls. lumber-A. Dobell & Co.; 3,335 bdls. lumber-Watson & Todd; 2,995 staves-Hattley Hay; 1,788 bdls. staves-Sutherland, Innes, & Co.; 436 bdls. picker sticks-J. Gardner & Son",A. Field & Co.,8,Feb,1889,13,April,1889,True,condensed,0.9,"Lake Superior (s)-New York-47 cs., 250 bdls. handles-A. Field & Co.; 4 pkgs., 11 cs.-Welsh & Lea; 28 cs. handles-J. A. & E. Jenkins; 505 pcs., 46 bdls. lumber-A. Dobell & Co.; 3,335 bdls. lumber-Watson & Todd; 2,995 staves-Hattley Hay; 1,788 bdls. staves-Sutherland, Innes, & Co.; 436 bdls. picker sticks-J. Gardner & Son"
18890413p.382_p001.txt,129,Mentmore,Baltimore,LIVERPOOL,"279 pcs. oak lumber-Churchill & Sim 1,442 pcs., 334 planks oak-R. Coltart & Co.; 107 pcs. oak lumber -T. Bilsborough & Co.; 443 oak planks-Bew & Co.; quantity staves-E. Alcott; 1,907 w. o. planks-Order",Churchill & Sim,8,Feb,1889,13,April,1889,True,condensed,0.9,"Mentmore (s)-Baltimore-279 pcs. oak lumber -Churchill & Sim; 1,442 pcs., 334 planks oak-R. Coltart & Co.; 107 pcs. oak lumber -T. Bilsborough & Co.; 443 oak planks-Bew & Co.; quantity staves-E. Alcott; 1,907 w. o. planks-Order"
18890413p.382_p001.txt,130,Lord Clive,Philadelphia,LIVERPOOL,"285 bls. bungs-M. Buckley 7,960 staves-Drysdale Bros.",M. Buckley,8,Feb,1889,13,April,1889,True,condensed,0.9,"Lord Clive (s)-Philadelphia-285 bls. bungs-M. Buckley; 7,960 staves-Drysdale Bros."
18890413p.382_p001.txt,131,Bulgarian,Boston,LIVERPOOL,"6,400 staves-Hattley Hay",Hattley Hay,8,Feb,1889,13,April,1889,True,condensed,0.9,"Bulgarian (s)-Boston-6,400 staves-Hattley Hay"
18890413p.382_p001.txt,132,Leonora,New Orleans,LIVERPOOL,"2,400 staves, 5,118 boards, 448 deals",,8,Feb,1889,13,April,1889,True,condensed,0.9,"Order Leonora (s)-New Orleans-2,400 staves, 5,118 boards, 448 deals-Order"
18890413p.382_p001.txt,137,Oregon,Portland,LIVERPOOL,"2,931 maple blocks-T. Mitchell 401 maple blocks-Bank of Montreal; 1,537 spruce deals, 1,520 deals-Order",T. Mitchell,8,Feb,1889,13,April,1889,True,condensed,0.9,"Oregon (s)-Portland-2,931 maple blocks -T. Mitchell; 401 maple blocks-Bank of Montreal; 1,537 spruce deals, 1,520 deals-Order"
18890413p.382_p001.txt,138,Ugland,Laurvig,LIVERPOOL,"35,013 props-Brodersen",Brodersen,8,Feb,1889,13,April,1889,False,condensed,0.9,"Ugland-Laurvig-35,013 props-Brodersen"
18890413p.382_p001.txt,139,Canopus,Norfolk,LIVERPOOL,"3,260 staves-Potts & Redhead 394 planks, 1,550 coffin boards-Order; from Newport News-2,137 and 4 Order",Potts & Redhead,8,Feb,1889,13,April,1889,True,condensed,0.9,"Canopus (s)-Norfolk-3,260 staves-Potts & Redhead; 394 planks, 1,550 coffin boards-Order; from Newport News-2,137 and 4 Order"
18890413p.382_p001.txt,140,Hermod,Gothenburg,LIVERPOOL,"1,500 bdls. laths, 3,791 planed boards, 1,076 deals and battens-G. Bradley & Co. 1,335 bdls. laths-J. Griggs & Co.; 67 bdls. broom handles-T. Eyres & Son; 16,756 pit props-G. Horsley & Co.; 1,251 doz. flooring boards, 29,000 pit props-Order",G. Bradley & Co.,10,Feb,1889,13,April,1889,True,condensed,0.9,"10 Hermod (s)-Gothenburg-1,500 bdls. laths, 3,791 planed boards, 1,076 deals and battens-G. Bradley & Co.; 1,335 bdls. laths-J. Griggs & Co.; 67 bdls. broom handles-T. Eyres & Son; 16,756 pit props-G. Horsley & Co.; 1,251 doz. flooring boards, 29,000 pit props-Order"
18890413p.382_p001.txt,144,Delta,Fredrikstad,LONDON,"60,000 boards-Briesemann & Co. 400 boards-Order",Briesemann & Co.,10,Feb,1889,13,April,1889,False,condensed,0.9,"Delta-Fredrikstad-60,000 boards-Briesemann & Co.; 400 boards-Order"
18890413p.382_p001.txt,145,Nicanor,Drammen,LONDON,182 fms. firewood,,10,Feb,1889,13,April,1889,False,condensed,0.9,Nicanor Drammen-182 fms. firewood-Order
18890413p.382_p001.txt,146,Commerzienrath Fowler,Memel,LONDON,"1,464 pcs. timber, 1,118 sleeper blocks, 33,150 staves",,10,Feb,1889,13,April,1889,True,condensed,0.9,"Commerzienrath Fowler (s)-Memel-1,464 pcs. timber, 1,118 sleeper blocks, 33,150 staves-Order"
18890413p.382_p001.txt,147,Westphalia,Fredrikstad,LONDON,"88,287 boards, 36,150 bdls. laths",,5,Feb,1889,13,April,1889,False,condensed,0.9,"5 Westphalia-Fredrikstad-88,287 boards, 36,150 bdls. laths-Order"
18890413p.382_p001.txt,148,Martha,Domsjo,LONDON,207 fms. firewood,,5,Feb,1889,13,April,1889,False,condensed,0.9,Martha-Domsjo-207 fms. firewood-Order
18890413p.382_p001.txt,149,Asynia,Fredrikstad,LONDON,"21,350 boards, 536 battens, 970 bdls. laths-Dahl & Co",Dahl & Co,6,Feb,1889,13,April,1889,False,condensed,0.9,"6 Asynia-Fredrikstad-21,350 boards, 536 battens, 970 bdls. laths-Dahl & Co"
18890413p.382_p001.txt,150,Sverre,Fredrikstad,LONDON,"102,633 pcs. flooring-F. Briesemann & Co. 899 bdls. skirting, 1,415 bdls. mouldings-Dolton, Bournes, & Co.; 30 fms. firewood-Duus, Brown, & Co.; 200 boards-Master",F. Briesemann & Co.,6,Feb,1889,13,April,1889,False,condensed,0.9,"Sverre-Fredrikstad-102,633 pcs. flooring-F. Briesemann & Co.; 899 bdls. skirting, 1,415 bdls. mouldings-Dolton, Bournes, & Co.; 30 fms. firewood-Duus, Brown, & Co.; 200 boards-Master"
18890413p.382_p001.txt,151,Avena,Uddevalla,LONDON,"20 crts. trellis, 10 crts. frames, 186 doors, 109 bdls. wood, 550 bdls. mouldings-S. Brown",S. Brown,8,Feb,1889,13,April,1889,True,condensed,0.9,"8 Avena (s)-Uddevalla-20 crts. trellis, 10 crts. frames, 186 doors, 109 bdls. wood, 550 bdls. mouldings-S. Brown"
18890413p.382_p001.txt,152,Tauna,Porsgrund,LONDON,"221 fms. firewood 21 spars, 32 rickers-A. C. Petersen",,8,Feb,1889,13,April,1889,False,condensed,0.9,"Tauna-Porsgrund-221 fms. firewood-Order; 21 spars, 32 rickers-A. C. Petersen"
18890413p.382_p001.txt,153,Towo,Fredrikstad,LONDON,"2,013 pcs. redwood, 87,949 flooring boards",,8,Feb,1889,13,April,1889,False,condensed,0.9,"Towo-Fredrikstad-2,013 pcs. redwood, 87,949 flooring boards-Order"
18890413p.382_p001.txt,154,Ellida,Fredrikstad,LONDON,915 lds. firewood,,8,Feb,1889,13,April,1889,False,condensed,0.9,Ellida-Fredrikstad-915 lds. firewood-Order
18890413p.382_p001.txt,155,Thekla,Fredrikstad,LONDON,"140 fms. firewood-With, Webster, & Co.","With, Webster, & Co.",9,Feb,1889,13,April,1889,False,condensed,0.9,"9 Thekla-Fredrikstad-140 fms. firewood-With, Webster, & Co."
18890413p.382_p001.txt,156,Hebe,Riser,LONDON,247 fms. firewood-Duus,Duus,9,Feb,1889,13,April,1889,False,condensed,0.9,Hebe-Riser-247 fms. firewood-Duus
18890413p.382_p001.txt,157,Waldimir,Tvedestrand,LONDON,"6,625 planks and battens, 56 fms. firewood-Salvage Association",Salvage Association,9,Feb,1889,13,April,1889,False,condensed,0.9,"Waldimir-Tvedestrand-6,625 planks and battens, 56 fms. firewood-Salvage Association"
18890413p.382_p001.txt,158,Erato,Arendal,LONDON,"32,454 battens",,9,Feb,1889,13,April,1889,False,condensed,0.9,"Erato-Arendal-32,454 battens-Order"
18890413p.382_p001.txt,159,Ariel,Tvedestrand,LONDON,"7,164 deals and battens, 35 fms. firewood-Salvage Association",Salvage Association,9,Feb,1889,13,April,1889,False,condensed,0.9,"Ariel-Tvedestrand-7,164 deals and battens, 35 fms. firewood-Salvage Association"
18890413p.382_p001.txt,160,August and Marie,Tvedestrand,LONDON,"7,517 battens, 59 fms. firewood-Salvage Association",Salvage Association,9,Feb,1889,13,April,1889,False,condensed,0.9,"August and Marie - Tvedestrand - 7,517 battens, 59 fms. firewood-Salvage Association"
18890413p.382_p001.txt,161,Astracan,Fredrikstad,LONDON,"39 bdls. laths, 45,801 pcs. flooring-With, Webster, & Co. 527 bdls. laths, 4 fms. firewood, 31,889 flooring boards, 5,922 battens-Boyson","With, Webster, & Co.",9,Feb,1889,13,April,1889,False,condensed,0.9,"Astracan-Fredrikstad-39 bdls. laths, 45,801 pcs. flooring-With, Webster, & Co.; 527 bdls. laths, 4 fms. firewood, 31,889 flooring boards, 5,922 battens-Boyson"
18890413p.382_p001.txt,162,Solon,Christiania,LONDON,10 fms. firewood-Duus,Duus,10,Feb,1889,13,April,1889,False,condensed,0.9,10 Solon-Christiania-10 fms. firewood-Duus
18890413p.382_p001.txt,165,Robilant,New York,LONDON,"3,833 pcs. staves",,10,Feb,1889,13,April,1889,True,condensed,0.9,"Robilant (s)-New York-3,833 pcs. staves-Order"
18890413p.382_p001.txt,166,Rialto,Boston,LONDON,"108 pcs. birch-Price & Pierce 1,913 deals-R. R. Dobell & Co.; cs. splints-Bryant",Price & Pierce,10,Feb,1889,13,April,1889,True,condensed,0.9,"Rialto (s)-Boston-108 pcs. birch-Price & Pierce; 1,913 deals-R. R. Dobell & Co.; cs. splints-Bryant"
18890413p.382_p001.txt,167,Bretwalda,Baltimore,LONDON,2 cars staves,,5,Feb,1889,13,April,1889,True,condensed,0.9,5 Bretwalda (s)-Baltimore-2 cars staves-Order
18890413p.382_p001.txt,168,Bele,Gothenburg,LONDON,"405 doors-King & Co. 680 doors-Crow & Son""; 120 pkgs. wood-J. W. Uloth & Co.; 2,000 bdls. laths-Foy, Morgan, & Co.; 80 prs. oars-Order",King & Co.,8,Feb,1889,13,April,1889,True,condensed,0.9,"8 Bele (s)-Gothenburg-405 doors-King & Co.; 680 doors-Crow & Son""; 120 pkgs. wood-J. W. Uloth & Co.; 2,000 bdls. laths-Foy, Morgan, & Co.; 80 prs. oars-Order"
18890413p.382_p001.txt,169,Panther,Christiania,LONDON,"416 bdls. box boards-Nicks & Penton 325 bdls. box boards-J. Terry & Co.; 4,000 bdls. box boards-Persian Gulf Trading Co.; 2,604 scantlings-With, Webster, & Co.; 4,000 bdls. box boards-Order",Nicks & Penton,8,Feb,1889,13,April,1889,True,condensed,0.9,"Panther (s)-Christiania-416 bdls. box boards -Nicks & Penton; 325 bdls. box boards-J. Terry & Co.; 4,000 bdls. box boards-Persian Gulf Trading Co.; 2,604 scantlings-With, Webster, & Co.; 4,000 bdls. box boards-Order"
18890413p.382_p001.txt,170,Ludgate Hill,New York,LONDON,"200 crts. lumber-T. B. Blow 1,158 boards-Churchill & Sim; 2,434 pkgs. lumber, 1,000 bdls. linings, 1,110 bdls. hoops-Order",T. B. Blow,8,Feb,1889,13,April,1889,True,condensed,0.9,"Ludgate Hill (s)-New York-200 crts. lumber -T. B. Blow; 1,158 boards-Churchill & Sim; 2,434 pkgs. lumber, 1,000 bdls. linings, 1,110 bdls. hoops-Order"
18890413p.382_p001.txt,171,Rossetta,Pillau,LONDON,455 blocks wood-J. Butterfield,J. Butterfield,8,Feb,1889,13,April,1889,True,condensed,0.9,Rossetta (s)-Pillau-455 blocks wood-J. Butterfield
18890413p.382_p001.txt,172,Bjorn,Gothenburg,LONDON,"1,000 bdls. laths-Foy, Morgan & Co. 9,480 boards-With, Webster, & Co.; 86 dos. deals, 1,018 pcs. joinery-W. R. Crow; 86 dos. deals, 553 pkgs. battens, 15 fms. firewood-Order","Foy, Morgan & Co.",9,Feb,1889,13,April,1889,True,condensed,0.9,"9 Bjorn (s)-Gothenburg-1,000 bdls. laths-Foy, Morgan & Co.; 9,480 boards-With, Webster, & Co.; 86 dos. deals, 1,018 pcs. joinery-W. R. Crow; 86 dos. deals, 553 pkgs. battens, 15 fms. firewood-Order"
18890413p.382_p001.txt,173,Anna,Fredrikstad,LONDON,"32,156 flooring boards",,9,Feb,1889,13,April,1889,False,condensed,0.9,"Anna-Fredrikstad-32,156 flooring boards-Order"
18890413p.382_p001.txt,174,Skane,Gothenburg,LONDON,"30 fms. firewood-Duus, Brown, & Co. 45,998 boards-With, Webster, & Co.; 4,669 props, 22 fms. firewood-Order","Duus, Brown, & Co.",9,Feb,1889,13,April,1889,True,condensed,0.9,"Skane (s)-Gothenburg-30 fms. firewood-Duus, Brown, & Co.; 45,998 boards-With, Webster, & Co.; 4,669 props, 22 fms. firewood-Order"
18890413p.382_p001.txt,177,Columbus,Krageroe,LONDON,"148 fms. firewood-With, Webster, & Co.","With, Webster, & Co.",9,Feb,1889,13,April,1889,False,condensed,0.9,"Columbus-Krageroe-148 fms. firewood -With, Webster, & Co."
18890413p.382_p001.txt,180,Maine,Baltimore,TILBURY DOCKS,"735 pcs., 143 bdls. lumber-W. Mallinson 893 bdls. lock; 3,000 hhd. oak boards, 1,600 bdls. staves-Hattley Hay; 64 bdls. floorings, 5,794 pcs. lumber in tr.-Order",W. Mallinson,9,Feb,1889,13,April,1889,True,condensed,1.0,"Maine (s)-Baltimore-735 pcs., 143 bdls. lumber-W. Mallinson; 893 bdls. lock; 3,000 hhd. oak boards, 1,600 bdls. staves-Hattley Hay; 64 bdls. floorings, 5,794 pcs. lumber in tr.-Order"
18890413p.382_p001.txt,183,Damara,St. John,TILBURY DOCKS,"9,228 ends-Churchill & Sim 2,329 cs. splints-G. Boot; from Halifax-1,700 cs. splints-G. Boot; May; 156 cs. splints-G. Boot",Churchill & Sim,9,Feb,1889,13,April,1889,True,condensed,1.0,"Damara (s)-St. John-9,228 ends-Churchill & Sim; 2,329 cs. splints-G. Boot; from Halifax-1,700 cs. splints-G. Boot; May; 156 cs. splints-G. Boot"
18890413p.382_p001.txt,186,Gannet,Bordeaux,LONDON (TILBURY DOCKS),560 lds. pitwood,,9,Feb,1889,13,April,1889,True,condensed,0.9,Gannet (s)-Bordeaux-560 lds. pitwood-Order
18890413p.382_p001.txt,189,Memento,Porsgrund,LONDON (TILBURY DOCKS),"14,000 props",,9,Feb,1889,13,April,1889,False,condensed,0.9,"Memento-Porsgrund-14,000 props-Order"
18890413p.382_p001.txt,192,Oliva,Danzig,LONDON (TILBURY DOCKS),"6,007 tts. sleepers",,9,Feb,1889,13,April,1889,True,condensed,0.9,"Oliva (s)-Danzig-6,007 tts. sleepers-Order"
18890413p.382_p001.txt,195,Intrepide,Landerneau,LONDON (TILBURY DOCKS),"120 lds. pitwood-Nevill, Druce, & Co.","Nevill, Druce, & Co.",9,Feb,1889,13,April,1889,False,condensed,0.9,"Intrepide-Landerneau-120 lds. pitwood-Nevill, Druce, & Co."
18890413p.382_p001.txt,198,Emanuel,Skien,LONDON (TILBURY DOCKS),"1,121 pcs. square timber, 1,325 props-W. J. Watson & Co.",W. J. Watson & Co.,9,Feb,1889,13,April,1889,False,condensed,0.9,"Emanuel-Skien-1,121 pcs. square timber, 1,325 props-W. J. Watson & Co."
18890413p.382_p001.txt,199,Sandoen,Arendal,LONDON (TILBURY DOCKS),"1,357 pcs. square timber, 624 props-W. J. Watson & Co.",W. J. Watson & Co.,6,Feb,1889,13,April,1889,False,condensed,0.9,"6 Sandoen-Arendal-1,357 pcs. square timber, 624 props-W. J. Watson & Co."
18890413p.382_p001.txt,202,Scandia,Fredrikstad,LONDON (TILBURY DOCKS),"24,700 deals and boards-Parsons Bros.",Parsons Bros.,6,Feb,1889,13,April,1889,False,condensed,0.9,"Scandia-Fredrikstad-24,700 deals and boards-Parsons Bros."
18890413p.382_p001.txt,203,Hjalmar,Fredrikstad,LONDON (TILBURY DOCKS),"53,162 props-Mitchels & Moller",Mitchels & Moller,6,Feb,1889,13,April,1889,False,condensed,0.9,"Hjalmar-Fredrikstad - 53,162 props-Mitchels & Moller"
18890413p.382_p001.txt,204,Hjalmar,Moss,LONDON (TILBURY DOCKS),"39,466 pit props-Moller",Moller,6,Feb,1889,13,April,1889,False,condensed,0.9,"Hjalmar-Moss-39,466 pit props-Moller"
18890413p.382_p001.txt,205,Oscar,Halmstad,LONDON (TILBURY DOCKS),"13,906 props-Moller",Moller,6,Feb,1889,13,April,1889,False,condensed,0.9,"Oscar-Halmstad-13,906 props-Moller"
18890413p.382_p001.txt,206,Haabet,Drammen,LONDON (TILBURY DOCKS),"47,785 pit props-Moller",Moller,6,Feb,1889,13,April,1889,False,condensed,0.9,"Haabet-Drammen-47,785 pit props-Moller"
18890413p.382_p001.txt,207,Silentia,Drammen,LONDON (TILBURY DOCKS),"37,485 pit props-Moller",Moller,6,Feb,1889,13,April,1889,False,condensed,0.9,"Silentia-Drammen-37,485 pit props-Moller"
18890413p.382_p001.txt,208,Cort Adelair,Laurvig,LONDON (TILBURY DOCKS),"968 pcs. mining timber, 7,309 pit props-T. Atkinson",T. Atkinson,6,Feb,1889,13,April,1889,False,condensed,0.9,"Cort Adelair-Laurvig-968 pcs. mining timber, 7,309 pit props-T. Atkinson"
18890413p.382_p001.txt,211,Union,Rochefort,NEWPORT,500 lds. pitwood-Newport Pitwood Co.,Newport Pitwood Co.,6,Feb,1889,13,April,1889,False,condensed,1.0,Union-Rochefort-500 lds. pitwood-Newport Pitwood Co.
18890413p.382_p001.txt,212,Esk,Bordeaux,NEWPORT,700 lds. pitwood-Vale Co.,Vale Co.,3,Feb,1889,13,April,1889,True,condensed,1.0,3 Esk (s)-Bordeaux-700 lds. pitwood-Vale Co.
18890413p.382_p001.txt,213,Thomas Coats,Bordeaux,NEWPORT,990 lds. pitwood-Newport Pitwood Co.,Newport Pitwood Co.,3,Feb,1889,13,April,1889,True,condensed,1.0,Thomas Coats (s)-Bordeaux-990 lds. pitwood -Newport Pitwood Co.
18890413p.382_p001.txt,214,Paul,Hennebont,NEWPORT,220 lds. pit props,,3,Feb,1889,13,April,1889,False,condensed,1.0,Paul-Hennebont-220 lds. pit props-Order
18890413p.382_p001.txt,215,Vidar,Bordeaux,NEWPORT,600 lds. pitwood-Newport Pitwood Co.,Newport Pitwood Co.,3,Feb,1889,13,April,1889,True,condensed,0.9,Vidar (s)-Bordeaux-600 lds. pitwood-Newport Pitwood Co.
18890413p.382_p001.txt,216,Scheldt,Bordeaux,NEWPORT,"1,000 lds. pitwood-Simkin Bros.",Simkin Bros.,4,Feb,1889,13,April,1889,True,condensed,0.9,"4 Scheldt (s)-Bordeaux-1,000 lds. pitwood-Simkin Bros."
18890413p.382_p001.txt,217,Ernestine,Pontaven,NEWPORT,140 lds. pitwood-Budd & Co.,Budd & Co.,4,Feb,1889,13,April,1889,False,condensed,0.9,Ernestine-Pontaven-140 lds. pitwood-Budd & Co.
18890413p.382_p001.txt,218,Maurice,Roche Bernard,NEWPORT,197 lds. pitwood-Newport Pitwood Co.,Newport Pitwood Co.,5,Feb,1889,13,April,1889,False,condensed,0.9,5 Maurice-Roche Bernard-197 lds. pitwood-Newport Pitwood Co.
18890413p.382_p001.txt,219,Iron Queen,"Halifax, N.S.",NEWPORT,"6,249 spruce deal ends-T. B. & S. Batchelor & Co.",T. B. & S. Batchelor & Co.,5,Feb,1889,13,April,1889,False,condensed,0.9,"Iron Queen-Halifax, N.S.-6,249 spruce deal ends-T. B. & S. Batchelor & Co."
18890413p.382_p001.txt,220,Isabel,Bordeaux,NEWPORT,"1,250 lds. pitwood",,8,Feb,1889,13,April,1889,False,condensed,0.9,"8 Isabel-Bordeaux-1,250 lds. pitwood-Order"
18890413p.382_p001.txt,221,Fordenskjold,Bordeaux,NEWPORT,380 lds. pitwood-Newport Pitwood Co.,Newport Pitwood Co.,8,Feb,1889,13,April,1889,False,condensed,0.9,Fordenskjold-Bordeaux-380 lds. pitwood-Newport Pitwood Co.
18890413p.382_p001.txt,227,Sirius,Drammen,NEWPORT,"31,953 pcs. deals-James Bros. & Co.",James Bros. & Co.,8,Feb,1889,13,April,1889,False,condensed,0.9,"Sirius-Drammen-31,953 pcs. deals-James Bros. & Co."
18890413p.382_p001.txt,228,Haabet,Fredrikshald,NEWPORT,"58,171 pcs. deals-Fox, Eliott, & Co.","Fox, Eliott, & Co.",3,Feb,1889,13,April,1889,False,condensed,0.9,"3 Haabet-Fredrikshald-58,171 pcs. deals-Fox, Eliott, & Co."
18890413p.382_p001.txt,231,Miletus,Drammen,POOLE,"34,692 pcs. deals-Jewson Bros.",Jewson Bros.,3,Feb,1889,13,April,1889,False,condensed,1.0,"Miletus-Drammen-34,692 pcs. deals-Jewson Bros."
18890413p.382_p001.txt,234,Wavelet,Christiania,POOLE,"6,596 spars-Storekeeper, Dockyard","Storekeeper, Dockyard",3,Feb,1889,13,April,1889,False,condensed,1.0,"Wavelet-Christiania-6,596 spars-Storekeeper, Dockyard"
18890413p.382_p001.txt,237,Saphir,Christiansand,POOLE,"210 lds. firewood, 18 lds. staves-W. & S. Scott",W. & S. Scott,3,Feb,1889,13,April,1889,False,condensed,0.9,"Saphir-Christiansand-210 lds. firewood, 18 lds. staves-W. & S. Scott"
18890413p.382_p001.txt,238,Emil,Skien,POOLE,"600,200 staves-Formby & Co.",Formby & Co.,4,Feb,1889,13,April,1889,False,condensed,0.9,"4 Emil-Skien-600,200 staves-Formby & Co."
18890413p.382_p001.txt,239,Rosa,Dordt,POOLE,"6,250 bdls. split noe.-P. Horris",P. Horris,8,Feb,1889,13,April,1889,False,condensed,0.9,"8 Rosa-Dordt-6,250 bdls. split noe.-P. Horris"
18890413p.382_p001.txt,242,Concordia,Fredrikshald,POOLE,"24,364 pcs. sawn fir-Dolton, Bournes, & Dolton","Dolton, Bournes, & Dolton",8,Feb,1889,13,April,1889,False,condensed,0.9,"Concordia-Fredrikshald-24,364 pcs. sawn fir-Dolton, Bournes, & Dolton"
18890413p.382_p001.txt,243,Emanuel,Fredrikshald,POOLE,"38,161 pcs. deals-Elliott & Sons",Elliott & Sons,8,Feb,1889,13,April,1889,False,condensed,0.9,"8 Emanuel-Fredrikshald-38,161 pcs. deals-Elliott & Sons"
18890413p.382_p001.txt,246,Anna,Halmstad,POOLE,"15,034 props-Moller",Moller,8,Feb,1889,13,April,1889,False,condensed,0.9,"Anna-Halmstad-15,034 props-Moller"
18890413p.382_p001.txt,247,Gustaf,Halmstad,POOLE,"13,186 pit props-Moller",Moller,8,Feb,1889,13,April,1889,False,condensed,0.9,"Gustaf-Halmstad-13,186 pit props-Moller"
18890413p.382_p001.txt,248,Ariel,Holmestrand,POOLE,"38,330 pit props-Moller",Moller,8,Feb,1889,13,April,1889,False,condensed,0.9,"Ariel-Holmestrand-38,330 pit props-Moller"
18890413p.382_p001.txt,249,Brodrene,Mandal,POOLE,"3,842 props-Wiener",Wiener,8,Feb,1889,13,April,1889,False,condensed,0.9,"Brodrene-Mandal-3,842 props-Wiener"
18890413p.382_p001.txt,250,Moller Sarpsborg,Holmestrand,POOLE,"14,860 pit props-Rayner & Moller",Rayner & Moller,8,Feb,1889,13,April,1889,False,condensed,0.9,"Moller Sarpsborg-Holmestrand-14,860 pit props-Rayner & Moller"
18890413p.382_p001.txt,253,Emma Sophia,Halmstad,POOLE,"17,023 pit props-shel, Pedersen, & Co.","shel, Pedersen, & Co.",8,Feb,1889,13,April,1889,False,condensed,0.9,"Emma Sophia-Halmstad-17,023 pit props-shel, Pedersen, & Co."
18890413p.382_p001.txt,254,Fram,Drammen,POOLE,"37,997 pit props-Moller",Moller,8,Feb,1889,13,April,1889,False,condensed,0.9,"Fram-Drammen-37,997 pit props-Moller"
18890413p.382_p001.txt,255,Penelope,Uddevalla,POOLE,"34,042 pit props-Moller",Moller,8,Feb,1889,13,April,1889,False,condensed,0.9,"Penelope-Uddevalla-34,042 pit props-Moller"
18890413p.382_p001.txt,258,Valia,Bayonne,POOLE,850 lds. pitwood-Capelle,Capelle,8,Feb,1889,13,April,1889,True,condensed,0.9,Valia (s)-Bayonne-850 lds. pitwood-Capelle
18890413p.382_p001.txt,261,Viking,Gothenburg,TYNE,"160 lds. birch props, 20 lds. (s)",,8,Feb,1889,13,April,1889,True,condensed,1.0,"Viking (s)-Gothenburg-160 lds. birch props, 20 lds. (s)-Gothenburg-6,000 pit props-Order"
18890413p.382_p001.txt,262,Oscar,Holmestrand,TYNE,"17,711 pit props and boards",,3,Feb,1889,13,April,1889,False,condensed,1.0,"3 Oscar - Holmestrand-17,711 pit props and boards-Order"
18890413p.382_p001.txt,263,Ida,Helsingborg,TYNE,"10,307 deals, battens, and boards",,3,Feb,1889,13,April,1889,False,condensed,1.0,"Ida-Helsingborg - 10,307 deals, battens, and boards-Order"
18890413p.382_p001.txt,264,Felix,Holmestrand,TYNE,"14,366 pit props",,3,Feb,1889,13,April,1889,False,condensed,1.0,"Felix-Holmestrand - 14,366 pit props-Order"
18890413p.4.txt,12,Aristides,Drobak,TYNE,953 lds. pit props-Alloa Coal Co.,Alloa Coal Co.,8,Feb,1889,13,April,1889,False,condensed,0.9,Aristides Drobak-953 lds. pit props-Alloa Coal Co.
18890413p.4.txt,13,Helene,Aasgaardstrand,TYNE,"12,656 pit props-Kirkwood & Co.",Kirkwood & Co.,8,Feb,1889,13,April,1889,False,condensed,0.9,"Helene-Aasgaardstrand-12,656 pit props-Kirkwood & Co."
18890413p.4.txt,14,Rap,Moss,TYNE,"5,335 pit props-Jas. Cairns",Jas. Cairns,8,Feb,1889,13,April,1889,False,condensed,0.9,"8 Rap-Moss-5,335 pit props-Jas. Cairns"
18890413p.4.txt,15,Rennen,Sandefjord,TYNE,"15,527 pit props-J. D. Johanson & Co.",J. D. Johanson & Co.,8,Feb,1889,13,April,1889,False,condensed,0.9,"Rennen-Sandefjord-15,527 pit props-J. D. Johanson & Co."
18890413p.4.txt,18,Mary,Gothenburg,TYNE,"4,502 deals and battens-P. H. McPherson & Co.",P. H. McPherson & Co.,8,Feb,1889,13,April,1889,False,condensed,0.9,"Mary-Gothenburg-4,502 deals and battens-P. H. McPherson & Co."
18890413p.4.txt,21,Mentor,Drammen,BORROWSTOUNNESS,"28,321 pcs. pitwood-Love & Stewart",Love & Stewart,8,Feb,1889,13,April,1889,False,condensed,1.0,"Mentor-Drammen-28,321 pcs. pitwood -Love & Stewart"
18890413p.4.txt,22,Fremad,Christiansand,BORROWSTOUNNESS,"10,000 pcs. pitwood-John Denholm & Co.",John Denholm & Co.,5,Feb,1889,13,April,1889,False,condensed,1.0,"5 Fremad-Christiansand-10,000 pcs. pitwood -John Denholm & Co."
18890413p.4.txt,23,Andover,Drammen,BORROWSTOUNNESS,"24,294 pcs. pitwood-John Denholm & Co.",John Denholm & Co.,5,Feb,1889,13,April,1889,False,condensed,1.0,"Andover-Drammen-24,294 pcs. pitwood-John Denholm & Co."
18890413p.4.txt,24,Talma,Drammen,BORROWSTOUNNESS,"49,847 pcs. pitwood-Love & Denholm & Co.",Love & Denholm & Co.,5,Feb,1889,13,April,1889,False,condensed,1.0,"Talma-Drammen-49,847 pcs. pitwood-Love & Denholm & Co."
18890413p.4.txt,25,Bertha,Drammen,BORROWSTOUNNESS,"12,282 pcs. pitwood-John Denholm & Co.",John Denholm & Co.,6,Feb,1889,13,April,1889,False,condensed,0.9,"6 Bertha-Drammen-12,282 pcs. pitwood-John Denholm & Co."
18890413p.4.txt,26,Mathilde,Drammen,BORROWSTOUNNESS,"23,500 pcs. pitwood-John Denholm & Co.",John Denholm & Co.,6,Feb,1889,13,April,1889,False,condensed,0.9,"Mathilde-Drammen-23,500 pcs. pitwood-John Denholm & Co."
18890413p.4.txt,31,Telegraphic,Address,BORROWSTOUNNESS,""" BEATTIE,"" LEITH.",,6,Feb,1889,13,April,1889,False,condensed,0.9,"Telegraphic Address—"" BEATTIE,"" LEITH."
18890413p.4.txt,34,State of Georgia,New York,BORROWSTOUNNESS,"247 pkgs. wood-Singer Manufacturing Co. 600 pipe staves, 6,885 barrel staves-Hamilton & Co.",Singer Manufacturing Co.,6,Feb,1889,13,April,1889,False,condensed,0.9,"State of Georgia-New York-247 pkgs. wood-Singer Manufacturing Co. ; 600 pipe staves, 6,885 barrel staves-Hamilton & Co."
18890413p.4.txt,35,Brookfield,Baltimore,BORROWSTOUNNESS,"3,218 pcs. oak lumber-James Kennedy & Co. 175 pcs. poplar lumber, 21 walnut logs, 46 poplar logs-Govan & Co. ; 28 poplar logs-Allison, Cousland, & Co. ; 3,300 hhd. staves-Hay & Glasgow.",James Kennedy & Co.,2,Feb,1889,13,April,1889,False,condensed,0.9,"2 Brookfield-Baltimore-3,218 pcs. oak lumber-James Kennedy & Co. ; 175 pcs. poplar lumber, 21 walnut logs, 46 poplar logs-Govan & Co. ; 28 poplar logs-Allison, Cousland, & Co. ; 3,300 hhd. staves-Hay & Glasgow."
18890413p.4.txt,36,Manitoban,Boston,BORROWSTOUNNESS,"2,400 staves-Wright",Wright,3,Feb,1889,13,April,1889,False,condensed,0.9,"3 Manitoban-Boston-2,400 staves-Wright"
18890413p.4.txt,37,Niobe,Havre and Rouen,BORROWSTOUNNESS,216 staves-J. & P. Hutchison,J. & P. Hutchison,8,Feb,1889,13,April,1889,False,condensed,0.9,8 Niobe-Havre and Rouen-216 staves-J. & P. Hutchison
18890413p.4.txt,38,Greata,Gothenburg,BORROWSTOUNNESS,"1,150 bdls. laths, 113 bgs., 35 bdls. turned wood",,8,Feb,1889,13,April,1889,False,condensed,0.9,"Greata-Gothenburg-1,150 bdls. laths, 113 bgs., 35 bdls. turned wood-Order"
18890413p.4.txt,41,Berend,Memel,BORROWSTOUNNESS,"6,179 deals-Brownlee",Brownlee,8,Feb,1889,13,April,1889,False,condensed,0.9,"Berend-Memel-6,179 deals-Brownlee"
18890413p.4.txt,42,Odin,Christiania,BORROWSTOUNNESS,"684 spars, 200 boathook handles, 8,294 pit props-Salvesen & Co.",Salvesen & Co.,8,Feb,1889,13,April,1889,False,condensed,0.9,"Odin-Christiania-684 spars, 200 boathook handles, 8,294 pit props-Salvesen & Co."
18890413p.4.txt,45,Rederinden,Drobak,BORROWSTOUNNESS,"5,146 pcs. pit props-Lochgelly Iron & Coal Co.",Lochgelly Iron & Coal Co.,8,Feb,1889,13,April,1889,False,condensed,0.9,"Rederinden-Drobak-5,146 pcs. pit props-Lochgelly Iron & Coal Co."
18890413p.4.txt,48,Talisman,Rotterdam,BORROWSTOUNNESS,"2,300 bdls. hoops-Geo. Gibson & Co.",Geo. Gibson & Co.,8,Feb,1889,13,April,1889,False,condensed,0.9,"Talisman-Rotterdam-2,300 bdls. hoops-Geo. Gibson & Co."
18890413p.4.txt,49,Kinghorn,Rotterdam,BORROWSTOUNNESS,40 bdls. hoops-George Gibson & Co.,George Gibson & Co.,5,Feb,1889,13,April,1889,False,condensed,0.9,5 Kinghorn-Rotterdam-40 bdls. hoops-George Gibson & Co.
18890413p.4.txt,50,Sir Walter,Bordeaux,BORROWSTOUNNESS,202 bdls. hoops-Thos. Aitken,Thos. Aitken,5,Feb,1889,13,April,1889,False,condensed,0.9,Sir Walter-Bordeaux-202 bdls. hoops-Thos. Aitken
18890413p.4.txt,51,Tobine,Skien,BORROWSTOUNNESS,160 lds. firewood-Ellingsen,Ellingsen,6,Feb,1889,13,April,1889,False,condensed,0.9,6 Tobine-Skien-160 lds. firewood-Ellingsen
18890413p.4.txt,52,Francis,Drammen,BORROWSTOUNNESS,268 lds. firewood-C. Salvesen & Co.,C. Salvesen & Co.,6,Feb,1889,13,April,1889,False,condensed,0.9,Francis - Drammen - 268 lds. firewood-C. Salvesen & Co.
18890413p.4.txt,53,Toledo,Danzig,BORROWSTOUNNESS,"56,813 oak staves-Jas. Currie & Co.",Jas. Currie & Co.,8,Feb,1889,13,April,1889,False,condensed,0.9,"8 Toledo-Danzig-56,813 oak staves-Jas. Currie & Co."
18890413p.4.txt,54,Talisman,Rotterdam,BORROWSTOUNNESS,80 bdls. hoops-George Gibson & Co.,George Gibson & Co.,8,Feb,1889,13,April,1889,False,condensed,0.9,Talisman-Rotterdam-80 bdls. hoops-George Gibson & Co.
18890413p.4.txt,57,De fre Soskinde,Drammen,MONTROSE,"6,953 fir battens-Robert Millar & Sons",Robert Millar & Sons,8,Feb,1889,13,April,1889,False,condensed,1.0,"De fre Soskinde-Drammen-6,953 fir battens-Robert Millar & Sons"
18890413p.4.txt,58,Sylvanus,Drammen,MONTROSE,"7,607 fir battens-Rob. Millar & Sons",Rob. Millar & Sons,8,Feb,1889,13,April,1889,False,condensed,1.0,"Sylvanus-Drammen-7,607 fir battens-Rob. Millar & Sons"
18890413p.4.txt,71,Telegraphic,Address,MONTROSE,""" HARDIE, LEITH.""",,8,Feb,1889,13,April,1889,False,condensed,0.9,"Telegraphic Address—"" HARDIE, LEITH."""
18890413p.4.txt,81,Telegraphic,Address,MONTROSE,""" SUMMERS,"" LEITH.",,8,Feb,1889,13,April,1889,False,condensed,0.9,"Telegraphic Address—"" SUMMERS,"" LEITH."
18890413p.4.txt,90,TIMBER MERCHANTS and,SAW,DUNDEE,"MILLERS, WOOD TURNERS, FRET CUTTERS, CARVERS, AND VENEER MERCHANTS",,8,Feb,1889,13,April,1889,False,condensed,0.9,"TIMBER MERCHANTS and SAW-MILLERS, WOOD TURNERS, FRET CUTTERS, CARVERS, AND VENEER MERCHANTS,"
18890413p.4.txt,146,Dealers,,PETITIONS PRESENTED,"in Mahogany, Lignum Vitæ, Oaks, Wainscots, Whitewood, Birch, Cedar, Ash, &c., and Veneers.",,8,Feb,1889,13,April,1889,False,condensed,0.9,"Dealers in—Mahogany, Lignum Vitæ, Oaks, Wainscots, Whitewood, Birch, Cedar, Ash, &c., and Veneers."
18890420p.4.txt,5,Harmonie,Christiansand,BO'NESS,167 lds. birch staves-Richard Cannon & Co.,Richard Cannon & Co.,8,Feb,1889,20,April,1889,False,condensed,0.9,Harmonie-Christiansand-167 lds. birch staves-Richard Cannon & Co.
18890420p.4.txt,6,Anna,Gothenburg,BO'NESS,"6,574 deals and battens-Davidson, Glegg, & Thomson","Davidson, Glegg, & Thomson",15,Feb,1889,20,April,1889,False,condensed,0.9,"15 Anna-Gothenburg-6,574 deals and battens-Davidson, Glegg, & Thomson"
18890420p.4.txt,7,Fylla,Lysekil,BO'NESS,8 lds. dunnage wood-Lunan,Lunan,15,Feb,1889,20,April,1889,False,condensed,0.9,Fylla-Lysekil-8 lds. dunnage wood-Lunan
18890420p.4.txt,9,Eleonore,Christiania,BO'NESS,"8,489 pit props-Cowdenbeath Coal Co.",Cowdenbeath Coal Co.,15,Feb,1889,20,April,1889,False,condensed,0.9,"Eleonore-Christiania-8,489 pit props-Cowdenbeath Coal Co."
18890420p.4.txt,10,Aurora,Fredrikshald,BO'NESS,"18,607 pit props-Love & Stewart",Love & Stewart,15,Feb,1889,20,April,1889,False,condensed,0.9,"Aurora-Fredrikshald-18,607 pit props-Love & Stewart"
18890420p.4.txt,11,Johanne,Arendal,BO'NESS,"8,191 pit props-Kirkwood",Kirkwood,15,Feb,1889,20,April,1889,False,condensed,0.9,"Johanne-Arendal-8,191 pit props-Kirkwood"
18890420p.4.txt,12,Emma,Halmstad,BO'NESS,"14,892 pit props-Smith",Smith,15,Feb,1889,20,April,1889,False,condensed,0.9,"Emma-Halmstad-14,892 pit props-Smith"
18890420p.4.txt,13,Zwadntje,Cornelia,BO'NESS,"Falkenberg 9,500 pit props-Love & Stewart",Love & Stewart,15,Feb,1889,20,April,1889,False,condensed,0.9,"10 Zwadntje Cornelia-Falkenberg 9,500 pit props-Love & Stewart"
18890420p.4.txt,14,Maril,Halmstad,BO'NESS,"31,750 pit props-Madsen",Madsen,11,Feb,1889,20,April,1889,False,condensed,0.9,"11 Maril-Halmstad-31,750 pit props-Madsen"
18890420p.4.txt,15,Adolphin,Falkenberg,BO'NESS,"14,395 pit props-Love & Stewart",Love & Stewart,11,Feb,1889,20,April,1889,False,condensed,0.9,"Adolphin-Falkenberg-14,395 pit props-Love & Stewart"
18890420p.4.txt,16,Oswald,Gothenburg,BO'NESS,"13,704 pit props-Madsen & Borch",Madsen & Borch,13,Feb,1889,20,April,1889,False,condensed,0.9,"13 Oswald-Gothenburg-13,704 pit props-Madsen & Borch"
18890420p.4.txt,18,Caprice,Fredrikshald,BO'NESS,"20,163 pit props-Love & Stewart",Love & Stewart,13,Feb,1889,20,April,1889,False,condensed,0.9,"Caprice-Fredrikshald-20,163 pit props-Love & Stewart"
18890420p.4.txt,20,Constance,Gothenburg,BO'NESS,171 lds. deals-Jas. Paterson & Co.,Jas. Paterson & Co.,13,Feb,1889,20,April,1889,False,condensed,0.9,Constance-Gothenburg-171 lds. deals-Jas. Paterson & Co.
18890420p.4.txt,22,Trio,Drammen,BORROWSTOUNNESS,"21,369 pcs. pitwood-John Denholm & Co.",John Denholm & Co.,13,Feb,1889,20,April,1889,False,condensed,1.0,"Trio-Drammen-21,369 pcs. pitwood-John Denholm & Co."
18890420p.4.txt,23,Ora and Labora,Falkenberg,BORROWSTOUNNESS,"5,300 pcs. hewn fir-Love & Stewart",Love & Stewart,13,Feb,1889,20,April,1889,False,condensed,1.0,"Ora and Labora-Falkenberg-5,300 pcs. hewn fir-Love & Stewart"
18890420p.4.txt,24,Roskilde,Falkenberg,BORROWSTOUNNESS,"9,047 pcs. hewn fir-Love & Stewart",Love & Stewart,13,Feb,1889,20,April,1889,False,condensed,1.0,"Roskilde-Falkenberg-9,047 pcs. hewn fir-Love & Stewart"
18890420p.4.txt,25,Johanna Magdalene,Falkenberg,BORROWSTOUNNESS,"6,152 pcs. pitwood-Love & Stewart",Love & Stewart,10,Feb,1889,20,April,1889,False,condensed,1.0,"10 Johanna Magdalene-Falkenberg-6,152 pcs. pitwood-Love & Stewart"
18890420p.4.txt,26,Jael,Sandefjord,BORROWSTOUNNESS,180 lds. pitwood-Denholm,Denholm,10,Feb,1889,20,April,1889,False,condensed,0.9,Jael-Sandefjord-180 lds. pitwood-Denholm
18890420p.4.txt,27,Louise,Sandefjord,BORROWSTOUNNESS,"20,400 pcs. pitwood-John Denholm & Co.",John Denholm & Co.,11,Feb,1889,20,April,1889,False,condensed,0.9,"11 Louise-Sandefjord-20,400 pcs. pitwood-John Denholm & Co."
18890420p.4.txt,28,Herman Eugene,Skien,BORROWSTOUNNESS,"19,956 pcs. hewn fir-Love & Stewart",Love & Stewart,11,Feb,1889,20,April,1889,False,condensed,0.9,"Herman Eugene-Skien-19,956 pcs. hewn fir-Love & Stewart"
18890420p.4.txt,29,Prinds Oscar Fredrik,Fredrikshald,BORROWSTOUNNESS,"40,069 pit props, 117 spars, 220 poles-Love",Love,13,Feb,1889,20,April,1889,False,condensed,0.9,"13 Prinds Oscar Fredrik-Fredrikshald-40,069 pit props, 117 spars, 220 poles-Love"
18890420p.4.txt,30,Fredrikke,Falkenberg,BORROWSTOUNNESS,"10,439 pit props-Love & Stewart",Love & Stewart,13,Feb,1889,20,April,1889,False,condensed,0.9,"John Denholm & Co. Fredrikke-Falkenberg-10,439 pit props-Love & Stewart"
18890420p.4.txt,36,Telegraphic,Address,BORROWSTOUNNESS,""" BEATTIE,"" LEITH.",,13,Feb,1889,20,April,1889,False,condensed,0.9,"Telegraphic Address—"" BEATTIE,"" LEITH."
18890420p.4.txt,41,Telegraphic,Address,BORROWSTOUNNESS,""" HARDIE, LEITH.""",,13,Feb,1889,20,April,1889,False,condensed,0.9,"Telegraphic Address—"" HARDIE, LEITH."""
18890420p.4.txt,51,Telegraphic,Address,BORROWSTOUNNESS,""" SUMMERS,"" LEITH.",,13,Feb,1889,20,April,1889,False,condensed,0.9,"Telegraphic Address—"" SUMMERS,"" LEITH."
18890420p.4.txt,60,Timber Merchants and,Saw,DUNDEE,"millers, Wood Turners, Fret Cutters, Carvers, and Veneer Merchants",,13,Feb,1889,20,April,1889,False,condensed,0.9,"Timber Merchants and Saw-millers, Wood Turners, Fret Cutters, Carvers, and Veneer Merchants,"
18890420p.4.txt,64,Yelva,Holmestrand,DUNDEE,"29,157 pit props-J. Denholm & Co.",J. Denholm & Co.,13,Feb,1889,20,April,1889,False,condensed,0.9,"Yelva-Holmestrand-29,157 pit props-J. Denholm & Co."
18890420p.4.txt,65,Swallow,Sandefjord,DUNDEE,"6,600 pit props-J. Denholm & Co.",J. Denholm & Co.,13,Feb,1889,20,April,1889,False,condensed,0.9,"Swallow-Sandefjord-6,600 pit props-J. Denholm & Co."
18890420p.4.txt,66,Caroline Auguste,Falkenberg,DUNDEE,"8,654 battens lds.",,13,Feb,1889,20,April,1889,False,condensed,0.9,"15 Caroline Auguste-Falkenberg-8,654 battens lds."
18890420p.4.txt,67,Chilone,Drammen,DUNDEE,"42,400 props-Denholm",Denholm,13,Feb,1889,20,April,1889,False,condensed,0.9,"Chilone-Drammen-42,400 props-Denholm"
18890420p.4.txt,68,Ellida,Falkenberg,DUNDEE,"10,562 props-Love",Love,13,Feb,1889,20,April,1889,False,condensed,0.9,"Ellida Falkenberg-10,562 props-Love"
18890420p.4.txt,69,Mowe,Windau,DUNDEE,"6,506 props-Love & Stewart.",Love & Stewart.,13,Feb,1889,20,April,1889,False,condensed,0.9,"Mowe-Windau-6,506 props-Love & Stewart."
18890420p.4.txt,71,Mathilde Jade,Gothenburg,DUNDEE,"9,914 fir deals and battens-Fleming & Barry",Fleming & Barry,13,Feb,1889,20,April,1889,False,condensed,0.9,"Mathilde Jade-Gothenburg-9,914 fir deals and battens-Fleming & Barry"
18890420p.4.txt,72,Satisfaction,Doboy,DUNDEE,"133 pcs. hewn pine, 588 pcs. sawn pine-Bell & Sime",Bell & Sime,12,Feb,1889,20,April,1889,False,condensed,0.9,"12 Satisfaction-Doboy-133 pcs. hewn pine, 588 pcs. sawn pine-Bell & Sime"
18890420p.4.txt,73,Renhas,Drontheim,DUNDEE,"11,130 deals and battens-John Jessiman",John Jessiman,12,Feb,1889,20,April,1889,False,condensed,0.9,"Renhas-Drontheim-11,130 deals and battens-John Jessiman"
18890420p.4.txt,75,State of Nevada,New York,DUNDEE,630 pkgs. wood-Singer Manufacturing Company 63 pkgs. oar blocks-Bennet Furnishing Company ; 600 pipe staves-R. Hamilton & Co. ; 11 cs. wood-Order,Singer Manufacturing Company,12,Feb,1889,20,April,1889,False,condensed,0.9,State of Nevada-New York-630 pkgs. wood-Singer Manufacturing Company ; 63 pkgs. oar blocks-Bennet Furnishing Company ; 600 pipe staves-R. Hamilton & Co. ; 11 cs. wood-Order
18890420p.4.txt,76,Norwegian,Halifax and Philadelphia,DUNDEE,"33 cs. spools-J. & P. Coats 26 cs. spools-Clark & Co. ; 1,200 staves-Edmiston & Co.",J. & P. Coats,12,Feb,1889,20,April,1889,False,condensed,0.9,"Order Norwegian-Halifax and Philadelphia-33 cs. spools-J. & P. Coats ; 26 cs. spools-Clark & Co. ; 1,200 staves-Edmiston & Co."
18890420p.4.txt,78,Aleides,Halifax and Baltimore,DUNDEE,"1,502 oak boards, 4,201 staves, 112 walnut logs-Allison, Cousland, & Co.","Allison, Cousland, & Co.",15,Feb,1889,20,April,1889,False,condensed,0.9,"15 Aleides-Halifax and Baltimore-1,502 oak boards, 4,201 staves, 112 walnut logs-Allison, Cousland, & Co."
18890420p.4.txt,79,Baron Douglas,Trieste and Fiume,DUNDEE,286 oak planks-R. Hamilton & Co.,R. Hamilton & Co.,15,Feb,1889,20,April,1889,False,condensed,0.9,Baron Douglas-Trieste and Fiume-286 oak planks-R. Hamilton & Co.
18890420p.4.txt,80,Siberian,Boston,DUNDEE,"2,400 staves-Wright & Breakenridge 400 butt staves-Hay",Wright & Breakenridge,15,Feb,1889,20,April,1889,False,condensed,0.9,"Siberian-Boston-2,400 staves-Wright & Breakenridge ; 400 butt staves-Hay"
18890420p.4.txt,81,Trinacria,Boston,DUNDEE,"1,200 staves",,15,Feb,1889,20,April,1889,False,condensed,0.9,"Trinacria-Boston-1,200 staves-Order"
18890420p.4.txt,83,Norma,Riga,DUNDEE,"10,846 deals-Robinson",Robinson,15,Feb,1889,20,April,1889,False,condensed,0.9,"Norma-Riga-10,846 deals-Robinson"
18890420p.4.txt,84,Nordsee,Windau,DUNDEE,"16,242 deals and battens-P. & J. Wilkie",P. & J. Wilkie,12,Feb,1889,20,April,1889,False,condensed,0.9,"12 Nordsee-Windau-16,242 deals and battens-P. & J. Wilkie"
18890420p.4.txt,86,Frithiof,Gothenburg,DUNDEE,"3,925 props-C Salvesen & Co.",C Salvesen & Co.,12,Feb,1889,20,April,1889,True,condensed,0.9,"Frithiof (s)-Gothenburg-3,925 props-C Salvesen & Co."
18890420p.4.txt,87,Faroel,Christiansand,DUNDEE,"25,032 props-Madsen & Borch",Madsen & Borch,10,Feb,1889,20,April,1889,False,condensed,0.9,"10 Faroel-Christiansand-25,032 props-Madsen & Borch"
18890420p.4.txt,88,Faloder,Christiania,DUNDEE,8 lds. sawn fir-C. Salvesen & Co.,C. Salvesen & Co.,15,Feb,1889,20,April,1889,False,condensed,0.9,15 Faloder-Christiania-8 lds. sawn fir-C. Salvesen & Co.
18890420p.4.txt,91,MISSING_FROM_OCR,Rangoon,GREENOCK,"13,428 teak blocks",,15,Feb,1889,20,April,1889,False,condensed,0.9,"Rangoon-13,428 teak blocks,"
18890420p.4.txt,95,Order,,GREENOCK,ascagoula 332 pcs. hewn p.p.,,15,Feb,1889,20,April,1889,False,condensed,0.9,Order ascagoula-332 pcs. hewn p.p.
18890420p.4.txt,103,Christiania,,INVERNESS,rops J. Budge,,15,Feb,1889,20,April,1889,False,condensed,1.0,Christiania rops-J. Budge
18890420p.4.txt,107,MISSING_FROM_OCR,Drammen,INVERNESS,635 lds. fire-,,15,Feb,1889,20,April,1889,False,condensed,0.9,Drammen-635 lds. fire-
18890420p.4.txt,109,C. Salve,Telegraph,INVERNESS,""" Robinsons, Glasgow."" Telephone No. 2003.",,15,Feb,1889,20,April,1889,False,condensed,0.9,"C. Salve-  Telegraph—"" Robinsons, Glasgow."" Telephone No. 2003."
18890420p.4.txt,123,Dealers,,INVERNESS,"in Mahogany, Lignum Vitæ, Walnut, Whitewood, Birch, Cedar, Ash, &c.",,15,Feb,1889,20,April,1889,False,condensed,0.9,"Dealers in—Mahogany, Lignum Vitæ, Walnut, Whitewood, Birch, Cedar, Ash, &c."
18890420p.4.txt,138,Bonita,Drammen,BO'NESS,"5,228 battens-D. W. Beattie",D. W. Beattie,15,Feb,1889,20,April,1889,False,condensed,1.0,"Bonita-Drammen-5,228 battens-D. W. Beattie"
18890420p.4.txt,139,Liugia Raffo,Drontheim,BO'NESS,"5,656 deals and battens-A. Garland & Roger",A. Garland & Roger,15,Feb,1889,20,April,1889,False,condensed,1.0,"Liugia Raffo-Drontheim-5,656 deals and battens-A. Garland & Roger"
18890420p.4.txt,140,Caroline,Christiania,BO'NESS,"8,352 battens-Park",Park,15,Feb,1889,20,April,1889,False,condensed,1.0,"15 Caroline-Christiania-8,352 battens-Park"
18890420p.4.txt,141,MISSING_FROM_OCR,Rotterdam,BO'NESS,400 bdls. hoops-Geo. Gibson & Co.,Geo. Gibson & Co.,15,Feb,1889,20,April,1889,False,condensed,0.9,Rotterdam-400 bdls. hoops-Geo. Gibson & Co.
18890420p.4.txt,143,MISSING_FROM_OCR,Christiania,BO'NESS,"60 lds. fir slabs, 150 bdls. hoops-C. Salvesen & Co.",C. Salvesen & Co.,15,Feb,1889,20,April,1889,False,condensed,0.9,"Christiania-60 lds. fir slabs, 150 bdls. hoops-C. Salvesen & Co."
18890420p.4.txt,145,Herolden,Cronstad,BO'NESS,3 lds. firewood-C. Salvesen & Co.,C. Salvesen & Co.,15,Feb,1889,20,April,1889,False,condensed,0.9,15 Herolden-Cronstad-3 lds. firewood-C. Salvesen & Co.
18890420p.4.txt,146,Revol,Dart,BO'NESS,Drontheim,,15,Feb,1889,20,April,1889,False,condensed,0.9,"Revol-Dart-Drontheim-7,573 battens-R. Summers & Co."
18890420p.4.txt,147,New,York,BO'NESS,"4,784 staves-Blaik & Co.",Blaik & Co.,15,Feb,1889,20,April,1889,False,condensed,0.9,"New York-4,784 staves-Blaik & Co."
18890420p.4.txt,150,Queen of the Dart,Risor,BO'NESS,"5,009 battens-Duncan",Duncan,15,Feb,1889,20,April,1889,False,condensed,0.9,"Queen of the Dart-Risor-5,009 battens-Duncan"
18890420p.4.txt,151,Critic,Rotterdam,BO'NESS,290 bdls. hoops-Geo. Gibson & Co.,Geo. Gibson & Co.,15,Feb,1889,20,April,1889,False,condensed,0.9,Thos. M. Summers & Co. Critic-Rotterdam-290 bdls. hoops-Geo. Gibson & Co.
18890420p.4.txt,153,Active,Porsgrund,BO'NESS,Kinghorn-Robertson & Co.,Robertson & Co.,15,Feb,1889,20,April,1889,False,condensed,0.9,15 Active-Porsgrund- Kinghorn-Robertson & Co.
18890420p.4.txt,156,Walter,Drammen,LERWICK,"4,531 planks and battens, 54 pcs. hewn fir, 11 spars, 44,685 birch staves-John Irvine",John Irvine,15,Feb,1889,20,April,1889,False,condensed,1.0,"Walter-Drammen-4,531 planks and battens, 54 pcs. hewn fir, 11 spars, 44,685 birch staves-John Irvine"
18890420p.4.txt,158,Daphne,Cronstadt,MONTROSE,"31,439 battens and boards-Robert Millar & Sons",Robert Millar & Sons,15,Feb,1889,20,April,1889,False,condensed,1.0,"Daphne-Cronstadt-31,439 battens and boards-Robert Millar & Sons"
18890420p.4.txt,160,Active,Risoer,WICK,"90,000 birch staves, 2,400 pcs. hewn birch-D. Sandison",D. Sandison,15,Feb,1889,20,April,1889,False,condensed,1.0,"Active-Risoer-90,000 birch staves, 2,400 pcs. hewn birch-D. Sandison"
18890420p.4.txt,192,Telegram,Addresses,DU,"DONALDSON, DUNDEE.",,15,Feb,1889,20,April,1889,False,condensed,0.9,"Telegram Addresses— DONALDSON, DUNDEE."
18890420p.402_p001.txt,6,Erminia,Porsgrund,EVERY DESCRIPTION,"678 pcs. hewn fir, 53 fir spars, 110,163 fir boards-F. J. Crossfield",F. J. Crossfield,15,Feb,1889,20,April,1889,False,condensed,0.9,"Erminia-Porsgrund-678 pcs. hewn fir, 53 fir spars, 110,163 fir boards-F. J. Crossfield"
18890420p.402_p001.txt,7,Roskva,Krageroe,EVERY DESCRIPTION,"71,693 fir boards, 361 pcs. hewn fir-The Exors. of W. Gradwell",The Exors. of W. Gradwell,15,Feb,1889,20,April,1889,False,condensed,0.9,"Roskva-Krageroe-71,693 fir boards, 361 pcs. hewn fir-The Exors. of W. Gradwell"
18890420p.402_p001.txt,8,F. J. Crossfield Mimer,Porsgrund,EVERY DESCRIPTION,"2,280 pcs. hewn fir, 7,911 fir boards-F. J. Crossfield",F. J. Crossfield,15,Feb,1889,20,April,1889,False,condensed,0.9,"F. J. Crossfield Mimer-Porsgrund-2,280 pcs. hewn fir, 7,911 fir boards-F. J. Crossfield"
18890420p.402_p001.txt,11,Mirjam,Drammen,BRISTOL,"71,167 boards-Jones & Wainwright",Jones & Wainwright,15,Feb,1889,20,April,1889,False,condensed,0.9,"Mirjam-Drammen-71,167 boards-Jones & Wainwright"
18890420p.402_p001.txt,12,Cavour,Arendal,BRISTOL,340 lds. mining timber and props-A. Beeby & Son,A. Beeby & Son,15,Feb,1889,20,April,1889,False,condensed,0.9,Cavour-Arendal-340 lds. mining timber and props-A. Beeby & Son
18890420p.402_p001.txt,13,Vibilia,Grimstad,BRISTOL,170 lds. mining timber-A. Reed,A. Reed,15,Feb,1889,20,April,1889,False,condensed,0.9,Vibilia-Grimstad-170 lds. mining timber-A. Reed
18890420p.402_p001.txt,15,Josephine,Fredrikstad,BRISTOL,"22,726 flooring boards, 496 deals-G. W. Hooper & Co.",G. W. Hooper & Co.,15,Feb,1889,20,April,1889,False,condensed,0.9,"Josephine-Fredrikstad-22,726 flooring boards, 496 deals-G. W. Hooper & Co."
18890420p.402_p001.txt,16,Familien,Fredrikstad,BRISTOL,"13,606 flooring boards, 743 deals-G. W. Hooper & Co.",G. W. Hooper & Co.,15,Feb,1889,20,April,1889,False,condensed,0.9,"Familien-Fredrikstad-13,606 flooring boards, 743 deals-G. W. Hooper & Co."
18890420p.402_p001.txt,18,Baron Hambro,Bordeaux,BRISTOL,"600 lds. pit props Powley, Thomas, & Co.",,15,Feb,1889,20,April,1889,False,condensed,0.9,"Baron Hambro-Bordeaux-600 lds. pit props Powley, Thomas, & Co."
18890420p.402_p001.txt,19,Dordogne,Bordeaux,BRISTOL,800 lds. pit props-Watts,Watts,15,Feb,1889,20,April,1889,True,condensed,0.9,Dordogne (s)-Bordeaux-800 lds. pit props-Watts
18890420p.402_p001.txt,20,Gironde,Bordeaux,BRISTOL,600 lds. pit props-Simkin,Simkin,15,Feb,1889,20,April,1889,False,condensed,0.9,Gironde-Bordeaux-600 lds. pit props-Simkin
18890420p.402_p001.txt,21,Wyndcliffe,Bordeaux,BRISTOL,"750 lds. pit props-Watts, Ward, & Co.","Watts, Ward, & Co.",15,Feb,1889,20,April,1889,True,condensed,0.9,"Wyndcliffe (s)-Bordeaux-750 lds. pit props-Watts, Ward, & Co."
18890420p.402_p001.txt,22,Jane Francis,St. Malo,BRISTOL,150 lds. pit props-Budd,Budd,11,Feb,1889,20,April,1889,False,condensed,0.9,11 Jane Francis-St. Malo-150 lds. pit props-Budd
18890420p.402_p001.txt,23,Minerva,Santa Eugenia,BRISTOL,160 lds. pit props-A. de Torces,A. de Torces,11,Feb,1889,20,April,1889,False,condensed,0.9,Minerva-Santa Eugenia-160 lds. pit props-A. de Torces
18890420p.402_p001.txt,24,Louisa Elisa,Carril,BRISTOL,265 lds. pit props,,11,Feb,1889,20,April,1889,False,condensed,0.9,Louisa Elisa-Carril-265 lds. pit props-Order
18890420p.402_p001.txt,25,Celt,Bordeaux,BRISTOL,400 lds. pit props-Simkin,Simkin,11,Feb,1889,20,April,1889,True,condensed,0.9,Celt (s)-Bordeaux-400 lds. pit props-Simkin
18890420p.402_p001.txt,26,Lofna,Bordeaux,BRISTOL,750 lds. pit props-G. Jessen,G. Jessen,11,Feb,1889,20,April,1889,True,condensed,0.9,Lofna (s)-Bordeaux-750 lds. pit props-G. Jessen
18890420p.402_p001.txt,27,Aeren,Drammen,BRISTOL,"51,569 fir boards-Trayes",Trayes,12,Feb,1889,20,April,1889,False,condensed,0.9,"12 Aeren-Drammen-51,569 fir boards-Trayes"
18890420p.402_p001.txt,28,Baquis,Puebla,BRISTOL,380 lds. pitwood-Manzanos,Manzanos,12,Feb,1889,20,April,1889,False,condensed,0.9,Baquis-Puebla-380 lds. pitwood-Manzanos
18890420p.402_p001.txt,29,Marie,Varberg,BRISTOL,"43,266 pcs. hewn fir-Edgar",Edgar,15,Feb,1889,20,April,1889,False,condensed,0.9,"15 Marie-Varberg-43,266 pcs. hewn fir-Edgar"
18890420p.402_p001.txt,30,Somoer,Christiania,BRISTOL,"2,222 pcs. hewn fir, 1,822 pit props-Williams, Thomas & Co.","Williams, Thomas & Co.",15,Feb,1889,20,April,1889,False,condensed,0.9,"Somoer-Christiania-2,222 pcs. hewn fir, 1,822 pit props-Williams, Thomas & Co."
18890420p.402_p001.txt,31,Nanine Aglæ,Corunna,BRISTOL,240 lds. pit props,,15,Feb,1889,20,April,1889,False,condensed,0.9,Nanine Aglæ-Corunna-240 lds. pit props-Order
18890420p.402_p001.txt,32,Vesta,Bordeaux,BRISTOL,970 lds. pit props-Simkin Bros.,Simkin Bros.,15,Feb,1889,20,April,1889,False,condensed,0.9,Vesta-Bordeaux-970 lds. pit props-Simkin Bros.
18890420p.402_p001.txt,33,Adaia,Bordeaux,BRISTOL,"1,200 lds. pit props-Simkin",Simkin,15,Feb,1889,20,April,1889,False,condensed,0.9,"Adaia-Bordeaux-1,200 lds. pit props-Simkin"
18890420p.402_p001.txt,34,Angelique,Bordeaux,BRISTOL,"1,050 lds. pit props-M. Thompson",M. Thompson,15,Feb,1889,20,April,1889,False,condensed,0.9,"Angelique-Bordeaux-1,050 lds. pit props-M. Thompson"
18890420p.402_p001.txt,35,Racine,Bordeaux,BRISTOL,"1,600 lds. pit props-Gueret",Gueret,15,Feb,1889,20,April,1889,True,condensed,0.9,"Racine (s)-Bordeaux-1,600 lds. pit props-Gueret"
18890420p.402_p001.txt,36,Antonia,Rivadeo,BRISTOL,"400 lds. pit props-Manzanos, Cristobal & Co.","Manzanos, Cristobal & Co.",15,Feb,1889,20,April,1889,False,condensed,0.9,"Antonia-Rivadeo-400 lds. pit props-Manzanos, Cristobal & Co."
18890420p.402_p001.txt,37,Nettie Murphy,Mobile,BRISTOL,"670 pcs. hewn fir, 3,917 pcs. sawn fir, 805 deals-Alexanders",Alexanders,15,Feb,1889,20,April,1889,False,condensed,0.9,"Nettie Murphy-Mobile-670 pcs. hewn fir, 3,917 pcs. sawn fir, 805 deals-Alexanders"
18890420p.402_p001.txt,39,Edward,Gothenburg,COWES,"27,396 floor boards and matchboards, 4,350 deals and battens, 391 bdls. slate laths, 19 bdls. mouldings-A. Sharp & Co.",A. Sharp & Co.,15,Feb,1889,20,April,1889,False,condensed,1.0,"Edward-Gothenburg-27,396 floor boards and matchboards, 4,350 deals and battens, 391 bdls. slate laths, 19 bdls. mouldings-A. Sharp & Co."
18890420p.402_p001.txt,41,Gustava,Gothenburg,COWES,"3,211 deals, 19,900 fir boards-Wm. Ashford",Wm. Ashford,15,Feb,1889,20,April,1889,False,condensed,1.0,"Gustava-Gothenburg-3,211 deals, 19,900 fir boards-Wm. Ashford"
18890420p.402_p001.txt,43,Mathilda,Gothenburg,EXETER,"20,317 fir boards, 2,000 battens, 2,004 slate battens-R. W. & F. C. Sharp",R. W. & F. C. Sharp,15,Feb,1889,20,April,1889,False,condensed,1.0,"Mathilda-Gothenburg-20,317 fir boards, 2,000 battens, 2,004 slate battens-R. W. & F. C. Sharp"
18890420p.402_p001.txt,45,Ceylon,Drammen,FLEETWOOD,"78,044 fir boards-H. & G. Curwen & Co.",H. & G. Curwen & Co.,15,Feb,1889,20,April,1889,False,condensed,1.0,"Ceylon-Drammen-78,044 fir boards-H. & G. Curwen & Co."
18890420p.402_p001.txt,47,Lilian,Christiansand,FLEETWOOD,"20,006 deals-H. Tolputt",H. Tolputt,15,Feb,1889,20,April,1889,False,condensed,1.0,"Lilian-Christiansand-20,006 deals-H. Tolputt"
18890420p.402_p001.txt,49,Lagertha,Christiania,FLEETWOOD,"1,978 deals, 4,932 spars-Price, Walker, & Co.","Price, Walker, & Co.",15,Feb,1889,20,April,1889,False,condensed,0.9,"Lagertha-Christiania-1,978 deals, 4,932 spars-Price, Walker, & Co."
18890420p.402_p001.txt,50,Kong Carl,Fredrikstad,FLEETWOOD,690 lds. deals-Barkworth & Spaldin,Barkworth & Spaldin,15,Feb,1889,20,April,1889,False,condensed,0.9,Kong Carl-Fredrikstad-690 lds. deals-Barkworth & Spaldin
18890420p.402_p001.txt,52,Gustafva,Gothenburg,GRIMSBY,"12,290 deals and battens-Seddon, Shepherd, & Co.","Seddon, Shepherd, & Co.",15,Feb,1889,20,April,1889,False,condensed,0.9,"Gustafva-Gothenburg-12,290 deals and battens-Seddon, Shepherd, & Co."
18890420p.402_p001.txt,53,Emilie,Gothenburg,GRIMSBY,"9,517 deals-Seddon",Seddon,15,Feb,1889,20,April,1889,False,condensed,0.9,"Emilie-Gothenburg-9,517 deals-Seddon"
18890420p.402_p001.txt,54,Helmi,Stockavik,GRIMSBY,"18,859 battens and boards-S. Ellis",S. Ellis,15,Feb,1889,20,April,1889,False,condensed,0.9,"Helmi-Stockavik-18,859 battens and boards-S. Ellis"
18890420p.402_p001.txt,55,Roska,Pascagoula,GRIMSBY,"1,157 pcs. sawn timber, 408 deals-Bennetts & Co.",Bennetts & Co.,15,Feb,1889,20,April,1889,False,condensed,0.9,"Roska-Pascagoula-1,157 pcs. sawn timber, 408 deals-Bennetts & Co."
18890420p.402_p001.txt,56,Heimdal,Tonsberg,GRIMSBY,"6,700 pcs. pitwood, 2,357 birch props, 5,584 sleepers, 396 pcs. oak, 20,000 pcs. hardwood-Walker",Walker,11,Feb,1889,20,April,1889,False,condensed,0.9,"11 Heimdal-Tonsberg-6,700 pcs. pitwood, 2,357 birch props, 5,584 sleepers, 396 pcs. oak, 20,000 pcs. hardwood-Walker"
18890420p.402_p001.txt,57,Speed,Drammen,GRIMSBY,"59,174 boards and ends-Hardy, Hewson, & Co.","Hardy, Hewson, & Co.",11,Feb,1889,20,April,1889,False,condensed,0.9,"Speed-Drammen-59,174 boards and ends-Hardy, Hewson, & Co."
18890420p.402_p001.txt,58,Wimland,Riga,GRIMSBY,"11,253 pcs. sawn fir-G. Carr",G. Carr,12,Feb,1889,20,April,1889,False,condensed,0.9,"12 Wimland-Riga-11,253 pcs. sawn fir-G. Carr"
18890420p.402_p001.txt,59,Windau,Libau,GRIMSBY,"3,638 sleepers-Calder & Co.",Calder & Co.,13,Feb,1889,20,April,1889,False,condensed,0.9,"13 Windau-Libau-3,638 sleepers-Calder & Co."
18890420p.402_p001.txt,60,Gustava,Stettin,GRIMSBY,377 pcs. oak-Bennetts & Co.,Bennetts & Co.,13,Feb,1889,20,April,1889,False,condensed,0.9,Gustava-Stettin-377 pcs. oak-Bennetts & Co.
18890420p.402_p001.txt,61,Tammo,Eckernforde,GRIMSBY,217 pcs. ash-Emptage,Emptage,15,Feb,1889,20,April,1889,False,condensed,0.9,15 Tammo-Eckernforde-217 pcs. ash-Emptage
18890420p.402_p001.txt,63,Julie,Gothenburg,GRIMSBY,"4,806 deals-A. Livingston & Co.",A. Livingston & Co.,15,Feb,1889,20,April,1889,False,condensed,0.9,"Julie - Gothenburg - 4,806 deals-A. Livingston & Co."
18890420p.402_p001.txt,65,Elizabeth,Gothenburg,GRIMSBY,"7,844 deals and battens-A. Livingston & Co.",A. Livingston & Co.,15,Feb,1889,20,April,1889,False,condensed,0.9,"Elizabeth-Gothenburg-7,844 deals and battens-A. Livingston & Co."
18890420p.402_p001.txt,66,Sweden,Gothenburg,GRIMSBY,"2,235 bdls. laths, 3,734 deals, 2,322 posts, 6,908 props, 8,021 poles T. Barraclough",,15,Feb,1889,20,April,1889,True,condensed,0.9,"Sweden (s)-Gothenburg-2,235 bdls. laths, 3,734 deals, 2,322 posts, 6,908 props, 8,021 poles T. Barraclough"
18890420p.402_p001.txt,67,Der Pommer,Stettin,GRIMSBY,389 pcs. oak-Pickford,Pickford,15,Feb,1889,20,April,1889,False,condensed,0.9,Der Pommer-Stettin-389 pcs. oak-Pickford
18890420p.402_p001.txt,68,Triton,Gothenburg,GRIMSBY,"5,390 battens and boards-G. Clark & Co. 5,600 props-Victor Nilson & Co. ; 17,182 props-Pearson & Co. ; 10,491 props-G. Pyman & Co.",G. Clark & Co.,15,Feb,1889,20,April,1889,True,condensed,0.9,"Triton (s)-Gothenburg-5,390 battens and boards-G. Clark & Co. ; 5,600 props-Victor Nilson & Co. ; 17,182 props-Pearson & Co. ; 10,491 props-G. Pyman & Co."
18890420p.402_p001.txt,69,Francisco,Halmstad,GRIMSBY,"11,777 pcs. hewn fir-C. A. Forslind & Co.",C. A. Forslind & Co.,15,Feb,1889,20,April,1889,False,condensed,0.9,"Francisco-Halmstad-11,777 pcs. hewn fir-C. A. Forslind & Co."
18890420p.402_p001.txt,70,Anna,Bergqvara,GRIMSBY,"7,006 props-G. Pyman & Co. from Stettin-546 oak logs-Pickford",G. Pyman & Co.,10,Feb,1889,20,April,1889,False,condensed,0.9,"10 Anna-Bergqvara-7,006 props-G. Pyman & Co. ; from Stettin-546 oak logs-Pickford"
18890420p.402_p001.txt,71,Rap,Mandal,GRIMSBY,"1,634 pcs. round timber, 820 props-E. A. Casper & Co.",E. A. Casper & Co.,10,Feb,1889,20,April,1889,False,condensed,0.9,"E. A. Casper & Co. Rap-Mandal-1,634 pcs. round timber, 820 props-E. A. Casper & Co."
18890420p.402_p001.txt,73,August,Stettin,GRIMSBY,528 pcs. oak-Pickford & Co.,Pickford & Co.,10,Feb,1889,20,April,1889,False,condensed,0.9,August-Stettin-528 pcs. oak-Pickford & Co.
18890420p.402_p001.txt,74,Nyfurt,Namsos,GRIMSBY,"5,832 deals and battens-Harrison & Singleton",Harrison & Singleton,10,Feb,1889,20,April,1889,False,condensed,0.9,"Nyfurt-Namsos-5,832 deals and battens-Harrison & Singleton"
18890420p.402_p001.txt,75,Anna,Christiania,GRIMSBY,"5,536 props-Victor Nilson & Co. 3,854 battens-Forslind & Co.",Victor Nilson & Co.,12,Feb,1889,20,April,1889,False,condensed,0.9,"12 Anna-Christiania-5,536 props-Victor Nilson & Co. ; 3,854 battens-Forslind & Co."
18890420p.402_p001.txt,76,Sirena,Drobak,GRIMSBY,"1,447 pcs. round timber, 392 pcs. square timber, 10,000 props-Pearson",Pearson,12,Feb,1889,20,April,1889,False,condensed,0.9,"Sirena-Drobak-1,447 pcs. round timber, 392 pcs. square timber, 10,000 props-Pearson"
18890420p.402_p001.txt,77,Baldur,Krageroe,GRIMSBY,"269 poles-R. Wade, Sons, & Co. 521 pcs. birch, 2,325 pcs. mining timber, 1,584 props-Victor Nilsson & Co.","R. Wade, Sons, & Co.",13,Feb,1889,20,April,1889,False,condensed,0.9,"13 Baldur-Krageroe-269 poles-R. Wade, Sons, & Co. ; 521 pcs. birch, 2,325 pcs. mining timber, 1,584 props-Victor Nilsson & Co."
18890420p.402_p001.txt,78,M. Luther,Carlshamn,GRIMSBY,260 lds. props-Forslind,Forslind,13,Feb,1889,20,April,1889,False,condensed,0.9,M. Luther-Carlshamn-260 lds. props-Forslind
18890420p.402_p001.txt,79,Sleipner,Halmstad,GRIMSBY,117 lds. fir-C. A. Forslind & Co.,C. A. Forslind & Co.,15,Feb,1889,20,April,1889,False,condensed,0.9,15 Sleipner-Halmstad-117 lds. fir-C. A. Forslind & Co.
18890420p.402_p001.txt,80,Louis,Memel,GRIMSBY,"37,500 pcs. oak-Pickford & Co.",Pickford & Co.,15,Feb,1889,20,April,1889,False,condensed,0.9,"Louis-Memel-37,500 pcs. oak-Pickford & Co."
18890420p.402_p001.txt,82,Edith,Rotterdam,GRIMSBY,564 bdls. hoops,,15,Feb,1889,20,April,1889,True,condensed,0.9,Edith (s)-Rotterdam-564 bdls. hoops-Order
18890420p.402_p001.txt,83,Joseph Somes,Libau,GRIMSBY,"1,426 pcs. birchwood, 8 cs. planks",,15,Feb,1889,20,April,1889,False,condensed,0.9,"Joseph Somes-Libau-1,426 pcs. birchwood, 8 cs. planks-Order"
18890420p.402_p001.txt,84,Alma,Christiansand,GRIMSBY,"2,880 pcs. round mining timber, 743 pit props",,11,Feb,1889,20,April,1889,False,condensed,0.9,"11 Alma-Christiansand-2,880 pcs. round mining timber, 743 pit props-Order"
18890420p.402_p001.txt,85,Thyra,Libau,GRIMSBY,pcs. birch,,11,Feb,1889,20,April,1889,True,condensed,0.9,Thyra (s)-Libau-pcs. birch-Order
18890420p.402_p001.txt,86,Axel,Falkenberg,GRIMSBY,"3,952 pit props Order",,11,Feb,1889,20,April,1889,False,condensed,0.9,"Axel-Falkenberg-3,952 pit props Order"
18890420p.402_p001.txt,87,Tvende,Bredre,GRIMSBY,"3,634 pcs. timber, 501 props",,12,Feb,1889,20,April,1889,False,condensed,0.9,"12 Tvende-Bredre-3,634 pcs. timber, 501 props-Order"
18890420p.402_p001.txt,88,Cameo,Gothenburg,GRIMSBY,"2,000 bdls. laths-Wilson, Sons, & Co. 2,010 bdls. laths-Heaven & Kesterton ; 500 bdls. laths-J. Bruce & Son ; 422 bdls. staves, 473 bdls. handles-T. W. Allen ; 2,506 deals, 2,096 bdls. laths-Order","Wilson, Sons, & Co.",12,Feb,1889,20,April,1889,True,condensed,0.9,"Cameo (s)-Gothenburg-2,000 bdls. laths-Wilson, Sons, & Co. ; 2,010 bdls. laths-Heaven & Kesterton ; 500 bdls. laths-J. Bruce & Son ; 422 bdls. staves, 473 bdls. handles-T. W. Allen ; 2,506 deals, 2,096 bdls. laths-Order"
18890420p.402_p001.txt,89,Seagull,Rotterdam,GRIMSBY,"2,800 pkgs. hoops",,15,Feb,1889,20,April,1889,True,condensed,0.9,"15 Seagull (s)-Rotterdam-2,800 pkgs. hoops-Order"
18890420p.402_p001.txt,90,Galileo,Boston,GRIMSBY,"1,213 pcs. oak, 219 oars",,15,Feb,1889,20,April,1889,True,condensed,0.9,"Galileo (s)-Boston-1,213 pcs. oak, 219 oars-Order"
18890420p.402_p001.txt,91,Orlando,Gothenburg,GRIMSBY,"500 bdls. laths-J. Bruce & Son 500 bdls. laths-T. W. Allen ; 1,714 battens-Order",J. Bruce & Son,16,Feb,1889,20,April,1889,True,condensed,0.9,"16 Orlando (s)-Gothenburg-500 bdls. laths-J. Bruce & Son ; 500 bdls. laths-T. W. Allen ; 1,714 battens-Order"
18890420p.402_p001.txt,92,Edith,Rotterdam,GRIMSBY,"2,384 bdls. hoops",,16,Feb,1889,20,April,1889,True,condensed,0.9,"Edith (s)-Rotterdam-2,384 bdls. hoops-Order"
18890420p.402_p001.txt,93,Rollo,Christiania,GRIMSBY,"4,101 bdls. boards-Wilson, Sons, & Co. 1,000 poles-Wilson, Sons, & Co. ; 448 battens, 1,390 props-Heaven & Kesterton","Wilson, Sons, & Co.",16,Feb,1889,20,April,1889,True,condensed,0.9,"Rollo (s)-Christiania-4,101 bdls. boards-Wilson, Sons, & Co. ; 1,000 poles-Wilson, Sons, & Co. ; 448 battens, 1,390 props-Heaven & Kesterton"
18890420p.402_p001.txt,94,Humber,Danzig,GRIMSBY,"30,809 staves",,17,Feb,1889,20,April,1889,True,condensed,0.9,"17 Humber (s)-Danzig-30,809 staves-Order"
18890420p.402_p001.txt,95,Eidsvold,Swartwik,GRIMSBY,"63,858 deals and boards",,17,Feb,1889,20,April,1889,False,condensed,0.9,"Eidsvold-Swartwik-63,858 deals and boards-Order"
18890420p.402_p001.txt,96,Gjemle,Christiansand,GRIMSBY,"5,706 pcs. round, 3 pcs. square mining timber, 2,549 props-C. Wells & Co.",C. Wells & Co.,17,Feb,1889,20,April,1889,False,condensed,0.9,"Gjemle-Christiansand-5,706 pcs. round, 3 pcs. square mining timber, 2,549 props-C. Wells & Co."
18890420p.402_p001.txt,97,Hugin,Fredrikshald,GRIMSBY,"18,854 birch props, 11,353 pit props",,17,Feb,1889,20,April,1889,True,condensed,0.9,"Hugin (s)-Fredrikshald-18,854 birch props, 11,353 pit props-Order"
18890420p.402_p001.txt,99,Emmeline,Fredrikstad,GRIMSBY,"30,952 boards-Preston Timber Co.",Preston Timber Co.,17,Feb,1889,20,April,1889,False,condensed,0.9,"Emmeline-Fredrikstad-30,952 boards-Preston Timber Co."
18890420p.402_p001.txt,101,England,New York,LIVERPOOL,"52 crts., 2 cs. 80 bdls. handles, 160 bdls. hoops, 376 bdls. staves",,17,Feb,1889,20,April,1889,True,condensed,0.9,"England (s)-New York-52 crts., 2 cs. 80 bdls. handles, 160 bdls. hoops, 376 bdls. staves-Order"
18890420p.402_p001.txt,102,Thanemore,Baltimore,LIVERPOOL,"999 oak planks, 123 coffin boards, 55 poplar logs-Potts & Redhead 76 crts. shuttle blocks-Order",Potts & Redhead,17,Feb,1889,20,April,1889,True,condensed,0.9,"Thanemore (s)-Baltimore-999 oak planks, 123 coffin boards, 55 poplar logs-Potts & Redhead ; 76 crts. shuttle blocks-Order"
18890420p.402_p001.txt,103,Samaria,Boston,LIVERPOOL,"5,400 staves-Drysdale",Drysdale,17,Feb,1889,20,April,1889,True,condensed,0.9,"Samaria (s)-Boston-5,400 staves-Drysdale"
18890420p.402_p001.txt,104,Ivanhoe,Rotterdam,LIVERPOOL,"3,242 bdls. hoops",,17,Feb,1889,20,April,1889,True,condensed,0.9,"Ivanhoe (s) - Rotterdam - 3,242 bdls. hoops-Order"
18890420p.402_p001.txt,105,Drammenseren,Drammen,LIVERPOOL,"111,697 boards-T. Rimmer & Son",T. Rimmer & Son,17,Feb,1889,20,April,1889,False,condensed,0.9,"Drammenseren-Drammen-111,697 boards-T. Rimmer & Son"
18890420p.402_p001.txt,106,Palestine,Boston,LIVERPOOL,"585 butts and 4,800 old staves-Hattley Hay",Hattley Hay,12,Feb,1889,20,April,1889,True,condensed,0.9,"12 Palestine (s)-Boston-585 butts and 4,800 old staves-Hattley Hay"
18890420p.402_p001.txt,107,Californian,New Orleans,LIVERPOOL,"3,000 staves",,12,Feb,1889,20,April,1889,True,condensed,0.9,"Californian (s)-New Orleans-3,000 staves-Order"
18890420p.402_p001.txt,108,Sarah,Laurvig,LIVERPOOL,"61,478 planed whitewood boards, 280,225 birch staves",,12,Feb,1889,20,April,1889,False,condensed,0.9,"Sarah-Laurvig-61,478 planed whitewood boards, 280,225 birch staves-Order"
18890420p.402_p001.txt,109,Germanic,New York,LIVERPOOL,"440 bdls., 1,800 staves, 180 bdls. headings-Hattley Hay 4,014 pcs. lumber-Whiteside, Johns, & Co. ; 156 crts. blocks, 7 crts. handles-Order",Hattley Hay,12,Feb,1889,20,April,1889,True,condensed,0.9,"Germanic (s)-New York-440 bdls., 1,800 staves, 180 bdls. headings-Hattley Hay ; 4,014 pcs. lumber-Whiteside, Johns, & Co. ; 156 crts. blocks, 7 crts. handles-Order"
18890420p.402_p001.txt,110,Nevada,New York,LIVERPOOL,"110 oars-Irvin & Sellers 100 crts. blocks, 14 cs. spokes-Order",Irvin & Sellers,13,Feb,1889,20,April,1889,True,condensed,0.9,"13 Nevada (s) - New York-110 oars - Irvin & Sellers ; 100 crts. blocks, 14 cs. spokes-Order"
18890420p.402_p001.txt,111,City of Chester,New York,LIVERPOOL,800 staves-Hattley Hay,Hattley Hay,13,Feb,1889,20,April,1889,True,condensed,0.9,City of Chester (s)-New York-800 staves-Hattley Hay
18890420p.402_p001.txt,112,Architect,New Orleans,LIVERPOOL,"4,800 extra hhd. and 464 pipe staves-Drysdale Bros. 8,600 ex. pipe staves, 591 pcs. pine-Order",Drysdale Bros.,13,Feb,1889,20,April,1889,True,condensed,0.9,"Architect (s)-New Orleans-4,800 extra hhd. and 464 pipe staves-Drysdale Bros. ; 8,600 ex. pipe staves, 591 pcs. pine-Order"
18890420p.402_p001.txt,116,Francois,Landerneau,LIVERPOOL,"300 lds. pit props-Nevill, Druce, & Co.","Nevill, Druce, & Co.",13,Feb,1889,20,April,1889,False,condensed,0.9,"Francois-Landerneau-300 lds. pit props-Nevill, Druce, & Co."
18890420p.402_p001.txt,118,Max,Memel,LIVERPOOL,"8,829 sleepers",,13,Feb,1889,20,April,1889,False,condensed,0.9,"Max-Memel-8,829 sleepers-Order"
18890420p.402_p001.txt,120,Ragnhild,Porsgrund,LIVERPOOL,"1,063 pcs. round timber, 40 props, 837 pcs. hewn fir",,13,Feb,1889,20,April,1889,False,condensed,0.9,"Ragnhild-Porsgrund-1,063 pcs. round timber, 40 props, 837 pcs. hewn fir-Order"
18890420p.402_p001.txt,121,Marianne,Porsgrund,LIVERPOOL,"2,000 pcs. round timber, 452 props-W. J. Watson & Co.",W. J. Watson & Co.,12,Feb,1889,20,April,1889,False,condensed,0.9,"12 Marianne-Porsgrund-2,000 pcs. round timber, 452 props-W. J. Watson & Co."
18890420p.402_p001.txt,123,Esperance,Bordeaux,LIVERPOOL,"3,000 lds. wood-G. W. Jones, Heard & Co.","G. W. Jones, Heard & Co.",12,Feb,1889,20,April,1889,True,condensed,0.9,"St. Esperance (s)-Bordeaux-3,000 lds. wood-G. W. Jones, Heard & Co."
18890420p.402_p001.txt,124,Emma,Concarneau,LIVERPOOL,200 lds. wood,,11,Feb,1889,20,April,1889,False,condensed,0.9,11 Emma-Concarneau-200 lds. wood-Order
18890420p.402_p001.txt,125,Bretagne,La Rochelle,LIVERPOOL,180 lds. wood-Budd & Co.,Budd & Co.,12,Feb,1889,20,April,1889,False,condensed,0.9,12 Bretagne-La Rochelle-180 lds. wood-Budd & Co.
18890420p.402_p001.txt,126,Jeanne,La Rochelle,LIVERPOOL,180 lds. wood,,12,Feb,1889,20,April,1889,False,condensed,0.9,Jeanne-La Rochelle-180 lds. wood-Order
18890420p.402_p001.txt,127,Louis and Eugene,Bordeaux,LIVERPOOL,200 lds. pit props-Budd & Co.,Budd & Co.,13,Feb,1889,20,April,1889,False,condensed,0.9,13 Louis and Eugene-Bordeaux-200 lds. pit props-Budd & Co.
18890420p.402_p001.txt,128,Alliance,Pont l'Abbe,LIVERPOOL,150 lds. wood,,15,Feb,1889,20,April,1889,False,condensed,0.9,15 Alliance-Pont l'Abbe-150 lds. wood-Order
18890420p.402_p001.txt,129,Victorine,Quimper,LIVERPOOL,100 lds. wood,,15,Feb,1889,20,April,1889,False,condensed,0.9,Victorine-Quimper-100 lds. wood-Order
18890420p.402_p001.txt,130,Hilda,Laurvig,LIVERPOOL,"28,997 boards, 1,000 bdls. laths, 200 spars-Nicholas & Co.",Nicholas & Co.,15,Feb,1889,20,April,1889,False,condensed,0.9,"Hilda-Laurvig-28,997 boards, 1,000 bdls. laths, 200 spars-Nicholas & Co."
18890420p.402_p001.txt,131,Thomas,Fredrikstad,LIVERPOOL,"43,238 pcs. wood, 1,000 board ends-T. B. & W. A. Scott",T. B. & W. A. Scott,15,Feb,1889,20,April,1889,False,condensed,0.9,"Thomas- Fredrikstad - 43,238 pcs. wood, 1,000 board ends-T. B. & W. A. Scott"
18890420p.402_p001.txt,133,Roskva,Fredrikstad,LIVERPOOL,"2,000 pcs. hewn fir, 168 pcs. hewn fir, 1,291 pcs. mining timber-Batten & Couch",Batten & Couch,15,Feb,1889,20,April,1889,False,condensed,0.9,"Roskva-Fredrikstad-2,000 pcs. hewn fir, 168 pcs. hewn fir, 1,291 pcs. mining timber-Batten & Couch"
18890420p.402_p001.txt,134,Favour,Fredrikstad,LIVERPOOL,"1,000 pcs. hewn fir, 2,004 sleepers, 155 pcs. sawn fir, 155 pcs. wood-Batten & Couch",Batten & Couch,15,Feb,1889,20,April,1889,False,condensed,0.9,"Favour-Fredrikstad-1,000 pcs. hewn fir, 2,004 sleepers, 155 pcs. sawn fir, 155 pcs. wood-Batten & Couch"
18890420p.402_p001.txt,136,Jessie,Porsgrund,LIVERPOOL,"1,000 deals, 1,200 spars, 902 poles, 402 props",,15,Feb,1889,20,April,1889,False,condensed,0.9,"Jessie-Porsgrund-1,000 deals, 1,200 spars, 902 poles, 402 props-Order"
18890420p.402_p001.txt,138,Olaf Nicholsen,Drammen,LIVERPOOL,"30,000 deals, 1,000 fir-Fox, Eliott, & Co.","Fox, Eliott, & Co.",15,Feb,1889,20,April,1889,False,condensed,0.9,"Olaf Nicholsen-Drammen-30,000 deals, 1,000 fir-Fox, Eliott, & Co."
18890420p.402_p001.txt,139,V. A. Munch,Stettin,LIVERPOOL,"1,000 pcs. oak, 1,167 pcs. hewn fir, 1,000 pcs. hewn fir-Fox, Eliott, & Co. 245 pcs. hewn fir-Jan","Fox, Eliott, & Co.",11,Feb,1889,20,April,1889,False,condensed,0.9,"11 V. A. Munch-Stettin-1,000 pcs. oak, 1,167 pcs. hewn fir, 1,000 pcs. hewn fir-Fox, Eliott, & Co. ; 245 pcs. hewn fir-Jan"
18890420p.402_p001.txt,141,New Ed,Fredrikstad,POOLE,"10,000 deals-John J. Norton",John J. Norton,11,Feb,1889,20,April,1889,False,condensed,1.0,"New Ed-Fredrikstad-10,000 deals-John J. Norton"
18890420p.402_p001.txt,143,Geir,Drammen,POOLE,"28,800 boards, 3,951 fir deals-Wirter",Wirter,11,Feb,1889,20,April,1889,False,condensed,1.0,"Geir-Drammen-28,800 boards, 3,951 fir deals-Wirter"
18890420p.402_p001.txt,144,Ceres,Drammen,POOLE,"28,800 boards-H. Wolfe",H. Wolfe,12,Feb,1889,20,April,1889,False,condensed,1.0,"12 Ceres-Drammen-28,800 boards-H. Wolfe"
18890420p.402_p001.txt,146,Achilles,Drammen,POOLE,"10,000 deals, 99,810 staves-Hammond & Co.",Hammond & Co.,12,Feb,1889,20,April,1889,False,condensed,0.9,"Achilles-Drammen-10,000 deals, 99,810 staves-Hammond & Co."
18890420p.402_p001.txt,148,Kali Maas,Fredrikstad,POOLE,"10,000 deals, sawn fir-Baltic Saw-mills Co.",Baltic Saw-mills Co.,12,Feb,1889,20,April,1889,False,condensed,0.9,"Kali Maas-Fredrikstad-10,000 deals, sawn fir-Baltic Saw-mills Co."
18890420p.402_p001.txt,150,Jenny,Fredrikstad,POOLE,"10,000 deals-E. Butt & Sons",E. Butt & Sons,12,Feb,1889,20,April,1889,False,condensed,0.9,"Jenny-Fredrikstad-10,000 deals-E. Butt & Sons"
18890420p.402_p001.txt,151,Amalia,Uddevalla,POOLE,"3,280 deals, 625 spars-Beves & Co.",Beves & Co.,13,Feb,1889,20,April,1889,False,condensed,0.9,"13 Amalia-Uddevalla-3,280 deals, 625 spars-Beves & Co."
18890420p.402_p001.txt,153,Alfhild,Gothenburg,POOLE,"10,000 deals and battens-J. Bovill & Co.",J. Bovill & Co.,13,Feb,1889,20,April,1889,False,condensed,0.9,"Alfhild-Gothenburg-10,000 deals and battens-J. Bovill & Co."
18890420p.402_p001.txt,154,Trakfuglen,Christiania,POOLE,"6,000 deals-Eliott, Sons, & Co.","Eliott, Sons, & Co.",13,Feb,1889,20,April,1889,False,condensed,0.9,"Trakfuglen-Christiania-6,000 deals-Eliott, Sons, & Co."
18890420p.402_p001.txt,155,Daggy,Fredrikstad,POOLE,"54,700 deals-Dolton, Bournes, & Dolton","Dolton, Bournes, & Dolton",10,Feb,1889,20,April,1889,False,condensed,0.9,"10 Daggy-Fredrikstad-54,700 deals-Dolton, Bournes, & Dolton"
18890420p.402_p001.txt,156,Lea,Christiania,POOLE,"21,387 deals-Tagart, Morgan, & Co.","Tagart, Morgan, & Co.",11,Feb,1889,20,April,1889,False,condensed,0.9,"11 Lea-Christiania-21,387 deals-Tagart, Morgan, & Co."
18890420p.402_p001.txt,158,Chevy Chase,Wasa,POOLE,"17,700 pcs. props Mitshel, Pedersen, & Co.",,11,Feb,1889,20,April,1889,True,condensed,0.9,"Chevy Chase (s)-Wasa-17,700 pcs. props Mitshel, Pedersen, & Co."
18890420p.402_p001.txt,159,Livlig,Fredrikshald,POOLE,"17,150 pcs. pit props-Rayner & Moller",Rayner & Moller,10,Feb,1889,20,April,1889,False,condensed,0.9,"10 Livlig-Fredrikshald-17,150 pcs. pit props-Rayner & Moller"
18890420p.402_p001.txt,160,Dorthea,Halmstad,POOLE,"17,700 pcs. pit props",,10,Feb,1889,20,April,1889,False,condensed,0.9,"Dorthea-Halmstad-17,700 pcs. pit props-Vidar-Holmestrand-16,368 pcs. pit props-Wiener & Co."
18890420p.402_p001.txt,161,Maria,Uddevalla,POOLE,"17,709 pit props",,10,Feb,1889,20,April,1889,False,condensed,0.9,"Maria-Uddevalla-17,709 pit props-Order"
18890420p.402_p001.txt,162,Heidrun,Fredrikshald,POOLE,"17,400 pcs. birch props-Rayner & Moller",Rayner & Moller,10,Feb,1889,20,April,1889,False,condensed,0.9,"Heidrun-Fredrikshald-17,400 pcs. birch props-Rayner & Moller"
18890420p.402_p001.txt,163,Argo,Drammen,POOLE,"34,305 pit props",,10,Feb,1889,20,April,1889,False,condensed,0.9,"Argo-Drammen-34,305 pit props-Order"
18890420p.402_p001.txt,164,Deo Gloria,Porsgrund,POOLE,"1,063 pcs. round timber, 484 props-Rayner & Moller",Rayner & Moller,10,Feb,1889,20,April,1889,False,condensed,0.9,"Deo Gloria-Porsgrund-1,063 pcs. round timber, 484 props-Rayner & Moller"
18890420p.402_p001.txt,165,Ernst David,Memel,POOLE,"9,436 oak staves, 1,000 ends-Joseph Thompson & Co.",Joseph Thompson & Co.,11,Feb,1889,20,April,1889,False,condensed,0.9,"11 Ernst David-Memel-9,436 oak staves, 1,000 ends-Joseph Thompson & Co."
18890420p.402_p001.txt,166,Mathilde,Fredrikshald,POOLE,"28,934 pit props-shel, Pedersen, & Co.","shel, Pedersen, & Co.",11,Feb,1889,20,April,1889,False,condensed,0.9,"Mathilde-Fredrikshald-28,934 pit props-shel, Pedersen, & Co."
18890420p.402_p001.txt,167,Trekroner,Holmestrand,POOLE,"22,444 pit props-Rayner & Moller",Rayner & Moller,11,Feb,1889,20,April,1889,False,condensed,0.9,"Trekroner-Holmestrand-22,444 pit props-Rayner & Moller"
18890420p.402_p001.txt,168,Gefion,Drammen,POOLE,"35,262 pit props",,12,Feb,1889,20,April,1889,False,condensed,0.9,"12 Gefion-Drammen-35,262 pit props-Order"
18890420p.402_p001.txt,169,Industrie,Memel,POOLE,"6,416 deals and ends-J. & W. Wilson & Sons",J. & W. Wilson & Sons,13,Feb,1889,20,April,1889,False,condensed,0.9,"13 Industrie-Memel-6,416 deals and ends-J. & W. Wilson & Sons"
18890420p.402_p001.txt,170,L'Esperance,Stettin,POOLE,728 pcs. oak-Charles Calder & Co.,Charles Calder & Co.,15,Feb,1889,20,April,1889,False,condensed,0.9,15 L'Esperance-Stettin-728 pcs. oak-Charles Calder & Co.
18890420p.402_p001.txt,171,Purveyor,Danzig,POOLE,"12,834 oak chocks",,15,Feb,1889,20,April,1889,False,condensed,0.9,"Purveyor-Danzig-12,834 oak chocks-Order"
18890420p.402_p001.txt,172,Heimdal,Christiania,POOLE,"40,084 props-Rayner & Moller",Rayner & Moller,15,Feb,1889,20,April,1889,False,condensed,0.9,"Heimdal - Christiania - 40,084 props-Rayner & Moller"
18890420p.402_p001.txt,174,Graphic,Bayonne,POOLE,90 lds. pitwood-W. G. Foy & Co.,W. G. Foy & Co.,15,Feb,1889,20,April,1889,False,condensed,0.9,Graphic-Bayonne-90 lds. pitwood-W. G. Foy & Co.
18890420p.402_p001.txt,175,Paul,Bordeaux,POOLE,450 lds. pitwood,,15,Feb,1889,20,April,1889,False,condensed,0.9,Paul-Bordeaux-450 lds. pitwood-Order
18890420p.402_p001.txt,176,Jeune France,St. Estephe,POOLE,90 lds. pit props-L. G. Mouchel,L. G. Mouchel,13,Feb,1889,20,April,1889,False,condensed,0.9,13 Jeune France-St. Estephe-90 lds. pit props-L. G. Mouchel
18890420p.402_p001.txt,177,Oren,Skien,POOLE,"1,497 pcs. hewn fir-Williams & Michell",Williams & Michell,13,Feb,1889,20,April,1889,False,condensed,0.9,"Oren-Skien-1,497 pcs. hewn fir-Williams & Michell"
18890420p.402_p002.txt,2,Francois,Landerneau,POOLE,134 lds. pitwood-,,13,Feb,1889,20,April,1889,False,condensed,0.9,Francois-Landerneau-134 lds. pitwood-
18890420p.402_p002.txt,5,Max,Memel,POOLE,545 lds. deal ends-,,13,Feb,1889,20,April,1889,False,condensed,0.9,Max-Memel-545 lds. deal ends-
18890420p.402_p002.txt,7,Ragnhild,Porsgrund,POOLE,"1,726 pcs. square tim-",,13,Feb,1889,20,April,1889,False,condensed,0.9,"Ragnhild-Porsgrund-1,726 pcs. square tim-"
18890420p.402_p002.txt,8,MISSING_FROM_OCR,Porsgrund,POOLE,"1,412 pcs. square tim-",,13,Feb,1889,20,April,1889,False,condensed,0.9,"Porsgrund-1,412 pcs. square tim-"
18890420p.402_p002.txt,12,Esperance,Bayonne,NEWPORT,200 lds. pit-,,13,Feb,1889,20,April,1889,False,condensed,1.0,St. Esperance-Bayonne-200 lds. pit-
18890420p.402_p002.txt,14,Emma,Concarnean,NEWPORT,160 lds. pit props-,,13,Feb,1889,20,April,1889,False,condensed,1.0,11 Emma-Concarnean-160 lds. pit props-
18890420p.402_p002.txt,16,Bretagne,La Rochelle,NEWPORT,72 lds. pit props-,,13,Feb,1889,20,April,1889,False,condensed,0.9,12 Bretagne-La Rochelle-72 lds. pit props-
18890420p.402_p002.txt,18,Jeanne,La Rochelle,NEWPORT,69 lds. pit props-Budd,Budd,13,Feb,1889,20,April,1889,False,condensed,0.9,Jeanne-La Rochelle-69 lds. pit props-Budd
18890420p.402_p002.txt,20,Louis and Eugene,Port Launay,NEWPORT,74 lds.,,13,Feb,1889,20,April,1889,False,condensed,0.9,13 Louis and Eugene-Port Launay-74 lds.
18890420p.402_p002.txt,21,Pont,l'Abbe,NEWPORT,124 lds. pit props-,,13,Feb,1889,20,April,1889,False,condensed,0.9,Pont l'Abbe-124 lds. pit props-
18890420p.402_p002.txt,24,Victorine,Quimper,NEWPORT,108 lds. pit props-Budd,Budd,13,Feb,1889,20,April,1889,False,condensed,0.9,Victorine-Quimper-108 lds. pit props-Budd
18890420p.402_p002.txt,26,Alpha,Laurvig,NEWPORT,"28,997 boards and board ends",,13,Feb,1889,20,April,1889,False,condensed,0.9,"16 Alpha-Laurvig-28,997 boards and board ends,"
18890420p.402_p002.txt,27,Auguste Marie,Bordeaux,NEWPORT,75 lds. pit props,,13,Feb,1889,20,April,1889,False,condensed,0.9,15 Auguste Marie-Bordeaux-75 lds. pit props
18890420p.402_p002.txt,30,Roskva,Fredrikstad,NEWPORT,"11,911 pcs. hewn",,13,Feb,1889,20,April,1889,False,condensed,0.9,"Roskva-Fredrikstad-11,911 pcs. hewn"
18890420p.402_p002.txt,31,Favour,Fredrikstad,NEWPORT,"110,999 staves, 1,200",,13,Feb,1889,20,April,1889,False,condensed,0.9,"Favour-Fredrikstad-110,999 staves, 1,200"
18890420p.402_p002.txt,36,Jessie,Porsgrund,NEWPORT,"657 pcs. hewn fir, 2,138",,13,Feb,1889,20,April,1889,False,condensed,0.9,"Jessie-Porsgrund-657 pcs. hewn fir, 2,138"
18890420p.402_p002.txt,38,Bayly Olaf Nicholson,Drammen,NEWPORT,"58,365 pcs. sawn",,13,Feb,1889,20,April,1889,False,condensed,0.9,"R. & R. Bayly Olaf Nicholson-Drammen-58,365 pcs. sawn"
18890420p.402_p002.txt,40,MISSING_FROM_OCR,Stettin,NEWPORT,62 pcs. hewn fir,,13,Feb,1889,20,April,1889,False,condensed,0.9,"Stettin-62 pcs. hewn fir,"
18890420p.402_p002.txt,46,New Ed,Fredrikstad,POOLE,"35,720 pcs. sawn",,13,Feb,1889,20,April,1889,False,condensed,1.0,"New Ed-Fredrikstad-35,720 pcs. sawn"
18890420p.402_p002.txt,49,Geir,Drammen,POOLE,"28,670 fir boards",,13,Feb,1889,20,April,1889,False,condensed,1.0,"Geir-Drammen-28,670 fir boards,"
18890420p.402_p002.txt,50,MISSING_FROM_OCR,Drammen,POOLE,"28,800 battens and boards",,13,Feb,1889,20,April,1889,False,condensed,0.9,"Drammen-28,800 battens and boards"
18890420p.402_p002.txt,54,Achilles,Drammen,POOLE,"41,279 boards and",,13,Feb,1889,20,April,1889,False,condensed,0.9,"Achilles-Drammen-41,279 boards and"
18890420p.402_p002.txt,57,Kali Maas,Fredrikstad,POOLE,"42,350 pit",,13,Feb,1889,20,April,1889,False,condensed,0.9,"Kali Maas-Fredrikstad-42,350 pit"
18890420p.402_p002.txt,58,Baltic,Saw,POOLE,mills Co.,,13,Feb,1889,20,April,1889,False,condensed,0.9,Baltic Saw-mills Co.
18890420p.402_p002.txt,60,Jenny,Fredrikstad,POOLE,"31,383 sleepers, 4,619",,13,Feb,1889,20,April,1889,False,condensed,0.9,"Jenny-Fredrikstad-31,383 sleepers, 4,619"
18890420p.402_p002.txt,62,Amalie,Uddevalla,POOLE,"3,280 deals and deal",,13,Feb,1889,20,April,1889,False,condensed,0.9,"13 Amalie-Uddevalla-3,280 deals and deal"
18890420p.402_p002.txt,65,Alfhild,Gothenburg,POOLE,"15,044 pcs. sawn",,13,Feb,1889,20,April,1889,False,condensed,0.9,"Alfhild-Gothenburg-15,044 pcs. sawn"
18890420p.402_p002.txt,66,Trugtolen,Christiania,POOLE,"6,131 pcs. sawn fir-",,13,Feb,1889,20,April,1889,False,condensed,0.9,"J. Bovill & Co. Trugtolen-Christiania-6,131 pcs. sawn fir-"
18890420p.402_p002.txt,69,Dagny,Fredrikstad,POOLE,"54,766 pcs. sawn fir-",,13,Feb,1889,20,April,1889,False,condensed,0.9,"13 Dagny-Fredrikstad-54,766 pcs. sawn fir-"
18890420p.402_p002.txt,71,Lea,Christiania,POOLE,"21,387 pcs. sawn fir-",,13,Feb,1889,20,April,1889,False,condensed,0.9,"16 Lea-Christiania-21,387 pcs. sawn fir-"
18890420p.402_p002.txt,74,Chevy Chase,Warberg,POOLE,"4,250 pit",,13,Feb,1889,20,April,1889,True,condensed,0.9,"Chevy Chase (s)-Warberg-4,250 pit"
18890420p.402_p002.txt,76,Livlig,Fredrikshald,POOLE,"17,150 sleepers, 2,361",,13,Feb,1889,20,April,1889,False,condensed,0.9,"Livlig-Fredrikshald-17,150 sleepers, 2,361"
18890420p.402_p002.txt,77,Rayner & Moller Dorothea,Halmstad,POOLE,"16,368 pit props-J.",J.,13,Feb,1889,20,April,1889,False,condensed,0.9,"Rayner & Moller Dorothea-Halmstad-16,368 pit props-J."
18890420p.402_p002.txt,80,Vidar,Holmestrand,POOLE,"22,427 pit props-J.",J.,13,Feb,1889,20,April,1889,False,condensed,0.9,"Vidar-Holmestrand-22,427 pit props-J."
18890420p.402_p002.txt,83,Mana,Uddevalla,POOLE,"17,709 pit props-I.",I.,13,Feb,1889,20,April,1889,False,condensed,0.9,"Mana-Uddevalla-17,709 pit props-I."
18890420p.402_p002.txt,85,Heidrun,Fredrikshald,POOLE,"17,409 pit props-",,13,Feb,1889,20,April,1889,False,condensed,0.9,"Heidrun-Fredrikshald-17,409 pit props-"
18890420p.402_p002.txt,87,MISSING_FROM_OCR,Drammen,POOLE,"34,305 pit props-Moller",Moller,13,Feb,1889,20,April,1889,False,condensed,0.9,"Drammen-34,305 pit props-Moller"
18890420p.402_p002.txt,88,Vona,Porsgrund,POOLE,"1,068 pcs. square timber-",,13,Feb,1889,20,April,1889,False,condensed,0.9,"10 Vona-Porsgrund-1,068 pcs. square timber-"
18890420p.402_p002.txt,90,Ernest David,Memel,POOLE,"9,436 deals and deal",,13,Feb,1889,20,April,1889,False,condensed,0.9,"Ernest David-Memel-9,436 deals and deal"
18890420p.402_p002.txt,91,Mathilde,Fredrikshald,POOLE,"23,934 props-Mit-",Mit-,13,Feb,1889,20,April,1889,False,condensed,0.9,"Joseph Thompson & Co. Mathilde-Fredrikshald-23,934 props-Mit-"
18890420p.402_p002.txt,94,Hammer,Holmestrand,POOLE,"22,442 pit props-",,13,Feb,1889,20,April,1889,False,condensed,0.9,"Hammer-Holmestrand-22,442 pit props-"
18890420p.402_p002.txt,96,MISSING_FROM_OCR,Drammen,POOLE,"35,262 pit props-J. & W.",J. & W.,13,Feb,1889,20,April,1889,False,condensed,0.9,"Drammen-35,262 pit props-J. & W."
18890420p.402_p002.txt,98,Esperance,Stettin,POOLE,728 pcs. hewn oak-,,13,Feb,1889,20,April,1889,False,condensed,0.9,12 Esperance-Stettin-728 pcs. hewn oak-
18890420p.402_p002.txt,100,Treue,Danzig,POOLE,"12,834 oak chocks",,13,Feb,1889,20,April,1889,False,condensed,0.9,"Treue-Danzig-12,834 oak chocks-Order"
18890420p.402_p002.txt,101,Ideal,Christiania,POOLE,"40,084 pit props-",,13,Feb,1889,20,April,1889,False,condensed,0.9,"Ideal-Christiania-40,084 pit props-"
18890420p.402_p002.txt,104,Graphic,Bayonne,POOLE,90 lds. pitwood-,,13,Feb,1889,20,April,1889,False,condensed,0.9,Graphic-Bayonne-90 lds. pitwood-
18890420p.402_p002.txt,106,MISSING_FROM_OCR,Bordeaux,POOLE,450 lds. pitwood-W. Williams,W. Williams,13,Feb,1889,20,April,1889,False,condensed,0.9,Bordeaux-450 lds. pitwood-W. Williams
18890420p.402_p002.txt,107,France,St. Estephe,POOLE,95 lds. pitwood-,,13,Feb,1889,20,April,1889,False,condensed,0.9,11 France-St. Estephe-95 lds. pitwood-
18890420p.402_p002.txt,109,St.,Brieux,POOLE,"1,497 pcs. hewn fir, 442 pcs.",,13,Feb,1889,20,April,1889,False,condensed,0.9,"12 St. Brieux-1,497 pcs. hewn fir, 442 pcs."
18890420p.402_p002.txt,112,Ansfor,Skien,TRURO,"1,215 pcs. hewn fir",,13,Feb,1889,20,April,1889,False,condensed,1.0,"Ansfor-Skien-1,215 pcs. hewn fir,"
18890420p.402_p002.txt,115,Joseph,Dordt,TYNE,"16,770 bdls. wood hoops",,13,Feb,1889,20,April,1889,False,condensed,1.0,"Joseph-Dordt-16,770 bdls. wood hoops"
18890420p.402_p002.txt,116,Najaden,Drammen,TYNE,"13,533 pcs. floorings",,13,Feb,1889,20,April,1889,False,condensed,1.0,"J. C. Williamson & Co. Najaden-Drammen-13,533 pcs. floorings,"
18890420p.402_p002.txt,121,Eliezer,Sandefjord,TYNE,"15,452 props",,13,Feb,1889,20,April,1889,False,condensed,0.9,"Eliezer-Sandefjord-15,452 props-Order"
18890420p.402_p002.txt,123,Maria,Papenburg,TYNE,Full cargo of pit props-,,13,Feb,1889,20,April,1889,False,condensed,0.9,Maria-Papenburg-Full cargo of pit props-
18890420p.402_p002.txt,125,Colibri,Stettin,TYNE,146 lds. props-Hall Bros.,Hall Bros.,13,Feb,1889,20,April,1889,True,condensed,0.9,Colibri (s)-Stettin-146 lds. props-Hall Bros.
18890420p.402_p002.txt,126,Charlotta,Gothenburg,TYNE,"28,945 pit sleepers-",,13,Feb,1889,20,April,1889,False,condensed,0.9,"Charlotta-Gothenburg-28,945 pit sleepers-"
18890420p.402_p002.txt,128,Sobentia,Christiania,TYNE,"20,114 pit sleepers",,13,Feb,1889,20,April,1889,False,condensed,0.9,"Sobentia-Christiania-20,114 pit sleepers,"
18890420p.402_p002.txt,129,J. Ormston,Hamburg,TYNE,3 cs. mouldings-,,13,Feb,1889,20,April,1889,True,condensed,0.9,J. Ormston (s)-Hamburg-3 cs. mouldings-
18890420p.402_p002.txt,133,Emilie,Memel,TYNE,"7,289 whitewood deals-",,13,Feb,1889,20,April,1889,False,condensed,0.9,"Emilie-Memel-7,289 whitewood deals-"
18890420p.402_p002.txt,135,Victor,Carlshamn,TYNE,"15,666 deals, battens, and",,13,Feb,1889,20,April,1889,False,condensed,0.9,"Victor-Carlshamn-15,666 deals, battens, and"
18890420p.402_p002.txt,136,Hancock Hurtig,Namsos,TYNE,"10,948 boards",,13,Feb,1889,20,April,1889,False,condensed,0.9,"Hancock Hurtig-Namsos-10,948 boards-Order"
18890420p.402_p002.txt,138,Najaden,Carlshamn,TYNE,50 stds. pit props,,13,Feb,1889,20,April,1889,False,condensed,0.9,Najaden-Carlshamn-50 stds. pit props-Order
18890420p.402_p002.txt,139,Express,Memel,TYNE,"6,167 deals",,13,Feb,1889,20,April,1889,False,condensed,0.9,"Express-Memel-6,167 deals-Order"
18890420p.402_p002.txt,140,Amalthea,Memel,TYNE,"8,478 whitewood deals",,13,Feb,1889,20,April,1889,False,condensed,0.9,"13 Amalthea-Memel-8,478 whitewood deals,"
18890420p.402_p002.txt,141,Oscar,Porsgrund,TYNE,"670 telegraph poles, 756",,13,Feb,1889,20,April,1889,False,condensed,0.9,"Oscar-Porsgrund-670 telegraph poles, 756"
18890420p.402_p002.txt,143,Alexander,Memel,TYNE,"2,693 deals and deal ends",,13,Feb,1889,20,April,1889,False,condensed,0.9,"Alexander-Memel-2,693 deals and deal ends"
18890420p.402_p002.txt,145,Camilla,Laurvig,TYNE,"8,913 sleepers, 31,000 props",,13,Feb,1889,20,April,1889,False,condensed,0.9,"Camilla-Laurvig-8,913 sleepers, 31,000 props"
18890420p.402_p002.txt,147,Agder,Laurvig,TYNE,192 lds. pit props,,13,Feb,1889,20,April,1889,True,condensed,0.9,Agder (s)-Laurvig-192 lds. pit props-Order
18890420p.402_p002.txt,149,Emanuel,Namsos,TYNE,"9,486 battens-J. Scott",J. Scott,15,Feb,1889,20,April,1889,False,condensed,0.9,"15 Emanuel-Namsos-9,486 battens-J. Scott"
18890420p.402_p002.txt,150,Grenadier,Rotterdam,TYNE,1 box wood pattens,,15,Feb,1889,20,April,1889,True,condensed,0.9,Grenadier (s)-Rotterdam-1 box wood pattens
18890420p.402_p002.txt,152,Prospero,Christiania,TYNE,110 lds. mining,,15,Feb,1889,20,April,1889,True,condensed,0.9,Prospero (s)-Christiania-110 lds. mining
18890420p.402_p002.txt,155,Marie,Christiansand,TYNE,"1,759 pcs. mining tim-",,15,Feb,1889,20,April,1889,False,condensed,0.9,"Marie-Christiansand-1,759 pcs. mining tim-"
18890420p.402_p002.txt,158,Edith,Namsos,TYNE,"29,291 props",,15,Feb,1889,20,April,1889,False,condensed,0.9,"Edith-Namsos-29,291 props-Order"
18890420p.402_p002.txt,160,Mercur,Laurvig,TYNE,"20 523 props, 4,541 sleepers",,15,Feb,1889,20,April,1889,False,condensed,0.9,"Mercur-Laurvig-20 523 props, 4,541 sleepers"
18890420p.402_p002.txt,163,Elizabeth Morton,Porsgrund,TYNE,"4,673",,15,Feb,1889,20,April,1889,False,condensed,0.9,"Elizabeth Morton-Porsgrund-4,673"
18890420p.402_p002.txt,166,Hurkules,Fredrikshald,TYNE,"19,465 boards",,15,Feb,1889,20,April,1889,False,condensed,0.9,"Hurkules-Fredrikshald-19,465 boards,"
18890420p.402_p002.txt,169,Bien,Grimstadt,TYNE,"5,875 battens, 97 lds.",,15,Feb,1889,20,April,1889,False,condensed,0.9,"Bien-Grimstadt-5,875 battens, 97 lds."
18890420p.402_p002.txt,170,MISSING_FROM_OCR,Drammen,TYNE,"38,000 boards-Ranson",Ranson,15,Feb,1889,20,April,1889,False,condensed,0.9,"Drammen-38,000 boards-Ranson"
18890420p.402_p002.txt,172,Mariane,Drammen,TYNE,"816,379 staves, 649",,15,Feb,1889,20,April,1889,False,condensed,0.9,"15 Mariane-Drammen-816,379 staves, 649"
18890420p.402_p002.txt,173,Palgrave Brown Thusnelde,Memel,TYNE,"6,702 deals-Palgrave",Palgrave,15,Feb,1889,20,April,1889,False,condensed,0.9,"Palgrave Brown Thusnelde-Memel-6,702 deals-Palgrave"
18890420p.402_p002.txt,177,City of Rotterdam,Rotterdam,TYNE,"2,980",,15,Feb,1889,20,April,1889,False,condensed,0.9,"City of Rotterdam-Rotterdam-2,980"
18890420p.402_p002.txt,178,J. C. Pinkerton Vilhelmine,Drammen,TYNE,"54,897 fir boards",,15,Feb,1889,20,April,1889,False,condensed,0.9,"J. C. Pinkerton Vilhelmine-Drammen-54,897 fir boards-H."
18890420p.402_p002.txt,181,Restormel,Baltimore,TYNE,"8,250 staves-Dixon",Dixon,12,Feb,1889,20,April,1889,False,condensed,0.9,"12 Restormel-Baltimore-8,250 staves-Dixon"
18890420p.402_p002.txt,183,Carl,Drammen,CORK,"31,526 battens and boards-",,12,Feb,1889,20,April,1889,False,condensed,0.9,"Carl-Drammen-31,526 battens and boards-"
18890420p.402_p002.txt,186,Parknook,San Francisco,CORK,400 fir,,12,Feb,1889,20,April,1889,False,condensed,0.9,Parknook-San Francisco-400 fir
18890420p.402_p002.txt,189,Rubens,Drammen,LONDONDERRY,792 lds. sawn fir,,12,Feb,1889,20,April,1889,False,condensed,1.0,"Rubens-Drammen-792 lds. sawn fir,"
18890420p.402_p002.txt,192,Helios,Snaroen,SLIGO,"29,586 pcs. sawn fir",,12,Feb,1889,20,April,1889,False,condensed,1.0,"Helios-Snaroen-29,586 pcs. sawn fir,"
18890420p.402_p002.txt,216,Elielie,"Street, Lambeth.",SLIGO,The first meeting,,12,Feb,1889,20,April,1889,False,condensed,0.9,"Elielie Street, Lambeth.—The first meeting"
18890420p.402_p002.txt,313,tion was closed.,"CUTTS, HENRY.",SLIGO,The first meeting of,,12,Feb,1889,20,April,1889,False,condensed,0.9,"tion was closed. CUTTS, HENRY.—The first meeting of"
18890427p.4_p001.txt,17,Telegraphic,Address,SLIGO,"""BEATTIE,"" LEITH.",,12,Feb,1889,27,April,1889,False,condensed,0.9,"Telegraphic Address—""BEATTIE,"" LEITH."
18890427p.4_p001.txt,22,Telegraphic,Address,SLIGO,"""HARDIE, LEITH.""",,12,Feb,1889,27,April,1889,False,condensed,0.9,"Telegraphic Address—""HARDIE, LEITH."""
18890427p.4_p001.txt,32,Telegraphic,Address,SLIGO,"""SUMMERS,"" LEITH.",,12,Feb,1889,27,April,1889,False,condensed,0.9,"Telegraphic Address—""SUMMERS,"" LEITH."
18890427p.4_p001.txt,41,Timber Merchants and,Saw,DUNDEE,"millers, Wood Turners, Fret Cutters, Carvers, and Veneer Merchants",,12,Feb,1889,27,April,1889,False,condensed,0.9,"Timber Merchants and Saw-millers, Wood Turners, Fret Cutters, Carvers, and Veneer Merchants,"
18890427p.4_p001.txt,47,Alice,Memel,DUNDEE,"39,000 oak staves-Geo. Pearson & Co.",Geo. Pearson & Co.,12,Feb,1889,27,April,1889,False,condensed,0.9,"Alice—Memel—39,000 oak staves—Geo. Pearson & Co."
18890427p.4_p001.txt,48,Mars,Windau,DUNDEE,"8,805 props-Madsen & Borck",Madsen & Borck,16,Feb,1889,27,April,1889,False,condensed,0.9,"16 Mars—Windau—8,805 props—Madsen & Borck"
18890427p.4_p001.txt,49,Odin,Warberg,DUNDEE,"18,725 props-Jas. Kennedy",Jas. Kennedy,16,Feb,1889,27,April,1889,False,condensed,0.9,"Odin—Warberg—18,725 props—Jas. Kennedy"
18890427p.4_p001.txt,50,Commerce,Holmsund,DUNDEE,"7,862 props Clackmannan Coal Co.",,16,Feb,1889,27,April,1889,False,condensed,0.9,"18 Commerce—Holmsund—7,862 props Clackmannan Coal Co."
18890427p.4_p001.txt,51,Axel,Falkenberg,DUNDEE,"10,611 props Love & Co.",,16,Feb,1889,27,April,1889,False,condensed,0.9,"Axel—Falkenberg—10,611 props Love & Co."
18890427p.4_p001.txt,53,Haabet,Sandefjord,BORROWSTOUNNESS,"8,739 pcs. pitwood-J. Denholm & Co.",J. Denholm & Co.,16,Feb,1889,27,April,1889,False,condensed,1.0,"Haabet—Sandefjord—8,739 pcs. pitwood—J. Denholm & Co."
18890427p.4_p001.txt,54,Rosalie,Falkenberg,BORROWSTOUNNESS,"8,447 pcs. pitwood-Love & Co.",Love & Co.,16,Feb,1889,27,April,1889,False,condensed,1.0,"Rosalie—Falkenberg—8,447 pcs. pitwood—Love & Co."
18890427p.4_p001.txt,55,Aglain,Porsgrund,BORROWSTOUNNESS,"19,219 pcs. pitwood-J. Denholm & Co.",J. Denholm & Co.,16,Feb,1889,27,April,1889,False,condensed,1.0,"Aglain—Porsgrund—19,219 pcs. pitwood—J. Denholm & Co."
18890427p.4_p001.txt,56,Tromso,Drammen,BORROWSTOUNNESS,"21,338 pcs. pitwood-J. Denholm & Co.",J. Denholm & Co.,16,Feb,1889,27,April,1889,False,condensed,1.0,"Tromso—Drammen—21,338 pcs. pitwood—J. Denholm & Co."
18890427p.4_p001.txt,57,Falken,Falkenberg,BORROWSTOUNNESS,"11,125 lds. pitwood-Love & Stewart",Love & Stewart,16,Feb,1889,27,April,1889,False,condensed,0.9,"Falken—Falkenberg—11,125 lds. pitwood—Love & Stewart"
18890427p.4_p001.txt,58,William,Falkenberg,BORROWSTOUNNESS,Love & Stewart,,16,Feb,1889,27,April,1889,False,condensed,0.9,17 William Falkenberg—Love & Stewart
18890427p.4_p001.txt,59,Amy,Fredrikshald,BORROWSTOUNNESS,"1,113 pcs. pitwood Love & Stewart",,16,Feb,1889,27,April,1889,False,condensed,0.9,"Amy—Fredrikshald—1,113 pcs. pitwood Love & Stewart"
18890427p.4_p001.txt,60,Salween,Christiania,BORROWSTOUNNESS,"15,988 props-Grangemouth Iron & Coal Co.",Grangemouth Iron & Coal Co.,18,Feb,1889,27,April,1889,False,condensed,0.9,"18 Salween—Christiania—15,988 props—Grangemouth Iron & Coal Co."
18890427p.4_p001.txt,62,Charlotta,Gothenburg,DUNDEE,"5,761 fir deals-Jas. Donaldson & Son",Jas. Donaldson & Son,18,Feb,1889,27,April,1889,False,condensed,0.9,"Charlotta—Gothenburg—5,761 fir deals—Jas. Donaldson & Son"
18890427p.4_p001.txt,64,State of Nebraska,New York,DUNDEE,"12,580 pipe staves-R. Hamilton & Co. 1 car hickory lumber Order",R. Hamilton & Co.,18,Feb,1889,27,April,1889,False,condensed,0.9,"State of Nebraska—New York—12,580 pipe staves—R. Hamilton & Co.; 1 car hickory lumber Order"
18890427p.4_p001.txt,65,Colina,Baltimore,DUNDEE,"63 walnut logs, 5,225 staves, 2,253 oak boards Allison, Cousland & Co.; 12 poplar logs J. Kennedy & Co; 2 cars walnut lumber-Govan & Co. 1,025 loose boat oars—Order; 425 pcs. oak lumber, 11,000 staves—Wright & Breakenridge",Govan & Co.,19,Feb,1889,27,April,1889,False,condensed,0.9,"19 Colina—Baltimore—63 walnut logs, 5,225 staves, 2,253 oak boards Allison, Cousland & Co.; 12 poplar logs J. Kennedy & Co; 2 cars walnut lumber—Govan & Co.; 1,025 loose boat oars—Order; 425 pcs. oak lumber, 11,000 staves—Wright & Breakenridge"
18890427p.4_p001.txt,66,Circassia,New York,DUNDEE,"6,500 barrel staves-D. Dorman & Co. 149 bdls. headings—Order",D. Dorman & Co.,19,Feb,1889,27,April,1889,False,condensed,0.9,"Circassia—New York—6,500 barrel staves—D. Dorman & Co.; 149 bdls. headings—Order"
18890427p.4_p001.txt,66,bdls.,,DUNDEE,headings Order,,19,Feb,1889,27,April,1889,False,condensed,0.9,149 bdls. headings—Order
18890427p.4_p001.txt,67,Mauritius,Nantes and Bordeaux,DUNDEE,526 bdls. staves,,20,Feb,1889,27,April,1889,False,condensed,0.9,20 Mauritius—Nantes and Bordeaux—526 bdls. staves—Order
18890427p.4_p001.txt,68,State of Indiana,New York,DUNDEE,364 pkgs. wood-Singer Manufacturing Co. 1 car maple sheathing—Order,Singer Manufacturing Co.,22,Feb,1889,27,April,1889,False,condensed,0.9,22 State of Indiana—New York—364 pkgs. wood—Singer Manufacturing Co.; 1 car maple sheathing—Order
18890427p.4_p001.txt,68,car maple,,DUNDEE,sheathing Order,,22,Feb,1889,27,April,1889,False,condensed,0.9,1 car maple sheathing—Order
18890427p.4_p001.txt,69,Greata,Gothenburg,DUNDEE,"108 bags bobbins, 149 bdls. mouldings",,22,Feb,1889,27,April,1889,False,condensed,0.9,"Greata—Gothenburg—108 bags bobbins, 149 bdls. mouldings—Order"
18890427p.4_p001.txt,81,Dealers,,DUNDEE,"in Mahogany, Lignum Vitæ, Walnuts, Oak, Wainscots, Whitewood, Birch, Cedar, Ash, &c., and Veneers.",,22,Feb,1889,27,April,1889,False,condensed,0.9,"Dealers in—Mahogany, Lignum Vitæ, Walnuts, Oak, Wainscots, Whitewood, Birch, Cedar, Ash, &c., and Veneers."
18890427p.4_p001.txt,93,Silvanus,Windau,DUNDEE,"6,913 props-R. Melville & Co.",R. Melville & Co.,22,Feb,1889,27,April,1889,False,condensed,0.9,"Silvanus—Windau—6,913 props—R. Melville & Co."
18890427p.4_p001.txt,94,Tronda,Drontheim,DUNDEE,"14,560 deals and battens-R. Melville & Co.",R. Melville & Co.,16,Feb,1889,27,April,1889,False,condensed,0.9,"16 Tronda—Drontheim—14,560 deals and battens—R. Melville & Co."
18890427p.4_p001.txt,95,Valund,Drontheim,DUNDEE,"18,169 deals and battens-R. Melville & Co.",R. Melville & Co.,16,Feb,1889,27,April,1889,False,condensed,0.9,"Valund—Drontheim—18,169 deals and battens—R. Melville & Co."
18890427p.4_p001.txt,96,Normann,Namsos,DUNDEE,"6,205 deals and battens-P. & J. Wilkie",P. & J. Wilkie,20,Feb,1889,27,April,1889,False,condensed,0.9,"20 Normann—Namsos—6,205 deals and battens—P. & J. Wilkie"
18890427p.4_p001.txt,98,Stadacona,Pensacola,GREENOCK,"18,000 c.f. pitch pine timber, 1,031 pcs. pitch pine timber, 1,111 pcs. pitch pine deals-Robinson, Dunn, & Co.","Robinson, Dunn, & Co.",20,Feb,1889,27,April,1889,False,condensed,0.9,"Stadacona—Pensacola—18,000 c.f. pitch pine timber, 1,031 pcs. pitch pine timber, 1,111 pcs. pitch pine deals—Robinson, Dunn, & Co."
18890427p.4_p001.txt,99,Bernardo,Chiozza,GREENOCK,Rangoon 117 teak blocks—Deniston & Mitchells,,17,Feb,1889,27,April,1889,False,condensed,0.9,"17 Bernardo — Chiozza—Rangoon — 1,189 squares, 435 teak planks, 45 teak logs—F. Briggs & Co.; 117 teak blocks—Deniston & Mitchells"
18890427p.4_p001.txt,99,teak,,GREENOCK,blocks Deniston & Mitchells,,17,Feb,1889,27,April,1889,False,condensed,0.9,117 teak blocks—Deniston & Mitchells
18890427p.4_p001.txt,100,Rovolut,Christiania,GREENOCK,"1,189 spars, 2,000 poles, 3,194 pit props-McLean & Co.",McLean & Co.,20,Feb,1889,27,April,1889,False,condensed,0.9,"20 Rovolut—Christiania—1,189 spars, 2,000 poles, 3,194 pit props—McLean & Co."
18890427p.4_p001.txt,102,Hanna,Mandal,GREENOCK,"73,500 birch staves-Cormack",Cormack,20,Feb,1889,27,April,1889,False,condensed,0.9,"Hanna—Mandal—73,500 birch staves—Cormack"
18890427p.4_p001.txt,104,Dinorah,Oplo,GREENOCK,"24,580 battens and 1,000 lds. firewood-A. Garland & Roger",A. Garland & Roger,20,Feb,1889,27,April,1889,False,condensed,0.9,"Dinorah—Oplo—24,580 battens and 1,000 lds. firewood—A. Garland & Roger"
18890427p.4_p001.txt,105,Aspirant,Oplo,GREENOCK,"5,698 battens-A. Garland & Roger",A. Garland & Roger,17,Feb,1889,27,April,1889,False,condensed,0.9,"17 Aspirant—Oplo—5,698 battens—A. Garland & Roger"
18890427p.4_p001.txt,106,Patriot,Stettin,GREENOCK,322 pcs. sawn fir and 100 lds. hewn oak-A. Garland & Roger,A. Garland & Roger,17,Feb,1889,27,April,1889,False,condensed,0.9,Patriot—Stettin—322 pcs. sawn fir and 100 lds. hewn oak—A. Garland & Roger
18890427p.4_p001.txt,107,Tana,Hommelvik,GREENOCK,"18,016 deals and battens-John Mitchell & Co. from Drontheim—99 lds. firewood, 33,545 deals and battens—C. Salvesen & Co.",John Mitchell & Co.,20,Feb,1889,27,April,1889,True,condensed,0.9,"20 Tana (s)—Hommelvik—18,016 deals and battens—John Mitchell & Co.; from Drontheim—99 lds. firewood, 33,545 deals and battens—C. Salvesen & Co."
18890427p.4_p001.txt,108,Olaf,Namsos,GREENOCK,"13,754 deals and battens-A. Garland & Roger",A. Garland & Roger,20,Feb,1889,27,April,1889,False,condensed,0.9,"St. Olaf—Namsos—13,754 deals and battens—A. Garland & Roger"
18890427p.4_p001.txt,109,Mascotte,Rotterdam,GREENOCK,940 bdls. hoops-J. Gibson & Co.,J. Gibson & Co.,20,Feb,1889,27,April,1889,False,condensed,0.9,Mascotte—Rotterdam—940 bdls. hoops—J. Gibson & Co.
18890427p.4_p001.txt,111,Eliso,Porsgrund,GREENOCK,476 pcs. hewn and sawn fir battens-D. Carnegie,D. Carnegie,20,Feb,1889,27,April,1889,False,condensed,0.9,Eliso—Porsgrund—476 pcs. hewn and sawn fir battens—D. Carnegie
18890427p.4_p001.txt,118,Telegraphic,Address,GREENOCK,"""PATON,"" AYR.",,20,Feb,1889,27,April,1889,False,condensed,0.9,"Telegraphic Address— ""PATON,"" AYR."
18890427p.4_p001.txt,122,Telegram,Addresses,GREENOCK,"DONALDSON, TAYPORT.",,20,Feb,1889,27,April,1889,False,condensed,0.9,"Telegram Addresses— DONALDSON, TAYPORT."
18890427p.4_p001.txt,137,Telegraphic,Address,DUNDEE,"""JOHN JEFFERS,"" DUNDEE.",,20,Feb,1889,27,April,1889,False,condensed,0.9,"Telegraphic Address—""JOHN JEFFERS,"" DUNDEE."
18890427p.4_p001.txt,143,Telegraphic,Address,DUNDEE,"""MITCHELL, GRANTON.""",,20,Feb,1889,27,April,1889,False,condensed,0.9,"Telegraphic Address—""MITCHELL, GRANTON."""
18890427p.419_p001.txt,11,Oxbridge School,Board,FOR BUILDING WORK,J.,,20,Feb,1889,27,April,1889,False,condensed,1.0,Oxbridge School Board—J.
18890427p.419_p001.txt,27,Diana,Fredrikstad,PEN,"79,041 boards ends-Price, Potter, & Co.","Price, Potter, & Co.",20,Feb,1889,27,April,1889,False,condensed,0.9,"Diana-Fredrikstad-79,041 boards ends-Price, Potter, & Co."
18890427p.419_p001.txt,29,Satama,Doboy,BERWICK,"789 pcs. sawn fir, deals-Allan Bros.",Allan Bros.,20,Feb,1889,27,April,1889,False,condensed,1.0,"Satama-Doboy-789 pcs. sawn fir, deals-Allan Bros."
18890427p.419_p001.txt,31,Prins Chr.,Christiania,BERWICK,"96,898 props-Watts, Ward, & Co.","Watts, Ward, & Co.",20,Feb,1889,27,April,1889,False,condensed,1.0,"Prins Chr.-Christiania-96,898 props-Watts, Ward, & Co."
18890427p.419_p001.txt,32,Tuspan,Gothenburg,BERWICK,"63,859 pit props-Osbeck & Co.",Osbeck & Co.,17,Feb,1889,27,April,1889,False,condensed,1.0,"17 Tuspan-Gothenburg-63,859 pit props-Osbeck & Co."
18890427p.419_p001.txt,33,Illeri,Trouville,BERWICK,88 pcs. oak-Darling Wagon and Engineering Co.,Darling Wagon and Engineering Co.,18,Feb,1889,27,April,1889,False,condensed,0.9,18 Illeri-Trouville-88 pcs. oak-Darling Wagon and Engineering Co.
18890427p.419_p001.txt,34,Hanna,Uddevalla,BERWICK,216 lds. pit props-T. Wilson.,T. Wilson.,18,Feb,1889,27,April,1889,False,condensed,0.9,Hanna-Uddevalla-216 lds. pit props-T. Wilson.
18890427p.419_p001.txt,36,Superior,Pensacola,BRISTOL,"278 pcs. hewn, 1,465 pcs. sawn pitch pine, 714 deals-M. & Hassell",M. & Hassell,18,Feb,1889,27,April,1889,False,condensed,0.9,"Superior-Pensacola-278 pcs. hewn, 1,465 pcs. sawn pitch pine, 714 deals-M. & Hassell"
18890427p.419_p001.txt,37,John,Gefle,BRISTOL,"14,135 deals, battens & boards, 247 bdls. mouldings-Taylor & L.",Taylor & L.,18,Feb,1889,27,April,1889,False,condensed,0.9,"John-Gefle-14,135 deals, battens & boards, 247 bdls. mouldings-Taylor & L."
18890427p.419_p001.txt,38,Vingul,Fredrikshald,BRISTOL,"42,152 flooring boards, 939 bdls. laths, 520 deals, 119 spars, rickers-Robbins, Lane, & Pinniger","Robbins, Lane, & Pinniger",18,Feb,1889,27,April,1889,False,condensed,0.9,"Vingul-Fredrikshald-42,152 flooring boards, 939 bdls. laths, 520 deals, 119 spars, rickers-Robbins, Lane, & Pinniger"
18890427p.419_p001.txt,40,Huso,Arendal,BOSTON,316 lds. mining timber and props-A. Beeby & Son,A. Beeby & Son,18,Feb,1889,27,April,1889,False,condensed,1.0,Huso-Arendal-316 lds. mining timber and props-A. Beeby & Son
18890427p.419_p001.txt,42,Nyborg,Fredrikshald,BOSTON,"36,688 fir boards, 348 bdls. battens-W. Hicks",W. Hicks,18,Feb,1889,27,April,1889,False,condensed,1.0,"Nyborg-Fredrikshald - 36,688 fir boards, 348 bdls. battens-W. Hicks"
18890427p.419_p001.txt,43,Felix,Fredrikshald,BOSTON,"32,285 flooring boards, 2,000 deals-Thos. Penny",Thos. Penny,18,Feb,1889,27,April,1889,False,condensed,1.0,"18 Felix-Fredrikshald-32,285 flooring boards, 2,000 deals-Thos. Penny"
18890427p.419_p001.txt,45,Empress,Laurvig,BOSTON,"16,467 props-Simkin Bros. 1,852 props-E. Pritchard",Simkin Bros.,18,Feb,1889,27,April,1889,False,condensed,0.9,"Empress-Laurvig-16,467 props-Simkin Bros. ; 1,852 props-E. Pritchard"
18890427p.419_p001.txt,46,Buneborg,Christiansand,BOSTON,"5,853 pcs. mining timber-Tellefsen, Wills, & Co,","Tellefsen, Wills, & Co,",17,Feb,1889,27,April,1889,False,condensed,0.9,"17 Buneborg-Christiansand-5,853 pcs. mining timber-Tellefsen, Wills, & Co,"
18890427p.419_p001.txt,47,St Jean,Roche Bernard,BOSTON,"130 lds. pitwood-Budd, Stonehouse, & Co.","Budd, Stonehouse, & Co.",17,Feb,1889,27,April,1889,False,condensed,0.9,"St Jean-Roche Bernard-130 lds. pitwood-Budd, Stonehouse, & Co."
18890427p.419_p001.txt,48,Talma,Hennebont,BOSTON,250 lds. pitwood-Heard,Heard,17,Feb,1889,27,April,1889,False,condensed,0.9,Talma-Hennebont-250 lds. pitwood-Heard
18890427p.419_p001.txt,49,Expertise,Auray,BOSTON,150 lds. pitwood,,18,Feb,1889,27,April,1889,False,condensed,0.9,18 Expertise-Auray-150 lds. pitwood-Order
18890427p.419_p001.txt,50,Adelaide,Uddevalla,BOSTON,"60,272 pit props-C. Schroeter & Co.",C. Schroeter & Co.,18,Feb,1889,27,April,1889,False,condensed,0.9,"Adelaide - Uddevalla - 60,272 pit props-C. Schroeter & Co."
18890427p.419_p001.txt,51,Hilda,Christiania,BOSTON,"4,332 pcs. hewn fir-J. Bland & Co.",J. Bland & Co.,18,Feb,1889,27,April,1889,False,condensed,0.9,"Hilda-Christiania-4,332 pcs. hewn fir-J. Bland & Co."
18890427p.419_p001.txt,52,Pilote,Lorient,BOSTON,160 lds. pitwood,,18,Feb,1889,27,April,1889,False,condensed,0.9,Pilote-Lorient-160 lds. pitwood-Order
18890427p.419_p001.txt,53,Speranza,Grimstad,BOSTON,"4,935 pcs. mining timber-C. Schroeter & Co.",C. Schroeter & Co.,18,Feb,1889,27,April,1889,False,condensed,0.9,"Speranza-Grimstad - 4,935 pcs. mining timber-C. Schroeter & Co."
18890427p.419_p001.txt,54,Neptun,Libau,BOSTON,250 lds. props-Simkin Bros.,Simkin Bros.,18,Feb,1889,27,April,1889,False,condensed,0.9,Neptun-Libau-250 lds. props-Simkin Bros.
18890427p.419_p001.txt,55,True Briton,Bordeaux,BOSTON,"1,000 lds. pitwood-Fry, Holman, & Fry","Fry, Holman, & Fry",18,Feb,1889,27,April,1889,True,condensed,0.9,"True Briton (s)-Bordeaux-1,000 lds. pitwood-Fry, Holman, & Fry"
18890427p.419_p001.txt,56,Borean,Bayonne,BOSTON,"1,100 lds. pitwood-A. Capelle",A. Capelle,18,Feb,1889,27,April,1889,False,condensed,0.9,"Borean - Bayonne - 1,100 lds. pitwood-A. Capelle"
18890427p.419_p001.txt,57,Ouse,Bordeaux,BOSTON,750 lds. pitwood-Simkin,Simkin,18,Feb,1889,27,April,1889,False,condensed,0.9,Ouse-Bordeaux-750 lds. pitwood-Simkin
18890427p.419_p001.txt,58,Elak,Bordeaux,BOSTON,700 lds. pitwood-Powley,Powley,18,Feb,1889,27,April,1889,True,condensed,0.9,Elak (s)-Bordeaux-700 lds. pitwood-Powley
18890427p.419_p001.txt,60,Anette,Fredrikstad,BOSTON,"21,340 battens and flooring boards-R. E. Christian",R. E. Christian,18,Feb,1889,27,April,1889,False,condensed,0.9,"Anette-Fredrikstad-21,340 battens and flooring boards-R. E. Christian"
18890427p.419_p001.txt,62,Eastern Monarch,Astoria,BOSTON,"1,100 boards-Browning",Browning,18,Feb,1889,27,April,1889,False,condensed,0.9,"Eastern Monarch-Astoria-1,100 boards-Browning"
18890427p.419_p001.txt,63,Hygea,Fredrikshald,BOSTON,"36,765 boards-T. Adams & Co.",T. Adams & Co.,19,Feb,1889,27,April,1889,False,condensed,0.9,"19 Hygea - Fredrikshald - 36,765 boards-T. Adams & Co."
18890427p.419_p001.txt,65,Christopher,Brunswick,GRIMSBY,"6 lds. firewood, 1 ld. spars-W. Hitzen",W. Hitzen,19,Feb,1889,27,April,1889,False,condensed,0.9,"St. Christopher-Brunswick-6 lds. firewood, 1 ld. spars-W. Hitzen"
18890427p.419_p001.txt,66,Frugal,Laurvig,GRIMSBY,"25,618 deals-J. Chapman",J. Chapman,19,Feb,1889,27,April,1889,True,condensed,0.9,"19 Frugal (s)-Laurvig-25,618 deals-J. Chapman"
18890427p.419_p001.txt,67,Garry,Danzig,GRIMSBY,"3,625 timber crossings, 500 sleepers-Marshall & Atkinson",Marshall & Atkinson,19,Feb,1889,27,April,1889,True,condensed,0.9,"Garry (s)-Danzig-3,625 timber crossings, 500 sleepers-Marshall & Atkinson"
18890427p.419_p001.txt,69,Nor,Arendal,GRIMSBY,"320 pcs. square timber, 2,002 pcs. round timber, 1,153 props-E. Casper & Co.",E. Casper & Co.,19,Feb,1889,27,April,1889,False,condensed,0.9,"Nor-Arendal-320 pcs. square timber, 2,002 pcs. round timber, 1,153 props-E. Casper & Co."
18890427p.419_p001.txt,70,Polo,Brevig,GRIMSBY,"616 pcs. square timber, 1,154 pcs. round timber, 1,788 props-E. Casper",E. Casper,19,Feb,1889,27,April,1889,False,condensed,0.9,"Polo-Brevig-616 pcs. square timber, 1,154 pcs. round timber, 1,788 props-E. Casper"
18890427p.419_p001.txt,71,Ines,Drobak,GRIMSBY,"274 spars, 1,147 pcs. round timber, 302 pcs. square timber, 10,000 props, 15 lds. birch-E. Casper & Co.",E. Casper & Co.,19,Feb,1889,27,April,1889,False,condensed,0.9,"Hardy & Co. Ines-Drobak-274 spars, 1,147 pcs. round timber, 302 pcs. square timber, 10,000 props, 15 lds. birch-E. Casper & Co."
18890427p.419_p001.txt,74,Valkyrien,Porsgrund,GRIMSBY,"2,347 pcs. square timber, 758 props",,19,Feb,1889,27,April,1889,False,condensed,0.9,"Valkyrien-Porsgrund-2,347 pcs. square timber, 758 props-Order"
18890427p.419_p001.txt,75,Lizzie,Rouen,GRIMSBY,4 logs oak-Rawson,Rawson,19,Feb,1889,27,April,1889,True,condensed,0.9,Lizzie (s)-Rouen-4 logs oak-Rawson
18890427p.419_p001.txt,76,Elizabeth,Pillau,GRIMSBY,"9 pcs. timber, 3,260 staves, 10,750 rollers-Bailey & Leatham",Bailey & Leatham,19,Feb,1889,27,April,1889,True,condensed,0.9,"Elizabeth (s)-Pillau-9 pcs. timber, 3,260 staves, 10,750 rollers-Bailey & Leatham"
18890427p.419_p001.txt,77,Othello,Libau,GRIMSBY,989 pcs. wood,,19,Feb,1889,27,April,1889,True,condensed,0.9,Othello (s)-Libau-989 pcs. wood-Order
18890427p.419_p001.txt,80,Emerald,Rotterdam,GRIMSBY,800 pkgs. hoops,,19,Feb,1889,27,April,1889,True,condensed,0.9,Emerald (s)-Rotterdam-800 pkgs. hoops-Order
18890427p.419_p001.txt,81,Juno,Gothenburg,GRIMSBY,"3,284 props-Wilson, Simpson & Co. 3,020 bdls. laths-Heaven & Kesterton ; 2,800 bdls. laths-T. W. Allen ; 1,000 props-H. Smith & Co. ; 964 bdls. laths-Order","Wilson, Simpson & Co.",19,Feb,1889,27,April,1889,False,condensed,0.9,"Juno-Gothenburg-3,284 props-Wilson, Simpson & Co. ; 3,020 bdls. laths-Heaven & Kesterton ; 2,800 bdls. laths-T. W. Allen ; 1,000 props-H. Smith & Co. ; 964 bdls. laths-Order"
18890427p.419_p001.txt,82,Moscow,Libau,GRIMSBY,"4,686 pcs. birchwood",,19,Feb,1889,27,April,1889,True,condensed,0.9,"Moscow (s)-Libau-4,686 pcs. birchwood-Order"
18890427p.419_p001.txt,83,Juno,Gothenburg,GRIMSBY,"19 bgs. bobbins-J. Fleming 4,624 battens-Order",J. Fleming,19,Feb,1889,27,April,1889,False,condensed,0.9,"Juno-Gothenburg-19 bgs. bobbins-J. Fleming ; 4,624 battens-Order"
18890427p.419_p001.txt,84,Palermo,Trieste,GRIMSBY,"12,000 staves-Wilson, Sons, & Co. from Fiume-284 pcs. oak-Wilson, Sons, & Co.","Wilson, Sons, & Co.",19,Feb,1889,27,April,1889,True,condensed,0.9,"J. Dalton Holmes & Co. Palermo (s)-Trieste-12,000 staves-Wilson, Sons, & Co. ; from Fiume-284 pcs. oak-Wilson, Sons, & Co."
18890427p.419_p001.txt,87,Juni,Grimstad,GRIMSBY,"17,881 fir battens-W. Brown & Co.",W. Brown & Co.,19,Feb,1889,27,April,1889,False,condensed,0.9,"Juni-Grimstad-17,881 fir battens-W. Brown & Co."
18890427p.419_p001.txt,89,British Princess,Philadelphia,LIVERPOOL,"8,540 staves-Drysdale Bros.",Drysdale Bros.,19,Feb,1889,27,April,1889,True,condensed,0.9,"British Princess (s)-Philadelphia-8,540 staves-Drysdale Bros."
18890427p.419_p001.txt,90,Kong Sverre,Laurvig,LIVERPOOL,"46,734 boards",,19,Feb,1889,27,April,1889,False,condensed,0.9,"Kong Sverre-Laurvig-46,734 boards-Order"
18890427p.419_p001.txt,91,Catalonia,Boston,LIVERPOOL,"8,400 staves-Drysdale Bros. 185 bdls. shooks-Crowther Bros. ; 2,465 maple blocks-T. Mitchell",Drysdale Bros.,19,Feb,1889,27,April,1889,True,condensed,0.9,"Catalonia (s)-Boston-8,400 staves-Drysdale Bros. ; 185 bdls. shooks-Crowther Bros. ; 2,465 maple blocks-T. Mitchell"
18890427p.419_p001.txt,92,Alexandra,Porsgrund,LIVERPOOL,"5,803 poles, 1,094 props, 2 spars-Brodersen, Vaughan, & Co.","Brodersen, Vaughan, & Co.",19,Feb,1889,27,April,1889,False,condensed,0.9,"Alexandra-Porsgrund-5,803 poles, 1,094 props, 2 spars-Brodersen, Vaughan, & Co."
18890427p.419_p001.txt,93,City of Berlin,New York,LIVERPOOL,"1,200 staves-Hattley Hay 1,200 staves-L. M. Palmer",Hattley Hay,19,Feb,1889,27,April,1889,True,condensed,0.9,"City of Berlin (s)-New York-1,200 staves-Hattley Hay ; 1,200 staves-L. M. Palmer"
18890427p.419_p001.txt,96,Adriatic,New York,LIVERPOOL,"14 cs. handles-A. Field & Co. 3,890 pcs. lumber-Whiteside, Johns, & Co. ; 37 pkgs. and 446 no. doors, 272 baseboards, 5 cs. moulding, J. E. Nettle ; 1,700 staves-Hattley Hay",A. Field & Co.,19,Feb,1889,27,April,1889,True,condensed,0.9,"Adriatic (s)-New York-14 cs. handles-A. Field & Co. ; 3,890 pcs. lumber-Whiteside, Johns, & Co. ; 37 pkgs. and 446 no. doors, 272 baseboards, 5 cs. moulding, J. E. Nettle ; 1,700 staves-Hattley Hay"
18890427p.419_p001.txt,97,Jamaican,New Orleans,LIVERPOOL,"8,790 pine boards, 414 pine planks, 3,000 pipe staves",,19,Feb,1889,27,April,1889,True,condensed,0.9,"Jamaican (s)-New Orleans-8,790 pine boards, 414 pine planks, 3,000 pipe staves-Order"
18890427p.419_p001.txt,98,Skulda,Risoer,LIVERPOOL,"19,925 props-Brodersen",Brodersen,19,Feb,1889,27,April,1889,False,condensed,0.9,"Skulda-Risoer-19,925 props-Brodersen"
18890427p.419_p001.txt,99,Norseman,Boston,LIVERPOOL,"400 old and 1,200 staves-Hattley Hay",Hattley Hay,19,Feb,1889,27,April,1889,True,condensed,0.9,"Norseman (s)-Boston-400 old and 1,200 staves-Hattley Hay"
18890427p.419_p001.txt,100,Attic,Fredrikstad,LIVERPOOL,"14,671 floorings, 3,660 bdls. laths, 6,707 battens",,19,Feb,1889,27,April,1889,False,condensed,0.9,"Attic-Fredrikstad-14,671 floorings, 3,660 bdls. laths, 6,707 battens-Order"
18890427p.419_p001.txt,101,Thrudvang,Mandal,LIVERPOOL,"4,776 pcs. mining timber, 1,647 props-Brodersen, Vaughan","Brodersen, Vaughan",19,Feb,1889,27,April,1889,False,condensed,0.9,"Thrudvang - Mandal - 4,776 pcs. mining timber, 1,647 props-Brodersen, Vaughan"
18890427p.419_p001.txt,102,Toronto,"Portland, M.",LIVERPOOL,"4,599 deals, 3,935 spruce boards",,19,Feb,1889,27,April,1889,True,condensed,0.9,"Toronto (s)-Portland, M.-4,599 deals, 3,935 spruce boards-Order"
18890427p.419_p001.txt,103,Stella,Fredrikstad,LIVERPOOL,"2,694 bdls. laths, 35,850 boards-Bryant, Powis, & Bryant","Bryant, Powis, & Bryant",19,Feb,1889,27,April,1889,False,condensed,0.9,"Stella-Fredrikstad-2,694 bdls. laths, 35,850 boards-Bryant, Powis, & Bryant"
18890427p.419_p001.txt,104,Eastern Light,Pensacola,LIVERPOOL,"2,644 pcs. sawn timber, 820 deals-Bryant, Powis, & Bryant","Bryant, Powis, & Bryant",19,Feb,1889,27,April,1889,False,condensed,0.9,"Eastern Light-Pensacola-2,644 pcs. sawn timber, 820 deals-Bryant, Powis, & Bryant"
18890427p.419_p001.txt,105,Cephalonia,Boston,LIVERPOOL,"9,600 staves-Drysdale Bros. 1,840 blocks-T. Mitchell",Drysdale Bros.,23,Feb,1889,27,April,1889,True,condensed,0.9,"23 Cephalonia (s) - Boston-9,600 staves-Drysdale Bros. ; 1,840 blocks-T. Mitchell"
18890427p.419_p001.txt,106,Minerva,Christiania,LIVERPOOL,"751 spars, 1,439 smaller spars, 2,019 rickers",,23,Feb,1889,27,April,1889,False,condensed,0.9,"Minerva-Christiania-751 spars, 1,439 smaller spars, 2,019 rickers-Order"
18890427p.419_p001.txt,107,Crown Prince,Ship Island,LIVERPOOL,"147 pcs. hewn and 742 pcs. sawn ppe. timber, 51 pcs. sawn wood, 248 deals",,23,Feb,1889,27,April,1889,False,condensed,0.9,"Crown Prince-Ship Island-147 pcs. hewn and 742 pcs. sawn ppe. timber, 51 pcs. sawn wood, 248 deals"
18890427p.419_p001.txt,108,Vancouver,Portland,LIVERPOOL,"945 pine boards, 478 deals-Farnworth & Jardine 2,924 maple blocks-J. Mitchell ; 5,940 deals, 1,694 maple blocks-Order ; from Halifax-55 cs. spools-D. B. Lawson ; 98 cks. spools-Edmiston & Mitchells",Farnworth & Jardine,23,Feb,1889,27,April,1889,True,condensed,0.9,"Vancouver (s)-Portland-945 pine boards, 478 deals-Farnworth & Jardine ; 2,924 maple blocks-J. Mitchell ; 5,940 deals, 1,694 maple blocks-Order ; from Halifax-55 cs. spools-D. B. Lawson ; 98 cks. spools-Edmiston & Mitchells"
18890427p.419_p001.txt,109,Ohio,Philadelphia,LIVERPOOL,qty. staves-Drysdale Bros. 29 bxs. spokes-Order,Drysdale Bros.,23,Feb,1889,27,April,1889,True,condensed,0.9,Ohio (s)-Philadelphia-qty. staves-Drysdale Bros. ; 29 bxs. spokes-Order
18890427p.419_p001.txt,110,Barrowmore,Baltimore,LIVERPOOL,"252 wo. planks-Bew & Co. 743 wo. planks, 225 pcs. oak lumber, 692 oak boards-Coltart & Co. ; 3,624 staves, 2,641 wo. planks-Order",Bew & Co.,23,Feb,1889,27,April,1889,True,condensed,0.9,"Barrowmore (s)-Baltimore-252 wo. planks-Bew & Co. ; 743 wo. planks, 225 pcs. oak lumber, 692 oak boards-Coltart & Co. ; 3,624 staves, 2,641 wo. planks-Order"
18890427p.419_p001.txt,111,Bostonian,Boston,LIVERPOOL,"5 cs. handles-J. C. Plimpton & Co. 5,700 staves-Hay",J. C. Plimpton & Co.,23,Feb,1889,27,April,1889,True,condensed,0.9,"Bostonian (s)-Boston-5 cs. handles-J. C. Plimpton & Co. ; 5,700 staves-Hay"
18890427p.419_p001.txt,112,Humber,Danzig,LIVERPOOL,"16 cs. mouldings-A. F. Currie & Co. 4,200 staves, 55 fms. fire-wood, 1,200 oak staves-Order",A. F. Currie & Co.,23,Feb,1889,27,April,1889,True,condensed,0.9,"Humber (s)-Danzig-16 cs. mouldings-A. F. Currie & Co. ; 4,200 staves, 55 fms. fire-wood, 1,200 oak staves-Order"
18890427p.419_p001.txt,113,Madura,Darien,LIVERPOOL,"1,579 pcs. sawn ppe. timber, 65 ppe. deals",,23,Feb,1889,27,April,1889,False,condensed,0.9,"Madura-Darien-1,579 pcs. sawn ppe. timber, 65 ppe. deals-Order"
18890427p.419_p001.txt,114,Sigrid,Pensacola,LIVERPOOL,"1,833 pcs. sawn ppe. tim",,23,Feb,1889,27,April,1889,False,condensed,0.9,"Sigrid-Pensacola-1,833 pcs. sawn ppe. tim-ber, 153 ppe. deals-Bryant & Powis"
18890427p.419_p001.txt,115,Gleniffer,"Norfolk, Va.",LIVERPOOL,"639 wo. planks-J. Cutter 126 logs poplar-J. H. Burrell & Co. ; 37 logs poplar-Farnworth & Jardine ; 15 cars wo. planks, 3,600 wo. and 2,004 ppe. staves-Order",J. Cutter,23,Feb,1889,27,April,1889,True,condensed,0.9,"Gleniffer (s)-Norfolk, Va.-639 wo. planks-J. Cutter ; 126 logs poplar-J. H. Burrell & Co. ; 37 logs poplar-Farnworth & Jardine ; 15 cars wo. planks, 3,600 wo. and 2,004 ppe. staves-Order"
18890427p.419_p001.txt,116,Bonanza,Pensacola,LIVERPOOL,"117 pcs. hewn and 482 pcs. sawn pp. timber, 570 deals",,23,Feb,1889,27,April,1889,False,condensed,0.9,"Bonanza-Pensacola-117 pcs. hewn and 482 pcs. sawn pp. timber, 570 deals-Order"
18890427p.419_p001.txt,117,Francisca,New Orleans,LIVERPOOL,"4,290 staves",,23,Feb,1889,27,April,1889,True,condensed,0.9,"Francisca (s)-New Orleans-4,290 staves-Order"
18890427p.419_p001.txt,118,City of Paris,New York,LIVERPOOL,600 staves Hay,,23,Feb,1889,27,April,1889,True,condensed,0.9,24 City of Paris (s)-New York-600 staves Hay
18890427p.419_p001.txt,119,Spain,New York,LIVERPOOL,"7 cs. spokes, 1 cs. hubs, 1,460 staves, 10 cs. rollers",,23,Feb,1889,27,April,1889,True,condensed,0.9,"Spain (s)-New York-7 cs. spokes, 1 cs. hubs, 1,460 staves, 10 cs. rollers-Order"
18890427p.419_p001.txt,120,Prince Arthur,Ship Island,LIVERPOOL,"1,309 pcs. sawn hewn, and 111 pcs. pp. timber, 975 pp. deals-R. Holme & Co.",R. Holme & Co.,23,Feb,1889,27,April,1889,False,condensed,0.9,"Prince Arthur-Ship Island-1,309 pcs. sawn hewn, and 111 pcs. pp. timber, 975 pp. deals-R. Holme & Co."
18890427p.419_p001.txt,123,Gaa Paa,Fredrikstad,LONDON,"36 fms. fire-wood-With, Webster, & Co. 226,260 staves, 2,997 battens, 14,542 floorings, 1,910 bdls. mouldings Order","wood-With, Webster, & Co.",23,Feb,1889,27,April,1889,True,condensed,0.9,"Gaa Paa (s)-Fredrikstad-36 fms. fire-wood-With, Webster, & Co. ; 226,260 staves, 2,997 battens, 14,542 floorings, 1,910 bdls. mouldings Order"
18890427p.419_p001.txt,124,Godiva,Memel,LONDON,"28,103 deals",,23,Feb,1889,27,April,1889,True,condensed,0.9,"Godiva (s)-Memel-28,103 deals-Order"
18890427p.419_p001.txt,125,Asiatic Prince,Mobile,LONDON,"17,120 pcs., 4,280 no. oak staves, 2,590 pcs. timber, 6,000 pine deals-Price & Pierce",Price & Pierce,23,Feb,1889,27,April,1889,True,condensed,0.9,"23 Asiatic Prince (s)-Mobile-17,120 pcs., 4,280 no. oak staves, 2,590 pcs. timber, 6,000 pine deals-Price & Pierce"
18890427p.419_p001.txt,126,Avena,Uddevalla,LONDON,"807 bdls. mouldings, 225 doors, 33 crts. trellis-Nicks & Penton 239 bdls. shutter laths-S. Brown ; 531 bdls. mouldings-W. R. Crow & Son",Nicks & Penton,23,Feb,1889,27,April,1889,True,condensed,0.9,"Avena (s)-Uddevalla-807 bdls. mouldings, 225 doors, 33 crts. trellis-Nicks & Penton ; 239 bdls. shutter laths-S. Brown ; 531 bdls. mouldings-W. R. Crow & Son"
18890427p.419_p001.txt,127,National,Libau,LONDON,531 pcs. aspenwood-C. Arendt,C. Arendt,24,Feb,1889,27,April,1889,True,condensed,0.9,24 National (s)-Libau-531 pcs. aspenwood-C. Arendt
18890427p.419_p001.txt,129,Panther,Christiania,LONDON,"591 bgs. blocks-J. Keen 397 poles, 1,102 boat-hooks-With, Webster, & Co. ; 1,800 bdls. boxboards-Order",J. Keen,24,Feb,1889,27,April,1889,True,condensed,0.9,"Panther (s)-Christiania-591 bgs. blocks-J. Keen ; 397 poles, 1,102 boat-hooks-With, Webster, & Co. ; 1,800 bdls. boxboards-Order"
18890427p.419_p001.txt,132,Toronto,Boston,TILBURY DOCKS,"10,000 staves",,24,Feb,1889,27,April,1889,True,condensed,1.0,"Toronto (s)-Boston-10,000 staves-Order"
18890427p.419_p001.txt,133,Wilson,Gothenburg,TILBURY DOCKS,118 prs. oak,,18,Feb,1889,27,April,1889,True,condensed,1.0,18 Wilson (s)-Gothenburg-118 prs. oak-Order
18890427p.419_p001.txt,134,Palermo,Trieste,TILBURY DOCKS,"624 pcs., 199 bdls. oak from Fiume-419 bdls. oak-Goddard ; 526 bdls. sticks-W. Sheffield ; 538 planks oak-Order",,18,Feb,1889,27,April,1889,True,condensed,1.0,"Palermo (s)-Trieste-624 pcs., 199 bdls. oak-Order ; from Fiume-419 bdls. oak-Goddard ; 526 bdls. sticks-W. Sheffield ; 538 planks oak-Order"
18890427p.419_p001.txt,136,Persian,New York,LONDON (TILBURY DOCKS),"25 logs ash-Churchill & Sim 600 bdls. staves-Hattley Hay ; 100 bdls. staves-Hillier Organ ; 10 cs. spokes, 6 cs. handles-Order",Churchill & Sim,18,Feb,1889,27,April,1889,True,condensed,0.9,"Persian (s)-New York-25 logs ash-Churchill & Sim ; 600 bdls. staves-Hattley Hay ; 100 bdls. staves-Hillier Organ ; 10 cs. spokes, 6 cs. handles-Order"
18890427p.419_p001.txt,137,Minnesota,Baltimore,LONDON (TILBURY DOCKS),"3,400 hhd. staves-Hattley Hay 26 pcs. timber, 89 pcs. spar, 24,321 pcs., 1 car lumber, 78 spokes and handles-Order",Hattley Hay,18,Feb,1889,27,April,1889,True,condensed,0.9,"Minnesota (s)-Baltimore-3,400 hhd. staves-Hattley Hay ; 26 pcs. timber, 89 pcs. spar, 24,321 pcs., 1 car lumber, 78 spokes and handles-Order"
18890427p.419_p001.txt,142,Courier,Fredrikstad,LONDON (TILBURY DOCKS),"1,142 laths, 101 scantlings, 32,064 firewood, 32,064 bdls. boxwood, 12,043 boards",,18,Feb,1889,27,April,1889,True,condensed,0.9,"Courier (s)-Fredrikstad-1,142 laths, 101 scantlings, 32,064 firewood, 32,064 bdls. boxwood, 12,043 boards-Order"
18890427p.419_p001.txt,144,Christiane,Laurvig,LONDON (TILBURY DOCKS),"745,676 staves-Brown, & Co.","Brown, & Co.",18,Feb,1889,27,April,1889,False,condensed,0.9,"Christiane-Laurvig-745,676 staves-Brown, & Co."
18890427p.419_p001.txt,146,Sambo,Christiania,LONDON (TILBURY DOCKS),"6,449 fir poles and spars-H.M. Dockyard",H.M. Dockyard,18,Feb,1889,27,April,1889,False,condensed,0.9,"Sambo-Christiania-6,449 fir poles and spars-H.M. Dockyard"
18890427p.419_p001.txt,148,Capella,Hambro',LONDON (TILBURY DOCKS),511 pkgs. wool,,18,Feb,1889,27,April,1889,True,condensed,0.9,Capella (s)-Hambro'-511 pkgs. wool-Order
18890427p.419_p001.txt,150,Agnes,Danzig,LONDON (TILBURY DOCKS),"8,767 staves",,20,Feb,1889,27,April,1889,True,condensed,0.9,"20 Agnes (s)-Danzig-8,767 staves-Order"
18890427p.419_p001.txt,153,Pauline,Morlaix,LONDON (TILBURY DOCKS),144 lds. pitwood-David Rees,David Rees,20,Feb,1889,27,April,1889,False,condensed,0.9,Pauline-Morlaix-144 lds. pitwood-David Rees
18890427p.419_p001.txt,155,Frederique,Fredrikstad,MILFORD,"19,108 flooring boards, 1,731 battens, 81 spars-Barker",Barker,20,Feb,1889,27,April,1889,False,condensed,1.0,"Frederique-Fredrikstad-19,108 flooring boards, 1,731 battens, 81 spars-Barker"
18890427p.419_p001.txt,156,Emma,Gothenburg,MILFORD,"6,286 deals and battens-McMaster & Co.",McMaster & Co.,20,Feb,1889,27,April,1889,False,condensed,1.0,"20 Emma-Gothenburg-6,286 deals and battens-McMaster & Co."
18890427p.419_p001.txt,158,Olaf Trygvason,Mandal,NEWPORT,"1,139 pcs. mining timber-The Newport (Mon.) Pitwood Co.",The Newport (Mon.) Pitwood Co.,20,Feb,1889,27,April,1889,False,condensed,1.0,"Olaf Trygvason-Mandal-1,139 pcs. mining timber-The Newport (Mon.) Pitwood Co."
18890427p.419_p001.txt,159,Leo,Risoer,NEWPORT,320 lds. pitwood-Budd & Co.,Budd & Co.,17,Feb,1889,27,April,1889,False,condensed,1.0,17 Leo-Risoer-320 lds. pitwood-Budd & Co.
18890427p.419_p001.txt,160,Carolina,Warberg,NEWPORT,"180 lds. pitwood-Tredegar I. & C. Co., Lim.","Tredegar I. & C. Co., Lim.",17,Feb,1889,27,April,1889,False,condensed,1.0,"Carolina-Warberg-180 lds. pitwood-Tredegar I. & C. Co., Lim."
18890427p.419_p001.txt,161,Benjamin Moller,Gothenburg,NEWPORT,"319 lds. pit-wood-Tredegar I. and C. Co., Lim.","wood-Tredegar I. and C. Co., Lim.",17,Feb,1889,27,April,1889,False,condensed,1.0,"Benjamin Moller-Gothenburg-319 lds. pit-wood-Tredegar I. and C. Co., Lim."
18890427p.419_p001.txt,162,Duen,Krageroe,NEWPORT,"239 lds. mining timber, lds. pit props-R. Gething, jun., & Co.","R. Gething, jun., & Co.",17,Feb,1889,27,April,1889,False,condensed,0.9,"Duen-Krageroe-239 lds. mining timber, lds. pit props-R. Gething, jun., & Co."
18890427p.419_p001.txt,164,Alfred H.,Henneboat,NEWPORT,132 lds. pit props-Budd & Co.,Budd & Co.,17,Feb,1889,27,April,1889,False,condensed,0.9,Alfred H.-Henneboat-132 lds. pit props-Budd & Co.
18890427p.419_p001.txt,165,Victor,St. Nazaire,NEWPORT,125 lds. pit props-Budd,Budd,17,Feb,1889,27,April,1889,False,condensed,0.9,Victor-St. Nazaire-125 lds. pit props-Budd
18890427p.419_p001.txt,166,Ursula,St. Nazaire,NEWPORT,205 lds. pit props-Budd,Budd,18,Feb,1889,27,April,1889,False,condensed,0.9,18 Ursula-St. Nazaire-205 lds. pit props-Budd
18890427p.419_p001.txt,167,Pierre,Hambeschow,NEWPORT,Drammen,,18,Feb,1889,27,April,1889,False,condensed,0.9,"Pierre-Hambeschow-Drammen-28,536 boards and board ends-Nicholas & Co."
18890427p.419_p001.txt,168,Michael Freschow,Hennebont,NEWPORT,172 lds. pit props-Budd & Co.,Budd & Co.,18,Feb,1889,27,April,1889,False,condensed,0.9,Michael Freschow-Hennebont-172 lds. pit props-Budd & Co.
18890427p.419_p001.txt,169,Emilianne,Audierne,NEWPORT,150 lds. pit props-Budd,Budd,20,Feb,1889,27,April,1889,False,condensed,0.9,20 Emilianne-Audierne-150 lds. pit props-Budd
18890427p.419_p001.txt,170,Bohsallard,Ste. Marie,NEWPORT,Hennebont,,20,Feb,1889,27,April,1889,False,condensed,0.9,Bohsallard-Ste. Marie-Hennebont-160 lds. pit props-Budd & Co.
18890427p.419_p001.txt,171,Joseph and Marie,Jones,NEWPORT,141 lds. pit props-Budd,Budd,20,Feb,1889,27,April,1889,False,condensed,0.9,Joseph and Marie-Jones-141 lds. pit props-Budd
18890427p.419_p001.txt,172,MISSING_FROM_OCR,Hennebont,NEWPORT,155 lds. pitwood-Alfred & Co.,Alfred & Co.,20,Feb,1889,27,April,1889,False,condensed,0.9,Hennebont-155 lds. pitwood-Alfred & Co.
18890427p.419_p001.txt,173,Gira'da,Vannes,NEWPORT,225 lds. pitwood-Heard,Heard,20,Feb,1889,27,April,1889,False,condensed,0.9,Gira'da-Vannes-225 lds. pitwood-Heard
18890427p.419_p001.txt,174,Antares,St. Nazaire,NEWPORT,10 lds. dunnage wool-H. Tapsan & Gausland,H. Tapsan & Gausland,20,Feb,1889,27,April,1889,False,condensed,0.9,Antares-St. Nazaire-10 lds. dunnage wool-H. Tapsan & Gausland
18890427p.419_p001.txt,175,Eliah,Libau,NEWPORT,Oberon-St. N[?],St. N[?],20,Feb,1889,27,April,1889,False,condensed,0.9,Eliah-Libau- Oberon-St. N[?]
18890427p.419_p001.txt,179,Rafa,Fredrikstad,NEWPORT,"23,857 fir boards-S. Symons Martyn",S. Symons Martyn,20,Feb,1889,27,April,1889,False,condensed,0.9,"Rafa-Fredrikstad-23,857 fir boards-S. Symons Martyn"
18890427p.419_p001.txt,181,Alma,Drammen,NEWPORT,"31,924 pcs. sawn fir, Magnus-James Bros. & Co.",James Bros. & Co.,20,Feb,1889,27,April,1889,False,condensed,0.9,"Alma-Drammen-31,924 pcs. sawn fir, Magnus-James Bros. & Co."
18890427p.419_p001.txt,182,Famine,Gothenburg,NEWPORT,"10,781 pcs. sawn fir-R. & R. Bayly",R. & R. Bayly,18,Feb,1889,27,April,1889,False,condensed,0.9,"18 Famine-Gothenburg-10,781 pcs. sawn fir-R. & R. Bayly"
18890427p.419_p001.txt,183,MISSING_FROM_OCR,Christiania,NEWPORT,"3,000 fir spars-Store-keeper",Store-keeper,18,Feb,1889,27,April,1889,False,condensed,0.9,"Christiania-3,000 fir spars-Store-keeper"
18890427p.419_p001.txt,185,Jeanette,Porsgrund,NEWPORT,"16,709 battens, 42 lds. sawn fir-T. Bailey",T. Bailey,18,Feb,1889,27,April,1889,False,condensed,0.9,"Jeanette-Porsgrund-16,709 battens, 42 lds. sawn fir-T. Bailey"
18890427p.419_p001.txt,187,Vesta,Christiania,NEWPORT,"8,668 flooring boards, 3,508 deals and battens-R. Seare",R. Seare,18,Feb,1889,27,April,1889,False,condensed,0.9,"Vesta-Christiania-8,668 flooring boards, 3,508 deals and battens-R. Seare"
18890427p.419_p001.txt,189,Odin,Fredrikstad,NEWPORT,"419,000 fir staves-Tingey & Son",Tingey & Son,18,Feb,1889,27,April,1889,False,condensed,0.9,"Odin-Fredrikstad-419,000 fir staves-Tingey & Son"
18890427p.419_p001.txt,191,Olaf Trygvason,Mandal,RUNCORN,"1,139 pcs. mining timber, 355 props-Langley",Langley,18,Feb,1889,27,April,1889,False,condensed,1.0,"Olaf Trygvason-Mandal-1,139 pcs. mining timber, 355 props-Langley"
18890427p.419_p001.txt,193,Freya,Wisby,RUNCORN,420 lds. firewood-Thomas Wilkinson 16 lds. deals and boards-W. Robson,Thomas Wilkinson,18,Feb,1889,27,April,1889,False,condensed,1.0,Freya-Wisby-420 lds. firewood-Thomas Wilkinson ; 16 lds. deals and boards-W. Robson
18890504p.4_p001.txt,11,Carolina,Gothenburg,DUBLIN,"25,732 pit props-J. L. Johanson & Co.",J. L. Johanson & Co.,23,Feb,1889,4,May,1889,False,condensed,0.9,"Carolina-Gothenburg-25,732 pit props-J. L. Johanson & Co."
18890504p.4_p001.txt,12,Dania,Kragero,DUBLIN,"13,183 pit props-Love",Love,23,Feb,1889,4,May,1889,False,condensed,0.9,"Dania-Kragero-13,183 pit props-Love"
18890504p.4_p001.txt,13,Terje Viken,Porsgrund,DUBLIN,"12, 619 pit props_ Kirkwood & Co.",,23,Feb,1889,4,May,1889,False,condensed,0.9,"26 Terje Viken-Porsgrund-12, 619 pit props_ Kirkwood & Co."
18890504p.4_p001.txt,14,Safir,Skien,DUBLIN,"20,684 pit props-Kirkwood & Co.",Kirkwood & Co.,23,Feb,1889,4,May,1889,False,condensed,0.9,"Safir-Skien-20,684 pit props-Kirkwood & Co."
18890504p.4_p001.txt,15,Marie,Tonsberg,DUBLIN,142 lds. pit props-Jas. Cairns,Jas. Cairns,27,Feb,1889,4,May,1889,False,condensed,0.9,27 Marie-Tonsberg-142 lds. pit props-Jas. Cairns
18890504p.4_p001.txt,16,Freya,Drammen,DUBLIN,"31,641 pit props-Love",Love,27,Feb,1889,4,May,1889,False,condensed,0.9,"Freya-Drammen-31,641 pit props-Love"
18890504p.4_p001.txt,17,Condor,Gothenburg,DUBLIN,"9,148 pit props-Madsen",Madsen,27,Feb,1889,4,May,1889,False,condensed,0.9,"Condor-Gothenburg-9,148 pit props-Madsen"
18890504p.4_p001.txt,18,Scandinavia,Skien,DUBLIN,"14,371 pit props-Kirkwood & Co.",Kirkwood & Co.,29,Feb,1889,4,May,1889,False,condensed,0.9,"29 Scandinavia-Skien-14,371 pit props-Kirkwood & Co."
18890504p.4_p001.txt,19,Hjalmar,Danzig,DUBLIN,"35,935 pit props-Madsen",Madsen,29,Feb,1889,4,May,1889,False,condensed,0.9,"Hjalmar-Danzig-35,935 pit props-Madsen"
18890504p.4_p001.txt,20,Jean Maurice,Christiansand,DUBLIN,"25,510 pit props-Madsen & Borok",Madsen & Borok,29,Feb,1889,4,May,1889,False,condensed,0.9,"Jean Maurice-Christiansand-25,510 pit props-Madsen & Borok"
18890504p.4_p001.txt,21,Alba,Falkenberg,DUBLIN,"19,867 pit props-Love",Love,29,Feb,1889,4,May,1889,False,condensed,0.9,"Alba-Falkenberg-19,867 pit props-Love"
18890504p.4_p001.txt,22,Skjold,Falkenberg,DUBLIN,"13,129 pit props-Love",Love,29,Feb,1889,4,May,1889,False,condensed,0.9,"Skjold-Falkenberg-13,129 pit props-Love"
18890504p.4_p001.txt,25,Urda,Christiansand,BORROWSTOUNNESS,"9,331 pcs. pit-wood-John Denholm & Co.",wood-John Denholm & Co.,29,Feb,1889,4,May,1889,False,condensed,1.0,"Urda-Christiansand-9,331 pcs. pit-wood-John Denholm & Co."
18890504p.4_p001.txt,26,Dannebrog,Falkenberg,BORROWSTOUNNESS,"9,528 pcs. pitwood-Love & Stewart",Love & Stewart,29,Feb,1889,4,May,1889,False,condensed,1.0,"Dannebrog-Falkenberg-9,528 pcs. pitwood-Love & Stewart"
18890504p.4_p001.txt,29,Neptunus,Gothenburg,DUNDEE,"7,343 fir deals and battens-Jas. Donaldson & Son",Jas. Donaldson & Son,29,Feb,1889,4,May,1889,False,condensed,0.9,"Neptunus-Gothenburg-7,343 fir deals and battens-Jas. Donaldson & Son"
18890504p.4_p001.txt,33,Logs and Veneer of all descriptions. Telegraphic,Address,DUNDEE,"""MAHOGANY, GLASGOW.""",,29,Feb,1889,4,May,1889,False,condensed,0.9,"Logs and Veneer of all descriptions. Telegraphic Address—""MAHOGANY, GLASGOW."""
18890504p.4_p001.txt,40,Telegraphic,Address,DUNDEE,"""BEATTIE,"" LEITH.",,29,Feb,1889,4,May,1889,False,condensed,0.9,"Telegraphic Address—""BEATTIE,"" LEITH."
18890504p.4_p001.txt,45,Telegraphic,Address,DUNDEE,"""HARDIE, LEITH.""",,29,Feb,1889,4,May,1889,False,condensed,0.9,"Telegraphic Address—""HARDIE, LEITH."""
18890504p.4_p001.txt,55,Telegraphic,Address,DUNDEE,"""SUMMERS,"" LEITH.",,29,Feb,1889,4,May,1889,False,condensed,0.9,"Telegraphic Address—""SUMMERS,"" LEITH."
18890504p.4_p001.txt,64,Timber Merchants and,Saw,DUNDEE,"millers, Wood Turners, Fret Cutters, Carvers, and Veneer Merchants",,29,Feb,1889,4,May,1889,False,condensed,0.9,"Timber Merchants and Saw-millers, Wood Turners, Fret Cutters, Carvers, and Veneer Merchants,"
18890504p.4_p001.txt,81,Dealers,,DUNDEE,"in Mahogany, Lignum Vitæ, Walnut, Whitewood, Birch, Cedar, Ash, &c., and Veneers.",,29,Feb,1889,4,May,1889,False,condensed,0.9,"Dealers in—Mahogany, Lignum Vitæ, Walnut, Whitewood, Birch, Cedar, Ash, &c., and Veneers."
18890504p.4_p001.txt,97,Frithiof,Gothenburg,DUNDEE,"8,785 props-C. Salvesen & Co.",C. Salvesen & Co.,29,Feb,1889,4,May,1889,True,condensed,0.9,"Frithiof (s)-Gothenburg-8,785 props-C. Salvesen & Co."
18890504p.4_p001.txt,98,Uller,Moss,DUNDEE,"51,720 oak staves-Lindsay",Lindsay,27,Feb,1889,4,May,1889,True,condensed,0.9,"27 Uller (s)-Moss-51,720 oak staves-Lindsay"
18890504p.4_p001.txt,99,Martin Fredrik,Christiania,DUNDEE,"10,752 props-C. Salvesen & Co.",C. Salvesen & Co.,29,Feb,1889,4,May,1889,False,condensed,0.9,"29 Martin Fredrik-Christiania-10,752 props-C. Salvesen & Co."
18890504p.4_p001.txt,102,Ethiopia,New York,DUNDEE,"5,000 dressed staves-D. Dorman & Co. 157 pcs. oak scantling-Brownlee & Co. ; 620 bdls. and 2,200 hhds. staves, 299 pcs. oak lumber-Order",D. Dorman & Co.,29,Feb,1889,4,May,1889,False,condensed,0.9,"Ethiopia-New York-5,000 dressed staves-D. Dorman & Co. ; 157 pcs. oak scantling-Brownlee & Co. ; 620 bdls. and 2,200 hhds. staves, 299 pcs. oak lumber-Order"
18890504p.4_p001.txt,103,Prussian,Philadelphia,DUNDEE,"1,200 staves-Edmiston & Mitchell",Edmiston & Mitchell,26,Feb,1889,4,May,1889,False,condensed,0.9,"26 Prussian-Philadelphia-1,200 staves-Edmiston & Mitchell"
18890504p.4_p001.txt,104,MonteVideo,Baltimore,DUNDEE,"7,809 hhds. staves, 2,769 oak planks-Allison, Cousland, & Co.","Allison, Cousland, & Co.",26,Feb,1889,4,May,1889,False,condensed,0.9,"26 MonteVideo-Baltimore-7,809 hhds. staves, 2,769 oak planks-Allison, Cousland, & Co."
18890504p.4_p001.txt,105,State of Pennsylvania,New York,DUNDEE,"2,400 hhds. staves, 1,200 brl. staves, 600 pipe staves-R. Hamilton 472 pkgs. woodware -Singer Manufacturing Co. ; 3 cs. wood, 1 car maple sheathing-Order",R. Hamilton,29,Feb,1889,4,May,1889,False,condensed,0.9,"29 State of Pennsylvania-New York-2,400 hhds. staves, 1,200 brl. staves, 600 pipe staves-R. Hamilton ; 472 pkgs. woodware -Singer Manufacturing Co. ; 3 cs. wood, 1 car maple sheathing-Order"
18890504p.4_p001.txt,108,Melmore,Mobile,GREENOCK,"543 pcs. pitch pine timber, 311 pcs. pitch pine deals",,29,Feb,1889,4,May,1889,False,condensed,0.9,"Melmore-Mobile-543 pcs. pitch pine timber, 311 pcs. pitch pine deals-Order"
18890504p.4_p001.txt,109,Winnifred,Mobile,GREENOCK,"543 pcs. pitch pine timber, 418 pcs. white oak, 46 pcs. pitch pine timber, 413 pcs. pitch pine deals",,23,Feb,1889,4,May,1889,False,condensed,0.9,"23 Winnifred-Mobile-543 pcs. pitch pine timber, 418 pcs. white oak, 46 pcs. pitch pine timber, 413 pcs. pitch pine deals-Order"
18890504p.4_p001.txt,110,Bersagliere,Port Royal,GREENOCK,"1,890 pcs. sawn pitch pine timber, 230 pcs. lumber",,29,Feb,1889,4,May,1889,False,condensed,0.9,"29 Bersagliere-Port Royal-1,890 pcs. sawn pitch pine timber, 230 pcs. lumber-Order"
18890504p.4_p001.txt,111,Bersagliere,Moulmein,GREENOCK,"1,410 teak squares, 690 teak planks",,29,Feb,1889,4,May,1889,False,condensed,0.9,"29 Bersagliere-Moulmein-1,410 teak squares, 690 teak planks-Order"
18890504p.4_p001.txt,114,Gwendoline,Drontheim,GREENOCK,"14,255 battens-Jas. Donaldson & Son",Jas. Donaldson & Son,29,Feb,1889,4,May,1889,True,condensed,0.9,"Gwendoline (s)-Drontheim-14,255 battens, -Jas. Donaldson & Son"
18890504p.4_p001.txt,117,Stanley Hall,Bordeaux,GREENOCK,786 bdls. hoops-Thos. Aitken,Thos. Aitken,29,Feb,1889,4,May,1889,False,condensed,0.9,Stanley Hall-Bordeaux-786 bdls. hoops-Thos. Aitken
18890504p.4_p001.txt,132,Telegraphic,Address,GREENOCK,"""PATON,"" AYR.",,29,Feb,1889,4,May,1889,False,condensed,0.9,"Telegraphic Address—""PATON,"" AYR."
18890504p.4_p001.txt,136,Telegram,Addresses,GREENOCK,"DONALDSON, TAYPORT. DONALDSON, LEVEN.",,29,Feb,1889,4,May,1889,False,condensed,0.9,"Telegram Addresses—DONALDSON, TAYPORT. DONALDSON, LEVEN."
18890504p.4_p001.txt,150,Telegraphic,Address,GREENOCK,"""MITCHELL, GRANTON.""",,29,Feb,1889,4,May,1889,False,condensed,0.9,"Telegraphic Address—""MITCHELL, GRANTON."""
18890504p.440_p002.txt,3,Adour,Bayonne,DUNDEE,"1,110 lds. pitwood-A. Capelle",A. Capelle,29,Feb,1889,4,May,1889,True,condensed,0.9,"Adour (s)-Bayonne-1,110 lds. pitwood-A. Capelle"
18890504p.440_p002.txt,5,Anund Tveten,Porsgrund,DUNDEE,"9,755 mining poles and props-R. Grandidge",R. Grandidge,29,Feb,1889,4,May,1889,False,condensed,0.9,"Anund Tveten - Porsgrund-9,755 mining poles and props-R. Grandidge"
18890504p.440_p002.txt,6,Omon,Fredrikstad,DUNDEE,"20,511 fir boards, 5,832 slating battens-Chas. Jones & Sons",Chas. Jones & Sons,26,Feb,1889,4,May,1889,False,condensed,0.9,"26 Omon-Fredrikstad-20,511 fir boards, 5,832 slating battens-Chas. Jones & Sons"
18890504p.440_p002.txt,8,Ethel,Drammen,DUNDEE,"5,088 pcs. sawn fir-Brown & Sons",Brown & Sons,26,Feb,1889,4,May,1889,False,condensed,0.9,"Ethel-Drammen-5,088 pcs. sawn fir-Brown & Sons"
18890504p.440_p002.txt,12,Veritas,"St. John, N.B.",FLEETWOOD,"31,205 fir deals-H. & G. Curwen & Co.",H. & G. Curwen & Co.,26,Feb,1889,4,May,1889,False,condensed,1.0,"Veritas-St. John, N.B.-31,205 fir deals-H. & G. Curwen & Co."
18890504p.440_p002.txt,14,Concordia,Grimstadt,FLEETWOOD,"20,808 deals-T. Adams & Co.",T. Adams & Co.,26,Feb,1889,4,May,1889,False,condensed,1.0,"Concordia-Grimstadt-20,808 deals-T. Adams & Co."
18890504p.440_p002.txt,16,Gipsy Queen,Gothenburg,FLEETWOOD,"808 deals and battens, 1,693 posts, 14,855 rails, 5,000 sleepers, 3,793 props, 6,915 poles, 3,156 bdlk. laths-T. Barraclough 9,358 props-Rayner & Moller",T. Barraclough,26,Feb,1889,4,May,1889,True,condensed,0.9,"Gipsy Queen (s)-Gothenburg-808 deals and battens, 1,693 posts, 14,855 rails, 5,000 sleepers, 3,793 props, 6,915 poles, 3,156 bdlk. laths-T. Barraclough ; 9,358 props-Rayner & Moller"
18890504p.440_p002.txt,17,Gotlies,Halmstad,FLEETWOOD,"5,600 props-Forslind",Forslind,23,Feb,1889,4,May,1889,False,condensed,0.9,"23 Gotlies-Halmstad-5,600 props-Forslind"
18890504p.440_p002.txt,18,Marie,Carlshamn,FLEETWOOD,270 lds. props-Nilsson & Co.,Nilsson & Co.,23,Feb,1889,4,May,1889,False,condensed,0.9,23 Marie-Carlshamn-270 lds. props-Nilsson & Co.
18890504p.440_p002.txt,19,Uhlenhorst,Windau,FLEETWOOD,"17,271 deals and battens-R. Wade, Sons, & Co.","R. Wade, Sons, & Co.",23,Feb,1889,4,May,1889,False,condensed,0.9,"23 Uhlenhorst-Windau-17,271 deals and battens-R. Wade, Sons, & Co."
18890504p.440_p002.txt,20,Thor,Falkenberg,FLEETWOOD,130 lds. props-Moller,Moller,24,Feb,1889,4,May,1889,False,condensed,0.9,24 Thor-Falkenberg-130 lds. props-Moller
18890504p.440_p002.txt,21,Hebe,Christiania,FLEETWOOD,"5,681 pcs. mining timber, 4,889 pcs. hewn fir-H. Erichsen & Co.",H. Erichsen & Co.,25,Feb,1889,4,May,1889,False,condensed,0.9,"25 Hebe-Christiania-5,681 pcs. mining timber, 4,889 pcs. hewn fir-H. Erichsen & Co."
18890504p.440_p002.txt,22,Anna,Porsgrund,FLEETWOOD,"800 poles, 2,924 pcs. mining timber, 397 props-Victor Nilsson & Co.",Victor Nilsson & Co.,25,Feb,1889,4,May,1889,False,condensed,0.9,"25 Anna-Porsgrund-800 poles, 2,924 pcs. mining timber, 397 props-Victor Nilsson & Co."
18890504p.440_p002.txt,23,Kaleb,Skien,FLEETWOOD,"1,745 pcs. square timber, 1,089 props-E. A. Casper & Co.",E. A. Casper & Co.,25,Feb,1889,4,May,1889,False,condensed,0.9,"25 Kaleb-Skien-1,745 pcs. square timber, 1,089 props-E. A. Casper & Co."
18890504p.440_p002.txt,24,Union,Porsgrund,FLEETWOOD,"121 telegraph poles-R. Wade, Sons, & Co.","R. Wade, Sons, & Co.",26,Feb,1889,4,May,1889,False,condensed,0.9,"26 Union-Porsgrund-121 telegraph poles-R. Wade, Sons, & Co."
18890504p.440_p002.txt,25,Lyra,Brevig,FLEETWOOD,"828 pcs. square timber, 2,516 pcs. round timber, 2,032 props-Nilsson",Nilsson,26,Feb,1889,4,May,1889,False,condensed,0.9,"26 Lyra-Brevig-828 pcs. square timber, 2,516 pcs. round timber, 2,032 props-Nilsson"
18890504p.440_p002.txt,26,Howard,Calmar,FLEETWOOD,"6,053 props-W. D. Coxon",W. D. Coxon,26,Feb,1889,4,May,1889,False,condensed,0.9,"26 Howard-Calmar-6,053 props-W. D. Coxon"
18890504p.440_p002.txt,27,Ragn,Calmar,FLEETWOOD,"5,677 props-G. Pyman & Co.",G. Pyman & Co.,26,Feb,1889,4,May,1889,False,condensed,0.9,"26 Ragn-Calmar-5,677 props-G. Pyman & Co."
18890504p.440_p002.txt,28,Eintracht,Stettin,FLEETWOOD,416 pcs. oak-G. Horsley,G. Horsley,26,Feb,1889,4,May,1889,False,condensed,0.9,26 Eintracht-Stettin-416 pcs. oak-G. Horsley
18890504p.440_p002.txt,29,William,Gothenburg,FLEETWOOD,"2,273 boards-Nottingham Mill Co.",Nottingham Mill Co.,27,Feb,1889,4,May,1889,True,condensed,0.9,"27 William (s)-Gothenburg-2,273 boards-Nottingham Mill Co."
18890504p.440_p002.txt,30,Oscar,Carlshamn,FLEETWOOD,"7,260 deals and battens-J. H. Hancock",J. H. Hancock,29,Feb,1889,4,May,1889,False,condensed,0.9,"29 Oscar-Carlshamn-7,260 deals and battens-J. H. Hancock"
18890504p.440_p002.txt,31,Lyde,Gothenburg,FLEETWOOD,"24,152 boards-A. Livingston & Co.",A. Livingston & Co.,29,Feb,1889,4,May,1889,False,condensed,0.9,"29 Lyde-Gothenburg-24,152 boards-A. Livingston & Co."
18890504p.440_p002.txt,32,Trim,Gothenburg,FLEETWOOD,"2,200 bdls. laths-J. Brown & Co. 1,100 bdls. laths-North-Eastern Railway Co. ; 1,000 bdls. laths-J. Graham & Co. ; 61,671 bdls. props-Victor Nilsson & Co. ; 600 bdls. laths-J. Heath",J. Brown & Co.,29,Feb,1889,4,May,1889,True,condensed,0.9,"29 Trim (s)-Gothenburg-2,200 bdls. laths-J. Brown & Co. ; 1,100 bdls. laths-North-Eastern Railway Co. ; 1,000 bdls. laths-J. Graham & Co. ; 61,671 bdls. props-Victor Nilsson & Co. ; 600 bdls. laths-J. Heath"
18890504p.440_p002.txt,34,Apollo,New York,FLEETWOOD,"2,527 pcs. wood, 1,511 pcs. oak-Wilson, Sons, & Co.","Wilson, Sons, & Co.",29,Feb,1889,4,May,1889,True,condensed,0.9,"Apollo (s)-New York-2,527 pcs. wood, 1,511 pcs. oak-Wilson, Sons, & Co."
18890504p.440_p002.txt,35,Amy,Libau,FLEETWOOD,384 pcs. birchwood,,25,Feb,1889,4,May,1889,True,condensed,0.9,25 Amy (s)-Libau-384 pcs. birchwood-Order
18890504p.440_p002.txt,36,Argo,Gothenburg,FLEETWOOD,"2,752 props-Wilson, Sons, & Co. 1,341 props-H. Smith & Co. ; 1,000 bdls. laths-T. W. Allen ; 1,000 bdls. laths-Heaven & Kesterton ; 1,000 bdls. laths, 798 battens-Order","Wilson, Sons, & Co.",26,Feb,1889,4,May,1889,True,condensed,0.9,"26 Argo (s)-Gothenburg-2,752 props-Wilson, Sons, & Co. ; 1,341 props-H. Smith & Co. ; 1,000 bdls. laths-T. W. Allen ; 1,000 bdls. laths-Heaven & Kesterton ; 1,000 bdls. laths, 798 battens-Order"
18890504p.440_p002.txt,37,Buffalo,New York,FLEETWOOD,"878 pcs., 95 bdls. wood, 1,001 pcs. oak-Wilson, Sons, & Co. 889 pcs.-Order","Wilson, Sons, & Co.",26,Feb,1889,4,May,1889,True,condensed,0.9,"26 Buffalo (s)-New York-878 pcs., 95 bdls. wood, 1,001 pcs. oak-Wilson, Sons, & Co. ; 889 pcs.-Order"
18890504p.440_p002.txt,38,Orlando,Gothenburg,FLEETWOOD,"600 doors-Wilson, Sons, & Co. 5,146 battens, 500 bdls.-Order","Wilson, Sons, & Co.",26,Feb,1889,4,May,1889,True,condensed,0.9,"26 Orlando (s)-Gothenburg-600 doors-Wilson, Sons, & Co. ; 5,146 battens, 500 bdls.-Order"
18890504p.440_p002.txt,39,Otto,Konigsberg,FLEETWOOD,"1,000 sleepers",,26,Feb,1889,4,May,1889,True,condensed,0.9,"26 Otto (s)-Konigsberg-1,000 sleepers-Order"
18890504p.440_p002.txt,40,Hero,Christiania,FLEETWOOD,"2,717 bdls. boards, 679 pcs. timber, 6,000 bdls. staves-Wilson, Sons, & Co. 298 battens-Dalton, Holmes, & Co. ; 686 pcs. timber, 613 props-Horsman, Watt, & Co.","Wilson, Sons, & Co.",26,Feb,1889,4,May,1889,True,condensed,0.9,"26 Hero (s)-Christiania-2,717 bdls. boards, 679 pcs. timber, 6,000 bdls. staves-Wilson, Sons, & Co. ; 298 battens-Dalton, Holmes, & Co. ; 686 pcs. timber, 613 props-Horsman, Watt, & Co."
18890504p.440_p002.txt,41,China,Libau,FLEETWOOD,"13,410 pcs. birch",,26,Feb,1889,4,May,1889,False,condensed,0.9,"26 China-Libau-13,410 pcs. birch-Order"
18890504p.440_p002.txt,42,Glara,Karlshamn,FLEETWOOD,"8,895 deals, &c., 3 cs. plank ends",,26,Feb,1889,4,May,1889,False,condensed,0.9,"26 Glara-Karlshamn-8,895 deals, &c., 3 cs. plank ends-Order"
18890504p.440_p002.txt,44,Juni,Christiansand,FLEETWOOD,8 lds. firewood,,26,Feb,1889,4,May,1889,False,condensed,0.9,Juni-Christiansand-8 lds. firewood-Order
18890504p.440_p002.txt,48,MISSING_FROM_OCR,Pensacola,FLEETWOOD,"1,210 pcs. sawn pp. timber, 173 pp. deals-T. Rimmer & Son",T. Rimmer & Son,26,Feb,1889,4,May,1889,False,condensed,0.9,"Pensacola-1,210 pcs. sawn pp. timber, 173 pp. deals-T. Rimmer & Son"
18890504p.440_p002.txt,50,Scythia,Boston,FLEETWOOD,"177 bdls. hd. shooks-Crowther Bros. 600 butt and 4,100 staves-Drysdale Bros. ; 1,258 maple blocks-T. Mitchell",Crowther Bros.,30,Feb,1889,4,May,1889,True,condensed,0.9,"30 Scythia (s)-Boston-177 bdls. hd. shooks-Crowther Bros. ; 600 butt and 4,100 staves-Drysdale Bros. ; 1,258 maple blocks-T. Mitchell"
18890504p.440_p002.txt,51,Harold,Halifax,FLEETWOOD,"20,116 spruce deals and battens, 807 spruce deal ends, 7,101 birch deals, 301 birch ends",,30,Feb,1889,4,May,1889,False,condensed,0.9,"30 Harold-Halifax-20,116 spruce deals and battens, 807 spruce deal ends, 7,101 birch deals, 301 birch ends-Order"
18890504p.440_p002.txt,52,Peruvian,Portland,FLEETWOOD,"300 cs. splints-Paterson & Co. 298 cs. splints-Collard, Kendall, & Co. ; 200 cs. splints-W. J. Morgan & Co. ; 4,360 maple blocks-T. Mitchell ; 3,176 maple blocks, 1,199 deals-Order ; from Halifax-64 cs. spools-J. Brooks & Bros.",Paterson & Co.,30,Feb,1889,4,May,1889,True,condensed,0.9,"30 Peruvian (s)-Portland-300 cs. splints-Paterson & Co. ; 298 cs. splints-Collard, Kendall, & Co. ; 200 cs. splints-W. J. Morgan & Co. ; 4,360 maple blocks-T. Mitchell ; 3,176 maple blocks, 1,199 deals-Order ; from Halifax-64 cs. spools-J. Brooks & Bros."
18890504p.440_p002.txt,53,Lord Gough,Philadelphia,FLEETWOOD,"2,400 staves-Drysdale Bros.",Drysdale Bros.,30,Feb,1889,4,May,1889,True,condensed,0.9,"30 Lord Gough (s)-Philadelphia-2,400 staves-Drysdale Bros."
18890504p.440_p002.txt,54,Lake Ontario,New York,FLEETWOOD,"2,024 oak boards-Churchill & Sim 287 bdls. hoops, 150 bdls. staves, 902 bdls. headings-Sutherland, Innes, & Co.",Churchill & Sim,30,Feb,1889,4,May,1889,True,condensed,0.9,"30 Lake Ontario (s)-New York-2,024 oak boards-Churchill & Sim ; 287 bdls. hoops, 150 bdls. staves, 902 bdls. headings-Sutherland, Innes, & Co."
18890504p.440_p002.txt,55,City of Richmond,New York,FLEETWOOD,"1,556 bdls. staves, 2,813 bdls. hoops-Richardson, Spence, & Co. 1,695 green dot 1,650 hhd. and 4,160 bdls. staves-Hattley Hay","Richardson, Spence, & Co.",30,Feb,1889,4,May,1889,True,condensed,0.9,"City of Richmond (s)-New York-1,556 bdls. staves, 2,813 bdls. hoops-Richardson, Spence, & Co. ; 1,695 green dot 1,650 hhd. and 4,160 bdls. staves-Hattley Hay"
18890504p.440_p002.txt,56,Lawrence,Christiania,FLEETWOOD,"1,771 pit props, 1,432 spars and poles, 700 rickers",,1,Feb,1889,4,May,1889,False,condensed,0.9,"1 St. Lawrence-Christiania-1,771 pit props, 1,432 spars and poles, 700 rickers-Order"
18890504p.440_p002.txt,57,Euskaro,Pensacola,FLEETWOOD,"3,358 pcs. sawn timber, 3,043 deals",,1,Feb,1889,4,May,1889,True,condensed,0.9,"1 Euskaro (s)-Pensacola-3,358 pcs. sawn timber, 3,043 deals-Order"
18890504p.440_p002.txt,58,Elizabeth,Christiania,FLEETWOOD,"26,894 pit props",,1,Feb,1889,4,May,1889,False,condensed,0.9,"1 Elizabeth - Christiania - 26,894 pit props-Order"
18890504p.440_p002.txt,59,Powhatan,Norfolk,FLEETWOOD,"100 poplar logs, 14,307 pcs. wood, 9,000 staves, 35 ash logs, 1,130 pcs. oak, 106 wo. planks from Baltimore-1,504 oak planks, 9,000 staves-Order",,1,Feb,1889,4,May,1889,True,condensed,0.9,"Powhatan (s)-Norfolk-100 poplar logs, 14,307 pcs. wood, 9,000 staves, 35 ash logs, 1,130 pcs. oak, 106 wo. planks-Order ; from Baltimore-1,504 oak planks, 9,000 staves-Order"
18890504p.440_p002.txt,62,Helene,Memel,LONDON,"1,860 pcs. timber, 8,400 staves",,1,Feb,1889,4,May,1889,True,condensed,0.9,"Helene (s)-Memel-1,860 pcs. timber, 8,400 staves-Order"
18890504p.440_p002.txt,63,Zeus,Libau,LONDON,440 pcs. aspenwood,,26,Feb,1889,4,May,1889,True,condensed,0.9,26 Zeus (s)-Libau-440 pcs. aspenwood-Order
18890504p.440_p002.txt,64,Caledonia,Fredrikstad,LONDON,"34,300 floorings",,26,Feb,1889,4,May,1889,False,condensed,0.9,"26 Caledonia - Fredrikstad - 34,300 floorings-Order"
18890504p.440_p002.txt,65,Gripfast,Memel,LONDON,"83,174 oak staves, 601 pcs. fir",,26,Feb,1889,4,May,1889,True,condensed,0.9,"26 Gripfast (s)-Memel-83,174 oak staves, 601 pcs. fir-Order"
18890504p.440_p002.txt,66,Chrysolite,Pensacola,LONDON,"2,678 pcs. timber, 420 deals",,26,Feb,1889,4,May,1889,False,condensed,0.9,"26 Chrysolite-Pensacola-2,678 pcs. timber, 420 deals-Order"
18890504p.440_p002.txt,67,Bjorn,Christiania,LONDON,"3,847 scantlings-With Webster, & Co. 104 stds. floorings-Neame & Co.","With Webster, & Co.",26,Feb,1889,4,May,1889,True,condensed,0.9,"26 Bjorn (s)-Christiania-3,847 scantlings-With Webster, & Co. ; 104 stds. floorings-Neame & Co."
18890504p.440_p002.txt,68,Idosala,Memel,LONDON,"284 stds. deals, 219 stds. timber, 13 fms. firewood",,26,Feb,1889,4,May,1889,True,condensed,0.9,"26 Idosala (s)-Memel-284 stds. deals, 219 stds. timber, 13 fms. firewood-Order"
18890504p.440_p002.txt,69,Gylfe,Gothenburg,LONDON,"1,572 deals, 10 fms. deal and batten ends",,27,Feb,1889,4,May,1889,False,condensed,0.9,"27 Gylfe-Gothenburg-1,572 deals, 10 fms. deal and batten ends-Order"
18890504p.440_p002.txt,70,Odin,Laurvig,LONDON,"72,974 planed boards, 3,474 pcs. red and 510 pcs. whitewood-Simson & Mason",Simson & Mason,27,Feb,1889,4,May,1889,False,condensed,0.9,"27 Odin-Laurvig - 72,974 planed boards, 3,474 pcs. red and 510 pcs. whitewood-Simson & Mason"
18890504p.440_p002.txt,71,Elizabeth,Arendal,LONDON,129 fms. firewood-A. Kallery,A. Kallery,27,Feb,1889,4,May,1889,False,condensed,0.9,Elizabeth-Arendal-129 fms. firewood-A. Kallery
18890504p.440_p002.txt,72,Lyra,Risoer,LONDON,"219 fms. firewood-Duus, Brown","Duus, Brown",1,Feb,1889,4,May,1889,False,condensed,0.9,"1 Lyra-Risoer-219 fms. firewood-Duus, Brown"
18890504p.440_p002.txt,73,Thyra,Thisted,LONDON,"21,550 deals and ends",,1,Feb,1889,4,May,1889,False,condensed,0.9,"1 Thyra-Thisted-21,550 deals and ends-Order"
18890504p.440_p002.txt,75,Albert Edward,Gothenburg,LONDON,100 doors-Nicks & Penton 700 doors-W. R. Crow & Son,Nicks & Penton,1,Feb,1889,4,May,1889,True,condensed,0.9,Albert Edward (s)-Gothenburg-100 doors-Nicks & Penton ; 700 doors-W. R. Crow & Son
18890504p.440_p002.txt,76,Maryland,Baltimore,LONDON,"27 bls., 450 bdls. lumber-Peaty & Co. 52 bdls. lumber-W. Mallinson ; 4,000 staves-Hattley Hay ; 41 logs poplar-Govan & Co. ; 10,526 pcs. lumber-Order",Peaty & Co.,29,Feb,1889,4,May,1889,True,condensed,0.9,"29 Maryland (s)-Baltimore-27 bls., 450 bdls. lumber-Peaty & Co. ; 52 bdls. lumber-W. Mallinson ; 4,000 staves-Hattley Hay ; 41 logs poplar-Govan & Co. ; 10,526 pcs. lumber-Order"
18890504p.440_p002.txt,77,Adria,Fiume,LONDON,"398 oak logs, 219 oak planks, 10,876 battens from Trieste 2,200 bdls. oak parquets, 1,270 bdls., 1,303 oak planks-Order",,29,Feb,1889,4,May,1889,True,condensed,0.9,"29 Adria (s)-Fiume-398 oak logs, 219 oak planks, 10,876 battens-Order ; from Trieste 2,200 bdls. oak parquets, 1,270 bdls., 1,303 oak planks-Order"
18890504p.440_p002.txt,78,Juno,Christiania,LONDON,"173 bgs. brush blocks-J. Keen 9,470 boards-With, Webster, & Co. ; 11,849 boards-Boyson & Slee ; 5,402 bxs. box boards-Order",J. Keen,29,Feb,1889,4,May,1889,True,condensed,0.9,"29 Juno (s)-Christiania-173 bgs. brush blocks-J. Keen ; 9,470 boards-With, Webster, & Co. ; 11,849 boards-Boyson & Slee ; 5,402 bxs. box boards-Order"
18890504p.440_p002.txt,79,Cross,Baltimore,LONDON,202 pcs. poplar lumber-Simson & Mason,Simson & Mason,29,Feb,1889,4,May,1889,True,condensed,0.9,29 Cross (s)-Baltimore-202 pcs. poplar lumber-Simson & Mason
18890504p.440_p002.txt,80,Oscar,Gothenburg,LONDON,"1,000 bdls. laths, 17 prs. boat paddles, 20 doz. rickers, 17 oars, 150 prs. oars, 15 pkgs. firewood, 72 bgs. broom handles, 4 pcs. timber, 971 boards, 668 doz. battens and boards",,29,Feb,1889,4,May,1889,True,condensed,0.9,"29 Oscar (s)-Gothenburg-1,000 bdls. laths, 17 prs. boat paddles, 20 doz. rickers, 17 oars, 150 prs. oars, 15 pkgs. firewood, 72 bgs. broom handles, 4 pcs. timber, 971 boards, 668 doz. battens and boards-Order"
18890504p.440_p002.txt,81,Stein,Stettin,LONDON,2 cs. boards-Quitmann & Co. 35 bdls. pinewood-Order,Quitmann & Co.,30,Feb,1889,4,May,1889,False,condensed,0.9,30 Stein-Stettin-2 cs. boards-Quitmann & Co. ; 35 bdls. pinewood-Order
18890504p.440_p002.txt,82,City of Manchester,New York,LONDON,"5,880 staves, 1,040 pcs. lumber-Churchill & Sim 778 pcs. lumber-W. Allison ; 1,267 pcs. lumber-Order",Churchill & Sim,30,Feb,1889,4,May,1889,True,condensed,0.9,"30 City of Manchester (s)-New York-5,880 staves, 1,040 pcs. lumber-Churchill & Sim ; 778 pcs. lumber-W. Allison ; 1,267 pcs. lumber-Order"
18890504p.440_p002.txt,84,Walcherin,Porsgrund,LONDON,164 fms. firewood,,30,Feb,1889,4,May,1889,False,condensed,0.9,Walcherin-Porsgrund-164 fms. firewood-Order
18890504p.440_p002.txt,85,Svea,Christiania,LONDON,85 fms. firewood-M. Sorensen,M. Sorensen,27,Feb,1889,4,May,1889,False,condensed,0.9,27 Svea-Christiania - 85 fms. firewood-M. Sorensen
18890504p.440_p002.txt,87,Greece,New York,LONDON,17 bxs. lumber-Hillier Organ Co. 1 cs. boxwood-W. & J. Pantin ; 94 cs. spokes and hubs-Order,Hillier Organ Co.,27,Feb,1889,4,May,1889,True,condensed,0.9,Greece (s)-New York-17 bxs. lumber-Hillier Organ Co. ; 1 cs. boxwood-W. & J. Pantin ; 94 cs. spokes and hubs-Order
18890504p.440_p002.txt,89,Ripon City,Boston,LONDON,"3,600 staves-Drysdale Bros. 3,642 deals, 159 bdls. oak, 24 bxs. basswood-Order",Drysdale Bros.,27,Feb,1889,4,May,1889,True,condensed,0.9,"Ripon City (s)-Boston-3,600 staves-Drysdale Bros. ; 3,642 deals, 159 bdls. oak, 24 bxs. basswood-Order"
18890504p.440_p002.txt,93,Albatross,Bordeaux,LONDON,"3,916 pkgs. wood hoops",,27,Feb,1889,4,May,1889,False,condensed,0.9,"Albatross-Bordeaux-3,916 pkgs. wood hoops-Order"
18890504p.440_p002.txt,95,Perseverance,Dansig,LONDON,"1,063 lds. sleepers",,27,Feb,1889,4,May,1889,False,condensed,0.9,"Perseverance-Dansig-1,063 lds. sleepers-Order"
18890504p.440_p002.txt,96,Spero,Newfairwater,LONDON,"7,700 sleeper blocks-Burt, Boulton, & Co.","Burt, Boulton, & Co.",30,Feb,1889,4,May,1889,True,condensed,0.9,"30 Spero (s)-Newfairwater-7,700 sleeper blocks-Burt, Boulton, & Co."
18890504p.440_p002.txt,97,Helmsley,Memel,LONDON,"230 pcs. timber, 17,328 sleeper blocks",,30,Feb,1889,4,May,1889,True,condensed,0.9,"Helmsley (s)-Memel-230 pcs. timber, 17,328 sleeper blocks-Order"
18890504p.440_p002.txt,99,Deerhound,St. Nazaire,LONDON,7 lds. sawn noe.-F. Reeves,F. Reeves,30,Feb,1889,4,May,1889,False,condensed,0.9,Deerhound-St. Nazaire-7 lds. sawn noe.-F. Reeves
18890504p.440_p002.txt,102,Jeune Benoni,Auray,NEWPORT,160 lds. pitwood-Tapson,Tapson,30,Feb,1889,4,May,1889,False,condensed,1.0,Jeune Benoni-Auray-160 lds. pitwood-Tapson
18890504p.440_p002.txt,103,Petit Joseph,Vannes,NEWPORT,"185 lds. pitwood-The Newport (Mon.) Pitwood Co., Lim.","The Newport (Mon.) Pitwood Co., Lim.",30,Feb,1889,4,May,1889,False,condensed,1.0,"Petit Joseph-Vannes-185 lds. pitwood-The Newport (Mon.) Pitwood Co., Lim."
18890504p.440_p002.txt,104,Actif,Bordeaux,NEWPORT,"400 lds. pitwood-The Newport (Mon.) Pitwood Co., Lim.","The Newport (Mon.) Pitwood Co., Lim.",30,Feb,1889,4,May,1889,False,condensed,1.0,"Actif-Bordeaux-400 lds. pitwood-The Newport (Mon.) Pitwood Co., Lim."
18890504p.440_p002.txt,105,Cinque,Pensacola,NEWPORT,"452 pcs. hewn fir, 620 pcs. sawn fir, 662 fir deals-Nicholas & Co., Lim.","Nicholas & Co., Lim.",30,Feb,1889,4,May,1889,False,condensed,0.9,"Cinque-Pensacola-452 pcs. hewn fir, 620 pcs. sawn fir, 662 fir deals-Nicholas & Co., Lim."
18890504p.440_p002.txt,106,Paquebot de,Brest,NEWPORT,No. 1,,30,Feb,1889,4,May,1889,False,condensed,0.9,Paquebot de Brest-No. 1-La Tremblade-130 lds. pit props-Budd & Co.
18890504p.440_p002.txt,107,Henrik Ibsen,"Halifax, N.S.",NEWPORT,"15,356 deals and deal ends-Nicholas & Co., Lim.","Nicholas & Co., Lim.",30,Feb,1889,4,May,1889,False,condensed,0.9,"Henrik Ibsen-Halifax, N.S.-15,356 deals and deal ends-Nicholas & Co., Lim."
18890504p.440_p002.txt,108,Aigle,Audierne,NEWPORT,70 lds. pit props-Budd & Co.,Budd & Co.,24,Feb,1889,4,May,1889,False,condensed,0.9,24 Aigle-Audierne-70 lds. pit props-Budd & Co.
18890504p.440_p002.txt,109,Raffaelins,Pensacola,NEWPORT,"119 pcs. hewn pitch pine, 1,124 pcs. sawn pitch pine, 601 pitch pine deals-T. B. & S. Batchelor & Co.",T. B. & S. Batchelor & Co.,25,Feb,1889,4,May,1889,False,condensed,0.9,"25 Raffaelins-Pensacola-119 pcs. hewn pitch pine, 1,124 pcs. sawn pitch pine, 601 pitch pine deals-T. B. & S. Batchelor & Co."
18890504p.440_p002.txt,110,Jules Marie,Audierne,NEWPORT,125 lds. pit props-Budd & Co.,Budd & Co.,26,Feb,1889,4,May,1889,False,condensed,0.9,26 Jules Marie-Audierne-125 lds. pit props-Budd & Co.
18890504p.440_p002.txt,111,Faune,Villagarcia,NEWPORT,220 lds. pitwood-Tapson,Tapson,26,Feb,1889,4,May,1889,False,condensed,0.9,Faune-Villagarcia-220 lds. pitwood-Tapson
18890504p.440_p002.txt,112,Mimi,Pensacola,NEWPORT,"820 pcs. sawn fir, 496 fir deals-Thomas Adams & Co.",Thomas Adams & Co.,26,Feb,1889,4,May,1889,False,condensed,0.9,"Mimi-Pensacola-820 pcs. sawn fir, 496 fir deals-Thomas Adams & Co."
18890504p.440_p002.txt,113,Samuel Angeline,La Tremblade,NEWPORT,105 lds. pit props-Budd & Co.,Budd & Co.,29,Feb,1889,4,May,1889,False,condensed,0.9,29 Samuel Angeline-La Tremblade-105 lds. pit props-Budd & Co.
18890504p.440_p002.txt,115,Sambo,Christiania,NEWPORT,"6,449 poles and spars-H. M. Dockyard",H. M. Dockyard,29,Feb,1889,4,May,1889,False,condensed,0.9,"Sambo-Christiania-6,449 poles and spars-H. M. Dockyard"
18890504p.440_p002.txt,117,Tvende Brodne,Drammen,NEWPORT,"383,029 fir staves-Hilton, Anderson, & Co.","Hilton, Anderson, & Co.",29,Feb,1889,4,May,1889,False,condensed,0.9,"Tvende Brodne-Drammen-383,029 fir staves-Hilton, Anderson, & Co."
18890504p.440_p002.txt,119,Avance,Halmstad,NEWPORT,"11,853 fir battens-J. E. Butt & Sons",J. E. Butt & Sons,29,Feb,1889,4,May,1889,False,condensed,0.9,"Avance-Halmstad-11,853 fir battens-J. E. Butt & Sons"
18890504p.440_p002.txt,120,Ceres,Sarpsborg,NEWPORT,308 lds. sawn-Smith,Smith,29,Feb,1889,4,May,1889,False,condensed,0.9,29 Ceres-Sarpsborg-308 lds. sawn-Smith
18890504p.440_p002.txt,122,Heimdal,Falkenberg,NEWPORT,"6,753 pit props-Charles Cald & Co.",Charles Cald & Co.,29,Feb,1889,4,May,1889,False,condensed,0.9,"Heimdal-Falkenberg-6,753 pit props-Charles Cald & Co."
18890504p.440_p002.txt,123,Frankland,Gothenburg,NEWPORT,"16,225 pit props-Mitshel",Mitshel,24,Feb,1889,4,May,1889,True,condensed,0.9,"24 Frankland (s)-Gothenburg-16,225 pit props-Mitshel"
18890504p.440_p002.txt,124,Allegro,Laurvig,NEWPORT,"20,477 props-Mitshel",Mitshel,25,Feb,1889,4,May,1889,False,condensed,0.9,"25 Allegro-Laurvig-20,477 props-Mitshel"
18890504p.440_p002.txt,125,Thyra,Carlakrona,NEWPORT,"11,089 pit props-Wiener",Wiener,29,Feb,1889,4,May,1889,False,condensed,0.9,"29 Thyra-Carlakrona-11,089 pit props-Wiener"
18890504p.440_p002.txt,126,Hecla,Carlshamn,NEWPORT,"11,015 props-Mitshel",Mitshel,29,Feb,1889,4,May,1889,False,condensed,0.9,"Hecla-Carlshamn-11,015 props-Mitshel"
18890504p.440_p002.txt,127,Bertha,Colberg,NEWPORT,"16,895 pit props-Wiener",Wiener,29,Feb,1889,4,May,1889,False,condensed,0.9,"Bertha-Colberg-16,895 pit props-Wiener"
18890504p.440_p002.txt,128,Friedrich,Colberg,NEWPORT,"29,065 pit props-Wiener",Wiener,29,Feb,1889,4,May,1889,False,condensed,0.9,"Friedrich-Colberg-29,065 pit props-Wiener"
18890504p.440_p002.txt,129,Wik,Fredrikshald,NEWPORT,"16,508 pit props-Rayner",Rayner,29,Feb,1889,4,May,1889,False,condensed,0.9,"Wik-Fredrikshald-16,508 pit props-Rayner"
18890504p.440_p002.txt,131,Carl Johan,Bordeaux,NEWPORT,600 lds. pitwood-Wm. Davies & Co.,Wm. Davies & Co.,29,Feb,1889,4,May,1889,False,condensed,0.9,Carl Johan-Bordeaux-600 lds. pitwood-Wm. Davies & Co.
18890504p.440_p002.txt,132,Julien,Blaye,NEWPORT,120 lds. pitwood,,29,Feb,1889,4,May,1889,False,condensed,0.9,"St. Julien-Blaye-120 lds. pitwood-North's Navigation Collieries, 1889, Lim."
18890504p.440_p002.txt,133,Jacques Mathieu,La Tremblade,NEWPORT,110 lds. pit props-Simkin Bros.,Simkin Bros.,29,Feb,1889,4,May,1889,False,condensed,0.9,Jacques Mathieu-La Tremblade-110 lds. pit props-Simkin Bros.
18890504p.440_p002.txt,134,Liberte,Arcachon,NEWPORT,200 lds. pitwood-Ocean Co.,Ocean Co.,24,Feb,1889,4,May,1889,False,condensed,0.9,24 Liberte-Arcachon-200 lds. pitwood-Ocean Co.
18890504p.440_p002.txt,135,Leonie,Arcachon,NEWPORT,200 lds. pitwood-Simkin,Simkin,24,Feb,1889,4,May,1889,False,condensed,0.9,Leonie-Arcachon-200 lds. pitwood-Simkin
18890504p.440_p002.txt,136,Andre Marie La,Tremblade,NEWPORT,70 lds. pitwood,,24,Feb,1889,4,May,1889,False,condensed,0.9,"Andre Marie La Tremblade-70 lds. pitwood-North's Navigation Collieries, 1889, Lim."
18890504p.440_p002.txt,137,Leonie,Pauillac,NEWPORT,80 lds. pitwood,,24,Feb,1889,4,May,1889,False,condensed,0.9,"Leonie-Pauillac-80 lds. pitwood-North's Navigation Collieries, 1889, Lim."
18890504p.440_p002.txt,138,Marie,Bordeaux,NEWPORT,110 lds. pitwood,,24,Feb,1889,4,May,1889,False,condensed,0.9,"Marie-Bordeaux-110 lds. pitwood-North's Navigation Collieries, 1889, Lim."
18890504p.440_p002.txt,139,Anna,Redon,NEWPORT,205 lds. pit props Vivian,,24,Feb,1889,4,May,1889,False,condensed,0.9,Anna Redon-205 lds. pit props Vivian
18890504p.440_p002.txt,140,Renée,La Tremblade,NEWPORT,135 lds. pit props-John Jones & Co.,John Jones & Co.,24,Feb,1889,4,May,1889,False,condensed,0.9,Renée-La Tremblade-135 lds. pit props-John Jones & Co.
18890504p.440_p002.txt,141,Lides,Pont L'Abbe,NEWPORT,98 lds. pit props-Jones,Jones,24,Feb,1889,4,May,1889,False,condensed,0.9,Lides-Pont L'Abbe-98 lds. pit props-Jones
18890504p.440_p002.txt,142,Marie François,St. Brieux,NEWPORT,120 lds. pit props-J. G. Mouchel,J. G. Mouchel,24,Feb,1889,4,May,1889,False,condensed,0.9,Marie François-St. Brieux-120 lds. pit props-J. G. Mouchel
18890504p.440_p002.txt,143,Eugenie,La Rochelle,NEWPORT,169 lds. pit props-Dynevor Coal Co.,Dynevor Coal Co.,24,Feb,1889,4,May,1889,False,condensed,0.9,St. Eugenie-La Rochelle-169 lds. pit props-Dynevor Coal Co.
18890504p.440_p002.txt,144,K. O. Maguire,"St. John, N.B.",NEWPORT,"33,420 pcs. sawn fir, 10,420 pcs. sawn birch-Davies",Davies,24,Feb,1889,4,May,1889,False,condensed,0.9,"K. O. Maguire-St. John, N.B.-33,420 pcs. sawn fir, 10,420 pcs. sawn birch-Davies"
18890504p.440_p002.txt,145,Sif,Christiansand,NEWPORT,108 pcs. mining timber-Evans & Co.,Evans & Co.,25,Feb,1889,4,May,1889,False,condensed,0.9,25 Sif-Christiansand-108 pcs. mining timber-Evans & Co.
18890504p.440_p002.txt,146,Amos Rennie,La Tremblade,NEWPORT,110 lds. pitwood-John Jones & Co.,John Jones & Co.,26,Feb,1889,4,May,1889,False,condensed,0.9,26 Amos Rennie-La Tremblade-110 lds. pitwood-John Jones & Co.
18890504p.440_p002.txt,147,Fin,"St. John, N.B.",NEWPORT,"15,661 deals and battens, 1,619 deal ends-Watkins & Jenkins",Watkins & Jenkins,29,Feb,1889,4,May,1889,False,condensed,0.9,"29 Fin-St. John, N.B.-15,661 deals and battens, 1,619 deal ends-Watkins & Jenkins"
18890504p.440_p002.txt,148,Fortunata,Pensacola,NEWPORT,"1,955 pcs. sawn fir, 553 deals-Thomas Watkins & Jenkins",Thomas Watkins & Jenkins,29,Feb,1889,4,May,1889,False,condensed,0.9,"Fortunata-Pensacola-1,955 pcs. sawn fir, 553 deals-Thomas Watkins & Jenkins"
18890504p.440_p002.txt,150,Ceres,Christiansand,NEWPORT,"5,499 deals",,29,Feb,1889,4,May,1889,False,condensed,0.9,"Ceres-Christiansand-5,499 deals-Order"
18890504p.440_p002.txt,151,Amy,Dordt,NEWPORT,"8,600 bdls. hoops-Clark & Co.",Clark & Co.,29,Feb,1889,4,May,1889,False,condensed,0.9,"Amy-Dordt-8,600 bdls. hoops-Clark & Co."
18890504p.440_p002.txt,153,Carl,Moss,NEWPORT,complete cargo of props,,29,Feb,1889,4,May,1889,True,condensed,0.9,Carl (s)-Moss-complete cargo of props-Order
18890504p.440_p002.txt,154,State of Albana,New York,NEWPORT,12 cs. handles-C. Furness 248 oars-Order,C. Furness,25,Feb,1889,4,May,1889,True,condensed,0.9,25 State of Albana (s)-New York-12 cs. handles-C. Furness ; 248 oars-Order
18890504p.440_p002.txt,155,Noble,Arendal,NEWPORT,"211 telegraph poles, 2,943 props, 225 pcs. mining timber, 34 fms. firewood Order",,25,Feb,1889,4,May,1889,False,condensed,0.9,"Noble-Arendal-211 telegraph poles, 2,943 props, 225 pcs. mining timber, 34 fms. firewood Order"
18890504p.440_p002.txt,156,Mary Graham,Mobile,NEWPORT,"92 pcs. square timber, 13 logs oak, 2,000 deals-J. Graham & Co.",J. Graham & Co.,25,Feb,1889,4,May,1889,False,condensed,0.9,"27 Mary Graham Mobile-92 pcs. square timber, 13 logs oak, 2,000 deals-J. Graham & Co."
18890504p.440_p003.txt,3,Grenadier,Rotterdam,NEWPORT,912 bdls. hoops,,25,Feb,1889,4,May,1889,True,condensed,0.9,Grenadier (s)-Rotterdam-912 bdls. hoops-Order
18890504p.440_p003.txt,4,Toivo,Pascagoula,NEWPORT,"114 pcs. hewn pitch pine timber, 267 deals, 1,190 pcs. sawn pitch pine timber",,25,Feb,1889,4,May,1889,False,condensed,0.9,"Toivo-Pascagoula-114 pcs. hewn pitch pine timber, 267 deals, 1,190 pcs. sawn pitch pine timber-Order"
18890504p.440_p003.txt,5,Vesta,Krageroe,NEWPORT,"2,550 pcs. partly sq. timber, 1,151 props",,25,Feb,1889,4,May,1889,False,condensed,0.9,"Vesta-Krageroe-2,550 pcs. partly sq. timber, 1,151 props-Order"
18890504p.440_p003.txt,6,Latta,Uddevalla,NEWPORT,"26,233 pit props",,25,Feb,1889,4,May,1889,False,condensed,0.9,"Latta-Uddevalla-26,233 pit props-Order"
18890504p.440_p003.txt,7,Order from,Laurvig,NEWPORT,80 lds. props 88 lds. planed boards-J. Scott,,25,Feb,1889,4,May,1889,False,condensed,0.9,Order from Laurvig-80 lds. props-Order; 88 lds. planed boards-J. Scott
18890504p.440_p003.txt,9,SO Frida,Laurvig,NEWPORT,"11,367 props, 14,971 crown trees",,25,Feb,1889,4,May,1889,False,condensed,0.9,"SO Frida-Laurvig-11,367 props, 14,971 crown trees-Order"
18890504p.440_p003.txt,11,Eolus,Pensacola,NEWPORT,"1,343 pcs. pitch pine timber, 175 pitch pine deals-J. Jackson",J. Jackson,25,Feb,1889,4,May,1889,False,condensed,0.9,"Eolus-Pensacola-1,343 pcs. pitch pine timber, 175 pitch pine deals-J. Jackson"
18890504p.440_p003.txt,13,Altona,Gothenburg,NEWPORT,"11,820 deals and battens, 29,544 fir boards, 21 lds. firewood",,25,Feb,1889,4,May,1889,False,condensed,0.9,"Altona-Gothenburg-11,820 deals and battens, 29,544 fir boards, 21 lds. firewood-Order"
18890504p.440_p003.txt,17,Marie,Drammen,NEWPORT,"46,248 fir boards-R. Johnston",R. Johnston,25,Feb,1889,4,May,1889,False,condensed,0.9,"Marie-Drammen-46,248 fir boards-R. Johnston"
18890504p.440_p003.txt,18,Donald Ferguson,Apalachicola,NEWPORT,"200 pcs. hewn pine, 217 pcs. sawn pine, 285 deals, 2,485 boards Robb Bros.",,25,Feb,1889,4,May,1889,False,condensed,0.9,"24 Donald Ferguson-Apalachicola-200 pcs. hewn pine, 217 pcs. sawn pine, 285 deals, 2,485 boards Robb Bros."
18890504p.440_p003.txt,19,City of Rotterdam,Rotterdam,NEWPORT,"1,740 bdls. hoops-J. C. Pinkerton",J. C. Pinkerton,25,Feb,1889,4,May,1889,False,condensed,0.9,"City of Rotterdam-Rotterdam-1,740 bdls. hoops-J. C. Pinkerton"
18890504p.440_p003.txt,21,Silistria,Sapello,CORK,"134 pcs. hewn pitch pine, 701 pcs. sawn pitch pine, 159 deals-J. J. Eustace & Co.",J. J. Eustace & Co.,25,Feb,1889,4,May,1889,False,condensed,0.9,"Silistria-Sapello-134 pcs. hewn pitch pine, 701 pcs. sawn pitch pine, 159 deals-J. J. Eustace & Co."
18890504p.440_p003.txt,23,Hildar,Laguna,DUBLIN,"147 pcs. mahogany, 47 ends, 67 pcs. logwood-R. Martin & Co.",R. Martin & Co.,25,Feb,1889,4,May,1889,False,condensed,0.9,"Hildar-Laguna-147 pcs. mahogany, 47 ends, 67 pcs. logwood-R. Martin & Co."
18890504p.440_p003.txt,25,Rubens,Drammen,LONDONDERRY,6 lds. sawn fir-MacDevette & Donnell,MacDevette & Donnell,25,Feb,1889,4,May,1889,False,condensed,1.0,Rubens-Drammen-6 lds. sawn fir-MacDevette & Donnell
18890504p.440_p003.txt,27,Oskar,"Brunswick, Georgia",SLIGO,"130 lds. hewn fir, 1,105 pcs. sawn fir-O. Connor",O. Connor,25,Feb,1889,4,May,1889,False,condensed,1.0,"Oskar-Brunswick, Georgia-130 lds. hewn fir, 1,105 pcs. sawn fir-O. Connor"
18890504p.440_p003.txt,29,Lina,Darien,SLIGO,"125 pcs. pitch pine, 808 pcs. sawn pine, 293 pitch pine planks-J. P. Graves & Co.",J. P. Graves & Co.,25,Feb,1889,4,May,1889,False,condensed,1.0,"Lina-Darien-125 pcs. pitch pine, 808 pcs. sawn pine, 293 pitch pine planks-J. P. Graves & Co."
18890504p.440_p003.txt,56,Exeter.,"This debtor appeared at the Exeter Bankruptcy Court on Friday week, before the Registrar, for his examination. The Official Receiver said, with reference to the building operations into which the debtor entered, the debtor had been ordered to prepare an account of his transactions, and that had been supplied that morning by Mr. Gould, but it did not contain the information required. Debtor was ordered to appear before the Judge, and to prepare a list of his accounts relative to his building accounts. FOSTER, HENRY, builder, Mutley.",SLIGO,"The adjourned public examination of this debtor took place on Thursday week at the Stonehouse Bankruptcy Court, before the Registrar (Mr. R. G. Edmonds). Debtor, in the course of a lengthy examination, said he mortgaged the contracts of Nos. 18, 19, 20, and 21, Connaught Avenue, to Mr. Barons, to secure a total sum of £2,200, which was to be advanced as the work proceeded according to the schedule. He executed the mortgage in February, 1886, when he received only £280, but agreed to pay interest on the £2,200 from that time. He afterwards mortgaged other contracts to secure sums of £2,100, £2,900, and £3,300 by weekly advances, the interest to be paid on the total amount from the date of the first advance. The debtor was questioned at length with reference to other mortgage transactions, and in answers that the Registrar said that they must have a goods and cash account. The Registrar asked debtor how he came to incur such liabilities when he knew that for three years he knew nothing but bankruptcy was staring him in the face, and the Official Receiver said that for five years past debtor had been hopelessly insolvent. The examination was then further adjourned until June 19th, when he would be ordered to file a cash account from January 1st, 1886.",,25,Feb,1889,4,May,1889,False,condensed,0.9,"Exeter.—This debtor appeared at the Exeter Bankruptcy Court on Friday week, before the Registrar, for his examination. The Official Receiver said, with reference to the building operations into which the debtor entered, the debtor had been ordered to prepare an account of his transactions, and that had been supplied that morning by Mr. Gould, but it did not contain the information required. Debtor was ordered to appear before the Judge, and to prepare a list of his accounts relative to his building accounts. FOSTER, HENRY, builder, Mutley.—The adjourned public examination of this debtor took place on Thursday week at the Stonehouse Bankruptcy Court, before the Registrar (Mr. R. G. Edmonds). Debtor, in the course of a lengthy examination, said he mortgaged the contracts of Nos. 18, 19, 20, and 21, Connaught Avenue, to Mr. Barons, to secure a total sum of £2,200, which was to be advanced as the work proceeded according to the schedule. He executed the mortgage in February, 1886, when he received only £280, but agreed to pay interest on the £2,200 from that time. He afterwards mortgaged other contracts to secure sums of £2,100, £2,900, and £3,300 by weekly advances, the interest to be paid on the total amount from the date of the first advance. The debtor was questioned at length with reference to other mortgage transactions, and in answers that the Registrar said that they must have a goods and cash account. The Registrar asked debtor how he came to incur such liabilities when he knew that for three years he knew nothing but bankruptcy was staring him in the face, and the Official Receiver said that for five years past debtor had been hopelessly insolvent. The examination was then further adjourned until June 19th, when he would be ordered to file a cash account from January 1st, 1886."
18890511p.464_p002.txt,3,Roman de Larrinaga,New Orleans,LIVERPOOL,"14,400 staves-Ellison, Murphy, & Co. 288 pcs. lumber-Order","Ellison, Murphy, & Co.",25,Feb,1889,11,May,1889,False,condensed,0.9,"Roman de Larrinaga-New Orleans-14,400 staves-Ellison, Murphy, & Co. ; 288 pcs. lumber-Order"
18890511p.464_p002.txt,4,Black Sea,Danzig,LIVERPOOL,"3,600 red fir crossings, 837 red fir battens",,25,Feb,1889,11,May,1889,True,condensed,0.9,"Black Sea (s)-Danzig-3,600 red fir crossings, 837 red fir battens-Order"
18890511p.464_p002.txt,5,Arizona,New York,LIVERPOOL,"80 cs. handles, 760 oars",,25,Feb,1889,11,May,1889,True,condensed,0.9,"Arizona (s)-New York-80 cs. handles, 760 oars-Order"
18890511p.464_p002.txt,6,Nessmore,Baltimore,LIVERPOOL,"42 poplar logs-J. H. Burrell & Co. 37 poplar logs, 30 cs. spokes -Farnworth & Jardine ; 15 poplar logs-Govan & Co. ; 445 pcs., 22 logs oak-R. Coltart & Co. ; 378 pcs. oak-Churchill & Sim ; 183 pcs. oak-T. Bilsborough & Co. ; 971 oak planks-Bew & Co. ; 5,678 wo. planks, 11,199 staves, 155 cs. shuttle and 99 bdls. spoke blocks, 27 logs poplar-Order",J. H. Burrell & Co.,25,Feb,1889,11,May,1889,True,condensed,0.9,"Nessmore (s)-Baltimore-42 poplar logs-J. H. Burrell & Co. ; 37 poplar logs, 30 cs. spokes -Farnworth & Jardine ; 15 poplar logs-Govan & Co. ; 445 pcs., 22 logs oak-R. Coltart & Co. ; 378 pcs. oak-Churchill & Sim ; 183 pcs. oak-T. Bilsborough & Co. ; 971 oak planks-Bew & Co. ; 5,678 wo. planks, 11,199 staves, 155 cs. shuttle and 99 bdls. spoke blocks, 27 logs poplar-Order"
18890511p.464_p002.txt,7,Haytian,New Orleans,LIVERPOOL,600 oak staves,,25,Feb,1889,11,May,1889,True,condensed,0.9,Haytian (s)-New Orleans-600 oak staves-Order
18890511p.464_p002.txt,8,Celtic,New York,LIVERPOOL,"4,358 pcs. lumber, 40 bdls. snaths-Whiteside, Johns, & Co. 1,250 staves-Hattley Hay ; 9 cs. handles, 935 bdls. cooperage, 275 bdls. cherry billets -Order","Whiteside, Johns, & Co.",25,Feb,1889,11,May,1889,True,condensed,0.9,"Celtic (s)-New York-4,358 pcs. lumber, 40 bdls. snaths-Whiteside, Johns, & Co. ; 1,250 staves-Hattley Hay ; 9 cs. handles, 935 bdls. cooperage, 275 bdls. cherry billets -Order"
18890511p.464_p002.txt,9,City of Chicago,New York,LIVERPOOL,"105 gd. and 2,344 hhd. staves-Hattley Hay 471 bdls. hoops, 1,200 bdls. staves-Order",Hattley Hay,25,Feb,1889,11,May,1889,True,condensed,0.9,"City of Chicago (s)-New York-105 gd. and 2,344 hhd. staves-Hattley Hay ; 471 bdls. hoops, 1,200 bdls. staves-Order"
18890511p.464_p002.txt,10,Rauria,New York,LIVERPOOL,"1,180 staves",,25,Feb,1889,11,May,1889,True,condensed,0.9,"Rauria (s)-New York-1,180 staves-Order"
18890511p.464_p002.txt,11,Bothnia,New York,LIVERPOOL,"1,400 staves",,25,Feb,1889,11,May,1889,True,condensed,0.9,"Bothnia (s)-New York-1,400 staves-Order"
18890511p.464_p002.txt,12,Kansas,Boston,LIVERPOOL,"1,409 handspikes-J. Gardner & Sons 6,800 staves-Hay",J. Gardner & Sons,25,Feb,1889,11,May,1889,True,condensed,0.9,"Kansas (s)-Boston-1,409 handspikes-J. Gardner & Sons ; 6,800 staves-Hay"
18890511p.464_p002.txt,13,Cuban,New Orleans,LIVERPOOL,"1,200 staves",,25,Feb,1889,11,May,1889,True,condensed,0.9,"Cuban (s)-New Orleans-1,200 staves-Order"
18890511p.464_p002.txt,14,Virginian,Boston,LIVERPOOL,"16,000 old and 1,531 staves-Hattley Hay 15 cs. handles-Order",Hattley Hay,25,Feb,1889,11,May,1889,True,condensed,0.9,"Virginian (s)-Boston-16,000 old and 1,531 staves-Hattley Hay ; 15 cs. handles-Order"
18890511p.464_p002.txt,15,Ivanhoe,Rotterdam,LIVERPOOL,"1,600 bdls. hoops",,25,Feb,1889,11,May,1889,True,condensed,0.9,"Ivanhoe (s)-Rotterdam-1,600 bdls. hoops-Order"
18890511p.464_p002.txt,16,Riala,New York,LIVERPOOL,"60 cs. handles, 12,000 strips-Cunningham, Shaw & Co. 5,500 strips-Irvin & Sellers ; 6,333 maple rollers-Order","Cunningham, Shaw & Co.",25,Feb,1889,11,May,1889,True,condensed,0.9,"Riala (s)-New York-60 cs. handles, 12,000 strips-Cunningham, Shaw & Co. ; 5,500 strips-Irvin & Sellers ; 6,333 maple rollers-Order"
18890511p.464_p002.txt,17,British Prince,Philadelphia,LIVERPOOL,"3,151 staves-Drysdale Bros. 172 pcs. lumber-Order",Drysdale Bros.,25,Feb,1889,11,May,1889,True,condensed,0.9,"British Prince (s)-Philadelphia-3,151 staves -Drysdale Bros. ; 172 pcs. lumber-Order"
18890511p.464_p002.txt,18,Yucatan,New Orleans,LIVERPOOL,"1,200 staves",,25,Feb,1889,11,May,1889,True,condensed,0.9,"Yucatan (s)-New Orleans-1,200 staves-Order"
18890511p.464_p002.txt,19,Courier,Frederikstad,LIVERPOOL,"37,580 bdls. sawn fir",,25,Feb,1889,11,May,1889,True,condensed,0.9,"Courier (s)-Frederikstad-37,580 bdls. sawn fir-Order"
18890511p.464_p002.txt,23,Philotaxe,Porsgrund,LONDON,"28 stds. planed boards-F. Briesemann & Co. 28 fms. firewood-Frampe & Flood ; 33 fms. firewood-Order ; from Skien-35 fms. firewood, 39 stds. deals and battens-Duus, Brown, & Co.",F. Briesemann & Co.,25,Feb,1889,11,May,1889,False,condensed,0.9,"Philotaxe-Porsgrund-28 stds. planed boards-F. Briesemann & Co. ; 28 fms. firewood-Frampe & Flood ; 33 fms. firewood-Order ; from Skien-35 fms. firewood, 39 stds. deals and battens-Duus, Brown, & Co."
18890511p.464_p002.txt,24,Pride Mauritz,Fredrikshald,LONDON,"279 fms. firewood, 185,000 staves-Duus, Brown, & Co.","Duus, Brown, & Co.",25,Feb,1889,11,May,1889,False,condensed,0.9,"Pride Mauritz-Fredrikshald-279 fms. firewood, 185,000 staves-Duus, Brown, & Co."
18890511p.464_p002.txt,25,Summer Funf,Memel,LONDON,"830 pcs. timber, 6,000 staves-Morris & Co.",Morris & Co.,25,Feb,1889,11,May,1889,False,condensed,0.9,"Summer Funf-Memel-830 pcs. timber, 6,000 staves-Morris & Co."
18890511p.464_p002.txt,26,Segund,Stockholm,LONDON,"6,724 doors, 5,395 bdls. mouldings, 300 trellis-H. Smith 80,453 staves-Order",H. Smith,25,Feb,1889,11,May,1889,False,condensed,0.9,"Segund-Stockholm-6,724 doors, 5,395 bdls. mouldings, 300 trellis-H. Smith ; 80,453 staves-Order"
18890511p.464_p002.txt,27,Bernadotte,Krageroe,LONDON,"155 fms. firewood-Duus, Brown, & Co.","Duus, Brown, & Co.",25,Feb,1889,11,May,1889,False,condensed,0.9,"Bernadotte - Krageroe-155 fms. firewood-Duus, Brown, & Co."
18890511p.464_p002.txt,28,Summon,Darien,LONDON,"2,853 deals, 94 logs timber",,25,Feb,1889,11,May,1889,False,condensed,0.9,"Summon-Darien-2,853 deals, 94 logs timber-Order"
18890511p.464_p002.txt,29,Thor,Drammen,LONDON,"24,176 flooring boards, 481,109 staves-With, Webster, & Co. 60 boards-Johansen","With, Webster, & Co.",25,Feb,1889,11,May,1889,False,condensed,0.9,"Thor-Drammen - 24,176 flooring boards, 481,109 staves-With, Webster, & Co. ; 60 boards-Johansen"
18890511p.464_p002.txt,30,Georg,Memel,LONDON,"1,901 pcs. fir timber, 18,240 oak staves",,25,Feb,1889,11,May,1889,True,condensed,0.9,"Georg (s)-Memel-1,901 pcs. fir timber, 18,240 oak staves-Order"
18890511p.464_p002.txt,31,Hamlet,Christiania,LONDON,"4,475 spars, poles, &c., 605 poles, 21 fms. firewood",,25,Feb,1889,11,May,1889,False,condensed,0.9,"Hamlet-Christiania-4,475 spars, poles, &c., 605 poles, 21 fms. firewood-Order"
18890511p.464_p002.txt,32,Sophie,Laurvig,LONDON,"38 200 boards-Simson & Mason 25,750 staves-Duus, Brown, & Co.",Simson & Mason,25,Feb,1889,11,May,1889,False,condensed,0.9,"Sophie-Laurvig-38 200 boards-Simson & Mason ; 25,750 staves-Duus, Brown, & Co."
18890511p.464_p002.txt,33,Immanuel,Fredrikstad,LONDON,"74,718 boards-F. Briesemann & Co.",F. Briesemann & Co.,25,Feb,1889,11,May,1889,False,condensed,0.9,"Immanuel-Fredrikstad-74,718 boards-F. Briesemann & Co."
18890511p.464_p002.txt,34,T. Brown Beethoven,Odessa,LONDON,"240 logs oak, 142 logs wood-G. F. Neame & Co.",G. F. Neame & Co.,25,Feb,1889,11,May,1889,True,condensed,0.9,"T. Brown Beethoven (s)-Odessa-240 logs oak, 142 logs wood-G. F. Neame & Co."
18890511p.464_p002.txt,36,Alida,Fredrikstad,LONDON,"41,067 floorings, 70,556 staves, 24 fms firewood",,25,Feb,1889,11,May,1889,False,condensed,0.9,"Alida-Fredrikstad-41,067 floorings, 70,556 staves, 24 fms firewood-Order"
18890511p.464_p002.txt,37,Freya,Fredrikstad,LONDON,"46,296 floorings, 10,000 staves",,25,Feb,1889,11,May,1889,True,condensed,0.9,"Freya (s)-Fredrikstad-46,296 floorings, 10,000 staves-Order"
18890511p.464_p002.txt,40,Panther,Christiania,LONDON,"277 bgs. blocks-J. Keen 120 bdls. caseboards-G. J. McCaul ; 260 bdls. boxboards-J. Terry & Co. ; 7,476 scantlings-With, Webster, & Co. ; 1,467 boxboards-Order",J. Keen,25,Feb,1889,11,May,1889,True,condensed,0.9,"Panther (s)-Christiania-277 bgs. blocks-J. Keen ; 120 bdls. caseboards-G. J. McCaul ; 260 bdls. boxboards-J. Terry & Co. ; 7,476 scantlings-With, Webster, & Co. ; 1,467 boxboards-Order"
18890511p.464_p002.txt,41,Bele,Gothenburg,LONDON,"438 bdls. mouldings, 20 bdls. trellis, 350 no. doors-W. R. Crow & Son 450 doors-Knudson Bros. ; 315 doors, 178 bdls. mouldings, 30 bdls. trellis -J. Sandell & Co. ; 10 cs., 116 bgs. wood-J. W. Uloth & Co. ; 9 cs., 13 bgs. wood-Maxime & Co. ; 12 prs. oars-Order",W. R. Crow & Son,25,Feb,1889,11,May,1889,True,condensed,0.9,"Bele (s)-Gothenburg-438 bdls. mouldings, 20 bdls. trellis, 350 no. doors-W. R. Crow & Son ; 450 doors-Knudson Bros. ; 315 doors, 178 bdls. mouldings, 30 bdls. trellis -J. Sandell & Co. ; 10 cs., 116 bgs. wood-J. W. Uloth & Co. ; 9 cs., 13 bgs. wood-Maxime & Co. ; 12 prs. oars-Order"
18890511p.464_p002.txt,42,Stettin,Stettin,LONDON,234 oak butts,,25,Feb,1889,11,May,1889,True,condensed,0.9,Stettin (s)-Stettin-234 oak butts-Order
18890511p.464_p002.txt,43,Tower Hill,New York,LONDON,"1,068 pkgs. cooperage, 440 bdls. staves",,25,Feb,1889,11,May,1889,True,condensed,0.9,"Tower Hill (s)-New York-1,068 pkgs. cooperage, 440 bdls. staves-Order"
18890511p.464_p002.txt,44,Crane,Gothenburg,LONDON,"392 doz. deals-Prier Wotton & Co. 26,017 planed boards-With, Webster, & Co. ; 14,903 boards, 15 stds. laths, 588 doz. battens-Order",Prier Wotton & Co.,25,Feb,1889,11,May,1889,True,condensed,0.9,"Crane (s)-Gothenburg-392 doz. deals-Prier Wotton & Co. ; 26,017 planed boards-With, Webster, & Co. ; 14,903 boards, 15 stds. laths, 588 doz. battens-Order"
18890511p.464_p002.txt,46,Calla,Laurvig,LONDON,"150 fms. firewood-With, Webster, & Co.","With, Webster, & Co.",25,Feb,1889,11,May,1889,False,condensed,0.9,"Calla-Laurvig-150 fms. firewood-With, Webster, & Co."
18890511p.464_p002.txt,48,Duke of Westminster,New York,LONDON,"200 pcs. lumber-G. Neighbour & Sons 106 pcs. lumber-C. Gold & Co. ; 1,234 pcs. lumber-J. H. Leash & Co. ; 275 brls. bungs -H. Stopes & Co. ; 8,368 pcs., 2 cars boards, 2,980 staves-Churchill & Sim ; 31 bdls. hoops, 141 brls. skewers, 594 bdls. headings, 1,655 bdls. staves-Order",G. Neighbour & Sons,25,Feb,1889,11,May,1889,True,condensed,0.9,"Duke of Westminster (s)-New York-200 pcs. lumber-G. Neighbour & Sons ; 106 pcs. lumber-C. Gold & Co. ; 1,234 pcs. lumber-J. H. Leash & Co. ; 275 brls. bungs -H. Stopes & Co. ; 8,368 pcs., 2 cars boards, 2,980 staves-Churchill & Sim ; 31 bdls. hoops, 141 brls. skewers, 594 bdls. headings, 1,655 bdls. staves-Order"
18890511p.464_p002.txt,50,Borderer,Boston,LONDON,"2,807 pkgs. lumber",,25,Feb,1889,11,May,1889,True,condensed,0.9,"Borderer (s)-Boston-2,807 pkgs. lumber-Order"
18890511p.464_p002.txt,51,Jacoe,Danzig,LONDON,"21,442 sleeper blocks, 1,704 sleepers-Burt, Boulton, & Co.","Burt, Boulton, & Co.",25,Feb,1889,11,May,1889,True,condensed,0.9,"Jacoe (s)-Danzig-21,442 sleeper blocks, 1,704 sleepers-Burt, Boulton, & Co."
18890511p.464_p002.txt,53,Hamlet,Windau,LONDON,"2,280 sleeper blocks-Gabriel & Son",Gabriel & Son,25,Feb,1889,11,May,1889,False,condensed,0.9,"Hamlet-Windau-2,280 sleeper blocks-Gabriel & Son"
18890511p.464_p002.txt,54,Darlington,Windau,LONDON,"7,656 sleepers-J. Gabriel & Sons",J. Gabriel & Sons,25,Feb,1889,11,May,1889,True,condensed,0.9,"Darlington (s)-Windau-7,656 sleepers-J. Gabriel & Sons"
18890511p.464_p002.txt,56,Gannet,Bordeaux,LONDON,"1,819 bdls. wood hoops, 95 bdls. wood",,25,Feb,1889,11,May,1889,True,condensed,0.9,"Gannet (s)-Bordeaux-1,819 bdls. wood hoops, 95 bdls. wood-Order"
18890511p.464_p002.txt,58,Benbow,Rotterdam,LONDON,500 bdls. hoops,,25,Feb,1889,11,May,1889,True,condensed,0.9,Benbow (s)-Rotterdam-500 bdls. hoops-Order
18890511p.464_p002.txt,60,Magnus Barfod,Hommelvik,LONDON,"2 fms. firewood-With, Webster, & Co. 1,082,650 staves-Order","With, Webster, & Co.",25,Feb,1889,11,May,1889,True,condensed,0.9,"Magnus Barfod (s)-Hommelvik-2 fms. firewood-With, Webster, & Co. ; 1,082,650 staves-Order"
18890511p.464_p002.txt,62,Argyle,Konigsberg,LONDON,"5,188 sleepers",,25,Feb,1889,11,May,1889,True,condensed,0.9,"Argyle (s)-Konigsberg-5,188 sleepers-Order"
18890511p.464_p002.txt,64,Hermann,Fredrikshald,LONDON,"584,200 staves-Duus, Brown & Co.","Duus, Brown & Co.",25,Feb,1889,11,May,1889,False,condensed,0.9,"Hermann-Fredrikshald-584,200 staves-Duus, Brown & Co."
18890511p.464_p002.txt,66,Hans Krohn,Memel,LONDON,"11,050 sleeper blocks",,25,Feb,1889,11,May,1889,True,condensed,0.9,"Hans Krohn (s)-Memel-11,050 sleeper blocks-Order"
18890511p.464_p002.txt,68,Maharajah,Danzic,SILVERTOWN,"1,245 sleepers, 935 sleeper blocks",,25,Feb,1889,11,May,1889,True,condensed,1.0,"Maharajah (s)-Danzic-1,245 sleepers, 935 sleeper blocks-Order"
18890511p.464_p002.txt,70,Annie,Danzig,SILVERTOWN,173 pcs. scantlings,,25,Feb,1889,11,May,1889,True,condensed,1.0,Annie (s)-Danzig-173 pcs. scantlings-Order
18890511p.464_p002.txt,72,Guldberg,Halmstad,SILVERTOWN,"11,034 battens-John Eede Butt & Sons",John Eede Butt & Sons,25,Feb,1889,11,May,1889,False,condensed,0.9,"Guldberg-Halmstad-11,034 battens-John Eede Butt & Sons"
18890511p.464_p002.txt,74,Hunstanton,Memel,LYNN,"12,442 deals scantlings, 587 pcs. bewn fir, 24 pcs. hewn oak, 600 staves,1,228 blds. lathwood-Thoson, Pattrick, & Woodward","Thoson, Pattrick, & Woodward",25,Feb,1889,11,May,1889,True,condensed,1.0,"Hunstanton (s)-Memel-12,442 deals scantlings, 587 pcs. bewn fir, 24 pcs. hewn oak, 600 staves,1,228 blds. lathwood-Thoson, Pattrick, & Woodward"
18890511p.464_p002.txt,76,Agder,Skien,LYNN,"326 pcs. square timber, 1,957 props-W. J. Watson & Co.",W. J. Watson & Co.,25,Feb,1889,11,May,1889,True,condensed,1.0,"Agder (s)-Skien-326 pcs. square timber, 1,957 props-W. J. Watson & Co."
18890511p.464_p002.txt,77,Owners,Krageroe,LYNN,"1,813 pcs. square timber, 1,425 props-W. J. Watson & Co.",W. J. Watson & Co.,25,Feb,1889,11,May,1889,False,condensed,1.0,"Owners-Krageroe-1,813 pcs. square timber, 1,425 props-W. J. Watson & Co."
18890511p.464_p002.txt,79,Grove,Porsgrund,LYNN,"1,361 pcs. mining timber, 1,425 props Rayner & Moller",,25,Feb,1889,11,May,1889,False,condensed,0.9,"Grove-Porsgrund-1,361 pcs. mining timber, 1,425 props Rayner & Moller"
18890511p.464_p002.txt,81,Primus,Halmstad,LYNN,"17,741 fir battens-John Hunt & Co.",John Hunt & Co.,25,Feb,1889,11,May,1889,False,condensed,0.9,"Primus-Halmstad-17,741 fir battens-John Hunt & Co."
18890511p.464_p002.txt,83,Coats,Bordeaux,NEWPORT,"1,000 lds. pitwood-Newport (Mon.) Pitwood Co., Lim.","Newport (Mon.) Pitwood Co., Lim.",25,Feb,1889,11,May,1889,True,condensed,1.0,"Thos. Coats (s)-Bordeaux-1,000 lds. pitwood-Newport (Mon.) Pitwood Co., Lim."
18890511p.464_p002.txt,86,Natividad,Redon,NEWPORT,150 lds. pitwood-Tapson,Tapson,25,Feb,1889,11,May,1889,False,condensed,1.0,Natividad Redon-150 lds. pitwood-Tapson
18890511p.464_p002.txt,88,Ida,Charlotta,NEWPORT,"Gothenburg 6,987 pcs. red fir R. & R. Bayly",,25,Feb,1889,11,May,1889,False,condensed,0.9,"Ida Charlotta-Gothenburg 6,987 pcs. red fir R. & R. Bayly"
18890511p.464_p002.txt,90,Preference,Gothenburg,NEWPORT,"25,542 battens and boards-H. Moody",H. Moody,25,Feb,1889,11,May,1889,False,condensed,0.9,"Preference-Gothenburg-25,542 battens and boards-H. Moody"
18890511p.464_p002.txt,91,Anna,Pensacola,NEWPORT,"15,351 pcs. pitch pine",,25,Feb,1889,11,May,1889,True,condensed,0.9,"Order Anna (s)-Pensacola-15,351 pcs. pitch pine-Order"
18890511p.464_p002.txt,94,Egyptian Monarch,New York,NEWPORT,"239 pcs. oak-B. F. Dowdeswell 1,296 pcs., 16 pcs. lumber-H. Herrmann ; 2,455 staves-Churchill & Sim ; 485 bdls. hoops, 147 pcs. wood, 2,518 doors-Order",B. F. Dowdeswell,25,Feb,1889,11,May,1889,True,condensed,0.9,"Egyptian Monarch (s)-New York-239 pcs. oak-B. F. Dowdeswell ; 1,296 pcs., 16 pcs. lumber-H. Herrmann ; 2,455 staves-Churchill & Sim ; 485 bdls. hoops, 147 pcs. wood, 2,518 doors-Order"
18890511p.464_p002.txt,95,MISSING_FROM_OCR,Gothenburg,NEWPORT,"419 deals-B. Peterson 1,000 bdls. laths-Foy, Morgan, & Co. ; 250 stds. deals-M. D. Co. ; 120 boxboards-T. Gabriel ; 400 doz. deals, 1,102 doz. deals and battens, 10 fms. firewood-Order",B. Peterson,25,Feb,1889,11,May,1889,False,condensed,0.9,"Gothenburg-419 deals-B. Peterson ; 1,000 bdls. laths-Foy, Morgan, & Co. ; 250 stds. deals-M. D. Co. ; 120 boxboards-T. Gabriel ; 400 doz. deals, 1,102 doz. deals and battens, 10 fms. firewood-Order"
18890511p.464_p002.txt,96,MISSING_FROM_OCR,Riga,NEWPORT,"2,400 staves, 934 battens, 1,000 deals",,25,Feb,1889,11,May,1889,False,condensed,0.9,"Riga-2,400 staves, 934 battens, 1,000 deals-Order"
18890511p.464_p002.txt,97,Order,Gothenburg,NEWPORT,"4,059 boards-Berner & Nielsen 2,010 doz. boards, 400 doz. boards-Order",Berner & Nielsen,25,Feb,1889,11,May,1889,False,condensed,0.9,"Order Gothenburg-4,059 boards-Berner & Nielsen ; 2,010 doz. boards, 400 doz. boards-Order"
18890511p.464_p002.txt,101,Thekla Maria,Gothenburg,NEWPORT,"22,285 battens and boards-J. Adams",J. Adams,25,Feb,1889,11,May,1889,False,condensed,0.9,"Thekla Maria-Gothenburg-22,285 battens and boards-J. Adams"
18890511p.464_p002.txt,103,Christiane,Drammen,NEWPORT,"600,100 fir staves-S. Booth & Co.",S. Booth & Co.,25,Feb,1889,11,May,1889,False,condensed,0.9,"Christiane-Drammen-600,100 fir staves -S. Booth & Co."
18890511p.464_p002.txt,104,Renner,Porsgrund,NEWPORT,"373,912 fir staves-The Burham Brick, Lime & Cement Co., Ltd.","The Burham Brick, Lime & Cement Co., Ltd.",25,Feb,1889,11,May,1889,False,condensed,0.9,"Renner-Porsgrund-373,912 fir staves-The Burham Brick, Lime & Cement Co., Ltd."
18890511p.464_p002.txt,105,Nordsoen,Drammen,NEWPORT,"468,665 fir staves-Formby's Cement Works Co., Ltd.","Formby's Cement Works Co., Ltd.",3,Feb,1889,11,May,1889,False,condensed,0.9,"3 Nordsoen-Drammen-468,665 fir staves-Formby's Cement Works Co., Ltd."
18890511p.464_p002.txt,106,Mercur,Drammen,NEWPORT,"396,698 fir staves-Burham Co.",Burham Co.,3,Feb,1889,11,May,1889,False,condensed,0.9,"Mercur Drammen-396,698 fir staves-Burham Co."
18890511p.464_p002.txt,108,Feodor,Libau,NEWPORT,"4 lds. spar ends, 3 lds. fir-Muggeridge",Muggeridge,3,Feb,1889,11,May,1889,False,condensed,0.9,"Feodor-Libau-4 lds. spar ends, 3 lds. fir-Muggeridge"
18890511p.464_p002.txt,110,Amanda,Gothenburg,NEWPORT,"11,207 pcs. sawn fir-Dolton, Bournes, & Dolton","Dolton, Bournes, & Dolton",3,Feb,1889,11,May,1889,False,condensed,0.9,"Amanda-Gothenburg-11,207 pcs. sawn fir-Dolton, Bournes, & Dolton"
18890511p.464_p002.txt,112,Emma,Stettin,NEWPORT,203 lds. hewn oak 182 pcs. hewn fir-John Thompson & Son ; 104 pcs. sawn oak -J. & W. Wilson & Sons,,3,Feb,1889,11,May,1889,False,condensed,0.9,"Emma-Stettin-203 lds. hewn oak-Jowina-Stettin-384 pcs. redwood fir-Armstrong, Addison, & Co. ; 182 pcs. hewn fir-John Thompson & Son ; 104 pcs. sawn oak -J. & W. Wilson & Sons"
18890511p.464_p002.txt,113,Chevy Chase,Carlskrona,NEWPORT,"20,000 props-Mitshel, Pedersen, & Co.","Mitshel, Pedersen, & Co.",3,Feb,1889,11,May,1889,True,condensed,0.9,"Chevy Chase (s)-Carlskrona-20,000 props-Mitshel, Pedersen, & Co."
18890511p.464_p002.txt,114,Avance,Halmstad,NEWPORT,"13,585 pit props-Wiener & Co.",Wiener & Co.,3,Feb,1889,11,May,1889,False,condensed,0.9,"Avance-Halmstad-13,585 pit props-Wiener & Co."
18890511p.464_p002.txt,115,Jupiter,Stettin,NEWPORT,"571 pcs. hewn fir, 79 oak crooks, 91 pcs. oak-John Thompson",John Thompson,3,Feb,1889,11,May,1889,False,condensed,0.9,"Jupiter-Stettin-571 pcs. hewn fir, 79 oak crooks, 91 pcs. oak-John Thompson"
18890511p.464_p002.txt,116,Ariel,Warberg,NEWPORT,"30,588 props-Mitshel",Mitshel,3,Feb,1889,11,May,1889,False,condensed,0.9,"Ariel-Warberg-30,588 props-Mitshel"
18890511p.464_p002.txt,117,Joven Ynes,Halmstad,NEWPORT,"11,859 pit props-E. Wiener & Co.",E. Wiener & Co.,3,Feb,1889,11,May,1889,False,condensed,0.9,"Joven Ynes-Halmstad-11,859 pit props-E. Wiener & Co."
18890511p.464_p002.txt,118,Unico,Halmstad,NEWPORT,"17,868 props-Mitshel",Mitshel,3,Feb,1889,11,May,1889,False,condensed,0.9,"Unico-Halmstad-17,868 props-Mitshel"
18890511p.464_p002.txt,119,Martha,Danzig,NEWPORT,"18,718 beechwood chocks-Charles Calder & Co.",Charles Calder & Co.,2,Feb,1889,11,May,1889,False,condensed,0.9,"2 Martha-Danzig-18,718 beechwood chocks -Charles Calder & Co."
18890511p.464_p002.txt,120,Ocean,Stettin,NEWPORT,"805 pcs. hewn oak, 34 oak crooks, 103 pcs. hewn fir-Short Brothers",Short Brothers,2,Feb,1889,11,May,1889,False,condensed,0.9,"Ocean-Stettin-805 pcs. hewn oak, 34 oak crooks, 103 pcs. hewn fir-Short Brothers"
18890511p.464_p002.txt,121,Petronella,Fredrikshald,NEWPORT,"460 birch props, 12,282 pit props-Rayner & Moller",Rayner & Moller,3,Feb,1889,11,May,1889,False,condensed,0.9,"3 Petronella - Fredrikshald-460 birch props, 12,282 pit props-Rayner & Moller"
18890511p.464_p002.txt,122,Thomas,Christiania,NEWPORT,"18,706 fir spars-Marquis of Londonderry",Marquis of Londonderry,4,Feb,1889,11,May,1889,False,condensed,0.9,"4 St. Thomas-Christiania-18,706 fir spars-Marquis of Londonderry"
18890511p.464_p002.txt,123,Herdis,Tvedestrand,NEWPORT,"6,734 pit props-Moller",Moller,6,Feb,1889,11,May,1889,False,condensed,0.9,"6 Herdis-Tvedestrand-6,734 pit props-Moller"
18890511p.464_p002.txt,124,Drafna,Christiania,NEWPORT,"9,311 fir spars-Marquis of Londonderry",Marquis of Londonderry,6,Feb,1889,11,May,1889,False,condensed,0.9,"Drafna-Christiania-9,311 fir spars-Marquis of Londonderry"
18890511p.464_p002.txt,126,Reine Elizabeth,Vannes,NEWPORT,80 lds. pitwood,,6,Feb,1889,11,May,1889,False,condensed,0.9,Reine Elizabeth-Vannes-80 lds. pitwood-North's Navigation Collieries (1889) Lim.
18890511p.464_p002.txt,127,Esperance,Binic,NEWPORT,160 lds. pit props-L. G. Mouchel,L. G. Mouchel,6,Feb,1889,11,May,1889,False,condensed,0.9,Esperance-Binic-160 lds. pit props-L. G. Mouchel
18890511p.464_p002.txt,128,Paul,Morlaix,NEWPORT,170 lds. pitwood-Simkin Bros.,Simkin Bros.,6,Feb,1889,11,May,1889,False,condensed,0.9,St. Paul-Morlaix-170 lds. pitwood-Simkin Bros.
18890511p.464_p002.txt,130,Marie Amanda,Ringarde,NEWPORT,130 lds. pitwood-Simkin Bros.,Simkin Bros.,6,Feb,1889,11,May,1889,False,condensed,0.9,Marie Amanda-Ringarde-130 lds. pitwood-Simkin Bros.
18890511p.464_p002.txt,131,Fanny,Arcachon,NEWPORT,80 lds. pitwood-Simkin Bros.,Simkin Bros.,6,Feb,1889,11,May,1889,False,condensed,0.9,Fanny-Arcachon-80 lds. pitwood-Simkin Bros.
18890511p.464_p002.txt,132,Regina Corli,La Tremblade,NEWPORT,"1,399 flooring boards",,6,Feb,1889,11,May,1889,False,condensed,0.9,"Regina Corli-La Tremblade-1,399 flooring boards-North's Navigation Collieries (1889), Lim."
18890511p.464_p002.txt,133,Tabor,Fredrikstad,NEWPORT,"44,173 lds. pitwood-Gregor Bros.",Gregor Bros.,6,Feb,1889,11,May,1889,False,condensed,0.9,"Tabor-Fredrikstad-44,173 lds. pitwood-Gregor Bros."
18890511p.464_p002.txt,134,Hortense,La Rochelle,NEWPORT,173 lds. pitwood-Jose Ford & Co.,Jose Ford & Co.,6,Feb,1889,11,May,1889,False,condensed,0.9,Hortense-La Rochelle-173 lds. pitwood-Jose Ford & Co.
18890511p.464_p002.txt,135,Colonel Cassaigne,Nantes,NEWPORT,70 lds. pit props-William Bevan,William Bevan,3,Feb,1889,11,May,1889,False,condensed,0.9,3 Colonel Cassaigne-Nantes-70 lds. pit props-William Bevan
18890511p.464_p002.txt,136,W. W. d'Esperance,St. Malo,NEWPORT,210 lds. pitwood-North's Navigation Collieries,North's Navigation Collieries,4,Feb,1889,11,May,1889,False,condensed,0.9,4 W. W. d'Esperance-St. Malo-210 lds. pitwood-North's Navigation Collieries
18890511p.464_p002.txt,137,Frere et Soeur,Bordeaux,NEWPORT,130 lds. pitwood,,4,Feb,1889,11,May,1889,False,condensed,0.9,Frere et Soeur-Bordeaux-130 lds. pitwood-North's Navigation Collieries (1889) Lim.
18890511p.464_p002.txt,138,Fedella,Pensacola,NEWPORT,"1,128 pcs. sawn fir, 546 fir deals-Thomas Watkins & Jenkins",Thomas Watkins & Jenkins,4,Feb,1889,11,May,1889,False,condensed,0.9,"Fedella-Pensacola-1,128 pcs. sawn fir, 546 fir deals-Thomas Watkins & Jenkins"
18890511p.464_p002.txt,139,Pluvier,Bordeaux,NEWPORT,175 lds. pitwood-Cook,Cook,6,Feb,1889,11,May,1889,False,condensed,0.9,6 Pluvier-Bordeaux-175 lds. pitwood-Cook
18890511p.464_p002.txt,140,Anna Maria,Bordeaux,NEWPORT,108 lds. pitwood-E. Williams Cook & Co.,E. Williams Cook & Co.,6,Feb,1889,11,May,1889,False,condensed,0.9,Anna Maria-Bordeaux-108 lds. pitwood-E. Williams Cook & Co.
18890511p.464_p002.txt,142,Berhardina,Saltan,TYNE,"21,093 props-Osbeck & Co.",Osbeck & Co.,6,Feb,1889,11,May,1889,False,condensed,1.0,"Berhardina Saltan-21,093 props-Osbeck & Co."
18890511p.464_p002.txt,143,Columbus,Holmestrand,TYNE,"26,067 pit props",,2,Feb,1889,11,May,1889,False,condensed,1.0,"2 Columbus-Holmestrand-26,067 pit props-Order"
18890511p.464_p002.txt,144,De Tvende Brodre,Brevig,TYNE,"14,499 pit props",,2,Feb,1889,11,May,1889,False,condensed,1.0,"De Tvende Brodre-Brevig-14,499 pit props-Order"
18890511p.464_p002.txt,145,Eden,Laurvig,TYNE,"899 pcs. partly sq. timber, 941 pcs. mining timber",,3,Feb,1889,11,May,1889,False,condensed,1.0,"3 Eden-Laurvig-899 pcs. partly sq. timber, 941 pcs. mining timber-Order"
18890511p.464_p002.txt,146,Dorette,Slite,TYNE,"18,835 hewn props",,4,Feb,1889,11,May,1889,False,condensed,0.9,"4 Dorette-Slite-18,835 hewn props-Order"
18890511p.464_p002.txt,147,Helena Burns,Dordt,TYNE,"16,000 bdls. wood hoops",,4,Feb,1889,11,May,1889,False,condensed,0.9,"Helena Burns-Dordt-16,000 bdls. wood hoops-Order"
18890511p.464_p002.txt,148,Lile,Dordt,TYNE,"13,157 bdls. wood hoops-J. C. Williamson & Co.",J. C. Williamson & Co.,4,Feb,1889,11,May,1889,False,condensed,0.9,"Lile-Dordt-13,157 bdls. wood hoops-J. C. Williamson & Co."
18890511p.464_p002.txt,149,Orrik,Gothenburg,TYNE,"2,428 pit props 250 doors-J. Scott",,6,Feb,1889,11,May,1889,True,condensed,0.9,"6 Orrik (s)-Gothenburg-2,428 pit props-Order ; 250 doors-J. Scott"
18890511p.464_p002.txt,150,Excelsior,Nantes,TYNE,"5,790 bdls. wood hoops, 1,377 bdls. staves",,6,Feb,1889,11,May,1889,False,condensed,0.9,"Excelsior-Nantes-5,790 bdls. wood hoops, 1,377 bdls. staves-Order"
18890511p.464_p002.txt,151,Spekulation,Wisby,TYNE,"128,249 staves, 19,155 headings",,6,Feb,1889,11,May,1889,False,condensed,0.9,"Spekulation-Wisby-128,249 staves, 19,155 headings-Order"
18890511p.464_p002.txt,152,Talisman,Holmestrand,TYNE,"27,573 pit props, 22,535 props",,7,Feb,1889,11,May,1889,False,condensed,0.9,"7 Talisman-Holmestrand-27,573 pit props, 22,535 props-Order"
18890511p.464_p002.txt,153,Axel,Carlscrona,TYNE,"32,584 props",,7,Feb,1889,11,May,1889,False,condensed,0.9,"Axel-Carlscrona-32,584 props-Order"
18890511p.464_p002.txt,154,Larus,Risoer,TYNE,"47,413 props",,7,Feb,1889,11,May,1889,False,condensed,0.9,"Larus-Risoer-47,413 props-Order"
18890511p.464_p002.txt,155,Haygoa,Fredrikshald,TYNE,"90,100 pit props",,7,Feb,1889,11,May,1889,False,condensed,0.9,"Haygoa - Fredrikshald - 90,100 pit props-Order"
18890511p.464_p002.txt,156,Thuro,Fredrikshald,TYNE,"44,253 headings, 27,435 staves",,7,Feb,1889,11,May,1889,False,condensed,0.9,"Thuro-Fredrikshald-44,253 headings, 27,435 staves-Order"
18890511p.464_p002.txt,157,Fredrik IV.,Arendal,TYNE,"11,823 props, 130 spars",,7,Feb,1889,11,May,1889,False,condensed,0.9,"Fredrik IV.-Arendal-11,823 props, 130 spars -Order"
18890511p.464_p002.txt,158,Hilda,Namsos,TYNE,"6,746 deals and battens-J. Scott",J. Scott,7,Feb,1889,11,May,1889,False,condensed,0.9,"Hilda-Namsos-6,746 deals and battens-J. Scott"
18890518p.4_p001.txt,6,Ash of good quality is not,,MONTROSE,"over plentiful, and, according to size, from 1s. 6d. to 2s. is current, while select butts command even higher prices.",,3,Feb,1889,18,May,1889,False,condensed,0.9,"Ash of good quality is not over-plentiful, and, according to size, from 1s. 6d. to 2s. is current, while select butts command even higher prices."
18890518p.4_p001.txt,7,Small wood for,,MONTROSE,"turning sycamore, beech",,3,Feb,1889,18,May,1889,False,condensed,0.9,"Small wood for turning—sycamore, beech,"
18890518p.4_p001.txt,13,Telegraphic,Address,MONTROSE,"""BEATTIE,"" LEITH.",,3,Feb,1889,18,May,1889,False,condensed,0.9,"Telegraphic Address—""BEATTIE,"" LEITH."
18890518p.4_p001.txt,18,Telegraphic,Address,MONTROSE,"""HARDIE, LEITH.""",,3,Feb,1889,18,May,1889,False,condensed,0.9,"Telegraphic Address—""HARDIE, LEITH."""
18890518p.4_p001.txt,28,Telegraphic,Address,MONTROSE,"""SUMMERS,"" LEITH.",,3,Feb,1889,18,May,1889,False,condensed,0.9,"Telegraphic Address—""SUMMERS,"" LEITH."
18890518p.4_p001.txt,37,Timber Merchants and,Saw,DUNDEE,"millers, Wood Turners, Fret Cutters, Carvers, and Veneer Merchants",,3,Feb,1889,18,May,1889,False,condensed,0.9,"Timber Merchants and Saw-millers, Wood Turners, Fret Cutters, Carvers, and Veneer Merchants,"
18890518p.4_p001.txt,41,and,,DUNDEE,"ash has experienced a considerable improvement, and is going rapidly into consumption. Of old timber there is nothing practically left in the market.",,3,Feb,1889,18,May,1889,False,condensed,0.9,"and ash—has experienced a considerable improvement, and is going rapidly into consumption. Of old timber there is nothing practically left in the market."
18890518p.4_p001.txt,45,Saw,"mills are busy, and present prospects indicate a continuance of briskness.  SALE OF GROWING WOOD.",DUNDEE,"The standing wood on St. Arnold's Hill, Glen Ogil, Kirriemuir, the property of Mr Stephen Williamson, M.P., has been sold to Mr. Henry Young, wood merchant. The trees, numbering 8,680, in three lots, consist of full",,3,Feb,1889,18,May,1889,False,condensed,0.9,"Saw-mills are busy, and present prospects indicate a continuance of briskness.  SALE OF GROWING WOOD.—The standing wood on St. Arnold's Hill, Glen Ogil, Kirriemuir, the property of Mr Stephen Williamson, M.P., has been sold to Mr. Henry Young, wood merchant. The trees, numbering 8,680, in three lots, consist of full-grown larch of excellent quality, upwards of seventy years old. The exact price has not transpired, but is reported to be a little under £2,000."
18890518p.4_p001.txt,60,Dealers,,DUNDEE,"in Mahogany, Lignum Vitae, Walnuts, Oaks, Wainscots, Whitewood, Birch, Cedar, Ash, &c., and Veneers.",,3,Feb,1889,18,May,1889,False,condensed,0.9,"Dealers in—Mahogany, Lignum Vitae, Walnuts, Oaks, Wainscots, Whitewood, Birch, Cedar, Ash, &c., and Veneers."
18890518p.4_p001.txt,79,Thor,Windau,DUNDEE,"5,095 pit props-Tait",Tait,3,Feb,1889,18,May,1889,False,condensed,0.9,"Thor-Windau-5,095 pit props-Tait"
18890518p.4_p001.txt,82,Hebe,Oldersund,DUNDEE,"3,361 pit props-Alloa Coal Co.",Alloa Coal Co.,3,Feb,1889,18,May,1889,False,condensed,0.9,"Hebe-Oldersund-3,361 pit props-Alloa Coal Co."
18890518p.4_p001.txt,83,Ida,Christiania,DUNDEE,"6,968 pit props-Alloa",Alloa,3,Feb,1889,18,May,1889,False,condensed,0.9,"Ida-Christiania-6,968 pit props-Alloa"
18890518p.4_p001.txt,84,Ludvig,Halmstad,DUNDEE,"20,487 pit props-Madsen",Madsen,3,Feb,1889,18,May,1889,False,condensed,0.9,"Ludvig-Halmstad-20,487 pit props-Madsen"
18890518p.4_p001.txt,85,Delphin,Sandejord,DUNDEE,"10,567 pit props-James Kennedy & Co.",James Kennedy & Co.,3,Feb,1889,18,May,1889,False,condensed,0.9,"Delphin-Sandejord-10,567 pit props-James Kennedy & Co."
18890518p.4_p001.txt,86,Trafik,Gothenburg,DUNDEE,"17,538 pit props-Madsen",Madsen,9,Feb,1889,18,May,1889,False,condensed,0.9,"9 Trafik-Gothenburg-17,538 pit props-Madsen"
18890518p.4_p001.txt,87,Tyoho Brahe,Warberg,DUNDEE,"19,254 pit props-J. Kennedy & Co.",J. Kennedy & Co.,10,Feb,1889,18,May,1889,False,condensed,0.9,"10 Tyoho Brahe-Warberg-19,254 pit props-J. Kennedy & Co."
18890518p.4_p001.txt,88,Immanuel,Tonsberg,DUNDEE,"3,704 pit props-Kirkwood Madsen & Borch",Kirkwood Madsen & Borch,10,Feb,1889,18,May,1889,False,condensed,0.9,"Immanuel-Tonsberg-3,704 pit props-Kirkwood Madsen & Borch"
18890518p.4_p001.txt,89,Kvik,Mandal,DUNDEE,"4,882 pit props-T. Spowart",T. Spowart,11,Feb,1889,18,May,1889,False,condensed,0.9,"11 Kvik-Mandal-4,882 pit props-T. Spowart"
18890518p.4_p001.txt,90,Geredina,Drobak,DUNDEE,"31,787 pit props-Alloa Coal Co.",Alloa Coal Co.,13,Feb,1889,18,May,1889,False,condensed,0.9,"13 Geredina-Drobak-31,787 pit props-Alloa Coal Co."
18890518p.4_p001.txt,93,Loch Leven,Riga,DUNDEE,"3,093 fir battens-Arbroath Saw-mill Co.",Arbroath Saw-mill Co.,13,Feb,1889,18,May,1889,True,condensed,0.9,"Loch Leven (s)-Riga-3,093 fir battens-Arbroath Saw-mill Co."
18890518p.4_p001.txt,96,Felicie,Drontheim,BORROWSTOUNNESS,"12,919 battens-Wm. Alexanders & Sons",Wm. Alexanders & Sons,13,Feb,1889,18,May,1889,False,condensed,1.0,"Felicie-Drontheim-12,919 battens-Wm. Alexanders & Sons"
18890518p.4_p001.txt,97,Althea,Fredrikshald,BORROWSTOUNNESS,"24,623 pcs. hewn fir-Love & Stewart",Love & Stewart,13,Feb,1889,18,May,1889,False,condensed,1.0,"Althea-Fredrikshald-24,623 pcs. hewn fir-Love & Stewart"
18890518p.4_p001.txt,98,Frankfort,Memel,BORROWSTOUNNESS,"10,435 sleepers-Brownlee & Co.",Brownlee & Co.,13,Feb,1889,18,May,1889,True,condensed,1.0,"Frankfort (s)-Memel-10,435 sleepers-Brownlee & Co."
18890518p.4_p001.txt,99,Freir,Laurvig,BORROWSTOUNNESS,"13,081 pcs. pitwood-John Denholm & Co.",John Denholm & Co.,8,Feb,1889,18,May,1889,False,condensed,1.0,"8 Freir-Laurvig-13,081 pcs. pitwood-John Denholm & Co."
18890518p.4_p001.txt,100,Diana,Windau,BORROWSTOUNNESS,"17,396 pcs. pitwood-Love",Love,9,Feb,1889,18,May,1889,True,condensed,0.9,"9 Diana (s)-Windau-17,396 pcs. pitwood-Love"
18890518p.4_p001.txt,101,Peter,Kalmar,BORROWSTOUNNESS,"1,680 pcs. pitwood-Denholm",Denholm,9,Feb,1889,18,May,1889,False,condensed,0.9,"Peter-Kalmar-1,680 pcs. pitwood-Denholm"
18890518p.4_p001.txt,102,Rederrinden,Grimstad,BORROWSTOUNNESS,"11,526 pcs. pitwood-John Dymock Smith & Co.",John Dymock Smith & Co.,9,Feb,1889,18,May,1889,False,condensed,0.9,"Rederrinden-Grimstad-11,526 pcs. pitwood-John Dymock Smith & Co."
18890518p.4_p001.txt,103,Nordsee,Windau,BORROWSTOUNNESS,"27,468 pcs. pitwood-John Denholm & Co.",John Denholm & Co.,9,Feb,1889,18,May,1889,False,condensed,0.9,"Nordsee-Windau-27,468 pcs. pitwood-John Denholm & Co."
18890518p.4_p001.txt,104,Frankfort,Memel,BORROWSTOUNNESS,182 oak logs-Brownlee,Brownlee,9,Feb,1889,18,May,1889,False,condensed,0.9,Frankfort-Memel-182 oak logs-Brownlee
18890518p.4_p001.txt,105,Enigheden,Krageroe,BORROWSTOUNNESS,"13,237 pit props-Stevenson & Drynan",Stevenson & Drynan,10,Feb,1889,18,May,1889,False,condensed,0.9,"10 Enigheden-Krageroe-13,237 pit props-Stevenson & Drynan"
18890518p.4_p001.txt,106,Haabet,Konigsberg,BORROWSTOUNNESS,"5,313 hewn fir props-Love & Stewart",Love & Stewart,11,Feb,1889,18,May,1889,False,condensed,0.9,"11 Haabet-Konigsberg-5,313 hewn fir props-Love & Stewart"
18890518p.4_p001.txt,107,Venner,Holmestrand,BORROWSTOUNNESS,"11,012 pcs. pitwood-John Denholm & Co.",John Denholm & Co.,13,Feb,1889,18,May,1889,False,condensed,0.9,"13 Venner-Holmestrand-11,012 pcs. pitwood-John Denholm & Co."
18890518p.4_p001.txt,111,Triton,Drontheim,DUNDEE,[?] battens-John Tessier,John Tessier,13,Feb,1889,18,May,1889,False,condensed,0.9,Triton-Drontheim-[?] battens-John Tessier
18890518p.4_p001.txt,112,Ernigkert,Stettin,DUNDEE,"5[?],000 fir battens-John Tessier",John Tessier,11,Feb,1889,18,May,1889,False,condensed,0.9,"11 Ernigkert-Stettin-5[?],000 fir battens-John Tessier"
18890518p.4_p001.txt,115,Greata,Gothenburg,DUNDEE,"1,000 bdls. mouldings, 1,000 bobbins",,11,Feb,1889,18,May,1889,False,condensed,0.9,"Greata-Gothenburg-1,000 bdls. mouldings, 1,000 bobbins-Order"
18890518p.4_p001.txt,116,State of Georgia,New York,DUNDEE,"1,240 ware-Singer Manufacturing Co.",Singer Manufacturing Co.,7,Feb,1889,18,May,1889,False,condensed,0.9,"7 State of Georgia-New York-1,240 ware-Singer Manufacturing Co."
18890518p.4_p001.txt,117,Scandinavian,Philadelphia,DUNDEE,"1,000 logs-Edmiston & Mitchell",Edmiston & Mitchell,8,Feb,1889,18,May,1889,False,condensed,0.9,"8 Scandinavian-Philadelphia-1,000 logs-Edmiston & Mitchell"
18890518p.4_p001.txt,118,Lord O'Neill,Baltimore,DUNDEE,"1,240 logs-Hattley Hay 1,240 logs-Edmiston & Mitchell; 562 pcs. oak lumber-Jas. Kennedy & Co.; 2,100 pcs. whitewood planks, 2,100 pcs. whitewood, 92 walnut logs, 34 oak logs-Govan & Co.; 2,100 pcs. whitewood-Furnessia-New York-282 pcs. whitewood-Drummond; 431 pcs. whitewood-Brownlee & Co.; 8,400 hhd. staves-Order",Hattley Hay,9,Feb,1889,18,May,1889,False,condensed,0.9,"9 Lord O'Neill-Baltimore-1,240 logs-Hattley Hay; 1,240 logs-Edmiston & Mitchell; 562 pcs. oak lumber-Jas. Kennedy & Co.; 2,100 pcs. whitewood planks, 2,100 pcs. whitewood, 92 walnut logs, 34 oak logs-Govan & Co.; 2,100 pcs. whitewood-Furnessia-New York-282 pcs. whitewood-Drummond; 431 pcs. whitewood-Brownlee & Co.; 8,400 hhd. staves-Order"
18890518p.4_p001.txt,118,Furnessia,New York,DUNDEE,"282 pcs. whitewood-Drummond 431 pcs. whitewood-Brownlee & Co.; 8,400 hhd. staves-Order",Drummond,9,Feb,1889,18,May,1889,False,condensed,0.9,"Furnessia-New York-282 pcs. whitewood-Drummond; 431 pcs. whitewood-Brownlee & Co.; 8,400 hhd. staves-Order"
18890518p.4_p001.txt,119,Corean,Boston,DUNDEE,"5,400 hhd. staves-Breakenridge 66 pcs. whitewood-Order",Breakenridge,11,Feb,1889,18,May,1889,False,condensed,0.9,"11 Corean-Boston-5,400 hhd. staves-Breakenridge; 66 pcs. whitewood-Order"
18890518p.4_p001.txt,120,Ranee,Havre and Rouen,DUNDEE,"1,000 logs-R. & P. Hutchison",R. & P. Hutchison,13,Feb,1889,18,May,1889,False,condensed,0.9,"13 Ranee-Havre and Rouen-1,000 logs-R. & P. Hutchison"
18890518p.4_p001.txt,121,State of Nevada,New York,DUNDEE,"3,600 barrel staves-R. P. Hutchison",R. P. Hutchison,13,Feb,1889,18,May,1889,False,condensed,0.9,"State of Nevada-New York-3,600 barrel staves-R. P. Hutchison"
18890518p.4_p001.txt,124,Emil Devrient,Stettin,DUNDEE,282 pcs. pit props-P. & J. Wilkie,P. & J. Wilkie,13,Feb,1889,18,May,1889,False,condensed,0.9,Emil Devrient-Stettin-282 pcs. pit props-P. & J. Wilkie
18890518p.4_p001.txt,125,Martha,Christiania,DUNDEE,282 pcs. pit props,,10,Feb,1889,18,May,1889,False,condensed,0.9,"10 Martha-Christiania-282 pcs. pit props-2,713 pit props-Order"
18890518p.4_p001.txt,128,Troy,Drontheim,DUNDEE,"14,282 pcs. pitwood-Mitchell Thomson & Co.",Mitchell Thomson & Co.,10,Feb,1889,18,May,1889,False,condensed,0.9,"Troy-Drontheim-14,282 pcs. pitwood-Mitchell Thomson & Co."
18890518p.4_p001.txt,129,Frithiof,Gothenburg,DUNDEE,"4,243 pcs. pitwood-",,10,Feb,1889,18,May,1889,False,condensed,0.9,"Frithiof-Gothenburg-4,243 pcs. pitwood-"
18890518p.4_p001.txt,138,Telegraphic,Address,DUNDEE,"""PATON,"" AYR.",,10,Feb,1889,18,May,1889,False,condensed,0.9,"Telegraphic Address— ""PATON,"" AYR."
18890518p.4_p001.txt,142,Telegram,Addresses,DUNDEE,"DONALDSON, TAYPORT.",,10,Feb,1889,18,May,1889,False,condensed,0.9,"Telegram Addresses— DONALDSON, TAYPORT."
18890525p.4.txt,5,Fiducia,Windau,TYNE,"9,607 pit props-T. Tait & Sons",T. Tait & Sons,11,Feb,1889,25,May,1889,True,condensed,0.9,"Fiducia (s)-Windau-9,607 pit props-T. Tait & Sons"
18890525p.4.txt,7,Nordstjernen,Gothenburg,TYNE,"21,366 pit props-Madsen & Borck",Madsen & Borck,11,Feb,1889,25,May,1889,False,condensed,0.9,"Nordstjernen-Gothenburg-21,366 pit props-Madsen & Borck"
18890525p.4.txt,8,Christian,Memel,TYNE,"26,520 oak staves-Alloa Coal Co.",Alloa Coal Co.,18,Feb,1889,25,May,1889,False,condensed,0.9,"18 Christian-Memel-26,520 oak staves-Alloa Coal Co."
18890525p.4.txt,9,Rikaj,Gothenburg,TYNE,"27,415 props-Madsen",Madsen,20,Feb,1889,25,May,1889,False,condensed,0.9,"20 Rikaj-Gothenburg-27,415 props-Madsen"
18890525p.4.txt,10,Mentor,Fredrikshald,TYNE,"22,084 props-Love",Love,20,Feb,1889,25,May,1889,False,condensed,0.9,"Mentor-Fredrikshald-22,084 props-Love"
18890525p.4.txt,11,Kurir,Oscarshamp,TYNE,"3,951 props-Coal Co.",Coal Co.,20,Feb,1889,25,May,1889,False,condensed,0.9,"Kurir-Oscarshamp-3,951 props-Coal Co."
18890525p.4.txt,13,Loch Ness,Riga,TYNE,"5,023 fir battens, 1,535 pcs. lathwood, 40 fir spars-Arbroath Saw-mill Co.",Arbroath Saw-mill Co.,20,Feb,1889,25,May,1889,True,condensed,0.9,"Loch Ness (s)-Riga-5,023 fir battens, 1,535 pcs. lathwood, 40 fir spars-Arbroath Saw-mill Co."
18890525p.4.txt,14,Emerald,Riga,TYNE,"5,459 pcs. lathwood-Slimman & Robertson",Slimman & Robertson,15,Feb,1889,25,May,1889,True,condensed,0.9,"15 Emerald (s)-Riga-5,459 pcs. lathwood-Slimman & Robertson"
18890525p.4.txt,15,Emerald,Riga,TYNE,3 lds. firewood-Cargill,Cargill,16,Feb,1889,25,May,1889,True,condensed,0.9,16 Emerald (s)-Riga-3 lds. firewood-Cargill
18890525p.4.txt,17,Roskilda,Falkenberg,BORROWSTOUNNESS,"4,872 props-Love",Love,16,Feb,1889,25,May,1889,False,condensed,1.0,"Roskilda-Falkenberg-4,872 props-Love"
18890525p.4.txt,18,Ora and Labora,Falkenberg,BORROWSTOUNNESS,"30,701 props-Love & Stewart",Love & Stewart,16,Feb,1889,25,May,1889,False,condensed,1.0,"Ora and Labora-Falkenberg-30,701 props-Love & Stewart"
18890525p.4.txt,19,Marstal,Skien,BORROWSTOUNNESS,"13,801 props-Stevenson",Stevenson,16,Feb,1889,25,May,1889,False,condensed,1.0,"Marstal-Skien-13,801 props-Stevenson"
18890525p.4.txt,20,Trafik,Porsgrund,BORROWSTOUNNESS,"15,170 props-Stevenson",Stevenson,16,Feb,1889,25,May,1889,False,condensed,1.0,"Trafik-Porsgrund-15,170 props-Stevenson"
18890525p.4.txt,21,Argo,Konigsberg,BORROWSTOUNNESS,"6,916 props-Love",Love,15,Feb,1889,25,May,1889,False,condensed,0.9,"15 Argo-Konigsberg-6,916 props-Love"
18890525p.4.txt,22,Maria,Windau,BORROWSTOUNNESS,"13,342 props-Love",Love,16,Feb,1889,25,May,1889,False,condensed,0.9,"16 Maria-Windau-13,342 props-Love"
18890525p.4.txt,23,Nor,Levanger,BORROWSTOUNNESS,"24,964 props-Love & Stewart",Love & Stewart,17,Feb,1889,25,May,1889,False,condensed,0.9,"17 Nor-Levanger-24,964 props-Love & Stewart"
18890525p.4.txt,24,Anline,Drammen,BORROWSTOUNNESS,"19,561 props-Denholm",Denholm,18,Feb,1889,25,May,1889,False,condensed,0.9,"18 Anline-Drammen-19,561 props-Denholm"
18890525p.4.txt,25,Rederinden,Christiania,BORROWSTOUNNESS,"17,500 props-Jno. Denholm & Co.",Jno. Denholm & Co.,20,Feb,1889,25,May,1889,False,condensed,0.9,"20 Rederinden-Christiania-17,500 props-Jno. Denholm & Co."
18890525p.4.txt,26,Hilda,Tonsberg,BORROWSTOUNNESS,"16,761 props-Denholm & Co.",Denholm & Co.,20,Feb,1889,25,May,1889,False,condensed,0.9,"Hilda-Tonsberg-16,761 props-Denholm & Co."
18890525p.4.txt,27,Mathilde,Tonsberg,BORROWSTOUNNESS,"22,240 props-Denholm",Denholm,20,Feb,1889,25,May,1889,False,condensed,0.9,"Mathilde-Tonsberg-22,240 props-Denholm"
18890525p.4.txt,28,Carl,Drammen,BORROWSTOUNNESS,"25,811 props-Denholm",Denholm,20,Feb,1889,25,May,1889,False,condensed,0.9,"Carl-Drammen-25,811 props-Denholm"
18890525p.4.txt,29,Fremad,Christiania,BORROWSTOUNNESS,"9,500 pcs. hewn fir-Jno. Denholm & Co.",Jno. Denholm & Co.,20,Feb,1889,25,May,1889,False,condensed,0.9,"Fremad-Christiania-9,500 pcs. hewn fir-Jno. Denholm & Co."
18890525p.4.txt,30,Oscar,Drammen,BORROWSTOUNNESS,"19,594 props-Stevenson",Stevenson,20,Feb,1889,25,May,1889,False,condensed,0.9,"Oscar-Drammen-19,594 props-Stevenson"
18890525p.4.txt,32,Marie,Danzig,DUNDEE,657 pcs. hewn fir-Fleming & Barry,Fleming & Barry,20,Feb,1889,25,May,1889,False,condensed,0.9,Marie-Danzig-657 pcs. hewn fir-Fleming & Barry
18890525p.4.txt,33,N. M. Harboe,Carlscrona,DUNDEE,"4,377 deals and battens-Jas. Donaldson & Sons",Jas. Donaldson & Sons,18,Feb,1889,25,May,1889,False,condensed,0.9,"18 N. M. Harboe-Carlscrona-4,377 deals and battens-Jas. Donaldson & Sons"
18890525p.4.txt,38,Telegraphic,Address,DUNDEE,"""BEATTIE,"" LEITH.",,18,Feb,1889,25,May,1889,False,condensed,0.9,"Telegraphic Address—""BEATTIE,"" LEITH."
18890525p.4.txt,43,Telegraphic,Address,DUNDEE,"""HARDIE, LEITH.""",,18,Feb,1889,25,May,1889,False,condensed,0.9,"Telegraphic Address—""HARDIE, LEITH."""
18890525p.4.txt,53,Telegraphic,Address,DUNDEE,"""SUMMERS,"" LEITH.",,18,Feb,1889,25,May,1889,False,condensed,0.9,"Telegraphic Address—""SUMMERS,"" LEITH."
18890525p.4.txt,62,Timber Merchants and,Saw,DUNDEE,"millers, Wood Turners, Fret Cutters, Carvers, and Veneer Merchants",,18,Feb,1889,25,May,1889,False,condensed,0.9,"Timber Merchants and Saw-millers, Wood Turners, Fret Cutters, Carvers, and Veneer Merchants,"
18890525p.4.txt,68,Von Buch Wendorff,Stettin,DUNDEE,704 pcs. hewn fir-Jas. Donaldson & Sons,Jas. Donaldson & Sons,18,Feb,1889,25,May,1889,False,condensed,0.9,Von Buch Wendorff-Stettin-704 pcs. hewn fir-Jas. Donaldson & Sons
18890525p.4.txt,69,La Senna,Rafso,DUNDEE,"29,514 deals and battens-Bell & Sime",Bell & Sime,18,Feb,1889,25,May,1889,False,condensed,0.9,"La Senna-Rafso-29,514 deals and battens-Bell & Sime"
18890525p.4.txt,70,Hans,Stettin,DUNDEE,642 pcs. hewn fir-Bell,Bell,18,Feb,1889,25,May,1889,False,condensed,0.9,Hans-Stettin-642 pcs. hewn fir-Bell
18890525p.4.txt,72,Ciroe,Baltimore,DUNDEE,"2,890 pcs. hickory lumber-R. Burley & Sons 2 cs. staves, 3 poplar logs-Edmiston & Mitchells; 1,226 pcs. oak lumber, 39 walnut logs, 30 poplar logs-Allison, Cousland, & Co.; 12 poplar logs-J. Kennedy & Co.; 690 pcs. walnut lumber, 2 cars. staves-Order",R. Burley & Sons,18,Feb,1889,25,May,1889,True,condensed,0.9,"Ciroe (s)-Baltimore-2,890 pcs. hickory lumber-R. Burley & Sons; 2 cs. staves, 3 poplar logs-Edmiston & Mitchells; 1,226 pcs. oak lumber, 39 walnut logs, 30 poplar logs-Allison, Cousland, & Co.; 12 poplar logs-J. Kennedy & Co.; 690 pcs. walnut lumber, 2 cars. staves-Order"
18890525p.4.txt,73,Devonia,New York,DUNDEE,"1,143 pcs. oak lumber-Edmiston & Mitchells 817 pcs. oak lumber-Brownlee & Co.; 300 oars, 2 cs. wood, 30 bdls. walnut squares, 30 bdls. and 26 cs. handles, 200 bdls. headings, 320 bdls. staves, 6,100 barrel staves-Order",Edmiston & Mitchells,15,Feb,1889,25,May,1889,False,condensed,0.9,"15 Devonia-New York-1,143 pcs. oak lumber-Edmiston & Mitchells; 817 pcs. oak lumber-Brownlee & Co.; 300 oars, 2 cs. wood, 30 bdls. walnut squares, 30 bdls. and 26 cs. handles, 200 bdls. headings, 320 bdls. staves, 6,100 barrel staves-Order"
18890525p.4.txt,74,Diamant,Christiania,DUNDEE,"890 spars, 156 battens, 4,387 props-Edmiston & Mitchells",Edmiston & Mitchells,16,Feb,1889,25,May,1889,False,condensed,0.9,"16 Diamant-Christiania-890 spars, 156 battens, 4,387 props-Edmiston & Mitchells"
18890525p.4.txt,75,Norwegian,Montreal,DUNDEE,"4,485 deals-Singleton",Singleton,17,Feb,1889,25,May,1889,True,condensed,0.9,"17 Norwegian (s)-Montreal-4,485 deals-Singleton"
18890525p.4.txt,76,State of Nebraska,New York,DUNDEE,"658 pkgs. wood ware-Singer Manufacturing Co. 240 oars-Cunningham, Shaw, & Co.; 2 carloads handle stuff-R. Burley & Son; 2 carloads maple sheathing, 1 carload pine planks-Lamb & Crawford; 159 pkgs. oak blocks-Bennett Furnishing Co.",Singer Manufacturing Co.,20,Feb,1889,25,May,1889,True,condensed,0.9,"20 State of Nebraska (s)-New York-658 pkgs. wood ware-Singer Manufacturing Co.; 240 oars-Cunningham, Shaw, & Co.; 2 carloads handle stuff-R. Burley & Son; 2 carloads maple sheathing, 1 carload pine planks-Lamb & Crawford; 159 pkgs. oak blocks-Bennett Furnishing Co."
18890525p.4.txt,77,Bucentaur,Fiume,DUNDEE,"391 logs oak, 150 oak planks",,20,Feb,1889,25,May,1889,True,condensed,0.9,"Bucentaur (s)-Fiume-391 logs oak, 150 oak planks-Order"
18890525p.4.txt,79,MISSING_FROM_OCR,Christiania,DUNDEE,"8,590 bdls. box boards",,20,Feb,1889,25,May,1889,False,condensed,0.9,"Christiania-8,590 bdls. box boards-Order"
18890525p.4.txt,80,Republick,Stettin,DUNDEE,607 pcs. timber-Wilkie,Wilkie,20,Feb,1889,25,May,1889,False,condensed,0.9,Republick-Stettin-607 pcs. timber-Wilkie
18890525p.4.txt,81,Rheinland,Riga,DUNDEE,"13,541 deals, battens, and ends-P. & J. Wilkie",P. & J. Wilkie,14,Feb,1889,25,May,1889,False,condensed,0.9,"14 Rheinland-Riga-13,541 deals, battens, and ends-P. & J. Wilkie"
18890525p.4.txt,82,Florence Nightingale,Riga,DUNDEE,"19,675 deals and ends, 3,287 pcs. lathwood-McPherson",McPherson,17,Feb,1889,25,May,1889,False,condensed,0.9,"17 Florence Nightingale-Riga-19,675 deals and ends, 3,287 pcs. lathwood-McPherson"
18890525p.4.txt,83,Skulda,Riga,DUNDEE,"8,476 sleeper blocks, 1,000 half-square sleeper blocks-Christie & Co.",square sleeper blocks-Christie & Co.,17,Feb,1889,25,May,1889,False,condensed,0.9,"Skulda-Riga-8,476 sleeper blocks, 1,000 half-square sleeper blocks-Christie & Co."
18890525p.4.txt,84,Anna,Laurvig,DUNDEE,"225 spars, 20,253 props-P. & J. Wilkie",P. & J. Wilkie,18,Feb,1889,25,May,1889,False,condensed,0.9,"18 Anna-Laurvig-225 spars, 20,253 props-P. & J. Wilkie"
18890525p.4.txt,96,Dealers,,DUNDEE,"in Mahogany, Lignum Vitæ, Walnuts, Oaks, Wainscots, Whitewood, Birch, Cedar, Ash, &c., and Veneers.",,18,Feb,1889,25,May,1889,False,condensed,0.9,"Dealers in—Mahogany, Lignum Vitæ, Walnuts, Oaks, Wainscots, Whitewood, Birch, Cedar, Ash, &c., and Veneers."
18890525p.4.txt,112,Midakov,Memel,BO'NESS,"21,000 oak staves-Jeffry & Co.",Jeffry & Co.,18,Feb,1889,25,May,1889,False,condensed,1.0,"Midakov-Memel-21,000 oak staves-Jeffry & Co."
18890525p.4.txt,113,Ampthill,Throndhjem,BO'NESS,"13,296 battens-Mitchell-Thomson & Co.",Mitchell-Thomson & Co.,18,Feb,1889,25,May,1889,False,condensed,1.0,"Ampthill - Throndhjem - 13,296 battens - Mitchell-Thomson & Co."
18890525p.4.txt,114,Newhaven,Riga,BO'NESS,"19,478 deals-Thomson",Thomson,17,Feb,1889,25,May,1889,False,condensed,0.9,"17 Newhaven-Riga-19,478 deals-Thomson"
18890525p.4.txt,115,Gorm,Memel,BO'NESS,"21,690 oak staves-W. Lindsay",W. Lindsay,18,Feb,1889,25,May,1889,False,condensed,0.9,"18 Gorm-Memel-21,690 oak staves-W. Lindsay"
18890525p.4.txt,116,Magenta,Drobak,BO'NESS,"8,814 props-Madsen & Borck",Madsen & Borck,18,Feb,1889,25,May,1889,False,condensed,0.9,"Magenta-Drobak-8,814 props-Madsen & Borck"
18890525p.4.txt,118,Muncas,Riga,BO'NESS,"12,611 sleepers-Alex. Bruce & Co.",Alex. Bruce & Co.,18,Feb,1889,25,May,1889,True,condensed,0.9,"Muncas (s)-Riga-12,611 sleepers-Alex. Bruce & Co."
18890525p.4.txt,119,Demokraten,Drammen,BO'NESS,"5,333 pcs. pitwood-Olsen",Olsen,20,Feb,1889,25,May,1889,False,condensed,0.9,"20 Demokraten - Drammen-5,333 pcs. pitwood-Olsen"
18890525p.4.txt,121,Germania,Memel,BO'NESS,"11,600 oak staves-Young J. Pentland & Son 13,992 oak staves-O. Salvesen & Co.",Young J. Pentland & Son,20,Feb,1889,25,May,1889,False,condensed,0.9,"Germania-Memel-11,600 oak staves-Young J. Pentland & Son; 13,992 oak staves-O. Salvesen & Co."
18890525p.4.txt,122,Katrire,Danzig,BO'NESS,"93,758 oak staves-Lillenthal",Lillenthal,20,Feb,1889,25,May,1889,False,condensed,0.9,"Katrire Danzig-93,758 oak staves-Lillenthal"
18890525p.4.txt,123,Ebenezer,Christiania,BO'NESS,"17,280 battens and ends-Park, Dobson, & Co.","Park, Dobson, & Co.",17,Feb,1889,25,May,1889,False,condensed,0.9,"17 Ebenezer-Christiania-17,280 battens and ends-Park, Dobson, & Co."
18890525p.4.txt,124,Luca,Oplo,BO'NESS,"18,978 battens, 145 lds. firewood-A. Garland & Roger",A. Garland & Roger,17,Feb,1889,25,May,1889,False,condensed,0.9,"Luca-Oplo-18,978 battens, 145 lds. firewood-A. Garland & Roger"
18890525p.4.txt,125,Mascotte,Rotterdam,BO'NESS,450 bdls. hoops-Gibson,Gibson,17,Feb,1889,25,May,1889,False,condensed,0.9,Mascotte-Rotterdam-450 bdls. hoops-Gibson
18890525p.4.txt,126,Soridderen,Drammen,BO'NESS,475 lds. firewood-M. J. Ellingsen,M. J. Ellingsen,18,Feb,1889,25,May,1889,False,condensed,0.9,18 Soridderen-Drammen-475 lds. firewood-M. J. Ellingsen
18890525p.4.txt,127,Ornen,Namsos,BO'NESS,"5,427 deals and battens-D. W. Beattie",D. W. Beattie,20,Feb,1889,25,May,1889,False,condensed,0.9,"20 Ornen-Namsos-5,427 deals and battens-D. W. Beattie"
18890525p.4.txt,129,Commodore,Rafso,MONTROSE,"37,599 fir bat-tens and deals-R. Millar & Son",tens and deals-R. Millar & Son,20,Feb,1889,25,May,1889,True,condensed,1.0,"Commodore (s)-Rafso-37,599 fir bat-tens and deals-R. Millar & Son"
18890525p.4.txt,131,Helmick,Christiania,WICK,"5,946 pcs. hewn fir, 409 pcs. biroh-Geo. Jamieson",Geo. Jamieson,20,Feb,1889,25,May,1889,False,condensed,1.0,"Helmick-Christiania-5,946 pcs. hewn fir, 409 pcs. biroh-Geo. Jamieson"
18890525p.4.txt,142,Telegraphic,Address,WICK,"""PATON,"" AYR.",,20,Feb,1889,25,May,1889,False,condensed,0.9,"Telegraphic Address— ""PATON,"" AYR."
18890525p.4.txt,148,Telegram,Addresses,WICK,"DONALDSON, TAYPORT.",,20,Feb,1889,25,May,1889,False,condensed,0.9,"Telegram Addresses— DONALDSON, TAYPORT."
18890525p.513_p002.txt,3,Tana,Riga,WICK,"24,446 half",,18,Feb,1889,25,May,1889,False,condensed,0.9,"18 Tana - Riga - 24,446 half-sleepers, 14,222 deals and boards-R. Wade, Sons, & Co."
18890525p.513_p002.txt,4,Trio,Oscarshamn,WICK,"10,212 props, 549 pcs. birch-Pearson & Co.",Pearson & Co.,18,Feb,1889,25,May,1889,False,condensed,0.9,"Trio-Oscarshamn - 10,212 props, 549 pcs. birch-Pearson & Co."
18890525p.513_p002.txt,5,Bjarke,Calmar,WICK,"8,474 props-W. D. Coxon",W. D. Coxon,20,Feb,1889,25,May,1889,False,condensed,0.9,"20 Bjarke-Calmar-8,474 props-W. D. Coxon"
18890525p.513_p002.txt,6,Konigsberg,Konigsberg,WICK,"2,562 props-C. A. Forslind & Co.",C. A. Forslind & Co.,20,Feb,1889,25,May,1889,False,condensed,0.9,"Konigsberg-Konigsberg-2,562 props-C. A. Forslind & Co."
18890525p.513_p002.txt,7,Olaf,Bergqvara,WICK,90 lds. birch-Forslind,Forslind,20,Feb,1889,25,May,1889,False,condensed,0.9,St. Olaf-Bergqvara-90 lds. birch-Forslind
18890525p.513_p002.txt,8,Lojo,Drontheim,WICK,"30,844 props, 788 pcs. mining timber-Hans Erichsen & Co.",Hans Erichsen & Co.,20,Feb,1889,25,May,1889,False,condensed,0.9,"Lojo-Drontheim-30,844 props, 788 pcs. mining timber-Hans Erichsen & Co."
18890525p.513_p002.txt,9,Elisa,Brevig,WICK,"986 pcs. square timber, 1,205 pcs. round timber, 1,612 props-Hardy",Hardy,20,Feb,1889,25,May,1889,False,condensed,0.9,"Elisa-Brevig-986 pcs. square timber, 1,205 pcs. round timber, 1,612 props-Hardy"
18890525p.513_p002.txt,10,Mlawka,Memel,WICK,"1,200 pcs. oak staves-Harrison & Singleton 84,162 oak staves-Pickford & Co.",Harrison & Singleton,20,Feb,1889,25,May,1889,False,condensed,0.9,"Mlawka - Memel - 1,200 pcs. oak staves - Harrison & Singleton ; 84,162 oak staves-Pickford & Co."
18890525p.513_p002.txt,13,Cimbriaham,Oscarshamn,WICK,"8,528 log props-Watts, Ward, & Co.","Watts, Ward, & Co.",18,Feb,1889,25,May,1889,False,condensed,0.9,"18 Cimbriaham-Oscarshamn-8,528 log props-Watts, Ward, & Co."
18890525p.513_p002.txt,16,Mindora,Memel,WICK,"621 pcs. hewn fir, 1,669 pcs. sawn fir-Groom & Son",Groom & Son,18,Feb,1889,25,May,1889,False,condensed,0.9,"Mindora-Memel-621 pcs. hewn fir, 1,669 pcs. sawn fir-Groom & Son"
18890525p.513_p002.txt,19,Edith,Rotterdam,WICK,500 bdls. hoops,,18,Feb,1889,25,May,1889,True,condensed,0.9,Edith (s)-Rotterdam-500 bdls. hoops-Order
18890525p.513_p002.txt,20,Ajan,Konigsberg,WICK,"5,961 pcs. mining timber",,18,Feb,1889,25,May,1889,True,condensed,0.9,"Ajan (s)-Konigsberg-5,961 pcs. mining timber-Order"
18890525p.513_p002.txt,21,Sea Gull,Rotterdam,WICK,"1,652 pkgs. wood",,18,Feb,1889,25,May,1889,True,condensed,0.9,"18 Sea Gull (s)-Rotterdam-1,652 pkgs. wood-Order"
18890525p.513_p002.txt,22,Hero,Gothenburg,WICK,"2,290 props-H. Smith",H. Smith,18,Feb,1889,25,May,1889,True,condensed,0.9,"Hero (s)-Gothenburg-2,290 props-H. Smith"
18890525p.513_p002.txt,23,Lord Baltimore,Christiania,WICK,"3,592 pit props, 100 spars, 4,424 poles, 1,000 boathooks-Wade, Sons, & Co.","Wade, Sons, & Co.",18,Feb,1889,25,May,1889,False,condensed,0.9,"Lord Baltimore-Christiania-3,592 pit props, 100 spars, 4,424 poles, 1,000 boathooks-Wade, Sons, & Co."
18890525p.513_p002.txt,24,Elizabeth,Konigsberg,WICK,"1,920 rollers",,21,Feb,1889,25,May,1889,True,condensed,0.9,"21 Elizabeth (s)-Konigsberg-1,920 rollers-Order"
18890525p.513_p002.txt,25,Madeline,Rafso,WICK,"42,296 battens-Bryson, Jameson, & Co. 2 fms. firewood-Order","Bryson, Jameson, & Co.",21,Feb,1889,25,May,1889,True,condensed,0.9,"Madeline (s)-Rafso-42,296 battens-Bryson, Jameson, & Co. ; 2 fms. firewood-Order"
18890525p.513_p002.txt,26,Hildalgo,Trieste,WICK,"2,195 pcs. oak",,21,Feb,1889,25,May,1889,True,condensed,0.9,"Hildalgo (s)-Trieste-2,195 pcs. oak-Order"
18890525p.513_p002.txt,27,Calypso,Riga,WICK,"31 fms. firewood, 21 cs. boards, 42,831 deals and boards",,21,Feb,1889,25,May,1889,True,condensed,0.9,"Calypso (s)-Riga-31 fms. firewood, 21 cs. boards, 42,831 deals and boards-Order"
18890525p.513_p002.txt,28,Experiment,Oscarshamn,WICK,"15,168 pit props",,21,Feb,1889,25,May,1889,False,condensed,0.9,"Experiment-Oscarshamn-15,168 pit props-Order"
18890525p.513_p002.txt,29,De Fire Soskende,Christiansand,WICK,"2,221 pcs. mining timber, 368 pit props-Wells & Co.",Wells & Co.,21,Feb,1889,25,May,1889,False,condensed,0.9,"De Fire Soskende-Christiansand-2,221 pcs. mining timber, 368 pit props-Wells & Co."
18890525p.513_p002.txt,31,Leo,Riga,WICK,"20 fms. firewood, 16,883 deals, &c.",,21,Feb,1889,25,May,1889,True,condensed,0.9,"Leo (s)-Riga-20 fms. firewood, 16,883 deals, &c.-Order"
18890525p.513_p002.txt,32,Libanon,Aland,WICK,"21,587 pit props",,21,Feb,1889,25,May,1889,False,condensed,0.9,"Libanon-Aland-21,587 pit props-Order"
18890525p.513_p002.txt,33,Angelo,Christiania,WICK,"20 pcs. wood-Wilson, Sons, & Co. 1,329 deals-Dalton Holmes","Wilson, Sons, & Co.",21,Feb,1889,25,May,1889,True,condensed,0.9,"Angelo (s)-Christiania-20 pcs. wood-Wilson, Sons, & Co. ; 1,329 deals-Dalton Holmes"
18890525p.513_p002.txt,34,Betty,Oscarshamn,WICK,"1,030 oak chocks, 9,176 pcs. birch",,21,Feb,1889,25,May,1889,False,condensed,0.9,"Betty-Oscarshamn-1,030 oak chocks, 9,176 pcs. birch-Order"
18890525p.513_p002.txt,35,Humber,Memel,WICK,"84,061 staves",,21,Feb,1889,25,May,1889,True,condensed,0.9,"Humber (s)-Memel-84,061 staves-Order"
18890525p.513_p002.txt,36,Beryl,Riga,WICK,"10,482 battens, 8,630 deals, 1,547 pcs., 13 fms. lathwood",,22,Feb,1889,25,May,1889,True,condensed,0.9,"22 Beryl (s)-Riga-10,482 battens, 8,630 deals, 1,547 pcs., 13 fms. lathwood-Order"
18890525p.513_p002.txt,37,Edvina,Christiania,WICK,"44 fms. firewood, 670 battens",,22,Feb,1889,25,May,1889,False,condensed,0.9,"Edvina-Christiania-44 fms. firewood, 670 battens-Order"
18890525p.513_p002.txt,38,Nordstern,Danzig,WICK,"851 pcs. fir, 193 pcs. oak timber, 500 pcs. fir sleepers-Wade",Wade,22,Feb,1889,25,May,1889,False,condensed,0.9,"Nordstern-Danzig-851 pcs. fir, 193 pcs. oak timber, 500 pcs. fir sleepers-Wade"
18890525p.513_p002.txt,41,Tuscany,Fiume,LIVERPOOL,"1,085 oak planks",,22,Feb,1889,25,May,1889,True,condensed,0.9,"Tuscany (s)-Fiume-1,085 oak planks-Order"
18890525p.513_p002.txt,42,Lestris,Rotterdam,LIVERPOOL,"3,250 bdls. hoops",,22,Feb,1889,25,May,1889,True,condensed,0.9,"Lestris (s)-Rotterdam-3,250 bdls. hoops-Order"
18890525p.513_p002.txt,43,Auriga,St. John,LIVERPOOL,"25,945 deals, 167 scantlings, 2,802 deal ends",,22,Feb,1889,25,May,1889,False,condensed,0.9,"Auriga-St. John-25,945 deals, 167 scantlings, 2,802 deal ends-Order"
18890525p.513_p002.txt,44,Onkel Christian,Fredrikstad,LIVERPOOL,164 stds. planed boards,,22,Feb,1889,25,May,1889,False,condensed,0.9,Onkel Christian-Fredrikstad-164 stds. planed boards-Order
18890525p.513_p002.txt,45,Landblomster,Laurvig,LIVERPOOL,"9,935 chocks, 13,016 props",,22,Feb,1889,25,May,1889,False,condensed,0.9,"Landblomster-Laurvig-9,935 chocks, 13,016 props-Order"
18890525p.513_p002.txt,46,India,San Francisco,LIVERPOOL,"8,126 pcs. redwood, 479 redwood bolts",,22,Feb,1889,25,May,1889,False,condensed,0.9,"India-San Francisco-8,126 pcs. redwood, 479 redwood bolts-Order"
18890525p.513_p002.txt,47,Mozart,New York,LIVERPOOL,"1,200 staves-Hay",Hay,22,Feb,1889,25,May,1889,True,condensed,0.9,"Mozart (s)-New York-1,200 staves-Hay"
18890525p.513_p002.txt,48,Author,New Orleans,LIVERPOOL,"371 staves-Drysdale Bros. 1,975 pine boards, 138 logs yellow pine-Order",Drysdale Bros.,22,Feb,1889,25,May,1889,True,condensed,0.9,"Author (s)-New Orleans-371 staves-Drysdale Bros. ; 1,975 pine boards, 138 logs yellow pine-Order"
18890525p.513_p002.txt,49,Flora,Mobile,LIVERPOOL,"1,266 pcs. sawn pitch pine timber, 242 pitch pine deals-Rimmer",Rimmer,22,Feb,1889,25,May,1889,False,condensed,0.9,"Flora-Mobile-1,266 pcs. sawn pitch pine timber, 242 pitch pine deals-Rimmer"
18890525p.513_p002.txt,50,Norma,Drammen,LIVERPOOL,"58,015 boards",,22,Feb,1889,25,May,1889,False,condensed,0.9,"Norma-Drammen-58,015 boards-Order"
18890525p.513_p002.txt,51,Egypt,New York,LIVERPOOL,"1,000 staves-Drysdale Bros. 42 crts. handles-Rollins & Co.",Drysdale Bros.,22,Feb,1889,25,May,1889,True,condensed,0.9,"Egypt (s)-New York-1,000 staves-Drysdale Bros. ; 42 crts. handles-Rollins & Co."
18890525p.513_p002.txt,52,Bifrost,Gothenburg,LIVERPOOL,"41 bdls. broom handles-T. Eyres & Son 13 bdls. broom handles-A. Field & Co. ; 46,951 pit props, 7,014 pit poles, 2,851 pcs. mining timber-Osbeck & Co. ; 3,050 bdls. laths, 20,896 staves-Order",T. Eyres & Son,22,Feb,1889,25,May,1889,True,condensed,0.9,"Bifrost (s)-Gothenburg-41 bdls. broom handles-T. Eyres & Son ; 13 bdls. broom handles-A. Field & Co. ; 46,951 pit props, 7,014 pit poles, 2,851 pcs. mining timber-Osbeck & Co. ; 3,050 bdls. laths, 20,896 staves-Order"
18890525p.513_p002.txt,53,Sleipner,Snaroen,LIVERPOOL,"53,185 bdls., 16,320 pcs. sawn fir",,22,Feb,1889,25,May,1889,True,condensed,0.9,"Sleipner (s)-Snaroen-53,185 bdls., 16,320 pcs. sawn fir-Order"
18890525p.513_p002.txt,54,Istrian,Boston,LIVERPOOL,"2,800 new staves-Hattley Hay 665 bdls. hickory squares-Order",Hattley Hay,17,Feb,1889,25,May,1889,True,condensed,0.9,"17 Istrian (s)-Boston-2,800 new staves-Hattley Hay ; 665 bdls. hickory squares-Order"
18890525p.513_p002.txt,55,City of Berlin,New York,LIVERPOOL,"10,000 staves",,17,Feb,1889,25,May,1889,True,condensed,0.9,"City of Berlin (s)-New York-10,000 staves-Order"
18890525p.513_p002.txt,56,Gallia,New York,LIVERPOOL,"25 cs. handles-Cunningham, Shaw, & Co. 70 cs. handles, 1,500 staves-Order","Cunningham, Shaw, & Co.",17,Feb,1889,25,May,1889,True,condensed,0.9,"Gallia (s)-New York-25 cs. handles-Cunningham, Shaw, & Co. ; 70 cs. handles, 1,500 staves-Order"
18890525p.513_p002.txt,57,Adriatic,New York,LIVERPOOL,"2,536 pcs. lumber-Whiteside, Johns, & Co. 2,550 staves-Hattley Hay","Whiteside, Johns, & Co.",17,Feb,1889,25,May,1889,True,condensed,0.9,"Adriatic (s)-New York-2,536 pcs. lumber-Whiteside, Johns, & Co. ; 2,550 staves-Hattley Hay"
18890525p.513_p002.txt,58,Marathon,Boston,LIVERPOOL,"600 butt, 6,000 staves-Drysdale Bros. 435 maple blocks-Order",Drysdale Bros.,17,Feb,1889,25,May,1889,True,condensed,0.9,"Marathon (s)-Boston-600 butt, 6,000 staves-Drysdale Bros. ; 435 maple blocks-Order"
18890525p.513_p002.txt,59,Palestine,Boston,LIVERPOOL,"4,000 staves-Hay",Hay,18,Feb,1889,25,May,1889,True,condensed,0.9,"18 Palestine (s)-Boston-4,000 staves-Hay"
18890525p.513_p002.txt,60,Lake Superior,Montreal,LIVERPOOL,"3,762 deals, 7,309 pcs. lumber-H. G. Curwen & Co.",H. G. Curwen & Co.,18,Feb,1889,25,May,1889,True,condensed,0.9,"Lake Superior (s)-Montreal-3,762 deals, 7,309 pcs. lumber-H. G. Curwen & Co."
18890525p.513_p002.txt,61,Thornhill,Pascagoula,LIVERPOOL,"469 pcs. hewn and 167 pcs. sawn timber, 407 deals",,18,Feb,1889,25,May,1889,False,condensed,0.9,"Thornhill-Pascagoula-469 pcs. hewn and 167 pcs. sawn timber, 407 deals-Order"
18890525p.513_p002.txt,63,Sicilia,Norfolk,LIVERPOOL,"122 poplar planks, 14 poplar logs-Farnworth & Jardine 1,304 wc. planks, 30 hickory and 1 poplar logs, 5,485 hhd., 600 pitch pine, and 853 barrel staves-Order",Farnworth & Jardine,18,Feb,1889,25,May,1889,True,condensed,0.9,"Sicilia (s)-Norfolk-122 poplar planks, 14 poplar logs-Farnworth & Jardine ; 1,304 wc. planks, 30 hickory and 1 poplar logs, 5,485 hhd., 600 pitch pine, and 853 barrel staves-Order"
18890525p.513_p002.txt,64,Minerva,Danzig & Stettin,LIVERPOOL,"2,858 sleepers",,18,Feb,1889,25,May,1889,True,condensed,0.9,"Minerva (s)-Danzig & Stettin-2,858 sleepers-Order"
18890525p.513_p002.txt,65,Penelope,Drammen,LIVERPOOL,"461,518 staves",,20,Feb,1889,25,May,1889,False,condensed,0.9,"20 Penelope-Drammen-461,518 staves-Order"
18890525p.513_p002.txt,66,Enterprise,Pensacola,LIVERPOOL,"2,824 pcs. sawn timber, 1,002 deals-T. Rimmer & Son",T. Rimmer & Son,20,Feb,1889,25,May,1889,False,condensed,0.9,"Enterprise-Pensacola-2,824 pcs. sawn timber, 1,002 deals-T. Rimmer & Son"
18890525p.513_p002.txt,67,Roman,Boston,LIVERPOOL,"1,200 old and 2,000 new staves-Hattley Hay 446 pcs. lumber-Order",Hattley Hay,20,Feb,1889,25,May,1889,True,condensed,0.9,"Roman (s)-Boston-1,200 old and 2,000 new staves-Hattley Hay ; 446 pcs. lumber-Order"
18890525p.513_p002.txt,68,Oregon,Montreal,LIVERPOOL,"5,784 boards, 15,683 deals and ends-R. Cox & Co. 956 maple blocks-W. Bullen ; 8,999 maple blocks T. Mitchell ; 700 pcs. maple-Order ; from Quebec-1,183 deals-C.Taylor ; 1,523 spruce deals-Price, Watson, & Co. ; 42 cs. spools-D. B. Lawson & Co.",R. Cox & Co.,20,Feb,1889,25,May,1889,True,condensed,0.9,"Oregon (s)-Montreal-5,784 boards, 15,683 deals and ends-R. Cox & Co. ; 956 maple blocks-W. Bullen ; 8,999 maple blocks T. Mitchell ; 700 pcs. maple-Order ; from Quebec-1,183 deals-C.Taylor ; 1,523 spruce deals-Price, Watson, & Co. ; 42 cs. spools-D. B. Lawson & Co."
18890525p.513_p002.txt,69,Circassian,Montreal,LIVERPOOL,"3,968 deals, 550 maple blocks from Quebec-63 cs. spools-J. Brook & Bros. ; 851 bdls. headings-Sutherland, Innes, & Co.",,20,Feb,1889,25,May,1889,True,condensed,0.9,"Circassian (s)-Montreal-3,968 deals, 550 maple blocks-Order ; from Quebec-63 cs. spools-J. Brook & Bros. ; 851 bdls. headings-Sutherland, Innes, & Co."
18890525p.513_p002.txt,70,Mathilde,Fredrikstad,LIVERPOOL,"838 bdls. laths, 57,321 pcs. flooring",,20,Feb,1889,25,May,1889,False,condensed,0.9,"Mathilde-Fredrikstad-838 bdls. laths, 57,321 pcs. flooring-Order"
18890525p.513_p002.txt,71,Prinz Friedrich Carl,Danzig,LIVERPOOL,"597 pcs. red fir timber, 493 red fir half-crossings-Order",crossings-Order,20,Feb,1889,25,May,1889,False,condensed,0.9,"Prinz Friedrich Carl-Danzig-597 pcs. red fir timber, 493 red fir half-crossings-Order"
18890525p.513_p002.txt,72,Lord Clive,Philadelphia,LIVERPOOL,"9,120 staves-Drysdale Bros. 209 cs. lumber-Order",Drysdale Bros.,20,Feb,1889,25,May,1889,True,condensed,0.9,"Lord Clive (s)-Philadelphia-9,120 staves-Drysdale Bros. ; 209 cs. lumber-Order"
18890525p.513_p002.txt,73,Theodore H. Rand,"St. John, N.B.",LIVERPOOL,"22,640 spruce deals, 162 spruce scantlings, 2,227 spruce deal ends 12,129 birch planks, 2,020 birch ends-Ellison & Co.",,21,Feb,1889,25,May,1889,False,condensed,0.9,"21 Theodore H. Rand-St. John, N.B.-22,640 spruce deals, 162 spruce scantlings, 2,227 spruce deal ends-Order ; 12,129 birch planks, 2,020 birch ends-Ellison & Co."
18890525p.513_p002.txt,74,Kelso,Riga,LIVERPOOL,"15,848 redwood half",,21,Feb,1889,25,May,1889,True,condensed,0.9,"Kelso (s)-Riga-15,848 redwood half-sleepers, 4,742 pcs. lathwood-A. Dempsey"
18890525p.513_p002.txt,75,Ivanhoe,Rotterdam,LIVERPOOL,"6,310 bdls., 15 cks. hoops",,21,Feb,1889,25,May,1889,True,condensed,0.9,"Ivanhoe (s)-Rotterdam-6,310 bdls., 15 cks. hoops-Order"
18890525p.513_p002.txt,76,Bavarian,Boston,LIVERPOOL,"4,800 new staves-Hay",Hay,21,Feb,1889,25,May,1889,True,condensed,0.9,"Bavarian (s)-Boston-4,800 new staves-Hay"
18890525p.513_p002.txt,77,Mariner,New Orleans,LIVERPOOL,"12,420 staves, 293 pcs. oak",,21,Feb,1889,25,May,1889,True,condensed,0.9,"Mariner (s)-New Orleans-12,420 staves, 293 pcs. oak-Order"
18890525p.513_p002.txt,78,Iris,Pascagoula,LIVERPOOL,"461 pcs. hewn pitch pine timber, 2 pcs. poplar, 100 pcs. sawn pitch pine timber, 829 deals",,21,Feb,1889,25,May,1889,False,condensed,0.9,"Iris-Pascagoula-461 pcs. hewn pitch pine timber, 2 pcs. poplar, 100 pcs. sawn pitch pine timber, 829 deals-Order"
18890525p.513_p002.txt,79,Saga,Pascagoula,LIVERPOOL,"1,040 pcs. sawn pitch pine timber, 56 pcs. sawn timber, 239 sawn stowage deals",,21,Feb,1889,25,May,1889,False,condensed,0.9,"Saga-Pascagoula-1,040 pcs. sawn pitch pine timber, 56 pcs. sawn timber, 239 sawn stowage deals-Order"
18890525p.513_p002.txt,80,Amaranth,Pensacola,LIVERPOOL,"4,500 pcs. sawn pitch pine timber, 2,002 deals",,21,Feb,1889,25,May,1889,False,condensed,0.9,"Amaranth-Pensacola-4,500 pcs. sawn pitch pine timber, 2,002 deals-Order"
18890525p.513_p002.txt,81,Catalonia,Boston,LIVERPOOL,"2 cs. bobbins-S. Brooks 12,000 staves-Order",S. Brooks,22,Feb,1889,25,May,1889,True,condensed,0.9,"22 Catalonia (s)-Boston-2 cs. bobbins-S. Brooks ; 12,000 staves-Order"
18890525p.513_p002.txt,82,Emiliano,New Orleans,LIVERPOOL,"6,000 staves-Ellison, Murphy, & Co.","Ellison, Murphy, & Co.",22,Feb,1889,25,May,1889,True,condensed,0.9,"Emiliano (s)-New Orleans-6,000 staves-Ellison, Murphy, & Co."
18890525p.513_p002.txt,83,Ptolemy,New York,LIVERPOOL,"1,200 staves-Hattley Hay 48 bdls. snaths-L. & N. R. Co.",Hattley Hay,22,Feb,1889,25,May,1889,True,condensed,0.9,"Ptolemy (s)-New York-1,200 staves-Hattley Hay ; 48 bdls. snaths-L. & N. R. Co."
18890525p.513_p002.txt,84,Nevada,New York,LIVERPOOL,"400 bdls. headings-Hattley Hay 20 cs. spokes-J. Gardner & Sons ; 100 bdls., 66 crts. handles, 7,260 bdls. cooperage, 3,732 staves-Order",Hattley Hay,22,Feb,1889,25,May,1889,True,condensed,0.9,"Nevada (s)-New York-400 bdls. headings-Hattley Hay ; 20 cs. spokes-J. Gardner & Sons ; 100 bdls., 66 crts. handles, 7,260 bdls. cooperage, 3,732 staves-Order"
18890525p.513_p002.txt,85,Scholar,Pensacola,LIVERPOOL,"2,485 pcs. sawn ppe. timber, 673 ppe. deals",,22,Feb,1889,25,May,1889,True,condensed,0.9,"Scholar (s)-Pensacola-2,485 pcs. sawn ppe. timber, 673 ppe. deals-Order"
18890525p.513_p002.txt,89,Cassandra,Danzig,LONDON,"890 pcs. red fir timber, 307 red fir sleepers",,22,Feb,1889,25,May,1889,False,condensed,0.9,"Cassandra-Danzig-890 pcs. red fir timber, 307 red fir sleepers-Order"
18890525p.513_p002.txt,90,Irene,Stettin,LONDON,"4,846 staves-Sampson, Kinnck, & Co. 334 plançons-Order","Sampson, Kinnck, & Co.",22,Feb,1889,25,May,1889,True,condensed,0.9,"Irene (s) - Stettin - 4,846 staves-Sampson, Kinnck, & Co. ; 334 plançons-Order"
18890525p.513_p002.txt,91,Iylland,Riga,LONDON,"2,637 pcs. lathwood-J. B. R. Langford 24 fms. heartwood-Order",J. B. R. Langford,22,Feb,1889,25,May,1889,True,condensed,0.9,"Iylland (s)-Riga-2,637 pcs. lathwood-J. B. R. Langford ; 24 fms. heartwood-Order"
18890525p.513_p002.txt,92,Mary,Riga,LONDON,"4,907 deal ends, 3,385 battens",,17,Feb,1889,25,May,1889,True,condensed,0.9,"17 Mary (s)-Riga-4,907 deal ends, 3,385 battens -Order"
18890525p.513_p002.txt,93,Brackley,Riga,LONDON,"1,400 deals",,18,Feb,1889,25,May,1889,True,condensed,0.9,"18 Brackley (s)-Riga-1,400 deals-Order"
18890525p.513_p002.txt,94,Bjorn,Fredrikstad,LONDON,"40,546 flooring boards",,18,Feb,1889,25,May,1889,True,condensed,0.9,"Bjorn (s)-Fredrikstad-40,546 flooring boards -Order"
18890525p.513_p002.txt,95,Crosshill,Riga,LONDON,"22,758 deals and battens",,18,Feb,1889,25,May,1889,True,condensed,0.9,"Crosshill (s)-Riga-22,758 deals and battens-Order"
18890525p.513_p002.txt,96,Avena,Uddovalla,LONDON,"265 doors, 34 crts. trellis, 10 crts. planed wood, 275 bdls. laths, 950 bdls. mouldings-J. Brown",J. Brown,20,Feb,1889,25,May,1889,True,condensed,0.9,"20 Avena (s)-Uddovalla-265 doors, 34 crts. trellis, 10 crts. planed wood, 275 bdls. laths, 950 bdls. mouldings-J. Brown"
18890525p.513_p002.txt,97,Vivo,Nyhamn,LONDON,"26,301 deals, battens, and boards",,21,Feb,1889,25,May,1889,True,condensed,0.9,"21 Vivo (s)-Nyhamn-26,301 deals, battens, and boards-Order"
18890525p.513_p002.txt,98,Thetford,Riga,LONDON,"32,716 deals, battens, and ends, 10 fms. firewood, 25 fms. lathwood",,21,Feb,1889,25,May,1889,True,condensed,0.9,"Thetford (s)-Riga-32,716 deals, battens, and ends, 10 fms. firewood, 25 fms. lathwood-Order"
18890525p.513_p002.txt,99,Rosedale,Soderhamn,LONDON,"34,980 deals and battens",,21,Feb,1889,25,May,1889,True,condensed,0.9,"Rosedale (s)-Soderhamn-34,980 deals and battens-Order"
18890525p.513_p002.txt,100,Mabel,Soderhamn,LONDON,"23,957 deals, battens and boards-Wilson & Watson",Wilson & Watson,22,Feb,1889,25,May,1889,True,condensed,0.9,"22 Mabel (s)-Soderhamn-23,957 deals, battens and boards-Wilson & Watson"
18890525p.513_p002.txt,103,Mereddo,Riga,LONDON,"782,413 deals, battens, and boards, 120 fms. firewood",,22,Feb,1889,25,May,1889,True,condensed,0.9,"Mereddo (s)-Riga-782,413 deals, battens, and boards, 120 fms. firewood-Order"
18890525p.513_p002.txt,104,Raleigh,Riga,LONDON,"23 fms. lathwood, 3,548 battens",,17,Feb,1889,25,May,1889,True,condensed,0.9,"17 Raleigh (s)-Riga-23 fms. lathwood, 3,548 battens-Order"
18890525p.513_p002.txt,105,Jane Cory,Riga,LONDON,"2,255 battens",,17,Feb,1889,25,May,1889,True,condensed,0.9,"Jane Cory (s)-Riga-2,255 battens-Order"
18890525p.513_p002.txt,106,Durham,Fiume,LONDON,"301 wainscot logs, 407 boards, 214 logs",,17,Feb,1889,25,May,1889,True,condensed,0.9,"Durham (s)-Fiume-301 wainscot logs, 407 boards, 214 logs-Order"
18890525p.513_p002.txt,107,Prins Oscar,Gothenburg,LONDON,"43,263 lds. boards-With, Webster, & Co. 1,056 lds. boards, 1,193 deals and battens-Berner & Nielsen ; 500 bdls. box boards, 20 prs. oars, 3 doz. rickers, 28 fms. firewood, 218 doz. deals, 12 spars, 11 poles, 517 doz. boards-Order","With, Webster, & Co.",20,Feb,1889,25,May,1889,True,condensed,0.9,"20 Prins Oscar (s)-Gothenburg-43,263 lds. boards -With, Webster, & Co. ; 1,056 lds. boards, 1,193 deals and battens-Berner & Nielsen ; 500 bdls. box boards, 20 prs. oars, 3 doz. rickers, 28 fms. firewood, 218 doz. deals, 12 spars, 11 poles, 517 doz. boards-Order"
18890525p.513_p002.txt,108,Bele,Gothenburg,LONDON,"4 cs., 17 bgs. wood-Maxime & Co. 7 cs., 70 bgs. wood-J. Uloth & Co. ; 315 doors-J. Sandell & Co.",Maxime & Co.,20,Feb,1889,25,May,1889,True,condensed,0.9,"Bele (s)-Gothenburg-4 cs., 17 bgs. wood-Maxime & Co. ; 7 cs., 70 bgs. wood-J. Uloth & Co. ; 315 doors-J. Sandell & Co."
18890525p.513_p002.txt,109,Libau,Stettin,LONDON,"40 pkgs. pinewood-Quitmann & Co. 40 bdls. pinewood, 30 pcs. sawn oak-Order",Quitmann & Co.,20,Feb,1889,25,May,1889,True,condensed,0.9,"Libau (s) - Stettin - 40 pkgs. pinewood - Quitmann & Co. ; 40 bdls. pinewood, 30 pcs. sawn oak-Order"
18890525p.513_p002.txt,110,Panther,Christiania,LONDON,"285 bgs. brush blocks-J. Keen 2 cs. oars-Dolton, Bournes, & Co. ; 1,600 bdls. case boards-Straker & Co. ; 7,446 scantlings-With, Webster, & Co. ; 1,369 scantlings-Churchill & Sim ; 12,949 boards-Foy, Morgan, & Co. ; 4,000 bdls. staves, 8,731 bdls. boxboards-Order",J. Keen,20,Feb,1889,25,May,1889,True,condensed,0.9,"Panther (s) - Christiania - 285 bgs. brush blocks-J. Keen ; 2 cs. oars-Dolton, Bournes, & Co. ; 1,600 bdls. case boards-Straker & Co. ; 7,446 scantlings-With, Webster, & Co. ; 1,369 scantlings-Churchill & Sim ; 12,949 boards-Foy, Morgan, & Co. ; 4,000 bdls. staves, 8,731 bdls. boxboards-Order"
18890525p.513_p002.txt,111,Kasan,Konigsberg,LONDON,"3,285 sleepers, 220 pcs. poplar",,20,Feb,1889,25,May,1889,True,condensed,0.9,"Kasan (s)-Konigsberg-3,285 sleepers, 220 pcs. poplar-Order"
18890525p.513_p002.txt,112,Ludgate Hill,New York,LONDON,"2,146 pcs. oak lumber-H. Herrmann 168 bdls. oak staves-Order",H. Herrmann,21,Feb,1889,25,May,1889,True,condensed,0.9,"21 Ludgate Hill (s)-New York-2,146 pcs. oak lumber-H. Herrmann ; 168 bdls. oak staves-Order"
18890525p.513_p002.txt,113,Bjorn,Gothenburg,LONDON,"1,575 deals-Farquharson Bros. & Co. 18,763 boards-With, Webster, & Co. ; 818 battens-Berner & Nielsen ; 2,000 bdls. laths-Simson & Mason ; 165,929 staves, 15 fms. firewood, 848 doz. boards-Order",Farquharson Bros. & Co.,22,Feb,1889,25,May,1889,True,condensed,0.9,"22 Bjorn (s)-Gothenburg-1,575 deals-Farquharson Bros. & Co. ; 18,763 boards-With, Webster, & Co. ; 818 battens-Berner & Nielsen ; 2,000 bdls. laths-Simson & Mason ; 165,929 staves, 15 fms. firewood, 848 doz. boards-Order"
18890525p.513_p002.txt,116,Missouri,Baltimore,TILBURY DOCKS,"3,115 staves-Hattley Hay 839 pcs. poplar, 35 logs elm ; 10 logs oak-G. Saun- oak-W. Mallinson ; 3,150 bdls., 215 pcs. lumber, 2,332 more-33 logs-Churchill & Hattley Hay ; 124 pcs. & Mason ; 10,845 pcs. 1 logs-Order",Hattley Hay,22,Feb,1889,25,May,1889,True,condensed,1.0,"Missouri (s)-Baltimore-3,115 staves-Hattley Hay ; 839 pcs. poplar, 35 logs elm ; 10 logs oak-G. Saun- oak-W. Mallinson ; 3,150 bdls., 215 pcs. lumber, 2,332 more-33 logs-Churchill & Hattley Hay ; 124 pcs. & Mason ; 10,845 pcs. 1 logs-Order"
18890525p.513_p002.txt,116,G. Saun,,TILBURY DOCKS,"oak W. Mallinson ; 3,150 bdls., 215 pcs. lumber, 2,332 more 124 pcs. & Mason ; 10,845 pcs. 1 logs-Order",,22,Feb,1889,25,May,1889,False,condensed,1.0,"G. Saun- oak-W. Mallinson ; 3,150 bdls., 215 pcs. lumber, 2,332 more-33 logs-Churchill & Hattley Hay ; 124 pcs. & Mason ; 10,845 pcs. 1 logs-Order"
18890525p.513_p002.txt,119,Marke To,Namsos,TILBURY DOCKS,"275,000 staves, 150 fms. firewood-Brown & Co.",Brown & Co.,22,Feb,1889,25,May,1889,False,condensed,1.0,"Marke To-Namsos-275,000 staves, 150 fms. firewood-Brown & Co."
18890525p.513_p002.txt,122,Damara,St. John,LONDON (TILBURY DOCKS),"7,961 spruce deals, 4 spruce deals, 7,503 birch planks, 1,164 birch ends, 472 deal ends",,22,Feb,1889,25,May,1889,True,condensed,0.9,"Damara (s)-St. John-7,961 spruce deals, 4 spruce deals, 7,503 birch planks, 1,164 birch ends, 472 deal ends-Order"
18890525p.513_p002.txt,125,De Ruyter,Harlingen,LONDON (TILBURY DOCKS),"9,001 sleepers",,22,Feb,1889,25,May,1889,True,condensed,0.9,"De Ruyter (s)-Harlingen-9,001 sleepers-Order"
18890525p.513_p002.txt,128,Jadar,Namsos,LONDON (TILBURY DOCKS),"5,006 wood firewood-Duus, Brown, & Co.","Duus, Brown, & Co.",22,Feb,1889,25,May,1889,False,condensed,0.9,"Jadar-Namsos-5,006 wood firewood-Duus, Brown, & Co."
18890525p.513_p002.txt,132,Postulant,Brevig,LONDON (TILBURY DOCKS),"1,183 pcs. hewn fir, 1,183 fir spars-R. Trotter",R. Trotter,22,Feb,1889,25,May,1889,False,condensed,0.9,"Postulant-Brevig-1,183 pcs. hewn fir, 1,183 fir spars-R. Trotter"
18890525p.513_p002.txt,133,Nara,Windau,LONDON (TILBURY DOCKS),"9,432 pit props",,22,Feb,1889,25,May,1889,False,condensed,0.9,"Nara-Windau-9,432 pit props-Order"
18890525p.513_p002.txt,134,Andrew Longmore,Danzig,LONDON (TILBURY DOCKS),"1,500 oak chocks, 17,043 beech chocks",,17,Feb,1889,25,May,1889,False,condensed,0.9,"17 Andrew Longmore-Danzig-1,500 oak chocks, 17,043 beech chocks-Order"
18890525p.513_p002.txt,135,Wustrow,Stettin,LONDON (TILBURY DOCKS),"396 pcs. hewn fir, 396 crooks-Short Bros.",Short Bros.,18,Feb,1889,25,May,1889,False,condensed,0.9,"18 Wustrow-Stettin-396 pcs. hewn fir, 396 crooks-Short Bros."
18890525p.513_p002.txt,136,Victoria,Danzig,LONDON (TILBURY DOCKS),"23,850 pit chocks",,18,Feb,1889,25,May,1889,False,condensed,0.9,"Victoria-Danzig-23,850 pit chocks-Order"
18890525p.513_p002.txt,137,Phoenix,Porsgrund,LONDON (TILBURY DOCKS),"1,189 pcs. square timber, 716 pit props-Rayner & Co.",Rayner & Co.,18,Feb,1889,25,May,1889,False,condensed,0.9,"Phoenix-Porsgrund-1,189 pcs. square timber, 716 pit props-Rayner & Co."
18890525p.513_p002.txt,138,Chevy Chase,Carlskrona,LONDON (TILBURY DOCKS),"13,000 pit props-Mitshel, Pedersen & Co.","Mitshel, Pedersen & Co.",18,Feb,1889,25,May,1889,True,condensed,0.9,"Chevy Chase (s)-Carlskrona-13,000 pit props-Mitshel, Pedersen & Co."
18890525p.513_p002.txt,139,Immanuel,Langsund,LONDON (TILBURY DOCKS),2417 pcs. timber-Rayner & Moller,Rayner & Moller,20,Feb,1889,25,May,1889,False,condensed,0.9,20 Immanuel-Langsund-2417 pcs. timber-Rayner & Moller
18890525p.513_p002.txt,140,Fortuna,Tonsberg,LONDON (TILBURY DOCKS),"20,152 props",,20,Feb,1889,25,May,1889,False,condensed,0.9,"Fortuna-Tonsberg-20,152 props-Order"
18890525p.513_p002.txt,141,Lady Ann,Gothenburg,LONDON (TILBURY DOCKS),"12,000 props, 30,172 fir splits-T. J. Reay",T. J. Reay,20,Feb,1889,25,May,1889,True,condensed,0.9,"Lady Ann (s)-Gothenburg-12,000 props, 30,172 fir splits-T. J. Reay"
18890525p.513_p002.txt,144,Bouganville,Auray,LONDON (TILBURY DOCKS),"80 lds. pitwood-North's Navigation Col., Lim.","North's Navigation Col., Lim.",20,Feb,1889,25,May,1889,False,condensed,0.9,"Bouganville-Auray-80 lds. pitwood-North's Navigation Col., Lim."
18890525p.513_p002.txt,145,Guayaquil,Bordeaux,LONDON (TILBURY DOCKS),412 lds. pitwood-Burgess & Co.,Burgess & Co.,20,Feb,1889,25,May,1889,False,condensed,0.9,Guayaquil-Bordeaux - 412 lds. pitwood-Burgess & Co.
18890525p.513_p002.txt,146,Vikingen,Fredrikstad,LONDON (TILBURY DOCKS),"34,400 planed boards, 452 battens, 34 spars",,15,Feb,1889,25,May,1889,False,condensed,0.9,"15 Vikingen-Fredrikstad - 34,400 planed boards, 452 battens, 34 spars-Order"
18890525p.513_p002.txt,147,Jeune France,St. Estephe,LONDON (TILBURY DOCKS),90 lds. pitwood-L. G. Mouchel,L. G. Mouchel,15,Feb,1889,25,May,1889,False,condensed,0.9,Jeune France-St. Estephe-90 lds. pitwood-L. G. Mouchel
18890525p.513_p002.txt,148,Nonission,Loient,LONDON (TILBURY DOCKS),150 lds. pitwood-David,David,15,Feb,1889,25,May,1889,False,condensed,0.9,Nonission-Loient-150 lds. pitwood-David
18890525p.513_p002.txt,149,Rene Seraphine,Pauillac,LONDON (TILBURY DOCKS),70 lds. pitwood-W. Perch & Co.,W. Perch & Co.,20,Feb,1889,25,May,1889,False,condensed,0.9,20 Rene Seraphine-Pauillac-70 lds. pitwood-W. Perch & Co.
18890525p.513_p002.txt,150,Leontine Amelie,Arcachon,LONDON (TILBURY DOCKS),230 lds. pitwood-Simkin Bros.,Simkin Bros.,20,Feb,1889,25,May,1889,False,condensed,0.9,Leontine Amelie-Arcachon-230 lds. pitwood-Simkin Bros.
18890525p.513_p002.txt,153,Familliens Haab,Christiania,TRURO,"2,100 pcs. sawn fir-R. Michell & Son",R. Michell & Son,20,Feb,1889,25,May,1889,False,condensed,1.0,"Familliens Haab-Christiania-2,100 pcs. sawn fir-R. Michell & Son"
18890525p.513_p002.txt,156,Folke,Stettin,TRURO,857 pcs. hewn fir-J. W. Jackson,J. W. Jackson,20,Feb,1889,25,May,1889,False,condensed,1.0,Folke-Stettin-857 pcs. hewn fir-J. W. Jackson
18890525p.513_p002.txt,157,Skjoldmen,Drammen,TRURO,"41,132 pcs. sawn fir-J. & W. Jackson",J. & W. Jackson,20,Feb,1889,25,May,1889,False,condensed,0.9,"20 Skjoldmen-Drammen-41,132 pcs. sawn fir-J. & W. Jackson"
18890525p.513_p002.txt,158,Titania,Krageroe,TRURO,"6,022 hewn fir-J. & W. Jackson",J. & W. Jackson,20,Feb,1889,25,May,1889,False,condensed,0.9,"Titania-Krageroe-6,022 hewn fir-J. & W. Jackson"
18890525p.513_p002.txt,161,Metz,Ahus,TYNE,"22,357 pit props",,20,Feb,1889,25,May,1889,False,condensed,1.0,"Metz-Ahus-22,357 pit props-Order"
18890525p.513_p002.txt,162,Munin,Gothenburg,TYNE,"20 lds. pit props, 110 lds. birch props",,14,Feb,1889,25,May,1889,True,condensed,1.0,"14 Munin (s)-Gothenburg-20 lds. pit props, 110 lds. birch props-Order"
18890525p.513_p002.txt,163,Prospero,Christiania,TYNE,"15 lds. fir props, 25 lds. crowntrees, 25 lds. spars, 41 boards,108 lds. props from Gothenburg-70 lds.planed boards-James Scott",,15,Feb,1889,25,May,1889,True,condensed,1.0,"15 Prospero (s)-Christiania-15 lds. fir props, 25 lds. crowntrees, 25 lds. spars, 41 boards,108 lds. props-Order ; from Gothenburg-70 lds.planed boards-James Scott"
18890525p.513_p002.txt,164,Annie Largie,Warberg,TYNE,"38,930 props-Osbeck & Co.",Osbeck & Co.,16,Feb,1889,25,May,1889,False,condensed,1.0,"16 Annie Largie-Warberg-38,930 props-Osbeck & Co."
18890525p.513_p002.txt,165,Fergus,Arendal,TYNE,"5,854 props, 39 pcs. timber",,16,Feb,1889,25,May,1889,False,condensed,0.9,"Fergus-Arendal-5,854 props, 39 pcs. timber-Order"
18890525p.513_p002.txt,166,Diana,Danzig,TYNE,"1,127 pcs. timber",,16,Feb,1889,25,May,1889,False,condensed,0.9,"Diana-Danzig-1,127 pcs. timber-Order"
18890525p.513_p002.txt,167,Gustav,Memel,TYNE,"4,842 redwood deals",,16,Feb,1889,25,May,1889,False,condensed,0.9,"Gustav-Memel-4,842 redwood deals-Order"
18890525p.513_p002.txt,168,Familien,Drontheim,TYNE,"9,998 deals and battens, 7 fms. firewood",,20,Feb,1889,25,May,1889,False,condensed,0.9,"20 Familien-Drontheim-9,998 deals and battens, 7 fms. firewood-Order"
18890525p.513_p002.txt,169,Warkworth,Rotterdam,TYNE,200 bdls. hoops,,20,Feb,1889,25,May,1889,True,condensed,0.9,Warkworth (s)-Rotterdam-200 bdls. hoops-Order
18890525p.513_p002.txt,170,Orritz,Gothenburg,TYNE,"1,834 battens, 3,250 pcs. mining timber",,20,Feb,1889,25,May,1889,True,condensed,0.9,"Orritz (s)-Gothenburg-1,834 battens, 3,250 pcs. mining timber-Order"
18890525p.513_p002.txt,171,Immacolato,Pensacola,TYNE,"1,024 pcs. pitch pine-A. Hood & Co.",A. Hood & Co.,20,Feb,1889,25,May,1889,False,condensed,0.9,"Immacolato-Pensacola-1,024 pcs. pitch pine-A. Hood & Co."
18890525p.513_p002.txt,172,Odin,Laurvig,TYNE,83 lds. planed boards-James Scott 8 lds. firewood-Order,James Scott,20,Feb,1889,25,May,1889,True,condensed,0.9,Odin (s)-Laurvig-83 lds. planed boards-James Scott ; 8 lds. firewood-Order
18890525p.513_p002.txt,173,Viking,Gothenburg,TYNE,"250 lds. pit props, 10 lds. deals and battens, 40 lds. sleepers, 10 lds. splits, 10 lds. crowntrees",,20,Feb,1889,25,May,1889,True,condensed,0.9,"Viking (s)-Gothenburg-250 lds. pit props, 10 lds. deals and battens, 40 lds. sleepers, 10 lds. splits, 10 lds. crowntrees-Order"
18890525p.513_p002.txt,176,Fritz,Danzig,TYNE,"811 pcs. sawn fir, 2,611 fir sleepers-English Brothers",English Brothers,20,Feb,1889,25,May,1889,False,condensed,0.9,"Fritz-Danzig-811 pcs. sawn fir, 2,611 fir sleepers-English Brothers"
18890525p.513_p002.txt,179,Clara,Carlskrona,TYNE,"8,483 deals, battens and boards-A. & W. Cushion",A. & W. Cushion,20,Feb,1889,25,May,1889,False,condensed,0.9,"Clara-Carlskrona-8,483 deals, battens and boards-A. & W. Cushion"
18890525p.513_p002.txt,180,Axel,Mandal,TYNE,"555,450 staves-Brown",Brown,18,Feb,1889,25,May,1889,False,condensed,0.9,"18 Axel-Mandal-555,450 staves-Brown"
18890525p.513_p002.txt,184,Fair Head,Pernau,TYNE,141 lds. hewn fir-G. Heyn & Sons,G. Heyn & Sons,18,Feb,1889,25,May,1889,False,condensed,0.9,Fair Head-Pernau-141 lds. hewn fir-G. Heyn & Sons
18890525p.513_p002.txt,185,Lord O'Neill,Baltimore,TYNE,"15 lds. hewn fir, 1 ld. walnut-Thomas Dixon & Sons",Thomas Dixon & Sons,18,Feb,1889,25,May,1889,True,condensed,0.9,"Lord O'Neill (s)-Baltimore-15 lds. hewn fir, 1 ld. walnut-Thomas Dixon & Sons"
18890525p.513_p002.txt,186,Ellida,Laurvig,TYNE,"59,195 boards, 3,797 deals, 216 pcs. hewn fir-J. D. Corry & Co.",J. D. Corry & Co.,18,Feb,1889,25,May,1889,False,condensed,0.9,"Ellida-Laurvig-59,195 boards, 3,797 deals, 216 pcs. hewn fir-J. D. Corry & Co."
18890525p.513_p002.txt,187,Margaret Mitchell,"St. John, N.B.",TYNE,"19,195 pcs. sawn fir-H. Hutton & Co.",H. Hutton & Co.,18,Feb,1889,25,May,1889,False,condensed,0.9,"Margaret Mitchell-St. John, N.B.-19,195 pcs. sawn fir-H. Hutton & Co."
18890525p.513_p002.txt,188,Amelius,Stettin,TYNE,338 pcs. hewn fir-T. Dixon,T. Dixon,18,Feb,1889,25,May,1889,False,condensed,0.9,Amelius-Stettin-338 pcs. hewn fir-T. Dixon
18890525p.513_p002.txt,189,City of Amsterdam,Rotterdam,TYNE,500 bdls. hoops-J. C. Pinkerton,J. C. Pinkerton,15,Feb,1889,25,May,1889,False,condensed,0.9,15 City of Amsterdam-Rotterdam-500 bdls. hoops-J. C. Pinkerton
18890525p.513_p002.txt,190,Memel,Memel,TYNE,"1,401 pcs. hewn fir, 1,069 pcs. firwood split-John Browne & Co.",John Browne & Co.,16,Feb,1889,25,May,1889,False,condensed,0.9,"16 Memel-Memel-1,401 pcs. hewn fir, 1,069 pcs. firwood split-John Browne & Co."
18890525p.513_p002.txt,191,Emma and Johanna,Memel,TYNE,"31 lds. lathwood, 886 pcs. hewn fir, 396 deals-Robb",Robb,16,Feb,1889,25,May,1889,False,condensed,0.9,"Emma and Johanna-Memel-31 lds. lathwood, 886 pcs. hewn fir, 396 deals-Robb"
18890525p.513_p002.txt,194,R. Leyens,Riga,TYNE,"10,966 pcs. hewn fir-Burt, Boulton, & Haywood","Burt, Boulton, & Haywood",16,Feb,1889,25,May,1889,False,condensed,0.9,"R. Leyens-Riga-10,966 pcs. hewn fir-Burt, Boulton, & Haywood"
18890525p.513_p002.txt,197,Echo,"St. John, N.B.",SLIGO,"12,815 pcs. sawn fir-O'Connor & Cullen",O'Connor & Cullen,16,Feb,1889,25,May,1889,False,condensed,1.0,"Echo-St. John, N.B.-12,815 pcs. sawn fir-O'Connor & Cullen"
18890601p.4_p001.txt,21,Telegraphic,Address,GREENOCK,"""BEATTIE,"" LEITH.",,16,Feb,1889,1,June,1889,False,condensed,0.9,"Telegraphic Address—""BEATTIE,"" LEITH."
18890601p.4_p001.txt,26,Telegraphic,Address,GREENOCK,"""HARDIE, LEITH.""",,16,Feb,1889,1,June,1889,False,condensed,0.9,"Telegraphic Address—""HARDIE, LEITH."""
18890601p.4_p001.txt,36,Telegraphic,Address,GREENOCK,"""SUMMERS,"" LEITH.",,16,Feb,1889,1,June,1889,False,condensed,0.9,"Telegraphic Address—""SUMMERS,"" LEITH."
18890601p.4_p001.txt,45,Timber Merchants and,Saw,DUNDEE,"millers, Wood Turners, Fret Cutters, Carvers, and Veneer Merchants",,16,Feb,1889,1,June,1889,False,condensed,0.9,"Timber Merchants and Saw-millers, Wood Turners, Fret Cutters, Carvers, and Veneer Merchants,"
18890601p.4_p001.txt,76,Dealers,,MONTROSE,"in Mahogany, Lignum Vitæ, Walnuts, Oak, Wainscots, Whitewood, Birch, Cedar, Ash, &c., and Veneers.",,16,Feb,1889,1,June,1889,False,condensed,0.9,"Dealers in—Mahogany, Lignum Vitæ, Walnuts, Oak, Wainscots, Whitewood, Birch, Cedar, Ash, &c., and Veneers."
18890601p.4_p001.txt,96,Henriette,Oscarshamn,PENICUIK,"6,172 pcs. pit-wood—Cowdenbeath Coal Co.",wood—Cowdenbeath Coal Co.,16,Feb,1889,1,June,1889,False,condensed,0.9,"Henriette—Oscarshamn-6,172 pcs. pit-wood—Cowdenbeath Coal Co."
18890601p.4_p001.txt,97,Robert,Oscarshamn,PENICUIK,"7,148 pcs. pitwood-T. Spowart & Co.",T. Spowart & Co.,16,Feb,1889,1,June,1889,False,condensed,0.9,"Robert—Oscarshamn-7,148 pcs. pitwood—T. Spowart & Co."
18890601p.4_p001.txt,98,Michael,Riga,PENICUIK,"7,881 deals-Jas. Stirling",Jas. Stirling,27,Feb,1889,1,June,1889,False,condensed,0.9,"27 Michael—Riga-7,881 deals—Jas. Stirling"
18890601p.4_p001.txt,99,Znaantje Cornelia,Mandal,PENICUIK,"4,445 props-T. Spowart & Co.",T. Spowart & Co.,27,Feb,1889,1,June,1889,False,condensed,0.9,"Znaantje Cornelia—Mandal-4,445 props—T. Spowart & Co."
18890601p.4_p001.txt,100,Trigga,Memel,PENICUIK,"59,200 hewn oak staves-Geo. Pearson & Co.",Geo. Pearson & Co.,27,Feb,1889,1,June,1889,False,condensed,0.9,"Trigga—Memel-59,200 hewn oak staves—Geo. Pearson & Co."
18890601p.4_p001.txt,102,Bellarina,Windau,PENICUIK,"17,250 sleeper blocks, 1,710 sleepers-Wm. Christie & Co.",Wm. Christie & Co.,27,Feb,1889,1,June,1889,True,condensed,0.9,"Bellarina (s)—Windau-17,250 sleeper blocks, 1,710 sleepers—Wm. Christie & Co."
18890601p.4_p001.txt,104,Robert,Laurvig,BORROWSTOUNNESS,"19,594 pit props-Dymock, Smith, & Co.","Dymock, Smith, & Co.",27,Feb,1889,1,June,1889,False,condensed,1.0,"Robert—Laurvig-19,594 pit props—Dymock, Smith, & Co."
18890601p.4_p001.txt,105,Immanuel,Holmestrand,BORROWSTOUNNESS,"20,900 pit props-J. Denholm & Co.",J. Denholm & Co.,27,Feb,1889,1,June,1889,False,condensed,1.0,"Immanuel—Holmestrand-20,900 pit props—J. Denholm & Co."
18890601p.4_p001.txt,106,Mertine,Sandefjord,BORROWSTOUNNESS,"12,480 pit props-J. Denholm & Co.",J. Denholm & Co.,27,Feb,1889,1,June,1889,False,condensed,1.0,"27 Mertine—Sandefjord-12,480 pit props—J. Denholm & Co."
18890601p.4_p001.txt,107,Framatyr,Drontheim,BORROWSTOUNNESS,"22,000 pit props-J. Denholm & Co.",J. Denholm & Co.,27,Feb,1889,1,June,1889,False,condensed,1.0,"Framatyr—Drontheim-22,000 pit props—J. Denholm & Co."
18890601p.4_p001.txt,108,Marie,Drammen,BORROWSTOUNNESS,"24,380 pit props-Donald.",Donald.,27,Feb,1889,1,June,1889,False,condensed,0.9,"Marie—Drammen-24,380 pit props—Donald."
18890601p.4_p001.txt,110,Borro,Drammen,BORROWSTOUNNESS,"24,458 pit props-J. Denholm & Co.",J. Denholm & Co.,27,Feb,1889,1,June,1889,False,condensed,0.9,"Borro — Drammen—24,458 pit props — J. Denholm & Co."
18890601p.4_p001.txt,112,August and Edward,Danzig,DUNDEE,671 pcs. hewn fir-John Jessiman,John Jessiman,27,Feb,1889,1,June,1889,False,condensed,0.9,August and Edward—Danzig-671 pcs. hewn fir—John Jessiman
18890601p.4_p001.txt,113,Loch Garry,Rafso,DUNDEE,"30,339 pcs. sawn fir A. Leitch & Co.",,27,Feb,1889,1,June,1889,False,condensed,0.9,"23 Loch Garry—Rafso-30,339 pcs. sawn fir A. Leitch & Co."
18890601p.4_p001.txt,114,Ardle,Riga,DUNDEE,"4,478 deals, 2,229 pcs. fir lathwood-John Jessiman",John Jessiman,27,Feb,1889,1,June,1889,True,condensed,0.9,"Ardle (s)—Riga-4,478 deals, 2,229 pcs. fir lathwood—John Jessiman"
18890601p.4_p001.txt,116,Concordia,Montreal,DUNDEE,"5,670 deals-Allison, Cousland, & Co.","Allison, Cousland, & Co.",27,Feb,1889,1,June,1889,False,condensed,0.9,"Concordia—Montreal-5,670 deals—Allison, Cousland, & Co."
18890601p.4_p001.txt,117,Ulrika,Minatitlan,DUNDEE,260 logs cedar and mahogany-William Jarvie,William Jarvie,27,Feb,1889,1,June,1889,False,condensed,0.9,Ulrika—Minatitlan-260 logs cedar and mahogany—William Jarvie
18890601p.4_p001.txt,118,Manitoban,Philadelphia,DUNDEE,"3,600 staves-Edmiston & Mitchell",Edmiston & Mitchell,27,Feb,1889,1,June,1889,False,condensed,0.9,"Manitoban—Philadelphia-3,600 staves—Edmiston & Mitchell"
18890601p.4_p001.txt,119,Siberian,Boston,DUNDEE,"105 bdls., 7 cs., 6 crates woodware-R. Wylie, Hill, & Co. 3,552 staves—Wright & Breakenridge; 96 pcs. timber Hunter, Sheriff, & Co.","R. Wylie, Hill, & Co.",22,Feb,1889,1,June,1889,False,condensed,0.9,"22 Siberian—Boston-105 bdls., 7 cs., 6 crates woodware—R. Wylie, Hill, & Co.; 3,552 staves—Wright & Breakenridge; 96 pcs. timber Hunter, Sheriff, & Co."
18890601p.4_p001.txt,120,Ciroas'a,New York,DUNDEE,"20 bgs., 38 cs. turned bobbins",,22,Feb,1889,1,June,1889,False,condensed,0.9,"Ciroas'a—New York-20 bgs., 38 cs. turned bobbins—Order"
18890601p.4_p001.txt,121,Nestorian,Quebec and Montreal,DUNDEE,"12,450 deals-Singleton, Dunn, & Co.","Singleton, Dunn, & Co.",22,Feb,1889,1,June,1889,False,condensed,0.9,"Nestorian—Quebec and Montreal-12,450 deals—Singleton, Dunn, & Co."
18890601p.4_p001.txt,123,Lord Lansdowne,Baltimore,DUNDEE,"1,000 hhd. staves, 2,400 hhd. staves-Allison, Cousland, & Co. 520 pkgs. wood—Singer Manufacturing Co. ; 2 cars maple scantling—Carswell & Co. ; 262 oars—Order","Allison, Cousland, & Co.",24,Feb,1889,1,June,1889,False,condensed,0.9,"24 Lord Lansdowne—Baltimore-1,000 hhd. staves, 2,400 hhd. staves—Allison, Cousland, & Co.; 520 pkgs. wood—Singer Manufacturing Co. ; 2 cars maple scantling—Carswell & Co. ; 262 oars—Order"
18890601p.4_p001.txt,123,pkgs.,,DUNDEE,wood Singer Manufacturing Co. ; 2 cars maple scantling-Carswell & Co. 262 oars—Order,Carswell & Co.,24,Feb,1889,1,June,1889,False,condensed,0.9,520 pkgs. wood—Singer Manufacturing Co. ; 2 cars maple scantling—Carswell & Co. ; 262 oars—Order
18890601p.4_p001.txt,124,Albany,New York,DUNDEE,"1,243 pcs. walnut lumber, 12 poplar logs, 25 pcs. oak lumber-James Kennedy & Co. 13 poplar logs, 332 pcs. walnut lumber, 200 logs, 520 pcs. walnut lumber—Order",James Kennedy & Co.,25,Feb,1889,1,June,1889,False,condensed,0.9,"25 Albany—New York-1,243 pcs. walnut lumber, 12 poplar logs, 25 pcs. oak lumber—James Kennedy & Co. ; 13 poplar logs, 332 pcs. walnut lumber, 200 logs, 520 pcs. walnut lumber—Order"
18890601p.4_p001.txt,125,State of Indiana,New York,DUNDEE,"1,343 pcs. oak lumber, 2,400 hhd. staves, 2,400 hhd. staves, 2,400 hhd. staves-Wright & Co. 2 cars maple scantling—Carswell & Co. ; 262 oars—Order",Wright & Co.,27,Feb,1889,1,June,1889,False,condensed,0.9,"27 State of Indiana—New York-1,343 pcs. oak lumber, 2,400 hhd. staves, 2,400 hhd. staves, 2,400 hhd. staves—Wright & Co. ; 2 cars maple scantling—Carswell & Co. ; 262 oars—Order"
18890601p.4_p001.txt,125,cars maple,,DUNDEE,scantling Carswell & Co. ; 262 oars,,27,Feb,1889,1,June,1889,False,condensed,0.9,2 cars maple scantling—Carswell & Co. ; 262 oars—Order
18890601p.4_p001.txt,127,Nicolette,Pensacola,GREENOCK,"925 pcs. pitch pine timber, 475 pcs. sawn pitch pine deals-Robinson, Dunn, & Co.","Robinson, Dunn, & Co.",27,Feb,1889,1,June,1889,False,condensed,0.9,"Nicolette—Pensacola-925 pcs. pitch pine timber, 475 pcs. sawn pitch pine deals—Robinson, Dunn, & Co."
18890601p.4_p001.txt,129,C. E. Spooner,Stettin,GREENOCK,"2,539 pcs. fir timber",,27,Feb,1889,1,June,1889,False,condensed,0.9,"C. E. Spooner—Stettin-2,539 pcs. fir timber—Order"
18890601p.4_p001.txt,146,Telegraphic,Address,DUNLOP & CO,"""PATON,"" AYR.",,27,Feb,1889,1,June,1889,False,condensed,1.0,"Telegraphic Address— ""PATON,"" AYR."
18890601p.4_p001.txt,150,Telegram,Addresses,DUNLOP & CO,"DONALDSON, TAYPORT.",,27,Feb,1889,1,June,1889,False,condensed,0.9,"Telegram Addresses— DONALDSON, TAYPORT."
18890601p.4_p001.txt,164,Telegraphic,Address,DUNDEE,"""DONALDSON, DUNDEE."" Same as above.",,27,Feb,1889,1,June,1889,False,condensed,0.9,"Telegraphic Address—""DONALDSON, DUNDEE."" Same as above."
18890601p.4_p001.txt,170,Telegraphic,Address,DUNDEE,"""MITCHELL, LEITH.""",,27,Feb,1889,1,June,1889,False,condensed,0.9,"Telegraphic Address—""MITCHELL, LEITH."""
18890601p.537_p001.txt,21,Lynes Brothers offered to supply similar timber at,,DUNDEE,"once “new yellow deal ends, in ordinary firewood lengths” Mr. G. Jewett wrote that he could deliver at once the 300 fathoms at £5 4s. 9d.; and Messrs. Hill & Record said they could execute the same order at £5 9s. 9d. On the motion of Mr. Miller, seconded by Mr. Leonard Marshall, the tender of Mr. Jewett was accepted.",,24,Feb,1889,1,June,1889,False,condensed,0.9,"Messrs. Lynes Brothers offered to supply similar timber at once—“new yellow deal ends, in ordinary firewood lengths”—at £6 per fathom; Mr. G. Jewett wrote that he could deliver at once the 300 fathoms at £5 4s. 9d.; and Messrs. Hill & Record said they could execute the same order at £5 9s. 9d. On the motion of Mr. Miller, seconded by Mr. Leonard Marshall, the tender of Mr. Jewett was accepted."
18890601p.537_p001.txt,32,Telephone poles will be open be charged similarly. I shall be pleased to give you any further information you may,,DUNDEE,"require. Yours truly, Thos. Jackson, Superintendent and General Manager.",,24,Feb,1889,1,June,1889,False,condensed,0.9,"Telephone poles will be open be charged similarly. I shall be pleased to give you any further information you may require.—Yours truly, Thos. Jackson, Superintendent and General Manager."
18890601p.537_p001.txt,52,Larch,Riga,DUNDEE,"3,000 fir sleepers, 4,000 sleeper blocks, 43,419 boards and ends-Price, Potter, & Co. 7,436 pcs. lathwood-F. J. Crossfield","Price, Potter, & Co.",24,Feb,1889,1,June,1889,True,condensed,0.9,"Larch (s)-Riga-3,000 fir sleepers, 4,000 sleeper blocks, 43,419 boards and ends-Price, Potter, & Co. ; 7,436 pcs. lathwood-F. J. Crossfield"
18890601p.537_p001.txt,53,Hortensia,Pensacola,DUNDEE,"1,421 pcs. pitch pine, 357 deals-Price, Potter, & Co.","Price, Potter, & Co.",27,Feb,1889,1,June,1889,False,condensed,0.9,"27 Hortensia-Pensacola-1,421 pcs. pitch pine, 357 deals-Price, Potter, & Co."
18890601p.537_p001.txt,55,Alfer,Arendal,BOSTON,110 lds. mining timber and props-A. Beeby & Son,A. Beeby & Son,27,Feb,1889,1,June,1889,False,condensed,1.0,Alfer-Arendal-110 lds. mining timber and props-A. Beeby & Son
18890601p.537_p001.txt,56,Ribnitz,Riga,BOSTON,957 lds. hewn fir-Bruce,Bruce,22,Feb,1889,1,June,1889,True,condensed,1.0,22 Ribnitz (s)-Riga-957 lds. hewn fir-Bruce
18890601p.537_p001.txt,57,Ribnitz,Danzig,BOSTON,379 lds. fir sleepers-Gabriel,Gabriel,23,Feb,1889,1,June,1889,False,condensed,1.0,23 Ribnitz-Danzig-379 lds. fir sleepers-Gabriel
18890601p.537_p001.txt,59,Vernon,Riga,BRISTOL,"20,024 white deals, 1,570 white deal ends-King Bros.",King Bros.,23,Feb,1889,1,June,1889,True,condensed,0.9,"Vernon (s)-Riga-20,024 white deals, 1,570 white deal ends-King Bros."
18890601p.537_p001.txt,61,Minister Acherebach,Danzig,BRISTOL,"6,746 pcs. sawn fir-Alexanders & Co.",Alexanders & Co.,23,Feb,1889,1,June,1889,False,condensed,0.9,"Minister Acherebach - Danzig-6,746 pcs. sawn fir-Alexanders & Co."
18890601p.537_p001.txt,62,Marie Madre,Pensacola,BRISTOL,"840 pcs. sawn fir, 481 deals-Alexanders & Co.",Alexanders & Co.,23,Feb,1889,1,June,1889,False,condensed,0.9,"23 Marie Madre-Pensacola-840 pcs. sawn fir, 481 deals-Alexanders & Co."
18890601p.537_p001.txt,63,Nora,Pascagoula,BRISTOL,"1,345 pcs. sawn fir, 228 deals-Alexanders & Co.",Alexanders & Co.,27,Feb,1889,1,June,1889,False,condensed,0.9,"27 Nora-Pascagoula-1,345 pcs. sawn fir, 228 deals-Alexanders & Co."
18890601p.537_p001.txt,64,Raoul et,Madeleine,BRISTOL,Villagarcia 305 lds. pit-wood-A. H. Tapson & Co.,wood-A. H. Tapson & Co.,27,Feb,1889,1,June,1889,False,condensed,0.9,Raoul et Madeleine-Villagarcia 305 lds. pit-wood-A. H. Tapson & Co.
18890601p.537_p001.txt,65,Gironde,Bordeaux,BRISTOL,"850 lds. pitwood-Watts, Ward, & Co.","Watts, Ward, & Co.",27,Feb,1889,1,June,1889,True,condensed,0.9,"Gironde (s)-Bordeaux-850 lds. pitwood-Watts, Ward, & Co."
18890601p.537_p001.txt,66,Bolivar,Bordeaux,BRISTOL,800 lds. pitwood-Simkin,Simkin,27,Feb,1889,1,June,1889,False,condensed,0.9,Bolivar-Bordeaux-800 lds. pitwood-Simkin
18890601p.537_p001.txt,67,Fredness,Corunra,BRISTOL,370 lds. pitwood,,27,Feb,1889,1,June,1889,False,condensed,0.9,Fredness-Corunra-370 lds. pitwood-Order
18890601p.537_p001.txt,68,MISSING_FROM_OCR,Porsgrund,BRISTOL,"5,157 pcs. mining tim",,27,Feb,1889,1,June,1889,False,condensed,0.9,"Porsgrund-5,157 pcs. mining tim-Degregorio A.-Pensacola-2,214 pcs. sawn fir-John Bland & Co."
18890601p.537_p001.txt,69,Valin,Bayonne,BRISTOL,840 lds. pitwood-Capelle,Capelle,27,Feb,1889,1,June,1889,True,condensed,0.9,Valin (s)-Bayonne-840 lds. pitwood-Capelle
18890601p.537_p001.txt,71,Gemma,Fredrikstad,BRISTOL,"17,706 planed fir boards, 24,210 slating battens-Jones",Jones,27,Feb,1889,1,June,1889,False,condensed,0.9,"Gemma-Fredrikstad-17,706 planed fir boards, 24,210 slating battens-Jones"
18890601p.537_p001.txt,74,Concordia,Drammen,DOVER,"513 fir poles, 30,435 pcs. sawn fir-W. Crundall & Co.",W. Crundall & Co.,27,Feb,1889,1,June,1889,False,condensed,1.0,"Concordia-Drammen-513 fir poles, 30,435 pcs. sawn fir-W. Crundall & Co."
18890601p.537_p001.txt,76,Campbell,Pensacola,FLEETWOOD,"21 pcs. sawn fir, 1 pc. hewn fir, 40 deal ends-H. Simonsen",H. Simonsen,27,Feb,1889,1,June,1889,False,condensed,1.0,"Campbell-Pensacola-21 pcs. sawn fir, 1 pc. hewn fir, 40 deal ends-H. Simonsen"
18890601p.537_p001.txt,78,Altona,Hallsta,FLEETWOOD,"15,294 deals-Illingworth, Ingham, & Co.","Illingworth, Ingham, & Co.",27,Feb,1889,1,June,1889,False,condensed,1.0,"Altona-Hallsta-15,294 deals-Illingworth, Ingham, & Co."
18890601p.537_p001.txt,80,John O. Scott,Riga,GRIMSBY,"97,460 deals and boards-S. Ellis",S. Ellis,27,Feb,1889,1,June,1889,False,condensed,0.9,"John O. Scott-Riga-97,460 deals and boards-S. Ellis"
18890601p.537_p001.txt,81,Platen,Ljusne,GRIMSBY,"49,942 deals, deals and batters-Wintringham & Sons",Wintringham & Sons,23,Feb,1889,1,June,1889,False,condensed,0.9,"23 Platen-Ljusne-49,942 deals, deals and batters-Wintringham & Sons"
18890601p.537_p001.txt,82,Wintringham & Sons Peter Rolt,Danzig,GRIMSBY,466 pcs. hewn fir-T. Gabriel & Sons,T. Gabriel & Sons,23,Feb,1889,1,June,1889,False,condensed,0.9,Wintringham & Sons Peter Rolt-Danzig-466 pcs. hewn fir-T. Gabriel & Sons
18890601p.537_p001.txt,84,Isle of,Riga,GRIMSBY,"58,217 deals-Chapman",Chapman,23,Feb,1889,1,June,1889,True,condensed,0.9,"Isle of (s)-Riga-58,217 deals-Chapman"
18890601p.537_p001.txt,85,Fingal,Gefle,GRIMSBY,"20,336 deals-J. Chapman",J. Chapman,23,Feb,1889,1,June,1889,True,condensed,0.9,"Fingal (s)-Gefle-20,336 deals-J. Chapman"
18890601p.537_p001.txt,86,Francisca,Danzig,GRIMSBY,470 pcs. oak-S. Ellis,S. Ellis,23,Feb,1889,1,June,1889,False,condensed,0.9,Francisca-Danzig-470 pcs. oak-S. Ellis
18890601p.537_p001.txt,88,Woodlands,Riga,GRIMSBY,"10,098 sleeper blocks, 1,000 sq. sleepers W. Christie & Co.",,23,Feb,1889,1,June,1889,False,condensed,0.9,"Woodlands-Riga-10,098 sleeper blocks, 1,000 sq. sleepers W. Christie & Co."
18890601p.537_p001.txt,89,Calypso,Skien,GRIMSBY,"598 pcs. square timber, 544 props-E. A. Casper & Co.",E. A. Casper & Co.,23,Feb,1889,1,June,1889,False,condensed,0.9,"Calypso-Skien-598 pcs. square timber, 544 props-E. A. Casper & Co."
18890601p.537_p001.txt,90,Huseland,Grimstad,GRIMSBY,60 props-Nilson,Nilson,23,Feb,1889,1,June,1889,False,condensed,0.9,Huseland-Grimstad-60 props-Nilson
18890601p.537_p001.txt,91,Elisa,Brevig,GRIMSBY,"986 pcs. square timber, 1,205 poles, 1,612 props-G. Horsley & Co.",G. Horsley & Co.,23,Feb,1889,1,June,1889,False,condensed,0.9,"Elisa-Brevig-986 pcs. square timber, 1,205 poles, 1,612 props-G. Horsley & Co."
18890601p.537_p001.txt,92,Gipsy Queen,Gothenburg,GRIMSBY,"7,978 battens and boards, 6,476 poles, 3,781 props, 3,010 posts, 4,802 bdls. laths-T. Barraclough",T. Barraclough,23,Feb,1889,1,June,1889,True,condensed,0.9,"Gipsy Queen (s)-Gothenburg-7,978 battens and boards, 6,476 poles, 3,781 props, 3,010 posts, 4,802 bdls. laths-T. Barraclough"
18890601p.537_p001.txt,93,James Malam,Riga,GRIMSBY,"27,432 deals and battens, 1,000 fir sleepers-Harrison & Singleton",Harrison & Singleton,23,Feb,1889,1,June,1889,False,condensed,0.9,"23 James Malam-Riga-27,432 deals and battens, 1,000 fir sleepers-Harrison & Singleton"
18890601p.537_p001.txt,94,Olga,Danzig,GRIMSBY,"35 pcs. oak, 855 pcs. fir timber, 447 crossing blocks-R. Wade, Sons, & Co.","R. Wade, Sons, & Co.",23,Feb,1889,1,June,1889,False,condensed,0.9,"Olga-Danzig-35 pcs. oak, 855 pcs. fir timber, 447 crossing blocks-R. Wade, Sons, & Co."
18890601p.537_p001.txt,95,Abergrange,Ljusne,GRIMSBY,"38,692 deals and boards-J. H. Epping",J. H. Epping,23,Feb,1889,1,June,1889,True,condensed,0.9,"Abergrange (s) - Ljusne - 38,692 deals and boards-J. H. Epping"
18890601p.537_p001.txt,96,Activ,Danzig,GRIMSBY,"312 pcs. hewn fir, 1,200 crossing sleepers, 112 pcs. oak-Wade",Wade,24,Feb,1889,1,June,1889,False,condensed,0.9,"24 Activ-Danzig-312 pcs. hewn fir, 1,200 crossing sleepers, 112 pcs. oak-Wade"
18890601p.537_p001.txt,97,Rimfaxe,Riga,GRIMSBY,"26,386 deals and battens-Harrison & Singleton",Harrison & Singleton,24,Feb,1889,1,June,1889,False,condensed,0.9,"Rimfaxe - Riga - 26,386 deals and battens-Harrison & Singleton"
18890601p.537_p001.txt,98,August Halm,Riga,GRIMSBY,"10,604 deals and boards-J. H. Epping",J. H. Epping,24,Feb,1889,1,June,1889,False,condensed,0.9,"August Halm-Riga-10,604 deals and boards-J. H. Epping"
18890601p.537_p001.txt,99,Ellen Marie,Gothenburg,GRIMSBY,"14,842 props, 2,374 sleepers, 5,500 bdls. laths, 3,612 bdls. boards, 580 deals and battens-T. Barraclough",T. Barraclough,24,Feb,1889,1,June,1889,False,condensed,0.9,"Ellen Marie - Gothenburg-14,842 props, 2,374 sleepers, 5,500 bdls. laths, 3,612 bdls. boards, 580 deals and battens-T. Barraclough"
18890601p.537_p001.txt,100,Oscar,Brevig,GRIMSBY,"6,806 deals, 15,133 pcs. round fir-J. H. Epping",J. H. Epping,24,Feb,1889,1,June,1889,False,condensed,0.9,"Oscar-Brevig-6,806 deals, 15,133 pcs. round fir-J. H. Epping"
18890601p.537_p001.txt,101,Merour,Memel,GRIMSBY,"23,548 staves-Pickford",Pickford,24,Feb,1889,1,June,1889,False,condensed,0.9,"Merour-Memel-23,548 staves-Pickford"
18890601p.537_p001.txt,102,Peter,Danzig,GRIMSBY,"3,811 deals-Wade",Wade,24,Feb,1889,1,June,1889,False,condensed,0.9,"Peter-Danzig-3,811 deals-Wade"
18890601p.537_p001.txt,103,Sifa,Konigsberg,GRIMSBY,"24,689 deals and boards-Wade",Wade,24,Feb,1889,1,June,1889,False,condensed,0.9,"T. Walker & Co. Sifa-Konigsberg-24,689 deals and boards-Wade"
18890601p.537_p001.txt,105,Wifstawarf,Calmar,GRIMSBY,"4,242 props-Nielsen",Nielsen,24,Feb,1889,1,June,1889,False,condensed,0.9,"Wifstawarf-Calmar-4,242 props-Nielsen"
18890601p.537_p001.txt,106,Apolda,Memel,GRIMSBY,"701 pcs. square timber, 1,871 pcs. round timber, 892 props-Casper & Co.",Casper & Co.,24,Feb,1889,1,June,1889,False,condensed,0.9,"Apolda-Memel-701 pcs. square timber, 1,871 pcs. round timber, 892 props-Casper & Co."
18890601p.537_p001.txt,107,Apalachicola,Memel,GRIMSBY,"32,820 staves-Pickford & Co.",Pickford & Co.,24,Feb,1889,1,June,1889,False,condensed,0.9,"Apalachicola-Memel-32,820 staves-Pickford & Co."
18890601p.537_p001.txt,108,August,Danzig,GRIMSBY,"119 pcs. oak, 388 pcs. fir, 217 pcs. sawn fir, 400 crossing sleepers-Wade",Wade,24,Feb,1889,1,June,1889,False,condensed,0.9,"August-Danzig-119 pcs. oak, 388 pcs. fir, 217 pcs. sawn fir, 400 crossing sleepers-Wade"
18890601p.537_p003.txt,2,Frederike and Marie,Danzig,SLIGO,466 pcs. hewn oak-Short Bros.,Short Bros.,24,Feb,1889,1,June,1889,False,condensed,0.9,Frederike and Marie-Danzig-466 pcs. hewn oak-Short Bros.
18890601p.537_p003.txt,3,Munin,Gothenburg,SLIGO,"21,050 boards, battens, &c., 10,285 props and poles-Huntley & Co.",Huntley & Co.,24,Feb,1889,1,June,1889,False,condensed,0.9,"Munin-Gothenburg-21,050 boards, battens, &c., 10,285 props and poles-Huntley & Co."
18890601p.537_p003.txt,6,Marie Emelie,Bordeaux,SLIGO,"125 lds. pitwood-Powley, Thomas, & Co.","Powley, Thomas, & Co.",24,Feb,1889,1,June,1889,False,condensed,0.9,"Marie Emelie-Bordeaux-125 lds. pitwood-Powley, Thomas, & Co."
18890601p.537_p003.txt,9,Ella,Skien,TYNE,"46,182 props",,24,Feb,1889,1,June,1889,False,condensed,1.0,"Ella-Skien-46,182 props-Order"
18890601p.537_p003.txt,10,MISSING_FROM_OCR,Rotterdam,TYNE,"6,100 bdls. hoops-Clark",Clark,24,Feb,1889,1,June,1889,False,condensed,1.0,"Rotterdam-6,100 bdls. hoops-Clark"
18890601p.537_p003.txt,11,MISSING_FROM_OCR,Memel,TYNE,"6,340 deals-Calder",Calder,24,Feb,1889,1,June,1889,False,condensed,1.0,"Memel-6,340 deals-Calder"
18890601p.537_p003.txt,12,MISSING_FROM_OCR,Drammen,TYNE,"18,977 pit props",,24,Feb,1889,1,June,1889,False,condensed,1.0,"Drammen-18,977 pit props-Order"
18890601p.537_p003.txt,13,MISSING_FROM_OCR,Gothenburg,TYNE,"7,175 battens-G. & N. Wright (Blyth)",G. & N. Wright (Blyth),24,Feb,1889,1,June,1889,False,condensed,0.9,"Gothenburg-7,175 battens-G. & N. Wright (Blyth)"
18890601p.537_p003.txt,14,John Ormston,Hamburg,TYNE,4 cs. mouldings,,31,Feb,1889,1,June,1889,True,condensed,0.9,31 John Ormston (s)-Hamburg-4 cs. mouldings-Order
18890601p.537_p003.txt,15,MISSING_FROM_OCR,Danzig,TYNE,"461 pcs. oak timber 106 oak crooks, 431 pcs. fir timber-A. Hood & Co.",,31,Feb,1889,1,June,1889,False,condensed,0.9,"Danzig - 461 pcs. oak timber-Order ; 106 oak crooks, 431 pcs. fir timber-A. Hood & Co."
18890601p.537_p003.txt,16,Goteborg,Gothenburg,TYNE,"quantity deals and battens, pit props, sleepers, and whitewood",,31,Feb,1889,1,June,1889,True,condensed,0.9,"Goteborg (s) - Gothenburg-quantity deals and battens, pit props, sleepers, and whitewood-Order"
18890601p.537_p003.txt,18,Mazio Charlotte,Pestaholm,TYNE,"4,055 props",,31,Feb,1889,1,June,1889,False,condensed,0.9,"Mazio Charlotte - Pestaholm-4,055 props-Order"
18890601p.537_p003.txt,20,MISSING_FROM_OCR,Memel,TYNE,"4,336 deals and ends",,31,Feb,1889,1,June,1889,False,condensed,0.9,"Memel-4,336 deals and ends-Order"
18890601p.537_p003.txt,21,MISSING_FROM_OCR,Gothenburg,TYNE,"1,308 battens, 97 pcs. mining timber",,31,Feb,1889,1,June,1889,False,condensed,0.9,"Gothenburg-1,308 battens, 97 pcs. mining timber-Order"
18890601p.537_p003.txt,22,MISSING_FROM_OCR,Pensacola,TYNE,"97 pcs. hewn ppe. timber, 1,077 pcs. sawn ppe. timber, 627 pine deals",,31,Feb,1889,1,June,1889,False,condensed,0.9,"Pensacola-97 pcs. hewn ppe. timber, 1,077 pcs. sawn ppe. timber, 627 pine deals-Order"
18890601p.537_p003.txt,23,MISSING_FROM_OCR,Memel,TYNE,"3,769 red and white deals, 140 red deals",,31,Feb,1889,1,June,1889,False,condensed,0.9,"Memel-3,769 red and white deals, 140 red deals-Order"
18890601p.537_p003.txt,24,MISSING_FROM_OCR,Memel,TYNE,"7,714 deals and ends-A. Hood & Co.",A. Hood & Co.,31,Feb,1889,1,June,1889,False,condensed,0.9,"Memel-7,714 deals and ends-A. Hood & Co."
18890601p.537_p003.txt,25,Ahus,,TYNE,full and complete cargo props Osbeck & Co.,,31,Feb,1889,1,June,1889,False,condensed,0.9,Ahus-full and complete cargo props-Osbeck & Co.
18890601p.537_p003.txt,26,Heinrich and Catherina,Riga,TYNE,"quantity deals, battens, and boards",,31,Feb,1889,1,June,1889,False,condensed,0.9,"Heinrich and Catherina - Riga - quantity deals, battens, and boards-Order"
18890601p.537_p003.txt,28,MISSING_FROM_OCR,Riga,TYNE,"7,039 deals",,31,Feb,1889,1,June,1889,False,condensed,0.9,"Riga-7,039 deals-Order"
18890601p.537_p003.txt,29,Dolphin,Krageroe,TYNE,"7,232 props",,31,Feb,1889,1,June,1889,False,condensed,0.9,"Dolphin-Krageroe-7,232 props-Order"
18890601p.537_p003.txt,31,MISSING_FROM_OCR,Drammen,TYNE,"3,871 pcs. mining timber, 6,076 props",,31,Feb,1889,1,June,1889,False,condensed,0.9,"Drammen-3,871 pcs. mining timber, 6,076 props-Order"
18890601p.537_p003.txt,32,Theodora,Drammen,TYNE,"29,372 planed boards",,31,Feb,1889,1,June,1889,False,condensed,0.9,"Theodora-Drammen-29,372 planed boards-Order"
18890601p.537_p003.txt,35,Dacopo,Fredrikstad,TYNE,"16,618 pcs. sawn fir, 673 fir battens, 84 lds. firewood-Charles Smales",Charles Smales,31,Feb,1889,1,June,1889,False,condensed,0.9,"Dacopo-Fredrikstad-16,618 pcs. sawn fir, 673 fir battens, 84 lds. firewood-Charles Smales"
18890601p.537_p003.txt,37,Figaro,Carlscrona,TYNE,"9,322 deals and battens-Thos. Saul & Son",Thos. Saul & Son,31,Feb,1889,1,June,1889,False,condensed,0.9,"Figaro-Carlscrona-9,322 deals and battens-Thos. Saul & Son"
18890601p.537_p003.txt,38,MISSING_FROM_OCR,Memel,TYNE,"4,421 deals and deal ends",,31,Feb,1889,1,June,1889,False,condensed,0.9,"Memel-4,421 deals and deal ends-104 pcs. hewn fir-James Porter"
18890601p.537_p003.txt,39,MISSING_FROM_OCR,Memel,TYNE,"6,742 fir deals-T. Saul",T. Saul,31,Feb,1889,1,June,1889,False,condensed,0.9,"Memel-6,742 fir deals-T. Saul"
18890601p.537_p003.txt,40,MISSING_FROM_OCR,Memel,TYNE,"5,884 deals and battens, 53 pcs. hewn fir, 16 lds. lathwood, 300 staves-Wright & Turner",Wright & Turner,31,Feb,1889,1,June,1889,False,condensed,0.9,"Memel-5,884 deals and battens, 53 pcs. hewn fir, 16 lds. lathwood, 300 staves-Wright & Turner"
18890601p.537_p003.txt,41,MISSING_FROM_OCR,Memel,TYNE,"5,397 fir deals 25 pcs. hewn fir, 300 staves-J. F. Ranson",J. F. Ranson,31,Feb,1889,1,June,1889,False,condensed,0.9,"Memel-5,397 fir deals 25 pcs. hewn fir, 300 staves-J. F. Ranson"
18890601p.537_p003.txt,44,Andes,"St. John, N.B.",TYNE,"23,635 deals and ends-John Browne & Co.",John Browne & Co.,31,Feb,1889,1,June,1889,False,condensed,0.9,"Andes-St. John, N.B.-23,635 deals and ends-John Browne & Co."
18890601p.537_p003.txt,45,MISSING_FROM_OCR,Rotterdam,TYNE,"1,260 bdls. hoops-J. C. Pinkerton",J. C. Pinkerton,31,Feb,1889,1,June,1889,False,condensed,0.9,"Rotterdam-1,260 bdls. hoops-J. C. Pinkerton"
18890601p.537_p003.txt,49,Schill,Memel,TYNE,"482 logs hewn fir, 200 pcs. sawn fir-Patrick Jennings & Co.",Patrick Jennings & Co.,31,Feb,1889,1,June,1889,False,condensed,0.9,"Schill-Memel-482 logs hewn fir, 200 pcs. sawn fir-Patrick Jennings & Co."
18890601p.537_p003.txt,51,Belle of Dunquerke,Riga,LIMERICK,"9,605 deals-McDonnell",McDonnell,31,Feb,1889,1,June,1889,False,condensed,1.0,"Belle of Dunquerke-Riga-9,605 deals-McDonnell"
18890601p.537_p003.txt,53,Caldoon,"St. John, N.B.",SLIGO,"13,887 pcs. sawn fir-O'Connor & Cullen",O'Connor & Cullen,31,Feb,1889,1,June,1889,False,condensed,1.0,"Caldoon-St. John, N.B.-13,887 pcs. sawn fir-O'Connor & Cullen"
18890608p.4_p001.txt,24,Telegraphic,Address,FULLY SECURED,""" HARDIE, LEITH.""",,31,Feb,1889,8,June,1889,False,condensed,0.9,"Telegraphic Address—"" HARDIE, LEITH."""
18890608p.4_p001.txt,34,Telegraphic,Address,FULLY SECURED,""" SUMMERS,"" LEITH.",,31,Feb,1889,8,June,1889,False,condensed,0.9,"Telegraphic Address—"" SUMMERS,"" LEITH."
18890608p.4_p001.txt,43,Timber Merchants and,Saw,DUNDEE,"millers, Wood Turners, Fret Cutters, and Veneer Merchants",,31,Feb,1889,8,June,1889,False,condensed,0.9,"Timber Merchants and Saw-millers, Wood Turners, Fret Cutters, and Veneer Merchants,"
18890608p.4_p001.txt,75,Telegraphic,Address,DUNDEE,""" BEATTIE,"" LEITH. Telephone No. 2003.",,31,Feb,1889,8,June,1889,False,condensed,0.9,"Telegraphic Address—"" BEATTIE,"" LEITH. Telephone No. 2003."
18890608p.4_p001.txt,87,Dealers,,DUNDEE,"in Mahogany, Lignum Vitæ, Walnuts, Whitewood, Birch, Cedar, Ash, &c., and Veneers.",,31,Feb,1889,8,June,1889,False,condensed,0.9,"Dealers in—Mahogany, Lignum Vitæ, Walnuts, Whitewood, Birch, Cedar, Ash, &c., and Veneers."
18890608p.4_p001.txt,101,Deus Vobiscum,Halmstad,DUNDEE,"8,261 pit props-Denholm & Co.",Denholm & Co.,31,Feb,1889,8,June,1889,False,condensed,0.9,"Deus Vobiscum-Halmstad-8,261 pit props-Denholm & Co."
18890608p.4_p001.txt,102,Robert,Figebolm,DUNDEE,"6,140 pit props-Wallace & Co.",Wallace & Co.,29,Feb,1889,8,June,1889,False,condensed,0.9,"29 Robert-Figebolm-6,140 pit props-Wallace & Co."
18890608p.4_p001.txt,103,Hermine,Elizabeth,DUNDEE,"6,352 pit props-A. Wallace & Co.",A. Wallace & Co.,29,Feb,1889,8,June,1889,False,condensed,0.9,"30 Hermine Elizabeth-6,352 pit props-A. Wallace & Co."
18890608p.4_p001.txt,104,Carl,Oscarshamn,DUNDEE,"4,668 pit props Cowden & Co.",,29,Feb,1889,8,June,1889,False,condensed,0.9,"31 Carl-Oscarshamn-4,668 pit props Cowden & Co."
18890608p.4_p001.txt,105,Uffo,Narvig,DUNDEE,"9,154 pit props-Denholm & Co.",Denholm & Co.,29,Feb,1889,8,June,1889,False,condensed,0.9,"Uffo-Narvig-9,154 pit props-Denholm & Co."
18890608p.4_p001.txt,107,Love & Stewart Cito,Kalmar,BORROWSTOUNNESS,"11,700 props-J. Denholm & Co.",J. Denholm & Co.,29,Feb,1889,8,June,1889,False,condensed,1.0,"Love & Stewart Cito-Kalmar-11,700 props-J. Denholm & Co."
18890608p.4_p001.txt,109,Glitner,Drammen,BORROWSTOUNNESS,"26,960 props-Denholm & Co.",Denholm & Co.,29,Feb,1889,8,June,1889,False,condensed,1.0,"Glitner-Drammen-26,960 props-Denholm & Co."
18890608p.4_p001.txt,110,Wladimir,Riga,BORROWSTOUNNESS,"7,850 deals and battens-Thompson & Balfour",Thompson & Balfour,29,Feb,1889,8,June,1889,False,condensed,1.0,"Wladimir-Riga-7,850 deals and battens-Thompson & Balfour"
18890608p.4_p001.txt,111,Sylphiden,Mandal,BORROWSTOUNNESS,"5,736 props-Stevenson & Co.",Stevenson & Co.,29,Feb,1889,8,June,1889,False,condensed,0.9,"29 Sylphiden-Mandal-5,736 props-Stevenson & Co."
18890608p.4_p001.txt,112,Blitz,Windau,BORROWSTOUNNESS,"5,508 props-Love & Stewart",Love & Stewart,29,Feb,1889,8,June,1889,False,condensed,0.9,"Blitz-Windau-5,508 props-Love & Stewart"
18890608p.4_p001.txt,113,Carl,Westervik,BORROWSTOUNNESS,"12,713 pit props-Denholm & Co.",Denholm & Co.,30,Feb,1889,8,June,1889,False,condensed,0.9,"30 Carl-Westervik-12,713 pit props-Denholm & Co."
18890608p.4_p001.txt,114,Maren,Brevig,BORROWSTOUNNESS,"10,800 pcs. pitwood-Bell & Sime",Bell & Sime,30,Feb,1889,8,June,1889,False,condensed,0.9,"Maren-Brevig-10,800 pcs. pitwood-Bell & Sime"
18890608p.4_p001.txt,115,Petten,Kalmar,BORROWSTOUNNESS,"11,613 props-Denholm & Co.",Denholm & Co.,31,Feb,1889,8,June,1889,False,condensed,0.9,"31 Petten-Kalmar-11,613 props-Denholm & Co."
18890608p.4_p001.txt,116,Ituna,Narva,BORROWSTOUNNESS,"17,962 battens-Bell & Sime",Bell & Sime,31,Feb,1889,8,June,1889,False,condensed,0.9,"Ituna-Narva-17,962 battens-Bell & Sime"
18890608p.4_p001.txt,118,Pan,Drammen,DUNDEE,"440,460 staves and firewood-Bell & Sime",Bell & Sime,31,Feb,1889,8,June,1889,False,condensed,0.9,"Pan-Drammen-440,460 staves and firewood-Bell & Sime"
18890608p.4_p001.txt,120,Arecibo,Pensacola,DUNDEE,"2,615 pcs. pp. timber, 1,954 pcs. pp. lumber-Singleton, Dunn, & Co.","Singleton, Dunn, & Co.",31,Feb,1889,8,June,1889,False,condensed,0.9,"Arecibo-Pensacola-2,615 pcs. pp. timber, 1,954 pcs. pp. lumber-Singleton, Dunn, & Co."
18890608p.4_p001.txt,121,Rosalind,Sundswall,DUNDEE,"21,127 pcs. wb. battens-J. McLean & Co.",J. McLean & Co.,31,Feb,1889,8,June,1889,False,condensed,0.9,"Rosalind-Sundswall-21,127 pcs. wb. battens-J. McLean & Co."
18890608p.4_p001.txt,122,Colina,Montreal,DUNDEE,"1,029 deals, 405 pcs. pine, 191 deals-Edmiston & Mitchells",Edmiston & Mitchells,31,Feb,1889,8,June,1889,False,condensed,0.9,"Colina-Montreal-1,029 deals, 405 pcs. pine, 191 deals-Edmiston & Mitchells"
18890608p.4_p001.txt,123,Ethiopia,New York,DUNDEE,"4,800 hhd. staves-Hattley & Co.",Hattley & Co.,29,Feb,1889,8,June,1889,False,condensed,0.9,"29 Ethiopia-New York-4,800 hhd. staves-Hattley & Co."
18890608p.4_p001.txt,124,Strathleven,New York,DUNDEE,733 pcs. oak lumber-Edmiston & Mitchells,Edmiston & Mitchells,31,Feb,1889,8,June,1889,False,condensed,0.9,31 Strathleven-New York-733 pcs. oak lumber-Edmiston & Mitchells
18890608p.4_p001.txt,125,State of Pennsylvania,New York,DUNDEE,600 pipe staves-R. Hamilton & Co. 545 cs. woodware-Singer Manufacturing Co.; 2 cars maple squares-Order,R. Hamilton & Co.,31,Feb,1889,8,June,1889,False,condensed,0.9,State of Pennsylvania-New York-600 pipe staves-R. Hamilton & Co.; 545 cs. woodware-Singer Manufacturing Co.; 2 cars maple squares-Order
18890608p.4_p001.txt,126,Emma,Danzig,DUNDEE,701 pcs. timber-P. & J. Wilkie,P. & J. Wilkie,31,Feb,1889,8,June,1889,False,condensed,0.9,Emma-Danzig-701 pcs. timber-P. & J. Wilkie
18890608p.4_p001.txt,127,Faerder,Christiania,DUNDEE,"10,805 bdls. boxwood-J. T. Salvesen & Co.",J. T. Salvesen & Co.,27,Feb,1889,8,June,1889,False,condensed,0.9,"27 Faerder-Christiania-10,805 bdls. boxwood-J. T. Salvesen & Co."
18890608p.4_p001.txt,128,Alexander,Riga,DUNDEE,"9,738 deals-P. & J. Wilkie",P. & J. Wilkie,28,Feb,1889,8,June,1889,False,condensed,0.9,"28 Alexander-Riga-9,738 deals-P. & J. Wilkie"
18890608p.4_p001.txt,129,Katharina,Riga,DUNDEE,"4,824 deals and ends-McPherson & McLaren",McPherson & McLaren,28,Feb,1889,8,June,1889,False,condensed,0.9,"Katharina-Riga-4,824 deals and ends-McPherson & McLaren"
18890608p.4_p001.txt,130,Haymasch,Libau,DUNDEE,"1,446 pcs. timber-McPherson & McLaren 1,002 pcs.-Order",McPherson & McLaren,28,Feb,1889,8,June,1889,False,condensed,0.9,"Haymasch-Libau-1,446 pcs. timber-McPherson & McLaren; 1,002 pcs.-Order"
18890608p.4_p001.txt,131,Frithjof,Skien,DUNDEE,"458 spars, 3,839 props-J. Wilkie",J. Wilkie,29,Feb,1889,8,June,1889,False,condensed,0.9,"29 Frithjof-Skien-458 spars, 3,839 props-J. Wilkie"
18890608p.4_p001.txt,132,Rinuschen,Riga,DUNDEE,"8,867 deals and ends-McPherson & McLaren",McPherson & McLaren,29,Feb,1889,8,June,1889,False,condensed,0.9,"Rinuschen-Riga-8,867 deals and ends-McPherson & McLaren"
18890608p.4_p001.txt,133,Amazone,Memel,DUNDEE,"680 pcs. timber, 1,116 deals-P. & J. Wilkie",P. & J. Wilkie,29,Feb,1889,8,June,1889,False,condensed,0.9,"Amazone-Memel-680 pcs. timber, 1,116 deals-P. & J. Wilkie"
18890608p.4_p001.txt,134,Venus,Riga,DUNDEE,"6,051 deals and ends-Salvesen & Co.",Salvesen & Co.,29,Feb,1889,8,June,1889,False,condensed,0.9,"Venus-Riga-6,051 deals and ends-Salvesen & Co."
18890608p.4_p001.txt,135,Ahti,Abo,DUNDEE,"11,817 deals and battens-Salvesen & Co.",Salvesen & Co.,29,Feb,1889,8,June,1889,False,condensed,0.9,"Ahti-Abo-11,817 deals and battens-Salvesen & Co."
18890608p.4_p001.txt,136,Primus,Abo,DUNDEE,"6,722 deals and battens-Salvesen & Co.",Salvesen & Co.,29,Feb,1889,8,June,1889,False,condensed,0.9,"Primus-Abo-6,722 deals and battens-Salvesen & Co."
18890608p.4_p001.txt,137,J. Martin,Riga,DUNDEE,"5,595 deals and ends-Salvesen & Co.",Salvesen & Co.,29,Feb,1889,8,June,1889,False,condensed,0.9,"J. Martin-Riga-5,595 deals and ends-Salvesen & Co."
18890608p.4_p001.txt,138,Amalie,Riga,DUNDEE,"1,056 pcs. timber, 1,090 battens-Brownlee & Co.",Brownlee & Co.,29,Feb,1889,8,June,1889,False,condensed,0.9,"Amalie-Riga-1,056 pcs. timber, 1,090 battens-Brownlee & Co."
18890608p.4_p001.txt,139,Johannes,Riga,DUNDEE,"5,482 deals and ends-McPherson & McLaren",McPherson & McLaren,29,Feb,1889,8,June,1889,False,condensed,0.9,"Johannes-Riga-5,482 deals and ends-McPherson & McLaren"
18890608p.4_p001.txt,140,Marianne,Riga,DUNDEE,"749 pcs. timber, 1,116 deals, 5 spars-P. & J. Wilkie",P. & J. Wilkie,29,Feb,1889,8,June,1889,False,condensed,0.9,"Marianne-Riga-749 pcs. timber, 1,116 deals, 5 spars-P. & J. Wilkie"
18890608p.4_p001.txt,141,Beatrice,Pensacola,DUNDEE,"1,234 pcs. timber, 1,011 deals-Brownlee & Co.",Brownlee & Co.,31,Feb,1889,8,June,1889,False,condensed,0.9,"31 Beatrice-Pensacola-1,234 pcs. timber, 1,011 deals-Brownlee & Co."
18890608p.4_p001.txt,142,Ituna,Narva,DUNDEE,"17,962 battens-P. & J. Wilkie 3 fms. firewood-A. Donaldson & Son",P. & J. Wilkie,31,Feb,1889,8,June,1889,False,condensed,0.9,"Ituna-Narva-17,962 battens-P. & J. Wilkie; 3 fms. firewood-A. Donaldson & Son"
18890608p.4_p001.txt,144,Pan,Drammen,DUNDEE,"440,460 staves and firewood-Hutchison & Co.",Hutchison & Co.,31,Feb,1889,8,June,1889,False,condensed,0.9,"Pan-Drammen-440,460 staves and firewood-Hutchison & Co."
18890608p.4_p001.txt,145,Proven,Krageroe,DUNDEE,"2,405 hewn fir-M. J. Ellingsen",M. J. Ellingsen,31,Feb,1889,8,June,1889,False,condensed,0.9,"Proven-Krageroe-2,405 hewn fir-M. J. Ellingsen"
18890608p.4_p001.txt,147,Arecibo,Pensacola,GREENOCK,"2,615 pcs. pp. timber, 1,954 pcs. pp. lumber-Singleton, Dunn, & Co.","Singleton, Dunn, & Co.",31,Feb,1889,8,June,1889,False,condensed,0.9,"Arecibo-Pensacola-2,615 pcs. pp. timber, 1,954 pcs. pp. lumber-Singleton, Dunn, & Co."
18890608p.4_p001.txt,148,Rosalind,Sundswall,GREENOCK,"21,127 pcs. wb. battens-J. McLean & Co.",J. McLean & Co.,31,Feb,1889,8,June,1889,False,condensed,0.9,"Rosalind-Sundswall-21,127 pcs. wb. battens-J. McLean & Co."
18890608p.4_p001.txt,157,Telegraphic,Address,GREENOCK,"""PATON,"" AYR.",,31,Feb,1889,8,June,1889,False,condensed,0.9,"Telegraphic Address— ""PATON,"" AYR."
18890608p.4_p001.txt,161,Telegram,Addresses,GREENOCK,"DONALDSON, TAYPORT.",,31,Feb,1889,8,June,1889,False,condensed,0.9,"Telegram Addresses— DONALDSON, TAYPORT."
18890608p.564_p001.txt,8,Dunmail,Ljusne,BERWICK,"33,170 deals, battens, and boards-Allan Bros.",Allan Bros.,31,Feb,1889,8,June,1889,True,condensed,1.0,"Dunmail (s)-Ljusne-33,170 deals, battens, and boards-Allan Bros."
18890608p.564_p001.txt,9,Castle Rising,Riga,BERWICK,"10,974 pcs. hewn fir, 1,600 pcs. sawn fir-Calder & Co.",Calder & Co.,31,Feb,1889,8,June,1889,False,condensed,1.0,"Castle Rising-Riga-10,974 pcs. hewn fir, 1,600 pcs. sawn fir-Calder & Co."
18890608p.564_p001.txt,12,Courier,Fredrikstad,BRISTOL,"55,483 boards-King Bros.",King Bros.,31,Feb,1889,8,June,1889,False,condensed,0.9,"Courier-Fredrikstad-55,483 boards-King Bros."
18890608p.564_p001.txt,13,Jersey City,New York,BRISTOL,228 bdls. 230 pcs. lumber-Shapland & Pett-r,Shapland & Pett-r,31,Feb,1889,8,June,1889,True,condensed,0.9,Jersey City (s)-New York-228 bdls. 230 pcs. lumber-Shapland & Pett-r
18890608p.564_p001.txt,14,Emerald,"Halifax, N.S.",BRISTOL,"16,472 deals, scantling, and ends, 289 pcs. birch timber-Taylor & Low Bros.",Taylor & Low Bros.,31,Feb,1889,8,June,1889,False,condensed,0.9,"Emerald-Halifax, N.S.-16,472 deals, scantling, and ends, 289 pcs. birch timber-Taylor & Low Bros."
18890608p.564_p001.txt,15,Eyr,Fredrikstad,BRISTOL,"1,695,796 boards-Thomas & Bros.",Thomas & Bros.,31,Feb,1889,8,June,1889,False,condensed,0.9,"Eyr-Fredrikstad-1,695,796 boards-Thomas & Bros."
18890608p.564_p001.txt,16,Texas,Montreal and Quebec,BRISTOL,"8,121 boards, 2,997 spruce deals, 1,188 pine deals-Jones & Wainright",Jones & Wainright,31,Feb,1889,8,June,1889,True,condensed,0.9,"Texas (s)-Montreal and Quebec-8,121 boards, 2,997 spruce deals, 1,188 pine deals-Jones & Wainright"
18890608p.564_p001.txt,17,Parthenia,"St. John, N.B.",BRISTOL,"22,298 deals, battens, 362 pcs. scantling, and 1,027 ends-Jones & Wainwright",Jones & Wainwright,31,Feb,1889,8,June,1889,False,condensed,0.9,"Parthenia-St. John, N.B.-22,298 deals, battens, 362 pcs. scantling, and 1,027 ends-Jones & Wainwright"
18890608p.564_p001.txt,18,Carrier Dove,"St. John's, N.B.",BRISTOL,"34,621 deals and battens, 2,480 scantling, 1,692 boards and ends-King Bros.",King Bros.,31,Feb,1889,8,June,1889,False,condensed,0.9,"Carrier Dove-St. John's, N.B.-34,621 deals and battens, 2,480 scantling, 1,692 boards and ends-King Bros."
18890608p.564_p001.txt,21,Alfhild,"St. John, N.B.",BRISTOL,"41,554 pcs. sawn fir-Watsons",Watsons,31,Feb,1889,8,June,1889,False,condensed,0.9,"Alfhild-St. John, N.B.-41,554 pcs. sawn fir-Watsons"
18890608p.564_p001.txt,22,Pont L'Abbe,Pont L'Abbe,BRISTOL,60 lds. pitwood,,31,Feb,1889,8,June,1889,False,condensed,0.9,Pont L'Abbe-Pont L'Abbe-60 lds. pitwood-Order
18890608p.564_p001.txt,23,Krageroe,Risoer,BRISTOL,456 lds. pitwood-Thomas,Thomas,31,Feb,1889,8,June,1889,False,condensed,0.9,Schroeter & Co. Krageroe-Risoer-456 lds. pitwood-Thomas
18890608p.564_p001.txt,25,Glenbeyn,Nantes,BRISTOL,220 lds. pitwood-Watts,Watts,31,Feb,1889,8,June,1889,False,condensed,0.9,Glenbeyn-Nantes-220 lds. pitwood-Watts
18890608p.564_p001.txt,26,Frederico,Carril,BRISTOL,280 lds. pitwood-Torres,Torres,31,Feb,1889,8,June,1889,False,condensed,0.9,Frederico-Carril-280 lds. pitwood-Torres
18890608p.564_p001.txt,27,Eldorado,Tvedestrand,BRISTOL,282 lds. pitwood-W. Thomas,W. Thomas,31,Feb,1889,8,June,1889,False,condensed,0.9,Eldorado-Tvedestrand-282 lds. pitwood-W. Thomas
18890608p.564_p001.txt,28,Luchina C.,Pensacola,BRISTOL,"881 pcs. sawn fir, 474 deals-Alexanders & Co.",Alexanders & Co.,31,Feb,1889,8,June,1889,False,condensed,0.9,"Luchina C.-Pensacola-881 pcs. sawn fir, 474 deals-Alexanders & Co."
18890608p.564_p001.txt,29,Emma,Corunna,BRISTOL,280 lds. pitwood-Lewis,Lewis,31,Feb,1889,8,June,1889,False,condensed,0.9,Emma-Corunna-280 lds. pitwood-Lewis
18890608p.564_p001.txt,31,Roldal,Bordeaux,BRISTOL,405 lds. pitwood-Simkin,Simkin,30,Feb,1889,8,June,1889,False,condensed,0.9,30 Roldal-Bordeaux-405 lds. pitwood-Simkin
18890608p.564_p001.txt,32,Mizpah,Bordeaux,BRISTOL,550 lds. pitwood-Martin,Martin,30,Feb,1889,8,June,1889,False,condensed,0.9,Mizpah-Bordeaux-550 lds. pitwood-Martin
18890608p.564_p001.txt,33,Anna Blanche,Auray,BRISTOL,115 lds. pitwood,,31,Feb,1889,8,June,1889,False,condensed,0.9,31 Anna Blanche-Auray-115 lds. pitwood-Order
18890608p.564_p001.txt,34,Borican,Bayonne,BRISTOL,"1,100 pcs. pitwood-A. Capelle",A. Capelle,31,Feb,1889,8,June,1889,True,condensed,0.9,"Borican (s)-Bayonne-1,100 pcs. pitwood-A. Capelle"
18890608p.564_p001.txt,35,Ouse,Bordeaux,BRISTOL,880 lds. pitwood-Simkin Bros.,Simkin Bros.,31,Feb,1889,8,June,1889,False,condensed,0.9,Ouse-Bordeaux-880 lds. pitwood-Simkin Bros.
18890608p.564_p001.txt,36,Ruevo Juliana,Rivadeo,BRISTOL,"550 lds. pitwood-Manzanos, Cristobal, & Co.","Manzanos, Cristobal, & Co.",31,Feb,1889,8,June,1889,False,condensed,0.9,"Ruevo Juliana-Rivadeo-550 lds. pitwood-Manzanos, Cristobal, & Co."
18890608p.564_p001.txt,37,Benjamin Whitworth,Soderhamn,BRISTOL,"29,609 deals and boards, 40 lds. firewood-Alexanders & Co.",Alexanders & Co.,31,Feb,1889,8,June,1889,False,condensed,0.9,"Benjamin Whitworth-Soderhamn-29,609 deals and boards, 40 lds. firewood-Alexanders & Co."
18890608p.564_p001.txt,38,Manita,St. Eugenia,BRISTOL,425 lds. pitwood-A. H. Tapson & Co.,A. H. Tapson & Co.,31,Feb,1889,8,June,1889,False,condensed,0.9,Manita-St. Eugenia-425 lds. pitwood-A. H. Tapson & Co.
18890608p.564_p001.txt,39,Rosina,Corunna,BRISTOL,250 lds. pitwood-Lewis,Lewis,31,Feb,1889,8,June,1889,False,condensed,0.9,Rosina-Corunna-250 lds. pitwood-Lewis
18890608p.564_p001.txt,43,Kellie Lass,Drammen,BRISTOL,"24,086 flooring boards-Quiggin & Co.",Quiggin & Co.,31,Feb,1889,8,June,1889,False,condensed,0.9,"Kellie Lass-Drammen-24,086 flooring boards-Quiggin & Co."
18890608p.564_p001.txt,46,River Falloch,San Francisco,FLEETWOOD,8 lds. sawn fir-W. D. Denny,W. D. Denny,31,Feb,1889,8,June,1889,False,condensed,1.0,River Falloch-San Francisco-8 lds. sawn fir-W. D. Denny
18890608p.564_p001.txt,47,Henry,"St. John, N.B.",FLEETWOOD,"34,428 deals-Taylor, Sons, & Co.","Taylor, Sons, & Co.",31,Feb,1889,8,June,1889,False,condensed,1.0,"31 Henry-St. John, N.B.-34,428 deals-Taylor, Sons, & Co."
18890608p.564_p001.txt,48,Erato,San Francisco,FLEETWOOD,20 lds. sawn fir-Ward & Son,Ward & Son,31,Feb,1889,8,June,1889,False,condensed,1.0,Erato-San Francisco-20 lds. sawn fir-Ward & Son
18890608p.564_p001.txt,51,Saxon Prince,Gefle,FLEETWOOD,"21,406 deals-Price, Walker, & Co.","Price, Walker, & Co.",31,Feb,1889,8,June,1889,True,condensed,0.9,"Saxon Prince (s)-Gefle-21,406 deals-Price, Walker, & Co."
18890608p.564_p001.txt,52,Welsh Prince,Gefle,FLEETWOOD,"69,133 deals-Price & Co.",Price & Co.,31,Feb,1889,8,June,1889,True,condensed,0.9,"Welsh Prince (s)-Gefle-69,133 deals-Price & Co."
18890608p.564_p001.txt,53,Merannio,Riga,FLEETWOOD,"27,433 deals-Adams & Co.",Adams & Co.,31,Feb,1889,8,June,1889,False,condensed,0.9,"Merannio-Riga-27,433 deals-Adams & Co."
18890608p.564_p001.txt,54,Polare,Pensacola,FLEETWOOD,"160 pcs. hewn fir, 1,127 pcs. sawn fir, 325 fir deals-T. Adams",T. Adams,29,Feb,1889,8,June,1889,False,condensed,0.9,"29 Polare-Pensacola-160 pcs. hewn fir, 1,127 pcs. sawn fir, 325 fir deals-T. Adams"
18890608p.564_p001.txt,55,F. W. Jebeus,Danzig,FLEETWOOD,"180 lds. hewn fir, 300 lds. oak-Barkworth & Spaldin",Barkworth & Spaldin,31,Feb,1889,8,June,1889,False,condensed,0.9,"31 F. W. Jebeus-Danzig-180 lds. hewn fir, 300 lds. oak-Barkworth & Spaldin"
18890608p.564_p001.txt,56,Zeus,Pernoviken,FLEETWOOD,"34,271 deals-Price & Co.",Price & Co.,31,Feb,1889,8,June,1889,False,condensed,0.9,"Zeus-Pernoviken-34,271 deals-Price & Co."
18890608p.564_p001.txt,59,Clara Marie,Riga,GOOLE,"7,254 deals and battens-Illingworth, Ingham, & Co.","Illingworth, Ingham, & Co.",31,Feb,1889,8,June,1889,False,condensed,0.9,"Clara Marie-Riga-7,254 deals and battens-Illingworth, Ingham, & Co."
18890608p.564_p001.txt,60,Frankfort,Riga,GOOLE,"22,106 sleepers-York Coal Co.",York Coal Co.,31,Feb,1889,8,June,1889,False,condensed,0.9,"Frankfort-Riga-22,106 sleepers-York Coal Co."
18890608p.564_p001.txt,61,Julianne,Riga,GOOLE,"7,970 deals-Illingworth",Illingworth,30,Feb,1889,8,June,1889,False,condensed,0.9,"30 Julianne-Riga-7,970 deals-Illingworth"
18890608p.564_p001.txt,64,Coleridge,Riga,GRIMSBY,"53,382 deals, 2,246 sleepers-Bennetts & Co.",Bennetts & Co.,30,Feb,1889,8,June,1889,False,condensed,0.9,"Coleridge-Riga-53,382 deals, 2,246 sleepers-Bennetts & Co."
18890608p.564_p001.txt,65,Dana,Memel,GRIMSBY,"428 pcs. ash, 50 pcs. oak-Seddon, Shepherd, & Co.","Seddon, Shepherd, & Co.",30,Feb,1889,8,June,1889,False,condensed,0.9,"Dana Memel-428 pcs. ash, 50 pcs. oak-Seddon, Shepherd, & Co."
18890608p.564_p001.txt,66,Swantewit,Memel,GRIMSBY,"4,708 deals-Seddon & Co.",Seddon & Co.,30,Feb,1889,8,June,1889,False,condensed,0.9,"Swantewit-Memel-4,708 deals-Seddon & Co."
18890608p.564_p001.txt,67,Waldemar Seer,Konigsberg,GRIMSBY,"2,295 pcs. sawn fir-Marshall & Atkinson",Marshall & Atkinson,30,Feb,1889,8,June,1889,False,condensed,0.9,"Waldemar Seer-Konigsberg-2,295 pcs. sawn fir-Marshall & Atkinson"
18890608p.564_p001.txt,68,John Julie,Riga,GRIMSBY,"6,055 pcs. sawn fir, 22 lds. firewood-G. A. Carr & Co.",G. A. Carr & Co.,29,Feb,1889,8,June,1889,False,condensed,0.9,"29 John Julie-Riga-6,055 pcs. sawn fir, 22 lds. firewood-G. A. Carr & Co."
18890608p.564_p001.txt,69,Saga,Harnas,GRIMSBY,17 lds. firewood-N. R. Taylor,N. R. Taylor,29,Feb,1889,8,June,1889,False,condensed,0.9,Saga-Harnas-17 lds. firewood-N. R. Taylor
18890608p.564_p001.txt,70,Krey Woggerain,Danzig,GRIMSBY,"1,074 pcs. sawn fir-Marshall & Atkinson",Marshall & Atkinson,29,Feb,1889,8,June,1889,False,condensed,0.9,"Krey Woggerain-Danzig-1,074 pcs. sawn fir-Marshall & Atkinson"
18890608p.564_p001.txt,71,Franziska,Danzig,GRIMSBY,200 fir sleepers-Bennetts,Bennetts,29,Feb,1889,8,June,1889,False,condensed,0.9,Franziska-Danzig-200 fir sleepers-Bennetts
18890608p.564_p001.txt,72,Herzog Georg,Danzig,GRIMSBY,736 pcs. hewn fir-Wintringham & Son,Wintringham & Son,29,Feb,1889,8,June,1889,False,condensed,0.9,Herzog Georg-Danzig-736 pcs. hewn fir-Wintringham & Son
18890608p.564_p001.txt,73,Dana,Memel,GRIMSBY,"12,000 oak staves-C. J. Hay",C. J. Hay,29,Feb,1889,8,June,1889,False,condensed,0.9,"Dana-Memel-12,000 oak staves-C. J. Hay"
18890608p.564_p001.txt,75,Fritz Reuter,Danzig,GRIMSBY,"1,073 pcs. fir timber-Seddon, Shepherd, & Co.","Seddon, Shepherd, & Co.",30,Feb,1889,8,June,1889,False,condensed,0.9,"30 Fritz Reuter-Danzig-1,073 pcs. fir timber-Seddon, Shepherd, & Co."
18890608p.564_p001.txt,76,Marie,Danzig,GRIMSBY,900 pcs. fir timber-Bennetts,Bennetts,30,Feb,1889,8,June,1889,False,condensed,0.9,Marie Danzig-900 pcs. fir timber-Bennetts
18890608p.564_p001.txt,77,Oberstlieutenant von Sulstorff,Danzig,GRIMSBY,693 pcs. oak-S. Ellis,S. Ellis,30,Feb,1889,8,June,1889,False,condensed,0.9,Oberstlieutenant von Sulstorff-Danzig-693 pcs. oak-S. Ellis
18890608p.564_p001.txt,80,Triton,Gothenburg,GRIMSBY,"1,734 poles-Pyman, Bell, & Co. 1,758 props-G. Pyman & Co.; 5,000 crowntrees, 33,288 props-Victor Nilsson & Co.; 9,875 props-Pearson & Co.; 3,000 sleepers-W. S. Easson & Co.; 3,000 sleepers-T. Atkinson; 3,000 pcs. hewn fir-G. Horsley & Co.; 7,167 boards-A. Livingston & Co.","Pyman, Bell, & Co.",30,Feb,1889,8,June,1889,True,condensed,0.9,"Triton (s)-Gothenburg-1,734 poles-Pyman, Bell, & Co.; 1,758 props-G. Pyman & Co.; 5,000 crowntrees, 33,288 props-Victor Nilsson & Co.; 9,875 props-Pearson & Co.; 3,000 sleepers-W. S. Easson & Co.; 3,000 sleepers-T. Atkinson; 3,000 pcs. hewn fir-G. Horsley & Co.; 7,167 boards-A. Livingston & Co."
18890608p.564_p001.txt,81,Neckersen,Uddevalla,GRIMSBY,"25,007 props-Nielsen",Nielsen,29,Feb,1889,8,June,1889,False,condensed,0.9,"29 Neckersen-Uddevalla-25,007 props-Nielsen"
18890608p.564_p001.txt,82,Posthalter T. C. Wahl,Danzig,GRIMSBY,"188 pcs. hewn fir, 150 crossing sleepers, 403 pcs. oak-R. Wade, Sons, & Co.","R. Wade, Sons, & Co.",29,Feb,1889,8,June,1889,False,condensed,0.9,"Posthalter T. C. Wahl-Danzig-188 pcs. hewn fir, 150 crossing sleepers, 403 pcs. oak-R. Wade, Sons, & Co."
18890608p.564_p001.txt,83,Frederike,Danzig,GRIMSBY,"599 fir blocks, 83 pcs. hewn fir, 450 fir sleepers-R. Wade",R. Wade,29,Feb,1889,8,June,1889,False,condensed,0.9,"Frederike-Danzig-599 fir blocks, 83 pcs. hewn fir, 450 fir sleepers-R. Wade"
18890608p.564_p001.txt,84,Statira,Riga,GRIMSBY,"8,283 sleepers, 1,000 half sleepers-Burt, Boulton, & Haywood","Burt, Boulton, & Haywood",29,Feb,1889,8,June,1889,False,condensed,0.9,"W. J. Watson & Co. Statira-Riga-8,283 sleepers, 1,000 half sleepers-Burt, Boulton, & Haywood"
18890608p.564_p001.txt,86,Eugene,Carlskrona,GRIMSBY,"11,330 boards, 6,996 props-Calder & Co.",Calder & Co.,29,Feb,1889,8,June,1889,False,condensed,0.9,"Eugene-Carlskrona-11,330 boards, 6,996 props-Calder & Co."
18890608p.564_p001.txt,87,Dyring,Westerwik,GRIMSBY,"8,774 props-Pearson",Pearson,31,Feb,1889,8,June,1889,False,condensed,0.9,"31 Dyring-Westerwik-8,774 props-Pearson"
18890608p.564_p001.txt,88,Nico,Por,GRIMSBY,grund,,31,Feb,1889,8,June,1889,False,condensed,0.9,"Nico-Por-grund-2,510 pcs. round timber, 784 pcs. square timber, 1,990 props-Casper"
18890608p.564_p001.txt,89,Fredrick Wilhelm,Stettin,GRIMSBY,319 pcs. oak-T. Gabriel & Son,T. Gabriel & Son,31,Feb,1889,8,June,1889,False,condensed,0.9,Fredrick Wilhelm-Stettin-319 pcs. oak -T. Gabriel & Son
18890608p.564_p001.txt,90,Admiral,Pascagoula,GRIMSBY,"1,001 props, 210 deals-Harrison & Singleton",Harrison & Singleton,3,Feb,1889,8,June,1889,False,condensed,0.9,"3 Admiral-Pascagoula-1,001 props, 210 deals-Harrison & Singleton"
18890608p.564_p001.txt,91,Anaconda,Skien,GRIMSBY,"1,200 pcs. square timber, 1,430 props-Victor Nilsson & Co.",Victor Nilsson & Co.,3,Feb,1889,8,June,1889,False,condensed,0.9,"Anaconda-Skien-1,200 pcs. square timber, 1,430 props-Victor Nilsson & Co."
18890608p.564_p001.txt,94,Gozo,Skutskar,GRIMSBY,"36,930 deals and boards",,3,Feb,1889,8,June,1889,True,condensed,0.9,"Gozo (s)-Skutskar-36,930 deals and boards-Order"
18890608p.564_p001.txt,96,Reta,Riga,GRIMSBY,"52,490 deals, &c.",,3,Feb,1889,8,June,1889,True,condensed,0.9,"Reta (s)-Riga-52,490 deals, &c.-Order"
18890608p.564_p001.txt,97,Laura,Danzig,GRIMSBY,"425 pcs. fir timber, 334 sleepers-Wade, Sons, & Co. 222 pcs. oak timber-Order","Wade, Sons, & Co.",3,Feb,1889,8,June,1889,False,condensed,0.9,"Laura-Danzig-425 pcs. fir timber, 334 sleepers-Wade, Sons, & Co.; 222 pcs. oak timber-Order"
18890608p.564_p001.txt,98,Sitona,Gefle,GRIMSBY,"29,546 deals, &c.",,3,Feb,1889,8,June,1889,True,condensed,0.9,"Sitona (s)-Gefle-29,546 deals, &c.-Order"
18890608p.564_p001.txt,99,Palermo,St. Petersburg,GRIMSBY,"2,209 rickers",,3,Feb,1889,8,June,1889,True,condensed,0.9,"Palermo (s)-St. Petersburg-2,209 rickers-Order"
18890608p.564_p001.txt,100,Scandia,Risoer,GRIMSBY,qty. mining timber and pit props,,3,Feb,1889,8,June,1889,False,condensed,0.9,Scandia-Risoer-qty. mining timber and pit props-Order
18890608p.564_p001.txt,101,Skandinav,Oscarshamn,GRIMSBY,"10,214 pit props",,3,Feb,1889,8,June,1889,False,condensed,0.9,"Skandinav-Oscarshamn-10,214 pit props-Order"
18890608p.564_p001.txt,102,Galileo,Boston,GRIMSBY,"32 logs, 1,299 pcs. oak, 12 bdls. oars-Wilson, Sons, & Co.","Wilson, Sons, & Co.",31,Feb,1889,8,June,1889,True,condensed,0.9,"31 Galileo (s)-Boston-32 logs, 1,299 pcs. oak, 12 bdls. oars-Wilson, Sons, & Co."
18890608p.564_p001.txt,103,Southella,Skutskar,GRIMSBY,"58,358 deals, &c., 9 fms. firewood",,31,Feb,1889,8,June,1889,True,condensed,0.9,"Southella (s)-Skutskar-58,358 deals, &c., 9 fms. firewood-Order"
18890608p.564_p001.txt,104,Malvina Wendt,Danzig,GRIMSBY,"3,486 pcs. fir timber-H. Smith & Co.",H. Smith & Co.,31,Feb,1889,8,June,1889,False,condensed,0.9,"Malvina Wendt-Danzig-3,486 pcs. fir timber-H. Smith & Co."
18890608p.564_p001.txt,105,Bride,Sundswall,GRIMSBY,"39,221 deals, &c.-Heaven & Kesterton",Heaven & Kesterton,31,Feb,1889,8,June,1889,True,condensed,0.9,"Bride (s)-Sundswall-39,221 deals, &c.-Heaven & Kesterton"
18890608p.564_p001.txt,106,Albert,Rotterdam,GRIMSBY,650 bdls. hoops,,31,Feb,1889,8,June,1889,True,condensed,0.9,Albert (s)-Rotterdam-650 bdls. hoops-Order
18890608p.564_p001.txt,107,Cameo,Gothenburg,GRIMSBY,"8,386 props, 40 doors-Wilson, Sons, & Co. 335 bdls. handles, 1,500 bdls. laths-T. W. Allen; 659 bdls. laths-Heaven & Kesterton; 1,000 bdls. laths-Order","Wilson, Sons, & Co.",31,Feb,1889,8,June,1889,True,condensed,0.9,"Cameo (s)-Gothenburg-8,386 props, 40 doors-Wilson, Sons, & Co.; 335 bdls. handles, 1,500 bdls. laths-T. W. Allen; 659 bdls. laths-Heaven & Kesterton; 1,000 bdls. laths-Order"
18890608p.564_p001.txt,108,Swift,Rotterdam,GRIMSBY,800 bdls. hoops-Hutchinson & Son,Hutchinson & Son,31,Feb,1889,8,June,1889,True,condensed,0.9,Swift (s)-Rotterdam-800 bdls. hoops-Hutchinson & Son
18890608p.564_p001.txt,109,Livorno,St. Petersburg,GRIMSBY,"2,758 pcs. lathwood, 217 rickers",,3,Feb,1889,8,June,1889,True,condensed,0.9,"3 Livorno (s)-St. Petersburg-2,758 pcs. lathwood, 217 rickers-Order"
18890608p.564_p001.txt,110,Milan,Iggesund,GRIMSBY,"92,789 deals, battens, &c.",,3,Feb,1889,8,June,1889,True,condensed,0.9,"Milan (s)-Iggesund-92,789 deals, battens, &c.-Order"
18890608p.564_p001.txt,111,Roraima,Wyborg,GRIMSBY,"74,232 deals, &c.-Wade, Sons, & Co.","Wade, Sons, & Co.",3,Feb,1889,8,June,1889,True,condensed,0.9,"Roraima (s)-Wyborg-74,232 deals, &c.-Wade, Sons, & Co."
18890608p.564_p001.txt,112,Severn,Gefle,GRIMSBY,"14,115 deals and battens",,3,Feb,1889,8,June,1889,True,condensed,0.9,"Severn (s)-Gefle-14,115 deals and battens-Order"
18890608p.564_p001.txt,113,Volturno,Bombay,GRIMSBY,50 bdls. wood-Wilson,Wilson,3,Feb,1889,8,June,1889,True,condensed,0.9,Volturno (s)-Bombay-50 bdls. wood-Wilson
18890608p.564_p001.txt,114,T. W. Allen Angelo,Christiania,GRIMSBY,"2,520 bdls. boards-Wilson, Sons, & Co.","Wilson, Sons, & Co.",3,Feb,1889,8,June,1889,True,condensed,0.9,"T. W. Allen Angelo (s)-Christiania-2,520 bdls. boards-Wilson, Sons, & Co."
18890608p.564_p001.txt,116,Argo,Drontheim,GRIMSBY,"1,048 bdls. laths-T. W. Allen",T. W. Allen,3,Feb,1889,8,June,1889,True,condensed,0.9,"Argo (s)-Drontheim-1,048 bdls. laths-T. W. Allen"
18890608p.564_p001.txt,117,Charkow,Libau,GRIMSBY,"2,298 pcs. birchwood",,5,Feb,1889,8,June,1889,True,condensed,0.9,"5 Charkow (s)-Libau-2,298 pcs. birchwood-Order"
18890608p.564_p001.txt,120,Stadt,Pensacola,GRIMSBY,"1,271 pcs. sawn fir, 370 fir deals-C. Blades",C. Blades,5,Feb,1889,8,June,1889,False,condensed,0.9,"Stadt-Pensacola-1,271 pcs. sawn fir, 370 fir deals-C. Blades"
18890608p.564_p001.txt,123,Lestris,Rotterdam,LIVERPOOL,"3,938 bdls. hoops, 10 cs. staves, 31 bdls. headings",,5,Feb,1889,8,June,1889,True,condensed,0.9,"Lestris (s)-Rotterdam-3,938 bdls. hoops, 10 cs. staves, 31 bdls. headings-Order"
18890608p.564_p001.txt,124,Drysdale Bros. Norden,"Gold River, N.S.",LIVERPOOL,"14,767 spruce deals",,5,Feb,1889,8,June,1889,False,condensed,0.9,"Drysdale Bros. Norden-Gold River, N.S.-14,767 spruce deals-Order"
18890608p.564_p001.txt,126,Melanie,Fredrikstad,LIVERPOOL,"41,312 boards-F. Briesemann & Co.",F. Briesemann & Co.,5,Feb,1889,8,June,1889,False,condensed,0.9,"Melanie-Fredrikstad-41,312 boards-F. Briesemann & Co."
18890608p.564_p001.txt,128,New,York,LIVERPOOL,"1,798 staves-Hattley",Hattley,5,Feb,1889,8,June,1889,False,condensed,0.9,"New York-1,798 staves-Hattley"
18890608p.564_p001.txt,130,Princess Alexandre,Bordeaux,LIVERPOOL,"533 bdls. staves, 41 bdls. esk. ends",,5,Feb,1889,8,June,1889,False,condensed,0.9,"Princess Alexandre-Bordeaux-533 bdls. staves, 41 bdls. esk. ends-Order"
18890608p.564_p001.txt,134,Celtic,New York,LIVERPOOL,"1,000 staves-Hay",Hay,5,Feb,1889,8,June,1889,True,condensed,0.9,"Celtic (s)-New York-1,000 staves-Hay"
18890608p.564_p001.txt,135,Germanic,New Orleans,LIVERPOOL,"3,480 pine boards-Taylor & Low Bros.",Taylor & Low Bros.,5,Feb,1889,8,June,1889,True,condensed,0.9,"Germanic (s)-New Orleans-3,480 pine boards-Taylor & Low Bros."
18890608p.564_p001.txt,137,Wyoming,New York,LIVERPOOL,"164 oars-Irwin & Co. 18 cs. spokes, 1 cs. hubs-R. Newell & Co.; 59 cs. handles, 40 cs. spokes, 2,604 staves-Order",Irwin & Co.,5,Feb,1889,8,June,1889,True,condensed,0.9,"Wyoming (s)-New York-164 oars-Irwin & Co.; 18 cs. spokes, 1 cs. hubs-R. Newell & Co.; 59 cs. handles, 40 cs. spokes, 2,604 staves-Order"
18890608p.564_p001.txt,138,Bothnia,New York,LIVERPOOL,"2,500 staves",,5,Feb,1889,8,June,1889,True,condensed,0.9,"Bothnia (s)-New York-2,500 staves-Order"
18890608p.564_p001.txt,139,Ohio,Philadelphia,LIVERPOOL,qty. staves-Drysdale Bros.,Drysdale Bros.,5,Feb,1889,8,June,1889,True,condensed,0.9,Ohio (s)-Philadelphia-qty. staves-Drysdale Bros.
18890608p.564_p001.txt,140,Rialto,St. John,LIVERPOOL,"41,295 deals and battens, 3,691 scantlings, 4,080 ends, 107 boards-Farnworth & Jardine",Farnworth & Jardine,5,Feb,1889,8,June,1889,False,condensed,0.9,"Rialto-St. John-41,295 deals and battens, 3,691 scantlings, 4,080 ends, 107 boards-Farnworth & Jardine"
18890608p.564_p001.txt,141,Onsel,Rotterdam,LIVERPOOL,"1,400 bdls. hoops",,5,Feb,1889,8,June,1889,True,condensed,0.9,"Onsel (s)-Rotterdam-1,400 bdls. hoops-Order"
18890608p.564_p001.txt,142,Lennie,"St. John, N.B.",LIVERPOOL,"783 pcs. birch timber-Ellison, Murphy, & Co. 17,526 deals and battens, 739 scantlings, 5,712 deal ends-Order","Ellison, Murphy, & Co.",5,Feb,1889,8,June,1889,False,condensed,0.9,"Lennie-St. John, N.B.-783 pcs. birch timber-Ellison, Murphy, & Co.; 17,526 deals and battens, 739 scantlings, 5,712 deal ends-Order"
18890608p.564_p001.txt,143,Abana,Montreal,LIVERPOOL,"16,788 deals, 6,072 boards, 2,226 deal ends-C. Taylor, Sons, & Co.","C. Taylor, Sons, & Co.",5,Feb,1889,8,June,1889,False,condensed,0.9,"Abana-Montreal-16,788 deals, 6,072 boards, 2,226 deal ends-C. Taylor, Sons, & Co."
18890608p.564_p001.txt,144,Oxenholme,New York,LIVERPOOL,"1,000 no. staves, 195 bdls. handles",,5,Feb,1889,8,June,1889,True,condensed,0.9,"Oxenholme (s)-New York-1,000 no. staves, 195 bdls. handles-Order"
18890608p.564_p001.txt,145,Livingstone,Boston,LIVERPOOL,"6,800 old staves-Hay",Hay,5,Feb,1889,8,June,1889,False,condensed,0.9,"Livingstone-Boston-6,800 old staves-Hay"
18890608p.564_p001.txt,146,Rimmer,Boston,LIVERPOOL,"9,400 staves-Hay",Hay,5,Feb,1889,8,June,1889,True,condensed,0.9,"Rimmer (s)-Boston-9,400 staves-Hay"
18890608p.564_p001.txt,147,Greenock-Chicago,New York,LIVERPOOL,500 hhd. staves-Hattley Hay,Hattley Hay,5,Feb,1889,8,June,1889,True,condensed,0.9,Greenock-Chicago (s)-New York-500 hhd. staves-Hattley Hay
18890608p.564_p001.txt,148,Worth & Jones,Philadelphia,LIVERPOOL,"6,500 staves-Drysdale Bros.",Drysdale Bros.,5,Feb,1889,8,June,1889,False,condensed,0.9,"Worth & Jones-Philadelphia-6,500 staves-Drysdale Bros."
18890608p.564_p001.txt,149,Montreal,Savannah,LIVERPOOL,"6,239 ppe. planks-T. Rimington 600 ppe. and 4,850 wo. staves-Order",T. Rimington,5,Feb,1889,8,June,1889,True,condensed,0.9,"Montreal (s)-Savannah-6,239 ppe. planks-T. Rimington; 600 ppe. and 4,850 wo. staves-Order"
18890608p.564_p001.txt,150,MISSING_FROM_OCR,Trieste,LIVERPOOL,"1 bdl., and 7,200 oak staves-Drysdale Bros. from Fiume-261 staves-S. Priday",Drysdale Bros.,5,Feb,1889,8,June,1889,False,condensed,0.9,"Trieste-1 bdl., and 7,200 oak staves-Drysdale Bros.; from Fiume-261 staves-S. Priday"
18890608p.564_p001.txt,151,MISSING_FROM_OCR,Montreal,LIVERPOOL,"107 logs-Watson & Co. 8,443 maple blocks-T. Mitchell; 1,226 pcs. scantlings-R. Curwen & Son; 7,179 deals-Order",Watson & Co.,5,Feb,1889,8,June,1889,False,condensed,0.9,"Montreal-107 logs-Watson & Co.; 8,443 maple blocks-T. Mitchell; 1,226 pcs. scantlings-R. Curwen & Son; 7,179 deals-Order"
18890608p.564_p001.txt,153,Teniers,Boston,LIVERPOOL,"1,200 butt and 5,370 staves-Drysdale Bros. 185 bdls. shooks-Order",Drysdale Bros.,5,Feb,1889,8,June,1889,True,condensed,0.9,"Teniers (s)-Boston-1,200 butt and 5,370 staves-Drysdale Bros.; 185 bdls. shooks-Order"
18890608p.564_p001.txt,154,Chaloner & Co.,New York,LIVERPOOL,"600 bdls. staves-Hattley Hay 50 bdls. snaths-L. & N. W. Railway Co.; 1,200 ppe. staves-E. Chaloner & Co.; 7 cs. handles-Order",Hattley Hay,5,Feb,1889,8,June,1889,False,condensed,0.9,"Chaloner & Co.-New York-600 bdls. staves-Hattley Hay; 50 bdls. snaths-L. & N. W. Railway Co.; 1,200 ppe. staves-E. Chaloner & Co.; 7 cs. handles-Order"
18890608p.564_p001.txt,155,Barrowmore,"St. John, N.B.",LIVERPOOL,"42,004 deals and battens, 2,525 pcs. scantling, 9,233 deal ends, 2,997 boards, 7,196 birch planks, 105 birch scantling, 563 birch deal ends-Farnworth & Jardine",Farnworth & Jardine,5,Feb,1889,8,June,1889,True,condensed,0.9,"Barrowmore (s)-St. John, N.B.-42,004 deals and battens, 2,525 pcs. scantling, 9,233 deal ends, 2,997 boards, 7,196 birch planks, 105 birch scantling, 563 birch deal ends-Farnworth & Jardine"
18890608p.564_p001.txt,156,MISSING_FROM_OCR,Montreal,LIVERPOOL,"1,603 pcs. lumber-T. B. Farnworth & Co. 189 cs. shutter laths-T. Brown",T. B. Farnworth & Co.,5,Feb,1889,8,June,1889,False,condensed,0.9,"Montreal-1,603 pcs. lumber-T. B. Farnworth & Co.; 189 cs. shutter laths-T. Brown"
18890608p.564_p001.txt,157,American,Riga,LIVERPOOL,"10,631 pcs. lathwood-J. B. Jewett",J. B. Jewett,5,Feb,1889,8,June,1889,True,condensed,0.9,"American (s)-Riga-10,631 pcs. lathwood-J. B. Jewett"
18890608p.564_p001.txt,158,Gallego,Gerhardina,LIVERPOOL,"Danzig 1,354 pcs. oak, 64 pcs. oak scantlings, 64 pcs. large oak, 1,603 pcs. fir timber-Churchill & Sim",Churchill & Sim,5,Feb,1889,8,June,1889,True,condensed,0.9,"Gallego (s)- Gerhardina-Danzig 1,354 pcs. oak, 64 pcs. oak scantlings, 64 pcs. large oak, 1,603 pcs. fir timber-Churchill & Sim"
18890608p.564_p001.txt,160,Lady,Presta,LIVERPOOL,"17,079 battens and ends",,4,Feb,1889,8,June,1889,False,condensed,0.9,"4 Lady-Presta-17,079 battens and ends-Order"
18890608p.564_p001.txt,161,Ilma,Abo,LIVERPOOL,"186 fms. deals and boards, 67,341 palings",,4,Feb,1889,8,June,1889,False,condensed,0.9,"Ilma-Abo-186 fms. deals and boards, 67,341 palings-Order"
18890608p.564_p001.txt,162,Mayfield,St. Petersburg,LIVERPOOL,"14,581 deals, 9,101 pcs. lathwood, 450 rickers",,4,Feb,1889,8,June,1889,True,condensed,0.9,"Mayfield (s)-St. Petersburg-14,581 deals, 9,101 pcs. lathwood, 450 rickers-Order"
18890608p.564_p001.txt,163,Balmuir,St. Petersburg,LIVERPOOL,"1,000 rickers, 213 deals and battens, 1,000 battens, and ends, 37 fms. firewood",,4,Feb,1889,8,June,1889,True,condensed,0.9,"Balmuir (s)-St. Petersburg-1,000 rickers, 213 deals and battens, 1,000 battens, and ends, 37 fms. firewood-Order"
18890608p.564_p001.txt,164,Granville,Riga,LIVERPOOL,"931 deals, 9,333 pcs. lathwood-J. B. R. Arning",J. B. R. Arning,4,Feb,1889,8,June,1889,True,condensed,0.9,"Granville (s)-Riga-931 deals, 9,333 pcs. lathwood-J. B. R. Arning"
18890608p.564_p001.txt,165,Urbino,St. Petersburg,LIVERPOOL,"1,037 pcs. blocks, 870 deals, 97 ends-Churchill & Co. 26 fms. firewood, 1,037 pcs., 2,059 deals and ends, 13,886 mouldings-Order",Churchill & Co.,4,Feb,1889,8,June,1889,True,condensed,0.9,"Urbino (s)-St. Petersburg-1,037 pcs. blocks, 870 deals, 97 ends-Churchill & Co.; 26 fms. firewood, 1,037 pcs., 2,059 deals and ends, 13,886 mouldings-Order"
18890608p.564_p001.txt,168,Belmont,Axmar,LIVERPOOL,"25,789 deals and battens",,4,Feb,1889,8,June,1889,True,condensed,0.9,"Belmont (s)-Axmar-25,789 deals and battens-Order"
18890608p.564_p001.txt,169,Rialto,New York,LIVERPOOL,"1,024 bdls. staves-Hattley Hay 1,672 pkgs. lumber-Order",Hattley Hay,4,Feb,1889,8,June,1889,True,condensed,0.9,"Rialto (s)-New York-1,024 bdls. staves-Hattley Hay; 1,672 pkgs. lumber-Order"
18890608p.564_p001.txt,170,MISSING_FROM_OCR,Trieste,LIVERPOOL,"624 bdls. staves, 3,161 pcs., 66 bdls. oak planks",,4,Feb,1889,8,June,1889,False,condensed,0.9,"Trieste-624 bdls. staves, 3,161 pcs., 66 bdls. oak planks-Order"
18890608p.564_p001.txt,172,MISSING_FROM_OCR,Gothenburg,LIVERPOOL,"22,200 props-With, Webster, & Co. 548 props-Raffety, Thornton, & Co.","With, Webster, & Co.",4,Feb,1889,8,June,1889,False,condensed,0.9,"Gothenburg-22,200 props-With, Webster, & Co.; 548 props-Raffety, Thornton, & Co."
18890608p.564_p001.txt,173,Cameo,Gothenburg,LIVERPOOL,"1,000 props",,4,Feb,1889,8,June,1889,True,condensed,0.9,"Cameo (s)-Gothenburg-1,000 props-Order"
18890608p.564_p001.txt,174,Lydian Monarch,New York,LIVERPOOL,"1,000 staves-Churchill & Sim 200 bdls. staves, 272 pcs. oak-B. F. Dowdeswell; 2,000 bdls. box-stock, 775 doors-Order",Churchill & Sim,4,Feb,1889,8,June,1889,True,condensed,0.9,"Lydian Monarch (s)-New York-1,000 staves-Churchill & Sim; 200 bdls. staves, 272 pcs. oak-B. F. Dowdeswell; 2,000 bdls. box-stock, 775 doors-Order"
18890608p.564_p001.txt,175,Christian IX.,Konigsberg,LIVERPOOL,"1,736 pcs. fir timber",,3,Feb,1889,8,June,1889,True,condensed,0.9,"3 Christian IX. (s)-Konigsberg-1,736 pcs. fir timber-Order"
18890608p.564_p001.txt,176,Dwina,St. Petersburg,LIVERPOOL,"4,822 fms. firewood-Foy, Morgan, & Co.","Foy, Morgan, & Co.",3,Feb,1889,8,June,1889,True,condensed,0.9,"Dwina (s)-St. Petersburg-4,822 fms. firewood-Foy, Morgan, & Co."
18890608p.564_p001.txt,178,Varna,St. Petersburg,LIVERPOOL,"1,080 fms. firewood-Morgan, & Co. 4,822 fms. firewood-Order","Morgan, & Co.",3,Feb,1889,8,June,1889,True,condensed,0.9,"Varna (s)-St. Petersburg-1,080 fms. firewood-Morgan, & Co.; 4,822 fms. firewood-Order"
18890608p.564_p001.txt,179,Bele,Gothenburg,LIVERPOOL,"125 bdls. mouldings-R. Crow & Son 294 bdls. mouldings, 2,504 boards-Berner & Nielsen",R. Crow & Son,3,Feb,1889,8,June,1889,True,condensed,0.9,"Bele (s)-Gothenburg-125 bdls. mouldings-R. Crow & Son; 294 bdls. mouldings, 2,504 boards-Berner & Nielsen"
18890608p.564_p001.txt,180,Onni,Gefle,LIVERPOOL,149 fms. firewood,,3,Feb,1889,8,June,1889,False,condensed,0.9,Onni-Gefle-149 fms. firewood-Order
18890608p.564_p001.txt,182,Malaga,Stockholm,LIVERPOOL,"47,316 deals and boards, 39 fms. firewood, 87 doz. battens",,3,Feb,1889,8,June,1889,True,condensed,0.9,"Malaga (s)-Stockholm-47,316 deals and boards, 39 fms. firewood, 87 doz. battens-Order"
18890608p.564_p001.txt,183,Fremona,Montreal,LIVERPOOL,"11,286 deals and birch",,4,Feb,1889,8,June,1889,True,condensed,0.9,"4 Fremona (s)-Montreal-11,286 deals and birch-Order"
18890608p.564_p001.txt,186,Erin,New York,LIVERPOOL,"10 cs. handles-Hillier Organ Co. 90 bdls. staves, 272 pcs. lumber, 140 pcs. cocoa wood-Order",Hillier Organ Co.,4,Feb,1889,8,June,1889,True,condensed,0.9,"Erin (s)-New York-10 cs. handles-Hillier Organ Co.; 90 bdls. staves, 272 pcs. lumber, 140 pcs. cocoa wood-Order"
18890608p.564_p001.txt,189,Albatross,Bordeaux,LIVERPOOL,825 bdls. staves,,4,Feb,1889,8,June,1889,True,condensed,0.9,Albatross (s)-Bordeaux-825 bdls. staves-Order
18890608p.564_p001.txt,193,Victoria,Ljusne,LIVERPOOL,"10,018 deals and battens, 10,112 boards 1,000 planks, 6 fms. firewood-Captain",,4,Feb,1889,8,June,1889,True,condensed,0.9,"Victoria (s)-Ljusne-10,018 deals and battens, 10,112 boards-Order; 1,000 planks, 6 fms. firewood-Captain"
18890608p.564_p001.txt,196,Taurus,Rotterdam,LIVERPOOL,881 oak staves,,4,Feb,1889,8,June,1889,True,condensed,0.9,Taurus (s)-Rotterdam-881 oak staves-Order
18890608p.564_p001.txt,200,Carlialis,New York,LIVERPOOL,"4,800 staves-Churchill & Sim 1 car lumber-Order",Churchill & Sim,4,Feb,1889,8,June,1889,True,condensed,0.9,"Carlialis (s)-New York-4,800 staves-Churchill & Sim; 1 car lumber-Order"
18890608p.564_p001.txt,203,Chevington,Treport,LIVERPOOL,300 bdls. staves,,4,Feb,1889,8,June,1889,True,condensed,0.9,Chevington (s)-Treport-300 bdls. staves-Order
18890608p.564_p002.txt,2,Norway,Abo,LIVERPOOL,"49,069 deals and battens",,4,Feb,1889,8,June,1889,True,condensed,0.9,"Norway (s)-Abo-49,069 deals and battens-Order"
18890608p.564_p002.txt,3,Ottoman,Riga,LIVERPOOL,"1,156 pcs. timber, 4,835 pcs. lathwood",,4,Feb,1889,8,June,1889,False,condensed,0.9,"Ottoman-Riga-1,156 pcs. timber, 4,835 pcs. lathwood-Order"
18890608p.564_p002.txt,4,Go Ahead,Danzig,LIVERPOOL,"334 pcs. fir timber, 1,074 fir scantlings, 190 fir crossing blocks, 1,164 fir crossings",,4,Feb,1889,8,June,1889,False,condensed,0.9,"Go Ahead-Danzig-334 pcs. fir timber, 1,074 fir scantlings, 190 fir crossing blocks, 1,164 fir crossings-Order"
18890608p.564_p002.txt,5,Alpha,Drammen,LIVERPOOL,"410 doz. battens-Bryson, Bros. 49 stds. boards-Boyson & Slee ; 119 fms. firewood-H. Hilden ; 26,881 bdls. hoops-Order","Bryson, Bros.",4,Feb,1889,8,June,1889,False,condensed,0.9,"Alpha-Drammen-410 doz. battens-Bryson, Bros. ; 49 stds. boards-Boyson & Slee ; 119 fms. firewood-H. Hilden ; 26,881 bdls. hoops-Order"
18890608p.564_p002.txt,6,Bertha,Abo,LIVERPOOL,"1 fm. firewood-K. A. Grinstedt 113 fms. firewood, 6,342 battens-Order",K. A. Grinstedt,4,Feb,1889,8,June,1889,False,condensed,0.9,"Bertha-Abo-1 fm. firewood-K. A. Grinstedt ; 113 fms. firewood, 6,342 battens-Order"
18890608p.564_p002.txt,7,Godmunding,Riga,LIVERPOOL,"8,597 pcs. lathwood",,4,Feb,1889,8,June,1889,True,condensed,0.9,"Godmunding (s)-Riga-8,597 pcs. lathwood-Order"
18890608p.564_p002.txt,8,Aurora,Cronstadt,LIVERPOOL,"12,523 deals, 3,441 deal ends-Simson & Mason 4,368 deal ends, 19 fms. firewood-Order",Simson & Mason,4,Feb,1889,8,June,1889,True,condensed,0.9,"Aurora (s)-Cronstadt-12,523 deals, 3,441 deal ends-Simson & Mason ; 4,368 deal ends, 19 fms. firewood-Order"
18890608p.564_p002.txt,9,Arena,Uddevalla,LIVERPOOL,"42 crts. trellis, 1,094 bdls. mouldings, 200 doors, 161 bdls. abutter laths-T. Brown",T. Brown,4,Feb,1889,8,June,1889,True,condensed,0.9,"Arena (s)-Uddevalla-42 crts. trellis, 1,094 bdls. mouldings, 200 doors, 161 bdls. abutter laths-T. Brown"
18890608p.564_p002.txt,10,Braemar,Riga,LIVERPOOL,"10,631 pcs. lathwood-G. Jewett",G. Jewett,4,Feb,1889,8,June,1889,True,condensed,0.9,"Braemar (s)-Riga-10,631 pcs. lathwood-G. Jewett"
18890608p.564_p002.txt,11,Danzig,Danzig,LIVERPOOL,"1,354 pcs. oak, 1,000 oak scantlings, 64 pcs. larch timber, 1,000 pcs. fir timber-Churchill & Sim",Churchill & Sim,4,Feb,1889,8,June,1889,False,condensed,0.9,"Danzig-Danzig-1,354 pcs. oak, 1,000 oak scantlings, 64 pcs. larch timber, 1,000 pcs. fir timber-Churchill & Sim"
18890608p.564_p002.txt,12,Lady,Presta,LIVERPOOL,"17,079 battens and scantlings",,4,Feb,1889,8,June,1889,False,condensed,0.9,"Lady-Presta-17,079 battens and scantlings-Order"
18890608p.564_p002.txt,13,Ilma,Abo,LIVERPOOL,"186 fms. deals and battens, 67,941 palings",,4,Feb,1889,8,June,1889,False,condensed,0.9,"Ilma-Abo-186 fms. deals and battens, 67,941 palings-Order"
18890608p.564_p002.txt,14,Mayfield,St. Petersburg,LIVERPOOL,"14 fms. firewood, 9,101 pcs. lathwood, 450 rickers",,4,Feb,1889,8,June,1889,True,condensed,0.9,"Mayfield (s)-St. Petersburg-14 fms. firewood, 9,101 pcs. lathwood, 450 rickers-Order"
18890608p.564_p002.txt,15,Balmuir,St. Petersburg,LIVERPOOL,"1,900 rickers, 213 deals and battens, 420 deal ends, 37 fms. whitewood",,4,Feb,1889,8,June,1889,True,condensed,0.9,"Balmuir (s)-St. Petersburg-1,900 rickers, 213 deals and battens, 420 deal ends, 37 fms. whitewood-Order"
18890608p.564_p002.txt,16,Granville,Riga,LIVERPOOL,"931 deals, 800 sleepers, 9,883 pcs. lathwood-J. B. R. Langford",J. B. R. Langford,4,Feb,1889,8,June,1889,True,condensed,0.9,"Granville (s)-Riga-931 deals, 800 sleepers, 9,883 pcs. lathwood-J. B. R. Langford"
18890608p.564_p002.txt,17,Urbino,St. Petersburg,LIVERPOOL,"1,277 sleeper blocks, 870 deals, 97 ends-Tagart, Beaton & Co. 26 fms. firewood, 6,014 deals, 2,059 deals and ends, 13,886 pgs. lathwood-Order","Tagart, Beaton & Co.",4,Feb,1889,8,June,1889,True,condensed,0.9,"Urbino (s)-St. Petersburg-1,277 sleeper blocks, 870 deals, 97 ends-Tagart, Beaton & Co. ; 26 fms. firewood, 6,014 deals, 2,059 deals and ends, 13,886 pgs. lathwood-Order"
18890608p.564_p002.txt,19,Belmont,Axmar,LIVERPOOL,"25,332 deals and battens",,4,Feb,1889,8,June,1889,True,condensed,0.9,"Belmont (s)-Axmar-25,332 deals and battens-Order"
18890608p.564_p002.txt,20,Rialto,New York,LIVERPOOL,"1,024 bdls. staves-Hay 1,672 pkgs. lumber-C. Hofferberth ; 600 staves, 3,161 pcs. wood-Churchill & Sim ; 2,628 pkgs. wood-Order",Hay,4,Feb,1889,8,June,1889,True,condensed,0.9,"Rialto (s)-New York-1,024 bdls. staves-Hay ; 1,672 pkgs. lumber-C. Hofferberth ; 600 staves, 3,161 pcs. wood-Churchill & Sim ; 2,628 pkgs. wood-Order"
18890608p.564_p002.txt,21,Zaire,Trieste,LIVERPOOL,"624 bdls. parquets, 2,025 pcs., 66 bdls. oak planks",,31,Feb,1889,8,June,1889,True,condensed,0.9,"31 Zaire (s)-Trieste-624 bdls. parquets, 2,025 pcs., 66 bdls. oak planks-Order"
18890608p.564_p002.txt,22,MISSING_FROM_OCR,Gothenburg,LIVERPOOL,"22,199 boards-With, Webster, & Co. 548 doz. battens-Raffety, Thornton, & Co. ; 1,768 doz. boards, 224 doz. battens, 15 fms. firewood-Order","With, Webster, & Co.",31,Feb,1889,8,June,1889,False,condensed,0.9,"Gothenburg-22,199 boards-With, Webster, & Co. ; 548 doz. battens-Raffety, Thornton, & Co. ; 1,768 doz. boards, 224 doz. battens, 15 fms. firewood-Order"
18890608p.564_p002.txt,23,Lydian Monarch,New York,LIVERPOOL,"2,891 staves-Churchill & Sim 200 pkgs., 1,105 pcs. oak-B. F. Dowdeswell ; 4,240 pkgs. box-stock, 775 doors-Order",Churchill & Sim,31,Feb,1889,8,June,1889,True,condensed,0.9,"Lydian Monarch (s)-New York-2,891 staves-Churchill & Sim ; 200 pkgs., 1,105 pcs. oak-B. F. Dowdeswell ; 4,240 pkgs. box-stock, 775 doors-Order"
18890608p.564_p002.txt,24,Christian IX.,Konigsberg,LIVERPOOL,"1,890 sleepers and blocks",,3,Feb,1889,8,June,1889,True,condensed,0.9,"3 Christian IX. (s)-Konigsberg-1,890 sleepers and blocks-Order"
18890608p.564_p002.txt,25,Dwina,St. Petersburg,LIVERPOOL,"4,823 pcs. lathwood-Foy, Morgan, & Co.","Foy, Morgan, & Co.",3,Feb,1889,8,June,1889,True,condensed,0.9,"Dwina (s)-St. Petersburg-4,823 pcs. lathwood-Foy, Morgan, & Co."
18890608p.564_p002.txt,26,Varna,St. Petersburg,LIVERPOOL,"1,080 rickers-Foy, Morgan, & Co. 4,822 fms. firewood-Order","Foy, Morgan, & Co.",3,Feb,1889,8,June,1889,True,condensed,0.9,"Varna (s)-St. Petersburg-1,080 rickers-Foy, Morgan, & Co. ; 4,822 fms. firewood-Order"
18890608p.564_p002.txt,27,Bele,Gothenburg,LIVERPOOL,"125 bdls. mouldings-W. R. Crow & Son 294 bdls. mouldings, 2,504 boards-Berner & Nielsen ; 339 bdls. mouldings-J. Sandell & Co. ; 29 bdls. doors-Hunt & Co. ; 200 bdls. laths, 2,058 bdls. box boards, 102 prs. oars-Order",W. R. Crow & Son,3,Feb,1889,8,June,1889,True,condensed,0.9,"Bele (s)-Gothenburg-125 bdls. mouldings-W. R. Crow & Son ; 294 bdls. mouldings, 2,504 boards-Berner & Nielsen ; 339 bdls. mouldings-J. Sandell & Co. ; 29 bdls. doors-Hunt & Co. ; 200 bdls. laths, 2,058 bdls. box boards, 102 prs. oars-Order"
18890608p.564_p002.txt,28,Onni,Gefle,LIVERPOOL,149 fms. firewood,,3,Feb,1889,8,June,1889,False,condensed,0.9,Onni-Gefle-149 fms. firewood-Order
18890608p.564_p002.txt,29,Malaga,Stockholm,LIVERPOOL,"47,316 bdls. box boards, 39 fms. firewood, 87 doz. deals and battens",,3,Feb,1889,8,June,1889,True,condensed,0.9,"Malaga (s)-Stockholm-47,316 bdls. box boards, 39 fms. firewood, 87 doz. deals and battens-Order"
18890608p.564_p002.txt,30,Fremona,Montreal,LIVERPOOL,"11,286 deals, 171 pcs. birch",,4,Feb,1889,8,June,1889,True,condensed,0.9,"4 Fremona (s)-Montreal-11,286 deals, 171 pcs. birch-Order"
18890608p.564_p002.txt,32,Erin,New York,LIVERPOOL,"10 cs. lumber-Hillier Organ Co. 90 bdls. sticks, 4 bdls. lumber, 140 pcs. cocoa wood-Order",Hillier Organ Co.,4,Feb,1889,8,June,1889,True,condensed,0.9,"Erin (s)-New York-10 cs. lumber-Hillier Organ Co. ; 90 bdls. sticks, 4 bdls. lumber, 140 pcs. cocoa wood-Order"
18890608p.564_p002.txt,34,British Empire,Boston,LIVERPOOL,"8,400 staves-Drysdale Bros. 272 pcs. lumber-Order",Drysdale Bros.,4,Feb,1889,8,June,1889,True,condensed,0.9,"British Empire (s)-Boston-8,400 staves-Drysdale Bros. ; 272 pcs. lumber-Order"
18890608p.564_p002.txt,35,Ocean King,Montreal,LIVERPOOL,"8,010 deals",,4,Feb,1889,8,June,1889,True,condensed,0.9,"Ocean King (s)-Montreal-8,010 deals-Order"
18890608p.564_p002.txt,37,Albatross,Bordeaux,LIVERPOOL,825 bdls. hoops,,4,Feb,1889,8,June,1889,True,condensed,0.9,Albatross (s)-Bordeaux-825 bdls. hoops-Order
18890608p.564_p002.txt,39,Victoria,Ljusne,LIVERPOOL,"10,018 deals, 9,334 battens, 10,112 boards 10 doz. planks, 6 fms. firewood-Captain",,4,Feb,1889,8,June,1889,True,condensed,0.9,"Victoria (s)-Ljusne-10,018 deals, 9,334 battens, 10,112 boards-Order ; 10 doz. planks, 6 fms. firewood-Captain"
18890608p.564_p002.txt,41,Taurus,Rotterdam,LIVERPOOL,381 oak planks,,4,Feb,1889,8,June,1889,True,condensed,0.9,Taurus(s)-Rotterdam-381 oak planks-Order
18890608p.564_p002.txt,43,Carlisle,New York,LIVERPOOL,"4,800 staves-Churchill & Sim 1 car lumber-Order",Churchill & Sim,4,Feb,1889,8,June,1889,True,condensed,0.9,"Carlisle (s)-New York-4,800 staves-Churchill & Sim ; 1 car lumber-Order"
18890608p.564_p002.txt,45,Chevington,Treport,LIVERPOOL,300 bgs wood,,4,Feb,1889,8,June,1889,True,condensed,0.9,Chevington (s)-Treport-300 bgs wood-Order
18890608p.564_p002.txt,47,Busy Bee,Gothenburg,LIVERPOOL,"2,400 props",,4,Feb,1889,8,June,1889,True,condensed,0.9,"Busy Bee (s)-Gothenburg-2,400 props-Order"
18890608p.564_p002.txt,48,Orrito,Gefle,LIVERPOOL,"1,673 deals and battens, 15,813 pcs. hewn fir",,4,Feb,1889,8,June,1889,True,condensed,0.9,"Orrito (s)-Gefle-1,673 deals and battens, 15,813 pcs. hewn fir-Order"
18890608p.564_p002.txt,49,Levang,Ahus,LIVERPOOL,"12,350 props",,4,Feb,1889,8,June,1889,False,condensed,0.9,"Levang-Ahus-12,350 props-Order"
18890608p.564_p002.txt,50,Kirstine,Arendal,LIVERPOOL,"10,000 props",,4,Feb,1889,8,June,1889,False,condensed,0.9,"Kirstine-Arendal-10,000 props-Order"
18890608p.564_p002.txt,51,Napoleon,Uddevalla,LIVERPOOL,"12,000 props",,4,Feb,1889,8,June,1889,False,condensed,0.9,"Napoleon-Uddevalla-12,000 props-Order"
18890608p.564_p002.txt,52,Bjorke,Gefle,LIVERPOOL,"1,000 props",,4,Feb,1889,8,June,1889,False,condensed,0.9,"Bjorke-Gefle-1,000 props-Order"
18890608p.564_p002.txt,53,Gwendoline,Halmstad,LIVERPOOL,"12,999 props-Wiener",Wiener,4,Feb,1889,8,June,1889,False,condensed,0.9,"Gwendoline-Halmstad-12,999 props-Wiener"
18890608p.564_p002.txt,57,Gaa Paa,Fredrikstad,LIVERPOOL,"403 deals, 12,767 pcs. flooring, 35,588 bdls. boxwood",,4,Feb,1889,8,June,1889,True,condensed,0.9,"Gaa Paa (s)-Fredrikstad-403 deals, 12,767 pcs. flooring, 35,588 bdls. boxwood-Order"
18890608p.564_p002.txt,59,Adjutor,Apollo Harbour,LIVERPOOL,"2,500 headings, 298,100 staves, 28,500 no. staves",,4,Feb,1889,8,June,1889,False,condensed,0.9,"Adjutor-Apollo Harbour-2,500 headings, 298,100 staves, 28,500 no. staves-Order"
18890608p.564_p002.txt,61,Freda,Danzig,LIVERPOOL,"707 scantlings-R. Wade Sons & Co. 8 cs. mouldings-Becker & Ulrich ; 16 cs. mouldings, 661 crossings, 477 pcs. timber Order",R. Wade Sons & Co.,4,Feb,1889,8,June,1889,True,condensed,0.9,"Freda (s)-Danzig-707 scantlings-R. Wade Sons & Co. ; 8 cs. mouldings-Becker & Ulrich ; 16 cs. mouldings, 661 crossings, 477 pcs. timber Order"
18890608p.564_p002.txt,63,Louise,Danzig,LIVERPOOL,"521 pcs. hewn fir, 41 pcs. oak, 257 pcs. fir timber-W. Joseph",W. Joseph,4,Feb,1889,8,June,1889,False,condensed,0.9,"Louise-Danzig-521 pcs. hewn fir, 41 pcs. oak, 257 pcs. fir timber-W. Joseph"
18890608p.564_p002.txt,64,Echo,Trouville,LIVERPOOL,204 lds pitwood-Nevill,Nevill,4,Feb,1889,8,June,1889,False,condensed,0.9,Echo-Trouville-204 lds pitwood-Nevill
18890608p.564_p002.txt,66,Panzewitz,Danzig,LYNN,"2,205 pcs. hewn fir, 91 pcs. fir timber-Thompson & Co.",Thompson & Co.,4,Feb,1889,8,June,1889,False,condensed,1.0,"Panzewitz-Danzig-2,205 pcs. hewn fir, 91 pcs. fir timber-Thompson & Co."
18890608p.564_p002.txt,67,Hunstanton,Bjorneborg,LYNN,"59,521 deals, battens, and boards-Thompson & Co.",Thompson & Co.,31,Feb,1889,8,June,1889,True,condensed,1.0,"31 Hunstanton (s)-Bjorneborg-59,521 deals, battens, and boards-Thompson & Co."
18890608p.564_p002.txt,68,Fitzclarence,Borga,LYNN,"31,943 battens and boards-Smith, Sharp, Hiscox, & Co.","Smith, Sharp, Hiscox, & Co.",31,Feb,1889,8,June,1889,True,condensed,1.0,"Fitzclarence (s)-Borga-31,943 battens and boards-Smith, Sharp, Hiscox, & Co."
18890608p.564_p002.txt,69,Hunstanton,Bjorneborg,LYNN,"43 lds. firewood-Thompson, Patrick, & Woodwark","Thompson, Patrick, & Woodwark",31,Feb,1889,8,June,1889,True,condensed,1.0,"Hunstanton (s)-Bjorneborg-43 lds. firewood-Thompson, Patrick, & Woodwark"
18890608p.564_p002.txt,71,Mathilde,Brevig,LYNN,"164 lds. fir timber, 5 lds. props-Charles Calder & Co.",Charles Calder & Co.,31,Feb,1889,8,June,1889,False,condensed,0.9,"Mathilde-Brevig-164 lds. fir timber, 5 lds. props-Charles Calder & Co."
18890608p.564_p002.txt,72,Carl Emil,Timmernabben,LYNN,"7,217 props-W. J. Watson & Co.",W. J. Watson & Co.,31,Feb,1889,8,June,1889,False,condensed,0.9,"Carl Emil-Timmernabben-7,217 props-W. J. Watson & Co."
18890608p.564_p002.txt,74,Gyller,Fredrikstad,LYNN,"28,330 fir boards, 68 lds. firewood-A. Ellis",A. Ellis,31,Feb,1889,8,June,1889,False,condensed,0.9,"Gyller-Fredrikstad-28,330 fir boards, 68 lds. firewood-A. Ellis"
18890608p.564_p002.txt,76,Georges Alfred,Quimper,NEWPORT,135 lds. pit props-Budd & Co.,Budd & Co.,31,Feb,1889,8,June,1889,False,condensed,1.0,Georges Alfred-Quimper-135 lds. pit props-Budd & Co.
18890608p.564_p002.txt,77,Aigle,Audierne,NEWPORT,70 lds. pitwood-A. Tapson,A. Tapson,31,Feb,1889,8,June,1889,False,condensed,1.0,Aigle-Audierne-70 lds. pitwood-A. Tapson
18890608p.564_p002.txt,78,Pauline & Marie,Audierne,NEWPORT,160 lds. pitwood-Alfred H. Tapson & Co.,Alfred H. Tapson & Co.,30,Feb,1889,8,June,1889,False,condensed,1.0,30 Pauline & Marie-Audierne-160 lds. pitwood-Alfred H. Tapson & Co.
18890608p.564_p002.txt,79,Auricula,Riga,NEWPORT,82 lds. half,,30,Feb,1889,8,June,1889,False,condensed,1.0,"Auricula-Riga-82 lds. half-square sleepers, 1,150 lds. square sleepers, 175 lds. round sleepers-Burt, Boulton, & Haywood"
18890608p.564_p002.txt,80,Ville de Napoleon,Quimper,NEWPORT,95 lds. pit props-Newport Pitwood Co.,Newport Pitwood Co.,30,Feb,1889,8,June,1889,False,condensed,0.9,Ville de Napoleon-Quimper-95 lds. pit props-Newport Pitwood Co.
18890608p.564_p002.txt,81,Fruen,Bordeaux,NEWPORT,470 lds. pitwood-Newport Pitwood Co.,Newport Pitwood Co.,30,Feb,1889,8,June,1889,False,condensed,0.9,Fruen-Bordeaux-470 lds. pitwood-Newport Pitwood Co.
18890608p.564_p002.txt,82,Ernest,Bordeaux,NEWPORT,830 lds. pitwood-Newport Pitwood Co.,Newport Pitwood Co.,31,Feb,1889,8,June,1889,False,condensed,0.9,31 Ernest-Bordeaux-830 lds. pitwood-Newport Pitwood Co.
18890608p.564_p002.txt,83,Marie,La Rochelle,NEWPORT,130 lds. pitwood-Alfred H. Tapson & Co.,Alfred H. Tapson & Co.,31,Feb,1889,8,June,1889,False,condensed,0.9,Marie-La Rochelle-130 lds. pitwood-Alfred H. Tapson & Co.
18890608p.564_p002.txt,84,Scheldt,Bordeaux,NEWPORT,"1,000 lds. pitwood-Ebbw Vale Co.",Ebbw Vale Co.,31,Feb,1889,8,June,1889,True,condensed,0.9,"Scheldt (s)-Bordeaux-1,000 lds. pitwood-Ebbw Vale Co."
18890608p.564_p002.txt,86,Georg,Fredrikstad,NEWPORT,"18,169 pcs. sawn fir, 100 spars-Harris & Penn",Harris & Penn,31,Feb,1889,8,June,1889,False,condensed,0.9,"Georg-Fredrikstad-18,169 pcs. sawn fir, 100 spars-Harris & Penn"
18890608p.564_p002.txt,87,Charlotta,Uddevalla,NEWPORT,"4,738 bdls. sawn fir-Fox, Eliott, & Co.","Fox, Eliott, & Co.",31,Feb,1889,8,June,1889,False,condensed,0.9,"Charlotta-Uddevalla-4,738 bdls. sawn fir-Fox, Eliott, & Co."
18890608p.564_p002.txt,88,J. D. Auffort,Gothenburg,NEWPORT,"56,264 flooring boards-R. & R. Bayly",R. & R. Bayly,31,Feb,1889,8,June,1889,False,condensed,0.9,"J. D. Auffort-Gothenburg-56,264 flooring boards-R. & R. Bayly"
18890608p.564_p002.txt,89,Georg,Fredrikstad,NEWPORT,"56,640 staves-Coombe Arsenic Works",Coombe Arsenic Works,31,Feb,1889,8,June,1889,False,condensed,0.9,"Georg-Fredrikstad-56,640 staves-Coombe Arsenic Works"
18890608p.564_p002.txt,91,Mecklenburgs Hanswirthe,Memel,NEWPORT,"772 pcs. sawn fir, 929 deals and ends-T. Bailey",T. Bailey,31,Feb,1889,8,June,1889,False,condensed,0.9,"Mecklenburgs Hanswirthe-Memel-772 pcs. sawn fir, 929 deals and ends-T. Bailey"
18890608p.564_p002.txt,93,Dannebrog,Carlskrona,NEWPORT,"602,759 staves-Steriker Finnis & Sons",Steriker Finnis & Sons,31,Feb,1889,8,June,1889,False,condensed,0.9,"Dannebrog-Carlskrona-602,759 staves-Steriker Finnis & Sons"
18890608p.564_p002.txt,95,Desi,Danzig,NEWPORT,"28,787 fir props-Mitshel, Pedersen, & Co.","Mitshel, Pedersen, & Co.",31,Feb,1889,8,June,1889,True,condensed,0.9,"Desi (s)-Danzig-28,787 fir props-Mitshel, Pedersen, & Co."
18890608p.564_p002.txt,96,Katharina,Riga,NEWPORT,"6,934 deals, battens, and ends-Charles Calder & Co.",Charles Calder & Co.,31,Feb,1889,8,June,1889,False,condensed,0.9,"Katharina-Riga-6,934 deals, battens, and ends-Charles Calder & Co."
18890608p.564_p002.txt,97,Auguste Teitge,Danzig,NEWPORT,478 oak logs-Short,Short,31,Feb,1889,8,June,1889,False,condensed,0.9,Auguste Teitge-Danzig-478 oak logs-Short
18890608p.564_p002.txt,98,Fanny,Fredrikshald,NEWPORT,"30,076 pit props-Rayner & Moller",Rayner & Moller,31,Feb,1889,8,June,1889,False,condensed,0.9,"Fanny - Fredrikshald - 30,076 pit props-Rayner & Moller"
18890608p.564_p002.txt,99,Foreningen,Oscarshamn,NEWPORT,"8,686 fir props-Mitshel, Pedersen, & Co.","Mitshel, Pedersen, & Co.",31,Feb,1889,8,June,1889,False,condensed,0.9,"Foreningen-Oscarshamn-8,686 fir props-Mitshel, Pedersen, & Co."
18890608p.564_p002.txt,100,Tyne,Porsgrund,NEWPORT,"1,033 pcs. hewn fir, 1,270 props-Rayner & Moller",Rayner & Moller,29,Feb,1889,8,June,1889,False,condensed,0.9,"29 Tyne-Porsgrund-1,033 pcs. hewn fir, 1,270 props-Rayner & Moller"
18890608p.564_p002.txt,101,William,Stettin,NEWPORT,"1,035 oak crooks, 34 oak logs-Short Bros.",Short Bros.,31,Feb,1889,8,June,1889,False,condensed,0.9,"31 William-Stettin-1,035 oak crooks, 34 oak logs-Short Bros."
18890608p.564_p002.txt,102,Agostino Felugo,Ponsacola,NEWPORT,"887 pcs. sawn fir, 157 deals-Wm. Briggs & Sons",Wm. Briggs & Sons,31,Feb,1889,8,June,1889,False,condensed,0.9,"Agostino Felugo-Ponsacola-887 pcs. sawn fir, 157 deals-Wm. Briggs & Sons"
18890608p.564_p002.txt,103,Oscar Hedstrom,Ponsacola,NEWPORT,"94 pcs. hewn fir, 8,242 deals and boards-Wm. Briggs & Sons",Wm. Briggs & Sons,31,Feb,1889,8,June,1889,False,condensed,0.9,"Oscar Hedstrom-Ponsacola-94 pcs. hewn fir, 8,242 deals and boards-Wm. Briggs & Sons"
18890608p.564_p002.txt,105,County of Lancaster,Redon,NEWPORT,200 lds. pitwood-William Davies & Co.,William Davies & Co.,31,Feb,1889,8,June,1889,True,condensed,0.9,County of Lancaster (s)-Redon-200 lds. pitwood-William Davies & Co.
18890608p.564_p002.txt,106,Pauline,Morlaix,NEWPORT,100 lds. pitwood-Williams Cook & Co.,Williams Cook & Co.,29,Feb,1889,8,June,1889,False,condensed,0.9,29 Pauline-Morlaix-100 lds. pitwood-Williams Cook & Co.
18890608p.564_p002.txt,107,Marie Françoise,St. Brieux,NEWPORT,123 lds. pitwood-L. G. Mouchel,L. G. Mouchel,29,Feb,1889,8,June,1889,False,condensed,0.9,Marie Françoise-St. Brieux-123 lds. pitwood-L. G. Mouchel
18890608p.564_p002.txt,108,May Flower,Bordeaux,NEWPORT,190 lds. pitwood-E. Williams Cook & Co.,E. Williams Cook & Co.,29,Feb,1889,8,June,1889,False,condensed,0.9,May Flower-Bordeaux-190 lds. pitwood-E. Williams Cook & Co.
18890608p.564_p002.txt,109,Adolph Michels,Danzig,NEWPORT,"886 pcs. hewn fir, 337 pcs. sawn fir-Watkins & Jenkins",Watkins & Jenkins,29,Feb,1889,8,June,1889,False,condensed,0.9,"Adolph Michels-Danzig-886 pcs. hewn fir, 337 pcs. sawn fir-Watkins & Jenkins"
18890608p.564_p002.txt,110,Lucie Marie,Redon,NEWPORT,170 lds. pitwood-North's Navigation Collieries,North's Navigation Collieries,30,Feb,1889,8,June,1889,False,condensed,0.9,30 Lucie Marie-Redon-170 lds. pitwood-North's Navigation Collieries
18890608p.564_p002.txt,111,Leonie Anastasie,Roche Bernard,NEWPORT,130 lds. pitwood-North's Navigation Collieries,North's Navigation Collieries,30,Feb,1889,8,June,1889,False,condensed,0.9,Leonie Anastasie-Roche Bernard-130 lds. pitwood-North's Navigation Collieries
18890608p.564_p002.txt,112,Saucy Lass,Morlaix,NEWPORT,50 lds. pitwood-Wm. Davies & Co.,Wm. Davies & Co.,30,Feb,1889,8,June,1889,False,condensed,0.9,Saucy Lass-Morlaix-50 lds. pitwood-Wm. Davies & Co.
18890608p.564_p002.txt,113,Blanche,Lorient,NEWPORT,100 lds. pitwood-Davies,Davies,4,Feb,1889,8,June,1889,False,condensed,0.9,4 Blanche-Lorient-100 lds. pitwood-Davies
18890608p.564_p002.txt,114,Ernestine,Nantes,NEWPORT,129 lds. pitwood-Powley,Powley,4,Feb,1889,8,June,1889,False,condensed,0.9,Ernestine-Nantes-129 lds. pitwood-Powley
18890608p.564_p002.txt,115,Anna Maria,Bordeaux,NEWPORT,160 lds. pitwood-J. Jones & Co.,J. Jones & Co.,4,Feb,1889,8,June,1889,False,condensed,0.9,Anna Maria-Bordeaux-160 lds. pitwood-J. Jones & Co.
18890608p.564_p002.txt,118,Landsort,Bordeaux,NEWPORT,430 lds. pitwood-North's Navigation Collieries,North's Navigation Collieries,4,Feb,1889,8,June,1889,True,condensed,0.9,Landsort (s)-Bordeaux-430 lds. pitwood-North's Navigation Collieries
18890608p.564_p002.txt,119,Emma,Vannes,NEWPORT,100 lds. pitwood-North's Navigation Collieries,North's Navigation Collieries,4,Feb,1889,8,June,1889,False,condensed,0.9,Emma-Vannes-100 lds. pitwood-North's Navigation Collieries
18890608p.564_p002.txt,120,Senator,Bordeaux,NEWPORT,570 lds. pitwood-E. Williams Cook & Co.,E. Williams Cook & Co.,4,Feb,1889,8,June,1889,True,condensed,0.9,Senator (s)-Bordeaux-570 lds. pitwood-E. Williams Cook & Co.
18890608p.564_p002.txt,122,Bernhard,Riga,TYNE,"qty. spars, deals, and boards",,4,Feb,1889,8,June,1889,False,condensed,1.0,"Bernhard-Riga-qty. spars, deals, and boards-Order"
18890608p.564_p002.txt,123,Anna Dahl,Nantes,TYNE,"2,271 bdls. hoops",,29,Feb,1889,8,June,1889,False,condensed,1.0,"29 Anna Dahl-Nantes-2,271 bdls. hoops-Order"
18890608p.564_p002.txt,124,Carl,Stockholm,TYNE,"674 white battens, 698 deals, 129,929 red staves",,31,Feb,1889,8,June,1889,False,condensed,1.0,"31 Carl-Stockholm-674 white battens, 698 deals, 129,929 red staves-Order"
18890608p.564_p002.txt,125,Norma,Christianstad,TYNE,"12,392 props-A. Reed",A. Reed,31,Feb,1889,8,June,1889,False,condensed,1.0,"Norma-Christianstad-12,392 props-A. Reed"
18890608p.564_p002.txt,126,William,Oscarshamn,TYNE,"13,373 props",,31,Feb,1889,8,June,1889,False,condensed,0.9,"William-Oscarshamn-13,373 props-Order"
18890608p.564_p002.txt,127,Odin,Christiania,TYNE,"90 lds. mining timber, 150 spars ; from Laurvig 75 lds. planed boards-James Scott",,3,Feb,1889,8,June,1889,True,condensed,0.9,"3 Odin (s)-Christiania-90 lds. mining timber, 150 spars ; from Laurvig-20 lds. props-Order ; 75 lds. planed boards-James Scott"
18890608p.564_p002.txt,128,Sylphiden,Kragerö,TYNE,"509 telegraph poles, 704 pcs. mining timber, 1,114 props",,3,Feb,1889,8,June,1889,False,condensed,0.9,"Sylphiden-Kragerö-509 telegraph poles, 704 pcs. mining timber, 1,114 props-Order"
18890608p.564_p002.txt,129,Busy Bee,Gothenburg,TYNE,"17,726 pit props, 15,813 pit props",,3,Feb,1889,8,June,1889,True,condensed,0.9,"Busy Bee (s)-Gothenburg-17,726 pit props, 15,813 pit props-Order"
18890608p.564_p002.txt,130,Levang,Sundal,TYNE,"4,115 battens",,3,Feb,1889,8,June,1889,False,condensed,0.9,"Levang-Sundal-4,115 battens-Order"
18890608p.564_p002.txt,131,Napoleon,Uddevalla,TYNE,"19,830 props-Osbeck",Osbeck,3,Feb,1889,8,June,1889,False,condensed,0.9,"Napoleon-Uddevalla-19,830 props-Osbeck"
18890608p.564_p002.txt,132,Bjorke,Calmar,TYNE,53 battens Order,,3,Feb,1889,8,June,1889,False,condensed,0.9,Bjorke-Calmar-53 battens Order
18890608p.564_p002.txt,134,Gwendoline,Riga,TYNE,40 lds. lathwood-H. Good,H. Good,3,Feb,1889,8,June,1889,False,condensed,0.9,Gwendoline-Riga-40 lds. lathwood-H. Good
18890608p.564_p002.txt,136,Rosa,Skutskar,TYNE,"36,717 deals, battens, and boards-English Bros.",English Bros.,3,Feb,1889,8,June,1889,False,condensed,0.9,"Rosa-Skutskar-36,717 deals, battens, and boards-English Bros."
18890608p.564_p002.txt,137,Fredriksteen,Christiania,TYNE,"45,999 fir boards, 776 poles-Stanley, Bristow, & Copley","Stanley, Bristow, & Copley",29,Feb,1889,8,June,1889,False,condensed,0.9,"29 Fredriksteen-Christiania-45,999 fir boards, 776 poles-Stanley, Bristow, & Copley"
18890608p.564_p002.txt,138,Goethe,Danzig,TYNE,"978 pcs. hewn fir, 699 pcs. lathwood-Stanley, Bristow, & Copley","Stanley, Bristow, & Copley",30,Feb,1889,8,June,1889,False,condensed,0.9,"30 Goethe-Danzig-978 pcs. hewn fir, 699 pcs. lathwood-Stanley, Bristow, & Copley"
18890608p.564_p002.txt,139,Primrose,Cronstadt,TYNE,"19,923 deals and boards, 42 lds. firewood-Stanley & Co.",Stanley & Co.,30,Feb,1889,8,June,1889,True,condensed,0.9,"Primrose (s)-Cronstadt-19,923 deals and boards, 42 lds. firewood-Stanley & Co."
18890608p.564_p002.txt,140,Glassalt,Soderhamn,TYNE,"9,574 deals, battens, and boards, 562 lds. firewood-H. Brown",H. Brown,30,Feb,1889,8,June,1889,False,condensed,0.9,"Glassalt-Soderhamn-9,574 deals, battens, and boards, 562 lds. firewood-H. Brown"
18890608p.564_p002.txt,141,Unity,Gefle,TYNE,"34,799 deals, battens, and boards-English Bros.",English Bros.,30,Feb,1889,8,June,1889,False,condensed,0.9,"Unity-Gefle-34,799 deals, battens, and boards-English Bros."
18890608p.564_p002.txt,143,Najaden,Laurvig,TYNE,"4,094 flooring boards, 155 lds. firewood, 166 lds. staves-Jewson",Jewson,30,Feb,1889,8,June,1889,False,condensed,0.9,"Najaden-Laurvig-4,094 flooring boards, 155 lds. firewood, 166 lds. staves-Jewson"
18890608p.564_p002.txt,144,Maria Anna,Riga,TYNE,"8,869 deals and battens, 136 pcs. hewn fir, 5,991 pcs. lathwood-T. Saul & Son",T. Saul & Son,30,Feb,1889,8,June,1889,False,condensed,0.9,"Maria Anna-Riga-8,869 deals and battens, 136 pcs. hewn fir, 5,991 pcs. lathwood-T. Saul & Son"
18890608p.564_p002.txt,145,Catherine,Westerwik,TYNE,"6,448 deals, battens, and boards-T. Saul 2,410 fir battens-T. Saul & Son",T. Saul,31,Feb,1889,8,June,1889,False,condensed,0.9,"31 Catherine-Westerwik-6,448 deals, battens, and boards-T. Saul ; 2,410 fir battens-T. Saul & Son"
18890608p.564_p002.txt,146,Senior,Gothenburg,TYNE,"9,458 deals, battens, 592 pcs. sawn fir-T. Saul & Son 1,196 deals-Jewson & Sons",T. Saul & Son,31,Feb,1889,8,June,1889,True,condensed,0.9,"Senior (s)-Gothenburg-9,458 deals, battens, 592 pcs. sawn fir-T. Saul & Son ; 1,196 deals-Jewson & Sons"
18890608p.564_p002.txt,149,City of Amsterdam,Rotterdam,TYNE,400 bdls. hoops-J. C. Pinkerton,J. C. Pinkerton,31,Feb,1889,8,June,1889,False,condensed,0.9,City of Amsterdam-Rotterdam-400 bdls. hoops-J. C. Pinkerton
18890608p.564_p002.txt,150,Lord Lansdowne,Baltimore,TYNE,"303 pcs. sawn elm, 151 pcs. sawn oak, 13,300 staves-Thos. Dixon & Sons",Thos. Dixon & Sons,31,Feb,1889,8,June,1889,True,condensed,0.9,"Lord Lansdowne (s)-Baltimore-303 pcs. sawn elm, 151 pcs. sawn oak, 13,300 staves-Thos. Dixon & Sons"
18890608p.564_p002.txt,151,Duchess of Albany,San Francisco,TYNE,12 lds. fir boards-Porter,Porter,30,Feb,1889,8,June,1889,False,condensed,0.9,30 Duchess of Albany-San Francisco-12 lds. fir boards-Porter
18890608p.564_p002.txt,152,White Head,Riga,TYNE,"2,475 deals, 104 battens, 47 lds. lathwood-G. Heyn & Sons",G. Heyn & Sons,31,Feb,1889,8,June,1889,False,condensed,0.9,"31 White Head-Riga-2,475 deals, 104 battens, 47 lds. lathwood-G. Heyn & Sons"
18890608p.564_p002.txt,153,Freitag,Stettin,TYNE,863 pcs. hewn fir-Corry,Corry,31,Feb,1889,8,June,1889,False,condensed,0.9,Freitag-Stettin-863 pcs. hewn fir-Corry
18890608p.564_p002.txt,155,J. C. Pfluger,San Francisco,TYNE,800 fir boards-Henry Burbridges,Henry Burbridges,31,Feb,1889,8,June,1889,False,condensed,0.9,J. C. Pfluger-San Francisco-800 fir boards-Henry Burbridges
18890608p.564_p002.txt,157,India,Halifax,NEWRY,"7,405 deals and deal ends-W. F. Redmond & Co.",W. F. Redmond & Co.,31,Feb,1889,8,June,1889,False,condensed,1.0,"India-Halifax-7,405 deals and deal ends-W. F. Redmond & Co."
18890608p.564_p002.txt,159,Sunshine,St. John,SLIGO,"13,204 deals and ends-O'Connor",O'Connor,31,Feb,1889,8,June,1889,False,condensed,1.0,"Sunshine-St. John-13,204 deals and ends-O'Connor"
18890608p.564_p002.txt,161,Franz,Memel,WEXFORD,"556 pcs. hewn fir, 715 deals, 6 lds. firewood-Jasper W. Walsh",Jasper W. Walsh,31,Feb,1889,8,June,1889,False,condensed,1.0,"Franz-Memel-556 pcs. hewn fir, 715 deals, 6 lds. firewood-Jasper W. Walsh"
18890615p.5_p002.txt,3,New,York,MEETINGS,"8,000 dressed barrel staves-Hattley Hay 387 pcs. oak lumber-Brownlee & Co. ; 3,000 hogshead staves, 5 cs. bobbins-Order",Hattley Hay,31,Feb,1889,15,June,1889,False,condensed,0.9,"New York-8,000 dressed barrel staves-Hattley Hay; 387 pcs. oak lumber-Brownlee & Co. ; 3,000 hogshead staves, 5 cs. bobbins-Order"
18890615p.5_p002.txt,5,Greata,Gothenburg,MEETINGS,"114 bgs., 4 cs. turned wood, 18 hgs. bobbins",,31,Feb,1889,15,June,1889,False,condensed,0.9,"Greata-Gothenburg-114 bgs., 4 cs. turned wood, 18 hgs. bobbins-Order"
18890615p.5_p002.txt,6,Prussian,Philadelphia,MEETINGS,"4,000 staves-Edmiston & Mitchells",Edmiston & Mitchells,31,Feb,1889,15,June,1889,False,condensed,0.9,"Prussian-Philadelphia-4,000 staves-Edmiston & Mitchells"
18890615p.5_p002.txt,7,Austrian,Boston,MEETINGS,"150 staves-Hattley Hay 1,200 staves-Wright & Breakenridge",Hattley Hay,7,Feb,1889,15,June,1889,False,condensed,0.9,"7 Austrian-Boston-150 staves-Hattley Hay; 1,200 staves-Wright & Breakenridge"
18890615p.5_p002.txt,8,Sarmatian,Montreal,MEETINGS,"7,962 deals Singleton",,7,Feb,1889,15,June,1889,False,condensed,0.9,"10 Sarmatian-Montreal-7,962 deals Singleton"
18890615p.5_p002.txt,11,Golden Horn,Pascagoula,GREENOCK,"463 pcs. hewn, 431 pcs. sawn timber, 583 deals",,7,Feb,1889,15,June,1889,False,condensed,0.9,"Golden Horn-Pascagoula-463 pcs. hewn, 431 pcs. sawn timber, 583 deals-Order"
18890615p.5_p002.txt,12,Choice,Pensacola,GREENOCK,"346 hewn logs, 1,169 pcs. sawn, 377 pcs. plank pitch pine timber-Robinson, Dunn, & Co.","Robinson, Dunn, & Co.",7,Feb,1889,15,June,1889,False,condensed,0.9,"Choice-Pensacola-346 hewn logs, 1,169 pcs. sawn, 377 pcs. plank pitch pine timber-Robinson, Dunn, & Co."
18890615p.5_p002.txt,13,Prince Eugene,Port Royal,GREENOCK,"2,376 pcs. sawn, 335 pitch pine deals-McDowall & Neilsen",McDowall & Neilsen,7,Feb,1889,15,June,1889,False,condensed,0.9,"Prince Eugene-Port Royal-2,376 pcs. sawn, 335 pitch pine deals-McDowall & Neilsen"
18890615p.5_p002.txt,14,Howard,Quebec,GREENOCK,"388 logs waney board wood, 145 logs oak, 83 logs square yellow pine, Edmiston & Mitchell; 77 pcs. oak, 116 pcs. elm, 201 pcs. birch, 454 pcs. square white pine, 4,178 bright pine deals, 1,434 bright pine deal ends, 1,120 bright spruce deals-Hunter & Co.",Hunter & Co.,10,Feb,1889,15,June,1889,False,condensed,0.9,"10 Howard-Quebec-388 logs waney board wood, 145 logs oak, 83 logs square yellow pine, Edmiston & Mitchell; 77 pcs. oak, 116 pcs. elm, 201 pcs. birch, 454 pcs. square white pine, 4,178 bright pine deals, 1,434 bright pine deal ends, 1,120 bright spruce deals-Hunter & Co."
18890615p.5_p002.txt,17,Dagmar,Skien,GREENOCK,"492 spars, 3,720 props-P. & J. Wilkie",P. & J. Wilkie,10,Feb,1889,15,June,1889,False,condensed,0.9,"Dagmar-Skien-492 spars, 3,720 props-P. & J. Wilkie"
18890615p.5_p002.txt,18,Adolphina,Falkenberg,GREENOCK,"20,680 pit props-Love & Stewart",Love & Stewart,10,Feb,1889,15,June,1889,False,condensed,0.9,"Adolphina-Falkenberg-20,680 pit props-Love & Stewart"
18890615p.5_p002.txt,19,Lettonia,Riga,GREENOCK,"12,379 deals and ends-J. T. Salvesen & Co.",J. T. Salvesen & Co.,10,Feb,1889,15,June,1889,False,condensed,0.9,"Lettonia-Riga-12,379 deals and ends-J. T. Salvesen & Co."
18890615p.5_p002.txt,20,Sivia,Abo,GREENOCK,"6,788 deals-J. T. Salvesen & Co.",J. T. Salvesen & Co.,6,Feb,1889,15,June,1889,False,condensed,0.9,"6 Sivia-Abo-6,788 deals-J. T. Salvesen & Co."
18890615p.5_p002.txt,21,Samuel,Riga,GREENOCK,"222 pcs. timber, 1,329 deals and ends-J. D. Thomson",J. D. Thomson,7,Feb,1889,15,June,1889,False,condensed,0.9,"7 Samuel-Riga-222 pcs. timber, 1,329 deals and ends-J. D. Thomson"
18890615p.5_p002.txt,22,Der Kurlander,Riga,GREENOCK,"1,800 pcs. timber, 1,139 deals and battens-Brownlee & Co.",Brownlee & Co.,7,Feb,1889,15,June,1889,False,condensed,0.9,"Der Kurlander-Riga-1,800 pcs. timber, 1,139 deals and battens-Brownlee & Co."
18890615p.5_p002.txt,23,Mary Hogarth,Brunswick,GREENOCK,"949 pcs. timber, 146 deals-J. D. Thomson",J. D. Thomson,8,Feb,1889,15,June,1889,False,condensed,0.9,"8 Mary Hogarth-Brunswick-949 pcs. timber, 146 deals-J. D. Thomson"
18890615p.5_p002.txt,24,Banga,Riga,GREENOCK,"7,509 deals and ends-Salvesen",Salvesen,8,Feb,1889,15,June,1889,False,condensed,0.9,"Banga-Riga-7,509 deals and ends-Salvesen"
18890615p.5_p002.txt,25,Christiane and Maria,Riga,GREENOCK,"5,920 deals and ends-Robinson, Dunn, & Co.","Robinson, Dunn, & Co.",8,Feb,1889,15,June,1889,False,condensed,0.9,"Christiane and Maria-Riga-5,920 deals and ends-Robinson, Dunn, & Co."
18890615p.5_p002.txt,26,John Caspar,Memel,GREENOCK,"111 pcs. timber, 424 deals and ends-McPherson & McLaren 1,683 deals and ends-Brownlee & Co.",McPherson & McLaren,8,Feb,1889,15,June,1889,False,condensed,0.9,"John Caspar-Memel-111 pcs. timber, 424 deals and ends-McPherson & McLaren; 1,683 deals and ends-Brownlee & Co."
18890615p.5_p002.txt,29,Ran,Mem,GREENOCK,"13,820 deals and battens-Mitchell Thomson & Co.",Mitchell Thomson & Co.,8,Feb,1889,15,June,1889,False,condensed,0.9,"Ran-Mem-13,820 deals and battens-Mitchell Thomson & Co."
18890615p.5_p002.txt,30,Frithiof,Gothenburg,GREENOCK,"712 birch props, 20,971 props-C. Salvesen & Co.",C. Salvesen & Co.,8,Feb,1889,15,June,1889,False,condensed,0.9,"Frithiof-Gothenburg-712 birch props, 20,971 props-C. Salvesen & Co."
18890615p.5_p002.txt,33,Aurora,Christiansand,GREENOCK,"3,500 pcs. pit-wood-Joseph Budge",wood-Joseph Budge,8,Feb,1889,15,June,1889,False,condensed,0.9,"Aurora-Christiansand-3,500 pcs. pit-wood-Joseph Budge"
18890615p.5_p002.txt,34,Orient,Konigsberg,GREENOCK,"3,305 pcs. hewn fir-A. Bruce & Co.",A. Bruce & Co.,6,Feb,1889,15,June,1889,True,condensed,0.9,"6 Orient (s)-Konigsberg-3,305 pcs. hewn fir-A. Bruce & Co."
18890615p.5_p002.txt,35,Salem,Oscarshamn,GREENOCK,"9,657 pit props-Lochgelly Iron and Coal Co.",Lochgelly Iron and Coal Co.,8,Feb,1889,15,June,1889,False,condensed,0.9,"8 Salem-Oscarshamn-9,657 pit props-Lochgelly Iron and Coal Co."
18890615p.5_p002.txt,38,Laurine,Laurvig,GREENOCK,"2,249 deals and battens, 23 lds. firewood-Duncan & Co.",Duncan & Co.,8,Feb,1889,15,June,1889,False,condensed,0.9,"Laurine-Laurvig-2,249 deals and battens, 23 lds. firewood-Duncan & Co."
18890615p.5_p002.txt,39,Czar,Cronstadt,GREENOCK,"3,359 deal and batten ends, 2,496 pcs. lathwood, 1,136 rickers-Thomson",Thomson,7,Feb,1889,15,June,1889,False,condensed,0.9,"7 Czar-Cronstadt-3,359 deal and batten ends, 2,496 pcs. lathwood, 1,136 rickers-Thomson"
18890615p.5_p002.txt,40,Mary,Riga,GREENOCK,"2,042 deals and battens, 164 lds. lathwood-James Cormack",James Cormack,7,Feb,1889,15,June,1889,False,condensed,0.9,"Mary-Riga-2,042 deals and battens, 164 lds. lathwood-James Cormack"
18890615p.5_p002.txt,41,Julianshaab,Riga,GREENOCK,"6,713 deals and battens-Forslind & Rex",Forslind & Rex,10,Feb,1889,15,June,1889,False,condensed,0.9,"10 Julianshaab-Riga-6,713 deals and battens-Forslind & Rex"
18890615p.5_p002.txt,44,Craighill,Sundswall,MONTROSE,"40,462 fir battens, 5 lds. firewood-Millar & Sons",Millar & Sons,10,Feb,1889,15,June,1889,True,condensed,1.0,"Craighill (s)-Sundswall-40,462 fir battens, 5 lds. firewood-Millar & Sons"
18890615p.5_p002.txt,45,Veritas,Rafso,MONTROSE,"42,338 battens and boards-Robert Millar & Sons",Robert Millar & Sons,5,Feb,1889,15,June,1889,False,condensed,1.0,"5 Veritas-Rafso-42,338 battens and boards-Robert Millar & Sons"
18890615p.5_p002.txt,46,Neitto,Rafso,MONTROSE,"19,920 battens and boards-Robert Millar & Sons",Robert Millar & Sons,5,Feb,1889,15,June,1889,False,condensed,1.0,"Neitto-Rafso-19,920 battens and boards-Robert Millar & Sons"
18890615p.5_p002.txt,47,Emerald,Riga,MONTROSE,"2,374 pcs. lathwood-Fleming & Robertson",Fleming & Robertson,10,Feb,1889,15,June,1889,True,condensed,1.0,"10 Emerald (s)-Riga-2,374 pcs. lathwood-Fleming & Robertson"
18890615p.5_p002.txt,50,Greata,Gothenburg,MONTROSE,"12,746 pcs. sawn fir-J. M. Morison",J. M. Morison,10,Feb,1889,15,June,1889,True,condensed,0.9,"Greata (s)-Gothenburg-12,746 pcs. sawn fir-J. M. Morison"
18890615p.5_p002.txt,53,Diana,Soderhamn,WICK,"16,048 pcs. sawn fir-Ewen & Sons",Ewen & Sons,10,Feb,1889,15,June,1889,False,condensed,1.0,"Diana-Soderhamn-16,048 pcs. sawn fir-Ewen & Sons"
18890615p.5_p002.txt,54,Active,Risor,WICK,"90,000 birch staves, 600 pcs. hewn birch, 19 fir spars-D. Sandison",D. Sandison,10,Feb,1889,15,June,1889,False,condensed,1.0,"Active-Risor-90,000 birch staves, 600 pcs. hewn birch, 19 fir spars-D. Sandison"
18890615p.5_p002.txt,61,A Large Stock of all kinds of,Home,WICK,"grown Timber always on hand, Sawn or in the Round.",,10,Feb,1889,15,June,1889,False,condensed,0.9,"Ireland. A Large Stock of all kinds of Home-grown Timber always on hand, Sawn or in the Round."
18890615p.5_p002.txt,68,Telegraphic,Address,WICK,"""BALTIC."" Telephone No. 466.",,10,Feb,1889,15,June,1889,False,condensed,0.9,"Telegraphic Address—""BALTIC."" Telephone No. 466."
18890615p.5_p002.txt,95,Telegraphic,Addresses,WICK,"""DAVIDSON, EDINBURGH,"" and ""BANGKOK, GLASGOW.""",,10,Feb,1889,15,June,1889,False,condensed,0.9,"Telegraphic Addresses— ""DAVIDSON, EDINBURGH,"" and ""BANGKOK, GLASGOW."""
18890615p.5_p002.txt,98,Saw,Mills,WICK,"ALBERT STREET, LEITH WALK.",,10,Feb,1889,15,June,1889,False,condensed,0.9,"Saw Mills—ALBERT STREET, LEITH WALK."
18890615p.5_p002.txt,131,Stock of,,GILLESPIE,home grown Timber [?],,10,Feb,1889,15,June,1889,False,condensed,0.9,Stock of home-grown Timber [?]
18890615p.575_p001.txt,13,Rewa,,EVERY SIZE,,,10,Feb,1889,15,June,1889,False,condensed,0.9,Rewa — — — 60
18890615p.575_p001.txt,15,Simpatia,,EVERY SIZE,514 514,,10,Feb,1889,15,June,1889,False,condensed,0.9,Simpatia — — 514 514
18890615p.575_p001.txt,27,Roseville,Gefle,EVERY SIZE,"501,662 boards, 1,622 battens-F. J. Crossfield",F. J. Crossfield,10,Feb,1889,15,June,1889,True,condensed,0.9,"Roseville (s)-Gefle-501,662 boards, 1,622 battens-F. J. Crossfield"
18890615p.575_p001.txt,29,Banan,Riga,BOSTON,"1,057 blocks and sleepers-A. Bruce & Co.",A. Bruce & Co.,10,Feb,1889,15,June,1889,True,condensed,1.0,"Banan (s)-Riga-1,057 blocks and sleepers-A. Bruce & Co."
18890615p.575_p001.txt,30,Juno,Memel,BOSTON,"210 pcs. oak, 725 pcs. hewn fir, 1,036 deals, 1,200 pcs. hewn oak-Robinson",Robinson,10,Feb,1889,15,June,1889,False,condensed,1.0,"Juno-Memel-210 pcs. oak, 725 pcs. hewn fir, 1,036 deals, 1,200 pcs. hewn oak-Robinson"
18890615p.575_p001.txt,32,Southgate,Skutskar and Ljusne,BOSTON,"67,944 deals and boards, 37,705 planks, battens, and boards-Jones & Wainwright",Jones & Wainwright,10,Feb,1889,15,June,1889,True,condensed,1.0,"Southgate (s)-Skutskar and Ljusne-67,944 deals and boards, 37,705 planks, battens, and boards-Jones & Wainwright"
18890615p.575_p001.txt,33,Ben Voirlich,Rafso,BRISTOL,"88,756 deals, battens, boards, and ends-Jones & Wainwright",Jones & Wainwright,10,Feb,1889,15,June,1889,True,condensed,0.9,"Ben Voirlich (s)-Rafso-88,756 deals, battens, boards, and ends-Jones & Wainwright"
18890615p.575_p001.txt,34,Tarifa,Ljusne,BRISTOL,"66,090 deals, battens, boards, and ends-Jones & Wainwright",Jones & Wainwright,10,Feb,1889,15,June,1889,True,condensed,0.9,"Tarifa (s)-Ljusne-66,090 deals, battens, boards, and ends-Jones & Wainwright"
18890615p.575_p001.txt,36,Gala,Muros,BRISTOL,190 lds. pitwood-Thomas & Co.,Thomas & Co.,10,Feb,1889,15,June,1889,False,condensed,0.9,Gala-Muros-190 lds. pitwood-Thomas & Co.
18890615p.575_p001.txt,37,Ella,Muros,BRISTOL,260 lds. pitwood-Thomas & Co.,Thomas & Co.,10,Feb,1889,15,June,1889,False,condensed,0.9,Ella-Muros-260 lds. pitwood-Thomas & Co.
18890615p.575_p001.txt,38,Commandant Franchette,Bordeaux,BRISTOL,860 lds. pitwood-Simkin Bros.,Simkin Bros.,10,Feb,1889,15,June,1889,False,condensed,0.9,Commandant Franchette-Bordeaux-860 lds. pitwood-Simkin Bros.
18890615p.575_p001.txt,46,Olga,Pensacola,IMPORTERS OF,"925 pcs. sawn fir, 180 deals-Alexanders & Co.",Alexanders & Co.,10,Feb,1889,15,June,1889,False,condensed,0.9,"Olga-Pensacola-925 pcs. sawn fir, 180 deals-Alexanders & Co."
18890615p.575_p001.txt,47,Sarah Ann Widup,St. Malo,IMPORTERS OF,"150 lds. pitwood-Watts, Ward, & Co.","Watts, Ward, & Co.",10,Feb,1889,15,June,1889,False,condensed,0.9,"Sarah Ann Widup-St. Malo-150 lds. pitwood-Watts, Ward, & Co."
18890615p.575_p001.txt,48,Paquito,Muros,IMPORTERS OF,400 lds. hewn fir-Thomas,Thomas,10,Feb,1889,15,June,1889,False,condensed,0.9,Paquito-Muros-400 lds. hewn fir-Thomas
18890615p.575_p001.txt,49,Atlantique,Bayonne,IMPORTERS OF,750 lds. pitwood-A. Capelle,A. Capelle,6,Feb,1889,15,June,1889,False,condensed,0.9,6 Atlantique - Bayonne - 750 lds. pitwood-A. Capelle
18890615p.575_p001.txt,50,Tiber,Bordeaux,IMPORTERS OF,"1,600 lds. pitwood-Simkin",Simkin,7,Feb,1889,15,June,1889,False,condensed,0.9,"7 Tiber-Bordeaux-1,600 lds. pitwood-Simkin"
18890615p.575_p001.txt,52,Catherine & Margaret,Fredrikstad,IMPORTERS OF,"12,703 boards, 15 fir poles-Thos. Parry",Thos. Parry,7,Feb,1889,15,June,1889,False,condensed,0.9,"Catherine & Margaret-Fredrikstad-12,703 boards, 15 fir poles-Thos. Parry"
18890615p.575_p001.txt,53,Norrona,"West Bay, N.S.",IMPORTERS OF,"11,381 deals-Parry",Parry,10,Feb,1889,15,June,1889,False,condensed,0.9,"10 Norrona-West Bay, N.S.-11,381 deals-Parry"
18890615p.575_p001.txt,55,Avance,Drammen,IMPORTERS OF,"28,944 fir boards-Brown & Son",Brown & Son,10,Feb,1889,15,June,1889,False,condensed,0.9,"Avance-Drammen-28,944 fir boards-Brown & Son"
18890615p.575_p001.txt,56,Leif,Fredrikstad,IMPORTERS OF,"31,981 boards and deals, 189 poles hewn fir-Nicholl & Co.",Nicholl & Co.,8,Feb,1889,15,June,1889,False,condensed,0.9,"8 Leif-Fredrikstad-31,981 boards and deals, 189 poles hewn fir-Nicholl & Co."
18890615p.575_p001.txt,58,Lodore,Ljusne,EXETER,"30,202 deals, battens, and boards-R. W. & F. C. Sharp",R. W. & F. C. Sharp,8,Feb,1889,15,June,1889,True,condensed,1.0,"Lodore (s)-Ljusne-30,202 deals, battens, and boards-R. W. & F. C. Sharp"
18890615p.575_p001.txt,60,Hebe,Abo,EXETER,"14,468 battens and scantlings, 4 lds. firewood-T. A. Whittle & Co.",T. A. Whittle & Co.,8,Feb,1889,15,June,1889,False,condensed,1.0,"Hebe-Abo-14,468 battens and scantlings, 4 lds. firewood-T. A. Whittle & Co."
18890615p.575_p001.txt,61,Marcus,Riga,EXETER,"5,183 deals and battens, 37 lds. lathwood, 24,932 flooring boards, 4 lds. firewood, 1 ld. hewn fir-T. A. Whittle",T. A. Whittle,8,Feb,1889,15,June,1889,False,condensed,1.0,"Marcus-Riga-5,183 deals and battens, 37 lds. lathwood, 24,932 flooring boards, 4 lds. firewood, 1 ld. hewn fir-T. A. Whittle"
18890615p.575_p001.txt,63,Oscar,Fredrikstad,EXETER,"18,868 pcs. sawn fir, 49 pcs. hewn fir-Thomas Hinds & Son",Thomas Hinds & Son,8,Feb,1889,15,June,1889,False,condensed,0.9,"Oscar-Fredrikstad-18,868 pcs. sawn fir, 49 pcs. hewn fir-Thomas Hinds & Son"
18890615p.575_p001.txt,65,Isle of Ella,Klampenborg,EXETER,"22,931 deals-Price, Walker, & Co.","Price, Walker, & Co.",8,Feb,1889,15,June,1889,True,condensed,0.9,"Isle of Ella (s)-Klampenborg-22,931 deals-Price, Walker, & Co."
18890615p.575_p001.txt,67,Vesta,Gefle,GRIMSBY,16 lds. firewood-Taylor,Taylor,8,Feb,1889,15,June,1889,True,condensed,0.9,Vesta (s)-Gefle-16 lds. firewood-Taylor
18890615p.575_p001.txt,68,Kramfort,Drontheim,GRIMSBY,"63,616 deals, battens, and boards-S. Ellis",S. Ellis,5,Feb,1889,15,June,1889,False,condensed,0.9,"5 Kramfort-Drontheim-63,616 deals, battens, and boards-S. Ellis"
18890615p.575_p001.txt,69,Una,Konigsberg,GRIMSBY,"4,960 hewn sleepers, 280 sawn sleepers-T. Gabriel & Son",T. Gabriel & Son,5,Feb,1889,15,June,1889,False,condensed,0.9,"Una-Konigsberg-4,960 hewn sleepers, 280 sawn sleepers-T. Gabriel & Son"
18890615p.575_p001.txt,70,Frederick,Konigsberg,GRIMSBY,"5,000 hewn sleepers, 200 sawn sleepers-T. Gabriel & Son",T. Gabriel & Son,8,Feb,1889,15,June,1889,False,condensed,0.9,"8 Frederick-Konigsberg-5,000 hewn sleepers, 200 sawn sleepers-T. Gabriel & Son"
18890615p.575_p001.txt,71,Thor,Riga,GRIMSBY,"7,883 deals, battens, and boards-Seddon, Shepherd, & Co.","Seddon, Shepherd, & Co.",8,Feb,1889,15,June,1889,False,condensed,0.9,"Thor-Riga-7,883 deals, battens, and boards-Seddon, Shepherd, & Co."
18890615p.575_p001.txt,72,Emblem,Riga,GRIMSBY,"31,083 deals, battens, and boards-Wintringham & Son",Wintringham & Son,8,Feb,1889,15,June,1889,False,condensed,0.9,"Emblem-Riga-31,083 deals, battens, and boards-Wintringham & Son"
18890615p.575_p001.txt,74,Gipsy Queen,Gothenburg,GRIMSBY,"17,203 rails, 8,472 poles, 17,200 props, 13,730 sleepers, 661 boards, 1,819 posts, 6,750 bdls. laths-T. Barraclough",T. Barraclough,8,Feb,1889,15,June,1889,True,condensed,0.9,"Gipsy Queen (s)-Gothenburg-17,203 rails, 8,472 poles, 17,200 props, 13,730 sleepers, 661 boards, 1,819 posts, 6,750 bdls. laths-T. Barraclough"
18890615p.575_p001.txt,75,Argo,Mandal,GRIMSBY,"1,865 pcs. round timber, 983 props-T. Atkinson",T. Atkinson,8,Feb,1889,15,June,1889,False,condensed,0.9,"Argo-Mandal-1,865 pcs. round timber, 983 props-T. Atkinson"
18890615p.575_p001.txt,76,Eppleton,Saltvik,GRIMSBY,"51,750 deals and battens-Harrison & Singleton",Harrison & Singleton,5,Feb,1889,15,June,1889,False,condensed,0.9,"5 Eppleton-Saltvik-51,750 deals and battens-Harrison & Singleton"
18890615p.575_p001.txt,77,Neptune,Westervik,GRIMSBY,"17,409 props-Pearson",Pearson,5,Feb,1889,15,June,1889,False,condensed,0.9,"Neptune-Westervik-17,409 props-Pearson"
18890615p.575_p001.txt,78,Triton,Arendal,GRIMSBY,"551 poles, 143 pcs. mining timber-R. Wade, Sons, & Co. 772 props-Pearson & Co.","R. Wade, Sons, & Co.",5,Feb,1889,15,June,1889,False,condensed,0.9,"Triton-Arendal-551 poles, 143 pcs. mining timber-R. Wade, Sons, & Co. ; 772 props-Pearson & Co."
18890615p.575_p001.txt,79,Idog,Oscarshamn,GRIMSBY,"14,131 props-Moller",Moller,5,Feb,1889,15,June,1889,False,condensed,0.9,"Idog-Oscarshamn-14,131 props-Moller"
18890615p.575_p001.txt,80,Freden,Soon,GRIMSBY,"1,644 spars, 6,500 props-E. A. Casper & Co.",E. A. Casper & Co.,5,Feb,1889,15,June,1889,False,condensed,0.9,"Freden-Soon-1,644 spars, 6,500 props-E. A. Casper & Co."
18890615p.575_p001.txt,81,Johanna,Stockholm,GRIMSBY,"11,716 props Osbeck",,5,Feb,1889,15,June,1889,False,condensed,0.9,"Johanna-Stockholm-11,716 props Osbeck"
18890615p.575_p001.txt,82,Hilda,Memel,GRIMSBY,"12,639 staves-Pickford & Co.",Pickford & Co.,5,Feb,1889,15,June,1889,False,condensed,0.9,"Hilda-Memel-12,639 staves-Pickford & Co."
18890615p.575_p001.txt,83,Antina,Westervik,GRIMSBY,60 lds. sawn fir-Forslind,Forslind,5,Feb,1889,15,June,1889,False,condensed,0.9,Antina-Westervik-60 lds. sawn fir-Forslind
18890615p.575_p001.txt,84,Yarm,Cronstadt,GRIMSBY,"22,196 deals and battens, 124 lds. firewood-T. Walker & Co.",T. Walker & Co.,5,Feb,1889,15,June,1889,False,condensed,0.9,"Yarm-Cronstadt-22,196 deals and battens, 124 lds. firewood-T. Walker & Co."
18890615p.575_p001.txt,85,Elisabeth,Nyland,GRIMSBY,"5,550 pcs. mining timber-Hans Erichsen & Co.",Hans Erichsen & Co.,5,Feb,1889,15,June,1889,False,condensed,0.9,"Elisabeth-Nyland-5,550 pcs. mining timber-Hans Erichsen & Co."
18890615p.575_p001.txt,88,Rothbury,Gefle,GRIMSBY,"22,162 deals and battens-Groom & Son",Groom & Son,5,Feb,1889,15,June,1889,True,condensed,0.9,"Rothbury (s)-Gefle-22,162 deals and battens-Groom & Son"
18890615p.575_p001.txt,90,Joseph Somes,Sundswall,GRIMSBY,"46,298 deals, &c.-B. & H. Thorp",B. & H. Thorp,5,Feb,1889,15,June,1889,True,condensed,0.9,"Joseph Somes (s)-Sundswall-46,298 deals, &c.-B. & H. Thorp"
18890615p.575_p001.txt,91,Prinsesse Gem,Oscarshamn,GRIMSBY,"14,013 pit props-J. F. Heydtman",J. F. Heydtman,5,Feb,1889,15,June,1889,False,condensed,0.9,"Prinsesse Gem-Oscarshamn-14,013 pit props-J. F. Heydtman"
18890615p.575_p001.txt,92,Una,Konigsberg,GRIMSBY,"47,645 deals-Horsley",Horsley,7,Feb,1889,15,June,1889,True,condensed,0.9,"7 Una (s)-Konigsberg-47,645 deals-Horsley"
18890615p.575_p001.txt,93,Malmo,Gothenburg,GRIMSBY,"2,606 rollers",,7,Feb,1889,15,June,1889,True,condensed,0.9,"Malmo (s)-Gothenburg-2,606 rollers-Order"
18890615p.575_p001.txt,94,Penedo,Rafso,GRIMSBY,"60,322 deals, &c.-Tealby",Tealby,7,Feb,1889,15,June,1889,True,condensed,0.9,"Penedo (s)-Rafso-60,322 deals, &c.-Tealby"
18890615p.575_p001.txt,95,Hilma,Oscarshamn,GRIMSBY,"9,881 pit props",,7,Feb,1889,15,June,1889,False,condensed,0.9,"Hilma-Oscarshamn-9,881 pit props-Order"
18890615p.575_p001.txt,96,Narva,St. Petersburg,GRIMSBY,"52,301 deals, 71 fms. firewood",,7,Feb,1889,15,June,1889,True,condensed,0.9,"Narva (s)-St. Petersburg-52,301 deals, 71 fms. firewood-Order"
18890615p.575_p001.txt,97,Orion,Wyborg,GRIMSBY,"36,493 deals, &c.",,7,Feb,1889,15,June,1889,True,condensed,0.9,"Orion (s)-Wyborg-36,493 deals, &c.-Order"
18890615p.575_p001.txt,98,Good & Sons,,GRIMSBY,squares L. & Y. Railway Co.,,7,Feb,1889,15,June,1889,False,condensed,0.9,Good & Sons squares-L. & Y. Railway Co.
18890615p.575_p001.txt,100,Silvio,Riga,GRIMSBY,"3,708 props, 5,491 deals",,7,Feb,1889,15,June,1889,True,condensed,0.9,"Silvio (s)-Riga-3,708 props, 5,491 deals-Order"
18890615p.575_p001.txt,101,Sea Gull,Rotterdam,GRIMSBY,674 pkgs. hoops,,7,Feb,1889,15,June,1889,True,condensed,0.9,Sea Gull (s)-Rotterdam-674 pkgs. hoops-Order
18890615p.575_p001.txt,102,Erato,St. Petersburg,GRIMSBY,"8,229 props",,10,Feb,1889,15,June,1889,True,condensed,0.9,"10 Erato (s)-St. Petersburg-8,229 props-Order"
18890615p.575_p001.txt,103,Iris,Hernosand,GRIMSBY,"36,669 deals, &c.",,10,Feb,1889,15,June,1889,False,condensed,0.9,"Iris-Hernosand-36,669 deals, &c.-Order"
18890615p.575_p001.txt,104,Atlantic,Bjornvik,GRIMSBY,6 lds. firewood-Master,Master,10,Feb,1889,15,June,1889,False,condensed,0.9,Atlantic-Bjornvik-6 lds. firewood-Master
18890615p.575_p001.txt,105,Augusta,Westervik,GRIMSBY,"9,122 props",,10,Feb,1889,15,June,1889,False,condensed,0.9,"Augusta-Westervik-9,122 props-Order"
18890615p.575_p001.txt,106,MISSING_FROM_OCR,Rafso,GRIMSBY,"96,933 deals, &c., 11,744 bdls. laths",,10,Feb,1889,15,June,1889,False,condensed,0.9,"Rafso-96,933 deals, &c., 11,744 bdls. laths-Order"
18890615p.575_p001.txt,108,Como,Trieste,GRIMSBY,"12,000 staves-Wilson & Co.",Wilson & Co.,10,Feb,1889,15,June,1889,True,condensed,0.9,"Como (s)-Trieste-12,000 staves-Wilson & Co."
18890615p.575_p001.txt,109,Orlando,Gothenburg,GRIMSBY,"1,000 bdls. laths, 1,400 props-Wilson, Sons, & Co. 1,515 bdls., 1,872 pcs. wood, 9,482 props, 2,500 bdls. laths-T. W. Allen ; 1,000 bdls. laths-Heaven & Kesterton ; 2,000 bdls. laths-Hull and Barnsley Railway Co. ; 1,852 props-Haagensen, Watt, & Co. ; 1,000 bdls. laths-Order","Wilson, Sons, & Co.",10,Feb,1889,15,June,1889,True,condensed,0.9,"Orlando (s)-Gothenburg-1,000 bdls. laths, 1,400 props-Wilson, Sons, & Co. ; 1,515 bdls., 1,872 pcs. wood, 9,482 props, 2,500 bdls. laths-T. W. Allen ; 1,000 bdls. laths-Heaven & Kesterton ; 2,000 bdls. laths-Hull and Barnsley Railway Co. ; 1,852 props-Haagensen, Watt, & Co. ; 1,000 bdls. laths-Order"
18890615p.575_p001.txt,110,Bravo,Stettin,GRIMSBY,"4,150 props-Rayner",Rayner,10,Feb,1889,15,June,1889,True,condensed,0.9,"Bravo (s)-Stettin-4,150 props-Rayner"
18890615p.575_p001.txt,111,Solamith,Oxelosund,GRIMSBY,"3,911 deals, &c.",,10,Feb,1889,15,June,1889,False,condensed,0.9,"Solamith-Oxelosund-3,911 deals, &c.-Order"
18890615p.575_p001.txt,112,Lady Ann,Uddevalla,GRIMSBY,"50,057 props-Rayner & Moller",Rayner & Moller,10,Feb,1889,15,June,1889,True,condensed,0.9,"Lady Ann (s)-Uddevalla-50,057 props-Rayner & Moller"
18890615p.575_p001.txt,113,Rollo,Christiania,GRIMSBY,"570 bdls. staves, 1,000 poles, 1,101 pcs. timber-Wilson, Sons, & Co. 701 pcs. timber-Haagensen, Watt & Co. ; 3,156 props-J. Dalton Holmes","Wilson, Sons, & Co.",10,Feb,1889,15,June,1889,True,condensed,0.9,"Rollo (s)-Christiania-570 bdls. staves, 1,000 poles, 1,101 pcs. timber-Wilson, Sons, & Co. ; 701 pcs. timber-Haagensen, Watt & Co. ; 3,156 props-J. Dalton Holmes"
18890615p.575_p001.txt,114,Gozo,Gothenburg,GRIMSBY,"8,455 props-Wilson, Sons, & Co. 7,161 props-Pyman, Bell, & Co. ; 21,335 props-H. Smith & Co. ; 1,500 props-Haagensen, Watt, & Co. ; 227 bdls. laths, 765 bdls. slating laths-T. W. Allen ; 1,000 bdls. laths-Heaven & Kesterton ; 1,500 bdls. laths, 7,150 props-Order","Wilson, Sons, & Co.",10,Feb,1889,15,June,1889,True,condensed,0.9,"Gozo (s)-Gothenburg-8,455 props-Wilson, Sons, & Co. ; 7,161 props-Pyman, Bell, & Co. ; 21,335 props-H. Smith & Co. ; 1,500 props-Haagensen, Watt, & Co. ; 227 bdls. laths, 765 bdls. slating laths-T. W. Allen ; 1,000 bdls. laths-Heaven & Kesterton ; 1,500 bdls. laths, 7,150 props-Order"
18890615p.575_p001.txt,115,Caroline,Norrkoping,GRIMSBY,"1,984 planks and battens",,10,Feb,1889,15,June,1889,False,condensed,0.9,"Caroline - Norrkoping - 1,984 planks and battens-Order"
18890615p.575_p001.txt,116,Artemis,Nyhamn,GRIMSBY,"16,088 battens",,10,Feb,1889,15,June,1889,False,condensed,0.9,"Artemis-Nyhamn-16,088 battens-Order"
18890615p.575_p001.txt,117,Borodino,Cronstadt,GRIMSBY,"6,231 props, 34 fms. firewood, 76,843 deals, &c.",,10,Feb,1889,15,June,1889,True,condensed,0.9,"Borodino (s)-Cronstadt-6,231 props, 34 fms. firewood, 76,843 deals, &c.-Order"
18890615p.575_p001.txt,118,Otto,Riga,GRIMSBY,"10,412 deals, &c., 12,159 props",,10,Feb,1889,15,June,1889,True,condensed,0.9,"Otto (s)-Riga-10,412 deals, &c., 12,159 props-Order"
18890615p.575_p002.txt,2,Dundela,Sundswall,GRIMSBY,"108 deals, 328 lds. props, 517 lds. boards",,10,Feb,1889,15,June,1889,True,condensed,0.9,"Dundela (s)-Sundswall-108 deals, 328 lds. props, 517 lds. boards-Order"
18890615p.575_p002.txt,3,John,Monsteras,GRIMSBY,"10,254 props-Wells & Co.",Wells & Co.,10,Feb,1889,15,June,1889,False,condensed,0.9,"John-Monsteras-10,254 props-Wells & Co."
18890615p.575_p002.txt,4,Carolina,Oscarshamn,GRIMSBY,"6,139 props",,10,Feb,1889,15,June,1889,False,condensed,0.9,"Carolina-Oscarshamn-6,139 props-Order"
18890615p.575_p002.txt,5,Triton,Paskallavik,GRIMSBY,qty. of props,,10,Feb,1889,15,June,1889,False,condensed,0.9,Triton-Paskallavik-qty. of props-Order
18890615p.575_p002.txt,6,Tyr,Norrkoping,GRIMSBY,"80 bls. pulp, 1,698 props",,10,Feb,1889,15,June,1889,True,condensed,0.9,"Tyr (s)-Norrkoping-80 bls. pulp, 1,698 props-Order"
18890615p.575_p002.txt,7,Bravo,Oscarshamn,GRIMSBY,"16,129 props",,10,Feb,1889,15,June,1889,False,condensed,0.9,"Bravo-Oscarshamn-16,129 props-Order"
18890615p.575_p002.txt,9,Floridian,New Orleans,LIVERPOOL,"4,614 pcs. lumber, 600 staves",,10,Feb,1889,15,June,1889,True,condensed,0.9,"Floridian (s)-New Orleans-4,614 pcs. lumber, 600 staves-Order"
18890615p.575_p002.txt,10,Caspian,Baltimore,LIVERPOOL,"1 car staves-Farnworth & Jardine 879 oak planks, 1 car staves-Order",Farnworth & Jardine,10,Feb,1889,15,June,1889,True,condensed,0.9,"Caspian (s)-Baltimore-1 car staves-Farnworth & Jardine; 879 oak planks, 1 car staves-Order"
18890615p.575_p002.txt,11,Actor,New Orleans,LIVERPOOL,"11,925 staves-Drysdale 306 logs oak, 4 logs ash-Order",Drysdale,10,Feb,1889,15,June,1889,True,condensed,0.9,"Actor (s)-New Orleans-11,925 staves-Drysdale; 306 logs oak, 4 logs ash-Order"
18890615p.575_p002.txt,12,Beechville,Riga,LIVERPOOL,"10,393 sleepers, 10,543 white wood battens, 130 pcs. timber, 11,481 white boards, 3,720 deals, 59 fms. lathwood, 2,000 sleeper boards-A. Dempsey",A. Dempsey,10,Feb,1889,15,June,1889,False,condensed,0.9,"Beechville-Riga-10,393 sleepers, 10,543 white wood battens, 130 pcs. timber, 11,481 white boards, 3,720 deals, 59 fms. lathwood, 2,000 sleeper boards-A. Dempsey"
18890615p.575_p002.txt,13,Rallus,Rotterdam,LIVERPOOL,"2,450 bdls. hoops, 6cs. staves, 30 rolls fir headings",,10,Feb,1889,15,June,1889,True,condensed,0.9,"Rallus (s)-Rotterdam-2,450 bdls. hoops, 6cs. staves, 30 rolls fir headings-Order"
18890615p.575_p002.txt,14,Lake Ontario,Montreal,LIVERPOOL,"7,180 maple blocks-T. Mitchell 108 logs timber, 1,151 boards-Watson & Todd",T. Mitchell,10,Feb,1889,15,June,1889,True,condensed,0.9,"Lake Ontario (s) - Montreal- 7,180 maple blocks-T. Mitchell; 108 logs timber, 1,151 boards-Watson & Todd"
18890615p.575_p002.txt,15,Milford,Gefle,LIVERPOOL,"8,727 deals, 1,063,409 staves",,10,Feb,1889,15,June,1889,True,condensed,0.9,"Milford (s)-Gefle-8,727 deals, 1,063,409 staves-Order"
18890615p.575_p002.txt,16,Niceto,Norfolk,LIVERPOOL,"1,140 pcs. oak, 889 coffin boards, 960 oak strips-E. Alcott 2,660 hhd., 300 brl., and 110 pipe staves-Potts & Redhead; 10 poplar logs, 1,591 wo. planks, 5,000 hhd. staves-Order",E. Alcott,10,Feb,1889,15,June,1889,True,condensed,0.9,"Niceto (s)-Norfolk-1,140 pcs. oak, 889 coffin boards, 960 oak strips-E. Alcott; 2,660 hhd., 300 brl., and 110 pipe staves-Potts & Redhead; 10 poplar logs, 1,591 wo. planks, 5,000 hhd. staves-Order"
18890615p.575_p002.txt,17,Germanic,New York,LIVERPOOL,"1,734 pcs. lumber-Churchill & Sim 44 cs. handles, 1,300 staves-Order",Churchill & Sim,10,Feb,1889,15,June,1889,True,condensed,0.9,"Germanic (s)-New York-1,734 pcs. lumber-Churchill & Sim; 44 cs. handles, 1,300 staves-Order"
18890615p.575_p002.txt,18,Juno,Gothenburg,LIVERPOOL,"36,960 pit props, 20,920 pit poles-Osbeck & Co.",Osbeck & Co.,10,Feb,1889,15,June,1889,True,condensed,0.9,"Juno (s)-Gothenburg-36,960 pit props, 20,920 pit poles-Osbeck & Co."
18890615p.575_p002.txt,19,Arizona,New York,LIVERPOOL,"510 handspikes-Irvin & Sellers 9 cs. spokes-J. Owen & Sons; 73 cs. handles-A. & F. Parkes; 61 oars, 1 box handles, 238 bdls. hoops-Order",Irvin & Sellers,10,Feb,1889,15,June,1889,True,condensed,0.9,"Arizona (s)-New York-510 handspikes-Irvin & Sellers; 9 cs. spokes-J. Owen & Sons; 73 cs. handles-A. & F. Parkes; 61 oars, 1 box handles, 238 bdls. hoops-Order"
18890615p.575_p002.txt,20,City of Rome,New York,LIVERPOOL,"464 bdls. hoops 18 crts. blocks, 1,800 bdls. staves, 513 bdls. headings",,10,Feb,1889,15,June,1889,True,condensed,0.9,"City of Rome (s)-New York-464 bdls. hoops 18 crts. blocks, 1,800 bdls. staves, 513 bdls. headings-Order"
18890615p.575_p002.txt,21,Counsellor,New Orleans,LIVERPOOL,"2,146 staves-Drysdale Bros. 2 pcs. oak timber-Duncan, Ewing, & Co.; 357 pcs. oak-Order",Drysdale Bros.,10,Feb,1889,15,June,1889,True,condensed,0.9,"Counsellor (s)-New Orleans-2,146 staves-Drysdale Bros.; 2 pcs. oak timber-Duncan, Ewing, & Co.; 357 pcs. oak-Order"
18890615p.575_p002.txt,22,Venezuelan,New Orleans,LIVERPOOL,600 staves,,10,Feb,1889,15,June,1889,True,condensed,0.9,Venezuelan (s)-New Orleans-600 staves-Order
18890615p.575_p002.txt,23,Virginian,Boston,LIVERPOOL,"6,600 staves-Hattley Hay 645 bdls. hickory squares-Order",Hattley Hay,11,Feb,1889,15,June,1889,True,condensed,0.9,"11 Virginian (s)-Boston-6,600 staves-Hattley Hay; 645 bdls. hickory squares-Order"
18890615p.575_p002.txt,24,Emilie Kahl,Stettin,LIVERPOOL,694 pcs. red fir timber,,11,Feb,1889,15,June,1889,False,condensed,0.9,Emilie Kahl-Stettin-694 pcs. red fir timber-Order
18890615p.575_p002.txt,25,Kansas,Boston,LIVERPOOL,"12,600 old staves-Hay",Hay,11,Feb,1889,15,June,1889,True,condensed,0.9,"Kansas (s)-Boston-12,600 old staves-Hay"
18890615p.575_p002.txt,26,Vancouver,Montreal,LIVERPOOL,"7,850 pine deals, 5,807 pine boards-Holme, Wainwright, & Co. 15,624 pine deals, 7,359 boards-Cox & Co.","Holme, Wainwright, & Co.",11,Feb,1889,15,June,1889,False,condensed,0.9,"Vancouver-Montreal-7,850 pine deals, 5,807 pine boards-Holme, Wainwright, & Co.; 15,624 pine deals, 7,359 boards-Cox & Co."
18890615p.575_p002.txt,27,Egyptian,Fiume,LIVERPOOL,18 wainscot logs-M. Dutton & Bros. 99 no. oak planks-Order,M. Dutton & Bros.,11,Feb,1889,15,June,1889,True,condensed,0.9,Egyptian (s)-Fiume-18 wainscot logs-M. Dutton & Bros.; 99 no. oak planks-Order
18890615p.575_p002.txt,28,Grethe,Stettin,LIVERPOOL,788 pcs. red fir timber,,11,Feb,1889,15,June,1889,False,condensed,0.9,Grethe-Stettin-788 pcs. red fir timber-Order
18890615p.575_p002.txt,29,Lord Gough,Philadelphia,LIVERPOOL,"1,000 staves-Drysdale Bros.",Drysdale Bros.,11,Feb,1889,15,June,1889,True,condensed,0.9,"Lord Gough (s)-Philadelphia-1,000 staves-Drysdale Bros."
18890615p.575_p002.txt,30,Bernard Hall,New Orleans,LIVERPOOL,"8,100 staves, 1,735 pcs. lumber",,11,Feb,1889,15,June,1889,True,condensed,0.9,"Bernard Hall (s)-New Orleans-8,100 staves, 1,735 pcs. lumber-Order"
18890615p.575_p002.txt,31,Pavonia,Boston,LIVERPOOL,"4,600 staves-Drysdale",Drysdale,12,Feb,1889,15,June,1889,True,condensed,0.9,"12 Pavonia (s)-Boston-4,600 staves-Drysdale"
18890615p.575_p002.txt,32,Carthagenian,Montreal,LIVERPOOL,"4,285 deals",,12,Feb,1889,15,June,1889,True,condensed,0.9,"Carthagenian (s)-Montreal-4,285 deals-Order"
18890615p.575_p002.txt,33,Serra,"St. John, N.B.",LIVERPOOL,"35,698 deals and battens, 5,310 deal ends, 3,555 birch planks, 2,393 scantlings, 2,062 boards-Farnworth & Jardine",Farnworth & Jardine,12,Feb,1889,15,June,1889,True,condensed,0.9,"Serra (s)-St. John, N.B.-35,698 deals and battens, 5,310 deal ends, 3,555 birch planks, 2,393 scantlings, 2,062 boards-Farnworth & Jardine"
18890615p.575_p002.txt,36,Loch Lomond,Montreal,LONDON,"57,966 deals, 11,870 boards, 9,376 ends",,12,Feb,1889,15,June,1889,True,condensed,0.9,"Loch Lomond (s)-Montreal-57,966 deals, 11,870 boards, 9,376 ends-Order"
18890615p.575_p002.txt,37,Skjold,Skutskar,LONDON,"2,110 deals and battens, 160,852 boards",,12,Feb,1889,15,June,1889,True,condensed,0.9,"Skjold (s)-Skutskar-2,110 deals and battens, 160,852 boards-Order"
18890615p.575_p002.txt,38,Deutschland,Danzig,LONDON,"765 pcs. mauerlatten, 148 half",,12,Feb,1889,15,June,1889,False,condensed,0.9,"Deutschland-Danzig-765 pcs. mauerlatten, 148 half-crossings, 56 oak crossings-Order"
18890615p.575_p002.txt,39,Tyr,Norrkoping,LONDON,"6,390 deals-Nicks",Nicks,7,Feb,1889,15,June,1889,True,condensed,0.9,"7 Tyr (s)-Norrkoping-6,390 deals-Nicks"
18890615p.575_p002.txt,40,Courier,Danzig,LONDON,"261 redwood sleepers, 1,344 pcs. redwood, 48 pcs. whitewood, 2,552 oak staves-Churchill & Sim",Churchill & Sim,7,Feb,1889,15,June,1889,False,condensed,0.9,"Courier-Danzig-261 redwood sleepers, 1,344 pcs. redwood, 48 pcs. whitewood, 2,552 oak staves-Churchill & Sim"
18890615p.575_p002.txt,41,Clodian,Kotka,LONDON,196 fms. firewood-With,With,8,Feb,1889,15,June,1889,False,condensed,0.9,8 Clodian-Kotka-196 fms. firewood-With
18890615p.575_p002.txt,42,Lady Clare,Gefle,LONDON,490 stds. deals and battens-T. & H. Green 3 fms. firewood-Order,T. & H. Green,8,Feb,1889,15,June,1889,True,condensed,0.9,Lady Clare (s)-Gefle-490 stds. deals and battens-T. & H. Green; 3 fms. firewood-Order
18890615p.575_p002.txt,43,Marianne,Riga,LONDON,13 fms. firewood,,8,Feb,1889,15,June,1889,True,condensed,0.9,Marianne (s)-Riga-13 fms. firewood-Order
18890615p.575_p002.txt,44,Anna,Oscarshamn,LONDON,115 stds. boards-Northern Maritime Insurance Co.,Northern Maritime Insurance Co.,8,Feb,1889,15,June,1889,False,condensed,0.9,Anna-Oscarshamn-115 stds. boards-Northern Maritime Insurance Co.
18890615p.575_p002.txt,45,Lucy and Paul,Danzig,LONDON,"1,550 deals, 778 scantlings, 21,904 oak staves",,8,Feb,1889,15,June,1889,False,condensed,0.9,"Lucy and Paul-Danzig-1,550 deals, 778 scantlings, 21,904 oak staves-Order"
18890615p.575_p002.txt,46,Eclipse,St. Petersburg,LONDON,"5,855 pcs. lathwood, 593 rickers",,11,Feb,1889,15,June,1889,True,condensed,0.9,"11 Eclipse (s)-St. Petersburg-5,855 pcs. lathwood, 593 rickers-Order"
18890615p.575_p002.txt,47,Ro,Fredrikstad,LONDON,226 fms. firewood,,11,Feb,1889,15,June,1889,False,condensed,0.9,Ro-Fredrikstad-226 fms. firewood-Order
18890615p.575_p002.txt,48,Jepotar,Wyborg,LONDON,235 fms. firewood-With,With,11,Feb,1889,15,June,1889,False,condensed,0.9,Jepotar-Wyborg-235 fms. firewood-With
18890615p.575_p002.txt,49,Lithuania,Memel,LONDON,"156,370 oak staves",,11,Feb,1889,15,June,1889,True,condensed,0.9,"Lithuania (s)-Memel-156,370 oak staves-Order"
18890615p.575_p002.txt,50,Capella,Finland,LONDON,"62 fms. firewood, 115 wood props",,11,Feb,1889,15,June,1889,True,condensed,0.9,"Capella (s)-Finland-62 fms. firewood, 115 wood props-Order"
18890615p.575_p002.txt,51,Gloamin,Nyhamn,LONDON,"32,067 deals and battens",,11,Feb,1889,15,June,1889,True,condensed,0.9,"Gloamin (s)-Nyhamn-32,067 deals and battens-Order"
18890615p.575_p002.txt,52,Ethiopian,Soderhamn,LONDON,327 fms. firewood-Lines Bros.,Lines Bros.,12,Feb,1889,15,June,1889,False,condensed,0.9,12 Ethiopian-Soderhamn-327 fms. firewood-Lines Bros.
18890615p.575_p002.txt,53,Victoria,Iggesund,LONDON,"13,651 doz. flooring boards, 492 doz. deals and battens 10 fms. firewood-J. A. Kinneman",,12,Feb,1889,15,June,1889,True,condensed,0.9,"Victoria (s)-Iggesund-13,651 doz. flooring boards, 492 doz. deals and battens-Order; 10 fms. firewood-J. A. Kinneman"
18890615p.575_p002.txt,56,Avis,Skelleftea,LONDON,"470 stds. deals, 16 fms. firewood",,12,Feb,1889,15,June,1889,True,condensed,0.9,"Avis (s)-Skelleftea-470 stds. deals, 16 fms. firewood-Order"
18890615p.575_p002.txt,58,Assyrian,Montreal,LONDON,"18,654 deals from Quebec-940 boxes splints-Bryant & May; 1,425 deals-Order",,12,Feb,1889,15,June,1889,True,condensed,0.9,"Assyrian (s)-Montreal-18,654 deals-Order; from Quebec-940 boxes splints-Bryant & May; 1,425 deals-Order"
18890615p.575_p002.txt,59,Albano,Gothenburg,LONDON,"36 cs. wood boards-O. Konig & Co. 317 bags brush blocks, 3,668 bdls. case boards-Duus, Brown, & Co.; quantity scantlings, 501 spars, 500 poles-With, Webster, & Co.; 6,000 bdls. box boards, 3,902 pcs. wood, 4,000 bdls. staves-Order",O. Konig & Co.,12,Feb,1889,15,June,1889,True,condensed,0.9,"Albano (s)-Gothenburg-36 cs. wood boards-O. Konig & Co.; 317 bags brush blocks, 3,668 bdls. case boards-Duus, Brown, & Co.; quantity scantlings, 501 spars, 500 poles-With, Webster, & Co.; 6,000 bdls. box boards, 3,902 pcs. wood, 4,000 bdls. staves-Order"
18890615p.575_p002.txt,60,Richmond Hill,New York,LONDON,"207 crts., 6 cs. cooperage, 1,199 pcs. ash, 4,448 bdls. staves, 2,158 hoops, 634 bdls. headings, 5,699 pcs. oak",,8,Feb,1889,15,June,1889,True,condensed,0.9,"8 Richmond Hill (s)-New York-207 crts., 6 cs. cooperage, 1,199 pcs. ash, 4,448 bdls. staves, 2,158 hoops, 634 bdls. headings, 5,699 pcs. oak-Order"
18890615p.575_p002.txt,61,Thorsten,Gothenburg,LONDON,"1,000 doors-Burt, Boulton, & Co. 781 doors, 497 bdls. mouldings-W. R. Crow & Son; 570 doors-Nicks & Penton; 202 bdls. mouldings-Churchill & Sim; 3,000 bdls. laths-Order","Burt, Boulton, & Co.",11,Feb,1889,15,June,1889,True,condensed,0.9,"11 Thorsten (s)-Gothenburg-1,000 doors-Burt, Boulton, & Co.; 781 doors, 497 bdls. mouldings-W. R. Crow & Son; 570 doors-Nicks & Penton; 202 bdls. mouldings-Churchill & Sim; 3,000 bdls. laths-Order"
18890615p.575_p002.txt,62,Onega,St. Petersburg,LONDON,"3,749 pcs. lathwood",,11,Feb,1889,15,June,1889,True,condensed,0.9,"Onega (s)-St. Petersburg-3,749 pcs. lathwood-Order"
18890615p.575_p002.txt,63,Bjorn,Gothenburg,LONDON,"581 doz. battens-W. Ridley & Son 141 doz. boards, 2,000 bdls. blocks-Vigers Bros.; 102 bdls. laths, 1,179 no. battens and boards-W. C. Pantin; 21,696 no. boards-With, Webster, & Co.; 1,028 doz. battens, 3,488 pcs. wood-Order",W. Ridley & Son,11,Feb,1889,15,June,1889,True,condensed,0.9,"Bjorn (s)-Gothenburg-581 doz. battens-W. Ridley & Son; 141 doz. boards, 2,000 bdls. blocks-Vigers Bros.; 102 bdls. laths, 1,179 no. battens and boards-W. C. Pantin; 21,696 no. boards-With, Webster, & Co.; 1,028 doz. battens, 3,488 pcs. wood-Order"
18890615p.575_p002.txt,64,Prins Oscar,Gothenburg,LONDON,"188 no., 2 bdls. doors-H. Smith 42,555 boards-With, Webster, & Co.; 211 doz. battens, 100 bdls. laths, 7,475 bdls. boxboards, 194,067 staves, 120 prs. oars, 20 spars, 3 doz. rickers-Order",H. Smith,11,Feb,1889,15,June,1889,True,condensed,0.9,"Prins Oscar (s)-Gothenburg-188 no., 2 bdls. doors-H. Smith; 42,555 boards-With, Webster, & Co.; 211 doz. battens, 100 bdls. laths, 7,475 bdls. boxboards, 194,067 staves, 120 prs. oars, 20 spars, 3 doz. rickers-Order"
18890615p.575_p002.txt,65,Argo,Christiania,LONDON,"420 bdls. listwood-Doulton, Bournes, & Co. 325 bdls. box boards-J. Terry & Co.; 9,726 boards-Nicks & Penton; 5,076 scantlings-Tagart, Beaton, & Co.; 205 bgs. blocks-J. Keen; 12 cs. mouldings, 6,061 bdls. box boards-Order","Doulton, Bournes, & Co.",12,Feb,1889,15,June,1889,True,condensed,0.9,"12 Argo (s)-Christiania-420 bdls. listwood-Doulton, Bournes, & Co.; 325 bdls. box boards-J. Terry & Co.; 9,726 boards-Nicks & Penton; 5,076 scantlings-Tagart, Beaton, & Co.; 205 bgs. blocks-J. Keen; 12 cs. mouldings, 6,061 bdls. box boards-Order"
18890615p.575_p002.txt,66,Celia,Riga,LONDON,"5,979 pcs. lathwood",,12,Feb,1889,15,June,1889,True,condensed,0.9,"Celia (s)-Riga-5,979 pcs. lathwood-Order"
18890615p.575_p002.txt,68,Maisi Bhan,Melbourne,LONDON DOCKS,"67 pcs. timber-Wade, Wingfield, & Co.","Wade, Wingfield, & Co.",12,Feb,1889,15,June,1889,False,condensed,1.0,"Maisi Bhan-Melbourne-67 pcs. timber-Wade, Wingfield, & Co."
18890615p.575_p002.txt,70,Gerda,Ljusne,LONDON DOCKS,207 fms. firewood-R. Durrell,R. Durrell,12,Feb,1889,15,June,1889,False,condensed,1.0,Gerda-Ljusne-207 fms. firewood-R. Durrell
18890615p.575_p002.txt,71,Coquimbo,Sundswall,LONDON DOCKS,"177 fms. firewood-Tagart, Beaton, & Co.","Tagart, Beaton, & Co.",11,Feb,1889,15,June,1889,False,condensed,1.0,"11 Coquimbo-Sundswall-177 fms. firewood-Tagart, Beaton, & Co."
18890615p.575_p002.txt,72,Mars,Skutskar,LONDON (LONDON DOCKS),227 fms. firewood-Lines,Lines,11,Feb,1889,15,June,1889,False,condensed,0.9,Mars-Skutskar-227 fms. firewood-Lines
18890615p.575_p002.txt,74,Minnesota,Baltimore,TILBURY DOCKS,"1,600 pcs. oak, 765 pcs., 238 bdls. poplar, 134 bdls. lumber-Cobbett & Co. 1,394 pcs. oak-J. Smith & Co.; 1,348 pcs. poplar-Witt & Palmer; 146 pcs. oak-Simson & Mason; 20 logs elm, 10 logs, 5,854 pcs. oak-Churchill & Sim; 3,067 staves-Hattley Hay; 139 pcs. oak, 1,371 pcs., 134 pkgs. oak, 410 pcs. poplar-Order",Cobbett & Co.,11,Feb,1889,15,June,1889,True,condensed,1.0,"Minnesota (s)-Baltimore-1,600 pcs. oak, 765 pcs., 238 bdls. poplar, 134 bdls. lumber-Cobbett & Co.; 1,394 pcs. oak-J. Smith & Co.; 1,348 pcs. poplar-Witt & Palmer; 146 pcs. oak-Simson & Mason; 20 logs elm, 10 logs, 5,854 pcs. oak-Churchill & Sim; 3,067 staves-Hattley Hay; 139 pcs. oak, 1,371 pcs., 134 pkgs. oak, 410 pcs. poplar-Order"
18890615p.575_p002.txt,76,Eastern Star,Ljusne,TILBURY DOCKS,"488 stds. deals, battens, and boards",,11,Feb,1889,15,June,1889,True,condensed,1.0,"Eastern Star (s)-Ljusne-488 stds. deals, battens, and boards-Order"
18890615p.575_p002.txt,77,Chelydra,Montreal,TILBURY DOCKS,"8,207 deals, 4,014 battens",,11,Feb,1889,15,June,1889,True,condensed,1.0,"11 Chelydra (s)-Montreal-8,207 deals, 4,014 battens-Order"
18890615p.575_p002.txt,78,Ulunda,St. John,LONDON (TILBURY DOCKS),"1,436 birch planks, 51 birch ends, 8,418 spruce deals and battens, 3 spruce scantlings, 1,193 spruce ends, 5,527 pcs. birch from Halifax-2,153 cs. splints-Bryant & May",,11,Feb,1889,15,June,1889,True,condensed,0.9,"Ulunda (s)-St. John-1,436 birch planks, 51 birch ends, 8,418 spruce deals and battens, 3 spruce scantlings, 1,193 spruce ends, 5,527 pcs. birch-Order; from Halifax-2,153 cs. splints-Bryant & May"
18890615p.575_p002.txt,79,Milanese,Boston,LONDON (TILBURY DOCKS),"5 cs. pegwood-Clark & Co. 2,400 staves-Drysdale Bros.; 9 cs. handles-Order",Clark & Co.,12,Feb,1889,15,June,1889,True,condensed,0.9,"12 Milanese (s)-Boston-5 cs. pegwood-Clark & Co.; 2,400 staves-Drysdale Bros.; 9 cs. handles-Order"
18890615p.575_p002.txt,81,Lapwig,Bordeaux,LONDON (TILBURY DOCKS),"4,108 bdls. wood hoops",,12,Feb,1889,15,June,1889,True,condensed,0.9,"Lapwig (s)-Bordeaux-4,108 bdls. wood hoops-Order"
18890615p.575_p002.txt,83,Iron Prince,Domsjo,SILVERTOWN,"3,178 boards, 80 logs, 30,768 scantlings and battens, 29,101 deals and battens",,12,Feb,1889,15,June,1889,False,condensed,1.0,"Iron Prince-Domsjo-3,178 boards, 80 logs, 30,768 scantlings and battens, 29,101 deals and battens-Order"
18890615p.575_p002.txt,85,Howards,Riga,SILVERTOWN,"7,136 sleeper blocks, 6,647 sleepers-Burt, Boulton, & Co.","Burt, Boulton, & Co.",12,Feb,1889,15,June,1889,True,condensed,1.0,"Howards (s)-Riga-7,136 sleeper blocks, 6,647 sleepers-Burt, Boulton, & Co."
18890615p.575_p002.txt,87,Kalvin,"St. John, N.B.",NEWPORT,"35,309 deals, ends, and battens-Nicholas & Co.",Nicholas & Co.,12,Feb,1889,15,June,1889,False,condensed,1.0,"Kalvin-St. John, N.B.-35,309 deals, ends, and battens-Nicholas & Co."
18890615p.575_p002.txt,88,Alliance,Pont l'Abbe,NEWPORT,120 lds. pitwood-Newport Pitwood Co.,Newport Pitwood Co.,12,Feb,1889,15,June,1889,False,condensed,1.0,Alliance-Pont l'Abbe-120 lds. pitwood-Newport Pitwood Co.
18890615p.575_p002.txt,89,Thomas Coates,Bordeaux,NEWPORT,"1,000 lds. pitwood-Newport Pitwood Co.",Newport Pitwood Co.,12,Feb,1889,15,June,1889,True,condensed,1.0,"Thomas Coates (s)-Bordeaux-1,000 lds. pitwood-Newport Pitwood Co."
18890615p.575_p002.txt,90,Victor Emmeline,Hennebont,NEWPORT,135 lds. pit props-Budd & Co.,Budd & Co.,12,Feb,1889,15,June,1889,False,condensed,1.0,Victor Emmeline-Hennebont-135 lds. pit props-Budd & Co.
18890615p.575_p002.txt,91,Point de Jour,Quimper,NEWPORT,100 lds. pitwood-Newport Pitwood Co.,Newport Pitwood Co.,12,Feb,1889,15,June,1889,False,condensed,0.9,Point de Jour-Quimper-100 lds. pitwood-Newport Pitwood Co.
18890615p.575_p002.txt,92,Victorine,Pontaven,NEWPORT,100 lds. pit props-Budd,Budd,12,Feb,1889,15,June,1889,False,condensed,0.9,Victorine-Pontaven-100 lds. pit props-Budd
18890615p.575_p002.txt,93,Calma,Lorient,NEWPORT,260 lds. pitwood-J. Vipond,J. Vipond,12,Feb,1889,15,June,1889,False,condensed,0.9,Calma-Lorient-260 lds. pitwood-J. Vipond
18890615p.575_p002.txt,94,Luvo,Abo,NEWPORT,20 lds. firewood-E. Marshall,E. Marshall,12,Feb,1889,15,June,1889,False,condensed,0.9,Luvo-Abo-20 lds. firewood-E. Marshall
18890615p.575_p002.txt,96,Berthel,Memel,POOLE,"6,560 deals and battens, 775 pcs. lathwood-Poole, Baltic, and Quebec Timber Co., Limited","Poole, Baltic, and Quebec Timber Co., Limited",12,Feb,1889,15,June,1889,False,condensed,1.0,"Berthel-Memel-6,560 deals and battens, 775 pcs. lathwood-Poole, Baltic, and Quebec Timber Co., Limited"
18890615p.575_p002.txt,97,Minna,Memel,POOLE,"226 pcs. sawn fir, 2,418 fir deals, 801 pcs. lathwood-Sydenham & Co.",Sydenham & Co.,12,Feb,1889,15,June,1889,False,condensed,1.0,"Minna-Memel-226 pcs. sawn fir, 2,418 fir deals, 801 pcs. lathwood-Sydenham & Co."
18890615p.575_p002.txt,98,Joseph Romijn,Danzig,POOLE,"5,216 deals",,12,Feb,1889,15,June,1889,False,condensed,1.0,"Joseph Romijn-Danzig-5,216 deals-Order"
18890615p.575_p002.txt,99,August Julius,Danzig,POOLE,"5,016 deals-L. A. Vandenbergh",L. A. Vandenbergh,12,Feb,1889,15,June,1889,False,condensed,1.0,"August Julius-Danzig-5,016 deals-L. A. Vandenbergh"
18890615p.575_p002.txt,100,Frieda Grampp,Danzig,POOLE,"4,616 fir deals, 221 fir sleepers-Churchill & Sim 476 pcs. oak-Gabriel & Sons",Churchill & Sim,8,Feb,1889,15,June,1889,False,condensed,0.9,"8 Frieda Grampp-Danzig-4,616 fir deals, 221 fir sleepers-Churchill & Sim; 476 pcs. oak-Gabriel & Sons"
18890615p.575_p002.txt,101,Salamandern,Gothenburg,POOLE,"13,473 fir battens-L. A. Vandenbergh",L. A. Vandenbergh,8,Feb,1889,15,June,1889,False,condensed,0.9,"Salamandern-Gothenburg-13,473 fir battens-L. A. Vandenbergh"
18890615p.575_p002.txt,103,Stjernen,Drammen,POOLE,"14,124 floorings, 112 spars-William Crundall",William Crundall,8,Feb,1889,15,June,1889,False,condensed,0.9,"Stjernen-Drammen-14,124 floorings, 112 spars-William Crundall"
18890615p.575_p002.txt,105,County of Durham,Abo,POOLE,"48,043 pcs. sawn fir-C. Besent & Son",C. Besent & Son,8,Feb,1889,15,June,1889,False,condensed,0.9,"County of Durham-Abo-48,043 pcs. sawn fir-C. Besent & Son"
18890615p.575_p002.txt,107,Oceana,Abo,POOLE,"23,650 fir battens Baves",,8,Feb,1889,15,June,1889,False,condensed,0.9,"Oceana-Abo-23,650 fir battens Baves"
18890615p.575_p002.txt,109,Julia Wiener,Skönvik,POOLE,"27,183 pcs. sawn fir-Elliott, Sons, & Co.","Elliott, Sons, & Co.",8,Feb,1889,15,June,1889,False,condensed,0.9,"Julia Wiener-Skönvik-27,183 pcs. sawn fir-Elliott, Sons, & Co."
18890615p.575_p002.txt,110,Impi,Abo,POOLE,772 pcs. sawn fir-J. Bovill & Co.,J. Bovill & Co.,8,Feb,1889,15,June,1889,False,condensed,0.9,Impi-Abo-772 pcs. sawn fir-J. Bovill & Co.
18890615p.575_p002.txt,111,Sir Bevis,Soderhamn,POOLE,"29,442 pcs. sawn fir-Driver & Co.",Driver & Co.,8,Feb,1889,15,June,1889,False,condensed,0.9,"8 Sir Bevis-Soderhamn-29,442 pcs. sawn fir-Driver & Co."
18890615p.575_p002.txt,113,Ann,Hamburg,POOLE,"25,925 beech chocks, 204 fir planks-E. Wiener & Co.",E. Wiener & Co.,8,Feb,1889,15,June,1889,False,condensed,0.9,"Ann-Hamburg-25,925 beech chocks, 204 fir planks-E. Wiener & Co."
18890615p.575_p002.txt,114,Albatross,Risoer,POOLE,"5,286 deals and battens, 6,976 pit props-Rayner & Moller",Rayner & Moller,5,Feb,1889,15,June,1889,False,condensed,0.9,"5 Albatross-Risoer-5,286 deals and battens, 6,976 pit props-Rayner & Moller"
18890615p.575_p002.txt,115,Jarl,Drammen,POOLE,"18,820 pit props-Moller",Moller,5,Feb,1889,15,June,1889,False,condensed,0.9,"Jarl-Drammen-18,820 pit props-Moller"
18890615p.575_p002.txt,116,Chevy Chase,Fredrikshald,POOLE,"24,750 props-Mitshel, Pedersen, & Co.","Mitshel, Pedersen, & Co.",5,Feb,1889,15,June,1889,True,condensed,0.9,"Chevy Chase (s)-Fredrikshald-24,750 props-Mitshel, Pedersen, & Co."
18890615p.575_p002.txt,117,Lanchester,Gothenburg,POOLE,"17,292 pit props-T. J. Reay",T. J. Reay,6,Feb,1889,15,June,1889,False,condensed,0.9,"6 Lanchester-Gothenburg-17,292 pit props-T. J. Reay"
18890615p.575_p002.txt,118,Randers,Ahus,POOLE,"12,794 fir splits-T. J. Reay 1,125 props-Mitshel & Co.",T. J. Reay,6,Feb,1889,15,June,1889,False,condensed,0.9,"Randers-Ahus-12,794 fir splits-T. J. Reay; 1,125 props-Mitshel & Co."
18890615p.575_p002.txt,119,Thomas,Altona,POOLE,"16,700 beech chocks-E. Wiener & Co.",E. Wiener & Co.,7,Feb,1889,15,June,1889,False,condensed,0.9,"7 Thomas-Altona-16,700 beech chocks-E. Wiener & Co."
18890615p.575_p002.txt,120,Lord Nelson,Westerwik,POOLE,"7,559 long hewn poles-Rayner & Moller",Rayner & Moller,7,Feb,1889,15,June,1889,False,condensed,0.9,"Lord Nelson-Westerwik-7,559 long hewn poles-Rayner & Moller"
18890615p.575_p002.txt,122,Jules Marie,Audierne,POOLE,130 lds. pit props-Dynevor Co.,Dynevor Co.,7,Feb,1889,15,June,1889,False,condensed,0.9,Jules Marie-Audierne-130 lds. pit props-Dynevor Co.
18890615p.575_p002.txt,123,Anne,Rochefort,POOLE,126 lds. pitwood J. Jones,,7,Feb,1889,15,June,1889,False,condensed,0.9,Anne-Rochefort-126 lds. pitwood J. Jones
18890615p.575_p002.txt,124,Fanny,Arcachon,POOLE,125 lds. pitwood-Simkin,Simkin,7,Feb,1889,15,June,1889,False,condensed,0.9,Fanny-Arcachon-125 lds. pitwood-Simkin
18890615p.575_p002.txt,125,Pilote,Hennebont,POOLE,160 lds. pitwood-Livingston & Co.,Livingston & Co.,6,Feb,1889,15,June,1889,False,condensed,0.9,6 Pilote-Hennebont-160 lds. pitwood-Livingston & Co.
18890615p.575_p002.txt,126,Avenir,Pont l'Abbe,POOLE,120 lds. pitwood-Jones,Jones,8,Feb,1889,15,June,1889,False,condensed,0.9,8 Avenir-Pont l'Abbe-120 lds. pitwood-Jones
18890615p.575_p002.txt,127,Jean,Roche Bernard,POOLE,120 lds. pitwood-J. Jones & Co.,J. Jones & Co.,8,Feb,1889,15,June,1889,False,condensed,0.9,St. Jean-Roche Bernard-120 lds. pitwood-J. Jones & Co.
18890615p.575_p002.txt,129,Viking,Gothenburg,TYNE,"120 lds. battens, 250 lds. pit props, 20 lds. mining timber, 50 lds. sleepers, 5 lds. splits",,8,Feb,1889,15,June,1889,False,condensed,1.0,"Viking-Gothenburg-120 lds. battens, 250 lds. pit props, 20 lds. mining timber, 50 lds. sleepers, 5 lds. splits-Order"
18890615p.575_p002.txt,130,Dido,Skien,TYNE,"1,003 doz. props-Thos. Atkinson",Thos. Atkinson,6,Feb,1889,15,June,1889,False,condensed,1.0,"6 Dido-Skien-1,003 doz. props-Thos. Atkinson"
18890615p.575_p002.txt,131,Hildar,Kalmar,TYNE,"6,201 props",,6,Feb,1889,15,June,1889,False,condensed,1.0,"Hildar-Kalmar-6,201 props-Order"
18890615p.575_p002.txt,132,Copernicus,Aastad,TYNE,"10,073 crowntrees-Gaardstrand 3,455 props, 895 pcs. square timber-Order",Gaardstrand,6,Feb,1889,15,June,1889,False,condensed,1.0,"Copernicus-Aastad-10,073 crowntrees-Gaardstrand; 3,455 props, 895 pcs. square timber-Order"
18890615p.575_p002.txt,133,Johanne,Memel,TYNE,"full cargo deals, 21 lds. firewood, and battens",,6,Feb,1889,15,June,1889,False,condensed,0.9,"Johanne-Memel-full cargo deals, 21 lds. firewood, and battens-Order"
18890615p.575_p002.txt,134,Voga,Fredrikshald,TYNE,"full cargo of props Pyman, Bell, & Co.",,6,Feb,1889,15,June,1889,False,condensed,0.9,"Voga-Fredrikshald-full cargo of props Pyman, Bell, & Co."
18890615p.575_p002.txt,135,Caroline,Riga,TYNE,"4,949 white deals and ends",,6,Feb,1889,15,June,1889,False,condensed,0.9,"Caroline-Riga-4,949 white deals and ends-Order"
18890615p.575_p002.txt,136,Anna Olga,Riga,TYNE,"2,407 battens-Wardle",Wardle,6,Feb,1889,15,June,1889,False,condensed,0.9,"Anna Olga-Riga-2,407 battens-Wardle"
18890615p.575_p002.txt,137,Ydun,Laurvig,TYNE,"2,631 props, 5,188 battens",,6,Feb,1889,15,June,1889,False,condensed,0.9,"Ydun-Laurvig-2,631 props, 5,188 battens-Skeldervik-Monsteras-9,665 long props-Wm. Southern & Sons (Blyth)"
18890615p.575_p002.txt,138,Axel,Monsteras,TYNE,full and complete cargo of props-Hall Bros. (Blyth),Hall Bros. (Blyth),7,Feb,1889,15,June,1889,False,condensed,0.9,7 Axel-Monsteras-full and complete cargo of props-Hall Bros. (Blyth)
18890615p.575_p002.txt,139,Hanna,Oscarshamn,TYNE,"12,783 pit props-Pyman",Pyman,7,Feb,1889,15,June,1889,False,condensed,0.9,"Hanna-Oscarshamn-12,783 pit props-Pyman"
18890615p.575_p002.txt,140,Octa,Gothenburg,TYNE,"14,884 pit props, 2,041 battens",,11,Feb,1889,15,June,1889,False,condensed,0.9,"11 Octa-Gothenburg-14,884 pit props, 2,041 battens-Order"
18890615p.575_p002.txt,141,Grenadier,Rotterdam,TYNE,"2,700 b lls. hoops",,11,Feb,1889,15,June,1889,True,condensed,0.9,"Grenadier (s)-Rotterdam-2,700 b lls. hoops-Order"
18890615p.575_p002.txt,142,Neptun,Halmstad,TYNE,"77,026 pit props",,11,Feb,1889,15,June,1889,False,condensed,0.9,"Neptun-Halmstad-77,026 pit props-Order"
18890615p.575_p002.txt,144,Cumbrian,Sundswall,TYNE,"8,496 pcs. hewn fir, 30,212 fir boards, 127 lds. firewood-J. & W. Jackson",J. & W. Jackson,11,Feb,1889,15,June,1889,False,condensed,0.9,"Cumbrian-Sundswall-8,496 pcs. hewn fir, 30,212 fir boards, 127 lds. firewood-J. & W. Jackson"
18890615p.575_p002.txt,146,Brighton,Soderhamn,TYNE,"81,625 deals, battens, and boards-English Bros.",English Bros.,11,Feb,1889,15,June,1889,False,condensed,0.9,"Brighton-Soderhamn-81,625 deals, battens, and boards-English Bros."
18890615p.575_p002.txt,148,Loch Leven,Narva,TYNE,"31,570 deals, battens, and boards-Jewson & Sons",Jewson & Sons,11,Feb,1889,15,June,1889,True,condensed,0.9,"Loch Leven (s)-Narva-31,570 deals, battens, and boards-Jewson & Sons"
18890615p.575_p002.txt,149,Roskva,Fredrikstad,TYNE,"20,218 flooring boards, 21 lds. firewood, 91 lds. sawn fir-Wright",Wright,5,Feb,1889,15,June,1889,False,condensed,0.9,"5 Roskva-Fredrikstad-20,218 flooring boards, 21 lds. firewood, 91 lds. sawn fir-Wright"
18890615p.575_p002.txt,150,Ivanhoe,Bjorneborg,TYNE,"15,864 deals, battens, and boards-James Paul & Son",James Paul & Son,5,Feb,1889,15,June,1889,True,condensed,0.9,"Ivanhoe (s)-Bjorneborg-15,864 deals, battens, and boards-James Paul & Son"
18890615p.575_p002.txt,153,Black Head,Riga,TYNE,"1,004 fir sleepers, 247 pcs. hewn fir-G. Heyn & Sons",G. Heyn & Sons,5,Feb,1889,15,June,1889,False,condensed,0.9,"Black Head-Riga-1,004 fir sleepers, 247 pcs. hewn fir-G. Heyn & Sons"
18890615p.575_p002.txt,155,Galatea,San Francisco,CORK,8 lds. sawn fir-Joseph Woodward,Joseph Woodward,5,Feb,1889,15,June,1889,False,condensed,0.9,Galatea-San Francisco-8 lds. sawn fir-Joseph Woodward
18890615p.575_p002.txt,157,Eva Lynch,"St. John, N.B.",CORK,"16,369 deals and battens-Pattrick, Jennings & Co.","Pattrick, Jennings & Co.",5,Feb,1889,15,June,1889,False,condensed,0.9,"Eva Lynch-St. John, N.B.-16,369 deals and battens-Pattrick, Jennings & Co."
18890615p.575_p002.txt,159,Oliver,"St. John, N.B.",CORK,"18,141 deals-J. F. Graves & Co.",J. F. Graves & Co.,5,Feb,1889,15,June,1889,False,condensed,0.9,"Oliver-St. John, N.B.-18,141 deals-J. F. Graves & Co."
